departure_date,origin,destination,is_open_today
2025-12-19,AEROPORT ROISSY CDG 2 TGV,AGDE,0
2025-12-19,AEROPORT ROISSY CDG 2 TGV,AIX EN PROVENCE TGV,0
2025-12-19,AEROPORT ROISSY CDG 2 TGV,ARRAS,0
2025-12-19,AEROPORT ROISSY CDG 2 TGV,AVIGNON TGV,0
2025-12-19,AEROPORT ROISSY CDG 2 TGV,BEZIERS,0
2025-12-19,AEROPORT ROISSY CDG 2 TGV,BRUXELLES MIDI,1
2025-12-19,AEROPORT ROISSY CDG 2 TGV,DOUAI,0
2025-12-19,AEROPORT ROISSY CDG 2 TGV,LILLE (intramuros),1
2025-12-19,AEROPORT ROISSY CDG 2 TGV,LYON (intramuros),0
2025-12-19,AEROPORT ROISSY CDG 2 TGV,MARNE LA VALLEE CHESSY,0
2025-12-19,AEROPORT ROISSY CDG 2 TGV,MARSEILLE ST CHARLES,0
2025-12-19,AEROPORT ROISSY CDG 2 TGV,MONTPELLIER SAINT ROCH,0
2025-12-19,AEROPORT ROISSY CDG 2 TGV,MONTPELLIER SUD DE FRANCE,0
2025-12-19,AEROPORT ROISSY CDG 2 TGV,NARBONNE,0
2025-12-19,AEROPORT ROISSY CDG 2 TGV,NIMES CENTRE,0
2025-12-19,AEROPORT ROISSY CDG 2 TGV,NIMES PONT DU GARD,0
2025-12-19,AEROPORT ROISSY CDG 2 TGV,PERPIGNAN,0
2025-12-19,AEROPORT ROISSY CDG 2 TGV,SETE,0
2025-12-19,AEROPORT ROISSY CDG 2 TGV,TGV HAUTE PICARDIE,0
2025-12-19,AEROPORT ROISSY CDG 2 TGV,VALENCE TGV AUVERGNE RHONE ALPES,0
2025-12-19,AGDE,BEZIERS,0
2025-12-19,AGDE,NARBONNE,0
2025-12-19,AGDE,PERPIGNAN,0
2025-12-19,AIX EN PROVENCE TGV,AEROPORT ROISSY CDG 2 TGV,1
2025-12-19,AIX EN PROVENCE TGV,AVIGNON TGV,1
2025-12-19,AIX EN PROVENCE TGV,BRUXELLES MIDI,0
2025-12-19,AIX EN PROVENCE TGV,LILLE (intramuros),1
2025-12-19,AIX EN PROVENCE TGV,LYON (intramuros),1
2025-12-19,AIX EN PROVENCE TGV,MARNE LA VALLEE CHESSY,1
2025-12-19,AIX EN PROVENCE TGV,MARSEILLE ST CHARLES,1
2025-12-19,ARRAS,AEROPORT ROISSY CDG 2 TGV,0
2025-12-19,ARRAS,AIX EN PROVENCE TGV,0
2025-12-19,ARRAS,AVIGNON TGV,0
2025-12-19,ARRAS,BRUXELLES MIDI,0
2025-12-19,ARRAS,DOUAI,1
2025-12-19,ARRAS,LILLE (intramuros),1
2025-12-19,ARRAS,LYON (intramuros),0
2025-12-19,ARRAS,MARNE LA VALLEE CHESSY,0
2025-12-19,ARRAS,MARSEILLE ST CHARLES,0
2025-12-19,ARRAS,TGV HAUTE PICARDIE,1
2025-12-19,AVIGNON TGV,AEROPORT ROISSY CDG 2 TGV,1
2025-12-19,AVIGNON TGV,AIX EN PROVENCE TGV,1
2025-12-19,AVIGNON TGV,BRUXELLES MIDI,0
2025-12-19,AVIGNON TGV,LILLE (intramuros),1
2025-12-19,AVIGNON TGV,LYON (intramuros),1
2025-12-19,AVIGNON TGV,MARNE LA VALLEE CHESSY,1
2025-12-19,AVIGNON TGV,MARSEILLE ST CHARLES,1
2025-12-19,BEZIERS,NARBONNE,0
2025-12-19,BEZIERS,PERPIGNAN,0
2025-12-19,BRUXELLES MIDI,AEROPORT ROISSY CDG 2 TGV,0
2025-12-19,BRUXELLES MIDI,AGDE,0
2025-12-19,BRUXELLES MIDI,AIX EN PROVENCE TGV,0
2025-12-19,BRUXELLES MIDI,AVIGNON TGV,0
2025-12-19,BRUXELLES MIDI,BEZIERS,0
2025-12-19,BRUXELLES MIDI,LILLE (intramuros),0
2025-12-19,BRUXELLES MIDI,LYON (intramuros),0
2025-12-19,BRUXELLES MIDI,MARNE LA VALLEE CHESSY,0
2025-12-19,BRUXELLES MIDI,MARSEILLE ST CHARLES,0
2025-12-19,BRUXELLES MIDI,MONTPELLIER SAINT ROCH,0
2025-12-19,BRUXELLES MIDI,MONTPELLIER SUD DE FRANCE,0
2025-12-19,BRUXELLES MIDI,NARBONNE,0
2025-12-19,BRUXELLES MIDI,NIMES CENTRE,0
2025-12-19,BRUXELLES MIDI,NIMES PONT DU GARD,0
2025-12-19,BRUXELLES MIDI,PERPIGNAN,0
2025-12-19,BRUXELLES MIDI,SETE,0
2025-12-19,BRUXELLES MIDI,TGV HAUTE PICARDIE,0
2025-12-19,BRUXELLES MIDI,VALENCE TGV AUVERGNE RHONE ALPES,0
2025-12-19,DOUAI,LILLE (intramuros),1
2025-12-19,LE CREUSOT MONTCEAU MONTCHANIN,AEROPORT ROISSY CDG 2 TGV,0
2025-12-19,LE CREUSOT MONTCEAU MONTCHANIN,BRUXELLES MIDI,0
2025-12-19,LE CREUSOT MONTCEAU MONTCHANIN,LILLE (intramuros),0
2025-12-19,LE CREUSOT MONTCEAU MONTCHANIN,MARNE LA VALLEE CHESSY,0
2025-12-19,LILLE (intramuros),AEROPORT ROISSY CDG 2 TGV,1
2025-12-19,LILLE (intramuros),AGDE,0
2025-12-19,LILLE (intramuros),AIX EN PROVENCE TGV,0
2025-12-19,LILLE (intramuros),ARRAS,1
2025-12-19,LILLE (intramuros),AVIGNON TGV,0
2025-12-19,LILLE (intramuros),BEZIERS,0
2025-12-19,LILLE (intramuros),BRUXELLES MIDI,1
2025-12-19,LILLE (intramuros),LYON (intramuros),0
2025-12-19,LILLE (intramuros),MARNE LA VALLEE CHESSY,1
2025-12-19,LILLE (intramuros),MARSEILLE ST CHARLES,0
2025-12-19,LILLE (intramuros),MONTPELLIER SAINT ROCH,0
2025-12-19,LILLE (intramuros),MONTPELLIER SUD DE FRANCE,0
2025-12-19,LILLE (intramuros),NARBONNE,0
2025-12-19,LILLE (intramuros),NIMES CENTRE,0
2025-12-19,LILLE (intramuros),NIMES PONT DU GARD,0
2025-12-19,LILLE (intramuros),PERPIGNAN,0
2025-12-19,LILLE (intramuros),SETE,0
2025-12-19,LILLE (intramuros),TGV HAUTE PICARDIE,1
2025-12-19,LILLE (intramuros),VALENCE TGV AUVERGNE RHONE ALPES,0
2025-12-19,LYON (intramuros),AEROPORT ROISSY CDG 2 TGV,0
2025-12-19,LYON (intramuros),AGDE,0
2025-12-19,LYON (intramuros),AIX EN PROVENCE TGV,0
2025-12-19,LYON (intramuros),ARRAS,0
2025-12-19,LYON (intramuros),AVIGNON TGV,0
2025-12-19,LYON (intramuros),BEZIERS,0
2025-12-19,LYON (intramuros),BRUXELLES MIDI,0
2025-12-19,LYON (intramuros),DOUAI,0
2025-12-19,LYON (intramuros),LE CREUSOT MONTCEAU MONTCHANIN,1
2025-12-19,LYON (intramuros),LILLE (intramuros),0
2025-12-19,LYON (intramuros),LYON (intramuros),1
2025-12-19,LYON (intramuros),MARNE LA VALLEE CHESSY,0
2025-12-19,LYON (intramuros),MARSEILLE ST CHARLES,0
2025-12-19,LYON (intramuros),MONTPELLIER SAINT ROCH,0
2025-12-19,LYON (intramuros),MONTPELLIER SUD DE FRANCE,0
2025-12-19,LYON (intramuros),NARBONNE,0
2025-12-19,LYON (intramuros),NIMES CENTRE,0
2025-12-19,LYON (intramuros),NIMES PONT DU GARD,0
2025-12-19,LYON (intramuros),PERPIGNAN,0
2025-12-19,LYON (intramuros),SETE,0
2025-12-19,LYON (intramuros),TGV HAUTE PICARDIE,0
2025-12-19,LYON (intramuros),VALENCE TGV AUVERGNE RHONE ALPES,0
2025-12-19,MARNE LA VALLEE CHESSY,AEROPORT ROISSY CDG 2 TGV,0
2025-12-19,MARNE LA VALLEE CHESSY,AGDE,0
2025-12-19,MARNE LA VALLEE CHESSY,AIX EN PROVENCE TGV,0
2025-12-19,MARNE LA VALLEE CHESSY,ARRAS,0
2025-12-19,MARNE LA VALLEE CHESSY,AVIGNON TGV,0
2025-12-19,MARNE LA VALLEE CHESSY,BEZIERS,0
2025-12-19,MARNE LA VALLEE CHESSY,BRUXELLES MIDI,1
2025-12-19,MARNE LA VALLEE CHESSY,DOUAI,0
2025-12-19,MARNE LA VALLEE CHESSY,LILLE (intramuros),1
2025-12-19,MARNE LA VALLEE CHESSY,LYON (intramuros),0
2025-12-19,MARNE LA VALLEE CHESSY,MARSEILLE ST CHARLES,0
2025-12-19,MARNE LA VALLEE CHESSY,MONTPELLIER SAINT ROCH,0
2025-12-19,MARNE LA VALLEE CHESSY,MONTPELLIER SUD DE FRANCE,0
2025-12-19,MARNE LA VALLEE CHESSY,NARBONNE,0
2025-12-19,MARNE LA VALLEE CHESSY,NIMES CENTRE,0
2025-12-19,MARNE LA VALLEE CHESSY,NIMES PONT DU GARD,0
2025-12-19,MARNE LA VALLEE CHESSY,PERPIGNAN,0
2025-12-19,MARNE LA VALLEE CHESSY,SETE,0
2025-12-19,MARNE LA VALLEE CHESSY,TGV HAUTE PICARDIE,0
2025-12-19,MARNE LA VALLEE CHESSY,VALENCE TGV AUVERGNE RHONE ALPES,0
2025-12-19,MARSEILLE ST CHARLES,AEROPORT ROISSY CDG 2 TGV,1
2025-12-19,MARSEILLE ST CHARLES,AIX EN PROVENCE TGV,1
2025-12-19,MARSEILLE ST CHARLES,AVIGNON TGV,1
2025-12-19,MARSEILLE ST CHARLES,BRUXELLES MIDI,0
2025-12-19,MARSEILLE ST CHARLES,LILLE (intramuros),1
2025-12-19,MARSEILLE ST CHARLES,LYON (intramuros),1
2025-12-19,MARSEILLE ST CHARLES,MARNE LA VALLEE CHESSY,1
2025-12-19,MONTPELLIER SAINT ROCH,AEROPORT ROISSY CDG 2 TGV,0
2025-12-19,MONTPELLIER SAINT ROCH,AGDE,0
2025-12-19,MONTPELLIER SAINT ROCH,BEZIERS,0
2025-12-19,MONTPELLIER SAINT ROCH,BRUXELLES MIDI,0
2025-12-19,MONTPELLIER SAINT ROCH,LILLE (intramuros),0
2025-12-19,MONTPELLIER SAINT ROCH,LYON (intramuros),0
2025-12-19,MONTPELLIER SAINT ROCH,MARNE LA VALLEE CHESSY,0
2025-12-19,MONTPELLIER SAINT ROCH,NARBONNE,0
2025-12-19,MONTPELLIER SAINT ROCH,NIMES CENTRE,1
2025-12-19,MONTPELLIER SAINT ROCH,PERPIGNAN,0
2025-12-19,MONTPELLIER SAINT ROCH,SETE,0
2025-12-19,MONTPELLIER SAINT ROCH,VALENCE TGV AUVERGNE RHONE ALPES,0
2025-12-19,MONTPELLIER SUD DE FRANCE,AEROPORT ROISSY CDG 2 TGV,0
2025-12-19,MONTPELLIER SUD DE FRANCE,ARRAS,0
2025-12-19,MONTPELLIER SUD DE FRANCE,BRUXELLES MIDI,0
2025-12-19,MONTPELLIER SUD DE FRANCE,LILLE (intramuros),0
2025-12-19,MONTPELLIER SUD DE FRANCE,LYON (intramuros),1
2025-12-19,MONTPELLIER SUD DE FRANCE,MARNE LA VALLEE CHESSY,0
2025-12-19,MONTPELLIER SUD DE FRANCE,NIMES PONT DU GARD,1
2025-12-19,MONTPELLIER SUD DE FRANCE,TGV HAUTE PICARDIE,0
2025-12-19,MONTPELLIER SUD DE FRANCE,VALENCE TGV AUVERGNE RHONE ALPES,1
2025-12-19,NARBONNE,PERPIGNAN,0
2025-12-19,NIMES CENTRE,AEROPORT ROISSY CDG 2 TGV,0
2025-12-19,NIMES CENTRE,AGDE,0
2025-12-19,NIMES CENTRE,BEZIERS,0
2025-12-19,NIMES CENTRE,BRUXELLES MIDI,0
2025-12-19,NIMES CENTRE,LILLE (intramuros),0
2025-12-19,NIMES CENTRE,LYON (intramuros),0
2025-12-19,NIMES CENTRE,MARNE LA VALLEE CHESSY,0
2025-12-19,NIMES CENTRE,MONTPELLIER SAINT ROCH,1
2025-12-19,NIMES CENTRE,NARBONNE,0
2025-12-19,NIMES CENTRE,PERPIGNAN,0
2025-12-19,NIMES CENTRE,SETE,0
2025-12-19,NIMES CENTRE,VALENCE TGV AUVERGNE RHONE ALPES,0
2025-12-19,NIMES PONT DU GARD,AEROPORT ROISSY CDG 2 TGV,0
2025-12-19,NIMES PONT DU GARD,ARRAS,0
2025-12-19,NIMES PONT DU GARD,BRUXELLES MIDI,0
2025-12-19,NIMES PONT DU GARD,LILLE (intramuros),0
2025-12-19,NIMES PONT DU GARD,LYON (intramuros),1
2025-12-19,NIMES PONT DU GARD,MARNE LA VALLEE CHESSY,0
2025-12-19,NIMES PONT DU GARD,MONTPELLIER SUD DE FRANCE,1
2025-12-19,NIMES PONT DU GARD,TGV HAUTE PICARDIE,0
2025-12-19,NIMES PONT DU GARD,VALENCE TGV AUVERGNE RHONE ALPES,1
2025-12-19,PARIS (intramuros),AIX EN PROVENCE TGV,0
2025-12-19,PARIS (intramuros),AVIGNON TGV,0
2025-12-19,PARIS (intramuros),MARSEILLE ST CHARLES,0
2025-12-19,SETE,AGDE,0
2025-12-19,SETE,BEZIERS,0
2025-12-19,SETE,NARBONNE,0
2025-12-19,SETE,PERPIGNAN,0
2025-12-19,TGV HAUTE PICARDIE,AEROPORT ROISSY CDG 2 TGV,0
2025-12-19,TGV HAUTE PICARDIE,AIX EN PROVENCE TGV,0
2025-12-19,TGV HAUTE PICARDIE,ARRAS,1
2025-12-19,TGV HAUTE PICARDIE,AVIGNON TGV,0
2025-12-19,TGV HAUTE PICARDIE,BRUXELLES MIDI,0
2025-12-19,TGV HAUTE PICARDIE,DOUAI,1
2025-12-19,TGV HAUTE PICARDIE,LILLE (intramuros),1
2025-12-19,TGV HAUTE PICARDIE,LYON (intramuros),0
2025-12-19,TGV HAUTE PICARDIE,MARNE LA VALLEE CHESSY,0
2025-12-19,TGV HAUTE PICARDIE,MARSEILLE ST CHARLES,0
2025-12-19,TGV HAUTE PICARDIE,VALENCE TGV AUVERGNE RHONE ALPES,0
2025-12-19,VALENCE TGV AUVERGNE RHONE ALPES,AEROPORT ROISSY CDG 2 TGV,0
2025-12-19,VALENCE TGV AUVERGNE RHONE ALPES,AGDE,0
2025-12-19,VALENCE TGV AUVERGNE RHONE ALPES,AIX EN PROVENCE TGV,0
2025-12-19,VALENCE TGV AUVERGNE RHONE ALPES,ARRAS,0
2025-12-19,VALENCE TGV AUVERGNE RHONE ALPES,AVIGNON TGV,0
2025-12-19,VALENCE TGV AUVERGNE RHONE ALPES,BEZIERS,0
2025-12-19,VALENCE TGV AUVERGNE RHONE ALPES,BRUXELLES MIDI,0
2025-12-19,VALENCE TGV AUVERGNE RHONE ALPES,LILLE (intramuros),0
2025-12-19,VALENCE TGV AUVERGNE RHONE ALPES,LYON (intramuros),1
2025-12-19,VALENCE TGV AUVERGNE RHONE ALPES,MARNE LA VALLEE CHESSY,0
2025-12-19,VALENCE TGV AUVERGNE RHONE ALPES,MARSEILLE ST CHARLES,0
2025-12-19,VALENCE TGV AUVERGNE RHONE ALPES,MONTPELLIER SAINT ROCH,0
2025-12-19,VALENCE TGV AUVERGNE RHONE ALPES,MONTPELLIER SUD DE FRANCE,0
2025-12-19,VALENCE TGV AUVERGNE RHONE ALPES,NARBONNE,0
2025-12-19,VALENCE TGV AUVERGNE RHONE ALPES,NIMES CENTRE,0
2025-12-19,VALENCE TGV AUVERGNE RHONE ALPES,NIMES PONT DU GARD,0
2025-12-19,VALENCE TGV AUVERGNE RHONE ALPES,PERPIGNAN,0
2025-12-19,VALENCE TGV AUVERGNE RHONE ALPES,SETE,0
2025-12-19,VALENCE TGV AUVERGNE RHONE ALPES,TGV HAUTE PICARDIE,0
2025-12-20,AEROPORT ROISSY CDG 2 TGV,AGDE,0
2025-12-20,AEROPORT ROISSY CDG 2 TGV,AIME LA PLAGNE,0
2025-12-20,AEROPORT ROISSY CDG 2 TGV,AIX EN PROVENCE TGV,0
2025-12-20,AEROPORT ROISSY CDG 2 TGV,ALBERTVILLE,0
2025-12-20,AEROPORT ROISSY CDG 2 TGV,ARRAS,1
2025-12-20,AEROPORT ROISSY CDG 2 TGV,AVIGNON TGV,0
2025-12-20,AEROPORT ROISSY CDG 2 TGV,BEZIERS,0
2025-12-20,AEROPORT ROISSY CDG 2 TGV,BOURG SAINT MAURICE,0
2025-12-20,AEROPORT ROISSY CDG 2 TGV,BRUXELLES MIDI,1
2025-12-20,AEROPORT ROISSY CDG 2 TGV,CHAMBERY CHALLES LES EAUX,0
2025-12-20,AEROPORT ROISSY CDG 2 TGV,DOUAI,1
2025-12-20,AEROPORT ROISSY CDG 2 TGV,LANDRY,0
2025-12-20,AEROPORT ROISSY CDG 2 TGV,LILLE (intramuros),1
2025-12-20,AEROPORT ROISSY CDG 2 TGV,LYON (intramuros),0
2025-12-20,AEROPORT ROISSY CDG 2 TGV,MARNE LA VALLEE CHESSY,0
2025-12-20,AEROPORT ROISSY CDG 2 TGV,MARSEILLE ST CHARLES,0
2025-12-20,AEROPORT ROISSY CDG 2 TGV,MONTPELLIER SAINT ROCH,0
2025-12-20,AEROPORT ROISSY CDG 2 TGV,MONTPELLIER SUD DE FRANCE,0
2025-12-20,AEROPORT ROISSY CDG 2 TGV,MOUTIERS SALINS BRIDES LES BAINS,0
2025-12-20,AEROPORT ROISSY CDG 2 TGV,NARBONNE,0
2025-12-20,AEROPORT ROISSY CDG 2 TGV,NIMES CENTRE,0
2025-12-20,AEROPORT ROISSY CDG 2 TGV,NIMES PONT DU GARD,0
2025-12-20,AEROPORT ROISSY CDG 2 TGV,PERPIGNAN,0
2025-12-20,AEROPORT ROISSY CDG 2 TGV,SETE,0
2025-12-20,AEROPORT ROISSY CDG 2 TGV,TGV HAUTE PICARDIE,1
2025-12-20,AEROPORT ROISSY CDG 2 TGV,VALENCE TGV AUVERGNE RHONE ALPES,0
2025-12-20,AGDE,AEROPORT ROISSY CDG 2 TGV,0
2025-12-20,AGDE,ARRAS,0
2025-12-20,AGDE,BEZIERS,0
2025-12-20,AGDE,BRUXELLES MIDI,0
2025-12-20,AGDE,LILLE (intramuros),0
2025-12-20,AGDE,LYON (intramuros),0
2025-12-20,AGDE,MARNE LA VALLEE CHESSY,0
2025-12-20,AGDE,MONTPELLIER SAINT ROCH,0
2025-12-20,AGDE,NARBONNE,0
2025-12-20,AGDE,NIMES CENTRE,0
2025-12-20,AGDE,PERPIGNAN,0
2025-12-20,AGDE,SETE,0
2025-12-20,AGDE,TGV HAUTE PICARDIE,0
2025-12-20,AGDE,VALENCE TGV AUVERGNE RHONE ALPES,0
2025-12-20,AIME LA PLAGNE,AEROPORT ROISSY CDG 2 TGV,0
2025-12-20,AIME LA PLAGNE,ALBERTVILLE,1
2025-12-20,AIME LA PLAGNE,ARRAS,0
2025-12-20,AIME LA PLAGNE,BOURG SAINT MAURICE,0
2025-12-20,AIME LA PLAGNE,CHAMBERY CHALLES LES EAUX,1
2025-12-20,AIME LA PLAGNE,DOUAI,0
2025-12-20,AIME LA PLAGNE,LANDRY,0
2025-12-20,AIME LA PLAGNE,LILLE (intramuros),0
2025-12-20,AIME LA PLAGNE,MARNE LA VALLEE CHESSY,0
2025-12-20,AIME LA PLAGNE,MOUTIERS SALINS BRIDES LES BAINS,1
2025-12-20,AIME LA PLAGNE,TGV HAUTE PICARDIE,0
2025-12-20,AIX EN PROVENCE TGV,AEROPORT ROISSY CDG 2 TGV,0
2025-12-20,AIX EN PROVENCE TGV,AVIGNON TGV,1
2025-12-20,AIX EN PROVENCE TGV,BRUXELLES MIDI,0
2025-12-20,AIX EN PROVENCE TGV,LILLE (intramuros),0
2025-12-20,AIX EN PROVENCE TGV,LYON (intramuros),1
2025-12-20,AIX EN PROVENCE TGV,MARNE LA VALLEE CHESSY,0
2025-12-20,AIX EN PROVENCE TGV,MARSEILLE ST CHARLES,1
2025-12-20,ALBERTVILLE,AEROPORT ROISSY CDG 2 TGV,0
2025-12-20,ALBERTVILLE,AIME LA PLAGNE,0
2025-12-20,ALBERTVILLE,ARRAS,0
2025-12-20,ALBERTVILLE,BOURG SAINT MAURICE,0
2025-12-20,ALBERTVILLE,CHAMBERY CHALLES LES EAUX,1
2025-12-20,ALBERTVILLE,DOUAI,0
2025-12-20,ALBERTVILLE,LANDRY,0
2025-12-20,ALBERTVILLE,LILLE (intramuros),0
2025-12-20,ALBERTVILLE,MARNE LA VALLEE CHESSY,0
2025-12-20,ALBERTVILLE,MOUTIERS SALINS BRIDES LES BAINS,0
2025-12-20,ALBERTVILLE,TGV HAUTE PICARDIE,0
2025-12-20,ARRAS,AEROPORT ROISSY CDG 2 TGV,0
2025-12-20,ARRAS,AIME LA PLAGNE,0
2025-12-20,ARRAS,ALBERTVILLE,0
2025-12-20,ARRAS,BOURG SAINT MAURICE,0
2025-12-20,ARRAS,BRUXELLES MIDI,0
2025-12-20,ARRAS,CHAMBERY CHALLES LES EAUX,0
2025-12-20,ARRAS,DOUAI,1
2025-12-20,ARRAS,LANDRY,0
2025-12-20,ARRAS,LILLE (intramuros),1
2025-12-20,ARRAS,MARNE LA VALLEE CHESSY,0
2025-12-20,ARRAS,MOUTIERS SALINS BRIDES LES BAINS,0
2025-12-20,ARRAS,TGV HAUTE PICARDIE,0
2025-12-20,AVIGNON TGV,AEROPORT ROISSY CDG 2 TGV,0
2025-12-20,AVIGNON TGV,AIX EN PROVENCE TGV,1
2025-12-20,AVIGNON TGV,BRUXELLES MIDI,0
2025-12-20,AVIGNON TGV,LILLE (intramuros),0
2025-12-20,AVIGNON TGV,LYON (intramuros),1
2025-12-20,AVIGNON TGV,MARNE LA VALLEE CHESSY,0
2025-12-20,AVIGNON TGV,MARSEILLE ST CHARLES,1
2025-12-20,BEZIERS,AEROPORT ROISSY CDG 2 TGV,0
2025-12-20,BEZIERS,AGDE,0
2025-12-20,BEZIERS,ARRAS,0
2025-12-20,BEZIERS,BRUXELLES MIDI,0
2025-12-20,BEZIERS,LILLE (intramuros),0
2025-12-20,BEZIERS,LYON (intramuros),0
2025-12-20,BEZIERS,MARNE LA VALLEE CHESSY,0
2025-12-20,BEZIERS,MONTPELLIER SAINT ROCH,0
2025-12-20,BEZIERS,NARBONNE,0
2025-12-20,BEZIERS,NIMES CENTRE,0
2025-12-20,BEZIERS,PERPIGNAN,0
2025-12-20,BEZIERS,SETE,0
2025-12-20,BEZIERS,TGV HAUTE PICARDIE,0
2025-12-20,BEZIERS,VALENCE TGV AUVERGNE RHONE ALPES,0
2025-12-20,BOURG SAINT MAURICE,AEROPORT ROISSY CDG 2 TGV,0
2025-12-20,BOURG SAINT MAURICE,AIME LA PLAGNE,1
2025-12-20,BOURG SAINT MAURICE,ALBERTVILLE,1
2025-12-20,BOURG SAINT MAURICE,ARRAS,0
2025-12-20,BOURG SAINT MAURICE,CHAMBERY CHALLES LES EAUX,1
2025-12-20,BOURG SAINT MAURICE,DOUAI,0
2025-12-20,BOURG SAINT MAURICE,LANDRY,1
2025-12-20,BOURG SAINT MAURICE,LILLE (intramuros),0
2025-12-20,BOURG SAINT MAURICE,MARNE LA VALLEE CHESSY,0
2025-12-20,BOURG SAINT MAURICE,MOUTIERS SALINS BRIDES LES BAINS,1
2025-12-20,BOURG SAINT MAURICE,TGV HAUTE PICARDIE,0
2025-12-20,BRUXELLES MIDI,AEROPORT ROISSY CDG 2 TGV,0
2025-12-20,BRUXELLES MIDI,AGDE,0
2025-12-20,BRUXELLES MIDI,AIX EN PROVENCE TGV,0
2025-12-20,BRUXELLES MIDI,AVIGNON TGV,0
2025-12-20,BRUXELLES MIDI,BEZIERS,0
2025-12-20,BRUXELLES MIDI,LILLE (intramuros),1
2025-12-20,BRUXELLES MIDI,LYON (intramuros),0
2025-12-20,BRUXELLES MIDI,MARNE LA VALLEE CHESSY,0
2025-12-20,BRUXELLES MIDI,MARSEILLE ST CHARLES,0
2025-12-20,BRUXELLES MIDI,MONTPELLIER SAINT ROCH,0
2025-12-20,BRUXELLES MIDI,MONTPELLIER SUD DE FRANCE,0
2025-12-20,BRUXELLES MIDI,NARBONNE,0
2025-12-20,BRUXELLES MIDI,NIMES CENTRE,0
2025-12-20,BRUXELLES MIDI,NIMES PONT DU GARD,0
2025-12-20,BRUXELLES MIDI,PERPIGNAN,0
2025-12-20,BRUXELLES MIDI,SETE,0
2025-12-20,BRUXELLES MIDI,TGV HAUTE PICARDIE,0
2025-12-20,BRUXELLES MIDI,VALENCE TGV AUVERGNE RHONE ALPES,0
2025-12-20,CHAMBERY CHALLES LES EAUX,AEROPORT ROISSY CDG 2 TGV,0
2025-12-20,CHAMBERY CHALLES LES EAUX,AIME LA PLAGNE,0
2025-12-20,CHAMBERY CHALLES LES EAUX,ALBERTVILLE,0
2025-12-20,CHAMBERY CHALLES LES EAUX,ARRAS,0
2025-12-20,CHAMBERY CHALLES LES EAUX,BOURG SAINT MAURICE,0
2025-12-20,CHAMBERY CHALLES LES EAUX,DOUAI,0
2025-12-20,CHAMBERY CHALLES LES EAUX,LANDRY,0
2025-12-20,CHAMBERY CHALLES LES EAUX,LILLE (intramuros),0
2025-12-20,CHAMBERY CHALLES LES EAUX,MARNE LA VALLEE CHESSY,0
2025-12-20,CHAMBERY CHALLES LES EAUX,MOUTIERS SALINS BRIDES LES BAINS,0
2025-12-20,CHAMBERY CHALLES LES EAUX,TGV HAUTE PICARDIE,0
2025-12-20,DOUAI,AEROPORT ROISSY CDG 2 TGV,0
2025-12-20,DOUAI,AIME LA PLAGNE,0
2025-12-20,DOUAI,ALBERTVILLE,0
2025-12-20,DOUAI,ARRAS,0
2025-12-20,DOUAI,BOURG SAINT MAURICE,0
2025-12-20,DOUAI,CHAMBERY CHALLES LES EAUX,0
2025-12-20,DOUAI,LANDRY,0
2025-12-20,DOUAI,LILLE (intramuros),1
2025-12-20,DOUAI,MARNE LA VALLEE CHESSY,0
2025-12-20,DOUAI,MOUTIERS SALINS BRIDES LES BAINS,0
2025-12-20,DOUAI,TGV HAUTE PICARDIE,0
2025-12-20,LANDRY,AEROPORT ROISSY CDG 2 TGV,0
2025-12-20,LANDRY,AIME LA PLAGNE,1
2025-12-20,LANDRY,ALBERTVILLE,1
2025-12-20,LANDRY,ARRAS,0
2025-12-20,LANDRY,BOURG SAINT MAURICE,0
2025-12-20,LANDRY,CHAMBERY CHALLES LES EAUX,1
2025-12-20,LANDRY,DOUAI,0
2025-12-20,LANDRY,LILLE (intramuros),0
2025-12-20,LANDRY,MARNE LA VALLEE CHESSY,0
2025-12-20,LANDRY,MOUTIERS SALINS BRIDES LES BAINS,1
2025-12-20,LANDRY,TGV HAUTE PICARDIE,0
2025-12-20,LE CREUSOT MONTCEAU MONTCHANIN,AEROPORT ROISSY CDG 2 TGV,0
2025-12-20,LE CREUSOT MONTCEAU MONTCHANIN,BRUXELLES MIDI,0
2025-12-20,LE CREUSOT MONTCEAU MONTCHANIN,LILLE (intramuros),0
2025-12-20,LE CREUSOT MONTCEAU MONTCHANIN,MARNE LA VALLEE CHESSY,0
2025-12-20,LILLE (intramuros),AEROPORT ROISSY CDG 2 TGV,0
2025-12-20,LILLE (intramuros),AGDE,0
2025-12-20,LILLE (intramuros),AIME LA PLAGNE,0
2025-12-20,LILLE (intramuros),AIX EN PROVENCE TGV,0
2025-12-20,LILLE (intramuros),ALBERTVILLE,0
2025-12-20,LILLE (intramuros),ARRAS,0
2025-12-20,LILLE (intramuros),AVIGNON TGV,0
2025-12-20,LILLE (intramuros),BEZIERS,0
2025-12-20,LILLE (intramuros),BOURG SAINT MAURICE,0
2025-12-20,LILLE (intramuros),BRUXELLES MIDI,1
2025-12-20,LILLE (intramuros),CHAMBERY CHALLES LES EAUX,0
2025-12-20,LILLE (intramuros),DOUAI,0
2025-12-20,LILLE (intramuros),LANDRY,0
2025-12-20,LILLE (intramuros),LYON (intramuros),0
2025-12-20,LILLE (intramuros),MARNE LA VALLEE CHESSY,0
2025-12-20,LILLE (intramuros),MARSEILLE ST CHARLES,0
2025-12-20,LILLE (intramuros),MONTPELLIER SAINT ROCH,0
2025-12-20,LILLE (intramuros),MONTPELLIER SUD DE FRANCE,0
2025-12-20,LILLE (intramuros),MOUTIERS SALINS BRIDES LES BAINS,0
2025-12-20,LILLE (intramuros),NARBONNE,0
2025-12-20,LILLE (intramuros),NIMES CENTRE,0
2025-12-20,LILLE (intramuros),NIMES PONT DU GARD,0
2025-12-20,LILLE (intramuros),PERPIGNAN,0
2025-12-20,LILLE (intramuros),SETE,0
2025-12-20,LILLE (intramuros),TGV HAUTE PICARDIE,0
2025-12-20,LILLE (intramuros),VALENCE TGV AUVERGNE RHONE ALPES,0
2025-12-20,LYON (intramuros),AEROPORT ROISSY CDG 2 TGV,1
2025-12-20,LYON (intramuros),AGDE,0
2025-12-20,LYON (intramuros),AIX EN PROVENCE TGV,0
2025-12-20,LYON (intramuros),ARRAS,0
2025-12-20,LYON (intramuros),AVIGNON TGV,0
2025-12-20,LYON (intramuros),BEZIERS,0
2025-12-20,LYON (intramuros),BRUXELLES MIDI,1
2025-12-20,LYON (intramuros),LE CREUSOT MONTCEAU MONTCHANIN,1
2025-12-20,LYON (intramuros),LILLE (intramuros),1
2025-12-20,LYON (intramuros),LYON (intramuros),1
2025-12-20,LYON (intramuros),MARNE LA VALLEE CHESSY,1
2025-12-20,LYON (intramuros),MARSEILLE ST CHARLES,0
2025-12-20,LYON (intramuros),MONTPELLIER SAINT ROCH,0
2025-12-20,LYON (intramuros),MONTPELLIER SUD DE FRANCE,0
2025-12-20,LYON (intramuros),NARBONNE,0
2025-12-20,LYON (intramuros),NIMES CENTRE,0
2025-12-20,LYON (intramuros),NIMES PONT DU GARD,0
2025-12-20,LYON (intramuros),PERPIGNAN,0
2025-12-20,LYON (intramuros),SETE,0
2025-12-20,LYON (intramuros),TGV HAUTE PICARDIE,0
2025-12-20,LYON (intramuros),VALENCE TGV AUVERGNE RHONE ALPES,0
2025-12-20,MARNE LA VALLEE CHESSY,AEROPORT ROISSY CDG 2 TGV,1
2025-12-20,MARNE LA VALLEE CHESSY,AGDE,0
2025-12-20,MARNE LA VALLEE CHESSY,AIME LA PLAGNE,0
2025-12-20,MARNE LA VALLEE CHESSY,AIX EN PROVENCE TGV,0
2025-12-20,MARNE LA VALLEE CHESSY,ALBERTVILLE,0
2025-12-20,MARNE LA VALLEE CHESSY,ARRAS,1
2025-12-20,MARNE LA VALLEE CHESSY,AVIGNON TGV,0
2025-12-20,MARNE LA VALLEE CHESSY,BEZIERS,0
2025-12-20,MARNE LA VALLEE CHESSY,BOURG SAINT MAURICE,0
2025-12-20,MARNE LA VALLEE CHESSY,BRUXELLES MIDI,1
2025-12-20,MARNE LA VALLEE CHESSY,CHAMBERY CHALLES LES EAUX,0
2025-12-20,MARNE LA VALLEE CHESSY,DOUAI,1
2025-12-20,MARNE LA VALLEE CHESSY,LANDRY,0
2025-12-20,MARNE LA VALLEE CHESSY,LILLE (intramuros),1
2025-12-20,MARNE LA VALLEE CHESSY,LYON (intramuros),0
2025-12-20,MARNE LA VALLEE CHESSY,MARSEILLE ST CHARLES,0
2025-12-20,MARNE LA VALLEE CHESSY,MONTPELLIER SAINT ROCH,0
2025-12-20,MARNE LA VALLEE CHESSY,MONTPELLIER SUD DE FRANCE,0
2025-12-20,MARNE LA VALLEE CHESSY,MOUTIERS SALINS BRIDES LES BAINS,0
2025-12-20,MARNE LA VALLEE CHESSY,NARBONNE,0
2025-12-20,MARNE LA VALLEE CHESSY,NIMES CENTRE,0
2025-12-20,MARNE LA VALLEE CHESSY,NIMES PONT DU GARD,0
2025-12-20,MARNE LA VALLEE CHESSY,PERPIGNAN,0
2025-12-20,MARNE LA VALLEE CHESSY,SETE,0
2025-12-20,MARNE LA VALLEE CHESSY,TGV HAUTE PICARDIE,1
2025-12-20,MARNE LA VALLEE CHESSY,VALENCE TGV AUVERGNE RHONE ALPES,0
2025-12-20,MARSEILLE ST CHARLES,AEROPORT ROISSY CDG 2 TGV,0
2025-12-20,MARSEILLE ST CHARLES,AIX EN PROVENCE TGV,1
2025-12-20,MARSEILLE ST CHARLES,AVIGNON TGV,1
2025-12-20,MARSEILLE ST CHARLES,BRUXELLES MIDI,0
2025-12-20,MARSEILLE ST CHARLES,LILLE (intramuros),0
2025-12-20,MARSEILLE ST CHARLES,LYON (intramuros),1
2025-12-20,MARSEILLE ST CHARLES,MARNE LA VALLEE CHESSY,0
2025-12-20,MONTPELLIER SAINT ROCH,AEROPORT ROISSY CDG 2 TGV,0
2025-12-20,MONTPELLIER SAINT ROCH,AGDE,0
2025-12-20,MONTPELLIER SAINT ROCH,ARRAS,0
2025-12-20,MONTPELLIER SAINT ROCH,BEZIERS,0
2025-12-20,MONTPELLIER SAINT ROCH,BRUXELLES MIDI,0
2025-12-20,MONTPELLIER SAINT ROCH,LILLE (intramuros),0
2025-12-20,MONTPELLIER SAINT ROCH,LYON (intramuros),0
2025-12-20,MONTPELLIER SAINT ROCH,MARNE LA VALLEE CHESSY,0
2025-12-20,MONTPELLIER SAINT ROCH,NARBONNE,0
2025-12-20,MONTPELLIER SAINT ROCH,NIMES CENTRE,1
2025-12-20,MONTPELLIER SAINT ROCH,PERPIGNAN,0
2025-12-20,MONTPELLIER SAINT ROCH,SETE,0
2025-12-20,MONTPELLIER SAINT ROCH,TGV HAUTE PICARDIE,0
2025-12-20,MONTPELLIER SAINT ROCH,VALENCE TGV AUVERGNE RHONE ALPES,0
2025-12-20,MONTPELLIER SUD DE FRANCE,AEROPORT ROISSY CDG 2 TGV,0
2025-12-20,MONTPELLIER SUD DE FRANCE,LILLE (intramuros),0
2025-12-20,MONTPELLIER SUD DE FRANCE,LYON (intramuros),0
2025-12-20,MONTPELLIER SUD DE FRANCE,MARNE LA VALLEE CHESSY,0
2025-12-20,MONTPELLIER SUD DE FRANCE,NIMES PONT DU GARD,1
2025-12-20,MONTPELLIER SUD DE FRANCE,VALENCE TGV AUVERGNE RHONE ALPES,0
2025-12-20,MOUTIERS SALINS BRIDES LES BAINS,AEROPORT ROISSY CDG 2 TGV,0
2025-12-20,MOUTIERS SALINS BRIDES LES BAINS,AIME LA PLAGNE,0
2025-12-20,MOUTIERS SALINS BRIDES LES BAINS,ALBERTVILLE,1
2025-12-20,MOUTIERS SALINS BRIDES LES BAINS,ARRAS,0
2025-12-20,MOUTIERS SALINS BRIDES LES BAINS,BOURG SAINT MAURICE,0
2025-12-20,MOUTIERS SALINS BRIDES LES BAINS,CHAMBERY CHALLES LES EAUX,1
2025-12-20,MOUTIERS SALINS BRIDES LES BAINS,DOUAI,0
2025-12-20,MOUTIERS SALINS BRIDES LES BAINS,LANDRY,0
2025-12-20,MOUTIERS SALINS BRIDES LES BAINS,LILLE (intramuros),0
2025-12-20,MOUTIERS SALINS BRIDES LES BAINS,MARNE LA VALLEE CHESSY,0
2025-12-20,MOUTIERS SALINS BRIDES LES BAINS,TGV HAUTE PICARDIE,0
2025-12-20,NARBONNE,AEROPORT ROISSY CDG 2 TGV,0
2025-12-20,NARBONNE,AGDE,0
2025-12-20,NARBONNE,ARRAS,0
2025-12-20,NARBONNE,BEZIERS,0
2025-12-20,NARBONNE,BRUXELLES MIDI,0
2025-12-20,NARBONNE,LILLE (intramuros),0
2025-12-20,NARBONNE,LYON (intramuros),0
2025-12-20,NARBONNE,MARNE LA VALLEE CHESSY,0
2025-12-20,NARBONNE,MONTPELLIER SAINT ROCH,0
2025-12-20,NARBONNE,NIMES CENTRE,0
2025-12-20,NARBONNE,PERPIGNAN,0
2025-12-20,NARBONNE,SETE,0
2025-12-20,NARBONNE,TGV HAUTE PICARDIE,0
2025-12-20,NARBONNE,VALENCE TGV AUVERGNE RHONE ALPES,0
2025-12-20,NIMES CENTRE,AEROPORT ROISSY CDG 2 TGV,0
2025-12-20,NIMES CENTRE,AGDE,0
2025-12-20,NIMES CENTRE,ARRAS,0
2025-12-20,NIMES CENTRE,BEZIERS,0
2025-12-20,NIMES CENTRE,BRUXELLES MIDI,0
2025-12-20,NIMES CENTRE,LILLE (intramuros),0
2025-12-20,NIMES CENTRE,LYON (intramuros),0
2025-12-20,NIMES CENTRE,MARNE LA VALLEE CHESSY,0
2025-12-20,NIMES CENTRE,MONTPELLIER SAINT ROCH,1
2025-12-20,NIMES CENTRE,NARBONNE,0
2025-12-20,NIMES CENTRE,PERPIGNAN,0
2025-12-20,NIMES CENTRE,SETE,0
2025-12-20,NIMES CENTRE,TGV HAUTE PICARDIE,0
2025-12-20,NIMES CENTRE,VALENCE TGV AUVERGNE RHONE ALPES,0
2025-12-20,NIMES PONT DU GARD,AEROPORT ROISSY CDG 2 TGV,0
2025-12-20,NIMES PONT DU GARD,LILLE (intramuros),0
2025-12-20,NIMES PONT DU GARD,LYON (intramuros),0
2025-12-20,NIMES PONT DU GARD,MARNE LA VALLEE CHESSY,0
2025-12-20,NIMES PONT DU GARD,MONTPELLIER SUD DE FRANCE,1
2025-12-20,NIMES PONT DU GARD,VALENCE TGV AUVERGNE RHONE ALPES,0
2025-12-20,PARIS (intramuros),AIX EN PROVENCE TGV,0
2025-12-20,PARIS (intramuros),AVIGNON TGV,0
2025-12-20,PARIS (intramuros),MARSEILLE ST CHARLES,0
2025-12-20,PERPIGNAN,AEROPORT ROISSY CDG 2 TGV,0
2025-12-20,PERPIGNAN,AGDE,0
2025-12-20,PERPIGNAN,ARRAS,0
2025-12-20,PERPIGNAN,BEZIERS,0
2025-12-20,PERPIGNAN,BRUXELLES MIDI,0
2025-12-20,PERPIGNAN,LILLE (intramuros),0
2025-12-20,PERPIGNAN,LYON (intramuros),0
2025-12-20,PERPIGNAN,MARNE LA VALLEE CHESSY,0
2025-12-20,PERPIGNAN,MONTPELLIER SAINT ROCH,0
2025-12-20,PERPIGNAN,NARBONNE,0
2025-12-20,PERPIGNAN,NIMES CENTRE,0
2025-12-20,PERPIGNAN,SETE,0
2025-12-20,PERPIGNAN,TGV HAUTE PICARDIE,0
2025-12-20,PERPIGNAN,VALENCE TGV AUVERGNE RHONE ALPES,0
2025-12-20,SETE,AEROPORT ROISSY CDG 2 TGV,0
2025-12-20,SETE,AGDE,0
2025-12-20,SETE,ARRAS,0
2025-12-20,SETE,BEZIERS,0
2025-12-20,SETE,BRUXELLES MIDI,0
2025-12-20,SETE,LILLE (intramuros),0
2025-12-20,SETE,LYON (intramuros),0
2025-12-20,SETE,MARNE LA VALLEE CHESSY,0
2025-12-20,SETE,MONTPELLIER SAINT ROCH,0
2025-12-20,SETE,NARBONNE,0
2025-12-20,SETE,NIMES CENTRE,0
2025-12-20,SETE,PERPIGNAN,0
2025-12-20,SETE,TGV HAUTE PICARDIE,0
2025-12-20,SETE,VALENCE TGV AUVERGNE RHONE ALPES,0
2025-12-20,TGV HAUTE PICARDIE,AEROPORT ROISSY CDG 2 TGV,0
2025-12-20,TGV HAUTE PICARDIE,AIME LA PLAGNE,0
2025-12-20,TGV HAUTE PICARDIE,ALBERTVILLE,0
2025-12-20,TGV HAUTE PICARDIE,ARRAS,1
2025-12-20,TGV HAUTE PICARDIE,AVIGNON TGV,0
2025-12-20,TGV HAUTE PICARDIE,BOURG SAINT MAURICE,0
2025-12-20,TGV HAUTE PICARDIE,BRUXELLES MIDI,0
2025-12-20,TGV HAUTE PICARDIE,CHAMBERY CHALLES LES EAUX,0
2025-12-20,TGV HAUTE PICARDIE,DOUAI,1
2025-12-20,TGV HAUTE PICARDIE,LANDRY,0
2025-12-20,TGV HAUTE PICARDIE,LILLE (intramuros),1
2025-12-20,TGV HAUTE PICARDIE,LYON (intramuros),0
2025-12-20,TGV HAUTE PICARDIE,MARNE LA VALLEE CHESSY,0
2025-12-20,TGV HAUTE PICARDIE,MARSEILLE ST CHARLES,0
2025-12-20,TGV HAUTE PICARDIE,MOUTIERS SALINS BRIDES LES BAINS,0
2025-12-20,TGV HAUTE PICARDIE,VALENCE TGV AUVERGNE RHONE ALPES,0
2025-12-20,VALENCE TGV AUVERGNE RHONE ALPES,AEROPORT ROISSY CDG 2 TGV,0
2025-12-20,VALENCE TGV AUVERGNE RHONE ALPES,AGDE,0
2025-12-20,VALENCE TGV AUVERGNE RHONE ALPES,AIX EN PROVENCE TGV,0
2025-12-20,VALENCE TGV AUVERGNE RHONE ALPES,ARRAS,0
2025-12-20,VALENCE TGV AUVERGNE RHONE ALPES,AVIGNON TGV,0
2025-12-20,VALENCE TGV AUVERGNE RHONE ALPES,BEZIERS,0
2025-12-20,VALENCE TGV AUVERGNE RHONE ALPES,BRUXELLES MIDI,0
2025-12-20,VALENCE TGV AUVERGNE RHONE ALPES,LILLE (intramuros),0
2025-12-20,VALENCE TGV AUVERGNE RHONE ALPES,LYON (intramuros),0
2025-12-20,VALENCE TGV AUVERGNE RHONE ALPES,MARNE LA VALLEE CHESSY,0
2025-12-20,VALENCE TGV AUVERGNE RHONE ALPES,MARSEILLE ST CHARLES,0
2025-12-20,VALENCE TGV AUVERGNE RHONE ALPES,MONTPELLIER SAINT ROCH,0
2025-12-20,VALENCE TGV AUVERGNE RHONE ALPES,MONTPELLIER SUD DE FRANCE,0
2025-12-20,VALENCE TGV AUVERGNE RHONE ALPES,NARBONNE,0
2025-12-20,VALENCE TGV AUVERGNE RHONE ALPES,NIMES CENTRE,0
2025-12-20,VALENCE TGV AUVERGNE RHONE ALPES,NIMES PONT DU GARD,0
2025-12-20,VALENCE TGV AUVERGNE RHONE ALPES,PERPIGNAN,0
2025-12-20,VALENCE TGV AUVERGNE RHONE ALPES,SETE,0
2025-12-20,VALENCE TGV AUVERGNE RHONE ALPES,TGV HAUTE PICARDIE,0
2025-12-21,AEROPORT ROISSY CDG 2 TGV,AIX EN PROVENCE TGV,0
2025-12-21,AEROPORT ROISSY CDG 2 TGV,ARRAS,0
2025-12-21,AEROPORT ROISSY CDG 2 TGV,AVIGNON TGV,0
2025-12-21,AEROPORT ROISSY CDG 2 TGV,BRUXELLES MIDI,1
2025-12-21,AEROPORT ROISSY CDG 2 TGV,DOUAI,0
2025-12-21,AEROPORT ROISSY CDG 2 TGV,LILLE (intramuros),1
2025-12-21,AEROPORT ROISSY CDG 2 TGV,LYON (intramuros),0
2025-12-21,AEROPORT ROISSY CDG 2 TGV,MARNE LA VALLEE CHESSY,1
2025-12-21,AEROPORT ROISSY CDG 2 TGV,MARSEILLE ST CHARLES,0
2025-12-21,AEROPORT ROISSY CDG 2 TGV,MONTPELLIER SAINT ROCH,0
2025-12-21,AEROPORT ROISSY CDG 2 TGV,MONTPELLIER SUD DE FRANCE,0
2025-12-21,AEROPORT ROISSY CDG 2 TGV,NIMES CENTRE,0
2025-12-21,AEROPORT ROISSY CDG 2 TGV,NIMES PONT DU GARD,0
2025-12-21,AEROPORT ROISSY CDG 2 TGV,TGV HAUTE PICARDIE,0
2025-12-21,AEROPORT ROISSY CDG 2 TGV,VALENCE TGV AUVERGNE RHONE ALPES,0
2025-12-21,AGDE,AEROPORT ROISSY CDG 2 TGV,0
2025-12-21,AGDE,ARRAS,0
2025-12-21,AGDE,BRUXELLES MIDI,0
2025-12-21,AGDE,LILLE (intramuros),0
2025-12-21,AGDE,LYON (intramuros),0
2025-12-21,AGDE,MARNE LA VALLEE CHESSY,0
2025-12-21,AGDE,MONTPELLIER SAINT ROCH,0
2025-12-21,AGDE,NIMES CENTRE,0
2025-12-21,AGDE,SETE,0
2025-12-21,AGDE,TGV HAUTE PICARDIE,0
2025-12-21,AGDE,VALENCE TGV AUVERGNE RHONE ALPES,0
2025-12-21,AIX EN PROVENCE TGV,AEROPORT ROISSY CDG 2 TGV,0
2025-12-21,AIX EN PROVENCE TGV,AVIGNON TGV,1
2025-12-21,AIX EN PROVENCE TGV,BRUXELLES MIDI,0
2025-12-21,AIX EN PROVENCE TGV,LILLE (intramuros),0
2025-12-21,AIX EN PROVENCE TGV,LYON (intramuros),1
2025-12-21,AIX EN PROVENCE TGV,MARNE LA VALLEE CHESSY,0
2025-12-21,AIX EN PROVENCE TGV,MARSEILLE ST CHARLES,1
2025-12-21,ARRAS,AEROPORT ROISSY CDG 2 TGV,0
2025-12-21,ARRAS,AIX EN PROVENCE TGV,0
2025-12-21,ARRAS,AVIGNON TGV,0
2025-12-21,ARRAS,BRUXELLES MIDI,0
2025-12-21,ARRAS,DOUAI,1
2025-12-21,ARRAS,LILLE (intramuros),1
2025-12-21,ARRAS,LYON (intramuros),0
2025-12-21,ARRAS,MARNE LA VALLEE CHESSY,0
2025-12-21,ARRAS,MARSEILLE ST CHARLES,0
2025-12-21,ARRAS,TGV HAUTE PICARDIE,1
2025-12-21,AVIGNON TGV,AEROPORT ROISSY CDG 2 TGV,0
2025-12-21,AVIGNON TGV,AIX EN PROVENCE TGV,1
2025-12-21,AVIGNON TGV,BRUXELLES MIDI,0
2025-12-21,AVIGNON TGV,LILLE (intramuros),0
2025-12-21,AVIGNON TGV,LYON (intramuros),1
2025-12-21,AVIGNON TGV,MARNE LA VALLEE CHESSY,0
2025-12-21,AVIGNON TGV,MARSEILLE ST CHARLES,1
2025-12-21,BEZIERS,AEROPORT ROISSY CDG 2 TGV,0
2025-12-21,BEZIERS,AGDE,0
2025-12-21,BEZIERS,ARRAS,0
2025-12-21,BEZIERS,BRUXELLES MIDI,0
2025-12-21,BEZIERS,LILLE (intramuros),0
2025-12-21,BEZIERS,LYON (intramuros),0
2025-12-21,BEZIERS,MARNE LA VALLEE CHESSY,0
2025-12-21,BEZIERS,MONTPELLIER SAINT ROCH,0
2025-12-21,BEZIERS,NIMES CENTRE,0
2025-12-21,BEZIERS,SETE,0
2025-12-21,BEZIERS,TGV HAUTE PICARDIE,0
2025-12-21,BEZIERS,VALENCE TGV AUVERGNE RHONE ALPES,0
2025-12-21,BRUXELLES MIDI,AEROPORT ROISSY CDG 2 TGV,0
2025-12-21,BRUXELLES MIDI,AIX EN PROVENCE TGV,0
2025-12-21,BRUXELLES MIDI,AVIGNON TGV,0
2025-12-21,BRUXELLES MIDI,LILLE (intramuros),0
2025-12-21,BRUXELLES MIDI,LYON (intramuros),0
2025-12-21,BRUXELLES MIDI,MARNE LA VALLEE CHESSY,0
2025-12-21,BRUXELLES MIDI,MARSEILLE ST CHARLES,0
2025-12-21,BRUXELLES MIDI,MONTPELLIER SAINT ROCH,0
2025-12-21,BRUXELLES MIDI,MONTPELLIER SUD DE FRANCE,0
2025-12-21,BRUXELLES MIDI,NIMES CENTRE,0
2025-12-21,BRUXELLES MIDI,NIMES PONT DU GARD,0
2025-12-21,BRUXELLES MIDI,TGV HAUTE PICARDIE,0
2025-12-21,BRUXELLES MIDI,VALENCE TGV AUVERGNE RHONE ALPES,0
2025-12-21,DOUAI,LILLE (intramuros),1
2025-12-21,LILLE (intramuros),AEROPORT ROISSY CDG 2 TGV,0
2025-12-21,LILLE (intramuros),AIX EN PROVENCE TGV,0
2025-12-21,LILLE (intramuros),ARRAS,1
2025-12-21,LILLE (intramuros),AVIGNON TGV,0
2025-12-21,LILLE (intramuros),BRUXELLES MIDI,1
2025-12-21,LILLE (intramuros),LYON (intramuros),0
2025-12-21,LILLE (intramuros),MARNE LA VALLEE CHESSY,0
2025-12-21,LILLE (intramuros),MARSEILLE ST CHARLES,0
2025-12-21,LILLE (intramuros),MONTPELLIER SAINT ROCH,0
2025-12-21,LILLE (intramuros),MONTPELLIER SUD DE FRANCE,0
2025-12-21,LILLE (intramuros),NIMES CENTRE,0
2025-12-21,LILLE (intramuros),NIMES PONT DU GARD,0
2025-12-21,LILLE (intramuros),TGV HAUTE PICARDIE,1
2025-12-21,LILLE (intramuros),VALENCE TGV AUVERGNE RHONE ALPES,0
2025-12-21,LYON (intramuros),AEROPORT ROISSY CDG 2 TGV,0
2025-12-21,LYON (intramuros),AIX EN PROVENCE TGV,0
2025-12-21,LYON (intramuros),ARRAS,0
2025-12-21,LYON (intramuros),AVIGNON TGV,0
2025-12-21,LYON (intramuros),BRUXELLES MIDI,1
2025-12-21,LYON (intramuros),DOUAI,0
2025-12-21,LYON (intramuros),LILLE (intramuros),1
2025-12-21,LYON (intramuros),LYON (intramuros),1
2025-12-21,LYON (intramuros),MARNE LA VALLEE CHESSY,0
2025-12-21,LYON (intramuros),MARSEILLE ST CHARLES,0
2025-12-21,LYON (intramuros),MONTPELLIER SAINT ROCH,0
2025-12-21,LYON (intramuros),MONTPELLIER SUD DE FRANCE,0
2025-12-21,LYON (intramuros),NIMES CENTRE,0
2025-12-21,LYON (intramuros),NIMES PONT DU GARD,0
2025-12-21,LYON (intramuros),TGV HAUTE PICARDIE,0
2025-12-21,LYON (intramuros),VALENCE TGV AUVERGNE RHONE ALPES,0
2025-12-21,MARNE LA VALLEE CHESSY,AEROPORT ROISSY CDG 2 TGV,1
2025-12-21,MARNE LA VALLEE CHESSY,AIX EN PROVENCE TGV,0
2025-12-21,MARNE LA VALLEE CHESSY,ARRAS,0
2025-12-21,MARNE LA VALLEE CHESSY,AVIGNON TGV,0
2025-12-21,MARNE LA VALLEE CHESSY,BRUXELLES MIDI,1
2025-12-21,MARNE LA VALLEE CHESSY,DOUAI,0
2025-12-21,MARNE LA VALLEE CHESSY,LILLE (intramuros),1
2025-12-21,MARNE LA VALLEE CHESSY,LYON (intramuros),0
2025-12-21,MARNE LA VALLEE CHESSY,MARSEILLE ST CHARLES,0
2025-12-21,MARNE LA VALLEE CHESSY,MONTPELLIER SAINT ROCH,0
2025-12-21,MARNE LA VALLEE CHESSY,MONTPELLIER SUD DE FRANCE,0
2025-12-21,MARNE LA VALLEE CHESSY,NIMES CENTRE,0
2025-12-21,MARNE LA VALLEE CHESSY,NIMES PONT DU GARD,0
2025-12-21,MARNE LA VALLEE CHESSY,TGV HAUTE PICARDIE,0
2025-12-21,MARNE LA VALLEE CHESSY,VALENCE TGV AUVERGNE RHONE ALPES,0
2025-12-21,MARSEILLE ST CHARLES,AEROPORT ROISSY CDG 2 TGV,0
2025-12-21,MARSEILLE ST CHARLES,AIX EN PROVENCE TGV,1
2025-12-21,MARSEILLE ST CHARLES,AVIGNON TGV,1
2025-12-21,MARSEILLE ST CHARLES,BRUXELLES MIDI,0
2025-12-21,MARSEILLE ST CHARLES,LILLE (intramuros),0
2025-12-21,MARSEILLE ST CHARLES,LYON (intramuros),1
2025-12-21,MARSEILLE ST CHARLES,MARNE LA VALLEE CHESSY,0
2025-12-21,MONTPELLIER SAINT ROCH,AEROPORT ROISSY CDG 2 TGV,0
2025-12-21,MONTPELLIER SAINT ROCH,ARRAS,0
2025-12-21,MONTPELLIER SAINT ROCH,BRUXELLES MIDI,0
2025-12-21,MONTPELLIER SAINT ROCH,LILLE (intramuros),0
2025-12-21,MONTPELLIER SAINT ROCH,LYON (intramuros),0
2025-12-21,MONTPELLIER SAINT ROCH,MARNE LA VALLEE CHESSY,0
2025-12-21,MONTPELLIER SAINT ROCH,NIMES CENTRE,1
2025-12-21,MONTPELLIER SAINT ROCH,TGV HAUTE PICARDIE,0
2025-12-21,MONTPELLIER SAINT ROCH,VALENCE TGV AUVERGNE RHONE ALPES,0
2025-12-21,MONTPELLIER SUD DE FRANCE,AEROPORT ROISSY CDG 2 TGV,0
2025-12-21,MONTPELLIER SUD DE FRANCE,LILLE (intramuros),0
2025-12-21,MONTPELLIER SUD DE FRANCE,LYON (intramuros),0
2025-12-21,MONTPELLIER SUD DE FRANCE,MARNE LA VALLEE CHESSY,0
2025-12-21,MONTPELLIER SUD DE FRANCE,NIMES PONT DU GARD,1
2025-12-21,MONTPELLIER SUD DE FRANCE,VALENCE TGV AUVERGNE RHONE ALPES,0
2025-12-21,NARBONNE,AEROPORT ROISSY CDG 2 TGV,0
2025-12-21,NARBONNE,AGDE,0
2025-12-21,NARBONNE,ARRAS,0
2025-12-21,NARBONNE,BEZIERS,0
2025-12-21,NARBONNE,BRUXELLES MIDI,0
2025-12-21,NARBONNE,LILLE (intramuros),0
2025-12-21,NARBONNE,LYON (intramuros),0
2025-12-21,NARBONNE,MARNE LA VALLEE CHESSY,0
2025-12-21,NARBONNE,MONTPELLIER SAINT ROCH,0
2025-12-21,NARBONNE,NIMES CENTRE,0
2025-12-21,NARBONNE,SETE,0
2025-12-21,NARBONNE,TGV HAUTE PICARDIE,0
2025-12-21,NARBONNE,VALENCE TGV AUVERGNE RHONE ALPES,0
2025-12-21,NIMES CENTRE,AEROPORT ROISSY CDG 2 TGV,0
2025-12-21,NIMES CENTRE,ARRAS,0
2025-12-21,NIMES CENTRE,BRUXELLES MIDI,0
2025-12-21,NIMES CENTRE,LILLE (intramuros),0
2025-12-21,NIMES CENTRE,LYON (intramuros),0
2025-12-21,NIMES CENTRE,MARNE LA VALLEE CHESSY,0
2025-12-21,NIMES CENTRE,MONTPELLIER SAINT ROCH,1
2025-12-21,NIMES CENTRE,TGV HAUTE PICARDIE,0
2025-12-21,NIMES CENTRE,VALENCE TGV AUVERGNE RHONE ALPES,0
2025-12-21,NIMES PONT DU GARD,AEROPORT ROISSY CDG 2 TGV,0
2025-12-21,NIMES PONT DU GARD,LILLE (intramuros),0
2025-12-21,NIMES PONT DU GARD,LYON (intramuros),0
2025-12-21,NIMES PONT DU GARD,MARNE LA VALLEE CHESSY,0
2025-12-21,NIMES PONT DU GARD,MONTPELLIER SUD DE FRANCE,1
2025-12-21,NIMES PONT DU GARD,VALENCE TGV AUVERGNE RHONE ALPES,0
2025-12-21,PARIS (intramuros),AIX EN PROVENCE TGV,0
2025-12-21,PARIS (intramuros),AVIGNON TGV,0
2025-12-21,PARIS (intramuros),MARSEILLE ST CHARLES,0
2025-12-21,PERPIGNAN,AEROPORT ROISSY CDG 2 TGV,0
2025-12-21,PERPIGNAN,AGDE,0
2025-12-21,PERPIGNAN,ARRAS,0
2025-12-21,PERPIGNAN,BEZIERS,0
2025-12-21,PERPIGNAN,BRUXELLES MIDI,0
2025-12-21,PERPIGNAN,LILLE (intramuros),0
2025-12-21,PERPIGNAN,LYON (intramuros),0
2025-12-21,PERPIGNAN,MARNE LA VALLEE CHESSY,0
2025-12-21,PERPIGNAN,MONTPELLIER SAINT ROCH,0
2025-12-21,PERPIGNAN,NARBONNE,0
2025-12-21,PERPIGNAN,NIMES CENTRE,0
2025-12-21,PERPIGNAN,SETE,0
2025-12-21,PERPIGNAN,TGV HAUTE PICARDIE,0
2025-12-21,PERPIGNAN,VALENCE TGV AUVERGNE RHONE ALPES,0
2025-12-21,SETE,AEROPORT ROISSY CDG 2 TGV,0
2025-12-21,SETE,ARRAS,0
2025-12-21,SETE,BRUXELLES MIDI,0
2025-12-21,SETE,LILLE (intramuros),0
2025-12-21,SETE,LYON (intramuros),0
2025-12-21,SETE,MARNE LA VALLEE CHESSY,0
2025-12-21,SETE,MONTPELLIER SAINT ROCH,0
2025-12-21,SETE,NIMES CENTRE,0
2025-12-21,SETE,TGV HAUTE PICARDIE,0
2025-12-21,SETE,VALENCE TGV AUVERGNE RHONE ALPES,0
2025-12-21,TGV HAUTE PICARDIE,AEROPORT ROISSY CDG 2 TGV,0
2025-12-21,TGV HAUTE PICARDIE,AIX EN PROVENCE TGV,0
2025-12-21,TGV HAUTE PICARDIE,ARRAS,1
2025-12-21,TGV HAUTE PICARDIE,AVIGNON TGV,0
2025-12-21,TGV HAUTE PICARDIE,BRUXELLES MIDI,0
2025-12-21,TGV HAUTE PICARDIE,DOUAI,1
2025-12-21,TGV HAUTE PICARDIE,LILLE (intramuros),1
2025-12-21,TGV HAUTE PICARDIE,LYON (intramuros),0
2025-12-21,TGV HAUTE PICARDIE,MARNE LA VALLEE CHESSY,0
2025-12-21,TGV HAUTE PICARDIE,MARSEILLE ST CHARLES,0
2025-12-21,TGV HAUTE PICARDIE,VALENCE TGV AUVERGNE RHONE ALPES,0
2025-12-21,VALENCE TGV AUVERGNE RHONE ALPES,AEROPORT ROISSY CDG 2 TGV,0
2025-12-21,VALENCE TGV AUVERGNE RHONE ALPES,ARRAS,0
2025-12-21,VALENCE TGV AUVERGNE RHONE ALPES,AVIGNON TGV,0
2025-12-21,VALENCE TGV AUVERGNE RHONE ALPES,BRUXELLES MIDI,0
2025-12-21,VALENCE TGV AUVERGNE RHONE ALPES,LILLE (intramuros),0
2025-12-21,VALENCE TGV AUVERGNE RHONE ALPES,LYON (intramuros),1
2025-12-21,VALENCE TGV AUVERGNE RHONE ALPES,MARNE LA VALLEE CHESSY,0
2025-12-21,VALENCE TGV AUVERGNE RHONE ALPES,MARSEILLE ST CHARLES,0
2025-12-21,VALENCE TGV AUVERGNE RHONE ALPES,MONTPELLIER SAINT ROCH,0
2025-12-21,VALENCE TGV AUVERGNE RHONE ALPES,MONTPELLIER SUD DE FRANCE,0
2025-12-21,VALENCE TGV AUVERGNE RHONE ALPES,NIMES CENTRE,0
2025-12-21,VALENCE TGV AUVERGNE RHONE ALPES,NIMES PONT DU GARD,0
2025-12-21,VALENCE TGV AUVERGNE RHONE ALPES,TGV HAUTE PICARDIE,0
2025-12-22,AEROPORT ROISSY CDG 2 TGV,AIX EN PROVENCE TGV,0
2025-12-22,AEROPORT ROISSY CDG 2 TGV,ARRAS,1
2025-12-22,AEROPORT ROISSY CDG 2 TGV,AVIGNON TGV,0
2025-12-22,AEROPORT ROISSY CDG 2 TGV,BRUXELLES MIDI,1
2025-12-22,AEROPORT ROISSY CDG 2 TGV,DOUAI,1
2025-12-22,AEROPORT ROISSY CDG 2 TGV,LILLE (intramuros),1
2025-12-22,AEROPORT ROISSY CDG 2 TGV,LYON (intramuros),0
2025-12-22,AEROPORT ROISSY CDG 2 TGV,MARNE LA VALLEE CHESSY,0
2025-12-22,AEROPORT ROISSY CDG 2 TGV,MARSEILLE ST CHARLES,0
2025-12-22,AEROPORT ROISSY CDG 2 TGV,MONTPELLIER SAINT ROCH,0
2025-12-22,AEROPORT ROISSY CDG 2 TGV,MONTPELLIER SUD DE FRANCE,0
2025-12-22,AEROPORT ROISSY CDG 2 TGV,NIMES CENTRE,0
2025-12-22,AEROPORT ROISSY CDG 2 TGV,NIMES PONT DU GARD,0
2025-12-22,AEROPORT ROISSY CDG 2 TGV,TGV HAUTE PICARDIE,1
2025-12-22,AEROPORT ROISSY CDG 2 TGV,VALENCE TGV AUVERGNE RHONE ALPES,0
2025-12-22,AIX EN PROVENCE TGV,AEROPORT ROISSY CDG 2 TGV,1
2025-12-22,AIX EN PROVENCE TGV,AVIGNON TGV,1
2025-12-22,AIX EN PROVENCE TGV,BRUXELLES MIDI,0
2025-12-22,AIX EN PROVENCE TGV,LILLE (intramuros),0
2025-12-22,AIX EN PROVENCE TGV,LYON (intramuros),1
2025-12-22,AIX EN PROVENCE TGV,MARNE LA VALLEE CHESSY,1
2025-12-22,AIX EN PROVENCE TGV,MARSEILLE ST CHARLES,1
2025-12-22,ARRAS,AEROPORT ROISSY CDG 2 TGV,1
2025-12-22,ARRAS,AIX EN PROVENCE TGV,0
2025-12-22,ARRAS,AVIGNON TGV,0
2025-12-22,ARRAS,BRUXELLES MIDI,0
2025-12-22,ARRAS,DOUAI,1
2025-12-22,ARRAS,LILLE (intramuros),1
2025-12-22,ARRAS,LYON (intramuros),0
2025-12-22,ARRAS,MARNE LA VALLEE CHESSY,1
2025-12-22,ARRAS,MARSEILLE ST CHARLES,0
2025-12-22,ARRAS,TGV HAUTE PICARDIE,1
2025-12-22,AVIGNON TGV,AEROPORT ROISSY CDG 2 TGV,1
2025-12-22,AVIGNON TGV,AIX EN PROVENCE TGV,1
2025-12-22,AVIGNON TGV,BRUXELLES MIDI,0
2025-12-22,AVIGNON TGV,LILLE (intramuros),0
2025-12-22,AVIGNON TGV,LYON (intramuros),1
2025-12-22,AVIGNON TGV,MARNE LA VALLEE CHESSY,1
2025-12-22,AVIGNON TGV,MARSEILLE ST CHARLES,1
2025-12-22,BRUXELLES MIDI,AEROPORT ROISSY CDG 2 TGV,0
2025-12-22,BRUXELLES MIDI,AIX EN PROVENCE TGV,0
2025-12-22,BRUXELLES MIDI,AVIGNON TGV,0
2025-12-22,BRUXELLES MIDI,LILLE (intramuros),1
2025-12-22,BRUXELLES MIDI,LYON (intramuros),0
2025-12-22,BRUXELLES MIDI,MARNE LA VALLEE CHESSY,0
2025-12-22,BRUXELLES MIDI,MARSEILLE ST CHARLES,0
2025-12-22,BRUXELLES MIDI,MONTPELLIER SAINT ROCH,0
2025-12-22,BRUXELLES MIDI,MONTPELLIER SUD DE FRANCE,0
2025-12-22,BRUXELLES MIDI,NIMES CENTRE,0
2025-12-22,BRUXELLES MIDI,NIMES PONT DU GARD,0
2025-12-22,BRUXELLES MIDI,TGV HAUTE PICARDIE,0
2025-12-22,BRUXELLES MIDI,VALENCE TGV AUVERGNE RHONE ALPES,0
2025-12-22,DOUAI,LILLE (intramuros),1
2025-12-22,LE CREUSOT MONTCEAU MONTCHANIN,AEROPORT ROISSY CDG 2 TGV,1
2025-12-22,LE CREUSOT MONTCEAU MONTCHANIN,BRUXELLES MIDI,0
2025-12-22,LE CREUSOT MONTCEAU MONTCHANIN,LILLE (intramuros),0
2025-12-22,LE CREUSOT MONTCEAU MONTCHANIN,MARNE LA VALLEE CHESSY,1
2025-12-22,LILLE (intramuros),AEROPORT ROISSY CDG 2 TGV,1
2025-12-22,LILLE (intramuros),AIX EN PROVENCE TGV,0
2025-12-22,LILLE (intramuros),ARRAS,1
2025-12-22,LILLE (intramuros),AVIGNON TGV,0
2025-12-22,LILLE (intramuros),BRUXELLES MIDI,1
2025-12-22,LILLE (intramuros),LYON (intramuros),0
2025-12-22,LILLE (intramuros),MARNE LA VALLEE CHESSY,1
2025-12-22,LILLE (intramuros),MARSEILLE ST CHARLES,0
2025-12-22,LILLE (intramuros),MONTPELLIER SAINT ROCH,0
2025-12-22,LILLE (intramuros),MONTPELLIER SUD DE FRANCE,0
2025-12-22,LILLE (intramuros),NIMES CENTRE,0
2025-12-22,LILLE (intramuros),NIMES PONT DU GARD,0
2025-12-22,LILLE (intramuros),TGV HAUTE PICARDIE,1
2025-12-22,LILLE (intramuros),VALENCE TGV AUVERGNE RHONE ALPES,0
2025-12-22,LYON (intramuros),AEROPORT ROISSY CDG 2 TGV,1
2025-12-22,LYON (intramuros),AIX EN PROVENCE TGV,0
2025-12-22,LYON (intramuros),ARRAS,1
2025-12-22,LYON (intramuros),AVIGNON TGV,0
2025-12-22,LYON (intramuros),BRUXELLES MIDI,1
2025-12-22,LYON (intramuros),DOUAI,1
2025-12-22,LYON (intramuros),LE CREUSOT MONTCEAU MONTCHANIN,1
2025-12-22,LYON (intramuros),LILLE (intramuros),1
2025-12-22,LYON (intramuros),LYON (intramuros),1
2025-12-22,LYON (intramuros),MARNE LA VALLEE CHESSY,1
2025-12-22,LYON (intramuros),MARSEILLE ST CHARLES,0
2025-12-22,LYON (intramuros),MONTPELLIER SAINT ROCH,0
2025-12-22,LYON (intramuros),MONTPELLIER SUD DE FRANCE,0
2025-12-22,LYON (intramuros),NIMES CENTRE,0
2025-12-22,LYON (intramuros),NIMES PONT DU GARD,0
2025-12-22,LYON (intramuros),TGV HAUTE PICARDIE,1
2025-12-22,LYON (intramuros),VALENCE TGV AUVERGNE RHONE ALPES,0
2025-12-22,MARNE LA VALLEE CHESSY,AEROPORT ROISSY CDG 2 TGV,1
2025-12-22,MARNE LA VALLEE CHESSY,AIX EN PROVENCE TGV,0
2025-12-22,MARNE LA VALLEE CHESSY,ARRAS,1
2025-12-22,MARNE LA VALLEE CHESSY,AVIGNON TGV,0
2025-12-22,MARNE LA VALLEE CHESSY,BRUXELLES MIDI,1
2025-12-22,MARNE LA VALLEE CHESSY,DOUAI,1
2025-12-22,MARNE LA VALLEE CHESSY,LILLE (intramuros),1
2025-12-22,MARNE LA VALLEE CHESSY,LYON (intramuros),0
2025-12-22,MARNE LA VALLEE CHESSY,MARSEILLE ST CHARLES,0
2025-12-22,MARNE LA VALLEE CHESSY,MONTPELLIER SAINT ROCH,0
2025-12-22,MARNE LA VALLEE CHESSY,MONTPELLIER SUD DE FRANCE,0
2025-12-22,MARNE LA VALLEE CHESSY,NIMES CENTRE,0
2025-12-22,MARNE LA VALLEE CHESSY,NIMES PONT DU GARD,0
2025-12-22,MARNE LA VALLEE CHESSY,TGV HAUTE PICARDIE,1
2025-12-22,MARNE LA VALLEE CHESSY,VALENCE TGV AUVERGNE RHONE ALPES,0
2025-12-22,MARSEILLE ST CHARLES,AEROPORT ROISSY CDG 2 TGV,1
2025-12-22,MARSEILLE ST CHARLES,AIX EN PROVENCE TGV,1
2025-12-22,MARSEILLE ST CHARLES,AVIGNON TGV,1
2025-12-22,MARSEILLE ST CHARLES,BRUXELLES MIDI,0
2025-12-22,MARSEILLE ST CHARLES,LILLE (intramuros),0
2025-12-22,MARSEILLE ST CHARLES,LYON (intramuros),1
2025-12-22,MARSEILLE ST CHARLES,MARNE LA VALLEE CHESSY,1
2025-12-22,MONTPELLIER SAINT ROCH,AEROPORT ROISSY CDG 2 TGV,0
2025-12-22,MONTPELLIER SAINT ROCH,BRUXELLES MIDI,0
2025-12-22,MONTPELLIER SAINT ROCH,LILLE (intramuros),0
2025-12-22,MONTPELLIER SAINT ROCH,LYON (intramuros),0
2025-12-22,MONTPELLIER SAINT ROCH,MARNE LA VALLEE CHESSY,0
2025-12-22,MONTPELLIER SAINT ROCH,NIMES CENTRE,1
2025-12-22,MONTPELLIER SAINT ROCH,VALENCE TGV AUVERGNE RHONE ALPES,0
2025-12-22,MONTPELLIER SUD DE FRANCE,AEROPORT ROISSY CDG 2 TGV,0
2025-12-22,MONTPELLIER SUD DE FRANCE,ARRAS,0
2025-12-22,MONTPELLIER SUD DE FRANCE,BRUXELLES MIDI,0
2025-12-22,MONTPELLIER SUD DE FRANCE,LILLE (intramuros),0
2025-12-22,MONTPELLIER SUD DE FRANCE,LYON (intramuros),0
2025-12-22,MONTPELLIER SUD DE FRANCE,MARNE LA VALLEE CHESSY,0
2025-12-22,MONTPELLIER SUD DE FRANCE,NIMES PONT DU GARD,1
2025-12-22,MONTPELLIER SUD DE FRANCE,TGV HAUTE PICARDIE,0
2025-12-22,MONTPELLIER SUD DE FRANCE,VALENCE TGV AUVERGNE RHONE ALPES,0
2025-12-22,NIMES CENTRE,AEROPORT ROISSY CDG 2 TGV,0
2025-12-22,NIMES CENTRE,BRUXELLES MIDI,0
2025-12-22,NIMES CENTRE,LILLE (intramuros),0
2025-12-22,NIMES CENTRE,LYON (intramuros),0
2025-12-22,NIMES CENTRE,MARNE LA VALLEE CHESSY,0
2025-12-22,NIMES CENTRE,MONTPELLIER SAINT ROCH,1
2025-12-22,NIMES CENTRE,VALENCE TGV AUVERGNE RHONE ALPES,0
2025-12-22,NIMES PONT DU GARD,AEROPORT ROISSY CDG 2 TGV,0
2025-12-22,NIMES PONT DU GARD,ARRAS,0
2025-12-22,NIMES PONT DU GARD,BRUXELLES MIDI,0
2025-12-22,NIMES PONT DU GARD,LILLE (intramuros),0
2025-12-22,NIMES PONT DU GARD,LYON (intramuros),0
2025-12-22,NIMES PONT DU GARD,MARNE LA VALLEE CHESSY,0
2025-12-22,NIMES PONT DU GARD,MONTPELLIER SUD DE FRANCE,1
2025-12-22,NIMES PONT DU GARD,TGV HAUTE PICARDIE,0
2025-12-22,NIMES PONT DU GARD,VALENCE TGV AUVERGNE RHONE ALPES,0
2025-12-22,PARIS (intramuros),AIX EN PROVENCE TGV,0
2025-12-22,PARIS (intramuros),AVIGNON TGV,0
2025-12-22,PARIS (intramuros),MARSEILLE ST CHARLES,0
2025-12-22,TGV HAUTE PICARDIE,AEROPORT ROISSY CDG 2 TGV,1
2025-12-22,TGV HAUTE PICARDIE,AIX EN PROVENCE TGV,0
2025-12-22,TGV HAUTE PICARDIE,ARRAS,1
2025-12-22,TGV HAUTE PICARDIE,AVIGNON TGV,0
2025-12-22,TGV HAUTE PICARDIE,BRUXELLES MIDI,0
2025-12-22,TGV HAUTE PICARDIE,DOUAI,1
2025-12-22,TGV HAUTE PICARDIE,LILLE (intramuros),1
2025-12-22,TGV HAUTE PICARDIE,LYON (intramuros),0
2025-12-22,TGV HAUTE PICARDIE,MARNE LA VALLEE CHESSY,1
2025-12-22,TGV HAUTE PICARDIE,MARSEILLE ST CHARLES,0
2025-12-22,TGV HAUTE PICARDIE,VALENCE TGV AUVERGNE RHONE ALPES,0
2025-12-22,VALENCE TGV AUVERGNE RHONE ALPES,AEROPORT ROISSY CDG 2 TGV,0
2025-12-22,VALENCE TGV AUVERGNE RHONE ALPES,ARRAS,0
2025-12-22,VALENCE TGV AUVERGNE RHONE ALPES,AVIGNON TGV,0
2025-12-22,VALENCE TGV AUVERGNE RHONE ALPES,BRUXELLES MIDI,0
2025-12-22,VALENCE TGV AUVERGNE RHONE ALPES,LILLE (intramuros),0
2025-12-22,VALENCE TGV AUVERGNE RHONE ALPES,LYON (intramuros),0
2025-12-22,VALENCE TGV AUVERGNE RHONE ALPES,MARNE LA VALLEE CHESSY,0
2025-12-22,VALENCE TGV AUVERGNE RHONE ALPES,MARSEILLE ST CHARLES,0
2025-12-22,VALENCE TGV AUVERGNE RHONE ALPES,MONTPELLIER SAINT ROCH,0
2025-12-22,VALENCE TGV AUVERGNE RHONE ALPES,MONTPELLIER SUD DE FRANCE,0
2025-12-22,VALENCE TGV AUVERGNE RHONE ALPES,NIMES CENTRE,0
2025-12-22,VALENCE TGV AUVERGNE RHONE ALPES,NIMES PONT DU GARD,0
2025-12-22,VALENCE TGV AUVERGNE RHONE ALPES,TGV HAUTE PICARDIE,0
2025-12-23,AEROPORT ROISSY CDG 2 TGV,AIX EN PROVENCE TGV,0
2025-12-23,AEROPORT ROISSY CDG 2 TGV,ARRAS,0
2025-12-23,AEROPORT ROISSY CDG 2 TGV,AVIGNON TGV,0
2025-12-23,AEROPORT ROISSY CDG 2 TGV,BRUXELLES MIDI,1
2025-12-23,AEROPORT ROISSY CDG 2 TGV,DOUAI,0
2025-12-23,AEROPORT ROISSY CDG 2 TGV,LILLE (intramuros),1
2025-12-23,AEROPORT ROISSY CDG 2 TGV,LYON (intramuros),0
2025-12-23,AEROPORT ROISSY CDG 2 TGV,MARNE LA VALLEE CHESSY,0
2025-12-23,AEROPORT ROISSY CDG 2 TGV,MARSEILLE ST CHARLES,0
2025-12-23,AEROPORT ROISSY CDG 2 TGV,MONTPELLIER SAINT ROCH,0
2025-12-23,AEROPORT ROISSY CDG 2 TGV,MONTPELLIER SUD DE FRANCE,0
2025-12-23,AEROPORT ROISSY CDG 2 TGV,NIMES CENTRE,0
2025-12-23,AEROPORT ROISSY CDG 2 TGV,NIMES PONT DU GARD,0
2025-12-23,AEROPORT ROISSY CDG 2 TGV,TGV HAUTE PICARDIE,0
2025-12-23,AEROPORT ROISSY CDG 2 TGV,VALENCE TGV AUVERGNE RHONE ALPES,0
2025-12-23,AIX EN PROVENCE TGV,AEROPORT ROISSY CDG 2 TGV,0
2025-12-23,AIX EN PROVENCE TGV,AVIGNON TGV,1
2025-12-23,AIX EN PROVENCE TGV,BRUXELLES MIDI,0
2025-12-23,AIX EN PROVENCE TGV,LILLE (intramuros),0
2025-12-23,AIX EN PROVENCE TGV,LYON (intramuros),1
2025-12-23,AIX EN PROVENCE TGV,MARNE LA VALLEE CHESSY,0
2025-12-23,AIX EN PROVENCE TGV,MARSEILLE ST CHARLES,1
2025-12-23,ARRAS,AEROPORT ROISSY CDG 2 TGV,1
2025-12-23,ARRAS,AIX EN PROVENCE TGV,0
2025-12-23,ARRAS,AVIGNON TGV,0
2025-12-23,ARRAS,BRUXELLES MIDI,0
2025-12-23,ARRAS,DOUAI,1
2025-12-23,ARRAS,LILLE (intramuros),1
2025-12-23,ARRAS,LYON (intramuros),0
2025-12-23,ARRAS,MARNE LA VALLEE CHESSY,1
2025-12-23,ARRAS,MARSEILLE ST CHARLES,0
2025-12-23,ARRAS,TGV HAUTE PICARDIE,1
2025-12-23,AVIGNON TGV,AEROPORT ROISSY CDG 2 TGV,0
2025-12-23,AVIGNON TGV,AIX EN PROVENCE TGV,1
2025-12-23,AVIGNON TGV,BRUXELLES MIDI,0
2025-12-23,AVIGNON TGV,LILLE (intramuros),0
2025-12-23,AVIGNON TGV,LYON (intramuros),1
2025-12-23,AVIGNON TGV,MARNE LA VALLEE CHESSY,0
2025-12-23,AVIGNON TGV,MARSEILLE ST CHARLES,1
2025-12-23,BRUXELLES MIDI,AEROPORT ROISSY CDG 2 TGV,0
2025-12-23,BRUXELLES MIDI,AIX EN PROVENCE TGV,0
2025-12-23,BRUXELLES MIDI,AVIGNON TGV,0
2025-12-23,BRUXELLES MIDI,LILLE (intramuros),0
2025-12-23,BRUXELLES MIDI,LYON (intramuros),0
2025-12-23,BRUXELLES MIDI,MARNE LA VALLEE CHESSY,0
2025-12-23,BRUXELLES MIDI,MARSEILLE ST CHARLES,0
2025-12-23,BRUXELLES MIDI,MONTPELLIER SAINT ROCH,0
2025-12-23,BRUXELLES MIDI,MONTPELLIER SUD DE FRANCE,0
2025-12-23,BRUXELLES MIDI,NIMES CENTRE,0
2025-12-23,BRUXELLES MIDI,NIMES PONT DU GARD,0
2025-12-23,BRUXELLES MIDI,TGV HAUTE PICARDIE,0
2025-12-23,BRUXELLES MIDI,VALENCE TGV AUVERGNE RHONE ALPES,0
2025-12-23,DOUAI,LILLE (intramuros),1
2025-12-23,LE CREUSOT MONTCEAU MONTCHANIN,AEROPORT ROISSY CDG 2 TGV,0
2025-12-23,LE CREUSOT MONTCEAU MONTCHANIN,BRUXELLES MIDI,0
2025-12-23,LE CREUSOT MONTCEAU MONTCHANIN,LILLE (intramuros),0
2025-12-23,LE CREUSOT MONTCEAU MONTCHANIN,MARNE LA VALLEE CHESSY,0
2025-12-23,LILLE (intramuros),AEROPORT ROISSY CDG 2 TGV,1
2025-12-23,LILLE (intramuros),AIX EN PROVENCE TGV,0
2025-12-23,LILLE (intramuros),ARRAS,1
2025-12-23,LILLE (intramuros),AVIGNON TGV,0
2025-12-23,LILLE (intramuros),BRUXELLES MIDI,1
2025-12-23,LILLE (intramuros),LYON (intramuros),0
2025-12-23,LILLE (intramuros),MARNE LA VALLEE CHESSY,1
2025-12-23,LILLE (intramuros),MARSEILLE ST CHARLES,0
2025-12-23,LILLE (intramuros),MONTPELLIER SAINT ROCH,0
2025-12-23,LILLE (intramuros),MONTPELLIER SUD DE FRANCE,0
2025-12-23,LILLE (intramuros),NIMES CENTRE,0
2025-12-23,LILLE (intramuros),NIMES PONT DU GARD,0
2025-12-23,LILLE (intramuros),TGV HAUTE PICARDIE,1
2025-12-23,LILLE (intramuros),VALENCE TGV AUVERGNE RHONE ALPES,0
2025-12-23,LYON (intramuros),AEROPORT ROISSY CDG 2 TGV,0
2025-12-23,LYON (intramuros),AIX EN PROVENCE TGV,0
2025-12-23,LYON (intramuros),ARRAS,0
2025-12-23,LYON (intramuros),AVIGNON TGV,0
2025-12-23,LYON (intramuros),BRUXELLES MIDI,0
2025-12-23,LYON (intramuros),DOUAI,0
2025-12-23,LYON (intramuros),LE CREUSOT MONTCEAU MONTCHANIN,1
2025-12-23,LYON (intramuros),LILLE (intramuros),0
2025-12-23,LYON (intramuros),LYON (intramuros),1
2025-12-23,LYON (intramuros),MARNE LA VALLEE CHESSY,0
2025-12-23,LYON (intramuros),MARSEILLE ST CHARLES,0
2025-12-23,LYON (intramuros),MONTPELLIER SAINT ROCH,0
2025-12-23,LYON (intramuros),MONTPELLIER SUD DE FRANCE,0
2025-12-23,LYON (intramuros),NIMES CENTRE,0
2025-12-23,LYON (intramuros),NIMES PONT DU GARD,0
2025-12-23,LYON (intramuros),TGV HAUTE PICARDIE,0
2025-12-23,LYON (intramuros),VALENCE TGV AUVERGNE RHONE ALPES,0
2025-12-23,MARNE LA VALLEE CHESSY,AEROPORT ROISSY CDG 2 TGV,1
2025-12-23,MARNE LA VALLEE CHESSY,AIX EN PROVENCE TGV,0
2025-12-23,MARNE LA VALLEE CHESSY,ARRAS,0
2025-12-23,MARNE LA VALLEE CHESSY,AVIGNON TGV,0
2025-12-23,MARNE LA VALLEE CHESSY,BRUXELLES MIDI,1
2025-12-23,MARNE LA VALLEE CHESSY,DOUAI,0
2025-12-23,MARNE LA VALLEE CHESSY,LILLE (intramuros),1
2025-12-23,MARNE LA VALLEE CHESSY,LYON (intramuros),0
2025-12-23,MARNE LA VALLEE CHESSY,MARSEILLE ST CHARLES,0
2025-12-23,MARNE LA VALLEE CHESSY,MONTPELLIER SAINT ROCH,0
2025-12-23,MARNE LA VALLEE CHESSY,MONTPELLIER SUD DE FRANCE,0
2025-12-23,MARNE LA VALLEE CHESSY,NIMES CENTRE,0
2025-12-23,MARNE LA VALLEE CHESSY,NIMES PONT DU GARD,0
2025-12-23,MARNE LA VALLEE CHESSY,TGV HAUTE PICARDIE,0
2025-12-23,MARNE LA VALLEE CHESSY,VALENCE TGV AUVERGNE RHONE ALPES,0
2025-12-23,MARSEILLE ST CHARLES,AEROPORT ROISSY CDG 2 TGV,0
2025-12-23,MARSEILLE ST CHARLES,AIX EN PROVENCE TGV,1
2025-12-23,MARSEILLE ST CHARLES,AVIGNON TGV,1
2025-12-23,MARSEILLE ST CHARLES,BRUXELLES MIDI,0
2025-12-23,MARSEILLE ST CHARLES,LILLE (intramuros),0
2025-12-23,MARSEILLE ST CHARLES,LYON (intramuros),1
2025-12-23,MARSEILLE ST CHARLES,MARNE LA VALLEE CHESSY,0
2025-12-23,MONTPELLIER SAINT ROCH,AEROPORT ROISSY CDG 2 TGV,0
2025-12-23,MONTPELLIER SAINT ROCH,BRUXELLES MIDI,0
2025-12-23,MONTPELLIER SAINT ROCH,LILLE (intramuros),0
2025-12-23,MONTPELLIER SAINT ROCH,LYON (intramuros),0
2025-12-23,MONTPELLIER SAINT ROCH,MARNE LA VALLEE CHESSY,0
2025-12-23,MONTPELLIER SAINT ROCH,NIMES CENTRE,1
2025-12-23,MONTPELLIER SAINT ROCH,VALENCE TGV AUVERGNE RHONE ALPES,0
2025-12-23,MONTPELLIER SUD DE FRANCE,AEROPORT ROISSY CDG 2 TGV,0
2025-12-23,MONTPELLIER SUD DE FRANCE,ARRAS,0
2025-12-23,MONTPELLIER SUD DE FRANCE,BRUXELLES MIDI,0
2025-12-23,MONTPELLIER SUD DE FRANCE,LILLE (intramuros),0
2025-12-23,MONTPELLIER SUD DE FRANCE,LYON (intramuros),1
2025-12-23,MONTPELLIER SUD DE FRANCE,MARNE LA VALLEE CHESSY,0
2025-12-23,MONTPELLIER SUD DE FRANCE,NIMES PONT DU GARD,1
2025-12-23,MONTPELLIER SUD DE FRANCE,TGV HAUTE PICARDIE,0
2025-12-23,MONTPELLIER SUD DE FRANCE,VALENCE TGV AUVERGNE RHONE ALPES,1
2025-12-23,NIMES CENTRE,AEROPORT ROISSY CDG 2 TGV,0
2025-12-23,NIMES CENTRE,BRUXELLES MIDI,0
2025-12-23,NIMES CENTRE,LILLE (intramuros),0
2025-12-23,NIMES CENTRE,LYON (intramuros),0
2025-12-23,NIMES CENTRE,MARNE LA VALLEE CHESSY,0
2025-12-23,NIMES CENTRE,MONTPELLIER SAINT ROCH,1
2025-12-23,NIMES CENTRE,VALENCE TGV AUVERGNE RHONE ALPES,0
2025-12-23,NIMES PONT DU GARD,AEROPORT ROISSY CDG 2 TGV,0
2025-12-23,NIMES PONT DU GARD,ARRAS,0
2025-12-23,NIMES PONT DU GARD,BRUXELLES MIDI,0
2025-12-23,NIMES PONT DU GARD,LILLE (intramuros),0
2025-12-23,NIMES PONT DU GARD,LYON (intramuros),1
2025-12-23,NIMES PONT DU GARD,MARNE LA VALLEE CHESSY,0
2025-12-23,NIMES PONT DU GARD,MONTPELLIER SUD DE FRANCE,1
2025-12-23,NIMES PONT DU GARD,TGV HAUTE PICARDIE,0
2025-12-23,NIMES PONT DU GARD,VALENCE TGV AUVERGNE RHONE ALPES,1
2025-12-23,PARIS (intramuros),AIX EN PROVENCE TGV,0
2025-12-23,PARIS (intramuros),AVIGNON TGV,0
2025-12-23,PARIS (intramuros),MARSEILLE ST CHARLES,0
2025-12-23,TGV HAUTE PICARDIE,AEROPORT ROISSY CDG 2 TGV,1
2025-12-23,TGV HAUTE PICARDIE,AIX EN PROVENCE TGV,0
2025-12-23,TGV HAUTE PICARDIE,ARRAS,1
2025-12-23,TGV HAUTE PICARDIE,AVIGNON TGV,0
2025-12-23,TGV HAUTE PICARDIE,BRUXELLES MIDI,0
2025-12-23,TGV HAUTE PICARDIE,DOUAI,1
2025-12-23,TGV HAUTE PICARDIE,LILLE (intramuros),1
2025-12-23,TGV HAUTE PICARDIE,LYON (intramuros),0
2025-12-23,TGV HAUTE PICARDIE,MARNE LA VALLEE CHESSY,1
2025-12-23,TGV HAUTE PICARDIE,MARSEILLE ST CHARLES,0
2025-12-23,TGV HAUTE PICARDIE,VALENCE TGV AUVERGNE RHONE ALPES,0
2025-12-23,VALENCE TGV AUVERGNE RHONE ALPES,AEROPORT ROISSY CDG 2 TGV,0
2025-12-23,VALENCE TGV AUVERGNE RHONE ALPES,ARRAS,0
2025-12-23,VALENCE TGV AUVERGNE RHONE ALPES,AVIGNON TGV,0
2025-12-23,VALENCE TGV AUVERGNE RHONE ALPES,BRUXELLES MIDI,0
2025-12-23,VALENCE TGV AUVERGNE RHONE ALPES,LILLE (intramuros),0
2025-12-23,VALENCE TGV AUVERGNE RHONE ALPES,LYON (intramuros),1
2025-12-23,VALENCE TGV AUVERGNE RHONE ALPES,MARNE LA VALLEE CHESSY,0
2025-12-23,VALENCE TGV AUVERGNE RHONE ALPES,MARSEILLE ST CHARLES,0
2025-12-23,VALENCE TGV AUVERGNE RHONE ALPES,MONTPELLIER SAINT ROCH,0
2025-12-23,VALENCE TGV AUVERGNE RHONE ALPES,MONTPELLIER SUD DE FRANCE,0
2025-12-23,VALENCE TGV AUVERGNE RHONE ALPES,NIMES CENTRE,0
2025-12-23,VALENCE TGV AUVERGNE RHONE ALPES,NIMES PONT DU GARD,0
2025-12-23,VALENCE TGV AUVERGNE RHONE ALPES,TGV HAUTE PICARDIE,0
2025-12-24,AEROPORT ROISSY CDG 2 TGV,AGDE,0
2025-12-24,AEROPORT ROISSY CDG 2 TGV,AIX EN PROVENCE TGV,0
2025-12-24,AEROPORT ROISSY CDG 2 TGV,ARRAS,1
2025-12-24,AEROPORT ROISSY CDG 2 TGV,AVIGNON TGV,0
2025-12-24,AEROPORT ROISSY CDG 2 TGV,BEZIERS,0
2025-12-24,AEROPORT ROISSY CDG 2 TGV,BRUXELLES MIDI,1
2025-12-24,AEROPORT ROISSY CDG 2 TGV,DOUAI,1
2025-12-24,AEROPORT ROISSY CDG 2 TGV,LILLE (intramuros),1
2025-12-24,AEROPORT ROISSY CDG 2 TGV,LYON (intramuros),1
2025-12-24,AEROPORT ROISSY CDG 2 TGV,MARNE LA VALLEE CHESSY,0
2025-12-24,AEROPORT ROISSY CDG 2 TGV,MARSEILLE ST CHARLES,0
2025-12-24,AEROPORT ROISSY CDG 2 TGV,MONTPELLIER SAINT ROCH,0
2025-12-24,AEROPORT ROISSY CDG 2 TGV,MONTPELLIER SUD DE FRANCE,0
2025-12-24,AEROPORT ROISSY CDG 2 TGV,NARBONNE,0
2025-12-24,AEROPORT ROISSY CDG 2 TGV,NIMES CENTRE,0
2025-12-24,AEROPORT ROISSY CDG 2 TGV,NIMES PONT DU GARD,0
2025-12-24,AEROPORT ROISSY CDG 2 TGV,PERPIGNAN,0
2025-12-24,AEROPORT ROISSY CDG 2 TGV,SETE,0
2025-12-24,AEROPORT ROISSY CDG 2 TGV,TGV HAUTE PICARDIE,1
2025-12-24,AEROPORT ROISSY CDG 2 TGV,VALENCE TGV AUVERGNE RHONE ALPES,0
2025-12-24,AGDE,BEZIERS,0
2025-12-24,AGDE,NARBONNE,0
2025-12-24,AGDE,PERPIGNAN,0
2025-12-24,AIX EN PROVENCE TGV,AEROPORT ROISSY CDG 2 TGV,1
2025-12-24,AIX EN PROVENCE TGV,AVIGNON TGV,1
2025-12-24,AIX EN PROVENCE TGV,BRUXELLES MIDI,0
2025-12-24,AIX EN PROVENCE TGV,LILLE (intramuros),0
2025-12-24,AIX EN PROVENCE TGV,LYON (intramuros),1
2025-12-24,AIX EN PROVENCE TGV,MARNE LA VALLEE CHESSY,1
2025-12-24,AIX EN PROVENCE TGV,MARSEILLE ST CHARLES,1
2025-12-24,ARRAS,AEROPORT ROISSY CDG 2 TGV,1
2025-12-24,ARRAS,BRUXELLES MIDI,0
2025-12-24,ARRAS,DOUAI,1
2025-12-24,ARRAS,LILLE (intramuros),1
2025-12-24,ARRAS,LYON (intramuros),1
2025-12-24,ARRAS,MARNE LA VALLEE CHESSY,1
2025-12-24,ARRAS,TGV HAUTE PICARDIE,1
2025-12-24,AVIGNON TGV,AEROPORT ROISSY CDG 2 TGV,1
2025-12-24,AVIGNON TGV,AIX EN PROVENCE TGV,1
2025-12-24,AVIGNON TGV,BRUXELLES MIDI,0
2025-12-24,AVIGNON TGV,LILLE (intramuros),0
2025-12-24,AVIGNON TGV,LYON (intramuros),1
2025-12-24,AVIGNON TGV,MARNE LA VALLEE CHESSY,1
2025-12-24,AVIGNON TGV,MARSEILLE ST CHARLES,1
2025-12-24,BEZIERS,NARBONNE,0
2025-12-24,BEZIERS,PERPIGNAN,0
2025-12-24,BRUXELLES MIDI,AEROPORT ROISSY CDG 2 TGV,0
2025-12-24,BRUXELLES MIDI,AGDE,0
2025-12-24,BRUXELLES MIDI,AIX EN PROVENCE TGV,0
2025-12-24,BRUXELLES MIDI,AVIGNON TGV,0
2025-12-24,BRUXELLES MIDI,BEZIERS,0
2025-12-24,BRUXELLES MIDI,LILLE (intramuros),1
2025-12-24,BRUXELLES MIDI,LYON (intramuros),0
2025-12-24,BRUXELLES MIDI,MARNE LA VALLEE CHESSY,0
2025-12-24,BRUXELLES MIDI,MARSEILLE ST CHARLES,0
2025-12-24,BRUXELLES MIDI,MONTPELLIER SAINT ROCH,0
2025-12-24,BRUXELLES MIDI,MONTPELLIER SUD DE FRANCE,0
2025-12-24,BRUXELLES MIDI,NARBONNE,0
2025-12-24,BRUXELLES MIDI,NIMES CENTRE,0
2025-12-24,BRUXELLES MIDI,NIMES PONT DU GARD,0
2025-12-24,BRUXELLES MIDI,PERPIGNAN,0
2025-12-24,BRUXELLES MIDI,SETE,0
2025-12-24,BRUXELLES MIDI,TGV HAUTE PICARDIE,1
2025-12-24,BRUXELLES MIDI,VALENCE TGV AUVERGNE RHONE ALPES,0
2025-12-24,DOUAI,LILLE (intramuros),1
2025-12-24,LE CREUSOT MONTCEAU MONTCHANIN,AEROPORT ROISSY CDG 2 TGV,0
2025-12-24,LE CREUSOT MONTCEAU MONTCHANIN,BRUXELLES MIDI,0
2025-12-24,LE CREUSOT MONTCEAU MONTCHANIN,LILLE (intramuros),0
2025-12-24,LE CREUSOT MONTCEAU MONTCHANIN,MARNE LA VALLEE CHESSY,0
2025-12-24,LILLE (intramuros),AEROPORT ROISSY CDG 2 TGV,1
2025-12-24,LILLE (intramuros),AGDE,0
2025-12-24,LILLE (intramuros),AIX EN PROVENCE TGV,0
2025-12-24,LILLE (intramuros),ARRAS,1
2025-12-24,LILLE (intramuros),AVIGNON TGV,0
2025-12-24,LILLE (intramuros),BEZIERS,0
2025-12-24,LILLE (intramuros),BRUXELLES MIDI,1
2025-12-24,LILLE (intramuros),LYON (intramuros),1
2025-12-24,LILLE (intramuros),MARNE LA VALLEE CHESSY,1
2025-12-24,LILLE (intramuros),MARSEILLE ST CHARLES,0
2025-12-24,LILLE (intramuros),MONTPELLIER SAINT ROCH,0
2025-12-24,LILLE (intramuros),MONTPELLIER SUD DE FRANCE,0
2025-12-24,LILLE (intramuros),NARBONNE,0
2025-12-24,LILLE (intramuros),NIMES CENTRE,0
2025-12-24,LILLE (intramuros),NIMES PONT DU GARD,0
2025-12-24,LILLE (intramuros),PERPIGNAN,0
2025-12-24,LILLE (intramuros),SETE,0
2025-12-24,LILLE (intramuros),TGV HAUTE PICARDIE,1
2025-12-24,LILLE (intramuros),VALENCE TGV AUVERGNE RHONE ALPES,0
2025-12-24,LYON (intramuros),AEROPORT ROISSY CDG 2 TGV,1
2025-12-24,LYON (intramuros),AGDE,0
2025-12-24,LYON (intramuros),AIX EN PROVENCE TGV,1
2025-12-24,LYON (intramuros),ARRAS,1
2025-12-24,LYON (intramuros),AVIGNON TGV,1
2025-12-24,LYON (intramuros),BEZIERS,0
2025-12-24,LYON (intramuros),BRUXELLES MIDI,0
2025-12-24,LYON (intramuros),DOUAI,1
2025-12-24,LYON (intramuros),LE CREUSOT MONTCEAU MONTCHANIN,1
2025-12-24,LYON (intramuros),LILLE (intramuros),1
2025-12-24,LYON (intramuros),LYON (intramuros),1
2025-12-24,LYON (intramuros),MARNE LA VALLEE CHESSY,1
2025-12-24,LYON (intramuros),MARSEILLE ST CHARLES,1
2025-12-24,LYON (intramuros),MONTPELLIER SAINT ROCH,0
2025-12-24,LYON (intramuros),MONTPELLIER SUD DE FRANCE,0
2025-12-24,LYON (intramuros),NARBONNE,0
2025-12-24,LYON (intramuros),NIMES CENTRE,0
2025-12-24,LYON (intramuros),NIMES PONT DU GARD,0
2025-12-24,LYON (intramuros),PERPIGNAN,0
2025-12-24,LYON (intramuros),SETE,0
2025-12-24,LYON (intramuros),TGV HAUTE PICARDIE,1
2025-12-24,LYON (intramuros),VALENCE TGV AUVERGNE RHONE ALPES,0
2025-12-24,MARNE LA VALLEE CHESSY,AEROPORT ROISSY CDG 2 TGV,0
2025-12-24,MARNE LA VALLEE CHESSY,AGDE,0
2025-12-24,MARNE LA VALLEE CHESSY,AIX EN PROVENCE TGV,0
2025-12-24,MARNE LA VALLEE CHESSY,ARRAS,1
2025-12-24,MARNE LA VALLEE CHESSY,AVIGNON TGV,0
2025-12-24,MARNE LA VALLEE CHESSY,BEZIERS,0
2025-12-24,MARNE LA VALLEE CHESSY,BRUXELLES MIDI,1
2025-12-24,MARNE LA VALLEE CHESSY,DOUAI,1
2025-12-24,MARNE LA VALLEE CHESSY,LILLE (intramuros),1
2025-12-24,MARNE LA VALLEE CHESSY,LYON (intramuros),1
2025-12-24,MARNE LA VALLEE CHESSY,MARSEILLE ST CHARLES,0
2025-12-24,MARNE LA VALLEE CHESSY,MONTPELLIER SAINT ROCH,0
2025-12-24,MARNE LA VALLEE CHESSY,MONTPELLIER SUD DE FRANCE,0
2025-12-24,MARNE LA VALLEE CHESSY,NARBONNE,0
2025-12-24,MARNE LA VALLEE CHESSY,NIMES CENTRE,0
2025-12-24,MARNE LA VALLEE CHESSY,NIMES PONT DU GARD,0
2025-12-24,MARNE LA VALLEE CHESSY,PERPIGNAN,0
2025-12-24,MARNE LA VALLEE CHESSY,SETE,0
2025-12-24,MARNE LA VALLEE CHESSY,TGV HAUTE PICARDIE,1
2025-12-24,MARNE LA VALLEE CHESSY,VALENCE TGV AUVERGNE RHONE ALPES,0
2025-12-24,MARSEILLE ST CHARLES,AEROPORT ROISSY CDG 2 TGV,1
2025-12-24,MARSEILLE ST CHARLES,AIX EN PROVENCE TGV,1
2025-12-24,MARSEILLE ST CHARLES,AVIGNON TGV,1
2025-12-24,MARSEILLE ST CHARLES,BRUXELLES MIDI,0
2025-12-24,MARSEILLE ST CHARLES,LILLE (intramuros),0
2025-12-24,MARSEILLE ST CHARLES,LYON (intramuros),1
2025-12-24,MARSEILLE ST CHARLES,MARNE LA VALLEE CHESSY,1
2025-12-24,MONTPELLIER SAINT ROCH,AEROPORT ROISSY CDG 2 TGV,0
2025-12-24,MONTPELLIER SAINT ROCH,AGDE,0
2025-12-24,MONTPELLIER SAINT ROCH,BEZIERS,0
2025-12-24,MONTPELLIER SAINT ROCH,BRUXELLES MIDI,0
2025-12-24,MONTPELLIER SAINT ROCH,LILLE (intramuros),0
2025-12-24,MONTPELLIER SAINT ROCH,LYON (intramuros),0
2025-12-24,MONTPELLIER SAINT ROCH,MARNE LA VALLEE CHESSY,0
2025-12-24,MONTPELLIER SAINT ROCH,NARBONNE,0
2025-12-24,MONTPELLIER SAINT ROCH,NIMES CENTRE,1
2025-12-24,MONTPELLIER SAINT ROCH,PERPIGNAN,0
2025-12-24,MONTPELLIER SAINT ROCH,SETE,0
2025-12-24,MONTPELLIER SAINT ROCH,VALENCE TGV AUVERGNE RHONE ALPES,0
2025-12-24,MONTPELLIER SUD DE FRANCE,AEROPORT ROISSY CDG 2 TGV,0
2025-12-24,MONTPELLIER SUD DE FRANCE,ARRAS,0
2025-12-24,MONTPELLIER SUD DE FRANCE,BRUXELLES MIDI,0
2025-12-24,MONTPELLIER SUD DE FRANCE,LILLE (intramuros),0
2025-12-24,MONTPELLIER SUD DE FRANCE,LYON (intramuros),0
2025-12-24,MONTPELLIER SUD DE FRANCE,MARNE LA VALLEE CHESSY,0
2025-12-24,MONTPELLIER SUD DE FRANCE,NIMES PONT DU GARD,1
2025-12-24,MONTPELLIER SUD DE FRANCE,TGV HAUTE PICARDIE,0
2025-12-24,MONTPELLIER SUD DE FRANCE,VALENCE TGV AUVERGNE RHONE ALPES,0
2025-12-24,NARBONNE,PERPIGNAN,0
2025-12-24,NIMES CENTRE,AEROPORT ROISSY CDG 2 TGV,0
2025-12-24,NIMES CENTRE,AGDE,0
2025-12-24,NIMES CENTRE,BEZIERS,0
2025-12-24,NIMES CENTRE,BRUXELLES MIDI,0
2025-12-24,NIMES CENTRE,LILLE (intramuros),0
2025-12-24,NIMES CENTRE,LYON (intramuros),0
2025-12-24,NIMES CENTRE,MARNE LA VALLEE CHESSY,0
2025-12-24,NIMES CENTRE,MONTPELLIER SAINT ROCH,1
2025-12-24,NIMES CENTRE,NARBONNE,0
2025-12-24,NIMES CENTRE,PERPIGNAN,0
2025-12-24,NIMES CENTRE,SETE,0
2025-12-24,NIMES CENTRE,VALENCE TGV AUVERGNE RHONE ALPES,0
2025-12-24,NIMES PONT DU GARD,AEROPORT ROISSY CDG 2 TGV,0
2025-12-24,NIMES PONT DU GARD,ARRAS,0
2025-12-24,NIMES PONT DU GARD,BRUXELLES MIDI,0
2025-12-24,NIMES PONT DU GARD,LILLE (intramuros),0
2025-12-24,NIMES PONT DU GARD,LYON (intramuros),0
2025-12-24,NIMES PONT DU GARD,MARNE LA VALLEE CHESSY,0
2025-12-24,NIMES PONT DU GARD,MONTPELLIER SUD DE FRANCE,1
2025-12-24,NIMES PONT DU GARD,TGV HAUTE PICARDIE,0
2025-12-24,NIMES PONT DU GARD,VALENCE TGV AUVERGNE RHONE ALPES,0
2025-12-24,PARIS (intramuros),AIX EN PROVENCE TGV,1
2025-12-24,PARIS (intramuros),AVIGNON TGV,1
2025-12-24,PARIS (intramuros),MARSEILLE ST CHARLES,1
2025-12-24,SETE,AGDE,0
2025-12-24,SETE,BEZIERS,0
2025-12-24,SETE,NARBONNE,0
2025-12-24,SETE,PERPIGNAN,0
2025-12-24,TGV HAUTE PICARDIE,AEROPORT ROISSY CDG 2 TGV,1
2025-12-24,TGV HAUTE PICARDIE,ARRAS,1
2025-12-24,TGV HAUTE PICARDIE,AVIGNON TGV,0
2025-12-24,TGV HAUTE PICARDIE,BRUXELLES MIDI,0
2025-12-24,TGV HAUTE PICARDIE,DOUAI,1
2025-12-24,TGV HAUTE PICARDIE,LILLE (intramuros),1
2025-12-24,TGV HAUTE PICARDIE,LYON (intramuros),1
2025-12-24,TGV HAUTE PICARDIE,MARNE LA VALLEE CHESSY,1
2025-12-24,TGV HAUTE PICARDIE,MARSEILLE ST CHARLES,0
2025-12-24,TGV HAUTE PICARDIE,VALENCE TGV AUVERGNE RHONE ALPES,0
2025-12-24,VALENCE TGV AUVERGNE RHONE ALPES,AEROPORT ROISSY CDG 2 TGV,0
2025-12-24,VALENCE TGV AUVERGNE RHONE ALPES,AGDE,0
2025-12-24,VALENCE TGV AUVERGNE RHONE ALPES,AIX EN PROVENCE TGV,1
2025-12-24,VALENCE TGV AUVERGNE RHONE ALPES,ARRAS,0
2025-12-24,VALENCE TGV AUVERGNE RHONE ALPES,AVIGNON TGV,1
2025-12-24,VALENCE TGV AUVERGNE RHONE ALPES,BEZIERS,0
2025-12-24,VALENCE TGV AUVERGNE RHONE ALPES,BRUXELLES MIDI,0
2025-12-24,VALENCE TGV AUVERGNE RHONE ALPES,LILLE (intramuros),0
2025-12-24,VALENCE TGV AUVERGNE RHONE ALPES,LYON (intramuros),0
2025-12-24,VALENCE TGV AUVERGNE RHONE ALPES,MARNE LA VALLEE CHESSY,0
2025-12-24,VALENCE TGV AUVERGNE RHONE ALPES,MARSEILLE ST CHARLES,1
2025-12-24,VALENCE TGV AUVERGNE RHONE ALPES,MONTPELLIER SAINT ROCH,0
2025-12-24,VALENCE TGV AUVERGNE RHONE ALPES,MONTPELLIER SUD DE FRANCE,0
2025-12-24,VALENCE TGV AUVERGNE RHONE ALPES,NARBONNE,0
2025-12-24,VALENCE TGV AUVERGNE RHONE ALPES,NIMES CENTRE,0
2025-12-24,VALENCE TGV AUVERGNE RHONE ALPES,NIMES PONT DU GARD,0
2025-12-24,VALENCE TGV AUVERGNE RHONE ALPES,PERPIGNAN,0
2025-12-24,VALENCE TGV AUVERGNE RHONE ALPES,SETE,0
2025-12-24,VALENCE TGV AUVERGNE RHONE ALPES,TGV HAUTE PICARDIE,0
2025-12-25,AEROPORT ROISSY CDG 2 TGV,AIX EN PROVENCE TGV,0
2025-12-25,AEROPORT ROISSY CDG 2 TGV,ARRAS,0
2025-12-25,AEROPORT ROISSY CDG 2 TGV,AVIGNON TGV,0
2025-12-25,AEROPORT ROISSY CDG 2 TGV,BRUXELLES MIDI,1
2025-12-25,AEROPORT ROISSY CDG 2 TGV,LILLE (intramuros),1
2025-12-25,AEROPORT ROISSY CDG 2 TGV,LYON (intramuros),0
2025-12-25,AEROPORT ROISSY CDG 2 TGV,MARNE LA VALLEE CHESSY,1
2025-12-25,AEROPORT ROISSY CDG 2 TGV,MARSEILLE ST CHARLES,0
2025-12-25,AEROPORT ROISSY CDG 2 TGV,MONTPELLIER SAINT ROCH,0
2025-12-25,AEROPORT ROISSY CDG 2 TGV,MONTPELLIER SUD DE FRANCE,0
2025-12-25,AEROPORT ROISSY CDG 2 TGV,NIMES CENTRE,0
2025-12-25,AEROPORT ROISSY CDG 2 TGV,NIMES PONT DU GARD,0
2025-12-25,AEROPORT ROISSY CDG 2 TGV,TGV HAUTE PICARDIE,0
2025-12-25,AEROPORT ROISSY CDG 2 TGV,VALENCE TGV AUVERGNE RHONE ALPES,0
2025-12-25,AGDE,AEROPORT ROISSY CDG 2 TGV,0
2025-12-25,AGDE,ARRAS,0
2025-12-25,AGDE,BRUXELLES MIDI,0
2025-12-25,AGDE,LILLE (intramuros),0
2025-12-25,AGDE,LYON (intramuros),0
2025-12-25,AGDE,MARNE LA VALLEE CHESSY,0
2025-12-25,AGDE,MONTPELLIER SAINT ROCH,0
2025-12-25,AGDE,NIMES CENTRE,0
2025-12-25,AGDE,SETE,0
2025-12-25,AGDE,TGV HAUTE PICARDIE,0
2025-12-25,AGDE,VALENCE TGV AUVERGNE RHONE ALPES,0
2025-12-25,AIX EN PROVENCE TGV,AEROPORT ROISSY CDG 2 TGV,0
2025-12-25,AIX EN PROVENCE TGV,AVIGNON TGV,1
2025-12-25,AIX EN PROVENCE TGV,BRUXELLES MIDI,0
2025-12-25,AIX EN PROVENCE TGV,LILLE (intramuros),0
2025-12-25,AIX EN PROVENCE TGV,LYON (intramuros),0
2025-12-25,AIX EN PROVENCE TGV,MARNE LA VALLEE CHESSY,0
2025-12-25,AIX EN PROVENCE TGV,MARSEILLE ST CHARLES,1
2025-12-25,ARRAS,BRUXELLES MIDI,0
2025-12-25,ARRAS,LILLE (intramuros),1
2025-12-25,AVIGNON TGV,AEROPORT ROISSY CDG 2 TGV,0
2025-12-25,AVIGNON TGV,AIX EN PROVENCE TGV,1
2025-12-25,AVIGNON TGV,BRUXELLES MIDI,0
2025-12-25,AVIGNON TGV,LILLE (intramuros),0
2025-12-25,AVIGNON TGV,LYON (intramuros),0
2025-12-25,AVIGNON TGV,MARNE LA VALLEE CHESSY,0
2025-12-25,AVIGNON TGV,MARSEILLE ST CHARLES,1
2025-12-25,BEZIERS,AEROPORT ROISSY CDG 2 TGV,0
2025-12-25,BEZIERS,AGDE,0
2025-12-25,BEZIERS,ARRAS,0
2025-12-25,BEZIERS,BRUXELLES MIDI,0
2025-12-25,BEZIERS,LILLE (intramuros),0
2025-12-25,BEZIERS,LYON (intramuros),0
2025-12-25,BEZIERS,MARNE LA VALLEE CHESSY,0
2025-12-25,BEZIERS,MONTPELLIER SAINT ROCH,0
2025-12-25,BEZIERS,NIMES CENTRE,0
2025-12-25,BEZIERS,SETE,0
2025-12-25,BEZIERS,TGV HAUTE PICARDIE,0
2025-12-25,BEZIERS,VALENCE TGV AUVERGNE RHONE ALPES,0
2025-12-25,BRUXELLES MIDI,AEROPORT ROISSY CDG 2 TGV,1
2025-12-25,BRUXELLES MIDI,AIX EN PROVENCE TGV,0
2025-12-25,BRUXELLES MIDI,AVIGNON TGV,0
2025-12-25,BRUXELLES MIDI,LILLE (intramuros),1
2025-12-25,BRUXELLES MIDI,LYON (intramuros),0
2025-12-25,BRUXELLES MIDI,MARNE LA VALLEE CHESSY,1
2025-12-25,BRUXELLES MIDI,MARSEILLE ST CHARLES,0
2025-12-25,BRUXELLES MIDI,MONTPELLIER SAINT ROCH,0
2025-12-25,BRUXELLES MIDI,MONTPELLIER SUD DE FRANCE,0
2025-12-25,BRUXELLES MIDI,NIMES CENTRE,0
2025-12-25,BRUXELLES MIDI,NIMES PONT DU GARD,0
2025-12-25,BRUXELLES MIDI,TGV HAUTE PICARDIE,1
2025-12-25,BRUXELLES MIDI,VALENCE TGV AUVERGNE RHONE ALPES,0
2025-12-25,LE CREUSOT MONTCEAU MONTCHANIN,AEROPORT ROISSY CDG 2 TGV,0
2025-12-25,LE CREUSOT MONTCEAU MONTCHANIN,BRUXELLES MIDI,0
2025-12-25,LE CREUSOT MONTCEAU MONTCHANIN,LILLE (intramuros),0
2025-12-25,LE CREUSOT MONTCEAU MONTCHANIN,MARNE LA VALLEE CHESSY,0
2025-12-25,LILLE (intramuros),AEROPORT ROISSY CDG 2 TGV,1
2025-12-25,LILLE (intramuros),AIX EN PROVENCE TGV,0
2025-12-25,LILLE (intramuros),AVIGNON TGV,0
2025-12-25,LILLE (intramuros),BRUXELLES MIDI,1
2025-12-25,LILLE (intramuros),LYON (intramuros),0
2025-12-25,LILLE (intramuros),MARNE LA VALLEE CHESSY,1
2025-12-25,LILLE (intramuros),MARSEILLE ST CHARLES,0
2025-12-25,LILLE (intramuros),MONTPELLIER SAINT ROCH,0
2025-12-25,LILLE (intramuros),MONTPELLIER SUD DE FRANCE,0
2025-12-25,LILLE (intramuros),NIMES CENTRE,0
2025-12-25,LILLE (intramuros),NIMES PONT DU GARD,0
2025-12-25,LILLE (intramuros),TGV HAUTE PICARDIE,1
2025-12-25,LILLE (intramuros),VALENCE TGV AUVERGNE RHONE ALPES,0
2025-12-25,LYON (intramuros),AEROPORT ROISSY CDG 2 TGV,1
2025-12-25,LYON (intramuros),AIX EN PROVENCE TGV,1
2025-12-25,LYON (intramuros),ARRAS,0
2025-12-25,LYON (intramuros),AVIGNON TGV,1
2025-12-25,LYON (intramuros),BRUXELLES MIDI,1
2025-12-25,LYON (intramuros),LE CREUSOT MONTCEAU MONTCHANIN,1
2025-12-25,LYON (intramuros),LILLE (intramuros),1
2025-12-25,LYON (intramuros),LYON (intramuros),0
2025-12-25,LYON (intramuros),MARNE LA VALLEE CHESSY,1
2025-12-25,LYON (intramuros),MARSEILLE ST CHARLES,1
2025-12-25,LYON (intramuros),MONTPELLIER SAINT ROCH,0
2025-12-25,LYON (intramuros),MONTPELLIER SUD DE FRANCE,0
2025-12-25,LYON (intramuros),NIMES CENTRE,0
2025-12-25,LYON (intramuros),NIMES PONT DU GARD,0
2025-12-25,LYON (intramuros),TGV HAUTE PICARDIE,0
2025-12-25,LYON (intramuros),VALENCE TGV AUVERGNE RHONE ALPES,1
2025-12-25,MARNE LA VALLEE CHESSY,AEROPORT ROISSY CDG 2 TGV,1
2025-12-25,MARNE LA VALLEE CHESSY,AIX EN PROVENCE TGV,0
2025-12-25,MARNE LA VALLEE CHESSY,ARRAS,0
2025-12-25,MARNE LA VALLEE CHESSY,AVIGNON TGV,0
2025-12-25,MARNE LA VALLEE CHESSY,BRUXELLES MIDI,1
2025-12-25,MARNE LA VALLEE CHESSY,LILLE (intramuros),1
2025-12-25,MARNE LA VALLEE CHESSY,LYON (intramuros),0
2025-12-25,MARNE LA VALLEE CHESSY,MARSEILLE ST CHARLES,0
2025-12-25,MARNE LA VALLEE CHESSY,MONTPELLIER SAINT ROCH,0
2025-12-25,MARNE LA VALLEE CHESSY,MONTPELLIER SUD DE FRANCE,0
2025-12-25,MARNE LA VALLEE CHESSY,NIMES CENTRE,0
2025-12-25,MARNE LA VALLEE CHESSY,NIMES PONT DU GARD,0
2025-12-25,MARNE LA VALLEE CHESSY,TGV HAUTE PICARDIE,0
2025-12-25,MARNE LA VALLEE CHESSY,VALENCE TGV AUVERGNE RHONE ALPES,0
2025-12-25,MARSEILLE ST CHARLES,AEROPORT ROISSY CDG 2 TGV,0
2025-12-25,MARSEILLE ST CHARLES,AIX EN PROVENCE TGV,1
2025-12-25,MARSEILLE ST CHARLES,AVIGNON TGV,1
2025-12-25,MARSEILLE ST CHARLES,BRUXELLES MIDI,0
2025-12-25,MARSEILLE ST CHARLES,LILLE (intramuros),0
2025-12-25,MARSEILLE ST CHARLES,LYON (intramuros),0
2025-12-25,MARSEILLE ST CHARLES,MARNE LA VALLEE CHESSY,0
2025-12-25,MONTPELLIER SAINT ROCH,AEROPORT ROISSY CDG 2 TGV,0
2025-12-25,MONTPELLIER SAINT ROCH,ARRAS,0
2025-12-25,MONTPELLIER SAINT ROCH,BRUXELLES MIDI,0
2025-12-25,MONTPELLIER SAINT ROCH,LILLE (intramuros),0
2025-12-25,MONTPELLIER SAINT ROCH,LYON (intramuros),0
2025-12-25,MONTPELLIER SAINT ROCH,MARNE LA VALLEE CHESSY,0
2025-12-25,MONTPELLIER SAINT ROCH,NIMES CENTRE,1
2025-12-25,MONTPELLIER SAINT ROCH,TGV HAUTE PICARDIE,0
2025-12-25,MONTPELLIER SAINT ROCH,VALENCE TGV AUVERGNE RHONE ALPES,0
2025-12-25,MONTPELLIER SUD DE FRANCE,AEROPORT ROISSY CDG 2 TGV,0
2025-12-25,MONTPELLIER SUD DE FRANCE,LILLE (intramuros),0
2025-12-25,MONTPELLIER SUD DE FRANCE,LYON (intramuros),0
2025-12-25,MONTPELLIER SUD DE FRANCE,MARNE LA VALLEE CHESSY,0
2025-12-25,MONTPELLIER SUD DE FRANCE,NIMES PONT DU GARD,1
2025-12-25,MONTPELLIER SUD DE FRANCE,VALENCE TGV AUVERGNE RHONE ALPES,0
2025-12-25,NARBONNE,AEROPORT ROISSY CDG 2 TGV,0
2025-12-25,NARBONNE,AGDE,0
2025-12-25,NARBONNE,ARRAS,0
2025-12-25,NARBONNE,BEZIERS,0
2025-12-25,NARBONNE,BRUXELLES MIDI,0
2025-12-25,NARBONNE,LILLE (intramuros),0
2025-12-25,NARBONNE,LYON (intramuros),0
2025-12-25,NARBONNE,MARNE LA VALLEE CHESSY,0
2025-12-25,NARBONNE,MONTPELLIER SAINT ROCH,0
2025-12-25,NARBONNE,NIMES CENTRE,0
2025-12-25,NARBONNE,SETE,0
2025-12-25,NARBONNE,TGV HAUTE PICARDIE,0
2025-12-25,NARBONNE,VALENCE TGV AUVERGNE RHONE ALPES,0
2025-12-25,NIMES CENTRE,AEROPORT ROISSY CDG 2 TGV,0
2025-12-25,NIMES CENTRE,ARRAS,0
2025-12-25,NIMES CENTRE,BRUXELLES MIDI,0
2025-12-25,NIMES CENTRE,LILLE (intramuros),0
2025-12-25,NIMES CENTRE,LYON (intramuros),0
2025-12-25,NIMES CENTRE,MARNE LA VALLEE CHESSY,0
2025-12-25,NIMES CENTRE,MONTPELLIER SAINT ROCH,1
2025-12-25,NIMES CENTRE,TGV HAUTE PICARDIE,0
2025-12-25,NIMES CENTRE,VALENCE TGV AUVERGNE RHONE ALPES,0
2025-12-25,NIMES PONT DU GARD,AEROPORT ROISSY CDG 2 TGV,0
2025-12-25,NIMES PONT DU GARD,LILLE (intramuros),0
2025-12-25,NIMES PONT DU GARD,LYON (intramuros),0
2025-12-25,NIMES PONT DU GARD,MARNE LA VALLEE CHESSY,0
2025-12-25,NIMES PONT DU GARD,MONTPELLIER SUD DE FRANCE,1
2025-12-25,NIMES PONT DU GARD,VALENCE TGV AUVERGNE RHONE ALPES,0
2025-12-25,PARIS (intramuros),AIX EN PROVENCE TGV,1
2025-12-25,PARIS (intramuros),AVIGNON TGV,0
2025-12-25,PARIS (intramuros),MARSEILLE ST CHARLES,1
2025-12-25,PERPIGNAN,AEROPORT ROISSY CDG 2 TGV,0
2025-12-25,PERPIGNAN,AGDE,0
2025-12-25,PERPIGNAN,ARRAS,0
2025-12-25,PERPIGNAN,BEZIERS,0
2025-12-25,PERPIGNAN,BRUXELLES MIDI,0
2025-12-25,PERPIGNAN,LILLE (intramuros),0
2025-12-25,PERPIGNAN,LYON (intramuros),0
2025-12-25,PERPIGNAN,MARNE LA VALLEE CHESSY,0
2025-12-25,PERPIGNAN,MONTPELLIER SAINT ROCH,0
2025-12-25,PERPIGNAN,NARBONNE,0
2025-12-25,PERPIGNAN,NIMES CENTRE,0
2025-12-25,PERPIGNAN,SETE,0
2025-12-25,PERPIGNAN,TGV HAUTE PICARDIE,0
2025-12-25,PERPIGNAN,VALENCE TGV AUVERGNE RHONE ALPES,0
2025-12-25,SETE,AEROPORT ROISSY CDG 2 TGV,0
2025-12-25,SETE,ARRAS,0
2025-12-25,SETE,BRUXELLES MIDI,0
2025-12-25,SETE,LILLE (intramuros),0
2025-12-25,SETE,LYON (intramuros),0
2025-12-25,SETE,MARNE LA VALLEE CHESSY,0
2025-12-25,SETE,MONTPELLIER SAINT ROCH,0
2025-12-25,SETE,NIMES CENTRE,0
2025-12-25,SETE,TGV HAUTE PICARDIE,0
2025-12-25,SETE,VALENCE TGV AUVERGNE RHONE ALPES,0
2025-12-25,TGV HAUTE PICARDIE,AEROPORT ROISSY CDG 2 TGV,0
2025-12-25,TGV HAUTE PICARDIE,ARRAS,1
2025-12-25,TGV HAUTE PICARDIE,AVIGNON TGV,0
2025-12-25,TGV HAUTE PICARDIE,BRUXELLES MIDI,0
2025-12-25,TGV HAUTE PICARDIE,LILLE (intramuros),1
2025-12-25,TGV HAUTE PICARDIE,LYON (intramuros),0
2025-12-25,TGV HAUTE PICARDIE,MARNE LA VALLEE CHESSY,0
2025-12-25,TGV HAUTE PICARDIE,MARSEILLE ST CHARLES,0
2025-12-25,TGV HAUTE PICARDIE,VALENCE TGV AUVERGNE RHONE ALPES,0
2025-12-25,VALENCE TGV AUVERGNE RHONE ALPES,AEROPORT ROISSY CDG 2 TGV,0
2025-12-25,VALENCE TGV AUVERGNE RHONE ALPES,AIX EN PROVENCE TGV,0
2025-12-25,VALENCE TGV AUVERGNE RHONE ALPES,ARRAS,0
2025-12-25,VALENCE TGV AUVERGNE RHONE ALPES,AVIGNON TGV,0
2025-12-25,VALENCE TGV AUVERGNE RHONE ALPES,BRUXELLES MIDI,0
2025-12-25,VALENCE TGV AUVERGNE RHONE ALPES,LILLE (intramuros),0
2025-12-25,VALENCE TGV AUVERGNE RHONE ALPES,LYON (intramuros),0
2025-12-25,VALENCE TGV AUVERGNE RHONE ALPES,MARNE LA VALLEE CHESSY,0
2025-12-25,VALENCE TGV AUVERGNE RHONE ALPES,MARSEILLE ST CHARLES,0
2025-12-25,VALENCE TGV AUVERGNE RHONE ALPES,MONTPELLIER SAINT ROCH,0
2025-12-25,VALENCE TGV AUVERGNE RHONE ALPES,MONTPELLIER SUD DE FRANCE,0
2025-12-25,VALENCE TGV AUVERGNE RHONE ALPES,NIMES CENTRE,0
2025-12-25,VALENCE TGV AUVERGNE RHONE ALPES,NIMES PONT DU GARD,0
2025-12-25,VALENCE TGV AUVERGNE RHONE ALPES,TGV HAUTE PICARDIE,0
2025-12-26,AEROPORT ROISSY CDG 2 TGV,AGDE,0
2025-12-26,AEROPORT ROISSY CDG 2 TGV,AIX EN PROVENCE TGV,0
2025-12-26,AEROPORT ROISSY CDG 2 TGV,ARRAS,0
2025-12-26,AEROPORT ROISSY CDG 2 TGV,AVIGNON TGV,0
2025-12-26,AEROPORT ROISSY CDG 2 TGV,BEZIERS,0
2025-12-26,AEROPORT ROISSY CDG 2 TGV,BRUXELLES MIDI,0
2025-12-26,AEROPORT ROISSY CDG 2 TGV,DOUAI,0
2025-12-26,AEROPORT ROISSY CDG 2 TGV,LILLE (intramuros),1
2025-12-26,AEROPORT ROISSY CDG 2 TGV,LYON (intramuros),0
2025-12-26,AEROPORT ROISSY CDG 2 TGV,MARNE LA VALLEE CHESSY,1
2025-12-26,AEROPORT ROISSY CDG 2 TGV,MARSEILLE ST CHARLES,0
2025-12-26,AEROPORT ROISSY CDG 2 TGV,MONTPELLIER SAINT ROCH,0
2025-12-26,AEROPORT ROISSY CDG 2 TGV,MONTPELLIER SUD DE FRANCE,0
2025-12-26,AEROPORT ROISSY CDG 2 TGV,NARBONNE,0
2025-12-26,AEROPORT ROISSY CDG 2 TGV,NIMES CENTRE,0
2025-12-26,AEROPORT ROISSY CDG 2 TGV,NIMES PONT DU GARD,0
2025-12-26,AEROPORT ROISSY CDG 2 TGV,PERPIGNAN,0
2025-12-26,AEROPORT ROISSY CDG 2 TGV,SETE,0
2025-12-26,AEROPORT ROISSY CDG 2 TGV,TGV HAUTE PICARDIE,0
2025-12-26,AEROPORT ROISSY CDG 2 TGV,VALENCE TGV AUVERGNE RHONE ALPES,0
2025-12-26,AGDE,BEZIERS,0
2025-12-26,AGDE,NARBONNE,0
2025-12-26,AGDE,PERPIGNAN,0
2025-12-26,AIX EN PROVENCE TGV,AEROPORT ROISSY CDG 2 TGV,0
2025-12-26,AIX EN PROVENCE TGV,ARRAS,0
2025-12-26,AIX EN PROVENCE TGV,AVIGNON TGV,1
2025-12-26,AIX EN PROVENCE TGV,BRUXELLES MIDI,0
2025-12-26,AIX EN PROVENCE TGV,DOUAI,0
2025-12-26,AIX EN PROVENCE TGV,LILLE (intramuros),0
2025-12-26,AIX EN PROVENCE TGV,LYON (intramuros),0
2025-12-26,AIX EN PROVENCE TGV,MARNE LA VALLEE CHESSY,0
2025-12-26,AIX EN PROVENCE TGV,MARSEILLE ST CHARLES,1
2025-12-26,AIX EN PROVENCE TGV,TGV HAUTE PICARDIE,0
2025-12-26,ARRAS,BRUXELLES MIDI,0
2025-12-26,ARRAS,DOUAI,0
2025-12-26,ARRAS,LILLE (intramuros),0
2025-12-26,AVIGNON TGV,AEROPORT ROISSY CDG 2 TGV,0
2025-12-26,AVIGNON TGV,AIX EN PROVENCE TGV,1
2025-12-26,AVIGNON TGV,ARRAS,0
2025-12-26,AVIGNON TGV,BRUXELLES MIDI,0
2025-12-26,AVIGNON TGV,DOUAI,0
2025-12-26,AVIGNON TGV,LILLE (intramuros),0
2025-12-26,AVIGNON TGV,LYON (intramuros),0
2025-12-26,AVIGNON TGV,MARNE LA VALLEE CHESSY,0
2025-12-26,AVIGNON TGV,MARSEILLE ST CHARLES,1
2025-12-26,AVIGNON TGV,TGV HAUTE PICARDIE,0
2025-12-26,BEZIERS,NARBONNE,0
2025-12-26,BEZIERS,PERPIGNAN,0
2025-12-26,BRUXELLES MIDI,AEROPORT ROISSY CDG 2 TGV,0
2025-12-26,BRUXELLES MIDI,AGDE,0
2025-12-26,BRUXELLES MIDI,AIX EN PROVENCE TGV,0
2025-12-26,BRUXELLES MIDI,AVIGNON TGV,0
2025-12-26,BRUXELLES MIDI,BEZIERS,0
2025-12-26,BRUXELLES MIDI,LILLE (intramuros),1
2025-12-26,BRUXELLES MIDI,LYON (intramuros),0
2025-12-26,BRUXELLES MIDI,MARNE LA VALLEE CHESSY,0
2025-12-26,BRUXELLES MIDI,MARSEILLE ST CHARLES,0
2025-12-26,BRUXELLES MIDI,MONTPELLIER SAINT ROCH,0
2025-12-26,BRUXELLES MIDI,MONTPELLIER SUD DE FRANCE,0
2025-12-26,BRUXELLES MIDI,NARBONNE,0
2025-12-26,BRUXELLES MIDI,NIMES CENTRE,0
2025-12-26,BRUXELLES MIDI,NIMES PONT DU GARD,0
2025-12-26,BRUXELLES MIDI,PERPIGNAN,0
2025-12-26,BRUXELLES MIDI,SETE,0
2025-12-26,BRUXELLES MIDI,TGV HAUTE PICARDIE,0
2025-12-26,BRUXELLES MIDI,VALENCE TGV AUVERGNE RHONE ALPES,0
2025-12-26,DOUAI,LILLE (intramuros),0
2025-12-26,LE CREUSOT MONTCEAU MONTCHANIN,AEROPORT ROISSY CDG 2 TGV,0
2025-12-26,LE CREUSOT MONTCEAU MONTCHANIN,BRUXELLES MIDI,0
2025-12-26,LE CREUSOT MONTCEAU MONTCHANIN,LILLE (intramuros),0
2025-12-26,LE CREUSOT MONTCEAU MONTCHANIN,MARNE LA VALLEE CHESSY,0
2025-12-26,LILLE (intramuros),AEROPORT ROISSY CDG 2 TGV,1
2025-12-26,LILLE (intramuros),AGDE,0
2025-12-26,LILLE (intramuros),AIX EN PROVENCE TGV,0
2025-12-26,LILLE (intramuros),AVIGNON TGV,0
2025-12-26,LILLE (intramuros),BEZIERS,0
2025-12-26,LILLE (intramuros),BRUXELLES MIDI,1
2025-12-26,LILLE (intramuros),LYON (intramuros),0
2025-12-26,LILLE (intramuros),MARNE LA VALLEE CHESSY,1
2025-12-26,LILLE (intramuros),MARSEILLE ST CHARLES,0
2025-12-26,LILLE (intramuros),MONTPELLIER SAINT ROCH,0
2025-12-26,LILLE (intramuros),MONTPELLIER SUD DE FRANCE,0
2025-12-26,LILLE (intramuros),NARBONNE,0
2025-12-26,LILLE (intramuros),NIMES CENTRE,0
2025-12-26,LILLE (intramuros),NIMES PONT DU GARD,0
2025-12-26,LILLE (intramuros),PERPIGNAN,0
2025-12-26,LILLE (intramuros),SETE,0
2025-12-26,LILLE (intramuros),TGV HAUTE PICARDIE,1
2025-12-26,LILLE (intramuros),VALENCE TGV AUVERGNE RHONE ALPES,0
2025-12-26,LYON (intramuros),AEROPORT ROISSY CDG 2 TGV,0
2025-12-26,LYON (intramuros),AGDE,0
2025-12-26,LYON (intramuros),AIX EN PROVENCE TGV,0
2025-12-26,LYON (intramuros),ARRAS,0
2025-12-26,LYON (intramuros),AVIGNON TGV,0
2025-12-26,LYON (intramuros),BEZIERS,0
2025-12-26,LYON (intramuros),BRUXELLES MIDI,0
2025-12-26,LYON (intramuros),DOUAI,0
2025-12-26,LYON (intramuros),LE CREUSOT MONTCEAU MONTCHANIN,0
2025-12-26,LYON (intramuros),LILLE (intramuros),0
2025-12-26,LYON (intramuros),LYON (intramuros),1
2025-12-26,LYON (intramuros),MARNE LA VALLEE CHESSY,0
2025-12-26,LYON (intramuros),MARSEILLE ST CHARLES,0
2025-12-26,LYON (intramuros),MONTPELLIER SAINT ROCH,0
2025-12-26,LYON (intramuros),MONTPELLIER SUD DE FRANCE,0
2025-12-26,LYON (intramuros),NARBONNE,0
2025-12-26,LYON (intramuros),NIMES CENTRE,0
2025-12-26,LYON (intramuros),NIMES PONT DU GARD,0
2025-12-26,LYON (intramuros),PERPIGNAN,0
2025-12-26,LYON (intramuros),SETE,0
2025-12-26,LYON (intramuros),TGV HAUTE PICARDIE,0
2025-12-26,LYON (intramuros),VALENCE TGV AUVERGNE RHONE ALPES,0
2025-12-26,MARNE LA VALLEE CHESSY,AEROPORT ROISSY CDG 2 TGV,1
2025-12-26,MARNE LA VALLEE CHESSY,AGDE,0
2025-12-26,MARNE LA VALLEE CHESSY,AIX EN PROVENCE TGV,0
2025-12-26,MARNE LA VALLEE CHESSY,ARRAS,0
2025-12-26,MARNE LA VALLEE CHESSY,AVIGNON TGV,0
2025-12-26,MARNE LA VALLEE CHESSY,BEZIERS,0
2025-12-26,MARNE LA VALLEE CHESSY,BRUXELLES MIDI,0
2025-12-26,MARNE LA VALLEE CHESSY,DOUAI,0
2025-12-26,MARNE LA VALLEE CHESSY,LILLE (intramuros),1
2025-12-26,MARNE LA VALLEE CHESSY,LYON (intramuros),0
2025-12-26,MARNE LA VALLEE CHESSY,MARSEILLE ST CHARLES,0
2025-12-26,MARNE LA VALLEE CHESSY,MONTPELLIER SAINT ROCH,0
2025-12-26,MARNE LA VALLEE CHESSY,MONTPELLIER SUD DE FRANCE,0
2025-12-26,MARNE LA VALLEE CHESSY,NARBONNE,0
2025-12-26,MARNE LA VALLEE CHESSY,NIMES CENTRE,0
2025-12-26,MARNE LA VALLEE CHESSY,NIMES PONT DU GARD,0
2025-12-26,MARNE LA VALLEE CHESSY,PERPIGNAN,0
2025-12-26,MARNE LA VALLEE CHESSY,SETE,0
2025-12-26,MARNE LA VALLEE CHESSY,TGV HAUTE PICARDIE,0
2025-12-26,MARNE LA VALLEE CHESSY,VALENCE TGV AUVERGNE RHONE ALPES,0
2025-12-26,MARSEILLE ST CHARLES,AEROPORT ROISSY CDG 2 TGV,0
2025-12-26,MARSEILLE ST CHARLES,AIX EN PROVENCE TGV,1
2025-12-26,MARSEILLE ST CHARLES,ARRAS,0
2025-12-26,MARSEILLE ST CHARLES,AVIGNON TGV,1
2025-12-26,MARSEILLE ST CHARLES,BRUXELLES MIDI,0
2025-12-26,MARSEILLE ST CHARLES,DOUAI,0
2025-12-26,MARSEILLE ST CHARLES,LILLE (intramuros),0
2025-12-26,MARSEILLE ST CHARLES,LYON (intramuros),0
2025-12-26,MARSEILLE ST CHARLES,MARNE LA VALLEE CHESSY,0
2025-12-26,MARSEILLE ST CHARLES,TGV HAUTE PICARDIE,0
2025-12-26,MONTPELLIER SAINT ROCH,AEROPORT ROISSY CDG 2 TGV,0
2025-12-26,MONTPELLIER SAINT ROCH,AGDE,0
2025-12-26,MONTPELLIER SAINT ROCH,BEZIERS,0
2025-12-26,MONTPELLIER SAINT ROCH,BRUXELLES MIDI,0
2025-12-26,MONTPELLIER SAINT ROCH,LILLE (intramuros),0
2025-12-26,MONTPELLIER SAINT ROCH,LYON (intramuros),0
2025-12-26,MONTPELLIER SAINT ROCH,MARNE LA VALLEE CHESSY,0
2025-12-26,MONTPELLIER SAINT ROCH,NARBONNE,0
2025-12-26,MONTPELLIER SAINT ROCH,NIMES CENTRE,1
2025-12-26,MONTPELLIER SAINT ROCH,PERPIGNAN,0
2025-12-26,MONTPELLIER SAINT ROCH,SETE,0
2025-12-26,MONTPELLIER SAINT ROCH,VALENCE TGV AUVERGNE RHONE ALPES,0
2025-12-26,MONTPELLIER SUD DE FRANCE,AEROPORT ROISSY CDG 2 TGV,0
2025-12-26,MONTPELLIER SUD DE FRANCE,ARRAS,0
2025-12-26,MONTPELLIER SUD DE FRANCE,BRUXELLES MIDI,0
2025-12-26,MONTPELLIER SUD DE FRANCE,LILLE (intramuros),0
2025-12-26,MONTPELLIER SUD DE FRANCE,LYON (intramuros),0
2025-12-26,MONTPELLIER SUD DE FRANCE,MARNE LA VALLEE CHESSY,0
2025-12-26,MONTPELLIER SUD DE FRANCE,NIMES PONT DU GARD,1
2025-12-26,MONTPELLIER SUD DE FRANCE,TGV HAUTE PICARDIE,0
2025-12-26,MONTPELLIER SUD DE FRANCE,VALENCE TGV AUVERGNE RHONE ALPES,0
2025-12-26,NARBONNE,PERPIGNAN,0
2025-12-26,NIMES CENTRE,AEROPORT ROISSY CDG 2 TGV,0
2025-12-26,NIMES CENTRE,AGDE,0
2025-12-26,NIMES CENTRE,BEZIERS,0
2025-12-26,NIMES CENTRE,BRUXELLES MIDI,0
2025-12-26,NIMES CENTRE,LILLE (intramuros),0
2025-12-26,NIMES CENTRE,LYON (intramuros),0
2025-12-26,NIMES CENTRE,MARNE LA VALLEE CHESSY,0
2025-12-26,NIMES CENTRE,MONTPELLIER SAINT ROCH,1
2025-12-26,NIMES CENTRE,NARBONNE,0
2025-12-26,NIMES CENTRE,PERPIGNAN,0
2025-12-26,NIMES CENTRE,SETE,0
2025-12-26,NIMES CENTRE,VALENCE TGV AUVERGNE RHONE ALPES,0
2025-12-26,NIMES PONT DU GARD,AEROPORT ROISSY CDG 2 TGV,0
2025-12-26,NIMES PONT DU GARD,ARRAS,0
2025-12-26,NIMES PONT DU GARD,BRUXELLES MIDI,0
2025-12-26,NIMES PONT DU GARD,LILLE (intramuros),0
2025-12-26,NIMES PONT DU GARD,LYON (intramuros),0
2025-12-26,NIMES PONT DU GARD,MARNE LA VALLEE CHESSY,0
2025-12-26,NIMES PONT DU GARD,MONTPELLIER SUD DE FRANCE,1
2025-12-26,NIMES PONT DU GARD,TGV HAUTE PICARDIE,0
2025-12-26,NIMES PONT DU GARD,VALENCE TGV AUVERGNE RHONE ALPES,0
2025-12-26,PARIS (intramuros),AIX EN PROVENCE TGV,0
2025-12-26,PARIS (intramuros),AVIGNON TGV,0
2025-12-26,PARIS (intramuros),MARSEILLE ST CHARLES,0
2025-12-26,SETE,AGDE,0
2025-12-26,SETE,BEZIERS,0
2025-12-26,SETE,NARBONNE,0
2025-12-26,SETE,PERPIGNAN,0
2025-12-26,TGV HAUTE PICARDIE,AEROPORT ROISSY CDG 2 TGV,0
2025-12-26,TGV HAUTE PICARDIE,ARRAS,0
2025-12-26,TGV HAUTE PICARDIE,AVIGNON TGV,0
2025-12-26,TGV HAUTE PICARDIE,BRUXELLES MIDI,0
2025-12-26,TGV HAUTE PICARDIE,DOUAI,0
2025-12-26,TGV HAUTE PICARDIE,LILLE (intramuros),0
2025-12-26,TGV HAUTE PICARDIE,LYON (intramuros),0
2025-12-26,TGV HAUTE PICARDIE,MARNE LA VALLEE CHESSY,0
2025-12-26,TGV HAUTE PICARDIE,MARSEILLE ST CHARLES,0
2025-12-26,TGV HAUTE PICARDIE,VALENCE TGV AUVERGNE RHONE ALPES,0
2025-12-26,VALENCE TGV AUVERGNE RHONE ALPES,AEROPORT ROISSY CDG 2 TGV,0
2025-12-26,VALENCE TGV AUVERGNE RHONE ALPES,AGDE,0
2025-12-26,VALENCE TGV AUVERGNE RHONE ALPES,AIX EN PROVENCE TGV,0
2025-12-26,VALENCE TGV AUVERGNE RHONE ALPES,ARRAS,0
2025-12-26,VALENCE TGV AUVERGNE RHONE ALPES,AVIGNON TGV,0
2025-12-26,VALENCE TGV AUVERGNE RHONE ALPES,BEZIERS,0
2025-12-26,VALENCE TGV AUVERGNE RHONE ALPES,BRUXELLES MIDI,0
2025-12-26,VALENCE TGV AUVERGNE RHONE ALPES,LILLE (intramuros),0
2025-12-26,VALENCE TGV AUVERGNE RHONE ALPES,LYON (intramuros),0
2025-12-26,VALENCE TGV AUVERGNE RHONE ALPES,MARNE LA VALLEE CHESSY,0
2025-12-26,VALENCE TGV AUVERGNE RHONE ALPES,MARSEILLE ST CHARLES,0
2025-12-26,VALENCE TGV AUVERGNE RHONE ALPES,MONTPELLIER SAINT ROCH,0
2025-12-26,VALENCE TGV AUVERGNE RHONE ALPES,MONTPELLIER SUD DE FRANCE,0
2025-12-26,VALENCE TGV AUVERGNE RHONE ALPES,NARBONNE,0
2025-12-26,VALENCE TGV AUVERGNE RHONE ALPES,NIMES CENTRE,0
2025-12-26,VALENCE TGV AUVERGNE RHONE ALPES,NIMES PONT DU GARD,0
2025-12-26,VALENCE TGV AUVERGNE RHONE ALPES,PERPIGNAN,0
2025-12-26,VALENCE TGV AUVERGNE RHONE ALPES,SETE,0
2025-12-26,VALENCE TGV AUVERGNE RHONE ALPES,TGV HAUTE PICARDIE,0
2025-12-27,AEROPORT ROISSY CDG 2 TGV,AGDE,0
2025-12-27,AEROPORT ROISSY CDG 2 TGV,AIME LA PLAGNE,0
2025-12-27,AEROPORT ROISSY CDG 2 TGV,AIX EN PROVENCE TGV,0
2025-12-27,AEROPORT ROISSY CDG 2 TGV,ALBERTVILLE,0
2025-12-27,AEROPORT ROISSY CDG 2 TGV,ARRAS,0
2025-12-27,AEROPORT ROISSY CDG 2 TGV,AVIGNON TGV,0
2025-12-27,AEROPORT ROISSY CDG 2 TGV,BEZIERS,0
2025-12-27,AEROPORT ROISSY CDG 2 TGV,BOURG SAINT MAURICE,0
2025-12-27,AEROPORT ROISSY CDG 2 TGV,BRUXELLES MIDI,1
2025-12-27,AEROPORT ROISSY CDG 2 TGV,CHAMBERY CHALLES LES EAUX,0
2025-12-27,AEROPORT ROISSY CDG 2 TGV,DOUAI,0
2025-12-27,AEROPORT ROISSY CDG 2 TGV,LANDRY,0
2025-12-27,AEROPORT ROISSY CDG 2 TGV,LILLE (intramuros),1
2025-12-27,AEROPORT ROISSY CDG 2 TGV,LYON (intramuros),0
2025-12-27,AEROPORT ROISSY CDG 2 TGV,MARNE LA VALLEE CHESSY,0
2025-12-27,AEROPORT ROISSY CDG 2 TGV,MARSEILLE ST CHARLES,0
2025-12-27,AEROPORT ROISSY CDG 2 TGV,MONTPELLIER SAINT ROCH,0
2025-12-27,AEROPORT ROISSY CDG 2 TGV,MONTPELLIER SUD DE FRANCE,0
2025-12-27,AEROPORT ROISSY CDG 2 TGV,MOUTIERS SALINS BRIDES LES BAINS,0
2025-12-27,AEROPORT ROISSY CDG 2 TGV,NARBONNE,0
2025-12-27,AEROPORT ROISSY CDG 2 TGV,NIMES CENTRE,0
2025-12-27,AEROPORT ROISSY CDG 2 TGV,NIMES PONT DU GARD,0
2025-12-27,AEROPORT ROISSY CDG 2 TGV,PERPIGNAN,0
2025-12-27,AEROPORT ROISSY CDG 2 TGV,SETE,0
2025-12-27,AEROPORT ROISSY CDG 2 TGV,TGV HAUTE PICARDIE,0
2025-12-27,AEROPORT ROISSY CDG 2 TGV,VALENCE TGV AUVERGNE RHONE ALPES,0
2025-12-27,AGDE,AEROPORT ROISSY CDG 2 TGV,0
2025-12-27,AGDE,ARRAS,0
2025-12-27,AGDE,BEZIERS,0
2025-12-27,AGDE,BRUXELLES MIDI,0
2025-12-27,AGDE,LILLE (intramuros),0
2025-12-27,AGDE,LYON (intramuros),0
2025-12-27,AGDE,MARNE LA VALLEE CHESSY,0
2025-12-27,AGDE,MONTPELLIER SAINT ROCH,0
2025-12-27,AGDE,NARBONNE,0
2025-12-27,AGDE,NIMES CENTRE,0
2025-12-27,AGDE,PERPIGNAN,0
2025-12-27,AGDE,SETE,0
2025-12-27,AGDE,TGV HAUTE PICARDIE,0
2025-12-27,AGDE,VALENCE TGV AUVERGNE RHONE ALPES,0
2025-12-27,AIME LA PLAGNE,AEROPORT ROISSY CDG 2 TGV,0
2025-12-27,AIME LA PLAGNE,ALBERTVILLE,1
2025-12-27,AIME LA PLAGNE,ARRAS,0
2025-12-27,AIME LA PLAGNE,BOURG SAINT MAURICE,0
2025-12-27,AIME LA PLAGNE,CHAMBERY CHALLES LES EAUX,1
2025-12-27,AIME LA PLAGNE,DOUAI,0
2025-12-27,AIME LA PLAGNE,LANDRY,0
2025-12-27,AIME LA PLAGNE,LILLE (intramuros),0
2025-12-27,AIME LA PLAGNE,MARNE LA VALLEE CHESSY,0
2025-12-27,AIME LA PLAGNE,MOUTIERS SALINS BRIDES LES BAINS,1
2025-12-27,AIME LA PLAGNE,TGV HAUTE PICARDIE,0
2025-12-27,AIX EN PROVENCE TGV,AEROPORT ROISSY CDG 2 TGV,0
2025-12-27,AIX EN PROVENCE TGV,AVIGNON TGV,1
2025-12-27,AIX EN PROVENCE TGV,BRUXELLES MIDI,0
2025-12-27,AIX EN PROVENCE TGV,LILLE (intramuros),0
2025-12-27,AIX EN PROVENCE TGV,LYON (intramuros),0
2025-12-27,AIX EN PROVENCE TGV,MARNE LA VALLEE CHESSY,0
2025-12-27,AIX EN PROVENCE TGV,MARSEILLE ST CHARLES,1
2025-12-27,ALBERTVILLE,AEROPORT ROISSY CDG 2 TGV,0
2025-12-27,ALBERTVILLE,AIME LA PLAGNE,0
2025-12-27,ALBERTVILLE,ARRAS,0
2025-12-27,ALBERTVILLE,BOURG SAINT MAURICE,0
2025-12-27,ALBERTVILLE,CHAMBERY CHALLES LES EAUX,1
2025-12-27,ALBERTVILLE,DOUAI,0
2025-12-27,ALBERTVILLE,LANDRY,0
2025-12-27,ALBERTVILLE,LILLE (intramuros),0
2025-12-27,ALBERTVILLE,MARNE LA VALLEE CHESSY,0
2025-12-27,ALBERTVILLE,MOUTIERS SALINS BRIDES LES BAINS,0
2025-12-27,ALBERTVILLE,TGV HAUTE PICARDIE,0
2025-12-27,ARRAS,AEROPORT ROISSY CDG 2 TGV,0
2025-12-27,ARRAS,AIME LA PLAGNE,0
2025-12-27,ARRAS,ALBERTVILLE,0
2025-12-27,ARRAS,BOURG SAINT MAURICE,0
2025-12-27,ARRAS,BRUXELLES MIDI,0
2025-12-27,ARRAS,CHAMBERY CHALLES LES EAUX,0
2025-12-27,ARRAS,DOUAI,1
2025-12-27,ARRAS,LANDRY,0
2025-12-27,ARRAS,LILLE (intramuros),1
2025-12-27,ARRAS,MARNE LA VALLEE CHESSY,0
2025-12-27,ARRAS,MOUTIERS SALINS BRIDES LES BAINS,0
2025-12-27,ARRAS,TGV HAUTE PICARDIE,1
2025-12-27,AVIGNON TGV,AEROPORT ROISSY CDG 2 TGV,0
2025-12-27,AVIGNON TGV,AIX EN PROVENCE TGV,1
2025-12-27,AVIGNON TGV,BRUXELLES MIDI,0
2025-12-27,AVIGNON TGV,LILLE (intramuros),0
2025-12-27,AVIGNON TGV,LYON (intramuros),0
2025-12-27,AVIGNON TGV,MARNE LA VALLEE CHESSY,0
2025-12-27,AVIGNON TGV,MARSEILLE ST CHARLES,1
2025-12-27,BEZIERS,AEROPORT ROISSY CDG 2 TGV,0
2025-12-27,BEZIERS,AGDE,0
2025-12-27,BEZIERS,ARRAS,0
2025-12-27,BEZIERS,BRUXELLES MIDI,0
2025-12-27,BEZIERS,LILLE (intramuros),0
2025-12-27,BEZIERS,LYON (intramuros),0
2025-12-27,BEZIERS,MARNE LA VALLEE CHESSY,0
2025-12-27,BEZIERS,MONTPELLIER SAINT ROCH,0
2025-12-27,BEZIERS,NARBONNE,0
2025-12-27,BEZIERS,NIMES CENTRE,0
2025-12-27,BEZIERS,PERPIGNAN,0
2025-12-27,BEZIERS,SETE,0
2025-12-27,BEZIERS,TGV HAUTE PICARDIE,0
2025-12-27,BEZIERS,VALENCE TGV AUVERGNE RHONE ALPES,0
2025-12-27,BOURG SAINT MAURICE,AEROPORT ROISSY CDG 2 TGV,0
2025-12-27,BOURG SAINT MAURICE,AIME LA PLAGNE,1
2025-12-27,BOURG SAINT MAURICE,ALBERTVILLE,1
2025-12-27,BOURG SAINT MAURICE,ARRAS,0
2025-12-27,BOURG SAINT MAURICE,CHAMBERY CHALLES LES EAUX,1
2025-12-27,BOURG SAINT MAURICE,DOUAI,0
2025-12-27,BOURG SAINT MAURICE,LANDRY,1
2025-12-27,BOURG SAINT MAURICE,LILLE (intramuros),0
2025-12-27,BOURG SAINT MAURICE,MARNE LA VALLEE CHESSY,0
2025-12-27,BOURG SAINT MAURICE,MOUTIERS SALINS BRIDES LES BAINS,1
2025-12-27,BOURG SAINT MAURICE,TGV HAUTE PICARDIE,0
2025-12-27,BRUXELLES MIDI,AEROPORT ROISSY CDG 2 TGV,0
2025-12-27,BRUXELLES MIDI,AGDE,0
2025-12-27,BRUXELLES MIDI,AIX EN PROVENCE TGV,0
2025-12-27,BRUXELLES MIDI,AVIGNON TGV,0
2025-12-27,BRUXELLES MIDI,BEZIERS,0
2025-12-27,BRUXELLES MIDI,LILLE (intramuros),1
2025-12-27,BRUXELLES MIDI,LYON (intramuros),0
2025-12-27,BRUXELLES MIDI,MARNE LA VALLEE CHESSY,0
2025-12-27,BRUXELLES MIDI,MARSEILLE ST CHARLES,0
2025-12-27,BRUXELLES MIDI,MONTPELLIER SAINT ROCH,0
2025-12-27,BRUXELLES MIDI,MONTPELLIER SUD DE FRANCE,0
2025-12-27,BRUXELLES MIDI,NARBONNE,0
2025-12-27,BRUXELLES MIDI,NIMES CENTRE,0
2025-12-27,BRUXELLES MIDI,NIMES PONT DU GARD,0
2025-12-27,BRUXELLES MIDI,PERPIGNAN,0
2025-12-27,BRUXELLES MIDI,SETE,0
2025-12-27,BRUXELLES MIDI,TGV HAUTE PICARDIE,1
2025-12-27,BRUXELLES MIDI,VALENCE TGV AUVERGNE RHONE ALPES,0
2025-12-27,CHAMBERY CHALLES LES EAUX,AEROPORT ROISSY CDG 2 TGV,0
2025-12-27,CHAMBERY CHALLES LES EAUX,AIME LA PLAGNE,0
2025-12-27,CHAMBERY CHALLES LES EAUX,ALBERTVILLE,0
2025-12-27,CHAMBERY CHALLES LES EAUX,ARRAS,0
2025-12-27,CHAMBERY CHALLES LES EAUX,BOURG SAINT MAURICE,0
2025-12-27,CHAMBERY CHALLES LES EAUX,DOUAI,0
2025-12-27,CHAMBERY CHALLES LES EAUX,LANDRY,0
2025-12-27,CHAMBERY CHALLES LES EAUX,LILLE (intramuros),0
2025-12-27,CHAMBERY CHALLES LES EAUX,MARNE LA VALLEE CHESSY,0
2025-12-27,CHAMBERY CHALLES LES EAUX,MOUTIERS SALINS BRIDES LES BAINS,0
2025-12-27,CHAMBERY CHALLES LES EAUX,TGV HAUTE PICARDIE,0
2025-12-27,DOUAI,AEROPORT ROISSY CDG 2 TGV,0
2025-12-27,DOUAI,AIME LA PLAGNE,0
2025-12-27,DOUAI,ALBERTVILLE,0
2025-12-27,DOUAI,ARRAS,1
2025-12-27,DOUAI,BOURG SAINT MAURICE,0
2025-12-27,DOUAI,CHAMBERY CHALLES LES EAUX,0
2025-12-27,DOUAI,LANDRY,0
2025-12-27,DOUAI,LILLE (intramuros),1
2025-12-27,DOUAI,MARNE LA VALLEE CHESSY,0
2025-12-27,DOUAI,MOUTIERS SALINS BRIDES LES BAINS,0
2025-12-27,DOUAI,TGV HAUTE PICARDIE,1
2025-12-27,LANDRY,AEROPORT ROISSY CDG 2 TGV,0
2025-12-27,LANDRY,AIME LA PLAGNE,1
2025-12-27,LANDRY,ALBERTVILLE,1
2025-12-27,LANDRY,ARRAS,0
2025-12-27,LANDRY,BOURG SAINT MAURICE,0
2025-12-27,LANDRY,CHAMBERY CHALLES LES EAUX,1
2025-12-27,LANDRY,DOUAI,0
2025-12-27,LANDRY,LILLE (intramuros),0
2025-12-27,LANDRY,MARNE LA VALLEE CHESSY,0
2025-12-27,LANDRY,MOUTIERS SALINS BRIDES LES BAINS,1
2025-12-27,LANDRY,TGV HAUTE PICARDIE,0
2025-12-27,LE CREUSOT MONTCEAU MONTCHANIN,AEROPORT ROISSY CDG 2 TGV,0
2025-12-27,LE CREUSOT MONTCEAU MONTCHANIN,BRUXELLES MIDI,0
2025-12-27,LE CREUSOT MONTCEAU MONTCHANIN,LILLE (intramuros),0
2025-12-27,LE CREUSOT MONTCEAU MONTCHANIN,MARNE LA VALLEE CHESSY,0
2025-12-27,LILLE (intramuros),AEROPORT ROISSY CDG 2 TGV,0
2025-12-27,LILLE (intramuros),AGDE,0
2025-12-27,LILLE (intramuros),AIME LA PLAGNE,0
2025-12-27,LILLE (intramuros),AIX EN PROVENCE TGV,0
2025-12-27,LILLE (intramuros),ALBERTVILLE,0
2025-12-27,LILLE (intramuros),ARRAS,1
2025-12-27,LILLE (intramuros),AVIGNON TGV,0
2025-12-27,LILLE (intramuros),BEZIERS,0
2025-12-27,LILLE (intramuros),BOURG SAINT MAURICE,0
2025-12-27,LILLE (intramuros),BRUXELLES MIDI,1
2025-12-27,LILLE (intramuros),CHAMBERY CHALLES LES EAUX,0
2025-12-27,LILLE (intramuros),DOUAI,1
2025-12-27,LILLE (intramuros),LANDRY,0
2025-12-27,LILLE (intramuros),LYON (intramuros),0
2025-12-27,LILLE (intramuros),MARNE LA VALLEE CHESSY,0
2025-12-27,LILLE (intramuros),MARSEILLE ST CHARLES,0
2025-12-27,LILLE (intramuros),MONTPELLIER SAINT ROCH,0
2025-12-27,LILLE (intramuros),MONTPELLIER SUD DE FRANCE,0
2025-12-27,LILLE (intramuros),MOUTIERS SALINS BRIDES LES BAINS,0
2025-12-27,LILLE (intramuros),NARBONNE,0
2025-12-27,LILLE (intramuros),NIMES CENTRE,0
2025-12-27,LILLE (intramuros),NIMES PONT DU GARD,0
2025-12-27,LILLE (intramuros),PERPIGNAN,0
2025-12-27,LILLE (intramuros),SETE,0
2025-12-27,LILLE (intramuros),TGV HAUTE PICARDIE,1
2025-12-27,LILLE (intramuros),VALENCE TGV AUVERGNE RHONE ALPES,0
2025-12-27,LYON (intramuros),AEROPORT ROISSY CDG 2 TGV,0
2025-12-27,LYON (intramuros),AGDE,0
2025-12-27,LYON (intramuros),AIX EN PROVENCE TGV,0
2025-12-27,LYON (intramuros),ARRAS,0
2025-12-27,LYON (intramuros),AVIGNON TGV,0
2025-12-27,LYON (intramuros),BEZIERS,0
2025-12-27,LYON (intramuros),BRUXELLES MIDI,0
2025-12-27,LYON (intramuros),LE CREUSOT MONTCEAU MONTCHANIN,1
2025-12-27,LYON (intramuros),LILLE (intramuros),0
2025-12-27,LYON (intramuros),LYON (intramuros),1
2025-12-27,LYON (intramuros),MARNE LA VALLEE CHESSY,0
2025-12-27,LYON (intramuros),MARSEILLE ST CHARLES,0
2025-12-27,LYON (intramuros),MONTPELLIER SAINT ROCH,0
2025-12-27,LYON (intramuros),MONTPELLIER SUD DE FRANCE,0
2025-12-27,LYON (intramuros),NARBONNE,0
2025-12-27,LYON (intramuros),NIMES CENTRE,0
2025-12-27,LYON (intramuros),NIMES PONT DU GARD,0
2025-12-27,LYON (intramuros),PERPIGNAN,0
2025-12-27,LYON (intramuros),SETE,0
2025-12-27,LYON (intramuros),TGV HAUTE PICARDIE,0
2025-12-27,LYON (intramuros),VALENCE TGV AUVERGNE RHONE ALPES,0
2025-12-27,MARNE LA VALLEE CHESSY,AEROPORT ROISSY CDG 2 TGV,1
2025-12-27,MARNE LA VALLEE CHESSY,AGDE,0
2025-12-27,MARNE LA VALLEE CHESSY,AIME LA PLAGNE,0
2025-12-27,MARNE LA VALLEE CHESSY,AIX EN PROVENCE TGV,0
2025-12-27,MARNE LA VALLEE CHESSY,ALBERTVILLE,0
2025-12-27,MARNE LA VALLEE CHESSY,ARRAS,0
2025-12-27,MARNE LA VALLEE CHESSY,AVIGNON TGV,0
2025-12-27,MARNE LA VALLEE CHESSY,BEZIERS,0
2025-12-27,MARNE LA VALLEE CHESSY,BOURG SAINT MAURICE,0
2025-12-27,MARNE LA VALLEE CHESSY,BRUXELLES MIDI,1
2025-12-27,MARNE LA VALLEE CHESSY,CHAMBERY CHALLES LES EAUX,0
2025-12-27,MARNE LA VALLEE CHESSY,DOUAI,0
2025-12-27,MARNE LA VALLEE CHESSY,LANDRY,0
2025-12-27,MARNE LA VALLEE CHESSY,LILLE (intramuros),1
2025-12-27,MARNE LA VALLEE CHESSY,LYON (intramuros),0
2025-12-27,MARNE LA VALLEE CHESSY,MARSEILLE ST CHARLES,0
2025-12-27,MARNE LA VALLEE CHESSY,MONTPELLIER SAINT ROCH,0
2025-12-27,MARNE LA VALLEE CHESSY,MONTPELLIER SUD DE FRANCE,0
2025-12-27,MARNE LA VALLEE CHESSY,MOUTIERS SALINS BRIDES LES BAINS,0
2025-12-27,MARNE LA VALLEE CHESSY,NARBONNE,0
2025-12-27,MARNE LA VALLEE CHESSY,NIMES CENTRE,0
2025-12-27,MARNE LA VALLEE CHESSY,NIMES PONT DU GARD,0
2025-12-27,MARNE LA VALLEE CHESSY,PERPIGNAN,0
2025-12-27,MARNE LA VALLEE CHESSY,SETE,0
2025-12-27,MARNE LA VALLEE CHESSY,TGV HAUTE PICARDIE,0
2025-12-27,MARNE LA VALLEE CHESSY,VALENCE TGV AUVERGNE RHONE ALPES,0
2025-12-27,MARSEILLE ST CHARLES,AEROPORT ROISSY CDG 2 TGV,0
2025-12-27,MARSEILLE ST CHARLES,AIX EN PROVENCE TGV,1
2025-12-27,MARSEILLE ST CHARLES,AVIGNON TGV,1
2025-12-27,MARSEILLE ST CHARLES,BRUXELLES MIDI,0
2025-12-27,MARSEILLE ST CHARLES,LILLE (intramuros),0
2025-12-27,MARSEILLE ST CHARLES,LYON (intramuros),0
2025-12-27,MARSEILLE ST CHARLES,MARNE LA VALLEE CHESSY,0
2025-12-27,MONTPELLIER SAINT ROCH,AEROPORT ROISSY CDG 2 TGV,0
2025-12-27,MONTPELLIER SAINT ROCH,AGDE,0
2025-12-27,MONTPELLIER SAINT ROCH,ARRAS,0
2025-12-27,MONTPELLIER SAINT ROCH,BEZIERS,0
2025-12-27,MONTPELLIER SAINT ROCH,BRUXELLES MIDI,0
2025-12-27,MONTPELLIER SAINT ROCH,LILLE (intramuros),0
2025-12-27,MONTPELLIER SAINT ROCH,LYON (intramuros),0
2025-12-27,MONTPELLIER SAINT ROCH,MARNE LA VALLEE CHESSY,0
2025-12-27,MONTPELLIER SAINT ROCH,NARBONNE,0
2025-12-27,MONTPELLIER SAINT ROCH,NIMES CENTRE,1
2025-12-27,MONTPELLIER SAINT ROCH,PERPIGNAN,0
2025-12-27,MONTPELLIER SAINT ROCH,SETE,0
2025-12-27,MONTPELLIER SAINT ROCH,TGV HAUTE PICARDIE,0
2025-12-27,MONTPELLIER SAINT ROCH,VALENCE TGV AUVERGNE RHONE ALPES,0
2025-12-27,MONTPELLIER SUD DE FRANCE,AEROPORT ROISSY CDG 2 TGV,0
2025-12-27,MONTPELLIER SUD DE FRANCE,LILLE (intramuros),0
2025-12-27,MONTPELLIER SUD DE FRANCE,LYON (intramuros),0
2025-12-27,MONTPELLIER SUD DE FRANCE,MARNE LA VALLEE CHESSY,0
2025-12-27,MONTPELLIER SUD DE FRANCE,NIMES PONT DU GARD,1
2025-12-27,MONTPELLIER SUD DE FRANCE,VALENCE TGV AUVERGNE RHONE ALPES,0
2025-12-27,MOUTIERS SALINS BRIDES LES BAINS,AEROPORT ROISSY CDG 2 TGV,0
2025-12-27,MOUTIERS SALINS BRIDES LES BAINS,AIME LA PLAGNE,0
2025-12-27,MOUTIERS SALINS BRIDES LES BAINS,ALBERTVILLE,1
2025-12-27,MOUTIERS SALINS BRIDES LES BAINS,ARRAS,0
2025-12-27,MOUTIERS SALINS BRIDES LES BAINS,BOURG SAINT MAURICE,0
2025-12-27,MOUTIERS SALINS BRIDES LES BAINS,CHAMBERY CHALLES LES EAUX,1
2025-12-27,MOUTIERS SALINS BRIDES LES BAINS,DOUAI,0
2025-12-27,MOUTIERS SALINS BRIDES LES BAINS,LANDRY,0
2025-12-27,MOUTIERS SALINS BRIDES LES BAINS,LILLE (intramuros),0
2025-12-27,MOUTIERS SALINS BRIDES LES BAINS,MARNE LA VALLEE CHESSY,0
2025-12-27,MOUTIERS SALINS BRIDES LES BAINS,TGV HAUTE PICARDIE,0
2025-12-27,NARBONNE,AEROPORT ROISSY CDG 2 TGV,0
2025-12-27,NARBONNE,AGDE,0
2025-12-27,NARBONNE,ARRAS,0
2025-12-27,NARBONNE,BEZIERS,0
2025-12-27,NARBONNE,BRUXELLES MIDI,0
2025-12-27,NARBONNE,LILLE (intramuros),0
2025-12-27,NARBONNE,LYON (intramuros),0
2025-12-27,NARBONNE,MARNE LA VALLEE CHESSY,0
2025-12-27,NARBONNE,MONTPELLIER SAINT ROCH,0
2025-12-27,NARBONNE,NIMES CENTRE,0
2025-12-27,NARBONNE,PERPIGNAN,0
2025-12-27,NARBONNE,SETE,0
2025-12-27,NARBONNE,TGV HAUTE PICARDIE,0
2025-12-27,NARBONNE,VALENCE TGV AUVERGNE RHONE ALPES,0
2025-12-27,NIMES CENTRE,AEROPORT ROISSY CDG 2 TGV,0
2025-12-27,NIMES CENTRE,AGDE,0
2025-12-27,NIMES CENTRE,ARRAS,0
2025-12-27,NIMES CENTRE,BEZIERS,0
2025-12-27,NIMES CENTRE,BRUXELLES MIDI,0
2025-12-27,NIMES CENTRE,LILLE (intramuros),0
2025-12-27,NIMES CENTRE,LYON (intramuros),0
2025-12-27,NIMES CENTRE,MARNE LA VALLEE CHESSY,0
2025-12-27,NIMES CENTRE,MONTPELLIER SAINT ROCH,0
2025-12-27,NIMES CENTRE,NARBONNE,0
2025-12-27,NIMES CENTRE,PERPIGNAN,0
2025-12-27,NIMES CENTRE,SETE,0
2025-12-27,NIMES CENTRE,TGV HAUTE PICARDIE,0
2025-12-27,NIMES CENTRE,VALENCE TGV AUVERGNE RHONE ALPES,0
2025-12-27,NIMES PONT DU GARD,AEROPORT ROISSY CDG 2 TGV,0
2025-12-27,NIMES PONT DU GARD,LILLE (intramuros),0
2025-12-27,NIMES PONT DU GARD,LYON (intramuros),0
2025-12-27,NIMES PONT DU GARD,MARNE LA VALLEE CHESSY,0
2025-12-27,NIMES PONT DU GARD,MONTPELLIER SUD DE FRANCE,1
2025-12-27,NIMES PONT DU GARD,VALENCE TGV AUVERGNE RHONE ALPES,0
2025-12-27,PARIS (intramuros),AIX EN PROVENCE TGV,0
2025-12-27,PARIS (intramuros),AVIGNON TGV,0
2025-12-27,PARIS (intramuros),MARSEILLE ST CHARLES,0
2025-12-27,PERPIGNAN,AEROPORT ROISSY CDG 2 TGV,0
2025-12-27,PERPIGNAN,AGDE,0
2025-12-27,PERPIGNAN,ARRAS,0
2025-12-27,PERPIGNAN,BEZIERS,0
2025-12-27,PERPIGNAN,BRUXELLES MIDI,0
2025-12-27,PERPIGNAN,LILLE (intramuros),0
2025-12-27,PERPIGNAN,LYON (intramuros),0
2025-12-27,PERPIGNAN,MARNE LA VALLEE CHESSY,0
2025-12-27,PERPIGNAN,MONTPELLIER SAINT ROCH,0
2025-12-27,PERPIGNAN,NARBONNE,0
2025-12-27,PERPIGNAN,NIMES CENTRE,0
2025-12-27,PERPIGNAN,SETE,0
2025-12-27,PERPIGNAN,TGV HAUTE PICARDIE,0
2025-12-27,PERPIGNAN,VALENCE TGV AUVERGNE RHONE ALPES,0
2025-12-27,SETE,AEROPORT ROISSY CDG 2 TGV,0
2025-12-27,SETE,AGDE,0
2025-12-27,SETE,ARRAS,0
2025-12-27,SETE,BEZIERS,0
2025-12-27,SETE,BRUXELLES MIDI,0
2025-12-27,SETE,LILLE (intramuros),0
2025-12-27,SETE,LYON (intramuros),0
2025-12-27,SETE,MARNE LA VALLEE CHESSY,0
2025-12-27,SETE,MONTPELLIER SAINT ROCH,0
2025-12-27,SETE,NARBONNE,0
2025-12-27,SETE,NIMES CENTRE,0
2025-12-27,SETE,PERPIGNAN,0
2025-12-27,SETE,TGV HAUTE PICARDIE,0
2025-12-27,SETE,VALENCE TGV AUVERGNE RHONE ALPES,0
2025-12-27,TGV HAUTE PICARDIE,AEROPORT ROISSY CDG 2 TGV,0
2025-12-27,TGV HAUTE PICARDIE,AIME LA PLAGNE,0
2025-12-27,TGV HAUTE PICARDIE,ALBERTVILLE,0
2025-12-27,TGV HAUTE PICARDIE,ARRAS,1
2025-12-27,TGV HAUTE PICARDIE,AVIGNON TGV,0
2025-12-27,TGV HAUTE PICARDIE,BOURG SAINT MAURICE,0
2025-12-27,TGV HAUTE PICARDIE,BRUXELLES MIDI,0
2025-12-27,TGV HAUTE PICARDIE,CHAMBERY CHALLES LES EAUX,0
2025-12-27,TGV HAUTE PICARDIE,DOUAI,1
2025-12-27,TGV HAUTE PICARDIE,LANDRY,0
2025-12-27,TGV HAUTE PICARDIE,LILLE (intramuros),1
2025-12-27,TGV HAUTE PICARDIE,LYON (intramuros),0
2025-12-27,TGV HAUTE PICARDIE,MARNE LA VALLEE CHESSY,0
2025-12-27,TGV HAUTE PICARDIE,MARSEILLE ST CHARLES,0
2025-12-27,TGV HAUTE PICARDIE,MOUTIERS SALINS BRIDES LES BAINS,0
2025-12-27,TGV HAUTE PICARDIE,VALENCE TGV AUVERGNE RHONE ALPES,0
2025-12-27,VALENCE TGV AUVERGNE RHONE ALPES,AEROPORT ROISSY CDG 2 TGV,0
2025-12-27,VALENCE TGV AUVERGNE RHONE ALPES,AGDE,0
2025-12-27,VALENCE TGV AUVERGNE RHONE ALPES,AIX EN PROVENCE TGV,0
2025-12-27,VALENCE TGV AUVERGNE RHONE ALPES,ARRAS,0
2025-12-27,VALENCE TGV AUVERGNE RHONE ALPES,AVIGNON TGV,0
2025-12-27,VALENCE TGV AUVERGNE RHONE ALPES,BEZIERS,0
2025-12-27,VALENCE TGV AUVERGNE RHONE ALPES,BRUXELLES MIDI,0
2025-12-27,VALENCE TGV AUVERGNE RHONE ALPES,LILLE (intramuros),0
2025-12-27,VALENCE TGV AUVERGNE RHONE ALPES,LYON (intramuros),0
2025-12-27,VALENCE TGV AUVERGNE RHONE ALPES,MARNE LA VALLEE CHESSY,0
2025-12-27,VALENCE TGV AUVERGNE RHONE ALPES,MARSEILLE ST CHARLES,0
2025-12-27,VALENCE TGV AUVERGNE RHONE ALPES,MONTPELLIER SAINT ROCH,0
2025-12-27,VALENCE TGV AUVERGNE RHONE ALPES,MONTPELLIER SUD DE FRANCE,0
2025-12-27,VALENCE TGV AUVERGNE RHONE ALPES,NARBONNE,0
2025-12-27,VALENCE TGV AUVERGNE RHONE ALPES,NIMES CENTRE,0
2025-12-27,VALENCE TGV AUVERGNE RHONE ALPES,NIMES PONT DU GARD,0
2025-12-27,VALENCE TGV AUVERGNE RHONE ALPES,PERPIGNAN,0
2025-12-27,VALENCE TGV AUVERGNE RHONE ALPES,SETE,0
2025-12-27,VALENCE TGV AUVERGNE RHONE ALPES,TGV HAUTE PICARDIE,0
2025-12-28,AEROPORT ROISSY CDG 2 TGV,AIX EN PROVENCE TGV,0
2025-12-28,AEROPORT ROISSY CDG 2 TGV,ARRAS,0
2025-12-28,AEROPORT ROISSY CDG 2 TGV,AVIGNON TGV,0
2025-12-28,AEROPORT ROISSY CDG 2 TGV,BRUXELLES MIDI,0
2025-12-28,AEROPORT ROISSY CDG 2 TGV,DOUAI,0
2025-12-28,AEROPORT ROISSY CDG 2 TGV,LILLE (intramuros),1
2025-12-28,AEROPORT ROISSY CDG 2 TGV,LYON (intramuros),0
2025-12-28,AEROPORT ROISSY CDG 2 TGV,MARNE LA VALLEE CHESSY,1
2025-12-28,AEROPORT ROISSY CDG 2 TGV,MARSEILLE ST CHARLES,0
2025-12-28,AEROPORT ROISSY CDG 2 TGV,MONTPELLIER SAINT ROCH,0
2025-12-28,AEROPORT ROISSY CDG 2 TGV,MONTPELLIER SUD DE FRANCE,0
2025-12-28,AEROPORT ROISSY CDG 2 TGV,NIMES CENTRE,0
2025-12-28,AEROPORT ROISSY CDG 2 TGV,NIMES PONT DU GARD,0
2025-12-28,AEROPORT ROISSY CDG 2 TGV,TGV HAUTE PICARDIE,0
2025-12-28,AEROPORT ROISSY CDG 2 TGV,VALENCE TGV AUVERGNE RHONE ALPES,0
2025-12-28,AGDE,AEROPORT ROISSY CDG 2 TGV,0
2025-12-28,AGDE,ARRAS,0
2025-12-28,AGDE,BRUXELLES MIDI,0
2025-12-28,AGDE,LILLE (intramuros),0
2025-12-28,AGDE,LYON (intramuros),0
2025-12-28,AGDE,MARNE LA VALLEE CHESSY,0
2025-12-28,AGDE,MONTPELLIER SAINT ROCH,0
2025-12-28,AGDE,NIMES CENTRE,0
2025-12-28,AGDE,SETE,0
2025-12-28,AGDE,TGV HAUTE PICARDIE,0
2025-12-28,AGDE,VALENCE TGV AUVERGNE RHONE ALPES,0
2025-12-28,AIX EN PROVENCE TGV,AEROPORT ROISSY CDG 2 TGV,0
2025-12-28,AIX EN PROVENCE TGV,AVIGNON TGV,1
2025-12-28,AIX EN PROVENCE TGV,BRUXELLES MIDI,0
2025-12-28,AIX EN PROVENCE TGV,LILLE (intramuros),0
2025-12-28,AIX EN PROVENCE TGV,LYON (intramuros),1
2025-12-28,AIX EN PROVENCE TGV,MARNE LA VALLEE CHESSY,0
2025-12-28,AIX EN PROVENCE TGV,MARSEILLE ST CHARLES,1
2025-12-28,ARRAS,AEROPORT ROISSY CDG 2 TGV,0
2025-12-28,ARRAS,AIX EN PROVENCE TGV,0
2025-12-28,ARRAS,AVIGNON TGV,0
2025-12-28,ARRAS,BRUXELLES MIDI,0
2025-12-28,ARRAS,DOUAI,1
2025-12-28,ARRAS,LILLE (intramuros),1
2025-12-28,ARRAS,LYON (intramuros),0
2025-12-28,ARRAS,MARNE LA VALLEE CHESSY,0
2025-12-28,ARRAS,MARSEILLE ST CHARLES,0
2025-12-28,ARRAS,TGV HAUTE PICARDIE,1
2025-12-28,AVIGNON TGV,AEROPORT ROISSY CDG 2 TGV,0
2025-12-28,AVIGNON TGV,AIX EN PROVENCE TGV,1
2025-12-28,AVIGNON TGV,BRUXELLES MIDI,0
2025-12-28,AVIGNON TGV,LILLE (intramuros),0
2025-12-28,AVIGNON TGV,LYON (intramuros),1
2025-12-28,AVIGNON TGV,MARNE LA VALLEE CHESSY,0
2025-12-28,AVIGNON TGV,MARSEILLE ST CHARLES,1
2025-12-28,BEZIERS,AEROPORT ROISSY CDG 2 TGV,0
2025-12-28,BEZIERS,AGDE,0
2025-12-28,BEZIERS,ARRAS,0
2025-12-28,BEZIERS,BRUXELLES MIDI,0
2025-12-28,BEZIERS,LILLE (intramuros),0
2025-12-28,BEZIERS,LYON (intramuros),0
2025-12-28,BEZIERS,MARNE LA VALLEE CHESSY,0
2025-12-28,BEZIERS,MONTPELLIER SAINT ROCH,0
2025-12-28,BEZIERS,NIMES CENTRE,0
2025-12-28,BEZIERS,SETE,0
2025-12-28,BEZIERS,TGV HAUTE PICARDIE,0
2025-12-28,BEZIERS,VALENCE TGV AUVERGNE RHONE ALPES,0
2025-12-28,BRUXELLES MIDI,AEROPORT ROISSY CDG 2 TGV,0
2025-12-28,BRUXELLES MIDI,AIX EN PROVENCE TGV,0
2025-12-28,BRUXELLES MIDI,AVIGNON TGV,0
2025-12-28,BRUXELLES MIDI,LILLE (intramuros),1
2025-12-28,BRUXELLES MIDI,LYON (intramuros),0
2025-12-28,BRUXELLES MIDI,MARNE LA VALLEE CHESSY,0
2025-12-28,BRUXELLES MIDI,MARSEILLE ST CHARLES,0
2025-12-28,BRUXELLES MIDI,MONTPELLIER SAINT ROCH,0
2025-12-28,BRUXELLES MIDI,MONTPELLIER SUD DE FRANCE,0
2025-12-28,BRUXELLES MIDI,NIMES CENTRE,0
2025-12-28,BRUXELLES MIDI,NIMES PONT DU GARD,0
2025-12-28,BRUXELLES MIDI,TGV HAUTE PICARDIE,1
2025-12-28,BRUXELLES MIDI,VALENCE TGV AUVERGNE RHONE ALPES,0
2025-12-28,DOUAI,LILLE (intramuros),1
2025-12-28,LILLE (intramuros),AEROPORT ROISSY CDG 2 TGV,1
2025-12-28,LILLE (intramuros),AIX EN PROVENCE TGV,0
2025-12-28,LILLE (intramuros),ARRAS,1
2025-12-28,LILLE (intramuros),AVIGNON TGV,0
2025-12-28,LILLE (intramuros),BRUXELLES MIDI,1
2025-12-28,LILLE (intramuros),LYON (intramuros),0
2025-12-28,LILLE (intramuros),MARNE LA VALLEE CHESSY,1
2025-12-28,LILLE (intramuros),MARSEILLE ST CHARLES,0
2025-12-28,LILLE (intramuros),MONTPELLIER SAINT ROCH,0
2025-12-28,LILLE (intramuros),MONTPELLIER SUD DE FRANCE,0
2025-12-28,LILLE (intramuros),NIMES CENTRE,0
2025-12-28,LILLE (intramuros),NIMES PONT DU GARD,0
2025-12-28,LILLE (intramuros),TGV HAUTE PICARDIE,1
2025-12-28,LILLE (intramuros),VALENCE TGV AUVERGNE RHONE ALPES,0
2025-12-28,LYON (intramuros),AEROPORT ROISSY CDG 2 TGV,0
2025-12-28,LYON (intramuros),AIX EN PROVENCE TGV,0
2025-12-28,LYON (intramuros),ARRAS,0
2025-12-28,LYON (intramuros),AVIGNON TGV,0
2025-12-28,LYON (intramuros),BRUXELLES MIDI,0
2025-12-28,LYON (intramuros),DOUAI,0
2025-12-28,LYON (intramuros),LILLE (intramuros),0
2025-12-28,LYON (intramuros),LYON (intramuros),1
2025-12-28,LYON (intramuros),MARNE LA VALLEE CHESSY,0
2025-12-28,LYON (intramuros),MARSEILLE ST CHARLES,0
2025-12-28,LYON (intramuros),MONTPELLIER SAINT ROCH,1
2025-12-28,LYON (intramuros),MONTPELLIER SUD DE FRANCE,0
2025-12-28,LYON (intramuros),NIMES CENTRE,1
2025-12-28,LYON (intramuros),NIMES PONT DU GARD,0
2025-12-28,LYON (intramuros),TGV HAUTE PICARDIE,0
2025-12-28,LYON (intramuros),VALENCE TGV AUVERGNE RHONE ALPES,0
2025-12-28,MARNE LA VALLEE CHESSY,AEROPORT ROISSY CDG 2 TGV,0
2025-12-28,MARNE LA VALLEE CHESSY,AIX EN PROVENCE TGV,0
2025-12-28,MARNE LA VALLEE CHESSY,ARRAS,0
2025-12-28,MARNE LA VALLEE CHESSY,AVIGNON TGV,0
2025-12-28,MARNE LA VALLEE CHESSY,BRUXELLES MIDI,0
2025-12-28,MARNE LA VALLEE CHESSY,DOUAI,0
2025-12-28,MARNE LA VALLEE CHESSY,LILLE (intramuros),1
2025-12-28,MARNE LA VALLEE CHESSY,LYON (intramuros),0
2025-12-28,MARNE LA VALLEE CHESSY,MARSEILLE ST CHARLES,0
2025-12-28,MARNE LA VALLEE CHESSY,MONTPELLIER SAINT ROCH,0
2025-12-28,MARNE LA VALLEE CHESSY,MONTPELLIER SUD DE FRANCE,0
2025-12-28,MARNE LA VALLEE CHESSY,NIMES CENTRE,0
2025-12-28,MARNE LA VALLEE CHESSY,NIMES PONT DU GARD,0
2025-12-28,MARNE LA VALLEE CHESSY,TGV HAUTE PICARDIE,0
2025-12-28,MARNE LA VALLEE CHESSY,VALENCE TGV AUVERGNE RHONE ALPES,0
2025-12-28,MARSEILLE ST CHARLES,AEROPORT ROISSY CDG 2 TGV,0
2025-12-28,MARSEILLE ST CHARLES,AIX EN PROVENCE TGV,1
2025-12-28,MARSEILLE ST CHARLES,AVIGNON TGV,1
2025-12-28,MARSEILLE ST CHARLES,BRUXELLES MIDI,0
2025-12-28,MARSEILLE ST CHARLES,LILLE (intramuros),0
2025-12-28,MARSEILLE ST CHARLES,LYON (intramuros),1
2025-12-28,MARSEILLE ST CHARLES,MARNE LA VALLEE CHESSY,0
2025-12-28,MONTPELLIER SAINT ROCH,AEROPORT ROISSY CDG 2 TGV,0
2025-12-28,MONTPELLIER SAINT ROCH,ARRAS,0
2025-12-28,MONTPELLIER SAINT ROCH,BRUXELLES MIDI,0
2025-12-28,MONTPELLIER SAINT ROCH,LILLE (intramuros),0
2025-12-28,MONTPELLIER SAINT ROCH,LYON (intramuros),0
2025-12-28,MONTPELLIER SAINT ROCH,MARNE LA VALLEE CHESSY,0
2025-12-28,MONTPELLIER SAINT ROCH,NIMES CENTRE,1
2025-12-28,MONTPELLIER SAINT ROCH,TGV HAUTE PICARDIE,0
2025-12-28,MONTPELLIER SAINT ROCH,VALENCE TGV AUVERGNE RHONE ALPES,0
2025-12-28,MONTPELLIER SUD DE FRANCE,AEROPORT ROISSY CDG 2 TGV,0
2025-12-28,MONTPELLIER SUD DE FRANCE,LILLE (intramuros),0
2025-12-28,MONTPELLIER SUD DE FRANCE,LYON (intramuros),0
2025-12-28,MONTPELLIER SUD DE FRANCE,MARNE LA VALLEE CHESSY,0
2025-12-28,MONTPELLIER SUD DE FRANCE,NIMES PONT DU GARD,1
2025-12-28,MONTPELLIER SUD DE FRANCE,VALENCE TGV AUVERGNE RHONE ALPES,0
2025-12-28,NARBONNE,AEROPORT ROISSY CDG 2 TGV,0
2025-12-28,NARBONNE,AGDE,0
2025-12-28,NARBONNE,ARRAS,0
2025-12-28,NARBONNE,BEZIERS,0
2025-12-28,NARBONNE,BRUXELLES MIDI,0
2025-12-28,NARBONNE,LILLE (intramuros),0
2025-12-28,NARBONNE,LYON (intramuros),0
2025-12-28,NARBONNE,MARNE LA VALLEE CHESSY,0
2025-12-28,NARBONNE,MONTPELLIER SAINT ROCH,0
2025-12-28,NARBONNE,NIMES CENTRE,0
2025-12-28,NARBONNE,SETE,0
2025-12-28,NARBONNE,TGV HAUTE PICARDIE,0
2025-12-28,NARBONNE,VALENCE TGV AUVERGNE RHONE ALPES,0
2025-12-28,NIMES CENTRE,AEROPORT ROISSY CDG 2 TGV,0
2025-12-28,NIMES CENTRE,ARRAS,0
2025-12-28,NIMES CENTRE,BRUXELLES MIDI,0
2025-12-28,NIMES CENTRE,LILLE (intramuros),0
2025-12-28,NIMES CENTRE,LYON (intramuros),0
2025-12-28,NIMES CENTRE,MARNE LA VALLEE CHESSY,0
2025-12-28,NIMES CENTRE,MONTPELLIER SAINT ROCH,1
2025-12-28,NIMES CENTRE,TGV HAUTE PICARDIE,0
2025-12-28,NIMES CENTRE,VALENCE TGV AUVERGNE RHONE ALPES,0
2025-12-28,NIMES PONT DU GARD,AEROPORT ROISSY CDG 2 TGV,0
2025-12-28,NIMES PONT DU GARD,LILLE (intramuros),0
2025-12-28,NIMES PONT DU GARD,LYON (intramuros),0
2025-12-28,NIMES PONT DU GARD,MARNE LA VALLEE CHESSY,0
2025-12-28,NIMES PONT DU GARD,MONTPELLIER SUD DE FRANCE,0
2025-12-28,NIMES PONT DU GARD,VALENCE TGV AUVERGNE RHONE ALPES,0
2025-12-28,PARIS (intramuros),AIX EN PROVENCE TGV,0
2025-12-28,PARIS (intramuros),AVIGNON TGV,0
2025-12-28,PARIS (intramuros),MARSEILLE ST CHARLES,0
2025-12-28,PERPIGNAN,AEROPORT ROISSY CDG 2 TGV,0
2025-12-28,PERPIGNAN,AGDE,0
2025-12-28,PERPIGNAN,ARRAS,0
2025-12-28,PERPIGNAN,BEZIERS,0
2025-12-28,PERPIGNAN,BRUXELLES MIDI,0
2025-12-28,PERPIGNAN,LILLE (intramuros),0
2025-12-28,PERPIGNAN,LYON (intramuros),0
2025-12-28,PERPIGNAN,MARNE LA VALLEE CHESSY,0
2025-12-28,PERPIGNAN,MONTPELLIER SAINT ROCH,0
2025-12-28,PERPIGNAN,NARBONNE,0
2025-12-28,PERPIGNAN,NIMES CENTRE,0
2025-12-28,PERPIGNAN,SETE,0
2025-12-28,PERPIGNAN,TGV HAUTE PICARDIE,0
2025-12-28,PERPIGNAN,VALENCE TGV AUVERGNE RHONE ALPES,0
2025-12-28,SETE,AEROPORT ROISSY CDG 2 TGV,0
2025-12-28,SETE,ARRAS,0
2025-12-28,SETE,BRUXELLES MIDI,0
2025-12-28,SETE,LILLE (intramuros),0
2025-12-28,SETE,LYON (intramuros),0
2025-12-28,SETE,MARNE LA VALLEE CHESSY,0
2025-12-28,SETE,MONTPELLIER SAINT ROCH,0
2025-12-28,SETE,NIMES CENTRE,0
2025-12-28,SETE,TGV HAUTE PICARDIE,0
2025-12-28,SETE,VALENCE TGV AUVERGNE RHONE ALPES,0
2025-12-28,TGV HAUTE PICARDIE,AEROPORT ROISSY CDG 2 TGV,0
2025-12-28,TGV HAUTE PICARDIE,AIX EN PROVENCE TGV,0
2025-12-28,TGV HAUTE PICARDIE,ARRAS,1
2025-12-28,TGV HAUTE PICARDIE,AVIGNON TGV,0
2025-12-28,TGV HAUTE PICARDIE,BRUXELLES MIDI,0
2025-12-28,TGV HAUTE PICARDIE,DOUAI,1
2025-12-28,TGV HAUTE PICARDIE,LILLE (intramuros),1
2025-12-28,TGV HAUTE PICARDIE,LYON (intramuros),0
2025-12-28,TGV HAUTE PICARDIE,MARNE LA VALLEE CHESSY,0
2025-12-28,TGV HAUTE PICARDIE,MARSEILLE ST CHARLES,0
2025-12-28,TGV HAUTE PICARDIE,VALENCE TGV AUVERGNE RHONE ALPES,0
2025-12-28,VALENCE TGV AUVERGNE RHONE ALPES,AEROPORT ROISSY CDG 2 TGV,0
2025-12-28,VALENCE TGV AUVERGNE RHONE ALPES,ARRAS,0
2025-12-28,VALENCE TGV AUVERGNE RHONE ALPES,AVIGNON TGV,0
2025-12-28,VALENCE TGV AUVERGNE RHONE ALPES,BRUXELLES MIDI,0
2025-12-28,VALENCE TGV AUVERGNE RHONE ALPES,LILLE (intramuros),0
2025-12-28,VALENCE TGV AUVERGNE RHONE ALPES,LYON (intramuros),0
2025-12-28,VALENCE TGV AUVERGNE RHONE ALPES,MARNE LA VALLEE CHESSY,0
2025-12-28,VALENCE TGV AUVERGNE RHONE ALPES,MARSEILLE ST CHARLES,0
2025-12-28,VALENCE TGV AUVERGNE RHONE ALPES,MONTPELLIER SAINT ROCH,1
2025-12-28,VALENCE TGV AUVERGNE RHONE ALPES,MONTPELLIER SUD DE FRANCE,0
2025-12-28,VALENCE TGV AUVERGNE RHONE ALPES,NIMES CENTRE,1
2025-12-28,VALENCE TGV AUVERGNE RHONE ALPES,NIMES PONT DU GARD,0
2025-12-28,VALENCE TGV AUVERGNE RHONE ALPES,TGV HAUTE PICARDIE,0
2025-12-29,AEROPORT ROISSY CDG 2 TGV,AIX EN PROVENCE TGV,0
2025-12-29,AEROPORT ROISSY CDG 2 TGV,ARRAS,0
2025-12-29,AEROPORT ROISSY CDG 2 TGV,AVIGNON TGV,0
2025-12-29,AEROPORT ROISSY CDG 2 TGV,BRUXELLES MIDI,0
2025-12-29,AEROPORT ROISSY CDG 2 TGV,DOUAI,0
2025-12-29,AEROPORT ROISSY CDG 2 TGV,LILLE (intramuros),1
2025-12-29,AEROPORT ROISSY CDG 2 TGV,LYON (intramuros),0
2025-12-29,AEROPORT ROISSY CDG 2 TGV,MARNE LA VALLEE CHESSY,1
2025-12-29,AEROPORT ROISSY CDG 2 TGV,MARSEILLE ST CHARLES,0
2025-12-29,AEROPORT ROISSY CDG 2 TGV,MONTPELLIER SAINT ROCH,0
2025-12-29,AEROPORT ROISSY CDG 2 TGV,MONTPELLIER SUD DE FRANCE,0
2025-12-29,AEROPORT ROISSY CDG 2 TGV,NIMES CENTRE,0
2025-12-29,AEROPORT ROISSY CDG 2 TGV,NIMES PONT DU GARD,0
2025-12-29,AEROPORT ROISSY CDG 2 TGV,TGV HAUTE PICARDIE,0
2025-12-29,AEROPORT ROISSY CDG 2 TGV,VALENCE TGV AUVERGNE RHONE ALPES,0
2025-12-29,AIX EN PROVENCE TGV,AEROPORT ROISSY CDG 2 TGV,0
2025-12-29,AIX EN PROVENCE TGV,AVIGNON TGV,1
2025-12-29,AIX EN PROVENCE TGV,BRUXELLES MIDI,0
2025-12-29,AIX EN PROVENCE TGV,LILLE (intramuros),0
2025-12-29,AIX EN PROVENCE TGV,LYON (intramuros),1
2025-12-29,AIX EN PROVENCE TGV,MARNE LA VALLEE CHESSY,0
2025-12-29,AIX EN PROVENCE TGV,MARSEILLE ST CHARLES,1
2025-12-29,ARRAS,AEROPORT ROISSY CDG 2 TGV,1
2025-12-29,ARRAS,AIX EN PROVENCE TGV,0
2025-12-29,ARRAS,AVIGNON TGV,0
2025-12-29,ARRAS,BRUXELLES MIDI,0
2025-12-29,ARRAS,DOUAI,1
2025-12-29,ARRAS,LILLE (intramuros),1
2025-12-29,ARRAS,LYON (intramuros),0
2025-12-29,ARRAS,MARNE LA VALLEE CHESSY,1
2025-12-29,ARRAS,MARSEILLE ST CHARLES,0
2025-12-29,ARRAS,TGV HAUTE PICARDIE,0
2025-12-29,AVIGNON TGV,AEROPORT ROISSY CDG 2 TGV,0
2025-12-29,AVIGNON TGV,AIX EN PROVENCE TGV,1
2025-12-29,AVIGNON TGV,BRUXELLES MIDI,0
2025-12-29,AVIGNON TGV,LILLE (intramuros),0
2025-12-29,AVIGNON TGV,LYON (intramuros),1
2025-12-29,AVIGNON TGV,MARNE LA VALLEE CHESSY,0
2025-12-29,AVIGNON TGV,MARSEILLE ST CHARLES,1
2025-12-29,BRUXELLES MIDI,AEROPORT ROISSY CDG 2 TGV,0
2025-12-29,BRUXELLES MIDI,AIX EN PROVENCE TGV,0
2025-12-29,BRUXELLES MIDI,AVIGNON TGV,0
2025-12-29,BRUXELLES MIDI,LILLE (intramuros),1
2025-12-29,BRUXELLES MIDI,LYON (intramuros),0
2025-12-29,BRUXELLES MIDI,MARNE LA VALLEE CHESSY,0
2025-12-29,BRUXELLES MIDI,MARSEILLE ST CHARLES,0
2025-12-29,BRUXELLES MIDI,MONTPELLIER SAINT ROCH,0
2025-12-29,BRUXELLES MIDI,MONTPELLIER SUD DE FRANCE,0
2025-12-29,BRUXELLES MIDI,NIMES CENTRE,0
2025-12-29,BRUXELLES MIDI,NIMES PONT DU GARD,0
2025-12-29,BRUXELLES MIDI,TGV HAUTE PICARDIE,0
2025-12-29,BRUXELLES MIDI,VALENCE TGV AUVERGNE RHONE ALPES,0
2025-12-29,DOUAI,LILLE (intramuros),1
2025-12-29,LE CREUSOT MONTCEAU MONTCHANIN,AEROPORT ROISSY CDG 2 TGV,0
2025-12-29,LE CREUSOT MONTCEAU MONTCHANIN,BRUXELLES MIDI,0
2025-12-29,LE CREUSOT MONTCEAU MONTCHANIN,LILLE (intramuros),0
2025-12-29,LE CREUSOT MONTCEAU MONTCHANIN,MARNE LA VALLEE CHESSY,0
2025-12-29,LILLE (intramuros),AEROPORT ROISSY CDG 2 TGV,1
2025-12-29,LILLE (intramuros),AIX EN PROVENCE TGV,0
2025-12-29,LILLE (intramuros),ARRAS,0
2025-12-29,LILLE (intramuros),AVIGNON TGV,0
2025-12-29,LILLE (intramuros),BRUXELLES MIDI,1
2025-12-29,LILLE (intramuros),LYON (intramuros),0
2025-12-29,LILLE (intramuros),MARNE LA VALLEE CHESSY,1
2025-12-29,LILLE (intramuros),MARSEILLE ST CHARLES,0
2025-12-29,LILLE (intramuros),MONTPELLIER SAINT ROCH,0
2025-12-29,LILLE (intramuros),MONTPELLIER SUD DE FRANCE,0
2025-12-29,LILLE (intramuros),NIMES CENTRE,0
2025-12-29,LILLE (intramuros),NIMES PONT DU GARD,0
2025-12-29,LILLE (intramuros),TGV HAUTE PICARDIE,1
2025-12-29,LILLE (intramuros),VALENCE TGV AUVERGNE RHONE ALPES,0
2025-12-29,LYON (intramuros),AEROPORT ROISSY CDG 2 TGV,0
2025-12-29,LYON (intramuros),AIX EN PROVENCE TGV,0
2025-12-29,LYON (intramuros),ARRAS,0
2025-12-29,LYON (intramuros),AVIGNON TGV,0
2025-12-29,LYON (intramuros),BRUXELLES MIDI,0
2025-12-29,LYON (intramuros),DOUAI,0
2025-12-29,LYON (intramuros),LE CREUSOT MONTCEAU MONTCHANIN,1
2025-12-29,LYON (intramuros),LILLE (intramuros),0
2025-12-29,LYON (intramuros),LYON (intramuros),1
2025-12-29,LYON (intramuros),MARNE LA VALLEE CHESSY,0
2025-12-29,LYON (intramuros),MARSEILLE ST CHARLES,0
2025-12-29,LYON (intramuros),MONTPELLIER SAINT ROCH,1
2025-12-29,LYON (intramuros),MONTPELLIER SUD DE FRANCE,0
2025-12-29,LYON (intramuros),NIMES CENTRE,1
2025-12-29,LYON (intramuros),NIMES PONT DU GARD,0
2025-12-29,LYON (intramuros),TGV HAUTE PICARDIE,0
2025-12-29,LYON (intramuros),VALENCE TGV AUVERGNE RHONE ALPES,0
2025-12-29,MARNE LA VALLEE CHESSY,AEROPORT ROISSY CDG 2 TGV,1
2025-12-29,MARNE LA VALLEE CHESSY,AIX EN PROVENCE TGV,0
2025-12-29,MARNE LA VALLEE CHESSY,ARRAS,0
2025-12-29,MARNE LA VALLEE CHESSY,AVIGNON TGV,0
2025-12-29,MARNE LA VALLEE CHESSY,BRUXELLES MIDI,0
2025-12-29,MARNE LA VALLEE CHESSY,DOUAI,0
2025-12-29,MARNE LA VALLEE CHESSY,LILLE (intramuros),1
2025-12-29,MARNE LA VALLEE CHESSY,LYON (intramuros),0
2025-12-29,MARNE LA VALLEE CHESSY,MARSEILLE ST CHARLES,0
2025-12-29,MARNE LA VALLEE CHESSY,MONTPELLIER SAINT ROCH,0
2025-12-29,MARNE LA VALLEE CHESSY,MONTPELLIER SUD DE FRANCE,0
2025-12-29,MARNE LA VALLEE CHESSY,NIMES CENTRE,0
2025-12-29,MARNE LA VALLEE CHESSY,NIMES PONT DU GARD,0
2025-12-29,MARNE LA VALLEE CHESSY,TGV HAUTE PICARDIE,0
2025-12-29,MARNE LA VALLEE CHESSY,VALENCE TGV AUVERGNE RHONE ALPES,0
2025-12-29,MARSEILLE ST CHARLES,AEROPORT ROISSY CDG 2 TGV,0
2025-12-29,MARSEILLE ST CHARLES,AIX EN PROVENCE TGV,1
2025-12-29,MARSEILLE ST CHARLES,AVIGNON TGV,1
2025-12-29,MARSEILLE ST CHARLES,BRUXELLES MIDI,0
2025-12-29,MARSEILLE ST CHARLES,LILLE (intramuros),0
2025-12-29,MARSEILLE ST CHARLES,LYON (intramuros),1
2025-12-29,MARSEILLE ST CHARLES,MARNE LA VALLEE CHESSY,0
2025-12-29,MONTPELLIER SAINT ROCH,AEROPORT ROISSY CDG 2 TGV,0
2025-12-29,MONTPELLIER SAINT ROCH,BRUXELLES MIDI,0
2025-12-29,MONTPELLIER SAINT ROCH,LILLE (intramuros),0
2025-12-29,MONTPELLIER SAINT ROCH,LYON (intramuros),0
2025-12-29,MONTPELLIER SAINT ROCH,MARNE LA VALLEE CHESSY,0
2025-12-29,MONTPELLIER SAINT ROCH,NIMES CENTRE,1
2025-12-29,MONTPELLIER SAINT ROCH,VALENCE TGV AUVERGNE RHONE ALPES,0
2025-12-29,MONTPELLIER SUD DE FRANCE,AEROPORT ROISSY CDG 2 TGV,0
2025-12-29,MONTPELLIER SUD DE FRANCE,ARRAS,0
2025-12-29,MONTPELLIER SUD DE FRANCE,BRUXELLES MIDI,0
2025-12-29,MONTPELLIER SUD DE FRANCE,LILLE (intramuros),0
2025-12-29,MONTPELLIER SUD DE FRANCE,LYON (intramuros),0
2025-12-29,MONTPELLIER SUD DE FRANCE,MARNE LA VALLEE CHESSY,0
2025-12-29,MONTPELLIER SUD DE FRANCE,NIMES PONT DU GARD,1
2025-12-29,MONTPELLIER SUD DE FRANCE,TGV HAUTE PICARDIE,0
2025-12-29,MONTPELLIER SUD DE FRANCE,VALENCE TGV AUVERGNE RHONE ALPES,0
2025-12-29,NIMES CENTRE,AEROPORT ROISSY CDG 2 TGV,0
2025-12-29,NIMES CENTRE,BRUXELLES MIDI,0
2025-12-29,NIMES CENTRE,LILLE (intramuros),0
2025-12-29,NIMES CENTRE,LYON (intramuros),0
2025-12-29,NIMES CENTRE,MARNE LA VALLEE CHESSY,0
2025-12-29,NIMES CENTRE,MONTPELLIER SAINT ROCH,1
2025-12-29,NIMES CENTRE,VALENCE TGV AUVERGNE RHONE ALPES,0
2025-12-29,NIMES PONT DU GARD,AEROPORT ROISSY CDG 2 TGV,0
2025-12-29,NIMES PONT DU GARD,ARRAS,0
2025-12-29,NIMES PONT DU GARD,BRUXELLES MIDI,0
2025-12-29,NIMES PONT DU GARD,LILLE (intramuros),0
2025-12-29,NIMES PONT DU GARD,LYON (intramuros),0
2025-12-29,NIMES PONT DU GARD,MARNE LA VALLEE CHESSY,0
2025-12-29,NIMES PONT DU GARD,MONTPELLIER SUD DE FRANCE,1
2025-12-29,NIMES PONT DU GARD,TGV HAUTE PICARDIE,0
2025-12-29,NIMES PONT DU GARD,VALENCE TGV AUVERGNE RHONE ALPES,0
2025-12-29,PARIS (intramuros),AIX EN PROVENCE TGV,0
2025-12-29,PARIS (intramuros),AVIGNON TGV,0
2025-12-29,PARIS (intramuros),MARSEILLE ST CHARLES,0
2025-12-29,TGV HAUTE PICARDIE,AEROPORT ROISSY CDG 2 TGV,1
2025-12-29,TGV HAUTE PICARDIE,AIX EN PROVENCE TGV,0
2025-12-29,TGV HAUTE PICARDIE,ARRAS,1
2025-12-29,TGV HAUTE PICARDIE,AVIGNON TGV,0
2025-12-29,TGV HAUTE PICARDIE,BRUXELLES MIDI,0
2025-12-29,TGV HAUTE PICARDIE,DOUAI,1
2025-12-29,TGV HAUTE PICARDIE,LILLE (intramuros),1
2025-12-29,TGV HAUTE PICARDIE,LYON (intramuros),0
2025-12-29,TGV HAUTE PICARDIE,MARNE LA VALLEE CHESSY,1
2025-12-29,TGV HAUTE PICARDIE,MARSEILLE ST CHARLES,0
2025-12-29,TGV HAUTE PICARDIE,VALENCE TGV AUVERGNE RHONE ALPES,0
2025-12-29,VALENCE TGV AUVERGNE RHONE ALPES,AEROPORT ROISSY CDG 2 TGV,0
2025-12-29,VALENCE TGV AUVERGNE RHONE ALPES,ARRAS,0
2025-12-29,VALENCE TGV AUVERGNE RHONE ALPES,AVIGNON TGV,0
2025-12-29,VALENCE TGV AUVERGNE RHONE ALPES,BRUXELLES MIDI,0
2025-12-29,VALENCE TGV AUVERGNE RHONE ALPES,LILLE (intramuros),0
2025-12-29,VALENCE TGV AUVERGNE RHONE ALPES,LYON (intramuros),0
2025-12-29,VALENCE TGV AUVERGNE RHONE ALPES,MARNE LA VALLEE CHESSY,0
2025-12-29,VALENCE TGV AUVERGNE RHONE ALPES,MARSEILLE ST CHARLES,0
2025-12-29,VALENCE TGV AUVERGNE RHONE ALPES,MONTPELLIER SAINT ROCH,1
2025-12-29,VALENCE TGV AUVERGNE RHONE ALPES,MONTPELLIER SUD DE FRANCE,0
2025-12-29,VALENCE TGV AUVERGNE RHONE ALPES,NIMES CENTRE,1
2025-12-29,VALENCE TGV AUVERGNE RHONE ALPES,NIMES PONT DU GARD,0
2025-12-29,VALENCE TGV AUVERGNE RHONE ALPES,TGV HAUTE PICARDIE,0
2025-12-30,AEROPORT ROISSY CDG 2 TGV,AIX EN PROVENCE TGV,1
2025-12-30,AEROPORT ROISSY CDG 2 TGV,ARRAS,1
2025-12-30,AEROPORT ROISSY CDG 2 TGV,AVIGNON TGV,1
2025-12-30,AEROPORT ROISSY CDG 2 TGV,BRUXELLES MIDI,0
2025-12-30,AEROPORT ROISSY CDG 2 TGV,DOUAI,1
2025-12-30,AEROPORT ROISSY CDG 2 TGV,LILLE (intramuros),1
2025-12-30,AEROPORT ROISSY CDG 2 TGV,LYON (intramuros),0
2025-12-30,AEROPORT ROISSY CDG 2 TGV,MARNE LA VALLEE CHESSY,0
2025-12-30,AEROPORT ROISSY CDG 2 TGV,MARSEILLE ST CHARLES,1
2025-12-30,AEROPORT ROISSY CDG 2 TGV,MONTPELLIER SAINT ROCH,0
2025-12-30,AEROPORT ROISSY CDG 2 TGV,MONTPELLIER SUD DE FRANCE,0
2025-12-30,AEROPORT ROISSY CDG 2 TGV,NIMES CENTRE,0
2025-12-30,AEROPORT ROISSY CDG 2 TGV,NIMES PONT DU GARD,0
2025-12-30,AEROPORT ROISSY CDG 2 TGV,TGV HAUTE PICARDIE,1
2025-12-30,AEROPORT ROISSY CDG 2 TGV,VALENCE TGV AUVERGNE RHONE ALPES,0
2025-12-30,AIX EN PROVENCE TGV,AEROPORT ROISSY CDG 2 TGV,0
2025-12-30,AIX EN PROVENCE TGV,AVIGNON TGV,1
2025-12-30,AIX EN PROVENCE TGV,BRUXELLES MIDI,0
2025-12-30,AIX EN PROVENCE TGV,LILLE (intramuros),0
2025-12-30,AIX EN PROVENCE TGV,LYON (intramuros),1
2025-12-30,AIX EN PROVENCE TGV,MARNE LA VALLEE CHESSY,0
2025-12-30,AIX EN PROVENCE TGV,MARSEILLE ST CHARLES,1
2025-12-30,ARRAS,AEROPORT ROISSY CDG 2 TGV,1
2025-12-30,ARRAS,AIX EN PROVENCE TGV,1
2025-12-30,ARRAS,AVIGNON TGV,1
2025-12-30,ARRAS,BRUXELLES MIDI,0
2025-12-30,ARRAS,DOUAI,1
2025-12-30,ARRAS,LILLE (intramuros),1
2025-12-30,ARRAS,LYON (intramuros),0
2025-12-30,ARRAS,MARNE LA VALLEE CHESSY,1
2025-12-30,ARRAS,MARSEILLE ST CHARLES,1
2025-12-30,ARRAS,TGV HAUTE PICARDIE,1
2025-12-30,AVIGNON TGV,AEROPORT ROISSY CDG 2 TGV,0
2025-12-30,AVIGNON TGV,AIX EN PROVENCE TGV,1
2025-12-30,AVIGNON TGV,BRUXELLES MIDI,0
2025-12-30,AVIGNON TGV,LILLE (intramuros),0
2025-12-30,AVIGNON TGV,LYON (intramuros),1
2025-12-30,AVIGNON TGV,MARNE LA VALLEE CHESSY,0
2025-12-30,AVIGNON TGV,MARSEILLE ST CHARLES,1
2025-12-30,BRUXELLES MIDI,AEROPORT ROISSY CDG 2 TGV,0
2025-12-30,BRUXELLES MIDI,AIX EN PROVENCE TGV,0
2025-12-30,BRUXELLES MIDI,AVIGNON TGV,0
2025-12-30,BRUXELLES MIDI,LILLE (intramuros),1
2025-12-30,BRUXELLES MIDI,LYON (intramuros),0
2025-12-30,BRUXELLES MIDI,MARNE LA VALLEE CHESSY,0
2025-12-30,BRUXELLES MIDI,MARSEILLE ST CHARLES,0
2025-12-30,BRUXELLES MIDI,MONTPELLIER SAINT ROCH,0
2025-12-30,BRUXELLES MIDI,MONTPELLIER SUD DE FRANCE,0
2025-12-30,BRUXELLES MIDI,NIMES CENTRE,0
2025-12-30,BRUXELLES MIDI,NIMES PONT DU GARD,0
2025-12-30,BRUXELLES MIDI,TGV HAUTE PICARDIE,0
2025-12-30,BRUXELLES MIDI,VALENCE TGV AUVERGNE RHONE ALPES,0
2025-12-30,DOUAI,LILLE (intramuros),1
2025-12-30,LE CREUSOT MONTCEAU MONTCHANIN,AEROPORT ROISSY CDG 2 TGV,0
2025-12-30,LE CREUSOT MONTCEAU MONTCHANIN,BRUXELLES MIDI,0
2025-12-30,LE CREUSOT MONTCEAU MONTCHANIN,LILLE (intramuros),0
2025-12-30,LE CREUSOT MONTCEAU MONTCHANIN,MARNE LA VALLEE CHESSY,0
2025-12-30,LILLE (intramuros),AEROPORT ROISSY CDG 2 TGV,1
2025-12-30,LILLE (intramuros),AIX EN PROVENCE TGV,1
2025-12-30,LILLE (intramuros),ARRAS,1
2025-12-30,LILLE (intramuros),AVIGNON TGV,1
2025-12-30,LILLE (intramuros),BRUXELLES MIDI,1
2025-12-30,LILLE (intramuros),LYON (intramuros),0
2025-12-30,LILLE (intramuros),MARNE LA VALLEE CHESSY,1
2025-12-30,LILLE (intramuros),MARSEILLE ST CHARLES,1
2025-12-30,LILLE (intramuros),MONTPELLIER SAINT ROCH,0
2025-12-30,LILLE (intramuros),MONTPELLIER SUD DE FRANCE,0
2025-12-30,LILLE (intramuros),NIMES CENTRE,0
2025-12-30,LILLE (intramuros),NIMES PONT DU GARD,0
2025-12-30,LILLE (intramuros),TGV HAUTE PICARDIE,1
2025-12-30,LILLE (intramuros),VALENCE TGV AUVERGNE RHONE ALPES,0
2025-12-30,LYON (intramuros),AEROPORT ROISSY CDG 2 TGV,0
2025-12-30,LYON (intramuros),AIX EN PROVENCE TGV,0
2025-12-30,LYON (intramuros),ARRAS,0
2025-12-30,LYON (intramuros),AVIGNON TGV,0
2025-12-30,LYON (intramuros),BRUXELLES MIDI,0
2025-12-30,LYON (intramuros),DOUAI,0
2025-12-30,LYON (intramuros),LE CREUSOT MONTCEAU MONTCHANIN,0
2025-12-30,LYON (intramuros),LILLE (intramuros),0
2025-12-30,LYON (intramuros),LYON (intramuros),1
2025-12-30,LYON (intramuros),MARNE LA VALLEE CHESSY,0
2025-12-30,LYON (intramuros),MARSEILLE ST CHARLES,0
2025-12-30,LYON (intramuros),MONTPELLIER SAINT ROCH,0
2025-12-30,LYON (intramuros),MONTPELLIER SUD DE FRANCE,0
2025-12-30,LYON (intramuros),NIMES CENTRE,0
2025-12-30,LYON (intramuros),NIMES PONT DU GARD,0
2025-12-30,LYON (intramuros),TGV HAUTE PICARDIE,0
2025-12-30,LYON (intramuros),VALENCE TGV AUVERGNE RHONE ALPES,0
2025-12-30,MARNE LA VALLEE CHESSY,AEROPORT ROISSY CDG 2 TGV,0
2025-12-30,MARNE LA VALLEE CHESSY,AIX EN PROVENCE TGV,1
2025-12-30,MARNE LA VALLEE CHESSY,ARRAS,1
2025-12-30,MARNE LA VALLEE CHESSY,AVIGNON TGV,1
2025-12-30,MARNE LA VALLEE CHESSY,BRUXELLES MIDI,0
2025-12-30,MARNE LA VALLEE CHESSY,DOUAI,1
2025-12-30,MARNE LA VALLEE CHESSY,LILLE (intramuros),1
2025-12-30,MARNE LA VALLEE CHESSY,LYON (intramuros),0
2025-12-30,MARNE LA VALLEE CHESSY,MARSEILLE ST CHARLES,1
2025-12-30,MARNE LA VALLEE CHESSY,MONTPELLIER SAINT ROCH,0
2025-12-30,MARNE LA VALLEE CHESSY,MONTPELLIER SUD DE FRANCE,0
2025-12-30,MARNE LA VALLEE CHESSY,NIMES CENTRE,0
2025-12-30,MARNE LA VALLEE CHESSY,NIMES PONT DU GARD,0
2025-12-30,MARNE LA VALLEE CHESSY,TGV HAUTE PICARDIE,1
2025-12-30,MARNE LA VALLEE CHESSY,VALENCE TGV AUVERGNE RHONE ALPES,0
2025-12-30,MARSEILLE ST CHARLES,AEROPORT ROISSY CDG 2 TGV,0
2025-12-30,MARSEILLE ST CHARLES,AIX EN PROVENCE TGV,1
2025-12-30,MARSEILLE ST CHARLES,AVIGNON TGV,1
2025-12-30,MARSEILLE ST CHARLES,BRUXELLES MIDI,0
2025-12-30,MARSEILLE ST CHARLES,LILLE (intramuros),0
2025-12-30,MARSEILLE ST CHARLES,LYON (intramuros),1
2025-12-30,MARSEILLE ST CHARLES,MARNE LA VALLEE CHESSY,0
2025-12-30,MONTPELLIER SAINT ROCH,AEROPORT ROISSY CDG 2 TGV,0
2025-12-30,MONTPELLIER SAINT ROCH,BRUXELLES MIDI,0
2025-12-30,MONTPELLIER SAINT ROCH,LILLE (intramuros),0
2025-12-30,MONTPELLIER SAINT ROCH,LYON (intramuros),0
2025-12-30,MONTPELLIER SAINT ROCH,MARNE LA VALLEE CHESSY,0
2025-12-30,MONTPELLIER SAINT ROCH,NIMES CENTRE,1
2025-12-30,MONTPELLIER SAINT ROCH,VALENCE TGV AUVERGNE RHONE ALPES,0
2025-12-30,MONTPELLIER SUD DE FRANCE,AEROPORT ROISSY CDG 2 TGV,0
2025-12-30,MONTPELLIER SUD DE FRANCE,ARRAS,0
2025-12-30,MONTPELLIER SUD DE FRANCE,BRUXELLES MIDI,0
2025-12-30,MONTPELLIER SUD DE FRANCE,LILLE (intramuros),0
2025-12-30,MONTPELLIER SUD DE FRANCE,LYON (intramuros),0
2025-12-30,MONTPELLIER SUD DE FRANCE,MARNE LA VALLEE CHESSY,0
2025-12-30,MONTPELLIER SUD DE FRANCE,NIMES PONT DU GARD,1
2025-12-30,MONTPELLIER SUD DE FRANCE,TGV HAUTE PICARDIE,0
2025-12-30,MONTPELLIER SUD DE FRANCE,VALENCE TGV AUVERGNE RHONE ALPES,0
2025-12-30,NIMES CENTRE,AEROPORT ROISSY CDG 2 TGV,0
2025-12-30,NIMES CENTRE,BRUXELLES MIDI,0
2025-12-30,NIMES CENTRE,LILLE (intramuros),0
2025-12-30,NIMES CENTRE,LYON (intramuros),0
2025-12-30,NIMES CENTRE,MARNE LA VALLEE CHESSY,0
2025-12-30,NIMES CENTRE,MONTPELLIER SAINT ROCH,1
2025-12-30,NIMES CENTRE,VALENCE TGV AUVERGNE RHONE ALPES,0
2025-12-30,NIMES PONT DU GARD,AEROPORT ROISSY CDG 2 TGV,0
2025-12-30,NIMES PONT DU GARD,ARRAS,0
2025-12-30,NIMES PONT DU GARD,BRUXELLES MIDI,0
2025-12-30,NIMES PONT DU GARD,LILLE (intramuros),0
2025-12-30,NIMES PONT DU GARD,LYON (intramuros),0
2025-12-30,NIMES PONT DU GARD,MARNE LA VALLEE CHESSY,0
2025-12-30,NIMES PONT DU GARD,MONTPELLIER SUD DE FRANCE,1
2025-12-30,NIMES PONT DU GARD,TGV HAUTE PICARDIE,0
2025-12-30,NIMES PONT DU GARD,VALENCE TGV AUVERGNE RHONE ALPES,0
2025-12-30,PARIS (intramuros),AIX EN PROVENCE TGV,1
2025-12-30,PARIS (intramuros),AVIGNON TGV,0
2025-12-30,PARIS (intramuros),MARSEILLE ST CHARLES,1
2025-12-30,TGV HAUTE PICARDIE,AEROPORT ROISSY CDG 2 TGV,1
2025-12-30,TGV HAUTE PICARDIE,AIX EN PROVENCE TGV,1
2025-12-30,TGV HAUTE PICARDIE,ARRAS,1
2025-12-30,TGV HAUTE PICARDIE,AVIGNON TGV,1
2025-12-30,TGV HAUTE PICARDIE,BRUXELLES MIDI,0
2025-12-30,TGV HAUTE PICARDIE,DOUAI,1
2025-12-30,TGV HAUTE PICARDIE,LILLE (intramuros),1
2025-12-30,TGV HAUTE PICARDIE,LYON (intramuros),0
2025-12-30,TGV HAUTE PICARDIE,MARNE LA VALLEE CHESSY,1
2025-12-30,TGV HAUTE PICARDIE,MARSEILLE ST CHARLES,1
2025-12-30,TGV HAUTE PICARDIE,VALENCE TGV AUVERGNE RHONE ALPES,0
2025-12-30,VALENCE TGV AUVERGNE RHONE ALPES,AEROPORT ROISSY CDG 2 TGV,0
2025-12-30,VALENCE TGV AUVERGNE RHONE ALPES,ARRAS,0
2025-12-30,VALENCE TGV AUVERGNE RHONE ALPES,AVIGNON TGV,0
2025-12-30,VALENCE TGV AUVERGNE RHONE ALPES,BRUXELLES MIDI,0
2025-12-30,VALENCE TGV AUVERGNE RHONE ALPES,LILLE (intramuros),0
2025-12-30,VALENCE TGV AUVERGNE RHONE ALPES,LYON (intramuros),0
2025-12-30,VALENCE TGV AUVERGNE RHONE ALPES,MARNE LA VALLEE CHESSY,0
2025-12-30,VALENCE TGV AUVERGNE RHONE ALPES,MARSEILLE ST CHARLES,0
2025-12-30,VALENCE TGV AUVERGNE RHONE ALPES,MONTPELLIER SAINT ROCH,0
2025-12-30,VALENCE TGV AUVERGNE RHONE ALPES,MONTPELLIER SUD DE FRANCE,0
2025-12-30,VALENCE TGV AUVERGNE RHONE ALPES,NIMES CENTRE,0
2025-12-30,VALENCE TGV AUVERGNE RHONE ALPES,NIMES PONT DU GARD,0
2025-12-30,VALENCE TGV AUVERGNE RHONE ALPES,TGV HAUTE PICARDIE,0
2025-12-31,AEROPORT ROISSY CDG 2 TGV,AGDE,0
2025-12-31,AEROPORT ROISSY CDG 2 TGV,AIX EN PROVENCE TGV,0
2025-12-31,AEROPORT ROISSY CDG 2 TGV,ARRAS,1
2025-12-31,AEROPORT ROISSY CDG 2 TGV,AVIGNON TGV,0
2025-12-31,AEROPORT ROISSY CDG 2 TGV,BEZIERS,0
2025-12-31,AEROPORT ROISSY CDG 2 TGV,BRUXELLES MIDI,0
2025-12-31,AEROPORT ROISSY CDG 2 TGV,DOUAI,1
2025-12-31,AEROPORT ROISSY CDG 2 TGV,LILLE (intramuros),1
2025-12-31,AEROPORT ROISSY CDG 2 TGV,LYON (intramuros),0
2025-12-31,AEROPORT ROISSY CDG 2 TGV,MARNE LA VALLEE CHESSY,0
2025-12-31,AEROPORT ROISSY CDG 2 TGV,MARSEILLE ST CHARLES,0
2025-12-31,AEROPORT ROISSY CDG 2 TGV,MONTPELLIER SAINT ROCH,0
2025-12-31,AEROPORT ROISSY CDG 2 TGV,MONTPELLIER SUD DE FRANCE,0
2025-12-31,AEROPORT ROISSY CDG 2 TGV,NARBONNE,0
2025-12-31,AEROPORT ROISSY CDG 2 TGV,NIMES CENTRE,0
2025-12-31,AEROPORT ROISSY CDG 2 TGV,NIMES PONT DU GARD,0
2025-12-31,AEROPORT ROISSY CDG 2 TGV,PERPIGNAN,0
2025-12-31,AEROPORT ROISSY CDG 2 TGV,SETE,0
2025-12-31,AEROPORT ROISSY CDG 2 TGV,TGV HAUTE PICARDIE,1
2025-12-31,AEROPORT ROISSY CDG 2 TGV,VALENCE TGV AUVERGNE RHONE ALPES,0
2025-12-31,AGDE,BEZIERS,0
2025-12-31,AGDE,NARBONNE,0
2025-12-31,AGDE,PERPIGNAN,0
2025-12-31,AIX EN PROVENCE TGV,AEROPORT ROISSY CDG 2 TGV,0
2025-12-31,AIX EN PROVENCE TGV,AVIGNON TGV,1
2025-12-31,AIX EN PROVENCE TGV,BRUXELLES MIDI,0
2025-12-31,AIX EN PROVENCE TGV,LILLE (intramuros),0
2025-12-31,AIX EN PROVENCE TGV,LYON (intramuros),0
2025-12-31,AIX EN PROVENCE TGV,MARNE LA VALLEE CHESSY,0
2025-12-31,AIX EN PROVENCE TGV,MARSEILLE ST CHARLES,1
2025-12-31,ARRAS,AEROPORT ROISSY CDG 2 TGV,0
2025-12-31,ARRAS,BRUXELLES MIDI,0
2025-12-31,ARRAS,DOUAI,1
2025-12-31,ARRAS,LILLE (intramuros),1
2025-12-31,ARRAS,LYON (intramuros),0
2025-12-31,ARRAS,MARNE LA VALLEE CHESSY,0
2025-12-31,ARRAS,TGV HAUTE PICARDIE,1
2025-12-31,AVIGNON TGV,AEROPORT ROISSY CDG 2 TGV,0
2025-12-31,AVIGNON TGV,AIX EN PROVENCE TGV,1
2025-12-31,AVIGNON TGV,BRUXELLES MIDI,0
2025-12-31,AVIGNON TGV,LILLE (intramuros),0
2025-12-31,AVIGNON TGV,LYON (intramuros),0
2025-12-31,AVIGNON TGV,MARNE LA VALLEE CHESSY,0
2025-12-31,AVIGNON TGV,MARSEILLE ST CHARLES,1
2025-12-31,BEZIERS,NARBONNE,0
2025-12-31,BEZIERS,PERPIGNAN,0
2025-12-31,BRUXELLES MIDI,AEROPORT ROISSY CDG 2 TGV,0
2025-12-31,BRUXELLES MIDI,AGDE,0
2025-12-31,BRUXELLES MIDI,AIX EN PROVENCE TGV,0
2025-12-31,BRUXELLES MIDI,AVIGNON TGV,0
2025-12-31,BRUXELLES MIDI,BEZIERS,0
2025-12-31,BRUXELLES MIDI,LILLE (intramuros),1
2025-12-31,BRUXELLES MIDI,LYON (intramuros),0
2025-12-31,BRUXELLES MIDI,MARNE LA VALLEE CHESSY,0
2025-12-31,BRUXELLES MIDI,MARSEILLE ST CHARLES,0
2025-12-31,BRUXELLES MIDI,MONTPELLIER SAINT ROCH,0
2025-12-31,BRUXELLES MIDI,MONTPELLIER SUD DE FRANCE,0
2025-12-31,BRUXELLES MIDI,NARBONNE,0
2025-12-31,BRUXELLES MIDI,NIMES CENTRE,0
2025-12-31,BRUXELLES MIDI,NIMES PONT DU GARD,0
2025-12-31,BRUXELLES MIDI,PERPIGNAN,0
2025-12-31,BRUXELLES MIDI,SETE,0
2025-12-31,BRUXELLES MIDI,TGV HAUTE PICARDIE,1
2025-12-31,BRUXELLES MIDI,VALENCE TGV AUVERGNE RHONE ALPES,0
2025-12-31,DOUAI,LILLE (intramuros),1
2025-12-31,LE CREUSOT MONTCEAU MONTCHANIN,AEROPORT ROISSY CDG 2 TGV,0
2025-12-31,LE CREUSOT MONTCEAU MONTCHANIN,BRUXELLES MIDI,0
2025-12-31,LE CREUSOT MONTCEAU MONTCHANIN,LILLE (intramuros),0
2025-12-31,LE CREUSOT MONTCEAU MONTCHANIN,MARNE LA VALLEE CHESSY,0
2025-12-31,LILLE (intramuros),AEROPORT ROISSY CDG 2 TGV,1
2025-12-31,LILLE (intramuros),AGDE,0
2025-12-31,LILLE (intramuros),AIX EN PROVENCE TGV,0
2025-12-31,LILLE (intramuros),ARRAS,1
2025-12-31,LILLE (intramuros),AVIGNON TGV,0
2025-12-31,LILLE (intramuros),BEZIERS,0
2025-12-31,LILLE (intramuros),BRUXELLES MIDI,1
2025-12-31,LILLE (intramuros),LYON (intramuros),0
2025-12-31,LILLE (intramuros),MARNE LA VALLEE CHESSY,1
2025-12-31,LILLE (intramuros),MARSEILLE ST CHARLES,0
2025-12-31,LILLE (intramuros),MONTPELLIER SAINT ROCH,0
2025-12-31,LILLE (intramuros),MONTPELLIER SUD DE FRANCE,0
2025-12-31,LILLE (intramuros),NARBONNE,0
2025-12-31,LILLE (intramuros),NIMES CENTRE,0
2025-12-31,LILLE (intramuros),NIMES PONT DU GARD,0
2025-12-31,LILLE (intramuros),PERPIGNAN,0
2025-12-31,LILLE (intramuros),SETE,0
2025-12-31,LILLE (intramuros),TGV HAUTE PICARDIE,1
2025-12-31,LILLE (intramuros),VALENCE TGV AUVERGNE RHONE ALPES,0
2025-12-31,LYON (intramuros),AEROPORT ROISSY CDG 2 TGV,0
2025-12-31,LYON (intramuros),AGDE,0
2025-12-31,LYON (intramuros),AIX EN PROVENCE TGV,0
2025-12-31,LYON (intramuros),ARRAS,0
2025-12-31,LYON (intramuros),AVIGNON TGV,0
2025-12-31,LYON (intramuros),BEZIERS,0
2025-12-31,LYON (intramuros),BRUXELLES MIDI,0
2025-12-31,LYON (intramuros),DOUAI,0
2025-12-31,LYON (intramuros),LE CREUSOT MONTCEAU MONTCHANIN,1
2025-12-31,LYON (intramuros),LILLE (intramuros),0
2025-12-31,LYON (intramuros),LYON (intramuros),1
2025-12-31,LYON (intramuros),MARNE LA VALLEE CHESSY,0
2025-12-31,LYON (intramuros),MARSEILLE ST CHARLES,0
2025-12-31,LYON (intramuros),MONTPELLIER SAINT ROCH,1
2025-12-31,LYON (intramuros),MONTPELLIER SUD DE FRANCE,0
2025-12-31,LYON (intramuros),NARBONNE,0
2025-12-31,LYON (intramuros),NIMES CENTRE,1
2025-12-31,LYON (intramuros),NIMES PONT DU GARD,0
2025-12-31,LYON (intramuros),PERPIGNAN,0
2025-12-31,LYON (intramuros),SETE,0
2025-12-31,LYON (intramuros),TGV HAUTE PICARDIE,0
2025-12-31,LYON (intramuros),VALENCE TGV AUVERGNE RHONE ALPES,1
2025-12-31,MARNE LA VALLEE CHESSY,AEROPORT ROISSY CDG 2 TGV,1
2025-12-31,MARNE LA VALLEE CHESSY,AGDE,0
2025-12-31,MARNE LA VALLEE CHESSY,AIX EN PROVENCE TGV,0
2025-12-31,MARNE LA VALLEE CHESSY,ARRAS,1
2025-12-31,MARNE LA VALLEE CHESSY,AVIGNON TGV,0
2025-12-31,MARNE LA VALLEE CHESSY,BEZIERS,0
2025-12-31,MARNE LA VALLEE CHESSY,BRUXELLES MIDI,0
2025-12-31,MARNE LA VALLEE CHESSY,DOUAI,1
2025-12-31,MARNE LA VALLEE CHESSY,LILLE (intramuros),1
2025-12-31,MARNE LA VALLEE CHESSY,LYON (intramuros),0
2025-12-31,MARNE LA VALLEE CHESSY,MARSEILLE ST CHARLES,0
2025-12-31,MARNE LA VALLEE CHESSY,MONTPELLIER SAINT ROCH,0
2025-12-31,MARNE LA VALLEE CHESSY,MONTPELLIER SUD DE FRANCE,0
2025-12-31,MARNE LA VALLEE CHESSY,NARBONNE,0
2025-12-31,MARNE LA VALLEE CHESSY,NIMES CENTRE,0
2025-12-31,MARNE LA VALLEE CHESSY,NIMES PONT DU GARD,0
2025-12-31,MARNE LA VALLEE CHESSY,PERPIGNAN,0
2025-12-31,MARNE LA VALLEE CHESSY,SETE,0
2025-12-31,MARNE LA VALLEE CHESSY,TGV HAUTE PICARDIE,1
2025-12-31,MARNE LA VALLEE CHESSY,VALENCE TGV AUVERGNE RHONE ALPES,0
2025-12-31,MARSEILLE ST CHARLES,AEROPORT ROISSY CDG 2 TGV,0
2025-12-31,MARSEILLE ST CHARLES,AIX EN PROVENCE TGV,1
2025-12-31,MARSEILLE ST CHARLES,AVIGNON TGV,1
2025-12-31,MARSEILLE ST CHARLES,BRUXELLES MIDI,0
2025-12-31,MARSEILLE ST CHARLES,LILLE (intramuros),0
2025-12-31,MARSEILLE ST CHARLES,LYON (intramuros),0
2025-12-31,MARSEILLE ST CHARLES,MARNE LA VALLEE CHESSY,0
2025-12-31,MONTPELLIER SAINT ROCH,AEROPORT ROISSY CDG 2 TGV,0
2025-12-31,MONTPELLIER SAINT ROCH,AGDE,0
2025-12-31,MONTPELLIER SAINT ROCH,BEZIERS,0
2025-12-31,MONTPELLIER SAINT ROCH,BRUXELLES MIDI,0
2025-12-31,MONTPELLIER SAINT ROCH,LILLE (intramuros),0
2025-12-31,MONTPELLIER SAINT ROCH,LYON (intramuros),0
2025-12-31,MONTPELLIER SAINT ROCH,MARNE LA VALLEE CHESSY,0
2025-12-31,MONTPELLIER SAINT ROCH,NARBONNE,0
2025-12-31,MONTPELLIER SAINT ROCH,NIMES CENTRE,0
2025-12-31,MONTPELLIER SAINT ROCH,PERPIGNAN,0
2025-12-31,MONTPELLIER SAINT ROCH,SETE,0
2025-12-31,MONTPELLIER SAINT ROCH,VALENCE TGV AUVERGNE RHONE ALPES,0
2025-12-31,MONTPELLIER SUD DE FRANCE,AEROPORT ROISSY CDG 2 TGV,0
2025-12-31,MONTPELLIER SUD DE FRANCE,ARRAS,0
2025-12-31,MONTPELLIER SUD DE FRANCE,BRUXELLES MIDI,0
2025-12-31,MONTPELLIER SUD DE FRANCE,LILLE (intramuros),0
2025-12-31,MONTPELLIER SUD DE FRANCE,LYON (intramuros),0
2025-12-31,MONTPELLIER SUD DE FRANCE,MARNE LA VALLEE CHESSY,0
2025-12-31,MONTPELLIER SUD DE FRANCE,NIMES PONT DU GARD,0
2025-12-31,MONTPELLIER SUD DE FRANCE,TGV HAUTE PICARDIE,0
2025-12-31,MONTPELLIER SUD DE FRANCE,VALENCE TGV AUVERGNE RHONE ALPES,0
2025-12-31,NARBONNE,PERPIGNAN,0
2025-12-31,NIMES CENTRE,AEROPORT ROISSY CDG 2 TGV,0
2025-12-31,NIMES CENTRE,AGDE,0
2025-12-31,NIMES CENTRE,BEZIERS,0
2025-12-31,NIMES CENTRE,BRUXELLES MIDI,0
2025-12-31,NIMES CENTRE,LILLE (intramuros),0
2025-12-31,NIMES CENTRE,LYON (intramuros),0
2025-12-31,NIMES CENTRE,MARNE LA VALLEE CHESSY,0
2025-12-31,NIMES CENTRE,MONTPELLIER SAINT ROCH,1
2025-12-31,NIMES CENTRE,NARBONNE,0
2025-12-31,NIMES CENTRE,PERPIGNAN,0
2025-12-31,NIMES CENTRE,SETE,0
2025-12-31,NIMES CENTRE,VALENCE TGV AUVERGNE RHONE ALPES,0
2025-12-31,NIMES PONT DU GARD,AEROPORT ROISSY CDG 2 TGV,0
2025-12-31,NIMES PONT DU GARD,ARRAS,0
2025-12-31,NIMES PONT DU GARD,BRUXELLES MIDI,0
2025-12-31,NIMES PONT DU GARD,LILLE (intramuros),0
2025-12-31,NIMES PONT DU GARD,LYON (intramuros),0
2025-12-31,NIMES PONT DU GARD,MARNE LA VALLEE CHESSY,0
2025-12-31,NIMES PONT DU GARD,MONTPELLIER SUD DE FRANCE,0
2025-12-31,NIMES PONT DU GARD,TGV HAUTE PICARDIE,0
2025-12-31,NIMES PONT DU GARD,VALENCE TGV AUVERGNE RHONE ALPES,0
2025-12-31,PARIS (intramuros),AIX EN PROVENCE TGV,0
2025-12-31,PARIS (intramuros),AVIGNON TGV,0
2025-12-31,PARIS (intramuros),MARSEILLE ST CHARLES,0
2025-12-31,SETE,AGDE,0
2025-12-31,SETE,BEZIERS,0
2025-12-31,SETE,NARBONNE,0
2025-12-31,SETE,PERPIGNAN,0
2025-12-31,TGV HAUTE PICARDIE,AEROPORT ROISSY CDG 2 TGV,0
2025-12-31,TGV HAUTE PICARDIE,ARRAS,1
2025-12-31,TGV HAUTE PICARDIE,AVIGNON TGV,0
2025-12-31,TGV HAUTE PICARDIE,BRUXELLES MIDI,0
2025-12-31,TGV HAUTE PICARDIE,DOUAI,1
2025-12-31,TGV HAUTE PICARDIE,LILLE (intramuros),1
2025-12-31,TGV HAUTE PICARDIE,LYON (intramuros),0
2025-12-31,TGV HAUTE PICARDIE,MARNE LA VALLEE CHESSY,0
2025-12-31,TGV HAUTE PICARDIE,MARSEILLE ST CHARLES,0
2025-12-31,TGV HAUTE PICARDIE,VALENCE TGV AUVERGNE RHONE ALPES,0
2025-12-31,VALENCE TGV AUVERGNE RHONE ALPES,AEROPORT ROISSY CDG 2 TGV,0
2025-12-31,VALENCE TGV AUVERGNE RHONE ALPES,AGDE,0
2025-12-31,VALENCE TGV AUVERGNE RHONE ALPES,AIX EN PROVENCE TGV,0
2025-12-31,VALENCE TGV AUVERGNE RHONE ALPES,ARRAS,0
2025-12-31,VALENCE TGV AUVERGNE RHONE ALPES,AVIGNON TGV,0
2025-12-31,VALENCE TGV AUVERGNE RHONE ALPES,BEZIERS,0
2025-12-31,VALENCE TGV AUVERGNE RHONE ALPES,BRUXELLES MIDI,0
2025-12-31,VALENCE TGV AUVERGNE RHONE ALPES,LILLE (intramuros),0
2025-12-31,VALENCE TGV AUVERGNE RHONE ALPES,LYON (intramuros),0
2025-12-31,VALENCE TGV AUVERGNE RHONE ALPES,MARNE LA VALLEE CHESSY,0
2025-12-31,VALENCE TGV AUVERGNE RHONE ALPES,MARSEILLE ST CHARLES,0
2025-12-31,VALENCE TGV AUVERGNE RHONE ALPES,MONTPELLIER SAINT ROCH,1
2025-12-31,VALENCE TGV AUVERGNE RHONE ALPES,MONTPELLIER SUD DE FRANCE,0
2025-12-31,VALENCE TGV AUVERGNE RHONE ALPES,NARBONNE,0
2025-12-31,VALENCE TGV AUVERGNE RHONE ALPES,NIMES CENTRE,1
2025-12-31,VALENCE TGV AUVERGNE RHONE ALPES,NIMES PONT DU GARD,0
2025-12-31,VALENCE TGV AUVERGNE RHONE ALPES,PERPIGNAN,0
2025-12-31,VALENCE TGV AUVERGNE RHONE ALPES,SETE,0
2025-12-31,VALENCE TGV AUVERGNE RHONE ALPES,TGV HAUTE PICARDIE,0
2026-01-01,AEROPORT ROISSY CDG 2 TGV,AIX EN PROVENCE TGV,0
2026-01-01,AEROPORT ROISSY CDG 2 TGV,ARRAS,0
2026-01-01,AEROPORT ROISSY CDG 2 TGV,AVIGNON TGV,0
2026-01-01,AEROPORT ROISSY CDG 2 TGV,BRUXELLES MIDI,0
2026-01-01,AEROPORT ROISSY CDG 2 TGV,LILLE (intramuros),1
2026-01-01,AEROPORT ROISSY CDG 2 TGV,LYON (intramuros),1
2026-01-01,AEROPORT ROISSY CDG 2 TGV,MARNE LA VALLEE CHESSY,0
2026-01-01,AEROPORT ROISSY CDG 2 TGV,MARSEILLE ST CHARLES,0
2026-01-01,AEROPORT ROISSY CDG 2 TGV,MONTPELLIER SAINT ROCH,1
2026-01-01,AEROPORT ROISSY CDG 2 TGV,MONTPELLIER SUD DE FRANCE,0
2026-01-01,AEROPORT ROISSY CDG 2 TGV,NIMES CENTRE,1
2026-01-01,AEROPORT ROISSY CDG 2 TGV,NIMES PONT DU GARD,0
2026-01-01,AEROPORT ROISSY CDG 2 TGV,TGV HAUTE PICARDIE,0
2026-01-01,AEROPORT ROISSY CDG 2 TGV,VALENCE TGV AUVERGNE RHONE ALPES,1
2026-01-01,AGDE,AEROPORT ROISSY CDG 2 TGV,0
2026-01-01,AGDE,ARRAS,0
2026-01-01,AGDE,BRUXELLES MIDI,0
2026-01-01,AGDE,LILLE (intramuros),0
2026-01-01,AGDE,LYON (intramuros),0
2026-01-01,AGDE,MARNE LA VALLEE CHESSY,0
2026-01-01,AGDE,MONTPELLIER SAINT ROCH,0
2026-01-01,AGDE,NIMES CENTRE,0
2026-01-01,AGDE,SETE,0
2026-01-01,AGDE,TGV HAUTE PICARDIE,0
2026-01-01,AGDE,VALENCE TGV AUVERGNE RHONE ALPES,0
2026-01-01,AIX EN PROVENCE TGV,AEROPORT ROISSY CDG 2 TGV,0
2026-01-01,AIX EN PROVENCE TGV,AVIGNON TGV,0
2026-01-01,AIX EN PROVENCE TGV,BRUXELLES MIDI,0
2026-01-01,AIX EN PROVENCE TGV,LILLE (intramuros),0
2026-01-01,AIX EN PROVENCE TGV,LYON (intramuros),0
2026-01-01,AIX EN PROVENCE TGV,MARNE LA VALLEE CHESSY,0
2026-01-01,AIX EN PROVENCE TGV,MARSEILLE ST CHARLES,1
2026-01-01,ARRAS,BRUXELLES MIDI,0
2026-01-01,ARRAS,LILLE (intramuros),0
2026-01-01,AVIGNON TGV,AEROPORT ROISSY CDG 2 TGV,0
2026-01-01,AVIGNON TGV,AIX EN PROVENCE TGV,1
2026-01-01,AVIGNON TGV,BRUXELLES MIDI,0
2026-01-01,AVIGNON TGV,LILLE (intramuros),0
2026-01-01,AVIGNON TGV,LYON (intramuros),0
2026-01-01,AVIGNON TGV,MARNE LA VALLEE CHESSY,0
2026-01-01,AVIGNON TGV,MARSEILLE ST CHARLES,1
2026-01-01,BEZIERS,AEROPORT ROISSY CDG 2 TGV,0
2026-01-01,BEZIERS,AGDE,0
2026-01-01,BEZIERS,ARRAS,0
2026-01-01,BEZIERS,BRUXELLES MIDI,0
2026-01-01,BEZIERS,LILLE (intramuros),0
2026-01-01,BEZIERS,LYON (intramuros),0
2026-01-01,BEZIERS,MARNE LA VALLEE CHESSY,0
2026-01-01,BEZIERS,MONTPELLIER SAINT ROCH,0
2026-01-01,BEZIERS,NIMES CENTRE,0
2026-01-01,BEZIERS,SETE,0
2026-01-01,BEZIERS,TGV HAUTE PICARDIE,0
2026-01-01,BEZIERS,VALENCE TGV AUVERGNE RHONE ALPES,0
2026-01-01,BRUXELLES MIDI,AEROPORT ROISSY CDG 2 TGV,1
2026-01-01,BRUXELLES MIDI,AIX EN PROVENCE TGV,0
2026-01-01,BRUXELLES MIDI,AVIGNON TGV,0
2026-01-01,BRUXELLES MIDI,LILLE (intramuros),1
2026-01-01,BRUXELLES MIDI,LYON (intramuros),0
2026-01-01,BRUXELLES MIDI,MARNE LA VALLEE CHESSY,1
2026-01-01,BRUXELLES MIDI,MARSEILLE ST CHARLES,0
2026-01-01,BRUXELLES MIDI,MONTPELLIER SAINT ROCH,0
2026-01-01,BRUXELLES MIDI,MONTPELLIER SUD DE FRANCE,0
2026-01-01,BRUXELLES MIDI,NIMES CENTRE,0
2026-01-01,BRUXELLES MIDI,NIMES PONT DU GARD,0
2026-01-01,BRUXELLES MIDI,TGV HAUTE PICARDIE,0
2026-01-01,BRUXELLES MIDI,VALENCE TGV AUVERGNE RHONE ALPES,0
2026-01-01,LE CREUSOT MONTCEAU MONTCHANIN,AEROPORT ROISSY CDG 2 TGV,1
2026-01-01,LE CREUSOT MONTCEAU MONTCHANIN,BRUXELLES MIDI,0
2026-01-01,LE CREUSOT MONTCEAU MONTCHANIN,LILLE (intramuros),0
2026-01-01,LE CREUSOT MONTCEAU MONTCHANIN,MARNE LA VALLEE CHESSY,1
2026-01-01,LILLE (intramuros),AEROPORT ROISSY CDG 2 TGV,1
2026-01-01,LILLE (intramuros),AIX EN PROVENCE TGV,0
2026-01-01,LILLE (intramuros),AVIGNON TGV,0
2026-01-01,LILLE (intramuros),BRUXELLES MIDI,1
2026-01-01,LILLE (intramuros),LYON (intramuros),0
2026-01-01,LILLE (intramuros),MARNE LA VALLEE CHESSY,1
2026-01-01,LILLE (intramuros),MARSEILLE ST CHARLES,0
2026-01-01,LILLE (intramuros),MONTPELLIER SAINT ROCH,1
2026-01-01,LILLE (intramuros),MONTPELLIER SUD DE FRANCE,0
2026-01-01,LILLE (intramuros),NIMES CENTRE,1
2026-01-01,LILLE (intramuros),NIMES PONT DU GARD,0
2026-01-01,LILLE (intramuros),TGV HAUTE PICARDIE,1
2026-01-01,LILLE (intramuros),VALENCE TGV AUVERGNE RHONE ALPES,0
2026-01-01,LYON (intramuros),AEROPORT ROISSY CDG 2 TGV,1
2026-01-01,LYON (intramuros),AIX EN PROVENCE TGV,0
2026-01-01,LYON (intramuros),ARRAS,0
2026-01-01,LYON (intramuros),AVIGNON TGV,1
2026-01-01,LYON (intramuros),BRUXELLES MIDI,0
2026-01-01,LYON (intramuros),LE CREUSOT MONTCEAU MONTCHANIN,1
2026-01-01,LYON (intramuros),LILLE (intramuros),1
2026-01-01,LYON (intramuros),LYON (intramuros),0
2026-01-01,LYON (intramuros),MARNE LA VALLEE CHESSY,1
2026-01-01,LYON (intramuros),MARSEILLE ST CHARLES,1
2026-01-01,LYON (intramuros),MONTPELLIER SAINT ROCH,1
2026-01-01,LYON (intramuros),MONTPELLIER SUD DE FRANCE,0
2026-01-01,LYON (intramuros),NIMES CENTRE,1
2026-01-01,LYON (intramuros),NIMES PONT DU GARD,0
2026-01-01,LYON (intramuros),TGV HAUTE PICARDIE,0
2026-01-01,LYON (intramuros),VALENCE TGV AUVERGNE RHONE ALPES,1
2026-01-01,MARNE LA VALLEE CHESSY,AEROPORT ROISSY CDG 2 TGV,1
2026-01-01,MARNE LA VALLEE CHESSY,AIX EN PROVENCE TGV,0
2026-01-01,MARNE LA VALLEE CHESSY,ARRAS,0
2026-01-01,MARNE LA VALLEE CHESSY,AVIGNON TGV,0
2026-01-01,MARNE LA VALLEE CHESSY,BRUXELLES MIDI,0
2026-01-01,MARNE LA VALLEE CHESSY,LILLE (intramuros),1
2026-01-01,MARNE LA VALLEE CHESSY,LYON (intramuros),1
2026-01-01,MARNE LA VALLEE CHESSY,MARSEILLE ST CHARLES,0
2026-01-01,MARNE LA VALLEE CHESSY,MONTPELLIER SAINT ROCH,1
2026-01-01,MARNE LA VALLEE CHESSY,MONTPELLIER SUD DE FRANCE,0
2026-01-01,MARNE LA VALLEE CHESSY,NIMES CENTRE,1
2026-01-01,MARNE LA VALLEE CHESSY,NIMES PONT DU GARD,0
2026-01-01,MARNE LA VALLEE CHESSY,TGV HAUTE PICARDIE,0
2026-01-01,MARNE LA VALLEE CHESSY,VALENCE TGV AUVERGNE RHONE ALPES,1
2026-01-01,MARSEILLE ST CHARLES,AEROPORT ROISSY CDG 2 TGV,0
2026-01-01,MARSEILLE ST CHARLES,AIX EN PROVENCE TGV,0
2026-01-01,MARSEILLE ST CHARLES,AVIGNON TGV,0
2026-01-01,MARSEILLE ST CHARLES,BRUXELLES MIDI,0
2026-01-01,MARSEILLE ST CHARLES,LILLE (intramuros),0
2026-01-01,MARSEILLE ST CHARLES,LYON (intramuros),0
2026-01-01,MARSEILLE ST CHARLES,MARNE LA VALLEE CHESSY,0
2026-01-01,MONTPELLIER SAINT ROCH,AEROPORT ROISSY CDG 2 TGV,0
2026-01-01,MONTPELLIER SAINT ROCH,ARRAS,0
2026-01-01,MONTPELLIER SAINT ROCH,BRUXELLES MIDI,0
2026-01-01,MONTPELLIER SAINT ROCH,LILLE (intramuros),0
2026-01-01,MONTPELLIER SAINT ROCH,LYON (intramuros),0
2026-01-01,MONTPELLIER SAINT ROCH,MARNE LA VALLEE CHESSY,0
2026-01-01,MONTPELLIER SAINT ROCH,NIMES CENTRE,1
2026-01-01,MONTPELLIER SAINT ROCH,TGV HAUTE PICARDIE,0
2026-01-01,MONTPELLIER SAINT ROCH,VALENCE TGV AUVERGNE RHONE ALPES,0
2026-01-01,MONTPELLIER SUD DE FRANCE,AEROPORT ROISSY CDG 2 TGV,0
2026-01-01,MONTPELLIER SUD DE FRANCE,LILLE (intramuros),0
2026-01-01,MONTPELLIER SUD DE FRANCE,LYON (intramuros),0
2026-01-01,MONTPELLIER SUD DE FRANCE,MARNE LA VALLEE CHESSY,0
2026-01-01,MONTPELLIER SUD DE FRANCE,NIMES PONT DU GARD,1
2026-01-01,MONTPELLIER SUD DE FRANCE,VALENCE TGV AUVERGNE RHONE ALPES,0
2026-01-01,NARBONNE,AEROPORT ROISSY CDG 2 TGV,0
2026-01-01,NARBONNE,AGDE,0
2026-01-01,NARBONNE,ARRAS,0
2026-01-01,NARBONNE,BEZIERS,0
2026-01-01,NARBONNE,BRUXELLES MIDI,0
2026-01-01,NARBONNE,LILLE (intramuros),0
2026-01-01,NARBONNE,LYON (intramuros),0
2026-01-01,NARBONNE,MARNE LA VALLEE CHESSY,0
2026-01-01,NARBONNE,MONTPELLIER SAINT ROCH,0
2026-01-01,NARBONNE,NIMES CENTRE,0
2026-01-01,NARBONNE,SETE,0
2026-01-01,NARBONNE,TGV HAUTE PICARDIE,0
2026-01-01,NARBONNE,VALENCE TGV AUVERGNE RHONE ALPES,0
2026-01-01,NIMES CENTRE,AEROPORT ROISSY CDG 2 TGV,0
2026-01-01,NIMES CENTRE,ARRAS,0
2026-01-01,NIMES CENTRE,BRUXELLES MIDI,0
2026-01-01,NIMES CENTRE,LILLE (intramuros),0
2026-01-01,NIMES CENTRE,LYON (intramuros),0
2026-01-01,NIMES CENTRE,MARNE LA VALLEE CHESSY,0
2026-01-01,NIMES CENTRE,MONTPELLIER SAINT ROCH,1
2026-01-01,NIMES CENTRE,TGV HAUTE PICARDIE,0
2026-01-01,NIMES CENTRE,VALENCE TGV AUVERGNE RHONE ALPES,0
2026-01-01,NIMES PONT DU GARD,AEROPORT ROISSY CDG 2 TGV,0
2026-01-01,NIMES PONT DU GARD,LILLE (intramuros),0
2026-01-01,NIMES PONT DU GARD,LYON (intramuros),0
2026-01-01,NIMES PONT DU GARD,MARNE LA VALLEE CHESSY,0
2026-01-01,NIMES PONT DU GARD,MONTPELLIER SUD DE FRANCE,1
2026-01-01,NIMES PONT DU GARD,VALENCE TGV AUVERGNE RHONE ALPES,0
2026-01-01,PARIS (intramuros),AIX EN PROVENCE TGV,0
2026-01-01,PARIS (intramuros),AVIGNON TGV,0
2026-01-01,PARIS (intramuros),MARSEILLE ST CHARLES,0
2026-01-01,PERPIGNAN,AEROPORT ROISSY CDG 2 TGV,0
2026-01-01,PERPIGNAN,AGDE,0
2026-01-01,PERPIGNAN,ARRAS,0
2026-01-01,PERPIGNAN,BEZIERS,0
2026-01-01,PERPIGNAN,BRUXELLES MIDI,0
2026-01-01,PERPIGNAN,LILLE (intramuros),0
2026-01-01,PERPIGNAN,LYON (intramuros),0
2026-01-01,PERPIGNAN,MARNE LA VALLEE CHESSY,0
2026-01-01,PERPIGNAN,MONTPELLIER SAINT ROCH,0
2026-01-01,PERPIGNAN,NARBONNE,0
2026-01-01,PERPIGNAN,NIMES CENTRE,0
2026-01-01,PERPIGNAN,SETE,0
2026-01-01,PERPIGNAN,TGV HAUTE PICARDIE,0
2026-01-01,PERPIGNAN,VALENCE TGV AUVERGNE RHONE ALPES,0
2026-01-01,SETE,AEROPORT ROISSY CDG 2 TGV,0
2026-01-01,SETE,ARRAS,0
2026-01-01,SETE,BRUXELLES MIDI,0
2026-01-01,SETE,LILLE (intramuros),0
2026-01-01,SETE,LYON (intramuros),0
2026-01-01,SETE,MARNE LA VALLEE CHESSY,0
2026-01-01,SETE,MONTPELLIER SAINT ROCH,0
2026-01-01,SETE,NIMES CENTRE,0
2026-01-01,SETE,TGV HAUTE PICARDIE,0
2026-01-01,SETE,VALENCE TGV AUVERGNE RHONE ALPES,0
2026-01-01,TGV HAUTE PICARDIE,AEROPORT ROISSY CDG 2 TGV,1
2026-01-01,TGV HAUTE PICARDIE,ARRAS,0
2026-01-01,TGV HAUTE PICARDIE,AVIGNON TGV,0
2026-01-01,TGV HAUTE PICARDIE,BRUXELLES MIDI,0
2026-01-01,TGV HAUTE PICARDIE,LILLE (intramuros),0
2026-01-01,TGV HAUTE PICARDIE,LYON (intramuros),0
2026-01-01,TGV HAUTE PICARDIE,MARNE LA VALLEE CHESSY,1
2026-01-01,TGV HAUTE PICARDIE,MARSEILLE ST CHARLES,0
2026-01-01,TGV HAUTE PICARDIE,VALENCE TGV AUVERGNE RHONE ALPES,0
2026-01-01,VALENCE TGV AUVERGNE RHONE ALPES,AEROPORT ROISSY CDG 2 TGV,0
2026-01-01,VALENCE TGV AUVERGNE RHONE ALPES,AIX EN PROVENCE TGV,0
2026-01-01,VALENCE TGV AUVERGNE RHONE ALPES,ARRAS,0
2026-01-01,VALENCE TGV AUVERGNE RHONE ALPES,AVIGNON TGV,1
2026-01-01,VALENCE TGV AUVERGNE RHONE ALPES,BRUXELLES MIDI,0
2026-01-01,VALENCE TGV AUVERGNE RHONE ALPES,LILLE (intramuros),0
2026-01-01,VALENCE TGV AUVERGNE RHONE ALPES,LYON (intramuros),0
2026-01-01,VALENCE TGV AUVERGNE RHONE ALPES,MARNE LA VALLEE CHESSY,0
2026-01-01,VALENCE TGV AUVERGNE RHONE ALPES,MARSEILLE ST CHARLES,1
2026-01-01,VALENCE TGV AUVERGNE RHONE ALPES,MONTPELLIER SAINT ROCH,1
2026-01-01,VALENCE TGV AUVERGNE RHONE ALPES,MONTPELLIER SUD DE FRANCE,0
2026-01-01,VALENCE TGV AUVERGNE RHONE ALPES,NIMES CENTRE,1
2026-01-01,VALENCE TGV AUVERGNE RHONE ALPES,NIMES PONT DU GARD,0
2026-01-01,VALENCE TGV AUVERGNE RHONE ALPES,TGV HAUTE PICARDIE,0
2026-01-02,AEROPORT ROISSY CDG 2 TGV,AGDE,0
2026-01-02,AEROPORT ROISSY CDG 2 TGV,AIX EN PROVENCE TGV,0
2026-01-02,AEROPORT ROISSY CDG 2 TGV,ARRAS,0
2026-01-02,AEROPORT ROISSY CDG 2 TGV,AVIGNON TGV,0
2026-01-02,AEROPORT ROISSY CDG 2 TGV,BEZIERS,0
2026-01-02,AEROPORT ROISSY CDG 2 TGV,BRUXELLES MIDI,0
2026-01-02,AEROPORT ROISSY CDG 2 TGV,DOUAI,0
2026-01-02,AEROPORT ROISSY CDG 2 TGV,LILLE (intramuros),0
2026-01-02,AEROPORT ROISSY CDG 2 TGV,LYON (intramuros),0
2026-01-02,AEROPORT ROISSY CDG 2 TGV,MARNE LA VALLEE CHESSY,0
2026-01-02,AEROPORT ROISSY CDG 2 TGV,MARSEILLE ST CHARLES,0
2026-01-02,AEROPORT ROISSY CDG 2 TGV,MONTPELLIER SAINT ROCH,0
2026-01-02,AEROPORT ROISSY CDG 2 TGV,MONTPELLIER SUD DE FRANCE,0
2026-01-02,AEROPORT ROISSY CDG 2 TGV,NARBONNE,0
2026-01-02,AEROPORT ROISSY CDG 2 TGV,NIMES CENTRE,0
2026-01-02,AEROPORT ROISSY CDG 2 TGV,NIMES PONT DU GARD,0
2026-01-02,AEROPORT ROISSY CDG 2 TGV,PERPIGNAN,0
2026-01-02,AEROPORT ROISSY CDG 2 TGV,SETE,0
2026-01-02,AEROPORT ROISSY CDG 2 TGV,TGV HAUTE PICARDIE,0
2026-01-02,AEROPORT ROISSY CDG 2 TGV,VALENCE TGV AUVERGNE RHONE ALPES,0
2026-01-02,AGDE,BEZIERS,0
2026-01-02,AGDE,NARBONNE,0
2026-01-02,AGDE,PERPIGNAN,0
2026-01-02,AIX EN PROVENCE TGV,AEROPORT ROISSY CDG 2 TGV,0
2026-01-02,AIX EN PROVENCE TGV,ARRAS,0
2026-01-02,AIX EN PROVENCE TGV,AVIGNON TGV,1
2026-01-02,AIX EN PROVENCE TGV,BRUXELLES MIDI,0
2026-01-02,AIX EN PROVENCE TGV,DOUAI,0
2026-01-02,AIX EN PROVENCE TGV,LILLE (intramuros),0
2026-01-02,AIX EN PROVENCE TGV,LYON (intramuros),0
2026-01-02,AIX EN PROVENCE TGV,MARNE LA VALLEE CHESSY,0
2026-01-02,AIX EN PROVENCE TGV,MARSEILLE ST CHARLES,1
2026-01-02,AIX EN PROVENCE TGV,TGV HAUTE PICARDIE,0
2026-01-02,ARRAS,BRUXELLES MIDI,0
2026-01-02,ARRAS,DOUAI,0
2026-01-02,ARRAS,LILLE (intramuros),0
2026-01-02,AVIGNON TGV,AEROPORT ROISSY CDG 2 TGV,0
2026-01-02,AVIGNON TGV,AIX EN PROVENCE TGV,1
2026-01-02,AVIGNON TGV,ARRAS,0
2026-01-02,AVIGNON TGV,BRUXELLES MIDI,0
2026-01-02,AVIGNON TGV,DOUAI,0
2026-01-02,AVIGNON TGV,LILLE (intramuros),0
2026-01-02,AVIGNON TGV,LYON (intramuros),0
2026-01-02,AVIGNON TGV,MARNE LA VALLEE CHESSY,0
2026-01-02,AVIGNON TGV,MARSEILLE ST CHARLES,1
2026-01-02,AVIGNON TGV,TGV HAUTE PICARDIE,0
2026-01-02,BEZIERS,NARBONNE,0
2026-01-02,BEZIERS,PERPIGNAN,0
2026-01-02,BRUXELLES MIDI,AEROPORT ROISSY CDG 2 TGV,0
2026-01-02,BRUXELLES MIDI,AGDE,0
2026-01-02,BRUXELLES MIDI,AIX EN PROVENCE TGV,0
2026-01-02,BRUXELLES MIDI,AVIGNON TGV,0
2026-01-02,BRUXELLES MIDI,BEZIERS,0
2026-01-02,BRUXELLES MIDI,LILLE (intramuros),0
2026-01-02,BRUXELLES MIDI,LYON (intramuros),0
2026-01-02,BRUXELLES MIDI,MARNE LA VALLEE CHESSY,0
2026-01-02,BRUXELLES MIDI,MARSEILLE ST CHARLES,0
2026-01-02,BRUXELLES MIDI,MONTPELLIER SAINT ROCH,0
2026-01-02,BRUXELLES MIDI,MONTPELLIER SUD DE FRANCE,0
2026-01-02,BRUXELLES MIDI,NARBONNE,0
2026-01-02,BRUXELLES MIDI,NIMES CENTRE,0
2026-01-02,BRUXELLES MIDI,NIMES PONT DU GARD,0
2026-01-02,BRUXELLES MIDI,PERPIGNAN,0
2026-01-02,BRUXELLES MIDI,SETE,0
2026-01-02,BRUXELLES MIDI,TGV HAUTE PICARDIE,0
2026-01-02,BRUXELLES MIDI,VALENCE TGV AUVERGNE RHONE ALPES,0
2026-01-02,DOUAI,LILLE (intramuros),0
2026-01-02,LE CREUSOT MONTCEAU MONTCHANIN,AEROPORT ROISSY CDG 2 TGV,0
2026-01-02,LE CREUSOT MONTCEAU MONTCHANIN,BRUXELLES MIDI,0
2026-01-02,LE CREUSOT MONTCEAU MONTCHANIN,LILLE (intramuros),0
2026-01-02,LE CREUSOT MONTCEAU MONTCHANIN,MARNE LA VALLEE CHESSY,0
2026-01-02,LILLE (intramuros),AEROPORT ROISSY CDG 2 TGV,0
2026-01-02,LILLE (intramuros),AGDE,0
2026-01-02,LILLE (intramuros),AIX EN PROVENCE TGV,0
2026-01-02,LILLE (intramuros),AVIGNON TGV,0
2026-01-02,LILLE (intramuros),BEZIERS,0
2026-01-02,LILLE (intramuros),BRUXELLES MIDI,1
2026-01-02,LILLE (intramuros),LYON (intramuros),0
2026-01-02,LILLE (intramuros),MARNE LA VALLEE CHESSY,0
2026-01-02,LILLE (intramuros),MARSEILLE ST CHARLES,0
2026-01-02,LILLE (intramuros),MONTPELLIER SAINT ROCH,0
2026-01-02,LILLE (intramuros),MONTPELLIER SUD DE FRANCE,0
2026-01-02,LILLE (intramuros),NARBONNE,0
2026-01-02,LILLE (intramuros),NIMES CENTRE,0
2026-01-02,LILLE (intramuros),NIMES PONT DU GARD,0
2026-01-02,LILLE (intramuros),PERPIGNAN,0
2026-01-02,LILLE (intramuros),SETE,0
2026-01-02,LILLE (intramuros),TGV HAUTE PICARDIE,1
2026-01-02,LILLE (intramuros),VALENCE TGV AUVERGNE RHONE ALPES,0
2026-01-02,LYON (intramuros),AEROPORT ROISSY CDG 2 TGV,0
2026-01-02,LYON (intramuros),AGDE,0
2026-01-02,LYON (intramuros),AIX EN PROVENCE TGV,0
2026-01-02,LYON (intramuros),ARRAS,0
2026-01-02,LYON (intramuros),AVIGNON TGV,0
2026-01-02,LYON (intramuros),BEZIERS,0
2026-01-02,LYON (intramuros),BRUXELLES MIDI,0
2026-01-02,LYON (intramuros),DOUAI,0
2026-01-02,LYON (intramuros),LE CREUSOT MONTCEAU MONTCHANIN,1
2026-01-02,LYON (intramuros),LILLE (intramuros),0
2026-01-02,LYON (intramuros),LYON (intramuros),1
2026-01-02,LYON (intramuros),MARNE LA VALLEE CHESSY,0
2026-01-02,LYON (intramuros),MARSEILLE ST CHARLES,0
2026-01-02,LYON (intramuros),MONTPELLIER SAINT ROCH,0
2026-01-02,LYON (intramuros),MONTPELLIER SUD DE FRANCE,0
2026-01-02,LYON (intramuros),NARBONNE,0
2026-01-02,LYON (intramuros),NIMES CENTRE,0
2026-01-02,LYON (intramuros),NIMES PONT DU GARD,0
2026-01-02,LYON (intramuros),PERPIGNAN,0
2026-01-02,LYON (intramuros),SETE,0
2026-01-02,LYON (intramuros),TGV HAUTE PICARDIE,0
2026-01-02,LYON (intramuros),VALENCE TGV AUVERGNE RHONE ALPES,0
2026-01-02,MARNE LA VALLEE CHESSY,AEROPORT ROISSY CDG 2 TGV,1
2026-01-02,MARNE LA VALLEE CHESSY,AGDE,0
2026-01-02,MARNE LA VALLEE CHESSY,AIX EN PROVENCE TGV,0
2026-01-02,MARNE LA VALLEE CHESSY,ARRAS,0
2026-01-02,MARNE LA VALLEE CHESSY,AVIGNON TGV,0
2026-01-02,MARNE LA VALLEE CHESSY,BEZIERS,0
2026-01-02,MARNE LA VALLEE CHESSY,BRUXELLES MIDI,0
2026-01-02,MARNE LA VALLEE CHESSY,DOUAI,0
2026-01-02,MARNE LA VALLEE CHESSY,LILLE (intramuros),0
2026-01-02,MARNE LA VALLEE CHESSY,LYON (intramuros),0
2026-01-02,MARNE LA VALLEE CHESSY,MARSEILLE ST CHARLES,0
2026-01-02,MARNE LA VALLEE CHESSY,MONTPELLIER SAINT ROCH,0
2026-01-02,MARNE LA VALLEE CHESSY,MONTPELLIER SUD DE FRANCE,0
2026-01-02,MARNE LA VALLEE CHESSY,NARBONNE,0
2026-01-02,MARNE LA VALLEE CHESSY,NIMES CENTRE,0
2026-01-02,MARNE LA VALLEE CHESSY,NIMES PONT DU GARD,0
2026-01-02,MARNE LA VALLEE CHESSY,PERPIGNAN,0
2026-01-02,MARNE LA VALLEE CHESSY,SETE,0
2026-01-02,MARNE LA VALLEE CHESSY,TGV HAUTE PICARDIE,0
2026-01-02,MARNE LA VALLEE CHESSY,VALENCE TGV AUVERGNE RHONE ALPES,0
2026-01-02,MARSEILLE ST CHARLES,AEROPORT ROISSY CDG 2 TGV,0
2026-01-02,MARSEILLE ST CHARLES,AIX EN PROVENCE TGV,1
2026-01-02,MARSEILLE ST CHARLES,ARRAS,0
2026-01-02,MARSEILLE ST CHARLES,AVIGNON TGV,1
2026-01-02,MARSEILLE ST CHARLES,BRUXELLES MIDI,0
2026-01-02,MARSEILLE ST CHARLES,DOUAI,0
2026-01-02,MARSEILLE ST CHARLES,LILLE (intramuros),0
2026-01-02,MARSEILLE ST CHARLES,LYON (intramuros),0
2026-01-02,MARSEILLE ST CHARLES,MARNE LA VALLEE CHESSY,0
2026-01-02,MARSEILLE ST CHARLES,TGV HAUTE PICARDIE,0
2026-01-02,MONTPELLIER SAINT ROCH,AEROPORT ROISSY CDG 2 TGV,0
2026-01-02,MONTPELLIER SAINT ROCH,AGDE,0
2026-01-02,MONTPELLIER SAINT ROCH,BEZIERS,0
2026-01-02,MONTPELLIER SAINT ROCH,BRUXELLES MIDI,0
2026-01-02,MONTPELLIER SAINT ROCH,LILLE (intramuros),0
2026-01-02,MONTPELLIER SAINT ROCH,LYON (intramuros),0
2026-01-02,MONTPELLIER SAINT ROCH,MARNE LA VALLEE CHESSY,0
2026-01-02,MONTPELLIER SAINT ROCH,NARBONNE,0
2026-01-02,MONTPELLIER SAINT ROCH,NIMES CENTRE,0
2026-01-02,MONTPELLIER SAINT ROCH,PERPIGNAN,0
2026-01-02,MONTPELLIER SAINT ROCH,SETE,0
2026-01-02,MONTPELLIER SAINT ROCH,VALENCE TGV AUVERGNE RHONE ALPES,0
2026-01-02,MONTPELLIER SUD DE FRANCE,AEROPORT ROISSY CDG 2 TGV,0
2026-01-02,MONTPELLIER SUD DE FRANCE,ARRAS,0
2026-01-02,MONTPELLIER SUD DE FRANCE,BRUXELLES MIDI,0
2026-01-02,MONTPELLIER SUD DE FRANCE,LILLE (intramuros),0
2026-01-02,MONTPELLIER SUD DE FRANCE,LYON (intramuros),0
2026-01-02,MONTPELLIER SUD DE FRANCE,MARNE LA VALLEE CHESSY,0
2026-01-02,MONTPELLIER SUD DE FRANCE,NIMES PONT DU GARD,0
2026-01-02,MONTPELLIER SUD DE FRANCE,TGV HAUTE PICARDIE,0
2026-01-02,MONTPELLIER SUD DE FRANCE,VALENCE TGV AUVERGNE RHONE ALPES,0
2026-01-02,NARBONNE,PERPIGNAN,0
2026-01-02,NIMES CENTRE,AEROPORT ROISSY CDG 2 TGV,0
2026-01-02,NIMES CENTRE,AGDE,0
2026-01-02,NIMES CENTRE,BEZIERS,0
2026-01-02,NIMES CENTRE,BRUXELLES MIDI,0
2026-01-02,NIMES CENTRE,LILLE (intramuros),0
2026-01-02,NIMES CENTRE,LYON (intramuros),0
2026-01-02,NIMES CENTRE,MARNE LA VALLEE CHESSY,0
2026-01-02,NIMES CENTRE,MONTPELLIER SAINT ROCH,0
2026-01-02,NIMES CENTRE,NARBONNE,0
2026-01-02,NIMES CENTRE,PERPIGNAN,0
2026-01-02,NIMES CENTRE,SETE,0
2026-01-02,NIMES CENTRE,VALENCE TGV AUVERGNE RHONE ALPES,0
2026-01-02,NIMES PONT DU GARD,AEROPORT ROISSY CDG 2 TGV,0
2026-01-02,NIMES PONT DU GARD,ARRAS,0
2026-01-02,NIMES PONT DU GARD,BRUXELLES MIDI,0
2026-01-02,NIMES PONT DU GARD,LILLE (intramuros),0
2026-01-02,NIMES PONT DU GARD,LYON (intramuros),0
2026-01-02,NIMES PONT DU GARD,MARNE LA VALLEE CHESSY,0
2026-01-02,NIMES PONT DU GARD,MONTPELLIER SUD DE FRANCE,0
2026-01-02,NIMES PONT DU GARD,TGV HAUTE PICARDIE,0
2026-01-02,NIMES PONT DU GARD,VALENCE TGV AUVERGNE RHONE ALPES,0
2026-01-02,PARIS (intramuros),AIX EN PROVENCE TGV,0
2026-01-02,PARIS (intramuros),AVIGNON TGV,0
2026-01-02,PARIS (intramuros),MARSEILLE ST CHARLES,0
2026-01-02,SETE,AGDE,0
2026-01-02,SETE,BEZIERS,0
2026-01-02,SETE,NARBONNE,0
2026-01-02,SETE,PERPIGNAN,0
2026-01-02,TGV HAUTE PICARDIE,AEROPORT ROISSY CDG 2 TGV,0
2026-01-02,TGV HAUTE PICARDIE,ARRAS,0
2026-01-02,TGV HAUTE PICARDIE,AVIGNON TGV,0
2026-01-02,TGV HAUTE PICARDIE,BRUXELLES MIDI,0
2026-01-02,TGV HAUTE PICARDIE,DOUAI,0
2026-01-02,TGV HAUTE PICARDIE,LILLE (intramuros),0
2026-01-02,TGV HAUTE PICARDIE,LYON (intramuros),0
2026-01-02,TGV HAUTE PICARDIE,MARNE LA VALLEE CHESSY,0
2026-01-02,TGV HAUTE PICARDIE,MARSEILLE ST CHARLES,0
2026-01-02,TGV HAUTE PICARDIE,VALENCE TGV AUVERGNE RHONE ALPES,0
2026-01-02,VALENCE TGV AUVERGNE RHONE ALPES,AEROPORT ROISSY CDG 2 TGV,0
2026-01-02,VALENCE TGV AUVERGNE RHONE ALPES,AGDE,0
2026-01-02,VALENCE TGV AUVERGNE RHONE ALPES,AIX EN PROVENCE TGV,0
2026-01-02,VALENCE TGV AUVERGNE RHONE ALPES,ARRAS,0
2026-01-02,VALENCE TGV AUVERGNE RHONE ALPES,AVIGNON TGV,0
2026-01-02,VALENCE TGV AUVERGNE RHONE ALPES,BEZIERS,0
2026-01-02,VALENCE TGV AUVERGNE RHONE ALPES,BRUXELLES MIDI,0
2026-01-02,VALENCE TGV AUVERGNE RHONE ALPES,LILLE (intramuros),0
2026-01-02,VALENCE TGV AUVERGNE RHONE ALPES,LYON (intramuros),0
2026-01-02,VALENCE TGV AUVERGNE RHONE ALPES,MARNE LA VALLEE CHESSY,0
2026-01-02,VALENCE TGV AUVERGNE RHONE ALPES,MARSEILLE ST CHARLES,0
2026-01-02,VALENCE TGV AUVERGNE RHONE ALPES,MONTPELLIER SAINT ROCH,0
2026-01-02,VALENCE TGV AUVERGNE RHONE ALPES,MONTPELLIER SUD DE FRANCE,0
2026-01-02,VALENCE TGV AUVERGNE RHONE ALPES,NARBONNE,0
2026-01-02,VALENCE TGV AUVERGNE RHONE ALPES,NIMES CENTRE,0
2026-01-02,VALENCE TGV AUVERGNE RHONE ALPES,NIMES PONT DU GARD,0
2026-01-02,VALENCE TGV AUVERGNE RHONE ALPES,PERPIGNAN,0
2026-01-02,VALENCE TGV AUVERGNE RHONE ALPES,SETE,0
2026-01-02,VALENCE TGV AUVERGNE RHONE ALPES,TGV HAUTE PICARDIE,0
2026-01-03,AEROPORT ROISSY CDG 2 TGV,AGDE,0
2026-01-03,AEROPORT ROISSY CDG 2 TGV,AIME LA PLAGNE,0
2026-01-03,AEROPORT ROISSY CDG 2 TGV,AIX EN PROVENCE TGV,0
2026-01-03,AEROPORT ROISSY CDG 2 TGV,ALBERTVILLE,0
2026-01-03,AEROPORT ROISSY CDG 2 TGV,ARRAS,0
2026-01-03,AEROPORT ROISSY CDG 2 TGV,AVIGNON TGV,0
2026-01-03,AEROPORT ROISSY CDG 2 TGV,BEZIERS,0
2026-01-03,AEROPORT ROISSY CDG 2 TGV,BOURG SAINT MAURICE,0
2026-01-03,AEROPORT ROISSY CDG 2 TGV,BRUXELLES MIDI,0
2026-01-03,AEROPORT ROISSY CDG 2 TGV,CHAMBERY CHALLES LES EAUX,0
2026-01-03,AEROPORT ROISSY CDG 2 TGV,DOUAI,0
2026-01-03,AEROPORT ROISSY CDG 2 TGV,LANDRY,0
2026-01-03,AEROPORT ROISSY CDG 2 TGV,LILLE (intramuros),0
2026-01-03,AEROPORT ROISSY CDG 2 TGV,LYON (intramuros),0
2026-01-03,AEROPORT ROISSY CDG 2 TGV,MARNE LA VALLEE CHESSY,0
2026-01-03,AEROPORT ROISSY CDG 2 TGV,MARSEILLE ST CHARLES,0
2026-01-03,AEROPORT ROISSY CDG 2 TGV,MONTPELLIER SAINT ROCH,0
2026-01-03,AEROPORT ROISSY CDG 2 TGV,MONTPELLIER SUD DE FRANCE,0
2026-01-03,AEROPORT ROISSY CDG 2 TGV,MOUTIERS SALINS BRIDES LES BAINS,0
2026-01-03,AEROPORT ROISSY CDG 2 TGV,NARBONNE,0
2026-01-03,AEROPORT ROISSY CDG 2 TGV,NIMES CENTRE,0
2026-01-03,AEROPORT ROISSY CDG 2 TGV,NIMES PONT DU GARD,0
2026-01-03,AEROPORT ROISSY CDG 2 TGV,PERPIGNAN,0
2026-01-03,AEROPORT ROISSY CDG 2 TGV,SETE,0
2026-01-03,AEROPORT ROISSY CDG 2 TGV,TGV HAUTE PICARDIE,0
2026-01-03,AEROPORT ROISSY CDG 2 TGV,VALENCE TGV AUVERGNE RHONE ALPES,0
2026-01-03,AGDE,AEROPORT ROISSY CDG 2 TGV,0
2026-01-03,AGDE,ARRAS,0
2026-01-03,AGDE,BEZIERS,0
2026-01-03,AGDE,BRUXELLES MIDI,0
2026-01-03,AGDE,LILLE (intramuros),0
2026-01-03,AGDE,LYON (intramuros),0
2026-01-03,AGDE,MARNE LA VALLEE CHESSY,0
2026-01-03,AGDE,MONTPELLIER SAINT ROCH,0
2026-01-03,AGDE,NARBONNE,0
2026-01-03,AGDE,NIMES CENTRE,0
2026-01-03,AGDE,PERPIGNAN,0
2026-01-03,AGDE,SETE,0
2026-01-03,AGDE,TGV HAUTE PICARDIE,0
2026-01-03,AGDE,VALENCE TGV AUVERGNE RHONE ALPES,0
2026-01-03,AIME LA PLAGNE,AEROPORT ROISSY CDG 2 TGV,0
2026-01-03,AIME LA PLAGNE,ALBERTVILLE,0
2026-01-03,AIME LA PLAGNE,ARRAS,0
2026-01-03,AIME LA PLAGNE,BOURG SAINT MAURICE,0
2026-01-03,AIME LA PLAGNE,CHAMBERY CHALLES LES EAUX,0
2026-01-03,AIME LA PLAGNE,DOUAI,0
2026-01-03,AIME LA PLAGNE,LANDRY,0
2026-01-03,AIME LA PLAGNE,LILLE (intramuros),0
2026-01-03,AIME LA PLAGNE,MARNE LA VALLEE CHESSY,0
2026-01-03,AIME LA PLAGNE,MOUTIERS SALINS BRIDES LES BAINS,0
2026-01-03,AIME LA PLAGNE,TGV HAUTE PICARDIE,0
2026-01-03,AIX EN PROVENCE TGV,AEROPORT ROISSY CDG 2 TGV,0
2026-01-03,AIX EN PROVENCE TGV,AVIGNON TGV,1
2026-01-03,AIX EN PROVENCE TGV,BRUXELLES MIDI,0
2026-01-03,AIX EN PROVENCE TGV,LILLE (intramuros),0
2026-01-03,AIX EN PROVENCE TGV,LYON (intramuros),0
2026-01-03,AIX EN PROVENCE TGV,MARNE LA VALLEE CHESSY,0
2026-01-03,AIX EN PROVENCE TGV,MARSEILLE ST CHARLES,1
2026-01-03,ALBERTVILLE,AEROPORT ROISSY CDG 2 TGV,0
2026-01-03,ALBERTVILLE,AIME LA PLAGNE,0
2026-01-03,ALBERTVILLE,ARRAS,0
2026-01-03,ALBERTVILLE,BOURG SAINT MAURICE,0
2026-01-03,ALBERTVILLE,CHAMBERY CHALLES LES EAUX,0
2026-01-03,ALBERTVILLE,DOUAI,0
2026-01-03,ALBERTVILLE,LANDRY,0
2026-01-03,ALBERTVILLE,LILLE (intramuros),0
2026-01-03,ALBERTVILLE,MARNE LA VALLEE CHESSY,0
2026-01-03,ALBERTVILLE,MOUTIERS SALINS BRIDES LES BAINS,0
2026-01-03,ALBERTVILLE,TGV HAUTE PICARDIE,0
2026-01-03,ARRAS,AEROPORT ROISSY CDG 2 TGV,0
2026-01-03,ARRAS,AIME LA PLAGNE,0
2026-01-03,ARRAS,ALBERTVILLE,0
2026-01-03,ARRAS,BOURG SAINT MAURICE,0
2026-01-03,ARRAS,BRUXELLES MIDI,0
2026-01-03,ARRAS,CHAMBERY CHALLES LES EAUX,0
2026-01-03,ARRAS,DOUAI,0
2026-01-03,ARRAS,LANDRY,0
2026-01-03,ARRAS,LILLE (intramuros),0
2026-01-03,ARRAS,MARNE LA VALLEE CHESSY,0
2026-01-03,ARRAS,MOUTIERS SALINS BRIDES LES BAINS,0
2026-01-03,ARRAS,TGV HAUTE PICARDIE,0
2026-01-03,AVIGNON TGV,AEROPORT ROISSY CDG 2 TGV,0
2026-01-03,AVIGNON TGV,AIX EN PROVENCE TGV,1
2026-01-03,AVIGNON TGV,BRUXELLES MIDI,0
2026-01-03,AVIGNON TGV,LILLE (intramuros),0
2026-01-03,AVIGNON TGV,LYON (intramuros),0
2026-01-03,AVIGNON TGV,MARNE LA VALLEE CHESSY,0
2026-01-03,AVIGNON TGV,MARSEILLE ST CHARLES,1
2026-01-03,BEZIERS,AEROPORT ROISSY CDG 2 TGV,0
2026-01-03,BEZIERS,AGDE,0
2026-01-03,BEZIERS,ARRAS,0
2026-01-03,BEZIERS,BRUXELLES MIDI,0
2026-01-03,BEZIERS,LILLE (intramuros),0
2026-01-03,BEZIERS,LYON (intramuros),0
2026-01-03,BEZIERS,MARNE LA VALLEE CHESSY,0
2026-01-03,BEZIERS,MONTPELLIER SAINT ROCH,0
2026-01-03,BEZIERS,NARBONNE,0
2026-01-03,BEZIERS,NIMES CENTRE,0
2026-01-03,BEZIERS,PERPIGNAN,0
2026-01-03,BEZIERS,SETE,0
2026-01-03,BEZIERS,TGV HAUTE PICARDIE,0
2026-01-03,BEZIERS,VALENCE TGV AUVERGNE RHONE ALPES,0
2026-01-03,BOURG SAINT MAURICE,AEROPORT ROISSY CDG 2 TGV,0
2026-01-03,BOURG SAINT MAURICE,AIME LA PLAGNE,0
2026-01-03,BOURG SAINT MAURICE,ALBERTVILLE,0
2026-01-03,BOURG SAINT MAURICE,ARRAS,0
2026-01-03,BOURG SAINT MAURICE,CHAMBERY CHALLES LES EAUX,0
2026-01-03,BOURG SAINT MAURICE,DOUAI,0
2026-01-03,BOURG SAINT MAURICE,LANDRY,0
2026-01-03,BOURG SAINT MAURICE,LILLE (intramuros),0
2026-01-03,BOURG SAINT MAURICE,MARNE LA VALLEE CHESSY,0
2026-01-03,BOURG SAINT MAURICE,MOUTIERS SALINS BRIDES LES BAINS,0
2026-01-03,BOURG SAINT MAURICE,TGV HAUTE PICARDIE,0
2026-01-03,BRUXELLES MIDI,AEROPORT ROISSY CDG 2 TGV,0
2026-01-03,BRUXELLES MIDI,AGDE,0
2026-01-03,BRUXELLES MIDI,AIX EN PROVENCE TGV,0
2026-01-03,BRUXELLES MIDI,AVIGNON TGV,0
2026-01-03,BRUXELLES MIDI,BEZIERS,0
2026-01-03,BRUXELLES MIDI,LILLE (intramuros),0
2026-01-03,BRUXELLES MIDI,LYON (intramuros),0
2026-01-03,BRUXELLES MIDI,MARNE LA VALLEE CHESSY,0
2026-01-03,BRUXELLES MIDI,MARSEILLE ST CHARLES,0
2026-01-03,BRUXELLES MIDI,MONTPELLIER SAINT ROCH,0
2026-01-03,BRUXELLES MIDI,MONTPELLIER SUD DE FRANCE,0
2026-01-03,BRUXELLES MIDI,NARBONNE,0
2026-01-03,BRUXELLES MIDI,NIMES CENTRE,0
2026-01-03,BRUXELLES MIDI,NIMES PONT DU GARD,0
2026-01-03,BRUXELLES MIDI,PERPIGNAN,0
2026-01-03,BRUXELLES MIDI,SETE,0
2026-01-03,BRUXELLES MIDI,TGV HAUTE PICARDIE,0
2026-01-03,BRUXELLES MIDI,VALENCE TGV AUVERGNE RHONE ALPES,0
2026-01-03,CHAMBERY CHALLES LES EAUX,AEROPORT ROISSY CDG 2 TGV,0
2026-01-03,CHAMBERY CHALLES LES EAUX,AIME LA PLAGNE,0
2026-01-03,CHAMBERY CHALLES LES EAUX,ALBERTVILLE,0
2026-01-03,CHAMBERY CHALLES LES EAUX,ARRAS,0
2026-01-03,CHAMBERY CHALLES LES EAUX,BOURG SAINT MAURICE,0
2026-01-03,CHAMBERY CHALLES LES EAUX,DOUAI,0
2026-01-03,CHAMBERY CHALLES LES EAUX,LANDRY,0
2026-01-03,CHAMBERY CHALLES LES EAUX,LILLE (intramuros),0
2026-01-03,CHAMBERY CHALLES LES EAUX,MARNE LA VALLEE CHESSY,0
2026-01-03,CHAMBERY CHALLES LES EAUX,MOUTIERS SALINS BRIDES LES BAINS,0
2026-01-03,CHAMBERY CHALLES LES EAUX,TGV HAUTE PICARDIE,0
2026-01-03,DOUAI,AEROPORT ROISSY CDG 2 TGV,0
2026-01-03,DOUAI,AIME LA PLAGNE,0
2026-01-03,DOUAI,ALBERTVILLE,0
2026-01-03,DOUAI,ARRAS,0
2026-01-03,DOUAI,BOURG SAINT MAURICE,0
2026-01-03,DOUAI,CHAMBERY CHALLES LES EAUX,0
2026-01-03,DOUAI,LANDRY,0
2026-01-03,DOUAI,LILLE (intramuros),0
2026-01-03,DOUAI,MARNE LA VALLEE CHESSY,0
2026-01-03,DOUAI,MOUTIERS SALINS BRIDES LES BAINS,0
2026-01-03,DOUAI,TGV HAUTE PICARDIE,0
2026-01-03,LANDRY,AEROPORT ROISSY CDG 2 TGV,0
2026-01-03,LANDRY,AIME LA PLAGNE,0
2026-01-03,LANDRY,ALBERTVILLE,0
2026-01-03,LANDRY,ARRAS,0
2026-01-03,LANDRY,BOURG SAINT MAURICE,0
2026-01-03,LANDRY,CHAMBERY CHALLES LES EAUX,0
2026-01-03,LANDRY,DOUAI,0
2026-01-03,LANDRY,LILLE (intramuros),0
2026-01-03,LANDRY,MARNE LA VALLEE CHESSY,0
2026-01-03,LANDRY,MOUTIERS SALINS BRIDES LES BAINS,0
2026-01-03,LANDRY,TGV HAUTE PICARDIE,0
2026-01-03,LE CREUSOT MONTCEAU MONTCHANIN,AEROPORT ROISSY CDG 2 TGV,0
2026-01-03,LE CREUSOT MONTCEAU MONTCHANIN,BRUXELLES MIDI,0
2026-01-03,LE CREUSOT MONTCEAU MONTCHANIN,LILLE (intramuros),0
2026-01-03,LE CREUSOT MONTCEAU MONTCHANIN,MARNE LA VALLEE CHESSY,0
2026-01-03,LILLE (intramuros),AEROPORT ROISSY CDG 2 TGV,0
2026-01-03,LILLE (intramuros),AGDE,0
2026-01-03,LILLE (intramuros),AIME LA PLAGNE,0
2026-01-03,LILLE (intramuros),AIX EN PROVENCE TGV,0
2026-01-03,LILLE (intramuros),ALBERTVILLE,0
2026-01-03,LILLE (intramuros),ARRAS,0
2026-01-03,LILLE (intramuros),AVIGNON TGV,0
2026-01-03,LILLE (intramuros),BEZIERS,0
2026-01-03,LILLE (intramuros),BOURG SAINT MAURICE,0
2026-01-03,LILLE (intramuros),BRUXELLES MIDI,0
2026-01-03,LILLE (intramuros),CHAMBERY CHALLES LES EAUX,0
2026-01-03,LILLE (intramuros),DOUAI,0
2026-01-03,LILLE (intramuros),LANDRY,0
2026-01-03,LILLE (intramuros),LYON (intramuros),0
2026-01-03,LILLE (intramuros),MARNE LA VALLEE CHESSY,0
2026-01-03,LILLE (intramuros),MARSEILLE ST CHARLES,0
2026-01-03,LILLE (intramuros),MONTPELLIER SAINT ROCH,0
2026-01-03,LILLE (intramuros),MONTPELLIER SUD DE FRANCE,0
2026-01-03,LILLE (intramuros),MOUTIERS SALINS BRIDES LES BAINS,0
2026-01-03,LILLE (intramuros),NARBONNE,0
2026-01-03,LILLE (intramuros),NIMES CENTRE,0
2026-01-03,LILLE (intramuros),NIMES PONT DU GARD,0
2026-01-03,LILLE (intramuros),PERPIGNAN,0
2026-01-03,LILLE (intramuros),SETE,0
2026-01-03,LILLE (intramuros),TGV HAUTE PICARDIE,0
2026-01-03,LILLE (intramuros),VALENCE TGV AUVERGNE RHONE ALPES,0
2026-01-03,LYON (intramuros),AEROPORT ROISSY CDG 2 TGV,0
2026-01-03,LYON (intramuros),AGDE,0
2026-01-03,LYON (intramuros),AIX EN PROVENCE TGV,0
2026-01-03,LYON (intramuros),ARRAS,0
2026-01-03,LYON (intramuros),AVIGNON TGV,0
2026-01-03,LYON (intramuros),BEZIERS,0
2026-01-03,LYON (intramuros),BRUXELLES MIDI,0
2026-01-03,LYON (intramuros),LE CREUSOT MONTCEAU MONTCHANIN,0
2026-01-03,LYON (intramuros),LILLE (intramuros),0
2026-01-03,LYON (intramuros),LYON (intramuros),0
2026-01-03,LYON (intramuros),MARNE LA VALLEE CHESSY,0
2026-01-03,LYON (intramuros),MARSEILLE ST CHARLES,0
2026-01-03,LYON (intramuros),MONTPELLIER SAINT ROCH,0
2026-01-03,LYON (intramuros),MONTPELLIER SUD DE FRANCE,0
2026-01-03,LYON (intramuros),NARBONNE,0
2026-01-03,LYON (intramuros),NIMES CENTRE,0
2026-01-03,LYON (intramuros),NIMES PONT DU GARD,0
2026-01-03,LYON (intramuros),PERPIGNAN,0
2026-01-03,LYON (intramuros),SETE,0
2026-01-03,LYON (intramuros),TGV HAUTE PICARDIE,0
2026-01-03,LYON (intramuros),VALENCE TGV AUVERGNE RHONE ALPES,0
2026-01-03,MARNE LA VALLEE CHESSY,AEROPORT ROISSY CDG 2 TGV,1
2026-01-03,MARNE LA VALLEE CHESSY,AGDE,0
2026-01-03,MARNE LA VALLEE CHESSY,AIME LA PLAGNE,0
2026-01-03,MARNE LA VALLEE CHESSY,AIX EN PROVENCE TGV,0
2026-01-03,MARNE LA VALLEE CHESSY,ALBERTVILLE,0
2026-01-03,MARNE LA VALLEE CHESSY,ARRAS,0
2026-01-03,MARNE LA VALLEE CHESSY,AVIGNON TGV,0
2026-01-03,MARNE LA VALLEE CHESSY,BEZIERS,0
2026-01-03,MARNE LA VALLEE CHESSY,BOURG SAINT MAURICE,0
2026-01-03,MARNE LA VALLEE CHESSY,BRUXELLES MIDI,0
2026-01-03,MARNE LA VALLEE CHESSY,CHAMBERY CHALLES LES EAUX,0
2026-01-03,MARNE LA VALLEE CHESSY,DOUAI,0
2026-01-03,MARNE LA VALLEE CHESSY,LANDRY,0
2026-01-03,MARNE LA VALLEE CHESSY,LILLE (intramuros),0
2026-01-03,MARNE LA VALLEE CHESSY,LYON (intramuros),0
2026-01-03,MARNE LA VALLEE CHESSY,MARSEILLE ST CHARLES,0
2026-01-03,MARNE LA VALLEE CHESSY,MONTPELLIER SAINT ROCH,0
2026-01-03,MARNE LA VALLEE CHESSY,MONTPELLIER SUD DE FRANCE,0
2026-01-03,MARNE LA VALLEE CHESSY,MOUTIERS SALINS BRIDES LES BAINS,0
2026-01-03,MARNE LA VALLEE CHESSY,NARBONNE,0
2026-01-03,MARNE LA VALLEE CHESSY,NIMES CENTRE,0
2026-01-03,MARNE LA VALLEE CHESSY,NIMES PONT DU GARD,0
2026-01-03,MARNE LA VALLEE CHESSY,PERPIGNAN,0
2026-01-03,MARNE LA VALLEE CHESSY,SETE,0
2026-01-03,MARNE LA VALLEE CHESSY,TGV HAUTE PICARDIE,0
2026-01-03,MARNE LA VALLEE CHESSY,VALENCE TGV AUVERGNE RHONE ALPES,0
2026-01-03,MARSEILLE ST CHARLES,AEROPORT ROISSY CDG 2 TGV,0
2026-01-03,MARSEILLE ST CHARLES,AIX EN PROVENCE TGV,1
2026-01-03,MARSEILLE ST CHARLES,AVIGNON TGV,1
2026-01-03,MARSEILLE ST CHARLES,BRUXELLES MIDI,0
2026-01-03,MARSEILLE ST CHARLES,LILLE (intramuros),0
2026-01-03,MARSEILLE ST CHARLES,LYON (intramuros),0
2026-01-03,MARSEILLE ST CHARLES,MARNE LA VALLEE CHESSY,0
2026-01-03,MONTPELLIER SAINT ROCH,AEROPORT ROISSY CDG 2 TGV,0
2026-01-03,MONTPELLIER SAINT ROCH,AGDE,0
2026-01-03,MONTPELLIER SAINT ROCH,ARRAS,0
2026-01-03,MONTPELLIER SAINT ROCH,BEZIERS,0
2026-01-03,MONTPELLIER SAINT ROCH,BRUXELLES MIDI,0
2026-01-03,MONTPELLIER SAINT ROCH,LILLE (intramuros),0
2026-01-03,MONTPELLIER SAINT ROCH,LYON (intramuros),0
2026-01-03,MONTPELLIER SAINT ROCH,MARNE LA VALLEE CHESSY,0
2026-01-03,MONTPELLIER SAINT ROCH,NARBONNE,0
2026-01-03,MONTPELLIER SAINT ROCH,NIMES CENTRE,0
2026-01-03,MONTPELLIER SAINT ROCH,PERPIGNAN,0
2026-01-03,MONTPELLIER SAINT ROCH,SETE,0
2026-01-03,MONTPELLIER SAINT ROCH,TGV HAUTE PICARDIE,0
2026-01-03,MONTPELLIER SAINT ROCH,VALENCE TGV AUVERGNE RHONE ALPES,0
2026-01-03,MONTPELLIER SUD DE FRANCE,AEROPORT ROISSY CDG 2 TGV,0
2026-01-03,MONTPELLIER SUD DE FRANCE,LILLE (intramuros),0
2026-01-03,MONTPELLIER SUD DE FRANCE,LYON (intramuros),0
2026-01-03,MONTPELLIER SUD DE FRANCE,MARNE LA VALLEE CHESSY,0
2026-01-03,MONTPELLIER SUD DE FRANCE,NIMES PONT DU GARD,0
2026-01-03,MONTPELLIER SUD DE FRANCE,VALENCE TGV AUVERGNE RHONE ALPES,0
2026-01-03,MOUTIERS SALINS BRIDES LES BAINS,AEROPORT ROISSY CDG 2 TGV,0
2026-01-03,MOUTIERS SALINS BRIDES LES BAINS,AIME LA PLAGNE,0
2026-01-03,MOUTIERS SALINS BRIDES LES BAINS,ALBERTVILLE,0
2026-01-03,MOUTIERS SALINS BRIDES LES BAINS,ARRAS,0
2026-01-03,MOUTIERS SALINS BRIDES LES BAINS,BOURG SAINT MAURICE,0
2026-01-03,MOUTIERS SALINS BRIDES LES BAINS,CHAMBERY CHALLES LES EAUX,0
2026-01-03,MOUTIERS SALINS BRIDES LES BAINS,DOUAI,0
2026-01-03,MOUTIERS SALINS BRIDES LES BAINS,LANDRY,0
2026-01-03,MOUTIERS SALINS BRIDES LES BAINS,LILLE (intramuros),0
2026-01-03,MOUTIERS SALINS BRIDES LES BAINS,MARNE LA VALLEE CHESSY,0
2026-01-03,MOUTIERS SALINS BRIDES LES BAINS,TGV HAUTE PICARDIE,0
2026-01-03,NARBONNE,AEROPORT ROISSY CDG 2 TGV,0
2026-01-03,NARBONNE,AGDE,0
2026-01-03,NARBONNE,ARRAS,0
2026-01-03,NARBONNE,BEZIERS,0
2026-01-03,NARBONNE,BRUXELLES MIDI,0
2026-01-03,NARBONNE,LILLE (intramuros),0
2026-01-03,NARBONNE,LYON (intramuros),0
2026-01-03,NARBONNE,MARNE LA VALLEE CHESSY,0
2026-01-03,NARBONNE,MONTPELLIER SAINT ROCH,0
2026-01-03,NARBONNE,NIMES CENTRE,0
2026-01-03,NARBONNE,PERPIGNAN,0
2026-01-03,NARBONNE,SETE,0
2026-01-03,NARBONNE,TGV HAUTE PICARDIE,0
2026-01-03,NARBONNE,VALENCE TGV AUVERGNE RHONE ALPES,0
2026-01-03,NIMES CENTRE,AEROPORT ROISSY CDG 2 TGV,0
2026-01-03,NIMES CENTRE,AGDE,0
2026-01-03,NIMES CENTRE,ARRAS,0
2026-01-03,NIMES CENTRE,BEZIERS,0
2026-01-03,NIMES CENTRE,BRUXELLES MIDI,0
2026-01-03,NIMES CENTRE,LILLE (intramuros),0
2026-01-03,NIMES CENTRE,LYON (intramuros),0
2026-01-03,NIMES CENTRE,MARNE LA VALLEE CHESSY,0
2026-01-03,NIMES CENTRE,MONTPELLIER SAINT ROCH,0
2026-01-03,NIMES CENTRE,NARBONNE,0
2026-01-03,NIMES CENTRE,PERPIGNAN,0
2026-01-03,NIMES CENTRE,SETE,0
2026-01-03,NIMES CENTRE,TGV HAUTE PICARDIE,0
2026-01-03,NIMES CENTRE,VALENCE TGV AUVERGNE RHONE ALPES,0
2026-01-03,NIMES PONT DU GARD,AEROPORT ROISSY CDG 2 TGV,0
2026-01-03,NIMES PONT DU GARD,LILLE (intramuros),0
2026-01-03,NIMES PONT DU GARD,LYON (intramuros),0
2026-01-03,NIMES PONT DU GARD,MARNE LA VALLEE CHESSY,0
2026-01-03,NIMES PONT DU GARD,MONTPELLIER SUD DE FRANCE,0
2026-01-03,NIMES PONT DU GARD,VALENCE TGV AUVERGNE RHONE ALPES,0
2026-01-03,PARIS (intramuros),AIX EN PROVENCE TGV,0
2026-01-03,PARIS (intramuros),AVIGNON TGV,0
2026-01-03,PARIS (intramuros),MARSEILLE ST CHARLES,0
2026-01-03,PERPIGNAN,AEROPORT ROISSY CDG 2 TGV,0
2026-01-03,PERPIGNAN,AGDE,0
2026-01-03,PERPIGNAN,ARRAS,0
2026-01-03,PERPIGNAN,BEZIERS,0
2026-01-03,PERPIGNAN,BRUXELLES MIDI,0
2026-01-03,PERPIGNAN,LILLE (intramuros),0
2026-01-03,PERPIGNAN,LYON (intramuros),0
2026-01-03,PERPIGNAN,MARNE LA VALLEE CHESSY,0
2026-01-03,PERPIGNAN,MONTPELLIER SAINT ROCH,0
2026-01-03,PERPIGNAN,NARBONNE,0
2026-01-03,PERPIGNAN,NIMES CENTRE,0
2026-01-03,PERPIGNAN,SETE,0
2026-01-03,PERPIGNAN,TGV HAUTE PICARDIE,0
2026-01-03,PERPIGNAN,VALENCE TGV AUVERGNE RHONE ALPES,0
2026-01-03,SETE,AEROPORT ROISSY CDG 2 TGV,0
2026-01-03,SETE,AGDE,0
2026-01-03,SETE,ARRAS,0
2026-01-03,SETE,BEZIERS,0
2026-01-03,SETE,BRUXELLES MIDI,0
2026-01-03,SETE,LILLE (intramuros),0
2026-01-03,SETE,LYON (intramuros),0
2026-01-03,SETE,MARNE LA VALLEE CHESSY,0
2026-01-03,SETE,MONTPELLIER SAINT ROCH,0
2026-01-03,SETE,NARBONNE,0
2026-01-03,SETE,NIMES CENTRE,0
2026-01-03,SETE,PERPIGNAN,0
2026-01-03,SETE,TGV HAUTE PICARDIE,0
2026-01-03,SETE,VALENCE TGV AUVERGNE RHONE ALPES,0
2026-01-03,TGV HAUTE PICARDIE,AEROPORT ROISSY CDG 2 TGV,0
2026-01-03,TGV HAUTE PICARDIE,AIME LA PLAGNE,0
2026-01-03,TGV HAUTE PICARDIE,ALBERTVILLE,0
2026-01-03,TGV HAUTE PICARDIE,ARRAS,0
2026-01-03,TGV HAUTE PICARDIE,AVIGNON TGV,0
2026-01-03,TGV HAUTE PICARDIE,BOURG SAINT MAURICE,0
2026-01-03,TGV HAUTE PICARDIE,BRUXELLES MIDI,0
2026-01-03,TGV HAUTE PICARDIE,CHAMBERY CHALLES LES EAUX,0
2026-01-03,TGV HAUTE PICARDIE,DOUAI,0
2026-01-03,TGV HAUTE PICARDIE,LANDRY,0
2026-01-03,TGV HAUTE PICARDIE,LILLE (intramuros),0
2026-01-03,TGV HAUTE PICARDIE,LYON (intramuros),0
2026-01-03,TGV HAUTE PICARDIE,MARNE LA VALLEE CHESSY,0
2026-01-03,TGV HAUTE PICARDIE,MARSEILLE ST CHARLES,0
2026-01-03,TGV HAUTE PICARDIE,MOUTIERS SALINS BRIDES LES BAINS,0
2026-01-03,TGV HAUTE PICARDIE,VALENCE TGV AUVERGNE RHONE ALPES,0
2026-01-03,VALENCE TGV AUVERGNE RHONE ALPES,AEROPORT ROISSY CDG 2 TGV,0
2026-01-03,VALENCE TGV AUVERGNE RHONE ALPES,AGDE,0
2026-01-03,VALENCE TGV AUVERGNE RHONE ALPES,AIX EN PROVENCE TGV,0
2026-01-03,VALENCE TGV AUVERGNE RHONE ALPES,ARRAS,0
2026-01-03,VALENCE TGV AUVERGNE RHONE ALPES,AVIGNON TGV,0
2026-01-03,VALENCE TGV AUVERGNE RHONE ALPES,BEZIERS,0
2026-01-03,VALENCE TGV AUVERGNE RHONE ALPES,BRUXELLES MIDI,0
2026-01-03,VALENCE TGV AUVERGNE RHONE ALPES,LILLE (intramuros),0
2026-01-03,VALENCE TGV AUVERGNE RHONE ALPES,LYON (intramuros),0
2026-01-03,VALENCE TGV AUVERGNE RHONE ALPES,MARNE LA VALLEE CHESSY,0
2026-01-03,VALENCE TGV AUVERGNE RHONE ALPES,MARSEILLE ST CHARLES,0
2026-01-03,VALENCE TGV AUVERGNE RHONE ALPES,MONTPELLIER SAINT ROCH,0
2026-01-03,VALENCE TGV AUVERGNE RHONE ALPES,MONTPELLIER SUD DE FRANCE,0
2026-01-03,VALENCE TGV AUVERGNE RHONE ALPES,NARBONNE,0
2026-01-03,VALENCE TGV AUVERGNE RHONE ALPES,NIMES CENTRE,0
2026-01-03,VALENCE TGV AUVERGNE RHONE ALPES,NIMES PONT DU GARD,0
2026-01-03,VALENCE TGV AUVERGNE RHONE ALPES,PERPIGNAN,0
2026-01-03,VALENCE TGV AUVERGNE RHONE ALPES,SETE,0
2026-01-03,VALENCE TGV AUVERGNE RHONE ALPES,TGV HAUTE PICARDIE,0
2026-01-04,AEROPORT ROISSY CDG 2 TGV,AIX EN PROVENCE TGV,0
2026-01-04,AEROPORT ROISSY CDG 2 TGV,ARRAS,0
2026-01-04,AEROPORT ROISSY CDG 2 TGV,AVIGNON TGV,0
2026-01-04,AEROPORT ROISSY CDG 2 TGV,BRUXELLES MIDI,0
2026-01-04,AEROPORT ROISSY CDG 2 TGV,DOUAI,0
2026-01-04,AEROPORT ROISSY CDG 2 TGV,LILLE (intramuros),0
2026-01-04,AEROPORT ROISSY CDG 2 TGV,LYON (intramuros),0
2026-01-04,AEROPORT ROISSY CDG 2 TGV,MARNE LA VALLEE CHESSY,0
2026-01-04,AEROPORT ROISSY CDG 2 TGV,MARSEILLE ST CHARLES,0
2026-01-04,AEROPORT ROISSY CDG 2 TGV,MONTPELLIER SAINT ROCH,0
2026-01-04,AEROPORT ROISSY CDG 2 TGV,MONTPELLIER SUD DE FRANCE,0
2026-01-04,AEROPORT ROISSY CDG 2 TGV,NIMES CENTRE,0
2026-01-04,AEROPORT ROISSY CDG 2 TGV,NIMES PONT DU GARD,0
2026-01-04,AEROPORT ROISSY CDG 2 TGV,TGV HAUTE PICARDIE,0
2026-01-04,AEROPORT ROISSY CDG 2 TGV,VALENCE TGV AUVERGNE RHONE ALPES,0
2026-01-04,AGDE,AEROPORT ROISSY CDG 2 TGV,0
2026-01-04,AGDE,ARRAS,0
2026-01-04,AGDE,BRUXELLES MIDI,0
2026-01-04,AGDE,LILLE (intramuros),0
2026-01-04,AGDE,LYON (intramuros),0
2026-01-04,AGDE,MARNE LA VALLEE CHESSY,0
2026-01-04,AGDE,MONTPELLIER SAINT ROCH,0
2026-01-04,AGDE,NIMES CENTRE,0
2026-01-04,AGDE,SETE,0
2026-01-04,AGDE,TGV HAUTE PICARDIE,0
2026-01-04,AGDE,VALENCE TGV AUVERGNE RHONE ALPES,0
2026-01-04,AIX EN PROVENCE TGV,AEROPORT ROISSY CDG 2 TGV,0
2026-01-04,AIX EN PROVENCE TGV,AVIGNON TGV,0
2026-01-04,AIX EN PROVENCE TGV,BRUXELLES MIDI,0
2026-01-04,AIX EN PROVENCE TGV,LILLE (intramuros),0
2026-01-04,AIX EN PROVENCE TGV,LYON (intramuros),0
2026-01-04,AIX EN PROVENCE TGV,MARNE LA VALLEE CHESSY,0
2026-01-04,AIX EN PROVENCE TGV,MARSEILLE ST CHARLES,0
2026-01-04,ARRAS,AEROPORT ROISSY CDG 2 TGV,0
2026-01-04,ARRAS,AIX EN PROVENCE TGV,0
2026-01-04,ARRAS,AVIGNON TGV,0
2026-01-04,ARRAS,BRUXELLES MIDI,0
2026-01-04,ARRAS,DOUAI,0
2026-01-04,ARRAS,LILLE (intramuros),0
2026-01-04,ARRAS,LYON (intramuros),0
2026-01-04,ARRAS,MARNE LA VALLEE CHESSY,0
2026-01-04,ARRAS,MARSEILLE ST CHARLES,0
2026-01-04,ARRAS,TGV HAUTE PICARDIE,0
2026-01-04,AVIGNON TGV,AEROPORT ROISSY CDG 2 TGV,0
2026-01-04,AVIGNON TGV,AIX EN PROVENCE TGV,0
2026-01-04,AVIGNON TGV,BRUXELLES MIDI,0
2026-01-04,AVIGNON TGV,LILLE (intramuros),0
2026-01-04,AVIGNON TGV,LYON (intramuros),0
2026-01-04,AVIGNON TGV,MARNE LA VALLEE CHESSY,0
2026-01-04,AVIGNON TGV,MARSEILLE ST CHARLES,0
2026-01-04,BEZIERS,AEROPORT ROISSY CDG 2 TGV,0
2026-01-04,BEZIERS,AGDE,0
2026-01-04,BEZIERS,ARRAS,0
2026-01-04,BEZIERS,BRUXELLES MIDI,0
2026-01-04,BEZIERS,LILLE (intramuros),0
2026-01-04,BEZIERS,LYON (intramuros),0
2026-01-04,BEZIERS,MARNE LA VALLEE CHESSY,0
2026-01-04,BEZIERS,MONTPELLIER SAINT ROCH,0
2026-01-04,BEZIERS,NIMES CENTRE,0
2026-01-04,BEZIERS,SETE,0
2026-01-04,BEZIERS,TGV HAUTE PICARDIE,0
2026-01-04,BEZIERS,VALENCE TGV AUVERGNE RHONE ALPES,0
2026-01-04,BRUXELLES MIDI,AEROPORT ROISSY CDG 2 TGV,0
2026-01-04,BRUXELLES MIDI,AIX EN PROVENCE TGV,0
2026-01-04,BRUXELLES MIDI,AVIGNON TGV,0
2026-01-04,BRUXELLES MIDI,LILLE (intramuros),0
2026-01-04,BRUXELLES MIDI,LYON (intramuros),0
2026-01-04,BRUXELLES MIDI,MARNE LA VALLEE CHESSY,0
2026-01-04,BRUXELLES MIDI,MARSEILLE ST CHARLES,0
2026-01-04,BRUXELLES MIDI,MONTPELLIER SAINT ROCH,0
2026-01-04,BRUXELLES MIDI,MONTPELLIER SUD DE FRANCE,0
2026-01-04,BRUXELLES MIDI,NIMES CENTRE,0
2026-01-04,BRUXELLES MIDI,NIMES PONT DU GARD,0
2026-01-04,BRUXELLES MIDI,TGV HAUTE PICARDIE,0
2026-01-04,BRUXELLES MIDI,VALENCE TGV AUVERGNE RHONE ALPES,0
2026-01-04,DOUAI,LILLE (intramuros),0
2026-01-04,LILLE (intramuros),AEROPORT ROISSY CDG 2 TGV,0
2026-01-04,LILLE (intramuros),AIX EN PROVENCE TGV,0
2026-01-04,LILLE (intramuros),ARRAS,0
2026-01-04,LILLE (intramuros),AVIGNON TGV,0
2026-01-04,LILLE (intramuros),BRUXELLES MIDI,0
2026-01-04,LILLE (intramuros),LYON (intramuros),0
2026-01-04,LILLE (intramuros),MARNE LA VALLEE CHESSY,0
2026-01-04,LILLE (intramuros),MARSEILLE ST CHARLES,0
2026-01-04,LILLE (intramuros),MONTPELLIER SAINT ROCH,0
2026-01-04,LILLE (intramuros),MONTPELLIER SUD DE FRANCE,0
2026-01-04,LILLE (intramuros),NIMES CENTRE,0
2026-01-04,LILLE (intramuros),NIMES PONT DU GARD,0
2026-01-04,LILLE (intramuros),TGV HAUTE PICARDIE,0
2026-01-04,LILLE (intramuros),VALENCE TGV AUVERGNE RHONE ALPES,0
2026-01-04,LYON (intramuros),AEROPORT ROISSY CDG 2 TGV,0
2026-01-04,LYON (intramuros),AIX EN PROVENCE TGV,0
2026-01-04,LYON (intramuros),ARRAS,0
2026-01-04,LYON (intramuros),AVIGNON TGV,0
2026-01-04,LYON (intramuros),BRUXELLES MIDI,0
2026-01-04,LYON (intramuros),DOUAI,0
2026-01-04,LYON (intramuros),LILLE (intramuros),0
2026-01-04,LYON (intramuros),LYON (intramuros),0
2026-01-04,LYON (intramuros),MARNE LA VALLEE CHESSY,0
2026-01-04,LYON (intramuros),MARSEILLE ST CHARLES,0
2026-01-04,LYON (intramuros),MONTPELLIER SAINT ROCH,0
2026-01-04,LYON (intramuros),MONTPELLIER SUD DE FRANCE,0
2026-01-04,LYON (intramuros),NIMES CENTRE,0
2026-01-04,LYON (intramuros),NIMES PONT DU GARD,0
2026-01-04,LYON (intramuros),TGV HAUTE PICARDIE,0
2026-01-04,LYON (intramuros),VALENCE TGV AUVERGNE RHONE ALPES,0
2026-01-04,MARNE LA VALLEE CHESSY,AEROPORT ROISSY CDG 2 TGV,0
2026-01-04,MARNE LA VALLEE CHESSY,AIX EN PROVENCE TGV,0
2026-01-04,MARNE LA VALLEE CHESSY,ARRAS,0
2026-01-04,MARNE LA VALLEE CHESSY,AVIGNON TGV,0
2026-01-04,MARNE LA VALLEE CHESSY,BRUXELLES MIDI,0
2026-01-04,MARNE LA VALLEE CHESSY,DOUAI,0
2026-01-04,MARNE LA VALLEE CHESSY,LILLE (intramuros),0
2026-01-04,MARNE LA VALLEE CHESSY,LYON (intramuros),0
2026-01-04,MARNE LA VALLEE CHESSY,MARSEILLE ST CHARLES,0
2026-01-04,MARNE LA VALLEE CHESSY,MONTPELLIER SAINT ROCH,0
2026-01-04,MARNE LA VALLEE CHESSY,MONTPELLIER SUD DE FRANCE,0
2026-01-04,MARNE LA VALLEE CHESSY,NIMES CENTRE,0
2026-01-04,MARNE LA VALLEE CHESSY,NIMES PONT DU GARD,0
2026-01-04,MARNE LA VALLEE CHESSY,TGV HAUTE PICARDIE,0
2026-01-04,MARNE LA VALLEE CHESSY,VALENCE TGV AUVERGNE RHONE ALPES,0
2026-01-04,MARSEILLE ST CHARLES,AEROPORT ROISSY CDG 2 TGV,0
2026-01-04,MARSEILLE ST CHARLES,AIX EN PROVENCE TGV,0
2026-01-04,MARSEILLE ST CHARLES,AVIGNON TGV,0
2026-01-04,MARSEILLE ST CHARLES,BRUXELLES MIDI,0
2026-01-04,MARSEILLE ST CHARLES,LILLE (intramuros),0
2026-01-04,MARSEILLE ST CHARLES,LYON (intramuros),0
2026-01-04,MARSEILLE ST CHARLES,MARNE LA VALLEE CHESSY,0
2026-01-04,MONTPELLIER SAINT ROCH,AEROPORT ROISSY CDG 2 TGV,0
2026-01-04,MONTPELLIER SAINT ROCH,ARRAS,0
2026-01-04,MONTPELLIER SAINT ROCH,BRUXELLES MIDI,0
2026-01-04,MONTPELLIER SAINT ROCH,LILLE (intramuros),0
2026-01-04,MONTPELLIER SAINT ROCH,LYON (intramuros),0
2026-01-04,MONTPELLIER SAINT ROCH,MARNE LA VALLEE CHESSY,0
2026-01-04,MONTPELLIER SAINT ROCH,NIMES CENTRE,0
2026-01-04,MONTPELLIER SAINT ROCH,TGV HAUTE PICARDIE,0
2026-01-04,MONTPELLIER SAINT ROCH,VALENCE TGV AUVERGNE RHONE ALPES,0
2026-01-04,MONTPELLIER SUD DE FRANCE,AEROPORT ROISSY CDG 2 TGV,0
2026-01-04,MONTPELLIER SUD DE FRANCE,LILLE (intramuros),0
2026-01-04,MONTPELLIER SUD DE FRANCE,LYON (intramuros),0
2026-01-04,MONTPELLIER SUD DE FRANCE,MARNE LA VALLEE CHESSY,0
2026-01-04,MONTPELLIER SUD DE FRANCE,NIMES PONT DU GARD,0
2026-01-04,MONTPELLIER SUD DE FRANCE,VALENCE TGV AUVERGNE RHONE ALPES,0
2026-01-04,NARBONNE,AEROPORT ROISSY CDG 2 TGV,0
2026-01-04,NARBONNE,AGDE,0
2026-01-04,NARBONNE,ARRAS,0
2026-01-04,NARBONNE,BEZIERS,0
2026-01-04,NARBONNE,BRUXELLES MIDI,0
2026-01-04,NARBONNE,LILLE (intramuros),0
2026-01-04,NARBONNE,LYON (intramuros),0
2026-01-04,NARBONNE,MARNE LA VALLEE CHESSY,0
2026-01-04,NARBONNE,MONTPELLIER SAINT ROCH,0
2026-01-04,NARBONNE,NIMES CENTRE,0
2026-01-04,NARBONNE,SETE,0
2026-01-04,NARBONNE,TGV HAUTE PICARDIE,0
2026-01-04,NARBONNE,VALENCE TGV AUVERGNE RHONE ALPES,0
2026-01-04,NIMES CENTRE,AEROPORT ROISSY CDG 2 TGV,0
2026-01-04,NIMES CENTRE,ARRAS,0
2026-01-04,NIMES CENTRE,BRUXELLES MIDI,0
2026-01-04,NIMES CENTRE,LILLE (intramuros),0
2026-01-04,NIMES CENTRE,LYON (intramuros),0
2026-01-04,NIMES CENTRE,MARNE LA VALLEE CHESSY,0
2026-01-04,NIMES CENTRE,MONTPELLIER SAINT ROCH,0
2026-01-04,NIMES CENTRE,TGV HAUTE PICARDIE,0
2026-01-04,NIMES CENTRE,VALENCE TGV AUVERGNE RHONE ALPES,0
2026-01-04,NIMES PONT DU GARD,AEROPORT ROISSY CDG 2 TGV,0
2026-01-04,NIMES PONT DU GARD,LILLE (intramuros),0
2026-01-04,NIMES PONT DU GARD,LYON (intramuros),0
2026-01-04,NIMES PONT DU GARD,MARNE LA VALLEE CHESSY,0
2026-01-04,NIMES PONT DU GARD,MONTPELLIER SUD DE FRANCE,0
2026-01-04,NIMES PONT DU GARD,VALENCE TGV AUVERGNE RHONE ALPES,0
2026-01-04,PARIS (intramuros),AIX EN PROVENCE TGV,0
2026-01-04,PARIS (intramuros),AVIGNON TGV,0
2026-01-04,PARIS (intramuros),MARSEILLE ST CHARLES,0
2026-01-04,PERPIGNAN,AEROPORT ROISSY CDG 2 TGV,0
2026-01-04,PERPIGNAN,AGDE,0
2026-01-04,PERPIGNAN,ARRAS,0
2026-01-04,PERPIGNAN,BEZIERS,0
2026-01-04,PERPIGNAN,BRUXELLES MIDI,0
2026-01-04,PERPIGNAN,LILLE (intramuros),0
2026-01-04,PERPIGNAN,LYON (intramuros),0
2026-01-04,PERPIGNAN,MARNE LA VALLEE CHESSY,0
2026-01-04,PERPIGNAN,MONTPELLIER SAINT ROCH,0
2026-01-04,PERPIGNAN,NARBONNE,0
2026-01-04,PERPIGNAN,NIMES CENTRE,0
2026-01-04,PERPIGNAN,SETE,0
2026-01-04,PERPIGNAN,TGV HAUTE PICARDIE,0
2026-01-04,PERPIGNAN,VALENCE TGV AUVERGNE RHONE ALPES,0
2026-01-04,SETE,AEROPORT ROISSY CDG 2 TGV,0
2026-01-04,SETE,ARRAS,0
2026-01-04,SETE,BRUXELLES MIDI,0
2026-01-04,SETE,LILLE (intramuros),0
2026-01-04,SETE,LYON (intramuros),0
2026-01-04,SETE,MARNE LA VALLEE CHESSY,0
2026-01-04,SETE,MONTPELLIER SAINT ROCH,0
2026-01-04,SETE,NIMES CENTRE,0
2026-01-04,SETE,TGV HAUTE PICARDIE,0
2026-01-04,SETE,VALENCE TGV AUVERGNE RHONE ALPES,0
2026-01-04,TGV HAUTE PICARDIE,AEROPORT ROISSY CDG 2 TGV,0
2026-01-04,TGV HAUTE PICARDIE,AIX EN PROVENCE TGV,0
2026-01-04,TGV HAUTE PICARDIE,ARRAS,0
2026-01-04,TGV HAUTE PICARDIE,AVIGNON TGV,0
2026-01-04,TGV HAUTE PICARDIE,BRUXELLES MIDI,0
2026-01-04,TGV HAUTE PICARDIE,DOUAI,0
2026-01-04,TGV HAUTE PICARDIE,LILLE (intramuros),0
2026-01-04,TGV HAUTE PICARDIE,LYON (intramuros),0
2026-01-04,TGV HAUTE PICARDIE,MARNE LA VALLEE CHESSY,0
2026-01-04,TGV HAUTE PICARDIE,MARSEILLE ST CHARLES,0
2026-01-04,TGV HAUTE PICARDIE,VALENCE TGV AUVERGNE RHONE ALPES,0
2026-01-04,VALENCE TGV AUVERGNE RHONE ALPES,AEROPORT ROISSY CDG 2 TGV,0
2026-01-04,VALENCE TGV AUVERGNE RHONE ALPES,ARRAS,0
2026-01-04,VALENCE TGV AUVERGNE RHONE ALPES,AVIGNON TGV,0
2026-01-04,VALENCE TGV AUVERGNE RHONE ALPES,BRUXELLES MIDI,0
2026-01-04,VALENCE TGV AUVERGNE RHONE ALPES,LILLE (intramuros),0
2026-01-04,VALENCE TGV AUVERGNE RHONE ALPES,LYON (intramuros),0
2026-01-04,VALENCE TGV AUVERGNE RHONE ALPES,MARNE LA VALLEE CHESSY,0
2026-01-04,VALENCE TGV AUVERGNE RHONE ALPES,MARSEILLE ST CHARLES,0
2026-01-04,VALENCE TGV AUVERGNE RHONE ALPES,MONTPELLIER SAINT ROCH,0
2026-01-04,VALENCE TGV AUVERGNE RHONE ALPES,MONTPELLIER SUD DE FRANCE,0
2026-01-04,VALENCE TGV AUVERGNE RHONE ALPES,NIMES CENTRE,0
2026-01-04,VALENCE TGV AUVERGNE RHONE ALPES,NIMES PONT DU GARD,0
2026-01-04,VALENCE TGV AUVERGNE RHONE ALPES,TGV HAUTE PICARDIE,0
2026-01-05,AEROPORT ROISSY CDG 2 TGV,AIX EN PROVENCE TGV,1
2026-01-05,AEROPORT ROISSY CDG 2 TGV,ARRAS,1
2026-01-05,AEROPORT ROISSY CDG 2 TGV,AVIGNON TGV,1
2026-01-05,AEROPORT ROISSY CDG 2 TGV,BRUXELLES MIDI,0
2026-01-05,AEROPORT ROISSY CDG 2 TGV,DOUAI,1
2026-01-05,AEROPORT ROISSY CDG 2 TGV,LILLE (intramuros),1
2026-01-05,AEROPORT ROISSY CDG 2 TGV,LYON (intramuros),1
2026-01-05,AEROPORT ROISSY CDG 2 TGV,MARNE LA VALLEE CHESSY,0
2026-01-05,AEROPORT ROISSY CDG 2 TGV,MARSEILLE ST CHARLES,1
2026-01-05,AEROPORT ROISSY CDG 2 TGV,MONTPELLIER SAINT ROCH,0
2026-01-05,AEROPORT ROISSY CDG 2 TGV,MONTPELLIER SUD DE FRANCE,0
2026-01-05,AEROPORT ROISSY CDG 2 TGV,NIMES CENTRE,0
2026-01-05,AEROPORT ROISSY CDG 2 TGV,NIMES PONT DU GARD,0
2026-01-05,AEROPORT ROISSY CDG 2 TGV,TGV HAUTE PICARDIE,1
2026-01-05,AEROPORT ROISSY CDG 2 TGV,VALENCE TGV AUVERGNE RHONE ALPES,0
2026-01-05,AIX EN PROVENCE TGV,AEROPORT ROISSY CDG 2 TGV,0
2026-01-05,AIX EN PROVENCE TGV,AVIGNON TGV,1
2026-01-05,AIX EN PROVENCE TGV,BRUXELLES MIDI,0
2026-01-05,AIX EN PROVENCE TGV,LILLE (intramuros),0
2026-01-05,AIX EN PROVENCE TGV,LYON (intramuros),0
2026-01-05,AIX EN PROVENCE TGV,MARNE LA VALLEE CHESSY,0
2026-01-05,AIX EN PROVENCE TGV,MARSEILLE ST CHARLES,1
2026-01-05,ARRAS,AEROPORT ROISSY CDG 2 TGV,1
2026-01-05,ARRAS,AIX EN PROVENCE TGV,1
2026-01-05,ARRAS,AVIGNON TGV,1
2026-01-05,ARRAS,BRUXELLES MIDI,0
2026-01-05,ARRAS,DOUAI,1
2026-01-05,ARRAS,LILLE (intramuros),1
2026-01-05,ARRAS,LYON (intramuros),0
2026-01-05,ARRAS,MARNE LA VALLEE CHESSY,1
2026-01-05,ARRAS,MARSEILLE ST CHARLES,1
2026-01-05,ARRAS,TGV HAUTE PICARDIE,1
2026-01-05,AVIGNON TGV,AEROPORT ROISSY CDG 2 TGV,0
2026-01-05,AVIGNON TGV,AIX EN PROVENCE TGV,1
2026-01-05,AVIGNON TGV,BRUXELLES MIDI,0
2026-01-05,AVIGNON TGV,LILLE (intramuros),0
2026-01-05,AVIGNON TGV,LYON (intramuros),0
2026-01-05,AVIGNON TGV,MARNE LA VALLEE CHESSY,0
2026-01-05,AVIGNON TGV,MARSEILLE ST CHARLES,1
2026-01-05,BRUXELLES MIDI,AEROPORT ROISSY CDG 2 TGV,1
2026-01-05,BRUXELLES MIDI,AIX EN PROVENCE TGV,0
2026-01-05,BRUXELLES MIDI,AVIGNON TGV,0
2026-01-05,BRUXELLES MIDI,LILLE (intramuros),1
2026-01-05,BRUXELLES MIDI,LYON (intramuros),0
2026-01-05,BRUXELLES MIDI,MARNE LA VALLEE CHESSY,1
2026-01-05,BRUXELLES MIDI,MARSEILLE ST CHARLES,0
2026-01-05,BRUXELLES MIDI,MONTPELLIER SAINT ROCH,0
2026-01-05,BRUXELLES MIDI,MONTPELLIER SUD DE FRANCE,0
2026-01-05,BRUXELLES MIDI,NIMES CENTRE,0
2026-01-05,BRUXELLES MIDI,NIMES PONT DU GARD,0
2026-01-05,BRUXELLES MIDI,TGV HAUTE PICARDIE,1
2026-01-05,BRUXELLES MIDI,VALENCE TGV AUVERGNE RHONE ALPES,0
2026-01-05,DOUAI,LILLE (intramuros),1
2026-01-05,LE CREUSOT MONTCEAU MONTCHANIN,AEROPORT ROISSY CDG 2 TGV,0
2026-01-05,LE CREUSOT MONTCEAU MONTCHANIN,BRUXELLES MIDI,0
2026-01-05,LE CREUSOT MONTCEAU MONTCHANIN,LILLE (intramuros),0
2026-01-05,LE CREUSOT MONTCEAU MONTCHANIN,MARNE LA VALLEE CHESSY,0
2026-01-05,LILLE (intramuros),AEROPORT ROISSY CDG 2 TGV,1
2026-01-05,LILLE (intramuros),AIX EN PROVENCE TGV,1
2026-01-05,LILLE (intramuros),ARRAS,1
2026-01-05,LILLE (intramuros),AVIGNON TGV,1
2026-01-05,LILLE (intramuros),BRUXELLES MIDI,1
2026-01-05,LILLE (intramuros),LYON (intramuros),0
2026-01-05,LILLE (intramuros),MARNE LA VALLEE CHESSY,1
2026-01-05,LILLE (intramuros),MARSEILLE ST CHARLES,1
2026-01-05,LILLE (intramuros),MONTPELLIER SAINT ROCH,0
2026-01-05,LILLE (intramuros),MONTPELLIER SUD DE FRANCE,0
2026-01-05,LILLE (intramuros),NIMES CENTRE,0
2026-01-05,LILLE (intramuros),NIMES PONT DU GARD,0
2026-01-05,LILLE (intramuros),TGV HAUTE PICARDIE,1
2026-01-05,LILLE (intramuros),VALENCE TGV AUVERGNE RHONE ALPES,0
2026-01-05,LYON (intramuros),AEROPORT ROISSY CDG 2 TGV,0
2026-01-05,LYON (intramuros),AIX EN PROVENCE TGV,1
2026-01-05,LYON (intramuros),ARRAS,0
2026-01-05,LYON (intramuros),AVIGNON TGV,1
2026-01-05,LYON (intramuros),BRUXELLES MIDI,0
2026-01-05,LYON (intramuros),DOUAI,0
2026-01-05,LYON (intramuros),LE CREUSOT MONTCEAU MONTCHANIN,0
2026-01-05,LYON (intramuros),LILLE (intramuros),0
2026-01-05,LYON (intramuros),LYON (intramuros),1
2026-01-05,LYON (intramuros),MARNE LA VALLEE CHESSY,0
2026-01-05,LYON (intramuros),MARSEILLE ST CHARLES,1
2026-01-05,LYON (intramuros),MONTPELLIER SAINT ROCH,1
2026-01-05,LYON (intramuros),MONTPELLIER SUD DE FRANCE,0
2026-01-05,LYON (intramuros),NIMES CENTRE,1
2026-01-05,LYON (intramuros),NIMES PONT DU GARD,0
2026-01-05,LYON (intramuros),TGV HAUTE PICARDIE,0
2026-01-05,LYON (intramuros),VALENCE TGV AUVERGNE RHONE ALPES,1
2026-01-05,MARNE LA VALLEE CHESSY,AEROPORT ROISSY CDG 2 TGV,0
2026-01-05,MARNE LA VALLEE CHESSY,AIX EN PROVENCE TGV,1
2026-01-05,MARNE LA VALLEE CHESSY,ARRAS,1
2026-01-05,MARNE LA VALLEE CHESSY,AVIGNON TGV,1
2026-01-05,MARNE LA VALLEE CHESSY,BRUXELLES MIDI,0
2026-01-05,MARNE LA VALLEE CHESSY,DOUAI,1
2026-01-05,MARNE LA VALLEE CHESSY,LILLE (intramuros),1
2026-01-05,MARNE LA VALLEE CHESSY,LYON (intramuros),1
2026-01-05,MARNE LA VALLEE CHESSY,MARSEILLE ST CHARLES,1
2026-01-05,MARNE LA VALLEE CHESSY,MONTPELLIER SAINT ROCH,0
2026-01-05,MARNE LA VALLEE CHESSY,MONTPELLIER SUD DE FRANCE,0
2026-01-05,MARNE LA VALLEE CHESSY,NIMES CENTRE,0
2026-01-05,MARNE LA VALLEE CHESSY,NIMES PONT DU GARD,0
2026-01-05,MARNE LA VALLEE CHESSY,TGV HAUTE PICARDIE,1
2026-01-05,MARNE LA VALLEE CHESSY,VALENCE TGV AUVERGNE RHONE ALPES,0
2026-01-05,MARSEILLE ST CHARLES,AEROPORT ROISSY CDG 2 TGV,0
2026-01-05,MARSEILLE ST CHARLES,AIX EN PROVENCE TGV,1
2026-01-05,MARSEILLE ST CHARLES,AVIGNON TGV,1
2026-01-05,MARSEILLE ST CHARLES,BRUXELLES MIDI,0
2026-01-05,MARSEILLE ST CHARLES,LILLE (intramuros),0
2026-01-05,MARSEILLE ST CHARLES,LYON (intramuros),0
2026-01-05,MARSEILLE ST CHARLES,MARNE LA VALLEE CHESSY,0
2026-01-05,MONTPELLIER SAINT ROCH,AEROPORT ROISSY CDG 2 TGV,0
2026-01-05,MONTPELLIER SAINT ROCH,BRUXELLES MIDI,0
2026-01-05,MONTPELLIER SAINT ROCH,LILLE (intramuros),0
2026-01-05,MONTPELLIER SAINT ROCH,LYON (intramuros),0
2026-01-05,MONTPELLIER SAINT ROCH,MARNE LA VALLEE CHESSY,0
2026-01-05,MONTPELLIER SAINT ROCH,NIMES CENTRE,0
2026-01-05,MONTPELLIER SAINT ROCH,VALENCE TGV AUVERGNE RHONE ALPES,0
2026-01-05,MONTPELLIER SUD DE FRANCE,AEROPORT ROISSY CDG 2 TGV,0
2026-01-05,MONTPELLIER SUD DE FRANCE,ARRAS,0
2026-01-05,MONTPELLIER SUD DE FRANCE,BRUXELLES MIDI,0
2026-01-05,MONTPELLIER SUD DE FRANCE,LILLE (intramuros),0
2026-01-05,MONTPELLIER SUD DE FRANCE,LYON (intramuros),0
2026-01-05,MONTPELLIER SUD DE FRANCE,MARNE LA VALLEE CHESSY,0
2026-01-05,MONTPELLIER SUD DE FRANCE,NIMES PONT DU GARD,0
2026-01-05,MONTPELLIER SUD DE FRANCE,TGV HAUTE PICARDIE,0
2026-01-05,MONTPELLIER SUD DE FRANCE,VALENCE TGV AUVERGNE RHONE ALPES,0
2026-01-05,NIMES CENTRE,AEROPORT ROISSY CDG 2 TGV,0
2026-01-05,NIMES CENTRE,BRUXELLES MIDI,0
2026-01-05,NIMES CENTRE,LILLE (intramuros),0
2026-01-05,NIMES CENTRE,LYON (intramuros),0
2026-01-05,NIMES CENTRE,MARNE LA VALLEE CHESSY,0
2026-01-05,NIMES CENTRE,MONTPELLIER SAINT ROCH,1
2026-01-05,NIMES CENTRE,VALENCE TGV AUVERGNE RHONE ALPES,0
2026-01-05,NIMES PONT DU GARD,AEROPORT ROISSY CDG 2 TGV,0
2026-01-05,NIMES PONT DU GARD,ARRAS,0
2026-01-05,NIMES PONT DU GARD,BRUXELLES MIDI,0
2026-01-05,NIMES PONT DU GARD,LILLE (intramuros),0
2026-01-05,NIMES PONT DU GARD,LYON (intramuros),0
2026-01-05,NIMES PONT DU GARD,MARNE LA VALLEE CHESSY,0
2026-01-05,NIMES PONT DU GARD,MONTPELLIER SUD DE FRANCE,1
2026-01-05,NIMES PONT DU GARD,TGV HAUTE PICARDIE,0
2026-01-05,NIMES PONT DU GARD,VALENCE TGV AUVERGNE RHONE ALPES,0
2026-01-05,PARIS (intramuros),AIX EN PROVENCE TGV,0
2026-01-05,PARIS (intramuros),AVIGNON TGV,0
2026-01-05,PARIS (intramuros),MARSEILLE ST CHARLES,0
2026-01-05,TGV HAUTE PICARDIE,AEROPORT ROISSY CDG 2 TGV,1
2026-01-05,TGV HAUTE PICARDIE,AIX EN PROVENCE TGV,1
2026-01-05,TGV HAUTE PICARDIE,ARRAS,1
2026-01-05,TGV HAUTE PICARDIE,AVIGNON TGV,1
2026-01-05,TGV HAUTE PICARDIE,BRUXELLES MIDI,0
2026-01-05,TGV HAUTE PICARDIE,DOUAI,1
2026-01-05,TGV HAUTE PICARDIE,LILLE (intramuros),1
2026-01-05,TGV HAUTE PICARDIE,LYON (intramuros),0
2026-01-05,TGV HAUTE PICARDIE,MARNE LA VALLEE CHESSY,1
2026-01-05,TGV HAUTE PICARDIE,MARSEILLE ST CHARLES,1
2026-01-05,TGV HAUTE PICARDIE,VALENCE TGV AUVERGNE RHONE ALPES,0
2026-01-05,VALENCE TGV AUVERGNE RHONE ALPES,AEROPORT ROISSY CDG 2 TGV,0
2026-01-05,VALENCE TGV AUVERGNE RHONE ALPES,ARRAS,0
2026-01-05,VALENCE TGV AUVERGNE RHONE ALPES,AVIGNON TGV,1
2026-01-05,VALENCE TGV AUVERGNE RHONE ALPES,BRUXELLES MIDI,0
2026-01-05,VALENCE TGV AUVERGNE RHONE ALPES,LILLE (intramuros),0
2026-01-05,VALENCE TGV AUVERGNE RHONE ALPES,LYON (intramuros),0
2026-01-05,VALENCE TGV AUVERGNE RHONE ALPES,MARNE LA VALLEE CHESSY,0
2026-01-05,VALENCE TGV AUVERGNE RHONE ALPES,MARSEILLE ST CHARLES,1
2026-01-05,VALENCE TGV AUVERGNE RHONE ALPES,MONTPELLIER SAINT ROCH,1
2026-01-05,VALENCE TGV AUVERGNE RHONE ALPES,MONTPELLIER SUD DE FRANCE,0
2026-01-05,VALENCE TGV AUVERGNE RHONE ALPES,NIMES CENTRE,1
2026-01-05,VALENCE TGV AUVERGNE RHONE ALPES,NIMES PONT DU GARD,0
2026-01-05,VALENCE TGV AUVERGNE RHONE ALPES,TGV HAUTE PICARDIE,0
2026-01-06,AEROPORT ROISSY CDG 2 TGV,AIX EN PROVENCE TGV,1
2026-01-06,AEROPORT ROISSY CDG 2 TGV,ARRAS,1
2026-01-06,AEROPORT ROISSY CDG 2 TGV,AVIGNON TGV,1
2026-01-06,AEROPORT ROISSY CDG 2 TGV,BRUXELLES MIDI,1
2026-01-06,AEROPORT ROISSY CDG 2 TGV,DOUAI,1
2026-01-06,AEROPORT ROISSY CDG 2 TGV,LILLE (intramuros),1
2026-01-06,AEROPORT ROISSY CDG 2 TGV,LYON (intramuros),1
2026-01-06,AEROPORT ROISSY CDG 2 TGV,MARNE LA VALLEE CHESSY,0
2026-01-06,AEROPORT ROISSY CDG 2 TGV,MARSEILLE ST CHARLES,1
2026-01-06,AEROPORT ROISSY CDG 2 TGV,MONTPELLIER SAINT ROCH,0
2026-01-06,AEROPORT ROISSY CDG 2 TGV,MONTPELLIER SUD DE FRANCE,0
2026-01-06,AEROPORT ROISSY CDG 2 TGV,NIMES CENTRE,0
2026-01-06,AEROPORT ROISSY CDG 2 TGV,NIMES PONT DU GARD,0
2026-01-06,AEROPORT ROISSY CDG 2 TGV,TGV HAUTE PICARDIE,1
2026-01-06,AEROPORT ROISSY CDG 2 TGV,VALENCE TGV AUVERGNE RHONE ALPES,0
2026-01-06,AIX EN PROVENCE TGV,AEROPORT ROISSY CDG 2 TGV,1
2026-01-06,AIX EN PROVENCE TGV,AVIGNON TGV,1
2026-01-06,AIX EN PROVENCE TGV,BRUXELLES MIDI,0
2026-01-06,AIX EN PROVENCE TGV,LILLE (intramuros),1
2026-01-06,AIX EN PROVENCE TGV,LYON (intramuros),1
2026-01-06,AIX EN PROVENCE TGV,MARNE LA VALLEE CHESSY,1
2026-01-06,AIX EN PROVENCE TGV,MARSEILLE ST CHARLES,1
2026-01-06,ARRAS,AEROPORT ROISSY CDG 2 TGV,1
2026-01-06,ARRAS,AIX EN PROVENCE TGV,1
2026-01-06,ARRAS,AVIGNON TGV,1
2026-01-06,ARRAS,BRUXELLES MIDI,0
2026-01-06,ARRAS,DOUAI,1
2026-01-06,ARRAS,LILLE (intramuros),1
2026-01-06,ARRAS,LYON (intramuros),1
2026-01-06,ARRAS,MARNE LA VALLEE CHESSY,1
2026-01-06,ARRAS,MARSEILLE ST CHARLES,1
2026-01-06,ARRAS,TGV HAUTE PICARDIE,1
2026-01-06,AVIGNON TGV,AEROPORT ROISSY CDG 2 TGV,1
2026-01-06,AVIGNON TGV,AIX EN PROVENCE TGV,1
2026-01-06,AVIGNON TGV,BRUXELLES MIDI,0
2026-01-06,AVIGNON TGV,LILLE (intramuros),1
2026-01-06,AVIGNON TGV,LYON (intramuros),1
2026-01-06,AVIGNON TGV,MARNE LA VALLEE CHESSY,1
2026-01-06,AVIGNON TGV,MARSEILLE ST CHARLES,1
2026-01-06,BRUXELLES MIDI,AEROPORT ROISSY CDG 2 TGV,1
2026-01-06,BRUXELLES MIDI,AIX EN PROVENCE TGV,0
2026-01-06,BRUXELLES MIDI,AVIGNON TGV,0
2026-01-06,BRUXELLES MIDI,LILLE (intramuros),1
2026-01-06,BRUXELLES MIDI,LYON (intramuros),1
2026-01-06,BRUXELLES MIDI,MARNE LA VALLEE CHESSY,1
2026-01-06,BRUXELLES MIDI,MARSEILLE ST CHARLES,0
2026-01-06,BRUXELLES MIDI,MONTPELLIER SAINT ROCH,0
2026-01-06,BRUXELLES MIDI,MONTPELLIER SUD DE FRANCE,0
2026-01-06,BRUXELLES MIDI,NIMES CENTRE,0
2026-01-06,BRUXELLES MIDI,NIMES PONT DU GARD,0
2026-01-06,BRUXELLES MIDI,TGV HAUTE PICARDIE,1
2026-01-06,BRUXELLES MIDI,VALENCE TGV AUVERGNE RHONE ALPES,0
2026-01-06,DOUAI,LILLE (intramuros),1
2026-01-06,LE CREUSOT MONTCEAU MONTCHANIN,AEROPORT ROISSY CDG 2 TGV,0
2026-01-06,LE CREUSOT MONTCEAU MONTCHANIN,BRUXELLES MIDI,0
2026-01-06,LE CREUSOT MONTCEAU MONTCHANIN,LILLE (intramuros),0
2026-01-06,LE CREUSOT MONTCEAU MONTCHANIN,MARNE LA VALLEE CHESSY,0
2026-01-06,LILLE (intramuros),AEROPORT ROISSY CDG 2 TGV,1
2026-01-06,LILLE (intramuros),AIX EN PROVENCE TGV,1
2026-01-06,LILLE (intramuros),ARRAS,1
2026-01-06,LILLE (intramuros),AVIGNON TGV,1
2026-01-06,LILLE (intramuros),BRUXELLES MIDI,1
2026-01-06,LILLE (intramuros),LYON (intramuros),1
2026-01-06,LILLE (intramuros),MARNE LA VALLEE CHESSY,1
2026-01-06,LILLE (intramuros),MARSEILLE ST CHARLES,1
2026-01-06,LILLE (intramuros),MONTPELLIER SAINT ROCH,0
2026-01-06,LILLE (intramuros),MONTPELLIER SUD DE FRANCE,0
2026-01-06,LILLE (intramuros),NIMES CENTRE,0
2026-01-06,LILLE (intramuros),NIMES PONT DU GARD,0
2026-01-06,LILLE (intramuros),TGV HAUTE PICARDIE,1
2026-01-06,LILLE (intramuros),VALENCE TGV AUVERGNE RHONE ALPES,0
2026-01-06,LYON (intramuros),AEROPORT ROISSY CDG 2 TGV,1
2026-01-06,LYON (intramuros),AIX EN PROVENCE TGV,1
2026-01-06,LYON (intramuros),ARRAS,0
2026-01-06,LYON (intramuros),AVIGNON TGV,1
2026-01-06,LYON (intramuros),BRUXELLES MIDI,0
2026-01-06,LYON (intramuros),DOUAI,0
2026-01-06,LYON (intramuros),LE CREUSOT MONTCEAU MONTCHANIN,1
2026-01-06,LYON (intramuros),LILLE (intramuros),1
2026-01-06,LYON (intramuros),LYON (intramuros),1
2026-01-06,LYON (intramuros),MARNE LA VALLEE CHESSY,1
2026-01-06,LYON (intramuros),MARSEILLE ST CHARLES,1
2026-01-06,LYON (intramuros),MONTPELLIER SAINT ROCH,1
2026-01-06,LYON (intramuros),MONTPELLIER SUD DE FRANCE,0
2026-01-06,LYON (intramuros),NIMES CENTRE,1
2026-01-06,LYON (intramuros),NIMES PONT DU GARD,0
2026-01-06,LYON (intramuros),TGV HAUTE PICARDIE,0
2026-01-06,LYON (intramuros),VALENCE TGV AUVERGNE RHONE ALPES,1
2026-01-06,MARNE LA VALLEE CHESSY,AEROPORT ROISSY CDG 2 TGV,1
2026-01-06,MARNE LA VALLEE CHESSY,AIX EN PROVENCE TGV,1
2026-01-06,MARNE LA VALLEE CHESSY,ARRAS,1
2026-01-06,MARNE LA VALLEE CHESSY,AVIGNON TGV,1
2026-01-06,MARNE LA VALLEE CHESSY,BRUXELLES MIDI,1
2026-01-06,MARNE LA VALLEE CHESSY,DOUAI,1
2026-01-06,MARNE LA VALLEE CHESSY,LILLE (intramuros),1
2026-01-06,MARNE LA VALLEE CHESSY,LYON (intramuros),1
2026-01-06,MARNE LA VALLEE CHESSY,MARSEILLE ST CHARLES,1
2026-01-06,MARNE LA VALLEE CHESSY,MONTPELLIER SAINT ROCH,0
2026-01-06,MARNE LA VALLEE CHESSY,MONTPELLIER SUD DE FRANCE,0
2026-01-06,MARNE LA VALLEE CHESSY,NIMES CENTRE,0
2026-01-06,MARNE LA VALLEE CHESSY,NIMES PONT DU GARD,0
2026-01-06,MARNE LA VALLEE CHESSY,TGV HAUTE PICARDIE,1
2026-01-06,MARNE LA VALLEE CHESSY,VALENCE TGV AUVERGNE RHONE ALPES,0
2026-01-06,MARSEILLE ST CHARLES,AEROPORT ROISSY CDG 2 TGV,1
2026-01-06,MARSEILLE ST CHARLES,AIX EN PROVENCE TGV,1
2026-01-06,MARSEILLE ST CHARLES,AVIGNON TGV,1
2026-01-06,MARSEILLE ST CHARLES,BRUXELLES MIDI,0
2026-01-06,MARSEILLE ST CHARLES,LILLE (intramuros),1
2026-01-06,MARSEILLE ST CHARLES,LYON (intramuros),1
2026-01-06,MARSEILLE ST CHARLES,MARNE LA VALLEE CHESSY,1
2026-01-06,MONTPELLIER SAINT ROCH,AEROPORT ROISSY CDG 2 TGV,0
2026-01-06,MONTPELLIER SAINT ROCH,BRUXELLES MIDI,0
2026-01-06,MONTPELLIER SAINT ROCH,LILLE (intramuros),0
2026-01-06,MONTPELLIER SAINT ROCH,LYON (intramuros),0
2026-01-06,MONTPELLIER SAINT ROCH,MARNE LA VALLEE CHESSY,0
2026-01-06,MONTPELLIER SAINT ROCH,NIMES CENTRE,0
2026-01-06,MONTPELLIER SAINT ROCH,VALENCE TGV AUVERGNE RHONE ALPES,0
2026-01-06,MONTPELLIER SUD DE FRANCE,AEROPORT ROISSY CDG 2 TGV,0
2026-01-06,MONTPELLIER SUD DE FRANCE,ARRAS,0
2026-01-06,MONTPELLIER SUD DE FRANCE,BRUXELLES MIDI,0
2026-01-06,MONTPELLIER SUD DE FRANCE,LILLE (intramuros),0
2026-01-06,MONTPELLIER SUD DE FRANCE,LYON (intramuros),0
2026-01-06,MONTPELLIER SUD DE FRANCE,MARNE LA VALLEE CHESSY,0
2026-01-06,MONTPELLIER SUD DE FRANCE,NIMES PONT DU GARD,1
2026-01-06,MONTPELLIER SUD DE FRANCE,TGV HAUTE PICARDIE,0
2026-01-06,MONTPELLIER SUD DE FRANCE,VALENCE TGV AUVERGNE RHONE ALPES,0
2026-01-06,NIMES CENTRE,AEROPORT ROISSY CDG 2 TGV,0
2026-01-06,NIMES CENTRE,BRUXELLES MIDI,0
2026-01-06,NIMES CENTRE,LILLE (intramuros),0
2026-01-06,NIMES CENTRE,LYON (intramuros),0
2026-01-06,NIMES CENTRE,MARNE LA VALLEE CHESSY,0
2026-01-06,NIMES CENTRE,MONTPELLIER SAINT ROCH,1
2026-01-06,NIMES CENTRE,VALENCE TGV AUVERGNE RHONE ALPES,0
2026-01-06,NIMES PONT DU GARD,AEROPORT ROISSY CDG 2 TGV,0
2026-01-06,NIMES PONT DU GARD,ARRAS,0
2026-01-06,NIMES PONT DU GARD,BRUXELLES MIDI,0
2026-01-06,NIMES PONT DU GARD,LILLE (intramuros),0
2026-01-06,NIMES PONT DU GARD,LYON (intramuros),0
2026-01-06,NIMES PONT DU GARD,MARNE LA VALLEE CHESSY,0
2026-01-06,NIMES PONT DU GARD,MONTPELLIER SUD DE FRANCE,1
2026-01-06,NIMES PONT DU GARD,TGV HAUTE PICARDIE,0
2026-01-06,NIMES PONT DU GARD,VALENCE TGV AUVERGNE RHONE ALPES,0
2026-01-06,PARIS (intramuros),AIX EN PROVENCE TGV,1
2026-01-06,PARIS (intramuros),AVIGNON TGV,1
2026-01-06,PARIS (intramuros),MARSEILLE ST CHARLES,1
2026-01-06,TGV HAUTE PICARDIE,AEROPORT ROISSY CDG 2 TGV,1
2026-01-06,TGV HAUTE PICARDIE,AIX EN PROVENCE TGV,1
2026-01-06,TGV HAUTE PICARDIE,ARRAS,1
2026-01-06,TGV HAUTE PICARDIE,AVIGNON TGV,1
2026-01-06,TGV HAUTE PICARDIE,BRUXELLES MIDI,0
2026-01-06,TGV HAUTE PICARDIE,DOUAI,1
2026-01-06,TGV HAUTE PICARDIE,LILLE (intramuros),1
2026-01-06,TGV HAUTE PICARDIE,LYON (intramuros),1
2026-01-06,TGV HAUTE PICARDIE,MARNE LA VALLEE CHESSY,1
2026-01-06,TGV HAUTE PICARDIE,MARSEILLE ST CHARLES,1
2026-01-06,TGV HAUTE PICARDIE,VALENCE TGV AUVERGNE RHONE ALPES,0
2026-01-06,VALENCE TGV AUVERGNE RHONE ALPES,AEROPORT ROISSY CDG 2 TGV,0
2026-01-06,VALENCE TGV AUVERGNE RHONE ALPES,ARRAS,0
2026-01-06,VALENCE TGV AUVERGNE RHONE ALPES,AVIGNON TGV,1
2026-01-06,VALENCE TGV AUVERGNE RHONE ALPES,BRUXELLES MIDI,0
2026-01-06,VALENCE TGV AUVERGNE RHONE ALPES,LILLE (intramuros),0
2026-01-06,VALENCE TGV AUVERGNE RHONE ALPES,LYON (intramuros),0
2026-01-06,VALENCE TGV AUVERGNE RHONE ALPES,MARNE LA VALLEE CHESSY,0
2026-01-06,VALENCE TGV AUVERGNE RHONE ALPES,MARSEILLE ST CHARLES,1
2026-01-06,VALENCE TGV AUVERGNE RHONE ALPES,MONTPELLIER SAINT ROCH,1
2026-01-06,VALENCE TGV AUVERGNE RHONE ALPES,MONTPELLIER SUD DE FRANCE,0
2026-01-06,VALENCE TGV AUVERGNE RHONE ALPES,NIMES CENTRE,1
2026-01-06,VALENCE TGV AUVERGNE RHONE ALPES,NIMES PONT DU GARD,0
2026-01-06,VALENCE TGV AUVERGNE RHONE ALPES,TGV HAUTE PICARDIE,0
2026-01-07,AEROPORT ROISSY CDG 2 TGV,AIX EN PROVENCE TGV,1
2026-01-07,AEROPORT ROISSY CDG 2 TGV,ARRAS,1
2026-01-07,AEROPORT ROISSY CDG 2 TGV,AVIGNON TGV,1
2026-01-07,AEROPORT ROISSY CDG 2 TGV,BRUXELLES MIDI,1
2026-01-07,AEROPORT ROISSY CDG 2 TGV,DOUAI,1
2026-01-07,AEROPORT ROISSY CDG 2 TGV,LILLE (intramuros),1
2026-01-07,AEROPORT ROISSY CDG 2 TGV,LYON (intramuros),1
2026-01-07,AEROPORT ROISSY CDG 2 TGV,MARNE LA VALLEE CHESSY,0
2026-01-07,AEROPORT ROISSY CDG 2 TGV,MARSEILLE ST CHARLES,1
2026-01-07,AEROPORT ROISSY CDG 2 TGV,MONTPELLIER SAINT ROCH,0
2026-01-07,AEROPORT ROISSY CDG 2 TGV,MONTPELLIER SUD DE FRANCE,0
2026-01-07,AEROPORT ROISSY CDG 2 TGV,NIMES CENTRE,0
2026-01-07,AEROPORT ROISSY CDG 2 TGV,NIMES PONT DU GARD,0
2026-01-07,AEROPORT ROISSY CDG 2 TGV,TGV HAUTE PICARDIE,1
2026-01-07,AEROPORT ROISSY CDG 2 TGV,VALENCE TGV AUVERGNE RHONE ALPES,0
2026-01-07,AIX EN PROVENCE TGV,AEROPORT ROISSY CDG 2 TGV,1
2026-01-07,AIX EN PROVENCE TGV,AVIGNON TGV,1
2026-01-07,AIX EN PROVENCE TGV,BRUXELLES MIDI,0
2026-01-07,AIX EN PROVENCE TGV,LILLE (intramuros),0
2026-01-07,AIX EN PROVENCE TGV,LYON (intramuros),1
2026-01-07,AIX EN PROVENCE TGV,MARNE LA VALLEE CHESSY,1
2026-01-07,AIX EN PROVENCE TGV,MARSEILLE ST CHARLES,1
2026-01-07,ARRAS,AEROPORT ROISSY CDG 2 TGV,1
2026-01-07,ARRAS,AIX EN PROVENCE TGV,1
2026-01-07,ARRAS,AVIGNON TGV,1
2026-01-07,ARRAS,BRUXELLES MIDI,0
2026-01-07,ARRAS,DOUAI,1
2026-01-07,ARRAS,LILLE (intramuros),1
2026-01-07,ARRAS,LYON (intramuros),1
2026-01-07,ARRAS,MARNE LA VALLEE CHESSY,1
2026-01-07,ARRAS,MARSEILLE ST CHARLES,1
2026-01-07,ARRAS,TGV HAUTE PICARDIE,1
2026-01-07,AVIGNON TGV,AEROPORT ROISSY CDG 2 TGV,1
2026-01-07,AVIGNON TGV,AIX EN PROVENCE TGV,1
2026-01-07,AVIGNON TGV,BRUXELLES MIDI,0
2026-01-07,AVIGNON TGV,LILLE (intramuros),0
2026-01-07,AVIGNON TGV,LYON (intramuros),1
2026-01-07,AVIGNON TGV,MARNE LA VALLEE CHESSY,1
2026-01-07,AVIGNON TGV,MARSEILLE ST CHARLES,1
2026-01-07,BRUXELLES MIDI,AEROPORT ROISSY CDG 2 TGV,1
2026-01-07,BRUXELLES MIDI,AIX EN PROVENCE TGV,0
2026-01-07,BRUXELLES MIDI,AVIGNON TGV,0
2026-01-07,BRUXELLES MIDI,LILLE (intramuros),1
2026-01-07,BRUXELLES MIDI,LYON (intramuros),0
2026-01-07,BRUXELLES MIDI,MARNE LA VALLEE CHESSY,1
2026-01-07,BRUXELLES MIDI,MARSEILLE ST CHARLES,0
2026-01-07,BRUXELLES MIDI,MONTPELLIER SAINT ROCH,0
2026-01-07,BRUXELLES MIDI,MONTPELLIER SUD DE FRANCE,0
2026-01-07,BRUXELLES MIDI,NIMES CENTRE,0
2026-01-07,BRUXELLES MIDI,NIMES PONT DU GARD,0
2026-01-07,BRUXELLES MIDI,TGV HAUTE PICARDIE,1
2026-01-07,BRUXELLES MIDI,VALENCE TGV AUVERGNE RHONE ALPES,0
2026-01-07,DOUAI,LILLE (intramuros),1
2026-01-07,LE CREUSOT MONTCEAU MONTCHANIN,AEROPORT ROISSY CDG 2 TGV,0
2026-01-07,LE CREUSOT MONTCEAU MONTCHANIN,BRUXELLES MIDI,0
2026-01-07,LE CREUSOT MONTCEAU MONTCHANIN,LILLE (intramuros),0
2026-01-07,LE CREUSOT MONTCEAU MONTCHANIN,MARNE LA VALLEE CHESSY,0
2026-01-07,LILLE (intramuros),AEROPORT ROISSY CDG 2 TGV,1
2026-01-07,LILLE (intramuros),AIX EN PROVENCE TGV,1
2026-01-07,LILLE (intramuros),ARRAS,1
2026-01-07,LILLE (intramuros),AVIGNON TGV,1
2026-01-07,LILLE (intramuros),BRUXELLES MIDI,1
2026-01-07,LILLE (intramuros),LYON (intramuros),1
2026-01-07,LILLE (intramuros),MARNE LA VALLEE CHESSY,1
2026-01-07,LILLE (intramuros),MARSEILLE ST CHARLES,1
2026-01-07,LILLE (intramuros),MONTPELLIER SAINT ROCH,0
2026-01-07,LILLE (intramuros),MONTPELLIER SUD DE FRANCE,0
2026-01-07,LILLE (intramuros),NIMES CENTRE,0
2026-01-07,LILLE (intramuros),NIMES PONT DU GARD,0
2026-01-07,LILLE (intramuros),TGV HAUTE PICARDIE,1
2026-01-07,LILLE (intramuros),VALENCE TGV AUVERGNE RHONE ALPES,0
2026-01-07,LYON (intramuros),AEROPORT ROISSY CDG 2 TGV,1
2026-01-07,LYON (intramuros),AIX EN PROVENCE TGV,1
2026-01-07,LYON (intramuros),ARRAS,1
2026-01-07,LYON (intramuros),AVIGNON TGV,1
2026-01-07,LYON (intramuros),BRUXELLES MIDI,0
2026-01-07,LYON (intramuros),DOUAI,1
2026-01-07,LYON (intramuros),LE CREUSOT MONTCEAU MONTCHANIN,1
2026-01-07,LYON (intramuros),LILLE (intramuros),1
2026-01-07,LYON (intramuros),LYON (intramuros),1
2026-01-07,LYON (intramuros),MARNE LA VALLEE CHESSY,1
2026-01-07,LYON (intramuros),MARSEILLE ST CHARLES,1
2026-01-07,LYON (intramuros),MONTPELLIER SAINT ROCH,1
2026-01-07,LYON (intramuros),MONTPELLIER SUD DE FRANCE,0
2026-01-07,LYON (intramuros),NIMES CENTRE,1
2026-01-07,LYON (intramuros),NIMES PONT DU GARD,0
2026-01-07,LYON (intramuros),TGV HAUTE PICARDIE,1
2026-01-07,LYON (intramuros),VALENCE TGV AUVERGNE RHONE ALPES,1
2026-01-07,MARNE LA VALLEE CHESSY,AEROPORT ROISSY CDG 2 TGV,1
2026-01-07,MARNE LA VALLEE CHESSY,AIX EN PROVENCE TGV,1
2026-01-07,MARNE LA VALLEE CHESSY,ARRAS,1
2026-01-07,MARNE LA VALLEE CHESSY,AVIGNON TGV,1
2026-01-07,MARNE LA VALLEE CHESSY,BRUXELLES MIDI,1
2026-01-07,MARNE LA VALLEE CHESSY,DOUAI,1
2026-01-07,MARNE LA VALLEE CHESSY,LILLE (intramuros),1
2026-01-07,MARNE LA VALLEE CHESSY,LYON (intramuros),1
2026-01-07,MARNE LA VALLEE CHESSY,MARSEILLE ST CHARLES,1
2026-01-07,MARNE LA VALLEE CHESSY,MONTPELLIER SAINT ROCH,0
2026-01-07,MARNE LA VALLEE CHESSY,MONTPELLIER SUD DE FRANCE,0
2026-01-07,MARNE LA VALLEE CHESSY,NIMES CENTRE,0
2026-01-07,MARNE LA VALLEE CHESSY,NIMES PONT DU GARD,0
2026-01-07,MARNE LA VALLEE CHESSY,TGV HAUTE PICARDIE,1
2026-01-07,MARNE LA VALLEE CHESSY,VALENCE TGV AUVERGNE RHONE ALPES,0
2026-01-07,MARSEILLE ST CHARLES,AEROPORT ROISSY CDG 2 TGV,1
2026-01-07,MARSEILLE ST CHARLES,AIX EN PROVENCE TGV,1
2026-01-07,MARSEILLE ST CHARLES,AVIGNON TGV,1
2026-01-07,MARSEILLE ST CHARLES,BRUXELLES MIDI,0
2026-01-07,MARSEILLE ST CHARLES,LILLE (intramuros),0
2026-01-07,MARSEILLE ST CHARLES,LYON (intramuros),1
2026-01-07,MARSEILLE ST CHARLES,MARNE LA VALLEE CHESSY,1
2026-01-07,MONTPELLIER SAINT ROCH,AEROPORT ROISSY CDG 2 TGV,0
2026-01-07,MONTPELLIER SAINT ROCH,BRUXELLES MIDI,0
2026-01-07,MONTPELLIER SAINT ROCH,LILLE (intramuros),0
2026-01-07,MONTPELLIER SAINT ROCH,LYON (intramuros),0
2026-01-07,MONTPELLIER SAINT ROCH,MARNE LA VALLEE CHESSY,0
2026-01-07,MONTPELLIER SAINT ROCH,NIMES CENTRE,0
2026-01-07,MONTPELLIER SAINT ROCH,VALENCE TGV AUVERGNE RHONE ALPES,0
2026-01-07,MONTPELLIER SUD DE FRANCE,AEROPORT ROISSY CDG 2 TGV,1
2026-01-07,MONTPELLIER SUD DE FRANCE,ARRAS,0
2026-01-07,MONTPELLIER SUD DE FRANCE,BRUXELLES MIDI,0
2026-01-07,MONTPELLIER SUD DE FRANCE,LILLE (intramuros),1
2026-01-07,MONTPELLIER SUD DE FRANCE,LYON (intramuros),1
2026-01-07,MONTPELLIER SUD DE FRANCE,MARNE LA VALLEE CHESSY,1
2026-01-07,MONTPELLIER SUD DE FRANCE,NIMES PONT DU GARD,1
2026-01-07,MONTPELLIER SUD DE FRANCE,TGV HAUTE PICARDIE,0
2026-01-07,MONTPELLIER SUD DE FRANCE,VALENCE TGV AUVERGNE RHONE ALPES,1
2026-01-07,NIMES CENTRE,AEROPORT ROISSY CDG 2 TGV,0
2026-01-07,NIMES CENTRE,BRUXELLES MIDI,0
2026-01-07,NIMES CENTRE,LILLE (intramuros),0
2026-01-07,NIMES CENTRE,LYON (intramuros),0
2026-01-07,NIMES CENTRE,MARNE LA VALLEE CHESSY,0
2026-01-07,NIMES CENTRE,MONTPELLIER SAINT ROCH,1
2026-01-07,NIMES CENTRE,VALENCE TGV AUVERGNE RHONE ALPES,0
2026-01-07,NIMES PONT DU GARD,AEROPORT ROISSY CDG 2 TGV,1
2026-01-07,NIMES PONT DU GARD,ARRAS,0
2026-01-07,NIMES PONT DU GARD,BRUXELLES MIDI,0
2026-01-07,NIMES PONT DU GARD,LILLE (intramuros),1
2026-01-07,NIMES PONT DU GARD,LYON (intramuros),1
2026-01-07,NIMES PONT DU GARD,MARNE LA VALLEE CHESSY,1
2026-01-07,NIMES PONT DU GARD,MONTPELLIER SUD DE FRANCE,1
2026-01-07,NIMES PONT DU GARD,TGV HAUTE PICARDIE,0
2026-01-07,NIMES PONT DU GARD,VALENCE TGV AUVERGNE RHONE ALPES,1
2026-01-07,PARIS (intramuros),AIX EN PROVENCE TGV,1
2026-01-07,PARIS (intramuros),AVIGNON TGV,1
2026-01-07,PARIS (intramuros),MARSEILLE ST CHARLES,1
2026-01-07,TGV HAUTE PICARDIE,AEROPORT ROISSY CDG 2 TGV,1
2026-01-07,TGV HAUTE PICARDIE,AIX EN PROVENCE TGV,1
2026-01-07,TGV HAUTE PICARDIE,ARRAS,1
2026-01-07,TGV HAUTE PICARDIE,AVIGNON TGV,1
2026-01-07,TGV HAUTE PICARDIE,BRUXELLES MIDI,0
2026-01-07,TGV HAUTE PICARDIE,DOUAI,1
2026-01-07,TGV HAUTE PICARDIE,LILLE (intramuros),1
2026-01-07,TGV HAUTE PICARDIE,LYON (intramuros),1
2026-01-07,TGV HAUTE PICARDIE,MARNE LA VALLEE CHESSY,1
2026-01-07,TGV HAUTE PICARDIE,MARSEILLE ST CHARLES,1
2026-01-07,TGV HAUTE PICARDIE,VALENCE TGV AUVERGNE RHONE ALPES,0
2026-01-07,VALENCE TGV AUVERGNE RHONE ALPES,AEROPORT ROISSY CDG 2 TGV,1
2026-01-07,VALENCE TGV AUVERGNE RHONE ALPES,ARRAS,0
2026-01-07,VALENCE TGV AUVERGNE RHONE ALPES,AVIGNON TGV,1
2026-01-07,VALENCE TGV AUVERGNE RHONE ALPES,BRUXELLES MIDI,0
2026-01-07,VALENCE TGV AUVERGNE RHONE ALPES,LILLE (intramuros),1
2026-01-07,VALENCE TGV AUVERGNE RHONE ALPES,LYON (intramuros),1
2026-01-07,VALENCE TGV AUVERGNE RHONE ALPES,MARNE LA VALLEE CHESSY,1
2026-01-07,VALENCE TGV AUVERGNE RHONE ALPES,MARSEILLE ST CHARLES,1
2026-01-07,VALENCE TGV AUVERGNE RHONE ALPES,MONTPELLIER SAINT ROCH,1
2026-01-07,VALENCE TGV AUVERGNE RHONE ALPES,MONTPELLIER SUD DE FRANCE,0
2026-01-07,VALENCE TGV AUVERGNE RHONE ALPES,NIMES CENTRE,1
2026-01-07,VALENCE TGV AUVERGNE RHONE ALPES,NIMES PONT DU GARD,0
2026-01-07,VALENCE TGV AUVERGNE RHONE ALPES,TGV HAUTE PICARDIE,0
2026-01-08,AEROPORT ROISSY CDG 2 TGV,AIX EN PROVENCE TGV,0
2026-01-08,AEROPORT ROISSY CDG 2 TGV,ARRAS,1
2026-01-08,AEROPORT ROISSY CDG 2 TGV,AVIGNON TGV,0
2026-01-08,AEROPORT ROISSY CDG 2 TGV,BRUXELLES MIDI,1
2026-01-08,AEROPORT ROISSY CDG 2 TGV,DOUAI,1
2026-01-08,AEROPORT ROISSY CDG 2 TGV,LILLE (intramuros),1
2026-01-08,AEROPORT ROISSY CDG 2 TGV,LYON (intramuros),0
2026-01-08,AEROPORT ROISSY CDG 2 TGV,MARNE LA VALLEE CHESSY,0
2026-01-08,AEROPORT ROISSY CDG 2 TGV,MARSEILLE ST CHARLES,0
2026-01-08,AEROPORT ROISSY CDG 2 TGV,MONTPELLIER SAINT ROCH,0
2026-01-08,AEROPORT ROISSY CDG 2 TGV,MONTPELLIER SUD DE FRANCE,0
2026-01-08,AEROPORT ROISSY CDG 2 TGV,NIMES CENTRE,0
2026-01-08,AEROPORT ROISSY CDG 2 TGV,NIMES PONT DU GARD,0
2026-01-08,AEROPORT ROISSY CDG 2 TGV,TGV HAUTE PICARDIE,1
2026-01-08,AEROPORT ROISSY CDG 2 TGV,VALENCE TGV AUVERGNE RHONE ALPES,0
2026-01-08,AIX EN PROVENCE TGV,AEROPORT ROISSY CDG 2 TGV,0
2026-01-08,AIX EN PROVENCE TGV,AVIGNON TGV,1
2026-01-08,AIX EN PROVENCE TGV,BRUXELLES MIDI,0
2026-01-08,AIX EN PROVENCE TGV,LILLE (intramuros),0
2026-01-08,AIX EN PROVENCE TGV,LYON (intramuros),1
2026-01-08,AIX EN PROVENCE TGV,MARNE LA VALLEE CHESSY,0
2026-01-08,AIX EN PROVENCE TGV,MARSEILLE ST CHARLES,1
2026-01-08,ARRAS,AEROPORT ROISSY CDG 2 TGV,1
2026-01-08,ARRAS,AIX EN PROVENCE TGV,0
2026-01-08,ARRAS,AVIGNON TGV,0
2026-01-08,ARRAS,BRUXELLES MIDI,1
2026-01-08,ARRAS,DOUAI,1
2026-01-08,ARRAS,LILLE (intramuros),1
2026-01-08,ARRAS,LYON (intramuros),0
2026-01-08,ARRAS,MARNE LA VALLEE CHESSY,1
2026-01-08,ARRAS,MARSEILLE ST CHARLES,0
2026-01-08,ARRAS,TGV HAUTE PICARDIE,1
2026-01-08,AVIGNON TGV,AEROPORT ROISSY CDG 2 TGV,0
2026-01-08,AVIGNON TGV,AIX EN PROVENCE TGV,1
2026-01-08,AVIGNON TGV,BRUXELLES MIDI,0
2026-01-08,AVIGNON TGV,LILLE (intramuros),0
2026-01-08,AVIGNON TGV,LYON (intramuros),1
2026-01-08,AVIGNON TGV,MARNE LA VALLEE CHESSY,0
2026-01-08,AVIGNON TGV,MARSEILLE ST CHARLES,1
2026-01-08,BRUXELLES MIDI,AEROPORT ROISSY CDG 2 TGV,0
2026-01-08,BRUXELLES MIDI,AIX EN PROVENCE TGV,0
2026-01-08,BRUXELLES MIDI,AVIGNON TGV,0
2026-01-08,BRUXELLES MIDI,LILLE (intramuros),1
2026-01-08,BRUXELLES MIDI,LYON (intramuros),0
2026-01-08,BRUXELLES MIDI,MARNE LA VALLEE CHESSY,0
2026-01-08,BRUXELLES MIDI,MARSEILLE ST CHARLES,0
2026-01-08,BRUXELLES MIDI,MONTPELLIER SAINT ROCH,0
2026-01-08,BRUXELLES MIDI,MONTPELLIER SUD DE FRANCE,0
2026-01-08,BRUXELLES MIDI,NIMES CENTRE,0
2026-01-08,BRUXELLES MIDI,NIMES PONT DU GARD,0
2026-01-08,BRUXELLES MIDI,TGV HAUTE PICARDIE,1
2026-01-08,BRUXELLES MIDI,VALENCE TGV AUVERGNE RHONE ALPES,0
2026-01-08,DOUAI,LILLE (intramuros),1
2026-01-08,LE CREUSOT MONTCEAU MONTCHANIN,AEROPORT ROISSY CDG 2 TGV,0
2026-01-08,LE CREUSOT MONTCEAU MONTCHANIN,BRUXELLES MIDI,0
2026-01-08,LE CREUSOT MONTCEAU MONTCHANIN,LILLE (intramuros),0
2026-01-08,LE CREUSOT MONTCEAU MONTCHANIN,MARNE LA VALLEE CHESSY,0
2026-01-08,LILLE (intramuros),AEROPORT ROISSY CDG 2 TGV,1
2026-01-08,LILLE (intramuros),AIX EN PROVENCE TGV,0
2026-01-08,LILLE (intramuros),ARRAS,1
2026-01-08,LILLE (intramuros),AVIGNON TGV,0
2026-01-08,LILLE (intramuros),BRUXELLES MIDI,1
2026-01-08,LILLE (intramuros),LYON (intramuros),0
2026-01-08,LILLE (intramuros),MARNE LA VALLEE CHESSY,1
2026-01-08,LILLE (intramuros),MARSEILLE ST CHARLES,0
2026-01-08,LILLE (intramuros),MONTPELLIER SAINT ROCH,0
2026-01-08,LILLE (intramuros),MONTPELLIER SUD DE FRANCE,0
2026-01-08,LILLE (intramuros),NIMES CENTRE,0
2026-01-08,LILLE (intramuros),NIMES PONT DU GARD,0
2026-01-08,LILLE (intramuros),TGV HAUTE PICARDIE,1
2026-01-08,LILLE (intramuros),VALENCE TGV AUVERGNE RHONE ALPES,0
2026-01-08,LYON (intramuros),AEROPORT ROISSY CDG 2 TGV,1
2026-01-08,LYON (intramuros),AIX EN PROVENCE TGV,1
2026-01-08,LYON (intramuros),ARRAS,1
2026-01-08,LYON (intramuros),AVIGNON TGV,1
2026-01-08,LYON (intramuros),BRUXELLES MIDI,0
2026-01-08,LYON (intramuros),DOUAI,1
2026-01-08,LYON (intramuros),LE CREUSOT MONTCEAU MONTCHANIN,1
2026-01-08,LYON (intramuros),LILLE (intramuros),1
2026-01-08,LYON (intramuros),LYON (intramuros),1
2026-01-08,LYON (intramuros),MARNE LA VALLEE CHESSY,1
2026-01-08,LYON (intramuros),MARSEILLE ST CHARLES,1
2026-01-08,LYON (intramuros),MONTPELLIER SAINT ROCH,0
2026-01-08,LYON (intramuros),MONTPELLIER SUD DE FRANCE,0
2026-01-08,LYON (intramuros),NIMES CENTRE,0
2026-01-08,LYON (intramuros),NIMES PONT DU GARD,0
2026-01-08,LYON (intramuros),TGV HAUTE PICARDIE,1
2026-01-08,LYON (intramuros),VALENCE TGV AUVERGNE RHONE ALPES,1
2026-01-08,MARNE LA VALLEE CHESSY,AEROPORT ROISSY CDG 2 TGV,1
2026-01-08,MARNE LA VALLEE CHESSY,AIX EN PROVENCE TGV,0
2026-01-08,MARNE LA VALLEE CHESSY,ARRAS,1
2026-01-08,MARNE LA VALLEE CHESSY,AVIGNON TGV,0
2026-01-08,MARNE LA VALLEE CHESSY,BRUXELLES MIDI,1
2026-01-08,MARNE LA VALLEE CHESSY,DOUAI,1
2026-01-08,MARNE LA VALLEE CHESSY,LILLE (intramuros),1
2026-01-08,MARNE LA VALLEE CHESSY,LYON (intramuros),0
2026-01-08,MARNE LA VALLEE CHESSY,MARSEILLE ST CHARLES,0
2026-01-08,MARNE LA VALLEE CHESSY,MONTPELLIER SAINT ROCH,0
2026-01-08,MARNE LA VALLEE CHESSY,MONTPELLIER SUD DE FRANCE,0
2026-01-08,MARNE LA VALLEE CHESSY,NIMES CENTRE,0
2026-01-08,MARNE LA VALLEE CHESSY,NIMES PONT DU GARD,0
2026-01-08,MARNE LA VALLEE CHESSY,TGV HAUTE PICARDIE,1
2026-01-08,MARNE LA VALLEE CHESSY,VALENCE TGV AUVERGNE RHONE ALPES,0
2026-01-08,MARSEILLE ST CHARLES,AEROPORT ROISSY CDG 2 TGV,0
2026-01-08,MARSEILLE ST CHARLES,AIX EN PROVENCE TGV,1
2026-01-08,MARSEILLE ST CHARLES,AVIGNON TGV,1
2026-01-08,MARSEILLE ST CHARLES,BRUXELLES MIDI,0
2026-01-08,MARSEILLE ST CHARLES,LILLE (intramuros),0
2026-01-08,MARSEILLE ST CHARLES,LYON (intramuros),1
2026-01-08,MARSEILLE ST CHARLES,MARNE LA VALLEE CHESSY,0
2026-01-08,MONTPELLIER SAINT ROCH,AEROPORT ROISSY CDG 2 TGV,0
2026-01-08,MONTPELLIER SAINT ROCH,BRUXELLES MIDI,0
2026-01-08,MONTPELLIER SAINT ROCH,LILLE (intramuros),0
2026-01-08,MONTPELLIER SAINT ROCH,LYON (intramuros),1
2026-01-08,MONTPELLIER SAINT ROCH,MARNE LA VALLEE CHESSY,0
2026-01-08,MONTPELLIER SAINT ROCH,NIMES CENTRE,1
2026-01-08,MONTPELLIER SAINT ROCH,VALENCE TGV AUVERGNE RHONE ALPES,1
2026-01-08,MONTPELLIER SUD DE FRANCE,AEROPORT ROISSY CDG 2 TGV,0
2026-01-08,MONTPELLIER SUD DE FRANCE,ARRAS,0
2026-01-08,MONTPELLIER SUD DE FRANCE,BRUXELLES MIDI,0
2026-01-08,MONTPELLIER SUD DE FRANCE,LILLE (intramuros),0
2026-01-08,MONTPELLIER SUD DE FRANCE,LYON (intramuros),1
2026-01-08,MONTPELLIER SUD DE FRANCE,MARNE LA VALLEE CHESSY,0
2026-01-08,MONTPELLIER SUD DE FRANCE,NIMES PONT DU GARD,1
2026-01-08,MONTPELLIER SUD DE FRANCE,TGV HAUTE PICARDIE,0
2026-01-08,MONTPELLIER SUD DE FRANCE,VALENCE TGV AUVERGNE RHONE ALPES,1
2026-01-08,NIMES CENTRE,AEROPORT ROISSY CDG 2 TGV,0
2026-01-08,NIMES CENTRE,BRUXELLES MIDI,0
2026-01-08,NIMES CENTRE,LILLE (intramuros),0
2026-01-08,NIMES CENTRE,LYON (intramuros),1
2026-01-08,NIMES CENTRE,MARNE LA VALLEE CHESSY,0
2026-01-08,NIMES CENTRE,MONTPELLIER SAINT ROCH,0
2026-01-08,NIMES CENTRE,VALENCE TGV AUVERGNE RHONE ALPES,1
2026-01-08,NIMES PONT DU GARD,AEROPORT ROISSY CDG 2 TGV,0
2026-01-08,NIMES PONT DU GARD,ARRAS,0
2026-01-08,NIMES PONT DU GARD,BRUXELLES MIDI,0
2026-01-08,NIMES PONT DU GARD,LILLE (intramuros),0
2026-01-08,NIMES PONT DU GARD,LYON (intramuros),1
2026-01-08,NIMES PONT DU GARD,MARNE LA VALLEE CHESSY,0
2026-01-08,NIMES PONT DU GARD,MONTPELLIER SUD DE FRANCE,0
2026-01-08,NIMES PONT DU GARD,TGV HAUTE PICARDIE,0
2026-01-08,NIMES PONT DU GARD,VALENCE TGV AUVERGNE RHONE ALPES,1
2026-01-08,PARIS (intramuros),AIX EN PROVENCE TGV,1
2026-01-08,PARIS (intramuros),AVIGNON TGV,1
2026-01-08,PARIS (intramuros),MARSEILLE ST CHARLES,1
2026-01-08,TGV HAUTE PICARDIE,AEROPORT ROISSY CDG 2 TGV,1
2026-01-08,TGV HAUTE PICARDIE,AIX EN PROVENCE TGV,0
2026-01-08,TGV HAUTE PICARDIE,ARRAS,1
2026-01-08,TGV HAUTE PICARDIE,AVIGNON TGV,0
2026-01-08,TGV HAUTE PICARDIE,BRUXELLES MIDI,1
2026-01-08,TGV HAUTE PICARDIE,DOUAI,1
2026-01-08,TGV HAUTE PICARDIE,LILLE (intramuros),1
2026-01-08,TGV HAUTE PICARDIE,LYON (intramuros),0
2026-01-08,TGV HAUTE PICARDIE,MARNE LA VALLEE CHESSY,1
2026-01-08,TGV HAUTE PICARDIE,MARSEILLE ST CHARLES,0
2026-01-08,TGV HAUTE PICARDIE,VALENCE TGV AUVERGNE RHONE ALPES,0
2026-01-08,VALENCE TGV AUVERGNE RHONE ALPES,AEROPORT ROISSY CDG 2 TGV,0
2026-01-08,VALENCE TGV AUVERGNE RHONE ALPES,ARRAS,0
2026-01-08,VALENCE TGV AUVERGNE RHONE ALPES,AVIGNON TGV,1
2026-01-08,VALENCE TGV AUVERGNE RHONE ALPES,BRUXELLES MIDI,0
2026-01-08,VALENCE TGV AUVERGNE RHONE ALPES,LILLE (intramuros),0
2026-01-08,VALENCE TGV AUVERGNE RHONE ALPES,LYON (intramuros),1
2026-01-08,VALENCE TGV AUVERGNE RHONE ALPES,MARNE LA VALLEE CHESSY,0
2026-01-08,VALENCE TGV AUVERGNE RHONE ALPES,MARSEILLE ST CHARLES,1
2026-01-08,VALENCE TGV AUVERGNE RHONE ALPES,MONTPELLIER SAINT ROCH,0
2026-01-08,VALENCE TGV AUVERGNE RHONE ALPES,MONTPELLIER SUD DE FRANCE,0
2026-01-08,VALENCE TGV AUVERGNE RHONE ALPES,NIMES CENTRE,0
2026-01-08,VALENCE TGV AUVERGNE RHONE ALPES,NIMES PONT DU GARD,0
2026-01-08,VALENCE TGV AUVERGNE RHONE ALPES,TGV HAUTE PICARDIE,0
2026-01-09,AEROPORT ROISSY CDG 2 TGV,AGDE,0
2026-01-09,AEROPORT ROISSY CDG 2 TGV,AIX EN PROVENCE TGV,0
2026-01-09,AEROPORT ROISSY CDG 2 TGV,ARRAS,1
2026-01-09,AEROPORT ROISSY CDG 2 TGV,AVIGNON TGV,0
2026-01-09,AEROPORT ROISSY CDG 2 TGV,BEZIERS,0
2026-01-09,AEROPORT ROISSY CDG 2 TGV,BRUXELLES MIDI,1
2026-01-09,AEROPORT ROISSY CDG 2 TGV,DOUAI,1
2026-01-09,AEROPORT ROISSY CDG 2 TGV,LILLE (intramuros),1
2026-01-09,AEROPORT ROISSY CDG 2 TGV,LYON (intramuros),0
2026-01-09,AEROPORT ROISSY CDG 2 TGV,MARNE LA VALLEE CHESSY,0
2026-01-09,AEROPORT ROISSY CDG 2 TGV,MARSEILLE ST CHARLES,0
2026-01-09,AEROPORT ROISSY CDG 2 TGV,MONTPELLIER SAINT ROCH,0
2026-01-09,AEROPORT ROISSY CDG 2 TGV,MONTPELLIER SUD DE FRANCE,0
2026-01-09,AEROPORT ROISSY CDG 2 TGV,NARBONNE,0
2026-01-09,AEROPORT ROISSY CDG 2 TGV,NIMES CENTRE,0
2026-01-09,AEROPORT ROISSY CDG 2 TGV,NIMES PONT DU GARD,0
2026-01-09,AEROPORT ROISSY CDG 2 TGV,PERPIGNAN,0
2026-01-09,AEROPORT ROISSY CDG 2 TGV,SETE,0
2026-01-09,AEROPORT ROISSY CDG 2 TGV,TGV HAUTE PICARDIE,1
2026-01-09,AEROPORT ROISSY CDG 2 TGV,VALENCE TGV AUVERGNE RHONE ALPES,0
2026-01-09,AGDE,BEZIERS,0
2026-01-09,AGDE,NARBONNE,0
2026-01-09,AGDE,PERPIGNAN,0
2026-01-09,AIX EN PROVENCE TGV,AEROPORT ROISSY CDG 2 TGV,1
2026-01-09,AIX EN PROVENCE TGV,AVIGNON TGV,1
2026-01-09,AIX EN PROVENCE TGV,BRUXELLES MIDI,0
2026-01-09,AIX EN PROVENCE TGV,LILLE (intramuros),1
2026-01-09,AIX EN PROVENCE TGV,LYON (intramuros),1
2026-01-09,AIX EN PROVENCE TGV,MARNE LA VALLEE CHESSY,1
2026-01-09,AIX EN PROVENCE TGV,MARSEILLE ST CHARLES,1
2026-01-09,ARRAS,AEROPORT ROISSY CDG 2 TGV,1
2026-01-09,ARRAS,AIX EN PROVENCE TGV,0
2026-01-09,ARRAS,AVIGNON TGV,0
2026-01-09,ARRAS,BRUXELLES MIDI,0
2026-01-09,ARRAS,DOUAI,1
2026-01-09,ARRAS,LILLE (intramuros),1
2026-01-09,ARRAS,LYON (intramuros),0
2026-01-09,ARRAS,MARNE LA VALLEE CHESSY,1
2026-01-09,ARRAS,MARSEILLE ST CHARLES,0
2026-01-09,ARRAS,TGV HAUTE PICARDIE,1
2026-01-09,AVIGNON TGV,AEROPORT ROISSY CDG 2 TGV,1
2026-01-09,AVIGNON TGV,AIX EN PROVENCE TGV,1
2026-01-09,AVIGNON TGV,BRUXELLES MIDI,0
2026-01-09,AVIGNON TGV,LILLE (intramuros),1
2026-01-09,AVIGNON TGV,LYON (intramuros),1
2026-01-09,AVIGNON TGV,MARNE LA VALLEE CHESSY,1
2026-01-09,AVIGNON TGV,MARSEILLE ST CHARLES,1
2026-01-09,BEZIERS,NARBONNE,0
2026-01-09,BEZIERS,PERPIGNAN,0
2026-01-09,BRUXELLES MIDI,AEROPORT ROISSY CDG 2 TGV,0
2026-01-09,BRUXELLES MIDI,AGDE,0
2026-01-09,BRUXELLES MIDI,AIX EN PROVENCE TGV,0
2026-01-09,BRUXELLES MIDI,AVIGNON TGV,0
2026-01-09,BRUXELLES MIDI,BEZIERS,0
2026-01-09,BRUXELLES MIDI,LILLE (intramuros),1
2026-01-09,BRUXELLES MIDI,LYON (intramuros),0
2026-01-09,BRUXELLES MIDI,MARNE LA VALLEE CHESSY,0
2026-01-09,BRUXELLES MIDI,MARSEILLE ST CHARLES,0
2026-01-09,BRUXELLES MIDI,MONTPELLIER SAINT ROCH,0
2026-01-09,BRUXELLES MIDI,MONTPELLIER SUD DE FRANCE,0
2026-01-09,BRUXELLES MIDI,NARBONNE,0
2026-01-09,BRUXELLES MIDI,NIMES CENTRE,0
2026-01-09,BRUXELLES MIDI,NIMES PONT DU GARD,0
2026-01-09,BRUXELLES MIDI,PERPIGNAN,0
2026-01-09,BRUXELLES MIDI,SETE,0
2026-01-09,BRUXELLES MIDI,TGV HAUTE PICARDIE,1
2026-01-09,BRUXELLES MIDI,VALENCE TGV AUVERGNE RHONE ALPES,0
2026-01-09,DOUAI,LILLE (intramuros),1
2026-01-09,LE CREUSOT MONTCEAU MONTCHANIN,AEROPORT ROISSY CDG 2 TGV,1
2026-01-09,LE CREUSOT MONTCEAU MONTCHANIN,BRUXELLES MIDI,1
2026-01-09,LE CREUSOT MONTCEAU MONTCHANIN,LILLE (intramuros),1
2026-01-09,LE CREUSOT MONTCEAU MONTCHANIN,MARNE LA VALLEE CHESSY,1
2026-01-09,LILLE (intramuros),AEROPORT ROISSY CDG 2 TGV,1
2026-01-09,LILLE (intramuros),AGDE,0
2026-01-09,LILLE (intramuros),AIX EN PROVENCE TGV,0
2026-01-09,LILLE (intramuros),ARRAS,1
2026-01-09,LILLE (intramuros),AVIGNON TGV,0
2026-01-09,LILLE (intramuros),BEZIERS,0
2026-01-09,LILLE (intramuros),BRUXELLES MIDI,1
2026-01-09,LILLE (intramuros),LYON (intramuros),0
2026-01-09,LILLE (intramuros),MARNE LA VALLEE CHESSY,1
2026-01-09,LILLE (intramuros),MARSEILLE ST CHARLES,0
2026-01-09,LILLE (intramuros),MONTPELLIER SAINT ROCH,0
2026-01-09,LILLE (intramuros),MONTPELLIER SUD DE FRANCE,0
2026-01-09,LILLE (intramuros),NARBONNE,0
2026-01-09,LILLE (intramuros),NIMES CENTRE,0
2026-01-09,LILLE (intramuros),NIMES PONT DU GARD,0
2026-01-09,LILLE (intramuros),PERPIGNAN,0
2026-01-09,LILLE (intramuros),SETE,0
2026-01-09,LILLE (intramuros),TGV HAUTE PICARDIE,1
2026-01-09,LILLE (intramuros),VALENCE TGV AUVERGNE RHONE ALPES,0
2026-01-09,LYON (intramuros),AEROPORT ROISSY CDG 2 TGV,1
2026-01-09,LYON (intramuros),AGDE,0
2026-01-09,LYON (intramuros),AIX EN PROVENCE TGV,1
2026-01-09,LYON (intramuros),ARRAS,0
2026-01-09,LYON (intramuros),AVIGNON TGV,1
2026-01-09,LYON (intramuros),BEZIERS,0
2026-01-09,LYON (intramuros),BRUXELLES MIDI,1
2026-01-09,LYON (intramuros),DOUAI,0
2026-01-09,LYON (intramuros),LE CREUSOT MONTCEAU MONTCHANIN,1
2026-01-09,LYON (intramuros),LILLE (intramuros),1
2026-01-09,LYON (intramuros),LYON (intramuros),1
2026-01-09,LYON (intramuros),MARNE LA VALLEE CHESSY,1
2026-01-09,LYON (intramuros),MARSEILLE ST CHARLES,1
2026-01-09,LYON (intramuros),MONTPELLIER SAINT ROCH,1
2026-01-09,LYON (intramuros),MONTPELLIER SUD DE FRANCE,0
2026-01-09,LYON (intramuros),NARBONNE,0
2026-01-09,LYON (intramuros),NIMES CENTRE,1
2026-01-09,LYON (intramuros),NIMES PONT DU GARD,0
2026-01-09,LYON (intramuros),PERPIGNAN,0
2026-01-09,LYON (intramuros),SETE,0
2026-01-09,LYON (intramuros),TGV HAUTE PICARDIE,0
2026-01-09,LYON (intramuros),VALENCE TGV AUVERGNE RHONE ALPES,1
2026-01-09,MARNE LA VALLEE CHESSY,AEROPORT ROISSY CDG 2 TGV,1
2026-01-09,MARNE LA VALLEE CHESSY,AGDE,0
2026-01-09,MARNE LA VALLEE CHESSY,AIX EN PROVENCE TGV,0
2026-01-09,MARNE LA VALLEE CHESSY,ARRAS,1
2026-01-09,MARNE LA VALLEE CHESSY,AVIGNON TGV,0
2026-01-09,MARNE LA VALLEE CHESSY,BEZIERS,0
2026-01-09,MARNE LA VALLEE CHESSY,BRUXELLES MIDI,1
2026-01-09,MARNE LA VALLEE CHESSY,DOUAI,1
2026-01-09,MARNE LA VALLEE CHESSY,LILLE (intramuros),1
2026-01-09,MARNE LA VALLEE CHESSY,LYON (intramuros),0
2026-01-09,MARNE LA VALLEE CHESSY,MARSEILLE ST CHARLES,0
2026-01-09,MARNE LA VALLEE CHESSY,MONTPELLIER SAINT ROCH,0
2026-01-09,MARNE LA VALLEE CHESSY,MONTPELLIER SUD DE FRANCE,0
2026-01-09,MARNE LA VALLEE CHESSY,NARBONNE,0
2026-01-09,MARNE LA VALLEE CHESSY,NIMES CENTRE,0
2026-01-09,MARNE LA VALLEE CHESSY,NIMES PONT DU GARD,0
2026-01-09,MARNE LA VALLEE CHESSY,PERPIGNAN,0
2026-01-09,MARNE LA VALLEE CHESSY,SETE,0
2026-01-09,MARNE LA VALLEE CHESSY,TGV HAUTE PICARDIE,1
2026-01-09,MARNE LA VALLEE CHESSY,VALENCE TGV AUVERGNE RHONE ALPES,0
2026-01-09,MARSEILLE ST CHARLES,AEROPORT ROISSY CDG 2 TGV,1
2026-01-09,MARSEILLE ST CHARLES,AIX EN PROVENCE TGV,1
2026-01-09,MARSEILLE ST CHARLES,AVIGNON TGV,1
2026-01-09,MARSEILLE ST CHARLES,BRUXELLES MIDI,0
2026-01-09,MARSEILLE ST CHARLES,LILLE (intramuros),1
2026-01-09,MARSEILLE ST CHARLES,LYON (intramuros),1
2026-01-09,MARSEILLE ST CHARLES,MARNE LA VALLEE CHESSY,1
2026-01-09,MONTPELLIER SAINT ROCH,AEROPORT ROISSY CDG 2 TGV,0
2026-01-09,MONTPELLIER SAINT ROCH,AGDE,0
2026-01-09,MONTPELLIER SAINT ROCH,BEZIERS,0
2026-01-09,MONTPELLIER SAINT ROCH,BRUXELLES MIDI,0
2026-01-09,MONTPELLIER SAINT ROCH,LILLE (intramuros),0
2026-01-09,MONTPELLIER SAINT ROCH,LYON (intramuros),0
2026-01-09,MONTPELLIER SAINT ROCH,MARNE LA VALLEE CHESSY,0
2026-01-09,MONTPELLIER SAINT ROCH,NARBONNE,0
2026-01-09,MONTPELLIER SAINT ROCH,NIMES CENTRE,0
2026-01-09,MONTPELLIER SAINT ROCH,PERPIGNAN,0
2026-01-09,MONTPELLIER SAINT ROCH,SETE,0
2026-01-09,MONTPELLIER SAINT ROCH,VALENCE TGV AUVERGNE RHONE ALPES,0
2026-01-09,MONTPELLIER SUD DE FRANCE,AEROPORT ROISSY CDG 2 TGV,0
2026-01-09,MONTPELLIER SUD DE FRANCE,ARRAS,0
2026-01-09,MONTPELLIER SUD DE FRANCE,BRUXELLES MIDI,0
2026-01-09,MONTPELLIER SUD DE FRANCE,LILLE (intramuros),0
2026-01-09,MONTPELLIER SUD DE FRANCE,LYON (intramuros),0
2026-01-09,MONTPELLIER SUD DE FRANCE,MARNE LA VALLEE CHESSY,0
2026-01-09,MONTPELLIER SUD DE FRANCE,NIMES PONT DU GARD,0
2026-01-09,MONTPELLIER SUD DE FRANCE,TGV HAUTE PICARDIE,0
2026-01-09,MONTPELLIER SUD DE FRANCE,VALENCE TGV AUVERGNE RHONE ALPES,0
2026-01-09,NARBONNE,PERPIGNAN,0
2026-01-09,NIMES CENTRE,AEROPORT ROISSY CDG 2 TGV,0
2026-01-09,NIMES CENTRE,AGDE,0
2026-01-09,NIMES CENTRE,BEZIERS,0
2026-01-09,NIMES CENTRE,BRUXELLES MIDI,0
2026-01-09,NIMES CENTRE,LILLE (intramuros),0
2026-01-09,NIMES CENTRE,LYON (intramuros),0
2026-01-09,NIMES CENTRE,MARNE LA VALLEE CHESSY,0
2026-01-09,NIMES CENTRE,MONTPELLIER SAINT ROCH,1
2026-01-09,NIMES CENTRE,NARBONNE,0
2026-01-09,NIMES CENTRE,PERPIGNAN,0
2026-01-09,NIMES CENTRE,SETE,0
2026-01-09,NIMES CENTRE,VALENCE TGV AUVERGNE RHONE ALPES,0
2026-01-09,NIMES PONT DU GARD,AEROPORT ROISSY CDG 2 TGV,0
2026-01-09,NIMES PONT DU GARD,ARRAS,0
2026-01-09,NIMES PONT DU GARD,BRUXELLES MIDI,0
2026-01-09,NIMES PONT DU GARD,LILLE (intramuros),0
2026-01-09,NIMES PONT DU GARD,LYON (intramuros),0
2026-01-09,NIMES PONT DU GARD,MARNE LA VALLEE CHESSY,0
2026-01-09,NIMES PONT DU GARD,MONTPELLIER SUD DE FRANCE,0
2026-01-09,NIMES PONT DU GARD,TGV HAUTE PICARDIE,0
2026-01-09,NIMES PONT DU GARD,VALENCE TGV AUVERGNE RHONE ALPES,0
2026-01-09,PARIS (intramuros),AIX EN PROVENCE TGV,1
2026-01-09,PARIS (intramuros),AVIGNON TGV,1
2026-01-09,PARIS (intramuros),MARSEILLE ST CHARLES,1
2026-01-09,SETE,AGDE,0
2026-01-09,SETE,BEZIERS,0
2026-01-09,SETE,NARBONNE,0
2026-01-09,SETE,PERPIGNAN,0
2026-01-09,TGV HAUTE PICARDIE,AEROPORT ROISSY CDG 2 TGV,1
2026-01-09,TGV HAUTE PICARDIE,AIX EN PROVENCE TGV,0
2026-01-09,TGV HAUTE PICARDIE,ARRAS,1
2026-01-09,TGV HAUTE PICARDIE,AVIGNON TGV,0
2026-01-09,TGV HAUTE PICARDIE,BRUXELLES MIDI,0
2026-01-09,TGV HAUTE PICARDIE,DOUAI,1
2026-01-09,TGV HAUTE PICARDIE,LILLE (intramuros),1
2026-01-09,TGV HAUTE PICARDIE,LYON (intramuros),0
2026-01-09,TGV HAUTE PICARDIE,MARNE LA VALLEE CHESSY,1
2026-01-09,TGV HAUTE PICARDIE,MARSEILLE ST CHARLES,0
2026-01-09,TGV HAUTE PICARDIE,VALENCE TGV AUVERGNE RHONE ALPES,0
2026-01-09,VALENCE TGV AUVERGNE RHONE ALPES,AEROPORT ROISSY CDG 2 TGV,0
2026-01-09,VALENCE TGV AUVERGNE RHONE ALPES,AGDE,0
2026-01-09,VALENCE TGV AUVERGNE RHONE ALPES,AIX EN PROVENCE TGV,0
2026-01-09,VALENCE TGV AUVERGNE RHONE ALPES,ARRAS,0
2026-01-09,VALENCE TGV AUVERGNE RHONE ALPES,AVIGNON TGV,1
2026-01-09,VALENCE TGV AUVERGNE RHONE ALPES,BEZIERS,0
2026-01-09,VALENCE TGV AUVERGNE RHONE ALPES,BRUXELLES MIDI,0
2026-01-09,VALENCE TGV AUVERGNE RHONE ALPES,LILLE (intramuros),0
2026-01-09,VALENCE TGV AUVERGNE RHONE ALPES,LYON (intramuros),0
2026-01-09,VALENCE TGV AUVERGNE RHONE ALPES,MARNE LA VALLEE CHESSY,0
2026-01-09,VALENCE TGV AUVERGNE RHONE ALPES,MARSEILLE ST CHARLES,1
2026-01-09,VALENCE TGV AUVERGNE RHONE ALPES,MONTPELLIER SAINT ROCH,1
2026-01-09,VALENCE TGV AUVERGNE RHONE ALPES,MONTPELLIER SUD DE FRANCE,0
2026-01-09,VALENCE TGV AUVERGNE RHONE ALPES,NARBONNE,0
2026-01-09,VALENCE TGV AUVERGNE RHONE ALPES,NIMES CENTRE,1
2026-01-09,VALENCE TGV AUVERGNE RHONE ALPES,NIMES PONT DU GARD,0
2026-01-09,VALENCE TGV AUVERGNE RHONE ALPES,PERPIGNAN,0
2026-01-09,VALENCE TGV AUVERGNE RHONE ALPES,SETE,0
2026-01-09,VALENCE TGV AUVERGNE RHONE ALPES,TGV HAUTE PICARDIE,0
2026-01-10,AEROPORT ROISSY CDG 2 TGV,AGDE,0
2026-01-10,AEROPORT ROISSY CDG 2 TGV,AIME LA PLAGNE,0
2026-01-10,AEROPORT ROISSY CDG 2 TGV,AIX EN PROVENCE TGV,0
2026-01-10,AEROPORT ROISSY CDG 2 TGV,ALBERTVILLE,0
2026-01-10,AEROPORT ROISSY CDG 2 TGV,ARRAS,0
2026-01-10,AEROPORT ROISSY CDG 2 TGV,AVIGNON TGV,0
2026-01-10,AEROPORT ROISSY CDG 2 TGV,BEZIERS,0
2026-01-10,AEROPORT ROISSY CDG 2 TGV,BOURG SAINT MAURICE,0
2026-01-10,AEROPORT ROISSY CDG 2 TGV,BRUXELLES MIDI,1
2026-01-10,AEROPORT ROISSY CDG 2 TGV,CHAMBERY CHALLES LES EAUX,0
2026-01-10,AEROPORT ROISSY CDG 2 TGV,DOUAI,0
2026-01-10,AEROPORT ROISSY CDG 2 TGV,LANDRY,0
2026-01-10,AEROPORT ROISSY CDG 2 TGV,LILLE (intramuros),1
2026-01-10,AEROPORT ROISSY CDG 2 TGV,LYON (intramuros),0
2026-01-10,AEROPORT ROISSY CDG 2 TGV,MARNE LA VALLEE CHESSY,0
2026-01-10,AEROPORT ROISSY CDG 2 TGV,MARSEILLE ST CHARLES,0
2026-01-10,AEROPORT ROISSY CDG 2 TGV,MONTPELLIER SAINT ROCH,0
2026-01-10,AEROPORT ROISSY CDG 2 TGV,MONTPELLIER SUD DE FRANCE,0
2026-01-10,AEROPORT ROISSY CDG 2 TGV,MOUTIERS SALINS BRIDES LES BAINS,0
2026-01-10,AEROPORT ROISSY CDG 2 TGV,NARBONNE,0
2026-01-10,AEROPORT ROISSY CDG 2 TGV,NIMES CENTRE,0
2026-01-10,AEROPORT ROISSY CDG 2 TGV,NIMES PONT DU GARD,0
2026-01-10,AEROPORT ROISSY CDG 2 TGV,PERPIGNAN,0
2026-01-10,AEROPORT ROISSY CDG 2 TGV,SETE,0
2026-01-10,AEROPORT ROISSY CDG 2 TGV,TGV HAUTE PICARDIE,0
2026-01-10,AEROPORT ROISSY CDG 2 TGV,VALENCE TGV AUVERGNE RHONE ALPES,0
2026-01-10,AGDE,AEROPORT ROISSY CDG 2 TGV,0
2026-01-10,AGDE,ARRAS,0
2026-01-10,AGDE,BEZIERS,1
2026-01-10,AGDE,BRUXELLES MIDI,0
2026-01-10,AGDE,LILLE (intramuros),0
2026-01-10,AGDE,LYON (intramuros),0
2026-01-10,AGDE,MARNE LA VALLEE CHESSY,0
2026-01-10,AGDE,MONTPELLIER SAINT ROCH,0
2026-01-10,AGDE,NARBONNE,1
2026-01-10,AGDE,NIMES CENTRE,0
2026-01-10,AGDE,PERPIGNAN,1
2026-01-10,AGDE,SETE,0
2026-01-10,AGDE,TGV HAUTE PICARDIE,0
2026-01-10,AGDE,VALENCE TGV AUVERGNE RHONE ALPES,0
2026-01-10,AIME LA PLAGNE,AEROPORT ROISSY CDG 2 TGV,0
2026-01-10,AIME LA PLAGNE,ALBERTVILLE,0
2026-01-10,AIME LA PLAGNE,ARRAS,0
2026-01-10,AIME LA PLAGNE,BOURG SAINT MAURICE,0
2026-01-10,AIME LA PLAGNE,CHAMBERY CHALLES LES EAUX,0
2026-01-10,AIME LA PLAGNE,DOUAI,0
2026-01-10,AIME LA PLAGNE,LANDRY,0
2026-01-10,AIME LA PLAGNE,LILLE (intramuros),0
2026-01-10,AIME LA PLAGNE,MARNE LA VALLEE CHESSY,0
2026-01-10,AIME LA PLAGNE,MOUTIERS SALINS BRIDES LES BAINS,0
2026-01-10,AIME LA PLAGNE,TGV HAUTE PICARDIE,0
2026-01-10,AIX EN PROVENCE TGV,AEROPORT ROISSY CDG 2 TGV,1
2026-01-10,AIX EN PROVENCE TGV,AVIGNON TGV,1
2026-01-10,AIX EN PROVENCE TGV,BRUXELLES MIDI,1
2026-01-10,AIX EN PROVENCE TGV,LILLE (intramuros),1
2026-01-10,AIX EN PROVENCE TGV,LYON (intramuros),1
2026-01-10,AIX EN PROVENCE TGV,MARNE LA VALLEE CHESSY,1
2026-01-10,AIX EN PROVENCE TGV,MARSEILLE ST CHARLES,1
2026-01-10,ALBERTVILLE,AEROPORT ROISSY CDG 2 TGV,0
2026-01-10,ALBERTVILLE,AIME LA PLAGNE,0
2026-01-10,ALBERTVILLE,ARRAS,0
2026-01-10,ALBERTVILLE,BOURG SAINT MAURICE,0
2026-01-10,ALBERTVILLE,CHAMBERY CHALLES LES EAUX,0
2026-01-10,ALBERTVILLE,DOUAI,0
2026-01-10,ALBERTVILLE,LANDRY,0
2026-01-10,ALBERTVILLE,LILLE (intramuros),0
2026-01-10,ALBERTVILLE,MARNE LA VALLEE CHESSY,0
2026-01-10,ALBERTVILLE,MOUTIERS SALINS BRIDES LES BAINS,0
2026-01-10,ALBERTVILLE,TGV HAUTE PICARDIE,0
2026-01-10,ARRAS,AEROPORT ROISSY CDG 2 TGV,0
2026-01-10,ARRAS,AIME LA PLAGNE,0
2026-01-10,ARRAS,ALBERTVILLE,0
2026-01-10,ARRAS,BOURG SAINT MAURICE,0
2026-01-10,ARRAS,BRUXELLES MIDI,0
2026-01-10,ARRAS,CHAMBERY CHALLES LES EAUX,0
2026-01-10,ARRAS,DOUAI,0
2026-01-10,ARRAS,LANDRY,0
2026-01-10,ARRAS,LILLE (intramuros),1
2026-01-10,ARRAS,MARNE LA VALLEE CHESSY,0
2026-01-10,ARRAS,MOUTIERS SALINS BRIDES LES BAINS,0
2026-01-10,ARRAS,TGV HAUTE PICARDIE,0
2026-01-10,AVIGNON TGV,AEROPORT ROISSY CDG 2 TGV,1
2026-01-10,AVIGNON TGV,AIX EN PROVENCE TGV,1
2026-01-10,AVIGNON TGV,BRUXELLES MIDI,1
2026-01-10,AVIGNON TGV,LILLE (intramuros),1
2026-01-10,AVIGNON TGV,LYON (intramuros),1
2026-01-10,AVIGNON TGV,MARNE LA VALLEE CHESSY,1
2026-01-10,AVIGNON TGV,MARSEILLE ST CHARLES,1
2026-01-10,BEZIERS,AEROPORT ROISSY CDG 2 TGV,0
2026-01-10,BEZIERS,AGDE,0
2026-01-10,BEZIERS,ARRAS,0
2026-01-10,BEZIERS,BRUXELLES MIDI,0
2026-01-10,BEZIERS,LILLE (intramuros),0
2026-01-10,BEZIERS,LYON (intramuros),0
2026-01-10,BEZIERS,MARNE LA VALLEE CHESSY,0
2026-01-10,BEZIERS,MONTPELLIER SAINT ROCH,0
2026-01-10,BEZIERS,NARBONNE,1
2026-01-10,BEZIERS,NIMES CENTRE,0
2026-01-10,BEZIERS,PERPIGNAN,1
2026-01-10,BEZIERS,SETE,0
2026-01-10,BEZIERS,TGV HAUTE PICARDIE,0
2026-01-10,BEZIERS,VALENCE TGV AUVERGNE RHONE ALPES,0
2026-01-10,BOURG SAINT MAURICE,AEROPORT ROISSY CDG 2 TGV,0
2026-01-10,BOURG SAINT MAURICE,AIME LA PLAGNE,0
2026-01-10,BOURG SAINT MAURICE,ALBERTVILLE,0
2026-01-10,BOURG SAINT MAURICE,ARRAS,0
2026-01-10,BOURG SAINT MAURICE,CHAMBERY CHALLES LES EAUX,0
2026-01-10,BOURG SAINT MAURICE,DOUAI,0
2026-01-10,BOURG SAINT MAURICE,LANDRY,0
2026-01-10,BOURG SAINT MAURICE,LILLE (intramuros),0
2026-01-10,BOURG SAINT MAURICE,MARNE LA VALLEE CHESSY,0
2026-01-10,BOURG SAINT MAURICE,MOUTIERS SALINS BRIDES LES BAINS,0
2026-01-10,BOURG SAINT MAURICE,TGV HAUTE PICARDIE,0
2026-01-10,BRUXELLES MIDI,AEROPORT ROISSY CDG 2 TGV,1
2026-01-10,BRUXELLES MIDI,AGDE,0
2026-01-10,BRUXELLES MIDI,AIX EN PROVENCE TGV,0
2026-01-10,BRUXELLES MIDI,AVIGNON TGV,0
2026-01-10,BRUXELLES MIDI,BEZIERS,0
2026-01-10,BRUXELLES MIDI,LILLE (intramuros),1
2026-01-10,BRUXELLES MIDI,LYON (intramuros),0
2026-01-10,BRUXELLES MIDI,MARNE LA VALLEE CHESSY,1
2026-01-10,BRUXELLES MIDI,MARSEILLE ST CHARLES,0
2026-01-10,BRUXELLES MIDI,MONTPELLIER SAINT ROCH,0
2026-01-10,BRUXELLES MIDI,MONTPELLIER SUD DE FRANCE,0
2026-01-10,BRUXELLES MIDI,NARBONNE,0
2026-01-10,BRUXELLES MIDI,NIMES CENTRE,0
2026-01-10,BRUXELLES MIDI,NIMES PONT DU GARD,0
2026-01-10,BRUXELLES MIDI,PERPIGNAN,0
2026-01-10,BRUXELLES MIDI,SETE,0
2026-01-10,BRUXELLES MIDI,TGV HAUTE PICARDIE,1
2026-01-10,BRUXELLES MIDI,VALENCE TGV AUVERGNE RHONE ALPES,0
2026-01-10,CHAMBERY CHALLES LES EAUX,AEROPORT ROISSY CDG 2 TGV,0
2026-01-10,CHAMBERY CHALLES LES EAUX,AIME LA PLAGNE,0
2026-01-10,CHAMBERY CHALLES LES EAUX,ALBERTVILLE,0
2026-01-10,CHAMBERY CHALLES LES EAUX,ARRAS,0
2026-01-10,CHAMBERY CHALLES LES EAUX,BOURG SAINT MAURICE,0
2026-01-10,CHAMBERY CHALLES LES EAUX,DOUAI,0
2026-01-10,CHAMBERY CHALLES LES EAUX,LANDRY,0
2026-01-10,CHAMBERY CHALLES LES EAUX,LILLE (intramuros),0
2026-01-10,CHAMBERY CHALLES LES EAUX,MARNE LA VALLEE CHESSY,0
2026-01-10,CHAMBERY CHALLES LES EAUX,MOUTIERS SALINS BRIDES LES BAINS,0
2026-01-10,CHAMBERY CHALLES LES EAUX,TGV HAUTE PICARDIE,0
2026-01-10,DOUAI,AEROPORT ROISSY CDG 2 TGV,0
2026-01-10,DOUAI,AIME LA PLAGNE,0
2026-01-10,DOUAI,ALBERTVILLE,0
2026-01-10,DOUAI,ARRAS,0
2026-01-10,DOUAI,BOURG SAINT MAURICE,0
2026-01-10,DOUAI,CHAMBERY CHALLES LES EAUX,0
2026-01-10,DOUAI,LANDRY,0
2026-01-10,DOUAI,LILLE (intramuros),0
2026-01-10,DOUAI,MARNE LA VALLEE CHESSY,0
2026-01-10,DOUAI,MOUTIERS SALINS BRIDES LES BAINS,0
2026-01-10,DOUAI,TGV HAUTE PICARDIE,0
2026-01-10,LANDRY,AEROPORT ROISSY CDG 2 TGV,0
2026-01-10,LANDRY,AIME LA PLAGNE,0
2026-01-10,LANDRY,ALBERTVILLE,0
2026-01-10,LANDRY,ARRAS,0
2026-01-10,LANDRY,BOURG SAINT MAURICE,0
2026-01-10,LANDRY,CHAMBERY CHALLES LES EAUX,0
2026-01-10,LANDRY,DOUAI,0
2026-01-10,LANDRY,LILLE (intramuros),0
2026-01-10,LANDRY,MARNE LA VALLEE CHESSY,0
2026-01-10,LANDRY,MOUTIERS SALINS BRIDES LES BAINS,0
2026-01-10,LANDRY,TGV HAUTE PICARDIE,0
2026-01-10,LE CREUSOT MONTCEAU MONTCHANIN,AEROPORT ROISSY CDG 2 TGV,0
2026-01-10,LE CREUSOT MONTCEAU MONTCHANIN,BRUXELLES MIDI,0
2026-01-10,LE CREUSOT MONTCEAU MONTCHANIN,LILLE (intramuros),0
2026-01-10,LE CREUSOT MONTCEAU MONTCHANIN,MARNE LA VALLEE CHESSY,0
2026-01-10,LILLE (intramuros),AEROPORT ROISSY CDG 2 TGV,1
2026-01-10,LILLE (intramuros),AGDE,0
2026-01-10,LILLE (intramuros),AIME LA PLAGNE,0
2026-01-10,LILLE (intramuros),AIX EN PROVENCE TGV,0
2026-01-10,LILLE (intramuros),ALBERTVILLE,0
2026-01-10,LILLE (intramuros),ARRAS,0
2026-01-10,LILLE (intramuros),AVIGNON TGV,0
2026-01-10,LILLE (intramuros),BEZIERS,0
2026-01-10,LILLE (intramuros),BOURG SAINT MAURICE,0
2026-01-10,LILLE (intramuros),BRUXELLES MIDI,1
2026-01-10,LILLE (intramuros),CHAMBERY CHALLES LES EAUX,0
2026-01-10,LILLE (intramuros),DOUAI,0
2026-01-10,LILLE (intramuros),LANDRY,0
2026-01-10,LILLE (intramuros),LYON (intramuros),0
2026-01-10,LILLE (intramuros),MARNE LA VALLEE CHESSY,1
2026-01-10,LILLE (intramuros),MARSEILLE ST CHARLES,0
2026-01-10,LILLE (intramuros),MONTPELLIER SAINT ROCH,0
2026-01-10,LILLE (intramuros),MONTPELLIER SUD DE FRANCE,0
2026-01-10,LILLE (intramuros),MOUTIERS SALINS BRIDES LES BAINS,0
2026-01-10,LILLE (intramuros),NARBONNE,0
2026-01-10,LILLE (intramuros),NIMES CENTRE,0
2026-01-10,LILLE (intramuros),NIMES PONT DU GARD,0
2026-01-10,LILLE (intramuros),PERPIGNAN,0
2026-01-10,LILLE (intramuros),SETE,0
2026-01-10,LILLE (intramuros),TGV HAUTE PICARDIE,1
2026-01-10,LILLE (intramuros),VALENCE TGV AUVERGNE RHONE ALPES,0
2026-01-10,LYON (intramuros),AEROPORT ROISSY CDG 2 TGV,1
2026-01-10,LYON (intramuros),AGDE,1
2026-01-10,LYON (intramuros),AIX EN PROVENCE TGV,1
2026-01-10,LYON (intramuros),ARRAS,0
2026-01-10,LYON (intramuros),AVIGNON TGV,1
2026-01-10,LYON (intramuros),BEZIERS,1
2026-01-10,LYON (intramuros),BRUXELLES MIDI,0
2026-01-10,LYON (intramuros),LE CREUSOT MONTCEAU MONTCHANIN,1
2026-01-10,LYON (intramuros),LILLE (intramuros),1
2026-01-10,LYON (intramuros),LYON (intramuros),1
2026-01-10,LYON (intramuros),MARNE LA VALLEE CHESSY,1
2026-01-10,LYON (intramuros),MARSEILLE ST CHARLES,1
2026-01-10,LYON (intramuros),MONTPELLIER SAINT ROCH,1
2026-01-10,LYON (intramuros),MONTPELLIER SUD DE FRANCE,1
2026-01-10,LYON (intramuros),NARBONNE,1
2026-01-10,LYON (intramuros),NIMES CENTRE,1
2026-01-10,LYON (intramuros),NIMES PONT DU GARD,1
2026-01-10,LYON (intramuros),PERPIGNAN,1
2026-01-10,LYON (intramuros),SETE,1
2026-01-10,LYON (intramuros),TGV HAUTE PICARDIE,0
2026-01-10,LYON (intramuros),VALENCE TGV AUVERGNE RHONE ALPES,1
2026-01-10,MARNE LA VALLEE CHESSY,AEROPORT ROISSY CDG 2 TGV,1
2026-01-10,MARNE LA VALLEE CHESSY,AGDE,0
2026-01-10,MARNE LA VALLEE CHESSY,AIME LA PLAGNE,0
2026-01-10,MARNE LA VALLEE CHESSY,AIX EN PROVENCE TGV,0
2026-01-10,MARNE LA VALLEE CHESSY,ALBERTVILLE,0
2026-01-10,MARNE LA VALLEE CHESSY,ARRAS,0
2026-01-10,MARNE LA VALLEE CHESSY,AVIGNON TGV,0
2026-01-10,MARNE LA VALLEE CHESSY,BEZIERS,0
2026-01-10,MARNE LA VALLEE CHESSY,BOURG SAINT MAURICE,0
2026-01-10,MARNE LA VALLEE CHESSY,BRUXELLES MIDI,1
2026-01-10,MARNE LA VALLEE CHESSY,CHAMBERY CHALLES LES EAUX,0
2026-01-10,MARNE LA VALLEE CHESSY,DOUAI,0
2026-01-10,MARNE LA VALLEE CHESSY,LANDRY,0
2026-01-10,MARNE LA VALLEE CHESSY,LILLE (intramuros),1
2026-01-10,MARNE LA VALLEE CHESSY,LYON (intramuros),0
2026-01-10,MARNE LA VALLEE CHESSY,MARSEILLE ST CHARLES,0
2026-01-10,MARNE LA VALLEE CHESSY,MONTPELLIER SAINT ROCH,0
2026-01-10,MARNE LA VALLEE CHESSY,MONTPELLIER SUD DE FRANCE,0
2026-01-10,MARNE LA VALLEE CHESSY,MOUTIERS SALINS BRIDES LES BAINS,0
2026-01-10,MARNE LA VALLEE CHESSY,NARBONNE,0
2026-01-10,MARNE LA VALLEE CHESSY,NIMES CENTRE,0
2026-01-10,MARNE LA VALLEE CHESSY,NIMES PONT DU GARD,0
2026-01-10,MARNE LA VALLEE CHESSY,PERPIGNAN,0
2026-01-10,MARNE LA VALLEE CHESSY,SETE,0
2026-01-10,MARNE LA VALLEE CHESSY,TGV HAUTE PICARDIE,0
2026-01-10,MARNE LA VALLEE CHESSY,VALENCE TGV AUVERGNE RHONE ALPES,0
2026-01-10,MARSEILLE ST CHARLES,AEROPORT ROISSY CDG 2 TGV,1
2026-01-10,MARSEILLE ST CHARLES,AIX EN PROVENCE TGV,1
2026-01-10,MARSEILLE ST CHARLES,AVIGNON TGV,1
2026-01-10,MARSEILLE ST CHARLES,BRUXELLES MIDI,1
2026-01-10,MARSEILLE ST CHARLES,LILLE (intramuros),1
2026-01-10,MARSEILLE ST CHARLES,LYON (intramuros),1
2026-01-10,MARSEILLE ST CHARLES,MARNE LA VALLEE CHESSY,1
2026-01-10,MONTPELLIER SAINT ROCH,AEROPORT ROISSY CDG 2 TGV,0
2026-01-10,MONTPELLIER SAINT ROCH,AGDE,1
2026-01-10,MONTPELLIER SAINT ROCH,ARRAS,0
2026-01-10,MONTPELLIER SAINT ROCH,BEZIERS,1
2026-01-10,MONTPELLIER SAINT ROCH,BRUXELLES MIDI,0
2026-01-10,MONTPELLIER SAINT ROCH,LILLE (intramuros),0
2026-01-10,MONTPELLIER SAINT ROCH,LYON (intramuros),1
2026-01-10,MONTPELLIER SAINT ROCH,MARNE LA VALLEE CHESSY,0
2026-01-10,MONTPELLIER SAINT ROCH,NARBONNE,1
2026-01-10,MONTPELLIER SAINT ROCH,NIMES CENTRE,1
2026-01-10,MONTPELLIER SAINT ROCH,PERPIGNAN,1
2026-01-10,MONTPELLIER SAINT ROCH,SETE,1
2026-01-10,MONTPELLIER SAINT ROCH,TGV HAUTE PICARDIE,0
2026-01-10,MONTPELLIER SAINT ROCH,VALENCE TGV AUVERGNE RHONE ALPES,1
2026-01-10,MONTPELLIER SUD DE FRANCE,AEROPORT ROISSY CDG 2 TGV,1
2026-01-10,MONTPELLIER SUD DE FRANCE,LILLE (intramuros),1
2026-01-10,MONTPELLIER SUD DE FRANCE,LYON (intramuros),1
2026-01-10,MONTPELLIER SUD DE FRANCE,MARNE LA VALLEE CHESSY,1
2026-01-10,MONTPELLIER SUD DE FRANCE,NIMES PONT DU GARD,1
2026-01-10,MONTPELLIER SUD DE FRANCE,VALENCE TGV AUVERGNE RHONE ALPES,1
2026-01-10,MOUTIERS SALINS BRIDES LES BAINS,AEROPORT ROISSY CDG 2 TGV,0
2026-01-10,MOUTIERS SALINS BRIDES LES BAINS,AIME LA PLAGNE,0
2026-01-10,MOUTIERS SALINS BRIDES LES BAINS,ALBERTVILLE,0
2026-01-10,MOUTIERS SALINS BRIDES LES BAINS,ARRAS,0
2026-01-10,MOUTIERS SALINS BRIDES LES BAINS,BOURG SAINT MAURICE,0
2026-01-10,MOUTIERS SALINS BRIDES LES BAINS,CHAMBERY CHALLES LES EAUX,0
2026-01-10,MOUTIERS SALINS BRIDES LES BAINS,DOUAI,0
2026-01-10,MOUTIERS SALINS BRIDES LES BAINS,LANDRY,0
2026-01-10,MOUTIERS SALINS BRIDES LES BAINS,LILLE (intramuros),0
2026-01-10,MOUTIERS SALINS BRIDES LES BAINS,MARNE LA VALLEE CHESSY,0
2026-01-10,MOUTIERS SALINS BRIDES LES BAINS,TGV HAUTE PICARDIE,0
2026-01-10,NARBONNE,AEROPORT ROISSY CDG 2 TGV,0
2026-01-10,NARBONNE,AGDE,0
2026-01-10,NARBONNE,ARRAS,0
2026-01-10,NARBONNE,BEZIERS,0
2026-01-10,NARBONNE,BRUXELLES MIDI,0
2026-01-10,NARBONNE,LILLE (intramuros),0
2026-01-10,NARBONNE,LYON (intramuros),0
2026-01-10,NARBONNE,MARNE LA VALLEE CHESSY,0
2026-01-10,NARBONNE,MONTPELLIER SAINT ROCH,0
2026-01-10,NARBONNE,NIMES CENTRE,0
2026-01-10,NARBONNE,PERPIGNAN,1
2026-01-10,NARBONNE,SETE,0
2026-01-10,NARBONNE,TGV HAUTE PICARDIE,0
2026-01-10,NARBONNE,VALENCE TGV AUVERGNE RHONE ALPES,0
2026-01-10,NIMES CENTRE,AEROPORT ROISSY CDG 2 TGV,0
2026-01-10,NIMES CENTRE,AGDE,1
2026-01-10,NIMES CENTRE,ARRAS,0
2026-01-10,NIMES CENTRE,BEZIERS,1
2026-01-10,NIMES CENTRE,BRUXELLES MIDI,0
2026-01-10,NIMES CENTRE,LILLE (intramuros),0
2026-01-10,NIMES CENTRE,LYON (intramuros),1
2026-01-10,NIMES CENTRE,MARNE LA VALLEE CHESSY,0
2026-01-10,NIMES CENTRE,MONTPELLIER SAINT ROCH,1
2026-01-10,NIMES CENTRE,NARBONNE,1
2026-01-10,NIMES CENTRE,PERPIGNAN,1
2026-01-10,NIMES CENTRE,SETE,1
2026-01-10,NIMES CENTRE,TGV HAUTE PICARDIE,0
2026-01-10,NIMES CENTRE,VALENCE TGV AUVERGNE RHONE ALPES,1
2026-01-10,NIMES PONT DU GARD,AEROPORT ROISSY CDG 2 TGV,1
2026-01-10,NIMES PONT DU GARD,LILLE (intramuros),1
2026-01-10,NIMES PONT DU GARD,LYON (intramuros),1
2026-01-10,NIMES PONT DU GARD,MARNE LA VALLEE CHESSY,1
2026-01-10,NIMES PONT DU GARD,MONTPELLIER SUD DE FRANCE,1
2026-01-10,NIMES PONT DU GARD,VALENCE TGV AUVERGNE RHONE ALPES,1
2026-01-10,PARIS (intramuros),AIX EN PROVENCE TGV,1
2026-01-10,PARIS (intramuros),AVIGNON TGV,1
2026-01-10,PARIS (intramuros),MARSEILLE ST CHARLES,1
2026-01-10,PERPIGNAN,AEROPORT ROISSY CDG 2 TGV,0
2026-01-10,PERPIGNAN,AGDE,0
2026-01-10,PERPIGNAN,ARRAS,0
2026-01-10,PERPIGNAN,BEZIERS,0
2026-01-10,PERPIGNAN,BRUXELLES MIDI,0
2026-01-10,PERPIGNAN,LILLE (intramuros),0
2026-01-10,PERPIGNAN,LYON (intramuros),0
2026-01-10,PERPIGNAN,MARNE LA VALLEE CHESSY,0
2026-01-10,PERPIGNAN,MONTPELLIER SAINT ROCH,0
2026-01-10,PERPIGNAN,NARBONNE,0
2026-01-10,PERPIGNAN,NIMES CENTRE,0
2026-01-10,PERPIGNAN,SETE,0
2026-01-10,PERPIGNAN,TGV HAUTE PICARDIE,0
2026-01-10,PERPIGNAN,VALENCE TGV AUVERGNE RHONE ALPES,0
2026-01-10,SETE,AEROPORT ROISSY CDG 2 TGV,0
2026-01-10,SETE,AGDE,1
2026-01-10,SETE,ARRAS,0
2026-01-10,SETE,BEZIERS,1
2026-01-10,SETE,BRUXELLES MIDI,0
2026-01-10,SETE,LILLE (intramuros),0
2026-01-10,SETE,LYON (intramuros),0
2026-01-10,SETE,MARNE LA VALLEE CHESSY,0
2026-01-10,SETE,MONTPELLIER SAINT ROCH,0
2026-01-10,SETE,NARBONNE,1
2026-01-10,SETE,NIMES CENTRE,0
2026-01-10,SETE,PERPIGNAN,1
2026-01-10,SETE,TGV HAUTE PICARDIE,0
2026-01-10,SETE,VALENCE TGV AUVERGNE RHONE ALPES,0
2026-01-10,TGV HAUTE PICARDIE,AEROPORT ROISSY CDG 2 TGV,0
2026-01-10,TGV HAUTE PICARDIE,AIME LA PLAGNE,0
2026-01-10,TGV HAUTE PICARDIE,ALBERTVILLE,0
2026-01-10,TGV HAUTE PICARDIE,ARRAS,1
2026-01-10,TGV HAUTE PICARDIE,AVIGNON TGV,0
2026-01-10,TGV HAUTE PICARDIE,BOURG SAINT MAURICE,0
2026-01-10,TGV HAUTE PICARDIE,BRUXELLES MIDI,0
2026-01-10,TGV HAUTE PICARDIE,CHAMBERY CHALLES LES EAUX,0
2026-01-10,TGV HAUTE PICARDIE,DOUAI,0
2026-01-10,TGV HAUTE PICARDIE,LANDRY,0
2026-01-10,TGV HAUTE PICARDIE,LILLE (intramuros),1
2026-01-10,TGV HAUTE PICARDIE,LYON (intramuros),0
2026-01-10,TGV HAUTE PICARDIE,MARNE LA VALLEE CHESSY,0
2026-01-10,TGV HAUTE PICARDIE,MARSEILLE ST CHARLES,0
2026-01-10,TGV HAUTE PICARDIE,MOUTIERS SALINS BRIDES LES BAINS,0
2026-01-10,TGV HAUTE PICARDIE,VALENCE TGV AUVERGNE RHONE ALPES,0
2026-01-10,VALENCE TGV AUVERGNE RHONE ALPES,AEROPORT ROISSY CDG 2 TGV,1
2026-01-10,VALENCE TGV AUVERGNE RHONE ALPES,AGDE,1
2026-01-10,VALENCE TGV AUVERGNE RHONE ALPES,AIX EN PROVENCE TGV,1
2026-01-10,VALENCE TGV AUVERGNE RHONE ALPES,ARRAS,0
2026-01-10,VALENCE TGV AUVERGNE RHONE ALPES,AVIGNON TGV,1
2026-01-10,VALENCE TGV AUVERGNE RHONE ALPES,BEZIERS,1
2026-01-10,VALENCE TGV AUVERGNE RHONE ALPES,BRUXELLES MIDI,0
2026-01-10,VALENCE TGV AUVERGNE RHONE ALPES,LILLE (intramuros),1
2026-01-10,VALENCE TGV AUVERGNE RHONE ALPES,LYON (intramuros),1
2026-01-10,VALENCE TGV AUVERGNE RHONE ALPES,MARNE LA VALLEE CHESSY,1
2026-01-10,VALENCE TGV AUVERGNE RHONE ALPES,MARSEILLE ST CHARLES,1
2026-01-10,VALENCE TGV AUVERGNE RHONE ALPES,MONTPELLIER SAINT ROCH,1
2026-01-10,VALENCE TGV AUVERGNE RHONE ALPES,MONTPELLIER SUD DE FRANCE,1
2026-01-10,VALENCE TGV AUVERGNE RHONE ALPES,NARBONNE,1
2026-01-10,VALENCE TGV AUVERGNE RHONE ALPES,NIMES CENTRE,1
2026-01-10,VALENCE TGV AUVERGNE RHONE ALPES,NIMES PONT DU GARD,1
2026-01-10,VALENCE TGV AUVERGNE RHONE ALPES,PERPIGNAN,1
2026-01-10,VALENCE TGV AUVERGNE RHONE ALPES,SETE,1
2026-01-10,VALENCE TGV AUVERGNE RHONE ALPES,TGV HAUTE PICARDIE,0
2026-01-11,AEROPORT ROISSY CDG 2 TGV,AIX EN PROVENCE TGV,0
2026-01-11,AEROPORT ROISSY CDG 2 TGV,ARRAS,1
2026-01-11,AEROPORT ROISSY CDG 2 TGV,AVIGNON TGV,0
2026-01-11,AEROPORT ROISSY CDG 2 TGV,BRUXELLES MIDI,0
2026-01-11,AEROPORT ROISSY CDG 2 TGV,DOUAI,0
2026-01-11,AEROPORT ROISSY CDG 2 TGV,LILLE (intramuros),1
2026-01-11,AEROPORT ROISSY CDG 2 TGV,LYON (intramuros),0
2026-01-11,AEROPORT ROISSY CDG 2 TGV,MARNE LA VALLEE CHESSY,0
2026-01-11,AEROPORT ROISSY CDG 2 TGV,MARSEILLE ST CHARLES,0
2026-01-11,AEROPORT ROISSY CDG 2 TGV,MONTPELLIER SAINT ROCH,0
2026-01-11,AEROPORT ROISSY CDG 2 TGV,MONTPELLIER SUD DE FRANCE,0
2026-01-11,AEROPORT ROISSY CDG 2 TGV,NIMES CENTRE,0
2026-01-11,AEROPORT ROISSY CDG 2 TGV,NIMES PONT DU GARD,0
2026-01-11,AEROPORT ROISSY CDG 2 TGV,TGV HAUTE PICARDIE,1
2026-01-11,AEROPORT ROISSY CDG 2 TGV,VALENCE TGV AUVERGNE RHONE ALPES,0
2026-01-11,AGDE,AEROPORT ROISSY CDG 2 TGV,0
2026-01-11,AGDE,ARRAS,0
2026-01-11,AGDE,BRUXELLES MIDI,0
2026-01-11,AGDE,LILLE (intramuros),0
2026-01-11,AGDE,LYON (intramuros),0
2026-01-11,AGDE,MARNE LA VALLEE CHESSY,0
2026-01-11,AGDE,MONTPELLIER SAINT ROCH,0
2026-01-11,AGDE,NIMES CENTRE,0
2026-01-11,AGDE,SETE,0
2026-01-11,AGDE,TGV HAUTE PICARDIE,0
2026-01-11,AGDE,VALENCE TGV AUVERGNE RHONE ALPES,0
2026-01-11,AIX EN PROVENCE TGV,AEROPORT ROISSY CDG 2 TGV,0
2026-01-11,AIX EN PROVENCE TGV,AVIGNON TGV,1
2026-01-11,AIX EN PROVENCE TGV,BRUXELLES MIDI,0
2026-01-11,AIX EN PROVENCE TGV,LILLE (intramuros),0
2026-01-11,AIX EN PROVENCE TGV,LYON (intramuros),1
2026-01-11,AIX EN PROVENCE TGV,MARNE LA VALLEE CHESSY,0
2026-01-11,AIX EN PROVENCE TGV,MARSEILLE ST CHARLES,0
2026-01-11,ARRAS,AEROPORT ROISSY CDG 2 TGV,0
2026-01-11,ARRAS,AIX EN PROVENCE TGV,0
2026-01-11,ARRAS,AVIGNON TGV,0
2026-01-11,ARRAS,BRUXELLES MIDI,0
2026-01-11,ARRAS,DOUAI,0
2026-01-11,ARRAS,LILLE (intramuros),1
2026-01-11,ARRAS,LYON (intramuros),0
2026-01-11,ARRAS,MARNE LA VALLEE CHESSY,0
2026-01-11,ARRAS,MARSEILLE ST CHARLES,0
2026-01-11,ARRAS,TGV HAUTE PICARDIE,0
2026-01-11,AVIGNON TGV,AEROPORT ROISSY CDG 2 TGV,0
2026-01-11,AVIGNON TGV,AIX EN PROVENCE TGV,0
2026-01-11,AVIGNON TGV,BRUXELLES MIDI,0
2026-01-11,AVIGNON TGV,LILLE (intramuros),0
2026-01-11,AVIGNON TGV,LYON (intramuros),1
2026-01-11,AVIGNON TGV,MARNE LA VALLEE CHESSY,0
2026-01-11,AVIGNON TGV,MARSEILLE ST CHARLES,0
2026-01-11,BEZIERS,AEROPORT ROISSY CDG 2 TGV,0
2026-01-11,BEZIERS,AGDE,0
2026-01-11,BEZIERS,ARRAS,0
2026-01-11,BEZIERS,BRUXELLES MIDI,0
2026-01-11,BEZIERS,LILLE (intramuros),0
2026-01-11,BEZIERS,LYON (intramuros),0
2026-01-11,BEZIERS,MARNE LA VALLEE CHESSY,0
2026-01-11,BEZIERS,MONTPELLIER SAINT ROCH,0
2026-01-11,BEZIERS,NIMES CENTRE,0
2026-01-11,BEZIERS,SETE,0
2026-01-11,BEZIERS,TGV HAUTE PICARDIE,0
2026-01-11,BEZIERS,VALENCE TGV AUVERGNE RHONE ALPES,0
2026-01-11,BRUXELLES MIDI,AEROPORT ROISSY CDG 2 TGV,0
2026-01-11,BRUXELLES MIDI,AIX EN PROVENCE TGV,0
2026-01-11,BRUXELLES MIDI,AVIGNON TGV,0
2026-01-11,BRUXELLES MIDI,LILLE (intramuros),0
2026-01-11,BRUXELLES MIDI,LYON (intramuros),0
2026-01-11,BRUXELLES MIDI,MARNE LA VALLEE CHESSY,0
2026-01-11,BRUXELLES MIDI,MARSEILLE ST CHARLES,0
2026-01-11,BRUXELLES MIDI,MONTPELLIER SAINT ROCH,0
2026-01-11,BRUXELLES MIDI,MONTPELLIER SUD DE FRANCE,0
2026-01-11,BRUXELLES MIDI,NIMES CENTRE,0
2026-01-11,BRUXELLES MIDI,NIMES PONT DU GARD,0
2026-01-11,BRUXELLES MIDI,TGV HAUTE PICARDIE,0
2026-01-11,BRUXELLES MIDI,VALENCE TGV AUVERGNE RHONE ALPES,0
2026-01-11,DOUAI,LILLE (intramuros),0
2026-01-11,LILLE (intramuros),AEROPORT ROISSY CDG 2 TGV,0
2026-01-11,LILLE (intramuros),AIX EN PROVENCE TGV,0
2026-01-11,LILLE (intramuros),ARRAS,0
2026-01-11,LILLE (intramuros),AVIGNON TGV,0
2026-01-11,LILLE (intramuros),BRUXELLES MIDI,1
2026-01-11,LILLE (intramuros),LYON (intramuros),0
2026-01-11,LILLE (intramuros),MARNE LA VALLEE CHESSY,0
2026-01-11,LILLE (intramuros),MARSEILLE ST CHARLES,0
2026-01-11,LILLE (intramuros),MONTPELLIER SAINT ROCH,0
2026-01-11,LILLE (intramuros),MONTPELLIER SUD DE FRANCE,0
2026-01-11,LILLE (intramuros),NIMES CENTRE,0
2026-01-11,LILLE (intramuros),NIMES PONT DU GARD,0
2026-01-11,LILLE (intramuros),TGV HAUTE PICARDIE,0
2026-01-11,LILLE (intramuros),VALENCE TGV AUVERGNE RHONE ALPES,0
2026-01-11,LYON (intramuros),AEROPORT ROISSY CDG 2 TGV,0
2026-01-11,LYON (intramuros),AIX EN PROVENCE TGV,0
2026-01-11,LYON (intramuros),ARRAS,0
2026-01-11,LYON (intramuros),AVIGNON TGV,0
2026-01-11,LYON (intramuros),BRUXELLES MIDI,0
2026-01-11,LYON (intramuros),DOUAI,0
2026-01-11,LYON (intramuros),LILLE (intramuros),0
2026-01-11,LYON (intramuros),LYON (intramuros),0
2026-01-11,LYON (intramuros),MARNE LA VALLEE CHESSY,0
2026-01-11,LYON (intramuros),MARSEILLE ST CHARLES,0
2026-01-11,LYON (intramuros),MONTPELLIER SAINT ROCH,0
2026-01-11,LYON (intramuros),MONTPELLIER SUD DE FRANCE,0
2026-01-11,LYON (intramuros),NIMES CENTRE,0
2026-01-11,LYON (intramuros),NIMES PONT DU GARD,0
2026-01-11,LYON (intramuros),TGV HAUTE PICARDIE,0
2026-01-11,LYON (intramuros),VALENCE TGV AUVERGNE RHONE ALPES,0
2026-01-11,MARNE LA VALLEE CHESSY,AEROPORT ROISSY CDG 2 TGV,0
2026-01-11,MARNE LA VALLEE CHESSY,AIX EN PROVENCE TGV,0
2026-01-11,MARNE LA VALLEE CHESSY,ARRAS,1
2026-01-11,MARNE LA VALLEE CHESSY,AVIGNON TGV,0
2026-01-11,MARNE LA VALLEE CHESSY,BRUXELLES MIDI,0
2026-01-11,MARNE LA VALLEE CHESSY,DOUAI,0
2026-01-11,MARNE LA VALLEE CHESSY,LILLE (intramuros),1
2026-01-11,MARNE LA VALLEE CHESSY,LYON (intramuros),0
2026-01-11,MARNE LA VALLEE CHESSY,MARSEILLE ST CHARLES,0
2026-01-11,MARNE LA VALLEE CHESSY,MONTPELLIER SAINT ROCH,0
2026-01-11,MARNE LA VALLEE CHESSY,MONTPELLIER SUD DE FRANCE,0
2026-01-11,MARNE LA VALLEE CHESSY,NIMES CENTRE,0
2026-01-11,MARNE LA VALLEE CHESSY,NIMES PONT DU GARD,0
2026-01-11,MARNE LA VALLEE CHESSY,TGV HAUTE PICARDIE,1
2026-01-11,MARNE LA VALLEE CHESSY,VALENCE TGV AUVERGNE RHONE ALPES,0
2026-01-11,MARSEILLE ST CHARLES,AEROPORT ROISSY CDG 2 TGV,0
2026-01-11,MARSEILLE ST CHARLES,AIX EN PROVENCE TGV,1
2026-01-11,MARSEILLE ST CHARLES,AVIGNON TGV,1
2026-01-11,MARSEILLE ST CHARLES,BRUXELLES MIDI,0
2026-01-11,MARSEILLE ST CHARLES,LILLE (intramuros),0
2026-01-11,MARSEILLE ST CHARLES,LYON (intramuros),1
2026-01-11,MARSEILLE ST CHARLES,MARNE LA VALLEE CHESSY,0
2026-01-11,MONTPELLIER SAINT ROCH,AEROPORT ROISSY CDG 2 TGV,0
2026-01-11,MONTPELLIER SAINT ROCH,ARRAS,0
2026-01-11,MONTPELLIER SAINT ROCH,BRUXELLES MIDI,0
2026-01-11,MONTPELLIER SAINT ROCH,LILLE (intramuros),0
2026-01-11,MONTPELLIER SAINT ROCH,LYON (intramuros),1
2026-01-11,MONTPELLIER SAINT ROCH,MARNE LA VALLEE CHESSY,0
2026-01-11,MONTPELLIER SAINT ROCH,NIMES CENTRE,1
2026-01-11,MONTPELLIER SAINT ROCH,TGV HAUTE PICARDIE,0
2026-01-11,MONTPELLIER SAINT ROCH,VALENCE TGV AUVERGNE RHONE ALPES,1
2026-01-11,MONTPELLIER SUD DE FRANCE,AEROPORT ROISSY CDG 2 TGV,0
2026-01-11,MONTPELLIER SUD DE FRANCE,LILLE (intramuros),0
2026-01-11,MONTPELLIER SUD DE FRANCE,LYON (intramuros),0
2026-01-11,MONTPELLIER SUD DE FRANCE,MARNE LA VALLEE CHESSY,0
2026-01-11,MONTPELLIER SUD DE FRANCE,NIMES PONT DU GARD,0
2026-01-11,MONTPELLIER SUD DE FRANCE,VALENCE TGV AUVERGNE RHONE ALPES,0
2026-01-11,NARBONNE,AEROPORT ROISSY CDG 2 TGV,0
2026-01-11,NARBONNE,AGDE,0
2026-01-11,NARBONNE,ARRAS,0
2026-01-11,NARBONNE,BEZIERS,0
2026-01-11,NARBONNE,BRUXELLES MIDI,0
2026-01-11,NARBONNE,LILLE (intramuros),0
2026-01-11,NARBONNE,LYON (intramuros),0
2026-01-11,NARBONNE,MARNE LA VALLEE CHESSY,0
2026-01-11,NARBONNE,MONTPELLIER SAINT ROCH,0
2026-01-11,NARBONNE,NIMES CENTRE,0
2026-01-11,NARBONNE,SETE,0
2026-01-11,NARBONNE,TGV HAUTE PICARDIE,0
2026-01-11,NARBONNE,VALENCE TGV AUVERGNE RHONE ALPES,0
2026-01-11,NIMES CENTRE,AEROPORT ROISSY CDG 2 TGV,0
2026-01-11,NIMES CENTRE,ARRAS,0
2026-01-11,NIMES CENTRE,BRUXELLES MIDI,0
2026-01-11,NIMES CENTRE,LILLE (intramuros),0
2026-01-11,NIMES CENTRE,LYON (intramuros),1
2026-01-11,NIMES CENTRE,MARNE LA VALLEE CHESSY,0
2026-01-11,NIMES CENTRE,MONTPELLIER SAINT ROCH,0
2026-01-11,NIMES CENTRE,TGV HAUTE PICARDIE,0
2026-01-11,NIMES CENTRE,VALENCE TGV AUVERGNE RHONE ALPES,1
2026-01-11,NIMES PONT DU GARD,AEROPORT ROISSY CDG 2 TGV,0
2026-01-11,NIMES PONT DU GARD,LILLE (intramuros),0
2026-01-11,NIMES PONT DU GARD,LYON (intramuros),0
2026-01-11,NIMES PONT DU GARD,MARNE LA VALLEE CHESSY,0
2026-01-11,NIMES PONT DU GARD,MONTPELLIER SUD DE FRANCE,0
2026-01-11,NIMES PONT DU GARD,VALENCE TGV AUVERGNE RHONE ALPES,0
2026-01-11,PARIS (intramuros),AIX EN PROVENCE TGV,0
2026-01-11,PARIS (intramuros),AVIGNON TGV,0
2026-01-11,PARIS (intramuros),MARSEILLE ST CHARLES,0
2026-01-11,PERPIGNAN,AEROPORT ROISSY CDG 2 TGV,0
2026-01-11,PERPIGNAN,AGDE,0
2026-01-11,PERPIGNAN,ARRAS,0
2026-01-11,PERPIGNAN,BEZIERS,0
2026-01-11,PERPIGNAN,BRUXELLES MIDI,0
2026-01-11,PERPIGNAN,LILLE (intramuros),0
2026-01-11,PERPIGNAN,LYON (intramuros),0
2026-01-11,PERPIGNAN,MARNE LA VALLEE CHESSY,0
2026-01-11,PERPIGNAN,MONTPELLIER SAINT ROCH,0
2026-01-11,PERPIGNAN,NARBONNE,0
2026-01-11,PERPIGNAN,NIMES CENTRE,0
2026-01-11,PERPIGNAN,SETE,0
2026-01-11,PERPIGNAN,TGV HAUTE PICARDIE,0
2026-01-11,PERPIGNAN,VALENCE TGV AUVERGNE RHONE ALPES,0
2026-01-11,SETE,AEROPORT ROISSY CDG 2 TGV,0
2026-01-11,SETE,ARRAS,0
2026-01-11,SETE,BRUXELLES MIDI,0
2026-01-11,SETE,LILLE (intramuros),0
2026-01-11,SETE,LYON (intramuros),0
2026-01-11,SETE,MARNE LA VALLEE CHESSY,0
2026-01-11,SETE,MONTPELLIER SAINT ROCH,0
2026-01-11,SETE,NIMES CENTRE,0
2026-01-11,SETE,TGV HAUTE PICARDIE,0
2026-01-11,SETE,VALENCE TGV AUVERGNE RHONE ALPES,0
2026-01-11,TGV HAUTE PICARDIE,AEROPORT ROISSY CDG 2 TGV,0
2026-01-11,TGV HAUTE PICARDIE,AIX EN PROVENCE TGV,0
2026-01-11,TGV HAUTE PICARDIE,ARRAS,1
2026-01-11,TGV HAUTE PICARDIE,AVIGNON TGV,0
2026-01-11,TGV HAUTE PICARDIE,BRUXELLES MIDI,0
2026-01-11,TGV HAUTE PICARDIE,DOUAI,0
2026-01-11,TGV HAUTE PICARDIE,LILLE (intramuros),1
2026-01-11,TGV HAUTE PICARDIE,LYON (intramuros),0
2026-01-11,TGV HAUTE PICARDIE,MARNE LA VALLEE CHESSY,0
2026-01-11,TGV HAUTE PICARDIE,MARSEILLE ST CHARLES,0
2026-01-11,TGV HAUTE PICARDIE,VALENCE TGV AUVERGNE RHONE ALPES,0
2026-01-11,VALENCE TGV AUVERGNE RHONE ALPES,AEROPORT ROISSY CDG 2 TGV,0
2026-01-11,VALENCE TGV AUVERGNE RHONE ALPES,ARRAS,0
2026-01-11,VALENCE TGV AUVERGNE RHONE ALPES,AVIGNON TGV,0
2026-01-11,VALENCE TGV AUVERGNE RHONE ALPES,BRUXELLES MIDI,0
2026-01-11,VALENCE TGV AUVERGNE RHONE ALPES,LILLE (intramuros),0
2026-01-11,VALENCE TGV AUVERGNE RHONE ALPES,LYON (intramuros),0
2026-01-11,VALENCE TGV AUVERGNE RHONE ALPES,MARNE LA VALLEE CHESSY,0
2026-01-11,VALENCE TGV AUVERGNE RHONE ALPES,MARSEILLE ST CHARLES,0
2026-01-11,VALENCE TGV AUVERGNE RHONE ALPES,MONTPELLIER SAINT ROCH,0
2026-01-11,VALENCE TGV AUVERGNE RHONE ALPES,MONTPELLIER SUD DE FRANCE,0
2026-01-11,VALENCE TGV AUVERGNE RHONE ALPES,NIMES CENTRE,0
2026-01-11,VALENCE TGV AUVERGNE RHONE ALPES,NIMES PONT DU GARD,0
2026-01-11,VALENCE TGV AUVERGNE RHONE ALPES,TGV HAUTE PICARDIE,0
2026-01-12,AEROPORT ROISSY CDG 2 TGV,AIX EN PROVENCE TGV,1
2026-01-12,AEROPORT ROISSY CDG 2 TGV,ARRAS,1
2026-01-12,AEROPORT ROISSY CDG 2 TGV,AVIGNON TGV,1
2026-01-12,AEROPORT ROISSY CDG 2 TGV,BRUXELLES MIDI,1
2026-01-12,AEROPORT ROISSY CDG 2 TGV,DOUAI,0
2026-01-12,AEROPORT ROISSY CDG 2 TGV,LILLE (intramuros),1
2026-01-12,AEROPORT ROISSY CDG 2 TGV,LYON (intramuros),1
2026-01-12,AEROPORT ROISSY CDG 2 TGV,MARNE LA VALLEE CHESSY,0
2026-01-12,AEROPORT ROISSY CDG 2 TGV,MARSEILLE ST CHARLES,1
2026-01-12,AEROPORT ROISSY CDG 2 TGV,MONTPELLIER SAINT ROCH,1
2026-01-12,AEROPORT ROISSY CDG 2 TGV,MONTPELLIER SUD DE FRANCE,0
2026-01-12,AEROPORT ROISSY CDG 2 TGV,NIMES CENTRE,1
2026-01-12,AEROPORT ROISSY CDG 2 TGV,NIMES PONT DU GARD,0
2026-01-12,AEROPORT ROISSY CDG 2 TGV,TGV HAUTE PICARDIE,1
2026-01-12,AEROPORT ROISSY CDG 2 TGV,VALENCE TGV AUVERGNE RHONE ALPES,1
2026-01-12,AIX EN PROVENCE TGV,AEROPORT ROISSY CDG 2 TGV,1
2026-01-12,AIX EN PROVENCE TGV,AVIGNON TGV,1
2026-01-12,AIX EN PROVENCE TGV,BRUXELLES MIDI,0
2026-01-12,AIX EN PROVENCE TGV,LILLE (intramuros),0
2026-01-12,AIX EN PROVENCE TGV,LYON (intramuros),1
2026-01-12,AIX EN PROVENCE TGV,MARNE LA VALLEE CHESSY,1
2026-01-12,AIX EN PROVENCE TGV,MARSEILLE ST CHARLES,1
2026-01-12,ARRAS,AEROPORT ROISSY CDG 2 TGV,1
2026-01-12,ARRAS,AIX EN PROVENCE TGV,1
2026-01-12,ARRAS,AVIGNON TGV,1
2026-01-12,ARRAS,BRUXELLES MIDI,0
2026-01-12,ARRAS,DOUAI,1
2026-01-12,ARRAS,LILLE (intramuros),1
2026-01-12,ARRAS,LYON (intramuros),1
2026-01-12,ARRAS,MARNE LA VALLEE CHESSY,1
2026-01-12,ARRAS,MARSEILLE ST CHARLES,1
2026-01-12,ARRAS,TGV HAUTE PICARDIE,1
2026-01-12,AVIGNON TGV,AEROPORT ROISSY CDG 2 TGV,1
2026-01-12,AVIGNON TGV,AIX EN PROVENCE TGV,1
2026-01-12,AVIGNON TGV,BRUXELLES MIDI,0
2026-01-12,AVIGNON TGV,LILLE (intramuros),0
2026-01-12,AVIGNON TGV,LYON (intramuros),1
2026-01-12,AVIGNON TGV,MARNE LA VALLEE CHESSY,1
2026-01-12,AVIGNON TGV,MARSEILLE ST CHARLES,1
2026-01-12,BRUXELLES MIDI,AEROPORT ROISSY CDG 2 TGV,0
2026-01-12,BRUXELLES MIDI,AIX EN PROVENCE TGV,0
2026-01-12,BRUXELLES MIDI,AVIGNON TGV,0
2026-01-12,BRUXELLES MIDI,LILLE (intramuros),1
2026-01-12,BRUXELLES MIDI,LYON (intramuros),0
2026-01-12,BRUXELLES MIDI,MARNE LA VALLEE CHESSY,0
2026-01-12,BRUXELLES MIDI,MARSEILLE ST CHARLES,0
2026-01-12,BRUXELLES MIDI,MONTPELLIER SAINT ROCH,0
2026-01-12,BRUXELLES MIDI,MONTPELLIER SUD DE FRANCE,0
2026-01-12,BRUXELLES MIDI,NIMES CENTRE,0
2026-01-12,BRUXELLES MIDI,NIMES PONT DU GARD,0
2026-01-12,BRUXELLES MIDI,TGV HAUTE PICARDIE,1
2026-01-12,BRUXELLES MIDI,VALENCE TGV AUVERGNE RHONE ALPES,0
2026-01-12,DOUAI,LILLE (intramuros),1
2026-01-12,LE CREUSOT MONTCEAU MONTCHANIN,AEROPORT ROISSY CDG 2 TGV,0
2026-01-12,LE CREUSOT MONTCEAU MONTCHANIN,BRUXELLES MIDI,0
2026-01-12,LE CREUSOT MONTCEAU MONTCHANIN,LILLE (intramuros),0
2026-01-12,LE CREUSOT MONTCEAU MONTCHANIN,MARNE LA VALLEE CHESSY,0
2026-01-12,LILLE (intramuros),AEROPORT ROISSY CDG 2 TGV,1
2026-01-12,LILLE (intramuros),AIX EN PROVENCE TGV,1
2026-01-12,LILLE (intramuros),ARRAS,1
2026-01-12,LILLE (intramuros),AVIGNON TGV,1
2026-01-12,LILLE (intramuros),BRUXELLES MIDI,1
2026-01-12,LILLE (intramuros),LYON (intramuros),1
2026-01-12,LILLE (intramuros),MARNE LA VALLEE CHESSY,1
2026-01-12,LILLE (intramuros),MARSEILLE ST CHARLES,1
2026-01-12,LILLE (intramuros),MONTPELLIER SAINT ROCH,1
2026-01-12,LILLE (intramuros),MONTPELLIER SUD DE FRANCE,0
2026-01-12,LILLE (intramuros),NIMES CENTRE,1
2026-01-12,LILLE (intramuros),NIMES PONT DU GARD,0
2026-01-12,LILLE (intramuros),TGV HAUTE PICARDIE,1
2026-01-12,LILLE (intramuros),VALENCE TGV AUVERGNE RHONE ALPES,1
2026-01-12,LYON (intramuros),AEROPORT ROISSY CDG 2 TGV,1
2026-01-12,LYON (intramuros),AIX EN PROVENCE TGV,1
2026-01-12,LYON (intramuros),ARRAS,0
2026-01-12,LYON (intramuros),AVIGNON TGV,1
2026-01-12,LYON (intramuros),BRUXELLES MIDI,0
2026-01-12,LYON (intramuros),DOUAI,0
2026-01-12,LYON (intramuros),LE CREUSOT MONTCEAU MONTCHANIN,1
2026-01-12,LYON (intramuros),LILLE (intramuros),0
2026-01-12,LYON (intramuros),LYON (intramuros),1
2026-01-12,LYON (intramuros),MARNE LA VALLEE CHESSY,1
2026-01-12,LYON (intramuros),MARSEILLE ST CHARLES,1
2026-01-12,LYON (intramuros),MONTPELLIER SAINT ROCH,1
2026-01-12,LYON (intramuros),MONTPELLIER SUD DE FRANCE,0
2026-01-12,LYON (intramuros),NIMES CENTRE,1
2026-01-12,LYON (intramuros),NIMES PONT DU GARD,0
2026-01-12,LYON (intramuros),TGV HAUTE PICARDIE,0
2026-01-12,LYON (intramuros),VALENCE TGV AUVERGNE RHONE ALPES,1
2026-01-12,MARNE LA VALLEE CHESSY,AEROPORT ROISSY CDG 2 TGV,1
2026-01-12,MARNE LA VALLEE CHESSY,AIX EN PROVENCE TGV,1
2026-01-12,MARNE LA VALLEE CHESSY,ARRAS,1
2026-01-12,MARNE LA VALLEE CHESSY,AVIGNON TGV,1
2026-01-12,MARNE LA VALLEE CHESSY,BRUXELLES MIDI,1
2026-01-12,MARNE LA VALLEE CHESSY,DOUAI,0
2026-01-12,MARNE LA VALLEE CHESSY,LILLE (intramuros),1
2026-01-12,MARNE LA VALLEE CHESSY,LYON (intramuros),1
2026-01-12,MARNE LA VALLEE CHESSY,MARSEILLE ST CHARLES,1
2026-01-12,MARNE LA VALLEE CHESSY,MONTPELLIER SAINT ROCH,1
2026-01-12,MARNE LA VALLEE CHESSY,MONTPELLIER SUD DE FRANCE,0
2026-01-12,MARNE LA VALLEE CHESSY,NIMES CENTRE,1
2026-01-12,MARNE LA VALLEE CHESSY,NIMES PONT DU GARD,0
2026-01-12,MARNE LA VALLEE CHESSY,TGV HAUTE PICARDIE,1
2026-01-12,MARNE LA VALLEE CHESSY,VALENCE TGV AUVERGNE RHONE ALPES,1
2026-01-12,MARSEILLE ST CHARLES,AEROPORT ROISSY CDG 2 TGV,1
2026-01-12,MARSEILLE ST CHARLES,AIX EN PROVENCE TGV,1
2026-01-12,MARSEILLE ST CHARLES,AVIGNON TGV,1
2026-01-12,MARSEILLE ST CHARLES,BRUXELLES MIDI,0
2026-01-12,MARSEILLE ST CHARLES,LILLE (intramuros),0
2026-01-12,MARSEILLE ST CHARLES,LYON (intramuros),1
2026-01-12,MARSEILLE ST CHARLES,MARNE LA VALLEE CHESSY,1
2026-01-12,MONTPELLIER SAINT ROCH,AEROPORT ROISSY CDG 2 TGV,0
2026-01-12,MONTPELLIER SAINT ROCH,BRUXELLES MIDI,0
2026-01-12,MONTPELLIER SAINT ROCH,LILLE (intramuros),0
2026-01-12,MONTPELLIER SAINT ROCH,LYON (intramuros),0
2026-01-12,MONTPELLIER SAINT ROCH,MARNE LA VALLEE CHESSY,0
2026-01-12,MONTPELLIER SAINT ROCH,NIMES CENTRE,0
2026-01-12,MONTPELLIER SAINT ROCH,VALENCE TGV AUVERGNE RHONE ALPES,0
2026-01-12,MONTPELLIER SUD DE FRANCE,AEROPORT ROISSY CDG 2 TGV,0
2026-01-12,MONTPELLIER SUD DE FRANCE,ARRAS,0
2026-01-12,MONTPELLIER SUD DE FRANCE,BRUXELLES MIDI,0
2026-01-12,MONTPELLIER SUD DE FRANCE,LILLE (intramuros),0
2026-01-12,MONTPELLIER SUD DE FRANCE,LYON (intramuros),1
2026-01-12,MONTPELLIER SUD DE FRANCE,MARNE LA VALLEE CHESSY,0
2026-01-12,MONTPELLIER SUD DE FRANCE,NIMES PONT DU GARD,1
2026-01-12,MONTPELLIER SUD DE FRANCE,TGV HAUTE PICARDIE,0
2026-01-12,MONTPELLIER SUD DE FRANCE,VALENCE TGV AUVERGNE RHONE ALPES,1
2026-01-12,NIMES CENTRE,AEROPORT ROISSY CDG 2 TGV,0
2026-01-12,NIMES CENTRE,BRUXELLES MIDI,0
2026-01-12,NIMES CENTRE,LILLE (intramuros),0
2026-01-12,NIMES CENTRE,LYON (intramuros),0
2026-01-12,NIMES CENTRE,MARNE LA VALLEE CHESSY,0
2026-01-12,NIMES CENTRE,MONTPELLIER SAINT ROCH,1
2026-01-12,NIMES CENTRE,VALENCE TGV AUVERGNE RHONE ALPES,0
2026-01-12,NIMES PONT DU GARD,AEROPORT ROISSY CDG 2 TGV,0
2026-01-12,NIMES PONT DU GARD,ARRAS,0
2026-01-12,NIMES PONT DU GARD,BRUXELLES MIDI,0
2026-01-12,NIMES PONT DU GARD,LILLE (intramuros),0
2026-01-12,NIMES PONT DU GARD,LYON (intramuros),1
2026-01-12,NIMES PONT DU GARD,MARNE LA VALLEE CHESSY,0
2026-01-12,NIMES PONT DU GARD,MONTPELLIER SUD DE FRANCE,0
2026-01-12,NIMES PONT DU GARD,TGV HAUTE PICARDIE,0
2026-01-12,NIMES PONT DU GARD,VALENCE TGV AUVERGNE RHONE ALPES,1
2026-01-12,PARIS (intramuros),AIX EN PROVENCE TGV,1
2026-01-12,PARIS (intramuros),AVIGNON TGV,1
2026-01-12,PARIS (intramuros),MARSEILLE ST CHARLES,1
2026-01-12,TGV HAUTE PICARDIE,AEROPORT ROISSY CDG 2 TGV,1
2026-01-12,TGV HAUTE PICARDIE,AIX EN PROVENCE TGV,1
2026-01-12,TGV HAUTE PICARDIE,ARRAS,1
2026-01-12,TGV HAUTE PICARDIE,AVIGNON TGV,1
2026-01-12,TGV HAUTE PICARDIE,BRUXELLES MIDI,0
2026-01-12,TGV HAUTE PICARDIE,DOUAI,1
2026-01-12,TGV HAUTE PICARDIE,LILLE (intramuros),1
2026-01-12,TGV HAUTE PICARDIE,LYON (intramuros),1
2026-01-12,TGV HAUTE PICARDIE,MARNE LA VALLEE CHESSY,1
2026-01-12,TGV HAUTE PICARDIE,MARSEILLE ST CHARLES,1
2026-01-12,TGV HAUTE PICARDIE,VALENCE TGV AUVERGNE RHONE ALPES,0
2026-01-12,VALENCE TGV AUVERGNE RHONE ALPES,AEROPORT ROISSY CDG 2 TGV,0
2026-01-12,VALENCE TGV AUVERGNE RHONE ALPES,ARRAS,0
2026-01-12,VALENCE TGV AUVERGNE RHONE ALPES,AVIGNON TGV,1
2026-01-12,VALENCE TGV AUVERGNE RHONE ALPES,BRUXELLES MIDI,0
2026-01-12,VALENCE TGV AUVERGNE RHONE ALPES,LILLE (intramuros),0
2026-01-12,VALENCE TGV AUVERGNE RHONE ALPES,LYON (intramuros),1
2026-01-12,VALENCE TGV AUVERGNE RHONE ALPES,MARNE LA VALLEE CHESSY,0
2026-01-12,VALENCE TGV AUVERGNE RHONE ALPES,MARSEILLE ST CHARLES,1
2026-01-12,VALENCE TGV AUVERGNE RHONE ALPES,MONTPELLIER SAINT ROCH,1
2026-01-12,VALENCE TGV AUVERGNE RHONE ALPES,MONTPELLIER SUD DE FRANCE,0
2026-01-12,VALENCE TGV AUVERGNE RHONE ALPES,NIMES CENTRE,1
2026-01-12,VALENCE TGV AUVERGNE RHONE ALPES,NIMES PONT DU GARD,0
2026-01-12,VALENCE TGV AUVERGNE RHONE ALPES,TGV HAUTE PICARDIE,0
2026-01-13,AEROPORT ROISSY CDG 2 TGV,AIX EN PROVENCE TGV,1
2026-01-13,AEROPORT ROISSY CDG 2 TGV,ARRAS,1
2026-01-13,AEROPORT ROISSY CDG 2 TGV,AVIGNON TGV,1
2026-01-13,AEROPORT ROISSY CDG 2 TGV,BRUXELLES MIDI,1
2026-01-13,AEROPORT ROISSY CDG 2 TGV,DOUAI,1
2026-01-13,AEROPORT ROISSY CDG 2 TGV,LILLE (intramuros),1
2026-01-13,AEROPORT ROISSY CDG 2 TGV,LYON (intramuros),1
2026-01-13,AEROPORT ROISSY CDG 2 TGV,MARNE LA VALLEE CHESSY,0
2026-01-13,AEROPORT ROISSY CDG 2 TGV,MARSEILLE ST CHARLES,1
2026-01-13,AEROPORT ROISSY CDG 2 TGV,MONTPELLIER SAINT ROCH,0
2026-01-13,AEROPORT ROISSY CDG 2 TGV,MONTPELLIER SUD DE FRANCE,0
2026-01-13,AEROPORT ROISSY CDG 2 TGV,NIMES CENTRE,0
2026-01-13,AEROPORT ROISSY CDG 2 TGV,NIMES PONT DU GARD,0
2026-01-13,AEROPORT ROISSY CDG 2 TGV,TGV HAUTE PICARDIE,1
2026-01-13,AEROPORT ROISSY CDG 2 TGV,VALENCE TGV AUVERGNE RHONE ALPES,1
2026-01-13,AIX EN PROVENCE TGV,AEROPORT ROISSY CDG 2 TGV,1
2026-01-13,AIX EN PROVENCE TGV,AVIGNON TGV,1
2026-01-13,AIX EN PROVENCE TGV,BRUXELLES MIDI,1
2026-01-13,AIX EN PROVENCE TGV,LILLE (intramuros),1
2026-01-13,AIX EN PROVENCE TGV,LYON (intramuros),1
2026-01-13,AIX EN PROVENCE TGV,MARNE LA VALLEE CHESSY,1
2026-01-13,AIX EN PROVENCE TGV,MARSEILLE ST CHARLES,1
2026-01-13,ARRAS,AEROPORT ROISSY CDG 2 TGV,1
2026-01-13,ARRAS,AIX EN PROVENCE TGV,1
2026-01-13,ARRAS,AVIGNON TGV,1
2026-01-13,ARRAS,BRUXELLES MIDI,1
2026-01-13,ARRAS,DOUAI,1
2026-01-13,ARRAS,LILLE (intramuros),1
2026-01-13,ARRAS,LYON (intramuros),1
2026-01-13,ARRAS,MARNE LA VALLEE CHESSY,1
2026-01-13,ARRAS,MARSEILLE ST CHARLES,1
2026-01-13,ARRAS,TGV HAUTE PICARDIE,1
2026-01-13,AVIGNON TGV,AEROPORT ROISSY CDG 2 TGV,1
2026-01-13,AVIGNON TGV,AIX EN PROVENCE TGV,1
2026-01-13,AVIGNON TGV,BRUXELLES MIDI,1
2026-01-13,AVIGNON TGV,LILLE (intramuros),1
2026-01-13,AVIGNON TGV,LYON (intramuros),1
2026-01-13,AVIGNON TGV,MARNE LA VALLEE CHESSY,1
2026-01-13,AVIGNON TGV,MARSEILLE ST CHARLES,1
2026-01-13,BRUXELLES MIDI,AEROPORT ROISSY CDG 2 TGV,1
2026-01-13,BRUXELLES MIDI,AIX EN PROVENCE TGV,0
2026-01-13,BRUXELLES MIDI,AVIGNON TGV,0
2026-01-13,BRUXELLES MIDI,LILLE (intramuros),1
2026-01-13,BRUXELLES MIDI,LYON (intramuros),0
2026-01-13,BRUXELLES MIDI,MARNE LA VALLEE CHESSY,1
2026-01-13,BRUXELLES MIDI,MARSEILLE ST CHARLES,0
2026-01-13,BRUXELLES MIDI,MONTPELLIER SAINT ROCH,0
2026-01-13,BRUXELLES MIDI,MONTPELLIER SUD DE FRANCE,0
2026-01-13,BRUXELLES MIDI,NIMES CENTRE,0
2026-01-13,BRUXELLES MIDI,NIMES PONT DU GARD,0
2026-01-13,BRUXELLES MIDI,TGV HAUTE PICARDIE,1
2026-01-13,BRUXELLES MIDI,VALENCE TGV AUVERGNE RHONE ALPES,0
2026-01-13,DOUAI,LILLE (intramuros),1
2026-01-13,LE CREUSOT MONTCEAU MONTCHANIN,AEROPORT ROISSY CDG 2 TGV,1
2026-01-13,LE CREUSOT MONTCEAU MONTCHANIN,BRUXELLES MIDI,1
2026-01-13,LE CREUSOT MONTCEAU MONTCHANIN,LILLE (intramuros),1
2026-01-13,LE CREUSOT MONTCEAU MONTCHANIN,MARNE LA VALLEE CHESSY,1
2026-01-13,LILLE (intramuros),AEROPORT ROISSY CDG 2 TGV,1
2026-01-13,LILLE (intramuros),AIX EN PROVENCE TGV,1
2026-01-13,LILLE (intramuros),ARRAS,1
2026-01-13,LILLE (intramuros),AVIGNON TGV,1
2026-01-13,LILLE (intramuros),BRUXELLES MIDI,1
2026-01-13,LILLE (intramuros),LYON (intramuros),1
2026-01-13,LILLE (intramuros),MARNE LA VALLEE CHESSY,1
2026-01-13,LILLE (intramuros),MARSEILLE ST CHARLES,1
2026-01-13,LILLE (intramuros),MONTPELLIER SAINT ROCH,0
2026-01-13,LILLE (intramuros),MONTPELLIER SUD DE FRANCE,0
2026-01-13,LILLE (intramuros),NIMES CENTRE,0
2026-01-13,LILLE (intramuros),NIMES PONT DU GARD,0
2026-01-13,LILLE (intramuros),TGV HAUTE PICARDIE,1
2026-01-13,LILLE (intramuros),VALENCE TGV AUVERGNE RHONE ALPES,1
2026-01-13,LYON (intramuros),AEROPORT ROISSY CDG 2 TGV,1
2026-01-13,LYON (intramuros),AIX EN PROVENCE TGV,1
2026-01-13,LYON (intramuros),ARRAS,1
2026-01-13,LYON (intramuros),AVIGNON TGV,1
2026-01-13,LYON (intramuros),BRUXELLES MIDI,1
2026-01-13,LYON (intramuros),DOUAI,1
2026-01-13,LYON (intramuros),LE CREUSOT MONTCEAU MONTCHANIN,1
2026-01-13,LYON (intramuros),LILLE (intramuros),1
2026-01-13,LYON (intramuros),LYON (intramuros),1
2026-01-13,LYON (intramuros),MARNE LA VALLEE CHESSY,1
2026-01-13,LYON (intramuros),MARSEILLE ST CHARLES,1
2026-01-13,LYON (intramuros),MONTPELLIER SAINT ROCH,1
2026-01-13,LYON (intramuros),MONTPELLIER SUD DE FRANCE,1
2026-01-13,LYON (intramuros),NIMES CENTRE,1
2026-01-13,LYON (intramuros),NIMES PONT DU GARD,1
2026-01-13,LYON (intramuros),TGV HAUTE PICARDIE,1
2026-01-13,LYON (intramuros),VALENCE TGV AUVERGNE RHONE ALPES,1
2026-01-13,MARNE LA VALLEE CHESSY,AEROPORT ROISSY CDG 2 TGV,1
2026-01-13,MARNE LA VALLEE CHESSY,AIX EN PROVENCE TGV,1
2026-01-13,MARNE LA VALLEE CHESSY,ARRAS,1
2026-01-13,MARNE LA VALLEE CHESSY,AVIGNON TGV,1
2026-01-13,MARNE LA VALLEE CHESSY,BRUXELLES MIDI,1
2026-01-13,MARNE LA VALLEE CHESSY,DOUAI,1
2026-01-13,MARNE LA VALLEE CHESSY,LILLE (intramuros),1
2026-01-13,MARNE LA VALLEE CHESSY,LYON (intramuros),1
2026-01-13,MARNE LA VALLEE CHESSY,MARSEILLE ST CHARLES,1
2026-01-13,MARNE LA VALLEE CHESSY,MONTPELLIER SAINT ROCH,0
2026-01-13,MARNE LA VALLEE CHESSY,MONTPELLIER SUD DE FRANCE,0
2026-01-13,MARNE LA VALLEE CHESSY,NIMES CENTRE,0
2026-01-13,MARNE LA VALLEE CHESSY,NIMES PONT DU GARD,0
2026-01-13,MARNE LA VALLEE CHESSY,TGV HAUTE PICARDIE,1
2026-01-13,MARNE LA VALLEE CHESSY,VALENCE TGV AUVERGNE RHONE ALPES,1
2026-01-13,MARSEILLE ST CHARLES,AEROPORT ROISSY CDG 2 TGV,1
2026-01-13,MARSEILLE ST CHARLES,AIX EN PROVENCE TGV,1
2026-01-13,MARSEILLE ST CHARLES,AVIGNON TGV,1
2026-01-13,MARSEILLE ST CHARLES,BRUXELLES MIDI,1
2026-01-13,MARSEILLE ST CHARLES,LILLE (intramuros),1
2026-01-13,MARSEILLE ST CHARLES,LYON (intramuros),1
2026-01-13,MARSEILLE ST CHARLES,MARNE LA VALLEE CHESSY,1
2026-01-13,MONTPELLIER SAINT ROCH,AEROPORT ROISSY CDG 2 TGV,0
2026-01-13,MONTPELLIER SAINT ROCH,BRUXELLES MIDI,0
2026-01-13,MONTPELLIER SAINT ROCH,LILLE (intramuros),0
2026-01-13,MONTPELLIER SAINT ROCH,LYON (intramuros),0
2026-01-13,MONTPELLIER SAINT ROCH,MARNE LA VALLEE CHESSY,0
2026-01-13,MONTPELLIER SAINT ROCH,NIMES CENTRE,0
2026-01-13,MONTPELLIER SAINT ROCH,VALENCE TGV AUVERGNE RHONE ALPES,0
2026-01-13,MONTPELLIER SUD DE FRANCE,AEROPORT ROISSY CDG 2 TGV,1
2026-01-13,MONTPELLIER SUD DE FRANCE,ARRAS,0
2026-01-13,MONTPELLIER SUD DE FRANCE,BRUXELLES MIDI,0
2026-01-13,MONTPELLIER SUD DE FRANCE,LILLE (intramuros),1
2026-01-13,MONTPELLIER SUD DE FRANCE,LYON (intramuros),1
2026-01-13,MONTPELLIER SUD DE FRANCE,MARNE LA VALLEE CHESSY,1
2026-01-13,MONTPELLIER SUD DE FRANCE,NIMES PONT DU GARD,1
2026-01-13,MONTPELLIER SUD DE FRANCE,TGV HAUTE PICARDIE,0
2026-01-13,MONTPELLIER SUD DE FRANCE,VALENCE TGV AUVERGNE RHONE ALPES,1
2026-01-13,NIMES CENTRE,AEROPORT ROISSY CDG 2 TGV,0
2026-01-13,NIMES CENTRE,BRUXELLES MIDI,0
2026-01-13,NIMES CENTRE,LILLE (intramuros),0
2026-01-13,NIMES CENTRE,LYON (intramuros),0
2026-01-13,NIMES CENTRE,MARNE LA VALLEE CHESSY,0
2026-01-13,NIMES CENTRE,MONTPELLIER SAINT ROCH,1
2026-01-13,NIMES CENTRE,VALENCE TGV AUVERGNE RHONE ALPES,0
2026-01-13,NIMES PONT DU GARD,AEROPORT ROISSY CDG 2 TGV,1
2026-01-13,NIMES PONT DU GARD,ARRAS,0
2026-01-13,NIMES PONT DU GARD,BRUXELLES MIDI,0
2026-01-13,NIMES PONT DU GARD,LILLE (intramuros),1
2026-01-13,NIMES PONT DU GARD,LYON (intramuros),1
2026-01-13,NIMES PONT DU GARD,MARNE LA VALLEE CHESSY,1
2026-01-13,NIMES PONT DU GARD,MONTPELLIER SUD DE FRANCE,1
2026-01-13,NIMES PONT DU GARD,TGV HAUTE PICARDIE,0
2026-01-13,NIMES PONT DU GARD,VALENCE TGV AUVERGNE RHONE ALPES,1
2026-01-13,PARIS (intramuros),AIX EN PROVENCE TGV,1
2026-01-13,PARIS (intramuros),AVIGNON TGV,1
2026-01-13,PARIS (intramuros),MARSEILLE ST CHARLES,1
2026-01-13,TGV HAUTE PICARDIE,AEROPORT ROISSY CDG 2 TGV,1
2026-01-13,TGV HAUTE PICARDIE,AIX EN PROVENCE TGV,1
2026-01-13,TGV HAUTE PICARDIE,ARRAS,1
2026-01-13,TGV HAUTE PICARDIE,AVIGNON TGV,1
2026-01-13,TGV HAUTE PICARDIE,BRUXELLES MIDI,1
2026-01-13,TGV HAUTE PICARDIE,DOUAI,1
2026-01-13,TGV HAUTE PICARDIE,LILLE (intramuros),1
2026-01-13,TGV HAUTE PICARDIE,LYON (intramuros),1
2026-01-13,TGV HAUTE PICARDIE,MARNE LA VALLEE CHESSY,1
2026-01-13,TGV HAUTE PICARDIE,MARSEILLE ST CHARLES,1
2026-01-13,TGV HAUTE PICARDIE,VALENCE TGV AUVERGNE RHONE ALPES,1
2026-01-13,VALENCE TGV AUVERGNE RHONE ALPES,AEROPORT ROISSY CDG 2 TGV,1
2026-01-13,VALENCE TGV AUVERGNE RHONE ALPES,ARRAS,0
2026-01-13,VALENCE TGV AUVERGNE RHONE ALPES,AVIGNON TGV,1
2026-01-13,VALENCE TGV AUVERGNE RHONE ALPES,BRUXELLES MIDI,0
2026-01-13,VALENCE TGV AUVERGNE RHONE ALPES,LILLE (intramuros),1
2026-01-13,VALENCE TGV AUVERGNE RHONE ALPES,LYON (intramuros),1
2026-01-13,VALENCE TGV AUVERGNE RHONE ALPES,MARNE LA VALLEE CHESSY,1
2026-01-13,VALENCE TGV AUVERGNE RHONE ALPES,MARSEILLE ST CHARLES,1
2026-01-13,VALENCE TGV AUVERGNE RHONE ALPES,MONTPELLIER SAINT ROCH,1
2026-01-13,VALENCE TGV AUVERGNE RHONE ALPES,MONTPELLIER SUD DE FRANCE,1
2026-01-13,VALENCE TGV AUVERGNE RHONE ALPES,NIMES CENTRE,1
2026-01-13,VALENCE TGV AUVERGNE RHONE ALPES,NIMES PONT DU GARD,1
2026-01-13,VALENCE TGV AUVERGNE RHONE ALPES,TGV HAUTE PICARDIE,0
2026-01-14,AEROPORT ROISSY CDG 2 TGV,AIX EN PROVENCE TGV,1
2026-01-14,AEROPORT ROISSY CDG 2 TGV,ARRAS,1
2026-01-14,AEROPORT ROISSY CDG 2 TGV,AVIGNON TGV,1
2026-01-14,AEROPORT ROISSY CDG 2 TGV,BRUXELLES MIDI,1
2026-01-14,AEROPORT ROISSY CDG 2 TGV,DOUAI,1
2026-01-14,AEROPORT ROISSY CDG 2 TGV,LILLE (intramuros),1
2026-01-14,AEROPORT ROISSY CDG 2 TGV,LYON (intramuros),1
2026-01-14,AEROPORT ROISSY CDG 2 TGV,MARNE LA VALLEE CHESSY,0
2026-01-14,AEROPORT ROISSY CDG 2 TGV,MARSEILLE ST CHARLES,1
2026-01-14,AEROPORT ROISSY CDG 2 TGV,MONTPELLIER SAINT ROCH,0
2026-01-14,AEROPORT ROISSY CDG 2 TGV,MONTPELLIER SUD DE FRANCE,0
2026-01-14,AEROPORT ROISSY CDG 2 TGV,NIMES CENTRE,0
2026-01-14,AEROPORT ROISSY CDG 2 TGV,NIMES PONT DU GARD,0
2026-01-14,AEROPORT ROISSY CDG 2 TGV,TGV HAUTE PICARDIE,1
2026-01-14,AEROPORT ROISSY CDG 2 TGV,VALENCE TGV AUVERGNE RHONE ALPES,0
2026-01-14,AIX EN PROVENCE TGV,AEROPORT ROISSY CDG 2 TGV,1
2026-01-14,AIX EN PROVENCE TGV,AVIGNON TGV,1
2026-01-14,AIX EN PROVENCE TGV,BRUXELLES MIDI,1
2026-01-14,AIX EN PROVENCE TGV,LILLE (intramuros),1
2026-01-14,AIX EN PROVENCE TGV,LYON (intramuros),1
2026-01-14,AIX EN PROVENCE TGV,MARNE LA VALLEE CHESSY,1
2026-01-14,AIX EN PROVENCE TGV,MARSEILLE ST CHARLES,1
2026-01-14,ARRAS,AEROPORT ROISSY CDG 2 TGV,1
2026-01-14,ARRAS,AIX EN PROVENCE TGV,0
2026-01-14,ARRAS,AVIGNON TGV,0
2026-01-14,ARRAS,BRUXELLES MIDI,1
2026-01-14,ARRAS,DOUAI,1
2026-01-14,ARRAS,LILLE (intramuros),1
2026-01-14,ARRAS,LYON (intramuros),0
2026-01-14,ARRAS,MARNE LA VALLEE CHESSY,1
2026-01-14,ARRAS,MARSEILLE ST CHARLES,0
2026-01-14,ARRAS,TGV HAUTE PICARDIE,1
2026-01-14,AVIGNON TGV,AEROPORT ROISSY CDG 2 TGV,1
2026-01-14,AVIGNON TGV,AIX EN PROVENCE TGV,1
2026-01-14,AVIGNON TGV,BRUXELLES MIDI,1
2026-01-14,AVIGNON TGV,LILLE (intramuros),1
2026-01-14,AVIGNON TGV,LYON (intramuros),1
2026-01-14,AVIGNON TGV,MARNE LA VALLEE CHESSY,1
2026-01-14,AVIGNON TGV,MARSEILLE ST CHARLES,1
2026-01-14,BRUXELLES MIDI,AEROPORT ROISSY CDG 2 TGV,0
2026-01-14,BRUXELLES MIDI,AIX EN PROVENCE TGV,0
2026-01-14,BRUXELLES MIDI,AVIGNON TGV,0
2026-01-14,BRUXELLES MIDI,LILLE (intramuros),1
2026-01-14,BRUXELLES MIDI,LYON (intramuros),0
2026-01-14,BRUXELLES MIDI,MARNE LA VALLEE CHESSY,0
2026-01-14,BRUXELLES MIDI,MARSEILLE ST CHARLES,0
2026-01-14,BRUXELLES MIDI,MONTPELLIER SAINT ROCH,0
2026-01-14,BRUXELLES MIDI,MONTPELLIER SUD DE FRANCE,0
2026-01-14,BRUXELLES MIDI,NIMES CENTRE,0
2026-01-14,BRUXELLES MIDI,NIMES PONT DU GARD,0
2026-01-14,BRUXELLES MIDI,TGV HAUTE PICARDIE,1
2026-01-14,BRUXELLES MIDI,VALENCE TGV AUVERGNE RHONE ALPES,0
2026-01-14,DOUAI,LILLE (intramuros),1
2026-01-14,LE CREUSOT MONTCEAU MONTCHANIN,AEROPORT ROISSY CDG 2 TGV,1
2026-01-14,LE CREUSOT MONTCEAU MONTCHANIN,BRUXELLES MIDI,1
2026-01-14,LE CREUSOT MONTCEAU MONTCHANIN,LILLE (intramuros),1
2026-01-14,LE CREUSOT MONTCEAU MONTCHANIN,MARNE LA VALLEE CHESSY,1
2026-01-14,LILLE (intramuros),AEROPORT ROISSY CDG 2 TGV,1
2026-01-14,LILLE (intramuros),AIX EN PROVENCE TGV,1
2026-01-14,LILLE (intramuros),ARRAS,1
2026-01-14,LILLE (intramuros),AVIGNON TGV,1
2026-01-14,LILLE (intramuros),BRUXELLES MIDI,1
2026-01-14,LILLE (intramuros),LYON (intramuros),1
2026-01-14,LILLE (intramuros),MARNE LA VALLEE CHESSY,1
2026-01-14,LILLE (intramuros),MARSEILLE ST CHARLES,1
2026-01-14,LILLE (intramuros),MONTPELLIER SAINT ROCH,0
2026-01-14,LILLE (intramuros),MONTPELLIER SUD DE FRANCE,0
2026-01-14,LILLE (intramuros),NIMES CENTRE,0
2026-01-14,LILLE (intramuros),NIMES PONT DU GARD,0
2026-01-14,LILLE (intramuros),TGV HAUTE PICARDIE,1
2026-01-14,LILLE (intramuros),VALENCE TGV AUVERGNE RHONE ALPES,0
2026-01-14,LYON (intramuros),AEROPORT ROISSY CDG 2 TGV,1
2026-01-14,LYON (intramuros),AIX EN PROVENCE TGV,1
2026-01-14,LYON (intramuros),ARRAS,1
2026-01-14,LYON (intramuros),AVIGNON TGV,1
2026-01-14,LYON (intramuros),BRUXELLES MIDI,1
2026-01-14,LYON (intramuros),DOUAI,1
2026-01-14,LYON (intramuros),LE CREUSOT MONTCEAU MONTCHANIN,1
2026-01-14,LYON (intramuros),LILLE (intramuros),1
2026-01-14,LYON (intramuros),LYON (intramuros),1
2026-01-14,LYON (intramuros),MARNE LA VALLEE CHESSY,1
2026-01-14,LYON (intramuros),MARSEILLE ST CHARLES,1
2026-01-14,LYON (intramuros),MONTPELLIER SAINT ROCH,0
2026-01-14,LYON (intramuros),MONTPELLIER SUD DE FRANCE,0
2026-01-14,LYON (intramuros),NIMES CENTRE,0
2026-01-14,LYON (intramuros),NIMES PONT DU GARD,0
2026-01-14,LYON (intramuros),TGV HAUTE PICARDIE,1
2026-01-14,LYON (intramuros),VALENCE TGV AUVERGNE RHONE ALPES,1
2026-01-14,MARNE LA VALLEE CHESSY,AEROPORT ROISSY CDG 2 TGV,1
2026-01-14,MARNE LA VALLEE CHESSY,AIX EN PROVENCE TGV,1
2026-01-14,MARNE LA VALLEE CHESSY,ARRAS,1
2026-01-14,MARNE LA VALLEE CHESSY,AVIGNON TGV,1
2026-01-14,MARNE LA VALLEE CHESSY,BRUXELLES MIDI,1
2026-01-14,MARNE LA VALLEE CHESSY,DOUAI,1
2026-01-14,MARNE LA VALLEE CHESSY,LILLE (intramuros),1
2026-01-14,MARNE LA VALLEE CHESSY,LYON (intramuros),1
2026-01-14,MARNE LA VALLEE CHESSY,MARSEILLE ST CHARLES,1
2026-01-14,MARNE LA VALLEE CHESSY,MONTPELLIER SAINT ROCH,0
2026-01-14,MARNE LA VALLEE CHESSY,MONTPELLIER SUD DE FRANCE,0
2026-01-14,MARNE LA VALLEE CHESSY,NIMES CENTRE,0
2026-01-14,MARNE LA VALLEE CHESSY,NIMES PONT DU GARD,0
2026-01-14,MARNE LA VALLEE CHESSY,TGV HAUTE PICARDIE,1
2026-01-14,MARNE LA VALLEE CHESSY,VALENCE TGV AUVERGNE RHONE ALPES,0
2026-01-14,MARSEILLE ST CHARLES,AEROPORT ROISSY CDG 2 TGV,1
2026-01-14,MARSEILLE ST CHARLES,AIX EN PROVENCE TGV,1
2026-01-14,MARSEILLE ST CHARLES,AVIGNON TGV,1
2026-01-14,MARSEILLE ST CHARLES,BRUXELLES MIDI,1
2026-01-14,MARSEILLE ST CHARLES,LILLE (intramuros),1
2026-01-14,MARSEILLE ST CHARLES,LYON (intramuros),1
2026-01-14,MARSEILLE ST CHARLES,MARNE LA VALLEE CHESSY,1
2026-01-14,MONTPELLIER SAINT ROCH,AEROPORT ROISSY CDG 2 TGV,0
2026-01-14,MONTPELLIER SAINT ROCH,BRUXELLES MIDI,0
2026-01-14,MONTPELLIER SAINT ROCH,LILLE (intramuros),0
2026-01-14,MONTPELLIER SAINT ROCH,LYON (intramuros),0
2026-01-14,MONTPELLIER SAINT ROCH,MARNE LA VALLEE CHESSY,0
2026-01-14,MONTPELLIER SAINT ROCH,NIMES CENTRE,0
2026-01-14,MONTPELLIER SAINT ROCH,VALENCE TGV AUVERGNE RHONE ALPES,0
2026-01-14,MONTPELLIER SUD DE FRANCE,AEROPORT ROISSY CDG 2 TGV,0
2026-01-14,MONTPELLIER SUD DE FRANCE,ARRAS,0
2026-01-14,MONTPELLIER SUD DE FRANCE,BRUXELLES MIDI,0
2026-01-14,MONTPELLIER SUD DE FRANCE,LILLE (intramuros),0
2026-01-14,MONTPELLIER SUD DE FRANCE,LYON (intramuros),1
2026-01-14,MONTPELLIER SUD DE FRANCE,MARNE LA VALLEE CHESSY,0
2026-01-14,MONTPELLIER SUD DE FRANCE,NIMES PONT DU GARD,1
2026-01-14,MONTPELLIER SUD DE FRANCE,TGV HAUTE PICARDIE,0
2026-01-14,MONTPELLIER SUD DE FRANCE,VALENCE TGV AUVERGNE RHONE ALPES,1
2026-01-14,NIMES CENTRE,AEROPORT ROISSY CDG 2 TGV,0
2026-01-14,NIMES CENTRE,BRUXELLES MIDI,0
2026-01-14,NIMES CENTRE,LILLE (intramuros),0
2026-01-14,NIMES CENTRE,LYON (intramuros),0
2026-01-14,NIMES CENTRE,MARNE LA VALLEE CHESSY,0
2026-01-14,NIMES CENTRE,MONTPELLIER SAINT ROCH,1
2026-01-14,NIMES CENTRE,VALENCE TGV AUVERGNE RHONE ALPES,0
2026-01-14,NIMES PONT DU GARD,AEROPORT ROISSY CDG 2 TGV,0
2026-01-14,NIMES PONT DU GARD,ARRAS,0
2026-01-14,NIMES PONT DU GARD,BRUXELLES MIDI,0
2026-01-14,NIMES PONT DU GARD,LILLE (intramuros),0
2026-01-14,NIMES PONT DU GARD,LYON (intramuros),1
2026-01-14,NIMES PONT DU GARD,MARNE LA VALLEE CHESSY,0
2026-01-14,NIMES PONT DU GARD,MONTPELLIER SUD DE FRANCE,0
2026-01-14,NIMES PONT DU GARD,TGV HAUTE PICARDIE,0
2026-01-14,NIMES PONT DU GARD,VALENCE TGV AUVERGNE RHONE ALPES,1
2026-01-14,PARIS (intramuros),AIX EN PROVENCE TGV,1
2026-01-14,PARIS (intramuros),AVIGNON TGV,1
2026-01-14,PARIS (intramuros),MARSEILLE ST CHARLES,1
2026-01-14,TGV HAUTE PICARDIE,AEROPORT ROISSY CDG 2 TGV,1
2026-01-14,TGV HAUTE PICARDIE,AIX EN PROVENCE TGV,0
2026-01-14,TGV HAUTE PICARDIE,ARRAS,1
2026-01-14,TGV HAUTE PICARDIE,AVIGNON TGV,0
2026-01-14,TGV HAUTE PICARDIE,BRUXELLES MIDI,1
2026-01-14,TGV HAUTE PICARDIE,DOUAI,1
2026-01-14,TGV HAUTE PICARDIE,LILLE (intramuros),1
2026-01-14,TGV HAUTE PICARDIE,LYON (intramuros),0
2026-01-14,TGV HAUTE PICARDIE,MARNE LA VALLEE CHESSY,1
2026-01-14,TGV HAUTE PICARDIE,MARSEILLE ST CHARLES,0
2026-01-14,TGV HAUTE PICARDIE,VALENCE TGV AUVERGNE RHONE ALPES,0
2026-01-14,VALENCE TGV AUVERGNE RHONE ALPES,AEROPORT ROISSY CDG 2 TGV,0
2026-01-14,VALENCE TGV AUVERGNE RHONE ALPES,ARRAS,0
2026-01-14,VALENCE TGV AUVERGNE RHONE ALPES,AVIGNON TGV,1
2026-01-14,VALENCE TGV AUVERGNE RHONE ALPES,BRUXELLES MIDI,0
2026-01-14,VALENCE TGV AUVERGNE RHONE ALPES,LILLE (intramuros),0
2026-01-14,VALENCE TGV AUVERGNE RHONE ALPES,LYON (intramuros),1
2026-01-14,VALENCE TGV AUVERGNE RHONE ALPES,MARNE LA VALLEE CHESSY,0
2026-01-14,VALENCE TGV AUVERGNE RHONE ALPES,MARSEILLE ST CHARLES,1
2026-01-14,VALENCE TGV AUVERGNE RHONE ALPES,MONTPELLIER SAINT ROCH,0
2026-01-14,VALENCE TGV AUVERGNE RHONE ALPES,MONTPELLIER SUD DE FRANCE,0
2026-01-14,VALENCE TGV AUVERGNE RHONE ALPES,NIMES CENTRE,0
2026-01-14,VALENCE TGV AUVERGNE RHONE ALPES,NIMES PONT DU GARD,0
2026-01-14,VALENCE TGV AUVERGNE RHONE ALPES,TGV HAUTE PICARDIE,0
2026-01-15,AEROPORT ROISSY CDG 2 TGV,AIX EN PROVENCE TGV,0
2026-01-15,AEROPORT ROISSY CDG 2 TGV,ARRAS,1
2026-01-15,AEROPORT ROISSY CDG 2 TGV,AVIGNON TGV,0
2026-01-15,AEROPORT ROISSY CDG 2 TGV,BRUXELLES MIDI,1
2026-01-15,AEROPORT ROISSY CDG 2 TGV,DOUAI,1
2026-01-15,AEROPORT ROISSY CDG 2 TGV,LILLE (intramuros),1
2026-01-15,AEROPORT ROISSY CDG 2 TGV,LYON (intramuros),0
2026-01-15,AEROPORT ROISSY CDG 2 TGV,MARNE LA VALLEE CHESSY,0
2026-01-15,AEROPORT ROISSY CDG 2 TGV,MARSEILLE ST CHARLES,0
2026-01-15,AEROPORT ROISSY CDG 2 TGV,MONTPELLIER SAINT ROCH,0
2026-01-15,AEROPORT ROISSY CDG 2 TGV,MONTPELLIER SUD DE FRANCE,0
2026-01-15,AEROPORT ROISSY CDG 2 TGV,NIMES CENTRE,0
2026-01-15,AEROPORT ROISSY CDG 2 TGV,NIMES PONT DU GARD,0
2026-01-15,AEROPORT ROISSY CDG 2 TGV,TGV HAUTE PICARDIE,1
2026-01-15,AEROPORT ROISSY CDG 2 TGV,VALENCE TGV AUVERGNE RHONE ALPES,0
2026-01-15,AIX EN PROVENCE TGV,AEROPORT ROISSY CDG 2 TGV,0
2026-01-15,AIX EN PROVENCE TGV,AVIGNON TGV,1
2026-01-15,AIX EN PROVENCE TGV,BRUXELLES MIDI,0
2026-01-15,AIX EN PROVENCE TGV,LILLE (intramuros),0
2026-01-15,AIX EN PROVENCE TGV,LYON (intramuros),0
2026-01-15,AIX EN PROVENCE TGV,MARNE LA VALLEE CHESSY,0
2026-01-15,AIX EN PROVENCE TGV,MARSEILLE ST CHARLES,1
2026-01-15,ARRAS,AEROPORT ROISSY CDG 2 TGV,1
2026-01-15,ARRAS,AIX EN PROVENCE TGV,0
2026-01-15,ARRAS,AVIGNON TGV,0
2026-01-15,ARRAS,BRUXELLES MIDI,0
2026-01-15,ARRAS,DOUAI,1
2026-01-15,ARRAS,LILLE (intramuros),1
2026-01-15,ARRAS,LYON (intramuros),0
2026-01-15,ARRAS,MARNE LA VALLEE CHESSY,1
2026-01-15,ARRAS,MARSEILLE ST CHARLES,0
2026-01-15,ARRAS,TGV HAUTE PICARDIE,1
2026-01-15,AVIGNON TGV,AEROPORT ROISSY CDG 2 TGV,0
2026-01-15,AVIGNON TGV,AIX EN PROVENCE TGV,1
2026-01-15,AVIGNON TGV,BRUXELLES MIDI,0
2026-01-15,AVIGNON TGV,LILLE (intramuros),0
2026-01-15,AVIGNON TGV,LYON (intramuros),0
2026-01-15,AVIGNON TGV,MARNE LA VALLEE CHESSY,0
2026-01-15,AVIGNON TGV,MARSEILLE ST CHARLES,1
2026-01-15,BRUXELLES MIDI,AEROPORT ROISSY CDG 2 TGV,0
2026-01-15,BRUXELLES MIDI,AIX EN PROVENCE TGV,0
2026-01-15,BRUXELLES MIDI,AVIGNON TGV,0
2026-01-15,BRUXELLES MIDI,LILLE (intramuros),1
2026-01-15,BRUXELLES MIDI,LYON (intramuros),0
2026-01-15,BRUXELLES MIDI,MARNE LA VALLEE CHESSY,0
2026-01-15,BRUXELLES MIDI,MARSEILLE ST CHARLES,0
2026-01-15,BRUXELLES MIDI,MONTPELLIER SAINT ROCH,0
2026-01-15,BRUXELLES MIDI,MONTPELLIER SUD DE FRANCE,0
2026-01-15,BRUXELLES MIDI,NIMES CENTRE,0
2026-01-15,BRUXELLES MIDI,NIMES PONT DU GARD,0
2026-01-15,BRUXELLES MIDI,TGV HAUTE PICARDIE,1
2026-01-15,BRUXELLES MIDI,VALENCE TGV AUVERGNE RHONE ALPES,0
2026-01-15,DOUAI,LILLE (intramuros),1
2026-01-15,LE CREUSOT MONTCEAU MONTCHANIN,AEROPORT ROISSY CDG 2 TGV,1
2026-01-15,LE CREUSOT MONTCEAU MONTCHANIN,BRUXELLES MIDI,1
2026-01-15,LE CREUSOT MONTCEAU MONTCHANIN,LILLE (intramuros),1
2026-01-15,LE CREUSOT MONTCEAU MONTCHANIN,MARNE LA VALLEE CHESSY,1
2026-01-15,LILLE (intramuros),AEROPORT ROISSY CDG 2 TGV,1
2026-01-15,LILLE (intramuros),AIX EN PROVENCE TGV,0
2026-01-15,LILLE (intramuros),ARRAS,1
2026-01-15,LILLE (intramuros),AVIGNON TGV,0
2026-01-15,LILLE (intramuros),BRUXELLES MIDI,1
2026-01-15,LILLE (intramuros),LYON (intramuros),0
2026-01-15,LILLE (intramuros),MARNE LA VALLEE CHESSY,1
2026-01-15,LILLE (intramuros),MARSEILLE ST CHARLES,0
2026-01-15,LILLE (intramuros),MONTPELLIER SAINT ROCH,0
2026-01-15,LILLE (intramuros),MONTPELLIER SUD DE FRANCE,0
2026-01-15,LILLE (intramuros),NIMES CENTRE,0
2026-01-15,LILLE (intramuros),NIMES PONT DU GARD,0
2026-01-15,LILLE (intramuros),TGV HAUTE PICARDIE,1
2026-01-15,LILLE (intramuros),VALENCE TGV AUVERGNE RHONE ALPES,0
2026-01-15,LYON (intramuros),AEROPORT ROISSY CDG 2 TGV,1
2026-01-15,LYON (intramuros),AIX EN PROVENCE TGV,1
2026-01-15,LYON (intramuros),ARRAS,0
2026-01-15,LYON (intramuros),AVIGNON TGV,1
2026-01-15,LYON (intramuros),BRUXELLES MIDI,1
2026-01-15,LYON (intramuros),DOUAI,0
2026-01-15,LYON (intramuros),LE CREUSOT MONTCEAU MONTCHANIN,1
2026-01-15,LYON (intramuros),LILLE (intramuros),1
2026-01-15,LYON (intramuros),LYON (intramuros),1
2026-01-15,LYON (intramuros),MARNE LA VALLEE CHESSY,1
2026-01-15,LYON (intramuros),MARSEILLE ST CHARLES,1
2026-01-15,LYON (intramuros),MONTPELLIER SAINT ROCH,0
2026-01-15,LYON (intramuros),MONTPELLIER SUD DE FRANCE,0
2026-01-15,LYON (intramuros),NIMES CENTRE,0
2026-01-15,LYON (intramuros),NIMES PONT DU GARD,0
2026-01-15,LYON (intramuros),TGV HAUTE PICARDIE,0
2026-01-15,LYON (intramuros),VALENCE TGV AUVERGNE RHONE ALPES,1
2026-01-15,MARNE LA VALLEE CHESSY,AEROPORT ROISSY CDG 2 TGV,1
2026-01-15,MARNE LA VALLEE CHESSY,AIX EN PROVENCE TGV,0
2026-01-15,MARNE LA VALLEE CHESSY,ARRAS,1
2026-01-15,MARNE LA VALLEE CHESSY,AVIGNON TGV,0
2026-01-15,MARNE LA VALLEE CHESSY,BRUXELLES MIDI,1
2026-01-15,MARNE LA VALLEE CHESSY,DOUAI,1
2026-01-15,MARNE LA VALLEE CHESSY,LILLE (intramuros),1
2026-01-15,MARNE LA VALLEE CHESSY,LYON (intramuros),0
2026-01-15,MARNE LA VALLEE CHESSY,MARSEILLE ST CHARLES,0
2026-01-15,MARNE LA VALLEE CHESSY,MONTPELLIER SAINT ROCH,0
2026-01-15,MARNE LA VALLEE CHESSY,MONTPELLIER SUD DE FRANCE,0
2026-01-15,MARNE LA VALLEE CHESSY,NIMES CENTRE,0
2026-01-15,MARNE LA VALLEE CHESSY,NIMES PONT DU GARD,0
2026-01-15,MARNE LA VALLEE CHESSY,TGV HAUTE PICARDIE,1
2026-01-15,MARNE LA VALLEE CHESSY,VALENCE TGV AUVERGNE RHONE ALPES,0
2026-01-15,MARSEILLE ST CHARLES,AEROPORT ROISSY CDG 2 TGV,0
2026-01-15,MARSEILLE ST CHARLES,AIX EN PROVENCE TGV,1
2026-01-15,MARSEILLE ST CHARLES,AVIGNON TGV,1
2026-01-15,MARSEILLE ST CHARLES,BRUXELLES MIDI,0
2026-01-15,MARSEILLE ST CHARLES,LILLE (intramuros),0
2026-01-15,MARSEILLE ST CHARLES,LYON (intramuros),0
2026-01-15,MARSEILLE ST CHARLES,MARNE LA VALLEE CHESSY,0
2026-01-15,MONTPELLIER SAINT ROCH,AEROPORT ROISSY CDG 2 TGV,0
2026-01-15,MONTPELLIER SAINT ROCH,BRUXELLES MIDI,0
2026-01-15,MONTPELLIER SAINT ROCH,LILLE (intramuros),0
2026-01-15,MONTPELLIER SAINT ROCH,LYON (intramuros),0
2026-01-15,MONTPELLIER SAINT ROCH,MARNE LA VALLEE CHESSY,0
2026-01-15,MONTPELLIER SAINT ROCH,NIMES CENTRE,0
2026-01-15,MONTPELLIER SAINT ROCH,VALENCE TGV AUVERGNE RHONE ALPES,0
2026-01-15,MONTPELLIER SUD DE FRANCE,AEROPORT ROISSY CDG 2 TGV,0
2026-01-15,MONTPELLIER SUD DE FRANCE,ARRAS,0
2026-01-15,MONTPELLIER SUD DE FRANCE,BRUXELLES MIDI,0
2026-01-15,MONTPELLIER SUD DE FRANCE,LILLE (intramuros),0
2026-01-15,MONTPELLIER SUD DE FRANCE,LYON (intramuros),1
2026-01-15,MONTPELLIER SUD DE FRANCE,MARNE LA VALLEE CHESSY,0
2026-01-15,MONTPELLIER SUD DE FRANCE,NIMES PONT DU GARD,1
2026-01-15,MONTPELLIER SUD DE FRANCE,TGV HAUTE PICARDIE,0
2026-01-15,MONTPELLIER SUD DE FRANCE,VALENCE TGV AUVERGNE RHONE ALPES,1
2026-01-15,NIMES CENTRE,AEROPORT ROISSY CDG 2 TGV,0
2026-01-15,NIMES CENTRE,BRUXELLES MIDI,0
2026-01-15,NIMES CENTRE,LILLE (intramuros),0
2026-01-15,NIMES CENTRE,LYON (intramuros),0
2026-01-15,NIMES CENTRE,MARNE LA VALLEE CHESSY,0
2026-01-15,NIMES CENTRE,MONTPELLIER SAINT ROCH,0
2026-01-15,NIMES CENTRE,VALENCE TGV AUVERGNE RHONE ALPES,0
2026-01-15,NIMES PONT DU GARD,AEROPORT ROISSY CDG 2 TGV,0
2026-01-15,NIMES PONT DU GARD,ARRAS,0
2026-01-15,NIMES PONT DU GARD,BRUXELLES MIDI,0
2026-01-15,NIMES PONT DU GARD,LILLE (intramuros),0
2026-01-15,NIMES PONT DU GARD,LYON (intramuros),1
2026-01-15,NIMES PONT DU GARD,MARNE LA VALLEE CHESSY,0
2026-01-15,NIMES PONT DU GARD,MONTPELLIER SUD DE FRANCE,0
2026-01-15,NIMES PONT DU GARD,TGV HAUTE PICARDIE,0
2026-01-15,NIMES PONT DU GARD,VALENCE TGV AUVERGNE RHONE ALPES,1
2026-01-15,PARIS (intramuros),AIX EN PROVENCE TGV,1
2026-01-15,PARIS (intramuros),AVIGNON TGV,1
2026-01-15,PARIS (intramuros),MARSEILLE ST CHARLES,1
2026-01-15,TGV HAUTE PICARDIE,AEROPORT ROISSY CDG 2 TGV,1
2026-01-15,TGV HAUTE PICARDIE,AIX EN PROVENCE TGV,0
2026-01-15,TGV HAUTE PICARDIE,ARRAS,1
2026-01-15,TGV HAUTE PICARDIE,AVIGNON TGV,0
2026-01-15,TGV HAUTE PICARDIE,BRUXELLES MIDI,0
2026-01-15,TGV HAUTE PICARDIE,DOUAI,1
2026-01-15,TGV HAUTE PICARDIE,LILLE (intramuros),1
2026-01-15,TGV HAUTE PICARDIE,LYON (intramuros),0
2026-01-15,TGV HAUTE PICARDIE,MARNE LA VALLEE CHESSY,1
2026-01-15,TGV HAUTE PICARDIE,MARSEILLE ST CHARLES,0
2026-01-15,TGV HAUTE PICARDIE,VALENCE TGV AUVERGNE RHONE ALPES,0
2026-01-15,VALENCE TGV AUVERGNE RHONE ALPES,AEROPORT ROISSY CDG 2 TGV,0
2026-01-15,VALENCE TGV AUVERGNE RHONE ALPES,ARRAS,0
2026-01-15,VALENCE TGV AUVERGNE RHONE ALPES,AVIGNON TGV,0
2026-01-15,VALENCE TGV AUVERGNE RHONE ALPES,BRUXELLES MIDI,0
2026-01-15,VALENCE TGV AUVERGNE RHONE ALPES,LILLE (intramuros),0
2026-01-15,VALENCE TGV AUVERGNE RHONE ALPES,LYON (intramuros),1
2026-01-15,VALENCE TGV AUVERGNE RHONE ALPES,MARNE LA VALLEE CHESSY,0
2026-01-15,VALENCE TGV AUVERGNE RHONE ALPES,MARSEILLE ST CHARLES,0
2026-01-15,VALENCE TGV AUVERGNE RHONE ALPES,MONTPELLIER SAINT ROCH,0
2026-01-15,VALENCE TGV AUVERGNE RHONE ALPES,MONTPELLIER SUD DE FRANCE,0
2026-01-15,VALENCE TGV AUVERGNE RHONE ALPES,NIMES CENTRE,0
2026-01-15,VALENCE TGV AUVERGNE RHONE ALPES,NIMES PONT DU GARD,0
2026-01-15,VALENCE TGV AUVERGNE RHONE ALPES,TGV HAUTE PICARDIE,0
2026-01-16,AEROPORT ROISSY CDG 2 TGV,AGDE,0
2026-01-16,AEROPORT ROISSY CDG 2 TGV,AIX EN PROVENCE TGV,0
2026-01-16,AEROPORT ROISSY CDG 2 TGV,ARRAS,0
2026-01-16,AEROPORT ROISSY CDG 2 TGV,AVIGNON TGV,0
2026-01-16,AEROPORT ROISSY CDG 2 TGV,BEZIERS,0
2026-01-16,AEROPORT ROISSY CDG 2 TGV,BRUXELLES MIDI,1
2026-01-16,AEROPORT ROISSY CDG 2 TGV,DOUAI,0
2026-01-16,AEROPORT ROISSY CDG 2 TGV,LILLE (intramuros),1
2026-01-16,AEROPORT ROISSY CDG 2 TGV,LYON (intramuros),0
2026-01-16,AEROPORT ROISSY CDG 2 TGV,MARNE LA VALLEE CHESSY,0
2026-01-16,AEROPORT ROISSY CDG 2 TGV,MARSEILLE ST CHARLES,0
2026-01-16,AEROPORT ROISSY CDG 2 TGV,MONTPELLIER SAINT ROCH,0
2026-01-16,AEROPORT ROISSY CDG 2 TGV,MONTPELLIER SUD DE FRANCE,0
2026-01-16,AEROPORT ROISSY CDG 2 TGV,NARBONNE,0
2026-01-16,AEROPORT ROISSY CDG 2 TGV,NIMES CENTRE,0
2026-01-16,AEROPORT ROISSY CDG 2 TGV,NIMES PONT DU GARD,0
2026-01-16,AEROPORT ROISSY CDG 2 TGV,PERPIGNAN,0
2026-01-16,AEROPORT ROISSY CDG 2 TGV,SETE,0
2026-01-16,AEROPORT ROISSY CDG 2 TGV,TGV HAUTE PICARDIE,0
2026-01-16,AEROPORT ROISSY CDG 2 TGV,VALENCE TGV AUVERGNE RHONE ALPES,0
2026-01-16,AGDE,BEZIERS,0
2026-01-16,AGDE,NARBONNE,0
2026-01-16,AGDE,PERPIGNAN,0
2026-01-16,AIX EN PROVENCE TGV,AEROPORT ROISSY CDG 2 TGV,0
2026-01-16,AIX EN PROVENCE TGV,AVIGNON TGV,1
2026-01-16,AIX EN PROVENCE TGV,BRUXELLES MIDI,0
2026-01-16,AIX EN PROVENCE TGV,LILLE (intramuros),0
2026-01-16,AIX EN PROVENCE TGV,LYON (intramuros),1
2026-01-16,AIX EN PROVENCE TGV,MARNE LA VALLEE CHESSY,0
2026-01-16,AIX EN PROVENCE TGV,MARSEILLE ST CHARLES,1
2026-01-16,ARRAS,AEROPORT ROISSY CDG 2 TGV,0
2026-01-16,ARRAS,AIX EN PROVENCE TGV,0
2026-01-16,ARRAS,AVIGNON TGV,0
2026-01-16,ARRAS,BRUXELLES MIDI,0
2026-01-16,ARRAS,DOUAI,0
2026-01-16,ARRAS,LILLE (intramuros),0
2026-01-16,ARRAS,LYON (intramuros),0
2026-01-16,ARRAS,MARNE LA VALLEE CHESSY,0
2026-01-16,ARRAS,MARSEILLE ST CHARLES,0
2026-01-16,ARRAS,TGV HAUTE PICARDIE,0
2026-01-16,AVIGNON TGV,AEROPORT ROISSY CDG 2 TGV,0
2026-01-16,AVIGNON TGV,AIX EN PROVENCE TGV,1
2026-01-16,AVIGNON TGV,BRUXELLES MIDI,0
2026-01-16,AVIGNON TGV,LILLE (intramuros),0
2026-01-16,AVIGNON TGV,LYON (intramuros),1
2026-01-16,AVIGNON TGV,MARNE LA VALLEE CHESSY,0
2026-01-16,AVIGNON TGV,MARSEILLE ST CHARLES,1
2026-01-16,BEZIERS,NARBONNE,0
2026-01-16,BEZIERS,PERPIGNAN,0
2026-01-16,BRUXELLES MIDI,AEROPORT ROISSY CDG 2 TGV,0
2026-01-16,BRUXELLES MIDI,AGDE,0
2026-01-16,BRUXELLES MIDI,AIX EN PROVENCE TGV,0
2026-01-16,BRUXELLES MIDI,AVIGNON TGV,0
2026-01-16,BRUXELLES MIDI,BEZIERS,0
2026-01-16,BRUXELLES MIDI,LILLE (intramuros),0
2026-01-16,BRUXELLES MIDI,LYON (intramuros),0
2026-01-16,BRUXELLES MIDI,MARNE LA VALLEE CHESSY,0
2026-01-16,BRUXELLES MIDI,MARSEILLE ST CHARLES,0
2026-01-16,BRUXELLES MIDI,MONTPELLIER SAINT ROCH,0
2026-01-16,BRUXELLES MIDI,MONTPELLIER SUD DE FRANCE,0
2026-01-16,BRUXELLES MIDI,NARBONNE,0
2026-01-16,BRUXELLES MIDI,NIMES CENTRE,0
2026-01-16,BRUXELLES MIDI,NIMES PONT DU GARD,0
2026-01-16,BRUXELLES MIDI,PERPIGNAN,0
2026-01-16,BRUXELLES MIDI,SETE,0
2026-01-16,BRUXELLES MIDI,TGV HAUTE PICARDIE,0
2026-01-16,BRUXELLES MIDI,VALENCE TGV AUVERGNE RHONE ALPES,0
2026-01-16,DOUAI,LILLE (intramuros),0
2026-01-16,LE CREUSOT MONTCEAU MONTCHANIN,AEROPORT ROISSY CDG 2 TGV,0
2026-01-16,LE CREUSOT MONTCEAU MONTCHANIN,BRUXELLES MIDI,0
2026-01-16,LE CREUSOT MONTCEAU MONTCHANIN,LILLE (intramuros),0
2026-01-16,LE CREUSOT MONTCEAU MONTCHANIN,MARNE LA VALLEE CHESSY,0
2026-01-16,LILLE (intramuros),AEROPORT ROISSY CDG 2 TGV,1
2026-01-16,LILLE (intramuros),AGDE,0
2026-01-16,LILLE (intramuros),AIX EN PROVENCE TGV,0
2026-01-16,LILLE (intramuros),ARRAS,0
2026-01-16,LILLE (intramuros),AVIGNON TGV,0
2026-01-16,LILLE (intramuros),BEZIERS,0
2026-01-16,LILLE (intramuros),BRUXELLES MIDI,1
2026-01-16,LILLE (intramuros),LYON (intramuros),0
2026-01-16,LILLE (intramuros),MARNE LA VALLEE CHESSY,1
2026-01-16,LILLE (intramuros),MARSEILLE ST CHARLES,0
2026-01-16,LILLE (intramuros),MONTPELLIER SAINT ROCH,0
2026-01-16,LILLE (intramuros),MONTPELLIER SUD DE FRANCE,0
2026-01-16,LILLE (intramuros),NARBONNE,0
2026-01-16,LILLE (intramuros),NIMES CENTRE,0
2026-01-16,LILLE (intramuros),NIMES PONT DU GARD,0
2026-01-16,LILLE (intramuros),PERPIGNAN,0
2026-01-16,LILLE (intramuros),SETE,0
2026-01-16,LILLE (intramuros),TGV HAUTE PICARDIE,0
2026-01-16,LILLE (intramuros),VALENCE TGV AUVERGNE RHONE ALPES,0
2026-01-16,LYON (intramuros),AEROPORT ROISSY CDG 2 TGV,0
2026-01-16,LYON (intramuros),AGDE,0
2026-01-16,LYON (intramuros),AIX EN PROVENCE TGV,0
2026-01-16,LYON (intramuros),ARRAS,0
2026-01-16,LYON (intramuros),AVIGNON TGV,0
2026-01-16,LYON (intramuros),BEZIERS,0
2026-01-16,LYON (intramuros),BRUXELLES MIDI,0
2026-01-16,LYON (intramuros),DOUAI,0
2026-01-16,LYON (intramuros),LE CREUSOT MONTCEAU MONTCHANIN,1
2026-01-16,LYON (intramuros),LILLE (intramuros),0
2026-01-16,LYON (intramuros),LYON (intramuros),1
2026-01-16,LYON (intramuros),MARNE LA VALLEE CHESSY,0
2026-01-16,LYON (intramuros),MARSEILLE ST CHARLES,0
2026-01-16,LYON (intramuros),MONTPELLIER SAINT ROCH,0
2026-01-16,LYON (intramuros),MONTPELLIER SUD DE FRANCE,0
2026-01-16,LYON (intramuros),NARBONNE,0
2026-01-16,LYON (intramuros),NIMES CENTRE,0
2026-01-16,LYON (intramuros),NIMES PONT DU GARD,0
2026-01-16,LYON (intramuros),PERPIGNAN,0
2026-01-16,LYON (intramuros),SETE,0
2026-01-16,LYON (intramuros),TGV HAUTE PICARDIE,0
2026-01-16,LYON (intramuros),VALENCE TGV AUVERGNE RHONE ALPES,0
2026-01-16,MARNE LA VALLEE CHESSY,AEROPORT ROISSY CDG 2 TGV,1
2026-01-16,MARNE LA VALLEE CHESSY,AGDE,0
2026-01-16,MARNE LA VALLEE CHESSY,AIX EN PROVENCE TGV,0
2026-01-16,MARNE LA VALLEE CHESSY,ARRAS,0
2026-01-16,MARNE LA VALLEE CHESSY,AVIGNON TGV,0
2026-01-16,MARNE LA VALLEE CHESSY,BEZIERS,0
2026-01-16,MARNE LA VALLEE CHESSY,BRUXELLES MIDI,1
2026-01-16,MARNE LA VALLEE CHESSY,DOUAI,0
2026-01-16,MARNE LA VALLEE CHESSY,LILLE (intramuros),1
2026-01-16,MARNE LA VALLEE CHESSY,LYON (intramuros),0
2026-01-16,MARNE LA VALLEE CHESSY,MARSEILLE ST CHARLES,0
2026-01-16,MARNE LA VALLEE CHESSY,MONTPELLIER SAINT ROCH,0
2026-01-16,MARNE LA VALLEE CHESSY,MONTPELLIER SUD DE FRANCE,0
2026-01-16,MARNE LA VALLEE CHESSY,NARBONNE,0
2026-01-16,MARNE LA VALLEE CHESSY,NIMES CENTRE,0
2026-01-16,MARNE LA VALLEE CHESSY,NIMES PONT DU GARD,0
2026-01-16,MARNE LA VALLEE CHESSY,PERPIGNAN,0
2026-01-16,MARNE LA VALLEE CHESSY,SETE,0
2026-01-16,MARNE LA VALLEE CHESSY,TGV HAUTE PICARDIE,0
2026-01-16,MARNE LA VALLEE CHESSY,VALENCE TGV AUVERGNE RHONE ALPES,0
2026-01-16,MARSEILLE ST CHARLES,AEROPORT ROISSY CDG 2 TGV,0
2026-01-16,MARSEILLE ST CHARLES,AIX EN PROVENCE TGV,1
2026-01-16,MARSEILLE ST CHARLES,AVIGNON TGV,1
2026-01-16,MARSEILLE ST CHARLES,BRUXELLES MIDI,0
2026-01-16,MARSEILLE ST CHARLES,LILLE (intramuros),0
2026-01-16,MARSEILLE ST CHARLES,LYON (intramuros),1
2026-01-16,MARSEILLE ST CHARLES,MARNE LA VALLEE CHESSY,0
2026-01-16,MONTPELLIER SAINT ROCH,AEROPORT ROISSY CDG 2 TGV,0
2026-01-16,MONTPELLIER SAINT ROCH,AGDE,0
2026-01-16,MONTPELLIER SAINT ROCH,BEZIERS,0
2026-01-16,MONTPELLIER SAINT ROCH,BRUXELLES MIDI,0
2026-01-16,MONTPELLIER SAINT ROCH,LILLE (intramuros),0
2026-01-16,MONTPELLIER SAINT ROCH,LYON (intramuros),0
2026-01-16,MONTPELLIER SAINT ROCH,MARNE LA VALLEE CHESSY,0
2026-01-16,MONTPELLIER SAINT ROCH,NARBONNE,0
2026-01-16,MONTPELLIER SAINT ROCH,NIMES CENTRE,0
2026-01-16,MONTPELLIER SAINT ROCH,PERPIGNAN,0
2026-01-16,MONTPELLIER SAINT ROCH,SETE,0
2026-01-16,MONTPELLIER SAINT ROCH,VALENCE TGV AUVERGNE RHONE ALPES,0
2026-01-16,MONTPELLIER SUD DE FRANCE,AEROPORT ROISSY CDG 2 TGV,0
2026-01-16,MONTPELLIER SUD DE FRANCE,ARRAS,0
2026-01-16,MONTPELLIER SUD DE FRANCE,BRUXELLES MIDI,0
2026-01-16,MONTPELLIER SUD DE FRANCE,LILLE (intramuros),0
2026-01-16,MONTPELLIER SUD DE FRANCE,LYON (intramuros),0
2026-01-16,MONTPELLIER SUD DE FRANCE,MARNE LA VALLEE CHESSY,0
2026-01-16,MONTPELLIER SUD DE FRANCE,NIMES PONT DU GARD,0
2026-01-16,MONTPELLIER SUD DE FRANCE,TGV HAUTE PICARDIE,0
2026-01-16,MONTPELLIER SUD DE FRANCE,VALENCE TGV AUVERGNE RHONE ALPES,0
2026-01-16,NARBONNE,PERPIGNAN,0
2026-01-16,NIMES CENTRE,AEROPORT ROISSY CDG 2 TGV,0
2026-01-16,NIMES CENTRE,AGDE,0
2026-01-16,NIMES CENTRE,BEZIERS,0
2026-01-16,NIMES CENTRE,BRUXELLES MIDI,0
2026-01-16,NIMES CENTRE,LILLE (intramuros),0
2026-01-16,NIMES CENTRE,LYON (intramuros),0
2026-01-16,NIMES CENTRE,MARNE LA VALLEE CHESSY,0
2026-01-16,NIMES CENTRE,MONTPELLIER SAINT ROCH,1
2026-01-16,NIMES CENTRE,NARBONNE,0
2026-01-16,NIMES CENTRE,PERPIGNAN,0
2026-01-16,NIMES CENTRE,SETE,0
2026-01-16,NIMES CENTRE,VALENCE TGV AUVERGNE RHONE ALPES,0
2026-01-16,NIMES PONT DU GARD,AEROPORT ROISSY CDG 2 TGV,0
2026-01-16,NIMES PONT DU GARD,ARRAS,0
2026-01-16,NIMES PONT DU GARD,BRUXELLES MIDI,0
2026-01-16,NIMES PONT DU GARD,LILLE (intramuros),0
2026-01-16,NIMES PONT DU GARD,LYON (intramuros),0
2026-01-16,NIMES PONT DU GARD,MARNE LA VALLEE CHESSY,0
2026-01-16,NIMES PONT DU GARD,MONTPELLIER SUD DE FRANCE,0
2026-01-16,NIMES PONT DU GARD,TGV HAUTE PICARDIE,0
2026-01-16,NIMES PONT DU GARD,VALENCE TGV AUVERGNE RHONE ALPES,0
2026-01-16,PARIS (intramuros),AIX EN PROVENCE TGV,1
2026-01-16,PARIS (intramuros),AVIGNON TGV,1
2026-01-16,PARIS (intramuros),MARSEILLE ST CHARLES,1
2026-01-16,SETE,AGDE,0
2026-01-16,SETE,BEZIERS,0
2026-01-16,SETE,NARBONNE,0
2026-01-16,SETE,PERPIGNAN,0
2026-01-16,TGV HAUTE PICARDIE,AEROPORT ROISSY CDG 2 TGV,0
2026-01-16,TGV HAUTE PICARDIE,AIX EN PROVENCE TGV,0
2026-01-16,TGV HAUTE PICARDIE,ARRAS,0
2026-01-16,TGV HAUTE PICARDIE,AVIGNON TGV,0
2026-01-16,TGV HAUTE PICARDIE,BRUXELLES MIDI,0
2026-01-16,TGV HAUTE PICARDIE,DOUAI,0
2026-01-16,TGV HAUTE PICARDIE,LILLE (intramuros),0
2026-01-16,TGV HAUTE PICARDIE,LYON (intramuros),0
2026-01-16,TGV HAUTE PICARDIE,MARNE LA VALLEE CHESSY,0
2026-01-16,TGV HAUTE PICARDIE,MARSEILLE ST CHARLES,0
2026-01-16,TGV HAUTE PICARDIE,VALENCE TGV AUVERGNE RHONE ALPES,0
2026-01-16,VALENCE TGV AUVERGNE RHONE ALPES,AEROPORT ROISSY CDG 2 TGV,0
2026-01-16,VALENCE TGV AUVERGNE RHONE ALPES,AGDE,0
2026-01-16,VALENCE TGV AUVERGNE RHONE ALPES,AIX EN PROVENCE TGV,0
2026-01-16,VALENCE TGV AUVERGNE RHONE ALPES,ARRAS,0
2026-01-16,VALENCE TGV AUVERGNE RHONE ALPES,AVIGNON TGV,0
2026-01-16,VALENCE TGV AUVERGNE RHONE ALPES,BEZIERS,0
2026-01-16,VALENCE TGV AUVERGNE RHONE ALPES,BRUXELLES MIDI,0
2026-01-16,VALENCE TGV AUVERGNE RHONE ALPES,LILLE (intramuros),0
2026-01-16,VALENCE TGV AUVERGNE RHONE ALPES,LYON (intramuros),0
2026-01-16,VALENCE TGV AUVERGNE RHONE ALPES,MARNE LA VALLEE CHESSY,0
2026-01-16,VALENCE TGV AUVERGNE RHONE ALPES,MARSEILLE ST CHARLES,0
2026-01-16,VALENCE TGV AUVERGNE RHONE ALPES,MONTPELLIER SAINT ROCH,0
2026-01-16,VALENCE TGV AUVERGNE RHONE ALPES,MONTPELLIER SUD DE FRANCE,0
2026-01-16,VALENCE TGV AUVERGNE RHONE ALPES,NARBONNE,0
2026-01-16,VALENCE TGV AUVERGNE RHONE ALPES,NIMES CENTRE,0
2026-01-16,VALENCE TGV AUVERGNE RHONE ALPES,NIMES PONT DU GARD,0
2026-01-16,VALENCE TGV AUVERGNE RHONE ALPES,PERPIGNAN,0
2026-01-16,VALENCE TGV AUVERGNE RHONE ALPES,SETE,0
2026-01-16,VALENCE TGV AUVERGNE RHONE ALPES,TGV HAUTE PICARDIE,0
2026-01-17,AEROPORT ROISSY CDG 2 TGV,AGDE,0
2026-01-17,AEROPORT ROISSY CDG 2 TGV,AIME LA PLAGNE,0
2026-01-17,AEROPORT ROISSY CDG 2 TGV,AIX EN PROVENCE TGV,0
2026-01-17,AEROPORT ROISSY CDG 2 TGV,ALBERTVILLE,0
2026-01-17,AEROPORT ROISSY CDG 2 TGV,ARRAS,1
2026-01-17,AEROPORT ROISSY CDG 2 TGV,AVIGNON TGV,0
2026-01-17,AEROPORT ROISSY CDG 2 TGV,BEZIERS,0
2026-01-17,AEROPORT ROISSY CDG 2 TGV,BOURG SAINT MAURICE,0
2026-01-17,AEROPORT ROISSY CDG 2 TGV,BRUXELLES MIDI,1
2026-01-17,AEROPORT ROISSY CDG 2 TGV,CHAMBERY CHALLES LES EAUX,0
2026-01-17,AEROPORT ROISSY CDG 2 TGV,DOUAI,0
2026-01-17,AEROPORT ROISSY CDG 2 TGV,LANDRY,0
2026-01-17,AEROPORT ROISSY CDG 2 TGV,LILLE (intramuros),1
2026-01-17,AEROPORT ROISSY CDG 2 TGV,LYON (intramuros),0
2026-01-17,AEROPORT ROISSY CDG 2 TGV,MARNE LA VALLEE CHESSY,0
2026-01-17,AEROPORT ROISSY CDG 2 TGV,MARSEILLE ST CHARLES,0
2026-01-17,AEROPORT ROISSY CDG 2 TGV,MONTPELLIER SAINT ROCH,0
2026-01-17,AEROPORT ROISSY CDG 2 TGV,MONTPELLIER SUD DE FRANCE,0
2026-01-17,AEROPORT ROISSY CDG 2 TGV,MOUTIERS SALINS BRIDES LES BAINS,0
2026-01-17,AEROPORT ROISSY CDG 2 TGV,NARBONNE,0
2026-01-17,AEROPORT ROISSY CDG 2 TGV,NIMES CENTRE,0
2026-01-17,AEROPORT ROISSY CDG 2 TGV,NIMES PONT DU GARD,0
2026-01-17,AEROPORT ROISSY CDG 2 TGV,PERPIGNAN,0
2026-01-17,AEROPORT ROISSY CDG 2 TGV,SETE,0
2026-01-17,AEROPORT ROISSY CDG 2 TGV,TGV HAUTE PICARDIE,1
2026-01-17,AEROPORT ROISSY CDG 2 TGV,VALENCE TGV AUVERGNE RHONE ALPES,0
2026-01-17,AGDE,AEROPORT ROISSY CDG 2 TGV,0
2026-01-17,AGDE,ARRAS,0
2026-01-17,AGDE,BEZIERS,1
2026-01-17,AGDE,BRUXELLES MIDI,0
2026-01-17,AGDE,LILLE (intramuros),0
2026-01-17,AGDE,LYON (intramuros),1
2026-01-17,AGDE,MARNE LA VALLEE CHESSY,0
2026-01-17,AGDE,MONTPELLIER SAINT ROCH,1
2026-01-17,AGDE,NARBONNE,1
2026-01-17,AGDE,NIMES CENTRE,1
2026-01-17,AGDE,PERPIGNAN,1
2026-01-17,AGDE,SETE,1
2026-01-17,AGDE,TGV HAUTE PICARDIE,0
2026-01-17,AGDE,VALENCE TGV AUVERGNE RHONE ALPES,1
2026-01-17,AIME LA PLAGNE,AEROPORT ROISSY CDG 2 TGV,0
2026-01-17,AIME LA PLAGNE,ALBERTVILLE,0
2026-01-17,AIME LA PLAGNE,ARRAS,0
2026-01-17,AIME LA PLAGNE,BOURG SAINT MAURICE,0
2026-01-17,AIME LA PLAGNE,CHAMBERY CHALLES LES EAUX,0
2026-01-17,AIME LA PLAGNE,DOUAI,0
2026-01-17,AIME LA PLAGNE,LANDRY,0
2026-01-17,AIME LA PLAGNE,LILLE (intramuros),0
2026-01-17,AIME LA PLAGNE,MARNE LA VALLEE CHESSY,0
2026-01-17,AIME LA PLAGNE,MOUTIERS SALINS BRIDES LES BAINS,0
2026-01-17,AIME LA PLAGNE,TGV HAUTE PICARDIE,0
2026-01-17,AIX EN PROVENCE TGV,AEROPORT ROISSY CDG 2 TGV,0
2026-01-17,AIX EN PROVENCE TGV,AVIGNON TGV,1
2026-01-17,AIX EN PROVENCE TGV,BRUXELLES MIDI,0
2026-01-17,AIX EN PROVENCE TGV,LILLE (intramuros),0
2026-01-17,AIX EN PROVENCE TGV,LYON (intramuros),1
2026-01-17,AIX EN PROVENCE TGV,MARNE LA VALLEE CHESSY,0
2026-01-17,AIX EN PROVENCE TGV,MARSEILLE ST CHARLES,1
2026-01-17,ALBERTVILLE,AEROPORT ROISSY CDG 2 TGV,0
2026-01-17,ALBERTVILLE,AIME LA PLAGNE,0
2026-01-17,ALBERTVILLE,ARRAS,0
2026-01-17,ALBERTVILLE,BOURG SAINT MAURICE,0
2026-01-17,ALBERTVILLE,CHAMBERY CHALLES LES EAUX,0
2026-01-17,ALBERTVILLE,DOUAI,0
2026-01-17,ALBERTVILLE,LANDRY,0
2026-01-17,ALBERTVILLE,LILLE (intramuros),0
2026-01-17,ALBERTVILLE,MARNE LA VALLEE CHESSY,0
2026-01-17,ALBERTVILLE,MOUTIERS SALINS BRIDES LES BAINS,0
2026-01-17,ALBERTVILLE,TGV HAUTE PICARDIE,0
2026-01-17,ARRAS,AEROPORT ROISSY CDG 2 TGV,0
2026-01-17,ARRAS,AIME LA PLAGNE,0
2026-01-17,ARRAS,ALBERTVILLE,0
2026-01-17,ARRAS,BOURG SAINT MAURICE,0
2026-01-17,ARRAS,BRUXELLES MIDI,1
2026-01-17,ARRAS,CHAMBERY CHALLES LES EAUX,0
2026-01-17,ARRAS,DOUAI,0
2026-01-17,ARRAS,LANDRY,0
2026-01-17,ARRAS,LILLE (intramuros),1
2026-01-17,ARRAS,MARNE LA VALLEE CHESSY,0
2026-01-17,ARRAS,MOUTIERS SALINS BRIDES LES BAINS,0
2026-01-17,ARRAS,TGV HAUTE PICARDIE,0
2026-01-17,AVIGNON TGV,AEROPORT ROISSY CDG 2 TGV,0
2026-01-17,AVIGNON TGV,AIX EN PROVENCE TGV,1
2026-01-17,AVIGNON TGV,BRUXELLES MIDI,0
2026-01-17,AVIGNON TGV,LILLE (intramuros),0
2026-01-17,AVIGNON TGV,LYON (intramuros),1
2026-01-17,AVIGNON TGV,MARNE LA VALLEE CHESSY,0
2026-01-17,AVIGNON TGV,MARSEILLE ST CHARLES,1
2026-01-17,BEZIERS,AEROPORT ROISSY CDG 2 TGV,0
2026-01-17,BEZIERS,AGDE,1
2026-01-17,BEZIERS,ARRAS,0
2026-01-17,BEZIERS,BRUXELLES MIDI,0
2026-01-17,BEZIERS,LILLE (intramuros),0
2026-01-17,BEZIERS,LYON (intramuros),1
2026-01-17,BEZIERS,MARNE LA VALLEE CHESSY,0
2026-01-17,BEZIERS,MONTPELLIER SAINT ROCH,1
2026-01-17,BEZIERS,NARBONNE,1
2026-01-17,BEZIERS,NIMES CENTRE,1
2026-01-17,BEZIERS,PERPIGNAN,1
2026-01-17,BEZIERS,SETE,1
2026-01-17,BEZIERS,TGV HAUTE PICARDIE,0
2026-01-17,BEZIERS,VALENCE TGV AUVERGNE RHONE ALPES,1
2026-01-17,BOURG SAINT MAURICE,AEROPORT ROISSY CDG 2 TGV,0
2026-01-17,BOURG SAINT MAURICE,AIME LA PLAGNE,0
2026-01-17,BOURG SAINT MAURICE,ALBERTVILLE,0
2026-01-17,BOURG SAINT MAURICE,ARRAS,0
2026-01-17,BOURG SAINT MAURICE,CHAMBERY CHALLES LES EAUX,0
2026-01-17,BOURG SAINT MAURICE,DOUAI,0
2026-01-17,BOURG SAINT MAURICE,LANDRY,0
2026-01-17,BOURG SAINT MAURICE,LILLE (intramuros),0
2026-01-17,BOURG SAINT MAURICE,MARNE LA VALLEE CHESSY,0
2026-01-17,BOURG SAINT MAURICE,MOUTIERS SALINS BRIDES LES BAINS,0
2026-01-17,BOURG SAINT MAURICE,TGV HAUTE PICARDIE,0
2026-01-17,BRUXELLES MIDI,AEROPORT ROISSY CDG 2 TGV,1
2026-01-17,BRUXELLES MIDI,AGDE,0
2026-01-17,BRUXELLES MIDI,AIX EN PROVENCE TGV,0
2026-01-17,BRUXELLES MIDI,AVIGNON TGV,0
2026-01-17,BRUXELLES MIDI,BEZIERS,0
2026-01-17,BRUXELLES MIDI,LILLE (intramuros),1
2026-01-17,BRUXELLES MIDI,LYON (intramuros),0
2026-01-17,BRUXELLES MIDI,MARNE LA VALLEE CHESSY,1
2026-01-17,BRUXELLES MIDI,MARSEILLE ST CHARLES,0
2026-01-17,BRUXELLES MIDI,MONTPELLIER SAINT ROCH,0
2026-01-17,BRUXELLES MIDI,MONTPELLIER SUD DE FRANCE,0
2026-01-17,BRUXELLES MIDI,NARBONNE,0
2026-01-17,BRUXELLES MIDI,NIMES CENTRE,0
2026-01-17,BRUXELLES MIDI,NIMES PONT DU GARD,0
2026-01-17,BRUXELLES MIDI,PERPIGNAN,0
2026-01-17,BRUXELLES MIDI,SETE,0
2026-01-17,BRUXELLES MIDI,TGV HAUTE PICARDIE,1
2026-01-17,BRUXELLES MIDI,VALENCE TGV AUVERGNE RHONE ALPES,0
2026-01-17,CHAMBERY CHALLES LES EAUX,AEROPORT ROISSY CDG 2 TGV,0
2026-01-17,CHAMBERY CHALLES LES EAUX,AIME LA PLAGNE,0
2026-01-17,CHAMBERY CHALLES LES EAUX,ALBERTVILLE,0
2026-01-17,CHAMBERY CHALLES LES EAUX,ARRAS,0
2026-01-17,CHAMBERY CHALLES LES EAUX,BOURG SAINT MAURICE,0
2026-01-17,CHAMBERY CHALLES LES EAUX,DOUAI,0
2026-01-17,CHAMBERY CHALLES LES EAUX,LANDRY,0
2026-01-17,CHAMBERY CHALLES LES EAUX,LILLE (intramuros),0
2026-01-17,CHAMBERY CHALLES LES EAUX,MARNE LA VALLEE CHESSY,0
2026-01-17,CHAMBERY CHALLES LES EAUX,MOUTIERS SALINS BRIDES LES BAINS,0
2026-01-17,CHAMBERY CHALLES LES EAUX,TGV HAUTE PICARDIE,0
2026-01-17,DOUAI,AEROPORT ROISSY CDG 2 TGV,0
2026-01-17,DOUAI,AIME LA PLAGNE,0
2026-01-17,DOUAI,ALBERTVILLE,0
2026-01-17,DOUAI,ARRAS,0
2026-01-17,DOUAI,BOURG SAINT MAURICE,0
2026-01-17,DOUAI,CHAMBERY CHALLES LES EAUX,0
2026-01-17,DOUAI,LANDRY,0
2026-01-17,DOUAI,LILLE (intramuros),0
2026-01-17,DOUAI,MARNE LA VALLEE CHESSY,0
2026-01-17,DOUAI,MOUTIERS SALINS BRIDES LES BAINS,0
2026-01-17,DOUAI,TGV HAUTE PICARDIE,0
2026-01-17,LANDRY,AEROPORT ROISSY CDG 2 TGV,0
2026-01-17,LANDRY,AIME LA PLAGNE,0
2026-01-17,LANDRY,ALBERTVILLE,0
2026-01-17,LANDRY,ARRAS,0
2026-01-17,LANDRY,BOURG SAINT MAURICE,0
2026-01-17,LANDRY,CHAMBERY CHALLES LES EAUX,0
2026-01-17,LANDRY,DOUAI,0
2026-01-17,LANDRY,LILLE (intramuros),0
2026-01-17,LANDRY,MARNE LA VALLEE CHESSY,0
2026-01-17,LANDRY,MOUTIERS SALINS BRIDES LES BAINS,0
2026-01-17,LANDRY,TGV HAUTE PICARDIE,0
2026-01-17,LE CREUSOT MONTCEAU MONTCHANIN,AEROPORT ROISSY CDG 2 TGV,0
2026-01-17,LE CREUSOT MONTCEAU MONTCHANIN,BRUXELLES MIDI,0
2026-01-17,LE CREUSOT MONTCEAU MONTCHANIN,LILLE (intramuros),0
2026-01-17,LE CREUSOT MONTCEAU MONTCHANIN,MARNE LA VALLEE CHESSY,0
2026-01-17,LILLE (intramuros),AEROPORT ROISSY CDG 2 TGV,1
2026-01-17,LILLE (intramuros),AGDE,0
2026-01-17,LILLE (intramuros),AIME LA PLAGNE,0
2026-01-17,LILLE (intramuros),AIX EN PROVENCE TGV,0
2026-01-17,LILLE (intramuros),ALBERTVILLE,0
2026-01-17,LILLE (intramuros),ARRAS,0
2026-01-17,LILLE (intramuros),AVIGNON TGV,0
2026-01-17,LILLE (intramuros),BEZIERS,0
2026-01-17,LILLE (intramuros),BOURG SAINT MAURICE,0
2026-01-17,LILLE (intramuros),BRUXELLES MIDI,1
2026-01-17,LILLE (intramuros),CHAMBERY CHALLES LES EAUX,0
2026-01-17,LILLE (intramuros),DOUAI,0
2026-01-17,LILLE (intramuros),LANDRY,0
2026-01-17,LILLE (intramuros),LYON (intramuros),0
2026-01-17,LILLE (intramuros),MARNE LA VALLEE CHESSY,1
2026-01-17,LILLE (intramuros),MARSEILLE ST CHARLES,0
2026-01-17,LILLE (intramuros),MONTPELLIER SAINT ROCH,0
2026-01-17,LILLE (intramuros),MONTPELLIER SUD DE FRANCE,0
2026-01-17,LILLE (intramuros),MOUTIERS SALINS BRIDES LES BAINS,0
2026-01-17,LILLE (intramuros),NARBONNE,0
2026-01-17,LILLE (intramuros),NIMES CENTRE,0
2026-01-17,LILLE (intramuros),NIMES PONT DU GARD,0
2026-01-17,LILLE (intramuros),PERPIGNAN,0
2026-01-17,LILLE (intramuros),SETE,0
2026-01-17,LILLE (intramuros),TGV HAUTE PICARDIE,1
2026-01-17,LILLE (intramuros),VALENCE TGV AUVERGNE RHONE ALPES,0
2026-01-17,LYON (intramuros),AEROPORT ROISSY CDG 2 TGV,1
2026-01-17,LYON (intramuros),AGDE,1
2026-01-17,LYON (intramuros),AIX EN PROVENCE TGV,1
2026-01-17,LYON (intramuros),ARRAS,0
2026-01-17,LYON (intramuros),AVIGNON TGV,1
2026-01-17,LYON (intramuros),BEZIERS,1
2026-01-17,LYON (intramuros),BRUXELLES MIDI,0
2026-01-17,LYON (intramuros),LE CREUSOT MONTCEAU MONTCHANIN,1
2026-01-17,LYON (intramuros),LILLE (intramuros),1
2026-01-17,LYON (intramuros),LYON (intramuros),1
2026-01-17,LYON (intramuros),MARNE LA VALLEE CHESSY,1
2026-01-17,LYON (intramuros),MARSEILLE ST CHARLES,1
2026-01-17,LYON (intramuros),MONTPELLIER SAINT ROCH,1
2026-01-17,LYON (intramuros),MONTPELLIER SUD DE FRANCE,1
2026-01-17,LYON (intramuros),NARBONNE,1
2026-01-17,LYON (intramuros),NIMES CENTRE,1
2026-01-17,LYON (intramuros),NIMES PONT DU GARD,1
2026-01-17,LYON (intramuros),PERPIGNAN,1
2026-01-17,LYON (intramuros),SETE,1
2026-01-17,LYON (intramuros),TGV HAUTE PICARDIE,0
2026-01-17,LYON (intramuros),VALENCE TGV AUVERGNE RHONE ALPES,1
2026-01-17,MARNE LA VALLEE CHESSY,AEROPORT ROISSY CDG 2 TGV,1
2026-01-17,MARNE LA VALLEE CHESSY,AGDE,0
2026-01-17,MARNE LA VALLEE CHESSY,AIME LA PLAGNE,0
2026-01-17,MARNE LA VALLEE CHESSY,AIX EN PROVENCE TGV,0
2026-01-17,MARNE LA VALLEE CHESSY,ALBERTVILLE,0
2026-01-17,MARNE LA VALLEE CHESSY,ARRAS,1
2026-01-17,MARNE LA VALLEE CHESSY,AVIGNON TGV,0
2026-01-17,MARNE LA VALLEE CHESSY,BEZIERS,0
2026-01-17,MARNE LA VALLEE CHESSY,BOURG SAINT MAURICE,0
2026-01-17,MARNE LA VALLEE CHESSY,BRUXELLES MIDI,1
2026-01-17,MARNE LA VALLEE CHESSY,CHAMBERY CHALLES LES EAUX,0
2026-01-17,MARNE LA VALLEE CHESSY,DOUAI,0
2026-01-17,MARNE LA VALLEE CHESSY,LANDRY,0
2026-01-17,MARNE LA VALLEE CHESSY,LILLE (intramuros),1
2026-01-17,MARNE LA VALLEE CHESSY,LYON (intramuros),0
2026-01-17,MARNE LA VALLEE CHESSY,MARSEILLE ST CHARLES,0
2026-01-17,MARNE LA VALLEE CHESSY,MONTPELLIER SAINT ROCH,0
2026-01-17,MARNE LA VALLEE CHESSY,MONTPELLIER SUD DE FRANCE,0
2026-01-17,MARNE LA VALLEE CHESSY,MOUTIERS SALINS BRIDES LES BAINS,0
2026-01-17,MARNE LA VALLEE CHESSY,NARBONNE,0
2026-01-17,MARNE LA VALLEE CHESSY,NIMES CENTRE,0
2026-01-17,MARNE LA VALLEE CHESSY,NIMES PONT DU GARD,0
2026-01-17,MARNE LA VALLEE CHESSY,PERPIGNAN,0
2026-01-17,MARNE LA VALLEE CHESSY,SETE,0
2026-01-17,MARNE LA VALLEE CHESSY,TGV HAUTE PICARDIE,1
2026-01-17,MARNE LA VALLEE CHESSY,VALENCE TGV AUVERGNE RHONE ALPES,0
2026-01-17,MARSEILLE ST CHARLES,AEROPORT ROISSY CDG 2 TGV,0
2026-01-17,MARSEILLE ST CHARLES,AIX EN PROVENCE TGV,1
2026-01-17,MARSEILLE ST CHARLES,AVIGNON TGV,1
2026-01-17,MARSEILLE ST CHARLES,BRUXELLES MIDI,0
2026-01-17,MARSEILLE ST CHARLES,LILLE (intramuros),0
2026-01-17,MARSEILLE ST CHARLES,LYON (intramuros),1
2026-01-17,MARSEILLE ST CHARLES,MARNE LA VALLEE CHESSY,0
2026-01-17,MONTPELLIER SAINT ROCH,AEROPORT ROISSY CDG 2 TGV,0
2026-01-17,MONTPELLIER SAINT ROCH,AGDE,1
2026-01-17,MONTPELLIER SAINT ROCH,ARRAS,0
2026-01-17,MONTPELLIER SAINT ROCH,BEZIERS,1
2026-01-17,MONTPELLIER SAINT ROCH,BRUXELLES MIDI,0
2026-01-17,MONTPELLIER SAINT ROCH,LILLE (intramuros),0
2026-01-17,MONTPELLIER SAINT ROCH,LYON (intramuros),1
2026-01-17,MONTPELLIER SAINT ROCH,MARNE LA VALLEE CHESSY,0
2026-01-17,MONTPELLIER SAINT ROCH,NARBONNE,1
2026-01-17,MONTPELLIER SAINT ROCH,NIMES CENTRE,1
2026-01-17,MONTPELLIER SAINT ROCH,PERPIGNAN,1
2026-01-17,MONTPELLIER SAINT ROCH,SETE,1
2026-01-17,MONTPELLIER SAINT ROCH,TGV HAUTE PICARDIE,0
2026-01-17,MONTPELLIER SAINT ROCH,VALENCE TGV AUVERGNE RHONE ALPES,1
2026-01-17,MONTPELLIER SUD DE FRANCE,AEROPORT ROISSY CDG 2 TGV,1
2026-01-17,MONTPELLIER SUD DE FRANCE,LILLE (intramuros),1
2026-01-17,MONTPELLIER SUD DE FRANCE,LYON (intramuros),1
2026-01-17,MONTPELLIER SUD DE FRANCE,MARNE LA VALLEE CHESSY,1
2026-01-17,MONTPELLIER SUD DE FRANCE,NIMES PONT DU GARD,1
2026-01-17,MONTPELLIER SUD DE FRANCE,VALENCE TGV AUVERGNE RHONE ALPES,1
2026-01-17,MOUTIERS SALINS BRIDES LES BAINS,AEROPORT ROISSY CDG 2 TGV,0
2026-01-17,MOUTIERS SALINS BRIDES LES BAINS,AIME LA PLAGNE,0
2026-01-17,MOUTIERS SALINS BRIDES LES BAINS,ALBERTVILLE,0
2026-01-17,MOUTIERS SALINS BRIDES LES BAINS,ARRAS,0
2026-01-17,MOUTIERS SALINS BRIDES LES BAINS,BOURG SAINT MAURICE,0
2026-01-17,MOUTIERS SALINS BRIDES LES BAINS,CHAMBERY CHALLES LES EAUX,0
2026-01-17,MOUTIERS SALINS BRIDES LES BAINS,DOUAI,0
2026-01-17,MOUTIERS SALINS BRIDES LES BAINS,LANDRY,0
2026-01-17,MOUTIERS SALINS BRIDES LES BAINS,LILLE (intramuros),0
2026-01-17,MOUTIERS SALINS BRIDES LES BAINS,MARNE LA VALLEE CHESSY,0
2026-01-17,MOUTIERS SALINS BRIDES LES BAINS,TGV HAUTE PICARDIE,0
2026-01-17,NARBONNE,AEROPORT ROISSY CDG 2 TGV,0
2026-01-17,NARBONNE,AGDE,1
2026-01-17,NARBONNE,ARRAS,0
2026-01-17,NARBONNE,BEZIERS,1
2026-01-17,NARBONNE,BRUXELLES MIDI,0
2026-01-17,NARBONNE,LILLE (intramuros),0
2026-01-17,NARBONNE,LYON (intramuros),1
2026-01-17,NARBONNE,MARNE LA VALLEE CHESSY,0
2026-01-17,NARBONNE,MONTPELLIER SAINT ROCH,1
2026-01-17,NARBONNE,NIMES CENTRE,1
2026-01-17,NARBONNE,PERPIGNAN,1
2026-01-17,NARBONNE,SETE,1
2026-01-17,NARBONNE,TGV HAUTE PICARDIE,0
2026-01-17,NARBONNE,VALENCE TGV AUVERGNE RHONE ALPES,1
2026-01-17,NIMES CENTRE,AEROPORT ROISSY CDG 2 TGV,0
2026-01-17,NIMES CENTRE,AGDE,1
2026-01-17,NIMES CENTRE,ARRAS,0
2026-01-17,NIMES CENTRE,BEZIERS,1
2026-01-17,NIMES CENTRE,BRUXELLES MIDI,0
2026-01-17,NIMES CENTRE,LILLE (intramuros),0
2026-01-17,NIMES CENTRE,LYON (intramuros),1
2026-01-17,NIMES CENTRE,MARNE LA VALLEE CHESSY,0
2026-01-17,NIMES CENTRE,MONTPELLIER SAINT ROCH,1
2026-01-17,NIMES CENTRE,NARBONNE,1
2026-01-17,NIMES CENTRE,PERPIGNAN,1
2026-01-17,NIMES CENTRE,SETE,1
2026-01-17,NIMES CENTRE,TGV HAUTE PICARDIE,0
2026-01-17,NIMES CENTRE,VALENCE TGV AUVERGNE RHONE ALPES,1
2026-01-17,NIMES PONT DU GARD,AEROPORT ROISSY CDG 2 TGV,1
2026-01-17,NIMES PONT DU GARD,LILLE (intramuros),1
2026-01-17,NIMES PONT DU GARD,LYON (intramuros),1
2026-01-17,NIMES PONT DU GARD,MARNE LA VALLEE CHESSY,1
2026-01-17,NIMES PONT DU GARD,MONTPELLIER SUD DE FRANCE,1
2026-01-17,NIMES PONT DU GARD,VALENCE TGV AUVERGNE RHONE ALPES,1
2026-01-17,PARIS (intramuros),AIX EN PROVENCE TGV,0
2026-01-17,PARIS (intramuros),AVIGNON TGV,0
2026-01-17,PARIS (intramuros),MARSEILLE ST CHARLES,0
2026-01-17,PERPIGNAN,AEROPORT ROISSY CDG 2 TGV,0
2026-01-17,PERPIGNAN,AGDE,1
2026-01-17,PERPIGNAN,ARRAS,0
2026-01-17,PERPIGNAN,BEZIERS,1
2026-01-17,PERPIGNAN,BRUXELLES MIDI,0
2026-01-17,PERPIGNAN,LILLE (intramuros),0
2026-01-17,PERPIGNAN,LYON (intramuros),1
2026-01-17,PERPIGNAN,MARNE LA VALLEE CHESSY,0
2026-01-17,PERPIGNAN,MONTPELLIER SAINT ROCH,1
2026-01-17,PERPIGNAN,NARBONNE,1
2026-01-17,PERPIGNAN,NIMES CENTRE,1
2026-01-17,PERPIGNAN,SETE,1
2026-01-17,PERPIGNAN,TGV HAUTE PICARDIE,0
2026-01-17,PERPIGNAN,VALENCE TGV AUVERGNE RHONE ALPES,1
2026-01-17,SETE,AEROPORT ROISSY CDG 2 TGV,0
2026-01-17,SETE,AGDE,1
2026-01-17,SETE,ARRAS,0
2026-01-17,SETE,BEZIERS,1
2026-01-17,SETE,BRUXELLES MIDI,0
2026-01-17,SETE,LILLE (intramuros),0
2026-01-17,SETE,LYON (intramuros),1
2026-01-17,SETE,MARNE LA VALLEE CHESSY,0
2026-01-17,SETE,MONTPELLIER SAINT ROCH,1
2026-01-17,SETE,NARBONNE,1
2026-01-17,SETE,NIMES CENTRE,1
2026-01-17,SETE,PERPIGNAN,1
2026-01-17,SETE,TGV HAUTE PICARDIE,0
2026-01-17,SETE,VALENCE TGV AUVERGNE RHONE ALPES,1
2026-01-17,TGV HAUTE PICARDIE,AEROPORT ROISSY CDG 2 TGV,1
2026-01-17,TGV HAUTE PICARDIE,AIME LA PLAGNE,0
2026-01-17,TGV HAUTE PICARDIE,ALBERTVILLE,0
2026-01-17,TGV HAUTE PICARDIE,ARRAS,1
2026-01-17,TGV HAUTE PICARDIE,AVIGNON TGV,0
2026-01-17,TGV HAUTE PICARDIE,BOURG SAINT MAURICE,0
2026-01-17,TGV HAUTE PICARDIE,BRUXELLES MIDI,1
2026-01-17,TGV HAUTE PICARDIE,CHAMBERY CHALLES LES EAUX,0
2026-01-17,TGV HAUTE PICARDIE,DOUAI,0
2026-01-17,TGV HAUTE PICARDIE,LANDRY,0
2026-01-17,TGV HAUTE PICARDIE,LILLE (intramuros),1
2026-01-17,TGV HAUTE PICARDIE,LYON (intramuros),0
2026-01-17,TGV HAUTE PICARDIE,MARNE LA VALLEE CHESSY,1
2026-01-17,TGV HAUTE PICARDIE,MARSEILLE ST CHARLES,0
2026-01-17,TGV HAUTE PICARDIE,MOUTIERS SALINS BRIDES LES BAINS,0
2026-01-17,TGV HAUTE PICARDIE,VALENCE TGV AUVERGNE RHONE ALPES,0
2026-01-17,VALENCE TGV AUVERGNE RHONE ALPES,AEROPORT ROISSY CDG 2 TGV,1
2026-01-17,VALENCE TGV AUVERGNE RHONE ALPES,AGDE,1
2026-01-17,VALENCE TGV AUVERGNE RHONE ALPES,AIX EN PROVENCE TGV,1
2026-01-17,VALENCE TGV AUVERGNE RHONE ALPES,ARRAS,0
2026-01-17,VALENCE TGV AUVERGNE RHONE ALPES,AVIGNON TGV,1
2026-01-17,VALENCE TGV AUVERGNE RHONE ALPES,BEZIERS,1
2026-01-17,VALENCE TGV AUVERGNE RHONE ALPES,BRUXELLES MIDI,0
2026-01-17,VALENCE TGV AUVERGNE RHONE ALPES,LILLE (intramuros),1
2026-01-17,VALENCE TGV AUVERGNE RHONE ALPES,LYON (intramuros),1
2026-01-17,VALENCE TGV AUVERGNE RHONE ALPES,MARNE LA VALLEE CHESSY,1
2026-01-17,VALENCE TGV AUVERGNE RHONE ALPES,MARSEILLE ST CHARLES,1
2026-01-17,VALENCE TGV AUVERGNE RHONE ALPES,MONTPELLIER SAINT ROCH,1
2026-01-17,VALENCE TGV AUVERGNE RHONE ALPES,MONTPELLIER SUD DE FRANCE,1
2026-01-17,VALENCE TGV AUVERGNE RHONE ALPES,NARBONNE,1
2026-01-17,VALENCE TGV AUVERGNE RHONE ALPES,NIMES CENTRE,1
2026-01-17,VALENCE TGV AUVERGNE RHONE ALPES,NIMES PONT DU GARD,1
2026-01-17,VALENCE TGV AUVERGNE RHONE ALPES,PERPIGNAN,1
2026-01-17,VALENCE TGV AUVERGNE RHONE ALPES,SETE,1
2026-01-17,VALENCE TGV AUVERGNE RHONE ALPES,TGV HAUTE PICARDIE,0
2026-01-18,AEROPORT ROISSY CDG 2 TGV,AIX EN PROVENCE TGV,0
2026-01-18,AEROPORT ROISSY CDG 2 TGV,ARRAS,0
2026-01-18,AEROPORT ROISSY CDG 2 TGV,AVIGNON TGV,0
2026-01-18,AEROPORT ROISSY CDG 2 TGV,BRUXELLES MIDI,0
2026-01-18,AEROPORT ROISSY CDG 2 TGV,DOUAI,0
2026-01-18,AEROPORT ROISSY CDG 2 TGV,LILLE (intramuros),0
2026-01-18,AEROPORT ROISSY CDG 2 TGV,LYON (intramuros),0
2026-01-18,AEROPORT ROISSY CDG 2 TGV,MARNE LA VALLEE CHESSY,0
2026-01-18,AEROPORT ROISSY CDG 2 TGV,MARSEILLE ST CHARLES,0
2026-01-18,AEROPORT ROISSY CDG 2 TGV,MONTPELLIER SAINT ROCH,0
2026-01-18,AEROPORT ROISSY CDG 2 TGV,MONTPELLIER SUD DE FRANCE,0
2026-01-18,AEROPORT ROISSY CDG 2 TGV,NIMES CENTRE,0
2026-01-18,AEROPORT ROISSY CDG 2 TGV,NIMES PONT DU GARD,0
2026-01-18,AEROPORT ROISSY CDG 2 TGV,TGV HAUTE PICARDIE,0
2026-01-18,AEROPORT ROISSY CDG 2 TGV,VALENCE TGV AUVERGNE RHONE ALPES,0
2026-01-18,AGDE,AEROPORT ROISSY CDG 2 TGV,0
2026-01-18,AGDE,ARRAS,0
2026-01-18,AGDE,BRUXELLES MIDI,0
2026-01-18,AGDE,LILLE (intramuros),0
2026-01-18,AGDE,LYON (intramuros),0
2026-01-18,AGDE,MARNE LA VALLEE CHESSY,0
2026-01-18,AGDE,MONTPELLIER SAINT ROCH,0
2026-01-18,AGDE,NIMES CENTRE,0
2026-01-18,AGDE,SETE,0
2026-01-18,AGDE,TGV HAUTE PICARDIE,0
2026-01-18,AGDE,VALENCE TGV AUVERGNE RHONE ALPES,0
2026-01-18,AIX EN PROVENCE TGV,AEROPORT ROISSY CDG 2 TGV,0
2026-01-18,AIX EN PROVENCE TGV,AVIGNON TGV,0
2026-01-18,AIX EN PROVENCE TGV,BRUXELLES MIDI,0
2026-01-18,AIX EN PROVENCE TGV,LILLE (intramuros),0
2026-01-18,AIX EN PROVENCE TGV,LYON (intramuros),0
2026-01-18,AIX EN PROVENCE TGV,MARNE LA VALLEE CHESSY,0
2026-01-18,AIX EN PROVENCE TGV,MARSEILLE ST CHARLES,0
2026-01-18,ARRAS,AEROPORT ROISSY CDG 2 TGV,0
2026-01-18,ARRAS,AIX EN PROVENCE TGV,0
2026-01-18,ARRAS,AVIGNON TGV,0
2026-01-18,ARRAS,BRUXELLES MIDI,0
2026-01-18,ARRAS,DOUAI,0
2026-01-18,ARRAS,LILLE (intramuros),0
2026-01-18,ARRAS,LYON (intramuros),0
2026-01-18,ARRAS,MARNE LA VALLEE CHESSY,0
2026-01-18,ARRAS,MARSEILLE ST CHARLES,0
2026-01-18,ARRAS,TGV HAUTE PICARDIE,0
2026-01-18,AVIGNON TGV,AEROPORT ROISSY CDG 2 TGV,0
2026-01-18,AVIGNON TGV,AIX EN PROVENCE TGV,0
2026-01-18,AVIGNON TGV,BRUXELLES MIDI,0
2026-01-18,AVIGNON TGV,LILLE (intramuros),0
2026-01-18,AVIGNON TGV,LYON (intramuros),0
2026-01-18,AVIGNON TGV,MARNE LA VALLEE CHESSY,0
2026-01-18,AVIGNON TGV,MARSEILLE ST CHARLES,0
2026-01-18,BEZIERS,AEROPORT ROISSY CDG 2 TGV,0
2026-01-18,BEZIERS,AGDE,0
2026-01-18,BEZIERS,ARRAS,0
2026-01-18,BEZIERS,BRUXELLES MIDI,0
2026-01-18,BEZIERS,LILLE (intramuros),0
2026-01-18,BEZIERS,LYON (intramuros),0
2026-01-18,BEZIERS,MARNE LA VALLEE CHESSY,0
2026-01-18,BEZIERS,MONTPELLIER SAINT ROCH,0
2026-01-18,BEZIERS,NIMES CENTRE,0
2026-01-18,BEZIERS,SETE,0
2026-01-18,BEZIERS,TGV HAUTE PICARDIE,0
2026-01-18,BEZIERS,VALENCE TGV AUVERGNE RHONE ALPES,0
2026-01-18,BRUXELLES MIDI,AEROPORT ROISSY CDG 2 TGV,0
2026-01-18,BRUXELLES MIDI,AIX EN PROVENCE TGV,0
2026-01-18,BRUXELLES MIDI,AVIGNON TGV,0
2026-01-18,BRUXELLES MIDI,LILLE (intramuros),0
2026-01-18,BRUXELLES MIDI,LYON (intramuros),0
2026-01-18,BRUXELLES MIDI,MARNE LA VALLEE CHESSY,0
2026-01-18,BRUXELLES MIDI,MARSEILLE ST CHARLES,0
2026-01-18,BRUXELLES MIDI,MONTPELLIER SAINT ROCH,0
2026-01-18,BRUXELLES MIDI,MONTPELLIER SUD DE FRANCE,0
2026-01-18,BRUXELLES MIDI,NIMES CENTRE,0
2026-01-18,BRUXELLES MIDI,NIMES PONT DU GARD,0
2026-01-18,BRUXELLES MIDI,TGV HAUTE PICARDIE,0
2026-01-18,BRUXELLES MIDI,VALENCE TGV AUVERGNE RHONE ALPES,0
2026-01-18,DOUAI,LILLE (intramuros),0
2026-01-18,LILLE (intramuros),AEROPORT ROISSY CDG 2 TGV,0
2026-01-18,LILLE (intramuros),AIX EN PROVENCE TGV,0
2026-01-18,LILLE (intramuros),ARRAS,0
2026-01-18,LILLE (intramuros),AVIGNON TGV,0
2026-01-18,LILLE (intramuros),BRUXELLES MIDI,0
2026-01-18,LILLE (intramuros),LYON (intramuros),0
2026-01-18,LILLE (intramuros),MARNE LA VALLEE CHESSY,0
2026-01-18,LILLE (intramuros),MARSEILLE ST CHARLES,0
2026-01-18,LILLE (intramuros),MONTPELLIER SAINT ROCH,0
2026-01-18,LILLE (intramuros),MONTPELLIER SUD DE FRANCE,0
2026-01-18,LILLE (intramuros),NIMES CENTRE,0
2026-01-18,LILLE (intramuros),NIMES PONT DU GARD,0
2026-01-18,LILLE (intramuros),TGV HAUTE PICARDIE,0
2026-01-18,LILLE (intramuros),VALENCE TGV AUVERGNE RHONE ALPES,0
2026-01-18,LYON (intramuros),AEROPORT ROISSY CDG 2 TGV,0
2026-01-18,LYON (intramuros),AIX EN PROVENCE TGV,0
2026-01-18,LYON (intramuros),ARRAS,0
2026-01-18,LYON (intramuros),AVIGNON TGV,0
2026-01-18,LYON (intramuros),BRUXELLES MIDI,0
2026-01-18,LYON (intramuros),DOUAI,0
2026-01-18,LYON (intramuros),LILLE (intramuros),0
2026-01-18,LYON (intramuros),LYON (intramuros),0
2026-01-18,LYON (intramuros),MARNE LA VALLEE CHESSY,0
2026-01-18,LYON (intramuros),MARSEILLE ST CHARLES,0
2026-01-18,LYON (intramuros),MONTPELLIER SAINT ROCH,0
2026-01-18,LYON (intramuros),MONTPELLIER SUD DE FRANCE,0
2026-01-18,LYON (intramuros),NIMES CENTRE,0
2026-01-18,LYON (intramuros),NIMES PONT DU GARD,0
2026-01-18,LYON (intramuros),TGV HAUTE PICARDIE,0
2026-01-18,LYON (intramuros),VALENCE TGV AUVERGNE RHONE ALPES,0
2026-01-18,MARNE LA VALLEE CHESSY,AEROPORT ROISSY CDG 2 TGV,0
2026-01-18,MARNE LA VALLEE CHESSY,AIX EN PROVENCE TGV,0
2026-01-18,MARNE LA VALLEE CHESSY,ARRAS,0
2026-01-18,MARNE LA VALLEE CHESSY,AVIGNON TGV,0
2026-01-18,MARNE LA VALLEE CHESSY,BRUXELLES MIDI,0
2026-01-18,MARNE LA VALLEE CHESSY,DOUAI,0
2026-01-18,MARNE LA VALLEE CHESSY,LILLE (intramuros),0
2026-01-18,MARNE LA VALLEE CHESSY,LYON (intramuros),0
2026-01-18,MARNE LA VALLEE CHESSY,MARSEILLE ST CHARLES,0
2026-01-18,MARNE LA VALLEE CHESSY,MONTPELLIER SAINT ROCH,0
2026-01-18,MARNE LA VALLEE CHESSY,MONTPELLIER SUD DE FRANCE,0
2026-01-18,MARNE LA VALLEE CHESSY,NIMES CENTRE,0
2026-01-18,MARNE LA VALLEE CHESSY,NIMES PONT DU GARD,0
2026-01-18,MARNE LA VALLEE CHESSY,TGV HAUTE PICARDIE,0
2026-01-18,MARNE LA VALLEE CHESSY,VALENCE TGV AUVERGNE RHONE ALPES,0
2026-01-18,MARSEILLE ST CHARLES,AEROPORT ROISSY CDG 2 TGV,0
2026-01-18,MARSEILLE ST CHARLES,AIX EN PROVENCE TGV,0
2026-01-18,MARSEILLE ST CHARLES,AVIGNON TGV,0
2026-01-18,MARSEILLE ST CHARLES,BRUXELLES MIDI,0
2026-01-18,MARSEILLE ST CHARLES,LILLE (intramuros),0
2026-01-18,MARSEILLE ST CHARLES,LYON (intramuros),0
2026-01-18,MARSEILLE ST CHARLES,MARNE LA VALLEE CHESSY,0
2026-01-18,MONTPELLIER SAINT ROCH,AEROPORT ROISSY CDG 2 TGV,0
2026-01-18,MONTPELLIER SAINT ROCH,ARRAS,0
2026-01-18,MONTPELLIER SAINT ROCH,BRUXELLES MIDI,0
2026-01-18,MONTPELLIER SAINT ROCH,LILLE (intramuros),0
2026-01-18,MONTPELLIER SAINT ROCH,LYON (intramuros),0
2026-01-18,MONTPELLIER SAINT ROCH,MARNE LA VALLEE CHESSY,0
2026-01-18,MONTPELLIER SAINT ROCH,NIMES CENTRE,0
2026-01-18,MONTPELLIER SAINT ROCH,TGV HAUTE PICARDIE,0
2026-01-18,MONTPELLIER SAINT ROCH,VALENCE TGV AUVERGNE RHONE ALPES,0
2026-01-18,MONTPELLIER SUD DE FRANCE,AEROPORT ROISSY CDG 2 TGV,0
2026-01-18,MONTPELLIER SUD DE FRANCE,LILLE (intramuros),0
2026-01-18,MONTPELLIER SUD DE FRANCE,LYON (intramuros),0
2026-01-18,MONTPELLIER SUD DE FRANCE,MARNE LA VALLEE CHESSY,0
2026-01-18,MONTPELLIER SUD DE FRANCE,NIMES PONT DU GARD,0
2026-01-18,MONTPELLIER SUD DE FRANCE,VALENCE TGV AUVERGNE RHONE ALPES,0
2026-01-18,NARBONNE,AEROPORT ROISSY CDG 2 TGV,0
2026-01-18,NARBONNE,AGDE,0
2026-01-18,NARBONNE,ARRAS,0
2026-01-18,NARBONNE,BEZIERS,0
2026-01-18,NARBONNE,BRUXELLES MIDI,0
2026-01-18,NARBONNE,LILLE (intramuros),0
2026-01-18,NARBONNE,LYON (intramuros),0
2026-01-18,NARBONNE,MARNE LA VALLEE CHESSY,0
2026-01-18,NARBONNE,MONTPELLIER SAINT ROCH,0
2026-01-18,NARBONNE,NIMES CENTRE,0
2026-01-18,NARBONNE,SETE,0
2026-01-18,NARBONNE,TGV HAUTE PICARDIE,0
2026-01-18,NARBONNE,VALENCE TGV AUVERGNE RHONE ALPES,0
2026-01-18,NIMES CENTRE,AEROPORT ROISSY CDG 2 TGV,0
2026-01-18,NIMES CENTRE,ARRAS,0
2026-01-18,NIMES CENTRE,BRUXELLES MIDI,0
2026-01-18,NIMES CENTRE,LILLE (intramuros),0
2026-01-18,NIMES CENTRE,LYON (intramuros),0
2026-01-18,NIMES CENTRE,MARNE LA VALLEE CHESSY,0
2026-01-18,NIMES CENTRE,MONTPELLIER SAINT ROCH,0
2026-01-18,NIMES CENTRE,TGV HAUTE PICARDIE,0
2026-01-18,NIMES CENTRE,VALENCE TGV AUVERGNE RHONE ALPES,0
2026-01-18,NIMES PONT DU GARD,AEROPORT ROISSY CDG 2 TGV,0
2026-01-18,NIMES PONT DU GARD,LILLE (intramuros),0
2026-01-18,NIMES PONT DU GARD,LYON (intramuros),0
2026-01-18,NIMES PONT DU GARD,MARNE LA VALLEE CHESSY,0
2026-01-18,NIMES PONT DU GARD,MONTPELLIER SUD DE FRANCE,0
2026-01-18,NIMES PONT DU GARD,VALENCE TGV AUVERGNE RHONE ALPES,0
2026-01-18,PARIS (intramuros),AIX EN PROVENCE TGV,0
2026-01-18,PARIS (intramuros),AVIGNON TGV,0
2026-01-18,PARIS (intramuros),MARSEILLE ST CHARLES,0
2026-01-18,PERPIGNAN,AEROPORT ROISSY CDG 2 TGV,0
2026-01-18,PERPIGNAN,AGDE,0
2026-01-18,PERPIGNAN,ARRAS,0
2026-01-18,PERPIGNAN,BEZIERS,0
2026-01-18,PERPIGNAN,BRUXELLES MIDI,0
2026-01-18,PERPIGNAN,LILLE (intramuros),0
2026-01-18,PERPIGNAN,LYON (intramuros),0
2026-01-18,PERPIGNAN,MARNE LA VALLEE CHESSY,0
2026-01-18,PERPIGNAN,MONTPELLIER SAINT ROCH,0
2026-01-18,PERPIGNAN,NARBONNE,0
2026-01-18,PERPIGNAN,NIMES CENTRE,0
2026-01-18,PERPIGNAN,SETE,0
2026-01-18,PERPIGNAN,TGV HAUTE PICARDIE,0
2026-01-18,PERPIGNAN,VALENCE TGV AUVERGNE RHONE ALPES,0
2026-01-18,SETE,AEROPORT ROISSY CDG 2 TGV,0
2026-01-18,SETE,ARRAS,0
2026-01-18,SETE,BRUXELLES MIDI,0
2026-01-18,SETE,LILLE (intramuros),0
2026-01-18,SETE,LYON (intramuros),0
2026-01-18,SETE,MARNE LA VALLEE CHESSY,0
2026-01-18,SETE,MONTPELLIER SAINT ROCH,0
2026-01-18,SETE,NIMES CENTRE,0
2026-01-18,SETE,TGV HAUTE PICARDIE,0
2026-01-18,SETE,VALENCE TGV AUVERGNE RHONE ALPES,0
2026-01-18,TGV HAUTE PICARDIE,AEROPORT ROISSY CDG 2 TGV,0
2026-01-18,TGV HAUTE PICARDIE,AIX EN PROVENCE TGV,0
2026-01-18,TGV HAUTE PICARDIE,ARRAS,0
2026-01-18,TGV HAUTE PICARDIE,AVIGNON TGV,0
2026-01-18,TGV HAUTE PICARDIE,BRUXELLES MIDI,0
2026-01-18,TGV HAUTE PICARDIE,DOUAI,0
2026-01-18,TGV HAUTE PICARDIE,LILLE (intramuros),0
2026-01-18,TGV HAUTE PICARDIE,LYON (intramuros),0
2026-01-18,TGV HAUTE PICARDIE,MARNE LA VALLEE CHESSY,0
2026-01-18,TGV HAUTE PICARDIE,MARSEILLE ST CHARLES,0
2026-01-18,TGV HAUTE PICARDIE,VALENCE TGV AUVERGNE RHONE ALPES,0
2026-01-18,VALENCE TGV AUVERGNE RHONE ALPES,AEROPORT ROISSY CDG 2 TGV,0
2026-01-18,VALENCE TGV AUVERGNE RHONE ALPES,ARRAS,0
2026-01-18,VALENCE TGV AUVERGNE RHONE ALPES,AVIGNON TGV,0
2026-01-18,VALENCE TGV AUVERGNE RHONE ALPES,BRUXELLES MIDI,0
2026-01-18,VALENCE TGV AUVERGNE RHONE ALPES,LILLE (intramuros),0
2026-01-18,VALENCE TGV AUVERGNE RHONE ALPES,LYON (intramuros),0
2026-01-18,VALENCE TGV AUVERGNE RHONE ALPES,MARNE LA VALLEE CHESSY,0
2026-01-18,VALENCE TGV AUVERGNE RHONE ALPES,MARSEILLE ST CHARLES,0
2026-01-18,VALENCE TGV AUVERGNE RHONE ALPES,MONTPELLIER SAINT ROCH,0
2026-01-18,VALENCE TGV AUVERGNE RHONE ALPES,MONTPELLIER SUD DE FRANCE,0
2026-01-18,VALENCE TGV AUVERGNE RHONE ALPES,NIMES CENTRE,0
2026-01-18,VALENCE TGV AUVERGNE RHONE ALPES,NIMES PONT DU GARD,0
2026-01-18,VALENCE TGV AUVERGNE RHONE ALPES,TGV HAUTE PICARDIE,0
