origine,destination,delta_days,proba_open
AURAY,LAVAL,0,0.4117537313432836
AURAY,LAVAL,1,0.4065298507462687
AURAY,LAVAL,2,0.42230483271375463
AURAY,LAVAL,3,0.38907407407407407
AURAY,LAVAL,4,0.15018518518518517
AURAY,LAVAL,5,0.15574074074074074
AURAY,LAVAL,6,0.1717472118959108
AURAY,LAVAL,7,0.16096654275092936
AURAY,LAVAL,8,0.13438661710037175
AURAY,LAVAL,9,0.1355018587360595
AURAY,LAVAL,10,0.14256505576208178
AURAY,LAVAL,11,0.14200743494423793
AURAY,LAVAL,12,0.04925373134328358
AURAY,LAVAL,13,0.046441947565543075
AURAY,LAVAL,14,0.04029850746268657
AURAY,LAVAL,15,0.03651685393258427
AURAY,LAVAL,16,0.03470149253731344
AURAY,LAVAL,17,0.03805970149253731
AURAY,LAVAL,18,0.04011194029850746
AURAY,LAVAL,19,0.03876404494382022
AURAY,LAVAL,20,0.0406015037593985
AURAY,LAVAL,21,0.041698113207547176
AURAY,LAVAL,22,0.04450757575757576
AURAY,LAVAL,23,0.0509433962264151
AURAY,LAVAL,24,0.052452830188679245
AURAY,LAVAL,25,0.053018867924528305
AURAY,LAVAL,26,0.05416666666666667
AURAY,LAVAL,27,0.06041666666666667
AURAY,LAVAL,28,0.05965909090909091
AURAY,LAVAL,29,0.056818181818181816
AURAY,LAVAL,30,0.009659090909090909
AURAY,PARIS (intramuros),0,0.6483630952380952
AURAY,PARIS (intramuros),1,0.6383928571428571
AURAY,PARIS (intramuros),2,0.6331845238095238
AURAY,PARIS (intramuros),3,0.6238095238095238
AURAY,PARIS (intramuros),4,0.4482142857142857
AURAY,PARIS (intramuros),5,0.4394345238095238
AURAY,PARIS (intramuros),6,0.43705357142857143
AURAY,PARIS (intramuros),7,0.43705357142857143
AURAY,PARIS (intramuros),8,0.3994047619047619
AURAY,PARIS (intramuros),9,0.39613095238095236
AURAY,PARIS (intramuros),10,0.4264880952380953
AURAY,PARIS (intramuros),11,0.4462797619047619
AURAY,PARIS (intramuros),12,0.2924107142857143
AURAY,PARIS (intramuros),13,0.2851190476190476
AURAY,PARIS (intramuros),14,0.2892857142857143
AURAY,PARIS (intramuros),15,0.2976190476190476
AURAY,PARIS (intramuros),16,0.3013392857142857
AURAY,PARIS (intramuros),17,0.3087797619047619
AURAY,PARIS (intramuros),18,0.3148809523809524
AURAY,PARIS (intramuros),19,0.3142857142857143
AURAY,PARIS (intramuros),20,0.3145833333333333
AURAY,PARIS (intramuros),21,0.3205970149253731
AURAY,PARIS (intramuros),22,0.3277611940298507
AURAY,PARIS (intramuros),23,0.33368263473053894
AURAY,PARIS (intramuros),24,0.34341317365269464
AURAY,PARIS (intramuros),25,0.34805389221556887
AURAY,PARIS (intramuros),26,0.35598802395209583
AURAY,PARIS (intramuros),27,0.35359281437125745
AURAY,PARIS (intramuros),28,0.35825825825825824
AURAY,PARIS (intramuros),29,0.35134730538922154
AURAY,PARIS (intramuros),30,0.027259036144578315
AURAY,REDON,0,0.9816666666666667
AURAY,REDON,1,0.9780936454849498
AURAY,REDON,2,0.9635906040268456
AURAY,REDON,3,0.9438127090301003
AURAY,REDON,4,0.8299003322259136
AURAY,REDON,5,0.8242524916943521
AURAY,REDON,6,0.7832225913621262
AURAY,REDON,7,0.7818936877076412
AURAY,REDON,8,0.751328903654485
AURAY,REDON,9,0.7343333333333334
AURAY,REDON,10,0.7001666666666667
AURAY,REDON,11,0.6908637873754152
AURAY,REDON,12,0.4946488294314381
AURAY,REDON,13,0.4812080536912752
AURAY,REDON,14,0.47441077441077445
AURAY,REDON,15,0.47558922558922556
AURAY,REDON,16,0.46959459459459457
AURAY,REDON,17,0.47145270270270273
AURAY,REDON,18,0.4716949152542373
AURAY,REDON,19,0.4615646258503401
AURAY,REDON,20,0.45629251700680273
AURAY,REDON,21,0.4544368600682594
AURAY,REDON,22,0.4559726962457338
AURAY,REDON,23,0.4570446735395189
AURAY,REDON,24,0.4561643835616438
AURAY,REDON,25,0.4554794520547945
AURAY,REDON,26,0.4580479452054795
AURAY,REDON,27,0.4620274914089347
AURAY,REDON,28,0.4642611683848797
AURAY,REDON,29,0.46134020618556704
AURAY,REDON,30,0.032525951557093424
AURAY,RENNES,0,0.9335329341317365
AURAY,RENNES,1,0.9308383233532933
AURAY,RENNES,2,0.9163173652694611
AURAY,RENNES,3,0.9080838323353294
AURAY,RENNES,4,0.8678143712574851
AURAY,RENNES,5,0.859880239520958
AURAY,RENNES,6,0.8556886227544911
AURAY,RENNES,7,0.8468562874251497
AURAY,RENNES,8,0.8226047904191617
AURAY,RENNES,9,0.7926426426426426
AURAY,RENNES,10,0.7834834834834834
AURAY,RENNES,11,0.7765765765765766
AURAY,RENNES,12,0.6792792792792792
AURAY,RENNES,13,0.6690690690690692
AURAY,RENNES,14,0.6522522522522523
AURAY,RENNES,15,0.6545045045045045
AURAY,RENNES,16,0.6487951807228916
AURAY,RENNES,17,0.6519519519519519
AURAY,RENNES,18,0.6501506024096385
AURAY,RENNES,19,0.647289156626506
AURAY,RENNES,20,0.634789156626506
AURAY,RENNES,21,0.6327794561933534
AURAY,RENNES,22,0.6270392749244713
AURAY,RENNES,23,0.6257575757575757
AURAY,RENNES,24,0.6219033232628398
AURAY,RENNES,25,0.6212121212121212
AURAY,RENNES,26,0.6212121212121212
AURAY,RENNES,27,0.6168181818181818
AURAY,RENNES,28,0.613677811550152
AURAY,RENNES,29,0.6078787878787879
AURAY,RENNES,30,0.019207317073170735
AURAY,VANNES,0,0.9980654761904763
AURAY,VANNES,1,0.9992559523809523
AURAY,VANNES,2,0.9988095238095239
AURAY,VANNES,3,0.9985119047619048
AURAY,VANNES,4,0.9918154761904762
AURAY,VANNES,5,0.9834821428571429
AURAY,VANNES,6,0.9772321428571429
AURAY,VANNES,7,0.9711309523809524
AURAY,VANNES,8,0.9671130952380952
AURAY,VANNES,9,0.9657738095238095
AURAY,VANNES,10,0.9569940476190476
AURAY,VANNES,11,0.9345238095238095
AURAY,VANNES,12,0.8904761904761904
AURAY,VANNES,13,0.875
AURAY,VANNES,14,0.8650297619047619
AURAY,VANNES,15,0.8538690476190476
AURAY,VANNES,16,0.8425595238095239
AURAY,VANNES,17,0.8324404761904761
AURAY,VANNES,18,0.8245535714285714
AURAY,VANNES,19,0.8008928571428572
AURAY,VANNES,20,0.7840773809523809
AURAY,VANNES,21,0.7713432835820895
AURAY,VANNES,22,0.7649253731343284
AURAY,VANNES,23,0.7597305389221557
AURAY,VANNES,24,0.7449101796407186
AURAY,VANNES,25,0.7326347305389221
AURAY,VANNES,26,0.723502994011976
AURAY,VANNES,27,0.7175149700598803
AURAY,VANNES,28,0.7100600600600601
AURAY,VANNES,29,0.7017964071856287
AURAY,VANNES,30,0.03780120481927711
BREST,GUINGAMP,0,0.9970149253731343
BREST,GUINGAMP,1,0.9980597014925374
BREST,GUINGAMP,2,0.9958208955223882
BREST,GUINGAMP,3,0.9952238805970148
BREST,GUINGAMP,4,0.988358208955224
BREST,GUINGAMP,5,0.9873134328358208
BREST,GUINGAMP,6,0.9862686567164178
BREST,GUINGAMP,7,0.9835820895522388
BREST,GUINGAMP,8,0.9711940298507463
BREST,GUINGAMP,9,0.9556716417910447
BREST,GUINGAMP,10,0.9432835820895522
BREST,GUINGAMP,11,0.9316417910447762
BREST,GUINGAMP,12,0.888358208955224
BREST,GUINGAMP,13,0.8773134328358209
BREST,GUINGAMP,14,0.8556886227544911
BREST,GUINGAMP,15,0.8348802395209581
BREST,GUINGAMP,16,0.8226047904191617
BREST,GUINGAMP,17,0.8037425149700599
BREST,GUINGAMP,18,0.7823353293413174
BREST,GUINGAMP,19,0.7639221556886228
BREST,GUINGAMP,20,0.7284431137724551
BREST,GUINGAMP,21,0.713963963963964
BREST,GUINGAMP,22,0.6860778443113773
BREST,GUINGAMP,23,0.6796686746987952
BREST,GUINGAMP,24,0.6691265060240964
BREST,GUINGAMP,25,0.6468373493975904
BREST,GUINGAMP,26,0.6293051359516617
BREST,GUINGAMP,27,0.6118181818181818
BREST,GUINGAMP,28,0.6063829787234043
BREST,GUINGAMP,29,0.5943939393939394
BREST,GUINGAMP,30,0.036737804878048785
BREST,LAMBALLE,0,0.9531045751633986
BREST,LAMBALLE,1,0.9532362459546926
BREST,LAMBALLE,2,0.9312903225806451
BREST,LAMBALLE,3,0.8937096774193549
BREST,LAMBALLE,4,0.6401612903225806
BREST,LAMBALLE,5,0.6119354838709677
BREST,LAMBALLE,6,0.5519417475728156
BREST,LAMBALLE,7,0.5056818181818182
BREST,LAMBALLE,8,0.4314935064935065
BREST,LAMBALLE,9,0.38599348534201955
BREST,LAMBALLE,10,0.3366013071895425
BREST,LAMBALLE,11,0.29983660130718953
BREST,LAMBALLE,12,0.17009803921568625
BREST,LAMBALLE,13,0.1606907894736842
BREST,LAMBALLE,14,0.13026315789473686
BREST,LAMBALLE,15,0.12887788778877887
BREST,LAMBALLE,16,0.1240066225165563
BREST,LAMBALLE,17,0.11445182724252492
BREST,LAMBALLE,18,0.10996677740863788
BREST,LAMBALLE,19,0.10283333333333333
BREST,LAMBALLE,20,0.09966555183946489
BREST,LAMBALLE,21,0.09748322147651008
BREST,LAMBALLE,22,0.0904040404040404
BREST,LAMBALLE,23,0.09259259259259259
BREST,LAMBALLE,24,0.09847972972972972
BREST,LAMBALLE,25,0.10033783783783784
BREST,LAMBALLE,26,0.09830508474576272
BREST,LAMBALLE,27,0.09540816326530613
BREST,LAMBALLE,28,0.08754266211604095
BREST,LAMBALLE,29,0.08458904109589041
BREST,LAMBALLE,30,0.010309278350515464
BREST,LANDERNEAU,0,0.7162721893491124
BREST,LANDERNEAU,1,0.7052631578947368
BREST,LANDERNEAU,2,0.6538011695906433
BREST,LANDERNEAU,3,0.5982352941176471
BREST,LANDERNEAU,4,0.1473529411764706
BREST,LANDERNEAU,5,0.1023391812865497
BREST,LANDERNEAU,6,0.09235294117647058
BREST,LANDERNEAU,7,0.07676470588235294
BREST,LANDERNEAU,8,0.05117647058823529
BREST,LANDERNEAU,9,0.04792899408284024
BREST,LANDERNEAU,10,0.0470414201183432
BREST,LANDERNEAU,11,0.04205882352941177
BREST,LANDERNEAU,12,0.011538461538461539
BREST,LANDERNEAU,13,0.009523809523809523
BREST,LANDERNEAU,14,0.008928571428571428
BREST,LANDERNEAU,15,0.009523809523809525
BREST,LANDERNEAU,16,0.008630952380952382
BREST,LANDERNEAU,17,0.007738095238095238
BREST,LANDERNEAU,18,0.00744047619047619
BREST,LANDERNEAU,19,0.00688622754491018
BREST,LANDERNEAU,20,0.0074850299401197605
BREST,LANDERNEAU,21,0.011746987951807229
BREST,LANDERNEAU,22,0.011746987951807229
BREST,LANDERNEAU,23,0.011746987951807229
BREST,LANDERNEAU,24,0.011746987951807229
BREST,LANDERNEAU,25,0.012349397590361445
BREST,LANDERNEAU,26,0.012650602409638554
BREST,LANDERNEAU,27,0.012727272727272728
BREST,LANDERNEAU,28,0.013939393939393939
BREST,LANDERNEAU,29,0.016060606060606063
BREST,LANDERNEAU,30,0.002121212121212121
BREST,LAVAL,0,0.36099656357388316
BREST,LAVAL,1,0.3873720136518771
BREST,LAVAL,2,0.36638225255972695
BREST,LAVAL,3,0.32294520547945205
BREST,LAVAL,4,0.11695205479452055
BREST,LAVAL,5,0.10614334470989761
BREST,LAVAL,6,0.10819112627986348
BREST,LAVAL,7,0.12108843537414966
BREST,LAVAL,8,0.09319727891156462
BREST,LAVAL,9,0.09693877551020408
BREST,LAVAL,10,0.10017006802721089
BREST,LAVAL,11,0.1011864406779661
BREST,LAVAL,12,0.026610169491525424
BREST,LAVAL,13,0.02440273037542662
BREST,LAVAL,14,0.02440273037542662
BREST,LAVAL,15,0.02372013651877133
BREST,LAVAL,16,0.020819112627986348
BREST,LAVAL,17,0.02216494845360825
BREST,LAVAL,18,0.02422680412371134
BREST,LAVAL,19,0.02724137931034483
BREST,LAVAL,20,0.03127147766323024
BREST,LAVAL,21,0.03413793103448276
BREST,LAVAL,22,0.03775862068965517
BREST,LAVAL,23,0.04155172413793104
BREST,LAVAL,24,0.0421875
BREST,LAVAL,25,0.04221453287197231
BREST,LAVAL,26,0.04480968858131488
BREST,LAVAL,27,0.04461805555555556
BREST,LAVAL,28,0.04513888888888889
BREST,LAVAL,29,0.04652777777777778
BREST,LAVAL,30,0.005902777777777778
BREST,MORLAIX,0,0.9955223880597015
BREST,MORLAIX,1,0.9955223880597015
BREST,MORLAIX,2,0.9944776119402985
BREST,MORLAIX,3,0.9935820895522389
BREST,MORLAIX,4,0.9886567164179104
BREST,MORLAIX,5,0.9865671641791045
BREST,MORLAIX,6,0.9853731343283583
BREST,MORLAIX,7,0.9817910447761193
BREST,MORLAIX,8,0.9697014925373135
BREST,MORLAIX,9,0.9543283582089552
BREST,MORLAIX,10,0.9434328358208955
BREST,MORLAIX,11,0.9319402985074626
BREST,MORLAIX,12,0.8856716417910447
BREST,MORLAIX,13,0.8723880597014926
BREST,MORLAIX,14,0.8488023952095808
BREST,MORLAIX,15,0.8338323353293413
BREST,MORLAIX,16,0.8167664670658683
BREST,MORLAIX,17,0.8001497005988024
BREST,MORLAIX,18,0.7788922155688622
BREST,MORLAIX,19,0.7612275449101796
BREST,MORLAIX,20,0.7288922155688622
BREST,MORLAIX,21,0.7115615615615615
BREST,MORLAIX,22,0.6895209580838324
BREST,MORLAIX,23,0.6835843373493976
BREST,MORLAIX,24,0.6716867469879518
BREST,MORLAIX,25,0.647289156626506
BREST,MORLAIX,26,0.6320241691842899
BREST,MORLAIX,27,0.6113636363636363
BREST,MORLAIX,28,0.6027355623100304
BREST,MORLAIX,29,0.5859090909090909
BREST,MORLAIX,30,0.04070121951219512
BREST,PARIS (intramuros),0,0.6361194029850746
BREST,PARIS (intramuros),1,0.6394029850746268
BREST,PARIS (intramuros),2,0.6288059701492538
BREST,PARIS (intramuros),3,0.6208955223880597
BREST,PARIS (intramuros),4,0.3961194029850746
BREST,PARIS (intramuros),5,0.38567164179104474
BREST,PARIS (intramuros),6,0.39880597014925373
BREST,PARIS (intramuros),7,0.3944776119402985
BREST,PARIS (intramuros),8,0.35477611940298504
BREST,PARIS (intramuros),9,0.3619402985074627
BREST,PARIS (intramuros),10,0.39268656716417916
BREST,PARIS (intramuros),11,0.4017910447761194
BREST,PARIS (intramuros),12,0.222089552238806
BREST,PARIS (intramuros),13,0.2155223880597015
BREST,PARIS (intramuros),14,0.21567164179104478
BREST,PARIS (intramuros),15,0.22402985074626866
BREST,PARIS (intramuros),16,0.2347761194029851
BREST,PARIS (intramuros),17,0.23850746268656717
BREST,PARIS (intramuros),18,0.24283582089552236
BREST,PARIS (intramuros),19,0.24865671641791043
BREST,PARIS (intramuros),20,0.2543283582089552
BREST,PARIS (intramuros),21,0.2607462686567164
BREST,PARIS (intramuros),22,0.2725373134328358
BREST,PARIS (intramuros),23,0.27979041916167663
BREST,PARIS (intramuros),24,0.29161676646706586
BREST,PARIS (intramuros),25,0.2952095808383233
BREST,PARIS (intramuros),26,0.3040419161676647
BREST,PARIS (intramuros),27,0.30615615615615616
BREST,PARIS (intramuros),28,0.31486486486486487
BREST,PARIS (intramuros),29,0.31276276276276277
BREST,PARIS (intramuros),30,0.025150602409638553
BREST,PLOUARET TREGOR,0,0.927568493150685
BREST,PLOUARET TREGOR,1,0.9106779661016948
BREST,PLOUARET TREGOR,2,0.8783050847457627
BREST,PLOUARET TREGOR,3,0.8303389830508474
BREST,PLOUARET TREGOR,4,0.44881355932203393
BREST,PLOUARET TREGOR,5,0.4193220338983051
BREST,PLOUARET TREGOR,6,0.3602040816326531
BREST,PLOUARET TREGOR,7,0.3244027303754266
BREST,PLOUARET TREGOR,8,0.26348122866894197
BREST,PLOUARET TREGOR,9,0.23904109589041095
BREST,PLOUARET TREGOR,10,0.21580756013745703
BREST,PLOUARET TREGOR,11,0.1922680412371134
BREST,PLOUARET TREGOR,12,0.0993127147766323
BREST,PLOUARET TREGOR,13,0.09031141868512112
BREST,PLOUARET TREGOR,14,0.08615916955017301
BREST,PLOUARET TREGOR,15,0.09062500000000001
BREST,PLOUARET TREGOR,16,0.089198606271777
BREST,PLOUARET TREGOR,17,0.09038461538461538
BREST,PLOUARET TREGOR,18,0.08776223776223777
BREST,PLOUARET TREGOR,19,0.08263157894736842
BREST,PLOUARET TREGOR,20,0.08045774647887324
BREST,PLOUARET TREGOR,21,0.0745583038869258
BREST,PLOUARET TREGOR,22,0.0726950354609929
BREST,PLOUARET TREGOR,23,0.07429078014184397
BREST,PLOUARET TREGOR,24,0.075
BREST,PLOUARET TREGOR,25,0.07606382978723404
BREST,PLOUARET TREGOR,26,0.07775800711743773
BREST,PLOUARET TREGOR,27,0.075
BREST,PLOUARET TREGOR,28,0.07275985663082438
BREST,PLOUARET TREGOR,29,0.0710431654676259
BREST,PLOUARET TREGOR,30,0.011552346570397113
BREST,RENNES,0,0.962089552238806
BREST,RENNES,1,0.9662686567164179
BREST,RENNES,2,0.9677611940298507
BREST,RENNES,3,0.9556716417910447
BREST,RENNES,4,0.9158208955223881
BREST,RENNES,5,0.9017910447761195
BREST,RENNES,6,0.8899999999999999
BREST,RENNES,7,0.8820895522388059
BREST,RENNES,8,0.8382089552238806
BREST,RENNES,9,0.8105970149253732
BREST,RENNES,10,0.7935820895522389
BREST,RENNES,11,0.7813432835820896
BREST,RENNES,12,0.6795522388059702
BREST,RENNES,13,0.6605970149253731
BREST,RENNES,14,0.6544776119402985
BREST,RENNES,15,0.6382089552238807
BREST,RENNES,16,0.6285074626865672
BREST,RENNES,17,0.6158208955223881
BREST,RENNES,18,0.6111940298507462
BREST,RENNES,19,0.5894029850746269
BREST,RENNES,20,0.5780597014925374
BREST,RENNES,21,0.5761194029850746
BREST,RENNES,22,0.564179104477612
BREST,RENNES,23,0.5616766467065868
BREST,RENNES,24,0.5663173652694611
BREST,RENNES,25,0.5567365269461078
BREST,RENNES,26,0.5464071856287425
BREST,RENNES,27,0.5321321321321321
BREST,RENNES,28,0.525975975975976
BREST,RENNES,29,0.5177177177177177
BREST,RENNES,30,0.021536144578313255
BREST,ST BRIEUC,0,0.996268656716418
BREST,ST BRIEUC,1,0.9977611940298508
BREST,ST BRIEUC,2,0.9970149253731343
BREST,ST BRIEUC,3,0.9965671641791045
BREST,ST BRIEUC,4,0.9961194029850746
BREST,ST BRIEUC,5,0.9971641791044776
BREST,ST BRIEUC,6,0.9985074626865672
BREST,ST BRIEUC,7,0.996865671641791
BREST,ST BRIEUC,8,0.9943283582089553
BREST,ST BRIEUC,9,0.9877611940298506
BREST,ST BRIEUC,10,0.973731343283582
BREST,ST BRIEUC,11,0.9646268656716417
BREST,ST BRIEUC,12,0.9414925373134327
BREST,ST BRIEUC,13,0.9344776119402985
BREST,ST BRIEUC,14,0.9186567164179105
BREST,ST BRIEUC,15,0.9073134328358209
BREST,ST BRIEUC,16,0.9
BREST,ST BRIEUC,17,0.894179104477612
BREST,ST BRIEUC,18,0.8738805970149254
BREST,ST BRIEUC,19,0.861641791044776
BREST,ST BRIEUC,20,0.8392537313432835
BREST,ST BRIEUC,21,0.8326865671641791
BREST,ST BRIEUC,22,0.814776119402985
BREST,ST BRIEUC,23,0.8100299401197605
BREST,ST BRIEUC,24,0.8073353293413172
BREST,ST BRIEUC,25,0.7868263473053893
BREST,ST BRIEUC,26,0.7610778443113773
BREST,ST BRIEUC,27,0.7354354354354354
BREST,ST BRIEUC,28,0.7247747747747748
BREST,ST BRIEUC,29,0.7058558558558559
BREST,ST BRIEUC,30,0.04894578313253012
DOL DE BRETAGNE,LAVAL,0,0.6503289473684211
DOL DE BRETAGNE,LAVAL,1,0.6562913907284768
DOL DE BRETAGNE,LAVAL,2,0.640728476821192
DOL DE BRETAGNE,LAVAL,3,0.6182119205298013
DOL DE BRETAGNE,LAVAL,4,0.41400000000000003
DOL DE BRETAGNE,LAVAL,5,0.39630872483221474
DOL DE BRETAGNE,LAVAL,6,0.3766891891891892
DOL DE BRETAGNE,LAVAL,7,0.3727891156462585
DOL DE BRETAGNE,LAVAL,8,0.35272108843537414
DOL DE BRETAGNE,LAVAL,9,0.336551724137931
DOL DE BRETAGNE,LAVAL,10,0.333448275862069
DOL DE BRETAGNE,LAVAL,11,0.3454861111111111
DOL DE BRETAGNE,LAVAL,12,0.2629370629370629
DOL DE BRETAGNE,LAVAL,13,0.25669014084507047
DOL DE BRETAGNE,LAVAL,14,0.2723404255319149
DOL DE BRETAGNE,LAVAL,15,0.30177304964539003
DOL DE BRETAGNE,LAVAL,16,0.29424460431654675
DOL DE BRETAGNE,LAVAL,17,0.28597122302158273
DOL DE BRETAGNE,LAVAL,18,0.2858695652173913
DOL DE BRETAGNE,LAVAL,19,0.28503649635036493
DOL DE BRETAGNE,LAVAL,20,0.28051470588235294
DOL DE BRETAGNE,LAVAL,21,0.27999999999999997
DOL DE BRETAGNE,LAVAL,22,0.2796296296296296
DOL DE BRETAGNE,LAVAL,23,0.25977443609022555
DOL DE BRETAGNE,LAVAL,24,0.24511278195488723
DOL DE BRETAGNE,LAVAL,25,0.2481060606060606
DOL DE BRETAGNE,LAVAL,26,0.23549618320610688
DOL DE BRETAGNE,LAVAL,27,0.21961538461538463
DOL DE BRETAGNE,LAVAL,28,0.21589147286821705
DOL DE BRETAGNE,LAVAL,29,0.20546875
DOL DE BRETAGNE,LAVAL,30,0.03849206349206349
DOL DE BRETAGNE,LE MANS,0,0.9838078291814947
DOL DE BRETAGNE,LE MANS,1,0.9816071428571429
DOL DE BRETAGNE,LE MANS,2,0.9758928571428571
DOL DE BRETAGNE,LE MANS,3,0.9609929078014184
DOL DE BRETAGNE,LE MANS,4,0.8768683274021353
DOL DE BRETAGNE,LE MANS,5,0.8548042704626334
DOL DE BRETAGNE,LE MANS,6,0.8332740213523132
DOL DE BRETAGNE,LE MANS,7,0.8217081850533808
DOL DE BRETAGNE,LE MANS,8,0.7826785714285714
DOL DE BRETAGNE,LE MANS,9,0.7792114695340502
DOL DE BRETAGNE,LE MANS,10,0.7702846975088967
DOL DE BRETAGNE,LE MANS,11,0.7641071428571428
DOL DE BRETAGNE,LE MANS,12,0.66375
DOL DE BRETAGNE,LE MANS,13,0.6453571428571429
DOL DE BRETAGNE,LE MANS,14,0.6337499999999999
DOL DE BRETAGNE,LE MANS,15,0.6342857142857142
DOL DE BRETAGNE,LE MANS,16,0.6203571428571428
DOL DE BRETAGNE,LE MANS,17,0.6062277580071174
DOL DE BRETAGNE,LE MANS,18,0.5994642857142857
DOL DE BRETAGNE,LE MANS,19,0.5964285714285714
DOL DE BRETAGNE,LE MANS,20,0.5683928571428571
DOL DE BRETAGNE,LE MANS,21,0.5505376344086022
DOL DE BRETAGNE,LE MANS,22,0.5408602150537635
DOL DE BRETAGNE,LE MANS,23,0.516726618705036
DOL DE BRETAGNE,LE MANS,24,0.48566308243727596
DOL DE BRETAGNE,LE MANS,25,0.479136690647482
DOL DE BRETAGNE,LE MANS,26,0.4611510791366906
DOL DE BRETAGNE,LE MANS,27,0.4401079136690647
DOL DE BRETAGNE,LE MANS,28,0.4146209386281588
DOL DE BRETAGNE,LE MANS,29,0.3904332129963899
DOL DE BRETAGNE,LE MANS,30,0.031090909090909093
DOL DE BRETAGNE,PARIS (intramuros),0,0.504420731707317
DOL DE BRETAGNE,PARIS (intramuros),1,0.48719512195121956
DOL DE BRETAGNE,PARIS (intramuros),2,0.5007645259938838
DOL DE BRETAGNE,PARIS (intramuros),3,0.4873475609756097
DOL DE BRETAGNE,PARIS (intramuros),4,0.2701834862385321
DOL DE BRETAGNE,PARIS (intramuros),5,0.2547400611620795
DOL DE BRETAGNE,PARIS (intramuros),6,0.2695718654434251
DOL DE BRETAGNE,PARIS (intramuros),7,0.27889908256880735
DOL DE BRETAGNE,PARIS (intramuros),8,0.25565749235474006
DOL DE BRETAGNE,PARIS (intramuros),9,0.26288343558282207
DOL DE BRETAGNE,PARIS (intramuros),10,0.2761467889908257
DOL DE BRETAGNE,PARIS (intramuros),11,0.27699386503067486
DOL DE BRETAGNE,PARIS (intramuros),12,0.11257668711656442
DOL DE BRETAGNE,PARIS (intramuros),13,0.10521472392638036
DOL DE BRETAGNE,PARIS (intramuros),14,0.10889570552147239
DOL DE BRETAGNE,PARIS (intramuros),15,0.12315950920245398
DOL DE BRETAGNE,PARIS (intramuros),16,0.13292307692307692
DOL DE BRETAGNE,PARIS (intramuros),17,0.13803680981595093
DOL DE BRETAGNE,PARIS (intramuros),18,0.14461538461538462
DOL DE BRETAGNE,PARIS (intramuros),19,0.14707692307692308
DOL DE BRETAGNE,PARIS (intramuros),20,0.14923076923076922
DOL DE BRETAGNE,PARIS (intramuros),21,0.15138888888888888
DOL DE BRETAGNE,PARIS (intramuros),22,0.1566358024691358
DOL DE BRETAGNE,PARIS (intramuros),23,0.16052631578947368
DOL DE BRETAGNE,PARIS (intramuros),24,0.1698142414860681
DOL DE BRETAGNE,PARIS (intramuros),25,0.1763975155279503
DOL DE BRETAGNE,PARIS (intramuros),26,0.17857142857142858
DOL DE BRETAGNE,PARIS (intramuros),27,0.17903726708074533
DOL DE BRETAGNE,PARIS (intramuros),28,0.1792834890965732
DOL DE BRETAGNE,PARIS (intramuros),29,0.17632398753894082
DOL DE BRETAGNE,PARIS (intramuros),30,0.019905956112852667
DOL DE BRETAGNE,RENNES,0,0.9917682926829269
DOL DE BRETAGNE,RENNES,1,0.9945121951219512
DOL DE BRETAGNE,RENNES,2,0.9940366972477065
DOL DE BRETAGNE,RENNES,3,0.9919207317073171
DOL DE BRETAGNE,RENNES,4,0.9851681957186543
DOL DE BRETAGNE,RENNES,5,0.9886850152905199
DOL DE BRETAGNE,RENNES,6,0.986697247706422
DOL DE BRETAGNE,RENNES,7,0.9801223241590215
DOL DE BRETAGNE,RENNES,8,0.977217125382263
DOL DE BRETAGNE,RENNES,9,0.969478527607362
DOL DE BRETAGNE,RENNES,10,0.9628440366972478
DOL DE BRETAGNE,RENNES,11,0.9585889570552147
DOL DE BRETAGNE,RENNES,12,0.9400306748466257
DOL DE BRETAGNE,RENNES,13,0.9404907975460124
DOL DE BRETAGNE,RENNES,14,0.938957055214724
DOL DE BRETAGNE,RENNES,15,0.9311349693251534
DOL DE BRETAGNE,RENNES,16,0.9284615384615384
DOL DE BRETAGNE,RENNES,17,0.9223926380368098
DOL DE BRETAGNE,RENNES,18,0.9070769230769231
DOL DE BRETAGNE,RENNES,19,0.8930769230769231
DOL DE BRETAGNE,RENNES,20,0.8726153846153847
DOL DE BRETAGNE,RENNES,21,0.8657407407407407
DOL DE BRETAGNE,RENNES,22,0.8612654320987655
DOL DE BRETAGNE,RENNES,23,0.8492260061919505
DOL DE BRETAGNE,RENNES,24,0.8405572755417957
DOL DE BRETAGNE,RENNES,25,0.8282608695652174
DOL DE BRETAGNE,RENNES,26,0.8177018633540373
DOL DE BRETAGNE,RENNES,27,0.8114906832298137
DOL DE BRETAGNE,RENNES,28,0.801246105919003
DOL DE BRETAGNE,RENNES,29,0.782398753894081
DOL DE BRETAGNE,RENNES,30,0.04514106583072101
GUINGAMP,LAMBALLE,0,0.9532467532467533
GUINGAMP,LAMBALLE,1,0.9503215434083602
GUINGAMP,LAMBALLE,2,0.930448717948718
GUINGAMP,LAMBALLE,3,0.8915064102564102
GUINGAMP,LAMBALLE,4,0.6440705128205128
GUINGAMP,LAMBALLE,5,0.6134615384615385
GUINGAMP,LAMBALLE,6,0.5491961414790997
GUINGAMP,LAMBALLE,7,0.5030645161290322
GUINGAMP,LAMBALLE,8,0.4262903225806452
GUINGAMP,LAMBALLE,9,0.3796116504854369
GUINGAMP,LAMBALLE,10,0.3339285714285714
GUINGAMP,LAMBALLE,11,0.2956168831168831
GUINGAMP,LAMBALLE,12,0.1780844155844156
GUINGAMP,LAMBALLE,13,0.1604575163398693
GUINGAMP,LAMBALLE,14,0.1354575163398693
GUINGAMP,LAMBALLE,15,0.13
GUINGAMP,LAMBALLE,16,0.121875
GUINGAMP,LAMBALLE,17,0.11237623762376237
GUINGAMP,LAMBALLE,18,0.1075907590759076
GUINGAMP,LAMBALLE,19,0.10281456953642384
GUINGAMP,LAMBALLE,20,0.09983388704318936
GUINGAMP,LAMBALLE,21,0.09566666666666666
GUINGAMP,LAMBALLE,22,0.08963210702341137
GUINGAMP,LAMBALLE,23,0.09280936454849498
GUINGAMP,LAMBALLE,24,0.09731543624161074
GUINGAMP,LAMBALLE,25,0.09916107382550336
GUINGAMP,LAMBALLE,26,0.09814814814814814
GUINGAMP,LAMBALLE,27,0.09307432432432433
GUINGAMP,LAMBALLE,28,0.08610169491525423
GUINGAMP,LAMBALLE,29,0.08299319727891157
GUINGAMP,LAMBALLE,30,0.016382252559726963
GUINGAMP,LAVAL,0,0.35326460481099653
GUINGAMP,LAVAL,1,0.3853242320819113
GUINGAMP,LAVAL,2,0.3646757679180887
GUINGAMP,LAVAL,3,0.324486301369863
GUINGAMP,LAVAL,4,0.11215753424657535
GUINGAMP,LAVAL,5,0.10358361774744028
GUINGAMP,LAVAL,6,0.11092150170648464
GUINGAMP,LAVAL,7,0.12159863945578231
GUINGAMP,LAVAL,8,0.08894557823129251
GUINGAMP,LAVAL,9,0.09438775510204081
GUINGAMP,LAVAL,10,0.10034013605442177
GUINGAMP,LAVAL,11,0.09
GUINGAMP,LAVAL,12,0.026271186440677965
GUINGAMP,LAVAL,13,0.02508532423208191
GUINGAMP,LAVAL,14,0.02372013651877133
GUINGAMP,LAVAL,15,0.02372013651877133
GUINGAMP,LAVAL,16,0.020477815699658702
GUINGAMP,LAVAL,17,0.02216494845360825
GUINGAMP,LAVAL,18,0.02422680412371134
GUINGAMP,LAVAL,19,0.027413793103448277
GUINGAMP,LAVAL,20,0.03195876288659794
GUINGAMP,LAVAL,21,0.03431034482758621
GUINGAMP,LAVAL,22,0.038275862068965515
GUINGAMP,LAVAL,23,0.041379310344827586
GUINGAMP,LAVAL,24,0.04184027777777778
GUINGAMP,LAVAL,25,0.04186851211072664
GUINGAMP,LAVAL,26,0.04377162629757786
GUINGAMP,LAVAL,27,0.04565972222222223
GUINGAMP,LAVAL,28,0.04583333333333333
GUINGAMP,LAVAL,29,0.04722222222222222
GUINGAMP,LAVAL,30,0.007465277777777777
GUINGAMP,PARIS (intramuros),0,0.5897321428571429
GUINGAMP,PARIS (intramuros),1,0.5863095238095238
GUINGAMP,PARIS (intramuros),2,0.5941964285714286
GUINGAMP,PARIS (intramuros),3,0.5894345238095239
GUINGAMP,PARIS (intramuros),4,0.35
GUINGAMP,PARIS (intramuros),5,0.3443452380952381
GUINGAMP,PARIS (intramuros),6,0.3556547619047619
GUINGAMP,PARIS (intramuros),7,0.3549107142857143
GUINGAMP,PARIS (intramuros),8,0.31160714285714286
GUINGAMP,PARIS (intramuros),9,0.3205357142857143
GUINGAMP,PARIS (intramuros),10,0.3480654761904762
GUINGAMP,PARIS (intramuros),11,0.3644345238095238
GUINGAMP,PARIS (intramuros),12,0.21294642857142856
GUINGAMP,PARIS (intramuros),13,0.20714285714285713
GUINGAMP,PARIS (intramuros),14,0.20925373134328357
GUINGAMP,PARIS (intramuros),15,0.21313432835820897
GUINGAMP,PARIS (intramuros),16,0.2270149253731343
GUINGAMP,PARIS (intramuros),17,0.22761194029850745
GUINGAMP,PARIS (intramuros),18,0.23343283582089552
GUINGAMP,PARIS (intramuros),19,0.24119402985074626
GUINGAMP,PARIS (intramuros),20,0.24925373134328357
GUINGAMP,PARIS (intramuros),21,0.256437125748503
GUINGAMP,PARIS (intramuros),22,0.26298507462686566
GUINGAMP,PARIS (intramuros),23,0.2720059880239521
GUINGAMP,PARIS (intramuros),24,0.27634730538922153
GUINGAMP,PARIS (intramuros),25,0.27994011976047906
GUINGAMP,PARIS (intramuros),26,0.28858858858858855
GUINGAMP,PARIS (intramuros),27,0.29201807228915666
GUINGAMP,PARIS (intramuros),28,0.29667673716012083
GUINGAMP,PARIS (intramuros),29,0.29548192771084336
GUINGAMP,PARIS (intramuros),30,0.022492401215805473
GUINGAMP,RENNES,0,0.9657738095238095
GUINGAMP,RENNES,1,0.9630952380952381
GUINGAMP,RENNES,2,0.9626488095238095
GUINGAMP,RENNES,3,0.949702380952381
GUINGAMP,RENNES,4,0.9004464285714286
GUINGAMP,RENNES,5,0.8843749999999999
GUINGAMP,RENNES,6,0.8738095238095239
GUINGAMP,RENNES,7,0.8663690476190476
GUINGAMP,RENNES,8,0.8226190476190476
GUINGAMP,RENNES,9,0.7875000000000001
GUINGAMP,RENNES,10,0.7764880952380951
GUINGAMP,RENNES,11,0.7522321428571429
GUINGAMP,RENNES,12,0.6549107142857143
GUINGAMP,RENNES,13,0.6293154761904761
GUINGAMP,RENNES,14,0.6086567164179104
GUINGAMP,RENNES,15,0.5911940298507463
GUINGAMP,RENNES,16,0.5834328358208954
GUINGAMP,RENNES,17,0.578955223880597
GUINGAMP,RENNES,18,0.5747761194029851
GUINGAMP,RENNES,19,0.5601492537313433
GUINGAMP,RENNES,20,0.558955223880597
GUINGAMP,RENNES,21,0.5597305389221556
GUINGAMP,RENNES,22,0.5522388059701493
GUINGAMP,RENNES,23,0.5511976047904191
GUINGAMP,RENNES,24,0.5456586826347305
GUINGAMP,RENNES,25,0.5399700598802395
GUINGAMP,RENNES,26,0.5282282282282282
GUINGAMP,RENNES,27,0.5103915662650602
GUINGAMP,RENNES,28,0.5063444108761329
GUINGAMP,RENNES,29,0.4923192771084337
GUINGAMP,RENNES,30,0.023100303951367782
GUINGAMP,ST BRIEUC,0,0.9952380952380951
GUINGAMP,ST BRIEUC,1,0.996875
GUINGAMP,ST BRIEUC,2,0.9944940476190476
GUINGAMP,ST BRIEUC,3,0.9927083333333334
GUINGAMP,ST BRIEUC,4,0.9886904761904761
GUINGAMP,ST BRIEUC,5,0.986904761904762
GUINGAMP,ST BRIEUC,6,0.9870535714285713
GUINGAMP,ST BRIEUC,7,0.9824404761904763
GUINGAMP,ST BRIEUC,8,0.9691964285714285
GUINGAMP,ST BRIEUC,9,0.9581845238095238
GUINGAMP,ST BRIEUC,10,0.9464285714285714
GUINGAMP,ST BRIEUC,11,0.9364583333333333
GUINGAMP,ST BRIEUC,12,0.9001488095238095
GUINGAMP,ST BRIEUC,13,0.8842261904761906
GUINGAMP,ST BRIEUC,14,0.8607462686567164
GUINGAMP,ST BRIEUC,15,0.8385074626865671
GUINGAMP,ST BRIEUC,16,0.8265671641791044
GUINGAMP,ST BRIEUC,17,0.8085074626865673
GUINGAMP,ST BRIEUC,18,0.7886567164179105
GUINGAMP,ST BRIEUC,19,0.7701492537313432
GUINGAMP,ST BRIEUC,20,0.7402985074626866
GUINGAMP,ST BRIEUC,21,0.7214071856287425
GUINGAMP,ST BRIEUC,22,0.6992537313432836
GUINGAMP,ST BRIEUC,23,0.6908682634730539
GUINGAMP,ST BRIEUC,24,0.6747005988023952
GUINGAMP,ST BRIEUC,25,0.6535928143712575
GUINGAMP,ST BRIEUC,26,0.637987987987988
GUINGAMP,ST BRIEUC,27,0.6140060240963855
GUINGAMP,ST BRIEUC,28,0.6125377643504532
GUINGAMP,ST BRIEUC,29,0.5953313253012048
GUINGAMP,ST BRIEUC,30,0.044072948328267476
LAMBALLE,LAVAL,0,0.7144927536231883
LAMBALLE,LAVAL,1,0.7182971014492754
LAMBALLE,LAVAL,2,0.703956834532374
LAMBALLE,LAVAL,3,0.6247292418772563
LAMBALLE,LAVAL,4,0.3306859205776173
LAMBALLE,LAVAL,5,0.2747292418772563
LAMBALLE,LAVAL,6,0.22166064981949457
LAMBALLE,LAVAL,7,0.1907942238267148
LAMBALLE,LAVAL,8,0.1302536231884058
LAMBALLE,LAVAL,9,0.12218181818181818
LAMBALLE,LAVAL,10,0.11781818181818181
LAMBALLE,LAVAL,11,0.12
LAMBALLE,LAVAL,12,0.05909090909090909
LAMBALLE,LAVAL,13,0.054
LAMBALLE,LAVAL,14,0.06
LAMBALLE,LAVAL,15,0.06113138686131387
LAMBALLE,LAVAL,16,0.06350364963503649
LAMBALLE,LAVAL,17,0.06003649635036496
LAMBALLE,LAVAL,18,0.06080586080586081
LAMBALLE,LAVAL,19,0.06153846153846154
LAMBALLE,LAVAL,20,0.05970695970695971
LAMBALLE,LAVAL,21,0.06208791208791208
LAMBALLE,LAVAL,22,0.05974264705882353
LAMBALLE,LAVAL,23,0.06483516483516483
LAMBALLE,LAVAL,24,0.06227106227106227
LAMBALLE,LAVAL,25,0.06341911764705882
LAMBALLE,LAVAL,26,0.06268382352941176
LAMBALLE,LAVAL,27,0.0625
LAMBALLE,LAVAL,28,0.061808118081180814
LAMBALLE,LAVAL,29,0.06037037037037037
LAMBALLE,LAVAL,30,0.012546125461254613
LAMBALLE,PARIS (intramuros),0,0.4592424242424243
LAMBALLE,PARIS (intramuros),1,0.46827794561933533
LAMBALLE,PARIS (intramuros),2,0.43569277108433735
LAMBALLE,PARIS (intramuros),3,0.40512048192771083
LAMBALLE,PARIS (intramuros),4,0.14713855421686747
LAMBALLE,PARIS (intramuros),5,0.1438253012048193
LAMBALLE,PARIS (intramuros),6,0.14563253012048194
LAMBALLE,PARIS (intramuros),7,0.1522590361445783
LAMBALLE,PARIS (intramuros),8,0.1283987915407855
LAMBALLE,PARIS (intramuros),9,0.12878787878787878
LAMBALLE,PARIS (intramuros),10,0.1340909090909091
LAMBALLE,PARIS (intramuros),11,0.13621212121212123
LAMBALLE,PARIS (intramuros),12,0.08242424242424243
LAMBALLE,PARIS (intramuros),13,0.0809090909090909
LAMBALLE,PARIS (intramuros),14,0.09636363636363636
LAMBALLE,PARIS (intramuros),15,0.10258358662613981
LAMBALLE,PARIS (intramuros),16,0.10927051671732524
LAMBALLE,PARIS (intramuros),17,0.10775075987841946
LAMBALLE,PARIS (intramuros),18,0.10975609756097561
LAMBALLE,PARIS (intramuros),19,0.11067073170731706
LAMBALLE,PARIS (intramuros),20,0.11249999999999999
LAMBALLE,PARIS (intramuros),21,0.11021341463414634
LAMBALLE,PARIS (intramuros),22,0.11131498470948012
LAMBALLE,PARIS (intramuros),23,0.12027439024390245
LAMBALLE,PARIS (intramuros),24,0.11996951219512196
LAMBALLE,PARIS (intramuros),25,0.12033639143730887
LAMBALLE,PARIS (intramuros),26,0.12110091743119267
LAMBALLE,PARIS (intramuros),27,0.12048929663608562
LAMBALLE,PARIS (intramuros),28,0.1200920245398773
LAMBALLE,PARIS (intramuros),29,0.11753846153846155
LAMBALLE,PARIS (intramuros),30,0.02046153846153846
LAMBALLE,RENNES,0,0.8501515151515152
LAMBALLE,RENNES,1,0.854833836858006
LAMBALLE,RENNES,2,0.8506024096385542
LAMBALLE,RENNES,3,0.8259036144578313
LAMBALLE,RENNES,4,0.7132530120481928
LAMBALLE,RENNES,5,0.6950301204819277
LAMBALLE,RENNES,6,0.6831325301204819
LAMBALLE,RENNES,7,0.6799698795180723
LAMBALLE,RENNES,8,0.656797583081571
LAMBALLE,RENNES,9,0.6486363636363637
LAMBALLE,RENNES,10,0.6440909090909092
LAMBALLE,RENNES,11,0.6348484848484849
LAMBALLE,RENNES,12,0.5818181818181818
LAMBALLE,RENNES,13,0.5751515151515152
LAMBALLE,RENNES,14,0.57
LAMBALLE,RENNES,15,0.5655015197568389
LAMBALLE,RENNES,16,0.5642857142857143
LAMBALLE,RENNES,17,0.5610942249240122
LAMBALLE,RENNES,18,0.5592987804878048
LAMBALLE,RENNES,19,0.5541158536585366
LAMBALLE,RENNES,20,0.5515243902439024
LAMBALLE,RENNES,21,0.5467987804878048
LAMBALLE,RENNES,22,0.5458715596330275
LAMBALLE,RENNES,23,0.5469512195121952
LAMBALLE,RENNES,24,0.546189024390244
LAMBALLE,RENNES,25,0.5438837920489297
LAMBALLE,RENNES,26,0.5389908256880734
LAMBALLE,RENNES,27,0.5383792048929664
LAMBALLE,RENNES,28,0.5352760736196319
LAMBALLE,RENNES,29,0.5333846153846153
LAMBALLE,RENNES,30,0.026615384615384617
LANDERNEAU,GUINGAMP,0,0.7233727810650887
LANDERNEAU,GUINGAMP,1,0.6956140350877194
LANDERNEAU,GUINGAMP,2,0.6587719298245615
LANDERNEAU,GUINGAMP,3,0.6114705882352941
LANDERNEAU,GUINGAMP,4,0.12529411764705883
LANDERNEAU,GUINGAMP,5,0.097953216374269
LANDERNEAU,GUINGAMP,6,0.08911764705882354
LANDERNEAU,GUINGAMP,7,0.07529411764705883
LANDERNEAU,GUINGAMP,8,0.04823529411764706
LANDERNEAU,GUINGAMP,9,0.04437869822485207
LANDERNEAU,GUINGAMP,10,0.04142011834319527
LANDERNEAU,GUINGAMP,11,0.036176470588235296
LANDERNEAU,GUINGAMP,12,0.010059171597633138
LANDERNEAU,GUINGAMP,13,0.007738095238095238
LANDERNEAU,GUINGAMP,14,0.00625
LANDERNEAU,GUINGAMP,15,0.00625
LANDERNEAU,GUINGAMP,16,0.006845238095238094
LANDERNEAU,GUINGAMP,17,0.006845238095238096
LANDERNEAU,GUINGAMP,18,0.006547619047619048
LANDERNEAU,GUINGAMP,19,0.00658682634730539
LANDERNEAU,GUINGAMP,20,0.0074850299401197605
LANDERNEAU,GUINGAMP,21,0.012048192771084338
LANDERNEAU,GUINGAMP,22,0.012650602409638554
LANDERNEAU,GUINGAMP,23,0.012650602409638554
LANDERNEAU,GUINGAMP,24,0.012650602409638554
LANDERNEAU,GUINGAMP,25,0.012951807228915662
LANDERNEAU,GUINGAMP,26,0.012951807228915662
LANDERNEAU,GUINGAMP,27,0.013333333333333332
LANDERNEAU,GUINGAMP,28,0.01303030303030303
LANDERNEAU,GUINGAMP,29,0.01484848484848485
LANDERNEAU,GUINGAMP,30,0.0015151515151515152
LANDERNEAU,LAMBALLE,0,0.7204142011834319
LANDERNEAU,LAMBALLE,1,0.6967836257309942
LANDERNEAU,LAMBALLE,2,0.6429824561403509
LANDERNEAU,LAMBALLE,3,0.5935294117647059
LANDERNEAU,LAMBALLE,4,0.13
LANDERNEAU,LAMBALLE,5,0.10321637426900584
LANDERNEAU,LAMBALLE,6,0.0888235294117647
LANDERNEAU,LAMBALLE,7,0.07588235294117647
LANDERNEAU,LAMBALLE,8,0.04852941176470588
LANDERNEAU,LAMBALLE,9,0.04437869822485207
LANDERNEAU,LAMBALLE,10,0.04437869822485207
LANDERNEAU,LAMBALLE,11,0.03823529411764706
LANDERNEAU,LAMBALLE,12,0.012426035502958581
LANDERNEAU,LAMBALLE,13,0.008035714285714285
LANDERNEAU,LAMBALLE,14,0.0071428571428571435
LANDERNEAU,LAMBALLE,15,0.00744047619047619
LANDERNEAU,LAMBALLE,16,0.00625
LANDERNEAU,LAMBALLE,17,0.00625
LANDERNEAU,LAMBALLE,18,0.00625
LANDERNEAU,LAMBALLE,19,0.00718562874251497
LANDERNEAU,LAMBALLE,20,0.008383233532934131
LANDERNEAU,LAMBALLE,21,0.01144578313253012
LANDERNEAU,LAMBALLE,22,0.012048192771084338
LANDERNEAU,LAMBALLE,23,0.012048192771084338
LANDERNEAU,LAMBALLE,24,0.012349397590361445
LANDERNEAU,LAMBALLE,25,0.012349397590361445
LANDERNEAU,LAMBALLE,26,0.012048192771084338
LANDERNEAU,LAMBALLE,27,0.012121212121212121
LANDERNEAU,LAMBALLE,28,0.012121212121212121
LANDERNEAU,LAMBALLE,29,0.01090909090909091
LANDERNEAU,LAMBALLE,30,0.005454545454545455
LANDERNEAU,LAVAL,0,0.21420118343195269
LANDERNEAU,LAVAL,1,0.2649122807017544
LANDERNEAU,LAVAL,2,0.245906432748538
LANDERNEAU,LAVAL,3,0.215
LANDERNEAU,LAVAL,4,0.027058823529411764
LANDERNEAU,LAVAL,5,0.017543859649122806
LANDERNEAU,LAVAL,6,0.027058823529411764
LANDERNEAU,LAVAL,7,0.028235294117647056
LANDERNEAU,LAVAL,8,0.02529411764705882
LANDERNEAU,LAVAL,9,0.028106508875739646
LANDERNEAU,LAVAL,10,0.02455621301775148
LANDERNEAU,LAVAL,11,0.02735294117647059
LANDERNEAU,LAVAL,12,0.0026627218934911242
LANDERNEAU,LAVAL,13,0.005357142857142857
LANDERNEAU,LAVAL,14,0.00625
LANDERNEAU,LAVAL,15,0.005952380952380952
LANDERNEAU,LAVAL,16,0.005952380952380952
LANDERNEAU,LAVAL,17,0.005952380952380952
LANDERNEAU,LAVAL,18,0.005952380952380952
LANDERNEAU,LAVAL,19,0.005988023952095809
LANDERNEAU,LAVAL,20,0.008083832335329342
LANDERNEAU,LAVAL,21,0.012048192771084338
LANDERNEAU,LAVAL,22,0.012048192771084338
LANDERNEAU,LAVAL,23,0.012650602409638554
LANDERNEAU,LAVAL,24,0.013253012048192772
LANDERNEAU,LAVAL,25,0.012048192771084338
LANDERNEAU,LAVAL,26,0.012650602409638554
LANDERNEAU,LAVAL,27,0.012121212121212121
LANDERNEAU,LAVAL,28,0.012727272727272728
LANDERNEAU,LAVAL,29,0.010909090909090908
LANDERNEAU,LAVAL,30,0.0027272727272727275
LANDERNEAU,MORLAIX,0,0.7230769230769231
LANDERNEAU,MORLAIX,1,0.706140350877193
LANDERNEAU,MORLAIX,2,0.6584795321637427
LANDERNEAU,MORLAIX,3,0.6044117647058823
LANDERNEAU,MORLAIX,4,0.12441176470588235
LANDERNEAU,MORLAIX,5,0.09853801169590644
LANDERNEAU,MORLAIX,6,0.08470588235294117
LANDERNEAU,MORLAIX,7,0.07441176470588236
LANDERNEAU,MORLAIX,8,0.045294117647058825
LANDERNEAU,MORLAIX,9,0.04437869822485207
LANDERNEAU,MORLAIX,10,0.04230769230769231
LANDERNEAU,MORLAIX,11,0.035
LANDERNEAU,MORLAIX,12,0.008875739644970414
LANDERNEAU,MORLAIX,13,0.008035714285714287
LANDERNEAU,MORLAIX,14,0.006547619047619048
LANDERNEAU,MORLAIX,15,0.006547619047619048
LANDERNEAU,MORLAIX,16,0.00625
LANDERNEAU,MORLAIX,17,0.00625
LANDERNEAU,MORLAIX,18,0.00625
LANDERNEAU,MORLAIX,19,0.005988023952095809
LANDERNEAU,MORLAIX,20,0.006287425149700599
LANDERNEAU,MORLAIX,21,0.012349397590361447
LANDERNEAU,MORLAIX,22,0.012349397590361445
LANDERNEAU,MORLAIX,23,0.012349397590361445
LANDERNEAU,MORLAIX,24,0.012048192771084338
LANDERNEAU,MORLAIX,25,0.012349397590361445
LANDERNEAU,MORLAIX,26,0.011746987951807229
LANDERNEAU,MORLAIX,27,0.011818181818181818
LANDERNEAU,MORLAIX,28,0.011818181818181818
LANDERNEAU,MORLAIX,29,0.011515151515151515
LANDERNEAU,MORLAIX,30,0.0036363636363636364
LANDERNEAU,PARIS (intramuros),0,0.13698224852071006
LANDERNEAU,PARIS (intramuros),1,0.19912280701754384
LANDERNEAU,PARIS (intramuros),2,0.17865497076023393
LANDERNEAU,PARIS (intramuros),3,0.1338235294117647
LANDERNEAU,PARIS (intramuros),4,0.020294117647058824
LANDERNEAU,PARIS (intramuros),5,0.012865497076023392
LANDERNEAU,PARIS (intramuros),6,0.009705882352941177
LANDERNEAU,PARIS (intramuros),7,0.013529411764705882
LANDERNEAU,PARIS (intramuros),8,0.019705882352941177
LANDERNEAU,PARIS (intramuros),9,0.018934911242603547
LANDERNEAU,PARIS (intramuros),10,0.017455621301775148
LANDERNEAU,PARIS (intramuros),11,0.020588235294117647
LANDERNEAU,PARIS (intramuros),12,0.0053254437869822485
LANDERNEAU,PARIS (intramuros),13,0.0041666666666666675
LANDERNEAU,PARIS (intramuros),14,0.00744047619047619
LANDERNEAU,PARIS (intramuros),15,0.006547619047619048
LANDERNEAU,PARIS (intramuros),16,0.00625
LANDERNEAU,PARIS (intramuros),17,0.006547619047619048
LANDERNEAU,PARIS (intramuros),18,0.005952380952380952
LANDERNEAU,PARIS (intramuros),19,0.00658682634730539
LANDERNEAU,PARIS (intramuros),20,0.00718562874251497
LANDERNEAU,PARIS (intramuros),21,0.010843373493975903
LANDERNEAU,PARIS (intramuros),22,0.01174698795180723
LANDERNEAU,PARIS (intramuros),23,0.013253012048192772
LANDERNEAU,PARIS (intramuros),24,0.012951807228915662
LANDERNEAU,PARIS (intramuros),25,0.014457831325301203
LANDERNEAU,PARIS (intramuros),26,0.014156626506024096
LANDERNEAU,PARIS (intramuros),27,0.014242424242424242
LANDERNEAU,PARIS (intramuros),28,0.015151515151515152
LANDERNEAU,PARIS (intramuros),29,0.015151515151515152
LANDERNEAU,PARIS (intramuros),30,0.0030303030303030303
LANDERNEAU,PLOUARET TREGOR,0,0.7230769230769231
LANDERNEAU,PLOUARET TREGOR,1,0.6970760233918128
LANDERNEAU,PLOUARET TREGOR,2,0.6529239766081871
LANDERNEAU,PLOUARET TREGOR,3,0.6102941176470589
LANDERNEAU,PLOUARET TREGOR,4,0.12323529411764705
LANDERNEAU,PLOUARET TREGOR,5,0.10146198830409356
LANDERNEAU,PLOUARET TREGOR,6,0.08705882352941177
LANDERNEAU,PLOUARET TREGOR,7,0.07441176470588236
LANDERNEAU,PLOUARET TREGOR,8,0.04617647058823529
LANDERNEAU,PLOUARET TREGOR,9,0.04349112426035503
LANDERNEAU,PLOUARET TREGOR,10,0.042899408284023666
LANDERNEAU,PLOUARET TREGOR,11,0.03470588235294118
LANDERNEAU,PLOUARET TREGOR,12,0.009171597633136096
LANDERNEAU,PLOUARET TREGOR,13,0.006547619047619048
LANDERNEAU,PLOUARET TREGOR,14,0.005952380952380952
LANDERNEAU,PLOUARET TREGOR,15,0.00625
LANDERNEAU,PLOUARET TREGOR,16,0.005952380952380952
LANDERNEAU,PLOUARET TREGOR,17,0.00625
LANDERNEAU,PLOUARET TREGOR,18,0.00625
LANDERNEAU,PLOUARET TREGOR,19,0.005988023952095809
LANDERNEAU,PLOUARET TREGOR,20,0.00718562874251497
LANDERNEAU,PLOUARET TREGOR,21,0.01174698795180723
LANDERNEAU,PLOUARET TREGOR,22,0.012048192771084338
LANDERNEAU,PLOUARET TREGOR,23,0.012048192771084338
LANDERNEAU,PLOUARET TREGOR,24,0.012048192771084338
LANDERNEAU,PLOUARET TREGOR,25,0.012048192771084338
LANDERNEAU,PLOUARET TREGOR,26,0.012048192771084338
LANDERNEAU,PLOUARET TREGOR,27,0.012121212121212121
LANDERNEAU,PLOUARET TREGOR,28,0.012121212121212121
LANDERNEAU,PLOUARET TREGOR,29,0.011212121212121213
LANDERNEAU,PLOUARET TREGOR,30,0.004242424242424242
LANDERNEAU,RENNES,0,0.3408284023668639
LANDERNEAU,RENNES,1,0.37660818713450295
LANDERNEAU,RENNES,2,0.3757309941520468
LANDERNEAU,RENNES,3,0.34558823529411764
LANDERNEAU,RENNES,4,0.065
LANDERNEAU,RENNES,5,0.05175438596491228
LANDERNEAU,RENNES,6,0.05323529411764706
LANDERNEAU,RENNES,7,0.05235294117647059
LANDERNEAU,RENNES,8,0.039411764705882354
LANDERNEAU,RENNES,9,0.04319526627218935
LANDERNEAU,RENNES,10,0.03698224852071006
LANDERNEAU,RENNES,11,0.02852941176470588
LANDERNEAU,RENNES,12,0.010650887573964497
LANDERNEAU,RENNES,13,0.007142857142857143
LANDERNEAU,RENNES,14,0.006547619047619048
LANDERNEAU,RENNES,15,0.005952380952380952
LANDERNEAU,RENNES,16,0.007142857142857143
LANDERNEAU,RENNES,17,0.006845238095238094
LANDERNEAU,RENNES,18,0.00625
LANDERNEAU,RENNES,19,0.006287425149700599
LANDERNEAU,RENNES,20,0.00718562874251497
LANDERNEAU,RENNES,21,0.010843373493975903
LANDERNEAU,RENNES,22,0.012650602409638554
LANDERNEAU,RENNES,23,0.012048192771084338
LANDERNEAU,RENNES,24,0.012650602409638554
LANDERNEAU,RENNES,25,0.012349397590361445
LANDERNEAU,RENNES,26,0.012048192771084338
LANDERNEAU,RENNES,27,0.011818181818181818
LANDERNEAU,RENNES,28,0.01303030303030303
LANDERNEAU,RENNES,29,0.012727272727272728
LANDERNEAU,RENNES,30,0.0030303030303030303
LANDERNEAU,ST BRIEUC,0,0.7230769230769231
LANDERNEAU,ST BRIEUC,1,0.6944444444444444
LANDERNEAU,ST BRIEUC,2,0.6447368421052632
LANDERNEAU,ST BRIEUC,3,0.6041176470588235
LANDERNEAU,ST BRIEUC,4,0.12911764705882353
LANDERNEAU,ST BRIEUC,5,0.09883040935672514
LANDERNEAU,ST BRIEUC,6,0.08764705882352941
LANDERNEAU,ST BRIEUC,7,0.07264705882352941
LANDERNEAU,ST BRIEUC,8,0.046764705882352944
LANDERNEAU,ST BRIEUC,9,0.04822485207100592
LANDERNEAU,ST BRIEUC,10,0.04319526627218935
LANDERNEAU,ST BRIEUC,11,0.03558823529411764
LANDERNEAU,ST BRIEUC,12,0.011834319526627219
LANDERNEAU,ST BRIEUC,13,0.007738095238095238
LANDERNEAU,ST BRIEUC,14,0.0071428571428571435
LANDERNEAU,ST BRIEUC,15,0.007142857142857143
LANDERNEAU,ST BRIEUC,16,0.006547619047619048
LANDERNEAU,ST BRIEUC,17,0.006547619047619048
LANDERNEAU,ST BRIEUC,18,0.006547619047619048
LANDERNEAU,ST BRIEUC,19,0.006287425149700599
LANDERNEAU,ST BRIEUC,20,0.007784431137724551
LANDERNEAU,ST BRIEUC,21,0.012048192771084338
LANDERNEAU,ST BRIEUC,22,0.012650602409638554
LANDERNEAU,ST BRIEUC,23,0.012650602409638554
LANDERNEAU,ST BRIEUC,24,0.012650602409638554
LANDERNEAU,ST BRIEUC,25,0.012349397590361445
LANDERNEAU,ST BRIEUC,26,0.012349397590361445
LANDERNEAU,ST BRIEUC,27,0.012424242424242423
LANDERNEAU,ST BRIEUC,28,0.012727272727272728
LANDERNEAU,ST BRIEUC,29,0.011818181818181818
LANDERNEAU,ST BRIEUC,30,0.0048484848484848485
LANNION,GUINGAMP,0,0.9866666666666666
LANNION,GUINGAMP,1,0.9822222222222223
LANNION,GUINGAMP,2,0.9804347826086957
LANNION,GUINGAMP,3,0.9488636363636364
LANNION,GUINGAMP,4,0.9033333333333333
LANNION,GUINGAMP,5,0.8466666666666667
LANNION,GUINGAMP,6,0.8244444444444444
LANNION,GUINGAMP,7,0.8333333333333334
LANNION,GUINGAMP,8,0.7722222222222223
LANNION,GUINGAMP,9,0.7217391304347827
LANNION,GUINGAMP,10,0.6931818181818182
LANNION,GUINGAMP,11,0.6266666666666667
LANNION,GUINGAMP,12,0.48444444444444446
LANNION,GUINGAMP,13,0.4433333333333333
LANNION,GUINGAMP,14,0.3855555555555556
LANNION,GUINGAMP,15,0.32222222222222224
LANNION,GUINGAMP,16,0.28695652173913044
LANNION,GUINGAMP,17,0.2261363636363636
LANNION,GUINGAMP,18,0.22777777777777777
LANNION,GUINGAMP,19,0.20555555555555555
LANNION,GUINGAMP,20,0.17333333333333334
LANNION,GUINGAMP,21,0.16111111111111112
LANNION,GUINGAMP,22,0.13999999999999999
LANNION,GUINGAMP,23,0.1673913043478261
LANNION,GUINGAMP,24,0.11931818181818182
LANNION,GUINGAMP,25,0.11444444444444445
LANNION,GUINGAMP,26,0.09444444444444444
LANNION,GUINGAMP,27,0.06999999999999999
LANNION,GUINGAMP,28,0.06777777777777777
LANNION,GUINGAMP,29,0.07111111111111111
LANNION,GUINGAMP,30,0.020454545454545454
LANNION,PARIS (intramuros),0,0.32976190476190476
LANNION,PARIS (intramuros),1,0.3011764705882353
LANNION,PARIS (intramuros),2,0.26352941176470585
LANNION,PARIS (intramuros),3,0.2339285714285714
LANNION,PARIS (intramuros),4,0.0688235294117647
LANNION,PARIS (intramuros),5,0.043529411764705886
LANNION,PARIS (intramuros),6,0.05470588235294118
LANNION,PARIS (intramuros),7,0.05470588235294118
LANNION,PARIS (intramuros),8,0.02529411764705882
LANNION,PARIS (intramuros),9,0.022674418604651164
LANNION,PARIS (intramuros),10,0.026190476190476188
LANNION,PARIS (intramuros),11,0.025882352941176474
LANNION,PARIS (intramuros),12,0.003529411764705883
LANNION,PARIS (intramuros),13,0.004705882352941177
LANNION,PARIS (intramuros),14,0.0005882352941176471
LANNION,PARIS (intramuros),15,0.0023529411764705885
LANNION,PARIS (intramuros),16,0.0029069767441860465
LANNION,PARIS (intramuros),17,0.0017857142857142859
LANNION,PARIS (intramuros),18,0.0017647058823529415
LANNION,PARIS (intramuros),19,0.0005882352941176471
LANNION,PARIS (intramuros),20,0.0011764705882352942
LANNION,PARIS (intramuros),21,0.0017647058823529415
LANNION,PARIS (intramuros),22,0.0
LANNION,PARIS (intramuros),23,0.011046511627906978
LANNION,PARIS (intramuros),24,0.013690476190476189
LANNION,PARIS (intramuros),25,0.011764705882352941
LANNION,PARIS (intramuros),26,0.012352941176470589
LANNION,PARIS (intramuros),27,0.012352941176470589
LANNION,PARIS (intramuros),28,0.012941176470588237
LANNION,PARIS (intramuros),29,0.012352941176470589
LANNION,PARIS (intramuros),30,0.002976190476190476
LANNION,RENNES,0,0.8321428571428572
LANNION,RENNES,1,0.8270588235294117
LANNION,RENNES,2,0.8182352941176471
LANNION,RENNES,3,0.7684523809523809
LANNION,RENNES,4,0.5829411764705882
LANNION,RENNES,5,0.5341176470588235
LANNION,RENNES,6,0.5105882352941177
LANNION,RENNES,7,0.4976470588235294
LANNION,RENNES,8,0.43117647058823527
LANNION,RENNES,9,0.37558139534883717
LANNION,RENNES,10,0.34345238095238095
LANNION,RENNES,11,0.31470588235294117
LANNION,RENNES,12,0.20588235294117646
LANNION,RENNES,13,0.15764705882352942
LANNION,RENNES,14,0.13352941176470587
LANNION,RENNES,15,0.10470588235294118
LANNION,RENNES,16,0.1011627906976744
LANNION,RENNES,17,0.0886904761904762
LANNION,RENNES,18,0.06764705882352941
LANNION,RENNES,19,0.06235294117647058
LANNION,RENNES,20,0.05941176470588235
LANNION,RENNES,21,0.05588235294117647
LANNION,RENNES,22,0.048823529411764696
LANNION,RENNES,23,0.055232558139534885
LANNION,RENNES,24,0.03511904761904762
LANNION,RENNES,25,0.04294117647058823
LANNION,RENNES,26,0.03470588235294118
LANNION,RENNES,27,0.025882352941176467
LANNION,RENNES,28,0.02411764705882353
LANNION,RENNES,29,0.02411764705882353
LANNION,RENNES,30,0.005357142857142857
LANNION,ST BRIEUC,0,0.9928571428571429
LANNION,ST BRIEUC,1,0.9870588235294119
LANNION,ST BRIEUC,2,0.9847058823529412
LANNION,ST BRIEUC,3,0.9654761904761904
LANNION,ST BRIEUC,4,0.9147058823529411
LANNION,ST BRIEUC,5,0.8747058823529411
LANNION,ST BRIEUC,6,0.8370588235294119
LANNION,ST BRIEUC,7,0.831764705882353
LANNION,ST BRIEUC,8,0.7641176470588236
LANNION,ST BRIEUC,9,0.7168604651162791
LANNION,ST BRIEUC,10,0.6470238095238096
LANNION,ST BRIEUC,11,0.5629411764705883
LANNION,ST BRIEUC,12,0.4247058823529412
LANNION,ST BRIEUC,13,0.3888235294117647
LANNION,ST BRIEUC,14,0.31941176470588234
LANNION,ST BRIEUC,15,0.26176470588235295
LANNION,ST BRIEUC,16,0.24883720930232556
LANNION,ST BRIEUC,17,0.2339285714285714
LANNION,ST BRIEUC,18,0.2035294117647059
LANNION,ST BRIEUC,19,0.1635294117647059
LANNION,ST BRIEUC,20,0.13529411764705881
LANNION,ST BRIEUC,21,0.13470588235294118
LANNION,ST BRIEUC,22,0.11647058823529412
LANNION,ST BRIEUC,23,0.13430232558139535
LANNION,ST BRIEUC,24,0.10773809523809524
LANNION,ST BRIEUC,25,0.09705882352941177
LANNION,ST BRIEUC,26,0.08529411764705883
LANNION,ST BRIEUC,27,0.07117647058823529
LANNION,ST BRIEUC,28,0.05823529411764706
LANNION,ST BRIEUC,29,0.05411764705882353
LANNION,ST BRIEUC,30,0.014285714285714285
LAVAL,LE MANS,0,0.968030303030303
LAVAL,LE MANS,1,0.9594224924012157
LAVAL,LE MANS,2,0.9501515151515152
LAVAL,LE MANS,3,0.9412121212121213
LAVAL,LE MANS,4,0.8203030303030303
LAVAL,LE MANS,5,0.8068181818181818
LAVAL,LE MANS,6,0.7954545454545454
LAVAL,LE MANS,7,0.7839393939393939
LAVAL,LE MANS,8,0.7650455927051671
LAVAL,LE MANS,9,0.7627659574468085
LAVAL,LE MANS,10,0.764741641337386
LAVAL,LE MANS,11,0.7528875379939209
LAVAL,LE MANS,12,0.597112462006079
LAVAL,LE MANS,13,0.5778115501519757
LAVAL,LE MANS,14,0.5594224924012159
LAVAL,LE MANS,15,0.5454407294832826
LAVAL,LE MANS,16,0.5369300911854104
LAVAL,LE MANS,17,0.5241590214067279
LAVAL,LE MANS,18,0.5157492354740061
LAVAL,LE MANS,19,0.5108562691131499
LAVAL,LE MANS,20,0.5013803680981594
LAVAL,LE MANS,21,0.4849230769230769
LAVAL,LE MANS,22,0.4773846153846154
LAVAL,LE MANS,23,0.46620370370370373
LAVAL,LE MANS,24,0.4550769230769231
LAVAL,LE MANS,25,0.4591049382716049
LAVAL,LE MANS,26,0.45557275541795667
LAVAL,LE MANS,27,0.4523219814241486
LAVAL,LE MANS,28,0.4501547987616099
LAVAL,LE MANS,29,0.4409937888198758
LAVAL,LE MANS,30,0.04390625
LAVAL,PARIS (intramuros),0,0.6886904761904762
LAVAL,PARIS (intramuros),1,0.6880952380952381
LAVAL,PARIS (intramuros),2,0.6864583333333334
LAVAL,PARIS (intramuros),3,0.7004464285714286
LAVAL,PARIS (intramuros),4,0.5433035714285714
LAVAL,PARIS (intramuros),5,0.5431547619047619
LAVAL,PARIS (intramuros),6,0.5537202380952382
LAVAL,PARIS (intramuros),7,0.5601190476190476
LAVAL,PARIS (intramuros),8,0.5287202380952382
LAVAL,PARIS (intramuros),9,0.5397321428571429
LAVAL,PARIS (intramuros),10,0.5596726190476191
LAVAL,PARIS (intramuros),11,0.5712797619047618
LAVAL,PARIS (intramuros),12,0.2739583333333333
LAVAL,PARIS (intramuros),13,0.2721726190476191
LAVAL,PARIS (intramuros),14,0.29657738095238095
LAVAL,PARIS (intramuros),15,0.31220238095238095
LAVAL,PARIS (intramuros),16,0.3239583333333333
LAVAL,PARIS (intramuros),17,0.32708333333333334
LAVAL,PARIS (intramuros),18,0.32976190476190476
LAVAL,PARIS (intramuros),19,0.3413690476190476
LAVAL,PARIS (intramuros),20,0.3587797619047619
LAVAL,PARIS (intramuros),21,0.36041666666666666
LAVAL,PARIS (intramuros),22,0.3601190476190476
LAVAL,PARIS (intramuros),23,0.36955223880597016
LAVAL,PARIS (intramuros),24,0.37597014925373134
LAVAL,PARIS (intramuros),25,0.3807462686567164
LAVAL,PARIS (intramuros),26,0.3862686567164179
LAVAL,PARIS (intramuros),27,0.3886567164179104
LAVAL,PARIS (intramuros),28,0.39176646706586826
LAVAL,PARIS (intramuros),29,0.3752252252252252
LAVAL,PARIS (intramuros),30,0.040512048192771086
LE MANS,PARIS (intramuros),0,0.6745454545454546
LE MANS,PARIS (intramuros),1,0.6782674772036474
LE MANS,PARIS (intramuros),2,0.683939393939394
LE MANS,PARIS (intramuros),3,0.6913636363636364
LE MANS,PARIS (intramuros),4,0.548939393939394
LE MANS,PARIS (intramuros),5,0.5456060606060606
LE MANS,PARIS (intramuros),6,0.5619696969696969
LE MANS,PARIS (intramuros),7,0.5704545454545454
LE MANS,PARIS (intramuros),8,0.541033434650456
LE MANS,PARIS (intramuros),9,0.5490881458966566
LE MANS,PARIS (intramuros),10,0.5632218844984803
LE MANS,PARIS (intramuros),11,0.569756838905775
LE MANS,PARIS (intramuros),12,0.27066869300911856
LE MANS,PARIS (intramuros),13,0.2721884498480243
LE MANS,PARIS (intramuros),14,0.29407294832826747
LE MANS,PARIS (intramuros),15,0.31063829787234043
LE MANS,PARIS (intramuros),16,0.3293313069908814
LE MANS,PARIS (intramuros),17,0.33948170731707317
LE MANS,PARIS (intramuros),18,0.34009146341463414
LE MANS,PARIS (intramuros),19,0.3507621951219512
LE MANS,PARIS (intramuros),20,0.3614329268292683
LE MANS,PARIS (intramuros),21,0.3647865853658537
LE MANS,PARIS (intramuros),22,0.3719512195121951
LE MANS,PARIS (intramuros),23,0.3761467889908257
LE MANS,PARIS (intramuros),24,0.38094512195121955
LE MANS,PARIS (intramuros),25,0.38685015290519875
LE MANS,PARIS (intramuros),26,0.39143730886850153
LE MANS,PARIS (intramuros),27,0.4022935779816514
LE MANS,PARIS (intramuros),28,0.40935582822085886
LE MANS,PARIS (intramuros),29,0.3992307692307692
LE MANS,PARIS (intramuros),30,0.04398148148148148
LORIENT,AURAY,0,0.9986607142857143
LORIENT,AURAY,1,0.9991071428571429
LORIENT,AURAY,2,0.9994047619047619
LORIENT,AURAY,3,0.9980654761904763
LORIENT,AURAY,4,0.9910714285714286
LORIENT,AURAY,5,0.9815476190476191
LORIENT,AURAY,6,0.9748511904761905
LORIENT,AURAY,7,0.9714285714285713
LORIENT,AURAY,8,0.9680059523809523
LORIENT,AURAY,9,0.9647321428571428
LORIENT,AURAY,10,0.9574404761904761
LORIENT,AURAY,11,0.9364583333333333
LORIENT,AURAY,12,0.8921130952380952
LORIENT,AURAY,13,0.8761904761904761
LORIENT,AURAY,14,0.8632440476190476
LORIENT,AURAY,15,0.8508928571428571
LORIENT,AURAY,16,0.8388392857142858
LORIENT,AURAY,17,0.8311011904761905
LORIENT,AURAY,18,0.8252976190476191
LORIENT,AURAY,19,0.8031250000000001
LORIENT,AURAY,20,0.7813988095238096
LORIENT,AURAY,21,0.7711940298507464
LORIENT,AURAY,22,0.7658208955223881
LORIENT,AURAY,23,0.7583832335329341
LORIENT,AURAY,24,0.7449101796407186
LORIENT,AURAY,25,0.7315868263473053
LORIENT,AURAY,26,0.7221556886227545
LORIENT,AURAY,27,0.7158682634730539
LORIENT,AURAY,28,0.7111111111111111
LORIENT,AURAY,29,0.6967065868263472
LORIENT,AURAY,30,0.06355421686746988
LORIENT,LAVAL,0,0.40224719101123596
LORIENT,LAVAL,1,0.400374531835206
LORIENT,LAVAL,2,0.41044776119402987
LORIENT,LAVAL,3,0.3875925925925926
LORIENT,LAVAL,4,0.1527777777777778
LORIENT,LAVAL,5,0.15703703703703703
LORIENT,LAVAL,6,0.1717472118959108
LORIENT,LAVAL,7,0.1587360594795539
LORIENT,LAVAL,8,0.133271375464684
LORIENT,LAVAL,9,0.13736059479553905
LORIENT,LAVAL,10,0.1449814126394052
LORIENT,LAVAL,11,0.13828996282527883
LORIENT,LAVAL,12,0.05335820895522388
LORIENT,LAVAL,13,0.04531835205992509
LORIENT,LAVAL,14,0.0417910447761194
LORIENT,LAVAL,15,0.037827715355805244
LORIENT,LAVAL,16,0.035634328358208955
LORIENT,LAVAL,17,0.03787313432835821
LORIENT,LAVAL,18,0.04029850746268657
LORIENT,LAVAL,19,0.03913857677902621
LORIENT,LAVAL,20,0.040225563909774435
LORIENT,LAVAL,21,0.04264150943396227
LORIENT,LAVAL,22,0.045454545454545456
LORIENT,LAVAL,23,0.049811320754716976
LORIENT,LAVAL,24,0.053018867924528305
LORIENT,LAVAL,25,0.05339622641509434
LORIENT,LAVAL,26,0.05397727272727273
LORIENT,LAVAL,27,0.05984848484848485
LORIENT,LAVAL,28,0.06041666666666667
LORIENT,LAVAL,29,0.05965909090909091
LORIENT,LAVAL,30,0.012878787878787878
LORIENT,LE MANS,0,0.9994623655913979
LORIENT,LE MANS,1,0.9994565217391305
LORIENT,LE MANS,2,0.9997297297297296
LORIENT,LE MANS,3,0.9978609625668449
LORIENT,LE MANS,4,0.9809139784946236
LORIENT,LE MANS,5,0.9786096256684492
LORIENT,LE MANS,6,0.9756684491978609
LORIENT,LE MANS,7,0.9671122994652406
LORIENT,LE MANS,8,0.9591397849462366
LORIENT,LE MANS,9,0.9580213903743315
LORIENT,LE MANS,10,0.9574468085106383
LORIENT,LE MANS,11,0.9462566844919785
LORIENT,LE MANS,12,0.8553475935828876
LORIENT,LE MANS,13,0.8491978609625669
LORIENT,LE MANS,14,0.8368983957219251
LORIENT,LE MANS,15,0.8204301075268817
LORIENT,LE MANS,16,0.7983957219251338
LORIENT,LE MANS,17,0.7856382978723404
LORIENT,LE MANS,18,0.7842245989304814
LORIENT,LE MANS,19,0.760427807486631
LORIENT,LE MANS,20,0.7556149732620322
LORIENT,LE MANS,21,0.7323529411764705
LORIENT,LE MANS,22,0.7301075268817205
LORIENT,LE MANS,23,0.7120320855614973
LORIENT,LE MANS,24,0.6965425531914893
LORIENT,LE MANS,25,0.6831550802139037
LORIENT,LE MANS,26,0.6727272727272727
LORIENT,LE MANS,27,0.6529411764705882
LORIENT,LE MANS,28,0.6486559139784946
LORIENT,LE MANS,29,0.6397297297297297
LORIENT,LE MANS,30,0.037365591397849465
LORIENT,PARIS (intramuros),0,0.6751488095238095
LORIENT,PARIS (intramuros),1,0.6738095238095239
LORIENT,PARIS (intramuros),2,0.6625
LORIENT,PARIS (intramuros),3,0.6425595238095239
LORIENT,PARIS (intramuros),4,0.4965773809523809
LORIENT,PARIS (intramuros),5,0.4825892857142857
LORIENT,PARIS (intramuros),6,0.46830357142857143
LORIENT,PARIS (intramuros),7,0.47187500000000004
LORIENT,PARIS (intramuros),8,0.4401785714285714
LORIENT,PARIS (intramuros),9,0.45282738095238095
LORIENT,PARIS (intramuros),10,0.4733630952380953
LORIENT,PARIS (intramuros),11,0.4876488095238095
LORIENT,PARIS (intramuros),12,0.31845238095238093
LORIENT,PARIS (intramuros),13,0.3142857142857143
LORIENT,PARIS (intramuros),14,0.3175595238095238
LORIENT,PARIS (intramuros),15,0.3242559523809524
LORIENT,PARIS (intramuros),16,0.3279761904761905
LORIENT,PARIS (intramuros),17,0.33630952380952384
LORIENT,PARIS (intramuros),18,0.34017857142857144
LORIENT,PARIS (intramuros),19,0.33898809523809526
LORIENT,PARIS (intramuros),20,0.3388392857142857
LORIENT,PARIS (intramuros),21,0.34151785714285715
LORIENT,PARIS (intramuros),22,0.35372023809523806
LORIENT,PARIS (intramuros),23,0.35833333333333334
LORIENT,PARIS (intramuros),24,0.3663690476190476
LORIENT,PARIS (intramuros),25,0.3723214285714286
LORIENT,PARIS (intramuros),26,0.3794642857142857
LORIENT,PARIS (intramuros),27,0.3828869047619048
LORIENT,PARIS (intramuros),28,0.3874626865671642
LORIENT,PARIS (intramuros),29,0.381044776119403
LORIENT,PARIS (intramuros),30,0.04084084084084084
LORIENT,REDON,0,0.994108280254777
LORIENT,REDON,1,0.9923566878980893
LORIENT,REDON,2,0.9890127388535033
LORIENT,REDON,3,0.9778481012658228
LORIENT,REDON,4,0.946031746031746
LORIENT,REDON,5,0.942063492063492
LORIENT,REDON,6,0.9319047619047619
LORIENT,REDON,7,0.9280952380952382
LORIENT,REDON,8,0.9144444444444445
LORIENT,REDON,9,0.9106687898089172
LORIENT,REDON,10,0.8982539682539682
LORIENT,REDON,11,0.8795238095238096
LORIENT,REDON,12,0.8184126984126985
LORIENT,REDON,13,0.8103174603174603
LORIENT,REDON,14,0.8011111111111111
LORIENT,REDON,15,0.800952380952381
LORIENT,REDON,16,0.7915605095541401
LORIENT,REDON,17,0.7884126984126983
LORIENT,REDON,18,0.7797770700636942
LORIENT,REDON,19,0.7613057324840765
LORIENT,REDON,20,0.7570063694267516
LORIENT,REDON,21,0.7498407643312102
LORIENT,REDON,22,0.7463375796178344
LORIENT,REDON,23,0.7386581469648562
LORIENT,REDON,24,0.7277777777777777
LORIENT,REDON,25,0.7230891719745224
LORIENT,REDON,26,0.721656050955414
LORIENT,REDON,27,0.7234076433121019
LORIENT,REDON,28,0.7204472843450479
LORIENT,REDON,29,0.71629392971246
LORIENT,REDON,30,0.03958333333333333
LORIENT,RENNES,0,0.9535714285714285
LORIENT,RENNES,1,0.9520833333333333
LORIENT,RENNES,2,0.9389880952380952
LORIENT,RENNES,3,0.9288690476190476
LORIENT,RENNES,4,0.8959821428571428
LORIENT,RENNES,5,0.8839285714285714
LORIENT,RENNES,6,0.884077380952381
LORIENT,RENNES,7,0.8806547619047619
LORIENT,RENNES,8,0.8633928571428572
LORIENT,RENNES,9,0.8482142857142857
LORIENT,RENNES,10,0.8386904761904762
LORIENT,RENNES,11,0.8211309523809524
LORIENT,RENNES,12,0.7571428571428571
LORIENT,RENNES,13,0.7479166666666667
LORIENT,RENNES,14,0.7308035714285714
LORIENT,RENNES,15,0.7276785714285714
LORIENT,RENNES,16,0.7231343283582089
LORIENT,RENNES,17,0.725820895522388
LORIENT,RENNES,18,0.7138805970149253
LORIENT,RENNES,19,0.7065671641791045
LORIENT,RENNES,20,0.6888059701492537
LORIENT,RENNES,21,0.683134328358209
LORIENT,RENNES,22,0.6859701492537313
LORIENT,RENNES,23,0.688622754491018
LORIENT,RENNES,24,0.6856716417910448
LORIENT,RENNES,25,0.6845808383233533
LORIENT,RENNES,26,0.6857784431137725
LORIENT,RENNES,27,0.6904191616766467
LORIENT,RENNES,28,0.6914414414414415
LORIENT,RENNES,29,0.6863363363363364
LORIENT,RENNES,30,0.02996987951807229
LORIENT,VANNES,0,0.9983630952380952
LORIENT,VANNES,1,0.9988095238095239
LORIENT,VANNES,2,0.9982142857142856
LORIENT,VANNES,3,0.9988095238095239
LORIENT,VANNES,4,0.9985119047619048
LORIENT,VANNES,5,0.9979166666666667
LORIENT,VANNES,6,0.9983630952380952
LORIENT,VANNES,7,0.9961309523809524
LORIENT,VANNES,8,0.9950892857142858
LORIENT,VANNES,9,0.9922619047619047
LORIENT,VANNES,10,0.9860119047619048
LORIENT,VANNES,11,0.9775297619047618
LORIENT,VANNES,12,0.9607142857142857
LORIENT,VANNES,13,0.9580357142857142
LORIENT,VANNES,14,0.9522321428571429
LORIENT,VANNES,15,0.9456845238095238
LORIENT,VANNES,16,0.9398809523809524
LORIENT,VANNES,17,0.9313988095238095
LORIENT,VANNES,18,0.9312499999999999
LORIENT,VANNES,19,0.924404761904762
LORIENT,VANNES,20,0.9113095238095238
LORIENT,VANNES,21,0.8974702380952382
LORIENT,VANNES,22,0.8903273809523808
LORIENT,VANNES,23,0.8848214285714286
LORIENT,VANNES,24,0.8732142857142856
LORIENT,VANNES,25,0.8541666666666666
LORIENT,VANNES,26,0.8382440476190476
LORIENT,VANNES,27,0.8324404761904761
LORIENT,VANNES,28,0.8244776119402984
LORIENT,VANNES,29,0.8135820895522389
LORIENT,VANNES,30,0.05165165165165165
MORLAIX,GUINGAMP,0,0.997470238095238
MORLAIX,GUINGAMP,1,0.9976190476190476
MORLAIX,GUINGAMP,2,0.9950892857142858
MORLAIX,GUINGAMP,3,0.9933035714285714
MORLAIX,GUINGAMP,4,0.9889880952380953
MORLAIX,GUINGAMP,5,0.9886904761904761
MORLAIX,GUINGAMP,6,0.9860119047619048
MORLAIX,GUINGAMP,7,0.9833333333333333
MORLAIX,GUINGAMP,8,0.9711309523809524
MORLAIX,GUINGAMP,9,0.9544642857142857
MORLAIX,GUINGAMP,10,0.9433035714285714
MORLAIX,GUINGAMP,11,0.9303571428571429
MORLAIX,GUINGAMP,12,0.8901785714285715
MORLAIX,GUINGAMP,13,0.8730654761904763
MORLAIX,GUINGAMP,14,0.8482089552238805
MORLAIX,GUINGAMP,15,0.8326865671641791
MORLAIX,GUINGAMP,16,0.8182089552238807
MORLAIX,GUINGAMP,17,0.7977611940298508
MORLAIX,GUINGAMP,18,0.7814925373134328
MORLAIX,GUINGAMP,19,0.7640298507462686
MORLAIX,GUINGAMP,20,0.7295522388059702
MORLAIX,GUINGAMP,21,0.7062874251497007
MORLAIX,GUINGAMP,22,0.6874626865671642
MORLAIX,GUINGAMP,23,0.6782282282282283
MORLAIX,GUINGAMP,24,0.6644144144144144
MORLAIX,GUINGAMP,25,0.6471471471471472
MORLAIX,GUINGAMP,26,0.6298192771084338
MORLAIX,GUINGAMP,27,0.6122356495468279
MORLAIX,GUINGAMP,28,0.6062121212121212
MORLAIX,GUINGAMP,29,0.5941087613293051
MORLAIX,GUINGAMP,30,0.03525835866261398
MORLAIX,LAMBALLE,0,0.9563311688311689
MORLAIX,LAMBALLE,1,0.9577170418006432
MORLAIX,LAMBALLE,2,0.9306089743589744
MORLAIX,LAMBALLE,3,0.8934294871794872
MORLAIX,LAMBALLE,4,0.6421474358974358
MORLAIX,LAMBALLE,5,0.6116987179487179
MORLAIX,LAMBALLE,6,0.5419614147909968
MORLAIX,LAMBALLE,7,0.5029032258064516
MORLAIX,LAMBALLE,8,0.4290322580645161
MORLAIX,LAMBALLE,9,0.37249190938511323
MORLAIX,LAMBALLE,10,0.3305194805194805
MORLAIX,LAMBALLE,11,0.30178571428571427
MORLAIX,LAMBALLE,12,0.1771103896103896
MORLAIX,LAMBALLE,13,0.1616013071895425
MORLAIX,LAMBALLE,14,0.13431372549019607
MORLAIX,LAMBALLE,15,0.12901639344262295
MORLAIX,LAMBALLE,16,0.12286184210526316
MORLAIX,LAMBALLE,17,0.11287128712871287
MORLAIX,LAMBALLE,18,0.10775577557755775
MORLAIX,LAMBALLE,19,0.101158940397351
MORLAIX,LAMBALLE,20,0.0983388704318937
MORLAIX,LAMBALLE,21,0.09566666666666666
MORLAIX,LAMBALLE,22,0.0891304347826087
MORLAIX,LAMBALLE,23,0.09347826086956522
MORLAIX,LAMBALLE,24,0.09815436241610738
MORLAIX,LAMBALLE,25,0.09983221476510067
MORLAIX,LAMBALLE,26,0.09579124579124579
MORLAIX,LAMBALLE,27,0.0929054054054054
MORLAIX,LAMBALLE,28,0.0876271186440678
MORLAIX,LAMBALLE,29,0.08231292517006802
MORLAIX,LAMBALLE,30,0.012969283276450512
MORLAIX,LAVAL,0,0.35292096219931274
MORLAIX,LAVAL,1,0.3824232081911263
MORLAIX,LAVAL,2,0.37457337883959047
MORLAIX,LAVAL,3,0.3220890410958904
MORLAIX,LAVAL,4,0.11506849315068493
MORLAIX,LAVAL,5,0.10426621160409556
MORLAIX,LAVAL,6,0.11143344709897611
MORLAIX,LAVAL,7,0.1185374149659864
MORLAIX,LAVAL,8,0.0913265306122449
MORLAIX,LAVAL,9,0.09642857142857142
MORLAIX,LAVAL,10,0.09608843537414966
MORLAIX,LAVAL,11,0.09423728813559322
MORLAIX,LAVAL,12,0.024915254237288135
MORLAIX,LAVAL,13,0.026109215017064848
MORLAIX,LAVAL,14,0.024914675767918087
MORLAIX,LAVAL,15,0.02440273037542662
MORLAIX,LAVAL,16,0.02184300341296928
MORLAIX,LAVAL,17,0.02216494845360825
MORLAIX,LAVAL,18,0.024570446735395192
MORLAIX,LAVAL,19,0.027758620689655174
MORLAIX,LAVAL,20,0.03109965635738832
MORLAIX,LAVAL,21,0.03362068965517241
MORLAIX,LAVAL,22,0.03793103448275862
MORLAIX,LAVAL,23,0.04120689655172414
MORLAIX,LAVAL,24,0.04184027777777778
MORLAIX,LAVAL,25,0.04221453287197231
MORLAIX,LAVAL,26,0.04429065743944637
MORLAIX,LAVAL,27,0.04548611111111111
MORLAIX,LAVAL,28,0.04548611111111111
MORLAIX,LAVAL,29,0.04548611111111111
MORLAIX,LAVAL,30,0.009895833333333333
MORLAIX,PARIS (intramuros),0,0.5880952380952381
MORLAIX,PARIS (intramuros),1,0.5864583333333334
MORLAIX,PARIS (intramuros),2,0.5909226190476191
MORLAIX,PARIS (intramuros),3,0.5799107142857143
MORLAIX,PARIS (intramuros),4,0.3507440476190476
MORLAIX,PARIS (intramuros),5,0.3458333333333333
MORLAIX,PARIS (intramuros),6,0.359375
MORLAIX,PARIS (intramuros),7,0.3568452380952381
MORLAIX,PARIS (intramuros),8,0.3099702380952381
MORLAIX,PARIS (intramuros),9,0.3232142857142857
MORLAIX,PARIS (intramuros),10,0.3456845238095238
MORLAIX,PARIS (intramuros),11,0.36577380952380956
MORLAIX,PARIS (intramuros),12,0.21785714285714286
MORLAIX,PARIS (intramuros),13,0.2069940476190476
MORLAIX,PARIS (intramuros),14,0.20970149253731343
MORLAIX,PARIS (intramuros),15,0.21029850746268658
MORLAIX,PARIS (intramuros),16,0.22507462686567165
MORLAIX,PARIS (intramuros),17,0.2265671641791045
MORLAIX,PARIS (intramuros),18,0.2308955223880597
MORLAIX,PARIS (intramuros),19,0.238955223880597
MORLAIX,PARIS (intramuros),20,0.24776119402985075
MORLAIX,PARIS (intramuros),21,0.25508982035928146
MORLAIX,PARIS (intramuros),22,0.2619402985074627
MORLAIX,PARIS (intramuros),23,0.2737237237237237
MORLAIX,PARIS (intramuros),24,0.2779279279279279
MORLAIX,PARIS (intramuros),25,0.2818318318318318
MORLAIX,PARIS (intramuros),26,0.2930722891566265
MORLAIX,PARIS (intramuros),27,0.2957703927492447
MORLAIX,PARIS (intramuros),28,0.30227272727272725
MORLAIX,PARIS (intramuros),29,0.29682779456193353
MORLAIX,PARIS (intramuros),30,0.020516717325227963
MORLAIX,PLOUARET TREGOR,0,0.91921768707483
MORLAIX,PLOUARET TREGOR,1,0.9050505050505051
MORLAIX,PLOUARET TREGOR,2,0.8723905723905725
MORLAIX,PLOUARET TREGOR,3,0.8286195286195286
MORLAIX,PLOUARET TREGOR,4,0.44208754208754214
MORLAIX,PLOUARET TREGOR,5,0.41801346801346806
MORLAIX,PLOUARET TREGOR,6,0.3547297297297297
MORLAIX,PLOUARET TREGOR,7,0.32915254237288133
MORLAIX,PLOUARET TREGOR,8,0.26644067796610166
MORLAIX,PLOUARET TREGOR,9,0.24183673469387754
MORLAIX,PLOUARET TREGOR,10,0.21774744027303752
MORLAIX,PLOUARET TREGOR,11,0.1947098976109215
MORLAIX,PLOUARET TREGOR,12,0.09539249146757679
MORLAIX,PLOUARET TREGOR,13,0.09037800687285223
MORLAIX,PLOUARET TREGOR,14,0.08419243986254296
MORLAIX,PLOUARET TREGOR,15,0.08879310344827586
MORLAIX,PLOUARET TREGOR,16,0.08927335640138409
MORLAIX,PLOUARET TREGOR,17,0.09062500000000001
MORLAIX,PLOUARET TREGOR,18,0.08697916666666666
MORLAIX,PLOUARET TREGOR,19,0.08135888501742161
MORLAIX,PLOUARET TREGOR,20,0.07867132867132867
MORLAIX,PLOUARET TREGOR,21,0.07421052631578946
MORLAIX,PLOUARET TREGOR,22,0.07253521126760563
MORLAIX,PLOUARET TREGOR,23,0.07411971830985915
MORLAIX,PLOUARET TREGOR,24,0.07447183098591549
MORLAIX,PLOUARET TREGOR,25,0.075
MORLAIX,PLOUARET TREGOR,26,0.07579505300353356
MORLAIX,PLOUARET TREGOR,27,0.07429078014184397
MORLAIX,PLOUARET TREGOR,28,0.07028469750889679
MORLAIX,PLOUARET TREGOR,29,0.06964285714285715
MORLAIX,PLOUARET TREGOR,30,0.010931899641577062
MORLAIX,RENNES,0,0.965625
MORLAIX,RENNES,1,0.9639880952380951
MORLAIX,RENNES,2,0.9636904761904762
MORLAIX,RENNES,3,0.9489583333333333
MORLAIX,RENNES,4,0.8986607142857143
MORLAIX,RENNES,5,0.8808035714285714
MORLAIX,RENNES,6,0.8726190476190476
MORLAIX,RENNES,7,0.8636904761904761
MORLAIX,RENNES,8,0.8136904761904761
MORLAIX,RENNES,9,0.7803571428571429
MORLAIX,RENNES,10,0.7610119047619047
MORLAIX,RENNES,11,0.734375
MORLAIX,RENNES,12,0.6401785714285714
MORLAIX,RENNES,13,0.6229166666666667
MORLAIX,RENNES,14,0.5961194029850746
MORLAIX,RENNES,15,0.5864179104477611
MORLAIX,RENNES,16,0.5773134328358209
MORLAIX,RENNES,17,0.5755223880597016
MORLAIX,RENNES,18,0.5728358208955224
MORLAIX,RENNES,19,0.5604477611940298
MORLAIX,RENNES,20,0.554179104477612
MORLAIX,RENNES,21,0.5532934131736528
MORLAIX,RENNES,22,0.5434328358208955
MORLAIX,RENNES,23,0.5403903903903904
MORLAIX,RENNES,24,0.5378378378378378
MORLAIX,RENNES,25,0.533933933933934
MORLAIX,RENNES,26,0.523644578313253
MORLAIX,RENNES,27,0.5057401812688822
MORLAIX,RENNES,28,0.5062121212121212
MORLAIX,RENNES,29,0.49909365558912383
MORLAIX,RENNES,30,0.015197568389057751
MORLAIX,ST BRIEUC,0,0.9962797619047619
MORLAIX,ST BRIEUC,1,0.9977678571428571
MORLAIX,ST BRIEUC,2,0.9959821428571428
MORLAIX,ST BRIEUC,3,0.9949404761904762
MORLAIX,ST BRIEUC,4,0.9876488095238096
MORLAIX,ST BRIEUC,5,0.9885416666666667
MORLAIX,ST BRIEUC,6,0.9870535714285713
MORLAIX,ST BRIEUC,7,0.9857142857142857
MORLAIX,ST BRIEUC,8,0.9730654761904761
MORLAIX,ST BRIEUC,9,0.9584821428571428
MORLAIX,ST BRIEUC,10,0.9433035714285714
MORLAIX,ST BRIEUC,11,0.9297619047619047
MORLAIX,ST BRIEUC,12,0.8898809523809523
MORLAIX,ST BRIEUC,13,0.872470238095238
MORLAIX,ST BRIEUC,14,0.846865671641791
MORLAIX,ST BRIEUC,15,0.8317910447761193
MORLAIX,ST BRIEUC,16,0.8159701492537315
MORLAIX,ST BRIEUC,17,0.8010447761194031
MORLAIX,ST BRIEUC,18,0.7862686567164179
MORLAIX,ST BRIEUC,19,0.7640298507462686
MORLAIX,ST BRIEUC,20,0.7277611940298507
MORLAIX,ST BRIEUC,21,0.713622754491018
MORLAIX,ST BRIEUC,22,0.6883582089552238
MORLAIX,ST BRIEUC,23,0.6782282282282283
MORLAIX,ST BRIEUC,24,0.668018018018018
MORLAIX,ST BRIEUC,25,0.6444444444444444
MORLAIX,ST BRIEUC,26,0.6302710843373494
MORLAIX,ST BRIEUC,27,0.6157099697885197
MORLAIX,ST BRIEUC,28,0.6072727272727273
MORLAIX,ST BRIEUC,29,0.5903323262839879
MORLAIX,ST BRIEUC,30,0.04027355623100304
PLOUARET TREGOR,GUINGAMP,0,0.9224489795918367
PLOUARET TREGOR,GUINGAMP,1,0.9055555555555556
PLOUARET TREGOR,GUINGAMP,2,0.8744107744107744
PLOUARET TREGOR,GUINGAMP,3,0.8129629629629629
PLOUARET TREGOR,GUINGAMP,4,0.4446127946127946
PLOUARET TREGOR,GUINGAMP,5,0.41868686868686866
PLOUARET TREGOR,GUINGAMP,6,0.35743243243243245
PLOUARET TREGOR,GUINGAMP,7,0.3266101694915254
PLOUARET TREGOR,GUINGAMP,8,0.2705084745762712
PLOUARET TREGOR,GUINGAMP,9,0.24200680272108846
PLOUARET TREGOR,GUINGAMP,10,0.21535836177474404
PLOUARET TREGOR,GUINGAMP,11,0.18771331058020477
PLOUARET TREGOR,GUINGAMP,12,0.10290102389078498
PLOUARET TREGOR,GUINGAMP,13,0.09226804123711341
PLOUARET TREGOR,GUINGAMP,14,0.08556701030927835
PLOUARET TREGOR,GUINGAMP,15,0.09086206896551724
PLOUARET TREGOR,GUINGAMP,16,0.09134948096885813
PLOUARET TREGOR,GUINGAMP,17,0.08975694444444444
PLOUARET TREGOR,GUINGAMP,18,0.08697916666666666
PLOUARET TREGOR,GUINGAMP,19,0.08101045296167247
PLOUARET TREGOR,GUINGAMP,20,0.07972027972027972
PLOUARET TREGOR,GUINGAMP,21,0.07368421052631578
PLOUARET TREGOR,GUINGAMP,22,0.07165492957746479
PLOUARET TREGOR,GUINGAMP,23,0.07306338028169014
PLOUARET TREGOR,GUINGAMP,24,0.07429577464788732
PLOUARET TREGOR,GUINGAMP,25,0.07482394366197183
PLOUARET TREGOR,GUINGAMP,26,0.07579505300353356
PLOUARET TREGOR,GUINGAMP,27,0.07411347517730496
PLOUARET TREGOR,GUINGAMP,28,0.0704626334519573
PLOUARET TREGOR,GUINGAMP,29,0.07142857142857142
PLOUARET TREGOR,GUINGAMP,30,0.011111111111111112
PLOUARET TREGOR,LAMBALLE,0,0.9222602739726028
PLOUARET TREGOR,LAMBALLE,1,0.9042229729729729
PLOUARET TREGOR,LAMBALLE,2,0.8712121212121212
PLOUARET TREGOR,LAMBALLE,3,0.822053872053872
PLOUARET TREGOR,LAMBALLE,4,0.44191919191919193
PLOUARET TREGOR,LAMBALLE,5,0.41784511784511785
PLOUARET TREGOR,LAMBALLE,6,0.3597972972972973
PLOUARET TREGOR,LAMBALLE,7,0.32440677966101694
PLOUARET TREGOR,LAMBALLE,8,0.261864406779661
PLOUARET TREGOR,LAMBALLE,9,0.24149659863945577
PLOUARET TREGOR,LAMBALLE,10,0.2129692832764505
PLOUARET TREGOR,LAMBALLE,11,0.18754266211604095
PLOUARET TREGOR,LAMBALLE,12,0.10051194539249146
PLOUARET TREGOR,LAMBALLE,13,0.09072164948453608
PLOUARET TREGOR,LAMBALLE,14,0.08367697594501719
PLOUARET TREGOR,LAMBALLE,15,0.08948275862068965
PLOUARET TREGOR,LAMBALLE,16,0.08892733564013841
PLOUARET TREGOR,LAMBALLE,17,0.08993055555555556
PLOUARET TREGOR,LAMBALLE,18,0.08697916666666666
PLOUARET TREGOR,LAMBALLE,19,0.08153310104529617
PLOUARET TREGOR,LAMBALLE,20,0.07919580419580419
PLOUARET TREGOR,LAMBALLE,21,0.0743859649122807
PLOUARET TREGOR,LAMBALLE,22,0.07130281690140845
PLOUARET TREGOR,LAMBALLE,23,0.07288732394366197
PLOUARET TREGOR,LAMBALLE,24,0.07411971830985915
PLOUARET TREGOR,LAMBALLE,25,0.07447183098591549
PLOUARET TREGOR,LAMBALLE,26,0.07526501766784452
PLOUARET TREGOR,LAMBALLE,27,0.07411347517730496
PLOUARET TREGOR,LAMBALLE,28,0.0706405693950178
PLOUARET TREGOR,LAMBALLE,29,0.06714285714285714
PLOUARET TREGOR,LAMBALLE,30,0.014695340501792114
PLOUARET TREGOR,LAVAL,0,0.20059171597633135
PLOUARET TREGOR,LAVAL,1,0.260233918128655
PLOUARET TREGOR,LAVAL,2,0.252046783625731
PLOUARET TREGOR,LAVAL,3,0.20441176470588235
PLOUARET TREGOR,LAVAL,4,0.027941176470588237
PLOUARET TREGOR,LAVAL,5,0.022222222222222223
PLOUARET TREGOR,LAVAL,6,0.02882352941176471
PLOUARET TREGOR,LAVAL,7,0.03058823529411765
PLOUARET TREGOR,LAVAL,8,0.028235294117647056
PLOUARET TREGOR,LAVAL,9,0.033136094674556214
PLOUARET TREGOR,LAVAL,10,0.026331360946745562
PLOUARET TREGOR,LAVAL,11,0.032058823529411765
PLOUARET TREGOR,LAVAL,12,0.00562130177514793
PLOUARET TREGOR,LAVAL,13,0.005952380952380952
PLOUARET TREGOR,LAVAL,14,0.005952380952380952
PLOUARET TREGOR,LAVAL,15,0.006845238095238094
PLOUARET TREGOR,LAVAL,16,0.00744047619047619
PLOUARET TREGOR,LAVAL,17,0.00625
PLOUARET TREGOR,LAVAL,18,0.00625
PLOUARET TREGOR,LAVAL,19,0.0074850299401197605
PLOUARET TREGOR,LAVAL,20,0.008982035928143712
PLOUARET TREGOR,LAVAL,21,0.011746987951807229
PLOUARET TREGOR,LAVAL,22,0.012650602409638554
PLOUARET TREGOR,LAVAL,23,0.012650602409638554
PLOUARET TREGOR,LAVAL,24,0.012951807228915662
PLOUARET TREGOR,LAVAL,25,0.012951807228915662
PLOUARET TREGOR,LAVAL,26,0.012650602409638554
PLOUARET TREGOR,LAVAL,27,0.012424242424242423
PLOUARET TREGOR,LAVAL,28,0.012727272727272728
PLOUARET TREGOR,LAVAL,29,0.013636363636363636
PLOUARET TREGOR,LAVAL,30,0.002121212121212121
PLOUARET TREGOR,PARIS (intramuros),0,0.3469387755102041
PLOUARET TREGOR,PARIS (intramuros),1,0.3696969696969697
PLOUARET TREGOR,PARIS (intramuros),2,0.35117845117845115
PLOUARET TREGOR,PARIS (intramuros),3,0.3202020202020202
PLOUARET TREGOR,PARIS (intramuros),4,0.08114478114478114
PLOUARET TREGOR,PARIS (intramuros),5,0.07693602693602694
PLOUARET TREGOR,PARIS (intramuros),6,0.07347972972972973
PLOUARET TREGOR,PARIS (intramuros),7,0.08271186440677966
PLOUARET TREGOR,PARIS (intramuros),8,0.06915254237288136
PLOUARET TREGOR,PARIS (intramuros),9,0.06853741496598639
PLOUARET TREGOR,PARIS (intramuros),10,0.06979522184300341
PLOUARET TREGOR,PARIS (intramuros),11,0.06911262798634812
PLOUARET TREGOR,PARIS (intramuros),12,0.040443686006825935
PLOUARET TREGOR,PARIS (intramuros),13,0.044673539518900345
PLOUARET TREGOR,PARIS (intramuros),14,0.05326460481099656
PLOUARET TREGOR,PARIS (intramuros),15,0.06137931034482759
PLOUARET TREGOR,PARIS (intramuros),16,0.0629757785467128
PLOUARET TREGOR,PARIS (intramuros),17,0.06302083333333333
PLOUARET TREGOR,PARIS (intramuros),18,0.06319444444444444
PLOUARET TREGOR,PARIS (intramuros),19,0.062369337979094074
PLOUARET TREGOR,PARIS (intramuros),20,0.06503496503496504
PLOUARET TREGOR,PARIS (intramuros),21,0.06385964912280702
PLOUARET TREGOR,PARIS (intramuros),22,0.06830985915492957
PLOUARET TREGOR,PARIS (intramuros),23,0.07059859154929578
PLOUARET TREGOR,PARIS (intramuros),24,0.0709507042253521
PLOUARET TREGOR,PARIS (intramuros),25,0.07147887323943662
PLOUARET TREGOR,PARIS (intramuros),26,0.07385159010600706
PLOUARET TREGOR,PARIS (intramuros),27,0.07180851063829788
PLOUARET TREGOR,PARIS (intramuros),28,0.0706405693950178
PLOUARET TREGOR,PARIS (intramuros),29,0.07071428571428572
PLOUARET TREGOR,PARIS (intramuros),30,0.00967741935483871
PLOUARET TREGOR,RENNES,0,0.6244897959183673
PLOUARET TREGOR,RENNES,1,0.6195286195286195
PLOUARET TREGOR,RENNES,2,0.5936026936026937
PLOUARET TREGOR,RENNES,3,0.5572390572390572
PLOUARET TREGOR,RENNES,4,0.2644781144781145
PLOUARET TREGOR,RENNES,5,0.24545454545454548
PLOUARET TREGOR,RENNES,6,0.22010135135135137
PLOUARET TREGOR,RENNES,7,0.19677966101694913
PLOUARET TREGOR,RENNES,8,0.17288135593220338
PLOUARET TREGOR,RENNES,9,0.1545918367346939
PLOUARET TREGOR,RENNES,10,0.15017064846416384
PLOUARET TREGOR,RENNES,11,0.14044368600682594
PLOUARET TREGOR,RENNES,12,0.07440273037542662
PLOUARET TREGOR,RENNES,13,0.060652920962199305
PLOUARET TREGOR,RENNES,14,0.07061855670103093
PLOUARET TREGOR,RENNES,15,0.07706896551724138
PLOUARET TREGOR,RENNES,16,0.0801038062283737
PLOUARET TREGOR,RENNES,17,0.08107638888888889
PLOUARET TREGOR,RENNES,18,0.08159722222222222
PLOUARET TREGOR,RENNES,19,0.07909407665505226
PLOUARET TREGOR,RENNES,20,0.07937062937062937
PLOUARET TREGOR,RENNES,21,0.07385964912280701
PLOUARET TREGOR,RENNES,22,0.07235915492957747
PLOUARET TREGOR,RENNES,23,0.07323943661971831
PLOUARET TREGOR,RENNES,24,0.07482394366197183
PLOUARET TREGOR,RENNES,25,0.0755281690140845
PLOUARET TREGOR,RENNES,26,0.07773851590106007
PLOUARET TREGOR,RENNES,27,0.07606382978723404
PLOUARET TREGOR,RENNES,28,0.07330960854092528
PLOUARET TREGOR,RENNES,29,0.07321428571428572
PLOUARET TREGOR,RENNES,30,0.00931899641577061
PLOUARET TREGOR,ST BRIEUC,0,0.923639455782313
PLOUARET TREGOR,ST BRIEUC,1,0.9099326599326599
PLOUARET TREGOR,ST BRIEUC,2,0.8779461279461279
PLOUARET TREGOR,ST BRIEUC,3,0.8267676767676768
PLOUARET TREGOR,ST BRIEUC,4,0.44680134680134675
PLOUARET TREGOR,ST BRIEUC,5,0.4181818181818182
PLOUARET TREGOR,ST BRIEUC,6,0.358277027027027
PLOUARET TREGOR,ST BRIEUC,7,0.32610169491525426
PLOUARET TREGOR,ST BRIEUC,8,0.2688135593220339
PLOUARET TREGOR,ST BRIEUC,9,0.24183673469387754
PLOUARET TREGOR,ST BRIEUC,10,0.2151877133105802
PLOUARET TREGOR,ST BRIEUC,11,0.18464163822525598
PLOUARET TREGOR,ST BRIEUC,12,0.10614334470989761
PLOUARET TREGOR,ST BRIEUC,13,0.09278350515463918
PLOUARET TREGOR,ST BRIEUC,14,0.08487972508591066
PLOUARET TREGOR,ST BRIEUC,15,0.09172413793103448
PLOUARET TREGOR,ST BRIEUC,16,0.09048442906574394
PLOUARET TREGOR,ST BRIEUC,17,0.09079861111111111
PLOUARET TREGOR,ST BRIEUC,18,0.0875
PLOUARET TREGOR,ST BRIEUC,19,0.08048780487804878
PLOUARET TREGOR,ST BRIEUC,20,0.07867132867132867
PLOUARET TREGOR,ST BRIEUC,21,0.07491228070175439
PLOUARET TREGOR,ST BRIEUC,22,0.07183098591549296
PLOUARET TREGOR,ST BRIEUC,23,0.07376760563380282
PLOUARET TREGOR,ST BRIEUC,24,0.07376760563380282
PLOUARET TREGOR,ST BRIEUC,25,0.07429577464788732
PLOUARET TREGOR,ST BRIEUC,26,0.07526501766784452
PLOUARET TREGOR,ST BRIEUC,27,0.07464539007092198
PLOUARET TREGOR,ST BRIEUC,28,0.0706405693950178
PLOUARET TREGOR,ST BRIEUC,29,0.06803571428571428
PLOUARET TREGOR,ST BRIEUC,30,0.008243727598566307
QUIMPER,AURAY,0,0.9992559523809523
QUIMPER,AURAY,1,0.9992559523809523
QUIMPER,AURAY,2,0.9991071428571429
QUIMPER,AURAY,3,0.9976190476190476
QUIMPER,AURAY,4,0.9892857142857142
QUIMPER,AURAY,5,0.9800595238095239
QUIMPER,AURAY,6,0.972172619047619
QUIMPER,AURAY,7,0.9633928571428572
QUIMPER,AURAY,8,0.9586309523809524
QUIMPER,AURAY,9,0.9586309523809524
QUIMPER,AURAY,10,0.9508928571428571
QUIMPER,AURAY,11,0.9205357142857143
QUIMPER,AURAY,12,0.8808035714285714
QUIMPER,AURAY,13,0.865922619047619
QUIMPER,AURAY,14,0.8529761904761906
QUIMPER,AURAY,15,0.841220238095238
QUIMPER,AURAY,16,0.8296130952380952
QUIMPER,AURAY,17,0.8188988095238094
QUIMPER,AURAY,18,0.8166666666666667
QUIMPER,AURAY,19,0.7955357142857143
QUIMPER,AURAY,20,0.7764880952380951
QUIMPER,AURAY,21,0.767910447761194
QUIMPER,AURAY,22,0.7601492537313433
QUIMPER,AURAY,23,0.7526946107784431
QUIMPER,AURAY,24,0.7380239520958084
QUIMPER,AURAY,25,0.7269461077844311
QUIMPER,AURAY,26,0.7203592814371257
QUIMPER,AURAY,27,0.7125748502994012
QUIMPER,AURAY,28,0.7087087087087087
QUIMPER,AURAY,29,0.694311377245509
QUIMPER,AURAY,30,0.0588855421686747
QUIMPER,LAVAL,0,0.4046816479400749
QUIMPER,LAVAL,1,0.401310861423221
QUIMPER,LAVAL,2,0.41529850746268654
QUIMPER,LAVAL,3,0.3931481481481482
QUIMPER,LAVAL,4,0.15074074074074076
QUIMPER,LAVAL,5,0.15592592592592594
QUIMPER,LAVAL,6,0.17509293680297397
QUIMPER,LAVAL,7,0.15985130111524162
QUIMPER,LAVAL,8,0.1325278810408922
QUIMPER,LAVAL,9,0.1379182156133829
QUIMPER,LAVAL,10,0.14423791821561338
QUIMPER,LAVAL,11,0.14052044609665426
QUIMPER,LAVAL,12,0.051119402985074634
QUIMPER,LAVAL,13,0.0451310861423221
QUIMPER,LAVAL,14,0.0417910447761194
QUIMPER,LAVAL,15,0.03895131086142322
QUIMPER,LAVAL,16,0.03600746268656717
QUIMPER,LAVAL,17,0.03880597014925373
QUIMPER,LAVAL,18,0.04123134328358209
QUIMPER,LAVAL,19,0.03857677902621723
QUIMPER,LAVAL,20,0.041165413533834586
QUIMPER,LAVAL,21,0.04207547169811321
QUIMPER,LAVAL,22,0.045075757575757575
QUIMPER,LAVAL,23,0.051698113207547164
QUIMPER,LAVAL,24,0.05264150943396226
QUIMPER,LAVAL,25,0.053018867924528305
QUIMPER,LAVAL,26,0.05378787878787879
QUIMPER,LAVAL,27,0.06231060606060606
QUIMPER,LAVAL,28,0.05984848484848485
QUIMPER,LAVAL,29,0.05776515151515151
QUIMPER,LAVAL,30,0.010416666666666666
QUIMPER,LORIENT,0,0.9980654761904763
QUIMPER,LORIENT,1,0.9989583333333333
QUIMPER,LORIENT,2,0.9991071428571429
QUIMPER,LORIENT,3,0.9989583333333333
QUIMPER,LORIENT,4,0.997470238095238
QUIMPER,LORIENT,5,0.9983630952380952
QUIMPER,LORIENT,6,0.9980654761904763
QUIMPER,LORIENT,7,0.9967261904761904
QUIMPER,LORIENT,8,0.9940476190476191
QUIMPER,LORIENT,9,0.9907738095238094
QUIMPER,LORIENT,10,0.9870535714285713
QUIMPER,LORIENT,11,0.9770833333333334
QUIMPER,LORIENT,12,0.9514880952380952
QUIMPER,LORIENT,13,0.9470238095238095
QUIMPER,LORIENT,14,0.9397321428571429
QUIMPER,LORIENT,15,0.9327380952380951
QUIMPER,LORIENT,16,0.9264880952380953
QUIMPER,LORIENT,17,0.9141369047619047
QUIMPER,LORIENT,18,0.9145833333333334
QUIMPER,LORIENT,19,0.9099702380952381
QUIMPER,LORIENT,20,0.8928571428571429
QUIMPER,LORIENT,21,0.8759701492537313
QUIMPER,LORIENT,22,0.8631343283582089
QUIMPER,LORIENT,23,0.8591044776119403
QUIMPER,LORIENT,24,0.8480597014925374
QUIMPER,LORIENT,25,0.8302985074626865
QUIMPER,LORIENT,26,0.8123880597014924
QUIMPER,LORIENT,27,0.8041791044776119
QUIMPER,LORIENT,28,0.7994011976047904
QUIMPER,LORIENT,29,0.7805970149253731
QUIMPER,LORIENT,30,0.07259036144578314
QUIMPER,PARIS (intramuros),0,0.6535714285714286
QUIMPER,PARIS (intramuros),1,0.6467261904761905
QUIMPER,PARIS (intramuros),2,0.6428571428571429
QUIMPER,PARIS (intramuros),3,0.6303571428571428
QUIMPER,PARIS (intramuros),4,0.4678571428571428
QUIMPER,PARIS (intramuros),5,0.4485119047619047
QUIMPER,PARIS (intramuros),6,0.44136904761904766
QUIMPER,PARIS (intramuros),7,0.4412202380952381
QUIMPER,PARIS (intramuros),8,0.3956845238095238
QUIMPER,PARIS (intramuros),9,0.39821428571428574
QUIMPER,PARIS (intramuros),10,0.4263392857142857
QUIMPER,PARIS (intramuros),11,0.4486607142857143
QUIMPER,PARIS (intramuros),12,0.2950892857142857
QUIMPER,PARIS (intramuros),13,0.2875
QUIMPER,PARIS (intramuros),14,0.2943452380952381
QUIMPER,PARIS (intramuros),15,0.3020833333333333
QUIMPER,PARIS (intramuros),16,0.30267857142857146
QUIMPER,PARIS (intramuros),17,0.3148809523809524
QUIMPER,PARIS (intramuros),18,0.3196428571428572
QUIMPER,PARIS (intramuros),19,0.3197916666666667
QUIMPER,PARIS (intramuros),20,0.31785714285714284
QUIMPER,PARIS (intramuros),21,0.3225373134328358
QUIMPER,PARIS (intramuros),22,0.3291044776119403
QUIMPER,PARIS (intramuros),23,0.3325373134328358
QUIMPER,PARIS (intramuros),24,0.34208955223880594
QUIMPER,PARIS (intramuros),25,0.34776119402985073
QUIMPER,PARIS (intramuros),26,0.35313432835820896
QUIMPER,PARIS (intramuros),27,0.3517910447761194
QUIMPER,PARIS (intramuros),28,0.35568862275449104
QUIMPER,PARIS (intramuros),29,0.35029850746268654
QUIMPER,PARIS (intramuros),30,0.033734939759036145
QUIMPER,QUIMPERLE,0,0.9938271604938271
QUIMPER,QUIMPERLE,1,0.9902777777777778
QUIMPER,QUIMPERLE,2,0.9901234567901235
QUIMPER,QUIMPERLE,3,0.9833846153846154
QUIMPER,QUIMPERLE,4,0.9455246913580247
QUIMPER,QUIMPERLE,5,0.9282407407407407
QUIMPER,QUIMPERLE,6,0.910030864197531
QUIMPER,QUIMPERLE,7,0.8992283950617285
QUIMPER,QUIMPERLE,8,0.8719814241486067
QUIMPER,QUIMPERLE,9,0.8645962732919253
QUIMPER,QUIMPERLE,10,0.8538819875776397
QUIMPER,QUIMPERLE,11,0.8296583850931676
QUIMPER,QUIMPERLE,12,0.7706521739130435
QUIMPER,QUIMPERLE,13,0.752639751552795
QUIMPER,QUIMPERLE,14,0.7369565217391305
QUIMPER,QUIMPERLE,15,0.7311526479750778
QUIMPER,QUIMPERLE,16,0.717601246105919
QUIMPER,QUIMPERLE,17,0.6995327102803739
QUIMPER,QUIMPERLE,18,0.6934375
QUIMPER,QUIMPERLE,19,0.6743750000000001
QUIMPER,QUIMPERLE,20,0.6598437500000001
QUIMPER,QUIMPERLE,21,0.6578369905956113
QUIMPER,QUIMPERLE,22,0.6573899371069183
QUIMPER,QUIMPERLE,23,0.6577044025157233
QUIMPER,QUIMPERLE,24,0.654245283018868
QUIMPER,QUIMPERLE,25,0.6429022082018928
QUIMPER,QUIMPERLE,26,0.6332807570977917
QUIMPER,QUIMPERLE,27,0.6317034700315457
QUIMPER,QUIMPERLE,28,0.6278481012658228
QUIMPER,QUIMPERLE,29,0.6231012658227848
QUIMPER,QUIMPERLE,30,0.03603174603174603
QUIMPER,REDON,0,0.9817114093959732
QUIMPER,REDON,1,0.9823232323232324
QUIMPER,REDON,2,0.9672297297297298
QUIMPER,REDON,3,0.9441275167785236
QUIMPER,REDON,4,0.8310000000000001
QUIMPER,REDON,5,0.8206666666666667
QUIMPER,REDON,6,0.7853333333333333
QUIMPER,REDON,7,0.7795
QUIMPER,REDON,8,0.756
QUIMPER,REDON,9,0.7434782608695653
QUIMPER,REDON,10,0.7093645484949832
QUIMPER,REDON,11,0.6853333333333333
QUIMPER,REDON,12,0.503523489932886
QUIMPER,REDON,13,0.4838383838383838
QUIMPER,REDON,14,0.4766891891891892
QUIMPER,REDON,15,0.4790540540540541
QUIMPER,REDON,16,0.4705084745762712
QUIMPER,REDON,17,0.4716949152542373
QUIMPER,REDON,18,0.4744897959183674
QUIMPER,REDON,19,0.460580204778157
QUIMPER,REDON,20,0.454778156996587
QUIMPER,REDON,21,0.4537671232876712
QUIMPER,REDON,22,0.4575342465753425
QUIMPER,REDON,23,0.45827586206896553
QUIMPER,REDON,24,0.4608247422680412
QUIMPER,REDON,25,0.4549828178694158
QUIMPER,REDON,26,0.46013745704467357
QUIMPER,REDON,27,0.4586206896551724
QUIMPER,REDON,28,0.4603448275862069
QUIMPER,REDON,29,0.4606896551724138
QUIMPER,REDON,30,0.03350694444444444
QUIMPER,RENNES,0,0.9550595238095237
QUIMPER,RENNES,1,0.9528273809523808
QUIMPER,RENNES,2,0.9410714285714286
QUIMPER,RENNES,3,0.9325892857142858
QUIMPER,RENNES,4,0.8915178571428571
QUIMPER,RENNES,5,0.8779761904761905
QUIMPER,RENNES,6,0.8772321428571429
QUIMPER,RENNES,7,0.8703869047619047
QUIMPER,RENNES,8,0.8523809523809524
QUIMPER,RENNES,9,0.8232142857142858
QUIMPER,RENNES,10,0.8166666666666667
QUIMPER,RENNES,11,0.7977678571428571
QUIMPER,RENNES,12,0.7114583333333334
QUIMPER,RENNES,13,0.7007440476190476
QUIMPER,RENNES,14,0.6886904761904762
QUIMPER,RENNES,15,0.6858630952380952
QUIMPER,RENNES,16,0.6797014925373134
QUIMPER,RENNES,17,0.6792537313432836
QUIMPER,RENNES,18,0.6761194029850747
QUIMPER,RENNES,19,0.6670149253731343
QUIMPER,RENNES,20,0.6501492537313434
QUIMPER,RENNES,21,0.6434131736526947
QUIMPER,RENNES,22,0.6371257485029941
QUIMPER,RENNES,23,0.6346846846846846
QUIMPER,RENNES,24,0.6302395209580839
QUIMPER,RENNES,25,0.6289789789789789
QUIMPER,RENNES,26,0.6300300300300301
QUIMPER,RENNES,27,0.6256756756756756
QUIMPER,RENNES,28,0.6216867469879518
QUIMPER,RENNES,29,0.6129129129129129
QUIMPER,RENNES,30,0.028096676737160122
QUIMPER,ROSPORDEN,0,0.991358024691358
QUIMPER,ROSPORDEN,1,0.9896604938271604
QUIMPER,ROSPORDEN,2,0.9898148148148148
QUIMPER,ROSPORDEN,3,0.9823076923076923
QUIMPER,ROSPORDEN,4,0.9399691358024692
QUIMPER,ROSPORDEN,5,0.9256172839506173
QUIMPER,ROSPORDEN,6,0.9120370370370371
QUIMPER,ROSPORDEN,7,0.9001543209876542
QUIMPER,ROSPORDEN,8,0.8696594427244582
QUIMPER,ROSPORDEN,9,0.8645962732919253
QUIMPER,ROSPORDEN,10,0.8543478260869566
QUIMPER,ROSPORDEN,11,0.8319875776397515
QUIMPER,ROSPORDEN,12,0.7664596273291926
QUIMPER,ROSPORDEN,13,0.7504658385093168
QUIMPER,ROSPORDEN,14,0.7381987577639751
QUIMPER,ROSPORDEN,15,0.731619937694704
QUIMPER,ROSPORDEN,16,0.7138629283489096
QUIMPER,ROSPORDEN,17,0.7001557632398754
QUIMPER,ROSPORDEN,18,0.69140625
QUIMPER,ROSPORDEN,19,0.6746875
QUIMPER,ROSPORDEN,20,0.6615624999999999
QUIMPER,ROSPORDEN,21,0.6595611285266458
QUIMPER,ROSPORDEN,22,0.6583333333333333
QUIMPER,ROSPORDEN,23,0.6584905660377358
QUIMPER,ROSPORDEN,24,0.6533018867924528
QUIMPER,ROSPORDEN,25,0.6432176656151419
QUIMPER,ROSPORDEN,26,0.6321766561514196
QUIMPER,ROSPORDEN,27,0.6298107255520505
QUIMPER,ROSPORDEN,28,0.6256329113924051
QUIMPER,ROSPORDEN,29,0.6216772151898734
QUIMPER,ROSPORDEN,30,0.04492063492063492
QUIMPER,VANNES,0,0.9992559523809523
QUIMPER,VANNES,1,0.9988095238095239
QUIMPER,VANNES,2,0.9992559523809523
QUIMPER,VANNES,3,0.9991071428571429
QUIMPER,VANNES,4,0.9992559523809523
QUIMPER,VANNES,5,0.9992559523809523
QUIMPER,VANNES,6,0.9977678571428571
QUIMPER,VANNES,7,0.9959821428571428
QUIMPER,VANNES,8,0.9937499999999999
QUIMPER,VANNES,9,0.9900297619047619
QUIMPER,VANNES,10,0.9882440476190476
QUIMPER,VANNES,11,0.9730654761904761
QUIMPER,VANNES,12,0.9528273809523808
QUIMPER,VANNES,13,0.9480654761904762
QUIMPER,VANNES,14,0.9412202380952381
QUIMPER,VANNES,15,0.9337797619047619
QUIMPER,VANNES,16,0.9260416666666667
QUIMPER,VANNES,17,0.9166666666666666
QUIMPER,VANNES,18,0.9172619047619047
QUIMPER,VANNES,19,0.9104166666666667
QUIMPER,VANNES,20,0.8953869047619049
QUIMPER,VANNES,21,0.8738805970149254
QUIMPER,VANNES,22,0.8650746268656717
QUIMPER,VANNES,23,0.8585074626865672
QUIMPER,VANNES,24,0.8482089552238805
QUIMPER,VANNES,25,0.8277611940298508
QUIMPER,VANNES,26,0.8098507462686567
QUIMPER,VANNES,27,0.8050746268656717
QUIMPER,VANNES,28,0.7989520958083833
QUIMPER,VANNES,29,0.7816417910447762
QUIMPER,VANNES,30,0.04894578313253012
QUIMPERLE,AURAY,0,0.9936728395061728
QUIMPERLE,AURAY,1,0.990432098765432
QUIMPERLE,AURAY,2,0.9899691358024691
QUIMPERLE,AURAY,3,0.9836923076923076
QUIMPERLE,AURAY,4,0.9445987654320988
QUIMPERLE,AURAY,5,0.9311728395061728
QUIMPERLE,AURAY,6,0.9112654320987654
QUIMPERLE,AURAY,7,0.9001543209876542
QUIMPERLE,AURAY,8,0.8702786377708979
QUIMPERLE,AURAY,9,0.8631987577639751
QUIMPERLE,AURAY,10,0.8546583850931677
QUIMPERLE,AURAY,11,0.8313664596273291
QUIMPERLE,AURAY,12,0.7722049689440994
QUIMPERLE,AURAY,13,0.7538819875776398
QUIMPERLE,AURAY,14,0.740527950310559
QUIMPERLE,AURAY,15,0.7303738317757009
QUIMPERLE,AURAY,16,0.7163551401869158
QUIMPERLE,AURAY,17,0.7046728971962617
QUIMPERLE,AURAY,18,0.69203125
QUIMPERLE,AURAY,19,0.6760937499999999
QUIMPERLE,AURAY,20,0.66203125
QUIMPERLE,AURAY,21,0.6603448275862069
QUIMPERLE,AURAY,22,0.6573899371069183
QUIMPERLE,AURAY,23,0.6580188679245284
QUIMPERLE,AURAY,24,0.6537735849056604
QUIMPERLE,AURAY,25,0.6443217665615142
QUIMPERLE,AURAY,26,0.6332807570977917
QUIMPERLE,AURAY,27,0.6312302839116719
QUIMPERLE,AURAY,28,0.6272151898734177
QUIMPERLE,AURAY,29,0.6248417721518987
QUIMPERLE,AURAY,30,0.03968253968253968
QUIMPERLE,LAVAL,0,0.40337078651685393
QUIMPERLE,LAVAL,1,0.3897003745318352
QUIMPERLE,LAVAL,2,0.4078358208955224
QUIMPERLE,LAVAL,3,0.3844444444444444
QUIMPERLE,LAVAL,4,0.14351851851851852
QUIMPERLE,LAVAL,5,0.15537037037037038
QUIMPERLE,LAVAL,6,0.1724907063197026
QUIMPERLE,LAVAL,7,0.16375464684014868
QUIMPERLE,LAVAL,8,0.1355018587360595
QUIMPERLE,LAVAL,9,0.1366171003717472
QUIMPERLE,LAVAL,10,0.14368029739776952
QUIMPERLE,LAVAL,11,0.1433085501858736
QUIMPERLE,LAVAL,12,0.0496268656716418
QUIMPERLE,LAVAL,13,0.04400749063670412
QUIMPERLE,LAVAL,14,0.04197761194029851
QUIMPERLE,LAVAL,15,0.03632958801498127
QUIMPERLE,LAVAL,16,0.03414179104477612
QUIMPERLE,LAVAL,17,0.03824626865671642
QUIMPERLE,LAVAL,18,0.04048507462686567
QUIMPERLE,LAVAL,19,0.039700374531835204
QUIMPERLE,LAVAL,20,0.04097744360902256
QUIMPERLE,LAVAL,21,0.04188679245283019
QUIMPERLE,LAVAL,22,0.045454545454545456
QUIMPERLE,LAVAL,23,0.05113207547169812
QUIMPERLE,LAVAL,24,0.052264150943396225
QUIMPERLE,LAVAL,25,0.05320754716981132
QUIMPERLE,LAVAL,26,0.05284090909090909
QUIMPERLE,LAVAL,27,0.059469696969696964
QUIMPERLE,LAVAL,28,0.05984848484848485
QUIMPERLE,LAVAL,29,0.05795454545454546
QUIMPERLE,LAVAL,30,0.00984848484848485
QUIMPERLE,LORIENT,0,0.9921296296296296
QUIMPERLE,LORIENT,1,0.9899691358024691
QUIMPERLE,LORIENT,2,0.9896604938271604
QUIMPERLE,LORIENT,3,0.9832307692307692
QUIMPERLE,LORIENT,4,0.9424382716049383
QUIMPERLE,LORIENT,5,0.9282407407407407
QUIMPERLE,LORIENT,6,0.9128086419753086
QUIMPERLE,LORIENT,7,0.8998456790123457
QUIMPERLE,LORIENT,8,0.8690402476780186
QUIMPERLE,LORIENT,9,0.86444099378882
QUIMPERLE,LORIENT,10,0.85527950310559
QUIMPERLE,LORIENT,11,0.8327639751552794
QUIMPERLE,LORIENT,12,0.7698757763975156
QUIMPERLE,LORIENT,13,0.7486024844720497
QUIMPERLE,LORIENT,14,0.7360248447204969
QUIMPERLE,LORIENT,15,0.733177570093458
QUIMPERLE,LORIENT,16,0.7165109034267912
QUIMPERLE,LORIENT,17,0.6995327102803739
QUIMPERLE,LORIENT,18,0.6900000000000001
QUIMPERLE,LORIENT,19,0.6756249999999999
QUIMPERLE,LORIENT,20,0.6615624999999999
QUIMPERLE,LORIENT,21,0.6587774294670846
QUIMPERLE,LORIENT,22,0.6570754716981132
QUIMPERLE,LORIENT,23,0.6592767295597485
QUIMPERLE,LORIENT,24,0.6553459119496855
QUIMPERLE,LORIENT,25,0.6419558359621451
QUIMPERLE,LORIENT,26,0.633596214511041
QUIMPERLE,LORIENT,27,0.6312302839116719
QUIMPERLE,LORIENT,28,0.6276898734177215
QUIMPERLE,LORIENT,29,0.6229430379746835
QUIMPERLE,LORIENT,30,0.04111111111111111
QUIMPERLE,PARIS (intramuros),0,0.46867283950617283
QUIMPERLE,PARIS (intramuros),1,0.4770061728395062
QUIMPERLE,PARIS (intramuros),2,0.5016975308641975
QUIMPERLE,PARIS (intramuros),3,0.45938461538461545
QUIMPERLE,PARIS (intramuros),4,0.2024691358024691
QUIMPERLE,PARIS (intramuros),5,0.18317901234567902
QUIMPERLE,PARIS (intramuros),6,0.1873456790123457
QUIMPERLE,PARIS (intramuros),7,0.19320987654320987
QUIMPERLE,PARIS (intramuros),8,0.13808049535603717
QUIMPERLE,PARIS (intramuros),9,0.14409937888198757
QUIMPERLE,PARIS (intramuros),10,0.16428571428571428
QUIMPERLE,PARIS (intramuros),11,0.1779503105590062
QUIMPERLE,PARIS (intramuros),12,0.06801242236024845
QUIMPERLE,PARIS (intramuros),13,0.061490683229813665
QUIMPERLE,PARIS (intramuros),14,0.05854037267080746
QUIMPERLE,PARIS (intramuros),15,0.05794392523364487
QUIMPERLE,PARIS (intramuros),16,0.05529595015576324
QUIMPERLE,PARIS (intramuros),17,0.055607476635514026
QUIMPERLE,PARIS (intramuros),18,0.060625
QUIMPERLE,PARIS (intramuros),19,0.059843749999999994
QUIMPERLE,PARIS (intramuros),20,0.06359375
QUIMPERLE,PARIS (intramuros),21,0.06614420062695925
QUIMPERLE,PARIS (intramuros),22,0.06871069182389937
QUIMPERLE,PARIS (intramuros),23,0.07547169811320754
QUIMPERLE,PARIS (intramuros),24,0.07751572327044025
QUIMPERLE,PARIS (intramuros),25,0.07807570977917981
QUIMPERLE,PARIS (intramuros),26,0.07823343848580441
QUIMPERLE,PARIS (intramuros),27,0.083596214511041
QUIMPERLE,PARIS (intramuros),28,0.08354430379746836
QUIMPERLE,PARIS (intramuros),29,0.08386075949367089
QUIMPERLE,PARIS (intramuros),30,0.009523809523809525
QUIMPERLE,REDON,0,0.9164179104477611
QUIMPERLE,REDON,1,0.8881773399014778
QUIMPERLE,REDON,2,0.8736453201970443
QUIMPERLE,REDON,3,0.8409313725490196
QUIMPERLE,REDON,4,0.48946078431372547
QUIMPERLE,REDON,5,0.45470297029702966
QUIMPERLE,REDON,6,0.41990049751243785
QUIMPERLE,REDON,7,0.41725
QUIMPERLE,REDON,8,0.37625
QUIMPERLE,REDON,9,0.36432160804020103
QUIMPERLE,REDON,10,0.34824120603015074
QUIMPERLE,REDON,11,0.32425
QUIMPERLE,REDON,12,0.2547738693467337
QUIMPERLE,REDON,13,0.23383838383838382
QUIMPERLE,REDON,14,0.22385786802030458
QUIMPERLE,REDON,15,0.22081218274111675
QUIMPERLE,REDON,16,0.21658163265306124
QUIMPERLE,REDON,17,0.21479591836734693
QUIMPERLE,REDON,18,0.2114795918367347
QUIMPERLE,REDON,19,0.20205128205128203
QUIMPERLE,REDON,20,0.19716494845360824
QUIMPERLE,REDON,21,0.19352331606217618
QUIMPERLE,REDON,22,0.19378238341968912
QUIMPERLE,REDON,23,0.196875
QUIMPERLE,REDON,24,0.19453125000000002
QUIMPERLE,REDON,25,0.18567708333333333
QUIMPERLE,REDON,26,0.18298429319371728
QUIMPERLE,REDON,27,0.19083769633507855
QUIMPERLE,REDON,28,0.1850785340314136
QUIMPERLE,REDON,29,0.18979057591623036
QUIMPERLE,REDON,30,0.01263157894736842
QUIMPERLE,RENNES,0,0.9105263157894737
QUIMPERLE,RENNES,1,0.9122291021671826
QUIMPERLE,RENNES,2,0.9065015479876162
QUIMPERLE,RENNES,3,0.8936728395061728
QUIMPERLE,RENNES,4,0.8142414860681114
QUIMPERLE,RENNES,5,0.7938080495356037
QUIMPERLE,RENNES,6,0.7839009287925697
QUIMPERLE,RENNES,7,0.774922600619195
QUIMPERLE,RENNES,8,0.7476708074534162
QUIMPERLE,RENNES,9,0.7225856697819314
QUIMPERLE,RENNES,10,0.7098130841121495
QUIMPERLE,RENNES,11,0.6926791277258567
QUIMPERLE,RENNES,12,0.6177570093457945
QUIMPERLE,RENNES,13,0.6085669781931464
QUIMPERLE,RENNES,14,0.5909657320872274
QUIMPERLE,RENNES,15,0.5862499999999999
QUIMPERLE,RENNES,16,0.58328125
QUIMPERLE,RENNES,17,0.5782812500000001
QUIMPERLE,RENNES,18,0.5780564263322884
QUIMPERLE,RENNES,19,0.5746081504702195
QUIMPERLE,RENNES,20,0.5652037617554859
QUIMPERLE,RENNES,21,0.5635220125786163
QUIMPERLE,RENNES,22,0.5570977917981073
QUIMPERLE,RENNES,23,0.5570977917981073
QUIMPERLE,RENNES,24,0.5534700315457413
QUIMPERLE,RENNES,25,0.5493670886075949
QUIMPERLE,RENNES,26,0.5466772151898734
QUIMPERLE,RENNES,27,0.5430379746835443
QUIMPERLE,RENNES,28,0.535873015873016
QUIMPERLE,RENNES,29,0.5274603174603175
QUIMPERLE,RENNES,30,0.014649681528662422
QUIMPERLE,VANNES,0,0.99429012345679
QUIMPERLE,VANNES,1,0.9912037037037036
QUIMPERLE,VANNES,2,0.9898148148148148
QUIMPERLE,VANNES,3,0.9829230769230769
QUIMPERLE,VANNES,4,0.9419753086419753
QUIMPERLE,VANNES,5,0.929320987654321
QUIMPERLE,VANNES,6,0.913888888888889
QUIMPERLE,VANNES,7,0.8998456790123457
QUIMPERLE,VANNES,8,0.8705882352941177
QUIMPERLE,VANNES,9,0.86444099378882
QUIMPERLE,VANNES,10,0.8559006211180125
QUIMPERLE,VANNES,11,0.8340062111801243
QUIMPERLE,VANNES,12,0.7732919254658385
QUIMPERLE,VANNES,13,0.7523291925465838
QUIMPERLE,VANNES,14,0.7419254658385094
QUIMPERLE,VANNES,15,0.7319314641744548
QUIMPERLE,VANNES,16,0.7161993769470405
QUIMPERLE,VANNES,17,0.7059190031152648
QUIMPERLE,VANNES,18,0.6951562499999999
QUIMPERLE,VANNES,19,0.67703125
QUIMPERLE,VANNES,20,0.6621875
QUIMPERLE,VANNES,21,0.6586206896551724
QUIMPERLE,VANNES,22,0.6578616352201258
QUIMPERLE,VANNES,23,0.6591194968553459
QUIMPERLE,VANNES,24,0.6531446540880502
QUIMPERLE,VANNES,25,0.6425867507886435
QUIMPERLE,VANNES,26,0.635173501577287
QUIMPERLE,VANNES,27,0.6310725552050473
QUIMPERLE,VANNES,28,0.6291139240506329
QUIMPERLE,VANNES,29,0.6256329113924051
QUIMPERLE,VANNES,30,0.035873015873015876
REDON,LAVAL,0,0.3326530612244898
REDON,LAVAL,1,0.3290540540540541
REDON,LAVAL,2,0.3656666666666667
REDON,LAVAL,3,0.3104026845637584
REDON,LAVAL,4,0.056375838926174496
REDON,LAVAL,5,0.058503401360544216
REDON,LAVAL,6,0.06986301369863013
REDON,LAVAL,7,0.06724137931034482
REDON,LAVAL,8,0.05379310344827586
REDON,LAVAL,9,0.05827586206896551
REDON,LAVAL,10,0.07137931034482758
REDON,LAVAL,11,0.07602739726027397
REDON,LAVAL,12,0.007586206896551725
REDON,LAVAL,13,0.001736111111111111
REDON,LAVAL,14,0.0010489510489510492
REDON,LAVAL,15,0.0013986013986013986
REDON,LAVAL,16,0.0024475524475524478
REDON,LAVAL,17,0.006993006993006993
REDON,LAVAL,18,0.008041958041958043
REDON,LAVAL,19,0.007746478873239438
REDON,LAVAL,20,0.014184397163120567
REDON,LAVAL,21,0.014285714285714285
REDON,LAVAL,22,0.015357142857142856
REDON,LAVAL,23,0.015714285714285715
REDON,LAVAL,24,0.015357142857142856
REDON,LAVAL,25,0.015000000000000001
REDON,LAVAL,26,0.015467625899280574
REDON,LAVAL,27,0.02158273381294964
REDON,LAVAL,28,0.022302158273381296
REDON,LAVAL,29,0.021942446043165465
REDON,LAVAL,30,0.0028776978417266188
REDON,LE MANS,0,1.0
REDON,LE MANS,1,1.0
REDON,LE MANS,2,1.0
REDON,LE MANS,3,0.9981283422459893
REDON,LE MANS,4,0.9811827956989247
REDON,LE MANS,5,0.9786096256684492
REDON,LE MANS,6,0.9745989304812834
REDON,LE MANS,7,0.9657754010695186
REDON,LE MANS,8,0.9575268817204301
REDON,LE MANS,9,0.9598930481283422
REDON,LE MANS,10,0.9555851063829788
REDON,LE MANS,11,0.9516042780748662
REDON,LE MANS,12,0.8481283422459893
REDON,LE MANS,13,0.8435828877005348
REDON,LE MANS,14,0.8307486631016042
REDON,LE MANS,15,0.8190860215053763
REDON,LE MANS,16,0.8021390374331551
REDON,LE MANS,17,0.7861702127659576
REDON,LE MANS,18,0.7834224598930482
REDON,LE MANS,19,0.7625668449197861
REDON,LE MANS,20,0.7540106951871658
REDON,LE MANS,21,0.7307486631016044
REDON,LE MANS,22,0.7271505376344086
REDON,LE MANS,23,0.7109625668449198
REDON,LE MANS,24,0.7
REDON,LE MANS,25,0.681283422459893
REDON,LE MANS,26,0.6716577540106952
REDON,LE MANS,27,0.6516042780748663
REDON,LE MANS,28,0.6400537634408602
REDON,LE MANS,29,0.6472972972972973
REDON,LE MANS,30,0.03790322580645161
REDON,PARIS (intramuros),0,0.6573015873015874
REDON,PARIS (intramuros),1,0.6684126984126985
REDON,PARIS (intramuros),2,0.6523809523809524
REDON,PARIS (intramuros),3,0.6541139240506328
REDON,PARIS (intramuros),4,0.49396825396825395
REDON,PARIS (intramuros),5,0.47888888888888886
REDON,PARIS (intramuros),6,0.47555555555555556
REDON,PARIS (intramuros),7,0.4731746031746032
REDON,PARIS (intramuros),8,0.4438095238095238
REDON,PARIS (intramuros),9,0.45652866242038215
REDON,PARIS (intramuros),10,0.47174603174603175
REDON,PARIS (intramuros),11,0.482063492063492
REDON,PARIS (intramuros),12,0.31714285714285717
REDON,PARIS (intramuros),13,0.3101587301587302
REDON,PARIS (intramuros),14,0.32063492063492066
REDON,PARIS (intramuros),15,0.32682539682539685
REDON,PARIS (intramuros),16,0.33312101910828024
REDON,PARIS (intramuros),17,0.34015873015873016
REDON,PARIS (intramuros),18,0.34681528662420386
REDON,PARIS (intramuros),19,0.34267515923566877
REDON,PARIS (intramuros),20,0.343312101910828
REDON,PARIS (intramuros),21,0.3463375796178344
REDON,PARIS (intramuros),22,0.35780254777070064
REDON,PARIS (intramuros),23,0.365814696485623
REDON,PARIS (intramuros),24,0.37015873015873013
REDON,PARIS (intramuros),25,0.38057324840764334
REDON,PARIS (intramuros),26,0.3885350318471338
REDON,PARIS (intramuros),27,0.38996815286624203
REDON,PARIS (intramuros),28,0.394408945686901
REDON,PARIS (intramuros),29,0.3899361022364217
REDON,PARIS (intramuros),30,0.03669871794871795
REDON,RENNES,0,0.9796178343949046
REDON,RENNES,1,0.9802547770700637
REDON,RENNES,2,0.9660828025477708
REDON,RENNES,3,0.9525396825396826
REDON,RENNES,4,0.9187898089171974
REDON,RENNES,5,0.9063694267515924
REDON,RENNES,6,0.9062101910828025
REDON,RENNES,7,0.8963375796178343
REDON,RENNES,8,0.8797770700636943
REDON,RENNES,9,0.8642172523961661
REDON,RENNES,10,0.8568471337579618
REDON,RENNES,11,0.8355095541401275
REDON,RENNES,12,0.7619426751592356
REDON,RENNES,13,0.7570063694267516
REDON,RENNES,14,0.7461783439490446
REDON,RENNES,15,0.7434713375796178
REDON,RENNES,16,0.7399361022364217
REDON,RENNES,17,0.7353503184713376
REDON,RENNES,18,0.731629392971246
REDON,RENNES,19,0.7206070287539936
REDON,RENNES,20,0.7092651757188498
REDON,RENNES,21,0.7028753993610224
REDON,RENNES,22,0.7068690095846646
REDON,RENNES,23,0.7043269230769231
REDON,RENNES,24,0.6996815286624204
REDON,RENNES,25,0.7012779552715654
REDON,RENNES,26,0.7015974440894569
REDON,RENNES,27,0.700479233226837
REDON,RENNES,28,0.7009615384615384
REDON,RENNES,29,0.7004807692307693
REDON,RENNES,30,0.027331189710610933
RENNES,LAVAL,0,0.9535714285714285
RENNES,LAVAL,1,0.9430059523809524
RENNES,LAVAL,2,0.9357142857142856
RENNES,LAVAL,3,0.9293154761904762
RENNES,LAVAL,4,0.8058035714285714
RENNES,LAVAL,5,0.7931547619047619
RENNES,LAVAL,6,0.7815476190476192
RENNES,LAVAL,7,0.7735119047619047
RENNES,LAVAL,8,0.7535714285714286
RENNES,LAVAL,9,0.7514880952380952
RENNES,LAVAL,10,0.7613095238095239
RENNES,LAVAL,11,0.7507440476190477
RENNES,LAVAL,12,0.5909226190476191
RENNES,LAVAL,13,0.5724702380952381
RENNES,LAVAL,14,0.5636904761904762
RENNES,LAVAL,15,0.55
RENNES,LAVAL,16,0.5404761904761904
RENNES,LAVAL,17,0.5194940476190476
RENNES,LAVAL,18,0.5169642857142857
RENNES,LAVAL,19,0.5105654761904762
RENNES,LAVAL,20,0.5011904761904762
RENNES,LAVAL,21,0.4864583333333333
RENNES,LAVAL,22,0.4714285714285714
RENNES,LAVAL,23,0.4659701492537313
RENNES,LAVAL,24,0.4619402985074627
RENNES,LAVAL,25,0.464776119402985
RENNES,LAVAL,26,0.4605970149253732
RENNES,LAVAL,27,0.45417910447761195
RENNES,LAVAL,28,0.4547904191616767
RENNES,LAVAL,29,0.43318318318318316
RENNES,LAVAL,30,0.05015060240963855
RENNES,LE MANS,0,0.9722727272727273
RENNES,LE MANS,1,0.9606382978723405
RENNES,LE MANS,2,0.9507575757575758
RENNES,LE MANS,3,0.9428787878787878
RENNES,LE MANS,4,0.821969696969697
RENNES,LE MANS,5,0.8119696969696969
RENNES,LE MANS,6,0.8001515151515152
RENNES,LE MANS,7,0.7881818181818182
RENNES,LE MANS,8,0.7706686930091186
RENNES,LE MANS,9,0.7682370820668692
RENNES,LE MANS,10,0.7712765957446809
RENNES,LE MANS,11,0.7635258358662613
RENNES,LE MANS,12,0.6790273556231003
RENNES,LE MANS,13,0.6691489361702128
RENNES,LE MANS,14,0.6653495440729483
RENNES,LE MANS,15,0.6613981762917933
RENNES,LE MANS,16,0.6677811550151975
RENNES,LE MANS,17,0.6751524390243903
RENNES,LE MANS,18,0.6745426829268293
RENNES,LE MANS,19,0.6789634146341463
RENNES,LE MANS,20,0.6809451219512195
RENNES,LE MANS,21,0.676219512195122
RENNES,LE MANS,22,0.6809451219512195
RENNES,LE MANS,23,0.6795107033639144
RENNES,LE MANS,24,0.6792682926829269
RENNES,LE MANS,25,0.6821100917431193
RENNES,LE MANS,26,0.6764525993883792
RENNES,LE MANS,27,0.6762996941896025
RENNES,LE MANS,28,0.6774539877300614
RENNES,LE MANS,29,0.6721538461538461
RENNES,LE MANS,30,0.04583333333333333
RENNES,PARIS (intramuros),0,0.768154761904762
RENNES,PARIS (intramuros),1,0.7669642857142857
RENNES,PARIS (intramuros),2,0.7571428571428571
RENNES,PARIS (intramuros),3,0.7508928571428571
RENNES,PARIS (intramuros),4,0.6456845238095238
RENNES,PARIS (intramuros),5,0.6339285714285714
RENNES,PARIS (intramuros),6,0.6424107142857143
RENNES,PARIS (intramuros),7,0.6446428571428571
RENNES,PARIS (intramuros),8,0.6136904761904761
RENNES,PARIS (intramuros),9,0.6206845238095239
RENNES,PARIS (intramuros),10,0.6349702380952381
RENNES,PARIS (intramuros),11,0.6574404761904762
RENNES,PARIS (intramuros),12,0.4324404761904762
RENNES,PARIS (intramuros),13,0.43437499999999996
RENNES,PARIS (intramuros),14,0.45595238095238094
RENNES,PARIS (intramuros),15,0.4712797619047619
RENNES,PARIS (intramuros),16,0.4772321428571428
RENNES,PARIS (intramuros),17,0.4889880952380953
RENNES,PARIS (intramuros),18,0.49955357142857143
RENNES,PARIS (intramuros),19,0.5043154761904761
RENNES,PARIS (intramuros),20,0.5145833333333334
RENNES,PARIS (intramuros),21,0.5224702380952382
RENNES,PARIS (intramuros),22,0.5370535714285714
RENNES,PARIS (intramuros),23,0.5498511904761905
RENNES,PARIS (intramuros),24,0.5581845238095239
RENNES,PARIS (intramuros),25,0.5625
RENNES,PARIS (intramuros),26,0.5696428571428571
RENNES,PARIS (intramuros),27,0.5831845238095238
RENNES,PARIS (intramuros),28,0.5897321428571429
RENNES,PARIS (intramuros),29,0.578125
RENNES,PARIS (intramuros),30,0.04955089820359282
RENNES,VITRE,0,0.9939024390243902
RENNES,VITRE,1,0.9889795918367348
RENNES,VITRE,2,0.9833333333333334
RENNES,VITRE,3,0.9710526315789474
RENNES,VITRE,4,0.9512195121951219
RENNES,VITRE,5,0.9463414634146342
RENNES,VITRE,6,0.9371951219512196
RENNES,VITRE,7,0.9298780487804879
RENNES,VITRE,8,0.9228571428571428
RENNES,VITRE,9,0.9227642276422764
RENNES,VITRE,10,0.9182186234817814
RENNES,VITRE,11,0.908739837398374
RENNES,VITRE,12,0.7382113821138211
RENNES,VITRE,13,0.7030487804878048
RENNES,VITRE,14,0.676829268292683
RENNES,VITRE,15,0.6628571428571429
RENNES,VITRE,16,0.6455284552845529
RENNES,VITRE,17,0.6304878048780488
RENNES,VITRE,18,0.6257142857142858
RENNES,VITRE,19,0.616530612244898
RENNES,VITRE,20,0.6049180327868853
RENNES,VITRE,21,0.5788065843621399
RENNES,VITRE,22,0.565702479338843
RENNES,VITRE,23,0.5452674897119342
RENNES,VITRE,24,0.5262295081967213
RENNES,VITRE,25,0.5308641975308642
RENNES,VITRE,26,0.5287190082644628
RENNES,VITRE,27,0.5198347107438016
RENNES,VITRE,28,0.5136363636363637
RENNES,VITRE,29,0.5037344398340249
RENNES,VITRE,30,0.036721991701244815
ROSPORDEN,AURAY,0,0.9929012345679012
ROSPORDEN,AURAY,1,0.9888888888888888
ROSPORDEN,AURAY,2,0.9882716049382716
ROSPORDEN,AURAY,3,0.982
ROSPORDEN,AURAY,4,0.9405864197530864
ROSPORDEN,AURAY,5,0.9274691358024691
ROSPORDEN,AURAY,6,0.9132716049382715
ROSPORDEN,AURAY,7,0.9001543209876542
ROSPORDEN,AURAY,8,0.8704334365325077
ROSPORDEN,AURAY,9,0.8635093167701864
ROSPORDEN,AURAY,10,0.854968944099379
ROSPORDEN,AURAY,11,0.8336956521739131
ROSPORDEN,AURAY,12,0.7701863354037267
ROSPORDEN,AURAY,13,0.7507763975155279
ROSPORDEN,AURAY,14,0.737111801242236
ROSPORDEN,AURAY,15,0.7322429906542056
ROSPORDEN,AURAY,16,0.7130841121495327
ROSPORDEN,AURAY,17,0.7024922118380063
ROSPORDEN,AURAY,18,0.6915625000000001
ROSPORDEN,AURAY,19,0.6725
ROSPORDEN,AURAY,20,0.66109375
ROSPORDEN,AURAY,21,0.6570532915360502
ROSPORDEN,AURAY,22,0.6566037735849057
ROSPORDEN,AURAY,23,0.6580188679245284
ROSPORDEN,AURAY,24,0.6544025157232705
ROSPORDEN,AURAY,25,0.6435331230283912
ROSPORDEN,AURAY,26,0.6323343848580442
ROSPORDEN,AURAY,27,0.6310725552050473
ROSPORDEN,AURAY,28,0.6259493670886076
ROSPORDEN,AURAY,29,0.6232594936708861
ROSPORDEN,AURAY,30,0.04380952380952381
ROSPORDEN,LAVAL,0,0.40973782771535583
ROSPORDEN,LAVAL,1,0.399063670411985
ROSPORDEN,LAVAL,2,0.41138059701492535
ROSPORDEN,LAVAL,3,0.39537037037037037
ROSPORDEN,LAVAL,4,0.15
ROSPORDEN,LAVAL,5,0.1574074074074074
ROSPORDEN,LAVAL,6,0.17323420074349444
ROSPORDEN,LAVAL,7,0.16022304832713755
ROSPORDEN,LAVAL,8,0.13531598513011153
ROSPORDEN,LAVAL,9,0.13717472118959106
ROSPORDEN,LAVAL,10,0.1429368029739777
ROSPORDEN,LAVAL,11,0.14275092936802974
ROSPORDEN,LAVAL,12,0.04832089552238806
ROSPORDEN,LAVAL,13,0.04400749063670412
ROSPORDEN,LAVAL,14,0.039925373134328354
ROSPORDEN,LAVAL,15,0.037827715355805244
ROSPORDEN,LAVAL,16,0.03600746268656717
ROSPORDEN,LAVAL,17,0.03861940298507462
ROSPORDEN,LAVAL,18,0.04085820895522388
ROSPORDEN,LAVAL,19,0.03895131086142322
ROSPORDEN,LAVAL,20,0.041165413533834586
ROSPORDEN,LAVAL,21,0.04207547169811321
ROSPORDEN,LAVAL,22,0.04602272727272727
ROSPORDEN,LAVAL,23,0.05207547169811321
ROSPORDEN,LAVAL,24,0.05320754716981132
ROSPORDEN,LAVAL,25,0.05358490566037736
ROSPORDEN,LAVAL,26,0.054924242424242424
ROSPORDEN,LAVAL,27,0.05965909090909091
ROSPORDEN,LAVAL,28,0.060227272727272727
ROSPORDEN,LAVAL,29,0.05852272727272727
ROSPORDEN,LAVAL,30,0.00909090909090909
ROSPORDEN,LORIENT,0,0.9933641975308642
ROSPORDEN,LORIENT,1,0.990432098765432
ROSPORDEN,LORIENT,2,0.9899691358024691
ROSPORDEN,LORIENT,3,0.9836923076923076
ROSPORDEN,LORIENT,4,0.9412037037037037
ROSPORDEN,LORIENT,5,0.9259259259259259
ROSPORDEN,LORIENT,6,0.9101851851851851
ROSPORDEN,LORIENT,7,0.899537037037037
ROSPORDEN,LORIENT,8,0.8671826625386998
ROSPORDEN,LORIENT,9,0.8605590062111802
ROSPORDEN,LORIENT,10,0.854192546583851
ROSPORDEN,LORIENT,11,0.8357142857142857
ROSPORDEN,LORIENT,12,0.765527950310559
ROSPORDEN,LORIENT,13,0.7492236024844721
ROSPORDEN,LORIENT,14,0.7366459627329193
ROSPORDEN,LORIENT,15,0.7306853582554518
ROSPORDEN,LORIENT,16,0.7161993769470405
ROSPORDEN,LORIENT,17,0.7023364485981308
ROSPORDEN,LORIENT,18,0.691875
ROSPORDEN,LORIENT,19,0.6740625
ROSPORDEN,LORIENT,20,0.6599999999999999
ROSPORDEN,LORIENT,21,0.6578369905956113
ROSPORDEN,LORIENT,22,0.6572327044025157
ROSPORDEN,LORIENT,23,0.6589622641509434
ROSPORDEN,LORIENT,24,0.6540880503144654
ROSPORDEN,LORIENT,25,0.6435331230283912
ROSPORDEN,LORIENT,26,0.6331230283911672
ROSPORDEN,LORIENT,27,0.6299684542586751
ROSPORDEN,LORIENT,28,0.627373417721519
ROSPORDEN,LORIENT,29,0.6243670886075949
ROSPORDEN,LORIENT,30,0.04714285714285714
ROSPORDEN,PARIS (intramuros),0,0.4790123456790123
ROSPORDEN,PARIS (intramuros),1,0.4848765432098765
ROSPORDEN,PARIS (intramuros),2,0.5024691358024692
ROSPORDEN,PARIS (intramuros),3,0.46830769230769226
ROSPORDEN,PARIS (intramuros),4,0.2035493827160494
ROSPORDEN,PARIS (intramuros),5,0.18549382716049384
ROSPORDEN,PARIS (intramuros),6,0.19012345679012346
ROSPORDEN,PARIS (intramuros),7,0.19722222222222222
ROSPORDEN,PARIS (intramuros),8,0.1346749226006192
ROSPORDEN,PARIS (intramuros),9,0.14456521739130435
ROSPORDEN,PARIS (intramuros),10,0.16304347826086957
ROSPORDEN,PARIS (intramuros),11,0.17624223602484473
ROSPORDEN,PARIS (intramuros),12,0.06661490683229813
ROSPORDEN,PARIS (intramuros),13,0.06118012422360248
ROSPORDEN,PARIS (intramuros),14,0.05807453416149068
ROSPORDEN,PARIS (intramuros),15,0.0573208722741433
ROSPORDEN,PARIS (intramuros),16,0.05685358255451713
ROSPORDEN,PARIS (intramuros),17,0.0573208722741433
ROSPORDEN,PARIS (intramuros),18,0.06046875
ROSPORDEN,PARIS (intramuros),19,0.05921875
ROSPORDEN,PARIS (intramuros),20,0.06390625
ROSPORDEN,PARIS (intramuros),21,0.06724137931034482
ROSPORDEN,PARIS (intramuros),22,0.0699685534591195
ROSPORDEN,PARIS (intramuros),23,0.07531446540880503
ROSPORDEN,PARIS (intramuros),24,0.07625786163522012
ROSPORDEN,PARIS (intramuros),25,0.0777602523659306
ROSPORDEN,PARIS (intramuros),26,0.07728706624605679
ROSPORDEN,PARIS (intramuros),27,0.08280757097791798
ROSPORDEN,PARIS (intramuros),28,0.08528481012658228
ROSPORDEN,PARIS (intramuros),29,0.08306962025316456
ROSPORDEN,PARIS (intramuros),30,0.009682539682539681
ROSPORDEN,QUIMPERLE,0,0.9930555555555556
ROSPORDEN,QUIMPERLE,1,0.9902777777777778
ROSPORDEN,QUIMPERLE,2,0.9896604938271604
ROSPORDEN,QUIMPERLE,3,0.9833846153846154
ROSPORDEN,QUIMPERLE,4,0.942283950617284
ROSPORDEN,QUIMPERLE,5,0.9263888888888888
ROSPORDEN,QUIMPERLE,6,0.9095679012345679
ROSPORDEN,QUIMPERLE,7,0.8953703703703705
ROSPORDEN,QUIMPERLE,8,0.8693498452012385
ROSPORDEN,QUIMPERLE,9,0.8596273291925466
ROSPORDEN,QUIMPERLE,10,0.8540372670807453
ROSPORDEN,QUIMPERLE,11,0.8319875776397515
ROSPORDEN,QUIMPERLE,12,0.768944099378882
ROSPORDEN,QUIMPERLE,13,0.7512422360248447
ROSPORDEN,QUIMPERLE,14,0.7377329192546584
ROSPORDEN,QUIMPERLE,15,0.7320872274143302
ROSPORDEN,QUIMPERLE,16,0.7140186915887851
ROSPORDEN,QUIMPERLE,17,0.7015576323987539
ROSPORDEN,QUIMPERLE,18,0.69203125
ROSPORDEN,QUIMPERLE,19,0.67125
ROSPORDEN,QUIMPERLE,20,0.6584375
ROSPORDEN,QUIMPERLE,21,0.6573667711598745
ROSPORDEN,QUIMPERLE,22,0.6559748427672956
ROSPORDEN,QUIMPERLE,23,0.6570754716981132
ROSPORDEN,QUIMPERLE,24,0.6539308176100629
ROSPORDEN,QUIMPERLE,25,0.6425867507886435
ROSPORDEN,QUIMPERLE,26,0.6323343848580442
ROSPORDEN,QUIMPERLE,27,0.6310725552050473
ROSPORDEN,QUIMPERLE,28,0.6254746835443038
ROSPORDEN,QUIMPERLE,29,0.6257911392405063
ROSPORDEN,QUIMPERLE,30,0.029206349206349208
ROSPORDEN,REDON,0,0.918407960199005
ROSPORDEN,REDON,1,0.8869458128078819
ROSPORDEN,REDON,2,0.8780788177339901
ROSPORDEN,REDON,3,0.841421568627451
ROSPORDEN,REDON,4,0.49583333333333335
ROSPORDEN,REDON,5,0.4584158415841584
ROSPORDEN,REDON,6,0.42412935323383083
ROSPORDEN,REDON,7,0.40924999999999995
ROSPORDEN,REDON,8,0.37475
ROSPORDEN,REDON,9,0.36356783919597985
ROSPORDEN,REDON,10,0.3459798994974874
ROSPORDEN,REDON,11,0.3275
ROSPORDEN,REDON,12,0.25251256281407036
ROSPORDEN,REDON,13,0.23106060606060605
ROSPORDEN,REDON,14,0.22639593908629443
ROSPORDEN,REDON,15,0.21903553299492384
ROSPORDEN,REDON,16,0.21581632653061222
ROSPORDEN,REDON,17,0.21428571428571427
ROSPORDEN,REDON,18,0.21045918367346939
ROSPORDEN,REDON,19,0.2012820512820513
ROSPORDEN,REDON,20,0.19974226804123713
ROSPORDEN,REDON,21,0.1950777202072539
ROSPORDEN,REDON,22,0.1932642487046632
ROSPORDEN,REDON,23,0.19791666666666666
ROSPORDEN,REDON,24,0.19609374999999998
ROSPORDEN,REDON,25,0.18515625
ROSPORDEN,REDON,26,0.1856020942408377
ROSPORDEN,REDON,27,0.19188481675392668
ROSPORDEN,REDON,28,0.18534031413612564
ROSPORDEN,REDON,29,0.18952879581151835
ROSPORDEN,REDON,30,0.01631578947368421
ROSPORDEN,RENNES,0,0.9060371517027863
ROSPORDEN,RENNES,1,0.9065015479876162
ROSPORDEN,RENNES,2,0.9027863777089784
ROSPORDEN,RENNES,3,0.891358024691358
ROSPORDEN,RENNES,4,0.8097523219814242
ROSPORDEN,RENNES,5,0.7921052631578948
ROSPORDEN,RENNES,6,0.7856037151702786
ROSPORDEN,RENNES,7,0.7777089783281733
ROSPORDEN,RENNES,8,0.7462732919254659
ROSPORDEN,RENNES,9,0.7204049844236761
ROSPORDEN,RENNES,10,0.7071651090342679
ROSPORDEN,RENNES,11,0.6836448598130841
ROSPORDEN,RENNES,12,0.6138629283489097
ROSPORDEN,RENNES,13,0.6084112149532711
ROSPORDEN,RENNES,14,0.590809968847352
ROSPORDEN,RENNES,15,0.5875
ROSPORDEN,RENNES,16,0.5817187500000001
ROSPORDEN,RENNES,17,0.57859375
ROSPORDEN,RENNES,18,0.5788401253918496
ROSPORDEN,RENNES,19,0.5735109717868339
ROSPORDEN,RENNES,20,0.5670846394984326
ROSPORDEN,RENNES,21,0.5661949685534592
ROSPORDEN,RENNES,22,0.5583596214511041
ROSPORDEN,RENNES,23,0.5577287066246057
ROSPORDEN,RENNES,24,0.5548895899053627
ROSPORDEN,RENNES,25,0.5485759493670886
ROSPORDEN,RENNES,26,0.5473101265822784
ROSPORDEN,RENNES,27,0.5455696202531646
ROSPORDEN,RENNES,28,0.5336507936507936
ROSPORDEN,RENNES,29,0.5277777777777778
ROSPORDEN,RENNES,30,0.012579617834394905
ROSPORDEN,VANNES,0,0.9945987654320988
ROSPORDEN,VANNES,1,0.9907407407407407
ROSPORDEN,VANNES,2,0.9902777777777778
ROSPORDEN,VANNES,3,0.9812307692307691
ROSPORDEN,VANNES,4,0.9419753086419753
ROSPORDEN,VANNES,5,0.9266975308641975
ROSPORDEN,VANNES,6,0.9112654320987654
ROSPORDEN,VANNES,7,0.8979938271604938
ROSPORDEN,VANNES,8,0.8698142414860681
ROSPORDEN,VANNES,9,0.8627329192546584
ROSPORDEN,VANNES,10,0.8576086956521738
ROSPORDEN,VANNES,11,0.8319875776397515
ROSPORDEN,VANNES,12,0.7697204968944099
ROSPORDEN,VANNES,13,0.7538819875776398
ROSPORDEN,VANNES,14,0.738664596273292
ROSPORDEN,VANNES,15,0.7305295950155763
ROSPORDEN,VANNES,16,0.7130841121495327
ROSPORDEN,VANNES,17,0.7
ROSPORDEN,VANNES,18,0.688125
ROSPORDEN,VANNES,19,0.67265625
ROSPORDEN,VANNES,20,0.66078125
ROSPORDEN,VANNES,21,0.6594043887147335
ROSPORDEN,VANNES,22,0.6581761006289308
ROSPORDEN,VANNES,23,0.6586477987421383
ROSPORDEN,VANNES,24,0.6536163522012578
ROSPORDEN,VANNES,25,0.6433753943217665
ROSPORDEN,VANNES,26,0.6342271293375394
ROSPORDEN,VANNES,27,0.6313880126182966
ROSPORDEN,VANNES,28,0.6286392405063291
ROSPORDEN,VANNES,29,0.6287974683544303
ROSPORDEN,VANNES,30,0.022222222222222223
ST BRIEUC,LAMBALLE,0,0.9848484848484849
ST BRIEUC,LAMBALLE,1,0.9802114803625377
ST BRIEUC,LAMBALLE,2,0.9740963855421686
ST BRIEUC,LAMBALLE,3,0.9632530120481928
ST BRIEUC,LAMBALLE,4,0.8756024096385542
ST BRIEUC,LAMBALLE,5,0.8653614457831326
ST BRIEUC,LAMBALLE,6,0.8307228915662651
ST BRIEUC,LAMBALLE,7,0.8069277108433734
ST BRIEUC,LAMBALLE,8,0.7694864048338368
ST BRIEUC,LAMBALLE,9,0.7428787878787879
ST BRIEUC,LAMBALLE,10,0.7162121212121212
ST BRIEUC,LAMBALLE,11,0.7046969696969697
ST BRIEUC,LAMBALLE,12,0.6486363636363637
ST BRIEUC,LAMBALLE,13,0.6325757575757576
ST BRIEUC,LAMBALLE,14,0.6045454545454545
ST BRIEUC,LAMBALLE,15,0.5974164133738602
ST BRIEUC,LAMBALLE,16,0.59209726443769
ST BRIEUC,LAMBALLE,17,0.5816109422492401
ST BRIEUC,LAMBALLE,18,0.5748475609756097
ST BRIEUC,LAMBALLE,19,0.5736280487804878
ST BRIEUC,LAMBALLE,20,0.5684451219512194
ST BRIEUC,LAMBALLE,21,0.5679878048780488
ST BRIEUC,LAMBALLE,22,0.5584097859327217
ST BRIEUC,LAMBALLE,23,0.5600609756097561
ST BRIEUC,LAMBALLE,24,0.5583841463414634
ST BRIEUC,LAMBALLE,25,0.5558103975535168
ST BRIEUC,LAMBALLE,26,0.5503058103975534
ST BRIEUC,LAMBALLE,27,0.5480122324159021
ST BRIEUC,LAMBALLE,28,0.5395705521472393
ST BRIEUC,LAMBALLE,29,0.528
ST BRIEUC,LAMBALLE,30,0.04676923076923077
ST BRIEUC,LAVAL,0,0.6863207547169812
ST BRIEUC,LAVAL,1,0.680564263322884
ST BRIEUC,LAVAL,2,0.6629283489096574
ST BRIEUC,LAVAL,3,0.6157812500000001
ST BRIEUC,LAVAL,4,0.33828125
ST BRIEUC,LAVAL,5,0.29812500000000003
ST BRIEUC,LAVAL,6,0.25890625
ST BRIEUC,LAVAL,7,0.2509375
ST BRIEUC,LAVAL,8,0.17147335423197493
ST BRIEUC,LAVAL,9,0.16708463949843258
ST BRIEUC,LAVAL,10,0.17163009404388715
ST BRIEUC,LAVAL,11,0.16504702194357365
ST BRIEUC,LAVAL,12,0.07429467084639499
ST BRIEUC,LAVAL,13,0.06426332288401254
ST BRIEUC,LAVAL,14,0.06833855799373041
ST BRIEUC,LAVAL,15,0.06823899371069182
ST BRIEUC,LAVAL,16,0.06724137931034482
ST BRIEUC,LAVAL,17,0.06462264150943396
ST BRIEUC,LAVAL,18,0.06886792452830189
ST BRIEUC,LAVAL,19,0.0720125786163522
ST BRIEUC,LAVAL,20,0.07342767295597484
ST BRIEUC,LAVAL,21,0.07562893081761006
ST BRIEUC,LAVAL,22,0.07555205047318611
ST BRIEUC,LAVAL,23,0.08364779874213837
ST BRIEUC,LAVAL,24,0.08249211356466876
ST BRIEUC,LAVAL,25,0.08280757097791798
ST BRIEUC,LAVAL,26,0.08438485804416404
ST BRIEUC,LAVAL,27,0.0859621451104101
ST BRIEUC,LAVAL,28,0.08607594936708861
ST BRIEUC,LAVAL,29,0.08428571428571428
ST BRIEUC,LAVAL,30,0.014556962025316455
ST BRIEUC,PARIS (intramuros),0,0.6709821428571429
ST BRIEUC,PARIS (intramuros),1,0.6697916666666667
ST BRIEUC,PARIS (intramuros),2,0.6561011904761904
ST BRIEUC,PARIS (intramuros),3,0.6455357142857143
ST BRIEUC,PARIS (intramuros),4,0.4366071428571428
ST BRIEUC,PARIS (intramuros),5,0.4305059523809524
ST BRIEUC,PARIS (intramuros),6,0.44151785714285713
ST BRIEUC,PARIS (intramuros),7,0.44389880952380956
ST BRIEUC,PARIS (intramuros),8,0.39732142857142855
ST BRIEUC,PARIS (intramuros),9,0.4050595238095238
ST BRIEUC,PARIS (intramuros),10,0.43511904761904757
ST BRIEUC,PARIS (intramuros),11,0.43988095238095243
ST BRIEUC,PARIS (intramuros),12,0.24702380952380953
ST BRIEUC,PARIS (intramuros),13,0.23630952380952383
ST BRIEUC,PARIS (intramuros),14,0.23988095238095236
ST BRIEUC,PARIS (intramuros),15,0.24330357142857142
ST BRIEUC,PARIS (intramuros),16,0.253125
ST BRIEUC,PARIS (intramuros),17,0.25639880952380956
ST BRIEUC,PARIS (intramuros),18,0.2625
ST BRIEUC,PARIS (intramuros),19,0.26666666666666666
ST BRIEUC,PARIS (intramuros),20,0.2727678571428572
ST BRIEUC,PARIS (intramuros),21,0.2785714285714286
ST BRIEUC,PARIS (intramuros),22,0.28407738095238094
ST BRIEUC,PARIS (intramuros),23,0.2956845238095238
ST BRIEUC,PARIS (intramuros),24,0.30773809523809526
ST BRIEUC,PARIS (intramuros),25,0.31160714285714286
ST BRIEUC,PARIS (intramuros),26,0.32232142857142854
ST BRIEUC,PARIS (intramuros),27,0.32217261904761907
ST BRIEUC,PARIS (intramuros),28,0.3248511904761905
ST BRIEUC,PARIS (intramuros),29,0.3202380952380952
ST BRIEUC,PARIS (intramuros),30,0.02634730538922156
ST BRIEUC,RENNES,0,0.9645833333333333
ST BRIEUC,RENNES,1,0.9654761904761904
ST BRIEUC,RENNES,2,0.9669642857142856
ST BRIEUC,RENNES,3,0.9593750000000001
ST BRIEUC,RENNES,4,0.9238095238095237
ST BRIEUC,RENNES,5,0.9104166666666667
ST BRIEUC,RENNES,6,0.9049107142857143
ST BRIEUC,RENNES,7,0.8968750000000001
ST BRIEUC,RENNES,8,0.8757440476190477
ST BRIEUC,RENNES,9,0.8596726190476192
ST BRIEUC,RENNES,10,0.8427083333333333
ST BRIEUC,RENNES,11,0.8309523809523809
ST BRIEUC,RENNES,12,0.7427083333333334
ST BRIEUC,RENNES,13,0.7300595238095239
ST BRIEUC,RENNES,14,0.718452380952381
ST BRIEUC,RENNES,15,0.7005952380952382
ST BRIEUC,RENNES,16,0.6903273809523809
ST BRIEUC,RENNES,17,0.6797619047619048
ST BRIEUC,RENNES,18,0.672172619047619
ST BRIEUC,RENNES,19,0.6568452380952381
ST BRIEUC,RENNES,20,0.655952380952381
ST BRIEUC,RENNES,21,0.6486607142857143
ST BRIEUC,RENNES,22,0.6419642857142857
ST BRIEUC,RENNES,23,0.6400297619047619
ST BRIEUC,RENNES,24,0.6352678571428572
ST BRIEUC,RENNES,25,0.6273809523809524
ST BRIEUC,RENNES,26,0.621875
ST BRIEUC,RENNES,27,0.609672619047619
ST BRIEUC,RENNES,28,0.603125
ST BRIEUC,RENNES,29,0.596875
ST BRIEUC,RENNES,30,0.027395209580838326
ST MALO,DOL DE BRETAGNE,0,0.9954268292682927
ST MALO,DOL DE BRETAGNE,1,0.9952743902439024
ST MALO,DOL DE BRETAGNE,2,0.9941896024464832
ST MALO,DOL DE BRETAGNE,3,0.993140243902439
ST MALO,DOL DE BRETAGNE,4,0.9905198776758409
ST MALO,DOL DE BRETAGNE,5,0.9915902140672783
ST MALO,DOL DE BRETAGNE,6,0.9883792048929664
ST MALO,DOL DE BRETAGNE,7,0.9827217125382264
ST MALO,DOL DE BRETAGNE,8,0.9811926605504588
ST MALO,DOL DE BRETAGNE,9,0.9753067484662576
ST MALO,DOL DE BRETAGNE,10,0.9685015290519877
ST MALO,DOL DE BRETAGNE,11,0.9636503067484662
ST MALO,DOL DE BRETAGNE,12,0.9441717791411043
ST MALO,DOL DE BRETAGNE,13,0.9446319018404907
ST MALO,DOL DE BRETAGNE,14,0.941717791411043
ST MALO,DOL DE BRETAGNE,15,0.9361963190184048
ST MALO,DOL DE BRETAGNE,16,0.9315384615384615
ST MALO,DOL DE BRETAGNE,17,0.9253067484662576
ST MALO,DOL DE BRETAGNE,18,0.9093846153846155
ST MALO,DOL DE BRETAGNE,19,0.8967692307692308
ST MALO,DOL DE BRETAGNE,20,0.8752307692307691
ST MALO,DOL DE BRETAGNE,21,0.8683641975308642
ST MALO,DOL DE BRETAGNE,22,0.8632716049382716
ST MALO,DOL DE BRETAGNE,23,0.8506191950464397
ST MALO,DOL DE BRETAGNE,24,0.838544891640867
ST MALO,DOL DE BRETAGNE,25,0.8285714285714286
ST MALO,DOL DE BRETAGNE,26,0.8201863354037268
ST MALO,DOL DE BRETAGNE,27,0.8099378881987578
ST MALO,DOL DE BRETAGNE,28,0.7984423676012461
ST MALO,DOL DE BRETAGNE,29,0.7795950155763239
ST MALO,DOL DE BRETAGNE,30,0.05783699059561128
ST MALO,LAVAL,0,0.6145962732919255
ST MALO,LAVAL,1,0.6131249999999999
ST MALO,LAVAL,2,0.5971875
ST MALO,LAVAL,3,0.5955974842767295
ST MALO,LAVAL,4,0.38333333333333336
ST MALO,LAVAL,5,0.3674050632911392
ST MALO,LAVAL,6,0.35987261146496813
ST MALO,LAVAL,7,0.353525641025641
ST MALO,LAVAL,8,0.3298076923076923
ST MALO,LAVAL,9,0.3178571428571429
ST MALO,LAVAL,10,0.31915584415584414
ST MALO,LAVAL,11,0.3375816993464052
ST MALO,LAVAL,12,0.24868421052631576
ST MALO,LAVAL,13,0.23874172185430462
ST MALO,LAVAL,14,0.2603333333333333
ST MALO,LAVAL,15,0.279
ST MALO,LAVAL,16,0.27736486486486484
ST MALO,LAVAL,17,0.26554054054054055
ST MALO,LAVAL,18,0.2687074829931973
ST MALO,LAVAL,19,0.27157534246575343
ST MALO,LAVAL,20,0.263448275862069
ST MALO,LAVAL,21,0.26249999999999996
ST MALO,LAVAL,22,0.2611111111111111
ST MALO,LAVAL,23,0.24330985915492956
ST MALO,LAVAL,24,0.2302816901408451
ST MALO,LAVAL,25,0.23333333333333334
ST MALO,LAVAL,26,0.21928571428571428
ST MALO,LAVAL,27,0.210431654676259
ST MALO,LAVAL,28,0.20543478260869566
ST MALO,LAVAL,29,0.19598540145985402
ST MALO,LAVAL,30,0.035925925925925924
ST MALO,LE MANS,0,0.9543103448275863
ST MALO,LE MANS,1,0.9515570934256056
ST MALO,LE MANS,2,0.9468858131487888
ST MALO,LE MANS,3,0.9334482758620689
ST MALO,LE MANS,4,0.8475862068965517
ST MALO,LE MANS,5,0.8286206896551724
ST MALO,LE MANS,6,0.8079310344827587
ST MALO,LE MANS,7,0.7944827586206896
ST MALO,LE MANS,8,0.7629757785467128
ST MALO,LE MANS,9,0.7552083333333334
ST MALO,LE MANS,10,0.7463793103448275
ST MALO,LE MANS,11,0.7420415224913495
ST MALO,LE MANS,12,0.6399653979238754
ST MALO,LE MANS,13,0.6290657439446368
ST MALO,LE MANS,14,0.6153979238754325
ST MALO,LE MANS,15,0.6147058823529412
ST MALO,LE MANS,16,0.6034602076124568
ST MALO,LE MANS,17,0.5884482758620689
ST MALO,LE MANS,18,0.5837370242214532
ST MALO,LE MANS,19,0.5797577854671281
ST MALO,LE MANS,20,0.553287197231834
ST MALO,LE MANS,21,0.5338541666666666
ST MALO,LE MANS,22,0.5194444444444444
ST MALO,LE MANS,23,0.49843205574912897
ST MALO,LE MANS,24,0.46857638888888886
ST MALO,LE MANS,25,0.46219512195121953
ST MALO,LE MANS,26,0.44790940766550524
ST MALO,LE MANS,27,0.42578397212543556
ST MALO,LE MANS,28,0.3986013986013986
ST MALO,LE MANS,29,0.38094405594405595
ST MALO,LE MANS,30,0.029401408450704224
ST MALO,PARIS (intramuros),0,0.5726726726726726
ST MALO,PARIS (intramuros),1,0.5695195195195195
ST MALO,PARIS (intramuros),2,0.5881381381381381
ST MALO,PARIS (intramuros),3,0.5539039039039039
ST MALO,PARIS (intramuros),4,0.29834834834834834
ST MALO,PARIS (intramuros),5,0.2948948948948949
ST MALO,PARIS (intramuros),6,0.3151651651651652
ST MALO,PARIS (intramuros),7,0.32747747747747746
ST MALO,PARIS (intramuros),8,0.31036036036036035
ST MALO,PARIS (intramuros),9,0.31144578313253013
ST MALO,PARIS (intramuros),10,0.3325301204819277
ST MALO,PARIS (intramuros),11,0.3433734939759036
ST MALO,PARIS (intramuros),12,0.12394578313253012
ST MALO,PARIS (intramuros),13,0.11355421686746989
ST MALO,PARIS (intramuros),14,0.11701807228915663
ST MALO,PARIS (intramuros),15,0.12981927710843374
ST MALO,PARIS (intramuros),16,0.13851963746223567
ST MALO,PARIS (intramuros),17,0.1447289156626506
ST MALO,PARIS (intramuros),18,0.1510574018126888
ST MALO,PARIS (intramuros),19,0.15574018126888217
ST MALO,PARIS (intramuros),20,0.1608761329305136
ST MALO,PARIS (intramuros),21,0.1643939393939394
ST MALO,PARIS (intramuros),22,0.16954545454545455
ST MALO,PARIS (intramuros),23,0.16990881458966564
ST MALO,PARIS (intramuros),24,0.18024316109422492
ST MALO,PARIS (intramuros),25,0.1875
ST MALO,PARIS (intramuros),26,0.18841463414634146
ST MALO,PARIS (intramuros),27,0.19253048780487805
ST MALO,PARIS (intramuros),28,0.19434250764525993
ST MALO,PARIS (intramuros),29,0.18914373088685016
ST MALO,PARIS (intramuros),30,0.021538461538461538
ST MALO,RENNES,0,0.9962462462462462
ST MALO,RENNES,1,0.9977477477477478
ST MALO,RENNES,2,0.996996996996997
ST MALO,RENNES,3,0.9950450450450451
ST MALO,RENNES,4,0.991891891891892
ST MALO,RENNES,5,0.9927927927927929
ST MALO,RENNES,6,0.9872372372372372
ST MALO,RENNES,7,0.984984984984985
ST MALO,RENNES,8,0.9797297297297297
ST MALO,RENNES,9,0.9722891566265061
ST MALO,RENNES,10,0.9671686746987952
ST MALO,RENNES,11,0.9602409638554217
ST MALO,RENNES,12,0.9347891566265061
ST MALO,RENNES,13,0.9344879518072289
ST MALO,RENNES,14,0.9340361445783133
ST MALO,RENNES,15,0.9260542168674698
ST MALO,RENNES,16,0.9229607250755287
ST MALO,RENNES,17,0.9188253012048193
ST MALO,RENNES,18,0.9057401812688822
ST MALO,RENNES,19,0.8975830815709971
ST MALO,RENNES,20,0.8719033232628399
ST MALO,RENNES,21,0.8625757575757576
ST MALO,RENNES,22,0.8563636363636364
ST MALO,RENNES,23,0.8382978723404255
ST MALO,RENNES,24,0.8287234042553191
ST MALO,RENNES,25,0.8163109756097561
ST MALO,RENNES,26,0.8105182926829269
ST MALO,RENNES,27,0.796798780487805
ST MALO,RENNES,28,0.7880733944954128
ST MALO,RENNES,29,0.7718654434250765
ST MALO,RENNES,30,0.038461538461538464
VANNES,LAVAL,0,0.40578358208955223
VANNES,LAVAL,1,0.4046641791044776
VANNES,LAVAL,2,0.4157992565055762
VANNES,LAVAL,3,0.39185185185185184
VANNES,LAVAL,4,0.14833333333333332
VANNES,LAVAL,5,0.15648148148148147
VANNES,LAVAL,6,0.17527881040892193
VANNES,LAVAL,7,0.16301115241635689
VANNES,LAVAL,8,0.13308550185873605
VANNES,LAVAL,9,0.1386617100371747
VANNES,LAVAL,10,0.1421933085501859
VANNES,LAVAL,11,0.1433085501858736
VANNES,LAVAL,12,0.04888059701492537
VANNES,LAVAL,13,0.043820224719101124
VANNES,LAVAL,14,0.041044776119402986
VANNES,LAVAL,15,0.037827715355805244
VANNES,LAVAL,16,0.03656716417910448
VANNES,LAVAL,17,0.037500000000000006
VANNES,LAVAL,18,0.03955223880597015
VANNES,LAVAL,19,0.038014981273408244
VANNES,LAVAL,20,0.04078947368421053
VANNES,LAVAL,21,0.04207547169811321
VANNES,LAVAL,22,0.045643939393939396
VANNES,LAVAL,23,0.05207547169811321
VANNES,LAVAL,24,0.052264150943396225
VANNES,LAVAL,25,0.052264150943396225
VANNES,LAVAL,26,0.05397727272727273
VANNES,LAVAL,27,0.060227272727272727
VANNES,LAVAL,28,0.06098484848484849
VANNES,LAVAL,29,0.05984848484848485
VANNES,LAVAL,30,0.00909090909090909
VANNES,LE MANS,0,0.9986559139784946
VANNES,LE MANS,1,0.9991847826086956
VANNES,LE MANS,2,0.9997297297297296
VANNES,LE MANS,3,0.9975935828877006
VANNES,LE MANS,4,0.9795698924731182
VANNES,LE MANS,5,0.979144385026738
VANNES,LE MANS,6,0.9745989304812834
VANNES,LE MANS,7,0.9689839572192512
VANNES,LE MANS,8,0.9591397849462366
VANNES,LE MANS,9,0.9577540106951872
VANNES,LE MANS,10,0.9577127659574469
VANNES,LE MANS,11,0.9561497326203209
VANNES,LE MANS,12,0.8470588235294118
VANNES,LE MANS,13,0.8459893048128342
VANNES,LE MANS,14,0.8328877005347594
VANNES,LE MANS,15,0.8196236559139785
VANNES,LE MANS,16,0.8010695187165776
VANNES,LE MANS,17,0.7856382978723404
VANNES,LE MANS,18,0.7844919786096256
VANNES,LE MANS,19,0.7622994652406417
VANNES,LE MANS,20,0.7585561497326203
VANNES,LE MANS,21,0.7307486631016044
VANNES,LE MANS,22,0.7333333333333334
VANNES,LE MANS,23,0.711764705882353
VANNES,LE MANS,24,0.6906914893617021
VANNES,LE MANS,25,0.6762032085561498
VANNES,LE MANS,26,0.6671122994652406
VANNES,LE MANS,27,0.6454545454545455
VANNES,LE MANS,28,0.636021505376344
VANNES,LE MANS,29,0.635945945945946
VANNES,LE MANS,30,0.053763440860215055
VANNES,PARIS (intramuros),0,0.6811011904761904
VANNES,PARIS (intramuros),1,0.6772321428571428
VANNES,PARIS (intramuros),2,0.6648809523809524
VANNES,PARIS (intramuros),3,0.6440476190476191
VANNES,PARIS (intramuros),4,0.49851190476190477
VANNES,PARIS (intramuros),5,0.4827380952380952
VANNES,PARIS (intramuros),6,0.4705357142857143
VANNES,PARIS (intramuros),7,0.47276785714285713
VANNES,PARIS (intramuros),8,0.4401785714285714
VANNES,PARIS (intramuros),9,0.4486607142857143
VANNES,PARIS (intramuros),10,0.47604166666666664
VANNES,PARIS (intramuros),11,0.48824404761904766
VANNES,PARIS (intramuros),12,0.3177083333333333
VANNES,PARIS (intramuros),13,0.3090773809523809
VANNES,PARIS (intramuros),14,0.3166666666666667
VANNES,PARIS (intramuros),15,0.32261904761904764
VANNES,PARIS (intramuros),16,0.32723214285714286
VANNES,PARIS (intramuros),17,0.3354166666666667
VANNES,PARIS (intramuros),18,0.3394345238095238
VANNES,PARIS (intramuros),19,0.33630952380952384
VANNES,PARIS (intramuros),20,0.3375
VANNES,PARIS (intramuros),21,0.34211309523809524
VANNES,PARIS (intramuros),22,0.35297619047619044
VANNES,PARIS (intramuros),23,0.3568452380952381
VANNES,PARIS (intramuros),24,0.36681547619047616
VANNES,PARIS (intramuros),25,0.37098214285714287
VANNES,PARIS (intramuros),26,0.378125
VANNES,PARIS (intramuros),27,0.3811011904761905
VANNES,PARIS (intramuros),28,0.38611940298507463
VANNES,PARIS (intramuros),29,0.3819402985074627
VANNES,PARIS (intramuros),30,0.037087087087087085
VANNES,REDON,0,0.9936507936507937
VANNES,REDON,1,0.9912698412698413
VANNES,REDON,2,0.9861904761904762
VANNES,REDON,3,0.9753164556962025
VANNES,REDON,4,0.9468253968253968
VANNES,REDON,5,0.9412698412698413
VANNES,REDON,6,0.9328571428571429
VANNES,REDON,7,0.9296825396825398
VANNES,REDON,8,0.9142857142857143
VANNES,REDON,9,0.9068471337579618
VANNES,REDON,10,0.8949206349206349
VANNES,REDON,11,0.874920634920635
VANNES,REDON,12,0.8173015873015873
VANNES,REDON,13,0.8115873015873016
VANNES,REDON,14,0.8006349206349206
VANNES,REDON,15,0.8003174603174603
VANNES,REDON,16,0.7920382165605095
VANNES,REDON,17,0.7866666666666667
VANNES,REDON,18,0.778343949044586
VANNES,REDON,19,0.7654458598726115
VANNES,REDON,20,0.7550955414012739
VANNES,REDON,21,0.7480891719745223
VANNES,REDON,22,0.7476114649681529
VANNES,REDON,23,0.740255591054313
VANNES,REDON,24,0.7288888888888889
VANNES,REDON,25,0.724203821656051
VANNES,REDON,26,0.7221337579617835
VANNES,REDON,27,0.7234076433121019
VANNES,REDON,28,0.7206070287539936
VANNES,REDON,29,0.7191693290734824
VANNES,REDON,30,0.041025641025641026
VANNES,RENNES,0,0.953125
VANNES,RENNES,1,0.9537202380952381
VANNES,RENNES,2,0.9401785714285713
VANNES,RENNES,3,0.9312499999999999
VANNES,RENNES,4,0.8922619047619048
VANNES,RENNES,5,0.8821428571428571
VANNES,RENNES,6,0.8818452380952382
VANNES,RENNES,7,0.8808035714285714
VANNES,RENNES,8,0.8635416666666667
VANNES,RENNES,9,0.8436011904761904
VANNES,RENNES,10,0.8361607142857143
VANNES,RENNES,11,0.8202380952380953
VANNES,RENNES,12,0.7528273809523809
VANNES,RENNES,13,0.7459821428571429
VANNES,RENNES,14,0.7318452380952382
VANNES,RENNES,15,0.727827380952381
VANNES,RENNES,16,0.7197014925373134
VANNES,RENNES,17,0.7231343283582089
VANNES,RENNES,18,0.7146268656716418
VANNES,RENNES,19,0.7037313432835821
VANNES,RENNES,20,0.686865671641791
VANNES,RENNES,21,0.6813432835820895
VANNES,RENNES,22,0.6849253731343283
VANNES,RENNES,23,0.6868263473053893
VANNES,RENNES,24,0.6865671641791045
VANNES,RENNES,25,0.6835329341317365
VANNES,RENNES,26,0.6844311377245509
VANNES,RENNES,27,0.6890718562874252
VANNES,RENNES,28,0.6884384384384384
VANNES,RENNES,29,0.683933933933934
VANNES,RENNES,30,0.03644578313253012
VITRE,LAVAL,0,0.9806910569105691
VITRE,LAVAL,1,0.9781632653061225
VITRE,LAVAL,2,0.976829268292683
VITRE,LAVAL,3,0.9564777327935222
VITRE,LAVAL,4,0.9400406504065041
VITRE,LAVAL,5,0.9347560975609756
VITRE,LAVAL,6,0.9323170731707316
VITRE,LAVAL,7,0.9235772357723577
VITRE,LAVAL,8,0.9173469387755102
VITRE,LAVAL,9,0.9184959349593496
VITRE,LAVAL,10,0.9159919028340081
VITRE,LAVAL,11,0.9048780487804878
VITRE,LAVAL,12,0.7310975609756097
VITRE,LAVAL,13,0.7016260162601626
VITRE,LAVAL,14,0.677439024390244
VITRE,LAVAL,15,0.6606122448979591
VITRE,LAVAL,16,0.6495934959349594
VITRE,LAVAL,17,0.6327235772357723
VITRE,LAVAL,18,0.6259183673469387
VITRE,LAVAL,19,0.6185714285714287
VITRE,LAVAL,20,0.6034836065573771
VITRE,LAVAL,21,0.5790123456790123
VITRE,LAVAL,22,0.5665289256198347
VITRE,LAVAL,23,0.5407407407407407
VITRE,LAVAL,24,0.5262295081967213
VITRE,LAVAL,25,0.5308641975308642
VITRE,LAVAL,26,0.5283057851239669
VITRE,LAVAL,27,0.5179752066115703
VITRE,LAVAL,28,0.5173553719008265
VITRE,LAVAL,29,0.4939834024896265
VITRE,LAVAL,30,0.057676348547717846
VITRE,LE MANS,0,0.991869918699187
VITRE,LE MANS,1,0.9889795918367348
VITRE,LE MANS,2,0.9841463414634146
VITRE,LE MANS,3,0.969838056680162
VITRE,LE MANS,4,0.9504065040650407
VITRE,LE MANS,5,0.9473577235772358
VITRE,LE MANS,6,0.9367886178861788
VITRE,LE MANS,7,0.9292682926829268
VITRE,LE MANS,8,0.9236734693877552
VITRE,LE MANS,9,0.9217479674796748
VITRE,LE MANS,10,0.9194331983805668
VITRE,LE MANS,11,0.9097560975609756
VITRE,LE MANS,12,0.7351626016260162
VITRE,LE MANS,13,0.7032520325203252
VITRE,LE MANS,14,0.6823170731707316
VITRE,LE MANS,15,0.6646938775510204
VITRE,LE MANS,16,0.6467479674796748
VITRE,LE MANS,17,0.6333333333333334
VITRE,LE MANS,18,0.63
VITRE,LE MANS,19,0.6161224489795918
VITRE,LE MANS,20,0.6006147540983607
VITRE,LE MANS,21,0.5786008230452675
VITRE,LE MANS,22,0.5634297520661157
VITRE,LE MANS,23,0.5390946502057613
VITRE,LE MANS,24,0.5280737704918033
VITRE,LE MANS,25,0.5294238683127572
VITRE,LE MANS,26,0.5305785123966943
VITRE,LE MANS,27,0.5181818181818182
VITRE,LE MANS,28,0.5148760330578512
VITRE,LE MANS,29,0.5020746887966805
VITRE,LE MANS,30,0.04024896265560166
VITRE,PARIS (intramuros),0,0.7479674796747967
VITRE,PARIS (intramuros),1,0.743265306122449
VITRE,PARIS (intramuros),2,0.748780487804878
VITRE,PARIS (intramuros),3,0.7465587044534413
VITRE,PARIS (intramuros),4,0.6528455284552845
VITRE,PARIS (intramuros),5,0.6422764227642277
VITRE,PARIS (intramuros),6,0.6766260162601626
VITRE,PARIS (intramuros),7,0.6798780487804879
VITRE,PARIS (intramuros),8,0.6604081632653062
VITRE,PARIS (intramuros),9,0.6758130081300813
VITRE,PARIS (intramuros),10,0.6728744939271255
VITRE,PARIS (intramuros),11,0.6847560975609756
VITRE,PARIS (intramuros),12,0.3113821138211382
VITRE,PARIS (intramuros),13,0.30914634146341463
VITRE,PARIS (intramuros),14,0.33780487804878045
VITRE,PARIS (intramuros),15,0.3659183673469388
VITRE,PARIS (intramuros),16,0.3833333333333333
VITRE,PARIS (intramuros),17,0.3900406504065041
VITRE,PARIS (intramuros),18,0.3977551020408163
VITRE,PARIS (intramuros),19,0.40428571428571425
VITRE,PARIS (intramuros),20,0.4215163934426229
VITRE,PARIS (intramuros),21,0.4261316872427983
VITRE,PARIS (intramuros),22,0.43243801652892566
VITRE,PARIS (intramuros),23,0.4302469135802469
VITRE,PARIS (intramuros),24,0.4309426229508197
VITRE,PARIS (intramuros),25,0.4382716049382716
VITRE,PARIS (intramuros),26,0.44586776859504135
VITRE,PARIS (intramuros),27,0.4471074380165289
VITRE,PARIS (intramuros),28,0.4495867768595041
VITRE,PARIS (intramuros),29,0.43900414937759336
VITRE,PARIS (intramuros),30,0.06410788381742738
