origine,destination,delta_days,proba_open
AIME LA PLAGNE,BOURG SAINT MAURICE,0,0.585
AIME LA PLAGNE,BOURG SAINT MAURICE,1,0.585
AIME LA PLAGNE,BOURG SAINT MAURICE,2,0.59
AIME LA PLAGNE,BOURG SAINT MAURICE,3,0.585
AIME LA PLAGNE,BOURG SAINT MAURICE,4,0.41
AIME LA PLAGNE,BOURG SAINT MAURICE,5,0.395
AIME LA PLAGNE,BOURG SAINT MAURICE,6,0.395
AIME LA PLAGNE,BOURG SAINT MAURICE,7,0.395
AIME LA PLAGNE,BOURG SAINT MAURICE,8,0.395
AIME LA PLAGNE,BOURG SAINT MAURICE,9,0.4
AIME LA PLAGNE,BOURG SAINT MAURICE,10,0.31
AIME LA PLAGNE,BOURG SAINT MAURICE,11,0.23499999999999996
AIME LA PLAGNE,BOURG SAINT MAURICE,12,0.11000000000000001
AIME LA PLAGNE,BOURG SAINT MAURICE,13,0.1
AIME LA PLAGNE,BOURG SAINT MAURICE,14,0.1
AIME LA PLAGNE,BOURG SAINT MAURICE,15,0.1
AIME LA PLAGNE,BOURG SAINT MAURICE,16,0.1
AIME LA PLAGNE,BOURG SAINT MAURICE,17,0.11000000000000001
AIME LA PLAGNE,BOURG SAINT MAURICE,18,0.16999999999999998
AIME LA PLAGNE,BOURG SAINT MAURICE,19,0.2
AIME LA PLAGNE,BOURG SAINT MAURICE,20,0.2
AIME LA PLAGNE,BOURG SAINT MAURICE,21,0.2
AIME LA PLAGNE,BOURG SAINT MAURICE,22,0.205
AIME LA PLAGNE,BOURG SAINT MAURICE,23,0.2
AIME LA PLAGNE,BOURG SAINT MAURICE,24,0.2
AIME LA PLAGNE,BOURG SAINT MAURICE,25,0.2
AIME LA PLAGNE,BOURG SAINT MAURICE,26,0.2
AIME LA PLAGNE,BOURG SAINT MAURICE,27,0.185
AIME LA PLAGNE,BOURG SAINT MAURICE,28,0.125
AIME LA PLAGNE,BOURG SAINT MAURICE,29,0.025
AIME LA PLAGNE,BOURG SAINT MAURICE,30,0.0
AIME LA PLAGNE,LANDRY,0,0.6
AIME LA PLAGNE,LANDRY,1,0.585
AIME LA PLAGNE,LANDRY,2,0.595
AIME LA PLAGNE,LANDRY,3,0.585
AIME LA PLAGNE,LANDRY,4,0.4
AIME LA PLAGNE,LANDRY,5,0.4
AIME LA PLAGNE,LANDRY,6,0.4
AIME LA PLAGNE,LANDRY,7,0.4
AIME LA PLAGNE,LANDRY,8,0.4
AIME LA PLAGNE,LANDRY,9,0.40499999999999997
AIME LA PLAGNE,LANDRY,10,0.27999999999999997
AIME LA PLAGNE,LANDRY,11,0.225
AIME LA PLAGNE,LANDRY,12,0.10500000000000001
AIME LA PLAGNE,LANDRY,13,0.1
AIME LA PLAGNE,LANDRY,14,0.1
AIME LA PLAGNE,LANDRY,15,0.1
AIME LA PLAGNE,LANDRY,16,0.1
AIME LA PLAGNE,LANDRY,17,0.12
AIME LA PLAGNE,LANDRY,18,0.18
AIME LA PLAGNE,LANDRY,19,0.195
AIME LA PLAGNE,LANDRY,20,0.2
AIME LA PLAGNE,LANDRY,21,0.2
AIME LA PLAGNE,LANDRY,22,0.2
AIME LA PLAGNE,LANDRY,23,0.2
AIME LA PLAGNE,LANDRY,24,0.2
AIME LA PLAGNE,LANDRY,25,0.195
AIME LA PLAGNE,LANDRY,26,0.19
AIME LA PLAGNE,LANDRY,27,0.16
AIME LA PLAGNE,LANDRY,28,0.10500000000000001
AIME LA PLAGNE,LANDRY,29,0.015
AIME LA PLAGNE,LANDRY,30,0.0
AIX EN PROVENCE TGV,AVIGNON TGV,0,0.7941176470588235
AIX EN PROVENCE TGV,AVIGNON TGV,1,0.7715686274509804
AIX EN PROVENCE TGV,AVIGNON TGV,2,0.8098039215686273
AIX EN PROVENCE TGV,AVIGNON TGV,3,0.8215686274509804
AIX EN PROVENCE TGV,AVIGNON TGV,4,0.8317307692307693
AIX EN PROVENCE TGV,AVIGNON TGV,5,0.8403846153846154
AIX EN PROVENCE TGV,AVIGNON TGV,6,0.8548076923076924
AIX EN PROVENCE TGV,AVIGNON TGV,7,0.8519230769230769
AIX EN PROVENCE TGV,AVIGNON TGV,8,0.85
AIX EN PROVENCE TGV,AVIGNON TGV,9,0.861
AIX EN PROVENCE TGV,AVIGNON TGV,10,0.8714285714285714
AIX EN PROVENCE TGV,AVIGNON TGV,11,0.8781249999999999
AIX EN PROVENCE TGV,AVIGNON TGV,12,0.5351063829787234
AIX EN PROVENCE TGV,AVIGNON TGV,13,0.5358695652173913
AIX EN PROVENCE TGV,AVIGNON TGV,14,0.5544444444444444
AIX EN PROVENCE TGV,AVIGNON TGV,15,0.5590909090909091
AIX EN PROVENCE TGV,AVIGNON TGV,16,0.5279069767441861
AIX EN PROVENCE TGV,AVIGNON TGV,17,0.5166666666666666
AIX EN PROVENCE TGV,AVIGNON TGV,18,0.5195121951219512
AIX EN PROVENCE TGV,AVIGNON TGV,19,0.5225
AIX EN PROVENCE TGV,AVIGNON TGV,20,0.5387500000000001
AIX EN PROVENCE TGV,AVIGNON TGV,21,0.508974358974359
AIX EN PROVENCE TGV,AVIGNON TGV,22,0.5
AIX EN PROVENCE TGV,AVIGNON TGV,23,0.477027027027027
AIX EN PROVENCE TGV,AVIGNON TGV,24,0.4694444444444444
AIX EN PROVENCE TGV,AVIGNON TGV,25,0.4722222222222222
AIX EN PROVENCE TGV,AVIGNON TGV,26,0.4375
AIX EN PROVENCE TGV,AVIGNON TGV,27,0.43333333333333335
AIX EN PROVENCE TGV,AVIGNON TGV,28,0.46388888888888885
AIX EN PROVENCE TGV,AVIGNON TGV,29,0.46388888888888885
AIX EN PROVENCE TGV,AVIGNON TGV,30,0.09
AIX EN PROVENCE TGV,LAVAL,0,0.09509803921568627
AIX EN PROVENCE TGV,LAVAL,1,0.09019607843137256
AIX EN PROVENCE TGV,LAVAL,2,0.11666666666666667
AIX EN PROVENCE TGV,LAVAL,3,0.11274509803921569
AIX EN PROVENCE TGV,LAVAL,4,0.1423076923076923
AIX EN PROVENCE TGV,LAVAL,5,0.1528846153846154
AIX EN PROVENCE TGV,LAVAL,6,0.17307692307692307
AIX EN PROVENCE TGV,LAVAL,7,0.1951923076923077
AIX EN PROVENCE TGV,LAVAL,8,0.25392156862745097
AIX EN PROVENCE TGV,LAVAL,9,0.285
AIX EN PROVENCE TGV,LAVAL,10,0.3326530612244898
AIX EN PROVENCE TGV,LAVAL,11,0.325
AIX EN PROVENCE TGV,LAVAL,12,0.1957446808510638
AIX EN PROVENCE TGV,LAVAL,13,0.19021739130434784
AIX EN PROVENCE TGV,LAVAL,14,0.23222222222222222
AIX EN PROVENCE TGV,LAVAL,15,0.24659090909090908
AIX EN PROVENCE TGV,LAVAL,16,0.26395348837209304
AIX EN PROVENCE TGV,LAVAL,17,0.26785714285714285
AIX EN PROVENCE TGV,LAVAL,18,0.26951219512195124
AIX EN PROVENCE TGV,LAVAL,19,0.27749999999999997
AIX EN PROVENCE TGV,LAVAL,20,0.29125
AIX EN PROVENCE TGV,LAVAL,21,0.28974358974358977
AIX EN PROVENCE TGV,LAVAL,22,0.3092105263157895
AIX EN PROVENCE TGV,LAVAL,23,0.27702702702702703
AIX EN PROVENCE TGV,LAVAL,24,0.2597222222222222
AIX EN PROVENCE TGV,LAVAL,25,0.25277777777777777
AIX EN PROVENCE TGV,LAVAL,26,0.25277777777777777
AIX EN PROVENCE TGV,LAVAL,27,0.24444444444444446
AIX EN PROVENCE TGV,LAVAL,28,0.22777777777777775
AIX EN PROVENCE TGV,LAVAL,29,0.24305555555555555
AIX EN PROVENCE TGV,LAVAL,30,0.024285714285714285
AIX EN PROVENCE TGV,LE MANS,0,0.09117647058823529
AIX EN PROVENCE TGV,LE MANS,1,0.08529411764705881
AIX EN PROVENCE TGV,LE MANS,2,0.10882352941176471
AIX EN PROVENCE TGV,LE MANS,3,0.11176470588235295
AIX EN PROVENCE TGV,LE MANS,4,0.12692307692307692
AIX EN PROVENCE TGV,LE MANS,5,0.15384615384615385
AIX EN PROVENCE TGV,LE MANS,6,0.17307692307692307
AIX EN PROVENCE TGV,LE MANS,7,0.1971153846153846
AIX EN PROVENCE TGV,LE MANS,8,0.24901960784313723
AIX EN PROVENCE TGV,LE MANS,9,0.273
AIX EN PROVENCE TGV,LE MANS,10,0.31224489795918364
AIX EN PROVENCE TGV,LE MANS,11,0.30624999999999997
AIX EN PROVENCE TGV,LE MANS,12,0.1957446808510638
AIX EN PROVENCE TGV,LE MANS,13,0.19130434782608696
AIX EN PROVENCE TGV,LE MANS,14,0.22555555555555556
AIX EN PROVENCE TGV,LE MANS,15,0.24431818181818182
AIX EN PROVENCE TGV,LE MANS,16,0.27325581395348836
AIX EN PROVENCE TGV,LE MANS,17,0.26785714285714285
AIX EN PROVENCE TGV,LE MANS,18,0.26951219512195124
AIX EN PROVENCE TGV,LE MANS,19,0.27375
AIX EN PROVENCE TGV,LE MANS,20,0.28625
AIX EN PROVENCE TGV,LE MANS,21,0.2923076923076923
AIX EN PROVENCE TGV,LE MANS,22,0.3078947368421052
AIX EN PROVENCE TGV,LE MANS,23,0.27567567567567564
AIX EN PROVENCE TGV,LE MANS,24,0.2597222222222222
AIX EN PROVENCE TGV,LE MANS,25,0.25555555555555554
AIX EN PROVENCE TGV,LE MANS,26,0.25277777777777777
AIX EN PROVENCE TGV,LE MANS,27,0.25416666666666665
AIX EN PROVENCE TGV,LE MANS,28,0.23888888888888887
AIX EN PROVENCE TGV,LE MANS,29,0.2513888888888889
AIX EN PROVENCE TGV,LE MANS,30,0.030000000000000002
AIX EN PROVENCE TGV,LYON (intramuros),0,0.48725490196078436
AIX EN PROVENCE TGV,LYON (intramuros),1,0.4784313725490196
AIX EN PROVENCE TGV,LYON (intramuros),2,0.4774509803921569
AIX EN PROVENCE TGV,LYON (intramuros),3,0.46078431372549017
AIX EN PROVENCE TGV,LYON (intramuros),4,0.48846153846153845
AIX EN PROVENCE TGV,LYON (intramuros),5,0.5451923076923078
AIX EN PROVENCE TGV,LYON (intramuros),6,0.5721153846153846
AIX EN PROVENCE TGV,LYON (intramuros),7,0.5673076923076923
AIX EN PROVENCE TGV,LYON (intramuros),8,0.5872549019607843
AIX EN PROVENCE TGV,LYON (intramuros),9,0.615
AIX EN PROVENCE TGV,LYON (intramuros),10,0.686734693877551
AIX EN PROVENCE TGV,LYON (intramuros),11,0.7125
AIX EN PROVENCE TGV,LYON (intramuros),12,0.5074468085106383
AIX EN PROVENCE TGV,LYON (intramuros),13,0.5228260869565218
AIX EN PROVENCE TGV,LYON (intramuros),14,0.5522222222222223
AIX EN PROVENCE TGV,LYON (intramuros),15,0.5602272727272727
AIX EN PROVENCE TGV,LYON (intramuros),16,0.5267441860465116
AIX EN PROVENCE TGV,LYON (intramuros),17,0.5190476190476191
AIX EN PROVENCE TGV,LYON (intramuros),18,0.5207317073170732
AIX EN PROVENCE TGV,LYON (intramuros),19,0.525
AIX EN PROVENCE TGV,LYON (intramuros),20,0.52
AIX EN PROVENCE TGV,LYON (intramuros),21,0.4987179487179487
AIX EN PROVENCE TGV,LYON (intramuros),22,0.4947368421052632
AIX EN PROVENCE TGV,LYON (intramuros),23,0.47297297297297297
AIX EN PROVENCE TGV,LYON (intramuros),24,0.4444444444444444
AIX EN PROVENCE TGV,LYON (intramuros),25,0.4138888888888889
AIX EN PROVENCE TGV,LYON (intramuros),26,0.3847222222222222
AIX EN PROVENCE TGV,LYON (intramuros),27,0.3986111111111111
AIX EN PROVENCE TGV,LYON (intramuros),28,0.4125
AIX EN PROVENCE TGV,LYON (intramuros),29,0.4319444444444444
AIX EN PROVENCE TGV,LYON (intramuros),30,0.055714285714285716
AIX EN PROVENCE TGV,MARSEILLE ST CHARLES,0,0.7216524216524217
AIX EN PROVENCE TGV,MARSEILLE ST CHARLES,1,0.7225071225071225
AIX EN PROVENCE TGV,MARSEILLE ST CHARLES,2,0.7277777777777777
AIX EN PROVENCE TGV,MARSEILLE ST CHARLES,3,0.7215099715099715
AIX EN PROVENCE TGV,MARSEILLE ST CHARLES,4,0.5972934472934474
AIX EN PROVENCE TGV,MARSEILLE ST CHARLES,5,0.5858974358974359
AIX EN PROVENCE TGV,MARSEILLE ST CHARLES,6,0.5764957264957264
AIX EN PROVENCE TGV,MARSEILLE ST CHARLES,7,0.5653846153846154
AIX EN PROVENCE TGV,MARSEILLE ST CHARLES,8,0.5299145299145299
AIX EN PROVENCE TGV,MARSEILLE ST CHARLES,9,0.512
AIX EN PROVENCE TGV,MARSEILLE ST CHARLES,10,0.48223495702005736
AIX EN PROVENCE TGV,MARSEILLE ST CHARLES,11,0.45172413793103444
AIX EN PROVENCE TGV,MARSEILLE ST CHARLES,12,0.21167146974063403
AIX EN PROVENCE TGV,MARSEILLE ST CHARLES,13,0.2017291066282421
AIX EN PROVENCE TGV,MARSEILLE ST CHARLES,14,0.18627167630057803
AIX EN PROVENCE TGV,MARSEILLE ST CHARLES,15,0.1810144927536232
AIX EN PROVENCE TGV,MARSEILLE ST CHARLES,16,0.15857558139534883
AIX EN PROVENCE TGV,MARSEILLE ST CHARLES,17,0.15306122448979592
AIX EN PROVENCE TGV,MARSEILLE ST CHARLES,18,0.14517543859649124
AIX EN PROVENCE TGV,MARSEILLE ST CHARLES,19,0.14178885630498533
AIX EN PROVENCE TGV,MARSEILLE ST CHARLES,20,0.14220588235294118
AIX EN PROVENCE TGV,MARSEILLE ST CHARLES,21,0.13495575221238937
AIX EN PROVENCE TGV,MARSEILLE ST CHARLES,22,0.13846153846153844
AIX EN PROVENCE TGV,MARSEILLE ST CHARLES,23,0.1327893175074184
AIX EN PROVENCE TGV,MARSEILLE ST CHARLES,24,0.13035714285714284
AIX EN PROVENCE TGV,MARSEILLE ST CHARLES,25,0.12313432835820895
AIX EN PROVENCE TGV,MARSEILLE ST CHARLES,26,0.11856287425149702
AIX EN PROVENCE TGV,MARSEILLE ST CHARLES,27,0.11261261261261261
AIX EN PROVENCE TGV,MARSEILLE ST CHARLES,28,0.11234939759036144
AIX EN PROVENCE TGV,MARSEILLE ST CHARLES,29,0.10030211480362539
AIX EN PROVENCE TGV,MARSEILLE ST CHARLES,30,0.023252279635258357
AIX EN PROVENCE TGV,MASSY TGV,0,0.10294117647058823
AIX EN PROVENCE TGV,MASSY TGV,1,0.12941176470588234
AIX EN PROVENCE TGV,MASSY TGV,2,0.1431372549019608
AIX EN PROVENCE TGV,MASSY TGV,3,0.11764705882352941
AIX EN PROVENCE TGV,MASSY TGV,4,0.1423076923076923
AIX EN PROVENCE TGV,MASSY TGV,5,0.175
AIX EN PROVENCE TGV,MASSY TGV,6,0.21634615384615385
AIX EN PROVENCE TGV,MASSY TGV,7,0.24615384615384617
AIX EN PROVENCE TGV,MASSY TGV,8,0.28725490196078435
AIX EN PROVENCE TGV,MASSY TGV,9,0.331
AIX EN PROVENCE TGV,MASSY TGV,10,0.3397959183673469
AIX EN PROVENCE TGV,MASSY TGV,11,0.3333333333333333
AIX EN PROVENCE TGV,MASSY TGV,12,0.17978723404255317
AIX EN PROVENCE TGV,MASSY TGV,13,0.19130434782608696
AIX EN PROVENCE TGV,MASSY TGV,14,0.23111111111111113
AIX EN PROVENCE TGV,MASSY TGV,15,0.24886363636363634
AIX EN PROVENCE TGV,MASSY TGV,16,0.2686046511627907
AIX EN PROVENCE TGV,MASSY TGV,17,0.2654761904761905
AIX EN PROVENCE TGV,MASSY TGV,18,0.2670731707317073
AIX EN PROVENCE TGV,MASSY TGV,19,0.275
AIX EN PROVENCE TGV,MASSY TGV,20,0.2975
AIX EN PROVENCE TGV,MASSY TGV,21,0.291025641025641
AIX EN PROVENCE TGV,MASSY TGV,22,0.30657894736842106
AIX EN PROVENCE TGV,MASSY TGV,23,0.26756756756756755
AIX EN PROVENCE TGV,MASSY TGV,24,0.2569444444444444
AIX EN PROVENCE TGV,MASSY TGV,25,0.25555555555555554
AIX EN PROVENCE TGV,MASSY TGV,26,0.25277777777777777
AIX EN PROVENCE TGV,MASSY TGV,27,0.24722222222222223
AIX EN PROVENCE TGV,MASSY TGV,28,0.24027777777777778
AIX EN PROVENCE TGV,MASSY TGV,29,0.25
AIX EN PROVENCE TGV,MASSY TGV,30,0.05
AIX EN PROVENCE TGV,RENNES,0,0.09901960784313725
AIX EN PROVENCE TGV,RENNES,1,0.09803921568627451
AIX EN PROVENCE TGV,RENNES,2,0.1323529411764706
AIX EN PROVENCE TGV,RENNES,3,0.11372549019607843
AIX EN PROVENCE TGV,RENNES,4,0.12884615384615386
AIX EN PROVENCE TGV,RENNES,5,0.16442307692307695
AIX EN PROVENCE TGV,RENNES,6,0.18173076923076922
AIX EN PROVENCE TGV,RENNES,7,0.20192307692307693
AIX EN PROVENCE TGV,RENNES,8,0.2607843137254902
AIX EN PROVENCE TGV,RENNES,9,0.27699999999999997
AIX EN PROVENCE TGV,RENNES,10,0.3285714285714286
AIX EN PROVENCE TGV,RENNES,11,0.309375
AIX EN PROVENCE TGV,RENNES,12,0.19361702127659575
AIX EN PROVENCE TGV,RENNES,13,0.19347826086956524
AIX EN PROVENCE TGV,RENNES,14,0.23222222222222222
AIX EN PROVENCE TGV,RENNES,15,0.25681818181818183
AIX EN PROVENCE TGV,RENNES,16,0.2755813953488372
AIX EN PROVENCE TGV,RENNES,17,0.2702380952380952
AIX EN PROVENCE TGV,RENNES,18,0.27195121951219514
AIX EN PROVENCE TGV,RENNES,19,0.27875
AIX EN PROVENCE TGV,RENNES,20,0.29125
AIX EN PROVENCE TGV,RENNES,21,0.29358974358974355
AIX EN PROVENCE TGV,RENNES,22,0.31184210526315786
AIX EN PROVENCE TGV,RENNES,23,0.2797297297297297
AIX EN PROVENCE TGV,RENNES,24,0.26249999999999996
AIX EN PROVENCE TGV,RENNES,25,0.25277777777777777
AIX EN PROVENCE TGV,RENNES,26,0.25
AIX EN PROVENCE TGV,RENNES,27,0.24305555555555555
AIX EN PROVENCE TGV,RENNES,28,0.22777777777777775
AIX EN PROVENCE TGV,RENNES,29,0.24444444444444446
AIX EN PROVENCE TGV,RENNES,30,0.02142857142857143
ALBERTVILLE,AIME LA PLAGNE,0,0.585
ALBERTVILLE,AIME LA PLAGNE,1,0.58
ALBERTVILLE,AIME LA PLAGNE,2,0.5700000000000001
ALBERTVILLE,AIME LA PLAGNE,3,0.5700000000000001
ALBERTVILLE,AIME LA PLAGNE,4,0.4
ALBERTVILLE,AIME LA PLAGNE,5,0.40499999999999997
ALBERTVILLE,AIME LA PLAGNE,6,0.4
ALBERTVILLE,AIME LA PLAGNE,7,0.4
ALBERTVILLE,AIME LA PLAGNE,8,0.395
ALBERTVILLE,AIME LA PLAGNE,9,0.39
ALBERTVILLE,AIME LA PLAGNE,10,0.275
ALBERTVILLE,AIME LA PLAGNE,11,0.215
ALBERTVILLE,AIME LA PLAGNE,12,0.1
ALBERTVILLE,AIME LA PLAGNE,13,0.1
ALBERTVILLE,AIME LA PLAGNE,14,0.1
ALBERTVILLE,AIME LA PLAGNE,15,0.1
ALBERTVILLE,AIME LA PLAGNE,16,0.1
ALBERTVILLE,AIME LA PLAGNE,17,0.1
ALBERTVILLE,AIME LA PLAGNE,18,0.175
ALBERTVILLE,AIME LA PLAGNE,19,0.2
ALBERTVILLE,AIME LA PLAGNE,20,0.2
ALBERTVILLE,AIME LA PLAGNE,21,0.2
ALBERTVILLE,AIME LA PLAGNE,22,0.2
ALBERTVILLE,AIME LA PLAGNE,23,0.2
ALBERTVILLE,AIME LA PLAGNE,24,0.2
ALBERTVILLE,AIME LA PLAGNE,25,0.2
ALBERTVILLE,AIME LA PLAGNE,26,0.195
ALBERTVILLE,AIME LA PLAGNE,27,0.16499999999999998
ALBERTVILLE,AIME LA PLAGNE,28,0.10499999999999998
ALBERTVILLE,AIME LA PLAGNE,29,0.02
ALBERTVILLE,AIME LA PLAGNE,30,0.005
ALBERTVILLE,BOURG SAINT MAURICE,0,0.585
ALBERTVILLE,BOURG SAINT MAURICE,1,0.5900000000000001
ALBERTVILLE,BOURG SAINT MAURICE,2,0.595
ALBERTVILLE,BOURG SAINT MAURICE,3,0.575
ALBERTVILLE,BOURG SAINT MAURICE,4,0.40499999999999997
ALBERTVILLE,BOURG SAINT MAURICE,5,0.39
ALBERTVILLE,BOURG SAINT MAURICE,6,0.4
ALBERTVILLE,BOURG SAINT MAURICE,7,0.395
ALBERTVILLE,BOURG SAINT MAURICE,8,0.39
ALBERTVILLE,BOURG SAINT MAURICE,9,0.39
ALBERTVILLE,BOURG SAINT MAURICE,10,0.29000000000000004
ALBERTVILLE,BOURG SAINT MAURICE,11,0.225
ALBERTVILLE,BOURG SAINT MAURICE,12,0.11000000000000001
ALBERTVILLE,BOURG SAINT MAURICE,13,0.1
ALBERTVILLE,BOURG SAINT MAURICE,14,0.1
ALBERTVILLE,BOURG SAINT MAURICE,15,0.1
ALBERTVILLE,BOURG SAINT MAURICE,16,0.1
ALBERTVILLE,BOURG SAINT MAURICE,17,0.11000000000000001
ALBERTVILLE,BOURG SAINT MAURICE,18,0.195
ALBERTVILLE,BOURG SAINT MAURICE,19,0.2
ALBERTVILLE,BOURG SAINT MAURICE,20,0.2
ALBERTVILLE,BOURG SAINT MAURICE,21,0.2
ALBERTVILLE,BOURG SAINT MAURICE,22,0.2
ALBERTVILLE,BOURG SAINT MAURICE,23,0.2
ALBERTVILLE,BOURG SAINT MAURICE,24,0.2
ALBERTVILLE,BOURG SAINT MAURICE,25,0.2
ALBERTVILLE,BOURG SAINT MAURICE,26,0.2
ALBERTVILLE,BOURG SAINT MAURICE,27,0.18
ALBERTVILLE,BOURG SAINT MAURICE,28,0.11499999999999999
ALBERTVILLE,BOURG SAINT MAURICE,29,0.034999999999999996
ALBERTVILLE,BOURG SAINT MAURICE,30,0.01
ALBERTVILLE,LANDRY,0,0.595
ALBERTVILLE,LANDRY,1,0.585
ALBERTVILLE,LANDRY,2,0.595
ALBERTVILLE,LANDRY,3,0.595
ALBERTVILLE,LANDRY,4,0.395
ALBERTVILLE,LANDRY,5,0.395
ALBERTVILLE,LANDRY,6,0.39
ALBERTVILLE,LANDRY,7,0.395
ALBERTVILLE,LANDRY,8,0.395
ALBERTVILLE,LANDRY,9,0.385
ALBERTVILLE,LANDRY,10,0.29
ALBERTVILLE,LANDRY,11,0.22999999999999998
ALBERTVILLE,LANDRY,12,0.1
ALBERTVILLE,LANDRY,13,0.1
ALBERTVILLE,LANDRY,14,0.1
ALBERTVILLE,LANDRY,15,0.1
ALBERTVILLE,LANDRY,16,0.11000000000000001
ALBERTVILLE,LANDRY,17,0.12
ALBERTVILLE,LANDRY,18,0.185
ALBERTVILLE,LANDRY,19,0.2
ALBERTVILLE,LANDRY,20,0.2
ALBERTVILLE,LANDRY,21,0.2
ALBERTVILLE,LANDRY,22,0.2
ALBERTVILLE,LANDRY,23,0.2
ALBERTVILLE,LANDRY,24,0.2
ALBERTVILLE,LANDRY,25,0.2
ALBERTVILLE,LANDRY,26,0.2
ALBERTVILLE,LANDRY,27,0.19
ALBERTVILLE,LANDRY,28,0.125
ALBERTVILLE,LANDRY,29,0.02
ALBERTVILLE,LANDRY,30,0.01
ALBERTVILLE,MOUTIERS SALINS BRIDES LES BAINS,0,0.575
ALBERTVILLE,MOUTIERS SALINS BRIDES LES BAINS,1,0.575
ALBERTVILLE,MOUTIERS SALINS BRIDES LES BAINS,2,0.58
ALBERTVILLE,MOUTIERS SALINS BRIDES LES BAINS,3,0.5700000000000001
ALBERTVILLE,MOUTIERS SALINS BRIDES LES BAINS,4,0.40499999999999997
ALBERTVILLE,MOUTIERS SALINS BRIDES LES BAINS,5,0.40499999999999997
ALBERTVILLE,MOUTIERS SALINS BRIDES LES BAINS,6,0.40499999999999997
ALBERTVILLE,MOUTIERS SALINS BRIDES LES BAINS,7,0.4
ALBERTVILLE,MOUTIERS SALINS BRIDES LES BAINS,8,0.39
ALBERTVILLE,MOUTIERS SALINS BRIDES LES BAINS,9,0.39
ALBERTVILLE,MOUTIERS SALINS BRIDES LES BAINS,10,0.275
ALBERTVILLE,MOUTIERS SALINS BRIDES LES BAINS,11,0.2
ALBERTVILLE,MOUTIERS SALINS BRIDES LES BAINS,12,0.1
ALBERTVILLE,MOUTIERS SALINS BRIDES LES BAINS,13,0.1
ALBERTVILLE,MOUTIERS SALINS BRIDES LES BAINS,14,0.1
ALBERTVILLE,MOUTIERS SALINS BRIDES LES BAINS,15,0.1
ALBERTVILLE,MOUTIERS SALINS BRIDES LES BAINS,16,0.10500000000000001
ALBERTVILLE,MOUTIERS SALINS BRIDES LES BAINS,17,0.10500000000000001
ALBERTVILLE,MOUTIERS SALINS BRIDES LES BAINS,18,0.18
ALBERTVILLE,MOUTIERS SALINS BRIDES LES BAINS,19,0.19
ALBERTVILLE,MOUTIERS SALINS BRIDES LES BAINS,20,0.195
ALBERTVILLE,MOUTIERS SALINS BRIDES LES BAINS,21,0.2
ALBERTVILLE,MOUTIERS SALINS BRIDES LES BAINS,22,0.2
ALBERTVILLE,MOUTIERS SALINS BRIDES LES BAINS,23,0.2
ALBERTVILLE,MOUTIERS SALINS BRIDES LES BAINS,24,0.2
ALBERTVILLE,MOUTIERS SALINS BRIDES LES BAINS,25,0.2
ALBERTVILLE,MOUTIERS SALINS BRIDES LES BAINS,26,0.195
ALBERTVILLE,MOUTIERS SALINS BRIDES LES BAINS,27,0.16499999999999998
ALBERTVILLE,MOUTIERS SALINS BRIDES LES BAINS,28,0.11000000000000001
ALBERTVILLE,MOUTIERS SALINS BRIDES LES BAINS,29,0.025
ALBERTVILLE,MOUTIERS SALINS BRIDES LES BAINS,30,0.005
ANGERS SAINT LAUD,AIME LA PLAGNE,0,0.35
ANGERS SAINT LAUD,AIME LA PLAGNE,1,0.28125
ANGERS SAINT LAUD,AIME LA PLAGNE,2,0.26875
ANGERS SAINT LAUD,AIME LA PLAGNE,3,0.2875
ANGERS SAINT LAUD,AIME LA PLAGNE,4,0.2625
ANGERS SAINT LAUD,AIME LA PLAGNE,5,0.24375
ANGERS SAINT LAUD,AIME LA PLAGNE,6,0.24375
ANGERS SAINT LAUD,AIME LA PLAGNE,7,0.25
ANGERS SAINT LAUD,AIME LA PLAGNE,8,0.25
ANGERS SAINT LAUD,AIME LA PLAGNE,9,0.2625
ANGERS SAINT LAUD,AIME LA PLAGNE,10,0.15
ANGERS SAINT LAUD,AIME LA PLAGNE,11,0.1375
ANGERS SAINT LAUD,AIME LA PLAGNE,12,0.125
ANGERS SAINT LAUD,AIME LA PLAGNE,13,0.125
ANGERS SAINT LAUD,AIME LA PLAGNE,14,0.125
ANGERS SAINT LAUD,AIME LA PLAGNE,15,0.125
ANGERS SAINT LAUD,AIME LA PLAGNE,16,0.13125
ANGERS SAINT LAUD,AIME LA PLAGNE,17,0.125
ANGERS SAINT LAUD,AIME LA PLAGNE,18,0.125
ANGERS SAINT LAUD,AIME LA PLAGNE,19,0.125
ANGERS SAINT LAUD,AIME LA PLAGNE,20,0.125
ANGERS SAINT LAUD,AIME LA PLAGNE,21,0.125
ANGERS SAINT LAUD,AIME LA PLAGNE,22,0.125
ANGERS SAINT LAUD,AIME LA PLAGNE,23,0.125
ANGERS SAINT LAUD,AIME LA PLAGNE,24,0.125
ANGERS SAINT LAUD,AIME LA PLAGNE,25,0.125
ANGERS SAINT LAUD,AIME LA PLAGNE,26,0.13125
ANGERS SAINT LAUD,AIME LA PLAGNE,27,0.13125
ANGERS SAINT LAUD,AIME LA PLAGNE,28,0.11875
ANGERS SAINT LAUD,AIME LA PLAGNE,29,0.0375
ANGERS SAINT LAUD,AIME LA PLAGNE,30,0.00625
ANGERS SAINT LAUD,AIX EN PROVENCE TGV,0,0.79375
ANGERS SAINT LAUD,AIX EN PROVENCE TGV,1,0.7625
ANGERS SAINT LAUD,AIX EN PROVENCE TGV,2,0.78125
ANGERS SAINT LAUD,AIX EN PROVENCE TGV,3,0.825
ANGERS SAINT LAUD,AIX EN PROVENCE TGV,4,0.625
ANGERS SAINT LAUD,AIX EN PROVENCE TGV,5,0.525
ANGERS SAINT LAUD,AIX EN PROVENCE TGV,6,0.60625
ANGERS SAINT LAUD,AIX EN PROVENCE TGV,7,0.46875
ANGERS SAINT LAUD,AIX EN PROVENCE TGV,8,0.5
ANGERS SAINT LAUD,AIX EN PROVENCE TGV,9,0.5
ANGERS SAINT LAUD,AIX EN PROVENCE TGV,10,0.55
ANGERS SAINT LAUD,AIX EN PROVENCE TGV,11,0.60625
ANGERS SAINT LAUD,AIX EN PROVENCE TGV,12,0.4625
ANGERS SAINT LAUD,AIX EN PROVENCE TGV,13,0.65
ANGERS SAINT LAUD,AIX EN PROVENCE TGV,14,0.74375
ANGERS SAINT LAUD,AIX EN PROVENCE TGV,15,0.75
ANGERS SAINT LAUD,AIX EN PROVENCE TGV,16,0.68125
ANGERS SAINT LAUD,AIX EN PROVENCE TGV,17,0.5375
ANGERS SAINT LAUD,AIX EN PROVENCE TGV,18,0.5
ANGERS SAINT LAUD,AIX EN PROVENCE TGV,19,0.4875
ANGERS SAINT LAUD,AIX EN PROVENCE TGV,20,0.49374999999999997
ANGERS SAINT LAUD,AIX EN PROVENCE TGV,21,0.54375
ANGERS SAINT LAUD,AIX EN PROVENCE TGV,22,0.63125
ANGERS SAINT LAUD,AIX EN PROVENCE TGV,23,0.4
ANGERS SAINT LAUD,AIX EN PROVENCE TGV,24,0.46875
ANGERS SAINT LAUD,AIX EN PROVENCE TGV,25,0.5
ANGERS SAINT LAUD,AIX EN PROVENCE TGV,26,0.60625
ANGERS SAINT LAUD,AIX EN PROVENCE TGV,27,0.61875
ANGERS SAINT LAUD,AIX EN PROVENCE TGV,28,0.61875
ANGERS SAINT LAUD,AIX EN PROVENCE TGV,29,0.6875
ANGERS SAINT LAUD,AIX EN PROVENCE TGV,30,0.125
ANGERS SAINT LAUD,ALBERTVILLE,0,0.375
ANGERS SAINT LAUD,ALBERTVILLE,1,0.26875
ANGERS SAINT LAUD,ALBERTVILLE,2,0.25625
ANGERS SAINT LAUD,ALBERTVILLE,3,0.25
ANGERS SAINT LAUD,ALBERTVILLE,4,0.24375
ANGERS SAINT LAUD,ALBERTVILLE,5,0.25625
ANGERS SAINT LAUD,ALBERTVILLE,6,0.25
ANGERS SAINT LAUD,ALBERTVILLE,7,0.25
ANGERS SAINT LAUD,ALBERTVILLE,8,0.2625
ANGERS SAINT LAUD,ALBERTVILLE,9,0.25
ANGERS SAINT LAUD,ALBERTVILLE,10,0.1375
ANGERS SAINT LAUD,ALBERTVILLE,11,0.1375
ANGERS SAINT LAUD,ALBERTVILLE,12,0.125
ANGERS SAINT LAUD,ALBERTVILLE,13,0.125
ANGERS SAINT LAUD,ALBERTVILLE,14,0.125
ANGERS SAINT LAUD,ALBERTVILLE,15,0.13125
ANGERS SAINT LAUD,ALBERTVILLE,16,0.13125
ANGERS SAINT LAUD,ALBERTVILLE,17,0.125
ANGERS SAINT LAUD,ALBERTVILLE,18,0.125
ANGERS SAINT LAUD,ALBERTVILLE,19,0.125
ANGERS SAINT LAUD,ALBERTVILLE,20,0.125
ANGERS SAINT LAUD,ALBERTVILLE,21,0.125
ANGERS SAINT LAUD,ALBERTVILLE,22,0.125
ANGERS SAINT LAUD,ALBERTVILLE,23,0.125
ANGERS SAINT LAUD,ALBERTVILLE,24,0.125
ANGERS SAINT LAUD,ALBERTVILLE,25,0.125
ANGERS SAINT LAUD,ALBERTVILLE,26,0.13125
ANGERS SAINT LAUD,ALBERTVILLE,27,0.11875
ANGERS SAINT LAUD,ALBERTVILLE,28,0.1125
ANGERS SAINT LAUD,ALBERTVILLE,29,0.0375
ANGERS SAINT LAUD,ALBERTVILLE,30,0.00625
ANGERS SAINT LAUD,AVIGNON TGV,0,0.16578947368421051
ANGERS SAINT LAUD,AVIGNON TGV,1,0.16818181818181818
ANGERS SAINT LAUD,AVIGNON TGV,2,0.14545454545454545
ANGERS SAINT LAUD,AVIGNON TGV,3,0.14537037037037037
ANGERS SAINT LAUD,AVIGNON TGV,4,0.10462962962962964
ANGERS SAINT LAUD,AVIGNON TGV,5,0.09818181818181819
ANGERS SAINT LAUD,AVIGNON TGV,6,0.11727272727272728
ANGERS SAINT LAUD,AVIGNON TGV,7,0.10535714285714286
ANGERS SAINT LAUD,AVIGNON TGV,8,0.10555555555555556
ANGERS SAINT LAUD,AVIGNON TGV,9,0.10818181818181818
ANGERS SAINT LAUD,AVIGNON TGV,10,0.10272727272727274
ANGERS SAINT LAUD,AVIGNON TGV,11,0.11636363636363636
ANGERS SAINT LAUD,AVIGNON TGV,12,0.0625
ANGERS SAINT LAUD,AVIGNON TGV,13,0.09196428571428572
ANGERS SAINT LAUD,AVIGNON TGV,14,0.10357142857142856
ANGERS SAINT LAUD,AVIGNON TGV,15,0.10833333333333332
ANGERS SAINT LAUD,AVIGNON TGV,16,0.10363636363636364
ANGERS SAINT LAUD,AVIGNON TGV,17,0.07962962962962962
ANGERS SAINT LAUD,AVIGNON TGV,18,0.07454545454545454
ANGERS SAINT LAUD,AVIGNON TGV,19,0.07272727272727272
ANGERS SAINT LAUD,AVIGNON TGV,20,0.07272727272727272
ANGERS SAINT LAUD,AVIGNON TGV,21,0.07454545454545454
ANGERS SAINT LAUD,AVIGNON TGV,22,0.08240740740740742
ANGERS SAINT LAUD,AVIGNON TGV,23,0.057272727272727274
ANGERS SAINT LAUD,AVIGNON TGV,24,0.06574074074074074
ANGERS SAINT LAUD,AVIGNON TGV,25,0.07545454545454544
ANGERS SAINT LAUD,AVIGNON TGV,26,0.08818181818181818
ANGERS SAINT LAUD,AVIGNON TGV,27,0.09090909090909091
ANGERS SAINT LAUD,AVIGNON TGV,28,0.09181818181818181
ANGERS SAINT LAUD,AVIGNON TGV,29,0.11203703703703703
ANGERS SAINT LAUD,AVIGNON TGV,30,0.022222222222222223
ANGERS SAINT LAUD,BOURG SAINT MAURICE,0,0.3625
ANGERS SAINT LAUD,BOURG SAINT MAURICE,1,0.2875
ANGERS SAINT LAUD,BOURG SAINT MAURICE,2,0.25625
ANGERS SAINT LAUD,BOURG SAINT MAURICE,3,0.26875
ANGERS SAINT LAUD,BOURG SAINT MAURICE,4,0.24375
ANGERS SAINT LAUD,BOURG SAINT MAURICE,5,0.2625
ANGERS SAINT LAUD,BOURG SAINT MAURICE,6,0.25
ANGERS SAINT LAUD,BOURG SAINT MAURICE,7,0.25
ANGERS SAINT LAUD,BOURG SAINT MAURICE,8,0.25
ANGERS SAINT LAUD,BOURG SAINT MAURICE,9,0.24375
ANGERS SAINT LAUD,BOURG SAINT MAURICE,10,0.125
ANGERS SAINT LAUD,BOURG SAINT MAURICE,11,0.13124999999999998
ANGERS SAINT LAUD,BOURG SAINT MAURICE,12,0.1375
ANGERS SAINT LAUD,BOURG SAINT MAURICE,13,0.13125
ANGERS SAINT LAUD,BOURG SAINT MAURICE,14,0.125
ANGERS SAINT LAUD,BOURG SAINT MAURICE,15,0.125
ANGERS SAINT LAUD,BOURG SAINT MAURICE,16,0.125
ANGERS SAINT LAUD,BOURG SAINT MAURICE,17,0.125
ANGERS SAINT LAUD,BOURG SAINT MAURICE,18,0.125
ANGERS SAINT LAUD,BOURG SAINT MAURICE,19,0.125
ANGERS SAINT LAUD,BOURG SAINT MAURICE,20,0.125
ANGERS SAINT LAUD,BOURG SAINT MAURICE,21,0.125
ANGERS SAINT LAUD,BOURG SAINT MAURICE,22,0.125
ANGERS SAINT LAUD,BOURG SAINT MAURICE,23,0.125
ANGERS SAINT LAUD,BOURG SAINT MAURICE,24,0.125
ANGERS SAINT LAUD,BOURG SAINT MAURICE,25,0.13125
ANGERS SAINT LAUD,BOURG SAINT MAURICE,26,0.13125
ANGERS SAINT LAUD,BOURG SAINT MAURICE,27,0.125
ANGERS SAINT LAUD,BOURG SAINT MAURICE,28,0.11875
ANGERS SAINT LAUD,BOURG SAINT MAURICE,29,0.04375
ANGERS SAINT LAUD,BOURG SAINT MAURICE,30,0.00625
ANGERS SAINT LAUD,CHAMBERY CHALLES LES EAUX,0,0.34375
ANGERS SAINT LAUD,CHAMBERY CHALLES LES EAUX,1,0.26875
ANGERS SAINT LAUD,CHAMBERY CHALLES LES EAUX,2,0.25
ANGERS SAINT LAUD,CHAMBERY CHALLES LES EAUX,3,0.25625
ANGERS SAINT LAUD,CHAMBERY CHALLES LES EAUX,4,0.25625
ANGERS SAINT LAUD,CHAMBERY CHALLES LES EAUX,5,0.25625
ANGERS SAINT LAUD,CHAMBERY CHALLES LES EAUX,6,0.25
ANGERS SAINT LAUD,CHAMBERY CHALLES LES EAUX,7,0.24375
ANGERS SAINT LAUD,CHAMBERY CHALLES LES EAUX,8,0.2375
ANGERS SAINT LAUD,CHAMBERY CHALLES LES EAUX,9,0.24375000000000002
ANGERS SAINT LAUD,CHAMBERY CHALLES LES EAUX,10,0.1375
ANGERS SAINT LAUD,CHAMBERY CHALLES LES EAUX,11,0.13125
ANGERS SAINT LAUD,CHAMBERY CHALLES LES EAUX,12,0.13125
ANGERS SAINT LAUD,CHAMBERY CHALLES LES EAUX,13,0.125
ANGERS SAINT LAUD,CHAMBERY CHALLES LES EAUX,14,0.125
ANGERS SAINT LAUD,CHAMBERY CHALLES LES EAUX,15,0.125
ANGERS SAINT LAUD,CHAMBERY CHALLES LES EAUX,16,0.125
ANGERS SAINT LAUD,CHAMBERY CHALLES LES EAUX,17,0.125
ANGERS SAINT LAUD,CHAMBERY CHALLES LES EAUX,18,0.125
ANGERS SAINT LAUD,CHAMBERY CHALLES LES EAUX,19,0.125
ANGERS SAINT LAUD,CHAMBERY CHALLES LES EAUX,20,0.125
ANGERS SAINT LAUD,CHAMBERY CHALLES LES EAUX,21,0.125
ANGERS SAINT LAUD,CHAMBERY CHALLES LES EAUX,22,0.125
ANGERS SAINT LAUD,CHAMBERY CHALLES LES EAUX,23,0.1375
ANGERS SAINT LAUD,CHAMBERY CHALLES LES EAUX,24,0.125
ANGERS SAINT LAUD,CHAMBERY CHALLES LES EAUX,25,0.125
ANGERS SAINT LAUD,CHAMBERY CHALLES LES EAUX,26,0.125
ANGERS SAINT LAUD,CHAMBERY CHALLES LES EAUX,27,0.125
ANGERS SAINT LAUD,CHAMBERY CHALLES LES EAUX,28,0.125
ANGERS SAINT LAUD,CHAMBERY CHALLES LES EAUX,29,0.0
ANGERS SAINT LAUD,CHAMBERY CHALLES LES EAUX,30,0.0
ANGERS SAINT LAUD,GRENOBLE,0,0.0
ANGERS SAINT LAUD,GRENOBLE,1,0.0
ANGERS SAINT LAUD,GRENOBLE,2,0.0
ANGERS SAINT LAUD,GRENOBLE,3,0.025
ANGERS SAINT LAUD,GRENOBLE,4,0.0
ANGERS SAINT LAUD,GRENOBLE,5,0.0
ANGERS SAINT LAUD,GRENOBLE,6,0.0
ANGERS SAINT LAUD,GRENOBLE,7,0.0
ANGERS SAINT LAUD,GRENOBLE,8,0.0
ANGERS SAINT LAUD,GRENOBLE,9,0.0
ANGERS SAINT LAUD,GRENOBLE,10,0.025
ANGERS SAINT LAUD,GRENOBLE,11,0.025
ANGERS SAINT LAUD,GRENOBLE,12,0.0
ANGERS SAINT LAUD,GRENOBLE,13,0.0
ANGERS SAINT LAUD,GRENOBLE,14,0.0
ANGERS SAINT LAUD,GRENOBLE,15,0.0
ANGERS SAINT LAUD,GRENOBLE,16,0.0
ANGERS SAINT LAUD,GRENOBLE,17,0.0
ANGERS SAINT LAUD,GRENOBLE,18,0.0
ANGERS SAINT LAUD,GRENOBLE,19,0.0
ANGERS SAINT LAUD,GRENOBLE,20,0.0
ANGERS SAINT LAUD,GRENOBLE,21,0.0
ANGERS SAINT LAUD,GRENOBLE,22,0.0
ANGERS SAINT LAUD,GRENOBLE,23,0.0
ANGERS SAINT LAUD,GRENOBLE,24,0.0
ANGERS SAINT LAUD,GRENOBLE,25,0.0
ANGERS SAINT LAUD,GRENOBLE,26,0.0
ANGERS SAINT LAUD,GRENOBLE,27,0.0
ANGERS SAINT LAUD,GRENOBLE,28,0.0
ANGERS SAINT LAUD,GRENOBLE,29,0.0
ANGERS SAINT LAUD,GRENOBLE,30,0.0
ANGERS SAINT LAUD,LANDRY,0,0.3
ANGERS SAINT LAUD,LANDRY,1,0.26875
ANGERS SAINT LAUD,LANDRY,2,0.25625
ANGERS SAINT LAUD,LANDRY,3,0.2625
ANGERS SAINT LAUD,LANDRY,4,0.25625
ANGERS SAINT LAUD,LANDRY,5,0.25625
ANGERS SAINT LAUD,LANDRY,6,0.25
ANGERS SAINT LAUD,LANDRY,7,0.25
ANGERS SAINT LAUD,LANDRY,8,0.26875
ANGERS SAINT LAUD,LANDRY,9,0.25625
ANGERS SAINT LAUD,LANDRY,10,0.15625
ANGERS SAINT LAUD,LANDRY,11,0.1375
ANGERS SAINT LAUD,LANDRY,12,0.13125
ANGERS SAINT LAUD,LANDRY,13,0.125
ANGERS SAINT LAUD,LANDRY,14,0.125
ANGERS SAINT LAUD,LANDRY,15,0.125
ANGERS SAINT LAUD,LANDRY,16,0.125
ANGERS SAINT LAUD,LANDRY,17,0.125
ANGERS SAINT LAUD,LANDRY,18,0.13125
ANGERS SAINT LAUD,LANDRY,19,0.13125
ANGERS SAINT LAUD,LANDRY,20,0.125
ANGERS SAINT LAUD,LANDRY,21,0.125
ANGERS SAINT LAUD,LANDRY,22,0.125
ANGERS SAINT LAUD,LANDRY,23,0.125
ANGERS SAINT LAUD,LANDRY,24,0.125
ANGERS SAINT LAUD,LANDRY,25,0.125
ANGERS SAINT LAUD,LANDRY,26,0.13125
ANGERS SAINT LAUD,LANDRY,27,0.125
ANGERS SAINT LAUD,LANDRY,28,0.11875
ANGERS SAINT LAUD,LANDRY,29,0.0
ANGERS SAINT LAUD,LANDRY,30,0.0
ANGERS SAINT LAUD,LE MANS,0,0.7728739002932552
ANGERS SAINT LAUD,LE MANS,1,0.782258064516129
ANGERS SAINT LAUD,LE MANS,2,0.7752923976608187
ANGERS SAINT LAUD,LE MANS,3,0.7878654970760234
ANGERS SAINT LAUD,LE MANS,4,0.6808479532163743
ANGERS SAINT LAUD,LE MANS,5,0.6792397660818714
ANGERS SAINT LAUD,LE MANS,6,0.6716374269005848
ANGERS SAINT LAUD,LE MANS,7,0.6650584795321637
ANGERS SAINT LAUD,LE MANS,8,0.6580409356725146
ANGERS SAINT LAUD,LE MANS,9,0.6564327485380117
ANGERS SAINT LAUD,LE MANS,10,0.6717836257309941
ANGERS SAINT LAUD,LE MANS,11,0.6643274853801169
ANGERS SAINT LAUD,LE MANS,12,0.5154970760233919
ANGERS SAINT LAUD,LE MANS,13,0.5067251461988305
ANGERS SAINT LAUD,LE MANS,14,0.5138888888888888
ANGERS SAINT LAUD,LE MANS,15,0.5228070175438597
ANGERS SAINT LAUD,LE MANS,16,0.5162280701754386
ANGERS SAINT LAUD,LE MANS,17,0.5226608187134503
ANGERS SAINT LAUD,LE MANS,18,0.5133040935672515
ANGERS SAINT LAUD,LE MANS,19,0.5099415204678363
ANGERS SAINT LAUD,LE MANS,20,0.5171052631578947
ANGERS SAINT LAUD,LE MANS,21,0.525438596491228
ANGERS SAINT LAUD,LE MANS,22,0.5273391812865497
ANGERS SAINT LAUD,LE MANS,23,0.5159356725146198
ANGERS SAINT LAUD,LE MANS,24,0.5210526315789473
ANGERS SAINT LAUD,LE MANS,25,0.5178362573099415
ANGERS SAINT LAUD,LE MANS,26,0.5156432748538011
ANGERS SAINT LAUD,LE MANS,27,0.5256598240469208
ANGERS SAINT LAUD,LE MANS,28,0.5312316715542522
ANGERS SAINT LAUD,LE MANS,29,0.5461764705882353
ANGERS SAINT LAUD,LE MANS,30,0.035798816568047336
ANGERS SAINT LAUD,LYON (intramuros),0,0.6652421652421653
ANGERS SAINT LAUD,LYON (intramuros),1,0.6787749287749287
ANGERS SAINT LAUD,LYON (intramuros),2,0.688778409090909
ANGERS SAINT LAUD,LYON (intramuros),3,0.6789772727272727
ANGERS SAINT LAUD,LYON (intramuros),4,0.5907670454545454
ANGERS SAINT LAUD,LYON (intramuros),5,0.5957386363636363
ANGERS SAINT LAUD,LYON (intramuros),6,0.6088068181818183
ANGERS SAINT LAUD,LYON (intramuros),7,0.6210227272727272
ANGERS SAINT LAUD,LYON (intramuros),8,0.6132102272727272
ANGERS SAINT LAUD,LYON (intramuros),9,0.6224431818181818
ANGERS SAINT LAUD,LYON (intramuros),10,0.6612215909090909
ANGERS SAINT LAUD,LYON (intramuros),11,0.6703125
ANGERS SAINT LAUD,LYON (intramuros),12,0.43139204545454546
ANGERS SAINT LAUD,LYON (intramuros),13,0.44900568181818185
ANGERS SAINT LAUD,LYON (intramuros),14,0.4607954545454545
ANGERS SAINT LAUD,LYON (intramuros),15,0.4625
ANGERS SAINT LAUD,LYON (intramuros),16,0.45625
ANGERS SAINT LAUD,LYON (intramuros),17,0.4588068181818182
ANGERS SAINT LAUD,LYON (intramuros),18,0.46264204545454546
ANGERS SAINT LAUD,LYON (intramuros),19,0.4765625
ANGERS SAINT LAUD,LYON (intramuros),20,0.49360795454545453
ANGERS SAINT LAUD,LYON (intramuros),21,0.4971590909090909
ANGERS SAINT LAUD,LYON (intramuros),22,0.49872159090909096
ANGERS SAINT LAUD,LYON (intramuros),23,0.48622159090909095
ANGERS SAINT LAUD,LYON (intramuros),24,0.4875
ANGERS SAINT LAUD,LYON (intramuros),25,0.49076704545454547
ANGERS SAINT LAUD,LYON (intramuros),26,0.4866477272727273
ANGERS SAINT LAUD,LYON (intramuros),27,0.5117897727272728
ANGERS SAINT LAUD,LYON (intramuros),28,0.5176136363636363
ANGERS SAINT LAUD,LYON (intramuros),29,0.5188920454545455
ANGERS SAINT LAUD,LYON (intramuros),30,0.052571428571428575
ANGERS SAINT LAUD,MARSEILLE ST CHARLES,0,0.17456140350877192
ANGERS SAINT LAUD,MARSEILLE ST CHARLES,1,0.17363636363636364
ANGERS SAINT LAUD,MARSEILLE ST CHARLES,2,0.13727272727272727
ANGERS SAINT LAUD,MARSEILLE ST CHARLES,3,0.15370370370370368
ANGERS SAINT LAUD,MARSEILLE ST CHARLES,4,0.10740740740740741
ANGERS SAINT LAUD,MARSEILLE ST CHARLES,5,0.10272727272727272
ANGERS SAINT LAUD,MARSEILLE ST CHARLES,6,0.12454545454545456
ANGERS SAINT LAUD,MARSEILLE ST CHARLES,7,0.10178571428571428
ANGERS SAINT LAUD,MARSEILLE ST CHARLES,8,0.09722222222222222
ANGERS SAINT LAUD,MARSEILLE ST CHARLES,9,0.10272727272727274
ANGERS SAINT LAUD,MARSEILLE ST CHARLES,10,0.10181818181818181
ANGERS SAINT LAUD,MARSEILLE ST CHARLES,11,0.11636363636363635
ANGERS SAINT LAUD,MARSEILLE ST CHARLES,12,0.06607142857142857
ANGERS SAINT LAUD,MARSEILLE ST CHARLES,13,0.08660714285714285
ANGERS SAINT LAUD,MARSEILLE ST CHARLES,14,0.10535714285714286
ANGERS SAINT LAUD,MARSEILLE ST CHARLES,15,0.11018518518518519
ANGERS SAINT LAUD,MARSEILLE ST CHARLES,16,0.1
ANGERS SAINT LAUD,MARSEILLE ST CHARLES,17,0.08240740740740742
ANGERS SAINT LAUD,MARSEILLE ST CHARLES,18,0.07545454545454545
ANGERS SAINT LAUD,MARSEILLE ST CHARLES,19,0.07363636363636364
ANGERS SAINT LAUD,MARSEILLE ST CHARLES,20,0.07363636363636364
ANGERS SAINT LAUD,MARSEILLE ST CHARLES,21,0.07363636363636364
ANGERS SAINT LAUD,MARSEILLE ST CHARLES,22,0.08333333333333333
ANGERS SAINT LAUD,MARSEILLE ST CHARLES,23,0.05818181818181818
ANGERS SAINT LAUD,MARSEILLE ST CHARLES,24,0.0712962962962963
ANGERS SAINT LAUD,MARSEILLE ST CHARLES,25,0.07727272727272727
ANGERS SAINT LAUD,MARSEILLE ST CHARLES,26,0.08
ANGERS SAINT LAUD,MARSEILLE ST CHARLES,27,0.0890909090909091
ANGERS SAINT LAUD,MARSEILLE ST CHARLES,28,0.09181818181818181
ANGERS SAINT LAUD,MARSEILLE ST CHARLES,29,0.11851851851851852
ANGERS SAINT LAUD,MARSEILLE ST CHARLES,30,0.023148148148148147
ANGERS SAINT LAUD,MASSY PALAISEAU,0,1.0
ANGERS SAINT LAUD,MASSY PALAISEAU,1,1.0
ANGERS SAINT LAUD,MASSY PALAISEAU,2,1.0
ANGERS SAINT LAUD,MASSY PALAISEAU,3,1.0
ANGERS SAINT LAUD,MASSY PALAISEAU,4,0.9666666666666667
ANGERS SAINT LAUD,MASSY PALAISEAU,5,0.75
ANGERS SAINT LAUD,MASSY PALAISEAU,6,0.9333333333333332
ANGERS SAINT LAUD,MASSY PALAISEAU,7,0.7333333333333334
ANGERS SAINT LAUD,MASSY PALAISEAU,8,0.7000000000000001
ANGERS SAINT LAUD,MASSY PALAISEAU,9,0.7000000000000001
ANGERS SAINT LAUD,MASSY PALAISEAU,10,0.7166666666666667
ANGERS SAINT LAUD,MASSY PALAISEAU,11,0.7166666666666667
ANGERS SAINT LAUD,MASSY PALAISEAU,12,0.6666666666666666
ANGERS SAINT LAUD,MASSY PALAISEAU,13,0.6666666666666666
ANGERS SAINT LAUD,MASSY PALAISEAU,14,0.6666666666666666
ANGERS SAINT LAUD,MASSY PALAISEAU,15,0.6833333333333332
ANGERS SAINT LAUD,MASSY PALAISEAU,16,0.6666666666666666
ANGERS SAINT LAUD,MASSY PALAISEAU,17,0.6833333333333332
ANGERS SAINT LAUD,MASSY PALAISEAU,18,0.6833333333333332
ANGERS SAINT LAUD,MASSY PALAISEAU,19,0.6666666666666666
ANGERS SAINT LAUD,MASSY PALAISEAU,20,0.6666666666666666
ANGERS SAINT LAUD,MASSY PALAISEAU,21,0.65
ANGERS SAINT LAUD,MASSY PALAISEAU,22,0.65
ANGERS SAINT LAUD,MASSY PALAISEAU,23,0.10000000000000002
ANGERS SAINT LAUD,MASSY PALAISEAU,24,0.06666666666666667
ANGERS SAINT LAUD,MASSY PALAISEAU,25,0.03333333333333333
ANGERS SAINT LAUD,MASSY PALAISEAU,26,0.03333333333333333
ANGERS SAINT LAUD,MASSY PALAISEAU,27,0.0
ANGERS SAINT LAUD,MASSY PALAISEAU,28,0.016666666666666666
ANGERS SAINT LAUD,MASSY PALAISEAU,29,0.25
ANGERS SAINT LAUD,MASSY PALAISEAU,30,0.016666666666666666
ANGERS SAINT LAUD,MASSY TGV,0,0.8619533527696792
ANGERS SAINT LAUD,MASSY TGV,1,0.8637026239067055
ANGERS SAINT LAUD,MASSY TGV,2,0.8486918604651162
ANGERS SAINT LAUD,MASSY TGV,3,0.8351744186046512
ANGERS SAINT LAUD,MASSY TGV,4,0.7556686046511628
ANGERS SAINT LAUD,MASSY TGV,5,0.766279069767442
ANGERS SAINT LAUD,MASSY TGV,6,0.776453488372093
ANGERS SAINT LAUD,MASSY TGV,7,0.7873546511627908
ANGERS SAINT LAUD,MASSY TGV,8,0.7625000000000001
ANGERS SAINT LAUD,MASSY TGV,9,0.767732558139535
ANGERS SAINT LAUD,MASSY TGV,10,0.7748546511627907
ANGERS SAINT LAUD,MASSY TGV,11,0.779796511627907
ANGERS SAINT LAUD,MASSY TGV,12,0.5802325581395349
ANGERS SAINT LAUD,MASSY TGV,13,0.587063953488372
ANGERS SAINT LAUD,MASSY TGV,14,0.5877906976744186
ANGERS SAINT LAUD,MASSY TGV,15,0.5859011627906977
ANGERS SAINT LAUD,MASSY TGV,16,0.5793604651162791
ANGERS SAINT LAUD,MASSY TGV,17,0.5789244186046512
ANGERS SAINT LAUD,MASSY TGV,18,0.5837209302325582
ANGERS SAINT LAUD,MASSY TGV,19,0.587063953488372
ANGERS SAINT LAUD,MASSY TGV,20,0.5816860465116279
ANGERS SAINT LAUD,MASSY TGV,21,0.584593023255814
ANGERS SAINT LAUD,MASSY TGV,22,0.5805232558139535
ANGERS SAINT LAUD,MASSY TGV,23,0.5739825581395348
ANGERS SAINT LAUD,MASSY TGV,24,0.5803779069767442
ANGERS SAINT LAUD,MASSY TGV,25,0.5768895348837209
ANGERS SAINT LAUD,MASSY TGV,26,0.5719476744186046
ANGERS SAINT LAUD,MASSY TGV,27,0.5872093023255814
ANGERS SAINT LAUD,MASSY TGV,28,0.5844476744186047
ANGERS SAINT LAUD,MASSY TGV,29,0.5773255813953488
ANGERS SAINT LAUD,MASSY TGV,30,0.04371345029239766
ANGERS SAINT LAUD,MODANE,0,0.0
ANGERS SAINT LAUD,MODANE,1,0.0
ANGERS SAINT LAUD,MODANE,2,0.0
ANGERS SAINT LAUD,MODANE,3,0.0
ANGERS SAINT LAUD,MODANE,4,0.0
ANGERS SAINT LAUD,MODANE,5,0.0
ANGERS SAINT LAUD,MODANE,6,0.0
ANGERS SAINT LAUD,MODANE,7,0.0
ANGERS SAINT LAUD,MODANE,8,0.0
ANGERS SAINT LAUD,MODANE,9,0.0
ANGERS SAINT LAUD,MODANE,10,0.0
ANGERS SAINT LAUD,MODANE,11,0.0
ANGERS SAINT LAUD,MODANE,12,0.0
ANGERS SAINT LAUD,MODANE,13,0.05
ANGERS SAINT LAUD,MODANE,14,0.05
ANGERS SAINT LAUD,MODANE,15,0.0
ANGERS SAINT LAUD,MODANE,16,0.0
ANGERS SAINT LAUD,MODANE,17,0.0
ANGERS SAINT LAUD,MODANE,18,0.0
ANGERS SAINT LAUD,MODANE,19,0.0
ANGERS SAINT LAUD,MODANE,20,0.0
ANGERS SAINT LAUD,MODANE,21,0.0
ANGERS SAINT LAUD,MODANE,22,0.0
ANGERS SAINT LAUD,MODANE,23,0.0
ANGERS SAINT LAUD,MODANE,24,0.0
ANGERS SAINT LAUD,MODANE,25,0.0
ANGERS SAINT LAUD,MODANE,26,0.0
ANGERS SAINT LAUD,MODANE,27,0.0
ANGERS SAINT LAUD,MODANE,28,0.0
ANGERS SAINT LAUD,MODANE,29,0.0
ANGERS SAINT LAUD,MODANE,30,0.0
ANGERS SAINT LAUD,MONTPELLIER SUD DE FRANCE,0,0.3932748538011696
ANGERS SAINT LAUD,MONTPELLIER SUD DE FRANCE,1,0.39970760233918123
ANGERS SAINT LAUD,MONTPELLIER SUD DE FRANCE,2,0.3981049562682216
ANGERS SAINT LAUD,MONTPELLIER SUD DE FRANCE,3,0.4112244897959184
ANGERS SAINT LAUD,MONTPELLIER SUD DE FRANCE,4,0.3021865889212828
ANGERS SAINT LAUD,MONTPELLIER SUD DE FRANCE,5,0.3106413994169096
ANGERS SAINT LAUD,MONTPELLIER SUD DE FRANCE,6,0.3338192419825073
ANGERS SAINT LAUD,MONTPELLIER SUD DE FRANCE,7,0.35174927113702625
ANGERS SAINT LAUD,MONTPELLIER SUD DE FRANCE,8,0.3408163265306123
ANGERS SAINT LAUD,MONTPELLIER SUD DE FRANCE,9,0.3450437317784256
ANGERS SAINT LAUD,MONTPELLIER SUD DE FRANCE,10,0.37317784256559766
ANGERS SAINT LAUD,MONTPELLIER SUD DE FRANCE,11,0.3787172011661808
ANGERS SAINT LAUD,MONTPELLIER SUD DE FRANCE,12,0.11253644314868805
ANGERS SAINT LAUD,MONTPELLIER SUD DE FRANCE,13,0.1185131195335277
ANGERS SAINT LAUD,MONTPELLIER SUD DE FRANCE,14,0.12201166180758018
ANGERS SAINT LAUD,MONTPELLIER SUD DE FRANCE,15,0.1119533527696793
ANGERS SAINT LAUD,MONTPELLIER SUD DE FRANCE,16,0.1010204081632653
ANGERS SAINT LAUD,MONTPELLIER SUD DE FRANCE,17,0.09854227405247813
ANGERS SAINT LAUD,MONTPELLIER SUD DE FRANCE,18,0.11749271137026238
ANGERS SAINT LAUD,MONTPELLIER SUD DE FRANCE,19,0.12448979591836735
ANGERS SAINT LAUD,MONTPELLIER SUD DE FRANCE,20,0.11909620991253644
ANGERS SAINT LAUD,MONTPELLIER SUD DE FRANCE,21,0.12361516034985422
ANGERS SAINT LAUD,MONTPELLIER SUD DE FRANCE,22,0.11880466472303207
ANGERS SAINT LAUD,MONTPELLIER SUD DE FRANCE,23,0.1279883381924198
ANGERS SAINT LAUD,MONTPELLIER SUD DE FRANCE,24,0.12492711370262391
ANGERS SAINT LAUD,MONTPELLIER SUD DE FRANCE,25,0.12099125364431487
ANGERS SAINT LAUD,MONTPELLIER SUD DE FRANCE,26,0.11749271137026238
ANGERS SAINT LAUD,MONTPELLIER SUD DE FRANCE,27,0.12084548104956269
ANGERS SAINT LAUD,MONTPELLIER SUD DE FRANCE,28,0.12215743440233236
ANGERS SAINT LAUD,MONTPELLIER SUD DE FRANCE,29,0.1108187134502924
ANGERS SAINT LAUD,MONTPELLIER SUD DE FRANCE,30,0.014705882352941176
ANGERS SAINT LAUD,MOUTIERS SALINS BRIDES LES BAINS,0,0.35625
ANGERS SAINT LAUD,MOUTIERS SALINS BRIDES LES BAINS,1,0.27499999999999997
ANGERS SAINT LAUD,MOUTIERS SALINS BRIDES LES BAINS,2,0.2625
ANGERS SAINT LAUD,MOUTIERS SALINS BRIDES LES BAINS,3,0.275
ANGERS SAINT LAUD,MOUTIERS SALINS BRIDES LES BAINS,4,0.25625
ANGERS SAINT LAUD,MOUTIERS SALINS BRIDES LES BAINS,5,0.25
ANGERS SAINT LAUD,MOUTIERS SALINS BRIDES LES BAINS,6,0.25
ANGERS SAINT LAUD,MOUTIERS SALINS BRIDES LES BAINS,7,0.25
ANGERS SAINT LAUD,MOUTIERS SALINS BRIDES LES BAINS,8,0.25
ANGERS SAINT LAUD,MOUTIERS SALINS BRIDES LES BAINS,9,0.2375
ANGERS SAINT LAUD,MOUTIERS SALINS BRIDES LES BAINS,10,0.1375
ANGERS SAINT LAUD,MOUTIERS SALINS BRIDES LES BAINS,11,0.1375
ANGERS SAINT LAUD,MOUTIERS SALINS BRIDES LES BAINS,12,0.1375
ANGERS SAINT LAUD,MOUTIERS SALINS BRIDES LES BAINS,13,0.125
ANGERS SAINT LAUD,MOUTIERS SALINS BRIDES LES BAINS,14,0.125
ANGERS SAINT LAUD,MOUTIERS SALINS BRIDES LES BAINS,15,0.13125
ANGERS SAINT LAUD,MOUTIERS SALINS BRIDES LES BAINS,16,0.13125
ANGERS SAINT LAUD,MOUTIERS SALINS BRIDES LES BAINS,17,0.125
ANGERS SAINT LAUD,MOUTIERS SALINS BRIDES LES BAINS,18,0.125
ANGERS SAINT LAUD,MOUTIERS SALINS BRIDES LES BAINS,19,0.125
ANGERS SAINT LAUD,MOUTIERS SALINS BRIDES LES BAINS,20,0.125
ANGERS SAINT LAUD,MOUTIERS SALINS BRIDES LES BAINS,21,0.125
ANGERS SAINT LAUD,MOUTIERS SALINS BRIDES LES BAINS,22,0.125
ANGERS SAINT LAUD,MOUTIERS SALINS BRIDES LES BAINS,23,0.125
ANGERS SAINT LAUD,MOUTIERS SALINS BRIDES LES BAINS,24,0.125
ANGERS SAINT LAUD,MOUTIERS SALINS BRIDES LES BAINS,25,0.125
ANGERS SAINT LAUD,MOUTIERS SALINS BRIDES LES BAINS,26,0.13125
ANGERS SAINT LAUD,MOUTIERS SALINS BRIDES LES BAINS,27,0.13125
ANGERS SAINT LAUD,MOUTIERS SALINS BRIDES LES BAINS,28,0.11875
ANGERS SAINT LAUD,MOUTIERS SALINS BRIDES LES BAINS,29,0.049999999999999996
ANGERS SAINT LAUD,MOUTIERS SALINS BRIDES LES BAINS,30,0.0
ANGERS SAINT LAUD,NIMES PONT DU GARD,0,0.39108187134502925
ANGERS SAINT LAUD,NIMES PONT DU GARD,1,0.3915204678362573
ANGERS SAINT LAUD,NIMES PONT DU GARD,2,0.39664723032069976
ANGERS SAINT LAUD,NIMES PONT DU GARD,3,0.4055393586005831
ANGERS SAINT LAUD,NIMES PONT DU GARD,4,0.30903790087463556
ANGERS SAINT LAUD,NIMES PONT DU GARD,5,0.3110787172011662
ANGERS SAINT LAUD,NIMES PONT DU GARD,6,0.3313411078717201
ANGERS SAINT LAUD,NIMES PONT DU GARD,7,0.35189504373177843
ANGERS SAINT LAUD,NIMES PONT DU GARD,8,0.3392128279883382
ANGERS SAINT LAUD,NIMES PONT DU GARD,9,0.3457725947521866
ANGERS SAINT LAUD,NIMES PONT DU GARD,10,0.37798833819241984
ANGERS SAINT LAUD,NIMES PONT DU GARD,11,0.3800291545189504
ANGERS SAINT LAUD,NIMES PONT DU GARD,12,0.1164723032069971
ANGERS SAINT LAUD,NIMES PONT DU GARD,13,0.11778425655976676
ANGERS SAINT LAUD,NIMES PONT DU GARD,14,0.1230320699708455
ANGERS SAINT LAUD,NIMES PONT DU GARD,15,0.11268221574344023
ANGERS SAINT LAUD,NIMES PONT DU GARD,16,0.10247813411078717
ANGERS SAINT LAUD,NIMES PONT DU GARD,17,0.10029154518950437
ANGERS SAINT LAUD,NIMES PONT DU GARD,18,0.11632653061224489
ANGERS SAINT LAUD,NIMES PONT DU GARD,19,0.12565597667638484
ANGERS SAINT LAUD,NIMES PONT DU GARD,20,0.11880466472303207
ANGERS SAINT LAUD,NIMES PONT DU GARD,21,0.12026239067055394
ANGERS SAINT LAUD,NIMES PONT DU GARD,22,0.11895043731778425
ANGERS SAINT LAUD,NIMES PONT DU GARD,23,0.12871720116618077
ANGERS SAINT LAUD,NIMES PONT DU GARD,24,0.12317784256559766
ANGERS SAINT LAUD,NIMES PONT DU GARD,25,0.11982507288629737
ANGERS SAINT LAUD,NIMES PONT DU GARD,26,0.11734693877551021
ANGERS SAINT LAUD,NIMES PONT DU GARD,27,0.1227405247813411
ANGERS SAINT LAUD,NIMES PONT DU GARD,28,0.12244897959183673
ANGERS SAINT LAUD,NIMES PONT DU GARD,29,0.11154970760233918
ANGERS SAINT LAUD,NIMES PONT DU GARD,30,0.01779411764705882
ANGERS SAINT LAUD,SAINT AVRE LA CHAMBRE,0,0.05
ANGERS SAINT LAUD,SAINT AVRE LA CHAMBRE,1,0.0
ANGERS SAINT LAUD,SAINT AVRE LA CHAMBRE,2,0.0
ANGERS SAINT LAUD,SAINT AVRE LA CHAMBRE,3,0.0
ANGERS SAINT LAUD,SAINT AVRE LA CHAMBRE,4,0.0
ANGERS SAINT LAUD,SAINT AVRE LA CHAMBRE,5,0.0
ANGERS SAINT LAUD,SAINT AVRE LA CHAMBRE,6,0.0
ANGERS SAINT LAUD,SAINT AVRE LA CHAMBRE,7,0.0
ANGERS SAINT LAUD,SAINT AVRE LA CHAMBRE,8,0.0
ANGERS SAINT LAUD,SAINT AVRE LA CHAMBRE,9,0.0
ANGERS SAINT LAUD,SAINT AVRE LA CHAMBRE,10,0.0
ANGERS SAINT LAUD,SAINT AVRE LA CHAMBRE,11,0.0
ANGERS SAINT LAUD,SAINT AVRE LA CHAMBRE,12,0.0
ANGERS SAINT LAUD,SAINT AVRE LA CHAMBRE,13,0.0
ANGERS SAINT LAUD,SAINT AVRE LA CHAMBRE,14,0.0
ANGERS SAINT LAUD,SAINT AVRE LA CHAMBRE,15,0.0
ANGERS SAINT LAUD,SAINT AVRE LA CHAMBRE,16,0.0
ANGERS SAINT LAUD,SAINT AVRE LA CHAMBRE,17,0.0
ANGERS SAINT LAUD,SAINT AVRE LA CHAMBRE,18,0.0
ANGERS SAINT LAUD,SAINT AVRE LA CHAMBRE,19,0.0
ANGERS SAINT LAUD,SAINT AVRE LA CHAMBRE,20,0.0
ANGERS SAINT LAUD,SAINT AVRE LA CHAMBRE,21,0.0
ANGERS SAINT LAUD,SAINT AVRE LA CHAMBRE,22,0.0
ANGERS SAINT LAUD,SAINT AVRE LA CHAMBRE,23,0.0
ANGERS SAINT LAUD,SAINT AVRE LA CHAMBRE,24,0.05
ANGERS SAINT LAUD,SAINT AVRE LA CHAMBRE,25,0.0
ANGERS SAINT LAUD,SAINT AVRE LA CHAMBRE,26,0.0
ANGERS SAINT LAUD,SAINT AVRE LA CHAMBRE,27,0.0
ANGERS SAINT LAUD,SAINT AVRE LA CHAMBRE,28,0.0
ANGERS SAINT LAUD,SAINT AVRE LA CHAMBRE,29,0.0
ANGERS SAINT LAUD,SAINT AVRE LA CHAMBRE,30,0.0
ANGERS SAINT LAUD,SAUMUR,0,0.7959752321981425
ANGERS SAINT LAUD,SAUMUR,1,0.8054012345679012
ANGERS SAINT LAUD,SAUMUR,2,0.8166153846153845
ANGERS SAINT LAUD,SAUMUR,3,0.8203076923076924
ANGERS SAINT LAUD,SAUMUR,4,0.7083076923076923
ANGERS SAINT LAUD,SAUMUR,5,0.6992307692307692
ANGERS SAINT LAUD,SAUMUR,6,0.6852307692307692
ANGERS SAINT LAUD,SAUMUR,7,0.6958461538461539
ANGERS SAINT LAUD,SAUMUR,8,0.6807692307692308
ANGERS SAINT LAUD,SAUMUR,9,0.6561538461538462
ANGERS SAINT LAUD,SAUMUR,10,0.6363076923076924
ANGERS SAINT LAUD,SAUMUR,11,0.616
ANGERS SAINT LAUD,SAUMUR,12,0.3507692307692308
ANGERS SAINT LAUD,SAUMUR,13,0.3412307692307692
ANGERS SAINT LAUD,SAUMUR,14,0.33015384615384613
ANGERS SAINT LAUD,SAUMUR,15,0.3286153846153846
ANGERS SAINT LAUD,SAUMUR,16,0.3209230769230769
ANGERS SAINT LAUD,SAUMUR,17,0.31446153846153846
ANGERS SAINT LAUD,SAUMUR,18,0.3049230769230769
ANGERS SAINT LAUD,SAUMUR,19,0.29012345679012347
ANGERS SAINT LAUD,SAUMUR,20,0.29228395061728396
ANGERS SAINT LAUD,SAUMUR,21,0.28580246913580243
ANGERS SAINT LAUD,SAUMUR,22,0.2867692307692308
ANGERS SAINT LAUD,SAUMUR,23,0.2826153846153846
ANGERS SAINT LAUD,SAUMUR,24,0.27546296296296297
ANGERS SAINT LAUD,SAUMUR,25,0.27175925925925926
ANGERS SAINT LAUD,SAUMUR,26,0.2558823529411765
ANGERS SAINT LAUD,SAUMUR,27,0.25417956656346746
ANGERS SAINT LAUD,SAUMUR,28,0.25247678018575853
ANGERS SAINT LAUD,SAUMUR,29,0.2464506172839506
ANGERS SAINT LAUD,SAUMUR,30,0.02748447204968944
ANGERS SAINT LAUD,ST JEAN DE MAURIENNE ARVAN,0,0.0
ANGERS SAINT LAUD,ST JEAN DE MAURIENNE ARVAN,1,0.05
ANGERS SAINT LAUD,ST JEAN DE MAURIENNE ARVAN,2,0.0
ANGERS SAINT LAUD,ST JEAN DE MAURIENNE ARVAN,3,0.0
ANGERS SAINT LAUD,ST JEAN DE MAURIENNE ARVAN,4,0.0
ANGERS SAINT LAUD,ST JEAN DE MAURIENNE ARVAN,5,0.0
ANGERS SAINT LAUD,ST JEAN DE MAURIENNE ARVAN,6,0.0
ANGERS SAINT LAUD,ST JEAN DE MAURIENNE ARVAN,7,0.0
ANGERS SAINT LAUD,ST JEAN DE MAURIENNE ARVAN,8,0.0
ANGERS SAINT LAUD,ST JEAN DE MAURIENNE ARVAN,9,0.0
ANGERS SAINT LAUD,ST JEAN DE MAURIENNE ARVAN,10,0.0
ANGERS SAINT LAUD,ST JEAN DE MAURIENNE ARVAN,11,0.0
ANGERS SAINT LAUD,ST JEAN DE MAURIENNE ARVAN,12,0.0
ANGERS SAINT LAUD,ST JEAN DE MAURIENNE ARVAN,13,0.05
ANGERS SAINT LAUD,ST JEAN DE MAURIENNE ARVAN,14,0.0
ANGERS SAINT LAUD,ST JEAN DE MAURIENNE ARVAN,15,0.0
ANGERS SAINT LAUD,ST JEAN DE MAURIENNE ARVAN,16,0.0
ANGERS SAINT LAUD,ST JEAN DE MAURIENNE ARVAN,17,0.0
ANGERS SAINT LAUD,ST JEAN DE MAURIENNE ARVAN,18,0.0
ANGERS SAINT LAUD,ST JEAN DE MAURIENNE ARVAN,19,0.0
ANGERS SAINT LAUD,ST JEAN DE MAURIENNE ARVAN,20,0.0
ANGERS SAINT LAUD,ST JEAN DE MAURIENNE ARVAN,21,0.0
ANGERS SAINT LAUD,ST JEAN DE MAURIENNE ARVAN,22,0.0
ANGERS SAINT LAUD,ST JEAN DE MAURIENNE ARVAN,23,0.0
ANGERS SAINT LAUD,ST JEAN DE MAURIENNE ARVAN,24,0.0
ANGERS SAINT LAUD,ST JEAN DE MAURIENNE ARVAN,25,0.0
ANGERS SAINT LAUD,ST JEAN DE MAURIENNE ARVAN,26,0.0
ANGERS SAINT LAUD,ST JEAN DE MAURIENNE ARVAN,27,0.0
ANGERS SAINT LAUD,ST JEAN DE MAURIENNE ARVAN,28,0.0
ANGERS SAINT LAUD,ST JEAN DE MAURIENNE ARVAN,29,0.0
ANGERS SAINT LAUD,ST JEAN DE MAURIENNE ARVAN,30,0.0
ANGERS SAINT LAUD,ST MICHEL VALLOIRE,0,0.05
ANGERS SAINT LAUD,ST MICHEL VALLOIRE,1,0.0
ANGERS SAINT LAUD,ST MICHEL VALLOIRE,2,0.0
ANGERS SAINT LAUD,ST MICHEL VALLOIRE,3,0.0
ANGERS SAINT LAUD,ST MICHEL VALLOIRE,4,0.0
ANGERS SAINT LAUD,ST MICHEL VALLOIRE,5,0.0
ANGERS SAINT LAUD,ST MICHEL VALLOIRE,6,0.0
ANGERS SAINT LAUD,ST MICHEL VALLOIRE,7,0.0
ANGERS SAINT LAUD,ST MICHEL VALLOIRE,8,0.0
ANGERS SAINT LAUD,ST MICHEL VALLOIRE,9,0.0
ANGERS SAINT LAUD,ST MICHEL VALLOIRE,10,0.0
ANGERS SAINT LAUD,ST MICHEL VALLOIRE,11,0.0
ANGERS SAINT LAUD,ST MICHEL VALLOIRE,12,0.0
ANGERS SAINT LAUD,ST MICHEL VALLOIRE,13,0.05
ANGERS SAINT LAUD,ST MICHEL VALLOIRE,14,0.0
ANGERS SAINT LAUD,ST MICHEL VALLOIRE,15,0.0
ANGERS SAINT LAUD,ST MICHEL VALLOIRE,16,0.0
ANGERS SAINT LAUD,ST MICHEL VALLOIRE,17,0.0
ANGERS SAINT LAUD,ST MICHEL VALLOIRE,18,0.0
ANGERS SAINT LAUD,ST MICHEL VALLOIRE,19,0.0
ANGERS SAINT LAUD,ST MICHEL VALLOIRE,20,0.0
ANGERS SAINT LAUD,ST MICHEL VALLOIRE,21,0.0
ANGERS SAINT LAUD,ST MICHEL VALLOIRE,22,0.0
ANGERS SAINT LAUD,ST MICHEL VALLOIRE,23,0.0
ANGERS SAINT LAUD,ST MICHEL VALLOIRE,24,0.05
ANGERS SAINT LAUD,ST MICHEL VALLOIRE,25,0.0
ANGERS SAINT LAUD,ST MICHEL VALLOIRE,26,0.0
ANGERS SAINT LAUD,ST MICHEL VALLOIRE,27,0.0
ANGERS SAINT LAUD,ST MICHEL VALLOIRE,28,0.0
ANGERS SAINT LAUD,ST MICHEL VALLOIRE,29,0.0
ANGERS SAINT LAUD,ST MICHEL VALLOIRE,30,0.0
ANGERS SAINT LAUD,ST PIERRE DES CORPS,0,0.9618343195266272
ANGERS SAINT LAUD,ST PIERRE DES CORPS,1,0.9621301775147929
ANGERS SAINT LAUD,ST PIERRE DES CORPS,2,0.9594395280235988
ANGERS SAINT LAUD,ST PIERRE DES CORPS,3,0.9595870206489676
ANGERS SAINT LAUD,ST PIERRE DES CORPS,4,0.937905604719764
ANGERS SAINT LAUD,ST PIERRE DES CORPS,5,0.9374631268436578
ANGERS SAINT LAUD,ST PIERRE DES CORPS,6,0.9293510324483776
ANGERS SAINT LAUD,ST PIERRE DES CORPS,7,0.9235988200589971
ANGERS SAINT LAUD,ST PIERRE DES CORPS,8,0.9144542772861357
ANGERS SAINT LAUD,ST PIERRE DES CORPS,9,0.9084070796460176
ANGERS SAINT LAUD,ST PIERRE DES CORPS,10,0.8988200589970501
ANGERS SAINT LAUD,ST PIERRE DES CORPS,11,0.8886430678466076
ANGERS SAINT LAUD,ST PIERRE DES CORPS,12,0.6148967551622418
ANGERS SAINT LAUD,ST PIERRE DES CORPS,13,0.5910029498525073
ANGERS SAINT LAUD,ST PIERRE DES CORPS,14,0.5607669616519174
ANGERS SAINT LAUD,ST PIERRE DES CORPS,15,0.5517699115044248
ANGERS SAINT LAUD,ST PIERRE DES CORPS,16,0.5398230088495575
ANGERS SAINT LAUD,ST PIERRE DES CORPS,17,0.5234513274336283
ANGERS SAINT LAUD,ST PIERRE DES CORPS,18,0.5174041297935104
ANGERS SAINT LAUD,ST PIERRE DES CORPS,19,0.503834808259587
ANGERS SAINT LAUD,ST PIERRE DES CORPS,20,0.5019174041297936
ANGERS SAINT LAUD,ST PIERRE DES CORPS,21,0.49734513274336284
ANGERS SAINT LAUD,ST PIERRE DES CORPS,22,0.4786135693215339
ANGERS SAINT LAUD,ST PIERRE DES CORPS,23,0.4607669616519174
ANGERS SAINT LAUD,ST PIERRE DES CORPS,24,0.4581120943952803
ANGERS SAINT LAUD,ST PIERRE DES CORPS,25,0.4445427728613569
ANGERS SAINT LAUD,ST PIERRE DES CORPS,26,0.43200589970501474
ANGERS SAINT LAUD,ST PIERRE DES CORPS,27,0.423598820058997
ANGERS SAINT LAUD,ST PIERRE DES CORPS,28,0.4215339233038348
ANGERS SAINT LAUD,ST PIERRE DES CORPS,29,0.4004424778761062
ANGERS SAINT LAUD,ST PIERRE DES CORPS,30,0.060979228486646886
ANGERS SAINT LAUD,VALENCE TGV AUVERGNE RHONE ALPES,0,0.3839595375722543
ANGERS SAINT LAUD,VALENCE TGV AUVERGNE RHONE ALPES,1,0.3956647398843931
ANGERS SAINT LAUD,VALENCE TGV AUVERGNE RHONE ALPES,2,0.4072046109510087
ANGERS SAINT LAUD,VALENCE TGV AUVERGNE RHONE ALPES,3,0.41829971181556197
ANGERS SAINT LAUD,VALENCE TGV AUVERGNE RHONE ALPES,4,0.32132564841498557
ANGERS SAINT LAUD,VALENCE TGV AUVERGNE RHONE ALPES,5,0.3246397694524496
ANGERS SAINT LAUD,VALENCE TGV AUVERGNE RHONE ALPES,6,0.3402017291066282
ANGERS SAINT LAUD,VALENCE TGV AUVERGNE RHONE ALPES,7,0.3399135446685879
ANGERS SAINT LAUD,VALENCE TGV AUVERGNE RHONE ALPES,8,0.3305475504322767
ANGERS SAINT LAUD,VALENCE TGV AUVERGNE RHONE ALPES,9,0.32968299711815563
ANGERS SAINT LAUD,VALENCE TGV AUVERGNE RHONE ALPES,10,0.3618155619596542
ANGERS SAINT LAUD,VALENCE TGV AUVERGNE RHONE ALPES,11,0.3760806916426513
ANGERS SAINT LAUD,VALENCE TGV AUVERGNE RHONE ALPES,12,0.1213256484149856
ANGERS SAINT LAUD,VALENCE TGV AUVERGNE RHONE ALPES,13,0.1255043227665706
ANGERS SAINT LAUD,VALENCE TGV AUVERGNE RHONE ALPES,14,0.13631123919308358
ANGERS SAINT LAUD,VALENCE TGV AUVERGNE RHONE ALPES,15,0.1288184438040346
ANGERS SAINT LAUD,VALENCE TGV AUVERGNE RHONE ALPES,16,0.11801152737752162
ANGERS SAINT LAUD,VALENCE TGV AUVERGNE RHONE ALPES,17,0.11311239193083573
ANGERS SAINT LAUD,VALENCE TGV AUVERGNE RHONE ALPES,18,0.12636887608069164
ANGERS SAINT LAUD,VALENCE TGV AUVERGNE RHONE ALPES,19,0.1335734870317003
ANGERS SAINT LAUD,VALENCE TGV AUVERGNE RHONE ALPES,20,0.1269452449567723
ANGERS SAINT LAUD,VALENCE TGV AUVERGNE RHONE ALPES,21,0.13126801152737752
ANGERS SAINT LAUD,VALENCE TGV AUVERGNE RHONE ALPES,22,0.13213256484149857
ANGERS SAINT LAUD,VALENCE TGV AUVERGNE RHONE ALPES,23,0.13746397694524495
ANGERS SAINT LAUD,VALENCE TGV AUVERGNE RHONE ALPES,24,0.13270893371757925
ANGERS SAINT LAUD,VALENCE TGV AUVERGNE RHONE ALPES,25,0.12910662824207492
ANGERS SAINT LAUD,VALENCE TGV AUVERGNE RHONE ALPES,26,0.12853025936599424
ANGERS SAINT LAUD,VALENCE TGV AUVERGNE RHONE ALPES,27,0.13270893371757925
ANGERS SAINT LAUD,VALENCE TGV AUVERGNE RHONE ALPES,28,0.1340057636887608
ANGERS SAINT LAUD,VALENCE TGV AUVERGNE RHONE ALPES,29,0.125
ANGERS SAINT LAUD,VALENCE TGV AUVERGNE RHONE ALPES,30,0.02252906976744186
ANGERS SAINT LAUD,VALENCE VILLE,0,0.0
ANGERS SAINT LAUD,VALENCE VILLE,1,0.0
ANGERS SAINT LAUD,VALENCE VILLE,2,0.0
ANGERS SAINT LAUD,VALENCE VILLE,3,0.0
ANGERS SAINT LAUD,VALENCE VILLE,4,0.0
ANGERS SAINT LAUD,VALENCE VILLE,5,0.0
ANGERS SAINT LAUD,VALENCE VILLE,6,0.0
ANGERS SAINT LAUD,VALENCE VILLE,7,0.0
ANGERS SAINT LAUD,VALENCE VILLE,8,0.05
ANGERS SAINT LAUD,VALENCE VILLE,9,0.05
ANGERS SAINT LAUD,VALENCE VILLE,10,0.05
ANGERS SAINT LAUD,VALENCE VILLE,11,0.05
ANGERS SAINT LAUD,VALENCE VILLE,12,0.0
ANGERS SAINT LAUD,VALENCE VILLE,13,0.0
ANGERS SAINT LAUD,VALENCE VILLE,14,0.0
ANGERS SAINT LAUD,VALENCE VILLE,15,0.0
ANGERS SAINT LAUD,VALENCE VILLE,16,0.0
ANGERS SAINT LAUD,VALENCE VILLE,17,0.0
ANGERS SAINT LAUD,VALENCE VILLE,18,0.0
ANGERS SAINT LAUD,VALENCE VILLE,19,0.0
ANGERS SAINT LAUD,VALENCE VILLE,20,0.0
ANGERS SAINT LAUD,VALENCE VILLE,21,0.0
ANGERS SAINT LAUD,VALENCE VILLE,22,0.0
ANGERS SAINT LAUD,VALENCE VILLE,23,0.0
ANGERS SAINT LAUD,VALENCE VILLE,24,0.0
ANGERS SAINT LAUD,VALENCE VILLE,25,0.05
ANGERS SAINT LAUD,VALENCE VILLE,26,0.0
ANGERS SAINT LAUD,VALENCE VILLE,27,0.0
ANGERS SAINT LAUD,VALENCE VILLE,28,0.0
ANGERS SAINT LAUD,VALENCE VILLE,29,0.05
ANGERS SAINT LAUD,VALENCE VILLE,30,0.0
ANGERS SAINT LAUD,VERSAILLES CHANTIERS,0,0.82
ANGERS SAINT LAUD,VERSAILLES CHANTIERS,1,0.82
ANGERS SAINT LAUD,VERSAILLES CHANTIERS,2,0.8300000000000001
ANGERS SAINT LAUD,VERSAILLES CHANTIERS,3,0.9400000000000001
ANGERS SAINT LAUD,VERSAILLES CHANTIERS,4,0.6
ANGERS SAINT LAUD,VERSAILLES CHANTIERS,5,0.58
ANGERS SAINT LAUD,VERSAILLES CHANTIERS,6,0.58
ANGERS SAINT LAUD,VERSAILLES CHANTIERS,7,0.41
ANGERS SAINT LAUD,VERSAILLES CHANTIERS,8,0.52
ANGERS SAINT LAUD,VERSAILLES CHANTIERS,9,0.6
ANGERS SAINT LAUD,VERSAILLES CHANTIERS,10,0.5
ANGERS SAINT LAUD,VERSAILLES CHANTIERS,11,0.62
ANGERS SAINT LAUD,VERSAILLES CHANTIERS,12,0.37
ANGERS SAINT LAUD,VERSAILLES CHANTIERS,13,0.5900000000000001
ANGERS SAINT LAUD,VERSAILLES CHANTIERS,14,0.77
ANGERS SAINT LAUD,VERSAILLES CHANTIERS,15,0.79
ANGERS SAINT LAUD,VERSAILLES CHANTIERS,16,0.7
ANGERS SAINT LAUD,VERSAILLES CHANTIERS,17,0.45999999999999996
ANGERS SAINT LAUD,VERSAILLES CHANTIERS,18,0.41
ANGERS SAINT LAUD,VERSAILLES CHANTIERS,19,0.41
ANGERS SAINT LAUD,VERSAILLES CHANTIERS,20,0.42000000000000004
ANGERS SAINT LAUD,VERSAILLES CHANTIERS,21,0.44000000000000006
ANGERS SAINT LAUD,VERSAILLES CHANTIERS,22,0.5700000000000001
ANGERS SAINT LAUD,VERSAILLES CHANTIERS,23,0.65
ANGERS SAINT LAUD,VERSAILLES CHANTIERS,24,0.74
ANGERS SAINT LAUD,VERSAILLES CHANTIERS,25,0.8099999999999999
ANGERS SAINT LAUD,VERSAILLES CHANTIERS,26,0.95
ANGERS SAINT LAUD,VERSAILLES CHANTIERS,27,0.9800000000000001
ANGERS SAINT LAUD,VERSAILLES CHANTIERS,28,0.96
ANGERS SAINT LAUD,VERSAILLES CHANTIERS,29,0.95
ANGERS SAINT LAUD,VERSAILLES CHANTIERS,30,0.17
AURAY,ANGERS SAINT LAUD,0,0.0
AURAY,ANGERS SAINT LAUD,1,0.0
AURAY,ANGERS SAINT LAUD,2,0.0
AURAY,ANGERS SAINT LAUD,3,0.0
AURAY,ANGERS SAINT LAUD,4,0.0
AURAY,ANGERS SAINT LAUD,5,0.0
AURAY,ANGERS SAINT LAUD,6,0.0
AURAY,ANGERS SAINT LAUD,7,0.0
AURAY,ANGERS SAINT LAUD,8,0.0
AURAY,ANGERS SAINT LAUD,9,0.0
AURAY,ANGERS SAINT LAUD,10,0.0
AURAY,ANGERS SAINT LAUD,11,0.0
AURAY,ANGERS SAINT LAUD,12,0.0
AURAY,ANGERS SAINT LAUD,13,0.0
AURAY,ANGERS SAINT LAUD,14,0.0
AURAY,ANGERS SAINT LAUD,15,0.0
AURAY,ANGERS SAINT LAUD,16,0.0
AURAY,ANGERS SAINT LAUD,17,0.0
AURAY,ANGERS SAINT LAUD,18,0.0
AURAY,ANGERS SAINT LAUD,19,0.0
AURAY,ANGERS SAINT LAUD,20,0.0
AURAY,ANGERS SAINT LAUD,21,0.0
AURAY,ANGERS SAINT LAUD,22,0.0
AURAY,ANGERS SAINT LAUD,23,0.0
AURAY,ANGERS SAINT LAUD,24,0.0
AURAY,ANGERS SAINT LAUD,25,0.0
AURAY,ANGERS SAINT LAUD,26,0.0
AURAY,ANGERS SAINT LAUD,27,0.0
AURAY,ANGERS SAINT LAUD,28,0.0
AURAY,ANGERS SAINT LAUD,29,0.0
AURAY,ANGERS SAINT LAUD,30,0.0
AURAY,CHAMBERY CHALLES LES EAUX,0,0.0
AURAY,CHAMBERY CHALLES LES EAUX,1,0.0
AURAY,CHAMBERY CHALLES LES EAUX,2,0.0
AURAY,CHAMBERY CHALLES LES EAUX,3,0.0
AURAY,CHAMBERY CHALLES LES EAUX,4,0.0
AURAY,CHAMBERY CHALLES LES EAUX,5,0.0
AURAY,CHAMBERY CHALLES LES EAUX,6,0.0
AURAY,CHAMBERY CHALLES LES EAUX,7,0.0
AURAY,CHAMBERY CHALLES LES EAUX,8,0.0
AURAY,CHAMBERY CHALLES LES EAUX,9,0.0
AURAY,CHAMBERY CHALLES LES EAUX,10,0.0
AURAY,CHAMBERY CHALLES LES EAUX,11,0.0
AURAY,CHAMBERY CHALLES LES EAUX,12,0.0
AURAY,CHAMBERY CHALLES LES EAUX,13,0.0
AURAY,CHAMBERY CHALLES LES EAUX,14,0.0
AURAY,CHAMBERY CHALLES LES EAUX,15,0.0
AURAY,CHAMBERY CHALLES LES EAUX,16,0.0
AURAY,CHAMBERY CHALLES LES EAUX,17,0.0
AURAY,CHAMBERY CHALLES LES EAUX,18,0.0
AURAY,CHAMBERY CHALLES LES EAUX,19,0.0
AURAY,CHAMBERY CHALLES LES EAUX,20,0.0
AURAY,CHAMBERY CHALLES LES EAUX,21,0.0
AURAY,CHAMBERY CHALLES LES EAUX,22,0.0
AURAY,CHAMBERY CHALLES LES EAUX,23,0.0
AURAY,CHAMBERY CHALLES LES EAUX,24,0.0
AURAY,CHAMBERY CHALLES LES EAUX,25,0.0
AURAY,CHAMBERY CHALLES LES EAUX,26,0.0
AURAY,CHAMBERY CHALLES LES EAUX,27,0.0
AURAY,CHAMBERY CHALLES LES EAUX,28,0.0
AURAY,CHAMBERY CHALLES LES EAUX,29,0.0
AURAY,CHAMBERY CHALLES LES EAUX,30,0.0
AURAY,LE MANS,0,0.0
AURAY,LE MANS,1,0.0
AURAY,LE MANS,2,0.0
AURAY,LE MANS,3,0.0
AURAY,LE MANS,4,0.0
AURAY,LE MANS,5,0.0
AURAY,LE MANS,6,0.0
AURAY,LE MANS,7,0.0
AURAY,LE MANS,8,0.0
AURAY,LE MANS,9,0.0
AURAY,LE MANS,10,0.0
AURAY,LE MANS,11,0.0
AURAY,LE MANS,12,0.0
AURAY,LE MANS,13,0.0
AURAY,LE MANS,14,0.0
AURAY,LE MANS,15,0.0
AURAY,LE MANS,16,0.0
AURAY,LE MANS,17,0.0
AURAY,LE MANS,18,0.0
AURAY,LE MANS,19,0.0
AURAY,LE MANS,20,0.0
AURAY,LE MANS,21,0.0
AURAY,LE MANS,22,0.0
AURAY,LE MANS,23,0.0
AURAY,LE MANS,24,0.0
AURAY,LE MANS,25,0.0
AURAY,LE MANS,26,0.0
AURAY,LE MANS,27,0.0
AURAY,LE MANS,28,0.0
AURAY,LE MANS,29,0.0
AURAY,LE MANS,30,0.0
AURAY,MASSY TGV,0,0.0
AURAY,MASSY TGV,1,0.0
AURAY,MASSY TGV,2,0.0
AURAY,MASSY TGV,3,0.0
AURAY,MASSY TGV,4,0.0
AURAY,MASSY TGV,5,0.05
AURAY,MASSY TGV,6,0.05
AURAY,MASSY TGV,7,0.0
AURAY,MASSY TGV,8,0.0
AURAY,MASSY TGV,9,0.0
AURAY,MASSY TGV,10,0.0
AURAY,MASSY TGV,11,0.05
AURAY,MASSY TGV,12,0.0
AURAY,MASSY TGV,13,0.0
AURAY,MASSY TGV,14,0.0
AURAY,MASSY TGV,15,0.0
AURAY,MASSY TGV,16,0.0
AURAY,MASSY TGV,17,0.0
AURAY,MASSY TGV,18,0.0
AURAY,MASSY TGV,19,0.0
AURAY,MASSY TGV,20,0.0
AURAY,MASSY TGV,21,0.0
AURAY,MASSY TGV,22,0.0
AURAY,MASSY TGV,23,0.0
AURAY,MASSY TGV,24,0.0
AURAY,MASSY TGV,25,0.0
AURAY,MASSY TGV,26,0.0
AURAY,MASSY TGV,27,0.0
AURAY,MASSY TGV,28,0.0
AURAY,MASSY TGV,29,0.0
AURAY,MASSY TGV,30,0.0
AURAY,MODANE,0,0.05
AURAY,MODANE,1,0.0
AURAY,MODANE,2,0.05
AURAY,MODANE,3,0.05
AURAY,MODANE,4,0.0
AURAY,MODANE,5,0.0
AURAY,MODANE,6,0.0
AURAY,MODANE,7,0.0
AURAY,MODANE,8,0.0
AURAY,MODANE,9,0.0
AURAY,MODANE,10,0.0
AURAY,MODANE,11,0.0
AURAY,MODANE,12,0.0
AURAY,MODANE,13,0.0
AURAY,MODANE,14,0.0
AURAY,MODANE,15,0.0
AURAY,MODANE,16,0.0
AURAY,MODANE,17,0.0
AURAY,MODANE,18,0.0
AURAY,MODANE,19,0.0
AURAY,MODANE,20,0.0
AURAY,MODANE,21,0.0
AURAY,MODANE,22,0.0
AURAY,MODANE,23,0.0
AURAY,MODANE,24,0.0
AURAY,MODANE,25,0.0
AURAY,MODANE,26,0.0
AURAY,MODANE,27,0.0
AURAY,MODANE,28,0.0
AURAY,MODANE,29,0.0
AURAY,MODANE,30,0.0
AURAY,NANTES,0,0.0
AURAY,NANTES,1,0.0
AURAY,NANTES,2,0.0
AURAY,NANTES,3,0.0
AURAY,NANTES,4,0.0
AURAY,NANTES,5,0.0
AURAY,NANTES,6,0.0
AURAY,NANTES,7,0.0
AURAY,NANTES,8,0.0
AURAY,NANTES,9,0.0
AURAY,NANTES,10,0.0
AURAY,NANTES,11,0.0
AURAY,NANTES,12,0.0
AURAY,NANTES,13,0.0
AURAY,NANTES,14,0.0
AURAY,NANTES,15,0.0
AURAY,NANTES,16,0.0
AURAY,NANTES,17,0.0
AURAY,NANTES,18,0.0
AURAY,NANTES,19,0.0
AURAY,NANTES,20,0.0
AURAY,NANTES,21,0.0
AURAY,NANTES,22,0.0
AURAY,NANTES,23,0.0
AURAY,NANTES,24,0.0
AURAY,NANTES,25,0.0
AURAY,NANTES,26,0.0
AURAY,NANTES,27,0.0
AURAY,NANTES,28,0.0
AURAY,NANTES,29,0.0
AURAY,NANTES,30,0.0
AURAY,REDON,0,0.0
AURAY,REDON,1,0.0
AURAY,REDON,2,0.0
AURAY,REDON,3,0.0
AURAY,REDON,4,0.0
AURAY,REDON,5,0.0
AURAY,REDON,6,0.0
AURAY,REDON,7,0.0
AURAY,REDON,8,0.0
AURAY,REDON,9,0.0
AURAY,REDON,10,0.0
AURAY,REDON,11,0.0
AURAY,REDON,12,0.0
AURAY,REDON,13,0.0
AURAY,REDON,14,0.0
AURAY,REDON,15,0.0
AURAY,REDON,16,0.0
AURAY,REDON,17,0.0
AURAY,REDON,18,0.0
AURAY,REDON,19,0.0
AURAY,REDON,20,0.0
AURAY,REDON,21,0.0
AURAY,REDON,22,0.0
AURAY,REDON,23,0.0
AURAY,REDON,24,0.0
AURAY,REDON,25,0.0
AURAY,REDON,26,0.0
AURAY,REDON,27,0.0
AURAY,REDON,28,0.0
AURAY,REDON,29,0.0
AURAY,REDON,30,0.0
AURAY,SAINT AVRE LA CHAMBRE,0,0.0
AURAY,SAINT AVRE LA CHAMBRE,1,0.0
AURAY,SAINT AVRE LA CHAMBRE,2,0.0
AURAY,SAINT AVRE LA CHAMBRE,3,0.0
AURAY,SAINT AVRE LA CHAMBRE,4,0.0
AURAY,SAINT AVRE LA CHAMBRE,5,0.0
AURAY,SAINT AVRE LA CHAMBRE,6,0.0
AURAY,SAINT AVRE LA CHAMBRE,7,0.0
AURAY,SAINT AVRE LA CHAMBRE,8,0.0
AURAY,SAINT AVRE LA CHAMBRE,9,0.0
AURAY,SAINT AVRE LA CHAMBRE,10,0.0
AURAY,SAINT AVRE LA CHAMBRE,11,0.0
AURAY,SAINT AVRE LA CHAMBRE,12,0.0
AURAY,SAINT AVRE LA CHAMBRE,13,0.0
AURAY,SAINT AVRE LA CHAMBRE,14,0.0
AURAY,SAINT AVRE LA CHAMBRE,15,0.0
AURAY,SAINT AVRE LA CHAMBRE,16,0.0
AURAY,SAINT AVRE LA CHAMBRE,17,0.0
AURAY,SAINT AVRE LA CHAMBRE,18,0.0
AURAY,SAINT AVRE LA CHAMBRE,19,0.0
AURAY,SAINT AVRE LA CHAMBRE,20,0.0
AURAY,SAINT AVRE LA CHAMBRE,21,0.0
AURAY,SAINT AVRE LA CHAMBRE,22,0.0
AURAY,SAINT AVRE LA CHAMBRE,23,0.0
AURAY,SAINT AVRE LA CHAMBRE,24,0.0
AURAY,SAINT AVRE LA CHAMBRE,25,0.0
AURAY,SAINT AVRE LA CHAMBRE,26,0.0
AURAY,SAINT AVRE LA CHAMBRE,27,0.0
AURAY,SAINT AVRE LA CHAMBRE,28,0.0
AURAY,SAINT AVRE LA CHAMBRE,29,0.0
AURAY,SAINT AVRE LA CHAMBRE,30,0.0
AURAY,ST JEAN DE MAURIENNE ARVAN,0,0.0
AURAY,ST JEAN DE MAURIENNE ARVAN,1,0.05
AURAY,ST JEAN DE MAURIENNE ARVAN,2,0.0
AURAY,ST JEAN DE MAURIENNE ARVAN,3,0.0
AURAY,ST JEAN DE MAURIENNE ARVAN,4,0.0
AURAY,ST JEAN DE MAURIENNE ARVAN,5,0.0
AURAY,ST JEAN DE MAURIENNE ARVAN,6,0.0
AURAY,ST JEAN DE MAURIENNE ARVAN,7,0.0
AURAY,ST JEAN DE MAURIENNE ARVAN,8,0.0
AURAY,ST JEAN DE MAURIENNE ARVAN,9,0.0
AURAY,ST JEAN DE MAURIENNE ARVAN,10,0.0
AURAY,ST JEAN DE MAURIENNE ARVAN,11,0.0
AURAY,ST JEAN DE MAURIENNE ARVAN,12,0.0
AURAY,ST JEAN DE MAURIENNE ARVAN,13,0.0
AURAY,ST JEAN DE MAURIENNE ARVAN,14,0.0
AURAY,ST JEAN DE MAURIENNE ARVAN,15,0.0
AURAY,ST JEAN DE MAURIENNE ARVAN,16,0.0
AURAY,ST JEAN DE MAURIENNE ARVAN,17,0.0
AURAY,ST JEAN DE MAURIENNE ARVAN,18,0.0
AURAY,ST JEAN DE MAURIENNE ARVAN,19,0.0
AURAY,ST JEAN DE MAURIENNE ARVAN,20,0.0
AURAY,ST JEAN DE MAURIENNE ARVAN,21,0.0
AURAY,ST JEAN DE MAURIENNE ARVAN,22,0.0
AURAY,ST JEAN DE MAURIENNE ARVAN,23,0.0
AURAY,ST JEAN DE MAURIENNE ARVAN,24,0.0
AURAY,ST JEAN DE MAURIENNE ARVAN,25,0.0
AURAY,ST JEAN DE MAURIENNE ARVAN,26,0.0
AURAY,ST JEAN DE MAURIENNE ARVAN,27,0.0
AURAY,ST JEAN DE MAURIENNE ARVAN,28,0.0
AURAY,ST JEAN DE MAURIENNE ARVAN,29,0.0
AURAY,ST JEAN DE MAURIENNE ARVAN,30,0.0
AURAY,ST MICHEL VALLOIRE,0,0.0
AURAY,ST MICHEL VALLOIRE,1,0.0
AURAY,ST MICHEL VALLOIRE,2,0.0
AURAY,ST MICHEL VALLOIRE,3,0.0
AURAY,ST MICHEL VALLOIRE,4,0.0
AURAY,ST MICHEL VALLOIRE,5,0.0
AURAY,ST MICHEL VALLOIRE,6,0.0
AURAY,ST MICHEL VALLOIRE,7,0.0
AURAY,ST MICHEL VALLOIRE,8,0.0
AURAY,ST MICHEL VALLOIRE,9,0.0
AURAY,ST MICHEL VALLOIRE,10,0.0
AURAY,ST MICHEL VALLOIRE,11,0.0
AURAY,ST MICHEL VALLOIRE,12,0.0
AURAY,ST MICHEL VALLOIRE,13,0.0
AURAY,ST MICHEL VALLOIRE,14,0.0
AURAY,ST MICHEL VALLOIRE,15,0.0
AURAY,ST MICHEL VALLOIRE,16,0.0
AURAY,ST MICHEL VALLOIRE,17,0.0
AURAY,ST MICHEL VALLOIRE,18,0.0
AURAY,ST MICHEL VALLOIRE,19,0.0
AURAY,ST MICHEL VALLOIRE,20,0.0
AURAY,ST MICHEL VALLOIRE,21,0.0
AURAY,ST MICHEL VALLOIRE,22,0.0
AURAY,ST MICHEL VALLOIRE,23,0.0
AURAY,ST MICHEL VALLOIRE,24,0.0
AURAY,ST MICHEL VALLOIRE,25,0.0
AURAY,ST MICHEL VALLOIRE,26,0.0
AURAY,ST MICHEL VALLOIRE,27,0.0
AURAY,ST MICHEL VALLOIRE,28,0.0
AURAY,ST MICHEL VALLOIRE,29,0.0
AURAY,ST MICHEL VALLOIRE,30,0.0
AURAY,VANNES,0,0.0
AURAY,VANNES,1,0.0
AURAY,VANNES,2,0.0
AURAY,VANNES,3,0.0
AURAY,VANNES,4,0.0
AURAY,VANNES,5,0.0
AURAY,VANNES,6,0.0
AURAY,VANNES,7,0.0
AURAY,VANNES,8,0.0
AURAY,VANNES,9,0.0
AURAY,VANNES,10,0.0
AURAY,VANNES,11,0.0
AURAY,VANNES,12,0.0
AURAY,VANNES,13,0.0
AURAY,VANNES,14,0.0
AURAY,VANNES,15,0.0
AURAY,VANNES,16,0.0
AURAY,VANNES,17,0.0
AURAY,VANNES,18,0.0
AURAY,VANNES,19,0.0
AURAY,VANNES,20,0.0
AURAY,VANNES,21,0.0
AURAY,VANNES,22,0.0
AURAY,VANNES,23,0.0
AURAY,VANNES,24,0.0
AURAY,VANNES,25,0.0
AURAY,VANNES,26,0.0
AURAY,VANNES,27,0.0
AURAY,VANNES,28,0.0
AURAY,VANNES,29,0.0
AURAY,VANNES,30,0.0
AVIGNON TGV,AIX EN PROVENCE TGV,0,0.7230769230769231
AVIGNON TGV,AIX EN PROVENCE TGV,1,0.7257834757834758
AVIGNON TGV,AIX EN PROVENCE TGV,2,0.7317663817663819
AVIGNON TGV,AIX EN PROVENCE TGV,3,0.7270655270655271
AVIGNON TGV,AIX EN PROVENCE TGV,4,0.5952991452991453
AVIGNON TGV,AIX EN PROVENCE TGV,5,0.5847578347578347
AVIGNON TGV,AIX EN PROVENCE TGV,6,0.584045584045584
AVIGNON TGV,AIX EN PROVENCE TGV,7,0.5547008547008546
AVIGNON TGV,AIX EN PROVENCE TGV,8,0.5270655270655271
AVIGNON TGV,AIX EN PROVENCE TGV,9,0.5147142857142857
AVIGNON TGV,AIX EN PROVENCE TGV,10,0.48309455587392547
AVIGNON TGV,AIX EN PROVENCE TGV,11,0.44956896551724135
AVIGNON TGV,AIX EN PROVENCE TGV,12,0.2090778097982709
AVIGNON TGV,AIX EN PROVENCE TGV,13,0.2020172910662824
AVIGNON TGV,AIX EN PROVENCE TGV,14,0.18728323699421964
AVIGNON TGV,AIX EN PROVENCE TGV,15,0.18115942028985507
AVIGNON TGV,AIX EN PROVENCE TGV,16,0.1616279069767442
AVIGNON TGV,AIX EN PROVENCE TGV,17,0.15145772594752185
AVIGNON TGV,AIX EN PROVENCE TGV,18,0.14385964912280702
AVIGNON TGV,AIX EN PROVENCE TGV,19,0.14193548387096774
AVIGNON TGV,AIX EN PROVENCE TGV,20,0.1426470588235294
AVIGNON TGV,AIX EN PROVENCE TGV,21,0.13495575221238937
AVIGNON TGV,AIX EN PROVENCE TGV,22,0.13683431952662722
AVIGNON TGV,AIX EN PROVENCE TGV,23,0.13086053412462909
AVIGNON TGV,AIX EN PROVENCE TGV,24,0.13154761904761905
AVIGNON TGV,AIX EN PROVENCE TGV,25,0.12238805970149254
AVIGNON TGV,AIX EN PROVENCE TGV,26,0.11781437125748503
AVIGNON TGV,AIX EN PROVENCE TGV,27,0.11306306306306306
AVIGNON TGV,AIX EN PROVENCE TGV,28,0.10978915662650603
AVIGNON TGV,AIX EN PROVENCE TGV,29,0.0960725075528701
AVIGNON TGV,AIX EN PROVENCE TGV,30,0.021124620060790276
AVIGNON TGV,LAVAL,0,0.09215686274509804
AVIGNON TGV,LAVAL,1,0.09215686274509804
AVIGNON TGV,LAVAL,2,0.11372549019607843
AVIGNON TGV,LAVAL,3,0.11470588235294119
AVIGNON TGV,LAVAL,4,0.13365384615384615
AVIGNON TGV,LAVAL,5,0.16057692307692306
AVIGNON TGV,LAVAL,6,0.18076923076923077
AVIGNON TGV,LAVAL,7,0.18846153846153849
AVIGNON TGV,LAVAL,8,0.2568627450980392
AVIGNON TGV,LAVAL,9,0.29
AVIGNON TGV,LAVAL,10,0.336734693877551
AVIGNON TGV,LAVAL,11,0.32708333333333334
AVIGNON TGV,LAVAL,12,0.18617021276595744
AVIGNON TGV,LAVAL,13,0.18804347826086956
AVIGNON TGV,LAVAL,14,0.2211111111111111
AVIGNON TGV,LAVAL,15,0.24431818181818182
AVIGNON TGV,LAVAL,16,0.2720930232558139
AVIGNON TGV,LAVAL,17,0.2654761904761905
AVIGNON TGV,LAVAL,18,0.2670731707317073
AVIGNON TGV,LAVAL,19,0.27625
AVIGNON TGV,LAVAL,20,0.29625
AVIGNON TGV,LAVAL,21,0.2833333333333333
AVIGNON TGV,LAVAL,22,0.30526315789473685
AVIGNON TGV,LAVAL,23,0.2716216216216216
AVIGNON TGV,LAVAL,24,0.2569444444444444
AVIGNON TGV,LAVAL,25,0.2513888888888889
AVIGNON TGV,LAVAL,26,0.25416666666666665
AVIGNON TGV,LAVAL,27,0.24722222222222223
AVIGNON TGV,LAVAL,28,0.23055555555555557
AVIGNON TGV,LAVAL,29,0.24166666666666664
AVIGNON TGV,LAVAL,30,0.027142857142857146
AVIGNON TGV,LE MANS,0,0.0784313725490196
AVIGNON TGV,LE MANS,1,0.08333333333333333
AVIGNON TGV,LE MANS,2,0.11372549019607843
AVIGNON TGV,LE MANS,3,0.10784313725490197
AVIGNON TGV,LE MANS,4,0.13173076923076923
AVIGNON TGV,LE MANS,5,0.1471153846153846
AVIGNON TGV,LE MANS,6,0.1769230769230769
AVIGNON TGV,LE MANS,7,0.20288461538461539
AVIGNON TGV,LE MANS,8,0.2588235294117647
AVIGNON TGV,LE MANS,9,0.278
AVIGNON TGV,LE MANS,10,0.3173469387755102
AVIGNON TGV,LE MANS,11,0.3104166666666667
AVIGNON TGV,LE MANS,12,0.19042553191489361
AVIGNON TGV,LE MANS,13,0.19347826086956524
AVIGNON TGV,LE MANS,14,0.22666666666666666
AVIGNON TGV,LE MANS,15,0.24772727272727274
AVIGNON TGV,LE MANS,16,0.27325581395348836
AVIGNON TGV,LE MANS,17,0.2642857142857143
AVIGNON TGV,LE MANS,18,0.27195121951219514
AVIGNON TGV,LE MANS,19,0.27875
AVIGNON TGV,LE MANS,20,0.29625
AVIGNON TGV,LE MANS,21,0.28717948717948716
AVIGNON TGV,LE MANS,22,0.30394736842105263
AVIGNON TGV,LE MANS,23,0.27432432432432435
AVIGNON TGV,LE MANS,24,0.2597222222222222
AVIGNON TGV,LE MANS,25,0.25416666666666665
AVIGNON TGV,LE MANS,26,0.25555555555555554
AVIGNON TGV,LE MANS,27,0.2513888888888889
AVIGNON TGV,LE MANS,28,0.22916666666666666
AVIGNON TGV,LE MANS,29,0.23750000000000002
AVIGNON TGV,LE MANS,30,0.037142857142857144
AVIGNON TGV,LYON (intramuros),0,0.4833333333333333
AVIGNON TGV,LYON (intramuros),1,0.48823529411764705
AVIGNON TGV,LYON (intramuros),2,0.48823529411764705
AVIGNON TGV,LYON (intramuros),3,0.4549019607843137
AVIGNON TGV,LYON (intramuros),4,0.48653846153846153
AVIGNON TGV,LYON (intramuros),5,0.5423076923076923
AVIGNON TGV,LYON (intramuros),6,0.5692307692307692
AVIGNON TGV,LYON (intramuros),7,0.5682692307692307
AVIGNON TGV,LYON (intramuros),8,0.5843137254901961
AVIGNON TGV,LYON (intramuros),9,0.616
AVIGNON TGV,LYON (intramuros),10,0.6816326530612244
AVIGNON TGV,LYON (intramuros),11,0.696875
AVIGNON TGV,LYON (intramuros),12,0.5063829787234043
AVIGNON TGV,LYON (intramuros),13,0.5271739130434783
AVIGNON TGV,LYON (intramuros),14,0.5488888888888889
AVIGNON TGV,LYON (intramuros),15,0.5545454545454546
AVIGNON TGV,LYON (intramuros),16,0.5290697674418605
AVIGNON TGV,LYON (intramuros),17,0.5238095238095238
AVIGNON TGV,LYON (intramuros),18,0.5134146341463415
AVIGNON TGV,LYON (intramuros),19,0.51875
AVIGNON TGV,LYON (intramuros),20,0.51625
AVIGNON TGV,LYON (intramuros),21,0.5
AVIGNON TGV,LYON (intramuros),22,0.4921052631578947
AVIGNON TGV,LYON (intramuros),23,0.4716216216216216
AVIGNON TGV,LYON (intramuros),24,0.45694444444444443
AVIGNON TGV,LYON (intramuros),25,0.42500000000000004
AVIGNON TGV,LYON (intramuros),26,0.39166666666666666
AVIGNON TGV,LYON (intramuros),27,0.40138888888888885
AVIGNON TGV,LYON (intramuros),28,0.4138888888888889
AVIGNON TGV,LYON (intramuros),29,0.44027777777777777
AVIGNON TGV,LYON (intramuros),30,0.0757142857142857
AVIGNON TGV,MARSEILLE ST CHARLES,0,0.81875
AVIGNON TGV,MARSEILLE ST CHARLES,1,0.8132102272727273
AVIGNON TGV,MARSEILLE ST CHARLES,2,0.8177556818181819
AVIGNON TGV,MARSEILLE ST CHARLES,3,0.8133522727272727
AVIGNON TGV,MARSEILLE ST CHARLES,4,0.7173295454545454
AVIGNON TGV,MARSEILLE ST CHARLES,5,0.7107954545454546
AVIGNON TGV,MARSEILLE ST CHARLES,6,0.7075284090909091
AVIGNON TGV,MARSEILLE ST CHARLES,7,0.6779829545454545
AVIGNON TGV,MARSEILLE ST CHARLES,8,0.6610795454545454
AVIGNON TGV,MARSEILLE ST CHARLES,9,0.6538352272727272
AVIGNON TGV,MARSEILLE ST CHARLES,10,0.6298295454545454
AVIGNON TGV,MARSEILLE ST CHARLES,11,0.6203124999999999
AVIGNON TGV,MARSEILLE ST CHARLES,12,0.39105113636363636
AVIGNON TGV,MARSEILLE ST CHARLES,13,0.3825284090909091
AVIGNON TGV,MARSEILLE ST CHARLES,14,0.357977207977208
AVIGNON TGV,MARSEILLE ST CHARLES,15,0.3442857142857143
AVIGNON TGV,MARSEILLE ST CHARLES,16,0.3294285714285714
AVIGNON TGV,MARSEILLE ST CHARLES,17,0.3177142857142857
AVIGNON TGV,MARSEILLE ST CHARLES,18,0.3087142857142857
AVIGNON TGV,MARSEILLE ST CHARLES,19,0.3018624641833811
AVIGNON TGV,MARSEILLE ST CHARLES,20,0.29469914040114614
AVIGNON TGV,MARSEILLE ST CHARLES,21,0.29283667621776505
AVIGNON TGV,MARSEILLE ST CHARLES,22,0.29051724137931034
AVIGNON TGV,MARSEILLE ST CHARLES,23,0.2881844380403458
AVIGNON TGV,MARSEILLE ST CHARLES,24,0.27853025936599424
AVIGNON TGV,MARSEILLE ST CHARLES,25,0.27406340057636885
AVIGNON TGV,MARSEILLE ST CHARLES,26,0.26372832369942195
AVIGNON TGV,MARSEILLE ST CHARLES,27,0.26315028901734105
AVIGNON TGV,MARSEILLE ST CHARLES,28,0.26083815028901736
AVIGNON TGV,MARSEILLE ST CHARLES,29,0.23594202898550726
AVIGNON TGV,MARSEILLE ST CHARLES,30,0.04591836734693878
AVIGNON TGV,MASSY TGV,0,0.1107843137254902
AVIGNON TGV,MASSY TGV,1,0.11764705882352941
AVIGNON TGV,MASSY TGV,2,0.14313725490196078
AVIGNON TGV,MASSY TGV,3,0.12156862745098039
AVIGNON TGV,MASSY TGV,4,0.1346153846153846
AVIGNON TGV,MASSY TGV,5,0.16634615384615387
AVIGNON TGV,MASSY TGV,6,0.21634615384615385
AVIGNON TGV,MASSY TGV,7,0.2298076923076923
AVIGNON TGV,MASSY TGV,8,0.28529411764705886
AVIGNON TGV,MASSY TGV,9,0.321
AVIGNON TGV,MASSY TGV,10,0.34591836734693876
AVIGNON TGV,MASSY TGV,11,0.3302083333333333
AVIGNON TGV,MASSY TGV,12,0.18829787234042553
AVIGNON TGV,MASSY TGV,13,0.18804347826086956
AVIGNON TGV,MASSY TGV,14,0.23111111111111113
AVIGNON TGV,MASSY TGV,15,0.25
AVIGNON TGV,MASSY TGV,16,0.2755813953488372
AVIGNON TGV,MASSY TGV,17,0.2761904761904762
AVIGNON TGV,MASSY TGV,18,0.26951219512195124
AVIGNON TGV,MASSY TGV,19,0.2725
AVIGNON TGV,MASSY TGV,20,0.29500000000000004
AVIGNON TGV,MASSY TGV,21,0.28846153846153844
AVIGNON TGV,MASSY TGV,22,0.31184210526315786
AVIGNON TGV,MASSY TGV,23,0.26756756756756755
AVIGNON TGV,MASSY TGV,24,0.2569444444444444
AVIGNON TGV,MASSY TGV,25,0.25277777777777777
AVIGNON TGV,MASSY TGV,26,0.2486111111111111
AVIGNON TGV,MASSY TGV,27,0.24722222222222223
AVIGNON TGV,MASSY TGV,28,0.2347222222222222
AVIGNON TGV,MASSY TGV,29,0.24583333333333332
AVIGNON TGV,MASSY TGV,30,0.037142857142857144
AVIGNON TGV,RENNES,0,0.08823529411764706
AVIGNON TGV,RENNES,1,0.08725490196078432
AVIGNON TGV,RENNES,2,0.1264705882352941
AVIGNON TGV,RENNES,3,0.11666666666666667
AVIGNON TGV,RENNES,4,0.13942307692307693
AVIGNON TGV,RENNES,5,0.16153846153846155
AVIGNON TGV,RENNES,6,0.18846153846153849
AVIGNON TGV,RENNES,7,0.20096153846153844
AVIGNON TGV,RENNES,8,0.2549019607843137
AVIGNON TGV,RENNES,9,0.28800000000000003
AVIGNON TGV,RENNES,10,0.3275510204081633
AVIGNON TGV,RENNES,11,0.3385416666666667
AVIGNON TGV,RENNES,12,0.17659574468085107
AVIGNON TGV,RENNES,13,0.1826086956521739
AVIGNON TGV,RENNES,14,0.22333333333333336
AVIGNON TGV,RENNES,15,0.25227272727272726
AVIGNON TGV,RENNES,16,0.27674418604651163
AVIGNON TGV,RENNES,17,0.2690476190476191
AVIGNON TGV,RENNES,18,0.2707317073170732
AVIGNON TGV,RENNES,19,0.27999999999999997
AVIGNON TGV,RENNES,20,0.29625
AVIGNON TGV,RENNES,21,0.28846153846153844
AVIGNON TGV,RENNES,22,0.3157894736842105
AVIGNON TGV,RENNES,23,0.2797297297297297
AVIGNON TGV,RENNES,24,0.2611111111111111
AVIGNON TGV,RENNES,25,0.25277777777777777
AVIGNON TGV,RENNES,26,0.2513888888888889
AVIGNON TGV,RENNES,27,0.2513888888888889
AVIGNON TGV,RENNES,28,0.2347222222222222
AVIGNON TGV,RENNES,29,0.2361111111111111
AVIGNON TGV,RENNES,30,0.03142857142857143
CHAMBERY CHALLES LES EAUX,AIME LA PLAGNE,0,0.625
CHAMBERY CHALLES LES EAUX,AIME LA PLAGNE,1,0.625
CHAMBERY CHALLES LES EAUX,AIME LA PLAGNE,2,0.625
CHAMBERY CHALLES LES EAUX,AIME LA PLAGNE,3,0.61875
CHAMBERY CHALLES LES EAUX,AIME LA PLAGNE,4,0.5
CHAMBERY CHALLES LES EAUX,AIME LA PLAGNE,5,0.5
CHAMBERY CHALLES LES EAUX,AIME LA PLAGNE,6,0.5
CHAMBERY CHALLES LES EAUX,AIME LA PLAGNE,7,0.5
CHAMBERY CHALLES LES EAUX,AIME LA PLAGNE,8,0.5
CHAMBERY CHALLES LES EAUX,AIME LA PLAGNE,9,0.49375
CHAMBERY CHALLES LES EAUX,AIME LA PLAGNE,10,0.3375
CHAMBERY CHALLES LES EAUX,AIME LA PLAGNE,11,0.25625
CHAMBERY CHALLES LES EAUX,AIME LA PLAGNE,12,0.13125
CHAMBERY CHALLES LES EAUX,AIME LA PLAGNE,13,0.125
CHAMBERY CHALLES LES EAUX,AIME LA PLAGNE,14,0.125
CHAMBERY CHALLES LES EAUX,AIME LA PLAGNE,15,0.125
CHAMBERY CHALLES LES EAUX,AIME LA PLAGNE,16,0.125
CHAMBERY CHALLES LES EAUX,AIME LA PLAGNE,17,0.13125
CHAMBERY CHALLES LES EAUX,AIME LA PLAGNE,18,0.23125
CHAMBERY CHALLES LES EAUX,AIME LA PLAGNE,19,0.25
CHAMBERY CHALLES LES EAUX,AIME LA PLAGNE,20,0.25
CHAMBERY CHALLES LES EAUX,AIME LA PLAGNE,21,0.25
CHAMBERY CHALLES LES EAUX,AIME LA PLAGNE,22,0.25
CHAMBERY CHALLES LES EAUX,AIME LA PLAGNE,23,0.25
CHAMBERY CHALLES LES EAUX,AIME LA PLAGNE,24,0.25
CHAMBERY CHALLES LES EAUX,AIME LA PLAGNE,25,0.25
CHAMBERY CHALLES LES EAUX,AIME LA PLAGNE,26,0.2375
CHAMBERY CHALLES LES EAUX,AIME LA PLAGNE,27,0.2125
CHAMBERY CHALLES LES EAUX,AIME LA PLAGNE,28,0.13125
CHAMBERY CHALLES LES EAUX,AIME LA PLAGNE,29,0.03125
CHAMBERY CHALLES LES EAUX,AIME LA PLAGNE,30,0.0125
CHAMBERY CHALLES LES EAUX,ALBERTVILLE,0,0.61875
CHAMBERY CHALLES LES EAUX,ALBERTVILLE,1,0.6
CHAMBERY CHALLES LES EAUX,ALBERTVILLE,2,0.6
CHAMBERY CHALLES LES EAUX,ALBERTVILLE,3,0.625
CHAMBERY CHALLES LES EAUX,ALBERTVILLE,4,0.50625
CHAMBERY CHALLES LES EAUX,ALBERTVILLE,5,0.4875
CHAMBERY CHALLES LES EAUX,ALBERTVILLE,6,0.49375
CHAMBERY CHALLES LES EAUX,ALBERTVILLE,7,0.49375
CHAMBERY CHALLES LES EAUX,ALBERTVILLE,8,0.49375
CHAMBERY CHALLES LES EAUX,ALBERTVILLE,9,0.475
CHAMBERY CHALLES LES EAUX,ALBERTVILLE,10,0.325
CHAMBERY CHALLES LES EAUX,ALBERTVILLE,11,0.275
CHAMBERY CHALLES LES EAUX,ALBERTVILLE,12,0.13125
CHAMBERY CHALLES LES EAUX,ALBERTVILLE,13,0.125
CHAMBERY CHALLES LES EAUX,ALBERTVILLE,14,0.125
CHAMBERY CHALLES LES EAUX,ALBERTVILLE,15,0.125
CHAMBERY CHALLES LES EAUX,ALBERTVILLE,16,0.13125
CHAMBERY CHALLES LES EAUX,ALBERTVILLE,17,0.1375
CHAMBERY CHALLES LES EAUX,ALBERTVILLE,18,0.2
CHAMBERY CHALLES LES EAUX,ALBERTVILLE,19,0.25
CHAMBERY CHALLES LES EAUX,ALBERTVILLE,20,0.25
CHAMBERY CHALLES LES EAUX,ALBERTVILLE,21,0.24375
CHAMBERY CHALLES LES EAUX,ALBERTVILLE,22,0.24375
CHAMBERY CHALLES LES EAUX,ALBERTVILLE,23,0.24375
CHAMBERY CHALLES LES EAUX,ALBERTVILLE,24,0.25
CHAMBERY CHALLES LES EAUX,ALBERTVILLE,25,0.24375
CHAMBERY CHALLES LES EAUX,ALBERTVILLE,26,0.24375
CHAMBERY CHALLES LES EAUX,ALBERTVILLE,27,0.21875
CHAMBERY CHALLES LES EAUX,ALBERTVILLE,28,0.15625
CHAMBERY CHALLES LES EAUX,ALBERTVILLE,29,0.025
CHAMBERY CHALLES LES EAUX,ALBERTVILLE,30,0.018750000000000003
CHAMBERY CHALLES LES EAUX,BOURG SAINT MAURICE,0,0.63125
CHAMBERY CHALLES LES EAUX,BOURG SAINT MAURICE,1,0.61875
CHAMBERY CHALLES LES EAUX,BOURG SAINT MAURICE,2,0.625
CHAMBERY CHALLES LES EAUX,BOURG SAINT MAURICE,3,0.625
CHAMBERY CHALLES LES EAUX,BOURG SAINT MAURICE,4,0.5125
CHAMBERY CHALLES LES EAUX,BOURG SAINT MAURICE,5,0.49375
CHAMBERY CHALLES LES EAUX,BOURG SAINT MAURICE,6,0.50625
CHAMBERY CHALLES LES EAUX,BOURG SAINT MAURICE,7,0.49375
CHAMBERY CHALLES LES EAUX,BOURG SAINT MAURICE,8,0.49375
CHAMBERY CHALLES LES EAUX,BOURG SAINT MAURICE,9,0.4875
CHAMBERY CHALLES LES EAUX,BOURG SAINT MAURICE,10,0.3625
CHAMBERY CHALLES LES EAUX,BOURG SAINT MAURICE,11,0.28125
CHAMBERY CHALLES LES EAUX,BOURG SAINT MAURICE,12,0.125
CHAMBERY CHALLES LES EAUX,BOURG SAINT MAURICE,13,0.125
CHAMBERY CHALLES LES EAUX,BOURG SAINT MAURICE,14,0.125
CHAMBERY CHALLES LES EAUX,BOURG SAINT MAURICE,15,0.125
CHAMBERY CHALLES LES EAUX,BOURG SAINT MAURICE,16,0.125
CHAMBERY CHALLES LES EAUX,BOURG SAINT MAURICE,17,0.14375
CHAMBERY CHALLES LES EAUX,BOURG SAINT MAURICE,18,0.21875
CHAMBERY CHALLES LES EAUX,BOURG SAINT MAURICE,19,0.25
CHAMBERY CHALLES LES EAUX,BOURG SAINT MAURICE,20,0.25
CHAMBERY CHALLES LES EAUX,BOURG SAINT MAURICE,21,0.24375
CHAMBERY CHALLES LES EAUX,BOURG SAINT MAURICE,22,0.24375
CHAMBERY CHALLES LES EAUX,BOURG SAINT MAURICE,23,0.25
CHAMBERY CHALLES LES EAUX,BOURG SAINT MAURICE,24,0.25
CHAMBERY CHALLES LES EAUX,BOURG SAINT MAURICE,25,0.25
CHAMBERY CHALLES LES EAUX,BOURG SAINT MAURICE,26,0.25
CHAMBERY CHALLES LES EAUX,BOURG SAINT MAURICE,27,0.225
CHAMBERY CHALLES LES EAUX,BOURG SAINT MAURICE,28,0.15000000000000002
CHAMBERY CHALLES LES EAUX,BOURG SAINT MAURICE,29,0.024999999999999998
CHAMBERY CHALLES LES EAUX,BOURG SAINT MAURICE,30,0.0125
CHAMBERY CHALLES LES EAUX,LANDRY,0,0.625
CHAMBERY CHALLES LES EAUX,LANDRY,1,0.6
CHAMBERY CHALLES LES EAUX,LANDRY,2,0.61875
CHAMBERY CHALLES LES EAUX,LANDRY,3,0.625
CHAMBERY CHALLES LES EAUX,LANDRY,4,0.4875
CHAMBERY CHALLES LES EAUX,LANDRY,5,0.48125
CHAMBERY CHALLES LES EAUX,LANDRY,6,0.49375
CHAMBERY CHALLES LES EAUX,LANDRY,7,0.49375
CHAMBERY CHALLES LES EAUX,LANDRY,8,0.5
CHAMBERY CHALLES LES EAUX,LANDRY,9,0.49375
CHAMBERY CHALLES LES EAUX,LANDRY,10,0.36875
CHAMBERY CHALLES LES EAUX,LANDRY,11,0.2875
CHAMBERY CHALLES LES EAUX,LANDRY,12,0.13125
CHAMBERY CHALLES LES EAUX,LANDRY,13,0.125
CHAMBERY CHALLES LES EAUX,LANDRY,14,0.125
CHAMBERY CHALLES LES EAUX,LANDRY,15,0.125
CHAMBERY CHALLES LES EAUX,LANDRY,16,0.125
CHAMBERY CHALLES LES EAUX,LANDRY,17,0.1375
CHAMBERY CHALLES LES EAUX,LANDRY,18,0.2125
CHAMBERY CHALLES LES EAUX,LANDRY,19,0.2375
CHAMBERY CHALLES LES EAUX,LANDRY,20,0.24375
CHAMBERY CHALLES LES EAUX,LANDRY,21,0.25
CHAMBERY CHALLES LES EAUX,LANDRY,22,0.25
CHAMBERY CHALLES LES EAUX,LANDRY,23,0.25
CHAMBERY CHALLES LES EAUX,LANDRY,24,0.25
CHAMBERY CHALLES LES EAUX,LANDRY,25,0.25
CHAMBERY CHALLES LES EAUX,LANDRY,26,0.25
CHAMBERY CHALLES LES EAUX,LANDRY,27,0.2125
CHAMBERY CHALLES LES EAUX,LANDRY,28,0.14375
CHAMBERY CHALLES LES EAUX,LANDRY,29,0.03125
CHAMBERY CHALLES LES EAUX,LANDRY,30,0.0125
CHAMBERY CHALLES LES EAUX,MODANE,0,0.8
CHAMBERY CHALLES LES EAUX,MODANE,1,0.8
CHAMBERY CHALLES LES EAUX,MODANE,2,0.95
CHAMBERY CHALLES LES EAUX,MODANE,3,0.9
CHAMBERY CHALLES LES EAUX,MODANE,4,0.0
CHAMBERY CHALLES LES EAUX,MODANE,5,0.0
CHAMBERY CHALLES LES EAUX,MODANE,6,0.0
CHAMBERY CHALLES LES EAUX,MODANE,7,0.0
CHAMBERY CHALLES LES EAUX,MODANE,8,0.0
CHAMBERY CHALLES LES EAUX,MODANE,9,0.0
CHAMBERY CHALLES LES EAUX,MODANE,10,0.0
CHAMBERY CHALLES LES EAUX,MODANE,11,0.0
CHAMBERY CHALLES LES EAUX,MODANE,12,0.0
CHAMBERY CHALLES LES EAUX,MODANE,13,0.0
CHAMBERY CHALLES LES EAUX,MODANE,14,0.0
CHAMBERY CHALLES LES EAUX,MODANE,15,0.0
CHAMBERY CHALLES LES EAUX,MODANE,16,0.0
CHAMBERY CHALLES LES EAUX,MODANE,17,0.0
CHAMBERY CHALLES LES EAUX,MODANE,18,0.0
CHAMBERY CHALLES LES EAUX,MODANE,19,0.0
CHAMBERY CHALLES LES EAUX,MODANE,20,0.0
CHAMBERY CHALLES LES EAUX,MODANE,21,0.0
CHAMBERY CHALLES LES EAUX,MODANE,22,0.0
CHAMBERY CHALLES LES EAUX,MODANE,23,0.0
CHAMBERY CHALLES LES EAUX,MODANE,24,0.0
CHAMBERY CHALLES LES EAUX,MODANE,25,0.0
CHAMBERY CHALLES LES EAUX,MODANE,26,0.0
CHAMBERY CHALLES LES EAUX,MODANE,27,0.0
CHAMBERY CHALLES LES EAUX,MODANE,28,0.0
CHAMBERY CHALLES LES EAUX,MODANE,29,0.0
CHAMBERY CHALLES LES EAUX,MODANE,30,0.0
CHAMBERY CHALLES LES EAUX,MOUTIERS SALINS BRIDES LES BAINS,0,0.63125
CHAMBERY CHALLES LES EAUX,MOUTIERS SALINS BRIDES LES BAINS,1,0.6375
CHAMBERY CHALLES LES EAUX,MOUTIERS SALINS BRIDES LES BAINS,2,0.61875
CHAMBERY CHALLES LES EAUX,MOUTIERS SALINS BRIDES LES BAINS,3,0.6375
CHAMBERY CHALLES LES EAUX,MOUTIERS SALINS BRIDES LES BAINS,4,0.49375
CHAMBERY CHALLES LES EAUX,MOUTIERS SALINS BRIDES LES BAINS,5,0.4875
CHAMBERY CHALLES LES EAUX,MOUTIERS SALINS BRIDES LES BAINS,6,0.5
CHAMBERY CHALLES LES EAUX,MOUTIERS SALINS BRIDES LES BAINS,7,0.5
CHAMBERY CHALLES LES EAUX,MOUTIERS SALINS BRIDES LES BAINS,8,0.5
CHAMBERY CHALLES LES EAUX,MOUTIERS SALINS BRIDES LES BAINS,9,0.49375
CHAMBERY CHALLES LES EAUX,MOUTIERS SALINS BRIDES LES BAINS,10,0.34375
CHAMBERY CHALLES LES EAUX,MOUTIERS SALINS BRIDES LES BAINS,11,0.28125
CHAMBERY CHALLES LES EAUX,MOUTIERS SALINS BRIDES LES BAINS,12,0.1375
CHAMBERY CHALLES LES EAUX,MOUTIERS SALINS BRIDES LES BAINS,13,0.13125
CHAMBERY CHALLES LES EAUX,MOUTIERS SALINS BRIDES LES BAINS,14,0.125
CHAMBERY CHALLES LES EAUX,MOUTIERS SALINS BRIDES LES BAINS,15,0.125
CHAMBERY CHALLES LES EAUX,MOUTIERS SALINS BRIDES LES BAINS,16,0.125
CHAMBERY CHALLES LES EAUX,MOUTIERS SALINS BRIDES LES BAINS,17,0.1375
CHAMBERY CHALLES LES EAUX,MOUTIERS SALINS BRIDES LES BAINS,18,0.2375
CHAMBERY CHALLES LES EAUX,MOUTIERS SALINS BRIDES LES BAINS,19,0.25
CHAMBERY CHALLES LES EAUX,MOUTIERS SALINS BRIDES LES BAINS,20,0.25
CHAMBERY CHALLES LES EAUX,MOUTIERS SALINS BRIDES LES BAINS,21,0.25
CHAMBERY CHALLES LES EAUX,MOUTIERS SALINS BRIDES LES BAINS,22,0.25
CHAMBERY CHALLES LES EAUX,MOUTIERS SALINS BRIDES LES BAINS,23,0.25
CHAMBERY CHALLES LES EAUX,MOUTIERS SALINS BRIDES LES BAINS,24,0.25
CHAMBERY CHALLES LES EAUX,MOUTIERS SALINS BRIDES LES BAINS,25,0.25
CHAMBERY CHALLES LES EAUX,MOUTIERS SALINS BRIDES LES BAINS,26,0.2375
CHAMBERY CHALLES LES EAUX,MOUTIERS SALINS BRIDES LES BAINS,27,0.23125
CHAMBERY CHALLES LES EAUX,MOUTIERS SALINS BRIDES LES BAINS,28,0.16875
CHAMBERY CHALLES LES EAUX,MOUTIERS SALINS BRIDES LES BAINS,29,0.025
CHAMBERY CHALLES LES EAUX,MOUTIERS SALINS BRIDES LES BAINS,30,0.00625
CHAMBERY CHALLES LES EAUX,SAINT AVRE LA CHAMBRE,0,0.9
CHAMBERY CHALLES LES EAUX,SAINT AVRE LA CHAMBRE,1,0.95
CHAMBERY CHALLES LES EAUX,SAINT AVRE LA CHAMBRE,2,0.9
CHAMBERY CHALLES LES EAUX,SAINT AVRE LA CHAMBRE,3,0.85
CHAMBERY CHALLES LES EAUX,SAINT AVRE LA CHAMBRE,4,0.0
CHAMBERY CHALLES LES EAUX,SAINT AVRE LA CHAMBRE,5,0.0
CHAMBERY CHALLES LES EAUX,SAINT AVRE LA CHAMBRE,6,0.0
CHAMBERY CHALLES LES EAUX,SAINT AVRE LA CHAMBRE,7,0.0
CHAMBERY CHALLES LES EAUX,SAINT AVRE LA CHAMBRE,8,0.0
CHAMBERY CHALLES LES EAUX,SAINT AVRE LA CHAMBRE,9,0.0
CHAMBERY CHALLES LES EAUX,SAINT AVRE LA CHAMBRE,10,0.0
CHAMBERY CHALLES LES EAUX,SAINT AVRE LA CHAMBRE,11,0.0
CHAMBERY CHALLES LES EAUX,SAINT AVRE LA CHAMBRE,12,0.0
CHAMBERY CHALLES LES EAUX,SAINT AVRE LA CHAMBRE,13,0.0
CHAMBERY CHALLES LES EAUX,SAINT AVRE LA CHAMBRE,14,0.0
CHAMBERY CHALLES LES EAUX,SAINT AVRE LA CHAMBRE,15,0.0
CHAMBERY CHALLES LES EAUX,SAINT AVRE LA CHAMBRE,16,0.0
CHAMBERY CHALLES LES EAUX,SAINT AVRE LA CHAMBRE,17,0.0
CHAMBERY CHALLES LES EAUX,SAINT AVRE LA CHAMBRE,18,0.0
CHAMBERY CHALLES LES EAUX,SAINT AVRE LA CHAMBRE,19,0.0
CHAMBERY CHALLES LES EAUX,SAINT AVRE LA CHAMBRE,20,0.0
CHAMBERY CHALLES LES EAUX,SAINT AVRE LA CHAMBRE,21,0.0
CHAMBERY CHALLES LES EAUX,SAINT AVRE LA CHAMBRE,22,0.0
CHAMBERY CHALLES LES EAUX,SAINT AVRE LA CHAMBRE,23,0.0
CHAMBERY CHALLES LES EAUX,SAINT AVRE LA CHAMBRE,24,0.0
CHAMBERY CHALLES LES EAUX,SAINT AVRE LA CHAMBRE,25,0.0
CHAMBERY CHALLES LES EAUX,SAINT AVRE LA CHAMBRE,26,0.0
CHAMBERY CHALLES LES EAUX,SAINT AVRE LA CHAMBRE,27,0.0
CHAMBERY CHALLES LES EAUX,SAINT AVRE LA CHAMBRE,28,0.0
CHAMBERY CHALLES LES EAUX,SAINT AVRE LA CHAMBRE,29,0.0
CHAMBERY CHALLES LES EAUX,SAINT AVRE LA CHAMBRE,30,0.0
CHAMBERY CHALLES LES EAUX,ST JEAN DE MAURIENNE ARVAN,0,0.9
CHAMBERY CHALLES LES EAUX,ST JEAN DE MAURIENNE ARVAN,1,0.95
CHAMBERY CHALLES LES EAUX,ST JEAN DE MAURIENNE ARVAN,2,1.0
CHAMBERY CHALLES LES EAUX,ST JEAN DE MAURIENNE ARVAN,3,0.9
CHAMBERY CHALLES LES EAUX,ST JEAN DE MAURIENNE ARVAN,4,0.0
CHAMBERY CHALLES LES EAUX,ST JEAN DE MAURIENNE ARVAN,5,0.0
CHAMBERY CHALLES LES EAUX,ST JEAN DE MAURIENNE ARVAN,6,0.0
CHAMBERY CHALLES LES EAUX,ST JEAN DE MAURIENNE ARVAN,7,0.0
CHAMBERY CHALLES LES EAUX,ST JEAN DE MAURIENNE ARVAN,8,0.0
CHAMBERY CHALLES LES EAUX,ST JEAN DE MAURIENNE ARVAN,9,0.0
CHAMBERY CHALLES LES EAUX,ST JEAN DE MAURIENNE ARVAN,10,0.0
CHAMBERY CHALLES LES EAUX,ST JEAN DE MAURIENNE ARVAN,11,0.0
CHAMBERY CHALLES LES EAUX,ST JEAN DE MAURIENNE ARVAN,12,0.0
CHAMBERY CHALLES LES EAUX,ST JEAN DE MAURIENNE ARVAN,13,0.0
CHAMBERY CHALLES LES EAUX,ST JEAN DE MAURIENNE ARVAN,14,0.0
CHAMBERY CHALLES LES EAUX,ST JEAN DE MAURIENNE ARVAN,15,0.0
CHAMBERY CHALLES LES EAUX,ST JEAN DE MAURIENNE ARVAN,16,0.0
CHAMBERY CHALLES LES EAUX,ST JEAN DE MAURIENNE ARVAN,17,0.0
CHAMBERY CHALLES LES EAUX,ST JEAN DE MAURIENNE ARVAN,18,0.0
CHAMBERY CHALLES LES EAUX,ST JEAN DE MAURIENNE ARVAN,19,0.0
CHAMBERY CHALLES LES EAUX,ST JEAN DE MAURIENNE ARVAN,20,0.0
CHAMBERY CHALLES LES EAUX,ST JEAN DE MAURIENNE ARVAN,21,0.0
CHAMBERY CHALLES LES EAUX,ST JEAN DE MAURIENNE ARVAN,22,0.0
CHAMBERY CHALLES LES EAUX,ST JEAN DE MAURIENNE ARVAN,23,0.0
CHAMBERY CHALLES LES EAUX,ST JEAN DE MAURIENNE ARVAN,24,0.0
CHAMBERY CHALLES LES EAUX,ST JEAN DE MAURIENNE ARVAN,25,0.0
CHAMBERY CHALLES LES EAUX,ST JEAN DE MAURIENNE ARVAN,26,0.0
CHAMBERY CHALLES LES EAUX,ST JEAN DE MAURIENNE ARVAN,27,0.0
CHAMBERY CHALLES LES EAUX,ST JEAN DE MAURIENNE ARVAN,28,0.0
CHAMBERY CHALLES LES EAUX,ST JEAN DE MAURIENNE ARVAN,29,0.0
CHAMBERY CHALLES LES EAUX,ST JEAN DE MAURIENNE ARVAN,30,0.0
CHAMBERY CHALLES LES EAUX,ST MICHEL VALLOIRE,0,0.75
CHAMBERY CHALLES LES EAUX,ST MICHEL VALLOIRE,1,0.9
CHAMBERY CHALLES LES EAUX,ST MICHEL VALLOIRE,2,0.95
CHAMBERY CHALLES LES EAUX,ST MICHEL VALLOIRE,3,0.95
CHAMBERY CHALLES LES EAUX,ST MICHEL VALLOIRE,4,0.0
CHAMBERY CHALLES LES EAUX,ST MICHEL VALLOIRE,5,0.0
CHAMBERY CHALLES LES EAUX,ST MICHEL VALLOIRE,6,0.0
CHAMBERY CHALLES LES EAUX,ST MICHEL VALLOIRE,7,0.0
CHAMBERY CHALLES LES EAUX,ST MICHEL VALLOIRE,8,0.0
CHAMBERY CHALLES LES EAUX,ST MICHEL VALLOIRE,9,0.0
CHAMBERY CHALLES LES EAUX,ST MICHEL VALLOIRE,10,0.0
CHAMBERY CHALLES LES EAUX,ST MICHEL VALLOIRE,11,0.0
CHAMBERY CHALLES LES EAUX,ST MICHEL VALLOIRE,12,0.0
CHAMBERY CHALLES LES EAUX,ST MICHEL VALLOIRE,13,0.0
CHAMBERY CHALLES LES EAUX,ST MICHEL VALLOIRE,14,0.0
CHAMBERY CHALLES LES EAUX,ST MICHEL VALLOIRE,15,0.0
CHAMBERY CHALLES LES EAUX,ST MICHEL VALLOIRE,16,0.0
CHAMBERY CHALLES LES EAUX,ST MICHEL VALLOIRE,17,0.0
CHAMBERY CHALLES LES EAUX,ST MICHEL VALLOIRE,18,0.0
CHAMBERY CHALLES LES EAUX,ST MICHEL VALLOIRE,19,0.0
CHAMBERY CHALLES LES EAUX,ST MICHEL VALLOIRE,20,0.0
CHAMBERY CHALLES LES EAUX,ST MICHEL VALLOIRE,21,0.0
CHAMBERY CHALLES LES EAUX,ST MICHEL VALLOIRE,22,0.0
CHAMBERY CHALLES LES EAUX,ST MICHEL VALLOIRE,23,0.0
CHAMBERY CHALLES LES EAUX,ST MICHEL VALLOIRE,24,0.0
CHAMBERY CHALLES LES EAUX,ST MICHEL VALLOIRE,25,0.0
CHAMBERY CHALLES LES EAUX,ST MICHEL VALLOIRE,26,0.0
CHAMBERY CHALLES LES EAUX,ST MICHEL VALLOIRE,27,0.0
CHAMBERY CHALLES LES EAUX,ST MICHEL VALLOIRE,28,0.0
CHAMBERY CHALLES LES EAUX,ST MICHEL VALLOIRE,29,0.0
CHAMBERY CHALLES LES EAUX,ST MICHEL VALLOIRE,30,0.0
CLUSES (HAUTE SAVOIE),SALLANCHES COMBLOUX MEGEVE,0,0.95
CLUSES (HAUTE SAVOIE),SALLANCHES COMBLOUX MEGEVE,1,0.975
CLUSES (HAUTE SAVOIE),SALLANCHES COMBLOUX MEGEVE,2,1.0
CLUSES (HAUTE SAVOIE),SALLANCHES COMBLOUX MEGEVE,3,1.0
CLUSES (HAUTE SAVOIE),SALLANCHES COMBLOUX MEGEVE,4,1.0
CLUSES (HAUTE SAVOIE),SALLANCHES COMBLOUX MEGEVE,5,1.0
CLUSES (HAUTE SAVOIE),SALLANCHES COMBLOUX MEGEVE,6,1.0
CLUSES (HAUTE SAVOIE),SALLANCHES COMBLOUX MEGEVE,7,1.0
CLUSES (HAUTE SAVOIE),SALLANCHES COMBLOUX MEGEVE,8,1.0
CLUSES (HAUTE SAVOIE),SALLANCHES COMBLOUX MEGEVE,9,1.0
CLUSES (HAUTE SAVOIE),SALLANCHES COMBLOUX MEGEVE,10,0.975
CLUSES (HAUTE SAVOIE),SALLANCHES COMBLOUX MEGEVE,11,1.0
CLUSES (HAUTE SAVOIE),SALLANCHES COMBLOUX MEGEVE,12,1.0
CLUSES (HAUTE SAVOIE),SALLANCHES COMBLOUX MEGEVE,13,1.0
CLUSES (HAUTE SAVOIE),SALLANCHES COMBLOUX MEGEVE,14,1.0
CLUSES (HAUTE SAVOIE),SALLANCHES COMBLOUX MEGEVE,15,1.0
CLUSES (HAUTE SAVOIE),SALLANCHES COMBLOUX MEGEVE,16,1.0
CLUSES (HAUTE SAVOIE),SALLANCHES COMBLOUX MEGEVE,17,0.975
CLUSES (HAUTE SAVOIE),SALLANCHES COMBLOUX MEGEVE,18,0.975
CLUSES (HAUTE SAVOIE),SALLANCHES COMBLOUX MEGEVE,19,0.975
CLUSES (HAUTE SAVOIE),SALLANCHES COMBLOUX MEGEVE,20,0.975
CLUSES (HAUTE SAVOIE),SALLANCHES COMBLOUX MEGEVE,21,0.975
CLUSES (HAUTE SAVOIE),SALLANCHES COMBLOUX MEGEVE,22,0.975
CLUSES (HAUTE SAVOIE),SALLANCHES COMBLOUX MEGEVE,23,0.875
CLUSES (HAUTE SAVOIE),SALLANCHES COMBLOUX MEGEVE,24,0.65
CLUSES (HAUTE SAVOIE),SALLANCHES COMBLOUX MEGEVE,25,0.5
CLUSES (HAUTE SAVOIE),SALLANCHES COMBLOUX MEGEVE,26,0.5
CLUSES (HAUTE SAVOIE),SALLANCHES COMBLOUX MEGEVE,27,0.475
CLUSES (HAUTE SAVOIE),SALLANCHES COMBLOUX MEGEVE,28,0.45
CLUSES (HAUTE SAVOIE),SALLANCHES COMBLOUX MEGEVE,29,0.125
CLUSES (HAUTE SAVOIE),SALLANCHES COMBLOUX MEGEVE,30,0.05
CLUSES (HAUTE SAVOIE),ST GERVAIS LES BAINS LE FAYET,0,1.0
CLUSES (HAUTE SAVOIE),ST GERVAIS LES BAINS LE FAYET,1,0.975
CLUSES (HAUTE SAVOIE),ST GERVAIS LES BAINS LE FAYET,2,0.975
CLUSES (HAUTE SAVOIE),ST GERVAIS LES BAINS LE FAYET,3,0.925
CLUSES (HAUTE SAVOIE),ST GERVAIS LES BAINS LE FAYET,4,0.975
CLUSES (HAUTE SAVOIE),ST GERVAIS LES BAINS LE FAYET,5,0.975
CLUSES (HAUTE SAVOIE),ST GERVAIS LES BAINS LE FAYET,6,0.975
CLUSES (HAUTE SAVOIE),ST GERVAIS LES BAINS LE FAYET,7,0.975
CLUSES (HAUTE SAVOIE),ST GERVAIS LES BAINS LE FAYET,8,0.975
CLUSES (HAUTE SAVOIE),ST GERVAIS LES BAINS LE FAYET,9,1.0
CLUSES (HAUTE SAVOIE),ST GERVAIS LES BAINS LE FAYET,10,1.0
CLUSES (HAUTE SAVOIE),ST GERVAIS LES BAINS LE FAYET,11,1.0
CLUSES (HAUTE SAVOIE),ST GERVAIS LES BAINS LE FAYET,12,1.0
CLUSES (HAUTE SAVOIE),ST GERVAIS LES BAINS LE FAYET,13,1.0
CLUSES (HAUTE SAVOIE),ST GERVAIS LES BAINS LE FAYET,14,1.0
CLUSES (HAUTE SAVOIE),ST GERVAIS LES BAINS LE FAYET,15,1.0
CLUSES (HAUTE SAVOIE),ST GERVAIS LES BAINS LE FAYET,16,1.0
CLUSES (HAUTE SAVOIE),ST GERVAIS LES BAINS LE FAYET,17,1.0
CLUSES (HAUTE SAVOIE),ST GERVAIS LES BAINS LE FAYET,18,1.0
CLUSES (HAUTE SAVOIE),ST GERVAIS LES BAINS LE FAYET,19,1.0
CLUSES (HAUTE SAVOIE),ST GERVAIS LES BAINS LE FAYET,20,1.0
CLUSES (HAUTE SAVOIE),ST GERVAIS LES BAINS LE FAYET,21,1.0
CLUSES (HAUTE SAVOIE),ST GERVAIS LES BAINS LE FAYET,22,1.0
CLUSES (HAUTE SAVOIE),ST GERVAIS LES BAINS LE FAYET,23,0.825
CLUSES (HAUTE SAVOIE),ST GERVAIS LES BAINS LE FAYET,24,0.55
CLUSES (HAUTE SAVOIE),ST GERVAIS LES BAINS LE FAYET,25,0.5
CLUSES (HAUTE SAVOIE),ST GERVAIS LES BAINS LE FAYET,26,0.5
CLUSES (HAUTE SAVOIE),ST GERVAIS LES BAINS LE FAYET,27,0.475
CLUSES (HAUTE SAVOIE),ST GERVAIS LES BAINS LE FAYET,28,0.475
CLUSES (HAUTE SAVOIE),ST GERVAIS LES BAINS LE FAYET,29,0.15
CLUSES (HAUTE SAVOIE),ST GERVAIS LES BAINS LE FAYET,30,0.025
LANDRY,BOURG SAINT MAURICE,0,0.6
LANDRY,BOURG SAINT MAURICE,1,0.595
LANDRY,BOURG SAINT MAURICE,2,0.58
LANDRY,BOURG SAINT MAURICE,3,0.58
LANDRY,BOURG SAINT MAURICE,4,0.39499999999999996
LANDRY,BOURG SAINT MAURICE,5,0.39
LANDRY,BOURG SAINT MAURICE,6,0.40499999999999997
LANDRY,BOURG SAINT MAURICE,7,0.40499999999999997
LANDRY,BOURG SAINT MAURICE,8,0.4
LANDRY,BOURG SAINT MAURICE,9,0.395
LANDRY,BOURG SAINT MAURICE,10,0.3
LANDRY,BOURG SAINT MAURICE,11,0.22000000000000003
LANDRY,BOURG SAINT MAURICE,12,0.1
LANDRY,BOURG SAINT MAURICE,13,0.1
LANDRY,BOURG SAINT MAURICE,14,0.1
LANDRY,BOURG SAINT MAURICE,15,0.1
LANDRY,BOURG SAINT MAURICE,16,0.1
LANDRY,BOURG SAINT MAURICE,17,0.10500000000000001
LANDRY,BOURG SAINT MAURICE,18,0.19
LANDRY,BOURG SAINT MAURICE,19,0.2
LANDRY,BOURG SAINT MAURICE,20,0.2
LANDRY,BOURG SAINT MAURICE,21,0.2
LANDRY,BOURG SAINT MAURICE,22,0.2
LANDRY,BOURG SAINT MAURICE,23,0.2
LANDRY,BOURG SAINT MAURICE,24,0.2
LANDRY,BOURG SAINT MAURICE,25,0.2
LANDRY,BOURG SAINT MAURICE,26,0.2
LANDRY,BOURG SAINT MAURICE,27,0.18
LANDRY,BOURG SAINT MAURICE,28,0.11000000000000001
LANDRY,BOURG SAINT MAURICE,29,0.030000000000000006
LANDRY,BOURG SAINT MAURICE,30,0.015000000000000003
LAVAL,AIX EN PROVENCE TGV,0,0.7333333333333333
LAVAL,AIX EN PROVENCE TGV,1,0.8166666666666667
LAVAL,AIX EN PROVENCE TGV,2,0.7777777777777778
LAVAL,AIX EN PROVENCE TGV,3,0.75
LAVAL,AIX EN PROVENCE TGV,4,0.5666666666666667
LAVAL,AIX EN PROVENCE TGV,5,0.5611111111111111
LAVAL,AIX EN PROVENCE TGV,6,0.49444444444444446
LAVAL,AIX EN PROVENCE TGV,7,0.5111111111111111
LAVAL,AIX EN PROVENCE TGV,8,0.33888888888888885
LAVAL,AIX EN PROVENCE TGV,9,0.2611111111111111
LAVAL,AIX EN PROVENCE TGV,10,0.3222222222222222
LAVAL,AIX EN PROVENCE TGV,11,0.3111111111111111
LAVAL,AIX EN PROVENCE TGV,12,0.05555555555555555
LAVAL,AIX EN PROVENCE TGV,13,0.11666666666666667
LAVAL,AIX EN PROVENCE TGV,14,0.12222222222222223
LAVAL,AIX EN PROVENCE TGV,15,0.12222222222222223
LAVAL,AIX EN PROVENCE TGV,16,0.12222222222222223
LAVAL,AIX EN PROVENCE TGV,17,0.11666666666666667
LAVAL,AIX EN PROVENCE TGV,18,0.11666666666666667
LAVAL,AIX EN PROVENCE TGV,19,0.11666666666666667
LAVAL,AIX EN PROVENCE TGV,20,0.11666666666666667
LAVAL,AIX EN PROVENCE TGV,21,0.11666666666666667
LAVAL,AIX EN PROVENCE TGV,22,0.12222222222222223
LAVAL,AIX EN PROVENCE TGV,23,0.08333333333333333
LAVAL,AIX EN PROVENCE TGV,24,0.022222222222222223
LAVAL,AIX EN PROVENCE TGV,25,0.005555555555555556
LAVAL,AIX EN PROVENCE TGV,26,0.005555555555555556
LAVAL,AIX EN PROVENCE TGV,27,0.0
LAVAL,AIX EN PROVENCE TGV,28,0.0
LAVAL,AIX EN PROVENCE TGV,29,0.005555555555555556
LAVAL,AIX EN PROVENCE TGV,30,0.0
LAVAL,AVIGNON TGV,0,0.6944444444444444
LAVAL,AVIGNON TGV,1,0.8333333333333334
LAVAL,AVIGNON TGV,2,0.8055555555555556
LAVAL,AVIGNON TGV,3,0.7555555555555555
LAVAL,AVIGNON TGV,4,0.5777777777777778
LAVAL,AVIGNON TGV,5,0.5777777777777778
LAVAL,AVIGNON TGV,6,0.48888888888888893
LAVAL,AVIGNON TGV,7,0.5166666666666667
LAVAL,AVIGNON TGV,8,0.35
LAVAL,AVIGNON TGV,9,0.26666666666666666
LAVAL,AVIGNON TGV,10,0.3277777777777778
LAVAL,AVIGNON TGV,11,0.3222222222222222
LAVAL,AVIGNON TGV,12,0.061111111111111116
LAVAL,AVIGNON TGV,13,0.1222222222222222
LAVAL,AVIGNON TGV,14,0.12222222222222223
LAVAL,AVIGNON TGV,15,0.1277777777777778
LAVAL,AVIGNON TGV,16,0.11666666666666667
LAVAL,AVIGNON TGV,17,0.11666666666666667
LAVAL,AVIGNON TGV,18,0.12222222222222223
LAVAL,AVIGNON TGV,19,0.12222222222222223
LAVAL,AVIGNON TGV,20,0.13333333333333333
LAVAL,AVIGNON TGV,21,0.13333333333333333
LAVAL,AVIGNON TGV,22,0.1277777777777778
LAVAL,AVIGNON TGV,23,0.10555555555555557
LAVAL,AVIGNON TGV,24,0.027777777777777776
LAVAL,AVIGNON TGV,25,0.005555555555555556
LAVAL,AVIGNON TGV,26,0.0
LAVAL,AVIGNON TGV,27,0.0
LAVAL,AVIGNON TGV,28,0.005555555555555556
LAVAL,AVIGNON TGV,29,0.011111111111111112
LAVAL,AVIGNON TGV,30,0.0
LAVAL,GRENOBLE,0,0.0
LAVAL,GRENOBLE,1,0.0
LAVAL,GRENOBLE,2,0.0
LAVAL,GRENOBLE,3,0.0
LAVAL,GRENOBLE,4,0.0
LAVAL,GRENOBLE,5,0.0
LAVAL,GRENOBLE,6,0.0
LAVAL,GRENOBLE,7,0.0
LAVAL,GRENOBLE,8,0.0
LAVAL,GRENOBLE,9,0.0
LAVAL,GRENOBLE,10,0.0
LAVAL,GRENOBLE,11,0.0
LAVAL,GRENOBLE,12,0.0
LAVAL,GRENOBLE,13,0.0
LAVAL,GRENOBLE,14,0.0
LAVAL,GRENOBLE,15,0.0
LAVAL,GRENOBLE,16,0.0
LAVAL,GRENOBLE,17,0.0
LAVAL,GRENOBLE,18,0.0
LAVAL,GRENOBLE,19,0.0
LAVAL,GRENOBLE,20,0.0
LAVAL,GRENOBLE,21,0.0
LAVAL,GRENOBLE,22,0.0
LAVAL,GRENOBLE,23,0.0
LAVAL,GRENOBLE,24,0.0
LAVAL,GRENOBLE,25,0.0
LAVAL,GRENOBLE,26,0.0
LAVAL,GRENOBLE,27,0.0
LAVAL,GRENOBLE,28,0.0
LAVAL,GRENOBLE,29,0.0
LAVAL,GRENOBLE,30,0.0
LAVAL,LE MANS,0,0.930128205128205
LAVAL,LE MANS,1,0.9200320512820513
LAVAL,LE MANS,2,0.8960063897763578
LAVAL,LE MANS,3,0.8600961538461539
LAVAL,LE MANS,4,0.613301282051282
LAVAL,LE MANS,5,0.6049679487179487
LAVAL,LE MANS,6,0.5802884615384616
LAVAL,LE MANS,7,0.5229166666666667
LAVAL,LE MANS,8,0.485048231511254
LAVAL,LE MANS,9,0.4746774193548387
LAVAL,LE MANS,10,0.4514516129032258
LAVAL,LE MANS,11,0.40631067961165046
LAVAL,LE MANS,12,0.19220779220779222
LAVAL,LE MANS,13,0.17149837133550488
LAVAL,LE MANS,14,0.16107491856677525
LAVAL,LE MANS,15,0.1576797385620915
LAVAL,LE MANS,16,0.14397394136807817
LAVAL,LE MANS,17,0.1362295081967213
LAVAL,LE MANS,18,0.12770491803278688
LAVAL,LE MANS,19,0.12236842105263158
LAVAL,LE MANS,20,0.11452145214521453
LAVAL,LE MANS,21,0.11390728476821192
LAVAL,LE MANS,22,0.1119205298013245
LAVAL,LE MANS,23,0.10364238410596027
LAVAL,LE MANS,24,0.10514950166112956
LAVAL,LE MANS,25,0.1058139534883721
LAVAL,LE MANS,26,0.10332225913621262
LAVAL,LE MANS,27,0.09833333333333333
LAVAL,LE MANS,28,0.09533333333333334
LAVAL,LE MANS,29,0.0939799331103679
LAVAL,LE MANS,30,0.017449664429530203
LAVAL,LYON (intramuros),0,0.3822683706070288
LAVAL,LYON (intramuros),1,0.37843450479233226
LAVAL,LYON (intramuros),2,0.37165605095541404
LAVAL,LYON (intramuros),3,0.34872204472843454
LAVAL,LYON (intramuros),4,0.1817891373801917
LAVAL,LYON (intramuros),5,0.18833865814696488
LAVAL,LYON (intramuros),6,0.18977635782747604
LAVAL,LYON (intramuros),7,0.1792332268370607
LAVAL,LYON (intramuros),8,0.1751602564102564
LAVAL,LYON (intramuros),9,0.17958199356913185
LAVAL,LYON (intramuros),10,0.17765273311897106
LAVAL,LYON (intramuros),11,0.17612903225806453
LAVAL,LYON (intramuros),12,0.047411003236245954
LAVAL,LYON (intramuros),13,0.042694805194805195
LAVAL,LYON (intramuros),14,0.0375
LAVAL,LYON (intramuros),15,0.03876221498371336
LAVAL,LYON (intramuros),16,0.03778501628664495
LAVAL,LYON (intramuros),17,0.04264705882352941
LAVAL,LYON (intramuros),18,0.041176470588235294
LAVAL,LYON (intramuros),19,0.040983606557377046
LAVAL,LYON (intramuros),20,0.03881578947368421
LAVAL,LYON (intramuros),21,0.038943894389438946
LAVAL,LYON (intramuros),22,0.0372937293729373
LAVAL,LYON (intramuros),23,0.033003300330033
LAVAL,LYON (intramuros),24,0.031788079470198675
LAVAL,LYON (intramuros),25,0.03509933774834437
LAVAL,LYON (intramuros),26,0.03410596026490066
LAVAL,LYON (intramuros),27,0.0340531561461794
LAVAL,LYON (intramuros),28,0.03255813953488372
LAVAL,LYON (intramuros),29,0.033166666666666664
LAVAL,LYON (intramuros),30,0.0053511705685618735
LAVAL,MARSEILLE ST CHARLES,0,0.7333333333333333
LAVAL,MARSEILLE ST CHARLES,1,0.8444444444444444
LAVAL,MARSEILLE ST CHARLES,2,0.7833333333333333
LAVAL,MARSEILLE ST CHARLES,3,0.75
LAVAL,MARSEILLE ST CHARLES,4,0.5666666666666667
LAVAL,MARSEILLE ST CHARLES,5,0.5166666666666667
LAVAL,MARSEILLE ST CHARLES,6,0.4444444444444444
LAVAL,MARSEILLE ST CHARLES,7,0.47777777777777775
LAVAL,MARSEILLE ST CHARLES,8,0.35555555555555557
LAVAL,MARSEILLE ST CHARLES,9,0.30000000000000004
LAVAL,MARSEILLE ST CHARLES,10,0.35555555555555557
LAVAL,MARSEILLE ST CHARLES,11,0.3333333333333333
LAVAL,MARSEILLE ST CHARLES,12,0.08333333333333333
LAVAL,MARSEILLE ST CHARLES,13,0.14444444444444446
LAVAL,MARSEILLE ST CHARLES,14,0.12222222222222223
LAVAL,MARSEILLE ST CHARLES,15,0.13333333333333336
LAVAL,MARSEILLE ST CHARLES,16,0.1277777777777778
LAVAL,MARSEILLE ST CHARLES,17,0.1277777777777778
LAVAL,MARSEILLE ST CHARLES,18,0.11666666666666667
LAVAL,MARSEILLE ST CHARLES,19,0.11666666666666667
LAVAL,MARSEILLE ST CHARLES,20,0.1111111111111111
LAVAL,MARSEILLE ST CHARLES,21,0.1111111111111111
LAVAL,MARSEILLE ST CHARLES,22,0.1111111111111111
LAVAL,MARSEILLE ST CHARLES,23,0.08888888888888889
LAVAL,MARSEILLE ST CHARLES,24,0.02222222222222222
LAVAL,MARSEILLE ST CHARLES,25,0.005555555555555556
LAVAL,MARSEILLE ST CHARLES,26,0.005555555555555556
LAVAL,MARSEILLE ST CHARLES,27,0.0
LAVAL,MARSEILLE ST CHARLES,28,0.022222222222222223
LAVAL,MARSEILLE ST CHARLES,29,0.027777777777777776
LAVAL,MARSEILLE ST CHARLES,30,0.0
LAVAL,MASSY PALAISEAU,0,0.8999999999999999
LAVAL,MASSY PALAISEAU,1,0.8944444444444445
LAVAL,MASSY PALAISEAU,2,0.7944444444444445
LAVAL,MASSY PALAISEAU,3,0.8222222222222223
LAVAL,MASSY PALAISEAU,4,0.7055555555555555
LAVAL,MASSY PALAISEAU,5,0.6777777777777777
LAVAL,MASSY PALAISEAU,6,0.6777777777777777
LAVAL,MASSY PALAISEAU,7,0.6777777777777777
LAVAL,MASSY PALAISEAU,8,0.6611111111111111
LAVAL,MASSY PALAISEAU,9,0.6555555555555556
LAVAL,MASSY PALAISEAU,10,0.6444444444444444
LAVAL,MASSY PALAISEAU,11,0.6499999999999999
LAVAL,MASSY PALAISEAU,12,0.5611111111111111
LAVAL,MASSY PALAISEAU,13,0.6000000000000001
LAVAL,MASSY PALAISEAU,14,0.5555555555555556
LAVAL,MASSY PALAISEAU,15,0.55
LAVAL,MASSY PALAISEAU,16,0.5555555555555556
LAVAL,MASSY PALAISEAU,17,0.5555555555555556
LAVAL,MASSY PALAISEAU,18,0.5555555555555556
LAVAL,MASSY PALAISEAU,19,0.5555555555555556
LAVAL,MASSY PALAISEAU,20,0.5555555555555556
LAVAL,MASSY PALAISEAU,21,0.55
LAVAL,MASSY PALAISEAU,22,0.55
LAVAL,MASSY PALAISEAU,23,0.55
LAVAL,MASSY PALAISEAU,24,0.5555555555555556
LAVAL,MASSY PALAISEAU,25,0.5555555555555556
LAVAL,MASSY PALAISEAU,26,0.5555555555555556
LAVAL,MASSY PALAISEAU,27,0.5555555555555556
LAVAL,MASSY PALAISEAU,28,0.5444444444444445
LAVAL,MASSY PALAISEAU,29,0.5222222222222221
LAVAL,MASSY PALAISEAU,30,0.07777777777777778
LAVAL,MASSY TGV,0,0.5615131578947368
LAVAL,MASSY TGV,1,0.5445723684210527
LAVAL,MASSY TGV,2,0.5485245901639345
LAVAL,MASSY TGV,3,0.5182565789473684
LAVAL,MASSY TGV,4,0.23059210526315788
LAVAL,MASSY TGV,5,0.2370065789473684
LAVAL,MASSY TGV,6,0.24309210526315791
LAVAL,MASSY TGV,7,0.22516447368421053
LAVAL,MASSY TGV,8,0.22079207920792082
LAVAL,MASSY TGV,9,0.2293046357615894
LAVAL,MASSY TGV,10,0.22301324503311257
LAVAL,MASSY TGV,11,0.22524916943521595
LAVAL,MASSY TGV,12,0.07450000000000001
LAVAL,MASSY TGV,13,0.061872909698996656
LAVAL,MASSY TGV,14,0.05568561872909698
LAVAL,MASSY TGV,15,0.05553691275167785
LAVAL,MASSY TGV,16,0.05620805369127517
LAVAL,MASSY TGV,17,0.061447811447811446
LAVAL,MASSY TGV,18,0.06363636363636363
LAVAL,MASSY TGV,19,0.060472972972972966
LAVAL,MASSY TGV,20,0.06
LAVAL,MASSY TGV,21,0.05731292517006803
LAVAL,MASSY TGV,22,0.05612244897959184
LAVAL,MASSY TGV,23,0.05425170068027211
LAVAL,MASSY TGV,24,0.0537542662116041
LAVAL,MASSY TGV,25,0.05648464163822526
LAVAL,MASSY TGV,26,0.05255972696245734
LAVAL,MASSY TGV,27,0.052226027397260275
LAVAL,MASSY TGV,28,0.0488013698630137
LAVAL,MASSY TGV,29,0.0479381443298969
LAVAL,MASSY TGV,30,0.010689655172413793
LAVAL,MONTPELLIER SAINT ROCH,0,0.07142857142857142
LAVAL,MONTPELLIER SAINT ROCH,1,0.05
LAVAL,MONTPELLIER SAINT ROCH,2,0.029591836734693875
LAVAL,MONTPELLIER SAINT ROCH,3,0.05319148936170213
LAVAL,MONTPELLIER SAINT ROCH,4,0.040625
LAVAL,MONTPELLIER SAINT ROCH,5,0.026041666666666668
LAVAL,MONTPELLIER SAINT ROCH,6,0.02291666666666667
LAVAL,MONTPELLIER SAINT ROCH,7,0.02142857142857143
LAVAL,MONTPELLIER SAINT ROCH,8,0.02142857142857143
LAVAL,MONTPELLIER SAINT ROCH,9,0.022448979591836737
LAVAL,MONTPELLIER SAINT ROCH,10,0.022340425531914895
LAVAL,MONTPELLIER SAINT ROCH,11,0.02291666666666667
LAVAL,MONTPELLIER SAINT ROCH,12,0.022916666666666665
LAVAL,MONTPELLIER SAINT ROCH,13,0.022916666666666665
LAVAL,MONTPELLIER SAINT ROCH,14,0.023469387755102045
LAVAL,MONTPELLIER SAINT ROCH,15,0.022448979591836737
LAVAL,MONTPELLIER SAINT ROCH,16,0.02040816326530612
LAVAL,MONTPELLIER SAINT ROCH,17,0.02127659574468085
LAVAL,MONTPELLIER SAINT ROCH,18,0.020833333333333332
LAVAL,MONTPELLIER SAINT ROCH,19,0.019791666666666666
LAVAL,MONTPELLIER SAINT ROCH,20,0.019791666666666666
LAVAL,MONTPELLIER SAINT ROCH,21,0.019791666666666666
LAVAL,MONTPELLIER SAINT ROCH,22,0.020833333333333332
LAVAL,MONTPELLIER SAINT ROCH,23,0.020833333333333332
LAVAL,MONTPELLIER SAINT ROCH,24,0.02608695652173913
LAVAL,MONTPELLIER SAINT ROCH,25,0.020212765957446806
LAVAL,MONTPELLIER SAINT ROCH,26,0.02127659574468085
LAVAL,MONTPELLIER SAINT ROCH,27,0.020212765957446806
LAVAL,MONTPELLIER SAINT ROCH,28,0.020212765957446806
LAVAL,MONTPELLIER SAINT ROCH,29,0.020212765957446806
LAVAL,MONTPELLIER SAINT ROCH,30,0.004347826086956522
LAVAL,MONTPELLIER SUD DE FRANCE,0,0.0
LAVAL,MONTPELLIER SUD DE FRANCE,1,0.0
LAVAL,MONTPELLIER SUD DE FRANCE,2,0.0
LAVAL,MONTPELLIER SUD DE FRANCE,3,0.0
LAVAL,MONTPELLIER SUD DE FRANCE,4,0.0
LAVAL,MONTPELLIER SUD DE FRANCE,5,0.0
LAVAL,MONTPELLIER SUD DE FRANCE,6,0.0
LAVAL,MONTPELLIER SUD DE FRANCE,7,0.0
LAVAL,MONTPELLIER SUD DE FRANCE,8,0.0
LAVAL,MONTPELLIER SUD DE FRANCE,9,0.0
LAVAL,MONTPELLIER SUD DE FRANCE,10,0.0
LAVAL,MONTPELLIER SUD DE FRANCE,11,0.0
LAVAL,MONTPELLIER SUD DE FRANCE,12,0.0
LAVAL,MONTPELLIER SUD DE FRANCE,13,0.0
LAVAL,MONTPELLIER SUD DE FRANCE,14,0.0
LAVAL,MONTPELLIER SUD DE FRANCE,15,0.0
LAVAL,MONTPELLIER SUD DE FRANCE,16,0.0
LAVAL,MONTPELLIER SUD DE FRANCE,17,0.0
LAVAL,MONTPELLIER SUD DE FRANCE,18,0.0
LAVAL,MONTPELLIER SUD DE FRANCE,19,0.0
LAVAL,MONTPELLIER SUD DE FRANCE,20,0.0
LAVAL,MONTPELLIER SUD DE FRANCE,21,0.0
LAVAL,MONTPELLIER SUD DE FRANCE,22,0.0
LAVAL,MONTPELLIER SUD DE FRANCE,23,0.0
LAVAL,MONTPELLIER SUD DE FRANCE,24,0.0
LAVAL,MONTPELLIER SUD DE FRANCE,25,0.0
LAVAL,MONTPELLIER SUD DE FRANCE,26,0.0
LAVAL,MONTPELLIER SUD DE FRANCE,27,0.0
LAVAL,MONTPELLIER SUD DE FRANCE,28,0.0
LAVAL,MONTPELLIER SUD DE FRANCE,29,0.0
LAVAL,MONTPELLIER SUD DE FRANCE,30,0.0
LAVAL,NIMES CENTRE,0,0.07551020408163266
LAVAL,NIMES CENTRE,1,0.04387755102040816
LAVAL,NIMES CENTRE,2,0.027551020408163266
LAVAL,NIMES CENTRE,3,0.06170212765957447
LAVAL,NIMES CENTRE,4,0.036458333333333336
LAVAL,NIMES CENTRE,5,0.02395833333333333
LAVAL,NIMES CENTRE,6,0.02291666666666667
LAVAL,NIMES CENTRE,7,0.024489795918367346
LAVAL,NIMES CENTRE,8,0.023469387755102038
LAVAL,NIMES CENTRE,9,0.022448979591836737
LAVAL,NIMES CENTRE,10,0.024468085106382983
LAVAL,NIMES CENTRE,11,0.023958333333333335
LAVAL,NIMES CENTRE,12,0.02291666666666667
LAVAL,NIMES CENTRE,13,0.021875000000000002
LAVAL,NIMES CENTRE,14,0.019387755102040816
LAVAL,NIMES CENTRE,15,0.02142857142857143
LAVAL,NIMES CENTRE,16,0.019387755102040816
LAVAL,NIMES CENTRE,17,0.020212765957446806
LAVAL,NIMES CENTRE,18,0.020833333333333332
LAVAL,NIMES CENTRE,19,0.020833333333333332
LAVAL,NIMES CENTRE,20,0.020833333333333332
LAVAL,NIMES CENTRE,21,0.020833333333333332
LAVAL,NIMES CENTRE,22,0.021875000000000002
LAVAL,NIMES CENTRE,23,0.020833333333333332
LAVAL,NIMES CENTRE,24,0.021739130434782608
LAVAL,NIMES CENTRE,25,0.02127659574468085
LAVAL,NIMES CENTRE,26,0.02127659574468085
LAVAL,NIMES CENTRE,27,0.02127659574468085
LAVAL,NIMES CENTRE,28,0.02340425531914894
LAVAL,NIMES CENTRE,29,0.018085106382978722
LAVAL,NIMES CENTRE,30,0.0010869565217391304
LAVAL,NIMES PONT DU GARD,0,0.0
LAVAL,NIMES PONT DU GARD,1,0.0
LAVAL,NIMES PONT DU GARD,2,0.0
LAVAL,NIMES PONT DU GARD,3,0.0
LAVAL,NIMES PONT DU GARD,4,0.05
LAVAL,NIMES PONT DU GARD,5,0.05
LAVAL,NIMES PONT DU GARD,6,0.0
LAVAL,NIMES PONT DU GARD,7,0.0
LAVAL,NIMES PONT DU GARD,8,0.0
LAVAL,NIMES PONT DU GARD,9,0.0
LAVAL,NIMES PONT DU GARD,10,0.0
LAVAL,NIMES PONT DU GARD,11,0.1
LAVAL,NIMES PONT DU GARD,12,0.0
LAVAL,NIMES PONT DU GARD,13,0.0
LAVAL,NIMES PONT DU GARD,14,0.0
LAVAL,NIMES PONT DU GARD,15,0.0
LAVAL,NIMES PONT DU GARD,16,0.0
LAVAL,NIMES PONT DU GARD,17,0.0
LAVAL,NIMES PONT DU GARD,18,0.0
LAVAL,NIMES PONT DU GARD,19,0.0
LAVAL,NIMES PONT DU GARD,20,0.0
LAVAL,NIMES PONT DU GARD,21,0.0
LAVAL,NIMES PONT DU GARD,22,0.0
LAVAL,NIMES PONT DU GARD,23,0.0
LAVAL,NIMES PONT DU GARD,24,0.0
LAVAL,NIMES PONT DU GARD,25,0.0
LAVAL,NIMES PONT DU GARD,26,0.0
LAVAL,NIMES PONT DU GARD,27,0.0
LAVAL,NIMES PONT DU GARD,28,0.0
LAVAL,NIMES PONT DU GARD,29,0.0
LAVAL,NIMES PONT DU GARD,30,0.0
LAVAL,RENNES,0,0.8921568627450981
LAVAL,RENNES,1,0.8990196078431373
LAVAL,RENNES,2,0.907843137254902
LAVAL,RENNES,3,0.9058823529411765
LAVAL,RENNES,4,0.9163461538461538
LAVAL,RENNES,5,0.9365384615384615
LAVAL,RENNES,6,0.9509615384615385
LAVAL,RENNES,7,0.9413461538461539
LAVAL,RENNES,8,0.9303921568627451
LAVAL,RENNES,9,0.9470000000000001
LAVAL,RENNES,10,0.9581632653061225
LAVAL,RENNES,11,0.915625
LAVAL,RENNES,12,0.5329787234042553
LAVAL,RENNES,13,0.5434782608695652
LAVAL,RENNES,14,0.5511111111111111
LAVAL,RENNES,15,0.5590909090909091
LAVAL,RENNES,16,0.5267441860465116
LAVAL,RENNES,17,0.5297619047619048
LAVAL,RENNES,18,0.5231707317073171
LAVAL,RENNES,19,0.525
LAVAL,RENNES,20,0.54375
LAVAL,RENNES,21,0.5051282051282051
LAVAL,RENNES,22,0.5
LAVAL,RENNES,23,0.4810810810810811
LAVAL,RENNES,24,0.47500000000000003
LAVAL,RENNES,25,0.4666666666666667
LAVAL,RENNES,26,0.4444444444444444
LAVAL,RENNES,27,0.4694444444444444
LAVAL,RENNES,28,0.4666666666666667
LAVAL,RENNES,29,0.45694444444444443
LAVAL,RENNES,30,0.08571428571428572
LAVAL,VALENCE TGV AUVERGNE RHONE ALPES,0,0.14545454545454545
LAVAL,VALENCE TGV AUVERGNE RHONE ALPES,1,0.15181818181818182
LAVAL,VALENCE TGV AUVERGNE RHONE ALPES,2,0.13636363636363635
LAVAL,VALENCE TGV AUVERGNE RHONE ALPES,3,0.13584905660377358
LAVAL,VALENCE TGV AUVERGNE RHONE ALPES,4,0.10185185185185185
LAVAL,VALENCE TGV AUVERGNE RHONE ALPES,5,0.09907407407407406
LAVAL,VALENCE TGV AUVERGNE RHONE ALPES,6,0.08055555555555555
LAVAL,VALENCE TGV AUVERGNE RHONE ALPES,7,0.09363636363636363
LAVAL,VALENCE TGV AUVERGNE RHONE ALPES,8,0.061818181818181814
LAVAL,VALENCE TGV AUVERGNE RHONE ALPES,9,0.06272727272727273
LAVAL,VALENCE TGV AUVERGNE RHONE ALPES,10,0.06320754716981132
LAVAL,VALENCE TGV AUVERGNE RHONE ALPES,11,0.06111111111111111
LAVAL,VALENCE TGV AUVERGNE RHONE ALPES,12,0.028703703703703703
LAVAL,VALENCE TGV AUVERGNE RHONE ALPES,13,0.041666666666666664
LAVAL,VALENCE TGV AUVERGNE RHONE ALPES,14,0.039090909090909086
LAVAL,VALENCE TGV AUVERGNE RHONE ALPES,15,0.03727272727272727
LAVAL,VALENCE TGV AUVERGNE RHONE ALPES,16,0.03727272727272727
LAVAL,VALENCE TGV AUVERGNE RHONE ALPES,17,0.03773584905660377
LAVAL,VALENCE TGV AUVERGNE RHONE ALPES,18,0.037037037037037035
LAVAL,VALENCE TGV AUVERGNE RHONE ALPES,19,0.03888888888888889
LAVAL,VALENCE TGV AUVERGNE RHONE ALPES,20,0.03888888888888889
LAVAL,VALENCE TGV AUVERGNE RHONE ALPES,21,0.03888888888888889
LAVAL,VALENCE TGV AUVERGNE RHONE ALPES,22,0.03888888888888889
LAVAL,VALENCE TGV AUVERGNE RHONE ALPES,23,0.03333333333333333
LAVAL,VALENCE TGV AUVERGNE RHONE ALPES,24,0.023076923076923075
LAVAL,VALENCE TGV AUVERGNE RHONE ALPES,25,0.017924528301886792
LAVAL,VALENCE TGV AUVERGNE RHONE ALPES,26,0.017924528301886792
LAVAL,VALENCE TGV AUVERGNE RHONE ALPES,27,0.019811320754716984
LAVAL,VALENCE TGV AUVERGNE RHONE ALPES,28,0.020754716981132078
LAVAL,VALENCE TGV AUVERGNE RHONE ALPES,29,0.020754716981132074
LAVAL,VALENCE TGV AUVERGNE RHONE ALPES,30,0.0038461538461538464
LAVAL,VERSAILLES CHANTIERS,0,1.0
LAVAL,VERSAILLES CHANTIERS,1,1.0
LAVAL,VERSAILLES CHANTIERS,2,0.99
LAVAL,VERSAILLES CHANTIERS,3,1.0
LAVAL,VERSAILLES CHANTIERS,4,0.78
LAVAL,VERSAILLES CHANTIERS,5,0.78
LAVAL,VERSAILLES CHANTIERS,6,0.79
LAVAL,VERSAILLES CHANTIERS,7,0.63
LAVAL,VERSAILLES CHANTIERS,8,0.58
LAVAL,VERSAILLES CHANTIERS,9,0.47000000000000003
LAVAL,VERSAILLES CHANTIERS,10,0.58
LAVAL,VERSAILLES CHANTIERS,11,0.55
LAVAL,VERSAILLES CHANTIERS,12,0.1
LAVAL,VERSAILLES CHANTIERS,13,0.21000000000000002
LAVAL,VERSAILLES CHANTIERS,14,0.21000000000000002
LAVAL,VERSAILLES CHANTIERS,15,0.21000000000000002
LAVAL,VERSAILLES CHANTIERS,16,0.2
LAVAL,VERSAILLES CHANTIERS,17,0.21000000000000002
LAVAL,VERSAILLES CHANTIERS,18,0.21000000000000002
LAVAL,VERSAILLES CHANTIERS,19,0.2
LAVAL,VERSAILLES CHANTIERS,20,0.2
LAVAL,VERSAILLES CHANTIERS,21,0.2
LAVAL,VERSAILLES CHANTIERS,22,0.19
LAVAL,VERSAILLES CHANTIERS,23,0.18
LAVAL,VERSAILLES CHANTIERS,24,0.04
LAVAL,VERSAILLES CHANTIERS,25,0.02
LAVAL,VERSAILLES CHANTIERS,26,0.0
LAVAL,VERSAILLES CHANTIERS,27,0.0
LAVAL,VERSAILLES CHANTIERS,28,0.01
LAVAL,VERSAILLES CHANTIERS,29,0.01
LAVAL,VERSAILLES CHANTIERS,30,0.0
LE HAVRE,AVIGNON TGV,0,0.32263157894736844
LE HAVRE,AVIGNON TGV,1,0.30547703180212016
LE HAVRE,AVIGNON TGV,2,0.28719298245614033
LE HAVRE,AVIGNON TGV,3,0.281993006993007
LE HAVRE,AVIGNON TGV,4,0.1878048780487805
LE HAVRE,AVIGNON TGV,5,0.20596491228070177
LE HAVRE,AVIGNON TGV,6,0.21566901408450703
LE HAVRE,AVIGNON TGV,7,0.22720848056537102
LE HAVRE,AVIGNON TGV,8,0.22314487632508834
LE HAVRE,AVIGNON TGV,9,0.21784452296819787
LE HAVRE,AVIGNON TGV,10,0.23485915492957748
LE HAVRE,AVIGNON TGV,11,0.22596491228070179
LE HAVRE,AVIGNON TGV,12,0.057773851590106014
LE HAVRE,AVIGNON TGV,13,0.056205673758865246
LE HAVRE,AVIGNON TGV,14,0.05854092526690391
LE HAVRE,AVIGNON TGV,15,0.055338078291814946
LE HAVRE,AVIGNON TGV,16,0.058362989323843414
LE HAVRE,AVIGNON TGV,17,0.05391459074733096
LE HAVRE,AVIGNON TGV,18,0.05391459074733096
LE HAVRE,AVIGNON TGV,19,0.058960573476702506
LE HAVRE,AVIGNON TGV,20,0.06379928315412187
LE HAVRE,AVIGNON TGV,21,0.06505376344086021
LE HAVRE,AVIGNON TGV,22,0.06756272401433693
LE HAVRE,AVIGNON TGV,23,0.06564748201438848
LE HAVRE,AVIGNON TGV,24,0.06618705035971223
LE HAVRE,AVIGNON TGV,25,0.0723021582733813
LE HAVRE,AVIGNON TGV,26,0.06739130434782609
LE HAVRE,AVIGNON TGV,27,0.06648550724637682
LE HAVRE,AVIGNON TGV,28,0.06920289855072465
LE HAVRE,AVIGNON TGV,29,0.0713768115942029
LE HAVRE,AVIGNON TGV,30,0.012363636363636363
LE HAVRE,LYON (intramuros),0,0.32
LE HAVRE,LYON (intramuros),1,0.3136042402826855
LE HAVRE,LYON (intramuros),2,0.29526315789473684
LE HAVRE,LYON (intramuros),3,0.29265734265734267
LE HAVRE,LYON (intramuros),4,0.2165505226480836
LE HAVRE,LYON (intramuros),5,0.22912280701754384
LE HAVRE,LYON (intramuros),6,0.22816901408450704
LE HAVRE,LYON (intramuros),7,0.22332155477031804
LE HAVRE,LYON (intramuros),8,0.22102473498233213
LE HAVRE,LYON (intramuros),9,0.22049469964664312
LE HAVRE,LYON (intramuros),10,0.23573943661971833
LE HAVRE,LYON (intramuros),11,0.22999999999999998
LE HAVRE,LYON (intramuros),12,0.060600706713780914
LE HAVRE,LYON (intramuros),13,0.059574468085106386
LE HAVRE,LYON (intramuros),14,0.062099644128113876
LE HAVRE,LYON (intramuros),15,0.05658362989323844
LE HAVRE,LYON (intramuros),16,0.06014234875444839
LE HAVRE,LYON (intramuros),17,0.05711743772241993
LE HAVRE,LYON (intramuros),18,0.05854092526690391
LE HAVRE,LYON (intramuros),19,0.06075268817204301
LE HAVRE,LYON (intramuros),20,0.06541218637992832
LE HAVRE,LYON (intramuros),21,0.06523297491039426
LE HAVRE,LYON (intramuros),22,0.06845878136200717
LE HAVRE,LYON (intramuros),23,0.06690647482014389
LE HAVRE,LYON (intramuros),24,0.06654676258992806
LE HAVRE,LYON (intramuros),25,0.07517985611510791
LE HAVRE,LYON (intramuros),26,0.07155797101449275
LE HAVRE,LYON (intramuros),27,0.06884057971014493
LE HAVRE,LYON (intramuros),28,0.06793478260869565
LE HAVRE,LYON (intramuros),29,0.07481884057971014
LE HAVRE,LYON (intramuros),30,0.012909090909090908
LE HAVRE,MANTES LA JOLIE,0,0.8677192982456141
LE HAVRE,MANTES LA JOLIE,1,0.8598939929328622
LE HAVRE,MANTES LA JOLIE,2,0.8328070175438597
LE HAVRE,MANTES LA JOLIE,3,0.8363636363636363
LE HAVRE,MANTES LA JOLIE,4,0.7219512195121951
LE HAVRE,MANTES LA JOLIE,5,0.7075438596491228
LE HAVRE,MANTES LA JOLIE,6,0.6841549295774648
LE HAVRE,MANTES LA JOLIE,7,0.6584805653710247
LE HAVRE,MANTES LA JOLIE,8,0.6167844522968198
LE HAVRE,MANTES LA JOLIE,9,0.5952296819787986
LE HAVRE,MANTES LA JOLIE,10,0.5521126760563381
LE HAVRE,MANTES LA JOLIE,11,0.5245614035087719
LE HAVRE,MANTES LA JOLIE,12,0.2941696113074205
LE HAVRE,MANTES LA JOLIE,13,0.28404255319148936
LE HAVRE,MANTES LA JOLIE,14,0.2727758007117438
LE HAVRE,MANTES LA JOLIE,15,0.26370106761565837
LE HAVRE,MANTES LA JOLIE,16,0.25213523131672594
LE HAVRE,MANTES LA JOLIE,17,0.24697508896797155
LE HAVRE,MANTES LA JOLIE,18,0.23807829181494664
LE HAVRE,MANTES LA JOLIE,19,0.24265232974910395
LE HAVRE,MANTES LA JOLIE,20,0.2381720430107527
LE HAVRE,MANTES LA JOLIE,21,0.2252688172043011
LE HAVRE,MANTES LA JOLIE,22,0.22043010752688172
LE HAVRE,MANTES LA JOLIE,23,0.2131294964028777
LE HAVRE,MANTES LA JOLIE,24,0.2068345323741007
LE HAVRE,MANTES LA JOLIE,25,0.20737410071942444
LE HAVRE,MANTES LA JOLIE,26,0.20199275362318841
LE HAVRE,MANTES LA JOLIE,27,0.19728260869565217
LE HAVRE,MANTES LA JOLIE,28,0.19637681159420292
LE HAVRE,MANTES LA JOLIE,29,0.19456521739130436
LE HAVRE,MANTES LA JOLIE,30,0.028
LE HAVRE,MARSEILLE ST CHARLES,0,0.32070175438596493
LE HAVRE,MARSEILLE ST CHARLES,1,0.30565371024734983
LE HAVRE,MARSEILLE ST CHARLES,2,0.2887719298245614
LE HAVRE,MARSEILLE ST CHARLES,3,0.2818181818181818
LE HAVRE,MARSEILLE ST CHARLES,4,0.19808362369337978
LE HAVRE,MARSEILLE ST CHARLES,5,0.2056140350877193
LE HAVRE,MARSEILLE ST CHARLES,6,0.2176056338028169
LE HAVRE,MARSEILLE ST CHARLES,7,0.22897526501766782
LE HAVRE,MARSEILLE ST CHARLES,8,0.21784452296819787
LE HAVRE,MARSEILLE ST CHARLES,9,0.2157243816254417
LE HAVRE,MARSEILLE ST CHARLES,10,0.23362676056338025
LE HAVRE,MARSEILLE ST CHARLES,11,0.22789473684210526
LE HAVRE,MARSEILLE ST CHARLES,12,0.054593639575971735
LE HAVRE,MARSEILLE ST CHARLES,13,0.05815602836879432
LE HAVRE,MARSEILLE ST CHARLES,14,0.059074733096085415
LE HAVRE,MARSEILLE ST CHARLES,15,0.05587188612099644
LE HAVRE,MARSEILLE ST CHARLES,16,0.05854092526690391
LE HAVRE,MARSEILLE ST CHARLES,17,0.05355871886120997
LE HAVRE,MARSEILLE ST CHARLES,18,0.054804270462633455
LE HAVRE,MARSEILLE ST CHARLES,19,0.058960573476702506
LE HAVRE,MARSEILLE ST CHARLES,20,0.06397849462365592
LE HAVRE,MARSEILLE ST CHARLES,21,0.06612903225806452
LE HAVRE,MARSEILLE ST CHARLES,22,0.06827956989247312
LE HAVRE,MARSEILLE ST CHARLES,23,0.06600719424460433
LE HAVRE,MARSEILLE ST CHARLES,24,0.06564748201438848
LE HAVRE,MARSEILLE ST CHARLES,25,0.0723021582733813
LE HAVRE,MARSEILLE ST CHARLES,26,0.06775362318840579
LE HAVRE,MARSEILLE ST CHARLES,27,0.06594202898550725
LE HAVRE,MARSEILLE ST CHARLES,28,0.06829710144927537
LE HAVRE,MARSEILLE ST CHARLES,29,0.07228260869565217
LE HAVRE,MARSEILLE ST CHARLES,30,0.012363636363636363
LE HAVRE,MASSY PALAISEAU,0,0.8673684210526316
LE HAVRE,MASSY PALAISEAU,1,0.8593639575971731
LE HAVRE,MASSY PALAISEAU,2,0.8317543859649124
LE HAVRE,MASSY PALAISEAU,3,0.8356643356643356
LE HAVRE,MASSY PALAISEAU,4,0.7191637630662021
LE HAVRE,MASSY PALAISEAU,5,0.7052631578947368
LE HAVRE,MASSY PALAISEAU,6,0.6769366197183099
LE HAVRE,MASSY PALAISEAU,7,0.6540636042402826
LE HAVRE,MASSY PALAISEAU,8,0.6159010600706715
LE HAVRE,MASSY PALAISEAU,9,0.5895759717314487
LE HAVRE,MASSY PALAISEAU,10,0.5545774647887324
LE HAVRE,MASSY PALAISEAU,11,0.5268421052631579
LE HAVRE,MASSY PALAISEAU,12,0.28833922261484096
LE HAVRE,MASSY PALAISEAU,13,0.2854609929078014
LE HAVRE,MASSY PALAISEAU,14,0.2695729537366548
LE HAVRE,MASSY PALAISEAU,15,0.2629893238434164
LE HAVRE,MASSY PALAISEAU,16,0.24946619217081847
LE HAVRE,MASSY PALAISEAU,17,0.24572953736654804
LE HAVRE,MASSY PALAISEAU,18,0.2402135231316726
LE HAVRE,MASSY PALAISEAU,19,0.24229390681003582
LE HAVRE,MASSY PALAISEAU,20,0.23637992831541219
LE HAVRE,MASSY PALAISEAU,21,0.2252688172043011
LE HAVRE,MASSY PALAISEAU,22,0.22132616487455198
LE HAVRE,MASSY PALAISEAU,23,0.21151079136690645
LE HAVRE,MASSY PALAISEAU,24,0.20485611510791368
LE HAVRE,MASSY PALAISEAU,25,0.2079136690647482
LE HAVRE,MASSY PALAISEAU,26,0.20018115942028986
LE HAVRE,MASSY PALAISEAU,27,0.19800724637681158
LE HAVRE,MASSY PALAISEAU,28,0.19891304347826086
LE HAVRE,MASSY PALAISEAU,29,0.19402173913043477
LE HAVRE,MASSY PALAISEAU,30,0.028545454545454544
LE HAVRE,ROUEN RIVE DROITE,0,0.9959649122807018
LE HAVRE,ROUEN RIVE DROITE,1,0.9973498233215548
LE HAVRE,ROUEN RIVE DROITE,2,0.9949122807017544
LE HAVRE,ROUEN RIVE DROITE,3,0.9944055944055943
LE HAVRE,ROUEN RIVE DROITE,4,0.9952961672473867
LE HAVRE,ROUEN RIVE DROITE,5,0.9956140350877193
LE HAVRE,ROUEN RIVE DROITE,6,0.9959507042253521
LE HAVRE,ROUEN RIVE DROITE,7,0.9957597173144876
LE HAVRE,ROUEN RIVE DROITE,8,0.9977031802120142
LE HAVRE,ROUEN RIVE DROITE,9,0.9980565371024734
LE HAVRE,ROUEN RIVE DROITE,10,0.9904929577464789
LE HAVRE,ROUEN RIVE DROITE,11,0.9852631578947368
LE HAVRE,ROUEN RIVE DROITE,12,0.8058303886925795
LE HAVRE,ROUEN RIVE DROITE,13,0.7914893617021276
LE HAVRE,ROUEN RIVE DROITE,14,0.7834519572953736
LE HAVRE,ROUEN RIVE DROITE,15,0.7818505338078291
LE HAVRE,ROUEN RIVE DROITE,16,0.7660142348754448
LE HAVRE,ROUEN RIVE DROITE,17,0.7615658362989324
LE HAVRE,ROUEN RIVE DROITE,18,0.7448398576512456
LE HAVRE,ROUEN RIVE DROITE,19,0.7293906810035843
LE HAVRE,ROUEN RIVE DROITE,20,0.7100358422939068
LE HAVRE,ROUEN RIVE DROITE,21,0.6652329749103942
LE HAVRE,ROUEN RIVE DROITE,22,0.642652329749104
LE HAVRE,ROUEN RIVE DROITE,23,0.6111510791366906
LE HAVRE,ROUEN RIVE DROITE,24,0.6016187050359713
LE HAVRE,ROUEN RIVE DROITE,25,0.5892086330935252
LE HAVRE,ROUEN RIVE DROITE,26,0.5692028985507246
LE HAVRE,ROUEN RIVE DROITE,27,0.5494565217391305
LE HAVRE,ROUEN RIVE DROITE,28,0.5297101449275362
LE HAVRE,ROUEN RIVE DROITE,29,0.5197463768115942
LE HAVRE,ROUEN RIVE DROITE,30,0.056363636363636366
LE HAVRE,VALENCE TGV AUVERGNE RHONE ALPES,0,0.31017543859649127
LE HAVRE,VALENCE TGV AUVERGNE RHONE ALPES,1,0.30848056537102475
LE HAVRE,VALENCE TGV AUVERGNE RHONE ALPES,2,0.2912280701754386
LE HAVRE,VALENCE TGV AUVERGNE RHONE ALPES,3,0.28496503496503495
LE HAVRE,VALENCE TGV AUVERGNE RHONE ALPES,4,0.21602787456445993
LE HAVRE,VALENCE TGV AUVERGNE RHONE ALPES,5,0.22719298245614036
LE HAVRE,VALENCE TGV AUVERGNE RHONE ALPES,6,0.22834507042253518
LE HAVRE,VALENCE TGV AUVERGNE RHONE ALPES,7,0.2197879858657244
LE HAVRE,VALENCE TGV AUVERGNE RHONE ALPES,8,0.21819787985865724
LE HAVRE,VALENCE TGV AUVERGNE RHONE ALPES,9,0.2176678445229682
LE HAVRE,VALENCE TGV AUVERGNE RHONE ALPES,10,0.23257042253521126
LE HAVRE,VALENCE TGV AUVERGNE RHONE ALPES,11,0.22456140350877193
LE HAVRE,VALENCE TGV AUVERGNE RHONE ALPES,12,0.057950530035335686
LE HAVRE,VALENCE TGV AUVERGNE RHONE ALPES,13,0.05815602836879432
LE HAVRE,VALENCE TGV AUVERGNE RHONE ALPES,14,0.058007117437722425
LE HAVRE,VALENCE TGV AUVERGNE RHONE ALPES,15,0.055338078291814946
LE HAVRE,VALENCE TGV AUVERGNE RHONE ALPES,16,0.059430604982206404
LE HAVRE,VALENCE TGV AUVERGNE RHONE ALPES,17,0.054804270462633455
LE HAVRE,VALENCE TGV AUVERGNE RHONE ALPES,18,0.05516014234875445
LE HAVRE,VALENCE TGV AUVERGNE RHONE ALPES,19,0.05931899641577061
LE HAVRE,VALENCE TGV AUVERGNE RHONE ALPES,20,0.06272401433691756
LE HAVRE,VALENCE TGV AUVERGNE RHONE ALPES,21,0.06559139784946237
LE HAVRE,VALENCE TGV AUVERGNE RHONE ALPES,22,0.06684587813620071
LE HAVRE,VALENCE TGV AUVERGNE RHONE ALPES,23,0.06474820143884892
LE HAVRE,VALENCE TGV AUVERGNE RHONE ALPES,24,0.06600719424460431
LE HAVRE,VALENCE TGV AUVERGNE RHONE ALPES,25,0.06924460431654676
LE HAVRE,VALENCE TGV AUVERGNE RHONE ALPES,26,0.06648550724637682
LE HAVRE,VALENCE TGV AUVERGNE RHONE ALPES,27,0.06757246376811593
LE HAVRE,VALENCE TGV AUVERGNE RHONE ALPES,28,0.06739130434782609
LE HAVRE,VALENCE TGV AUVERGNE RHONE ALPES,29,0.07192028985507247
LE HAVRE,VALENCE TGV AUVERGNE RHONE ALPES,30,0.01290909090909091
LE HAVRE,VERSAILLES CHANTIERS,0,0.8694736842105264
LE HAVRE,VERSAILLES CHANTIERS,1,0.8630742049469965
LE HAVRE,VERSAILLES CHANTIERS,2,0.832280701754386
LE HAVRE,VERSAILLES CHANTIERS,3,0.8363636363636363
LE HAVRE,VERSAILLES CHANTIERS,4,0.7229965156794426
LE HAVRE,VERSAILLES CHANTIERS,5,0.7068421052631578
LE HAVRE,VERSAILLES CHANTIERS,6,0.6852112676056338
LE HAVRE,VERSAILLES CHANTIERS,7,0.6549469964664311
LE HAVRE,VERSAILLES CHANTIERS,8,0.6141342756183746
LE HAVRE,VERSAILLES CHANTIERS,9,0.5915194346289753
LE HAVRE,VERSAILLES CHANTIERS,10,0.5533450704225352
LE HAVRE,VERSAILLES CHANTIERS,11,0.5289473684210526
LE HAVRE,VERSAILLES CHANTIERS,12,0.2918727915194346
LE HAVRE,VERSAILLES CHANTIERS,13,0.28368794326241137
LE HAVRE,VERSAILLES CHANTIERS,14,0.2701067615658363
LE HAVRE,VERSAILLES CHANTIERS,15,0.2629893238434164
LE HAVRE,VERSAILLES CHANTIERS,16,0.253202846975089
LE HAVRE,VERSAILLES CHANTIERS,17,0.24608540925266906
LE HAVRE,VERSAILLES CHANTIERS,18,0.23967971530249108
LE HAVRE,VERSAILLES CHANTIERS,19,0.24265232974910395
LE HAVRE,VERSAILLES CHANTIERS,20,0.23745519713261648
LE HAVRE,VERSAILLES CHANTIERS,21,0.22365591397849463
LE HAVRE,VERSAILLES CHANTIERS,22,0.2218637992831541
LE HAVRE,VERSAILLES CHANTIERS,23,0.21169064748201438
LE HAVRE,VERSAILLES CHANTIERS,24,0.20557553956834532
LE HAVRE,VERSAILLES CHANTIERS,25,0.2079136690647482
LE HAVRE,VERSAILLES CHANTIERS,26,0.2
LE HAVRE,VERSAILLES CHANTIERS,27,0.20072463768115942
LE HAVRE,VERSAILLES CHANTIERS,28,0.1996376811594203
LE HAVRE,VERSAILLES CHANTIERS,29,0.19800724637681158
LE HAVRE,VERSAILLES CHANTIERS,30,0.02309090909090909
LE MANS,AIME LA PLAGNE,0,0.275
LE MANS,AIME LA PLAGNE,1,0.23500000000000001
LE MANS,AIME LA PLAGNE,2,0.205
LE MANS,AIME LA PLAGNE,3,0.205
LE MANS,AIME LA PLAGNE,4,0.205
LE MANS,AIME LA PLAGNE,5,0.205
LE MANS,AIME LA PLAGNE,6,0.215
LE MANS,AIME LA PLAGNE,7,0.21000000000000002
LE MANS,AIME LA PLAGNE,8,0.21000000000000002
LE MANS,AIME LA PLAGNE,9,0.195
LE MANS,AIME LA PLAGNE,10,0.11000000000000001
LE MANS,AIME LA PLAGNE,11,0.10999999999999999
LE MANS,AIME LA PLAGNE,12,0.1
LE MANS,AIME LA PLAGNE,13,0.1
LE MANS,AIME LA PLAGNE,14,0.1
LE MANS,AIME LA PLAGNE,15,0.1
LE MANS,AIME LA PLAGNE,16,0.1
LE MANS,AIME LA PLAGNE,17,0.1
LE MANS,AIME LA PLAGNE,18,0.1
LE MANS,AIME LA PLAGNE,19,0.1
LE MANS,AIME LA PLAGNE,20,0.1
LE MANS,AIME LA PLAGNE,21,0.1
LE MANS,AIME LA PLAGNE,22,0.1
LE MANS,AIME LA PLAGNE,23,0.1
LE MANS,AIME LA PLAGNE,24,0.1
LE MANS,AIME LA PLAGNE,25,0.1
LE MANS,AIME LA PLAGNE,26,0.1
LE MANS,AIME LA PLAGNE,27,0.1
LE MANS,AIME LA PLAGNE,28,0.1
LE MANS,AIME LA PLAGNE,29,0.025
LE MANS,AIME LA PLAGNE,30,0.01
LE MANS,AIX EN PROVENCE TGV,0,0.19842857142857143
LE MANS,AIX EN PROVENCE TGV,1,0.20657142857142857
LE MANS,AIX EN PROVENCE TGV,2,0.21657142857142855
LE MANS,AIX EN PROVENCE TGV,3,0.2007142857142857
LE MANS,AIX EN PROVENCE TGV,4,0.07857142857142857
LE MANS,AIX EN PROVENCE TGV,5,0.07785714285714286
LE MANS,AIX EN PROVENCE TGV,6,0.08357142857142857
LE MANS,AIX EN PROVENCE TGV,7,0.07957142857142857
LE MANS,AIX EN PROVENCE TGV,8,0.07142857142857142
LE MANS,AIX EN PROVENCE TGV,9,0.06790830945558739
LE MANS,AIX EN PROVENCE TGV,10,0.07658045977011493
LE MANS,AIX EN PROVENCE TGV,11,0.07780979827089338
LE MANS,AIX EN PROVENCE TGV,12,0.022687861271676303
LE MANS,AIX EN PROVENCE TGV,13,0.019942196531791908
LE MANS,AIX EN PROVENCE TGV,14,0.01956521739130435
LE MANS,AIX EN PROVENCE TGV,15,0.020784883720930233
LE MANS,AIX EN PROVENCE TGV,16,0.01933139534883721
LE MANS,AIX EN PROVENCE TGV,17,0.016228070175438595
LE MANS,AIX EN PROVENCE TGV,18,0.01583577712609971
LE MANS,AIX EN PROVENCE TGV,19,0.018235294117647058
LE MANS,AIX EN PROVENCE TGV,20,0.02168141592920354
LE MANS,AIX EN PROVENCE TGV,21,0.024260355029585796
LE MANS,AIX EN PROVENCE TGV,22,0.02937685459940653
LE MANS,AIX EN PROVENCE TGV,23,0.022767857142857145
LE MANS,AIX EN PROVENCE TGV,24,0.023582089552238807
LE MANS,AIX EN PROVENCE TGV,25,0.02035928143712575
LE MANS,AIX EN PROVENCE TGV,26,0.023273273273273273
LE MANS,AIX EN PROVENCE TGV,27,0.02620481927710843
LE MANS,AIX EN PROVENCE TGV,28,0.027492447129909364
LE MANS,AIX EN PROVENCE TGV,29,0.02772727272727273
LE MANS,AIX EN PROVENCE TGV,30,0.005335365853658537
LE MANS,ALBERTVILLE,0,0.28500000000000003
LE MANS,ALBERTVILLE,1,0.22000000000000003
LE MANS,ALBERTVILLE,2,0.205
LE MANS,ALBERTVILLE,3,0.21000000000000002
LE MANS,ALBERTVILLE,4,0.205
LE MANS,ALBERTVILLE,5,0.195
LE MANS,ALBERTVILLE,6,0.2
LE MANS,ALBERTVILLE,7,0.2
LE MANS,ALBERTVILLE,8,0.205
LE MANS,ALBERTVILLE,9,0.2
LE MANS,ALBERTVILLE,10,0.1
LE MANS,ALBERTVILLE,11,0.11000000000000001
LE MANS,ALBERTVILLE,12,0.10500000000000001
LE MANS,ALBERTVILLE,13,0.10500000000000001
LE MANS,ALBERTVILLE,14,0.10500000000000001
LE MANS,ALBERTVILLE,15,0.1
LE MANS,ALBERTVILLE,16,0.1
LE MANS,ALBERTVILLE,17,0.1
LE MANS,ALBERTVILLE,18,0.1
LE MANS,ALBERTVILLE,19,0.10500000000000001
LE MANS,ALBERTVILLE,20,0.10500000000000001
LE MANS,ALBERTVILLE,21,0.1
LE MANS,ALBERTVILLE,22,0.1
LE MANS,ALBERTVILLE,23,0.1
LE MANS,ALBERTVILLE,24,0.1
LE MANS,ALBERTVILLE,25,0.1
LE MANS,ALBERTVILLE,26,0.1
LE MANS,ALBERTVILLE,27,0.1
LE MANS,ALBERTVILLE,28,0.09
LE MANS,ALBERTVILLE,29,0.01
LE MANS,ALBERTVILLE,30,0.01
LE MANS,AVIGNON TGV,0,0.20285714285714285
LE MANS,AVIGNON TGV,1,0.21342857142857144
LE MANS,AVIGNON TGV,2,0.21585714285714286
LE MANS,AVIGNON TGV,3,0.2022857142857143
LE MANS,AVIGNON TGV,4,0.08185714285714285
LE MANS,AVIGNON TGV,5,0.077
LE MANS,AVIGNON TGV,6,0.08328571428571428
LE MANS,AVIGNON TGV,7,0.08557142857142858
LE MANS,AVIGNON TGV,8,0.07557142857142857
LE MANS,AVIGNON TGV,9,0.07550143266475645
LE MANS,AVIGNON TGV,10,0.08204022988505748
LE MANS,AVIGNON TGV,11,0.08314121037463977
LE MANS,AVIGNON TGV,12,0.019075144508670518
LE MANS,AVIGNON TGV,13,0.018352601156069365
LE MANS,AVIGNON TGV,14,0.018115942028985508
LE MANS,AVIGNON TGV,15,0.020203488372093025
LE MANS,AVIGNON TGV,16,0.019476744186046512
LE MANS,AVIGNON TGV,17,0.015935672514619883
LE MANS,AVIGNON TGV,18,0.01583577712609971
LE MANS,AVIGNON TGV,19,0.01779411764705882
LE MANS,AVIGNON TGV,20,0.023156342182890855
LE MANS,AVIGNON TGV,21,0.026035502958579884
LE MANS,AVIGNON TGV,22,0.029228486646884273
LE MANS,AVIGNON TGV,23,0.022767857142857145
LE MANS,AVIGNON TGV,24,0.02417910447761194
LE MANS,AVIGNON TGV,25,0.021107784431137724
LE MANS,AVIGNON TGV,26,0.023873873873873873
LE MANS,AVIGNON TGV,27,0.02620481927710843
LE MANS,AVIGNON TGV,28,0.0283987915407855
LE MANS,AVIGNON TGV,29,0.030000000000000002
LE MANS,AVIGNON TGV,30,0.0025914634146341465
LE MANS,BOURG SAINT MAURICE,0,0.29500000000000004
LE MANS,BOURG SAINT MAURICE,1,0.23000000000000004
LE MANS,BOURG SAINT MAURICE,2,0.21000000000000002
LE MANS,BOURG SAINT MAURICE,3,0.215
LE MANS,BOURG SAINT MAURICE,4,0.205
LE MANS,BOURG SAINT MAURICE,5,0.2
LE MANS,BOURG SAINT MAURICE,6,0.195
LE MANS,BOURG SAINT MAURICE,7,0.2
LE MANS,BOURG SAINT MAURICE,8,0.2
LE MANS,BOURG SAINT MAURICE,9,0.2
LE MANS,BOURG SAINT MAURICE,10,0.11499999999999999
LE MANS,BOURG SAINT MAURICE,11,0.12
LE MANS,BOURG SAINT MAURICE,12,0.1
LE MANS,BOURG SAINT MAURICE,13,0.1
LE MANS,BOURG SAINT MAURICE,14,0.1
LE MANS,BOURG SAINT MAURICE,15,0.1
LE MANS,BOURG SAINT MAURICE,16,0.10500000000000001
LE MANS,BOURG SAINT MAURICE,17,0.1
LE MANS,BOURG SAINT MAURICE,18,0.10500000000000001
LE MANS,BOURG SAINT MAURICE,19,0.1
LE MANS,BOURG SAINT MAURICE,20,0.10500000000000001
LE MANS,BOURG SAINT MAURICE,21,0.1
LE MANS,BOURG SAINT MAURICE,22,0.1
LE MANS,BOURG SAINT MAURICE,23,0.1
LE MANS,BOURG SAINT MAURICE,24,0.095
LE MANS,BOURG SAINT MAURICE,25,0.1
LE MANS,BOURG SAINT MAURICE,26,0.1
LE MANS,BOURG SAINT MAURICE,27,0.095
LE MANS,BOURG SAINT MAURICE,28,0.095
LE MANS,BOURG SAINT MAURICE,29,0.025
LE MANS,BOURG SAINT MAURICE,30,0.0
LE MANS,CHAMBERY CHALLES LES EAUX,0,0.325
LE MANS,CHAMBERY CHALLES LES EAUX,1,0.26875
LE MANS,CHAMBERY CHALLES LES EAUX,2,0.2375
LE MANS,CHAMBERY CHALLES LES EAUX,3,0.25625
LE MANS,CHAMBERY CHALLES LES EAUX,4,0.25
LE MANS,CHAMBERY CHALLES LES EAUX,5,0.25
LE MANS,CHAMBERY CHALLES LES EAUX,6,0.25
LE MANS,CHAMBERY CHALLES LES EAUX,7,0.25625
LE MANS,CHAMBERY CHALLES LES EAUX,8,0.25
LE MANS,CHAMBERY CHALLES LES EAUX,9,0.25625
LE MANS,CHAMBERY CHALLES LES EAUX,10,0.1375
LE MANS,CHAMBERY CHALLES LES EAUX,11,0.13125
LE MANS,CHAMBERY CHALLES LES EAUX,12,0.125
LE MANS,CHAMBERY CHALLES LES EAUX,13,0.125
LE MANS,CHAMBERY CHALLES LES EAUX,14,0.125
LE MANS,CHAMBERY CHALLES LES EAUX,15,0.125
LE MANS,CHAMBERY CHALLES LES EAUX,16,0.13125
LE MANS,CHAMBERY CHALLES LES EAUX,17,0.13125
LE MANS,CHAMBERY CHALLES LES EAUX,18,0.125
LE MANS,CHAMBERY CHALLES LES EAUX,19,0.125
LE MANS,CHAMBERY CHALLES LES EAUX,20,0.125
LE MANS,CHAMBERY CHALLES LES EAUX,21,0.125
LE MANS,CHAMBERY CHALLES LES EAUX,22,0.13125
LE MANS,CHAMBERY CHALLES LES EAUX,23,0.125
LE MANS,CHAMBERY CHALLES LES EAUX,24,0.13125
LE MANS,CHAMBERY CHALLES LES EAUX,25,0.13125
LE MANS,CHAMBERY CHALLES LES EAUX,26,0.125
LE MANS,CHAMBERY CHALLES LES EAUX,27,0.125
LE MANS,CHAMBERY CHALLES LES EAUX,28,0.11875
LE MANS,CHAMBERY CHALLES LES EAUX,29,0.00625
LE MANS,CHAMBERY CHALLES LES EAUX,30,0.0
LE MANS,CLUSES (HAUTE SAVOIE),0,0.025
LE MANS,CLUSES (HAUTE SAVOIE),1,0.025
LE MANS,CLUSES (HAUTE SAVOIE),2,0.0
LE MANS,CLUSES (HAUTE SAVOIE),3,0.0
LE MANS,CLUSES (HAUTE SAVOIE),4,0.0
LE MANS,CLUSES (HAUTE SAVOIE),5,0.0
LE MANS,CLUSES (HAUTE SAVOIE),6,0.0
LE MANS,CLUSES (HAUTE SAVOIE),7,0.0
LE MANS,CLUSES (HAUTE SAVOIE),8,0.0
LE MANS,CLUSES (HAUTE SAVOIE),9,0.0
LE MANS,CLUSES (HAUTE SAVOIE),10,0.0
LE MANS,CLUSES (HAUTE SAVOIE),11,0.0
LE MANS,CLUSES (HAUTE SAVOIE),12,0.0
LE MANS,CLUSES (HAUTE SAVOIE),13,0.0
LE MANS,CLUSES (HAUTE SAVOIE),14,0.0
LE MANS,CLUSES (HAUTE SAVOIE),15,0.0
LE MANS,CLUSES (HAUTE SAVOIE),16,0.0
LE MANS,CLUSES (HAUTE SAVOIE),17,0.0
LE MANS,CLUSES (HAUTE SAVOIE),18,0.0
LE MANS,CLUSES (HAUTE SAVOIE),19,0.0
LE MANS,CLUSES (HAUTE SAVOIE),20,0.0
LE MANS,CLUSES (HAUTE SAVOIE),21,0.0
LE MANS,CLUSES (HAUTE SAVOIE),22,0.0
LE MANS,CLUSES (HAUTE SAVOIE),23,0.0
LE MANS,CLUSES (HAUTE SAVOIE),24,0.0
LE MANS,CLUSES (HAUTE SAVOIE),25,0.0
LE MANS,CLUSES (HAUTE SAVOIE),26,0.0
LE MANS,CLUSES (HAUTE SAVOIE),27,0.0
LE MANS,CLUSES (HAUTE SAVOIE),28,0.0
LE MANS,CLUSES (HAUTE SAVOIE),29,0.0
LE MANS,CLUSES (HAUTE SAVOIE),30,0.0
LE MANS,GRENOBLE,0,0.0
LE MANS,GRENOBLE,1,0.0
LE MANS,GRENOBLE,2,0.025
LE MANS,GRENOBLE,3,0.025
LE MANS,GRENOBLE,4,0.0
LE MANS,GRENOBLE,5,0.0
LE MANS,GRENOBLE,6,0.0
LE MANS,GRENOBLE,7,0.0
LE MANS,GRENOBLE,8,0.0
LE MANS,GRENOBLE,9,0.0
LE MANS,GRENOBLE,10,0.0
LE MANS,GRENOBLE,11,0.0
LE MANS,GRENOBLE,12,0.0
LE MANS,GRENOBLE,13,0.0
LE MANS,GRENOBLE,14,0.0
LE MANS,GRENOBLE,15,0.0
LE MANS,GRENOBLE,16,0.0
LE MANS,GRENOBLE,17,0.0
LE MANS,GRENOBLE,18,0.0
LE MANS,GRENOBLE,19,0.0
LE MANS,GRENOBLE,20,0.0
LE MANS,GRENOBLE,21,0.0
LE MANS,GRENOBLE,22,0.0
LE MANS,GRENOBLE,23,0.0
LE MANS,GRENOBLE,24,0.0
LE MANS,GRENOBLE,25,0.0
LE MANS,GRENOBLE,26,0.0
LE MANS,GRENOBLE,27,0.0
LE MANS,GRENOBLE,28,0.0
LE MANS,GRENOBLE,29,0.0
LE MANS,GRENOBLE,30,0.0
LE MANS,LANDRY,0,0.26
LE MANS,LANDRY,1,0.22999999999999998
LE MANS,LANDRY,2,0.215
LE MANS,LANDRY,3,0.22000000000000003
LE MANS,LANDRY,4,0.21000000000000002
LE MANS,LANDRY,5,0.205
LE MANS,LANDRY,6,0.2
LE MANS,LANDRY,7,0.2
LE MANS,LANDRY,8,0.205
LE MANS,LANDRY,9,0.2
LE MANS,LANDRY,10,0.10500000000000001
LE MANS,LANDRY,11,0.11000000000000001
LE MANS,LANDRY,12,0.10500000000000001
LE MANS,LANDRY,13,0.10500000000000001
LE MANS,LANDRY,14,0.1
LE MANS,LANDRY,15,0.1
LE MANS,LANDRY,16,0.1
LE MANS,LANDRY,17,0.1
LE MANS,LANDRY,18,0.1
LE MANS,LANDRY,19,0.1
LE MANS,LANDRY,20,0.10500000000000001
LE MANS,LANDRY,21,0.1
LE MANS,LANDRY,22,0.1
LE MANS,LANDRY,23,0.1
LE MANS,LANDRY,24,0.1
LE MANS,LANDRY,25,0.1
LE MANS,LANDRY,26,0.1
LE MANS,LANDRY,27,0.1
LE MANS,LANDRY,28,0.1
LE MANS,LANDRY,29,0.02
LE MANS,LANDRY,30,0.01
LE MANS,LAVAL,0,0.8970588235294118
LE MANS,LAVAL,1,0.9058823529411765
LE MANS,LAVAL,2,0.9098039215686274
LE MANS,LAVAL,3,0.9029411764705881
LE MANS,LAVAL,4,0.9019230769230769
LE MANS,LAVAL,5,0.9230769230769231
LE MANS,LAVAL,6,0.9403846153846154
LE MANS,LAVAL,7,0.9317307692307693
LE MANS,LAVAL,8,0.9313725490196079
LE MANS,LAVAL,9,0.951
LE MANS,LAVAL,10,0.9571428571428571
LE MANS,LAVAL,11,0.9208333333333334
LE MANS,LAVAL,12,0.5308510638297872
LE MANS,LAVAL,13,0.5413043478260869
LE MANS,LAVAL,14,0.55
LE MANS,LAVAL,15,0.5636363636363636
LE MANS,LAVAL,16,0.5290697674418605
LE MANS,LAVAL,17,0.525
LE MANS,LAVAL,18,0.5207317073170732
LE MANS,LAVAL,19,0.5175
LE MANS,LAVAL,20,0.5425
LE MANS,LAVAL,21,0.5166666666666666
LE MANS,LAVAL,22,0.5026315789473684
LE MANS,LAVAL,23,0.4851351351351351
LE MANS,LAVAL,24,0.4666666666666667
LE MANS,LAVAL,25,0.46388888888888885
LE MANS,LAVAL,26,0.43472222222222223
LE MANS,LAVAL,27,0.45972222222222225
LE MANS,LAVAL,28,0.4680555555555556
LE MANS,LAVAL,29,0.47500000000000003
LE MANS,LAVAL,30,0.06285714285714286
LE MANS,LYON (intramuros),0,0.6357954545454546
LE MANS,LYON (intramuros),1,0.6288352272727272
LE MANS,LYON (intramuros),2,0.6467329545454545
LE MANS,LYON (intramuros),3,0.6494318181818182
LE MANS,LYON (intramuros),4,0.5535511363636364
LE MANS,LYON (intramuros),5,0.561221590909091
LE MANS,LYON (intramuros),6,0.5691761363636364
LE MANS,LYON (intramuros),7,0.5821022727272728
LE MANS,LYON (intramuros),8,0.5673295454545454
LE MANS,LYON (intramuros),9,0.5782670454545454
LE MANS,LYON (intramuros),10,0.6119318181818182
LE MANS,LYON (intramuros),11,0.6213068181818181
LE MANS,LYON (intramuros),12,0.41576704545454546
LE MANS,LYON (intramuros),13,0.4190340909090909
LE MANS,LYON (intramuros),14,0.42784090909090905
LE MANS,LYON (intramuros),15,0.4294034090909091
LE MANS,LYON (intramuros),16,0.43565340909090905
LE MANS,LYON (intramuros),17,0.4414772727272727
LE MANS,LYON (intramuros),18,0.4407670454545455
LE MANS,LYON (intramuros),19,0.44375
LE MANS,LYON (intramuros),20,0.46278409090909095
LE MANS,LYON (intramuros),21,0.45923295454545454
LE MANS,LYON (intramuros),22,0.4569602272727273
LE MANS,LYON (intramuros),23,0.45113636363636367
LE MANS,LYON (intramuros),24,0.4576704545454545
LE MANS,LYON (intramuros),25,0.45909090909090905
LE MANS,LYON (intramuros),26,0.46292613636363633
LE MANS,LYON (intramuros),27,0.4828125
LE MANS,LYON (intramuros),28,0.49517045454545455
LE MANS,LYON (intramuros),29,0.4995726495726496
LE MANS,LYON (intramuros),30,0.05401146131805158
LE MANS,MARSEILLE ST CHARLES,0,0.20814285714285713
LE MANS,MARSEILLE ST CHARLES,1,0.21514285714285714
LE MANS,MARSEILLE ST CHARLES,2,0.2225714285714286
LE MANS,MARSEILLE ST CHARLES,3,0.20642857142857143
LE MANS,MARSEILLE ST CHARLES,4,0.08228571428571428
LE MANS,MARSEILLE ST CHARLES,5,0.07814285714285715
LE MANS,MARSEILLE ST CHARLES,6,0.08585714285714285
LE MANS,MARSEILLE ST CHARLES,7,0.08342857142857142
LE MANS,MARSEILLE ST CHARLES,8,0.07585714285714286
LE MANS,MARSEILLE ST CHARLES,9,0.07421203438395416
LE MANS,MARSEILLE ST CHARLES,10,0.08160919540229884
LE MANS,MARSEILLE ST CHARLES,11,0.08256484149855907
LE MANS,MARSEILLE ST CHARLES,12,0.021820809248554913
LE MANS,MARSEILLE ST CHARLES,13,0.02023121387283237
LE MANS,MARSEILLE ST CHARLES,14,0.02072463768115942
LE MANS,MARSEILLE ST CHARLES,15,0.02122093023255814
LE MANS,MARSEILLE ST CHARLES,16,0.019622093023255814
LE MANS,MARSEILLE ST CHARLES,17,0.016520467836257307
LE MANS,MARSEILLE ST CHARLES,18,0.015689149560117303
LE MANS,MARSEILLE ST CHARLES,19,0.018088235294117648
LE MANS,MARSEILLE ST CHARLES,20,0.022861356932153392
LE MANS,MARSEILLE ST CHARLES,21,0.02381656804733728
LE MANS,MARSEILLE ST CHARLES,22,0.030415430267062313
LE MANS,MARSEILLE ST CHARLES,23,0.02261904761904762
LE MANS,MARSEILLE ST CHARLES,24,0.02373134328358209
LE MANS,MARSEILLE ST CHARLES,25,0.020958083832335328
LE MANS,MARSEILLE ST CHARLES,26,0.025075075075075073
LE MANS,MARSEILLE ST CHARLES,27,0.02620481927710843
LE MANS,MARSEILLE ST CHARLES,28,0.02824773413897281
LE MANS,MARSEILLE ST CHARLES,29,0.030454545454545456
LE MANS,MARSEILLE ST CHARLES,30,0.004573170731707317
LE MANS,MASSY PALAISEAU,0,0.8888888888888888
LE MANS,MASSY PALAISEAU,1,0.8888888888888888
LE MANS,MASSY PALAISEAU,2,0.8222222222222223
LE MANS,MASSY PALAISEAU,3,0.8666666666666667
LE MANS,MASSY PALAISEAU,4,0.6944444444444444
LE MANS,MASSY PALAISEAU,5,0.6833333333333333
LE MANS,MASSY PALAISEAU,6,0.6722222222222222
LE MANS,MASSY PALAISEAU,7,0.6666666666666666
LE MANS,MASSY PALAISEAU,8,0.6611111111111111
LE MANS,MASSY PALAISEAU,9,0.6611111111111111
LE MANS,MASSY PALAISEAU,10,0.6611111111111111
LE MANS,MASSY PALAISEAU,11,0.6666666666666666
LE MANS,MASSY PALAISEAU,12,0.5666666666666667
LE MANS,MASSY PALAISEAU,13,0.6333333333333333
LE MANS,MASSY PALAISEAU,14,0.5722222222222223
LE MANS,MASSY PALAISEAU,15,0.5555555555555556
LE MANS,MASSY PALAISEAU,16,0.5555555555555556
LE MANS,MASSY PALAISEAU,17,0.5555555555555556
LE MANS,MASSY PALAISEAU,18,0.5555555555555556
LE MANS,MASSY PALAISEAU,19,0.55
LE MANS,MASSY PALAISEAU,20,0.5555555555555556
LE MANS,MASSY PALAISEAU,21,0.55
LE MANS,MASSY PALAISEAU,22,0.55
LE MANS,MASSY PALAISEAU,23,0.55
LE MANS,MASSY PALAISEAU,24,0.5555555555555556
LE MANS,MASSY PALAISEAU,25,0.5555555555555556
LE MANS,MASSY PALAISEAU,26,0.5555555555555556
LE MANS,MASSY PALAISEAU,27,0.5333333333333333
LE MANS,MASSY PALAISEAU,28,0.5277777777777778
LE MANS,MASSY PALAISEAU,29,0.5277777777777778
LE MANS,MASSY PALAISEAU,30,0.1111111111111111
LE MANS,MASSY TGV,0,0.8359011627906977
LE MANS,MASSY TGV,1,0.8311046511627906
LE MANS,MASSY TGV,2,0.823546511627907
LE MANS,MASSY TGV,3,0.809593023255814
LE MANS,MASSY TGV,4,0.6604651162790698
LE MANS,MASSY TGV,5,0.6574127906976744
LE MANS,MASSY TGV,6,0.6725290697674419
LE MANS,MASSY TGV,7,0.6726744186046512
LE MANS,MASSY TGV,8,0.6649709302325582
LE MANS,MASSY TGV,9,0.6638081395348837
LE MANS,MASSY TGV,10,0.678343023255814
LE MANS,MASSY TGV,11,0.6792151162790698
LE MANS,MASSY TGV,12,0.47194767441860463
LE MANS,MASSY TGV,13,0.4664244186046511
LE MANS,MASSY TGV,14,0.47500000000000003
LE MANS,MASSY TGV,15,0.47645348837209306
LE MANS,MASSY TGV,16,0.48125
LE MANS,MASSY TGV,17,0.48270348837209304
LE MANS,MASSY TGV,18,0.48357558139534884
LE MANS,MASSY TGV,19,0.48604651162790696
LE MANS,MASSY TGV,20,0.4979651162790698
LE MANS,MASSY TGV,21,0.5042151162790698
LE MANS,MASSY TGV,22,0.5024709302325582
LE MANS,MASSY TGV,23,0.4908430232558139
LE MANS,MASSY TGV,24,0.5001453488372093
LE MANS,MASSY TGV,25,0.4984011627906976
LE MANS,MASSY TGV,26,0.49098837209302326
LE MANS,MASSY TGV,27,0.5149709302325581
LE MANS,MASSY TGV,28,0.5158430232558139
LE MANS,MASSY TGV,29,0.5176384839650147
LE MANS,MASSY TGV,30,0.053519061583577714
LE MANS,MODANE,0,0.6833333333333332
LE MANS,MODANE,1,0.6666666666666666
LE MANS,MODANE,2,0.6833333333333332
LE MANS,MODANE,3,0.65
LE MANS,MODANE,4,0.6666666666666666
LE MANS,MODANE,5,0.6666666666666666
LE MANS,MODANE,6,0.6666666666666666
LE MANS,MODANE,7,0.6666666666666666
LE MANS,MODANE,8,0.6666666666666666
LE MANS,MODANE,9,0.6666666666666666
LE MANS,MODANE,10,0.6666666666666666
LE MANS,MODANE,11,0.6333333333333333
LE MANS,MODANE,12,0.3333333333333333
LE MANS,MODANE,13,0.3166666666666667
LE MANS,MODANE,14,0.3333333333333333
LE MANS,MODANE,15,0.3333333333333333
LE MANS,MODANE,16,0.3333333333333333
LE MANS,MODANE,17,0.3333333333333333
LE MANS,MODANE,18,0.3333333333333333
LE MANS,MODANE,19,0.3333333333333333
LE MANS,MODANE,20,0.3333333333333333
LE MANS,MODANE,21,0.3333333333333333
LE MANS,MODANE,22,0.3333333333333333
LE MANS,MODANE,23,0.3333333333333333
LE MANS,MODANE,24,0.3333333333333333
LE MANS,MODANE,25,0.3333333333333333
LE MANS,MODANE,26,0.3333333333333333
LE MANS,MODANE,27,0.3333333333333333
LE MANS,MODANE,28,0.3333333333333333
LE MANS,MODANE,29,0.3333333333333333
LE MANS,MODANE,30,0.03333333333333333
LE MANS,MONTPELLIER SAINT ROCH,0,0.08673469387755102
LE MANS,MONTPELLIER SAINT ROCH,1,0.061224489795918366
LE MANS,MONTPELLIER SAINT ROCH,2,0.03265306122448979
LE MANS,MONTPELLIER SAINT ROCH,3,0.05319148936170213
LE MANS,MONTPELLIER SAINT ROCH,4,0.03958333333333333
LE MANS,MONTPELLIER SAINT ROCH,5,0.028125
LE MANS,MONTPELLIER SAINT ROCH,6,0.02291666666666667
LE MANS,MONTPELLIER SAINT ROCH,7,0.02040816326530612
LE MANS,MONTPELLIER SAINT ROCH,8,0.02142857142857143
LE MANS,MONTPELLIER SAINT ROCH,9,0.021428571428571425
LE MANS,MONTPELLIER SAINT ROCH,10,0.023404255319148932
LE MANS,MONTPELLIER SAINT ROCH,11,0.028124999999999997
LE MANS,MONTPELLIER SAINT ROCH,12,0.024999999999999998
LE MANS,MONTPELLIER SAINT ROCH,13,0.021875000000000002
LE MANS,MONTPELLIER SAINT ROCH,14,0.023469387755102045
LE MANS,MONTPELLIER SAINT ROCH,15,0.02040816326530612
LE MANS,MONTPELLIER SAINT ROCH,16,0.02142857142857143
LE MANS,MONTPELLIER SAINT ROCH,17,0.02127659574468085
LE MANS,MONTPELLIER SAINT ROCH,18,0.020833333333333332
LE MANS,MONTPELLIER SAINT ROCH,19,0.020833333333333332
LE MANS,MONTPELLIER SAINT ROCH,20,0.02291666666666667
LE MANS,MONTPELLIER SAINT ROCH,21,0.020833333333333332
LE MANS,MONTPELLIER SAINT ROCH,22,0.021875000000000002
LE MANS,MONTPELLIER SAINT ROCH,23,0.021875000000000002
LE MANS,MONTPELLIER SAINT ROCH,24,0.021739130434782608
LE MANS,MONTPELLIER SAINT ROCH,25,0.022340425531914895
LE MANS,MONTPELLIER SAINT ROCH,26,0.02127659574468085
LE MANS,MONTPELLIER SAINT ROCH,27,0.02127659574468085
LE MANS,MONTPELLIER SAINT ROCH,28,0.02127659574468085
LE MANS,MONTPELLIER SAINT ROCH,29,0.022340425531914895
LE MANS,MONTPELLIER SAINT ROCH,30,0.004347826086956522
LE MANS,MONTPELLIER SUD DE FRANCE,0,0.20666666666666667
LE MANS,MONTPELLIER SUD DE FRANCE,1,0.24000000000000002
LE MANS,MONTPELLIER SUD DE FRANCE,2,0.2966666666666667
LE MANS,MONTPELLIER SUD DE FRANCE,3,0.25666666666666665
LE MANS,MONTPELLIER SUD DE FRANCE,4,0.10333333333333333
LE MANS,MONTPELLIER SUD DE FRANCE,5,0.16999999999999998
LE MANS,MONTPELLIER SUD DE FRANCE,6,0.2033333333333333
LE MANS,MONTPELLIER SUD DE FRANCE,7,0.26
LE MANS,MONTPELLIER SUD DE FRANCE,8,0.25666666666666665
LE MANS,MONTPELLIER SUD DE FRANCE,9,0.22666666666666666
LE MANS,MONTPELLIER SUD DE FRANCE,10,0.32
LE MANS,MONTPELLIER SUD DE FRANCE,11,0.29
LE MANS,MONTPELLIER SUD DE FRANCE,12,0.030000000000000002
LE MANS,MONTPELLIER SUD DE FRANCE,13,0.06666666666666667
LE MANS,MONTPELLIER SUD DE FRANCE,14,0.09000000000000001
LE MANS,MONTPELLIER SUD DE FRANCE,15,0.02666666666666667
LE MANS,MONTPELLIER SUD DE FRANCE,16,0.013333333333333334
LE MANS,MONTPELLIER SUD DE FRANCE,17,0.04666666666666667
LE MANS,MONTPELLIER SUD DE FRANCE,18,0.06333333333333332
LE MANS,MONTPELLIER SUD DE FRANCE,19,0.060000000000000005
LE MANS,MONTPELLIER SUD DE FRANCE,20,0.01
LE MANS,MONTPELLIER SUD DE FRANCE,21,0.0
LE MANS,MONTPELLIER SUD DE FRANCE,22,0.01
LE MANS,MONTPELLIER SUD DE FRANCE,23,0.03666666666666667
LE MANS,MONTPELLIER SUD DE FRANCE,24,0.016666666666666666
LE MANS,MONTPELLIER SUD DE FRANCE,25,0.0
LE MANS,MONTPELLIER SUD DE FRANCE,26,0.0033333333333333335
LE MANS,MONTPELLIER SUD DE FRANCE,27,0.07666666666666666
LE MANS,MONTPELLIER SUD DE FRANCE,28,0.1
LE MANS,MONTPELLIER SUD DE FRANCE,29,0.12333333333333332
LE MANS,MONTPELLIER SUD DE FRANCE,30,0.016666666666666666
LE MANS,MOUTIERS SALINS BRIDES LES BAINS,0,0.275
LE MANS,MOUTIERS SALINS BRIDES LES BAINS,1,0.215
LE MANS,MOUTIERS SALINS BRIDES LES BAINS,2,0.215
LE MANS,MOUTIERS SALINS BRIDES LES BAINS,3,0.215
LE MANS,MOUTIERS SALINS BRIDES LES BAINS,4,0.2
LE MANS,MOUTIERS SALINS BRIDES LES BAINS,5,0.195
LE MANS,MOUTIERS SALINS BRIDES LES BAINS,6,0.195
LE MANS,MOUTIERS SALINS BRIDES LES BAINS,7,0.2
LE MANS,MOUTIERS SALINS BRIDES LES BAINS,8,0.205
LE MANS,MOUTIERS SALINS BRIDES LES BAINS,9,0.195
LE MANS,MOUTIERS SALINS BRIDES LES BAINS,10,0.1
LE MANS,MOUTIERS SALINS BRIDES LES BAINS,11,0.10500000000000001
LE MANS,MOUTIERS SALINS BRIDES LES BAINS,12,0.10500000000000001
LE MANS,MOUTIERS SALINS BRIDES LES BAINS,13,0.1
LE MANS,MOUTIERS SALINS BRIDES LES BAINS,14,0.1
LE MANS,MOUTIERS SALINS BRIDES LES BAINS,15,0.1
LE MANS,MOUTIERS SALINS BRIDES LES BAINS,16,0.1
LE MANS,MOUTIERS SALINS BRIDES LES BAINS,17,0.1
LE MANS,MOUTIERS SALINS BRIDES LES BAINS,18,0.1
LE MANS,MOUTIERS SALINS BRIDES LES BAINS,19,0.1
LE MANS,MOUTIERS SALINS BRIDES LES BAINS,20,0.1
LE MANS,MOUTIERS SALINS BRIDES LES BAINS,21,0.1
LE MANS,MOUTIERS SALINS BRIDES LES BAINS,22,0.1
LE MANS,MOUTIERS SALINS BRIDES LES BAINS,23,0.1
LE MANS,MOUTIERS SALINS BRIDES LES BAINS,24,0.1
LE MANS,MOUTIERS SALINS BRIDES LES BAINS,25,0.1
LE MANS,MOUTIERS SALINS BRIDES LES BAINS,26,0.1
LE MANS,MOUTIERS SALINS BRIDES LES BAINS,27,0.1
LE MANS,MOUTIERS SALINS BRIDES LES BAINS,28,0.1
LE MANS,MOUTIERS SALINS BRIDES LES BAINS,29,0.015
LE MANS,MOUTIERS SALINS BRIDES LES BAINS,30,0.005
LE MANS,NIMES CENTRE,0,0.07244897959183673
LE MANS,NIMES CENTRE,1,0.05714285714285714
LE MANS,NIMES CENTRE,2,0.03163265306122449
LE MANS,NIMES CENTRE,3,0.05638297872340425
LE MANS,NIMES CENTRE,4,0.043750000000000004
LE MANS,NIMES CENTRE,5,0.028125
LE MANS,NIMES CENTRE,6,0.021875000000000002
LE MANS,NIMES CENTRE,7,0.022448979591836737
LE MANS,NIMES CENTRE,8,0.022448979591836737
LE MANS,NIMES CENTRE,9,0.023469387755102038
LE MANS,NIMES CENTRE,10,0.026595744680851064
LE MANS,NIMES CENTRE,11,0.027083333333333334
LE MANS,NIMES CENTRE,12,0.019791666666666666
LE MANS,NIMES CENTRE,13,0.021875000000000002
LE MANS,NIMES CENTRE,14,0.022448979591836737
LE MANS,NIMES CENTRE,15,0.02040816326530612
LE MANS,NIMES CENTRE,16,0.02040816326530612
LE MANS,NIMES CENTRE,17,0.02127659574468085
LE MANS,NIMES CENTRE,18,0.021875000000000002
LE MANS,NIMES CENTRE,19,0.020833333333333332
LE MANS,NIMES CENTRE,20,0.020833333333333332
LE MANS,NIMES CENTRE,21,0.020833333333333332
LE MANS,NIMES CENTRE,22,0.020833333333333332
LE MANS,NIMES CENTRE,23,0.020833333333333332
LE MANS,NIMES CENTRE,24,0.021739130434782608
LE MANS,NIMES CENTRE,25,0.02127659574468085
LE MANS,NIMES CENTRE,26,0.02127659574468085
LE MANS,NIMES CENTRE,27,0.02127659574468085
LE MANS,NIMES CENTRE,28,0.022340425531914895
LE MANS,NIMES CENTRE,29,0.024468085106382976
LE MANS,NIMES CENTRE,30,0.006521739130434782
LE MANS,NIMES PONT DU GARD,0,0.2
LE MANS,NIMES PONT DU GARD,1,0.21
LE MANS,NIMES PONT DU GARD,2,0.30666666666666664
LE MANS,NIMES PONT DU GARD,3,0.27666666666666667
LE MANS,NIMES PONT DU GARD,4,0.14
LE MANS,NIMES PONT DU GARD,5,0.19666666666666668
LE MANS,NIMES PONT DU GARD,6,0.20666666666666667
LE MANS,NIMES PONT DU GARD,7,0.26
LE MANS,NIMES PONT DU GARD,8,0.25666666666666665
LE MANS,NIMES PONT DU GARD,9,0.22666666666666666
LE MANS,NIMES PONT DU GARD,10,0.3
LE MANS,NIMES PONT DU GARD,11,0.26333333333333336
LE MANS,NIMES PONT DU GARD,12,0.030000000000000002
LE MANS,NIMES PONT DU GARD,13,0.07333333333333333
LE MANS,NIMES PONT DU GARD,14,0.09000000000000001
LE MANS,NIMES PONT DU GARD,15,0.03333333333333333
LE MANS,NIMES PONT DU GARD,16,0.02333333333333333
LE MANS,NIMES PONT DU GARD,17,0.07333333333333332
LE MANS,NIMES PONT DU GARD,18,0.07
LE MANS,NIMES PONT DU GARD,19,0.07333333333333333
LE MANS,NIMES PONT DU GARD,20,0.02333333333333333
LE MANS,NIMES PONT DU GARD,21,0.0
LE MANS,NIMES PONT DU GARD,22,0.0033333333333333335
LE MANS,NIMES PONT DU GARD,23,0.04
LE MANS,NIMES PONT DU GARD,24,0.02
LE MANS,NIMES PONT DU GARD,25,0.0
LE MANS,NIMES PONT DU GARD,26,0.010000000000000002
LE MANS,NIMES PONT DU GARD,27,0.07
LE MANS,NIMES PONT DU GARD,28,0.11
LE MANS,NIMES PONT DU GARD,29,0.12000000000000001
LE MANS,NIMES PONT DU GARD,30,0.016666666666666666
LE MANS,RENNES,0,0.9088235294117647
LE MANS,RENNES,1,0.9088235294117647
LE MANS,RENNES,2,0.9215686274509803
LE MANS,RENNES,3,0.8980392156862744
LE MANS,RENNES,4,0.9221153846153847
LE MANS,RENNES,5,0.9307692307692308
LE MANS,RENNES,6,0.9490384615384616
LE MANS,RENNES,7,0.9278846153846154
LE MANS,RENNES,8,0.9274509803921568
LE MANS,RENNES,9,0.9520000000000001
LE MANS,RENNES,10,0.960204081632653
LE MANS,RENNES,11,0.9239583333333333
LE MANS,RENNES,12,0.5382978723404256
LE MANS,RENNES,13,0.5347826086956522
LE MANS,RENNES,14,0.5511111111111111
LE MANS,RENNES,15,0.5579545454545455
LE MANS,RENNES,16,0.5337209302325582
LE MANS,RENNES,17,0.5238095238095238
LE MANS,RENNES,18,0.5207317073170732
LE MANS,RENNES,19,0.525
LE MANS,RENNES,20,0.5375
LE MANS,RENNES,21,0.5179487179487179
LE MANS,RENNES,22,0.5078947368421053
LE MANS,RENNES,23,0.4864864864864865
LE MANS,RENNES,24,0.47638888888888886
LE MANS,RENNES,25,0.46111111111111114
LE MANS,RENNES,26,0.44583333333333336
LE MANS,RENNES,27,0.4583333333333333
LE MANS,RENNES,28,0.4694444444444444
LE MANS,RENNES,29,0.4708333333333333
LE MANS,RENNES,30,0.055714285714285716
LE MANS,SAINT AVRE LA CHAMBRE,0,0.6166666666666667
LE MANS,SAINT AVRE LA CHAMBRE,1,0.6333333333333333
LE MANS,SAINT AVRE LA CHAMBRE,2,0.6666666666666666
LE MANS,SAINT AVRE LA CHAMBRE,3,0.6666666666666666
LE MANS,SAINT AVRE LA CHAMBRE,4,0.6166666666666667
LE MANS,SAINT AVRE LA CHAMBRE,5,0.6333333333333333
LE MANS,SAINT AVRE LA CHAMBRE,6,0.6333333333333333
LE MANS,SAINT AVRE LA CHAMBRE,7,0.65
LE MANS,SAINT AVRE LA CHAMBRE,8,0.6666666666666666
LE MANS,SAINT AVRE LA CHAMBRE,9,0.6666666666666666
LE MANS,SAINT AVRE LA CHAMBRE,10,0.6
LE MANS,SAINT AVRE LA CHAMBRE,11,0.6666666666666666
LE MANS,SAINT AVRE LA CHAMBRE,12,0.3333333333333333
LE MANS,SAINT AVRE LA CHAMBRE,13,0.31666666666666665
LE MANS,SAINT AVRE LA CHAMBRE,14,0.31666666666666665
LE MANS,SAINT AVRE LA CHAMBRE,15,0.31666666666666665
LE MANS,SAINT AVRE LA CHAMBRE,16,0.3333333333333333
LE MANS,SAINT AVRE LA CHAMBRE,17,0.35000000000000003
LE MANS,SAINT AVRE LA CHAMBRE,18,0.35000000000000003
LE MANS,SAINT AVRE LA CHAMBRE,19,0.35000000000000003
LE MANS,SAINT AVRE LA CHAMBRE,20,0.35000000000000003
LE MANS,SAINT AVRE LA CHAMBRE,21,0.3333333333333333
LE MANS,SAINT AVRE LA CHAMBRE,22,0.3333333333333333
LE MANS,SAINT AVRE LA CHAMBRE,23,0.3333333333333333
LE MANS,SAINT AVRE LA CHAMBRE,24,0.3333333333333333
LE MANS,SAINT AVRE LA CHAMBRE,25,0.3333333333333333
LE MANS,SAINT AVRE LA CHAMBRE,26,0.3333333333333333
LE MANS,SAINT AVRE LA CHAMBRE,27,0.3333333333333333
LE MANS,SAINT AVRE LA CHAMBRE,28,0.3
LE MANS,SAINT AVRE LA CHAMBRE,29,0.26666666666666666
LE MANS,SAINT AVRE LA CHAMBRE,30,0.03333333333333333
LE MANS,SALLANCHES COMBLOUX MEGEVE,0,0.0
LE MANS,SALLANCHES COMBLOUX MEGEVE,1,0.0
LE MANS,SALLANCHES COMBLOUX MEGEVE,2,0.025
LE MANS,SALLANCHES COMBLOUX MEGEVE,3,0.05
LE MANS,SALLANCHES COMBLOUX MEGEVE,4,0.0
LE MANS,SALLANCHES COMBLOUX MEGEVE,5,0.0
LE MANS,SALLANCHES COMBLOUX MEGEVE,6,0.0
LE MANS,SALLANCHES COMBLOUX MEGEVE,7,0.0
LE MANS,SALLANCHES COMBLOUX MEGEVE,8,0.0
LE MANS,SALLANCHES COMBLOUX MEGEVE,9,0.0
LE MANS,SALLANCHES COMBLOUX MEGEVE,10,0.0
LE MANS,SALLANCHES COMBLOUX MEGEVE,11,0.0
LE MANS,SALLANCHES COMBLOUX MEGEVE,12,0.0
LE MANS,SALLANCHES COMBLOUX MEGEVE,13,0.0
LE MANS,SALLANCHES COMBLOUX MEGEVE,14,0.0
LE MANS,SALLANCHES COMBLOUX MEGEVE,15,0.0
LE MANS,SALLANCHES COMBLOUX MEGEVE,16,0.0
LE MANS,SALLANCHES COMBLOUX MEGEVE,17,0.0
LE MANS,SALLANCHES COMBLOUX MEGEVE,18,0.0
LE MANS,SALLANCHES COMBLOUX MEGEVE,19,0.0
LE MANS,SALLANCHES COMBLOUX MEGEVE,20,0.0
LE MANS,SALLANCHES COMBLOUX MEGEVE,21,0.0
LE MANS,SALLANCHES COMBLOUX MEGEVE,22,0.0
LE MANS,SALLANCHES COMBLOUX MEGEVE,23,0.025
LE MANS,SALLANCHES COMBLOUX MEGEVE,24,0.025
LE MANS,SALLANCHES COMBLOUX MEGEVE,25,0.025
LE MANS,SALLANCHES COMBLOUX MEGEVE,26,0.0
LE MANS,SALLANCHES COMBLOUX MEGEVE,27,0.0
LE MANS,SALLANCHES COMBLOUX MEGEVE,28,0.0
LE MANS,SALLANCHES COMBLOUX MEGEVE,29,0.0
LE MANS,SALLANCHES COMBLOUX MEGEVE,30,0.0
LE MANS,ST GERVAIS LES BAINS LE FAYET,0,0.025
LE MANS,ST GERVAIS LES BAINS LE FAYET,1,0.0
LE MANS,ST GERVAIS LES BAINS LE FAYET,2,0.0
LE MANS,ST GERVAIS LES BAINS LE FAYET,3,0.0
LE MANS,ST GERVAIS LES BAINS LE FAYET,4,0.0
LE MANS,ST GERVAIS LES BAINS LE FAYET,5,0.0
LE MANS,ST GERVAIS LES BAINS LE FAYET,6,0.0
LE MANS,ST GERVAIS LES BAINS LE FAYET,7,0.025
LE MANS,ST GERVAIS LES BAINS LE FAYET,8,0.0
LE MANS,ST GERVAIS LES BAINS LE FAYET,9,0.025
LE MANS,ST GERVAIS LES BAINS LE FAYET,10,0.07500000000000001
LE MANS,ST GERVAIS LES BAINS LE FAYET,11,0.1
LE MANS,ST GERVAIS LES BAINS LE FAYET,12,0.0
LE MANS,ST GERVAIS LES BAINS LE FAYET,13,0.0
LE MANS,ST GERVAIS LES BAINS LE FAYET,14,0.0
LE MANS,ST GERVAIS LES BAINS LE FAYET,15,0.0
LE MANS,ST GERVAIS LES BAINS LE FAYET,16,0.0
LE MANS,ST GERVAIS LES BAINS LE FAYET,17,0.0
LE MANS,ST GERVAIS LES BAINS LE FAYET,18,0.0
LE MANS,ST GERVAIS LES BAINS LE FAYET,19,0.0
LE MANS,ST GERVAIS LES BAINS LE FAYET,20,0.0
LE MANS,ST GERVAIS LES BAINS LE FAYET,21,0.0
LE MANS,ST GERVAIS LES BAINS LE FAYET,22,0.0
LE MANS,ST GERVAIS LES BAINS LE FAYET,23,0.0
LE MANS,ST GERVAIS LES BAINS LE FAYET,24,0.0
LE MANS,ST GERVAIS LES BAINS LE FAYET,25,0.0
LE MANS,ST GERVAIS LES BAINS LE FAYET,26,0.0
LE MANS,ST GERVAIS LES BAINS LE FAYET,27,0.0
LE MANS,ST GERVAIS LES BAINS LE FAYET,28,0.025
LE MANS,ST GERVAIS LES BAINS LE FAYET,29,0.025
LE MANS,ST GERVAIS LES BAINS LE FAYET,30,0.0
LE MANS,ST JEAN DE MAURIENNE ARVAN,0,0.6333333333333333
LE MANS,ST JEAN DE MAURIENNE ARVAN,1,0.65
LE MANS,ST JEAN DE MAURIENNE ARVAN,2,0.6
LE MANS,ST JEAN DE MAURIENNE ARVAN,3,0.6
LE MANS,ST JEAN DE MAURIENNE ARVAN,4,0.6666666666666666
LE MANS,ST JEAN DE MAURIENNE ARVAN,5,0.6666666666666666
LE MANS,ST JEAN DE MAURIENNE ARVAN,6,0.6666666666666666
LE MANS,ST JEAN DE MAURIENNE ARVAN,7,0.6666666666666666
LE MANS,ST JEAN DE MAURIENNE ARVAN,8,0.6666666666666666
LE MANS,ST JEAN DE MAURIENNE ARVAN,9,0.65
LE MANS,ST JEAN DE MAURIENNE ARVAN,10,0.5833333333333334
LE MANS,ST JEAN DE MAURIENNE ARVAN,11,0.6333333333333333
LE MANS,ST JEAN DE MAURIENNE ARVAN,12,0.35000000000000003
LE MANS,ST JEAN DE MAURIENNE ARVAN,13,0.3333333333333333
LE MANS,ST JEAN DE MAURIENNE ARVAN,14,0.3333333333333333
LE MANS,ST JEAN DE MAURIENNE ARVAN,15,0.3333333333333333
LE MANS,ST JEAN DE MAURIENNE ARVAN,16,0.3333333333333333
LE MANS,ST JEAN DE MAURIENNE ARVAN,17,0.3333333333333333
LE MANS,ST JEAN DE MAURIENNE ARVAN,18,0.3333333333333333
LE MANS,ST JEAN DE MAURIENNE ARVAN,19,0.3333333333333333
LE MANS,ST JEAN DE MAURIENNE ARVAN,20,0.3333333333333333
LE MANS,ST JEAN DE MAURIENNE ARVAN,21,0.3333333333333333
LE MANS,ST JEAN DE MAURIENNE ARVAN,22,0.3333333333333333
LE MANS,ST JEAN DE MAURIENNE ARVAN,23,0.3333333333333333
LE MANS,ST JEAN DE MAURIENNE ARVAN,24,0.3333333333333333
LE MANS,ST JEAN DE MAURIENNE ARVAN,25,0.3333333333333333
LE MANS,ST JEAN DE MAURIENNE ARVAN,26,0.3333333333333333
LE MANS,ST JEAN DE MAURIENNE ARVAN,27,0.3333333333333333
LE MANS,ST JEAN DE MAURIENNE ARVAN,28,0.3333333333333333
LE MANS,ST JEAN DE MAURIENNE ARVAN,29,0.31666666666666665
LE MANS,ST JEAN DE MAURIENNE ARVAN,30,0.049999999999999996
LE MANS,ST MICHEL VALLOIRE,0,0.65
LE MANS,ST MICHEL VALLOIRE,1,0.65
LE MANS,ST MICHEL VALLOIRE,2,0.6666666666666666
LE MANS,ST MICHEL VALLOIRE,3,0.6666666666666666
LE MANS,ST MICHEL VALLOIRE,4,0.6666666666666666
LE MANS,ST MICHEL VALLOIRE,5,0.6666666666666666
LE MANS,ST MICHEL VALLOIRE,6,0.6666666666666666
LE MANS,ST MICHEL VALLOIRE,7,0.6666666666666666
LE MANS,ST MICHEL VALLOIRE,8,0.6666666666666666
LE MANS,ST MICHEL VALLOIRE,9,0.6666666666666666
LE MANS,ST MICHEL VALLOIRE,10,0.65
LE MANS,ST MICHEL VALLOIRE,11,0.65
LE MANS,ST MICHEL VALLOIRE,12,0.31666666666666665
LE MANS,ST MICHEL VALLOIRE,13,0.31666666666666665
LE MANS,ST MICHEL VALLOIRE,14,0.3333333333333333
LE MANS,ST MICHEL VALLOIRE,15,0.3333333333333333
LE MANS,ST MICHEL VALLOIRE,16,0.3333333333333333
LE MANS,ST MICHEL VALLOIRE,17,0.3333333333333333
LE MANS,ST MICHEL VALLOIRE,18,0.3333333333333333
LE MANS,ST MICHEL VALLOIRE,19,0.3333333333333333
LE MANS,ST MICHEL VALLOIRE,20,0.3333333333333333
LE MANS,ST MICHEL VALLOIRE,21,0.35000000000000003
LE MANS,ST MICHEL VALLOIRE,22,0.3333333333333333
LE MANS,ST MICHEL VALLOIRE,23,0.3333333333333333
LE MANS,ST MICHEL VALLOIRE,24,0.3333333333333333
LE MANS,ST MICHEL VALLOIRE,25,0.3333333333333333
LE MANS,ST MICHEL VALLOIRE,26,0.3333333333333333
LE MANS,ST MICHEL VALLOIRE,27,0.3333333333333333
LE MANS,ST MICHEL VALLOIRE,28,0.3333333333333333
LE MANS,ST MICHEL VALLOIRE,29,0.3333333333333333
LE MANS,ST MICHEL VALLOIRE,30,0.049999999999999996
LE MANS,VALENCE TGV AUVERGNE RHONE ALPES,0,0.22777777777777775
LE MANS,VALENCE TGV AUVERGNE RHONE ALPES,1,0.21875
LE MANS,VALENCE TGV AUVERGNE RHONE ALPES,2,0.20140845070422536
LE MANS,VALENCE TGV AUVERGNE RHONE ALPES,3,0.20217391304347826
LE MANS,VALENCE TGV AUVERGNE RHONE ALPES,4,0.14428571428571427
LE MANS,VALENCE TGV AUVERGNE RHONE ALPES,5,0.16357142857142856
LE MANS,VALENCE TGV AUVERGNE RHONE ALPES,6,0.17142857142857143
LE MANS,VALENCE TGV AUVERGNE RHONE ALPES,7,0.17464788732394368
LE MANS,VALENCE TGV AUVERGNE RHONE ALPES,8,0.15633802816901407
LE MANS,VALENCE TGV AUVERGNE RHONE ALPES,9,0.14507042253521127
LE MANS,VALENCE TGV AUVERGNE RHONE ALPES,10,0.14855072463768115
LE MANS,VALENCE TGV AUVERGNE RHONE ALPES,11,0.16
LE MANS,VALENCE TGV AUVERGNE RHONE ALPES,12,0.07428571428571429
LE MANS,VALENCE TGV AUVERGNE RHONE ALPES,13,0.09571428571428571
LE MANS,VALENCE TGV AUVERGNE RHONE ALPES,14,0.1056338028169014
LE MANS,VALENCE TGV AUVERGNE RHONE ALPES,15,0.09154929577464789
LE MANS,VALENCE TGV AUVERGNE RHONE ALPES,16,0.08591549295774648
LE MANS,VALENCE TGV AUVERGNE RHONE ALPES,17,0.09492753623188406
LE MANS,VALENCE TGV AUVERGNE RHONE ALPES,18,0.10357142857142858
LE MANS,VALENCE TGV AUVERGNE RHONE ALPES,19,0.10285714285714286
LE MANS,VALENCE TGV AUVERGNE RHONE ALPES,20,0.09214285714285715
LE MANS,VALENCE TGV AUVERGNE RHONE ALPES,21,0.08857142857142858
LE MANS,VALENCE TGV AUVERGNE RHONE ALPES,22,0.085
LE MANS,VALENCE TGV AUVERGNE RHONE ALPES,23,0.06999999999999999
LE MANS,VALENCE TGV AUVERGNE RHONE ALPES,24,0.0625
LE MANS,VALENCE TGV AUVERGNE RHONE ALPES,25,0.06304347826086958
LE MANS,VALENCE TGV AUVERGNE RHONE ALPES,26,0.07246376811594203
LE MANS,VALENCE TGV AUVERGNE RHONE ALPES,27,0.08695652173913043
LE MANS,VALENCE TGV AUVERGNE RHONE ALPES,28,0.10144927536231885
LE MANS,VALENCE TGV AUVERGNE RHONE ALPES,29,0.11666666666666665
LE MANS,VALENCE TGV AUVERGNE RHONE ALPES,30,0.01985294117647059
LE MANS,VALENCE VILLE,0,0.0
LE MANS,VALENCE VILLE,1,0.0
LE MANS,VALENCE VILLE,2,0.0
LE MANS,VALENCE VILLE,3,0.0
LE MANS,VALENCE VILLE,4,0.0
LE MANS,VALENCE VILLE,5,0.0
LE MANS,VALENCE VILLE,6,0.0
LE MANS,VALENCE VILLE,7,0.0
LE MANS,VALENCE VILLE,8,0.0
LE MANS,VALENCE VILLE,9,0.0
LE MANS,VALENCE VILLE,10,0.0125
LE MANS,VALENCE VILLE,11,0.0125
LE MANS,VALENCE VILLE,12,0.0
LE MANS,VALENCE VILLE,13,0.0
LE MANS,VALENCE VILLE,14,0.0
LE MANS,VALENCE VILLE,15,0.0
LE MANS,VALENCE VILLE,16,0.0
LE MANS,VALENCE VILLE,17,0.0
LE MANS,VALENCE VILLE,18,0.0
LE MANS,VALENCE VILLE,19,0.0
LE MANS,VALENCE VILLE,20,0.0
LE MANS,VALENCE VILLE,21,0.0
LE MANS,VALENCE VILLE,22,0.0125
LE MANS,VALENCE VILLE,23,0.0
LE MANS,VALENCE VILLE,24,0.0
LE MANS,VALENCE VILLE,25,0.0
LE MANS,VALENCE VILLE,26,0.0
LE MANS,VALENCE VILLE,27,0.0
LE MANS,VALENCE VILLE,28,0.0
LE MANS,VALENCE VILLE,29,0.0
LE MANS,VALENCE VILLE,30,0.0
LE MANS,VERSAILLES CHANTIERS,0,0.99
LE MANS,VERSAILLES CHANTIERS,1,0.9800000000000001
LE MANS,VERSAILLES CHANTIERS,2,0.9800000000000001
LE MANS,VERSAILLES CHANTIERS,3,0.97
LE MANS,VERSAILLES CHANTIERS,4,0.82
LE MANS,VERSAILLES CHANTIERS,5,0.8099999999999999
LE MANS,VERSAILLES CHANTIERS,6,0.78
LE MANS,VERSAILLES CHANTIERS,7,0.64
LE MANS,VERSAILLES CHANTIERS,8,0.6900000000000001
LE MANS,VERSAILLES CHANTIERS,9,0.63
LE MANS,VERSAILLES CHANTIERS,10,0.65
LE MANS,VERSAILLES CHANTIERS,11,0.77
LE MANS,VERSAILLES CHANTIERS,12,0.31
LE MANS,VERSAILLES CHANTIERS,13,0.6599999999999999
LE MANS,VERSAILLES CHANTIERS,14,0.78
LE MANS,VERSAILLES CHANTIERS,15,0.79
LE MANS,VERSAILLES CHANTIERS,16,0.76
LE MANS,VERSAILLES CHANTIERS,17,0.65
LE MANS,VERSAILLES CHANTIERS,18,0.61
LE MANS,VERSAILLES CHANTIERS,19,0.61
LE MANS,VERSAILLES CHANTIERS,20,0.61
LE MANS,VERSAILLES CHANTIERS,21,0.67
LE MANS,VERSAILLES CHANTIERS,22,0.73
LE MANS,VERSAILLES CHANTIERS,23,0.6599999999999999
LE MANS,VERSAILLES CHANTIERS,24,0.76
LE MANS,VERSAILLES CHANTIERS,25,0.85
LE MANS,VERSAILLES CHANTIERS,26,0.96
LE MANS,VERSAILLES CHANTIERS,27,0.99
LE MANS,VERSAILLES CHANTIERS,28,0.9800000000000001
LE MANS,VERSAILLES CHANTIERS,29,0.93
LE MANS,VERSAILLES CHANTIERS,30,0.13
LORIENT,ANGERS SAINT LAUD,0,0.0
LORIENT,ANGERS SAINT LAUD,1,0.0
LORIENT,ANGERS SAINT LAUD,2,0.0
LORIENT,ANGERS SAINT LAUD,3,0.0
LORIENT,ANGERS SAINT LAUD,4,0.0
LORIENT,ANGERS SAINT LAUD,5,0.0
LORIENT,ANGERS SAINT LAUD,6,0.0
LORIENT,ANGERS SAINT LAUD,7,0.0
LORIENT,ANGERS SAINT LAUD,8,0.0
LORIENT,ANGERS SAINT LAUD,9,0.0
LORIENT,ANGERS SAINT LAUD,10,0.0
LORIENT,ANGERS SAINT LAUD,11,0.0
LORIENT,ANGERS SAINT LAUD,12,0.0
LORIENT,ANGERS SAINT LAUD,13,0.0
LORIENT,ANGERS SAINT LAUD,14,0.0
LORIENT,ANGERS SAINT LAUD,15,0.0
LORIENT,ANGERS SAINT LAUD,16,0.0
LORIENT,ANGERS SAINT LAUD,17,0.0
LORIENT,ANGERS SAINT LAUD,18,0.0
LORIENT,ANGERS SAINT LAUD,19,0.0
LORIENT,ANGERS SAINT LAUD,20,0.0
LORIENT,ANGERS SAINT LAUD,21,0.0
LORIENT,ANGERS SAINT LAUD,22,0.0
LORIENT,ANGERS SAINT LAUD,23,0.0
LORIENT,ANGERS SAINT LAUD,24,0.0
LORIENT,ANGERS SAINT LAUD,25,0.0
LORIENT,ANGERS SAINT LAUD,26,0.0
LORIENT,ANGERS SAINT LAUD,27,0.0
LORIENT,ANGERS SAINT LAUD,28,0.0
LORIENT,ANGERS SAINT LAUD,29,0.0
LORIENT,ANGERS SAINT LAUD,30,0.0
LORIENT,AURAY,0,0.0
LORIENT,AURAY,1,0.0
LORIENT,AURAY,2,0.0
LORIENT,AURAY,3,0.0
LORIENT,AURAY,4,0.0
LORIENT,AURAY,5,0.0
LORIENT,AURAY,6,0.0
LORIENT,AURAY,7,0.0
LORIENT,AURAY,8,0.0
LORIENT,AURAY,9,0.0
LORIENT,AURAY,10,0.0
LORIENT,AURAY,11,0.0
LORIENT,AURAY,12,0.0
LORIENT,AURAY,13,0.0
LORIENT,AURAY,14,0.0
LORIENT,AURAY,15,0.0
LORIENT,AURAY,16,0.0
LORIENT,AURAY,17,0.0
LORIENT,AURAY,18,0.0
LORIENT,AURAY,19,0.0
LORIENT,AURAY,20,0.0
LORIENT,AURAY,21,0.0
LORIENT,AURAY,22,0.0
LORIENT,AURAY,23,0.0
LORIENT,AURAY,24,0.05
LORIENT,AURAY,25,0.0
LORIENT,AURAY,26,0.0
LORIENT,AURAY,27,0.0
LORIENT,AURAY,28,0.0
LORIENT,AURAY,29,0.0
LORIENT,AURAY,30,0.0
LORIENT,CHAMBERY CHALLES LES EAUX,0,0.0
LORIENT,CHAMBERY CHALLES LES EAUX,1,0.0
LORIENT,CHAMBERY CHALLES LES EAUX,2,0.0
LORIENT,CHAMBERY CHALLES LES EAUX,3,0.0
LORIENT,CHAMBERY CHALLES LES EAUX,4,0.0
LORIENT,CHAMBERY CHALLES LES EAUX,5,0.0
LORIENT,CHAMBERY CHALLES LES EAUX,6,0.0
LORIENT,CHAMBERY CHALLES LES EAUX,7,0.0
LORIENT,CHAMBERY CHALLES LES EAUX,8,0.0
LORIENT,CHAMBERY CHALLES LES EAUX,9,0.0
LORIENT,CHAMBERY CHALLES LES EAUX,10,0.0
LORIENT,CHAMBERY CHALLES LES EAUX,11,0.0
LORIENT,CHAMBERY CHALLES LES EAUX,12,0.0
LORIENT,CHAMBERY CHALLES LES EAUX,13,0.0
LORIENT,CHAMBERY CHALLES LES EAUX,14,0.0
LORIENT,CHAMBERY CHALLES LES EAUX,15,0.0
LORIENT,CHAMBERY CHALLES LES EAUX,16,0.0
LORIENT,CHAMBERY CHALLES LES EAUX,17,0.0
LORIENT,CHAMBERY CHALLES LES EAUX,18,0.0
LORIENT,CHAMBERY CHALLES LES EAUX,19,0.0
LORIENT,CHAMBERY CHALLES LES EAUX,20,0.0
LORIENT,CHAMBERY CHALLES LES EAUX,21,0.0
LORIENT,CHAMBERY CHALLES LES EAUX,22,0.0
LORIENT,CHAMBERY CHALLES LES EAUX,23,0.0
LORIENT,CHAMBERY CHALLES LES EAUX,24,0.0
LORIENT,CHAMBERY CHALLES LES EAUX,25,0.0
LORIENT,CHAMBERY CHALLES LES EAUX,26,0.0
LORIENT,CHAMBERY CHALLES LES EAUX,27,0.0
LORIENT,CHAMBERY CHALLES LES EAUX,28,0.0
LORIENT,CHAMBERY CHALLES LES EAUX,29,0.0
LORIENT,CHAMBERY CHALLES LES EAUX,30,0.0
LORIENT,LE MANS,0,0.0
LORIENT,LE MANS,1,0.0
LORIENT,LE MANS,2,0.0
LORIENT,LE MANS,3,0.05
LORIENT,LE MANS,4,0.0
LORIENT,LE MANS,5,0.0
LORIENT,LE MANS,6,0.0
LORIENT,LE MANS,7,0.0
LORIENT,LE MANS,8,0.0
LORIENT,LE MANS,9,0.05
LORIENT,LE MANS,10,0.05
LORIENT,LE MANS,11,0.05
LORIENT,LE MANS,12,0.0
LORIENT,LE MANS,13,0.0
LORIENT,LE MANS,14,0.0
LORIENT,LE MANS,15,0.0
LORIENT,LE MANS,16,0.0
LORIENT,LE MANS,17,0.0
LORIENT,LE MANS,18,0.0
LORIENT,LE MANS,19,0.0
LORIENT,LE MANS,20,0.0
LORIENT,LE MANS,21,0.0
LORIENT,LE MANS,22,0.0
LORIENT,LE MANS,23,0.0
LORIENT,LE MANS,24,0.0
LORIENT,LE MANS,25,0.0
LORIENT,LE MANS,26,0.0
LORIENT,LE MANS,27,0.1
LORIENT,LE MANS,28,0.0
LORIENT,LE MANS,29,0.0
LORIENT,LE MANS,30,0.0
LORIENT,MASSY TGV,0,0.1
LORIENT,MASSY TGV,1,0.05
LORIENT,MASSY TGV,2,0.1
LORIENT,MASSY TGV,3,0.1
LORIENT,MASSY TGV,4,0.0
LORIENT,MASSY TGV,5,0.0
LORIENT,MASSY TGV,6,0.0
LORIENT,MASSY TGV,7,0.0
LORIENT,MASSY TGV,8,0.05
LORIENT,MASSY TGV,9,0.0
LORIENT,MASSY TGV,10,0.0
LORIENT,MASSY TGV,11,0.0
LORIENT,MASSY TGV,12,0.05
LORIENT,MASSY TGV,13,0.0
LORIENT,MASSY TGV,14,0.0
LORIENT,MASSY TGV,15,0.0
LORIENT,MASSY TGV,16,0.0
LORIENT,MASSY TGV,17,0.0
LORIENT,MASSY TGV,18,0.0
LORIENT,MASSY TGV,19,0.0
LORIENT,MASSY TGV,20,0.0
LORIENT,MASSY TGV,21,0.0
LORIENT,MASSY TGV,22,0.0
LORIENT,MASSY TGV,23,0.0
LORIENT,MASSY TGV,24,0.0
LORIENT,MASSY TGV,25,0.0
LORIENT,MASSY TGV,26,0.0
LORIENT,MASSY TGV,27,0.0
LORIENT,MASSY TGV,28,0.0
LORIENT,MASSY TGV,29,0.0
LORIENT,MASSY TGV,30,0.0
LORIENT,MODANE,0,0.05
LORIENT,MODANE,1,0.0
LORIENT,MODANE,2,0.1
LORIENT,MODANE,3,0.0
LORIENT,MODANE,4,0.0
LORIENT,MODANE,5,0.0
LORIENT,MODANE,6,0.0
LORIENT,MODANE,7,0.0
LORIENT,MODANE,8,0.0
LORIENT,MODANE,9,0.0
LORIENT,MODANE,10,0.0
LORIENT,MODANE,11,0.0
LORIENT,MODANE,12,0.0
LORIENT,MODANE,13,0.0
LORIENT,MODANE,14,0.0
LORIENT,MODANE,15,0.0
LORIENT,MODANE,16,0.0
LORIENT,MODANE,17,0.0
LORIENT,MODANE,18,0.0
LORIENT,MODANE,19,0.0
LORIENT,MODANE,20,0.0
LORIENT,MODANE,21,0.0
LORIENT,MODANE,22,0.0
LORIENT,MODANE,23,0.0
LORIENT,MODANE,24,0.0
LORIENT,MODANE,25,0.0
LORIENT,MODANE,26,0.0
LORIENT,MODANE,27,0.0
LORIENT,MODANE,28,0.0
LORIENT,MODANE,29,0.0
LORIENT,MODANE,30,0.0
LORIENT,NANTES,0,0.0
LORIENT,NANTES,1,0.0
LORIENT,NANTES,2,0.0
LORIENT,NANTES,3,0.0
LORIENT,NANTES,4,0.0
LORIENT,NANTES,5,0.0
LORIENT,NANTES,6,0.0
LORIENT,NANTES,7,0.0
LORIENT,NANTES,8,0.0
LORIENT,NANTES,9,0.0
LORIENT,NANTES,10,0.0
LORIENT,NANTES,11,0.0
LORIENT,NANTES,12,0.0
LORIENT,NANTES,13,0.0
LORIENT,NANTES,14,0.0
LORIENT,NANTES,15,0.0
LORIENT,NANTES,16,0.0
LORIENT,NANTES,17,0.0
LORIENT,NANTES,18,0.0
LORIENT,NANTES,19,0.0
LORIENT,NANTES,20,0.0
LORIENT,NANTES,21,0.0
LORIENT,NANTES,22,0.0
LORIENT,NANTES,23,0.0
LORIENT,NANTES,24,0.0
LORIENT,NANTES,25,0.0
LORIENT,NANTES,26,0.0
LORIENT,NANTES,27,0.0
LORIENT,NANTES,28,0.0
LORIENT,NANTES,29,0.0
LORIENT,NANTES,30,0.0
LORIENT,REDON,0,0.0
LORIENT,REDON,1,0.0
LORIENT,REDON,2,0.0
LORIENT,REDON,3,0.0
LORIENT,REDON,4,0.0
LORIENT,REDON,5,0.0
LORIENT,REDON,6,0.0
LORIENT,REDON,7,0.0
LORIENT,REDON,8,0.0
LORIENT,REDON,9,0.0
LORIENT,REDON,10,0.0
LORIENT,REDON,11,0.0
LORIENT,REDON,12,0.0
LORIENT,REDON,13,0.0
LORIENT,REDON,14,0.0
LORIENT,REDON,15,0.0
LORIENT,REDON,16,0.0
LORIENT,REDON,17,0.0
LORIENT,REDON,18,0.0
LORIENT,REDON,19,0.0
LORIENT,REDON,20,0.0
LORIENT,REDON,21,0.0
LORIENT,REDON,22,0.0
LORIENT,REDON,23,0.0
LORIENT,REDON,24,0.0
LORIENT,REDON,25,0.0
LORIENT,REDON,26,0.0
LORIENT,REDON,27,0.0
LORIENT,REDON,28,0.0
LORIENT,REDON,29,0.0
LORIENT,REDON,30,0.0
LORIENT,SAINT AVRE LA CHAMBRE,0,0.05
LORIENT,SAINT AVRE LA CHAMBRE,1,0.0
LORIENT,SAINT AVRE LA CHAMBRE,2,0.0
LORIENT,SAINT AVRE LA CHAMBRE,3,0.0
LORIENT,SAINT AVRE LA CHAMBRE,4,0.0
LORIENT,SAINT AVRE LA CHAMBRE,5,0.0
LORIENT,SAINT AVRE LA CHAMBRE,6,0.0
LORIENT,SAINT AVRE LA CHAMBRE,7,0.0
LORIENT,SAINT AVRE LA CHAMBRE,8,0.0
LORIENT,SAINT AVRE LA CHAMBRE,9,0.0
LORIENT,SAINT AVRE LA CHAMBRE,10,0.0
LORIENT,SAINT AVRE LA CHAMBRE,11,0.0
LORIENT,SAINT AVRE LA CHAMBRE,12,0.0
LORIENT,SAINT AVRE LA CHAMBRE,13,0.0
LORIENT,SAINT AVRE LA CHAMBRE,14,0.0
LORIENT,SAINT AVRE LA CHAMBRE,15,0.0
LORIENT,SAINT AVRE LA CHAMBRE,16,0.0
LORIENT,SAINT AVRE LA CHAMBRE,17,0.0
LORIENT,SAINT AVRE LA CHAMBRE,18,0.0
LORIENT,SAINT AVRE LA CHAMBRE,19,0.0
LORIENT,SAINT AVRE LA CHAMBRE,20,0.0
LORIENT,SAINT AVRE LA CHAMBRE,21,0.0
LORIENT,SAINT AVRE LA CHAMBRE,22,0.0
LORIENT,SAINT AVRE LA CHAMBRE,23,0.0
LORIENT,SAINT AVRE LA CHAMBRE,24,0.0
LORIENT,SAINT AVRE LA CHAMBRE,25,0.0
LORIENT,SAINT AVRE LA CHAMBRE,26,0.0
LORIENT,SAINT AVRE LA CHAMBRE,27,0.0
LORIENT,SAINT AVRE LA CHAMBRE,28,0.0
LORIENT,SAINT AVRE LA CHAMBRE,29,0.0
LORIENT,SAINT AVRE LA CHAMBRE,30,0.0
LORIENT,ST JEAN DE MAURIENNE ARVAN,0,0.1
LORIENT,ST JEAN DE MAURIENNE ARVAN,1,0.0
LORIENT,ST JEAN DE MAURIENNE ARVAN,2,0.0
LORIENT,ST JEAN DE MAURIENNE ARVAN,3,0.0
LORIENT,ST JEAN DE MAURIENNE ARVAN,4,0.0
LORIENT,ST JEAN DE MAURIENNE ARVAN,5,0.0
LORIENT,ST JEAN DE MAURIENNE ARVAN,6,0.0
LORIENT,ST JEAN DE MAURIENNE ARVAN,7,0.0
LORIENT,ST JEAN DE MAURIENNE ARVAN,8,0.0
LORIENT,ST JEAN DE MAURIENNE ARVAN,9,0.0
LORIENT,ST JEAN DE MAURIENNE ARVAN,10,0.0
LORIENT,ST JEAN DE MAURIENNE ARVAN,11,0.0
LORIENT,ST JEAN DE MAURIENNE ARVAN,12,0.0
LORIENT,ST JEAN DE MAURIENNE ARVAN,13,0.0
LORIENT,ST JEAN DE MAURIENNE ARVAN,14,0.0
LORIENT,ST JEAN DE MAURIENNE ARVAN,15,0.0
LORIENT,ST JEAN DE MAURIENNE ARVAN,16,0.0
LORIENT,ST JEAN DE MAURIENNE ARVAN,17,0.0
LORIENT,ST JEAN DE MAURIENNE ARVAN,18,0.0
LORIENT,ST JEAN DE MAURIENNE ARVAN,19,0.0
LORIENT,ST JEAN DE MAURIENNE ARVAN,20,0.0
LORIENT,ST JEAN DE MAURIENNE ARVAN,21,0.0
LORIENT,ST JEAN DE MAURIENNE ARVAN,22,0.0
LORIENT,ST JEAN DE MAURIENNE ARVAN,23,0.0
LORIENT,ST JEAN DE MAURIENNE ARVAN,24,0.0
LORIENT,ST JEAN DE MAURIENNE ARVAN,25,0.0
LORIENT,ST JEAN DE MAURIENNE ARVAN,26,0.0
LORIENT,ST JEAN DE MAURIENNE ARVAN,27,0.0
LORIENT,ST JEAN DE MAURIENNE ARVAN,28,0.0
LORIENT,ST JEAN DE MAURIENNE ARVAN,29,0.0
LORIENT,ST JEAN DE MAURIENNE ARVAN,30,0.0
LORIENT,ST MICHEL VALLOIRE,0,0.0
LORIENT,ST MICHEL VALLOIRE,1,0.0
LORIENT,ST MICHEL VALLOIRE,2,0.0
LORIENT,ST MICHEL VALLOIRE,3,0.0
LORIENT,ST MICHEL VALLOIRE,4,0.0
LORIENT,ST MICHEL VALLOIRE,5,0.0
LORIENT,ST MICHEL VALLOIRE,6,0.0
LORIENT,ST MICHEL VALLOIRE,7,0.0
LORIENT,ST MICHEL VALLOIRE,8,0.0
LORIENT,ST MICHEL VALLOIRE,9,0.0
LORIENT,ST MICHEL VALLOIRE,10,0.0
LORIENT,ST MICHEL VALLOIRE,11,0.0
LORIENT,ST MICHEL VALLOIRE,12,0.0
LORIENT,ST MICHEL VALLOIRE,13,0.0
LORIENT,ST MICHEL VALLOIRE,14,0.0
LORIENT,ST MICHEL VALLOIRE,15,0.0
LORIENT,ST MICHEL VALLOIRE,16,0.0
LORIENT,ST MICHEL VALLOIRE,17,0.0
LORIENT,ST MICHEL VALLOIRE,18,0.0
LORIENT,ST MICHEL VALLOIRE,19,0.0
LORIENT,ST MICHEL VALLOIRE,20,0.0
LORIENT,ST MICHEL VALLOIRE,21,0.0
LORIENT,ST MICHEL VALLOIRE,22,0.0
LORIENT,ST MICHEL VALLOIRE,23,0.0
LORIENT,ST MICHEL VALLOIRE,24,0.0
LORIENT,ST MICHEL VALLOIRE,25,0.0
LORIENT,ST MICHEL VALLOIRE,26,0.0
LORIENT,ST MICHEL VALLOIRE,27,0.0
LORIENT,ST MICHEL VALLOIRE,28,0.0
LORIENT,ST MICHEL VALLOIRE,29,0.0
LORIENT,ST MICHEL VALLOIRE,30,0.0
LORIENT,VANNES,0,0.0
LORIENT,VANNES,1,0.0
LORIENT,VANNES,2,0.0
LORIENT,VANNES,3,0.0
LORIENT,VANNES,4,0.0
LORIENT,VANNES,5,0.0
LORIENT,VANNES,6,0.0
LORIENT,VANNES,7,0.0
LORIENT,VANNES,8,0.0
LORIENT,VANNES,9,0.0
LORIENT,VANNES,10,0.0
LORIENT,VANNES,11,0.0
LORIENT,VANNES,12,0.0
LORIENT,VANNES,13,0.0
LORIENT,VANNES,14,0.0
LORIENT,VANNES,15,0.0
LORIENT,VANNES,16,0.0
LORIENT,VANNES,17,0.0
LORIENT,VANNES,18,0.0
LORIENT,VANNES,19,0.0
LORIENT,VANNES,20,0.0
LORIENT,VANNES,21,0.0
LORIENT,VANNES,22,0.0
LORIENT,VANNES,23,0.0
LORIENT,VANNES,24,0.0
LORIENT,VANNES,25,0.0
LORIENT,VANNES,26,0.0
LORIENT,VANNES,27,0.0
LORIENT,VANNES,28,0.0
LORIENT,VANNES,29,0.0
LORIENT,VANNES,30,0.0
LYON (intramuros),AIX EN PROVENCE TGV,0,0.41680911680911686
LYON (intramuros),AIX EN PROVENCE TGV,1,0.4343304843304843
LYON (intramuros),AIX EN PROVENCE TGV,2,0.4495726495726496
LYON (intramuros),AIX EN PROVENCE TGV,3,0.4542735042735042
LYON (intramuros),AIX EN PROVENCE TGV,4,0.29943019943019944
LYON (intramuros),AIX EN PROVENCE TGV,5,0.2888888888888889
LYON (intramuros),AIX EN PROVENCE TGV,6,0.2925925925925926
LYON (intramuros),AIX EN PROVENCE TGV,7,0.26680911680911684
LYON (intramuros),AIX EN PROVENCE TGV,8,0.25783475783475784
LYON (intramuros),AIX EN PROVENCE TGV,9,0.2557142857142857
LYON (intramuros),AIX EN PROVENCE TGV,10,0.2479942693409742
LYON (intramuros),AIX EN PROVENCE TGV,11,0.2413793103448276
LYON (intramuros),AIX EN PROVENCE TGV,12,0.09164265129682997
LYON (intramuros),AIX EN PROVENCE TGV,13,0.07968299711815562
LYON (intramuros),AIX EN PROVENCE TGV,14,0.08034682080924856
LYON (intramuros),AIX EN PROVENCE TGV,15,0.07782608695652174
LYON (intramuros),AIX EN PROVENCE TGV,16,0.07296511627906978
LYON (intramuros),AIX EN PROVENCE TGV,17,0.07346938775510203
LYON (intramuros),AIX EN PROVENCE TGV,18,0.0698830409356725
LYON (intramuros),AIX EN PROVENCE TGV,19,0.0686217008797654
LYON (intramuros),AIX EN PROVENCE TGV,20,0.0773529411764706
LYON (intramuros),AIX EN PROVENCE TGV,21,0.07787610619469026
LYON (intramuros),AIX EN PROVENCE TGV,22,0.08668639053254439
LYON (intramuros),AIX EN PROVENCE TGV,23,0.08367952522255193
LYON (intramuros),AIX EN PROVENCE TGV,24,0.08258928571428571
LYON (intramuros),AIX EN PROVENCE TGV,25,0.07716417910447762
LYON (intramuros),AIX EN PROVENCE TGV,26,0.07410179640718563
LYON (intramuros),AIX EN PROVENCE TGV,27,0.07507507507507508
LYON (intramuros),AIX EN PROVENCE TGV,28,0.07725903614457831
LYON (intramuros),AIX EN PROVENCE TGV,29,0.07583081570996979
LYON (intramuros),AIX EN PROVENCE TGV,30,0.018389057750759878
LYON (intramuros),AVIGNON TGV,0,0.6198863636363636
LYON (intramuros),AVIGNON TGV,1,0.6278409090909091
LYON (intramuros),AVIGNON TGV,2,0.647159090909091
LYON (intramuros),AVIGNON TGV,3,0.6524147727272728
LYON (intramuros),AVIGNON TGV,4,0.5357954545454545
LYON (intramuros),AVIGNON TGV,5,0.5313920454545454
LYON (intramuros),AVIGNON TGV,6,0.5311079545454546
LYON (intramuros),AVIGNON TGV,7,0.5073863636363636
LYON (intramuros),AVIGNON TGV,8,0.5029829545454546
LYON (intramuros),AVIGNON TGV,9,0.5007102272727273
LYON (intramuros),AVIGNON TGV,10,0.5089488636363636
LYON (intramuros),AVIGNON TGV,11,0.5056818181818182
LYON (intramuros),AVIGNON TGV,12,0.2625
LYON (intramuros),AVIGNON TGV,13,0.24019886363636364
LYON (intramuros),AVIGNON TGV,14,0.2292022792022792
LYON (intramuros),AVIGNON TGV,15,0.22742857142857142
LYON (intramuros),AVIGNON TGV,16,0.23285714285714285
LYON (intramuros),AVIGNON TGV,17,0.23099999999999998
LYON (intramuros),AVIGNON TGV,18,0.22414285714285714
LYON (intramuros),AVIGNON TGV,19,0.22063037249283668
LYON (intramuros),AVIGNON TGV,20,0.22406876790830946
LYON (intramuros),AVIGNON TGV,21,0.22249283667621778
LYON (intramuros),AVIGNON TGV,22,0.22873563218390802
LYON (intramuros),AVIGNON TGV,23,0.2260806916426513
LYON (intramuros),AVIGNON TGV,24,0.2217579250720461
LYON (intramuros),AVIGNON TGV,25,0.22103746397694526
LYON (intramuros),AVIGNON TGV,26,0.21502890173410405
LYON (intramuros),AVIGNON TGV,27,0.22225433526011562
LYON (intramuros),AVIGNON TGV,28,0.22427745664739882
LYON (intramuros),AVIGNON TGV,29,0.2165217391304348
LYON (intramuros),AVIGNON TGV,30,0.04387755102040816
LYON (intramuros),GRENOBLE,0,1.0
LYON (intramuros),GRENOBLE,1,1.0
LYON (intramuros),GRENOBLE,2,1.0
LYON (intramuros),GRENOBLE,3,0.925
LYON (intramuros),GRENOBLE,4,0.525
LYON (intramuros),GRENOBLE,5,0.5
LYON (intramuros),GRENOBLE,6,0.5
LYON (intramuros),GRENOBLE,7,0.5
LYON (intramuros),GRENOBLE,8,0.5
LYON (intramuros),GRENOBLE,9,0.525
LYON (intramuros),GRENOBLE,10,0.525
LYON (intramuros),GRENOBLE,11,0.525
LYON (intramuros),GRENOBLE,12,0.4
LYON (intramuros),GRENOBLE,13,0.05
LYON (intramuros),GRENOBLE,14,0.025
LYON (intramuros),GRENOBLE,15,0.0
LYON (intramuros),GRENOBLE,16,0.0
LYON (intramuros),GRENOBLE,17,0.0
LYON (intramuros),GRENOBLE,18,0.0
LYON (intramuros),GRENOBLE,19,0.0
LYON (intramuros),GRENOBLE,20,0.0
LYON (intramuros),GRENOBLE,21,0.0
LYON (intramuros),GRENOBLE,22,0.0
LYON (intramuros),GRENOBLE,23,0.025
LYON (intramuros),GRENOBLE,24,0.0
LYON (intramuros),GRENOBLE,25,0.0
LYON (intramuros),GRENOBLE,26,0.025
LYON (intramuros),GRENOBLE,27,0.025
LYON (intramuros),GRENOBLE,28,0.0
LYON (intramuros),GRENOBLE,29,0.0
LYON (intramuros),GRENOBLE,30,0.0
LYON (intramuros),LAVAL,0,0.0696078431372549
LYON (intramuros),LAVAL,1,0.07450980392156863
LYON (intramuros),LAVAL,2,0.12450980392156862
LYON (intramuros),LAVAL,3,0.12941176470588234
LYON (intramuros),LAVAL,4,0.1423076923076923
LYON (intramuros),LAVAL,5,0.16634615384615387
LYON (intramuros),LAVAL,6,0.20961538461538462
LYON (intramuros),LAVAL,7,0.2076923076923077
LYON (intramuros),LAVAL,8,0.23529411764705882
LYON (intramuros),LAVAL,9,0.27599999999999997
LYON (intramuros),LAVAL,10,0.31020408163265306
LYON (intramuros),LAVAL,11,0.3145833333333333
LYON (intramuros),LAVAL,12,0.1872340425531915
LYON (intramuros),LAVAL,13,0.18695652173913044
LYON (intramuros),LAVAL,14,0.22555555555555556
LYON (intramuros),LAVAL,15,0.2488636363636364
LYON (intramuros),LAVAL,16,0.27906976744186046
LYON (intramuros),LAVAL,17,0.27142857142857146
LYON (intramuros),LAVAL,18,0.2707317073170732
LYON (intramuros),LAVAL,19,0.27625
LYON (intramuros),LAVAL,20,0.29874999999999996
LYON (intramuros),LAVAL,21,0.28717948717948716
LYON (intramuros),LAVAL,22,0.3092105263157895
LYON (intramuros),LAVAL,23,0.28243243243243243
LYON (intramuros),LAVAL,24,0.2569444444444444
LYON (intramuros),LAVAL,25,0.2513888888888889
LYON (intramuros),LAVAL,26,0.25416666666666665
LYON (intramuros),LAVAL,27,0.2486111111111111
LYON (intramuros),LAVAL,28,0.23194444444444443
LYON (intramuros),LAVAL,29,0.24166666666666664
LYON (intramuros),LAVAL,30,0.03142857142857143
LYON (intramuros),LE MANS,0,0.04313725490196078
LYON (intramuros),LE MANS,1,0.05980392156862745
LYON (intramuros),LE MANS,2,0.11176470588235295
LYON (intramuros),LE MANS,3,0.12745098039215685
LYON (intramuros),LE MANS,4,0.13365384615384615
LYON (intramuros),LE MANS,5,0.15480769230769229
LYON (intramuros),LE MANS,6,0.2076923076923077
LYON (intramuros),LE MANS,7,0.20576923076923076
LYON (intramuros),LE MANS,8,0.23529411764705882
LYON (intramuros),LE MANS,9,0.271
LYON (intramuros),LE MANS,10,0.2969387755102041
LYON (intramuros),LE MANS,11,0.2947916666666667
LYON (intramuros),LE MANS,12,0.18829787234042553
LYON (intramuros),LE MANS,13,0.18478260869565216
LYON (intramuros),LE MANS,14,0.22444444444444445
LYON (intramuros),LE MANS,15,0.2534090909090909
LYON (intramuros),LE MANS,16,0.2697674418604651
LYON (intramuros),LE MANS,17,0.2642857142857143
LYON (intramuros),LE MANS,18,0.27317073170731704
LYON (intramuros),LE MANS,19,0.27999999999999997
LYON (intramuros),LE MANS,20,0.29625
LYON (intramuros),LE MANS,21,0.28076923076923077
LYON (intramuros),LE MANS,22,0.29342105263157897
LYON (intramuros),LE MANS,23,0.27297297297297296
LYON (intramuros),LE MANS,24,0.2611111111111111
LYON (intramuros),LE MANS,25,0.2513888888888889
LYON (intramuros),LE MANS,26,0.25
LYON (intramuros),LE MANS,27,0.24722222222222223
LYON (intramuros),LE MANS,28,0.2361111111111111
LYON (intramuros),LE MANS,29,0.24444444444444446
LYON (intramuros),LE MANS,30,0.03428571428571429
LYON (intramuros),LYON (intramuros),0,0.980246913580247
LYON (intramuros),LYON (intramuros),1,0.9844135802469135
LYON (intramuros),LYON (intramuros),2,0.9881172839506173
LYON (intramuros),LYON (intramuros),3,0.9853395061728395
LYON (intramuros),LYON (intramuros),4,0.9885802469135803
LYON (intramuros),LYON (intramuros),5,0.9881172839506173
LYON (intramuros),LYON (intramuros),6,0.9916666666666667
LYON (intramuros),LYON (intramuros),7,0.9945987654320988
LYON (intramuros),LYON (intramuros),8,0.9945987654320988
LYON (intramuros),LYON (intramuros),9,0.9924382716049384
LYON (intramuros),LYON (intramuros),10,0.9912037037037036
LYON (intramuros),LYON (intramuros),11,0.9862654320987655
LYON (intramuros),LYON (intramuros),12,0.9057098765432099
LYON (intramuros),LYON (intramuros),13,0.9027777777777778
LYON (intramuros),LYON (intramuros),14,0.9035493827160493
LYON (intramuros),LYON (intramuros),15,0.9067901234567901
LYON (intramuros),LYON (intramuros),16,0.9060185185185186
LYON (intramuros),LYON (intramuros),17,0.9075617283950618
LYON (intramuros),LYON (intramuros),18,0.9050925925925926
LYON (intramuros),LYON (intramuros),19,0.8990740740740741
LYON (intramuros),LYON (intramuros),20,0.8910493827160494
LYON (intramuros),LYON (intramuros),21,0.8858024691358025
LYON (intramuros),LYON (intramuros),22,0.883641975308642
LYON (intramuros),LYON (intramuros),23,0.8785493827160493
LYON (intramuros),LYON (intramuros),24,0.8822530864197532
LYON (intramuros),LYON (intramuros),25,0.8810185185185185
LYON (intramuros),LYON (intramuros),26,0.8790123456790124
LYON (intramuros),LYON (intramuros),27,0.8660493827160495
LYON (intramuros),LYON (intramuros),28,0.8567901234567902
LYON (intramuros),LYON (intramuros),29,0.8324074074074074
LYON (intramuros),LYON (intramuros),30,0.08027950310559007
LYON (intramuros),MARSEILLE ST CHARLES,0,0.6154829545454545
LYON (intramuros),MARSEILLE ST CHARLES,1,0.6319602272727273
LYON (intramuros),MARSEILLE ST CHARLES,2,0.6491477272727273
LYON (intramuros),MARSEILLE ST CHARLES,3,0.6552556818181818
LYON (intramuros),MARSEILLE ST CHARLES,4,0.5375
LYON (intramuros),MARSEILLE ST CHARLES,5,0.5323863636363636
LYON (intramuros),MARSEILLE ST CHARLES,6,0.5264204545454546
LYON (intramuros),MARSEILLE ST CHARLES,7,0.5088068181818182
LYON (intramuros),MARSEILLE ST CHARLES,8,0.5035511363636364
LYON (intramuros),MARSEILLE ST CHARLES,9,0.5011363636363636
LYON (intramuros),MARSEILLE ST CHARLES,10,0.5072443181818183
LYON (intramuros),MARSEILLE ST CHARLES,11,0.5001420454545454
LYON (intramuros),MARSEILLE ST CHARLES,12,0.2565340909090909
LYON (intramuros),MARSEILLE ST CHARLES,13,0.23991477272727274
LYON (intramuros),MARSEILLE ST CHARLES,14,0.22777777777777777
LYON (intramuros),MARSEILLE ST CHARLES,15,0.22271428571428573
LYON (intramuros),MARSEILLE ST CHARLES,16,0.2307142857142857
LYON (intramuros),MARSEILLE ST CHARLES,17,0.2292857142857143
LYON (intramuros),MARSEILLE ST CHARLES,18,0.21985714285714286
LYON (intramuros),MARSEILLE ST CHARLES,19,0.2150429799426934
LYON (intramuros),MARSEILLE ST CHARLES,20,0.22177650429799428
LYON (intramuros),MARSEILLE ST CHARLES,21,0.22120343839541548
LYON (intramuros),MARSEILLE ST CHARLES,22,0.22772988505747127
LYON (intramuros),MARSEILLE ST CHARLES,23,0.2260806916426513
LYON (intramuros),MARSEILLE ST CHARLES,24,0.2229106628242075
LYON (intramuros),MARSEILLE ST CHARLES,25,0.22406340057636887
LYON (intramuros),MARSEILLE ST CHARLES,26,0.21835260115606936
LYON (intramuros),MARSEILLE ST CHARLES,27,0.22196531791907514
LYON (intramuros),MARSEILLE ST CHARLES,28,0.22355491329479768
LYON (intramuros),MARSEILLE ST CHARLES,29,0.2165217391304348
LYON (intramuros),MARSEILLE ST CHARLES,30,0.04518950437317784
LYON (intramuros),MASSY TGV,0,0.06862745098039216
LYON (intramuros),MASSY TGV,1,0.07549019607843137
LYON (intramuros),MASSY TGV,2,0.12058823529411765
LYON (intramuros),MASSY TGV,3,0.1264705882352941
LYON (intramuros),MASSY TGV,4,0.11346153846153847
LYON (intramuros),MASSY TGV,5,0.12980769230769232
LYON (intramuros),MASSY TGV,6,0.15096153846153845
LYON (intramuros),MASSY TGV,7,0.1980769230769231
LYON (intramuros),MASSY TGV,8,0.26666666666666666
LYON (intramuros),MASSY TGV,9,0.306
LYON (intramuros),MASSY TGV,10,0.3081632653061224
LYON (intramuros),MASSY TGV,11,0.3177083333333333
LYON (intramuros),MASSY TGV,12,0.19361702127659575
LYON (intramuros),MASSY TGV,13,0.19021739130434784
LYON (intramuros),MASSY TGV,14,0.22666666666666666
LYON (intramuros),MASSY TGV,15,0.24431818181818182
LYON (intramuros),MASSY TGV,16,0.2720930232558139
LYON (intramuros),MASSY TGV,17,0.2690476190476191
LYON (intramuros),MASSY TGV,18,0.27317073170731704
LYON (intramuros),MASSY TGV,19,0.27875
LYON (intramuros),MASSY TGV,20,0.29874999999999996
LYON (intramuros),MASSY TGV,21,0.2846153846153846
LYON (intramuros),MASSY TGV,22,0.31315789473684214
LYON (intramuros),MASSY TGV,23,0.26756756756756755
LYON (intramuros),MASSY TGV,24,0.25277777777777777
LYON (intramuros),MASSY TGV,25,0.25
LYON (intramuros),MASSY TGV,26,0.2513888888888889
LYON (intramuros),MASSY TGV,27,0.24444444444444446
LYON (intramuros),MASSY TGV,28,0.23055555555555557
LYON (intramuros),MASSY TGV,29,0.23750000000000002
LYON (intramuros),MASSY TGV,30,0.03285714285714286
LYON (intramuros),MONTPELLIER SAINT ROCH,0,0.17551020408163265
LYON (intramuros),MONTPELLIER SAINT ROCH,1,0.1816326530612245
LYON (intramuros),MONTPELLIER SAINT ROCH,2,0.2
LYON (intramuros),MONTPELLIER SAINT ROCH,3,0.19361702127659575
LYON (intramuros),MONTPELLIER SAINT ROCH,4,0.19479166666666667
LYON (intramuros),MONTPELLIER SAINT ROCH,5,0.1885416666666667
LYON (intramuros),MONTPELLIER SAINT ROCH,6,0.19062500000000002
LYON (intramuros),MONTPELLIER SAINT ROCH,7,0.18571428571428572
LYON (intramuros),MONTPELLIER SAINT ROCH,8,0.19795918367346937
LYON (intramuros),MONTPELLIER SAINT ROCH,9,0.1989795918367347
LYON (intramuros),MONTPELLIER SAINT ROCH,10,0.2542553191489362
LYON (intramuros),MONTPELLIER SAINT ROCH,11,0.253125
LYON (intramuros),MONTPELLIER SAINT ROCH,12,0.15625
LYON (intramuros),MONTPELLIER SAINT ROCH,13,0.165625
LYON (intramuros),MONTPELLIER SAINT ROCH,14,0.16530612244897958
LYON (intramuros),MONTPELLIER SAINT ROCH,15,0.16530612244897958
LYON (intramuros),MONTPELLIER SAINT ROCH,16,0.16326530612244897
LYON (intramuros),MONTPELLIER SAINT ROCH,17,0.16595744680851063
LYON (intramuros),MONTPELLIER SAINT ROCH,18,0.15520833333333334
LYON (intramuros),MONTPELLIER SAINT ROCH,19,0.15
LYON (intramuros),MONTPELLIER SAINT ROCH,20,0.14583333333333334
LYON (intramuros),MONTPELLIER SAINT ROCH,21,0.14479166666666668
LYON (intramuros),MONTPELLIER SAINT ROCH,22,0.14479166666666668
LYON (intramuros),MONTPELLIER SAINT ROCH,23,0.14270833333333333
LYON (intramuros),MONTPELLIER SAINT ROCH,24,0.1358695652173913
LYON (intramuros),MONTPELLIER SAINT ROCH,25,0.1478723404255319
LYON (intramuros),MONTPELLIER SAINT ROCH,26,0.1478723404255319
LYON (intramuros),MONTPELLIER SAINT ROCH,27,0.14893617021276595
LYON (intramuros),MONTPELLIER SAINT ROCH,28,0.16382978723404257
LYON (intramuros),MONTPELLIER SAINT ROCH,29,0.16489361702127658
LYON (intramuros),MONTPELLIER SAINT ROCH,30,0.03152173913043478
LYON (intramuros),MONTPELLIER SUD DE FRANCE,0,0.6444444444444444
LYON (intramuros),MONTPELLIER SUD DE FRANCE,1,0.6566951566951567
LYON (intramuros),MONTPELLIER SUD DE FRANCE,2,0.6708806818181818
LYON (intramuros),MONTPELLIER SUD DE FRANCE,3,0.6626420454545454
LYON (intramuros),MONTPELLIER SUD DE FRANCE,4,0.5417613636363636
LYON (intramuros),MONTPELLIER SUD DE FRANCE,5,0.5409090909090909
LYON (intramuros),MONTPELLIER SUD DE FRANCE,6,0.5387784090909091
LYON (intramuros),MONTPELLIER SUD DE FRANCE,7,0.537784090909091
LYON (intramuros),MONTPELLIER SUD DE FRANCE,8,0.5059659090909091
LYON (intramuros),MONTPELLIER SUD DE FRANCE,9,0.5066761363636364
LYON (intramuros),MONTPELLIER SUD DE FRANCE,10,0.49829545454545454
LYON (intramuros),MONTPELLIER SUD DE FRANCE,11,0.5059659090909091
LYON (intramuros),MONTPELLIER SUD DE FRANCE,12,0.25
LYON (intramuros),MONTPELLIER SUD DE FRANCE,13,0.24900568181818183
LYON (intramuros),MONTPELLIER SUD DE FRANCE,14,0.2565340909090909
LYON (intramuros),MONTPELLIER SUD DE FRANCE,15,0.2434659090909091
LYON (intramuros),MONTPELLIER SUD DE FRANCE,16,0.23622159090909092
LYON (intramuros),MONTPELLIER SUD DE FRANCE,17,0.2330965909090909
LYON (intramuros),MONTPELLIER SUD DE FRANCE,18,0.24318181818181817
LYON (intramuros),MONTPELLIER SUD DE FRANCE,19,0.24303977272727273
LYON (intramuros),MONTPELLIER SUD DE FRANCE,20,0.228125
LYON (intramuros),MONTPELLIER SUD DE FRANCE,21,0.2346590909090909
LYON (intramuros),MONTPELLIER SUD DE FRANCE,22,0.23792613636363635
LYON (intramuros),MONTPELLIER SUD DE FRANCE,23,0.2546875
LYON (intramuros),MONTPELLIER SUD DE FRANCE,24,0.25142045454545453
LYON (intramuros),MONTPELLIER SUD DE FRANCE,25,0.24588068181818182
LYON (intramuros),MONTPELLIER SUD DE FRANCE,26,0.23863636363636365
LYON (intramuros),MONTPELLIER SUD DE FRANCE,27,0.24147727272727273
LYON (intramuros),MONTPELLIER SUD DE FRANCE,28,0.23607954545454543
LYON (intramuros),MONTPELLIER SUD DE FRANCE,29,0.2239316239316239
LYON (intramuros),MONTPELLIER SUD DE FRANCE,30,0.029083094555873927
LYON (intramuros),NIMES CENTRE,0,0.17653061224489797
LYON (intramuros),NIMES CENTRE,1,0.17755102040816326
LYON (intramuros),NIMES CENTRE,2,0.2
LYON (intramuros),NIMES CENTRE,3,0.19148936170212766
LYON (intramuros),NIMES CENTRE,4,0.18958333333333333
LYON (intramuros),NIMES CENTRE,5,0.18437499999999998
LYON (intramuros),NIMES CENTRE,6,0.18541666666666667
LYON (intramuros),NIMES CENTRE,7,0.1816326530612245
LYON (intramuros),NIMES CENTRE,8,0.18979591836734697
LYON (intramuros),NIMES CENTRE,9,0.20510204081632655
LYON (intramuros),NIMES CENTRE,10,0.25319148936170216
LYON (intramuros),NIMES CENTRE,11,0.240625
LYON (intramuros),NIMES CENTRE,12,0.15520833333333334
LYON (intramuros),NIMES CENTRE,13,0.1625
LYON (intramuros),NIMES CENTRE,14,0.16224489795918368
LYON (intramuros),NIMES CENTRE,15,0.16530612244897958
LYON (intramuros),NIMES CENTRE,16,0.16326530612244897
LYON (intramuros),NIMES CENTRE,17,0.16914893617021276
LYON (intramuros),NIMES CENTRE,18,0.15104166666666666
LYON (intramuros),NIMES CENTRE,19,0.146875
LYON (intramuros),NIMES CENTRE,20,0.14791666666666667
LYON (intramuros),NIMES CENTRE,21,0.14791666666666667
LYON (intramuros),NIMES CENTRE,22,0.14479166666666668
LYON (intramuros),NIMES CENTRE,23,0.14166666666666666
LYON (intramuros),NIMES CENTRE,24,0.1391304347826087
LYON (intramuros),NIMES CENTRE,25,0.14574468085106382
LYON (intramuros),NIMES CENTRE,26,0.14893617021276595
LYON (intramuros),NIMES CENTRE,27,0.15106382978723404
LYON (intramuros),NIMES CENTRE,28,0.16595744680851063
LYON (intramuros),NIMES CENTRE,29,0.1819148936170213
LYON (intramuros),NIMES CENTRE,30,0.02282608695652174
LYON (intramuros),NIMES PONT DU GARD,0,0.6455840455840456
LYON (intramuros),NIMES PONT DU GARD,1,0.6578347578347579
LYON (intramuros),NIMES PONT DU GARD,2,0.6696022727272727
LYON (intramuros),NIMES PONT DU GARD,3,0.6674715909090909
LYON (intramuros),NIMES PONT DU GARD,4,0.5407670454545455
LYON (intramuros),NIMES PONT DU GARD,5,0.5349431818181819
LYON (intramuros),NIMES PONT DU GARD,6,0.5434659090909091
LYON (intramuros),NIMES PONT DU GARD,7,0.5365056818181818
LYON (intramuros),NIMES PONT DU GARD,8,0.5044034090909091
LYON (intramuros),NIMES PONT DU GARD,9,0.5015625
LYON (intramuros),NIMES PONT DU GARD,10,0.4975852272727273
LYON (intramuros),NIMES PONT DU GARD,11,0.5035511363636364
LYON (intramuros),NIMES PONT DU GARD,12,0.2519886363636364
LYON (intramuros),NIMES PONT DU GARD,13,0.25156249999999997
LYON (intramuros),NIMES PONT DU GARD,14,0.2558238636363636
LYON (intramuros),NIMES PONT DU GARD,15,0.24786931818181818
LYON (intramuros),NIMES PONT DU GARD,16,0.23821022727272725
LYON (intramuros),NIMES PONT DU GARD,17,0.23636363636363636
LYON (intramuros),NIMES PONT DU GARD,18,0.24573863636363635
LYON (intramuros),NIMES PONT DU GARD,19,0.24204545454545456
LYON (intramuros),NIMES PONT DU GARD,20,0.22869318181818182
LYON (intramuros),NIMES PONT DU GARD,21,0.23338068181818183
LYON (intramuros),NIMES PONT DU GARD,22,0.23764204545454548
LYON (intramuros),NIMES PONT DU GARD,23,0.25482954545454545
LYON (intramuros),NIMES PONT DU GARD,24,0.25085227272727273
LYON (intramuros),NIMES PONT DU GARD,25,0.24559659090909092
LYON (intramuros),NIMES PONT DU GARD,26,0.24005681818181818
LYON (intramuros),NIMES PONT DU GARD,27,0.24133522727272727
LYON (intramuros),NIMES PONT DU GARD,28,0.24019886363636364
LYON (intramuros),NIMES PONT DU GARD,29,0.22678062678062677
LYON (intramuros),NIMES PONT DU GARD,30,0.02865329512893983
LYON (intramuros),RENNES,0,0.051960784313725486
LYON (intramuros),RENNES,1,0.058823529411764705
LYON (intramuros),RENNES,2,0.1196078431372549
LYON (intramuros),RENNES,3,0.1264705882352941
LYON (intramuros),RENNES,4,0.14519230769230768
LYON (intramuros),RENNES,5,0.17596153846153847
LYON (intramuros),RENNES,6,0.2048076923076923
LYON (intramuros),RENNES,7,0.1980769230769231
LYON (intramuros),RENNES,8,0.23333333333333334
LYON (intramuros),RENNES,9,0.279
LYON (intramuros),RENNES,10,0.3071428571428571
LYON (intramuros),RENNES,11,0.309375
LYON (intramuros),RENNES,12,0.18404255319148938
LYON (intramuros),RENNES,13,0.19021739130434784
LYON (intramuros),RENNES,14,0.22333333333333336
LYON (intramuros),RENNES,15,0.2545454545454545
LYON (intramuros),RENNES,16,0.2744186046511628
LYON (intramuros),RENNES,17,0.26785714285714285
LYON (intramuros),RENNES,18,0.27195121951219514
LYON (intramuros),RENNES,19,0.27625
LYON (intramuros),RENNES,20,0.29500000000000004
LYON (intramuros),RENNES,21,0.28717948717948716
LYON (intramuros),RENNES,22,0.31184210526315786
LYON (intramuros),RENNES,23,0.28243243243243243
LYON (intramuros),RENNES,24,0.2652777777777778
LYON (intramuros),RENNES,25,0.25416666666666665
LYON (intramuros),RENNES,26,0.25555555555555554
LYON (intramuros),RENNES,27,0.2513888888888889
LYON (intramuros),RENNES,28,0.23333333333333334
LYON (intramuros),RENNES,29,0.2361111111111111
LYON (intramuros),RENNES,30,0.037142857142857144
LYON (intramuros),VALENCE TGV AUVERGNE RHONE ALPES,0,0.7721264367816092
LYON (intramuros),VALENCE TGV AUVERGNE RHONE ALPES,1,0.7882183908045978
LYON (intramuros),VALENCE TGV AUVERGNE RHONE ALPES,2,0.8031609195402298
LYON (intramuros),VALENCE TGV AUVERGNE RHONE ALPES,3,0.8081896551724138
LYON (intramuros),VALENCE TGV AUVERGNE RHONE ALPES,4,0.7248563218390804
LYON (intramuros),VALENCE TGV AUVERGNE RHONE ALPES,5,0.725
LYON (intramuros),VALENCE TGV AUVERGNE RHONE ALPES,6,0.7188218390804598
LYON (intramuros),VALENCE TGV AUVERGNE RHONE ALPES,7,0.701580459770115
LYON (intramuros),VALENCE TGV AUVERGNE RHONE ALPES,8,0.6860632183908046
LYON (intramuros),VALENCE TGV AUVERGNE RHONE ALPES,9,0.6876436781609195
LYON (intramuros),VALENCE TGV AUVERGNE RHONE ALPES,10,0.6854885057471265
LYON (intramuros),VALENCE TGV AUVERGNE RHONE ALPES,11,0.6752873563218391
LYON (intramuros),VALENCE TGV AUVERGNE RHONE ALPES,12,0.42270114942528736
LYON (intramuros),VALENCE TGV AUVERGNE RHONE ALPES,13,0.4238505747126437
LYON (intramuros),VALENCE TGV AUVERGNE RHONE ALPES,14,0.4089080459770115
LYON (intramuros),VALENCE TGV AUVERGNE RHONE ALPES,15,0.40014367816091956
LYON (intramuros),VALENCE TGV AUVERGNE RHONE ALPES,16,0.3915229885057471
LYON (intramuros),VALENCE TGV AUVERGNE RHONE ALPES,17,0.3873563218390805
LYON (intramuros),VALENCE TGV AUVERGNE RHONE ALPES,18,0.3879310344827586
LYON (intramuros),VALENCE TGV AUVERGNE RHONE ALPES,19,0.39137931034482754
LYON (intramuros),VALENCE TGV AUVERGNE RHONE ALPES,20,0.369683908045977
LYON (intramuros),VALENCE TGV AUVERGNE RHONE ALPES,21,0.36681034482758623
LYON (intramuros),VALENCE TGV AUVERGNE RHONE ALPES,22,0.3665229885057471
LYON (intramuros),VALENCE TGV AUVERGNE RHONE ALPES,23,0.3742816091954023
LYON (intramuros),VALENCE TGV AUVERGNE RHONE ALPES,24,0.36867816091954025
LYON (intramuros),VALENCE TGV AUVERGNE RHONE ALPES,25,0.3735632183908046
LYON (intramuros),VALENCE TGV AUVERGNE RHONE ALPES,26,0.3577586206896552
LYON (intramuros),VALENCE TGV AUVERGNE RHONE ALPES,27,0.3635057471264368
LYON (intramuros),VALENCE TGV AUVERGNE RHONE ALPES,28,0.36982758620689654
LYON (intramuros),VALENCE TGV AUVERGNE RHONE ALPES,29,0.36095100864553314
LYON (intramuros),VALENCE TGV AUVERGNE RHONE ALPES,30,0.04173913043478261
LYON (intramuros),VALENCE VILLE,0,0.0125
LYON (intramuros),VALENCE VILLE,1,0.0
LYON (intramuros),VALENCE VILLE,2,0.0
LYON (intramuros),VALENCE VILLE,3,0.0
LYON (intramuros),VALENCE VILLE,4,0.0
LYON (intramuros),VALENCE VILLE,5,0.0
LYON (intramuros),VALENCE VILLE,6,0.0
LYON (intramuros),VALENCE VILLE,7,0.0
LYON (intramuros),VALENCE VILLE,8,0.0
LYON (intramuros),VALENCE VILLE,9,0.0
LYON (intramuros),VALENCE VILLE,10,0.0
LYON (intramuros),VALENCE VILLE,11,0.025
LYON (intramuros),VALENCE VILLE,12,0.0
LYON (intramuros),VALENCE VILLE,13,0.0
LYON (intramuros),VALENCE VILLE,14,0.0
LYON (intramuros),VALENCE VILLE,15,0.0
LYON (intramuros),VALENCE VILLE,16,0.0
LYON (intramuros),VALENCE VILLE,17,0.0
LYON (intramuros),VALENCE VILLE,18,0.0
LYON (intramuros),VALENCE VILLE,19,0.0
LYON (intramuros),VALENCE VILLE,20,0.0
LYON (intramuros),VALENCE VILLE,21,0.0
LYON (intramuros),VALENCE VILLE,22,0.0
LYON (intramuros),VALENCE VILLE,23,0.0
LYON (intramuros),VALENCE VILLE,24,0.0
LYON (intramuros),VALENCE VILLE,25,0.0
LYON (intramuros),VALENCE VILLE,26,0.0
LYON (intramuros),VALENCE VILLE,27,0.0
LYON (intramuros),VALENCE VILLE,28,0.0
LYON (intramuros),VALENCE VILLE,29,0.0
LYON (intramuros),VALENCE VILLE,30,0.0
MANTES LA JOLIE,AVIGNON TGV,0,0.3190311418685121
MANTES LA JOLIE,AVIGNON TGV,1,0.3102787456445993
MANTES LA JOLIE,AVIGNON TGV,2,0.28356401384083046
MANTES LA JOLIE,AVIGNON TGV,3,0.28137931034482755
MANTES LA JOLIE,AVIGNON TGV,4,0.1929553264604811
MANTES LA JOLIE,AVIGNON TGV,5,0.20397923875432528
MANTES LA JOLIE,AVIGNON TGV,6,0.21024305555555556
MANTES LA JOLIE,AVIGNON TGV,7,0.2210801393728223
MANTES LA JOLIE,AVIGNON TGV,8,0.21515679442508712
MANTES LA JOLIE,AVIGNON TGV,9,0.21306620209059232
MANTES LA JOLIE,AVIGNON TGV,10,0.23315972222222225
MANTES LA JOLIE,AVIGNON TGV,11,0.21972318339100347
MANTES LA JOLIE,AVIGNON TGV,12,0.0554006968641115
MANTES LA JOLIE,AVIGNON TGV,13,0.056993006993006995
MANTES LA JOLIE,AVIGNON TGV,14,0.056666666666666664
MANTES LA JOLIE,AVIGNON TGV,15,0.05385964912280702
MANTES LA JOLIE,AVIGNON TGV,16,0.061052631578947365
MANTES LA JOLIE,AVIGNON TGV,17,0.058596491228070174
MANTES LA JOLIE,AVIGNON TGV,18,0.05771929824561403
MANTES LA JOLIE,AVIGNON TGV,19,0.0607773851590106
MANTES LA JOLIE,AVIGNON TGV,20,0.06678445229681979
MANTES LA JOLIE,AVIGNON TGV,21,0.06713780918727916
MANTES LA JOLIE,AVIGNON TGV,22,0.06890459363957598
MANTES LA JOLIE,AVIGNON TGV,23,0.0673758865248227
MANTES LA JOLIE,AVIGNON TGV,24,0.06684397163120567
MANTES LA JOLIE,AVIGNON TGV,25,0.0725177304964539
MANTES LA JOLIE,AVIGNON TGV,26,0.07053571428571428
MANTES LA JOLIE,AVIGNON TGV,27,0.07071428571428572
MANTES LA JOLIE,AVIGNON TGV,28,0.07107142857142856
MANTES LA JOLIE,AVIGNON TGV,29,0.075
MANTES LA JOLIE,AVIGNON TGV,30,0.015591397849462365
MANTES LA JOLIE,LYON (intramuros),0,0.2987889273356401
MANTES LA JOLIE,LYON (intramuros),1,0.2888501742160279
MANTES LA JOLIE,LYON (intramuros),2,0.27820069204152253
MANTES LA JOLIE,LYON (intramuros),3,0.2720689655172414
MANTES LA JOLIE,LYON (intramuros),4,0.17508591065292098
MANTES LA JOLIE,LYON (intramuros),5,0.1908304498269896
MANTES LA JOLIE,LYON (intramuros),6,0.1909722222222222
MANTES LA JOLIE,LYON (intramuros),7,0.20644599303135888
MANTES LA JOLIE,LYON (intramuros),8,0.20313588850174216
MANTES LA JOLIE,LYON (intramuros),9,0.19912891986062717
MANTES LA JOLIE,LYON (intramuros),10,0.2138888888888889
MANTES LA JOLIE,LYON (intramuros),11,0.22006920415224915
MANTES LA JOLIE,LYON (intramuros),12,0.060452961672473875
MANTES LA JOLIE,LYON (intramuros),13,0.05996503496503496
MANTES LA JOLIE,LYON (intramuros),14,0.0612280701754386
MANTES LA JOLIE,LYON (intramuros),15,0.05701754385964912
MANTES LA JOLIE,LYON (intramuros),16,0.06157894736842105
MANTES LA JOLIE,LYON (intramuros),17,0.058771929824561406
MANTES LA JOLIE,LYON (intramuros),18,0.05719298245614035
MANTES LA JOLIE,LYON (intramuros),19,0.06254416961130742
MANTES LA JOLIE,LYON (intramuros),20,0.06696113074204947
MANTES LA JOLIE,LYON (intramuros),21,0.0685512367491166
MANTES LA JOLIE,LYON (intramuros),22,0.06996466431095406
MANTES LA JOLIE,LYON (intramuros),23,0.06861702127659575
MANTES LA JOLIE,LYON (intramuros),24,0.0700354609929078
MANTES LA JOLIE,LYON (intramuros),25,0.07358156028368794
MANTES LA JOLIE,LYON (intramuros),26,0.07303571428571429
MANTES LA JOLIE,LYON (intramuros),27,0.07035714285714285
MANTES LA JOLIE,LYON (intramuros),28,0.07232142857142858
MANTES LA JOLIE,LYON (intramuros),29,0.07482142857142857
MANTES LA JOLIE,LYON (intramuros),30,0.011111111111111112
MANTES LA JOLIE,MARSEILLE ST CHARLES,0,0.3185121107266436
MANTES LA JOLIE,MARSEILLE ST CHARLES,1,0.304006968641115
MANTES LA JOLIE,MARSEILLE ST CHARLES,2,0.28667820069204153
MANTES LA JOLIE,MARSEILLE ST CHARLES,3,0.2803448275862069
MANTES LA JOLIE,MARSEILLE ST CHARLES,4,0.1972508591065292
MANTES LA JOLIE,MARSEILLE ST CHARLES,5,0.20640138408304498
MANTES LA JOLIE,MARSEILLE ST CHARLES,6,0.21163194444444444
MANTES LA JOLIE,MARSEILLE ST CHARLES,7,0.22038327526132404
MANTES LA JOLIE,MARSEILLE ST CHARLES,8,0.21602787456445993
MANTES LA JOLIE,MARSEILLE ST CHARLES,9,0.21114982578397212
MANTES LA JOLIE,MARSEILLE ST CHARLES,10,0.23177083333333334
MANTES LA JOLIE,MARSEILLE ST CHARLES,11,0.22439446366782004
MANTES LA JOLIE,MARSEILLE ST CHARLES,12,0.0573170731707317
MANTES LA JOLIE,MARSEILLE ST CHARLES,13,0.057167832167832174
MANTES LA JOLIE,MARSEILLE ST CHARLES,14,0.05894736842105264
MANTES LA JOLIE,MARSEILLE ST CHARLES,15,0.054912280701754385
MANTES LA JOLIE,MARSEILLE ST CHARLES,16,0.061052631578947365
MANTES LA JOLIE,MARSEILLE ST CHARLES,17,0.05771929824561403
MANTES LA JOLIE,MARSEILLE ST CHARLES,18,0.0575438596491228
MANTES LA JOLIE,MARSEILLE ST CHARLES,19,0.061837455830388695
MANTES LA JOLIE,MARSEILLE ST CHARLES,20,0.06713780918727916
MANTES LA JOLIE,MARSEILLE ST CHARLES,21,0.069434628975265
MANTES LA JOLIE,MARSEILLE ST CHARLES,22,0.07049469964664311
MANTES LA JOLIE,MARSEILLE ST CHARLES,23,0.06790780141843972
MANTES LA JOLIE,MARSEILLE ST CHARLES,24,0.06861702127659575
MANTES LA JOLIE,MARSEILLE ST CHARLES,25,0.07393617021276597
MANTES LA JOLIE,MARSEILLE ST CHARLES,26,0.06946428571428571
MANTES LA JOLIE,MARSEILLE ST CHARLES,27,0.06946428571428571
MANTES LA JOLIE,MARSEILLE ST CHARLES,28,0.07125
MANTES LA JOLIE,MARSEILLE ST CHARLES,29,0.07321428571428572
MANTES LA JOLIE,MARSEILLE ST CHARLES,30,0.013978494623655914
MANTES LA JOLIE,MASSY PALAISEAU,0,0.8700692041522491
MANTES LA JOLIE,MASSY PALAISEAU,1,0.8608013937282231
MANTES LA JOLIE,MASSY PALAISEAU,2,0.8333910034602076
MANTES LA JOLIE,MASSY PALAISEAU,3,0.8346551724137932
MANTES LA JOLIE,MASSY PALAISEAU,4,0.7262886597938144
MANTES LA JOLIE,MASSY PALAISEAU,5,0.6975778546712803
MANTES LA JOLIE,MASSY PALAISEAU,6,0.6795138888888889
MANTES LA JOLIE,MASSY PALAISEAU,7,0.655226480836237
MANTES LA JOLIE,MASSY PALAISEAU,8,0.6144599303135888
MANTES LA JOLIE,MASSY PALAISEAU,9,0.5902439024390244
MANTES LA JOLIE,MASSY PALAISEAU,10,0.5512152777777778
MANTES LA JOLIE,MASSY PALAISEAU,11,0.5282006920415225
MANTES LA JOLIE,MASSY PALAISEAU,12,0.29059233449477356
MANTES LA JOLIE,MASSY PALAISEAU,13,0.2818181818181818
MANTES LA JOLIE,MASSY PALAISEAU,14,0.27280701754385966
MANTES LA JOLIE,MASSY PALAISEAU,15,0.26245614035087717
MANTES LA JOLIE,MASSY PALAISEAU,16,0.25298245614035086
MANTES LA JOLIE,MASSY PALAISEAU,17,0.24596491228070175
MANTES LA JOLIE,MASSY PALAISEAU,18,0.24000000000000002
MANTES LA JOLIE,MASSY PALAISEAU,19,0.24222614840989398
MANTES LA JOLIE,MASSY PALAISEAU,20,0.23886925795053002
MANTES LA JOLIE,MASSY PALAISEAU,21,0.22508833922261484
MANTES LA JOLIE,MASSY PALAISEAU,22,0.22243816254416962
MANTES LA JOLIE,MASSY PALAISEAU,23,0.21205673758865248
MANTES LA JOLIE,MASSY PALAISEAU,24,0.2058510638297872
MANTES LA JOLIE,MASSY PALAISEAU,25,0.2046099290780142
MANTES LA JOLIE,MASSY PALAISEAU,26,0.20214285714285715
MANTES LA JOLIE,MASSY PALAISEAU,27,0.20160714285714287
MANTES LA JOLIE,MASSY PALAISEAU,28,0.20107142857142857
MANTES LA JOLIE,MASSY PALAISEAU,29,0.1957142857142857
MANTES LA JOLIE,MASSY PALAISEAU,30,0.02652329749103943
MANTES LA JOLIE,VALENCE TGV AUVERGNE RHONE ALPES,0,0.2939446366782007
MANTES LA JOLIE,VALENCE TGV AUVERGNE RHONE ALPES,1,0.2867595818815331
MANTES LA JOLIE,VALENCE TGV AUVERGNE RHONE ALPES,2,0.27404844290657443
MANTES LA JOLIE,VALENCE TGV AUVERGNE RHONE ALPES,3,0.26448275862068965
MANTES LA JOLIE,VALENCE TGV AUVERGNE RHONE ALPES,4,0.17628865979381442
MANTES LA JOLIE,VALENCE TGV AUVERGNE RHONE ALPES,5,0.18719723183391004
MANTES LA JOLIE,VALENCE TGV AUVERGNE RHONE ALPES,6,0.19201388888888887
MANTES LA JOLIE,VALENCE TGV AUVERGNE RHONE ALPES,7,0.2059233449477352
MANTES LA JOLIE,VALENCE TGV AUVERGNE RHONE ALPES,8,0.2038327526132404
MANTES LA JOLIE,VALENCE TGV AUVERGNE RHONE ALPES,9,0.19407665505226482
MANTES LA JOLIE,VALENCE TGV AUVERGNE RHONE ALPES,10,0.2092013888888889
MANTES LA JOLIE,VALENCE TGV AUVERGNE RHONE ALPES,11,0.21089965397923877
MANTES LA JOLIE,VALENCE TGV AUVERGNE RHONE ALPES,12,0.05557491289198606
MANTES LA JOLIE,VALENCE TGV AUVERGNE RHONE ALPES,13,0.056468531468531466
MANTES LA JOLIE,VALENCE TGV AUVERGNE RHONE ALPES,14,0.058596491228070174
MANTES LA JOLIE,VALENCE TGV AUVERGNE RHONE ALPES,15,0.05526315789473684
MANTES LA JOLIE,VALENCE TGV AUVERGNE RHONE ALPES,16,0.06385964912280702
MANTES LA JOLIE,VALENCE TGV AUVERGNE RHONE ALPES,17,0.060000000000000005
MANTES LA JOLIE,VALENCE TGV AUVERGNE RHONE ALPES,18,0.05789473684210526
MANTES LA JOLIE,VALENCE TGV AUVERGNE RHONE ALPES,19,0.0636042402826855
MANTES LA JOLIE,VALENCE TGV AUVERGNE RHONE ALPES,20,0.06696113074204947
MANTES LA JOLIE,VALENCE TGV AUVERGNE RHONE ALPES,21,0.06696113074204947
MANTES LA JOLIE,VALENCE TGV AUVERGNE RHONE ALPES,22,0.07049469964664311
MANTES LA JOLIE,VALENCE TGV AUVERGNE RHONE ALPES,23,0.06808510638297872
MANTES LA JOLIE,VALENCE TGV AUVERGNE RHONE ALPES,24,0.06843971631205674
MANTES LA JOLIE,VALENCE TGV AUVERGNE RHONE ALPES,25,0.07322695035460992
MANTES LA JOLIE,VALENCE TGV AUVERGNE RHONE ALPES,26,0.06964285714285715
MANTES LA JOLIE,VALENCE TGV AUVERGNE RHONE ALPES,27,0.06767857142857142
MANTES LA JOLIE,VALENCE TGV AUVERGNE RHONE ALPES,28,0.07053571428571428
MANTES LA JOLIE,VALENCE TGV AUVERGNE RHONE ALPES,29,0.07464285714285714
MANTES LA JOLIE,VALENCE TGV AUVERGNE RHONE ALPES,30,0.012724014336917562
MANTES LA JOLIE,VERSAILLES CHANTIERS,0,0.863840830449827
MANTES LA JOLIE,VERSAILLES CHANTIERS,1,0.8578397212543554
MANTES LA JOLIE,VERSAILLES CHANTIERS,2,0.8313148788927336
MANTES LA JOLIE,VERSAILLES CHANTIERS,3,0.8320689655172414
MANTES LA JOLIE,VERSAILLES CHANTIERS,4,0.7197594501718213
MANTES LA JOLIE,VERSAILLES CHANTIERS,5,0.7005190311418684
MANTES LA JOLIE,VERSAILLES CHANTIERS,6,0.6819444444444445
MANTES LA JOLIE,VERSAILLES CHANTIERS,7,0.6590592334494774
MANTES LA JOLIE,VERSAILLES CHANTIERS,8,0.6104529616724739
MANTES LA JOLIE,VERSAILLES CHANTIERS,9,0.5878048780487805
MANTES LA JOLIE,VERSAILLES CHANTIERS,10,0.5541666666666667
MANTES LA JOLIE,VERSAILLES CHANTIERS,11,0.5302768166089965
MANTES LA JOLIE,VERSAILLES CHANTIERS,12,0.289198606271777
MANTES LA JOLIE,VERSAILLES CHANTIERS,13,0.28146853146853146
MANTES LA JOLIE,VERSAILLES CHANTIERS,14,0.2715789473684211
MANTES LA JOLIE,VERSAILLES CHANTIERS,15,0.26438596491228067
MANTES LA JOLIE,VERSAILLES CHANTIERS,16,0.25087719298245614
MANTES LA JOLIE,VERSAILLES CHANTIERS,17,0.24719298245614035
MANTES LA JOLIE,VERSAILLES CHANTIERS,18,0.24087719298245616
MANTES LA JOLIE,VERSAILLES CHANTIERS,19,0.24045936395759715
MANTES LA JOLIE,VERSAILLES CHANTIERS,20,0.2372791519434629
MANTES LA JOLIE,VERSAILLES CHANTIERS,21,0.22402826855123675
MANTES LA JOLIE,VERSAILLES CHANTIERS,22,0.22226148409893992
MANTES LA JOLIE,VERSAILLES CHANTIERS,23,0.21205673758865248
MANTES LA JOLIE,VERSAILLES CHANTIERS,24,0.20797872340425533
MANTES LA JOLIE,VERSAILLES CHANTIERS,25,0.20567375886524822
MANTES LA JOLIE,VERSAILLES CHANTIERS,26,0.20125
MANTES LA JOLIE,VERSAILLES CHANTIERS,27,0.19910714285714284
MANTES LA JOLIE,VERSAILLES CHANTIERS,28,0.2
MANTES LA JOLIE,VERSAILLES CHANTIERS,29,0.1925
MANTES LA JOLIE,VERSAILLES CHANTIERS,30,0.030286738351254477
MARSEILLE ST CHARLES,AIX EN PROVENCE TGV,0,0.7745098039215687
MARSEILLE ST CHARLES,AIX EN PROVENCE TGV,1,0.7676470588235293
MARSEILLE ST CHARLES,AIX EN PROVENCE TGV,2,0.8156862745098039
MARSEILLE ST CHARLES,AIX EN PROVENCE TGV,3,0.8215686274509804
MARSEILLE ST CHARLES,AIX EN PROVENCE TGV,4,0.8346153846153845
MARSEILLE ST CHARLES,AIX EN PROVENCE TGV,5,0.8355769230769231
MARSEILLE ST CHARLES,AIX EN PROVENCE TGV,6,0.8538461538461538
MARSEILLE ST CHARLES,AIX EN PROVENCE TGV,7,0.8548076923076924
MARSEILLE ST CHARLES,AIX EN PROVENCE TGV,8,0.8431372549019608
MARSEILLE ST CHARLES,AIX EN PROVENCE TGV,9,0.855
MARSEILLE ST CHARLES,AIX EN PROVENCE TGV,10,0.8683673469387755
MARSEILLE ST CHARLES,AIX EN PROVENCE TGV,11,0.8770833333333333
MARSEILLE ST CHARLES,AIX EN PROVENCE TGV,12,0.5382978723404256
MARSEILLE ST CHARLES,AIX EN PROVENCE TGV,13,0.5423913043478261
MARSEILLE ST CHARLES,AIX EN PROVENCE TGV,14,0.5455555555555556
MARSEILLE ST CHARLES,AIX EN PROVENCE TGV,15,0.5579545454545455
MARSEILLE ST CHARLES,AIX EN PROVENCE TGV,16,0.5244186046511629
MARSEILLE ST CHARLES,AIX EN PROVENCE TGV,17,0.5238095238095238
MARSEILLE ST CHARLES,AIX EN PROVENCE TGV,18,0.5121951219512195
MARSEILLE ST CHARLES,AIX EN PROVENCE TGV,19,0.52125
MARSEILLE ST CHARLES,AIX EN PROVENCE TGV,20,0.5375
MARSEILLE ST CHARLES,AIX EN PROVENCE TGV,21,0.5128205128205128
MARSEILLE ST CHARLES,AIX EN PROVENCE TGV,22,0.5
MARSEILLE ST CHARLES,AIX EN PROVENCE TGV,23,0.48243243243243245
MARSEILLE ST CHARLES,AIX EN PROVENCE TGV,24,0.4583333333333333
MARSEILLE ST CHARLES,AIX EN PROVENCE TGV,25,0.4680555555555556
MARSEILLE ST CHARLES,AIX EN PROVENCE TGV,26,0.4361111111111111
MARSEILLE ST CHARLES,AIX EN PROVENCE TGV,27,0.4361111111111111
MARSEILLE ST CHARLES,AIX EN PROVENCE TGV,28,0.44722222222222224
MARSEILLE ST CHARLES,AIX EN PROVENCE TGV,29,0.44722222222222224
MARSEILLE ST CHARLES,AIX EN PROVENCE TGV,30,0.10428571428571429
MARSEILLE ST CHARLES,AVIGNON TGV,0,0.7686274509803922
MARSEILLE ST CHARLES,AVIGNON TGV,1,0.7823529411764706
MARSEILLE ST CHARLES,AVIGNON TGV,2,0.8196078431372549
MARSEILLE ST CHARLES,AVIGNON TGV,3,0.8127450980392156
MARSEILLE ST CHARLES,AVIGNON TGV,4,0.8182692307692307
MARSEILLE ST CHARLES,AVIGNON TGV,5,0.8403846153846154
MARSEILLE ST CHARLES,AVIGNON TGV,6,0.8557692307692307
MARSEILLE ST CHARLES,AVIGNON TGV,7,0.8471153846153846
MARSEILLE ST CHARLES,AVIGNON TGV,8,0.8411764705882353
MARSEILLE ST CHARLES,AVIGNON TGV,9,0.8540000000000001
MARSEILLE ST CHARLES,AVIGNON TGV,10,0.8704081632653061
MARSEILLE ST CHARLES,AVIGNON TGV,11,0.86875
MARSEILLE ST CHARLES,AVIGNON TGV,12,0.5329787234042553
MARSEILLE ST CHARLES,AVIGNON TGV,13,0.5369565217391304
MARSEILLE ST CHARLES,AVIGNON TGV,14,0.5466666666666667
MARSEILLE ST CHARLES,AVIGNON TGV,15,0.5556818181818182
MARSEILLE ST CHARLES,AVIGNON TGV,16,0.5255813953488372
MARSEILLE ST CHARLES,AVIGNON TGV,17,0.5214285714285714
MARSEILLE ST CHARLES,AVIGNON TGV,18,0.5121951219512195
MARSEILLE ST CHARLES,AVIGNON TGV,19,0.52125
MARSEILLE ST CHARLES,AVIGNON TGV,20,0.5375
MARSEILLE ST CHARLES,AVIGNON TGV,21,0.5115384615384615
MARSEILLE ST CHARLES,AVIGNON TGV,22,0.5039473684210526
MARSEILLE ST CHARLES,AVIGNON TGV,23,0.4783783783783784
MARSEILLE ST CHARLES,AVIGNON TGV,24,0.4708333333333333
MARSEILLE ST CHARLES,AVIGNON TGV,25,0.4722222222222222
MARSEILLE ST CHARLES,AVIGNON TGV,26,0.4375
MARSEILLE ST CHARLES,AVIGNON TGV,27,0.42916666666666664
MARSEILLE ST CHARLES,AVIGNON TGV,28,0.44861111111111107
MARSEILLE ST CHARLES,AVIGNON TGV,29,0.44583333333333336
MARSEILLE ST CHARLES,AVIGNON TGV,30,0.08857142857142858
MARSEILLE ST CHARLES,LAVAL,0,0.10098039215686273
MARSEILLE ST CHARLES,LAVAL,1,0.0911764705882353
MARSEILLE ST CHARLES,LAVAL,2,0.13725490196078433
MARSEILLE ST CHARLES,LAVAL,3,0.11568627450980393
MARSEILLE ST CHARLES,LAVAL,4,0.1326923076923077
MARSEILLE ST CHARLES,LAVAL,5,0.1576923076923077
MARSEILLE ST CHARLES,LAVAL,6,0.18365384615384617
MARSEILLE ST CHARLES,LAVAL,7,0.19326923076923078
MARSEILLE ST CHARLES,LAVAL,8,0.257843137254902
MARSEILLE ST CHARLES,LAVAL,9,0.28
MARSEILLE ST CHARLES,LAVAL,10,0.33163265306122447
MARSEILLE ST CHARLES,LAVAL,11,0.3229166666666667
MARSEILLE ST CHARLES,LAVAL,12,0.1829787234042553
MARSEILLE ST CHARLES,LAVAL,13,0.18695652173913044
MARSEILLE ST CHARLES,LAVAL,14,0.22777777777777777
MARSEILLE ST CHARLES,LAVAL,15,0.25227272727272726
MARSEILLE ST CHARLES,LAVAL,16,0.2755813953488372
MARSEILLE ST CHARLES,LAVAL,17,0.26666666666666666
MARSEILLE ST CHARLES,LAVAL,18,0.2707317073170732
MARSEILLE ST CHARLES,LAVAL,19,0.27875
MARSEILLE ST CHARLES,LAVAL,20,0.29125
MARSEILLE ST CHARLES,LAVAL,21,0.2923076923076923
MARSEILLE ST CHARLES,LAVAL,22,0.30394736842105263
MARSEILLE ST CHARLES,LAVAL,23,0.27432432432432435
MARSEILLE ST CHARLES,LAVAL,24,0.26249999999999996
MARSEILLE ST CHARLES,LAVAL,25,0.25277777777777777
MARSEILLE ST CHARLES,LAVAL,26,0.25277777777777777
MARSEILLE ST CHARLES,LAVAL,27,0.25
MARSEILLE ST CHARLES,LAVAL,28,0.2361111111111111
MARSEILLE ST CHARLES,LAVAL,29,0.24027777777777778
MARSEILLE ST CHARLES,LAVAL,30,0.03142857142857143
MARSEILLE ST CHARLES,LE MANS,0,0.09019607843137255
MARSEILLE ST CHARLES,LE MANS,1,0.08529411764705881
MARSEILLE ST CHARLES,LE MANS,2,0.11372549019607843
MARSEILLE ST CHARLES,LE MANS,3,0.11274509803921569
MARSEILLE ST CHARLES,LE MANS,4,0.12980769230769232
MARSEILLE ST CHARLES,LE MANS,5,0.14423076923076922
MARSEILLE ST CHARLES,LE MANS,6,0.17403846153846156
MARSEILLE ST CHARLES,LE MANS,7,0.2
MARSEILLE ST CHARLES,LE MANS,8,0.26372549019607844
MARSEILLE ST CHARLES,LE MANS,9,0.28800000000000003
MARSEILLE ST CHARLES,LE MANS,10,0.3275510204081633
MARSEILLE ST CHARLES,LE MANS,11,0.32708333333333334
MARSEILLE ST CHARLES,LE MANS,12,0.18936170212765957
MARSEILLE ST CHARLES,LE MANS,13,0.1793478260869565
MARSEILLE ST CHARLES,LE MANS,14,0.2288888888888889
MARSEILLE ST CHARLES,LE MANS,15,0.24545454545454548
MARSEILLE ST CHARLES,LE MANS,16,0.27209302325581397
MARSEILLE ST CHARLES,LE MANS,17,0.2654761904761905
MARSEILLE ST CHARLES,LE MANS,18,0.27317073170731704
MARSEILLE ST CHARLES,LE MANS,19,0.28125
MARSEILLE ST CHARLES,LE MANS,20,0.3
MARSEILLE ST CHARLES,LE MANS,21,0.29358974358974355
MARSEILLE ST CHARLES,LE MANS,22,0.31315789473684214
MARSEILLE ST CHARLES,LE MANS,23,0.2702702702702703
MARSEILLE ST CHARLES,LE MANS,24,0.25555555555555554
MARSEILLE ST CHARLES,LE MANS,25,0.25277777777777777
MARSEILLE ST CHARLES,LE MANS,26,0.25416666666666665
MARSEILLE ST CHARLES,LE MANS,27,0.2486111111111111
MARSEILLE ST CHARLES,LE MANS,28,0.24305555555555555
MARSEILLE ST CHARLES,LE MANS,29,0.24166666666666664
MARSEILLE ST CHARLES,LE MANS,30,0.04
MARSEILLE ST CHARLES,LYON (intramuros),0,0.4852941176470588
MARSEILLE ST CHARLES,LYON (intramuros),1,0.4852941176470588
MARSEILLE ST CHARLES,LYON (intramuros),2,0.49607843137254903
MARSEILLE ST CHARLES,LYON (intramuros),3,0.46470588235294114
MARSEILLE ST CHARLES,LYON (intramuros),4,0.4894230769230769
MARSEILLE ST CHARLES,LYON (intramuros),5,0.5384615384615384
MARSEILLE ST CHARLES,LYON (intramuros),6,0.5769230769230769
MARSEILLE ST CHARLES,LYON (intramuros),7,0.5769230769230769
MARSEILLE ST CHARLES,LYON (intramuros),8,0.592156862745098
MARSEILLE ST CHARLES,LYON (intramuros),9,0.607
MARSEILLE ST CHARLES,LYON (intramuros),10,0.6826530612244899
MARSEILLE ST CHARLES,LYON (intramuros),11,0.7041666666666666
MARSEILLE ST CHARLES,LYON (intramuros),12,0.5063829787234043
MARSEILLE ST CHARLES,LYON (intramuros),13,0.523913043478261
MARSEILLE ST CHARLES,LYON (intramuros),14,0.55
MARSEILLE ST CHARLES,LYON (intramuros),15,0.5613636363636364
MARSEILLE ST CHARLES,LYON (intramuros),16,0.5325581395348837
MARSEILLE ST CHARLES,LYON (intramuros),17,0.5285714285714286
MARSEILLE ST CHARLES,LYON (intramuros),18,0.5231707317073171
MARSEILLE ST CHARLES,LYON (intramuros),19,0.5275000000000001
MARSEILLE ST CHARLES,LYON (intramuros),20,0.52625
MARSEILLE ST CHARLES,LYON (intramuros),21,0.5038461538461538
MARSEILLE ST CHARLES,LYON (intramuros),22,0.5
MARSEILLE ST CHARLES,LYON (intramuros),23,0.4756756756756757
MARSEILLE ST CHARLES,LYON (intramuros),24,0.44583333333333336
MARSEILLE ST CHARLES,LYON (intramuros),25,0.4236111111111111
MARSEILLE ST CHARLES,LYON (intramuros),26,0.3819444444444444
MARSEILLE ST CHARLES,LYON (intramuros),27,0.3888888888888889
MARSEILLE ST CHARLES,LYON (intramuros),28,0.4166666666666667
MARSEILLE ST CHARLES,LYON (intramuros),29,0.4361111111111111
MARSEILLE ST CHARLES,LYON (intramuros),30,0.06714285714285714
MARSEILLE ST CHARLES,MASSY TGV,0,0.10490196078431371
MARSEILLE ST CHARLES,MASSY TGV,1,0.11470588235294117
MARSEILLE ST CHARLES,MASSY TGV,2,0.14607843137254903
MARSEILLE ST CHARLES,MASSY TGV,3,0.12156862745098038
MARSEILLE ST CHARLES,MASSY TGV,4,0.1346153846153846
MARSEILLE ST CHARLES,MASSY TGV,5,0.16634615384615387
MARSEILLE ST CHARLES,MASSY TGV,6,0.20865384615384613
MARSEILLE ST CHARLES,MASSY TGV,7,0.24615384615384617
MARSEILLE ST CHARLES,MASSY TGV,8,0.2931372549019608
MARSEILLE ST CHARLES,MASSY TGV,9,0.322
MARSEILLE ST CHARLES,MASSY TGV,10,0.3357142857142857
MARSEILLE ST CHARLES,MASSY TGV,11,0.32187499999999997
MARSEILLE ST CHARLES,MASSY TGV,12,0.1872340425531915
MARSEILLE ST CHARLES,MASSY TGV,13,0.1858695652173913
MARSEILLE ST CHARLES,MASSY TGV,14,0.22555555555555556
MARSEILLE ST CHARLES,MASSY TGV,15,0.25113636363636366
MARSEILLE ST CHARLES,MASSY TGV,16,0.26395348837209304
MARSEILLE ST CHARLES,MASSY TGV,17,0.2642857142857143
MARSEILLE ST CHARLES,MASSY TGV,18,0.2707317073170732
MARSEILLE ST CHARLES,MASSY TGV,19,0.27999999999999997
MARSEILLE ST CHARLES,MASSY TGV,20,0.29625
MARSEILLE ST CHARLES,MASSY TGV,21,0.2923076923076923
MARSEILLE ST CHARLES,MASSY TGV,22,0.31315789473684214
MARSEILLE ST CHARLES,MASSY TGV,23,0.27297297297297296
MARSEILLE ST CHARLES,MASSY TGV,24,0.25277777777777777
MARSEILLE ST CHARLES,MASSY TGV,25,0.25
MARSEILLE ST CHARLES,MASSY TGV,26,0.25
MARSEILLE ST CHARLES,MASSY TGV,27,0.24166666666666664
MARSEILLE ST CHARLES,MASSY TGV,28,0.23333333333333334
MARSEILLE ST CHARLES,MASSY TGV,29,0.2361111111111111
MARSEILLE ST CHARLES,MASSY TGV,30,0.04428571428571429
MARSEILLE ST CHARLES,RENNES,0,0.09705882352941177
MARSEILLE ST CHARLES,RENNES,1,0.09411764705882353
MARSEILLE ST CHARLES,RENNES,2,0.12941176470588237
MARSEILLE ST CHARLES,RENNES,3,0.12549019607843137
MARSEILLE ST CHARLES,RENNES,4,0.12980769230769232
MARSEILLE ST CHARLES,RENNES,5,0.1548076923076923
MARSEILLE ST CHARLES,RENNES,6,0.1778846153846154
MARSEILLE ST CHARLES,RENNES,7,0.19423076923076923
MARSEILLE ST CHARLES,RENNES,8,0.2529411764705882
MARSEILLE ST CHARLES,RENNES,9,0.284
MARSEILLE ST CHARLES,RENNES,10,0.3336734693877551
MARSEILLE ST CHARLES,RENNES,11,0.32708333333333334
MARSEILLE ST CHARLES,RENNES,12,0.19042553191489361
MARSEILLE ST CHARLES,RENNES,13,0.19456521739130433
MARSEILLE ST CHARLES,RENNES,14,0.23555555555555555
MARSEILLE ST CHARLES,RENNES,15,0.2545454545454545
MARSEILLE ST CHARLES,RENNES,16,0.2720930232558139
MARSEILLE ST CHARLES,RENNES,17,0.2702380952380952
MARSEILLE ST CHARLES,RENNES,18,0.27439024390243905
MARSEILLE ST CHARLES,RENNES,19,0.27749999999999997
MARSEILLE ST CHARLES,RENNES,20,0.3
MARSEILLE ST CHARLES,RENNES,21,0.28846153846153844
MARSEILLE ST CHARLES,RENNES,22,0.3078947368421052
MARSEILLE ST CHARLES,RENNES,23,0.2716216216216216
MARSEILLE ST CHARLES,RENNES,24,0.25555555555555554
MARSEILLE ST CHARLES,RENNES,25,0.2513888888888889
MARSEILLE ST CHARLES,RENNES,26,0.25
MARSEILLE ST CHARLES,RENNES,27,0.24722222222222223
MARSEILLE ST CHARLES,RENNES,28,0.22916666666666666
MARSEILLE ST CHARLES,RENNES,29,0.24444444444444446
MARSEILLE ST CHARLES,RENNES,30,0.024285714285714285
MASSY PALAISEAU,AIX EN PROVENCE TGV,0,0.7625
MASSY PALAISEAU,AIX EN PROVENCE TGV,1,0.7625
MASSY PALAISEAU,AIX EN PROVENCE TGV,2,0.7625
MASSY PALAISEAU,AIX EN PROVENCE TGV,3,0.7625
MASSY PALAISEAU,AIX EN PROVENCE TGV,4,0.75
MASSY PALAISEAU,AIX EN PROVENCE TGV,5,0.75
MASSY PALAISEAU,AIX EN PROVENCE TGV,6,0.725
MASSY PALAISEAU,AIX EN PROVENCE TGV,7,0.525
MASSY PALAISEAU,AIX EN PROVENCE TGV,8,0.5
MASSY PALAISEAU,AIX EN PROVENCE TGV,9,0.5
MASSY PALAISEAU,AIX EN PROVENCE TGV,10,0.5
MASSY PALAISEAU,AIX EN PROVENCE TGV,11,0.5
MASSY PALAISEAU,AIX EN PROVENCE TGV,12,0.525
MASSY PALAISEAU,AIX EN PROVENCE TGV,13,0.5125
MASSY PALAISEAU,AIX EN PROVENCE TGV,14,0.5125
MASSY PALAISEAU,AIX EN PROVENCE TGV,15,0.5125
MASSY PALAISEAU,AIX EN PROVENCE TGV,16,0.5
MASSY PALAISEAU,AIX EN PROVENCE TGV,17,0.5
MASSY PALAISEAU,AIX EN PROVENCE TGV,18,0.5
MASSY PALAISEAU,AIX EN PROVENCE TGV,19,0.4875
MASSY PALAISEAU,AIX EN PROVENCE TGV,20,0.5
MASSY PALAISEAU,AIX EN PROVENCE TGV,21,0.5
MASSY PALAISEAU,AIX EN PROVENCE TGV,22,0.4875
MASSY PALAISEAU,AIX EN PROVENCE TGV,23,0.05
MASSY PALAISEAU,AIX EN PROVENCE TGV,24,0.037500000000000006
MASSY PALAISEAU,AIX EN PROVENCE TGV,25,0.0125
MASSY PALAISEAU,AIX EN PROVENCE TGV,26,0.025
MASSY PALAISEAU,AIX EN PROVENCE TGV,27,0.025
MASSY PALAISEAU,AIX EN PROVENCE TGV,28,0.0375
MASSY PALAISEAU,AIX EN PROVENCE TGV,29,0.1375
MASSY PALAISEAU,AIX EN PROVENCE TGV,30,0.0375
MASSY PALAISEAU,AVIGNON TGV,0,0.30982758620689654
MASSY PALAISEAU,AVIGNON TGV,1,0.3032986111111111
MASSY PALAISEAU,AVIGNON TGV,2,0.2848275862068965
MASSY PALAISEAU,AVIGNON TGV,3,0.2840206185567011
MASSY PALAISEAU,AVIGNON TGV,4,0.1964041095890411
MASSY PALAISEAU,AVIGNON TGV,5,0.2110344827586207
MASSY PALAISEAU,AVIGNON TGV,6,0.21280276816608998
MASSY PALAISEAU,AVIGNON TGV,7,0.22395833333333334
MASSY PALAISEAU,AVIGNON TGV,8,0.22083333333333333
MASSY PALAISEAU,AVIGNON TGV,9,0.21753472222222223
MASSY PALAISEAU,AVIGNON TGV,10,0.2339100346020761
MASSY PALAISEAU,AVIGNON TGV,11,0.22603448275862068
MASSY PALAISEAU,AVIGNON TGV,12,0.057118055555555554
MASSY PALAISEAU,AVIGNON TGV,13,0.05871080139372823
MASSY PALAISEAU,AVIGNON TGV,14,0.06136363636363636
MASSY PALAISEAU,AVIGNON TGV,15,0.05734265734265734
MASSY PALAISEAU,AVIGNON TGV,16,0.06363636363636363
MASSY PALAISEAU,AVIGNON TGV,17,0.06048951048951049
MASSY PALAISEAU,AVIGNON TGV,18,0.06101398601398601
MASSY PALAISEAU,AVIGNON TGV,19,0.06496478873239436
MASSY PALAISEAU,AVIGNON TGV,20,0.06919014084507041
MASSY PALAISEAU,AVIGNON TGV,21,0.07147887323943662
MASSY PALAISEAU,AVIGNON TGV,22,0.07288732394366197
MASSY PALAISEAU,AVIGNON TGV,23,0.06784452296819787
MASSY PALAISEAU,AVIGNON TGV,24,0.06784452296819787
MASSY PALAISEAU,AVIGNON TGV,25,0.07332155477031801
MASSY PALAISEAU,AVIGNON TGV,26,0.07153024911032028
MASSY PALAISEAU,AVIGNON TGV,27,0.06921708185053381
MASSY PALAISEAU,AVIGNON TGV,28,0.06868327402135231
MASSY PALAISEAU,AVIGNON TGV,29,0.07526690391459075
MASSY PALAISEAU,AVIGNON TGV,30,0.014642857142857141
MASSY PALAISEAU,LYON (intramuros),0,0.304639175257732
MASSY PALAISEAU,LYON (intramuros),1,0.29221453287197235
MASSY PALAISEAU,LYON (intramuros),2,0.27989690721649485
MASSY PALAISEAU,LYON (intramuros),3,0.2768835616438356
MASSY PALAISEAU,LYON (intramuros),4,0.1757679180887372
MASSY PALAISEAU,LYON (intramuros),5,0.18642611683848798
MASSY PALAISEAU,LYON (intramuros),6,0.19086206896551725
MASSY PALAISEAU,LYON (intramuros),7,0.20692041522491347
MASSY PALAISEAU,LYON (intramuros),8,0.2060553633217993
MASSY PALAISEAU,LYON (intramuros),9,0.20190311418685122
MASSY PALAISEAU,LYON (intramuros),10,0.2170689655172414
MASSY PALAISEAU,LYON (intramuros),11,0.22010309278350515
MASSY PALAISEAU,LYON (intramuros),12,0.06366782006920414
MASSY PALAISEAU,LYON (intramuros),13,0.0625
MASSY PALAISEAU,LYON (intramuros),14,0.0637630662020906
MASSY PALAISEAU,LYON (intramuros),15,0.0613240418118467
MASSY PALAISEAU,LYON (intramuros),16,0.06794425087108014
MASSY PALAISEAU,LYON (intramuros),17,0.06445993031358885
MASSY PALAISEAU,LYON (intramuros),18,0.06358885017421603
MASSY PALAISEAU,LYON (intramuros),19,0.06982456140350876
MASSY PALAISEAU,LYON (intramuros),20,0.07368421052631578
MASSY PALAISEAU,LYON (intramuros),21,0.07649122807017544
MASSY PALAISEAU,LYON (intramuros),22,0.0787719298245614
MASSY PALAISEAU,LYON (intramuros),23,0.07816901408450704
MASSY PALAISEAU,LYON (intramuros),24,0.07834507042253522
MASSY PALAISEAU,LYON (intramuros),25,0.08679577464788732
MASSY PALAISEAU,LYON (intramuros),26,0.08049645390070921
MASSY PALAISEAU,LYON (intramuros),27,0.0799645390070922
MASSY PALAISEAU,LYON (intramuros),28,0.08209219858156028
MASSY PALAISEAU,LYON (intramuros),29,0.0845744680851064
MASSY PALAISEAU,LYON (intramuros),30,0.020462633451957295
MASSY PALAISEAU,MARSEILLE ST CHARLES,0,0.3187931034482759
MASSY PALAISEAU,MARSEILLE ST CHARLES,1,0.30746527777777777
MASSY PALAISEAU,MARSEILLE ST CHARLES,2,0.28913793103448276
MASSY PALAISEAU,MARSEILLE ST CHARLES,3,0.2809278350515464
MASSY PALAISEAU,MARSEILLE ST CHARLES,4,0.19486301369863013
MASSY PALAISEAU,MARSEILLE ST CHARLES,5,0.20724137931034484
MASSY PALAISEAU,MARSEILLE ST CHARLES,6,0.21280276816608998
MASSY PALAISEAU,MARSEILLE ST CHARLES,7,0.22430555555555554
MASSY PALAISEAU,MARSEILLE ST CHARLES,8,0.21979166666666666
MASSY PALAISEAU,MARSEILLE ST CHARLES,9,0.215625
MASSY PALAISEAU,MARSEILLE ST CHARLES,10,0.23269896193771628
MASSY PALAISEAU,MARSEILLE ST CHARLES,11,0.22413793103448276
MASSY PALAISEAU,MARSEILLE ST CHARLES,12,0.05850694444444445
MASSY PALAISEAU,MARSEILLE ST CHARLES,13,0.05905923344947735
MASSY PALAISEAU,MARSEILLE ST CHARLES,14,0.06031468531468531
MASSY PALAISEAU,MARSEILLE ST CHARLES,15,0.056993006993006995
MASSY PALAISEAU,MARSEILLE ST CHARLES,16,0.0652097902097902
MASSY PALAISEAU,MARSEILLE ST CHARLES,17,0.062062937062937064
MASSY PALAISEAU,MARSEILLE ST CHARLES,18,0.061888111888111885
MASSY PALAISEAU,MARSEILLE ST CHARLES,19,0.06637323943661973
MASSY PALAISEAU,MARSEILLE ST CHARLES,20,0.06848591549295774
MASSY PALAISEAU,MARSEILLE ST CHARLES,21,0.06883802816901409
MASSY PALAISEAU,MARSEILLE ST CHARLES,22,0.07341549295774648
MASSY PALAISEAU,MARSEILLE ST CHARLES,23,0.06766784452296819
MASSY PALAISEAU,MARSEILLE ST CHARLES,24,0.06802120141342756
MASSY PALAISEAU,MARSEILLE ST CHARLES,25,0.07667844522968198
MASSY PALAISEAU,MARSEILLE ST CHARLES,26,0.07135231316725979
MASSY PALAISEAU,MARSEILLE ST CHARLES,27,0.0706405693950178
MASSY PALAISEAU,MARSEILLE ST CHARLES,28,0.0706405693950178
MASSY PALAISEAU,MARSEILLE ST CHARLES,29,0.07402135231316727
MASSY PALAISEAU,MARSEILLE ST CHARLES,30,0.016785714285714286
MASSY PALAISEAU,MONTPELLIER SAINT ROCH,0,0.4875
MASSY PALAISEAU,MONTPELLIER SAINT ROCH,1,0.3375
MASSY PALAISEAU,MONTPELLIER SAINT ROCH,2,0.35
MASSY PALAISEAU,MONTPELLIER SAINT ROCH,3,0.575
MASSY PALAISEAU,MONTPELLIER SAINT ROCH,4,0.45
MASSY PALAISEAU,MONTPELLIER SAINT ROCH,5,0.2875
MASSY PALAISEAU,MONTPELLIER SAINT ROCH,6,0.25
MASSY PALAISEAU,MONTPELLIER SAINT ROCH,7,0.25
MASSY PALAISEAU,MONTPELLIER SAINT ROCH,8,0.25
MASSY PALAISEAU,MONTPELLIER SAINT ROCH,9,0.25
MASSY PALAISEAU,MONTPELLIER SAINT ROCH,10,0.25
MASSY PALAISEAU,MONTPELLIER SAINT ROCH,11,0.2625
MASSY PALAISEAU,MONTPELLIER SAINT ROCH,12,0.25
MASSY PALAISEAU,MONTPELLIER SAINT ROCH,13,0.25
MASSY PALAISEAU,MONTPELLIER SAINT ROCH,14,0.25
MASSY PALAISEAU,MONTPELLIER SAINT ROCH,15,0.25
MASSY PALAISEAU,MONTPELLIER SAINT ROCH,16,0.25
MASSY PALAISEAU,MONTPELLIER SAINT ROCH,17,0.25
MASSY PALAISEAU,MONTPELLIER SAINT ROCH,18,0.25
MASSY PALAISEAU,MONTPELLIER SAINT ROCH,19,0.25
MASSY PALAISEAU,MONTPELLIER SAINT ROCH,20,0.25
MASSY PALAISEAU,MONTPELLIER SAINT ROCH,21,0.25
MASSY PALAISEAU,MONTPELLIER SAINT ROCH,22,0.25
MASSY PALAISEAU,MONTPELLIER SAINT ROCH,23,0.25
MASSY PALAISEAU,MONTPELLIER SAINT ROCH,24,0.25
MASSY PALAISEAU,MONTPELLIER SAINT ROCH,25,0.25
MASSY PALAISEAU,MONTPELLIER SAINT ROCH,26,0.25
MASSY PALAISEAU,MONTPELLIER SAINT ROCH,27,0.25
MASSY PALAISEAU,MONTPELLIER SAINT ROCH,28,0.25
MASSY PALAISEAU,MONTPELLIER SAINT ROCH,29,0.2375
MASSY PALAISEAU,MONTPELLIER SAINT ROCH,30,0.0375
MASSY PALAISEAU,NIMES CENTRE,0,0.3875
MASSY PALAISEAU,NIMES CENTRE,1,0.3
MASSY PALAISEAU,NIMES CENTRE,2,0.325
MASSY PALAISEAU,NIMES CENTRE,3,0.65
MASSY PALAISEAU,NIMES CENTRE,4,0.4375
MASSY PALAISEAU,NIMES CENTRE,5,0.3125
MASSY PALAISEAU,NIMES CENTRE,6,0.2625
MASSY PALAISEAU,NIMES CENTRE,7,0.25
MASSY PALAISEAU,NIMES CENTRE,8,0.25
MASSY PALAISEAU,NIMES CENTRE,9,0.2625
MASSY PALAISEAU,NIMES CENTRE,10,0.2625
MASSY PALAISEAU,NIMES CENTRE,11,0.2625
MASSY PALAISEAU,NIMES CENTRE,12,0.25
MASSY PALAISEAU,NIMES CENTRE,13,0.25
MASSY PALAISEAU,NIMES CENTRE,14,0.25
MASSY PALAISEAU,NIMES CENTRE,15,0.25
MASSY PALAISEAU,NIMES CENTRE,16,0.25
MASSY PALAISEAU,NIMES CENTRE,17,0.25
MASSY PALAISEAU,NIMES CENTRE,18,0.2625
MASSY PALAISEAU,NIMES CENTRE,19,0.275
MASSY PALAISEAU,NIMES CENTRE,20,0.275
MASSY PALAISEAU,NIMES CENTRE,21,0.2625
MASSY PALAISEAU,NIMES CENTRE,22,0.25
MASSY PALAISEAU,NIMES CENTRE,23,0.25
MASSY PALAISEAU,NIMES CENTRE,24,0.2375
MASSY PALAISEAU,NIMES CENTRE,25,0.2375
MASSY PALAISEAU,NIMES CENTRE,26,0.2625
MASSY PALAISEAU,NIMES CENTRE,27,0.25
MASSY PALAISEAU,NIMES CENTRE,28,0.25
MASSY PALAISEAU,NIMES CENTRE,29,0.225
MASSY PALAISEAU,NIMES CENTRE,30,0.0375
MASSY PALAISEAU,VALENCE TGV AUVERGNE RHONE ALPES,0,0.29398625429553266
MASSY PALAISEAU,VALENCE TGV AUVERGNE RHONE ALPES,1,0.2880622837370242
MASSY PALAISEAU,VALENCE TGV AUVERGNE RHONE ALPES,2,0.2692439862542955
MASSY PALAISEAU,VALENCE TGV AUVERGNE RHONE ALPES,3,0.2702054794520548
MASSY PALAISEAU,VALENCE TGV AUVERGNE RHONE ALPES,4,0.17866894197952218
MASSY PALAISEAU,VALENCE TGV AUVERGNE RHONE ALPES,5,0.1895189003436426
MASSY PALAISEAU,VALENCE TGV AUVERGNE RHONE ALPES,6,0.19499999999999998
MASSY PALAISEAU,VALENCE TGV AUVERGNE RHONE ALPES,7,0.20709342560553634
MASSY PALAISEAU,VALENCE TGV AUVERGNE RHONE ALPES,8,0.2041522491349481
MASSY PALAISEAU,VALENCE TGV AUVERGNE RHONE ALPES,9,0.20346020761245673
MASSY PALAISEAU,VALENCE TGV AUVERGNE RHONE ALPES,10,0.21275862068965518
MASSY PALAISEAU,VALENCE TGV AUVERGNE RHONE ALPES,11,0.21718213058419242
MASSY PALAISEAU,VALENCE TGV AUVERGNE RHONE ALPES,12,0.06418685121107266
MASSY PALAISEAU,VALENCE TGV AUVERGNE RHONE ALPES,13,0.06354166666666666
MASSY PALAISEAU,VALENCE TGV AUVERGNE RHONE ALPES,14,0.06411149825783971
MASSY PALAISEAU,VALENCE TGV AUVERGNE RHONE ALPES,15,0.06167247386759581
MASSY PALAISEAU,VALENCE TGV AUVERGNE RHONE ALPES,16,0.06777003484320557
MASSY PALAISEAU,VALENCE TGV AUVERGNE RHONE ALPES,17,0.0656794425087108
MASSY PALAISEAU,VALENCE TGV AUVERGNE RHONE ALPES,18,0.06428571428571428
MASSY PALAISEAU,VALENCE TGV AUVERGNE RHONE ALPES,19,0.06982456140350876
MASSY PALAISEAU,VALENCE TGV AUVERGNE RHONE ALPES,20,0.07228070175438597
MASSY PALAISEAU,VALENCE TGV AUVERGNE RHONE ALPES,21,0.0743859649122807
MASSY PALAISEAU,VALENCE TGV AUVERGNE RHONE ALPES,22,0.0756140350877193
MASSY PALAISEAU,VALENCE TGV AUVERGNE RHONE ALPES,23,0.0709507042253521
MASSY PALAISEAU,VALENCE TGV AUVERGNE RHONE ALPES,24,0.0709507042253521
MASSY PALAISEAU,VALENCE TGV AUVERGNE RHONE ALPES,25,0.07728873239436619
MASSY PALAISEAU,VALENCE TGV AUVERGNE RHONE ALPES,26,0.0726950354609929
MASSY PALAISEAU,VALENCE TGV AUVERGNE RHONE ALPES,27,0.07198581560283689
MASSY PALAISEAU,VALENCE TGV AUVERGNE RHONE ALPES,28,0.07429078014184397
MASSY PALAISEAU,VALENCE TGV AUVERGNE RHONE ALPES,29,0.07641843971631206
MASSY PALAISEAU,VALENCE TGV AUVERGNE RHONE ALPES,30,0.01298932384341637
MASSY TGV,AIME LA PLAGNE,0,0.25625
MASSY TGV,AIME LA PLAGNE,1,0.26875000000000004
MASSY TGV,AIME LA PLAGNE,2,0.25
MASSY TGV,AIME LA PLAGNE,3,0.25625
MASSY TGV,AIME LA PLAGNE,4,0.24375000000000002
MASSY TGV,AIME LA PLAGNE,5,0.25625
MASSY TGV,AIME LA PLAGNE,6,0.25
MASSY TGV,AIME LA PLAGNE,7,0.25
MASSY TGV,AIME LA PLAGNE,8,0.24375
MASSY TGV,AIME LA PLAGNE,9,0.2375
MASSY TGV,AIME LA PLAGNE,10,0.1375
MASSY TGV,AIME LA PLAGNE,11,0.1375
MASSY TGV,AIME LA PLAGNE,12,0.125
MASSY TGV,AIME LA PLAGNE,13,0.125
MASSY TGV,AIME LA PLAGNE,14,0.125
MASSY TGV,AIME LA PLAGNE,15,0.125
MASSY TGV,AIME LA PLAGNE,16,0.125
MASSY TGV,AIME LA PLAGNE,17,0.125
MASSY TGV,AIME LA PLAGNE,18,0.125
MASSY TGV,AIME LA PLAGNE,19,0.125
MASSY TGV,AIME LA PLAGNE,20,0.125
MASSY TGV,AIME LA PLAGNE,21,0.125
MASSY TGV,AIME LA PLAGNE,22,0.125
MASSY TGV,AIME LA PLAGNE,23,0.125
MASSY TGV,AIME LA PLAGNE,24,0.125
MASSY TGV,AIME LA PLAGNE,25,0.125
MASSY TGV,AIME LA PLAGNE,26,0.125
MASSY TGV,AIME LA PLAGNE,27,0.11875
MASSY TGV,AIME LA PLAGNE,28,0.11875
MASSY TGV,AIME LA PLAGNE,29,0.018750000000000003
MASSY TGV,AIME LA PLAGNE,30,0.00625
MASSY TGV,AIX EN PROVENCE TGV,0,0.1945906432748538
MASSY TGV,AIX EN PROVENCE TGV,1,0.20087719298245615
MASSY TGV,AIX EN PROVENCE TGV,2,0.19780701754385965
MASSY TGV,AIX EN PROVENCE TGV,3,0.1871345029239766
MASSY TGV,AIX EN PROVENCE TGV,4,0.0652046783625731
MASSY TGV,AIX EN PROVENCE TGV,5,0.058771929824561406
MASSY TGV,AIX EN PROVENCE TGV,6,0.07207602339181286
MASSY TGV,AIX EN PROVENCE TGV,7,0.07149122807017544
MASSY TGV,AIX EN PROVENCE TGV,8,0.06169590643274854
MASSY TGV,AIX EN PROVENCE TGV,9,0.06026392961876833
MASSY TGV,AIX EN PROVENCE TGV,10,0.061764705882352944
MASSY TGV,AIX EN PROVENCE TGV,11,0.06460176991150442
MASSY TGV,AIX EN PROVENCE TGV,12,0.008579881656804733
MASSY TGV,AIX EN PROVENCE TGV,13,0.0036982248520710057
MASSY TGV,AIX EN PROVENCE TGV,14,0.0011869436201780417
MASSY TGV,AIX EN PROVENCE TGV,15,0.002529761904761905
MASSY TGV,AIX EN PROVENCE TGV,16,0.00208955223880597
MASSY TGV,AIX EN PROVENCE TGV,17,0.0008982035928143714
MASSY TGV,AIX EN PROVENCE TGV,18,0.0004504504504504505
MASSY TGV,AIX EN PROVENCE TGV,19,0.0040662650602409645
MASSY TGV,AIX EN PROVENCE TGV,20,0.008308157099697885
MASSY TGV,AIX EN PROVENCE TGV,21,0.009242424242424241
MASSY TGV,AIX EN PROVENCE TGV,22,0.013981762917933132
MASSY TGV,AIX EN PROVENCE TGV,23,0.012957317073170731
MASSY TGV,AIX EN PROVENCE TGV,24,0.01253822629969419
MASSY TGV,AIX EN PROVENCE TGV,25,0.009049079754601227
MASSY TGV,AIX EN PROVENCE TGV,26,0.01
MASSY TGV,AIX EN PROVENCE TGV,27,0.012808641975308644
MASSY TGV,AIX EN PROVENCE TGV,28,0.012848297213622292
MASSY TGV,AIX EN PROVENCE TGV,29,0.010714285714285714
MASSY TGV,AIX EN PROVENCE TGV,30,0.0032812500000000003
MASSY TGV,ALBERTVILLE,0,0.25
MASSY TGV,ALBERTVILLE,1,0.24375
MASSY TGV,ALBERTVILLE,2,0.25625
MASSY TGV,ALBERTVILLE,3,0.24375
MASSY TGV,ALBERTVILLE,4,0.25
MASSY TGV,ALBERTVILLE,5,0.24375
MASSY TGV,ALBERTVILLE,6,0.24375
MASSY TGV,ALBERTVILLE,7,0.24375
MASSY TGV,ALBERTVILLE,8,0.25
MASSY TGV,ALBERTVILLE,9,0.23125
MASSY TGV,ALBERTVILLE,10,0.13125
MASSY TGV,ALBERTVILLE,11,0.13125
MASSY TGV,ALBERTVILLE,12,0.125
MASSY TGV,ALBERTVILLE,13,0.125
MASSY TGV,ALBERTVILLE,14,0.125
MASSY TGV,ALBERTVILLE,15,0.125
MASSY TGV,ALBERTVILLE,16,0.125
MASSY TGV,ALBERTVILLE,17,0.125
MASSY TGV,ALBERTVILLE,18,0.125
MASSY TGV,ALBERTVILLE,19,0.13125
MASSY TGV,ALBERTVILLE,20,0.13125
MASSY TGV,ALBERTVILLE,21,0.125
MASSY TGV,ALBERTVILLE,22,0.125
MASSY TGV,ALBERTVILLE,23,0.13125
MASSY TGV,ALBERTVILLE,24,0.13125
MASSY TGV,ALBERTVILLE,25,0.125
MASSY TGV,ALBERTVILLE,26,0.125
MASSY TGV,ALBERTVILLE,27,0.125
MASSY TGV,ALBERTVILLE,28,0.125
MASSY TGV,ALBERTVILLE,29,0.01875
MASSY TGV,ALBERTVILLE,30,0.0
MASSY TGV,AVIGNON TGV,0,0.19649122807017544
MASSY TGV,AVIGNON TGV,1,0.2074561403508772
MASSY TGV,AVIGNON TGV,2,0.2074561403508772
MASSY TGV,AVIGNON TGV,3,0.19312865497076023
MASSY TGV,AVIGNON TGV,4,0.06681286549707603
MASSY TGV,AVIGNON TGV,5,0.0641812865497076
MASSY TGV,AVIGNON TGV,6,0.07573099415204677
MASSY TGV,AVIGNON TGV,7,0.07763157894736843
MASSY TGV,AVIGNON TGV,8,0.06783625730994151
MASSY TGV,AVIGNON TGV,9,0.06744868035190615
MASSY TGV,AVIGNON TGV,10,0.06794117647058824
MASSY TGV,AVIGNON TGV,11,0.07079646017699115
MASSY TGV,AVIGNON TGV,12,0.008702064896755162
MASSY TGV,AVIGNON TGV,13,0.0029498525073746312
MASSY TGV,AVIGNON TGV,14,0.0014792899408284023
MASSY TGV,AVIGNON TGV,15,0.002818991097922849
MASSY TGV,AVIGNON TGV,16,0.003273809523809524
MASSY TGV,AVIGNON TGV,17,0.002238805970149254
MASSY TGV,AVIGNON TGV,18,0.0011976047904191617
MASSY TGV,AVIGNON TGV,19,0.0036036036036036037
MASSY TGV,AVIGNON TGV,20,0.007981927710843374
MASSY TGV,AVIGNON TGV,21,0.00785498489425982
MASSY TGV,AVIGNON TGV,22,0.01303030303030303
MASSY TGV,AVIGNON TGV,23,0.012462006079027355
MASSY TGV,AVIGNON TGV,24,0.012347560975609755
MASSY TGV,AVIGNON TGV,25,0.008868501529051987
MASSY TGV,AVIGNON TGV,26,0.0098159509202454
MASSY TGV,AVIGNON TGV,27,0.012
MASSY TGV,AVIGNON TGV,28,0.013888888888888888
MASSY TGV,AVIGNON TGV,29,0.013622291021671827
MASSY TGV,AVIGNON TGV,30,0.0032710280373831778
MASSY TGV,BOURG SAINT MAURICE,0,0.2875
MASSY TGV,BOURG SAINT MAURICE,1,0.2625
MASSY TGV,BOURG SAINT MAURICE,2,0.25625
MASSY TGV,BOURG SAINT MAURICE,3,0.24375
MASSY TGV,BOURG SAINT MAURICE,4,0.24375
MASSY TGV,BOURG SAINT MAURICE,5,0.25
MASSY TGV,BOURG SAINT MAURICE,6,0.24375
MASSY TGV,BOURG SAINT MAURICE,7,0.24375
MASSY TGV,BOURG SAINT MAURICE,8,0.24375
MASSY TGV,BOURG SAINT MAURICE,9,0.2375
MASSY TGV,BOURG SAINT MAURICE,10,0.125
MASSY TGV,BOURG SAINT MAURICE,11,0.13125
MASSY TGV,BOURG SAINT MAURICE,12,0.125
MASSY TGV,BOURG SAINT MAURICE,13,0.125
MASSY TGV,BOURG SAINT MAURICE,14,0.125
MASSY TGV,BOURG SAINT MAURICE,15,0.125
MASSY TGV,BOURG SAINT MAURICE,16,0.125
MASSY TGV,BOURG SAINT MAURICE,17,0.125
MASSY TGV,BOURG SAINT MAURICE,18,0.125
MASSY TGV,BOURG SAINT MAURICE,19,0.125
MASSY TGV,BOURG SAINT MAURICE,20,0.125
MASSY TGV,BOURG SAINT MAURICE,21,0.125
MASSY TGV,BOURG SAINT MAURICE,22,0.125
MASSY TGV,BOURG SAINT MAURICE,23,0.125
MASSY TGV,BOURG SAINT MAURICE,24,0.125
MASSY TGV,BOURG SAINT MAURICE,25,0.125
MASSY TGV,BOURG SAINT MAURICE,26,0.125
MASSY TGV,BOURG SAINT MAURICE,27,0.125
MASSY TGV,BOURG SAINT MAURICE,28,0.11875
MASSY TGV,BOURG SAINT MAURICE,29,0.025
MASSY TGV,BOURG SAINT MAURICE,30,0.0
MASSY TGV,CHAMBERY CHALLES LES EAUX,0,0.225
MASSY TGV,CHAMBERY CHALLES LES EAUX,1,0.24375
MASSY TGV,CHAMBERY CHALLES LES EAUX,2,0.24375
MASSY TGV,CHAMBERY CHALLES LES EAUX,3,0.24375
MASSY TGV,CHAMBERY CHALLES LES EAUX,4,0.24375
MASSY TGV,CHAMBERY CHALLES LES EAUX,5,0.25
MASSY TGV,CHAMBERY CHALLES LES EAUX,6,0.25
MASSY TGV,CHAMBERY CHALLES LES EAUX,7,0.25
MASSY TGV,CHAMBERY CHALLES LES EAUX,8,0.25
MASSY TGV,CHAMBERY CHALLES LES EAUX,9,0.2375
MASSY TGV,CHAMBERY CHALLES LES EAUX,10,0.13125
MASSY TGV,CHAMBERY CHALLES LES EAUX,11,0.13125
MASSY TGV,CHAMBERY CHALLES LES EAUX,12,0.125
MASSY TGV,CHAMBERY CHALLES LES EAUX,13,0.125
MASSY TGV,CHAMBERY CHALLES LES EAUX,14,0.11875
MASSY TGV,CHAMBERY CHALLES LES EAUX,15,0.125
MASSY TGV,CHAMBERY CHALLES LES EAUX,16,0.125
MASSY TGV,CHAMBERY CHALLES LES EAUX,17,0.125
MASSY TGV,CHAMBERY CHALLES LES EAUX,18,0.125
MASSY TGV,CHAMBERY CHALLES LES EAUX,19,0.125
MASSY TGV,CHAMBERY CHALLES LES EAUX,20,0.125
MASSY TGV,CHAMBERY CHALLES LES EAUX,21,0.125
MASSY TGV,CHAMBERY CHALLES LES EAUX,22,0.125
MASSY TGV,CHAMBERY CHALLES LES EAUX,23,0.125
MASSY TGV,CHAMBERY CHALLES LES EAUX,24,0.125
MASSY TGV,CHAMBERY CHALLES LES EAUX,25,0.125
MASSY TGV,CHAMBERY CHALLES LES EAUX,26,0.11875
MASSY TGV,CHAMBERY CHALLES LES EAUX,27,0.11875
MASSY TGV,CHAMBERY CHALLES LES EAUX,28,0.1125
MASSY TGV,CHAMBERY CHALLES LES EAUX,29,0.00625
MASSY TGV,CHAMBERY CHALLES LES EAUX,30,0.0
MASSY TGV,CLUSES (HAUTE SAVOIE),0,0.025
MASSY TGV,CLUSES (HAUTE SAVOIE),1,0.0
MASSY TGV,CLUSES (HAUTE SAVOIE),2,0.0
MASSY TGV,CLUSES (HAUTE SAVOIE),3,0.0
MASSY TGV,CLUSES (HAUTE SAVOIE),4,0.0
MASSY TGV,CLUSES (HAUTE SAVOIE),5,0.0
MASSY TGV,CLUSES (HAUTE SAVOIE),6,0.0
MASSY TGV,CLUSES (HAUTE SAVOIE),7,0.0
MASSY TGV,CLUSES (HAUTE SAVOIE),8,0.0
MASSY TGV,CLUSES (HAUTE SAVOIE),9,0.0
MASSY TGV,CLUSES (HAUTE SAVOIE),10,0.0
MASSY TGV,CLUSES (HAUTE SAVOIE),11,0.0
MASSY TGV,CLUSES (HAUTE SAVOIE),12,0.0
MASSY TGV,CLUSES (HAUTE SAVOIE),13,0.0
MASSY TGV,CLUSES (HAUTE SAVOIE),14,0.0
MASSY TGV,CLUSES (HAUTE SAVOIE),15,0.0
MASSY TGV,CLUSES (HAUTE SAVOIE),16,0.0
MASSY TGV,CLUSES (HAUTE SAVOIE),17,0.0
MASSY TGV,CLUSES (HAUTE SAVOIE),18,0.0
MASSY TGV,CLUSES (HAUTE SAVOIE),19,0.0
MASSY TGV,CLUSES (HAUTE SAVOIE),20,0.0
MASSY TGV,CLUSES (HAUTE SAVOIE),21,0.0
MASSY TGV,CLUSES (HAUTE SAVOIE),22,0.0
MASSY TGV,CLUSES (HAUTE SAVOIE),23,0.0
MASSY TGV,CLUSES (HAUTE SAVOIE),24,0.0
MASSY TGV,CLUSES (HAUTE SAVOIE),25,0.0
MASSY TGV,CLUSES (HAUTE SAVOIE),26,0.0
MASSY TGV,CLUSES (HAUTE SAVOIE),27,0.0
MASSY TGV,CLUSES (HAUTE SAVOIE),28,0.0
MASSY TGV,CLUSES (HAUTE SAVOIE),29,0.0
MASSY TGV,CLUSES (HAUTE SAVOIE),30,0.0
MASSY TGV,GRENOBLE,0,0.025
MASSY TGV,GRENOBLE,1,0.0
MASSY TGV,GRENOBLE,2,0.0
MASSY TGV,GRENOBLE,3,0.025
MASSY TGV,GRENOBLE,4,0.0
MASSY TGV,GRENOBLE,5,0.0
MASSY TGV,GRENOBLE,6,0.0
MASSY TGV,GRENOBLE,7,0.0
MASSY TGV,GRENOBLE,8,0.0
MASSY TGV,GRENOBLE,9,0.0
MASSY TGV,GRENOBLE,10,0.0
MASSY TGV,GRENOBLE,11,0.0
MASSY TGV,GRENOBLE,12,0.0
MASSY TGV,GRENOBLE,13,0.0
MASSY TGV,GRENOBLE,14,0.0
MASSY TGV,GRENOBLE,15,0.0
MASSY TGV,GRENOBLE,16,0.0
MASSY TGV,GRENOBLE,17,0.0
MASSY TGV,GRENOBLE,18,0.0
MASSY TGV,GRENOBLE,19,0.0
MASSY TGV,GRENOBLE,20,0.0
MASSY TGV,GRENOBLE,21,0.0
MASSY TGV,GRENOBLE,22,0.0
MASSY TGV,GRENOBLE,23,0.0
MASSY TGV,GRENOBLE,24,0.0
MASSY TGV,GRENOBLE,25,0.0
MASSY TGV,GRENOBLE,26,0.0
MASSY TGV,GRENOBLE,27,0.0
MASSY TGV,GRENOBLE,28,0.0
MASSY TGV,GRENOBLE,29,0.0
MASSY TGV,GRENOBLE,30,0.0
MASSY TGV,LANDRY,0,0.24375000000000002
MASSY TGV,LANDRY,1,0.24375
MASSY TGV,LANDRY,2,0.25
MASSY TGV,LANDRY,3,0.25
MASSY TGV,LANDRY,4,0.24375
MASSY TGV,LANDRY,5,0.25
MASSY TGV,LANDRY,6,0.25
MASSY TGV,LANDRY,7,0.24375
MASSY TGV,LANDRY,8,0.25625
MASSY TGV,LANDRY,9,0.25
MASSY TGV,LANDRY,10,0.1375
MASSY TGV,LANDRY,11,0.1375
MASSY TGV,LANDRY,12,0.125
MASSY TGV,LANDRY,13,0.125
MASSY TGV,LANDRY,14,0.1125
MASSY TGV,LANDRY,15,0.13125
MASSY TGV,LANDRY,16,0.125
MASSY TGV,LANDRY,17,0.13125
MASSY TGV,LANDRY,18,0.125
MASSY TGV,LANDRY,19,0.13125
MASSY TGV,LANDRY,20,0.125
MASSY TGV,LANDRY,21,0.13125
MASSY TGV,LANDRY,22,0.125
MASSY TGV,LANDRY,23,0.125
MASSY TGV,LANDRY,24,0.125
MASSY TGV,LANDRY,25,0.125
MASSY TGV,LANDRY,26,0.125
MASSY TGV,LANDRY,27,0.125
MASSY TGV,LANDRY,28,0.125
MASSY TGV,LANDRY,29,0.00625
MASSY TGV,LANDRY,30,0.00625
MASSY TGV,LAVAL,0,0.2568627450980392
MASSY TGV,LAVAL,1,0.24901960784313723
MASSY TGV,LAVAL,2,0.2833333333333333
MASSY TGV,LAVAL,3,0.2705882352941177
MASSY TGV,LAVAL,4,0.28846153846153844
MASSY TGV,LAVAL,5,0.29134615384615387
MASSY TGV,LAVAL,6,0.3182692307692308
MASSY TGV,LAVAL,7,0.3230769230769231
MASSY TGV,LAVAL,8,0.35490196078431374
MASSY TGV,LAVAL,9,0.376
MASSY TGV,LAVAL,10,0.4020408163265306
MASSY TGV,LAVAL,11,0.3885416666666666
MASSY TGV,LAVAL,12,0.39680851063829786
MASSY TGV,LAVAL,13,0.41195652173913044
MASSY TGV,LAVAL,14,0.4355555555555556
MASSY TGV,LAVAL,15,0.45
MASSY TGV,LAVAL,16,0.436046511627907
MASSY TGV,LAVAL,17,0.4226190476190476
MASSY TGV,LAVAL,18,0.41707317073170735
MASSY TGV,LAVAL,19,0.4225
MASSY TGV,LAVAL,20,0.43375
MASSY TGV,LAVAL,21,0.4076923076923077
MASSY TGV,LAVAL,22,0.40921052631578947
MASSY TGV,LAVAL,23,0.422972972972973
MASSY TGV,LAVAL,24,0.41805555555555557
MASSY TGV,LAVAL,25,0.425
MASSY TGV,LAVAL,26,0.39305555555555555
MASSY TGV,LAVAL,27,0.4083333333333333
MASSY TGV,LAVAL,28,0.4277777777777778
MASSY TGV,LAVAL,29,0.4430555555555556
MASSY TGV,LAVAL,30,0.07857142857142857
MASSY TGV,LE MANS,0,0.25980392156862747
MASSY TGV,LE MANS,1,0.25392156862745097
MASSY TGV,LE MANS,2,0.27254901960784317
MASSY TGV,LE MANS,3,0.27450980392156865
MASSY TGV,LE MANS,4,0.2971153846153846
MASSY TGV,LE MANS,5,0.3
MASSY TGV,LE MANS,6,0.33076923076923076
MASSY TGV,LE MANS,7,0.32019230769230766
MASSY TGV,LE MANS,8,0.3627450980392157
MASSY TGV,LE MANS,9,0.385
MASSY TGV,LE MANS,10,0.3989795918367347
MASSY TGV,LE MANS,11,0.409375
MASSY TGV,LE MANS,12,0.39893617021276595
MASSY TGV,LE MANS,13,0.4206521739130435
MASSY TGV,LE MANS,14,0.4444444444444444
MASSY TGV,LE MANS,15,0.4522727272727272
MASSY TGV,LE MANS,16,0.436046511627907
MASSY TGV,LE MANS,17,0.43452380952380953
MASSY TGV,LE MANS,18,0.42195121951219516
MASSY TGV,LE MANS,19,0.42000000000000004
MASSY TGV,LE MANS,20,0.445
MASSY TGV,LE MANS,21,0.41923076923076924
MASSY TGV,LE MANS,22,0.42105263157894735
MASSY TGV,LE MANS,23,0.42702702702702705
MASSY TGV,LE MANS,24,0.4222222222222222
MASSY TGV,LE MANS,25,0.43194444444444446
MASSY TGV,LE MANS,26,0.39722222222222225
MASSY TGV,LE MANS,27,0.40138888888888885
MASSY TGV,LE MANS,28,0.4305555555555556
MASSY TGV,LE MANS,29,0.46111111111111114
MASSY TGV,LE MANS,30,0.05714285714285714
MASSY TGV,LYON (intramuros),0,0.7276162790697674
MASSY TGV,LYON (intramuros),1,0.7252906976744186
MASSY TGV,LYON (intramuros),2,0.7494186046511628
MASSY TGV,LYON (intramuros),3,0.7398255813953488
MASSY TGV,LYON (intramuros),4,0.6155523255813954
MASSY TGV,LYON (intramuros),5,0.6206395348837209
MASSY TGV,LYON (intramuros),6,0.634593023255814
MASSY TGV,LYON (intramuros),7,0.6587209302325582
MASSY TGV,LYON (intramuros),8,0.6303779069767441
MASSY TGV,LYON (intramuros),9,0.6505813953488372
MASSY TGV,LYON (intramuros),10,0.6699127906976744
MASSY TGV,LYON (intramuros),11,0.6765988372093024
MASSY TGV,LYON (intramuros),12,0.45901162790697675
MASSY TGV,LYON (intramuros),13,0.46918604651162793
MASSY TGV,LYON (intramuros),14,0.4796511627906977
MASSY TGV,LYON (intramuros),15,0.4790697674418605
MASSY TGV,LYON (intramuros),16,0.4803779069767442
MASSY TGV,LYON (intramuros),17,0.4848837209302326
MASSY TGV,LYON (intramuros),18,0.495203488372093
MASSY TGV,LYON (intramuros),19,0.5063953488372093
MASSY TGV,LYON (intramuros),20,0.5155523255813953
MASSY TGV,LYON (intramuros),21,0.5274709302325581
MASSY TGV,LYON (intramuros),22,0.526453488372093
MASSY TGV,LYON (intramuros),23,0.5194767441860465
MASSY TGV,LYON (intramuros),24,0.5232558139534884
MASSY TGV,LYON (intramuros),25,0.5244186046511629
MASSY TGV,LYON (intramuros),26,0.5145348837209303
MASSY TGV,LYON (intramuros),27,0.5344476744186046
MASSY TGV,LYON (intramuros),28,0.5377906976744186
MASSY TGV,LYON (intramuros),29,0.5247093023255814
MASSY TGV,LYON (intramuros),30,0.06578947368421052
MASSY TGV,MARSEILLE ST CHARLES,0,0.19444444444444445
MASSY TGV,MARSEILLE ST CHARLES,1,0.20584795321637428
MASSY TGV,MARSEILLE ST CHARLES,2,0.21169590643274855
MASSY TGV,MARSEILLE ST CHARLES,3,0.19736842105263158
MASSY TGV,MARSEILLE ST CHARLES,4,0.0638888888888889
MASSY TGV,MARSEILLE ST CHARLES,5,0.06257309941520467
MASSY TGV,MARSEILLE ST CHARLES,6,0.0783625730994152
MASSY TGV,MARSEILLE ST CHARLES,7,0.08084795321637427
MASSY TGV,MARSEILLE ST CHARLES,8,0.06681286549707603
MASSY TGV,MARSEILLE ST CHARLES,9,0.06422287390029326
MASSY TGV,MARSEILLE ST CHARLES,10,0.06705882352941177
MASSY TGV,MARSEILLE ST CHARLES,11,0.06637168141592921
MASSY TGV,MARSEILLE ST CHARLES,12,0.008407079646017699
MASSY TGV,MARSEILLE ST CHARLES,13,0.002949852507374631
MASSY TGV,MARSEILLE ST CHARLES,14,0.0019230769230769232
MASSY TGV,MARSEILLE ST CHARLES,15,0.0026706231454005935
MASSY TGV,MARSEILLE ST CHARLES,16,0.003125
MASSY TGV,MARSEILLE ST CHARLES,17,0.0010447761194029852
MASSY TGV,MARSEILLE ST CHARLES,18,0.001347305389221557
MASSY TGV,MARSEILLE ST CHARLES,19,0.003003003003003003
MASSY TGV,MARSEILLE ST CHARLES,20,0.00783132530120482
MASSY TGV,MARSEILLE ST CHARLES,21,0.009365558912386706
MASSY TGV,MARSEILLE ST CHARLES,22,0.01303030303030303
MASSY TGV,MARSEILLE ST CHARLES,23,0.012310030395136777
MASSY TGV,MARSEILLE ST CHARLES,24,0.012042682926829269
MASSY TGV,MARSEILLE ST CHARLES,25,0.00871559633027523
MASSY TGV,MARSEILLE ST CHARLES,26,0.009049079754601227
MASSY TGV,MARSEILLE ST CHARLES,27,0.012615384615384615
MASSY TGV,MARSEILLE ST CHARLES,28,0.01373456790123457
MASSY TGV,MARSEILLE ST CHARLES,29,0.014086687306501547
MASSY TGV,MARSEILLE ST CHARLES,30,0.003115264797507788
MASSY TGV,MODANE,0,0.0
MASSY TGV,MODANE,1,0.0
MASSY TGV,MODANE,2,0.0
MASSY TGV,MODANE,3,0.0
MASSY TGV,MODANE,4,0.0
MASSY TGV,MODANE,5,0.0
MASSY TGV,MODANE,6,0.0
MASSY TGV,MODANE,7,0.0
MASSY TGV,MODANE,8,0.0
MASSY TGV,MODANE,9,0.0
MASSY TGV,MODANE,10,0.0
MASSY TGV,MODANE,11,0.0
MASSY TGV,MODANE,12,0.0
MASSY TGV,MODANE,13,0.0
MASSY TGV,MODANE,14,0.0
MASSY TGV,MODANE,15,0.0
MASSY TGV,MODANE,16,0.0
MASSY TGV,MODANE,17,0.0
MASSY TGV,MODANE,18,0.0
MASSY TGV,MODANE,19,0.0
MASSY TGV,MODANE,20,0.0
MASSY TGV,MODANE,21,0.0
MASSY TGV,MODANE,22,0.0
MASSY TGV,MODANE,23,0.0
MASSY TGV,MODANE,24,0.0
MASSY TGV,MODANE,25,0.0
MASSY TGV,MODANE,26,0.0
MASSY TGV,MODANE,27,0.0
MASSY TGV,MODANE,28,0.0
MASSY TGV,MODANE,29,0.0
MASSY TGV,MODANE,30,0.0
MASSY TGV,MONTPELLIER SAINT ROCH,0,0.04777777777777777
MASSY TGV,MONTPELLIER SAINT ROCH,1,0.025555555555555554
MASSY TGV,MONTPELLIER SAINT ROCH,2,0.005555555555555556
MASSY TGV,MONTPELLIER SAINT ROCH,3,0.0011627906976744186
MASSY TGV,MONTPELLIER SAINT ROCH,4,0.0011363636363636365
MASSY TGV,MONTPELLIER SAINT ROCH,5,0.002272727272727273
MASSY TGV,MONTPELLIER SAINT ROCH,6,0.00340909090909091
MASSY TGV,MONTPELLIER SAINT ROCH,7,0.0022222222222222222
MASSY TGV,MONTPELLIER SAINT ROCH,8,0.0022222222222222222
MASSY TGV,MONTPELLIER SAINT ROCH,9,0.0022222222222222222
MASSY TGV,MONTPELLIER SAINT ROCH,10,0.008139534883720932
MASSY TGV,MONTPELLIER SAINT ROCH,11,0.00681818181818182
MASSY TGV,MONTPELLIER SAINT ROCH,12,0.0011363636363636365
MASSY TGV,MONTPELLIER SAINT ROCH,13,0.002272727272727273
MASSY TGV,MONTPELLIER SAINT ROCH,14,0.0
MASSY TGV,MONTPELLIER SAINT ROCH,15,0.0
MASSY TGV,MONTPELLIER SAINT ROCH,16,0.0
MASSY TGV,MONTPELLIER SAINT ROCH,17,0.0
MASSY TGV,MONTPELLIER SAINT ROCH,18,0.0
MASSY TGV,MONTPELLIER SAINT ROCH,19,0.0
MASSY TGV,MONTPELLIER SAINT ROCH,20,0.0
MASSY TGV,MONTPELLIER SAINT ROCH,21,0.0011363636363636365
MASSY TGV,MONTPELLIER SAINT ROCH,22,0.0011363636363636365
MASSY TGV,MONTPELLIER SAINT ROCH,23,0.0011363636363636365
MASSY TGV,MONTPELLIER SAINT ROCH,24,0.0
MASSY TGV,MONTPELLIER SAINT ROCH,25,0.0
MASSY TGV,MONTPELLIER SAINT ROCH,26,0.0
MASSY TGV,MONTPELLIER SAINT ROCH,27,0.0011627906976744186
MASSY TGV,MONTPELLIER SAINT ROCH,28,0.002325581395348837
MASSY TGV,MONTPELLIER SAINT ROCH,29,0.005813953488372093
MASSY TGV,MONTPELLIER SAINT ROCH,30,0.0
MASSY TGV,MONTPELLIER SUD DE FRANCE,0,0.40774853801169586
MASSY TGV,MONTPELLIER SUD DE FRANCE,1,0.4023391812865497
MASSY TGV,MONTPELLIER SUD DE FRANCE,2,0.4144314868804665
MASSY TGV,MONTPELLIER SUD DE FRANCE,3,0.4148688046647231
MASSY TGV,MONTPELLIER SUD DE FRANCE,4,0.30670553935860057
MASSY TGV,MONTPELLIER SUD DE FRANCE,5,0.3069970845481049
MASSY TGV,MONTPELLIER SUD DE FRANCE,6,0.336734693877551
MASSY TGV,MONTPELLIER SUD DE FRANCE,7,0.3431486880466472
MASSY TGV,MONTPELLIER SUD DE FRANCE,8,0.33571428571428574
MASSY TGV,MONTPELLIER SUD DE FRANCE,9,0.3323615160349854
MASSY TGV,MONTPELLIER SUD DE FRANCE,10,0.3466472303206997
MASSY TGV,MONTPELLIER SUD DE FRANCE,11,0.3564139941690962
MASSY TGV,MONTPELLIER SUD DE FRANCE,12,0.11224489795918367
MASSY TGV,MONTPELLIER SUD DE FRANCE,13,0.11793002915451896
MASSY TGV,MONTPELLIER SUD DE FRANCE,14,0.12667638483965016
MASSY TGV,MONTPELLIER SUD DE FRANCE,15,0.11880466472303207
MASSY TGV,MONTPELLIER SUD DE FRANCE,16,0.10845481049562683
MASSY TGV,MONTPELLIER SUD DE FRANCE,17,0.10728862973760932
MASSY TGV,MONTPELLIER SUD DE FRANCE,18,0.1230320699708455
MASSY TGV,MONTPELLIER SUD DE FRANCE,19,0.12973760932944606
MASSY TGV,MONTPELLIER SUD DE FRANCE,20,0.12142857142857143
MASSY TGV,MONTPELLIER SUD DE FRANCE,21,0.12463556851311954
MASSY TGV,MONTPELLIER SUD DE FRANCE,22,0.12653061224489795
MASSY TGV,MONTPELLIER SUD DE FRANCE,23,0.1345481049562682
MASSY TGV,MONTPELLIER SUD DE FRANCE,24,0.12930029154518952
MASSY TGV,MONTPELLIER SUD DE FRANCE,25,0.12230320699708455
MASSY TGV,MONTPELLIER SUD DE FRANCE,26,0.11676384839650145
MASSY TGV,MONTPELLIER SUD DE FRANCE,27,0.12230320699708455
MASSY TGV,MONTPELLIER SUD DE FRANCE,28,0.12594752186588923
MASSY TGV,MONTPELLIER SUD DE FRANCE,29,0.11461988304093568
MASSY TGV,MONTPELLIER SUD DE FRANCE,30,0.014558823529411765
MASSY TGV,MOUTIERS SALINS BRIDES LES BAINS,0,0.2375
MASSY TGV,MOUTIERS SALINS BRIDES LES BAINS,1,0.2625
MASSY TGV,MOUTIERS SALINS BRIDES LES BAINS,2,0.25625
MASSY TGV,MOUTIERS SALINS BRIDES LES BAINS,3,0.25
MASSY TGV,MOUTIERS SALINS BRIDES LES BAINS,4,0.2375
MASSY TGV,MOUTIERS SALINS BRIDES LES BAINS,5,0.25
MASSY TGV,MOUTIERS SALINS BRIDES LES BAINS,6,0.25
MASSY TGV,MOUTIERS SALINS BRIDES LES BAINS,7,0.25625
MASSY TGV,MOUTIERS SALINS BRIDES LES BAINS,8,0.25625
MASSY TGV,MOUTIERS SALINS BRIDES LES BAINS,9,0.24375
MASSY TGV,MOUTIERS SALINS BRIDES LES BAINS,10,0.13125
MASSY TGV,MOUTIERS SALINS BRIDES LES BAINS,11,0.11875
MASSY TGV,MOUTIERS SALINS BRIDES LES BAINS,12,0.125
MASSY TGV,MOUTIERS SALINS BRIDES LES BAINS,13,0.11875
MASSY TGV,MOUTIERS SALINS BRIDES LES BAINS,14,0.125
MASSY TGV,MOUTIERS SALINS BRIDES LES BAINS,15,0.125
MASSY TGV,MOUTIERS SALINS BRIDES LES BAINS,16,0.125
MASSY TGV,MOUTIERS SALINS BRIDES LES BAINS,17,0.125
MASSY TGV,MOUTIERS SALINS BRIDES LES BAINS,18,0.125
MASSY TGV,MOUTIERS SALINS BRIDES LES BAINS,19,0.125
MASSY TGV,MOUTIERS SALINS BRIDES LES BAINS,20,0.11875
MASSY TGV,MOUTIERS SALINS BRIDES LES BAINS,21,0.125
MASSY TGV,MOUTIERS SALINS BRIDES LES BAINS,22,0.125
MASSY TGV,MOUTIERS SALINS BRIDES LES BAINS,23,0.125
MASSY TGV,MOUTIERS SALINS BRIDES LES BAINS,24,0.125
MASSY TGV,MOUTIERS SALINS BRIDES LES BAINS,25,0.11875
MASSY TGV,MOUTIERS SALINS BRIDES LES BAINS,26,0.125
MASSY TGV,MOUTIERS SALINS BRIDES LES BAINS,27,0.11875
MASSY TGV,MOUTIERS SALINS BRIDES LES BAINS,28,0.1125
MASSY TGV,MOUTIERS SALINS BRIDES LES BAINS,29,0.00625
MASSY TGV,MOUTIERS SALINS BRIDES LES BAINS,30,0.0
MASSY TGV,NIMES CENTRE,0,0.05333333333333333
MASSY TGV,NIMES CENTRE,1,0.028888888888888884
MASSY TGV,NIMES CENTRE,2,0.011111111111111112
MASSY TGV,NIMES CENTRE,3,0.008139534883720932
MASSY TGV,NIMES CENTRE,4,0.002272727272727273
MASSY TGV,NIMES CENTRE,5,0.0
MASSY TGV,NIMES CENTRE,6,0.0011363636363636365
MASSY TGV,NIMES CENTRE,7,0.0
MASSY TGV,NIMES CENTRE,8,0.0011111111111111111
MASSY TGV,NIMES CENTRE,9,0.0022222222222222222
MASSY TGV,NIMES CENTRE,10,0.005813953488372093
MASSY TGV,NIMES CENTRE,11,0.004545454545454546
MASSY TGV,NIMES CENTRE,12,0.0011363636363636365
MASSY TGV,NIMES CENTRE,13,0.002272727272727273
MASSY TGV,NIMES CENTRE,14,0.0011111111111111111
MASSY TGV,NIMES CENTRE,15,0.0
MASSY TGV,NIMES CENTRE,16,0.0
MASSY TGV,NIMES CENTRE,17,0.0
MASSY TGV,NIMES CENTRE,18,0.0011363636363636365
MASSY TGV,NIMES CENTRE,19,0.0
MASSY TGV,NIMES CENTRE,20,0.0
MASSY TGV,NIMES CENTRE,21,0.0011363636363636365
MASSY TGV,NIMES CENTRE,22,0.0011363636363636365
MASSY TGV,NIMES CENTRE,23,0.0
MASSY TGV,NIMES CENTRE,24,0.0
MASSY TGV,NIMES CENTRE,25,0.002325581395348837
MASSY TGV,NIMES CENTRE,26,0.0
MASSY TGV,NIMES CENTRE,27,0.0
MASSY TGV,NIMES CENTRE,28,0.0
MASSY TGV,NIMES CENTRE,29,0.0011627906976744186
MASSY TGV,NIMES CENTRE,30,0.0
MASSY TGV,NIMES PONT DU GARD,0,0.4064327485380117
MASSY TGV,NIMES PONT DU GARD,1,0.39853801169590647
MASSY TGV,NIMES PONT DU GARD,2,0.41253644314868804
MASSY TGV,NIMES PONT DU GARD,3,0.41807580174927117
MASSY TGV,NIMES PONT DU GARD,4,0.3074344023323615
MASSY TGV,NIMES PONT DU GARD,5,0.3081632653061225
MASSY TGV,NIMES PONT DU GARD,6,0.3306122448979592
MASSY TGV,NIMES PONT DU GARD,7,0.3456268221574344
MASSY TGV,NIMES PONT DU GARD,8,0.3329446064139942
MASSY TGV,NIMES PONT DU GARD,9,0.3303206997084548
MASSY TGV,NIMES PONT DU GARD,10,0.34723032069970844
MASSY TGV,NIMES PONT DU GARD,11,0.3473760932944607
MASSY TGV,NIMES PONT DU GARD,12,0.1142857142857143
MASSY TGV,NIMES PONT DU GARD,13,0.11690962099125365
MASSY TGV,NIMES PONT DU GARD,14,0.1271137026239067
MASSY TGV,NIMES PONT DU GARD,15,0.11749271137026238
MASSY TGV,NIMES PONT DU GARD,16,0.10830903790087464
MASSY TGV,NIMES PONT DU GARD,17,0.10714285714285714
MASSY TGV,NIMES PONT DU GARD,18,0.1206997084548105
MASSY TGV,NIMES PONT DU GARD,19,0.1303206997084548
MASSY TGV,NIMES PONT DU GARD,20,0.12361516034985422
MASSY TGV,NIMES PONT DU GARD,21,0.1262390670553936
MASSY TGV,NIMES PONT DU GARD,22,0.12682215743440234
MASSY TGV,NIMES PONT DU GARD,23,0.13411078717201166
MASSY TGV,NIMES PONT DU GARD,24,0.13061224489795917
MASSY TGV,NIMES PONT DU GARD,25,0.12419825072886298
MASSY TGV,NIMES PONT DU GARD,26,0.11734693877551021
MASSY TGV,NIMES PONT DU GARD,27,0.12259475218658891
MASSY TGV,NIMES PONT DU GARD,28,0.12492711370262391
MASSY TGV,NIMES PONT DU GARD,29,0.1138888888888889
MASSY TGV,NIMES PONT DU GARD,30,0.018088235294117648
MASSY TGV,RENNES,0,0.2588235294117647
MASSY TGV,RENNES,1,0.25
MASSY TGV,RENNES,2,0.27450980392156865
MASSY TGV,RENNES,3,0.27450980392156865
MASSY TGV,RENNES,4,0.2826923076923077
MASSY TGV,RENNES,5,0.28557692307692306
MASSY TGV,RENNES,6,0.3211538461538461
MASSY TGV,RENNES,7,0.32019230769230766
MASSY TGV,RENNES,8,0.353921568627451
MASSY TGV,RENNES,9,0.373
MASSY TGV,RENNES,10,0.3989795918367347
MASSY TGV,RENNES,11,0.390625
MASSY TGV,RENNES,12,0.3978723404255319
MASSY TGV,RENNES,13,0.42282608695652174
MASSY TGV,RENNES,14,0.43666666666666665
MASSY TGV,RENNES,15,0.44886363636363635
MASSY TGV,RENNES,16,0.4313953488372093
MASSY TGV,RENNES,17,0.4261904761904762
MASSY TGV,RENNES,18,0.42073170731707316
MASSY TGV,RENNES,19,0.425
MASSY TGV,RENNES,20,0.44625000000000004
MASSY TGV,RENNES,21,0.41538461538461535
MASSY TGV,RENNES,22,0.41578947368421054
MASSY TGV,RENNES,23,0.43243243243243246
MASSY TGV,RENNES,24,0.4222222222222222
MASSY TGV,RENNES,25,0.4361111111111111
MASSY TGV,RENNES,26,0.39722222222222225
MASSY TGV,RENNES,27,0.4125
MASSY TGV,RENNES,28,0.44166666666666665
MASSY TGV,RENNES,29,0.45972222222222225
MASSY TGV,RENNES,30,0.06714285714285714
MASSY TGV,SAINT AVRE LA CHAMBRE,0,0.0
MASSY TGV,SAINT AVRE LA CHAMBRE,1,0.0
MASSY TGV,SAINT AVRE LA CHAMBRE,2,0.0
MASSY TGV,SAINT AVRE LA CHAMBRE,3,0.0
MASSY TGV,SAINT AVRE LA CHAMBRE,4,0.0
MASSY TGV,SAINT AVRE LA CHAMBRE,5,0.0
MASSY TGV,SAINT AVRE LA CHAMBRE,6,0.0
MASSY TGV,SAINT AVRE LA CHAMBRE,7,0.0
MASSY TGV,SAINT AVRE LA CHAMBRE,8,0.0
MASSY TGV,SAINT AVRE LA CHAMBRE,9,0.0
MASSY TGV,SAINT AVRE LA CHAMBRE,10,0.0
MASSY TGV,SAINT AVRE LA CHAMBRE,11,0.0
MASSY TGV,SAINT AVRE LA CHAMBRE,12,0.0
MASSY TGV,SAINT AVRE LA CHAMBRE,13,0.0
MASSY TGV,SAINT AVRE LA CHAMBRE,14,0.0
MASSY TGV,SAINT AVRE LA CHAMBRE,15,0.0
MASSY TGV,SAINT AVRE LA CHAMBRE,16,0.0
MASSY TGV,SAINT AVRE LA CHAMBRE,17,0.0
MASSY TGV,SAINT AVRE LA CHAMBRE,18,0.0
MASSY TGV,SAINT AVRE LA CHAMBRE,19,0.0
MASSY TGV,SAINT AVRE LA CHAMBRE,20,0.0
MASSY TGV,SAINT AVRE LA CHAMBRE,21,0.0
MASSY TGV,SAINT AVRE LA CHAMBRE,22,0.0
MASSY TGV,SAINT AVRE LA CHAMBRE,23,0.0
MASSY TGV,SAINT AVRE LA CHAMBRE,24,0.0
MASSY TGV,SAINT AVRE LA CHAMBRE,25,0.0
MASSY TGV,SAINT AVRE LA CHAMBRE,26,0.0
MASSY TGV,SAINT AVRE LA CHAMBRE,27,0.0
MASSY TGV,SAINT AVRE LA CHAMBRE,28,0.0
MASSY TGV,SAINT AVRE LA CHAMBRE,29,0.0
MASSY TGV,SAINT AVRE LA CHAMBRE,30,0.0
MASSY TGV,SALLANCHES COMBLOUX MEGEVE,0,0.0
MASSY TGV,SALLANCHES COMBLOUX MEGEVE,1,0.0
MASSY TGV,SALLANCHES COMBLOUX MEGEVE,2,0.0
MASSY TGV,SALLANCHES COMBLOUX MEGEVE,3,0.0
MASSY TGV,SALLANCHES COMBLOUX MEGEVE,4,0.0
MASSY TGV,SALLANCHES COMBLOUX MEGEVE,5,0.0
MASSY TGV,SALLANCHES COMBLOUX MEGEVE,6,0.0
MASSY TGV,SALLANCHES COMBLOUX MEGEVE,7,0.0
MASSY TGV,SALLANCHES COMBLOUX MEGEVE,8,0.0
MASSY TGV,SALLANCHES COMBLOUX MEGEVE,9,0.0
MASSY TGV,SALLANCHES COMBLOUX MEGEVE,10,0.0
MASSY TGV,SALLANCHES COMBLOUX MEGEVE,11,0.0
MASSY TGV,SALLANCHES COMBLOUX MEGEVE,12,0.0
MASSY TGV,SALLANCHES COMBLOUX MEGEVE,13,0.0
MASSY TGV,SALLANCHES COMBLOUX MEGEVE,14,0.0
MASSY TGV,SALLANCHES COMBLOUX MEGEVE,15,0.0
MASSY TGV,SALLANCHES COMBLOUX MEGEVE,16,0.0
MASSY TGV,SALLANCHES COMBLOUX MEGEVE,17,0.0
MASSY TGV,SALLANCHES COMBLOUX MEGEVE,18,0.0
MASSY TGV,SALLANCHES COMBLOUX MEGEVE,19,0.0
MASSY TGV,SALLANCHES COMBLOUX MEGEVE,20,0.0
MASSY TGV,SALLANCHES COMBLOUX MEGEVE,21,0.0
MASSY TGV,SALLANCHES COMBLOUX MEGEVE,22,0.0
MASSY TGV,SALLANCHES COMBLOUX MEGEVE,23,0.0
MASSY TGV,SALLANCHES COMBLOUX MEGEVE,24,0.0
MASSY TGV,SALLANCHES COMBLOUX MEGEVE,25,0.0
MASSY TGV,SALLANCHES COMBLOUX MEGEVE,26,0.0
MASSY TGV,SALLANCHES COMBLOUX MEGEVE,27,0.0
MASSY TGV,SALLANCHES COMBLOUX MEGEVE,28,0.0
MASSY TGV,SALLANCHES COMBLOUX MEGEVE,29,0.0
MASSY TGV,SALLANCHES COMBLOUX MEGEVE,30,0.0
MASSY TGV,ST GERVAIS LES BAINS LE FAYET,0,0.0
MASSY TGV,ST GERVAIS LES BAINS LE FAYET,1,0.0
MASSY TGV,ST GERVAIS LES BAINS LE FAYET,2,0.025
MASSY TGV,ST GERVAIS LES BAINS LE FAYET,3,0.025
MASSY TGV,ST GERVAIS LES BAINS LE FAYET,4,0.0
MASSY TGV,ST GERVAIS LES BAINS LE FAYET,5,0.0
MASSY TGV,ST GERVAIS LES BAINS LE FAYET,6,0.0
MASSY TGV,ST GERVAIS LES BAINS LE FAYET,7,0.0
MASSY TGV,ST GERVAIS LES BAINS LE FAYET,8,0.0
MASSY TGV,ST GERVAIS LES BAINS LE FAYET,9,0.0
MASSY TGV,ST GERVAIS LES BAINS LE FAYET,10,0.0
MASSY TGV,ST GERVAIS LES BAINS LE FAYET,11,0.025
MASSY TGV,ST GERVAIS LES BAINS LE FAYET,12,0.0
MASSY TGV,ST GERVAIS LES BAINS LE FAYET,13,0.0
MASSY TGV,ST GERVAIS LES BAINS LE FAYET,14,0.0
MASSY TGV,ST GERVAIS LES BAINS LE FAYET,15,0.0
MASSY TGV,ST GERVAIS LES BAINS LE FAYET,16,0.0
MASSY TGV,ST GERVAIS LES BAINS LE FAYET,17,0.0
MASSY TGV,ST GERVAIS LES BAINS LE FAYET,18,0.0
MASSY TGV,ST GERVAIS LES BAINS LE FAYET,19,0.0
MASSY TGV,ST GERVAIS LES BAINS LE FAYET,20,0.0
MASSY TGV,ST GERVAIS LES BAINS LE FAYET,21,0.0
MASSY TGV,ST GERVAIS LES BAINS LE FAYET,22,0.0
MASSY TGV,ST GERVAIS LES BAINS LE FAYET,23,0.0
MASSY TGV,ST GERVAIS LES BAINS LE FAYET,24,0.0
MASSY TGV,ST GERVAIS LES BAINS LE FAYET,25,0.0
MASSY TGV,ST GERVAIS LES BAINS LE FAYET,26,0.0
MASSY TGV,ST GERVAIS LES BAINS LE FAYET,27,0.0
MASSY TGV,ST GERVAIS LES BAINS LE FAYET,28,0.0
MASSY TGV,ST GERVAIS LES BAINS LE FAYET,29,0.0
MASSY TGV,ST GERVAIS LES BAINS LE FAYET,30,0.0
MASSY TGV,ST JEAN DE MAURIENNE ARVAN,0,0.0
MASSY TGV,ST JEAN DE MAURIENNE ARVAN,1,0.0
MASSY TGV,ST JEAN DE MAURIENNE ARVAN,2,0.0
MASSY TGV,ST JEAN DE MAURIENNE ARVAN,3,0.0
MASSY TGV,ST JEAN DE MAURIENNE ARVAN,4,0.0
MASSY TGV,ST JEAN DE MAURIENNE ARVAN,5,0.0
MASSY TGV,ST JEAN DE MAURIENNE ARVAN,6,0.0
MASSY TGV,ST JEAN DE MAURIENNE ARVAN,7,0.0
MASSY TGV,ST JEAN DE MAURIENNE ARVAN,8,0.0
MASSY TGV,ST JEAN DE MAURIENNE ARVAN,9,0.0
MASSY TGV,ST JEAN DE MAURIENNE ARVAN,10,0.0
MASSY TGV,ST JEAN DE MAURIENNE ARVAN,11,0.0
MASSY TGV,ST JEAN DE MAURIENNE ARVAN,12,0.0
MASSY TGV,ST JEAN DE MAURIENNE ARVAN,13,0.0
MASSY TGV,ST JEAN DE MAURIENNE ARVAN,14,0.0
MASSY TGV,ST JEAN DE MAURIENNE ARVAN,15,0.0
MASSY TGV,ST JEAN DE MAURIENNE ARVAN,16,0.0
MASSY TGV,ST JEAN DE MAURIENNE ARVAN,17,0.0
MASSY TGV,ST JEAN DE MAURIENNE ARVAN,18,0.0
MASSY TGV,ST JEAN DE MAURIENNE ARVAN,19,0.0
MASSY TGV,ST JEAN DE MAURIENNE ARVAN,20,0.0
MASSY TGV,ST JEAN DE MAURIENNE ARVAN,21,0.0
MASSY TGV,ST JEAN DE MAURIENNE ARVAN,22,0.0
MASSY TGV,ST JEAN DE MAURIENNE ARVAN,23,0.0
MASSY TGV,ST JEAN DE MAURIENNE ARVAN,24,0.0
MASSY TGV,ST JEAN DE MAURIENNE ARVAN,25,0.0
MASSY TGV,ST JEAN DE MAURIENNE ARVAN,26,0.0
MASSY TGV,ST JEAN DE MAURIENNE ARVAN,27,0.0
MASSY TGV,ST JEAN DE MAURIENNE ARVAN,28,0.0
MASSY TGV,ST JEAN DE MAURIENNE ARVAN,29,0.0
MASSY TGV,ST JEAN DE MAURIENNE ARVAN,30,0.0
MASSY TGV,ST MICHEL VALLOIRE,0,0.0
MASSY TGV,ST MICHEL VALLOIRE,1,0.0
MASSY TGV,ST MICHEL VALLOIRE,2,0.0
MASSY TGV,ST MICHEL VALLOIRE,3,0.0
MASSY TGV,ST MICHEL VALLOIRE,4,0.0
MASSY TGV,ST MICHEL VALLOIRE,5,0.0
MASSY TGV,ST MICHEL VALLOIRE,6,0.0
MASSY TGV,ST MICHEL VALLOIRE,7,0.0
MASSY TGV,ST MICHEL VALLOIRE,8,0.0
MASSY TGV,ST MICHEL VALLOIRE,9,0.0
MASSY TGV,ST MICHEL VALLOIRE,10,0.0
MASSY TGV,ST MICHEL VALLOIRE,11,0.0
MASSY TGV,ST MICHEL VALLOIRE,12,0.0
MASSY TGV,ST MICHEL VALLOIRE,13,0.0
MASSY TGV,ST MICHEL VALLOIRE,14,0.0
MASSY TGV,ST MICHEL VALLOIRE,15,0.0
MASSY TGV,ST MICHEL VALLOIRE,16,0.0
MASSY TGV,ST MICHEL VALLOIRE,17,0.0
MASSY TGV,ST MICHEL VALLOIRE,18,0.0
MASSY TGV,ST MICHEL VALLOIRE,19,0.0
MASSY TGV,ST MICHEL VALLOIRE,20,0.0
MASSY TGV,ST MICHEL VALLOIRE,21,0.0
MASSY TGV,ST MICHEL VALLOIRE,22,0.0
MASSY TGV,ST MICHEL VALLOIRE,23,0.0
MASSY TGV,ST MICHEL VALLOIRE,24,0.0
MASSY TGV,ST MICHEL VALLOIRE,25,0.0
MASSY TGV,ST MICHEL VALLOIRE,26,0.0
MASSY TGV,ST MICHEL VALLOIRE,27,0.0
MASSY TGV,ST MICHEL VALLOIRE,28,0.0
MASSY TGV,ST MICHEL VALLOIRE,29,0.0
MASSY TGV,ST MICHEL VALLOIRE,30,0.0
MASSY TGV,VALENCE TGV AUVERGNE RHONE ALPES,0,0.38269230769230766
MASSY TGV,VALENCE TGV AUVERGNE RHONE ALPES,1,0.39127218934911245
MASSY TGV,VALENCE TGV AUVERGNE RHONE ALPES,2,0.40221238938053094
MASSY TGV,VALENCE TGV AUVERGNE RHONE ALPES,3,0.40693215339233035
MASSY TGV,VALENCE TGV AUVERGNE RHONE ALPES,4,0.3053097345132743
MASSY TGV,VALENCE TGV AUVERGNE RHONE ALPES,5,0.3008849557522124
MASSY TGV,VALENCE TGV AUVERGNE RHONE ALPES,6,0.3193215339233038
MASSY TGV,VALENCE TGV AUVERGNE RHONE ALPES,7,0.3430678466076696
MASSY TGV,VALENCE TGV AUVERGNE RHONE ALPES,8,0.32861356932153396
MASSY TGV,VALENCE TGV AUVERGNE RHONE ALPES,9,0.3339233038348083
MASSY TGV,VALENCE TGV AUVERGNE RHONE ALPES,10,0.35294985250737465
MASSY TGV,VALENCE TGV AUVERGNE RHONE ALPES,11,0.3572271386430678
MASSY TGV,VALENCE TGV AUVERGNE RHONE ALPES,12,0.11460176991150443
MASSY TGV,VALENCE TGV AUVERGNE RHONE ALPES,13,0.11946902654867257
MASSY TGV,VALENCE TGV AUVERGNE RHONE ALPES,14,0.12581120943952803
MASSY TGV,VALENCE TGV AUVERGNE RHONE ALPES,15,0.11755162241887906
MASSY TGV,VALENCE TGV AUVERGNE RHONE ALPES,16,0.11135693215339233
MASSY TGV,VALENCE TGV AUVERGNE RHONE ALPES,17,0.1079646017699115
MASSY TGV,VALENCE TGV AUVERGNE RHONE ALPES,18,0.12433628318584071
MASSY TGV,VALENCE TGV AUVERGNE RHONE ALPES,19,0.1325958702064897
MASSY TGV,VALENCE TGV AUVERGNE RHONE ALPES,20,0.12359882005899704
MASSY TGV,VALENCE TGV AUVERGNE RHONE ALPES,21,0.12640117994100294
MASSY TGV,VALENCE TGV AUVERGNE RHONE ALPES,22,0.12817109144542774
MASSY TGV,VALENCE TGV AUVERGNE RHONE ALPES,23,0.13480825958702067
MASSY TGV,VALENCE TGV AUVERGNE RHONE ALPES,24,0.12802359882005898
MASSY TGV,VALENCE TGV AUVERGNE RHONE ALPES,25,0.12551622418879055
MASSY TGV,VALENCE TGV AUVERGNE RHONE ALPES,26,0.1187315634218289
MASSY TGV,VALENCE TGV AUVERGNE RHONE ALPES,27,0.12374631268436578
MASSY TGV,VALENCE TGV AUVERGNE RHONE ALPES,28,0.12256637168141592
MASSY TGV,VALENCE TGV AUVERGNE RHONE ALPES,29,0.11242603550295859
MASSY TGV,VALENCE TGV AUVERGNE RHONE ALPES,30,0.017410714285714286
MASSY TGV,VALENCE VILLE,0,0.025
MASSY TGV,VALENCE VILLE,1,0.0
MASSY TGV,VALENCE VILLE,2,0.0
MASSY TGV,VALENCE VILLE,3,0.0
MASSY TGV,VALENCE VILLE,4,0.0
MASSY TGV,VALENCE VILLE,5,0.0
MASSY TGV,VALENCE VILLE,6,0.0
MASSY TGV,VALENCE VILLE,7,0.0
MASSY TGV,VALENCE VILLE,8,0.0
MASSY TGV,VALENCE VILLE,9,0.0
MASSY TGV,VALENCE VILLE,10,0.0
MASSY TGV,VALENCE VILLE,11,0.0
MASSY TGV,VALENCE VILLE,12,0.0
MASSY TGV,VALENCE VILLE,13,0.0
MASSY TGV,VALENCE VILLE,14,0.0
MASSY TGV,VALENCE VILLE,15,0.0
MASSY TGV,VALENCE VILLE,16,0.0
MASSY TGV,VALENCE VILLE,17,0.0
MASSY TGV,VALENCE VILLE,18,0.0
MASSY TGV,VALENCE VILLE,19,0.0
MASSY TGV,VALENCE VILLE,20,0.0
MASSY TGV,VALENCE VILLE,21,0.0
MASSY TGV,VALENCE VILLE,22,0.0
MASSY TGV,VALENCE VILLE,23,0.0
MASSY TGV,VALENCE VILLE,24,0.0
MASSY TGV,VALENCE VILLE,25,0.0
MASSY TGV,VALENCE VILLE,26,0.0
MASSY TGV,VALENCE VILLE,27,0.0
MASSY TGV,VALENCE VILLE,28,0.0
MASSY TGV,VALENCE VILLE,29,0.0
MASSY TGV,VALENCE VILLE,30,0.0
MOUTIERS SALINS BRIDES LES BAINS,AIME LA PLAGNE,0,0.58
MOUTIERS SALINS BRIDES LES BAINS,AIME LA PLAGNE,1,0.5900000000000001
MOUTIERS SALINS BRIDES LES BAINS,AIME LA PLAGNE,2,0.585
MOUTIERS SALINS BRIDES LES BAINS,AIME LA PLAGNE,3,0.5599999999999999
MOUTIERS SALINS BRIDES LES BAINS,AIME LA PLAGNE,4,0.40499999999999997
MOUTIERS SALINS BRIDES LES BAINS,AIME LA PLAGNE,5,0.395
MOUTIERS SALINS BRIDES LES BAINS,AIME LA PLAGNE,6,0.39
MOUTIERS SALINS BRIDES LES BAINS,AIME LA PLAGNE,7,0.39
MOUTIERS SALINS BRIDES LES BAINS,AIME LA PLAGNE,8,0.395
MOUTIERS SALINS BRIDES LES BAINS,AIME LA PLAGNE,9,0.385
MOUTIERS SALINS BRIDES LES BAINS,AIME LA PLAGNE,10,0.3
MOUTIERS SALINS BRIDES LES BAINS,AIME LA PLAGNE,11,0.22999999999999998
MOUTIERS SALINS BRIDES LES BAINS,AIME LA PLAGNE,12,0.1
MOUTIERS SALINS BRIDES LES BAINS,AIME LA PLAGNE,13,0.1
MOUTIERS SALINS BRIDES LES BAINS,AIME LA PLAGNE,14,0.1
MOUTIERS SALINS BRIDES LES BAINS,AIME LA PLAGNE,15,0.1
MOUTIERS SALINS BRIDES LES BAINS,AIME LA PLAGNE,16,0.11000000000000001
MOUTIERS SALINS BRIDES LES BAINS,AIME LA PLAGNE,17,0.11499999999999999
MOUTIERS SALINS BRIDES LES BAINS,AIME LA PLAGNE,18,0.185
MOUTIERS SALINS BRIDES LES BAINS,AIME LA PLAGNE,19,0.2
MOUTIERS SALINS BRIDES LES BAINS,AIME LA PLAGNE,20,0.2
MOUTIERS SALINS BRIDES LES BAINS,AIME LA PLAGNE,21,0.2
MOUTIERS SALINS BRIDES LES BAINS,AIME LA PLAGNE,22,0.2
MOUTIERS SALINS BRIDES LES BAINS,AIME LA PLAGNE,23,0.2
MOUTIERS SALINS BRIDES LES BAINS,AIME LA PLAGNE,24,0.2
MOUTIERS SALINS BRIDES LES BAINS,AIME LA PLAGNE,25,0.2
MOUTIERS SALINS BRIDES LES BAINS,AIME LA PLAGNE,26,0.195
MOUTIERS SALINS BRIDES LES BAINS,AIME LA PLAGNE,27,0.185
MOUTIERS SALINS BRIDES LES BAINS,AIME LA PLAGNE,28,0.1
MOUTIERS SALINS BRIDES LES BAINS,AIME LA PLAGNE,29,0.01
MOUTIERS SALINS BRIDES LES BAINS,AIME LA PLAGNE,30,0.005
MOUTIERS SALINS BRIDES LES BAINS,BOURG SAINT MAURICE,0,0.575
MOUTIERS SALINS BRIDES LES BAINS,BOURG SAINT MAURICE,1,0.58
MOUTIERS SALINS BRIDES LES BAINS,BOURG SAINT MAURICE,2,0.575
MOUTIERS SALINS BRIDES LES BAINS,BOURG SAINT MAURICE,3,0.5650000000000001
MOUTIERS SALINS BRIDES LES BAINS,BOURG SAINT MAURICE,4,0.395
MOUTIERS SALINS BRIDES LES BAINS,BOURG SAINT MAURICE,5,0.395
MOUTIERS SALINS BRIDES LES BAINS,BOURG SAINT MAURICE,6,0.4
MOUTIERS SALINS BRIDES LES BAINS,BOURG SAINT MAURICE,7,0.4
MOUTIERS SALINS BRIDES LES BAINS,BOURG SAINT MAURICE,8,0.395
MOUTIERS SALINS BRIDES LES BAINS,BOURG SAINT MAURICE,9,0.4
MOUTIERS SALINS BRIDES LES BAINS,BOURG SAINT MAURICE,10,0.275
MOUTIERS SALINS BRIDES LES BAINS,BOURG SAINT MAURICE,11,0.225
MOUTIERS SALINS BRIDES LES BAINS,BOURG SAINT MAURICE,12,0.1
MOUTIERS SALINS BRIDES LES BAINS,BOURG SAINT MAURICE,13,0.1
MOUTIERS SALINS BRIDES LES BAINS,BOURG SAINT MAURICE,14,0.1
MOUTIERS SALINS BRIDES LES BAINS,BOURG SAINT MAURICE,15,0.1
MOUTIERS SALINS BRIDES LES BAINS,BOURG SAINT MAURICE,16,0.10500000000000001
MOUTIERS SALINS BRIDES LES BAINS,BOURG SAINT MAURICE,17,0.11499999999999999
MOUTIERS SALINS BRIDES LES BAINS,BOURG SAINT MAURICE,18,0.18
MOUTIERS SALINS BRIDES LES BAINS,BOURG SAINT MAURICE,19,0.2
MOUTIERS SALINS BRIDES LES BAINS,BOURG SAINT MAURICE,20,0.2
MOUTIERS SALINS BRIDES LES BAINS,BOURG SAINT MAURICE,21,0.2
MOUTIERS SALINS BRIDES LES BAINS,BOURG SAINT MAURICE,22,0.2
MOUTIERS SALINS BRIDES LES BAINS,BOURG SAINT MAURICE,23,0.2
MOUTIERS SALINS BRIDES LES BAINS,BOURG SAINT MAURICE,24,0.2
MOUTIERS SALINS BRIDES LES BAINS,BOURG SAINT MAURICE,25,0.2
MOUTIERS SALINS BRIDES LES BAINS,BOURG SAINT MAURICE,26,0.2
MOUTIERS SALINS BRIDES LES BAINS,BOURG SAINT MAURICE,27,0.175
MOUTIERS SALINS BRIDES LES BAINS,BOURG SAINT MAURICE,28,0.10499999999999998
MOUTIERS SALINS BRIDES LES BAINS,BOURG SAINT MAURICE,29,0.015
MOUTIERS SALINS BRIDES LES BAINS,BOURG SAINT MAURICE,30,0.0
MOUTIERS SALINS BRIDES LES BAINS,LANDRY,0,0.595
MOUTIERS SALINS BRIDES LES BAINS,LANDRY,1,0.595
MOUTIERS SALINS BRIDES LES BAINS,LANDRY,2,0.605
MOUTIERS SALINS BRIDES LES BAINS,LANDRY,3,0.58
MOUTIERS SALINS BRIDES LES BAINS,LANDRY,4,0.40499999999999997
MOUTIERS SALINS BRIDES LES BAINS,LANDRY,5,0.40499999999999997
MOUTIERS SALINS BRIDES LES BAINS,LANDRY,6,0.4
MOUTIERS SALINS BRIDES LES BAINS,LANDRY,7,0.4
MOUTIERS SALINS BRIDES LES BAINS,LANDRY,8,0.395
MOUTIERS SALINS BRIDES LES BAINS,LANDRY,9,0.39499999999999996
MOUTIERS SALINS BRIDES LES BAINS,LANDRY,10,0.3
MOUTIERS SALINS BRIDES LES BAINS,LANDRY,11,0.23499999999999996
MOUTIERS SALINS BRIDES LES BAINS,LANDRY,12,0.10500000000000001
MOUTIERS SALINS BRIDES LES BAINS,LANDRY,13,0.1
MOUTIERS SALINS BRIDES LES BAINS,LANDRY,14,0.1
MOUTIERS SALINS BRIDES LES BAINS,LANDRY,15,0.1
MOUTIERS SALINS BRIDES LES BAINS,LANDRY,16,0.1
MOUTIERS SALINS BRIDES LES BAINS,LANDRY,17,0.11000000000000001
MOUTIERS SALINS BRIDES LES BAINS,LANDRY,18,0.185
MOUTIERS SALINS BRIDES LES BAINS,LANDRY,19,0.195
MOUTIERS SALINS BRIDES LES BAINS,LANDRY,20,0.2
MOUTIERS SALINS BRIDES LES BAINS,LANDRY,21,0.2
MOUTIERS SALINS BRIDES LES BAINS,LANDRY,22,0.2
MOUTIERS SALINS BRIDES LES BAINS,LANDRY,23,0.2
MOUTIERS SALINS BRIDES LES BAINS,LANDRY,24,0.2
MOUTIERS SALINS BRIDES LES BAINS,LANDRY,25,0.2
MOUTIERS SALINS BRIDES LES BAINS,LANDRY,26,0.195
MOUTIERS SALINS BRIDES LES BAINS,LANDRY,27,0.16999999999999998
MOUTIERS SALINS BRIDES LES BAINS,LANDRY,28,0.11000000000000001
MOUTIERS SALINS BRIDES LES BAINS,LANDRY,29,0.015000000000000003
MOUTIERS SALINS BRIDES LES BAINS,LANDRY,30,0.0
NANTES,AIME LA PLAGNE,0,0.31500000000000006
NANTES,AIME LA PLAGNE,1,0.21000000000000002
NANTES,AIME LA PLAGNE,2,0.195
NANTES,AIME LA PLAGNE,3,0.2
NANTES,AIME LA PLAGNE,4,0.22000000000000003
NANTES,AIME LA PLAGNE,5,0.195
NANTES,AIME LA PLAGNE,6,0.205
NANTES,AIME LA PLAGNE,7,0.2
NANTES,AIME LA PLAGNE,8,0.2
NANTES,AIME LA PLAGNE,9,0.19
NANTES,AIME LA PLAGNE,10,0.1
NANTES,AIME LA PLAGNE,11,0.10999999999999999
NANTES,AIME LA PLAGNE,12,0.10999999999999999
NANTES,AIME LA PLAGNE,13,0.11000000000000001
NANTES,AIME LA PLAGNE,14,0.10500000000000001
NANTES,AIME LA PLAGNE,15,0.10500000000000001
NANTES,AIME LA PLAGNE,16,0.1
NANTES,AIME LA PLAGNE,17,0.1
NANTES,AIME LA PLAGNE,18,0.1
NANTES,AIME LA PLAGNE,19,0.1
NANTES,AIME LA PLAGNE,20,0.1
NANTES,AIME LA PLAGNE,21,0.1
NANTES,AIME LA PLAGNE,22,0.1
NANTES,AIME LA PLAGNE,23,0.1
NANTES,AIME LA PLAGNE,24,0.1
NANTES,AIME LA PLAGNE,25,0.1
NANTES,AIME LA PLAGNE,26,0.1
NANTES,AIME LA PLAGNE,27,0.1
NANTES,AIME LA PLAGNE,28,0.095
NANTES,AIME LA PLAGNE,29,0.025
NANTES,AIME LA PLAGNE,30,0.0
NANTES,AIX EN PROVENCE TGV,0,0.7375
NANTES,AIX EN PROVENCE TGV,1,0.74375
NANTES,AIX EN PROVENCE TGV,2,0.7625
NANTES,AIX EN PROVENCE TGV,3,0.8625
NANTES,AIX EN PROVENCE TGV,4,0.675
NANTES,AIX EN PROVENCE TGV,5,0.54375
NANTES,AIX EN PROVENCE TGV,6,0.56875
NANTES,AIX EN PROVENCE TGV,7,0.4375
NANTES,AIX EN PROVENCE TGV,8,0.50625
NANTES,AIX EN PROVENCE TGV,9,0.475
NANTES,AIX EN PROVENCE TGV,10,0.5375
NANTES,AIX EN PROVENCE TGV,11,0.6125
NANTES,AIX EN PROVENCE TGV,12,0.46875
NANTES,AIX EN PROVENCE TGV,13,0.6125
NANTES,AIX EN PROVENCE TGV,14,0.725
NANTES,AIX EN PROVENCE TGV,15,0.725
NANTES,AIX EN PROVENCE TGV,16,0.675
NANTES,AIX EN PROVENCE TGV,17,0.54375
NANTES,AIX EN PROVENCE TGV,18,0.50625
NANTES,AIX EN PROVENCE TGV,19,0.5
NANTES,AIX EN PROVENCE TGV,20,0.5
NANTES,AIX EN PROVENCE TGV,21,0.54375
NANTES,AIX EN PROVENCE TGV,22,0.59375
NANTES,AIX EN PROVENCE TGV,23,0.425
NANTES,AIX EN PROVENCE TGV,24,0.46875
NANTES,AIX EN PROVENCE TGV,25,0.5125
NANTES,AIX EN PROVENCE TGV,26,0.60625
NANTES,AIX EN PROVENCE TGV,27,0.6375
NANTES,AIX EN PROVENCE TGV,28,0.64375
NANTES,AIX EN PROVENCE TGV,29,0.6625
NANTES,AIX EN PROVENCE TGV,30,0.125
NANTES,ALBERTVILLE,0,0.29
NANTES,ALBERTVILLE,1,0.20999999999999996
NANTES,ALBERTVILLE,2,0.225
NANTES,ALBERTVILLE,3,0.22000000000000003
NANTES,ALBERTVILLE,4,0.205
NANTES,ALBERTVILLE,5,0.2
NANTES,ALBERTVILLE,6,0.205
NANTES,ALBERTVILLE,7,0.2
NANTES,ALBERTVILLE,8,0.195
NANTES,ALBERTVILLE,9,0.195
NANTES,ALBERTVILLE,10,0.1
NANTES,ALBERTVILLE,11,0.11000000000000001
NANTES,ALBERTVILLE,12,0.12
NANTES,ALBERTVILLE,13,0.10500000000000001
NANTES,ALBERTVILLE,14,0.10500000000000001
NANTES,ALBERTVILLE,15,0.10500000000000001
NANTES,ALBERTVILLE,16,0.10500000000000001
NANTES,ALBERTVILLE,17,0.11000000000000001
NANTES,ALBERTVILLE,18,0.1
NANTES,ALBERTVILLE,19,0.1
NANTES,ALBERTVILLE,20,0.1
NANTES,ALBERTVILLE,21,0.1
NANTES,ALBERTVILLE,22,0.1
NANTES,ALBERTVILLE,23,0.10500000000000001
NANTES,ALBERTVILLE,24,0.1
NANTES,ALBERTVILLE,25,0.10500000000000001
NANTES,ALBERTVILLE,26,0.1
NANTES,ALBERTVILLE,27,0.095
NANTES,ALBERTVILLE,28,0.08499999999999999
NANTES,ALBERTVILLE,29,0.02
NANTES,ALBERTVILLE,30,0.01
NANTES,ANGERS SAINT LAUD,0,0.9060344827586208
NANTES,ANGERS SAINT LAUD,1,0.9753561253561254
NANTES,ANGERS SAINT LAUD,2,0.9852272727272727
NANTES,ANGERS SAINT LAUD,3,0.984375
NANTES,ANGERS SAINT LAUD,4,0.9754261363636364
NANTES,ANGERS SAINT LAUD,5,0.9737215909090909
NANTES,ANGERS SAINT LAUD,6,0.9774147727272727
NANTES,ANGERS SAINT LAUD,7,0.9724431818181819
NANTES,ANGERS SAINT LAUD,8,0.9671875
NANTES,ANGERS SAINT LAUD,9,0.9627840909090909
NANTES,ANGERS SAINT LAUD,10,0.9688920454545454
NANTES,ANGERS SAINT LAUD,11,0.9677556818181817
NANTES,ANGERS SAINT LAUD,12,0.9051136363636364
NANTES,ANGERS SAINT LAUD,13,0.7964488636363637
NANTES,ANGERS SAINT LAUD,14,0.7876420454545454
NANTES,ANGERS SAINT LAUD,15,0.7791193181818182
NANTES,ANGERS SAINT LAUD,16,0.7559659090909091
NANTES,ANGERS SAINT LAUD,17,0.7566761363636364
NANTES,ANGERS SAINT LAUD,18,0.7400568181818182
NANTES,ANGERS SAINT LAUD,19,0.7291193181818181
NANTES,ANGERS SAINT LAUD,20,0.7242897727272727
NANTES,ANGERS SAINT LAUD,21,0.7261363636363636
NANTES,ANGERS SAINT LAUD,22,0.7268465909090909
NANTES,ANGERS SAINT LAUD,23,0.7029829545454546
NANTES,ANGERS SAINT LAUD,24,0.704403409090909
NANTES,ANGERS SAINT LAUD,25,0.6995738636363636
NANTES,ANGERS SAINT LAUD,26,0.6792613636363636
NANTES,ANGERS SAINT LAUD,27,0.6805397727272727
NANTES,ANGERS SAINT LAUD,28,0.6846590909090909
NANTES,ANGERS SAINT LAUD,29,0.6849431818181818
NANTES,ANGERS SAINT LAUD,30,0.30228571428571427
NANTES,AVIGNON TGV,0,0.16666666666666666
NANTES,AVIGNON TGV,1,0.16818181818181818
NANTES,AVIGNON TGV,2,0.14363636363636365
NANTES,AVIGNON TGV,3,0.14351851851851852
NANTES,AVIGNON TGV,4,0.1
NANTES,AVIGNON TGV,5,0.09454545454545454
NANTES,AVIGNON TGV,6,0.11727272727272728
NANTES,AVIGNON TGV,7,0.09910714285714285
NANTES,AVIGNON TGV,8,0.10277777777777777
NANTES,AVIGNON TGV,9,0.10363636363636364
NANTES,AVIGNON TGV,10,0.10181818181818181
NANTES,AVIGNON TGV,11,0.11272727272727273
NANTES,AVIGNON TGV,12,0.06517857142857143
NANTES,AVIGNON TGV,13,0.08839285714285715
NANTES,AVIGNON TGV,14,0.10357142857142856
NANTES,AVIGNON TGV,15,0.10833333333333332
NANTES,AVIGNON TGV,16,0.1009090909090909
NANTES,AVIGNON TGV,17,0.08240740740740742
NANTES,AVIGNON TGV,18,0.07454545454545454
NANTES,AVIGNON TGV,19,0.07272727272727272
NANTES,AVIGNON TGV,20,0.07363636363636364
NANTES,AVIGNON TGV,21,0.07909090909090909
NANTES,AVIGNON TGV,22,0.08518518518518518
NANTES,AVIGNON TGV,23,0.06454545454545454
NANTES,AVIGNON TGV,24,0.07222222222222222
NANTES,AVIGNON TGV,25,0.07363636363636364
NANTES,AVIGNON TGV,26,0.09090909090909091
NANTES,AVIGNON TGV,27,0.09
NANTES,AVIGNON TGV,28,0.09090909090909091
NANTES,AVIGNON TGV,29,0.10833333333333332
NANTES,AVIGNON TGV,30,0.027777777777777776
NANTES,BOURG SAINT MAURICE,0,0.30500000000000005
NANTES,BOURG SAINT MAURICE,1,0.21999999999999997
NANTES,BOURG SAINT MAURICE,2,0.21000000000000002
NANTES,BOURG SAINT MAURICE,3,0.23000000000000004
NANTES,BOURG SAINT MAURICE,4,0.21000000000000002
NANTES,BOURG SAINT MAURICE,5,0.2
NANTES,BOURG SAINT MAURICE,6,0.205
NANTES,BOURG SAINT MAURICE,7,0.205
NANTES,BOURG SAINT MAURICE,8,0.2
NANTES,BOURG SAINT MAURICE,9,0.2
NANTES,BOURG SAINT MAURICE,10,0.12
NANTES,BOURG SAINT MAURICE,11,0.12000000000000002
NANTES,BOURG SAINT MAURICE,12,0.10500000000000001
NANTES,BOURG SAINT MAURICE,13,0.1
NANTES,BOURG SAINT MAURICE,14,0.1
NANTES,BOURG SAINT MAURICE,15,0.1
NANTES,BOURG SAINT MAURICE,16,0.1
NANTES,BOURG SAINT MAURICE,17,0.1
NANTES,BOURG SAINT MAURICE,18,0.10500000000000001
NANTES,BOURG SAINT MAURICE,19,0.10500000000000001
NANTES,BOURG SAINT MAURICE,20,0.10500000000000001
NANTES,BOURG SAINT MAURICE,21,0.1
NANTES,BOURG SAINT MAURICE,22,0.1
NANTES,BOURG SAINT MAURICE,23,0.1
NANTES,BOURG SAINT MAURICE,24,0.1
NANTES,BOURG SAINT MAURICE,25,0.1
NANTES,BOURG SAINT MAURICE,26,0.1
NANTES,BOURG SAINT MAURICE,27,0.1
NANTES,BOURG SAINT MAURICE,28,0.1
NANTES,BOURG SAINT MAURICE,29,0.030000000000000006
NANTES,BOURG SAINT MAURICE,30,0.005
NANTES,CHAMBERY CHALLES LES EAUX,0,0.35625
NANTES,CHAMBERY CHALLES LES EAUX,1,0.28125
NANTES,CHAMBERY CHALLES LES EAUX,2,0.2625
NANTES,CHAMBERY CHALLES LES EAUX,3,0.275
NANTES,CHAMBERY CHALLES LES EAUX,4,0.2625
NANTES,CHAMBERY CHALLES LES EAUX,5,0.25
NANTES,CHAMBERY CHALLES LES EAUX,6,0.25625
NANTES,CHAMBERY CHALLES LES EAUX,7,0.24375
NANTES,CHAMBERY CHALLES LES EAUX,8,0.2375
NANTES,CHAMBERY CHALLES LES EAUX,9,0.225
NANTES,CHAMBERY CHALLES LES EAUX,10,0.14375
NANTES,CHAMBERY CHALLES LES EAUX,11,0.14375000000000002
NANTES,CHAMBERY CHALLES LES EAUX,12,0.15
NANTES,CHAMBERY CHALLES LES EAUX,13,0.125
NANTES,CHAMBERY CHALLES LES EAUX,14,0.11875
NANTES,CHAMBERY CHALLES LES EAUX,15,0.125
NANTES,CHAMBERY CHALLES LES EAUX,16,0.125
NANTES,CHAMBERY CHALLES LES EAUX,17,0.125
NANTES,CHAMBERY CHALLES LES EAUX,18,0.125
NANTES,CHAMBERY CHALLES LES EAUX,19,0.125
NANTES,CHAMBERY CHALLES LES EAUX,20,0.125
NANTES,CHAMBERY CHALLES LES EAUX,21,0.125
NANTES,CHAMBERY CHALLES LES EAUX,22,0.125
NANTES,CHAMBERY CHALLES LES EAUX,23,0.13125
NANTES,CHAMBERY CHALLES LES EAUX,24,0.125
NANTES,CHAMBERY CHALLES LES EAUX,25,0.125
NANTES,CHAMBERY CHALLES LES EAUX,26,0.125
NANTES,CHAMBERY CHALLES LES EAUX,27,0.11875
NANTES,CHAMBERY CHALLES LES EAUX,28,0.11875
NANTES,CHAMBERY CHALLES LES EAUX,29,0.025
NANTES,CHAMBERY CHALLES LES EAUX,30,0.0125
NANTES,CLUSES (HAUTE SAVOIE),0,0.0
NANTES,CLUSES (HAUTE SAVOIE),1,0.0
NANTES,CLUSES (HAUTE SAVOIE),2,0.0
NANTES,CLUSES (HAUTE SAVOIE),3,0.0
NANTES,CLUSES (HAUTE SAVOIE),4,0.0
NANTES,CLUSES (HAUTE SAVOIE),5,0.0
NANTES,CLUSES (HAUTE SAVOIE),6,0.0
NANTES,CLUSES (HAUTE SAVOIE),7,0.0
NANTES,CLUSES (HAUTE SAVOIE),8,0.0
NANTES,CLUSES (HAUTE SAVOIE),9,0.0
NANTES,CLUSES (HAUTE SAVOIE),10,0.025
NANTES,CLUSES (HAUTE SAVOIE),11,0.025
NANTES,CLUSES (HAUTE SAVOIE),12,0.025
NANTES,CLUSES (HAUTE SAVOIE),13,0.0
NANTES,CLUSES (HAUTE SAVOIE),14,0.0
NANTES,CLUSES (HAUTE SAVOIE),15,0.0
NANTES,CLUSES (HAUTE SAVOIE),16,0.0
NANTES,CLUSES (HAUTE SAVOIE),17,0.0
NANTES,CLUSES (HAUTE SAVOIE),18,0.0
NANTES,CLUSES (HAUTE SAVOIE),19,0.0
NANTES,CLUSES (HAUTE SAVOIE),20,0.0
NANTES,CLUSES (HAUTE SAVOIE),21,0.0
NANTES,CLUSES (HAUTE SAVOIE),22,0.0
NANTES,CLUSES (HAUTE SAVOIE),23,0.0
NANTES,CLUSES (HAUTE SAVOIE),24,0.0
NANTES,CLUSES (HAUTE SAVOIE),25,0.0
NANTES,CLUSES (HAUTE SAVOIE),26,0.0
NANTES,CLUSES (HAUTE SAVOIE),27,0.0
NANTES,CLUSES (HAUTE SAVOIE),28,0.0
NANTES,CLUSES (HAUTE SAVOIE),29,0.0
NANTES,CLUSES (HAUTE SAVOIE),30,0.0
NANTES,GRENOBLE,0,0.025
NANTES,GRENOBLE,1,0.025
NANTES,GRENOBLE,2,0.025
NANTES,GRENOBLE,3,0.025
NANTES,GRENOBLE,4,0.05
NANTES,GRENOBLE,5,0.0
NANTES,GRENOBLE,6,0.0
NANTES,GRENOBLE,7,0.0
NANTES,GRENOBLE,8,0.0
NANTES,GRENOBLE,9,0.0
NANTES,GRENOBLE,10,0.0
NANTES,GRENOBLE,11,0.025
NANTES,GRENOBLE,12,0.0
NANTES,GRENOBLE,13,0.0
NANTES,GRENOBLE,14,0.025
NANTES,GRENOBLE,15,0.0
NANTES,GRENOBLE,16,0.0
NANTES,GRENOBLE,17,0.0
NANTES,GRENOBLE,18,0.0
NANTES,GRENOBLE,19,0.0
NANTES,GRENOBLE,20,0.0
NANTES,GRENOBLE,21,0.0
NANTES,GRENOBLE,22,0.0
NANTES,GRENOBLE,23,0.0
NANTES,GRENOBLE,24,0.0
NANTES,GRENOBLE,25,0.0
NANTES,GRENOBLE,26,0.0
NANTES,GRENOBLE,27,0.0
NANTES,GRENOBLE,28,0.0
NANTES,GRENOBLE,29,0.0
NANTES,GRENOBLE,30,0.0
NANTES,LANDRY,0,0.295
NANTES,LANDRY,1,0.21000000000000002
NANTES,LANDRY,2,0.2
NANTES,LANDRY,3,0.205
NANTES,LANDRY,4,0.215
NANTES,LANDRY,5,0.2
NANTES,LANDRY,6,0.21000000000000002
NANTES,LANDRY,7,0.215
NANTES,LANDRY,8,0.205
NANTES,LANDRY,9,0.19
NANTES,LANDRY,10,0.1
NANTES,LANDRY,11,0.11500000000000002
NANTES,LANDRY,12,0.11000000000000001
NANTES,LANDRY,13,0.10500000000000001
NANTES,LANDRY,14,0.10500000000000001
NANTES,LANDRY,15,0.1
NANTES,LANDRY,16,0.1
NANTES,LANDRY,17,0.1
NANTES,LANDRY,18,0.1
NANTES,LANDRY,19,0.1
NANTES,LANDRY,20,0.1
NANTES,LANDRY,21,0.10500000000000001
NANTES,LANDRY,22,0.10500000000000001
NANTES,LANDRY,23,0.1
NANTES,LANDRY,24,0.1
NANTES,LANDRY,25,0.1
NANTES,LANDRY,26,0.1
NANTES,LANDRY,27,0.095
NANTES,LANDRY,28,0.09
NANTES,LANDRY,29,0.025
NANTES,LANDRY,30,0.0
NANTES,LE MANS,0,0.7688790560471975
NANTES,LE MANS,1,0.7879765395894428
NANTES,LE MANS,2,0.7785087719298246
NANTES,LE MANS,3,0.7906432748538011
NANTES,LE MANS,4,0.6869883040935673
NANTES,LE MANS,5,0.6853801169590643
NANTES,LE MANS,6,0.67046783625731
NANTES,LE MANS,7,0.6730994152046783
NANTES,LE MANS,8,0.6621345029239766
NANTES,LE MANS,9,0.6584795321637427
NANTES,LE MANS,10,0.6716374269005848
NANTES,LE MANS,11,0.6685672514619884
NANTES,LE MANS,12,0.5317251461988304
NANTES,LE MANS,13,0.5103801169590644
NANTES,LE MANS,14,0.5150584795321638
NANTES,LE MANS,15,0.5228070175438597
NANTES,LE MANS,16,0.5176900584795322
NANTES,LE MANS,17,0.5214912280701754
NANTES,LE MANS,18,0.5141812865497076
NANTES,LE MANS,19,0.5112573099415204
NANTES,LE MANS,20,0.518859649122807
NANTES,LE MANS,21,0.5220760233918129
NANTES,LE MANS,22,0.5247076023391812
NANTES,LE MANS,23,0.5080409356725146
NANTES,LE MANS,24,0.5185672514619882
NANTES,LE MANS,25,0.5175438596491229
NANTES,LE MANS,26,0.5134502923976608
NANTES,LE MANS,27,0.5240469208211144
NANTES,LE MANS,28,0.5227272727272727
NANTES,LE MANS,29,0.531764705882353
NANTES,LE MANS,30,0.07411242603550296
NANTES,LYON (intramuros),0,0.623419540229885
NANTES,LYON (intramuros),1,0.6747863247863247
NANTES,LYON (intramuros),2,0.704403409090909
NANTES,LYON (intramuros),3,0.7100852272727273
NANTES,LYON (intramuros),4,0.6794034090909091
NANTES,LYON (intramuros),5,0.6491477272727273
NANTES,LYON (intramuros),6,0.6600852272727272
NANTES,LYON (intramuros),7,0.6607954545454545
NANTES,LYON (intramuros),8,0.6545454545454545
NANTES,LYON (intramuros),9,0.6571022727272727
NANTES,LYON (intramuros),10,0.6825284090909091
NANTES,LYON (intramuros),11,0.6900568181818182
NANTES,LYON (intramuros),12,0.5502840909090909
NANTES,LYON (intramuros),13,0.459375
NANTES,LYON (intramuros),14,0.46519886363636365
NANTES,LYON (intramuros),15,0.47301136363636365
NANTES,LYON (intramuros),16,0.46136363636363636
NANTES,LYON (intramuros),17,0.45994318181818183
NANTES,LYON (intramuros),18,0.45511363636363633
NANTES,LYON (intramuros),19,0.46704545454545454
NANTES,LYON (intramuros),20,0.48607954545454546
NANTES,LYON (intramuros),21,0.4893465909090909
NANTES,LYON (intramuros),22,0.4893465909090909
NANTES,LYON (intramuros),23,0.4764204545454545
NANTES,LYON (intramuros),24,0.4883522727272727
NANTES,LYON (intramuros),25,0.4890625
NANTES,LYON (intramuros),26,0.47954545454545455
NANTES,LYON (intramuros),27,0.4994318181818182
NANTES,LYON (intramuros),28,0.5137784090909091
NANTES,LYON (intramuros),29,0.5159090909090909
NANTES,LYON (intramuros),30,0.14357142857142857
NANTES,MARSEILLE ST CHARLES,0,0.16578947368421051
NANTES,MARSEILLE ST CHARLES,1,0.16363636363636364
NANTES,MARSEILLE ST CHARLES,2,0.14181818181818182
NANTES,MARSEILLE ST CHARLES,3,0.1527777777777778
NANTES,MARSEILLE ST CHARLES,4,0.10185185185185185
NANTES,MARSEILLE ST CHARLES,5,0.09545454545454546
NANTES,MARSEILLE ST CHARLES,6,0.12272727272727273
NANTES,MARSEILLE ST CHARLES,7,0.10267857142857142
NANTES,MARSEILLE ST CHARLES,8,0.10092592592592593
NANTES,MARSEILLE ST CHARLES,9,0.10636363636363635
NANTES,MARSEILLE ST CHARLES,10,0.10181818181818181
NANTES,MARSEILLE ST CHARLES,11,0.11545454545454545
NANTES,MARSEILLE ST CHARLES,12,0.06964285714285715
NANTES,MARSEILLE ST CHARLES,13,0.09196428571428572
NANTES,MARSEILLE ST CHARLES,14,0.10714285714285714
NANTES,MARSEILLE ST CHARLES,15,0.11203703703703703
NANTES,MARSEILLE ST CHARLES,16,0.10545454545454545
NANTES,MARSEILLE ST CHARLES,17,0.08240740740740742
NANTES,MARSEILLE ST CHARLES,18,0.07181818181818181
NANTES,MARSEILLE ST CHARLES,19,0.07272727272727272
NANTES,MARSEILLE ST CHARLES,20,0.07363636363636364
NANTES,MARSEILLE ST CHARLES,21,0.07818181818181817
NANTES,MARSEILLE ST CHARLES,22,0.08518518518518518
NANTES,MARSEILLE ST CHARLES,23,0.06454545454545454
NANTES,MARSEILLE ST CHARLES,24,0.07037037037037037
NANTES,MARSEILLE ST CHARLES,25,0.07454545454545454
NANTES,MARSEILLE ST CHARLES,26,0.08454545454545455
NANTES,MARSEILLE ST CHARLES,27,0.09
NANTES,MARSEILLE ST CHARLES,28,0.09272727272727273
NANTES,MARSEILLE ST CHARLES,29,0.11574074074074074
NANTES,MARSEILLE ST CHARLES,30,0.026851851851851852
NANTES,MASSY PALAISEAU,0,1.0
NANTES,MASSY PALAISEAU,1,1.0
NANTES,MASSY PALAISEAU,2,1.0
NANTES,MASSY PALAISEAU,3,1.0
NANTES,MASSY PALAISEAU,4,0.9666666666666667
NANTES,MASSY PALAISEAU,5,0.7666666666666666
NANTES,MASSY PALAISEAU,6,0.9
NANTES,MASSY PALAISEAU,7,0.7833333333333333
NANTES,MASSY PALAISEAU,8,0.6666666666666666
NANTES,MASSY PALAISEAU,9,0.65
NANTES,MASSY PALAISEAU,10,0.65
NANTES,MASSY PALAISEAU,11,0.6833333333333332
NANTES,MASSY PALAISEAU,12,0.6166666666666667
NANTES,MASSY PALAISEAU,13,0.6666666666666666
NANTES,MASSY PALAISEAU,14,0.6666666666666666
NANTES,MASSY PALAISEAU,15,0.6666666666666666
NANTES,MASSY PALAISEAU,16,0.6666666666666666
NANTES,MASSY PALAISEAU,17,0.6666666666666666
NANTES,MASSY PALAISEAU,18,0.6666666666666666
NANTES,MASSY PALAISEAU,19,0.6666666666666666
NANTES,MASSY PALAISEAU,20,0.6666666666666666
NANTES,MASSY PALAISEAU,21,0.65
NANTES,MASSY PALAISEAU,22,0.6333333333333333
NANTES,MASSY PALAISEAU,23,0.016666666666666666
NANTES,MASSY PALAISEAU,24,0.0
NANTES,MASSY PALAISEAU,25,0.0
NANTES,MASSY PALAISEAU,26,0.0
NANTES,MASSY PALAISEAU,27,0.03333333333333333
NANTES,MASSY PALAISEAU,28,0.03333333333333333
NANTES,MASSY PALAISEAU,29,0.18333333333333335
NANTES,MASSY PALAISEAU,30,0.049999999999999996
NANTES,MASSY TGV,0,0.7166176470588236
NANTES,MASSY TGV,1,0.8569164265129684
NANTES,MASSY TGV,2,0.8702586206896552
NANTES,MASSY TGV,3,0.8558908045977012
NANTES,MASSY TGV,4,0.8343390804597702
NANTES,MASSY TGV,5,0.7942528735632183
NANTES,MASSY TGV,6,0.7905172413793105
NANTES,MASSY TGV,7,0.7913793103448276
NANTES,MASSY TGV,8,0.7896551724137931
NANTES,MASSY TGV,9,0.7787356321839081
NANTES,MASSY TGV,10,0.7923850574712644
NANTES,MASSY TGV,11,0.7926724137931035
NANTES,MASSY TGV,12,0.7093390804597701
NANTES,MASSY TGV,13,0.6077586206896551
NANTES,MASSY TGV,14,0.6005747126436781
NANTES,MASSY TGV,15,0.5956896551724138
NANTES,MASSY TGV,16,0.5800287356321839
NANTES,MASSY TGV,17,0.5767241379310345
NANTES,MASSY TGV,18,0.5772988505747126
NANTES,MASSY TGV,19,0.5810344827586207
NANTES,MASSY TGV,20,0.5903735632183907
NANTES,MASSY TGV,21,0.582471264367816
NANTES,MASSY TGV,22,0.5737068965517241
NANTES,MASSY TGV,23,0.5586206896551724
NANTES,MASSY TGV,24,0.573132183908046
NANTES,MASSY TGV,25,0.575287356321839
NANTES,MASSY TGV,26,0.5649425287356322
NANTES,MASSY TGV,27,0.5748563218390805
NANTES,MASSY TGV,28,0.5767241379310345
NANTES,MASSY TGV,29,0.5764367816091954
NANTES,MASSY TGV,30,0.1903179190751445
NANTES,MODANE,0,0.65
NANTES,MODANE,1,0.6166666666666667
NANTES,MODANE,2,0.65
NANTES,MODANE,3,0.6333333333333333
NANTES,MODANE,4,0.6666666666666666
NANTES,MODANE,5,0.65
NANTES,MODANE,6,0.6666666666666666
NANTES,MODANE,7,0.6666666666666666
NANTES,MODANE,8,0.6666666666666666
NANTES,MODANE,9,0.6666666666666666
NANTES,MODANE,10,0.65
NANTES,MODANE,11,0.6666666666666666
NANTES,MODANE,12,0.3833333333333333
NANTES,MODANE,13,0.35000000000000003
NANTES,MODANE,14,0.31666666666666665
NANTES,MODANE,15,0.3333333333333333
NANTES,MODANE,16,0.3333333333333333
NANTES,MODANE,17,0.3333333333333333
NANTES,MODANE,18,0.3333333333333333
NANTES,MODANE,19,0.3333333333333333
NANTES,MODANE,20,0.3333333333333333
NANTES,MODANE,21,0.3333333333333333
NANTES,MODANE,22,0.3333333333333333
NANTES,MODANE,23,0.3333333333333333
NANTES,MODANE,24,0.3333333333333333
NANTES,MODANE,25,0.3333333333333333
NANTES,MODANE,26,0.3333333333333333
NANTES,MODANE,27,0.3333333333333333
NANTES,MODANE,28,0.3333333333333333
NANTES,MODANE,29,0.3
NANTES,MODANE,30,0.049999999999999996
NANTES,MONTPELLIER SUD DE FRANCE,0,0.6104166666666667
NANTES,MONTPELLIER SUD DE FRANCE,1,0.3935820895522388
NANTES,MONTPELLIER SUD DE FRANCE,2,0.40671641791044777
NANTES,MONTPELLIER SUD DE FRANCE,3,0.4043154761904762
NANTES,MONTPELLIER SUD DE FRANCE,4,0.3947916666666667
NANTES,MONTPELLIER SUD DE FRANCE,5,0.3247023809523809
NANTES,MONTPELLIER SUD DE FRANCE,6,0.32261904761904764
NANTES,MONTPELLIER SUD DE FRANCE,7,0.3404761904761905
NANTES,MONTPELLIER SUD DE FRANCE,8,0.3555059523809524
NANTES,MONTPELLIER SUD DE FRANCE,9,0.34955357142857146
NANTES,MONTPELLIER SUD DE FRANCE,10,0.3580357142857143
NANTES,MONTPELLIER SUD DE FRANCE,11,0.3767857142857143
NANTES,MONTPELLIER SUD DE FRANCE,12,0.3471726190476191
NANTES,MONTPELLIER SUD DE FRANCE,13,0.11770833333333333
NANTES,MONTPELLIER SUD DE FRANCE,14,0.11726190476190476
NANTES,MONTPELLIER SUD DE FRANCE,15,0.12589285714285714
NANTES,MONTPELLIER SUD DE FRANCE,16,0.11339285714285714
NANTES,MONTPELLIER SUD DE FRANCE,17,0.10446428571428572
NANTES,MONTPELLIER SUD DE FRANCE,18,0.10282738095238095
NANTES,MONTPELLIER SUD DE FRANCE,19,0.12380952380952381
NANTES,MONTPELLIER SUD DE FRANCE,20,0.12723214285714285
NANTES,MONTPELLIER SUD DE FRANCE,21,0.11875
NANTES,MONTPELLIER SUD DE FRANCE,22,0.12172619047619047
NANTES,MONTPELLIER SUD DE FRANCE,23,0.12276785714285714
NANTES,MONTPELLIER SUD DE FRANCE,24,0.12946428571428573
NANTES,MONTPELLIER SUD DE FRANCE,25,0.12380952380952381
NANTES,MONTPELLIER SUD DE FRANCE,26,0.1212797619047619
NANTES,MONTPELLIER SUD DE FRANCE,27,0.11830357142857142
NANTES,MONTPELLIER SUD DE FRANCE,28,0.12395833333333332
NANTES,MONTPELLIER SUD DE FRANCE,29,0.1291044776119403
NANTES,MONTPELLIER SUD DE FRANCE,30,0.0984984984984985
NANTES,MOUTIERS SALINS BRIDES LES BAINS,0,0.275
NANTES,MOUTIERS SALINS BRIDES LES BAINS,1,0.215
NANTES,MOUTIERS SALINS BRIDES LES BAINS,2,0.205
NANTES,MOUTIERS SALINS BRIDES LES BAINS,3,0.2
NANTES,MOUTIERS SALINS BRIDES LES BAINS,4,0.2
NANTES,MOUTIERS SALINS BRIDES LES BAINS,5,0.205
NANTES,MOUTIERS SALINS BRIDES LES BAINS,6,0.205
NANTES,MOUTIERS SALINS BRIDES LES BAINS,7,0.2
NANTES,MOUTIERS SALINS BRIDES LES BAINS,8,0.205
NANTES,MOUTIERS SALINS BRIDES LES BAINS,9,0.195
NANTES,MOUTIERS SALINS BRIDES LES BAINS,10,0.11499999999999999
NANTES,MOUTIERS SALINS BRIDES LES BAINS,11,0.11499999999999999
NANTES,MOUTIERS SALINS BRIDES LES BAINS,12,0.125
NANTES,MOUTIERS SALINS BRIDES LES BAINS,13,0.10500000000000001
NANTES,MOUTIERS SALINS BRIDES LES BAINS,14,0.1
NANTES,MOUTIERS SALINS BRIDES LES BAINS,15,0.1
NANTES,MOUTIERS SALINS BRIDES LES BAINS,16,0.1
NANTES,MOUTIERS SALINS BRIDES LES BAINS,17,0.1
NANTES,MOUTIERS SALINS BRIDES LES BAINS,18,0.1
NANTES,MOUTIERS SALINS BRIDES LES BAINS,19,0.1
NANTES,MOUTIERS SALINS BRIDES LES BAINS,20,0.1
NANTES,MOUTIERS SALINS BRIDES LES BAINS,21,0.10500000000000001
NANTES,MOUTIERS SALINS BRIDES LES BAINS,22,0.10500000000000001
NANTES,MOUTIERS SALINS BRIDES LES BAINS,23,0.10500000000000001
NANTES,MOUTIERS SALINS BRIDES LES BAINS,24,0.10500000000000001
NANTES,MOUTIERS SALINS BRIDES LES BAINS,25,0.10500000000000001
NANTES,MOUTIERS SALINS BRIDES LES BAINS,26,0.095
NANTES,MOUTIERS SALINS BRIDES LES BAINS,27,0.095
NANTES,MOUTIERS SALINS BRIDES LES BAINS,28,0.09
NANTES,MOUTIERS SALINS BRIDES LES BAINS,29,0.02
NANTES,MOUTIERS SALINS BRIDES LES BAINS,30,0.005
NANTES,NIMES PONT DU GARD,0,0.6166666666666667
NANTES,NIMES PONT DU GARD,1,0.39970149253731346
NANTES,NIMES PONT DU GARD,2,0.40373134328358207
NANTES,NIMES PONT DU GARD,3,0.4046130952380952
NANTES,NIMES PONT DU GARD,4,0.3915178571428572
NANTES,NIMES PONT DU GARD,5,0.325
NANTES,NIMES PONT DU GARD,6,0.3197916666666667
NANTES,NIMES PONT DU GARD,7,0.3372023809523809
NANTES,NIMES PONT DU GARD,8,0.3559523809523809
NANTES,NIMES PONT DU GARD,9,0.3456845238095238
NANTES,NIMES PONT DU GARD,10,0.35788690476190477
NANTES,NIMES PONT DU GARD,11,0.38095238095238093
NANTES,NIMES PONT DU GARD,12,0.33779761904761907
NANTES,NIMES PONT DU GARD,13,0.12276785714285714
NANTES,NIMES PONT DU GARD,14,0.11889880952380953
NANTES,NIMES PONT DU GARD,15,0.12678571428571428
NANTES,NIMES PONT DU GARD,16,0.1113095238095238
NANTES,NIMES PONT DU GARD,17,0.10654761904761904
NANTES,NIMES PONT DU GARD,18,0.1055059523809524
NANTES,NIMES PONT DU GARD,19,0.12291666666666666
NANTES,NIMES PONT DU GARD,20,0.12767857142857142
NANTES,NIMES PONT DU GARD,21,0.11875
NANTES,NIMES PONT DU GARD,22,0.12366071428571428
NANTES,NIMES PONT DU GARD,23,0.12574404761904762
NANTES,NIMES PONT DU GARD,24,0.12827380952380954
NANTES,NIMES PONT DU GARD,25,0.12485119047619049
NANTES,NIMES PONT DU GARD,26,0.1212797619047619
NANTES,NIMES PONT DU GARD,27,0.1206845238095238
NANTES,NIMES PONT DU GARD,28,0.12380952380952381
NANTES,NIMES PONT DU GARD,29,0.12477611940298507
NANTES,NIMES PONT DU GARD,30,0.0990990990990991
NANTES,RENNES,0,0.4375
NANTES,RENNES,1,0.4875
NANTES,RENNES,2,0.4875
NANTES,RENNES,3,0.475
NANTES,RENNES,4,0.2625
NANTES,RENNES,5,0.25
NANTES,RENNES,6,0.25
NANTES,RENNES,7,0.2375
NANTES,RENNES,8,0.2625
NANTES,RENNES,9,0.2375
NANTES,RENNES,10,0.23750000000000002
NANTES,RENNES,11,0.275
NANTES,RENNES,12,0.27499999999999997
NANTES,RENNES,13,0.25
NANTES,RENNES,14,0.25
NANTES,RENNES,15,0.25
NANTES,RENNES,16,0.25
NANTES,RENNES,17,0.25
NANTES,RENNES,18,0.25
NANTES,RENNES,19,0.25
NANTES,RENNES,20,0.25
NANTES,RENNES,21,0.25
NANTES,RENNES,22,0.25
NANTES,RENNES,23,0.25
NANTES,RENNES,24,0.25
NANTES,RENNES,25,0.25
NANTES,RENNES,26,0.25
NANTES,RENNES,27,0.25
NANTES,RENNES,28,0.25
NANTES,RENNES,29,0.2375
NANTES,RENNES,30,0.05
NANTES,SAINT AVRE LA CHAMBRE,0,0.6666666666666666
NANTES,SAINT AVRE LA CHAMBRE,1,0.6666666666666666
NANTES,SAINT AVRE LA CHAMBRE,2,0.65
NANTES,SAINT AVRE LA CHAMBRE,3,0.6666666666666666
NANTES,SAINT AVRE LA CHAMBRE,4,0.6333333333333333
NANTES,SAINT AVRE LA CHAMBRE,5,0.6666666666666666
NANTES,SAINT AVRE LA CHAMBRE,6,0.6666666666666666
NANTES,SAINT AVRE LA CHAMBRE,7,0.6666666666666666
NANTES,SAINT AVRE LA CHAMBRE,8,0.6666666666666666
NANTES,SAINT AVRE LA CHAMBRE,9,0.6666666666666666
NANTES,SAINT AVRE LA CHAMBRE,10,0.6666666666666666
NANTES,SAINT AVRE LA CHAMBRE,11,0.65
NANTES,SAINT AVRE LA CHAMBRE,12,0.4166666666666667
NANTES,SAINT AVRE LA CHAMBRE,13,0.3333333333333333
NANTES,SAINT AVRE LA CHAMBRE,14,0.3333333333333333
NANTES,SAINT AVRE LA CHAMBRE,15,0.3333333333333333
NANTES,SAINT AVRE LA CHAMBRE,16,0.3333333333333333
NANTES,SAINT AVRE LA CHAMBRE,17,0.31666666666666665
NANTES,SAINT AVRE LA CHAMBRE,18,0.31666666666666665
NANTES,SAINT AVRE LA CHAMBRE,19,0.31666666666666665
NANTES,SAINT AVRE LA CHAMBRE,20,0.31666666666666665
NANTES,SAINT AVRE LA CHAMBRE,21,0.31666666666666665
NANTES,SAINT AVRE LA CHAMBRE,22,0.3333333333333333
NANTES,SAINT AVRE LA CHAMBRE,23,0.3333333333333333
NANTES,SAINT AVRE LA CHAMBRE,24,0.3333333333333333
NANTES,SAINT AVRE LA CHAMBRE,25,0.3333333333333333
NANTES,SAINT AVRE LA CHAMBRE,26,0.31666666666666665
NANTES,SAINT AVRE LA CHAMBRE,27,0.31666666666666665
NANTES,SAINT AVRE LA CHAMBRE,28,0.2833333333333333
NANTES,SAINT AVRE LA CHAMBRE,29,0.3
NANTES,SAINT AVRE LA CHAMBRE,30,0.016666666666666666
NANTES,SALLANCHES COMBLOUX MEGEVE,0,0.0
NANTES,SALLANCHES COMBLOUX MEGEVE,1,0.0
NANTES,SALLANCHES COMBLOUX MEGEVE,2,0.0
NANTES,SALLANCHES COMBLOUX MEGEVE,3,0.025
NANTES,SALLANCHES COMBLOUX MEGEVE,4,0.025
NANTES,SALLANCHES COMBLOUX MEGEVE,5,0.0
NANTES,SALLANCHES COMBLOUX MEGEVE,6,0.0
NANTES,SALLANCHES COMBLOUX MEGEVE,7,0.0
NANTES,SALLANCHES COMBLOUX MEGEVE,8,0.025
NANTES,SALLANCHES COMBLOUX MEGEVE,9,0.0
NANTES,SALLANCHES COMBLOUX MEGEVE,10,0.0
NANTES,SALLANCHES COMBLOUX MEGEVE,11,0.0
NANTES,SALLANCHES COMBLOUX MEGEVE,12,0.0
NANTES,SALLANCHES COMBLOUX MEGEVE,13,0.0
NANTES,SALLANCHES COMBLOUX MEGEVE,14,0.0
NANTES,SALLANCHES COMBLOUX MEGEVE,15,0.0
NANTES,SALLANCHES COMBLOUX MEGEVE,16,0.0
NANTES,SALLANCHES COMBLOUX MEGEVE,17,0.0
NANTES,SALLANCHES COMBLOUX MEGEVE,18,0.0
NANTES,SALLANCHES COMBLOUX MEGEVE,19,0.0
NANTES,SALLANCHES COMBLOUX MEGEVE,20,0.0
NANTES,SALLANCHES COMBLOUX MEGEVE,21,0.0
NANTES,SALLANCHES COMBLOUX MEGEVE,22,0.0
NANTES,SALLANCHES COMBLOUX MEGEVE,23,0.025
NANTES,SALLANCHES COMBLOUX MEGEVE,24,0.0
NANTES,SALLANCHES COMBLOUX MEGEVE,25,0.0
NANTES,SALLANCHES COMBLOUX MEGEVE,26,0.0
NANTES,SALLANCHES COMBLOUX MEGEVE,27,0.0
NANTES,SALLANCHES COMBLOUX MEGEVE,28,0.0
NANTES,SALLANCHES COMBLOUX MEGEVE,29,0.0
NANTES,SALLANCHES COMBLOUX MEGEVE,30,0.0
NANTES,SAUMUR,0,0.7464396284829721
NANTES,SAUMUR,1,0.7640432098765433
NANTES,SAUMUR,2,0.7656923076923077
NANTES,SAUMUR,3,0.7630769230769231
NANTES,SAUMUR,4,0.6409230769230769
NANTES,SAUMUR,5,0.6295384615384615
NANTES,SAUMUR,6,0.6247692307692309
NANTES,SAUMUR,7,0.6298461538461538
NANTES,SAUMUR,8,0.6092307692307692
NANTES,SAUMUR,9,0.5927692307692308
NANTES,SAUMUR,10,0.5824615384615385
NANTES,SAUMUR,11,0.566923076923077
NANTES,SAUMUR,12,0.3658461538461539
NANTES,SAUMUR,13,0.3326153846153846
NANTES,SAUMUR,14,0.3236923076923077
NANTES,SAUMUR,15,0.31138461538461537
NANTES,SAUMUR,16,0.3098461538461539
NANTES,SAUMUR,17,0.29815384615384616
NANTES,SAUMUR,18,0.29923076923076924
NANTES,SAUMUR,19,0.2861111111111111
NANTES,SAUMUR,20,0.2935185185185185
NANTES,SAUMUR,21,0.2816358024691358
NANTES,SAUMUR,22,0.2826153846153846
NANTES,SAUMUR,23,0.2753846153846154
NANTES,SAUMUR,24,0.26959876543209876
NANTES,SAUMUR,25,0.2719135802469136
NANTES,SAUMUR,26,0.26238390092879255
NANTES,SAUMUR,27,0.25061919504643965
NANTES,SAUMUR,28,0.25108359133126934
NANTES,SAUMUR,29,0.2390432098765432
NANTES,SAUMUR,30,0.06335403726708073
NANTES,ST GERVAIS LES BAINS LE FAYET,0,0.0
NANTES,ST GERVAIS LES BAINS LE FAYET,1,0.025
NANTES,ST GERVAIS LES BAINS LE FAYET,2,0.0
NANTES,ST GERVAIS LES BAINS LE FAYET,3,0.0
NANTES,ST GERVAIS LES BAINS LE FAYET,4,0.025
NANTES,ST GERVAIS LES BAINS LE FAYET,5,0.025
NANTES,ST GERVAIS LES BAINS LE FAYET,6,0.025
NANTES,ST GERVAIS LES BAINS LE FAYET,7,0.0
NANTES,ST GERVAIS LES BAINS LE FAYET,8,0.025
NANTES,ST GERVAIS LES BAINS LE FAYET,9,0.0
NANTES,ST GERVAIS LES BAINS LE FAYET,10,0.07500000000000001
NANTES,ST GERVAIS LES BAINS LE FAYET,11,0.05
NANTES,ST GERVAIS LES BAINS LE FAYET,12,0.0
NANTES,ST GERVAIS LES BAINS LE FAYET,13,0.025
NANTES,ST GERVAIS LES BAINS LE FAYET,14,0.025
NANTES,ST GERVAIS LES BAINS LE FAYET,15,0.025
NANTES,ST GERVAIS LES BAINS LE FAYET,16,0.0
NANTES,ST GERVAIS LES BAINS LE FAYET,17,0.0
NANTES,ST GERVAIS LES BAINS LE FAYET,18,0.0
NANTES,ST GERVAIS LES BAINS LE FAYET,19,0.0
NANTES,ST GERVAIS LES BAINS LE FAYET,20,0.0
NANTES,ST GERVAIS LES BAINS LE FAYET,21,0.0
NANTES,ST GERVAIS LES BAINS LE FAYET,22,0.0
NANTES,ST GERVAIS LES BAINS LE FAYET,23,0.0
NANTES,ST GERVAIS LES BAINS LE FAYET,24,0.0
NANTES,ST GERVAIS LES BAINS LE FAYET,25,0.025
NANTES,ST GERVAIS LES BAINS LE FAYET,26,0.025
NANTES,ST GERVAIS LES BAINS LE FAYET,27,0.0
NANTES,ST GERVAIS LES BAINS LE FAYET,28,0.0
NANTES,ST GERVAIS LES BAINS LE FAYET,29,0.0
NANTES,ST GERVAIS LES BAINS LE FAYET,30,0.0
NANTES,ST JEAN DE MAURIENNE ARVAN,0,0.6333333333333333
NANTES,ST JEAN DE MAURIENNE ARVAN,1,0.6
NANTES,ST JEAN DE MAURIENNE ARVAN,2,0.6333333333333333
NANTES,ST JEAN DE MAURIENNE ARVAN,3,0.6666666666666666
NANTES,ST JEAN DE MAURIENNE ARVAN,4,0.6666666666666666
NANTES,ST JEAN DE MAURIENNE ARVAN,5,0.6666666666666666
NANTES,ST JEAN DE MAURIENNE ARVAN,6,0.6666666666666666
NANTES,ST JEAN DE MAURIENNE ARVAN,7,0.6666666666666666
NANTES,ST JEAN DE MAURIENNE ARVAN,8,0.6666666666666666
NANTES,ST JEAN DE MAURIENNE ARVAN,9,0.6666666666666666
NANTES,ST JEAN DE MAURIENNE ARVAN,10,0.6666666666666666
NANTES,ST JEAN DE MAURIENNE ARVAN,11,0.65
NANTES,ST JEAN DE MAURIENNE ARVAN,12,0.3166666666666667
NANTES,ST JEAN DE MAURIENNE ARVAN,13,0.3333333333333333
NANTES,ST JEAN DE MAURIENNE ARVAN,14,0.35000000000000003
NANTES,ST JEAN DE MAURIENNE ARVAN,15,0.35000000000000003
NANTES,ST JEAN DE MAURIENNE ARVAN,16,0.3333333333333333
NANTES,ST JEAN DE MAURIENNE ARVAN,17,0.35000000000000003
NANTES,ST JEAN DE MAURIENNE ARVAN,18,0.35000000000000003
NANTES,ST JEAN DE MAURIENNE ARVAN,19,0.3333333333333333
NANTES,ST JEAN DE MAURIENNE ARVAN,20,0.3333333333333333
NANTES,ST JEAN DE MAURIENNE ARVAN,21,0.3333333333333333
NANTES,ST JEAN DE MAURIENNE ARVAN,22,0.3333333333333333
NANTES,ST JEAN DE MAURIENNE ARVAN,23,0.3333333333333333
NANTES,ST JEAN DE MAURIENNE ARVAN,24,0.3333333333333333
NANTES,ST JEAN DE MAURIENNE ARVAN,25,0.3333333333333333
NANTES,ST JEAN DE MAURIENNE ARVAN,26,0.3333333333333333
NANTES,ST JEAN DE MAURIENNE ARVAN,27,0.3333333333333333
NANTES,ST JEAN DE MAURIENNE ARVAN,28,0.3333333333333333
NANTES,ST JEAN DE MAURIENNE ARVAN,29,0.3333333333333333
NANTES,ST JEAN DE MAURIENNE ARVAN,30,0.03333333333333333
NANTES,ST MICHEL VALLOIRE,0,0.6166666666666667
NANTES,ST MICHEL VALLOIRE,1,0.65
NANTES,ST MICHEL VALLOIRE,2,0.65
NANTES,ST MICHEL VALLOIRE,3,0.6666666666666666
NANTES,ST MICHEL VALLOIRE,4,0.6666666666666666
NANTES,ST MICHEL VALLOIRE,5,0.6333333333333333
NANTES,ST MICHEL VALLOIRE,6,0.6666666666666666
NANTES,ST MICHEL VALLOIRE,7,0.6666666666666666
NANTES,ST MICHEL VALLOIRE,8,0.6666666666666666
NANTES,ST MICHEL VALLOIRE,9,0.6333333333333333
NANTES,ST MICHEL VALLOIRE,10,0.65
NANTES,ST MICHEL VALLOIRE,11,0.6333333333333334
NANTES,ST MICHEL VALLOIRE,12,0.3833333333333333
NANTES,ST MICHEL VALLOIRE,13,0.3333333333333333
NANTES,ST MICHEL VALLOIRE,14,0.31666666666666665
NANTES,ST MICHEL VALLOIRE,15,0.31666666666666665
NANTES,ST MICHEL VALLOIRE,16,0.3
NANTES,ST MICHEL VALLOIRE,17,0.3333333333333333
NANTES,ST MICHEL VALLOIRE,18,0.3333333333333333
NANTES,ST MICHEL VALLOIRE,19,0.3333333333333333
NANTES,ST MICHEL VALLOIRE,20,0.3333333333333333
NANTES,ST MICHEL VALLOIRE,21,0.3333333333333333
NANTES,ST MICHEL VALLOIRE,22,0.3333333333333333
NANTES,ST MICHEL VALLOIRE,23,0.3333333333333333
NANTES,ST MICHEL VALLOIRE,24,0.3333333333333333
NANTES,ST MICHEL VALLOIRE,25,0.3333333333333333
NANTES,ST MICHEL VALLOIRE,26,0.3333333333333333
NANTES,ST MICHEL VALLOIRE,27,0.3333333333333333
NANTES,ST MICHEL VALLOIRE,28,0.3
NANTES,ST MICHEL VALLOIRE,29,0.2833333333333333
NANTES,ST MICHEL VALLOIRE,30,0.03333333333333333
NANTES,ST PIERRE DES CORPS,0,0.7905572755417957
NANTES,ST PIERRE DES CORPS,1,0.9421282798833819
NANTES,ST PIERRE DES CORPS,2,0.9590379008746356
NANTES,ST PIERRE DES CORPS,3,0.9530523255813954
NANTES,ST PIERRE DES CORPS,4,0.936046511627907
NANTES,ST PIERRE DES CORPS,5,0.926453488372093
NANTES,ST PIERRE DES CORPS,6,0.9193313953488372
NANTES,ST PIERRE DES CORPS,7,0.9036337209302326
NANTES,ST PIERRE DES CORPS,8,0.9008720930232558
NANTES,ST PIERRE DES CORPS,9,0.8943313953488371
NANTES,ST PIERRE DES CORPS,10,0.891279069767442
NANTES,ST PIERRE DES CORPS,11,0.8892441860465116
NANTES,ST PIERRE DES CORPS,12,0.8180232558139534
NANTES,ST PIERRE DES CORPS,13,0.6146802325581395
NANTES,ST PIERRE DES CORPS,14,0.5997093023255814
NANTES,ST PIERRE DES CORPS,15,0.5732558139534883
NANTES,ST PIERRE DES CORPS,16,0.552906976744186
NANTES,ST PIERRE DES CORPS,17,0.5348837209302325
NANTES,ST PIERRE DES CORPS,18,0.5254360465116279
NANTES,ST PIERRE DES CORPS,19,0.5168604651162791
NANTES,ST PIERRE DES CORPS,20,0.5156976744186047
NANTES,ST PIERRE DES CORPS,21,0.4975290697674419
NANTES,ST PIERRE DES CORPS,22,0.49156976744186043
NANTES,ST PIERRE DES CORPS,23,0.47718023255813957
NANTES,ST PIERRE DES CORPS,24,0.46816860465116283
NANTES,ST PIERRE DES CORPS,25,0.46758720930232556
NANTES,ST PIERRE DES CORPS,26,0.4446220930232558
NANTES,ST PIERRE DES CORPS,27,0.42776162790697675
NANTES,ST PIERRE DES CORPS,28,0.4261627906976744
NANTES,ST PIERRE DES CORPS,29,0.42252906976744187
NANTES,ST PIERRE DES CORPS,30,0.28523391812865495
NANTES,VALENCE TGV AUVERGNE RHONE ALPES,0,0.3328947368421053
NANTES,VALENCE TGV AUVERGNE RHONE ALPES,1,0.37202380952380953
NANTES,VALENCE TGV AUVERGNE RHONE ALPES,2,0.40238095238095234
NANTES,VALENCE TGV AUVERGNE RHONE ALPES,3,0.41483679525222555
NANTES,VALENCE TGV AUVERGNE RHONE ALPES,4,0.39940652818991096
NANTES,VALENCE TGV AUVERGNE RHONE ALPES,5,0.33501483679525224
NANTES,VALENCE TGV AUVERGNE RHONE ALPES,6,0.33724035608308606
NANTES,VALENCE TGV AUVERGNE RHONE ALPES,7,0.3387240356083086
NANTES,VALENCE TGV AUVERGNE RHONE ALPES,8,0.3434718100890208
NANTES,VALENCE TGV AUVERGNE RHONE ALPES,9,0.34124629080118696
NANTES,VALENCE TGV AUVERGNE RHONE ALPES,10,0.3507418397626113
NANTES,VALENCE TGV AUVERGNE RHONE ALPES,11,0.36839762611275967
NANTES,VALENCE TGV AUVERGNE RHONE ALPES,12,0.34139465875370917
NANTES,VALENCE TGV AUVERGNE RHONE ALPES,13,0.12922848664688427
NANTES,VALENCE TGV AUVERGNE RHONE ALPES,14,0.13501483679525222
NANTES,VALENCE TGV AUVERGNE RHONE ALPES,15,0.14569732937685462
NANTES,VALENCE TGV AUVERGNE RHONE ALPES,16,0.12804154302670623
NANTES,VALENCE TGV AUVERGNE RHONE ALPES,17,0.11676557863501484
NANTES,VALENCE TGV AUVERGNE RHONE ALPES,18,0.11543026706231453
NANTES,VALENCE TGV AUVERGNE RHONE ALPES,19,0.13219584569732937
NANTES,VALENCE TGV AUVERGNE RHONE ALPES,20,0.1397626112759644
NANTES,VALENCE TGV AUVERGNE RHONE ALPES,21,0.13071216617210682
NANTES,VALENCE TGV AUVERGNE RHONE ALPES,22,0.13323442136498517
NANTES,VALENCE TGV AUVERGNE RHONE ALPES,23,0.13397626112759645
NANTES,VALENCE TGV AUVERGNE RHONE ALPES,24,0.14080118694362018
NANTES,VALENCE TGV AUVERGNE RHONE ALPES,25,0.13605341246290803
NANTES,VALENCE TGV AUVERGNE RHONE ALPES,26,0.13471810089020772
NANTES,VALENCE TGV AUVERGNE RHONE ALPES,27,0.13367952522255191
NANTES,VALENCE TGV AUVERGNE RHONE ALPES,28,0.13768545994065282
NANTES,VALENCE TGV AUVERGNE RHONE ALPES,29,0.1444940476190476
NANTES,VALENCE TGV AUVERGNE RHONE ALPES,30,0.10553892215568862
NANTES,VALENCE VILLE,1,0.0
NANTES,VALENCE VILLE,2,0.05
NANTES,VALENCE VILLE,3,0.05
NANTES,VALENCE VILLE,4,0.0
NANTES,VALENCE VILLE,5,0.0
NANTES,VALENCE VILLE,6,0.0
NANTES,VALENCE VILLE,7,0.0
NANTES,VALENCE VILLE,8,0.0
NANTES,VALENCE VILLE,9,0.0
NANTES,VALENCE VILLE,10,0.0
NANTES,VALENCE VILLE,11,0.0
NANTES,VALENCE VILLE,12,0.0
NANTES,VALENCE VILLE,13,0.0
NANTES,VALENCE VILLE,14,0.0
NANTES,VALENCE VILLE,15,0.0
NANTES,VALENCE VILLE,16,0.0
NANTES,VALENCE VILLE,17,0.0
NANTES,VALENCE VILLE,18,0.0
NANTES,VALENCE VILLE,19,0.0
NANTES,VALENCE VILLE,20,0.0
NANTES,VALENCE VILLE,21,0.0
NANTES,VALENCE VILLE,22,0.0
NANTES,VALENCE VILLE,23,0.0
NANTES,VALENCE VILLE,24,0.0
NANTES,VALENCE VILLE,25,0.0
NANTES,VALENCE VILLE,26,0.0
NANTES,VALENCE VILLE,27,0.0
NANTES,VALENCE VILLE,28,0.0
NANTES,VALENCE VILLE,29,0.0
NANTES,VALENCE VILLE,30,0.0
NANTES,VERSAILLES CHANTIERS,0,0.8
NANTES,VERSAILLES CHANTIERS,1,0.85
NANTES,VERSAILLES CHANTIERS,2,0.85
NANTES,VERSAILLES CHANTIERS,3,0.95
NANTES,VERSAILLES CHANTIERS,4,0.6599999999999999
NANTES,VERSAILLES CHANTIERS,5,0.5700000000000001
NANTES,VERSAILLES CHANTIERS,6,0.5900000000000001
NANTES,VERSAILLES CHANTIERS,7,0.43
NANTES,VERSAILLES CHANTIERS,8,0.6
NANTES,VERSAILLES CHANTIERS,9,0.58
NANTES,VERSAILLES CHANTIERS,10,0.45
NANTES,VERSAILLES CHANTIERS,11,0.52
NANTES,VERSAILLES CHANTIERS,12,0.33999999999999997
NANTES,VERSAILLES CHANTIERS,13,0.64
NANTES,VERSAILLES CHANTIERS,14,0.78
NANTES,VERSAILLES CHANTIERS,15,0.79
NANTES,VERSAILLES CHANTIERS,16,0.7
NANTES,VERSAILLES CHANTIERS,17,0.45999999999999996
NANTES,VERSAILLES CHANTIERS,18,0.41
NANTES,VERSAILLES CHANTIERS,19,0.4
NANTES,VERSAILLES CHANTIERS,20,0.4
NANTES,VERSAILLES CHANTIERS,21,0.45999999999999996
NANTES,VERSAILLES CHANTIERS,22,0.55
NANTES,VERSAILLES CHANTIERS,23,0.67
NANTES,VERSAILLES CHANTIERS,24,0.76
NANTES,VERSAILLES CHANTIERS,25,0.79
NANTES,VERSAILLES CHANTIERS,26,0.97
NANTES,VERSAILLES CHANTIERS,27,0.9800000000000001
NANTES,VERSAILLES CHANTIERS,28,0.9800000000000001
NANTES,VERSAILLES CHANTIERS,29,0.9400000000000001
NANTES,VERSAILLES CHANTIERS,30,0.21000000000000002
NIMES CENTRE,MONTPELLIER SAINT ROCH,0,0.2326530612244898
NIMES CENTRE,MONTPELLIER SAINT ROCH,1,0.2326530612244898
NIMES CENTRE,MONTPELLIER SAINT ROCH,2,0.24489795918367346
NIMES CENTRE,MONTPELLIER SAINT ROCH,3,0.2276595744680851
NIMES CENTRE,MONTPELLIER SAINT ROCH,4,0.23020833333333335
NIMES CENTRE,MONTPELLIER SAINT ROCH,5,0.24270833333333333
NIMES CENTRE,MONTPELLIER SAINT ROCH,6,0.25833333333333336
NIMES CENTRE,MONTPELLIER SAINT ROCH,7,0.26224489795918365
NIMES CENTRE,MONTPELLIER SAINT ROCH,8,0.2653061224489796
NIMES CENTRE,MONTPELLIER SAINT ROCH,9,0.2693877551020408
NIMES CENTRE,MONTPELLIER SAINT ROCH,10,0.30851063829787234
NIMES CENTRE,MONTPELLIER SAINT ROCH,11,0.3177083333333333
NIMES CENTRE,MONTPELLIER SAINT ROCH,12,0.15520833333333334
NIMES CENTRE,MONTPELLIER SAINT ROCH,13,0.16041666666666668
NIMES CENTRE,MONTPELLIER SAINT ROCH,14,0.15918367346938775
NIMES CENTRE,MONTPELLIER SAINT ROCH,15,0.16020408163265307
NIMES CENTRE,MONTPELLIER SAINT ROCH,16,0.15816326530612246
NIMES CENTRE,MONTPELLIER SAINT ROCH,17,0.16702127659574467
NIMES CENTRE,MONTPELLIER SAINT ROCH,18,0.14791666666666667
NIMES CENTRE,MONTPELLIER SAINT ROCH,19,0.14375000000000002
NIMES CENTRE,MONTPELLIER SAINT ROCH,20,0.14583333333333334
NIMES CENTRE,MONTPELLIER SAINT ROCH,21,0.14479166666666668
NIMES CENTRE,MONTPELLIER SAINT ROCH,22,0.14479166666666668
NIMES CENTRE,MONTPELLIER SAINT ROCH,23,0.13958333333333334
NIMES CENTRE,MONTPELLIER SAINT ROCH,24,0.13478260869565217
NIMES CENTRE,MONTPELLIER SAINT ROCH,25,0.1425531914893617
NIMES CENTRE,MONTPELLIER SAINT ROCH,26,0.1478723404255319
NIMES CENTRE,MONTPELLIER SAINT ROCH,27,0.1478723404255319
NIMES CENTRE,MONTPELLIER SAINT ROCH,28,0.16276595744680852
NIMES CENTRE,MONTPELLIER SAINT ROCH,29,0.17446808510638295
NIMES CENTRE,MONTPELLIER SAINT ROCH,30,0.02608695652173913
NIMES PONT DU GARD,MONTPELLIER SUD DE FRANCE,0,0.6703703703703704
NIMES PONT DU GARD,MONTPELLIER SUD DE FRANCE,1,0.685042735042735
NIMES PONT DU GARD,MONTPELLIER SUD DE FRANCE,2,0.7035511363636364
NIMES PONT DU GARD,MONTPELLIER SUD DE FRANCE,3,0.7129261363636363
NIMES PONT DU GARD,MONTPELLIER SUD DE FRANCE,4,0.5930397727272727
NIMES PONT DU GARD,MONTPELLIER SUD DE FRANCE,5,0.5806818181818182
NIMES PONT DU GARD,MONTPELLIER SUD DE FRANCE,6,0.5862215909090909
NIMES PONT DU GARD,MONTPELLIER SUD DE FRANCE,7,0.5907670454545454
NIMES PONT DU GARD,MONTPELLIER SUD DE FRANCE,8,0.5590909090909091
NIMES PONT DU GARD,MONTPELLIER SUD DE FRANCE,9,0.5519886363636364
NIMES PONT DU GARD,MONTPELLIER SUD DE FRANCE,10,0.5528409090909091
NIMES PONT DU GARD,MONTPELLIER SUD DE FRANCE,11,0.548153409090909
NIMES PONT DU GARD,MONTPELLIER SUD DE FRANCE,12,0.2792613636363636
NIMES PONT DU GARD,MONTPELLIER SUD DE FRANCE,13,0.27698863636363635
NIMES PONT DU GARD,MONTPELLIER SUD DE FRANCE,14,0.2785511363636364
NIMES PONT DU GARD,MONTPELLIER SUD DE FRANCE,15,0.2696022727272727
NIMES PONT DU GARD,MONTPELLIER SUD DE FRANCE,16,0.2603693181818182
NIMES PONT DU GARD,MONTPELLIER SUD DE FRANCE,17,0.2598011363636364
NIMES PONT DU GARD,MONTPELLIER SUD DE FRANCE,18,0.2680397727272727
NIMES PONT DU GARD,MONTPELLIER SUD DE FRANCE,19,0.26747159090909095
NIMES PONT DU GARD,MONTPELLIER SUD DE FRANCE,20,0.2507102272727273
NIMES PONT DU GARD,MONTPELLIER SUD DE FRANCE,21,0.2536931818181818
NIMES PONT DU GARD,MONTPELLIER SUD DE FRANCE,22,0.25639204545454547
NIMES PONT DU GARD,MONTPELLIER SUD DE FRANCE,23,0.2627840909090909
NIMES PONT DU GARD,MONTPELLIER SUD DE FRANCE,24,0.2602272727272727
NIMES PONT DU GARD,MONTPELLIER SUD DE FRANCE,25,0.25085227272727273
NIMES PONT DU GARD,MONTPELLIER SUD DE FRANCE,26,0.24275568181818183
NIMES PONT DU GARD,MONTPELLIER SUD DE FRANCE,27,0.24815340909090908
NIMES PONT DU GARD,MONTPELLIER SUD DE FRANCE,28,0.24829545454545457
NIMES PONT DU GARD,MONTPELLIER SUD DE FRANCE,29,0.23376068376068376
NIMES PONT DU GARD,MONTPELLIER SUD DE FRANCE,30,0.03194842406876791
QUIMPER,ANGERS SAINT LAUD,0,0.0
QUIMPER,ANGERS SAINT LAUD,1,0.0
QUIMPER,ANGERS SAINT LAUD,2,0.0
QUIMPER,ANGERS SAINT LAUD,3,0.0
QUIMPER,ANGERS SAINT LAUD,4,0.0
QUIMPER,ANGERS SAINT LAUD,5,0.0
QUIMPER,ANGERS SAINT LAUD,6,0.0
QUIMPER,ANGERS SAINT LAUD,7,0.0
QUIMPER,ANGERS SAINT LAUD,8,0.0
QUIMPER,ANGERS SAINT LAUD,9,0.0
QUIMPER,ANGERS SAINT LAUD,10,0.0
QUIMPER,ANGERS SAINT LAUD,11,0.0
QUIMPER,ANGERS SAINT LAUD,12,0.0
QUIMPER,ANGERS SAINT LAUD,13,0.0
QUIMPER,ANGERS SAINT LAUD,14,0.0
QUIMPER,ANGERS SAINT LAUD,15,0.0
QUIMPER,ANGERS SAINT LAUD,16,0.0
QUIMPER,ANGERS SAINT LAUD,17,0.0
QUIMPER,ANGERS SAINT LAUD,18,0.0
QUIMPER,ANGERS SAINT LAUD,19,0.0
QUIMPER,ANGERS SAINT LAUD,20,0.0
QUIMPER,ANGERS SAINT LAUD,21,0.0
QUIMPER,ANGERS SAINT LAUD,22,0.0
QUIMPER,ANGERS SAINT LAUD,23,0.0
QUIMPER,ANGERS SAINT LAUD,24,0.0
QUIMPER,ANGERS SAINT LAUD,25,0.0
QUIMPER,ANGERS SAINT LAUD,26,0.0
QUIMPER,ANGERS SAINT LAUD,27,0.0
QUIMPER,ANGERS SAINT LAUD,28,0.0
QUIMPER,ANGERS SAINT LAUD,29,0.0
QUIMPER,ANGERS SAINT LAUD,30,0.0
QUIMPER,AURAY,0,0.0
QUIMPER,AURAY,1,0.0
QUIMPER,AURAY,2,0.0
QUIMPER,AURAY,3,0.0
QUIMPER,AURAY,4,0.0
QUIMPER,AURAY,5,0.0
QUIMPER,AURAY,6,0.0
QUIMPER,AURAY,7,0.0
QUIMPER,AURAY,8,0.0
QUIMPER,AURAY,9,0.0
QUIMPER,AURAY,10,0.0
QUIMPER,AURAY,11,0.0
QUIMPER,AURAY,12,0.0
QUIMPER,AURAY,13,0.0
QUIMPER,AURAY,14,0.0
QUIMPER,AURAY,15,0.0
QUIMPER,AURAY,16,0.0
QUIMPER,AURAY,17,0.0
QUIMPER,AURAY,18,0.0
QUIMPER,AURAY,19,0.0
QUIMPER,AURAY,20,0.0
QUIMPER,AURAY,21,0.0
QUIMPER,AURAY,22,0.0
QUIMPER,AURAY,23,0.0
QUIMPER,AURAY,24,0.0
QUIMPER,AURAY,25,0.0
QUIMPER,AURAY,26,0.0
QUIMPER,AURAY,27,0.0
QUIMPER,AURAY,28,0.0
QUIMPER,AURAY,29,0.0
QUIMPER,AURAY,30,0.0
QUIMPER,CHAMBERY CHALLES LES EAUX,0,0.0
QUIMPER,CHAMBERY CHALLES LES EAUX,1,0.0
QUIMPER,CHAMBERY CHALLES LES EAUX,2,0.0
QUIMPER,CHAMBERY CHALLES LES EAUX,3,0.0
QUIMPER,CHAMBERY CHALLES LES EAUX,4,0.0
QUIMPER,CHAMBERY CHALLES LES EAUX,5,0.0
QUIMPER,CHAMBERY CHALLES LES EAUX,6,0.0
QUIMPER,CHAMBERY CHALLES LES EAUX,7,0.0
QUIMPER,CHAMBERY CHALLES LES EAUX,8,0.0
QUIMPER,CHAMBERY CHALLES LES EAUX,9,0.0
QUIMPER,CHAMBERY CHALLES LES EAUX,10,0.0
QUIMPER,CHAMBERY CHALLES LES EAUX,11,0.0
QUIMPER,CHAMBERY CHALLES LES EAUX,12,0.0
QUIMPER,CHAMBERY CHALLES LES EAUX,13,0.0
QUIMPER,CHAMBERY CHALLES LES EAUX,14,0.0
QUIMPER,CHAMBERY CHALLES LES EAUX,15,0.0
QUIMPER,CHAMBERY CHALLES LES EAUX,16,0.0
QUIMPER,CHAMBERY CHALLES LES EAUX,17,0.0
QUIMPER,CHAMBERY CHALLES LES EAUX,18,0.0
QUIMPER,CHAMBERY CHALLES LES EAUX,19,0.0
QUIMPER,CHAMBERY CHALLES LES EAUX,20,0.0
QUIMPER,CHAMBERY CHALLES LES EAUX,21,0.0
QUIMPER,CHAMBERY CHALLES LES EAUX,22,0.0
QUIMPER,CHAMBERY CHALLES LES EAUX,23,0.0
QUIMPER,CHAMBERY CHALLES LES EAUX,24,0.0
QUIMPER,CHAMBERY CHALLES LES EAUX,25,0.0
QUIMPER,CHAMBERY CHALLES LES EAUX,26,0.0
QUIMPER,CHAMBERY CHALLES LES EAUX,27,0.0
QUIMPER,CHAMBERY CHALLES LES EAUX,28,0.0
QUIMPER,CHAMBERY CHALLES LES EAUX,29,0.0
QUIMPER,CHAMBERY CHALLES LES EAUX,30,0.0
QUIMPER,LE MANS,0,0.0
QUIMPER,LE MANS,1,0.0
QUIMPER,LE MANS,2,0.0
QUIMPER,LE MANS,3,0.0
QUIMPER,LE MANS,4,0.0
QUIMPER,LE MANS,5,0.0
QUIMPER,LE MANS,6,0.0
QUIMPER,LE MANS,7,0.0
QUIMPER,LE MANS,8,0.0
QUIMPER,LE MANS,9,0.0
QUIMPER,LE MANS,10,0.0
QUIMPER,LE MANS,11,0.0
QUIMPER,LE MANS,12,0.0
QUIMPER,LE MANS,13,0.0
QUIMPER,LE MANS,14,0.0
QUIMPER,LE MANS,15,0.0
QUIMPER,LE MANS,16,0.0
QUIMPER,LE MANS,17,0.0
QUIMPER,LE MANS,18,0.0
QUIMPER,LE MANS,19,0.0
QUIMPER,LE MANS,20,0.0
QUIMPER,LE MANS,21,0.0
QUIMPER,LE MANS,22,0.0
QUIMPER,LE MANS,23,0.0
QUIMPER,LE MANS,24,0.0
QUIMPER,LE MANS,25,0.0
QUIMPER,LE MANS,26,0.0
QUIMPER,LE MANS,27,0.0
QUIMPER,LE MANS,28,0.0
QUIMPER,LE MANS,29,0.0
QUIMPER,LE MANS,30,0.0
QUIMPER,LORIENT,0,0.0
QUIMPER,LORIENT,1,0.0
QUIMPER,LORIENT,2,0.0
QUIMPER,LORIENT,3,0.0
QUIMPER,LORIENT,4,0.0
QUIMPER,LORIENT,5,0.0
QUIMPER,LORIENT,6,0.0
QUIMPER,LORIENT,7,0.0
QUIMPER,LORIENT,8,0.0
QUIMPER,LORIENT,9,0.0
QUIMPER,LORIENT,10,0.0
QUIMPER,LORIENT,11,0.0
QUIMPER,LORIENT,12,0.0
QUIMPER,LORIENT,13,0.0
QUIMPER,LORIENT,14,0.0
QUIMPER,LORIENT,15,0.0
QUIMPER,LORIENT,16,0.0
QUIMPER,LORIENT,17,0.0
QUIMPER,LORIENT,18,0.0
QUIMPER,LORIENT,19,0.0
QUIMPER,LORIENT,20,0.0
QUIMPER,LORIENT,21,0.0
QUIMPER,LORIENT,22,0.0
QUIMPER,LORIENT,23,0.0
QUIMPER,LORIENT,24,0.0
QUIMPER,LORIENT,25,0.0
QUIMPER,LORIENT,26,0.0
QUIMPER,LORIENT,27,0.0
QUIMPER,LORIENT,28,0.0
QUIMPER,LORIENT,29,0.0
QUIMPER,LORIENT,30,0.0
QUIMPER,MASSY TGV,0,0.0
QUIMPER,MASSY TGV,1,0.0
QUIMPER,MASSY TGV,2,0.05
QUIMPER,MASSY TGV,3,0.0
QUIMPER,MASSY TGV,4,0.0
QUIMPER,MASSY TGV,5,0.0
QUIMPER,MASSY TGV,6,0.0
QUIMPER,MASSY TGV,7,0.0
QUIMPER,MASSY TGV,8,0.0
QUIMPER,MASSY TGV,9,0.0
QUIMPER,MASSY TGV,10,0.0
QUIMPER,MASSY TGV,11,0.05
QUIMPER,MASSY TGV,12,0.05
QUIMPER,MASSY TGV,13,0.0
QUIMPER,MASSY TGV,14,0.0
QUIMPER,MASSY TGV,15,0.0
QUIMPER,MASSY TGV,16,0.0
QUIMPER,MASSY TGV,17,0.0
QUIMPER,MASSY TGV,18,0.0
QUIMPER,MASSY TGV,19,0.0
QUIMPER,MASSY TGV,20,0.0
QUIMPER,MASSY TGV,21,0.0
QUIMPER,MASSY TGV,22,0.0
QUIMPER,MASSY TGV,23,0.0
QUIMPER,MASSY TGV,24,0.0
QUIMPER,MASSY TGV,25,0.0
QUIMPER,MASSY TGV,26,0.0
QUIMPER,MASSY TGV,27,0.0
QUIMPER,MASSY TGV,28,0.0
QUIMPER,MASSY TGV,29,0.0
QUIMPER,MASSY TGV,30,0.0
QUIMPER,MODANE,0,0.0
QUIMPER,MODANE,1,0.0
QUIMPER,MODANE,2,0.0
QUIMPER,MODANE,3,0.0
QUIMPER,MODANE,4,0.0
QUIMPER,MODANE,5,0.0
QUIMPER,MODANE,6,0.0
QUIMPER,MODANE,7,0.0
QUIMPER,MODANE,8,0.0
QUIMPER,MODANE,9,0.0
QUIMPER,MODANE,10,0.0
QUIMPER,MODANE,11,0.0
QUIMPER,MODANE,12,0.0
QUIMPER,MODANE,13,0.0
QUIMPER,MODANE,14,0.0
QUIMPER,MODANE,15,0.0
QUIMPER,MODANE,16,0.0
QUIMPER,MODANE,17,0.0
QUIMPER,MODANE,18,0.0
QUIMPER,MODANE,19,0.0
QUIMPER,MODANE,20,0.0
QUIMPER,MODANE,21,0.0
QUIMPER,MODANE,22,0.0
QUIMPER,MODANE,23,0.0
QUIMPER,MODANE,24,0.0
QUIMPER,MODANE,25,0.0
QUIMPER,MODANE,26,0.0
QUIMPER,MODANE,27,0.0
QUIMPER,MODANE,28,0.0
QUIMPER,MODANE,29,0.0
QUIMPER,MODANE,30,0.0
QUIMPER,NANTES,0,0.0
QUIMPER,NANTES,1,0.0
QUIMPER,NANTES,2,0.0
QUIMPER,NANTES,3,0.0
QUIMPER,NANTES,4,0.0
QUIMPER,NANTES,5,0.0
QUIMPER,NANTES,6,0.0
QUIMPER,NANTES,7,0.0
QUIMPER,NANTES,8,0.0
QUIMPER,NANTES,9,0.0
QUIMPER,NANTES,10,0.0
QUIMPER,NANTES,11,0.0
QUIMPER,NANTES,12,0.0
QUIMPER,NANTES,13,0.0
QUIMPER,NANTES,14,0.0
QUIMPER,NANTES,15,0.0
QUIMPER,NANTES,16,0.0
QUIMPER,NANTES,17,0.0
QUIMPER,NANTES,18,0.0
QUIMPER,NANTES,19,0.0
QUIMPER,NANTES,20,0.0
QUIMPER,NANTES,21,0.0
QUIMPER,NANTES,22,0.0
QUIMPER,NANTES,23,0.0
QUIMPER,NANTES,24,0.0
QUIMPER,NANTES,25,0.0
QUIMPER,NANTES,26,0.0
QUIMPER,NANTES,27,0.0
QUIMPER,NANTES,28,0.0
QUIMPER,NANTES,29,0.0
QUIMPER,NANTES,30,0.0
QUIMPER,REDON,0,0.0
QUIMPER,REDON,1,0.0
QUIMPER,REDON,2,0.0
QUIMPER,REDON,3,0.0
QUIMPER,REDON,4,0.0
QUIMPER,REDON,5,0.0
QUIMPER,REDON,6,0.0
QUIMPER,REDON,7,0.0
QUIMPER,REDON,8,0.0
QUIMPER,REDON,9,0.0
QUIMPER,REDON,10,0.0
QUIMPER,REDON,11,0.0
QUIMPER,REDON,12,0.0
QUIMPER,REDON,13,0.0
QUIMPER,REDON,14,0.0
QUIMPER,REDON,15,0.0
QUIMPER,REDON,16,0.0
QUIMPER,REDON,17,0.0
QUIMPER,REDON,18,0.0
QUIMPER,REDON,19,0.0
QUIMPER,REDON,20,0.0
QUIMPER,REDON,21,0.0
QUIMPER,REDON,22,0.0
QUIMPER,REDON,23,0.0
QUIMPER,REDON,24,0.0
QUIMPER,REDON,25,0.0
QUIMPER,REDON,26,0.0
QUIMPER,REDON,27,0.0
QUIMPER,REDON,28,0.0
QUIMPER,REDON,29,0.0
QUIMPER,REDON,30,0.0
QUIMPER,SAINT AVRE LA CHAMBRE,0,0.0
QUIMPER,SAINT AVRE LA CHAMBRE,1,0.05
QUIMPER,SAINT AVRE LA CHAMBRE,2,0.0
QUIMPER,SAINT AVRE LA CHAMBRE,3,0.05
QUIMPER,SAINT AVRE LA CHAMBRE,4,0.0
QUIMPER,SAINT AVRE LA CHAMBRE,5,0.0
QUIMPER,SAINT AVRE LA CHAMBRE,6,0.0
QUIMPER,SAINT AVRE LA CHAMBRE,7,0.05
QUIMPER,SAINT AVRE LA CHAMBRE,8,0.0
QUIMPER,SAINT AVRE LA CHAMBRE,9,0.0
QUIMPER,SAINT AVRE LA CHAMBRE,10,0.0
QUIMPER,SAINT AVRE LA CHAMBRE,11,0.0
QUIMPER,SAINT AVRE LA CHAMBRE,12,0.0
QUIMPER,SAINT AVRE LA CHAMBRE,13,0.0
QUIMPER,SAINT AVRE LA CHAMBRE,14,0.0
QUIMPER,SAINT AVRE LA CHAMBRE,15,0.0
QUIMPER,SAINT AVRE LA CHAMBRE,16,0.0
QUIMPER,SAINT AVRE LA CHAMBRE,17,0.0
QUIMPER,SAINT AVRE LA CHAMBRE,18,0.0
QUIMPER,SAINT AVRE LA CHAMBRE,19,0.0
QUIMPER,SAINT AVRE LA CHAMBRE,20,0.0
QUIMPER,SAINT AVRE LA CHAMBRE,21,0.0
QUIMPER,SAINT AVRE LA CHAMBRE,22,0.0
QUIMPER,SAINT AVRE LA CHAMBRE,23,0.0
QUIMPER,SAINT AVRE LA CHAMBRE,24,0.0
QUIMPER,SAINT AVRE LA CHAMBRE,25,0.0
QUIMPER,SAINT AVRE LA CHAMBRE,26,0.0
QUIMPER,SAINT AVRE LA CHAMBRE,27,0.0
QUIMPER,SAINT AVRE LA CHAMBRE,28,0.0
QUIMPER,SAINT AVRE LA CHAMBRE,29,0.0
QUIMPER,SAINT AVRE LA CHAMBRE,30,0.0
QUIMPER,ST JEAN DE MAURIENNE ARVAN,0,0.0
QUIMPER,ST JEAN DE MAURIENNE ARVAN,1,0.05
QUIMPER,ST JEAN DE MAURIENNE ARVAN,2,0.0
QUIMPER,ST JEAN DE MAURIENNE ARVAN,3,0.0
QUIMPER,ST JEAN DE MAURIENNE ARVAN,4,0.0
QUIMPER,ST JEAN DE MAURIENNE ARVAN,5,0.0
QUIMPER,ST JEAN DE MAURIENNE ARVAN,6,0.0
QUIMPER,ST JEAN DE MAURIENNE ARVAN,7,0.0
QUIMPER,ST JEAN DE MAURIENNE ARVAN,8,0.0
QUIMPER,ST JEAN DE MAURIENNE ARVAN,9,0.0
QUIMPER,ST JEAN DE MAURIENNE ARVAN,10,0.0
QUIMPER,ST JEAN DE MAURIENNE ARVAN,11,0.0
QUIMPER,ST JEAN DE MAURIENNE ARVAN,12,0.0
QUIMPER,ST JEAN DE MAURIENNE ARVAN,13,0.0
QUIMPER,ST JEAN DE MAURIENNE ARVAN,14,0.0
QUIMPER,ST JEAN DE MAURIENNE ARVAN,15,0.0
QUIMPER,ST JEAN DE MAURIENNE ARVAN,16,0.0
QUIMPER,ST JEAN DE MAURIENNE ARVAN,17,0.0
QUIMPER,ST JEAN DE MAURIENNE ARVAN,18,0.0
QUIMPER,ST JEAN DE MAURIENNE ARVAN,19,0.0
QUIMPER,ST JEAN DE MAURIENNE ARVAN,20,0.0
QUIMPER,ST JEAN DE MAURIENNE ARVAN,21,0.0
QUIMPER,ST JEAN DE MAURIENNE ARVAN,22,0.0
QUIMPER,ST JEAN DE MAURIENNE ARVAN,23,0.0
QUIMPER,ST JEAN DE MAURIENNE ARVAN,24,0.0
QUIMPER,ST JEAN DE MAURIENNE ARVAN,25,0.0
QUIMPER,ST JEAN DE MAURIENNE ARVAN,26,0.0
QUIMPER,ST JEAN DE MAURIENNE ARVAN,27,0.0
QUIMPER,ST JEAN DE MAURIENNE ARVAN,28,0.0
QUIMPER,ST JEAN DE MAURIENNE ARVAN,29,0.0
QUIMPER,ST JEAN DE MAURIENNE ARVAN,30,0.0
QUIMPER,ST MICHEL VALLOIRE,0,0.0
QUIMPER,ST MICHEL VALLOIRE,1,0.05
QUIMPER,ST MICHEL VALLOIRE,2,0.0
QUIMPER,ST MICHEL VALLOIRE,3,0.05
QUIMPER,ST MICHEL VALLOIRE,4,0.0
QUIMPER,ST MICHEL VALLOIRE,5,0.0
QUIMPER,ST MICHEL VALLOIRE,6,0.0
QUIMPER,ST MICHEL VALLOIRE,7,0.0
QUIMPER,ST MICHEL VALLOIRE,8,0.0
QUIMPER,ST MICHEL VALLOIRE,9,0.0
QUIMPER,ST MICHEL VALLOIRE,10,0.0
QUIMPER,ST MICHEL VALLOIRE,11,0.0
QUIMPER,ST MICHEL VALLOIRE,12,0.0
QUIMPER,ST MICHEL VALLOIRE,13,0.0
QUIMPER,ST MICHEL VALLOIRE,14,0.0
QUIMPER,ST MICHEL VALLOIRE,15,0.0
QUIMPER,ST MICHEL VALLOIRE,16,0.0
QUIMPER,ST MICHEL VALLOIRE,17,0.0
QUIMPER,ST MICHEL VALLOIRE,18,0.0
QUIMPER,ST MICHEL VALLOIRE,19,0.0
QUIMPER,ST MICHEL VALLOIRE,20,0.0
QUIMPER,ST MICHEL VALLOIRE,21,0.0
QUIMPER,ST MICHEL VALLOIRE,22,0.0
QUIMPER,ST MICHEL VALLOIRE,23,0.0
QUIMPER,ST MICHEL VALLOIRE,24,0.0
QUIMPER,ST MICHEL VALLOIRE,25,0.0
QUIMPER,ST MICHEL VALLOIRE,26,0.0
QUIMPER,ST MICHEL VALLOIRE,27,0.0
QUIMPER,ST MICHEL VALLOIRE,28,0.0
QUIMPER,ST MICHEL VALLOIRE,29,0.0
QUIMPER,ST MICHEL VALLOIRE,30,0.0
QUIMPER,VANNES,0,0.0
QUIMPER,VANNES,1,0.0
QUIMPER,VANNES,2,0.0
QUIMPER,VANNES,3,0.0
QUIMPER,VANNES,4,0.0
QUIMPER,VANNES,5,0.0
QUIMPER,VANNES,6,0.0
QUIMPER,VANNES,7,0.0
QUIMPER,VANNES,8,0.0
QUIMPER,VANNES,9,0.0
QUIMPER,VANNES,10,0.0
QUIMPER,VANNES,11,0.0
QUIMPER,VANNES,12,0.0
QUIMPER,VANNES,13,0.0
QUIMPER,VANNES,14,0.0
QUIMPER,VANNES,15,0.0
QUIMPER,VANNES,16,0.0
QUIMPER,VANNES,17,0.0
QUIMPER,VANNES,18,0.0
QUIMPER,VANNES,19,0.0
QUIMPER,VANNES,20,0.0
QUIMPER,VANNES,21,0.0
QUIMPER,VANNES,22,0.0
QUIMPER,VANNES,23,0.0
QUIMPER,VANNES,24,0.0
QUIMPER,VANNES,25,0.0
QUIMPER,VANNES,26,0.0
QUIMPER,VANNES,27,0.0
QUIMPER,VANNES,28,0.0
QUIMPER,VANNES,29,0.0
QUIMPER,VANNES,30,0.0
REDON,ANGERS SAINT LAUD,0,0.0
REDON,ANGERS SAINT LAUD,1,0.0
REDON,ANGERS SAINT LAUD,2,0.05
REDON,ANGERS SAINT LAUD,3,0.0
REDON,ANGERS SAINT LAUD,4,0.0
REDON,ANGERS SAINT LAUD,5,0.0
REDON,ANGERS SAINT LAUD,6,0.0
REDON,ANGERS SAINT LAUD,7,0.0
REDON,ANGERS SAINT LAUD,8,0.0
REDON,ANGERS SAINT LAUD,9,0.0
REDON,ANGERS SAINT LAUD,10,0.0
REDON,ANGERS SAINT LAUD,11,0.0
REDON,ANGERS SAINT LAUD,12,0.0
REDON,ANGERS SAINT LAUD,13,0.0
REDON,ANGERS SAINT LAUD,14,0.0
REDON,ANGERS SAINT LAUD,15,0.0
REDON,ANGERS SAINT LAUD,16,0.0
REDON,ANGERS SAINT LAUD,17,0.0
REDON,ANGERS SAINT LAUD,18,0.0
REDON,ANGERS SAINT LAUD,19,0.0
REDON,ANGERS SAINT LAUD,20,0.0
REDON,ANGERS SAINT LAUD,21,0.0
REDON,ANGERS SAINT LAUD,22,0.0
REDON,ANGERS SAINT LAUD,23,0.0
REDON,ANGERS SAINT LAUD,24,0.0
REDON,ANGERS SAINT LAUD,25,0.0
REDON,ANGERS SAINT LAUD,26,0.0
REDON,ANGERS SAINT LAUD,27,0.0
REDON,ANGERS SAINT LAUD,28,0.0
REDON,ANGERS SAINT LAUD,29,0.0
REDON,ANGERS SAINT LAUD,30,0.0
REDON,CHAMBERY CHALLES LES EAUX,0,0.0
REDON,CHAMBERY CHALLES LES EAUX,1,0.0
REDON,CHAMBERY CHALLES LES EAUX,2,0.0
REDON,CHAMBERY CHALLES LES EAUX,3,0.0
REDON,CHAMBERY CHALLES LES EAUX,4,0.0
REDON,CHAMBERY CHALLES LES EAUX,5,0.0
REDON,CHAMBERY CHALLES LES EAUX,6,0.0
REDON,CHAMBERY CHALLES LES EAUX,7,0.0
REDON,CHAMBERY CHALLES LES EAUX,8,0.0
REDON,CHAMBERY CHALLES LES EAUX,9,0.0
REDON,CHAMBERY CHALLES LES EAUX,10,0.0
REDON,CHAMBERY CHALLES LES EAUX,11,0.0
REDON,CHAMBERY CHALLES LES EAUX,12,0.0
REDON,CHAMBERY CHALLES LES EAUX,13,0.0
REDON,CHAMBERY CHALLES LES EAUX,14,0.0
REDON,CHAMBERY CHALLES LES EAUX,15,0.0
REDON,CHAMBERY CHALLES LES EAUX,16,0.0
REDON,CHAMBERY CHALLES LES EAUX,17,0.0
REDON,CHAMBERY CHALLES LES EAUX,18,0.0
REDON,CHAMBERY CHALLES LES EAUX,19,0.0
REDON,CHAMBERY CHALLES LES EAUX,20,0.0
REDON,CHAMBERY CHALLES LES EAUX,21,0.0
REDON,CHAMBERY CHALLES LES EAUX,22,0.0
REDON,CHAMBERY CHALLES LES EAUX,23,0.0
REDON,CHAMBERY CHALLES LES EAUX,24,0.0
REDON,CHAMBERY CHALLES LES EAUX,25,0.0
REDON,CHAMBERY CHALLES LES EAUX,26,0.0
REDON,CHAMBERY CHALLES LES EAUX,27,0.0
REDON,CHAMBERY CHALLES LES EAUX,28,0.0
REDON,CHAMBERY CHALLES LES EAUX,29,0.0
REDON,CHAMBERY CHALLES LES EAUX,30,0.0
REDON,LE MANS,0,0.05
REDON,LE MANS,1,0.0
REDON,LE MANS,2,0.0
REDON,LE MANS,3,0.0
REDON,LE MANS,4,0.0
REDON,LE MANS,5,0.0
REDON,LE MANS,6,0.0
REDON,LE MANS,7,0.0
REDON,LE MANS,8,0.0
REDON,LE MANS,9,0.0
REDON,LE MANS,10,0.0
REDON,LE MANS,11,0.0
REDON,LE MANS,12,0.0
REDON,LE MANS,13,0.0
REDON,LE MANS,14,0.0
REDON,LE MANS,15,0.0
REDON,LE MANS,16,0.0
REDON,LE MANS,17,0.0
REDON,LE MANS,18,0.0
REDON,LE MANS,19,0.0
REDON,LE MANS,20,0.0
REDON,LE MANS,21,0.0
REDON,LE MANS,22,0.0
REDON,LE MANS,23,0.0
REDON,LE MANS,24,0.0
REDON,LE MANS,25,0.0
REDON,LE MANS,26,0.0
REDON,LE MANS,27,0.0
REDON,LE MANS,28,0.0
REDON,LE MANS,29,0.0
REDON,LE MANS,30,0.0
REDON,MASSY TGV,0,0.0
REDON,MASSY TGV,1,0.0
REDON,MASSY TGV,2,0.0
REDON,MASSY TGV,3,0.0
REDON,MASSY TGV,4,0.05
REDON,MASSY TGV,5,0.05
REDON,MASSY TGV,6,0.05
REDON,MASSY TGV,7,0.0
REDON,MASSY TGV,8,0.05
REDON,MASSY TGV,9,0.0
REDON,MASSY TGV,10,0.0
REDON,MASSY TGV,11,0.0
REDON,MASSY TGV,12,0.0
REDON,MASSY TGV,13,0.0
REDON,MASSY TGV,14,0.0
REDON,MASSY TGV,15,0.0
REDON,MASSY TGV,16,0.0
REDON,MASSY TGV,17,0.0
REDON,MASSY TGV,18,0.0
REDON,MASSY TGV,19,0.0
REDON,MASSY TGV,20,0.0
REDON,MASSY TGV,21,0.0
REDON,MASSY TGV,22,0.0
REDON,MASSY TGV,23,0.0
REDON,MASSY TGV,24,0.0
REDON,MASSY TGV,25,0.0
REDON,MASSY TGV,26,0.0
REDON,MASSY TGV,27,0.0
REDON,MASSY TGV,28,0.0
REDON,MASSY TGV,29,0.0
REDON,MASSY TGV,30,0.0
REDON,MODANE,0,0.1
REDON,MODANE,1,0.0
REDON,MODANE,2,0.0
REDON,MODANE,3,0.05
REDON,MODANE,4,0.0
REDON,MODANE,5,0.0
REDON,MODANE,6,0.0
REDON,MODANE,7,0.0
REDON,MODANE,8,0.0
REDON,MODANE,9,0.0
REDON,MODANE,10,0.0
REDON,MODANE,11,0.0
REDON,MODANE,12,0.0
REDON,MODANE,13,0.0
REDON,MODANE,14,0.0
REDON,MODANE,15,0.0
REDON,MODANE,16,0.0
REDON,MODANE,17,0.0
REDON,MODANE,18,0.0
REDON,MODANE,19,0.0
REDON,MODANE,20,0.0
REDON,MODANE,21,0.0
REDON,MODANE,22,0.0
REDON,MODANE,23,0.0
REDON,MODANE,24,0.0
REDON,MODANE,25,0.0
REDON,MODANE,26,0.0
REDON,MODANE,27,0.0
REDON,MODANE,28,0.0
REDON,MODANE,29,0.0
REDON,MODANE,30,0.0
REDON,NANTES,0,0.0
REDON,NANTES,1,0.0
REDON,NANTES,2,0.0
REDON,NANTES,3,0.0
REDON,NANTES,4,0.0
REDON,NANTES,5,0.0
REDON,NANTES,6,0.0
REDON,NANTES,7,0.0
REDON,NANTES,8,0.0
REDON,NANTES,9,0.0
REDON,NANTES,10,0.0
REDON,NANTES,11,0.0
REDON,NANTES,12,0.0
REDON,NANTES,13,0.0
REDON,NANTES,14,0.0
REDON,NANTES,15,0.0
REDON,NANTES,16,0.0
REDON,NANTES,17,0.0
REDON,NANTES,18,0.0
REDON,NANTES,19,0.0
REDON,NANTES,20,0.0
REDON,NANTES,21,0.0
REDON,NANTES,22,0.0
REDON,NANTES,23,0.0
REDON,NANTES,24,0.0
REDON,NANTES,25,0.0
REDON,NANTES,26,0.0
REDON,NANTES,27,0.0
REDON,NANTES,28,0.0
REDON,NANTES,29,0.0
REDON,NANTES,30,0.0
REDON,SAINT AVRE LA CHAMBRE,0,0.05
REDON,SAINT AVRE LA CHAMBRE,1,0.0
REDON,SAINT AVRE LA CHAMBRE,2,0.0
REDON,SAINT AVRE LA CHAMBRE,3,0.0
REDON,SAINT AVRE LA CHAMBRE,4,0.0
REDON,SAINT AVRE LA CHAMBRE,5,0.0
REDON,SAINT AVRE LA CHAMBRE,6,0.0
REDON,SAINT AVRE LA CHAMBRE,7,0.0
REDON,SAINT AVRE LA CHAMBRE,8,0.0
REDON,SAINT AVRE LA CHAMBRE,9,0.0
REDON,SAINT AVRE LA CHAMBRE,10,0.0
REDON,SAINT AVRE LA CHAMBRE,11,0.0
REDON,SAINT AVRE LA CHAMBRE,12,0.0
REDON,SAINT AVRE LA CHAMBRE,13,0.0
REDON,SAINT AVRE LA CHAMBRE,14,0.0
REDON,SAINT AVRE LA CHAMBRE,15,0.0
REDON,SAINT AVRE LA CHAMBRE,16,0.0
REDON,SAINT AVRE LA CHAMBRE,17,0.0
REDON,SAINT AVRE LA CHAMBRE,18,0.0
REDON,SAINT AVRE LA CHAMBRE,19,0.0
REDON,SAINT AVRE LA CHAMBRE,20,0.0
REDON,SAINT AVRE LA CHAMBRE,21,0.0
REDON,SAINT AVRE LA CHAMBRE,22,0.0
REDON,SAINT AVRE LA CHAMBRE,23,0.0
REDON,SAINT AVRE LA CHAMBRE,24,0.0
REDON,SAINT AVRE LA CHAMBRE,25,0.0
REDON,SAINT AVRE LA CHAMBRE,26,0.0
REDON,SAINT AVRE LA CHAMBRE,27,0.0
REDON,SAINT AVRE LA CHAMBRE,28,0.0
REDON,SAINT AVRE LA CHAMBRE,29,0.0
REDON,SAINT AVRE LA CHAMBRE,30,0.0
REDON,ST JEAN DE MAURIENNE ARVAN,0,0.05
REDON,ST JEAN DE MAURIENNE ARVAN,1,0.0
REDON,ST JEAN DE MAURIENNE ARVAN,2,0.0
REDON,ST JEAN DE MAURIENNE ARVAN,3,0.0
REDON,ST JEAN DE MAURIENNE ARVAN,4,0.0
REDON,ST JEAN DE MAURIENNE ARVAN,5,0.0
REDON,ST JEAN DE MAURIENNE ARVAN,6,0.0
REDON,ST JEAN DE MAURIENNE ARVAN,7,0.0
REDON,ST JEAN DE MAURIENNE ARVAN,8,0.0
REDON,ST JEAN DE MAURIENNE ARVAN,9,0.0
REDON,ST JEAN DE MAURIENNE ARVAN,10,0.0
REDON,ST JEAN DE MAURIENNE ARVAN,11,0.0
REDON,ST JEAN DE MAURIENNE ARVAN,12,0.0
REDON,ST JEAN DE MAURIENNE ARVAN,13,0.0
REDON,ST JEAN DE MAURIENNE ARVAN,14,0.0
REDON,ST JEAN DE MAURIENNE ARVAN,15,0.0
REDON,ST JEAN DE MAURIENNE ARVAN,16,0.0
REDON,ST JEAN DE MAURIENNE ARVAN,17,0.0
REDON,ST JEAN DE MAURIENNE ARVAN,18,0.0
REDON,ST JEAN DE MAURIENNE ARVAN,19,0.0
REDON,ST JEAN DE MAURIENNE ARVAN,20,0.0
REDON,ST JEAN DE MAURIENNE ARVAN,21,0.0
REDON,ST JEAN DE MAURIENNE ARVAN,22,0.0
REDON,ST JEAN DE MAURIENNE ARVAN,23,0.0
REDON,ST JEAN DE MAURIENNE ARVAN,24,0.0
REDON,ST JEAN DE MAURIENNE ARVAN,25,0.0
REDON,ST JEAN DE MAURIENNE ARVAN,26,0.0
REDON,ST JEAN DE MAURIENNE ARVAN,27,0.0
REDON,ST JEAN DE MAURIENNE ARVAN,28,0.0
REDON,ST JEAN DE MAURIENNE ARVAN,29,0.0
REDON,ST JEAN DE MAURIENNE ARVAN,30,0.0
REDON,ST MICHEL VALLOIRE,0,0.0
REDON,ST MICHEL VALLOIRE,1,0.0
REDON,ST MICHEL VALLOIRE,2,0.0
REDON,ST MICHEL VALLOIRE,3,0.05
REDON,ST MICHEL VALLOIRE,4,0.0
REDON,ST MICHEL VALLOIRE,5,0.0
REDON,ST MICHEL VALLOIRE,6,0.0
REDON,ST MICHEL VALLOIRE,7,0.0
REDON,ST MICHEL VALLOIRE,8,0.0
REDON,ST MICHEL VALLOIRE,9,0.0
REDON,ST MICHEL VALLOIRE,10,0.0
REDON,ST MICHEL VALLOIRE,11,0.0
REDON,ST MICHEL VALLOIRE,12,0.0
REDON,ST MICHEL VALLOIRE,13,0.0
REDON,ST MICHEL VALLOIRE,14,0.0
REDON,ST MICHEL VALLOIRE,15,0.0
REDON,ST MICHEL VALLOIRE,16,0.0
REDON,ST MICHEL VALLOIRE,17,0.0
REDON,ST MICHEL VALLOIRE,18,0.0
REDON,ST MICHEL VALLOIRE,19,0.0
REDON,ST MICHEL VALLOIRE,20,0.0
REDON,ST MICHEL VALLOIRE,21,0.0
REDON,ST MICHEL VALLOIRE,22,0.0
REDON,ST MICHEL VALLOIRE,23,0.0
REDON,ST MICHEL VALLOIRE,24,0.0
REDON,ST MICHEL VALLOIRE,25,0.0
REDON,ST MICHEL VALLOIRE,26,0.0
REDON,ST MICHEL VALLOIRE,27,0.0
REDON,ST MICHEL VALLOIRE,28,0.0
REDON,ST MICHEL VALLOIRE,29,0.0
REDON,ST MICHEL VALLOIRE,30,0.0
RENNES,AIME LA PLAGNE,0,0.3666666666666667
RENNES,AIME LA PLAGNE,1,0.35000000000000003
RENNES,AIME LA PLAGNE,2,0.19166666666666668
RENNES,AIME LA PLAGNE,3,0.16666666666666666
RENNES,AIME LA PLAGNE,4,0.16666666666666666
RENNES,AIME LA PLAGNE,5,0.16666666666666666
RENNES,AIME LA PLAGNE,6,0.17500000000000002
RENNES,AIME LA PLAGNE,7,0.17500000000000002
RENNES,AIME LA PLAGNE,8,0.16666666666666666
RENNES,AIME LA PLAGNE,9,0.16666666666666666
RENNES,AIME LA PLAGNE,10,0.16666666666666666
RENNES,AIME LA PLAGNE,11,0.16666666666666666
RENNES,AIME LA PLAGNE,12,0.16666666666666666
RENNES,AIME LA PLAGNE,13,0.16666666666666666
RENNES,AIME LA PLAGNE,14,0.16666666666666666
RENNES,AIME LA PLAGNE,15,0.16666666666666666
RENNES,AIME LA PLAGNE,16,0.16666666666666666
RENNES,AIME LA PLAGNE,17,0.17500000000000002
RENNES,AIME LA PLAGNE,18,0.16666666666666666
RENNES,AIME LA PLAGNE,19,0.16666666666666666
RENNES,AIME LA PLAGNE,20,0.17500000000000002
RENNES,AIME LA PLAGNE,21,0.17500000000000002
RENNES,AIME LA PLAGNE,22,0.16666666666666666
RENNES,AIME LA PLAGNE,23,0.16666666666666666
RENNES,AIME LA PLAGNE,24,0.16666666666666666
RENNES,AIME LA PLAGNE,25,0.16666666666666666
RENNES,AIME LA PLAGNE,26,0.16666666666666666
RENNES,AIME LA PLAGNE,27,0.16666666666666666
RENNES,AIME LA PLAGNE,28,0.16666666666666666
RENNES,AIME LA PLAGNE,29,0.016666666666666666
RENNES,AIME LA PLAGNE,30,0.016666666666666666
RENNES,AIX EN PROVENCE TGV,0,0.19544159544159542
RENNES,AIX EN PROVENCE TGV,1,0.21082621082621084
RENNES,AIX EN PROVENCE TGV,2,0.21581196581196582
RENNES,AIX EN PROVENCE TGV,3,0.20170940170940171
RENNES,AIX EN PROVENCE TGV,4,0.07421652421652422
RENNES,AIX EN PROVENCE TGV,5,0.0698005698005698
RENNES,AIX EN PROVENCE TGV,6,0.07663817663817664
RENNES,AIX EN PROVENCE TGV,7,0.07393162393162393
RENNES,AIX EN PROVENCE TGV,8,0.06239316239316239
RENNES,AIX EN PROVENCE TGV,9,0.06428571428571428
RENNES,AIX EN PROVENCE TGV,10,0.07148997134670487
RENNES,AIX EN PROVENCE TGV,11,0.06810344827586207
RENNES,AIX EN PROVENCE TGV,12,0.011527377521613832
RENNES,AIX EN PROVENCE TGV,13,0.007204610951008645
RENNES,AIX EN PROVENCE TGV,14,0.004913294797687861
RENNES,AIX EN PROVENCE TGV,15,0.00608695652173913
RENNES,AIX EN PROVENCE TGV,16,0.005813953488372093
RENNES,AIX EN PROVENCE TGV,17,0.004518950437317784
RENNES,AIX EN PROVENCE TGV,18,0.004093567251461988
RENNES,AIX EN PROVENCE TGV,19,0.006598240469208211
RENNES,AIX EN PROVENCE TGV,20,0.01073529411764706
RENNES,AIX EN PROVENCE TGV,21,0.010176991150442478
RENNES,AIX EN PROVENCE TGV,22,0.015236686390532545
RENNES,AIX EN PROVENCE TGV,23,0.014243323442136498
RENNES,AIX EN PROVENCE TGV,24,0.012202380952380954
RENNES,AIX EN PROVENCE TGV,25,0.009253731343283582
RENNES,AIX EN PROVENCE TGV,26,0.008982035928143712
RENNES,AIX EN PROVENCE TGV,27,0.012162162162162161
RENNES,AIX EN PROVENCE TGV,28,0.011897590361445784
RENNES,AIX EN PROVENCE TGV,29,0.011178247734138972
RENNES,AIX EN PROVENCE TGV,30,0.0016717325227963526
RENNES,ALBERTVILLE,0,0.3166666666666667
RENNES,ALBERTVILLE,1,0.325
RENNES,ALBERTVILLE,2,0.20833333333333334
RENNES,ALBERTVILLE,3,0.17500000000000002
RENNES,ALBERTVILLE,4,0.16666666666666666
RENNES,ALBERTVILLE,5,0.16666666666666666
RENNES,ALBERTVILLE,6,0.17500000000000002
RENNES,ALBERTVILLE,7,0.16666666666666666
RENNES,ALBERTVILLE,8,0.15833333333333333
RENNES,ALBERTVILLE,9,0.15833333333333333
RENNES,ALBERTVILLE,10,0.16666666666666666
RENNES,ALBERTVILLE,11,0.19166666666666665
RENNES,ALBERTVILLE,12,0.17500000000000002
RENNES,ALBERTVILLE,13,0.16666666666666666
RENNES,ALBERTVILLE,14,0.16666666666666666
RENNES,ALBERTVILLE,15,0.16666666666666666
RENNES,ALBERTVILLE,16,0.16666666666666666
RENNES,ALBERTVILLE,17,0.16666666666666666
RENNES,ALBERTVILLE,18,0.16666666666666666
RENNES,ALBERTVILLE,19,0.16666666666666666
RENNES,ALBERTVILLE,20,0.16666666666666666
RENNES,ALBERTVILLE,21,0.16666666666666666
RENNES,ALBERTVILLE,22,0.16666666666666666
RENNES,ALBERTVILLE,23,0.16666666666666666
RENNES,ALBERTVILLE,24,0.16666666666666666
RENNES,ALBERTVILLE,25,0.16666666666666666
RENNES,ALBERTVILLE,26,0.18333333333333335
RENNES,ALBERTVILLE,27,0.18333333333333335
RENNES,ALBERTVILLE,28,0.16666666666666666
RENNES,ALBERTVILLE,29,0.016666666666666666
RENNES,ALBERTVILLE,30,0.0
RENNES,AVIGNON TGV,0,0.196011396011396
RENNES,AVIGNON TGV,1,0.20783475783475786
RENNES,AVIGNON TGV,2,0.2175213675213675
RENNES,AVIGNON TGV,3,0.2005698005698006
RENNES,AVIGNON TGV,4,0.07606837606837606
RENNES,AVIGNON TGV,5,0.07051282051282051
RENNES,AVIGNON TGV,6,0.07492877492877494
RENNES,AVIGNON TGV,7,0.07635327635327635
RENNES,AVIGNON TGV,8,0.06210826210826211
RENNES,AVIGNON TGV,9,0.06428571428571428
RENNES,AVIGNON TGV,10,0.06934097421203438
RENNES,AVIGNON TGV,11,0.07370689655172413
RENNES,AVIGNON TGV,12,0.010806916426512969
RENNES,AVIGNON TGV,13,0.006340057636887608
RENNES,AVIGNON TGV,14,0.004479768786127168
RENNES,AVIGNON TGV,15,0.005797101449275362
RENNES,AVIGNON TGV,16,0.005813953488372093
RENNES,AVIGNON TGV,17,0.003935860058309038
RENNES,AVIGNON TGV,18,0.003362573099415205
RENNES,AVIGNON TGV,19,0.006744868035190615
RENNES,AVIGNON TGV,20,0.011911764705882353
RENNES,AVIGNON TGV,21,0.012831858407079644
RENNES,AVIGNON TGV,22,0.015532544378698224
RENNES,AVIGNON TGV,23,0.015133531157270029
RENNES,AVIGNON TGV,24,0.01294642857142857
RENNES,AVIGNON TGV,25,0.007910447761194029
RENNES,AVIGNON TGV,26,0.009131736526946108
RENNES,AVIGNON TGV,27,0.011861861861861863
RENNES,AVIGNON TGV,28,0.012801204819277108
RENNES,AVIGNON TGV,29,0.011782477341389729
RENNES,AVIGNON TGV,30,0.0016717325227963526
RENNES,BOURG SAINT MAURICE,0,0.3
RENNES,BOURG SAINT MAURICE,1,0.325
RENNES,BOURG SAINT MAURICE,2,0.19166666666666665
RENNES,BOURG SAINT MAURICE,3,0.19166666666666668
RENNES,BOURG SAINT MAURICE,4,0.16666666666666666
RENNES,BOURG SAINT MAURICE,5,0.16666666666666666
RENNES,BOURG SAINT MAURICE,6,0.16666666666666666
RENNES,BOURG SAINT MAURICE,7,0.16666666666666666
RENNES,BOURG SAINT MAURICE,8,0.18333333333333335
RENNES,BOURG SAINT MAURICE,9,0.20000000000000004
RENNES,BOURG SAINT MAURICE,10,0.18333333333333335
RENNES,BOURG SAINT MAURICE,11,0.16666666666666666
RENNES,BOURG SAINT MAURICE,12,0.17500000000000002
RENNES,BOURG SAINT MAURICE,13,0.17500000000000002
RENNES,BOURG SAINT MAURICE,14,0.16666666666666666
RENNES,BOURG SAINT MAURICE,15,0.17500000000000002
RENNES,BOURG SAINT MAURICE,16,0.16666666666666666
RENNES,BOURG SAINT MAURICE,17,0.16666666666666666
RENNES,BOURG SAINT MAURICE,18,0.16666666666666666
RENNES,BOURG SAINT MAURICE,19,0.17500000000000002
RENNES,BOURG SAINT MAURICE,20,0.17500000000000002
RENNES,BOURG SAINT MAURICE,21,0.16666666666666666
RENNES,BOURG SAINT MAURICE,22,0.16666666666666666
RENNES,BOURG SAINT MAURICE,23,0.16666666666666666
RENNES,BOURG SAINT MAURICE,24,0.16666666666666666
RENNES,BOURG SAINT MAURICE,25,0.16666666666666666
RENNES,BOURG SAINT MAURICE,26,0.16666666666666666
RENNES,BOURG SAINT MAURICE,27,0.16666666666666666
RENNES,BOURG SAINT MAURICE,28,0.15833333333333333
RENNES,BOURG SAINT MAURICE,29,0.041666666666666664
RENNES,BOURG SAINT MAURICE,30,0.0
RENNES,CHAMBERY CHALLES LES EAUX,0,0.4875
RENNES,CHAMBERY CHALLES LES EAUX,1,0.4875
RENNES,CHAMBERY CHALLES LES EAUX,2,0.3
RENNES,CHAMBERY CHALLES LES EAUX,3,0.275
RENNES,CHAMBERY CHALLES LES EAUX,4,0.2625
RENNES,CHAMBERY CHALLES LES EAUX,5,0.2625
RENNES,CHAMBERY CHALLES LES EAUX,6,0.25
RENNES,CHAMBERY CHALLES LES EAUX,7,0.25
RENNES,CHAMBERY CHALLES LES EAUX,8,0.25
RENNES,CHAMBERY CHALLES LES EAUX,9,0.25
RENNES,CHAMBERY CHALLES LES EAUX,10,0.2625
RENNES,CHAMBERY CHALLES LES EAUX,11,0.25
RENNES,CHAMBERY CHALLES LES EAUX,12,0.2625
RENNES,CHAMBERY CHALLES LES EAUX,13,0.25
RENNES,CHAMBERY CHALLES LES EAUX,14,0.25
RENNES,CHAMBERY CHALLES LES EAUX,15,0.25
RENNES,CHAMBERY CHALLES LES EAUX,16,0.25
RENNES,CHAMBERY CHALLES LES EAUX,17,0.2625
RENNES,CHAMBERY CHALLES LES EAUX,18,0.25
RENNES,CHAMBERY CHALLES LES EAUX,19,0.25
RENNES,CHAMBERY CHALLES LES EAUX,20,0.25
RENNES,CHAMBERY CHALLES LES EAUX,21,0.25
RENNES,CHAMBERY CHALLES LES EAUX,22,0.25
RENNES,CHAMBERY CHALLES LES EAUX,23,0.2625
RENNES,CHAMBERY CHALLES LES EAUX,24,0.2625
RENNES,CHAMBERY CHALLES LES EAUX,25,0.25
RENNES,CHAMBERY CHALLES LES EAUX,26,0.25
RENNES,CHAMBERY CHALLES LES EAUX,27,0.25
RENNES,CHAMBERY CHALLES LES EAUX,28,0.25
RENNES,CHAMBERY CHALLES LES EAUX,29,0.037500000000000006
RENNES,CHAMBERY CHALLES LES EAUX,30,0.0
RENNES,CLUSES (HAUTE SAVOIE),0,0.05
RENNES,CLUSES (HAUTE SAVOIE),1,0.025
RENNES,CLUSES (HAUTE SAVOIE),2,0.025
RENNES,CLUSES (HAUTE SAVOIE),3,0.025
RENNES,CLUSES (HAUTE SAVOIE),4,0.0
RENNES,CLUSES (HAUTE SAVOIE),5,0.0
RENNES,CLUSES (HAUTE SAVOIE),6,0.0
RENNES,CLUSES (HAUTE SAVOIE),7,0.0
RENNES,CLUSES (HAUTE SAVOIE),8,0.0
RENNES,CLUSES (HAUTE SAVOIE),9,0.025
RENNES,CLUSES (HAUTE SAVOIE),10,0.0
RENNES,CLUSES (HAUTE SAVOIE),11,0.025
RENNES,CLUSES (HAUTE SAVOIE),12,0.0
RENNES,CLUSES (HAUTE SAVOIE),13,0.0
RENNES,CLUSES (HAUTE SAVOIE),14,0.0
RENNES,CLUSES (HAUTE SAVOIE),15,0.0
RENNES,CLUSES (HAUTE SAVOIE),16,0.0
RENNES,CLUSES (HAUTE SAVOIE),17,0.0
RENNES,CLUSES (HAUTE SAVOIE),18,0.0
RENNES,CLUSES (HAUTE SAVOIE),19,0.0
RENNES,CLUSES (HAUTE SAVOIE),20,0.0
RENNES,CLUSES (HAUTE SAVOIE),21,0.0
RENNES,CLUSES (HAUTE SAVOIE),22,0.0
RENNES,CLUSES (HAUTE SAVOIE),23,0.0
RENNES,CLUSES (HAUTE SAVOIE),24,0.0
RENNES,CLUSES (HAUTE SAVOIE),25,0.0
RENNES,CLUSES (HAUTE SAVOIE),26,0.0
RENNES,CLUSES (HAUTE SAVOIE),27,0.0
RENNES,CLUSES (HAUTE SAVOIE),28,0.0
RENNES,CLUSES (HAUTE SAVOIE),29,0.0
RENNES,CLUSES (HAUTE SAVOIE),30,0.0
RENNES,GRENOBLE,0,0.05
RENNES,GRENOBLE,1,0.0
RENNES,GRENOBLE,2,0.0
RENNES,GRENOBLE,3,0.05
RENNES,GRENOBLE,4,0.0
RENNES,GRENOBLE,5,0.0
RENNES,GRENOBLE,6,0.0
RENNES,GRENOBLE,7,0.0
RENNES,GRENOBLE,8,0.0
RENNES,GRENOBLE,9,0.05
RENNES,GRENOBLE,10,0.0
RENNES,GRENOBLE,11,0.0
RENNES,GRENOBLE,12,0.0
RENNES,GRENOBLE,13,0.0
RENNES,GRENOBLE,14,0.0
RENNES,GRENOBLE,15,0.0
RENNES,GRENOBLE,16,0.0
RENNES,GRENOBLE,17,0.0
RENNES,GRENOBLE,18,0.0
RENNES,GRENOBLE,19,0.0
RENNES,GRENOBLE,20,0.0
RENNES,GRENOBLE,21,0.0
RENNES,GRENOBLE,22,0.0
RENNES,GRENOBLE,23,0.0
RENNES,GRENOBLE,24,0.0
RENNES,GRENOBLE,25,0.0
RENNES,GRENOBLE,26,0.0
RENNES,GRENOBLE,27,0.0
RENNES,GRENOBLE,28,0.0
RENNES,GRENOBLE,29,0.0
RENNES,GRENOBLE,30,0.0
RENNES,LANDRY,0,0.34166666666666673
RENNES,LANDRY,1,0.3416666666666666
RENNES,LANDRY,2,0.20833333333333334
RENNES,LANDRY,3,0.17500000000000002
RENNES,LANDRY,4,0.17500000000000002
RENNES,LANDRY,5,0.18333333333333335
RENNES,LANDRY,6,0.19166666666666665
RENNES,LANDRY,7,0.16666666666666666
RENNES,LANDRY,8,0.17500000000000002
RENNES,LANDRY,9,0.18333333333333335
RENNES,LANDRY,10,0.16666666666666666
RENNES,LANDRY,11,0.16666666666666666
RENNES,LANDRY,12,0.19166666666666665
RENNES,LANDRY,13,0.17500000000000002
RENNES,LANDRY,14,0.17500000000000002
RENNES,LANDRY,15,0.16666666666666666
RENNES,LANDRY,16,0.16666666666666666
RENNES,LANDRY,17,0.17500000000000002
RENNES,LANDRY,18,0.17500000000000002
RENNES,LANDRY,19,0.16666666666666666
RENNES,LANDRY,20,0.17500000000000002
RENNES,LANDRY,21,0.17500000000000002
RENNES,LANDRY,22,0.16666666666666666
RENNES,LANDRY,23,0.18333333333333335
RENNES,LANDRY,24,0.17500000000000002
RENNES,LANDRY,25,0.16666666666666666
RENNES,LANDRY,26,0.16666666666666666
RENNES,LANDRY,27,0.17500000000000002
RENNES,LANDRY,28,0.15833333333333333
RENNES,LANDRY,29,0.041666666666666664
RENNES,LANDRY,30,0.0
RENNES,LAVAL,0,0.9215654952076677
RENNES,LAVAL,1,0.9105431309904153
RENNES,LAVAL,2,0.888375796178344
RENNES,LAVAL,3,0.8567092651757188
RENNES,LAVAL,4,0.6068690095846645
RENNES,LAVAL,5,0.5987220447284345
RENNES,LAVAL,6,0.573961661341853
RENNES,LAVAL,7,0.5301916932907348
RENNES,LAVAL,8,0.4855769230769231
RENNES,LAVAL,9,0.4781350482315112
RENNES,LAVAL,10,0.4548231511254019
RENNES,LAVAL,11,0.427258064516129
RENNES,LAVAL,12,0.1919093851132686
RENNES,LAVAL,13,0.17418831168831167
RENNES,LAVAL,14,0.16477272727272727
RENNES,LAVAL,15,0.16205211726384364
RENNES,LAVAL,16,0.14283387622149837
RENNES,LAVAL,17,0.13790849673202615
RENNES,LAVAL,18,0.12745098039215685
RENNES,LAVAL,19,0.12393442622950819
RENNES,LAVAL,20,0.11726973684210526
RENNES,LAVAL,21,0.11419141914191419
RENNES,LAVAL,22,0.11138613861386139
RENNES,LAVAL,23,0.10528052805280527
RENNES,LAVAL,24,0.10596026490066225
RENNES,LAVAL,25,0.10562913907284768
RENNES,LAVAL,26,0.10198675496688742
RENNES,LAVAL,27,0.09784053156146179
RENNES,LAVAL,28,0.09800664451827243
RENNES,LAVAL,29,0.09583333333333334
RENNES,LAVAL,30,0.012709030100334449
RENNES,LE MANS,0,0.973931623931624
RENNES,LE MANS,1,0.9777777777777777
RENNES,LE MANS,2,0.9779202279202279
RENNES,LE MANS,3,0.9712250712250712
RENNES,LE MANS,4,0.946011396011396
RENNES,LE MANS,5,0.9474358974358975
RENNES,LE MANS,6,0.9324786324786325
RENNES,LE MANS,7,0.9196581196581197
RENNES,LE MANS,8,0.8972934472934473
RENNES,LE MANS,9,0.8867521367521367
RENNES,LE MANS,10,0.8705128205128205
RENNES,LE MANS,11,0.8531339031339031
RENNES,LE MANS,12,0.5743589743589743
RENNES,LE MANS,13,0.553988603988604
RENNES,LE MANS,14,0.548005698005698
RENNES,LE MANS,15,0.5353276353276354
RENNES,LE MANS,16,0.5201704545454545
RENNES,LE MANS,17,0.5074074074074074
RENNES,LE MANS,18,0.5001424501424502
RENNES,LE MANS,19,0.48361823361823364
RENNES,LE MANS,20,0.48504273504273504
RENNES,LE MANS,21,0.47777777777777775
RENNES,LE MANS,22,0.4747863247863248
RENNES,LE MANS,23,0.46396011396011394
RENNES,LE MANS,24,0.4652421652421653
RENNES,LE MANS,25,0.4514245014245014
RENNES,LE MANS,26,0.4475783475783476
RENNES,LE MANS,27,0.4415954415954416
RENNES,LE MANS,28,0.448005698005698
RENNES,LE MANS,29,0.453
RENNES,LE MANS,30,0.04123563218390804
RENNES,LYON (intramuros),0,0.5661931818181819
RENNES,LYON (intramuros),1,0.5654829545454546
RENNES,LYON (intramuros),2,0.5792613636363636
RENNES,LYON (intramuros),3,0.5758522727272727
RENNES,LYON (intramuros),4,0.45724431818181815
RENNES,LYON (intramuros),5,0.46732954545454547
RENNES,LYON (intramuros),6,0.484375
RENNES,LYON (intramuros),7,0.48849431818181815
RENNES,LYON (intramuros),8,0.4725852272727273
RENNES,LYON (intramuros),9,0.4821022727272727
RENNES,LYON (intramuros),10,0.5073863636363636
RENNES,LYON (intramuros),11,0.5127840909090909
RENNES,LYON (intramuros),12,0.29389204545454545
RENNES,LYON (intramuros),13,0.29076704545454546
RENNES,LYON (intramuros),14,0.2995738636363636
RENNES,LYON (intramuros),15,0.29673295454545456
RENNES,LYON (intramuros),16,0.2943181818181818
RENNES,LYON (intramuros),17,0.2934659090909091
RENNES,LYON (intramuros),18,0.3015625
RENNES,LYON (intramuros),19,0.3025568181818182
RENNES,LYON (intramuros),20,0.3183238636363636
RENNES,LYON (intramuros),21,0.3190340909090909
RENNES,LYON (intramuros),22,0.3169034090909091
RENNES,LYON (intramuros),23,0.32045454545454544
RENNES,LYON (intramuros),24,0.31846590909090905
RENNES,LYON (intramuros),25,0.3098011363636364
RENNES,LYON (intramuros),26,0.3196022727272727
RENNES,LYON (intramuros),27,0.3252840909090909
RENNES,LYON (intramuros),28,0.3305397727272727
RENNES,LYON (intramuros),29,0.33618233618233617
RENNES,LYON (intramuros),30,0.03567335243553009
RENNES,MARSEILLE ST CHARLES,0,0.20170940170940171
RENNES,MARSEILLE ST CHARLES,1,0.21581196581196582
RENNES,MARSEILLE ST CHARLES,2,0.2163817663817664
RENNES,MARSEILLE ST CHARLES,3,0.2022792022792023
RENNES,MARSEILLE ST CHARLES,4,0.07834757834757834
RENNES,MARSEILLE ST CHARLES,5,0.07150997150997151
RENNES,MARSEILLE ST CHARLES,6,0.07635327635327635
RENNES,MARSEILLE ST CHARLES,7,0.0688034188034188
RENNES,MARSEILLE ST CHARLES,8,0.06367521367521368
RENNES,MARSEILLE ST CHARLES,9,0.06428571428571428
RENNES,MARSEILLE ST CHARLES,10,0.07134670487106017
RENNES,MARSEILLE ST CHARLES,11,0.07399425287356322
RENNES,MARSEILLE ST CHARLES,12,0.011527377521613832
RENNES,MARSEILLE ST CHARLES,13,0.007636887608069164
RENNES,MARSEILLE ST CHARLES,14,0.005202312138728324
RENNES,MARSEILLE ST CHARLES,15,0.007246376811594203
RENNES,MARSEILLE ST CHARLES,16,0.005813953488372093
RENNES,MARSEILLE ST CHARLES,17,0.004664723032069971
RENNES,MARSEILLE ST CHARLES,18,0.004093567251461989
RENNES,MARSEILLE ST CHARLES,19,0.006598240469208211
RENNES,MARSEILLE ST CHARLES,20,0.011029411764705883
RENNES,MARSEILLE ST CHARLES,21,0.011209439528023599
RENNES,MARSEILLE ST CHARLES,22,0.016124260355029587
RENNES,MARSEILLE ST CHARLES,23,0.014243323442136498
RENNES,MARSEILLE ST CHARLES,24,0.012053571428571427
RENNES,MARSEILLE ST CHARLES,25,0.008805970149253732
RENNES,MARSEILLE ST CHARLES,26,0.010479041916167664
RENNES,MARSEILLE ST CHARLES,27,0.013513513513513514
RENNES,MARSEILLE ST CHARLES,28,0.013102409638554215
RENNES,MARSEILLE ST CHARLES,29,0.014048338368580061
RENNES,MARSEILLE ST CHARLES,30,0.0024316109422492403
RENNES,MASSY PALAISEAU,0,0.8722222222222222
RENNES,MASSY PALAISEAU,1,0.8722222222222222
RENNES,MASSY PALAISEAU,2,0.8388888888888889
RENNES,MASSY PALAISEAU,3,0.8666666666666667
RENNES,MASSY PALAISEAU,4,0.6777777777777777
RENNES,MASSY PALAISEAU,5,0.6777777777777777
RENNES,MASSY PALAISEAU,6,0.6722222222222222
RENNES,MASSY PALAISEAU,7,0.6666666666666666
RENNES,MASSY PALAISEAU,8,0.6722222222222222
RENNES,MASSY PALAISEAU,9,0.6611111111111111
RENNES,MASSY PALAISEAU,10,0.6666666666666666
RENNES,MASSY PALAISEAU,11,0.6555555555555556
RENNES,MASSY PALAISEAU,12,0.5722222222222223
RENNES,MASSY PALAISEAU,13,0.6222222222222222
RENNES,MASSY PALAISEAU,14,0.5611111111111111
RENNES,MASSY PALAISEAU,15,0.5555555555555556
RENNES,MASSY PALAISEAU,16,0.5555555555555556
RENNES,MASSY PALAISEAU,17,0.5555555555555556
RENNES,MASSY PALAISEAU,18,0.55
RENNES,MASSY PALAISEAU,19,0.5555555555555556
RENNES,MASSY PALAISEAU,20,0.5555555555555556
RENNES,MASSY PALAISEAU,21,0.5555555555555556
RENNES,MASSY PALAISEAU,22,0.5555555555555556
RENNES,MASSY PALAISEAU,23,0.5555555555555556
RENNES,MASSY PALAISEAU,24,0.5555555555555556
RENNES,MASSY PALAISEAU,25,0.5555555555555556
RENNES,MASSY PALAISEAU,26,0.5555555555555556
RENNES,MASSY PALAISEAU,27,0.5555555555555556
RENNES,MASSY PALAISEAU,28,0.55
RENNES,MASSY PALAISEAU,29,0.5222222222222223
RENNES,MASSY PALAISEAU,30,0.07777777777777778
RENNES,MASSY TGV,0,0.7659883720930233
RENNES,MASSY TGV,1,0.7597383720930233
RENNES,MASSY TGV,2,0.7552325581395349
RENNES,MASSY TGV,3,0.7377906976744186
RENNES,MASSY TGV,4,0.5462209302325581
RENNES,MASSY TGV,5,0.5428779069767442
RENNES,MASSY TGV,6,0.5710755813953488
RENNES,MASSY TGV,7,0.5680232558139535
RENNES,MASSY TGV,8,0.561046511627907
RENNES,MASSY TGV,9,0.5613372093023256
RENNES,MASSY TGV,10,0.5597383720930232
RENNES,MASSY TGV,11,0.5542151162790698
RENNES,MASSY TGV,12,0.3251453488372093
RENNES,MASSY TGV,13,0.3180232558139535
RENNES,MASSY TGV,14,0.3267441860465116
RENNES,MASSY TGV,15,0.3232558139534884
RENNES,MASSY TGV,16,0.3207848837209302
RENNES,MASSY TGV,17,0.31511627906976747
RENNES,MASSY TGV,18,0.32063953488372093
RENNES,MASSY TGV,19,0.3258720930232558
RENNES,MASSY TGV,20,0.33677325581395345
RENNES,MASSY TGV,21,0.33909883720930234
RENNES,MASSY TGV,22,0.3386627906976744
RENNES,MASSY TGV,23,0.338953488372093
RENNES,MASSY TGV,24,0.34171511627906975
RENNES,MASSY TGV,25,0.3293604651162791
RENNES,MASSY TGV,26,0.3305232558139535
RENNES,MASSY TGV,27,0.33997093023255814
RENNES,MASSY TGV,28,0.34767441860465115
RENNES,MASSY TGV,29,0.35276967930029157
RENNES,MASSY TGV,30,0.04208211143695015
RENNES,MODANE,0,0.975
RENNES,MODANE,1,0.95
RENNES,MODANE,2,1.0
RENNES,MODANE,3,1.0
RENNES,MODANE,4,0.975
RENNES,MODANE,5,0.95
RENNES,MODANE,6,0.975
RENNES,MODANE,7,0.975
RENNES,MODANE,8,0.975
RENNES,MODANE,9,0.975
RENNES,MODANE,10,1.0
RENNES,MODANE,11,1.0
RENNES,MODANE,12,0.525
RENNES,MODANE,13,0.5
RENNES,MODANE,14,0.5
RENNES,MODANE,15,0.5
RENNES,MODANE,16,0.5
RENNES,MODANE,17,0.5
RENNES,MODANE,18,0.5
RENNES,MODANE,19,0.5
RENNES,MODANE,20,0.5
RENNES,MODANE,21,0.5
RENNES,MODANE,22,0.5
RENNES,MODANE,23,0.5
RENNES,MODANE,24,0.475
RENNES,MODANE,25,0.5
RENNES,MODANE,26,0.5
RENNES,MODANE,27,0.5
RENNES,MODANE,28,0.5
RENNES,MODANE,29,0.5
RENNES,MODANE,30,0.0
RENNES,MONTPELLIER SAINT ROCH,0,0.08061224489795919
RENNES,MONTPELLIER SAINT ROCH,1,0.046938775510204075
RENNES,MONTPELLIER SAINT ROCH,2,0.0336734693877551
RENNES,MONTPELLIER SAINT ROCH,3,0.055319148936170216
RENNES,MONTPELLIER SAINT ROCH,4,0.04270833333333333
RENNES,MONTPELLIER SAINT ROCH,5,0.024999999999999998
RENNES,MONTPELLIER SAINT ROCH,6,0.024999999999999998
RENNES,MONTPELLIER SAINT ROCH,7,0.028571428571428574
RENNES,MONTPELLIER SAINT ROCH,8,0.023469387755102045
RENNES,MONTPELLIER SAINT ROCH,9,0.025510204081632654
RENNES,MONTPELLIER SAINT ROCH,10,0.02340425531914894
RENNES,MONTPELLIER SAINT ROCH,11,0.02395833333333333
RENNES,MONTPELLIER SAINT ROCH,12,0.024999999999999998
RENNES,MONTPELLIER SAINT ROCH,13,0.019791666666666666
RENNES,MONTPELLIER SAINT ROCH,14,0.02040816326530612
RENNES,MONTPELLIER SAINT ROCH,15,0.022448979591836737
RENNES,MONTPELLIER SAINT ROCH,16,0.02040816326530612
RENNES,MONTPELLIER SAINT ROCH,17,0.02127659574468085
RENNES,MONTPELLIER SAINT ROCH,18,0.020833333333333332
RENNES,MONTPELLIER SAINT ROCH,19,0.019791666666666666
RENNES,MONTPELLIER SAINT ROCH,20,0.019791666666666666
RENNES,MONTPELLIER SAINT ROCH,21,0.021875000000000002
RENNES,MONTPELLIER SAINT ROCH,22,0.020833333333333332
RENNES,MONTPELLIER SAINT ROCH,23,0.019791666666666666
RENNES,MONTPELLIER SAINT ROCH,24,0.021739130434782608
RENNES,MONTPELLIER SAINT ROCH,25,0.02340425531914894
RENNES,MONTPELLIER SAINT ROCH,26,0.024468085106382976
RENNES,MONTPELLIER SAINT ROCH,27,0.020212765957446806
RENNES,MONTPELLIER SAINT ROCH,28,0.025531914893617023
RENNES,MONTPELLIER SAINT ROCH,29,0.026595744680851064
RENNES,MONTPELLIER SAINT ROCH,30,0.006521739130434782
RENNES,MONTPELLIER SUD DE FRANCE,0,0.0
RENNES,MONTPELLIER SUD DE FRANCE,1,0.0
RENNES,MONTPELLIER SUD DE FRANCE,2,0.0
RENNES,MONTPELLIER SUD DE FRANCE,3,0.0
RENNES,MONTPELLIER SUD DE FRANCE,4,0.0
RENNES,MONTPELLIER SUD DE FRANCE,5,0.0
RENNES,MONTPELLIER SUD DE FRANCE,6,0.0
RENNES,MONTPELLIER SUD DE FRANCE,7,0.0
RENNES,MONTPELLIER SUD DE FRANCE,8,0.0
RENNES,MONTPELLIER SUD DE FRANCE,9,0.0
RENNES,MONTPELLIER SUD DE FRANCE,10,0.0
RENNES,MONTPELLIER SUD DE FRANCE,11,0.0
RENNES,MONTPELLIER SUD DE FRANCE,12,0.0
RENNES,MONTPELLIER SUD DE FRANCE,13,0.0
RENNES,MONTPELLIER SUD DE FRANCE,14,0.0
RENNES,MONTPELLIER SUD DE FRANCE,15,0.0
RENNES,MONTPELLIER SUD DE FRANCE,16,0.0
RENNES,MONTPELLIER SUD DE FRANCE,17,0.0
RENNES,MONTPELLIER SUD DE FRANCE,18,0.0
RENNES,MONTPELLIER SUD DE FRANCE,19,0.0
RENNES,MONTPELLIER SUD DE FRANCE,20,0.0
RENNES,MONTPELLIER SUD DE FRANCE,21,0.0
RENNES,MONTPELLIER SUD DE FRANCE,22,0.0
RENNES,MONTPELLIER SUD DE FRANCE,23,0.0
RENNES,MONTPELLIER SUD DE FRANCE,24,0.0
RENNES,MONTPELLIER SUD DE FRANCE,25,0.0
RENNES,MONTPELLIER SUD DE FRANCE,26,0.0
RENNES,MONTPELLIER SUD DE FRANCE,27,0.0
RENNES,MONTPELLIER SUD DE FRANCE,28,0.0
RENNES,MONTPELLIER SUD DE FRANCE,29,0.0
RENNES,MONTPELLIER SUD DE FRANCE,30,0.0
RENNES,MOUTIERS SALINS BRIDES LES BAINS,0,0.35000000000000003
RENNES,MOUTIERS SALINS BRIDES LES BAINS,1,0.35000000000000003
RENNES,MOUTIERS SALINS BRIDES LES BAINS,2,0.225
RENNES,MOUTIERS SALINS BRIDES LES BAINS,3,0.20833333333333334
RENNES,MOUTIERS SALINS BRIDES LES BAINS,4,0.16666666666666666
RENNES,MOUTIERS SALINS BRIDES LES BAINS,5,0.16666666666666666
RENNES,MOUTIERS SALINS BRIDES LES BAINS,6,0.17500000000000002
RENNES,MOUTIERS SALINS BRIDES LES BAINS,7,0.17500000000000002
RENNES,MOUTIERS SALINS BRIDES LES BAINS,8,0.16666666666666666
RENNES,MOUTIERS SALINS BRIDES LES BAINS,9,0.18333333333333335
RENNES,MOUTIERS SALINS BRIDES LES BAINS,10,0.17500000000000002
RENNES,MOUTIERS SALINS BRIDES LES BAINS,11,0.17500000000000002
RENNES,MOUTIERS SALINS BRIDES LES BAINS,12,0.16666666666666666
RENNES,MOUTIERS SALINS BRIDES LES BAINS,13,0.17500000000000002
RENNES,MOUTIERS SALINS BRIDES LES BAINS,14,0.16666666666666666
RENNES,MOUTIERS SALINS BRIDES LES BAINS,15,0.16666666666666666
RENNES,MOUTIERS SALINS BRIDES LES BAINS,16,0.17500000000000002
RENNES,MOUTIERS SALINS BRIDES LES BAINS,17,0.17500000000000002
RENNES,MOUTIERS SALINS BRIDES LES BAINS,18,0.16666666666666666
RENNES,MOUTIERS SALINS BRIDES LES BAINS,19,0.16666666666666666
RENNES,MOUTIERS SALINS BRIDES LES BAINS,20,0.16666666666666666
RENNES,MOUTIERS SALINS BRIDES LES BAINS,21,0.16666666666666666
RENNES,MOUTIERS SALINS BRIDES LES BAINS,22,0.16666666666666666
RENNES,MOUTIERS SALINS BRIDES LES BAINS,23,0.16666666666666666
RENNES,MOUTIERS SALINS BRIDES LES BAINS,24,0.16666666666666666
RENNES,MOUTIERS SALINS BRIDES LES BAINS,25,0.16666666666666666
RENNES,MOUTIERS SALINS BRIDES LES BAINS,26,0.15833333333333333
RENNES,MOUTIERS SALINS BRIDES LES BAINS,27,0.15
RENNES,MOUTIERS SALINS BRIDES LES BAINS,28,0.15
RENNES,MOUTIERS SALINS BRIDES LES BAINS,29,0.041666666666666664
RENNES,MOUTIERS SALINS BRIDES LES BAINS,30,0.008333333333333333
RENNES,NIMES CENTRE,0,0.08673469387755102
RENNES,NIMES CENTRE,1,0.05
RENNES,NIMES CENTRE,2,0.03163265306122449
RENNES,NIMES CENTRE,3,0.05851063829787234
RENNES,NIMES CENTRE,4,0.03854166666666667
RENNES,NIMES CENTRE,5,0.024999999999999998
RENNES,NIMES CENTRE,6,0.02291666666666667
RENNES,NIMES CENTRE,7,0.02142857142857143
RENNES,NIMES CENTRE,8,0.02142857142857143
RENNES,NIMES CENTRE,9,0.023469387755102038
RENNES,NIMES CENTRE,10,0.024468085106382976
RENNES,NIMES CENTRE,11,0.023958333333333335
RENNES,NIMES CENTRE,12,0.02291666666666667
RENNES,NIMES CENTRE,13,0.020833333333333332
RENNES,NIMES CENTRE,14,0.02040816326530612
RENNES,NIMES CENTRE,15,0.02040816326530612
RENNES,NIMES CENTRE,16,0.02040816326530612
RENNES,NIMES CENTRE,17,0.02127659574468085
RENNES,NIMES CENTRE,18,0.021875000000000002
RENNES,NIMES CENTRE,19,0.019791666666666666
RENNES,NIMES CENTRE,20,0.020833333333333332
RENNES,NIMES CENTRE,21,0.020833333333333332
RENNES,NIMES CENTRE,22,0.020833333333333332
RENNES,NIMES CENTRE,23,0.020833333333333332
RENNES,NIMES CENTRE,24,0.021739130434782608
RENNES,NIMES CENTRE,25,0.020212765957446806
RENNES,NIMES CENTRE,26,0.020212765957446806
RENNES,NIMES CENTRE,27,0.02127659574468085
RENNES,NIMES CENTRE,28,0.02127659574468085
RENNES,NIMES CENTRE,29,0.022340425531914895
RENNES,NIMES CENTRE,30,0.004347826086956522
RENNES,NIMES PONT DU GARD,0,0.0
RENNES,NIMES PONT DU GARD,1,0.0
RENNES,NIMES PONT DU GARD,2,0.0
RENNES,NIMES PONT DU GARD,3,0.0
RENNES,NIMES PONT DU GARD,4,0.0
RENNES,NIMES PONT DU GARD,5,0.0
RENNES,NIMES PONT DU GARD,6,0.0
RENNES,NIMES PONT DU GARD,7,0.0
RENNES,NIMES PONT DU GARD,8,0.0
RENNES,NIMES PONT DU GARD,9,0.0
RENNES,NIMES PONT DU GARD,10,0.0
RENNES,NIMES PONT DU GARD,11,0.0
RENNES,NIMES PONT DU GARD,12,0.0
RENNES,NIMES PONT DU GARD,13,0.0
RENNES,NIMES PONT DU GARD,14,0.0
RENNES,NIMES PONT DU GARD,15,0.0
RENNES,NIMES PONT DU GARD,16,0.0
RENNES,NIMES PONT DU GARD,17,0.0
RENNES,NIMES PONT DU GARD,18,0.0
RENNES,NIMES PONT DU GARD,19,0.0
RENNES,NIMES PONT DU GARD,20,0.0
RENNES,NIMES PONT DU GARD,21,0.0
RENNES,NIMES PONT DU GARD,22,0.0
RENNES,NIMES PONT DU GARD,23,0.0
RENNES,NIMES PONT DU GARD,24,0.0
RENNES,NIMES PONT DU GARD,25,0.0
RENNES,NIMES PONT DU GARD,26,0.0
RENNES,NIMES PONT DU GARD,27,0.0
RENNES,NIMES PONT DU GARD,28,0.0
RENNES,NIMES PONT DU GARD,29,0.0
RENNES,NIMES PONT DU GARD,30,0.0
RENNES,SAINT AVRE LA CHAMBRE,0,0.925
RENNES,SAINT AVRE LA CHAMBRE,1,1.0
RENNES,SAINT AVRE LA CHAMBRE,2,1.0
RENNES,SAINT AVRE LA CHAMBRE,3,1.0
RENNES,SAINT AVRE LA CHAMBRE,4,0.95
RENNES,SAINT AVRE LA CHAMBRE,5,0.95
RENNES,SAINT AVRE LA CHAMBRE,6,1.0
RENNES,SAINT AVRE LA CHAMBRE,7,1.0
RENNES,SAINT AVRE LA CHAMBRE,8,1.0
RENNES,SAINT AVRE LA CHAMBRE,9,0.975
RENNES,SAINT AVRE LA CHAMBRE,10,0.975
RENNES,SAINT AVRE LA CHAMBRE,11,0.95
RENNES,SAINT AVRE LA CHAMBRE,12,0.575
RENNES,SAINT AVRE LA CHAMBRE,13,0.45
RENNES,SAINT AVRE LA CHAMBRE,14,0.475
RENNES,SAINT AVRE LA CHAMBRE,15,0.475
RENNES,SAINT AVRE LA CHAMBRE,16,0.5
RENNES,SAINT AVRE LA CHAMBRE,17,0.5
RENNES,SAINT AVRE LA CHAMBRE,18,0.5
RENNES,SAINT AVRE LA CHAMBRE,19,0.5
RENNES,SAINT AVRE LA CHAMBRE,20,0.5
RENNES,SAINT AVRE LA CHAMBRE,21,0.5
RENNES,SAINT AVRE LA CHAMBRE,22,0.475
RENNES,SAINT AVRE LA CHAMBRE,23,0.5
RENNES,SAINT AVRE LA CHAMBRE,24,0.5
RENNES,SAINT AVRE LA CHAMBRE,25,0.5
RENNES,SAINT AVRE LA CHAMBRE,26,0.5
RENNES,SAINT AVRE LA CHAMBRE,27,0.5
RENNES,SAINT AVRE LA CHAMBRE,28,0.5
RENNES,SAINT AVRE LA CHAMBRE,29,0.475
RENNES,SAINT AVRE LA CHAMBRE,30,0.05
RENNES,SALLANCHES COMBLOUX MEGEVE,0,0.025
RENNES,SALLANCHES COMBLOUX MEGEVE,1,0.0
RENNES,SALLANCHES COMBLOUX MEGEVE,2,0.0
RENNES,SALLANCHES COMBLOUX MEGEVE,3,0.0
RENNES,SALLANCHES COMBLOUX MEGEVE,4,0.0
RENNES,SALLANCHES COMBLOUX MEGEVE,5,0.0
RENNES,SALLANCHES COMBLOUX MEGEVE,6,0.0
RENNES,SALLANCHES COMBLOUX MEGEVE,7,0.0
RENNES,SALLANCHES COMBLOUX MEGEVE,8,0.0
RENNES,SALLANCHES COMBLOUX MEGEVE,9,0.0
RENNES,SALLANCHES COMBLOUX MEGEVE,10,0.0
RENNES,SALLANCHES COMBLOUX MEGEVE,11,0.0
RENNES,SALLANCHES COMBLOUX MEGEVE,12,0.0
RENNES,SALLANCHES COMBLOUX MEGEVE,13,0.0
RENNES,SALLANCHES COMBLOUX MEGEVE,14,0.0
RENNES,SALLANCHES COMBLOUX MEGEVE,15,0.0
RENNES,SALLANCHES COMBLOUX MEGEVE,16,0.0
RENNES,SALLANCHES COMBLOUX MEGEVE,17,0.0
RENNES,SALLANCHES COMBLOUX MEGEVE,18,0.0
RENNES,SALLANCHES COMBLOUX MEGEVE,19,0.0
RENNES,SALLANCHES COMBLOUX MEGEVE,20,0.0
RENNES,SALLANCHES COMBLOUX MEGEVE,21,0.0
RENNES,SALLANCHES COMBLOUX MEGEVE,22,0.0
RENNES,SALLANCHES COMBLOUX MEGEVE,23,0.0
RENNES,SALLANCHES COMBLOUX MEGEVE,24,0.0
RENNES,SALLANCHES COMBLOUX MEGEVE,25,0.0
RENNES,SALLANCHES COMBLOUX MEGEVE,26,0.0
RENNES,SALLANCHES COMBLOUX MEGEVE,27,0.0
RENNES,SALLANCHES COMBLOUX MEGEVE,28,0.0
RENNES,SALLANCHES COMBLOUX MEGEVE,29,0.0
RENNES,SALLANCHES COMBLOUX MEGEVE,30,0.0
RENNES,ST GERVAIS LES BAINS LE FAYET,0,0.05
RENNES,ST GERVAIS LES BAINS LE FAYET,1,0.025
RENNES,ST GERVAIS LES BAINS LE FAYET,2,0.025
RENNES,ST GERVAIS LES BAINS LE FAYET,3,0.05
RENNES,ST GERVAIS LES BAINS LE FAYET,4,0.025
RENNES,ST GERVAIS LES BAINS LE FAYET,5,0.025
RENNES,ST GERVAIS LES BAINS LE FAYET,6,0.0
RENNES,ST GERVAIS LES BAINS LE FAYET,7,0.0
RENNES,ST GERVAIS LES BAINS LE FAYET,8,0.0
RENNES,ST GERVAIS LES BAINS LE FAYET,9,0.0
RENNES,ST GERVAIS LES BAINS LE FAYET,10,0.025
RENNES,ST GERVAIS LES BAINS LE FAYET,11,0.0
RENNES,ST GERVAIS LES BAINS LE FAYET,12,0.0
RENNES,ST GERVAIS LES BAINS LE FAYET,13,0.0
RENNES,ST GERVAIS LES BAINS LE FAYET,14,0.0
RENNES,ST GERVAIS LES BAINS LE FAYET,15,0.0
RENNES,ST GERVAIS LES BAINS LE FAYET,16,0.0
RENNES,ST GERVAIS LES BAINS LE FAYET,17,0.0
RENNES,ST GERVAIS LES BAINS LE FAYET,18,0.0
RENNES,ST GERVAIS LES BAINS LE FAYET,19,0.0
RENNES,ST GERVAIS LES BAINS LE FAYET,20,0.0
RENNES,ST GERVAIS LES BAINS LE FAYET,21,0.0
RENNES,ST GERVAIS LES BAINS LE FAYET,22,0.0
RENNES,ST GERVAIS LES BAINS LE FAYET,23,0.0
RENNES,ST GERVAIS LES BAINS LE FAYET,24,0.0
RENNES,ST GERVAIS LES BAINS LE FAYET,25,0.0
RENNES,ST GERVAIS LES BAINS LE FAYET,26,0.0
RENNES,ST GERVAIS LES BAINS LE FAYET,27,0.0
RENNES,ST GERVAIS LES BAINS LE FAYET,28,0.0
RENNES,ST GERVAIS LES BAINS LE FAYET,29,0.0
RENNES,ST GERVAIS LES BAINS LE FAYET,30,0.0
RENNES,ST JEAN DE MAURIENNE ARVAN,0,0.95
RENNES,ST JEAN DE MAURIENNE ARVAN,1,0.95
RENNES,ST JEAN DE MAURIENNE ARVAN,2,0.975
RENNES,ST JEAN DE MAURIENNE ARVAN,3,0.975
RENNES,ST JEAN DE MAURIENNE ARVAN,4,0.975
RENNES,ST JEAN DE MAURIENNE ARVAN,5,1.0
RENNES,ST JEAN DE MAURIENNE ARVAN,6,1.0
RENNES,ST JEAN DE MAURIENNE ARVAN,7,0.95
RENNES,ST JEAN DE MAURIENNE ARVAN,8,1.0
RENNES,ST JEAN DE MAURIENNE ARVAN,9,0.975
RENNES,ST JEAN DE MAURIENNE ARVAN,10,0.975
RENNES,ST JEAN DE MAURIENNE ARVAN,11,0.9
RENNES,ST JEAN DE MAURIENNE ARVAN,12,0.525
RENNES,ST JEAN DE MAURIENNE ARVAN,13,0.5
RENNES,ST JEAN DE MAURIENNE ARVAN,14,0.5
RENNES,ST JEAN DE MAURIENNE ARVAN,15,0.5
RENNES,ST JEAN DE MAURIENNE ARVAN,16,0.5
RENNES,ST JEAN DE MAURIENNE ARVAN,17,0.5
RENNES,ST JEAN DE MAURIENNE ARVAN,18,0.5
RENNES,ST JEAN DE MAURIENNE ARVAN,19,0.5
RENNES,ST JEAN DE MAURIENNE ARVAN,20,0.5
RENNES,ST JEAN DE MAURIENNE ARVAN,21,0.5
RENNES,ST JEAN DE MAURIENNE ARVAN,22,0.5
RENNES,ST JEAN DE MAURIENNE ARVAN,23,0.5
RENNES,ST JEAN DE MAURIENNE ARVAN,24,0.525
RENNES,ST JEAN DE MAURIENNE ARVAN,25,0.525
RENNES,ST JEAN DE MAURIENNE ARVAN,26,0.5
RENNES,ST JEAN DE MAURIENNE ARVAN,27,0.5
RENNES,ST JEAN DE MAURIENNE ARVAN,28,0.45
RENNES,ST JEAN DE MAURIENNE ARVAN,29,0.425
RENNES,ST JEAN DE MAURIENNE ARVAN,30,0.05
RENNES,ST MICHEL VALLOIRE,0,0.95
RENNES,ST MICHEL VALLOIRE,1,0.925
RENNES,ST MICHEL VALLOIRE,2,0.95
RENNES,ST MICHEL VALLOIRE,3,0.95
RENNES,ST MICHEL VALLOIRE,4,1.0
RENNES,ST MICHEL VALLOIRE,5,0.975
RENNES,ST MICHEL VALLOIRE,6,0.975
RENNES,ST MICHEL VALLOIRE,7,0.95
RENNES,ST MICHEL VALLOIRE,8,0.975
RENNES,ST MICHEL VALLOIRE,9,1.0
RENNES,ST MICHEL VALLOIRE,10,0.975
RENNES,ST MICHEL VALLOIRE,11,0.95
RENNES,ST MICHEL VALLOIRE,12,0.5
RENNES,ST MICHEL VALLOIRE,13,0.5
RENNES,ST MICHEL VALLOIRE,14,0.5
RENNES,ST MICHEL VALLOIRE,15,0.525
RENNES,ST MICHEL VALLOIRE,16,0.5
RENNES,ST MICHEL VALLOIRE,17,0.5
RENNES,ST MICHEL VALLOIRE,18,0.5
RENNES,ST MICHEL VALLOIRE,19,0.5
RENNES,ST MICHEL VALLOIRE,20,0.5
RENNES,ST MICHEL VALLOIRE,21,0.5
RENNES,ST MICHEL VALLOIRE,22,0.475
RENNES,ST MICHEL VALLOIRE,23,0.5
RENNES,ST MICHEL VALLOIRE,24,0.475
RENNES,ST MICHEL VALLOIRE,25,0.5
RENNES,ST MICHEL VALLOIRE,26,0.5
RENNES,ST MICHEL VALLOIRE,27,0.5
RENNES,ST MICHEL VALLOIRE,28,0.5
RENNES,ST MICHEL VALLOIRE,29,0.45
RENNES,ST MICHEL VALLOIRE,30,0.025
RENNES,VALENCE TGV AUVERGNE RHONE ALPES,0,0.15181818181818182
RENNES,VALENCE TGV AUVERGNE RHONE ALPES,1,0.1609090909090909
RENNES,VALENCE TGV AUVERGNE RHONE ALPES,2,0.1509090909090909
RENNES,VALENCE TGV AUVERGNE RHONE ALPES,3,0.14150943396226415
RENNES,VALENCE TGV AUVERGNE RHONE ALPES,4,0.10092592592592593
RENNES,VALENCE TGV AUVERGNE RHONE ALPES,5,0.09166666666666667
RENNES,VALENCE TGV AUVERGNE RHONE ALPES,6,0.08055555555555555
RENNES,VALENCE TGV AUVERGNE RHONE ALPES,7,0.07909090909090909
RENNES,VALENCE TGV AUVERGNE RHONE ALPES,8,0.05909090909090909
RENNES,VALENCE TGV AUVERGNE RHONE ALPES,9,0.056363636363636366
RENNES,VALENCE TGV AUVERGNE RHONE ALPES,10,0.05849056603773585
RENNES,VALENCE TGV AUVERGNE RHONE ALPES,11,0.062037037037037036
RENNES,VALENCE TGV AUVERGNE RHONE ALPES,12,0.030555555555555558
RENNES,VALENCE TGV AUVERGNE RHONE ALPES,13,0.03888888888888889
RENNES,VALENCE TGV AUVERGNE RHONE ALPES,14,0.038181818181818185
RENNES,VALENCE TGV AUVERGNE RHONE ALPES,15,0.038181818181818185
RENNES,VALENCE TGV AUVERGNE RHONE ALPES,16,0.038181818181818185
RENNES,VALENCE TGV AUVERGNE RHONE ALPES,17,0.03962264150943397
RENNES,VALENCE TGV AUVERGNE RHONE ALPES,18,0.03888888888888889
RENNES,VALENCE TGV AUVERGNE RHONE ALPES,19,0.03796296296296296
RENNES,VALENCE TGV AUVERGNE RHONE ALPES,20,0.03796296296296296
RENNES,VALENCE TGV AUVERGNE RHONE ALPES,21,0.03888888888888889
RENNES,VALENCE TGV AUVERGNE RHONE ALPES,22,0.037037037037037035
RENNES,VALENCE TGV AUVERGNE RHONE ALPES,23,0.030555555555555555
RENNES,VALENCE TGV AUVERGNE RHONE ALPES,24,0.025961538461538463
RENNES,VALENCE TGV AUVERGNE RHONE ALPES,25,0.020754716981132078
RENNES,VALENCE TGV AUVERGNE RHONE ALPES,26,0.019811320754716984
RENNES,VALENCE TGV AUVERGNE RHONE ALPES,27,0.02358490566037736
RENNES,VALENCE TGV AUVERGNE RHONE ALPES,28,0.02169811320754717
RENNES,VALENCE TGV AUVERGNE RHONE ALPES,29,0.018867924528301886
RENNES,VALENCE TGV AUVERGNE RHONE ALPES,30,0.0019230769230769232
RENNES,VALENCE VILLE,0,0.025
RENNES,VALENCE VILLE,1,0.05
RENNES,VALENCE VILLE,2,0.025
RENNES,VALENCE VILLE,3,0.0
RENNES,VALENCE VILLE,4,0.0125
RENNES,VALENCE VILLE,5,0.0
RENNES,VALENCE VILLE,6,0.0125
RENNES,VALENCE VILLE,7,0.0
RENNES,VALENCE VILLE,8,0.0
RENNES,VALENCE VILLE,9,0.0
RENNES,VALENCE VILLE,10,0.0
RENNES,VALENCE VILLE,11,0.0
RENNES,VALENCE VILLE,12,0.0125
RENNES,VALENCE VILLE,13,0.0
RENNES,VALENCE VILLE,14,0.0
RENNES,VALENCE VILLE,15,0.0
RENNES,VALENCE VILLE,16,0.0
RENNES,VALENCE VILLE,17,0.0
RENNES,VALENCE VILLE,18,0.0
RENNES,VALENCE VILLE,19,0.0
RENNES,VALENCE VILLE,20,0.0
RENNES,VALENCE VILLE,21,0.0
RENNES,VALENCE VILLE,22,0.0
RENNES,VALENCE VILLE,23,0.0
RENNES,VALENCE VILLE,24,0.0
RENNES,VALENCE VILLE,25,0.0
RENNES,VALENCE VILLE,26,0.0
RENNES,VALENCE VILLE,27,0.0
RENNES,VALENCE VILLE,28,0.0125
RENNES,VALENCE VILLE,29,0.0
RENNES,VALENCE VILLE,30,0.0
RENNES,VERSAILLES CHANTIERS,0,0.9800000000000001
RENNES,VERSAILLES CHANTIERS,1,1.0
RENNES,VERSAILLES CHANTIERS,2,1.0
RENNES,VERSAILLES CHANTIERS,3,0.9800000000000001
RENNES,VERSAILLES CHANTIERS,4,0.8
RENNES,VERSAILLES CHANTIERS,5,0.79
RENNES,VERSAILLES CHANTIERS,6,0.78
RENNES,VERSAILLES CHANTIERS,7,0.64
RENNES,VERSAILLES CHANTIERS,8,0.5700000000000001
RENNES,VERSAILLES CHANTIERS,9,0.45999999999999996
RENNES,VERSAILLES CHANTIERS,10,0.5900000000000001
RENNES,VERSAILLES CHANTIERS,11,0.5599999999999999
RENNES,VERSAILLES CHANTIERS,12,0.10999999999999999
RENNES,VERSAILLES CHANTIERS,13,0.22000000000000003
RENNES,VERSAILLES CHANTIERS,14,0.21000000000000002
RENNES,VERSAILLES CHANTIERS,15,0.21000000000000002
RENNES,VERSAILLES CHANTIERS,16,0.21000000000000002
RENNES,VERSAILLES CHANTIERS,17,0.2
RENNES,VERSAILLES CHANTIERS,18,0.21000000000000002
RENNES,VERSAILLES CHANTIERS,19,0.21000000000000002
RENNES,VERSAILLES CHANTIERS,20,0.21000000000000002
RENNES,VERSAILLES CHANTIERS,21,0.21000000000000002
RENNES,VERSAILLES CHANTIERS,22,0.2
RENNES,VERSAILLES CHANTIERS,23,0.18
RENNES,VERSAILLES CHANTIERS,24,0.06999999999999999
RENNES,VERSAILLES CHANTIERS,25,0.03
RENNES,VERSAILLES CHANTIERS,26,0.01
RENNES,VERSAILLES CHANTIERS,27,0.0
RENNES,VERSAILLES CHANTIERS,28,0.0
RENNES,VERSAILLES CHANTIERS,29,0.02
RENNES,VERSAILLES CHANTIERS,30,0.0
ROUEN RIVE DROITE,AVIGNON TGV,0,0.3181660899653979
ROUEN RIVE DROITE,AVIGNON TGV,1,0.30662020905923343
ROUEN RIVE DROITE,AVIGNON TGV,2,0.2825259515570934
ROUEN RIVE DROITE,AVIGNON TGV,3,0.2779310344827586
ROUEN RIVE DROITE,AVIGNON TGV,4,0.18986254295532645
ROUEN RIVE DROITE,AVIGNON TGV,5,0.20103806228373702
ROUEN RIVE DROITE,AVIGNON TGV,6,0.21006944444444445
ROUEN RIVE DROITE,AVIGNON TGV,7,0.22038327526132404
ROUEN RIVE DROITE,AVIGNON TGV,8,0.21637630662020907
ROUEN RIVE DROITE,AVIGNON TGV,9,0.21585365853658536
ROUEN RIVE DROITE,AVIGNON TGV,10,0.23142361111111112
ROUEN RIVE DROITE,AVIGNON TGV,11,0.22006920415224915
ROUEN RIVE DROITE,AVIGNON TGV,12,0.056968641114982586
ROUEN RIVE DROITE,AVIGNON TGV,13,0.0562937062937063
ROUEN RIVE DROITE,AVIGNON TGV,14,0.058596491228070174
ROUEN RIVE DROITE,AVIGNON TGV,15,0.054561403508771936
ROUEN RIVE DROITE,AVIGNON TGV,16,0.06017543859649122
ROUEN RIVE DROITE,AVIGNON TGV,17,0.05912280701754386
ROUEN RIVE DROITE,AVIGNON TGV,18,0.05719298245614035
ROUEN RIVE DROITE,AVIGNON TGV,19,0.06289752650176679
ROUEN RIVE DROITE,AVIGNON TGV,20,0.06802120141342756
ROUEN RIVE DROITE,AVIGNON TGV,21,0.06802120141342756
ROUEN RIVE DROITE,AVIGNON TGV,22,0.06925795053003535
ROUEN RIVE DROITE,AVIGNON TGV,23,0.0673758865248227
ROUEN RIVE DROITE,AVIGNON TGV,24,0.06843971631205674
ROUEN RIVE DROITE,AVIGNON TGV,25,0.07535460992907801
ROUEN RIVE DROITE,AVIGNON TGV,26,0.07017857142857142
ROUEN RIVE DROITE,AVIGNON TGV,27,0.06892857142857144
ROUEN RIVE DROITE,AVIGNON TGV,28,0.07
ROUEN RIVE DROITE,AVIGNON TGV,29,0.07446428571428572
ROUEN RIVE DROITE,AVIGNON TGV,30,0.01039426523297491
ROUEN RIVE DROITE,LYON (intramuros),0,0.32162629757785466
ROUEN RIVE DROITE,LYON (intramuros),1,0.31759581881533105
ROUEN RIVE DROITE,LYON (intramuros),2,0.29653979238754324
ROUEN RIVE DROITE,LYON (intramuros),3,0.28810344827586204
ROUEN RIVE DROITE,LYON (intramuros),4,0.21323024054982817
ROUEN RIVE DROITE,LYON (intramuros),5,0.22733564013840832
ROUEN RIVE DROITE,LYON (intramuros),6,0.22812500000000002
ROUEN RIVE DROITE,LYON (intramuros),7,0.22421602787456443
ROUEN RIVE DROITE,LYON (intramuros),8,0.22125435540069685
ROUEN RIVE DROITE,LYON (intramuros),9,0.221602787456446
ROUEN RIVE DROITE,LYON (intramuros),10,0.23211805555555554
ROUEN RIVE DROITE,LYON (intramuros),11,0.22664359861591696
ROUEN RIVE DROITE,LYON (intramuros),12,0.05871080139372823
ROUEN RIVE DROITE,LYON (intramuros),13,0.05839160839160839
ROUEN RIVE DROITE,LYON (intramuros),14,0.05947368421052631
ROUEN RIVE DROITE,LYON (intramuros),15,0.05596491228070175
ROUEN RIVE DROITE,LYON (intramuros),16,0.0619298245614035
ROUEN RIVE DROITE,LYON (intramuros),17,0.05842105263157894
ROUEN RIVE DROITE,LYON (intramuros),18,0.058596491228070174
ROUEN RIVE DROITE,LYON (intramuros),19,0.06307420494699648
ROUEN RIVE DROITE,LYON (intramuros),20,0.06678445229681979
ROUEN RIVE DROITE,LYON (intramuros),21,0.069434628975265
ROUEN RIVE DROITE,LYON (intramuros),22,0.06996466431095406
ROUEN RIVE DROITE,LYON (intramuros),23,0.06968085106382978
ROUEN RIVE DROITE,LYON (intramuros),24,0.06950354609929078
ROUEN RIVE DROITE,LYON (intramuros),25,0.07641843971631206
ROUEN RIVE DROITE,LYON (intramuros),26,0.07285714285714286
ROUEN RIVE DROITE,LYON (intramuros),27,0.07142857142857142
ROUEN RIVE DROITE,LYON (intramuros),28,0.0757142857142857
ROUEN RIVE DROITE,LYON (intramuros),29,0.07892857142857143
ROUEN RIVE DROITE,LYON (intramuros),30,0.013082437275985662
ROUEN RIVE DROITE,MANTES LA JOLIE,0,0.8678200692041523
ROUEN RIVE DROITE,MANTES LA JOLIE,1,0.8592334494773519
ROUEN RIVE DROITE,MANTES LA JOLIE,2,0.8323529411764706
ROUEN RIVE DROITE,MANTES LA JOLIE,3,0.8384482758620689
ROUEN RIVE DROITE,MANTES LA JOLIE,4,0.7146048109965636
ROUEN RIVE DROITE,MANTES LA JOLIE,5,0.6984429065743945
ROUEN RIVE DROITE,MANTES LA JOLIE,6,0.6770833333333334
ROUEN RIVE DROITE,MANTES LA JOLIE,7,0.6543554006968642
ROUEN RIVE DROITE,MANTES LA JOLIE,8,0.6090592334494774
ROUEN RIVE DROITE,MANTES LA JOLIE,9,0.5926829268292683
ROUEN RIVE DROITE,MANTES LA JOLIE,10,0.55
ROUEN RIVE DROITE,MANTES LA JOLIE,11,0.5262975778546712
ROUEN RIVE DROITE,MANTES LA JOLIE,12,0.29094076655052264
ROUEN RIVE DROITE,MANTES LA JOLIE,13,0.2844405594405594
ROUEN RIVE DROITE,MANTES LA JOLIE,14,0.27070175438596494
ROUEN RIVE DROITE,MANTES LA JOLIE,15,0.2631578947368421
ROUEN RIVE DROITE,MANTES LA JOLIE,16,0.25315789473684214
ROUEN RIVE DROITE,MANTES LA JOLIE,17,0.2449122807017544
ROUEN RIVE DROITE,MANTES LA JOLIE,18,0.23982456140350875
ROUEN RIVE DROITE,MANTES LA JOLIE,19,0.24222614840989398
ROUEN RIVE DROITE,MANTES LA JOLIE,20,0.23657243816254417
ROUEN RIVE DROITE,MANTES LA JOLIE,21,0.22544169611307419
ROUEN RIVE DROITE,MANTES LA JOLIE,22,0.21996466431095407
ROUEN RIVE DROITE,MANTES LA JOLIE,23,0.21170212765957447
ROUEN RIVE DROITE,MANTES LA JOLIE,24,0.20709219858156028
ROUEN RIVE DROITE,MANTES LA JOLIE,25,0.20407801418439717
ROUEN RIVE DROITE,MANTES LA JOLIE,26,0.20142857142857143
ROUEN RIVE DROITE,MANTES LA JOLIE,27,0.2005357142857143
ROUEN RIVE DROITE,MANTES LA JOLIE,28,0.20125
ROUEN RIVE DROITE,MANTES LA JOLIE,29,0.19089285714285714
ROUEN RIVE DROITE,MANTES LA JOLIE,30,0.03136200716845878
ROUEN RIVE DROITE,MARSEILLE ST CHARLES,0,0.3230103806228373
ROUEN RIVE DROITE,MARSEILLE ST CHARLES,1,0.30853658536585366
ROUEN RIVE DROITE,MARSEILLE ST CHARLES,2,0.2916955017301038
ROUEN RIVE DROITE,MARSEILLE ST CHARLES,3,0.2775862068965517
ROUEN RIVE DROITE,MARSEILLE ST CHARLES,4,0.19656357388316154
ROUEN RIVE DROITE,MARSEILLE ST CHARLES,5,0.2046712802768166
ROUEN RIVE DROITE,MARSEILLE ST CHARLES,6,0.21041666666666667
ROUEN RIVE DROITE,MARSEILLE ST CHARLES,7,0.22038327526132404
ROUEN RIVE DROITE,MARSEILLE ST CHARLES,8,0.2137630662020906
ROUEN RIVE DROITE,MARSEILLE ST CHARLES,9,0.21445993031358884
ROUEN RIVE DROITE,MARSEILLE ST CHARLES,10,0.23246527777777778
ROUEN RIVE DROITE,MARSEILLE ST CHARLES,11,0.22041522491349483
ROUEN RIVE DROITE,MARSEILLE ST CHARLES,12,0.05801393728222996
ROUEN RIVE DROITE,MARSEILLE ST CHARLES,13,0.056818181818181816
ROUEN RIVE DROITE,MARSEILLE ST CHARLES,14,0.058596491228070174
ROUEN RIVE DROITE,MARSEILLE ST CHARLES,15,0.054912280701754385
ROUEN RIVE DROITE,MARSEILLE ST CHARLES,16,0.061052631578947365
ROUEN RIVE DROITE,MARSEILLE ST CHARLES,17,0.05842105263157894
ROUEN RIVE DROITE,MARSEILLE ST CHARLES,18,0.056140350877192984
ROUEN RIVE DROITE,MARSEILLE ST CHARLES,19,0.060600706713780914
ROUEN RIVE DROITE,MARSEILLE ST CHARLES,20,0.06678445229681979
ROUEN RIVE DROITE,MARSEILLE ST CHARLES,21,0.06731448763250884
ROUEN RIVE DROITE,MARSEILLE ST CHARLES,22,0.06978798586572438
ROUEN RIVE DROITE,MARSEILLE ST CHARLES,23,0.06843971631205674
ROUEN RIVE DROITE,MARSEILLE ST CHARLES,24,0.06897163120567376
ROUEN RIVE DROITE,MARSEILLE ST CHARLES,25,0.07429078014184397
ROUEN RIVE DROITE,MARSEILLE ST CHARLES,26,0.07017857142857142
ROUEN RIVE DROITE,MARSEILLE ST CHARLES,27,0.06892857142857144
ROUEN RIVE DROITE,MARSEILLE ST CHARLES,28,0.0719642857142857
ROUEN RIVE DROITE,MARSEILLE ST CHARLES,29,0.07446428571428572
ROUEN RIVE DROITE,MARSEILLE ST CHARLES,30,0.014695340501792114
ROUEN RIVE DROITE,MASSY PALAISEAU,0,0.8678200692041523
ROUEN RIVE DROITE,MASSY PALAISEAU,1,0.8599303135888502
ROUEN RIVE DROITE,MASSY PALAISEAU,2,0.8316608996539793
ROUEN RIVE DROITE,MASSY PALAISEAU,3,0.8375862068965517
ROUEN RIVE DROITE,MASSY PALAISEAU,4,0.7187285223367698
ROUEN RIVE DROITE,MASSY PALAISEAU,5,0.6963667820069204
ROUEN RIVE DROITE,MASSY PALAISEAU,6,0.6798611111111111
ROUEN RIVE DROITE,MASSY PALAISEAU,7,0.655226480836237
ROUEN RIVE DROITE,MASSY PALAISEAU,8,0.6092334494773519
ROUEN RIVE DROITE,MASSY PALAISEAU,9,0.5865853658536585
ROUEN RIVE DROITE,MASSY PALAISEAU,10,0.5564236111111112
ROUEN RIVE DROITE,MASSY PALAISEAU,11,0.5282006920415225
ROUEN RIVE DROITE,MASSY PALAISEAU,12,0.2952961672473868
ROUEN RIVE DROITE,MASSY PALAISEAU,13,0.2811188811188811
ROUEN RIVE DROITE,MASSY PALAISEAU,14,0.2694736842105263
ROUEN RIVE DROITE,MASSY PALAISEAU,15,0.26456140350877194
ROUEN RIVE DROITE,MASSY PALAISEAU,16,0.25315789473684214
ROUEN RIVE DROITE,MASSY PALAISEAU,17,0.24877192982456142
ROUEN RIVE DROITE,MASSY PALAISEAU,18,0.24035087719298245
ROUEN RIVE DROITE,MASSY PALAISEAU,19,0.24098939929328622
ROUEN RIVE DROITE,MASSY PALAISEAU,20,0.23657243816254417
ROUEN RIVE DROITE,MASSY PALAISEAU,21,0.22720848056537102
ROUEN RIVE DROITE,MASSY PALAISEAU,22,0.22102473498233213
ROUEN RIVE DROITE,MASSY PALAISEAU,23,0.21347517730496454
ROUEN RIVE DROITE,MASSY PALAISEAU,24,0.20656028368794327
ROUEN RIVE DROITE,MASSY PALAISEAU,25,0.21046099290780143
ROUEN RIVE DROITE,MASSY PALAISEAU,26,0.20142857142857143
ROUEN RIVE DROITE,MASSY PALAISEAU,27,0.19964285714285715
ROUEN RIVE DROITE,MASSY PALAISEAU,28,0.1998214285714286
ROUEN RIVE DROITE,MASSY PALAISEAU,29,0.19535714285714287
ROUEN RIVE DROITE,MASSY PALAISEAU,30,0.023118279569892475
ROUEN RIVE DROITE,VALENCE TGV AUVERGNE RHONE ALPES,0,0.31314878892733566
ROUEN RIVE DROITE,VALENCE TGV AUVERGNE RHONE ALPES,1,0.3078397212543554
ROUEN RIVE DROITE,VALENCE TGV AUVERGNE RHONE ALPES,2,0.28910034602076123
ROUEN RIVE DROITE,VALENCE TGV AUVERGNE RHONE ALPES,3,0.28258620689655173
ROUEN RIVE DROITE,VALENCE TGV AUVERGNE RHONE ALPES,4,0.20652920962199314
ROUEN RIVE DROITE,VALENCE TGV AUVERGNE RHONE ALPES,5,0.22387543252595157
ROUEN RIVE DROITE,VALENCE TGV AUVERGNE RHONE ALPES,6,0.2230902777777778
ROUEN RIVE DROITE,VALENCE TGV AUVERGNE RHONE ALPES,7,0.21829268292682927
ROUEN RIVE DROITE,VALENCE TGV AUVERGNE RHONE ALPES,8,0.21794425087108013
ROUEN RIVE DROITE,VALENCE TGV AUVERGNE RHONE ALPES,9,0.2146341463414634
ROUEN RIVE DROITE,VALENCE TGV AUVERGNE RHONE ALPES,10,0.22934027777777777
ROUEN RIVE DROITE,VALENCE TGV AUVERGNE RHONE ALPES,11,0.22802768166089968
ROUEN RIVE DROITE,VALENCE TGV AUVERGNE RHONE ALPES,12,0.05801393728222996
ROUEN RIVE DROITE,VALENCE TGV AUVERGNE RHONE ALPES,13,0.057167832167832174
ROUEN RIVE DROITE,VALENCE TGV AUVERGNE RHONE ALPES,14,0.059298245614035086
ROUEN RIVE DROITE,VALENCE TGV AUVERGNE RHONE ALPES,15,0.05526315789473684
ROUEN RIVE DROITE,VALENCE TGV AUVERGNE RHONE ALPES,16,0.0612280701754386
ROUEN RIVE DROITE,VALENCE TGV AUVERGNE RHONE ALPES,17,0.058771929824561406
ROUEN RIVE DROITE,VALENCE TGV AUVERGNE RHONE ALPES,18,0.05789473684210526
ROUEN RIVE DROITE,VALENCE TGV AUVERGNE RHONE ALPES,19,0.06130742049469965
ROUEN RIVE DROITE,VALENCE TGV AUVERGNE RHONE ALPES,20,0.06660777385159011
ROUEN RIVE DROITE,VALENCE TGV AUVERGNE RHONE ALPES,21,0.06766784452296819
ROUEN RIVE DROITE,VALENCE TGV AUVERGNE RHONE ALPES,22,0.0706713780918728
ROUEN RIVE DROITE,VALENCE TGV AUVERGNE RHONE ALPES,23,0.0675531914893617
ROUEN RIVE DROITE,VALENCE TGV AUVERGNE RHONE ALPES,24,0.06932624113475178
ROUEN RIVE DROITE,VALENCE TGV AUVERGNE RHONE ALPES,25,0.07677304964539007
ROUEN RIVE DROITE,VALENCE TGV AUVERGNE RHONE ALPES,26,0.07178571428571429
ROUEN RIVE DROITE,VALENCE TGV AUVERGNE RHONE ALPES,27,0.07017857142857142
ROUEN RIVE DROITE,VALENCE TGV AUVERGNE RHONE ALPES,28,0.07178571428571429
ROUEN RIVE DROITE,VALENCE TGV AUVERGNE RHONE ALPES,29,0.07535714285714286
ROUEN RIVE DROITE,VALENCE TGV AUVERGNE RHONE ALPES,30,0.014157706093189965
ROUEN RIVE DROITE,VERSAILLES CHANTIERS,0,0.8641868512110726
ROUEN RIVE DROITE,VERSAILLES CHANTIERS,1,0.8587108013937281
ROUEN RIVE DROITE,VERSAILLES CHANTIERS,2,0.8323529411764706
ROUEN RIVE DROITE,VERSAILLES CHANTIERS,3,0.8367241379310345
ROUEN RIVE DROITE,VERSAILLES CHANTIERS,4,0.7183848797250859
ROUEN RIVE DROITE,VERSAILLES CHANTIERS,5,0.6979238754325259
ROUEN RIVE DROITE,VERSAILLES CHANTIERS,6,0.6777777777777777
ROUEN RIVE DROITE,VERSAILLES CHANTIERS,7,0.6550522648083623
ROUEN RIVE DROITE,VERSAILLES CHANTIERS,8,0.6087108013937281
ROUEN RIVE DROITE,VERSAILLES CHANTIERS,9,0.5890243902439025
ROUEN RIVE DROITE,VERSAILLES CHANTIERS,10,0.5532986111111111
ROUEN RIVE DROITE,VERSAILLES CHANTIERS,11,0.5299307958477509
ROUEN RIVE DROITE,VERSAILLES CHANTIERS,12,0.2952961672473868
ROUEN RIVE DROITE,VERSAILLES CHANTIERS,13,0.2835664335664336
ROUEN RIVE DROITE,VERSAILLES CHANTIERS,14,0.2692982456140351
ROUEN RIVE DROITE,VERSAILLES CHANTIERS,15,0.26456140350877194
ROUEN RIVE DROITE,VERSAILLES CHANTIERS,16,0.24982456140350878
ROUEN RIVE DROITE,VERSAILLES CHANTIERS,17,0.24561403508771928
ROUEN RIVE DROITE,VERSAILLES CHANTIERS,18,0.23982456140350875
ROUEN RIVE DROITE,VERSAILLES CHANTIERS,19,0.24381625441696114
ROUEN RIVE DROITE,VERSAILLES CHANTIERS,20,0.23568904593639578
ROUEN RIVE DROITE,VERSAILLES CHANTIERS,21,0.22650176678445227
ROUEN RIVE DROITE,VERSAILLES CHANTIERS,22,0.2226148409893993
ROUEN RIVE DROITE,VERSAILLES CHANTIERS,23,0.21081560283687945
ROUEN RIVE DROITE,VERSAILLES CHANTIERS,24,0.20602836879432623
ROUEN RIVE DROITE,VERSAILLES CHANTIERS,25,0.20638297872340428
ROUEN RIVE DROITE,VERSAILLES CHANTIERS,26,0.2019642857142857
ROUEN RIVE DROITE,VERSAILLES CHANTIERS,27,0.2005357142857143
ROUEN RIVE DROITE,VERSAILLES CHANTIERS,28,0.1992857142857143
ROUEN RIVE DROITE,VERSAILLES CHANTIERS,29,0.19732142857142856
ROUEN RIVE DROITE,VERSAILLES CHANTIERS,30,0.03118279569892473
SAINT AVRE LA CHAMBRE,MODANE,0,0.9666666666666667
SAINT AVRE LA CHAMBRE,MODANE,1,0.9666666666666667
SAINT AVRE LA CHAMBRE,MODANE,2,0.9833333333333334
SAINT AVRE LA CHAMBRE,MODANE,3,0.9666666666666667
SAINT AVRE LA CHAMBRE,MODANE,4,0.6666666666666666
SAINT AVRE LA CHAMBRE,MODANE,5,0.6666666666666666
SAINT AVRE LA CHAMBRE,MODANE,6,0.65
SAINT AVRE LA CHAMBRE,MODANE,7,0.65
SAINT AVRE LA CHAMBRE,MODANE,8,0.6666666666666666
SAINT AVRE LA CHAMBRE,MODANE,9,0.6666666666666666
SAINT AVRE LA CHAMBRE,MODANE,10,0.6666666666666666
SAINT AVRE LA CHAMBRE,MODANE,11,0.6666666666666666
SAINT AVRE LA CHAMBRE,MODANE,12,0.35000000000000003
SAINT AVRE LA CHAMBRE,MODANE,13,0.3333333333333333
SAINT AVRE LA CHAMBRE,MODANE,14,0.3333333333333333
SAINT AVRE LA CHAMBRE,MODANE,15,0.3333333333333333
SAINT AVRE LA CHAMBRE,MODANE,16,0.3333333333333333
SAINT AVRE LA CHAMBRE,MODANE,17,0.3333333333333333
SAINT AVRE LA CHAMBRE,MODANE,18,0.3333333333333333
SAINT AVRE LA CHAMBRE,MODANE,19,0.3333333333333333
SAINT AVRE LA CHAMBRE,MODANE,20,0.3333333333333333
SAINT AVRE LA CHAMBRE,MODANE,21,0.3333333333333333
SAINT AVRE LA CHAMBRE,MODANE,22,0.3333333333333333
SAINT AVRE LA CHAMBRE,MODANE,23,0.3333333333333333
SAINT AVRE LA CHAMBRE,MODANE,24,0.3333333333333333
SAINT AVRE LA CHAMBRE,MODANE,25,0.3333333333333333
SAINT AVRE LA CHAMBRE,MODANE,26,0.3333333333333333
SAINT AVRE LA CHAMBRE,MODANE,27,0.35000000000000003
SAINT AVRE LA CHAMBRE,MODANE,28,0.31666666666666665
SAINT AVRE LA CHAMBRE,MODANE,29,0.35000000000000003
SAINT AVRE LA CHAMBRE,MODANE,30,0.06666666666666667
SAINT AVRE LA CHAMBRE,ST JEAN DE MAURIENNE ARVAN,0,0.9333333333333332
SAINT AVRE LA CHAMBRE,ST JEAN DE MAURIENNE ARVAN,1,0.9666666666666667
SAINT AVRE LA CHAMBRE,ST JEAN DE MAURIENNE ARVAN,2,0.9833333333333334
SAINT AVRE LA CHAMBRE,ST JEAN DE MAURIENNE ARVAN,3,0.9333333333333332
SAINT AVRE LA CHAMBRE,ST JEAN DE MAURIENNE ARVAN,4,0.6666666666666666
SAINT AVRE LA CHAMBRE,ST JEAN DE MAURIENNE ARVAN,5,0.6666666666666666
SAINT AVRE LA CHAMBRE,ST JEAN DE MAURIENNE ARVAN,6,0.6666666666666666
SAINT AVRE LA CHAMBRE,ST JEAN DE MAURIENNE ARVAN,7,0.6666666666666666
SAINT AVRE LA CHAMBRE,ST JEAN DE MAURIENNE ARVAN,8,0.6666666666666666
SAINT AVRE LA CHAMBRE,ST JEAN DE MAURIENNE ARVAN,9,0.65
SAINT AVRE LA CHAMBRE,ST JEAN DE MAURIENNE ARVAN,10,0.6333333333333333
SAINT AVRE LA CHAMBRE,ST JEAN DE MAURIENNE ARVAN,11,0.6333333333333333
SAINT AVRE LA CHAMBRE,ST JEAN DE MAURIENNE ARVAN,12,0.3333333333333333
SAINT AVRE LA CHAMBRE,ST JEAN DE MAURIENNE ARVAN,13,0.3333333333333333
SAINT AVRE LA CHAMBRE,ST JEAN DE MAURIENNE ARVAN,14,0.3333333333333333
SAINT AVRE LA CHAMBRE,ST JEAN DE MAURIENNE ARVAN,15,0.31666666666666665
SAINT AVRE LA CHAMBRE,ST JEAN DE MAURIENNE ARVAN,16,0.31666666666666665
SAINT AVRE LA CHAMBRE,ST JEAN DE MAURIENNE ARVAN,17,0.3333333333333333
SAINT AVRE LA CHAMBRE,ST JEAN DE MAURIENNE ARVAN,18,0.3333333333333333
SAINT AVRE LA CHAMBRE,ST JEAN DE MAURIENNE ARVAN,19,0.3333333333333333
SAINT AVRE LA CHAMBRE,ST JEAN DE MAURIENNE ARVAN,20,0.3333333333333333
SAINT AVRE LA CHAMBRE,ST JEAN DE MAURIENNE ARVAN,21,0.3333333333333333
SAINT AVRE LA CHAMBRE,ST JEAN DE MAURIENNE ARVAN,22,0.3333333333333333
SAINT AVRE LA CHAMBRE,ST JEAN DE MAURIENNE ARVAN,23,0.3333333333333333
SAINT AVRE LA CHAMBRE,ST JEAN DE MAURIENNE ARVAN,24,0.3333333333333333
SAINT AVRE LA CHAMBRE,ST JEAN DE MAURIENNE ARVAN,25,0.3333333333333333
SAINT AVRE LA CHAMBRE,ST JEAN DE MAURIENNE ARVAN,26,0.3333333333333333
SAINT AVRE LA CHAMBRE,ST JEAN DE MAURIENNE ARVAN,27,0.3333333333333333
SAINT AVRE LA CHAMBRE,ST JEAN DE MAURIENNE ARVAN,28,0.3333333333333333
SAINT AVRE LA CHAMBRE,ST JEAN DE MAURIENNE ARVAN,29,0.3333333333333333
SAINT AVRE LA CHAMBRE,ST JEAN DE MAURIENNE ARVAN,30,0.049999999999999996
SAINT AVRE LA CHAMBRE,ST MICHEL VALLOIRE,0,0.9666666666666667
SAINT AVRE LA CHAMBRE,ST MICHEL VALLOIRE,1,1.0
SAINT AVRE LA CHAMBRE,ST MICHEL VALLOIRE,2,1.0
SAINT AVRE LA CHAMBRE,ST MICHEL VALLOIRE,3,0.9833333333333334
SAINT AVRE LA CHAMBRE,ST MICHEL VALLOIRE,4,0.6666666666666666
SAINT AVRE LA CHAMBRE,ST MICHEL VALLOIRE,5,0.6666666666666666
SAINT AVRE LA CHAMBRE,ST MICHEL VALLOIRE,6,0.6666666666666666
SAINT AVRE LA CHAMBRE,ST MICHEL VALLOIRE,7,0.6666666666666666
SAINT AVRE LA CHAMBRE,ST MICHEL VALLOIRE,8,0.6666666666666666
SAINT AVRE LA CHAMBRE,ST MICHEL VALLOIRE,9,0.6666666666666666
SAINT AVRE LA CHAMBRE,ST MICHEL VALLOIRE,10,0.6666666666666666
SAINT AVRE LA CHAMBRE,ST MICHEL VALLOIRE,11,0.65
SAINT AVRE LA CHAMBRE,ST MICHEL VALLOIRE,12,0.3333333333333333
SAINT AVRE LA CHAMBRE,ST MICHEL VALLOIRE,13,0.3333333333333333
SAINT AVRE LA CHAMBRE,ST MICHEL VALLOIRE,14,0.3333333333333333
SAINT AVRE LA CHAMBRE,ST MICHEL VALLOIRE,15,0.3333333333333333
SAINT AVRE LA CHAMBRE,ST MICHEL VALLOIRE,16,0.3333333333333333
SAINT AVRE LA CHAMBRE,ST MICHEL VALLOIRE,17,0.3333333333333333
SAINT AVRE LA CHAMBRE,ST MICHEL VALLOIRE,18,0.3333333333333333
SAINT AVRE LA CHAMBRE,ST MICHEL VALLOIRE,19,0.3333333333333333
SAINT AVRE LA CHAMBRE,ST MICHEL VALLOIRE,20,0.3333333333333333
SAINT AVRE LA CHAMBRE,ST MICHEL VALLOIRE,21,0.3333333333333333
SAINT AVRE LA CHAMBRE,ST MICHEL VALLOIRE,22,0.3333333333333333
SAINT AVRE LA CHAMBRE,ST MICHEL VALLOIRE,23,0.3333333333333333
SAINT AVRE LA CHAMBRE,ST MICHEL VALLOIRE,24,0.3333333333333333
SAINT AVRE LA CHAMBRE,ST MICHEL VALLOIRE,25,0.3333333333333333
SAINT AVRE LA CHAMBRE,ST MICHEL VALLOIRE,26,0.3333333333333333
SAINT AVRE LA CHAMBRE,ST MICHEL VALLOIRE,27,0.3333333333333333
SAINT AVRE LA CHAMBRE,ST MICHEL VALLOIRE,28,0.31666666666666665
SAINT AVRE LA CHAMBRE,ST MICHEL VALLOIRE,29,0.31666666666666665
SAINT AVRE LA CHAMBRE,ST MICHEL VALLOIRE,30,0.03333333333333333
SALLANCHES COMBLOUX MEGEVE,ST GERVAIS LES BAINS LE FAYET,0,0.9
SALLANCHES COMBLOUX MEGEVE,ST GERVAIS LES BAINS LE FAYET,1,0.95
SALLANCHES COMBLOUX MEGEVE,ST GERVAIS LES BAINS LE FAYET,2,0.95
SALLANCHES COMBLOUX MEGEVE,ST GERVAIS LES BAINS LE FAYET,3,0.875
SALLANCHES COMBLOUX MEGEVE,ST GERVAIS LES BAINS LE FAYET,4,0.975
SALLANCHES COMBLOUX MEGEVE,ST GERVAIS LES BAINS LE FAYET,5,1.0
SALLANCHES COMBLOUX MEGEVE,ST GERVAIS LES BAINS LE FAYET,6,1.0
SALLANCHES COMBLOUX MEGEVE,ST GERVAIS LES BAINS LE FAYET,7,1.0
SALLANCHES COMBLOUX MEGEVE,ST GERVAIS LES BAINS LE FAYET,8,1.0
SALLANCHES COMBLOUX MEGEVE,ST GERVAIS LES BAINS LE FAYET,9,1.0
SALLANCHES COMBLOUX MEGEVE,ST GERVAIS LES BAINS LE FAYET,10,1.0
SALLANCHES COMBLOUX MEGEVE,ST GERVAIS LES BAINS LE FAYET,11,1.0
SALLANCHES COMBLOUX MEGEVE,ST GERVAIS LES BAINS LE FAYET,12,1.0
SALLANCHES COMBLOUX MEGEVE,ST GERVAIS LES BAINS LE FAYET,13,1.0
SALLANCHES COMBLOUX MEGEVE,ST GERVAIS LES BAINS LE FAYET,14,1.0
SALLANCHES COMBLOUX MEGEVE,ST GERVAIS LES BAINS LE FAYET,15,1.0
SALLANCHES COMBLOUX MEGEVE,ST GERVAIS LES BAINS LE FAYET,16,0.975
SALLANCHES COMBLOUX MEGEVE,ST GERVAIS LES BAINS LE FAYET,17,0.975
SALLANCHES COMBLOUX MEGEVE,ST GERVAIS LES BAINS LE FAYET,18,0.975
SALLANCHES COMBLOUX MEGEVE,ST GERVAIS LES BAINS LE FAYET,19,0.975
SALLANCHES COMBLOUX MEGEVE,ST GERVAIS LES BAINS LE FAYET,20,1.0
SALLANCHES COMBLOUX MEGEVE,ST GERVAIS LES BAINS LE FAYET,21,1.0
SALLANCHES COMBLOUX MEGEVE,ST GERVAIS LES BAINS LE FAYET,22,0.975
SALLANCHES COMBLOUX MEGEVE,ST GERVAIS LES BAINS LE FAYET,23,0.875
SALLANCHES COMBLOUX MEGEVE,ST GERVAIS LES BAINS LE FAYET,24,0.625
SALLANCHES COMBLOUX MEGEVE,ST GERVAIS LES BAINS LE FAYET,25,0.5
SALLANCHES COMBLOUX MEGEVE,ST GERVAIS LES BAINS LE FAYET,26,0.5
SALLANCHES COMBLOUX MEGEVE,ST GERVAIS LES BAINS LE FAYET,27,0.45
SALLANCHES COMBLOUX MEGEVE,ST GERVAIS LES BAINS LE FAYET,28,0.425
SALLANCHES COMBLOUX MEGEVE,ST GERVAIS LES BAINS LE FAYET,29,0.125
SALLANCHES COMBLOUX MEGEVE,ST GERVAIS LES BAINS LE FAYET,30,0.025
SAUMUR,AVIGNON TGV,0,0.008108108108108109
SAUMUR,AVIGNON TGV,1,0.007142857142857143
SAUMUR,AVIGNON TGV,2,0.005555555555555556
SAUMUR,AVIGNON TGV,3,0.005555555555555556
SAUMUR,AVIGNON TGV,4,0.0041666666666666675
SAUMUR,AVIGNON TGV,5,0.0
SAUMUR,AVIGNON TGV,6,0.0013513513513513514
SAUMUR,AVIGNON TGV,7,0.0
SAUMUR,AVIGNON TGV,8,0.0
SAUMUR,AVIGNON TGV,9,0.0
SAUMUR,AVIGNON TGV,10,0.002777777777777778
SAUMUR,AVIGNON TGV,11,0.002777777777777778
SAUMUR,AVIGNON TGV,12,0.0013513513513513514
SAUMUR,AVIGNON TGV,13,0.002702702702702703
SAUMUR,AVIGNON TGV,14,0.0013513513513513514
SAUMUR,AVIGNON TGV,15,0.0014285714285714286
SAUMUR,AVIGNON TGV,16,0.0
SAUMUR,AVIGNON TGV,17,0.0
SAUMUR,AVIGNON TGV,18,0.0
SAUMUR,AVIGNON TGV,19,0.0
SAUMUR,AVIGNON TGV,20,0.0
SAUMUR,AVIGNON TGV,21,0.0
SAUMUR,AVIGNON TGV,22,0.0
SAUMUR,AVIGNON TGV,23,0.0
SAUMUR,AVIGNON TGV,24,0.0
SAUMUR,AVIGNON TGV,25,0.0
SAUMUR,AVIGNON TGV,26,0.0
SAUMUR,AVIGNON TGV,27,0.0
SAUMUR,AVIGNON TGV,28,0.0
SAUMUR,AVIGNON TGV,29,0.0
SAUMUR,AVIGNON TGV,30,0.0
SAUMUR,LYON (intramuros),0,0.3518575851393189
SAUMUR,LYON (intramuros),1,0.3611111111111111
SAUMUR,LYON (intramuros),2,0.3672307692307692
SAUMUR,LYON (intramuros),3,0.3535384615384616
SAUMUR,LYON (intramuros),4,0.23938461538461536
SAUMUR,LYON (intramuros),5,0.24723076923076923
SAUMUR,LYON (intramuros),6,0.2753846153846154
SAUMUR,LYON (intramuros),7,0.32
SAUMUR,LYON (intramuros),8,0.3192307692307692
SAUMUR,LYON (intramuros),9,0.3098461538461539
SAUMUR,LYON (intramuros),10,0.3203076923076923
SAUMUR,LYON (intramuros),11,0.31569230769230766
SAUMUR,LYON (intramuros),12,0.10815384615384616
SAUMUR,LYON (intramuros),13,0.11261538461538462
SAUMUR,LYON (intramuros),14,0.10953846153846154
SAUMUR,LYON (intramuros),15,0.11415384615384616
SAUMUR,LYON (intramuros),16,0.12323076923076923
SAUMUR,LYON (intramuros),17,0.11876923076923078
SAUMUR,LYON (intramuros),18,0.1290769230769231
SAUMUR,LYON (intramuros),19,0.1279320987654321
SAUMUR,LYON (intramuros),20,0.14351851851851852
SAUMUR,LYON (intramuros),21,0.14243827160493827
SAUMUR,LYON (intramuros),22,0.1396923076923077
SAUMUR,LYON (intramuros),23,0.13184615384615386
SAUMUR,LYON (intramuros),24,0.12638888888888888
SAUMUR,LYON (intramuros),25,0.13533950617283952
SAUMUR,LYON (intramuros),26,0.13405572755417955
SAUMUR,LYON (intramuros),27,0.13777089783281735
SAUMUR,LYON (intramuros),28,0.1371517027863777
SAUMUR,LYON (intramuros),29,0.12438271604938271
SAUMUR,LYON (intramuros),30,0.01832298136645963
SAUMUR,MARSEILLE ST CHARLES,0,0.002702702702702703
SAUMUR,MARSEILLE ST CHARLES,1,0.002857142857142857
SAUMUR,MARSEILLE ST CHARLES,2,0.001388888888888889
SAUMUR,MARSEILLE ST CHARLES,3,0.002777777777777778
SAUMUR,MARSEILLE ST CHARLES,4,0.0
SAUMUR,MARSEILLE ST CHARLES,5,0.0013513513513513514
SAUMUR,MARSEILLE ST CHARLES,6,0.0
SAUMUR,MARSEILLE ST CHARLES,7,0.0013513513513513514
SAUMUR,MARSEILLE ST CHARLES,8,0.0
SAUMUR,MARSEILLE ST CHARLES,9,0.001388888888888889
SAUMUR,MARSEILLE ST CHARLES,10,0.002777777777777778
SAUMUR,MARSEILLE ST CHARLES,11,0.005555555555555556
SAUMUR,MARSEILLE ST CHARLES,12,0.0013513513513513514
SAUMUR,MARSEILLE ST CHARLES,13,0.0
SAUMUR,MARSEILLE ST CHARLES,14,0.0013513513513513514
SAUMUR,MARSEILLE ST CHARLES,15,0.0
SAUMUR,MARSEILLE ST CHARLES,16,0.0
SAUMUR,MARSEILLE ST CHARLES,17,0.0
SAUMUR,MARSEILLE ST CHARLES,18,0.0
SAUMUR,MARSEILLE ST CHARLES,19,0.001388888888888889
SAUMUR,MARSEILLE ST CHARLES,20,0.0
SAUMUR,MARSEILLE ST CHARLES,21,0.0
SAUMUR,MARSEILLE ST CHARLES,22,0.0
SAUMUR,MARSEILLE ST CHARLES,23,0.0
SAUMUR,MARSEILLE ST CHARLES,24,0.0
SAUMUR,MARSEILLE ST CHARLES,25,0.0
SAUMUR,MARSEILLE ST CHARLES,26,0.0
SAUMUR,MARSEILLE ST CHARLES,27,0.0
SAUMUR,MARSEILLE ST CHARLES,28,0.0
SAUMUR,MARSEILLE ST CHARLES,29,0.0
SAUMUR,MARSEILLE ST CHARLES,30,0.0
SAUMUR,MASSY TGV,0,0.46362229102167185
SAUMUR,MASSY TGV,1,0.47453703703703703
SAUMUR,MASSY TGV,2,0.4852307692307692
SAUMUR,MASSY TGV,3,0.4763076923076923
SAUMUR,MASSY TGV,4,0.2996923076923077
SAUMUR,MASSY TGV,5,0.28984615384615386
SAUMUR,MASSY TGV,6,0.3176923076923077
SAUMUR,MASSY TGV,7,0.35107692307692306
SAUMUR,MASSY TGV,8,0.3506153846153846
SAUMUR,MASSY TGV,9,0.3509230769230769
SAUMUR,MASSY TGV,10,0.3513846153846154
SAUMUR,MASSY TGV,11,0.35107692307692306
SAUMUR,MASSY TGV,12,0.17276923076923076
SAUMUR,MASSY TGV,13,0.17384615384615384
SAUMUR,MASSY TGV,14,0.17323076923076922
SAUMUR,MASSY TGV,15,0.1767692307692308
SAUMUR,MASSY TGV,16,0.1773846153846154
SAUMUR,MASSY TGV,17,0.17169230769230767
SAUMUR,MASSY TGV,18,0.1843076923076923
SAUMUR,MASSY TGV,19,0.18503086419753087
SAUMUR,MASSY TGV,20,0.19367283950617284
SAUMUR,MASSY TGV,21,0.19799382716049385
SAUMUR,MASSY TGV,22,0.1916923076923077
SAUMUR,MASSY TGV,23,0.18784615384615383
SAUMUR,MASSY TGV,24,0.17916666666666667
SAUMUR,MASSY TGV,25,0.18503086419753087
SAUMUR,MASSY TGV,26,0.1755417956656347
SAUMUR,MASSY TGV,27,0.17770897832817337
SAUMUR,MASSY TGV,28,0.1784829721362229
SAUMUR,MASSY TGV,29,0.16527777777777777
SAUMUR,MASSY TGV,30,0.02142857142857143
SAUMUR,MONTPELLIER SUD DE FRANCE,0,0.18229166666666666
SAUMUR,MONTPELLIER SUD DE FRANCE,1,0.16122448979591839
SAUMUR,MONTPELLIER SUD DE FRANCE,2,0.1183673469387755
SAUMUR,MONTPELLIER SUD DE FRANCE,3,0.12142857142857143
SAUMUR,MONTPELLIER SUD DE FRANCE,4,0.07234042553191489
SAUMUR,MONTPELLIER SUD DE FRANCE,5,0.11041666666666666
SAUMUR,MONTPELLIER SUD DE FRANCE,6,0.15937500000000002
SAUMUR,MONTPELLIER SUD DE FRANCE,7,0.19062500000000002
SAUMUR,MONTPELLIER SUD DE FRANCE,8,0.17551020408163265
SAUMUR,MONTPELLIER SUD DE FRANCE,9,0.15714285714285714
SAUMUR,MONTPELLIER SUD DE FRANCE,10,0.20204081632653062
SAUMUR,MONTPELLIER SUD DE FRANCE,11,0.16914893617021276
SAUMUR,MONTPELLIER SUD DE FRANCE,12,0.03333333333333333
SAUMUR,MONTPELLIER SUD DE FRANCE,13,0.021875000000000002
SAUMUR,MONTPELLIER SUD DE FRANCE,14,0.02291666666666667
SAUMUR,MONTPELLIER SUD DE FRANCE,15,0.02142857142857143
SAUMUR,MONTPELLIER SUD DE FRANCE,16,0.02040816326530612
SAUMUR,MONTPELLIER SUD DE FRANCE,17,0.02040816326530612
SAUMUR,MONTPELLIER SUD DE FRANCE,18,0.02127659574468085
SAUMUR,MONTPELLIER SUD DE FRANCE,19,0.020833333333333332
SAUMUR,MONTPELLIER SUD DE FRANCE,20,0.020833333333333332
SAUMUR,MONTPELLIER SUD DE FRANCE,21,0.021875000000000002
SAUMUR,MONTPELLIER SUD DE FRANCE,22,0.02040816326530612
SAUMUR,MONTPELLIER SUD DE FRANCE,23,0.02142857142857143
SAUMUR,MONTPELLIER SUD DE FRANCE,24,0.022448979591836737
SAUMUR,MONTPELLIER SUD DE FRANCE,25,0.020212765957446806
SAUMUR,MONTPELLIER SUD DE FRANCE,26,0.020833333333333332
SAUMUR,MONTPELLIER SUD DE FRANCE,27,0.021875000000000002
SAUMUR,MONTPELLIER SUD DE FRANCE,28,0.021875000000000002
SAUMUR,MONTPELLIER SUD DE FRANCE,29,0.020833333333333332
SAUMUR,MONTPELLIER SUD DE FRANCE,30,0.0031250000000000006
SAUMUR,NIMES PONT DU GARD,0,0.15937500000000002
SAUMUR,NIMES PONT DU GARD,1,0.14183673469387756
SAUMUR,NIMES PONT DU GARD,2,0.1142857142857143
SAUMUR,NIMES PONT DU GARD,3,0.12346938775510204
SAUMUR,NIMES PONT DU GARD,4,0.07127659574468086
SAUMUR,NIMES PONT DU GARD,5,0.10416666666666667
SAUMUR,NIMES PONT DU GARD,6,0.15833333333333333
SAUMUR,NIMES PONT DU GARD,7,0.19166666666666665
SAUMUR,NIMES PONT DU GARD,8,0.17857142857142858
SAUMUR,NIMES PONT DU GARD,9,0.1642857142857143
SAUMUR,NIMES PONT DU GARD,10,0.20510204081632655
SAUMUR,NIMES PONT DU GARD,11,0.19255319148936173
SAUMUR,NIMES PONT DU GARD,12,0.03125
SAUMUR,NIMES PONT DU GARD,13,0.02291666666666667
SAUMUR,NIMES PONT DU GARD,14,0.023958333333333335
SAUMUR,NIMES PONT DU GARD,15,0.02040816326530612
SAUMUR,NIMES PONT DU GARD,16,0.019387755102040816
SAUMUR,NIMES PONT DU GARD,17,0.02040816326530612
SAUMUR,NIMES PONT DU GARD,18,0.02127659574468085
SAUMUR,NIMES PONT DU GARD,19,0.020833333333333332
SAUMUR,NIMES PONT DU GARD,20,0.020833333333333332
SAUMUR,NIMES PONT DU GARD,21,0.020833333333333332
SAUMUR,NIMES PONT DU GARD,22,0.02142857142857143
SAUMUR,NIMES PONT DU GARD,23,0.02040816326530612
SAUMUR,NIMES PONT DU GARD,24,0.02040816326530612
SAUMUR,NIMES PONT DU GARD,25,0.02127659574468085
SAUMUR,NIMES PONT DU GARD,26,0.020833333333333332
SAUMUR,NIMES PONT DU GARD,27,0.020833333333333332
SAUMUR,NIMES PONT DU GARD,28,0.020833333333333332
SAUMUR,NIMES PONT DU GARD,29,0.021875000000000002
SAUMUR,NIMES PONT DU GARD,30,0.005208333333333333
SAUMUR,ST PIERRE DES CORPS,0,0.796749226006192
SAUMUR,ST PIERRE DES CORPS,1,0.8064814814814815
SAUMUR,ST PIERRE DES CORPS,2,0.8196923076923076
SAUMUR,ST PIERRE DES CORPS,3,0.8176923076923077
SAUMUR,ST PIERRE DES CORPS,4,0.7103076923076923
SAUMUR,ST PIERRE DES CORPS,5,0.6981538461538461
SAUMUR,ST PIERRE DES CORPS,6,0.6941538461538461
SAUMUR,ST PIERRE DES CORPS,7,0.6973846153846154
SAUMUR,ST PIERRE DES CORPS,8,0.6826153846153846
SAUMUR,ST PIERRE DES CORPS,9,0.6629230769230768
SAUMUR,ST PIERRE DES CORPS,10,0.6427692307692308
SAUMUR,ST PIERRE DES CORPS,11,0.6161538461538462
SAUMUR,ST PIERRE DES CORPS,12,0.35200000000000004
SAUMUR,ST PIERRE DES CORPS,13,0.34307692307692306
SAUMUR,ST PIERRE DES CORPS,14,0.32969230769230773
SAUMUR,ST PIERRE DES CORPS,15,0.32769230769230767
SAUMUR,ST PIERRE DES CORPS,16,0.32753846153846156
SAUMUR,ST PIERRE DES CORPS,17,0.30953846153846154
SAUMUR,ST PIERRE DES CORPS,18,0.30569230769230765
SAUMUR,ST PIERRE DES CORPS,19,0.2904320987654321
SAUMUR,ST PIERRE DES CORPS,20,0.2941358024691358
SAUMUR,ST PIERRE DES CORPS,21,0.28811728395061725
SAUMUR,ST PIERRE DES CORPS,22,0.2856923076923077
SAUMUR,ST PIERRE DES CORPS,23,0.2783076923076923
SAUMUR,ST PIERRE DES CORPS,24,0.2748456790123457
SAUMUR,ST PIERRE DES CORPS,25,0.27145061728395065
SAUMUR,ST PIERRE DES CORPS,26,0.2611455108359133
SAUMUR,ST PIERRE DES CORPS,27,0.25541795665634676
SAUMUR,ST PIERRE DES CORPS,28,0.254953560371517
SAUMUR,ST PIERRE DES CORPS,29,0.24537037037037038
SAUMUR,ST PIERRE DES CORPS,30,0.046894409937888196
SAUMUR,VALENCE TGV AUVERGNE RHONE ALPES,0,0.09235294117647058
SAUMUR,VALENCE TGV AUVERGNE RHONE ALPES,1,0.08571428571428572
SAUMUR,VALENCE TGV AUVERGNE RHONE ALPES,2,0.07176470588235295
SAUMUR,VALENCE TGV AUVERGNE RHONE ALPES,3,0.07411764705882354
SAUMUR,VALENCE TGV AUVERGNE RHONE ALPES,4,0.035542168674698796
SAUMUR,VALENCE TGV AUVERGNE RHONE ALPES,5,0.05705882352941177
SAUMUR,VALENCE TGV AUVERGNE RHONE ALPES,6,0.07647058823529412
SAUMUR,VALENCE TGV AUVERGNE RHONE ALPES,7,0.09176470588235294
SAUMUR,VALENCE TGV AUVERGNE RHONE ALPES,8,0.0869047619047619
SAUMUR,VALENCE TGV AUVERGNE RHONE ALPES,9,0.07058823529411765
SAUMUR,VALENCE TGV AUVERGNE RHONE ALPES,10,0.10235294117647058
SAUMUR,VALENCE TGV AUVERGNE RHONE ALPES,11,0.10481927710843372
SAUMUR,VALENCE TGV AUVERGNE RHONE ALPES,12,0.015294117647058824
SAUMUR,VALENCE TGV AUVERGNE RHONE ALPES,13,0.012352941176470589
SAUMUR,VALENCE TGV AUVERGNE RHONE ALPES,14,0.012941176470588237
SAUMUR,VALENCE TGV AUVERGNE RHONE ALPES,15,0.013095238095238096
SAUMUR,VALENCE TGV AUVERGNE RHONE ALPES,16,0.011764705882352941
SAUMUR,VALENCE TGV AUVERGNE RHONE ALPES,17,0.013529411764705884
SAUMUR,VALENCE TGV AUVERGNE RHONE ALPES,18,0.010843373493975903
SAUMUR,VALENCE TGV AUVERGNE RHONE ALPES,19,0.013690476190476189
SAUMUR,VALENCE TGV AUVERGNE RHONE ALPES,20,0.0125
SAUMUR,VALENCE TGV AUVERGNE RHONE ALPES,21,0.011904761904761904
SAUMUR,VALENCE TGV AUVERGNE RHONE ALPES,22,0.0125
SAUMUR,VALENCE TGV AUVERGNE RHONE ALPES,23,0.012352941176470589
SAUMUR,VALENCE TGV AUVERGNE RHONE ALPES,24,0.012941176470588237
SAUMUR,VALENCE TGV AUVERGNE RHONE ALPES,25,0.013253012048192772
SAUMUR,VALENCE TGV AUVERGNE RHONE ALPES,26,0.011904761904761904
SAUMUR,VALENCE TGV AUVERGNE RHONE ALPES,27,0.0125
SAUMUR,VALENCE TGV AUVERGNE RHONE ALPES,28,0.0125
SAUMUR,VALENCE TGV AUVERGNE RHONE ALPES,29,0.012650602409638554
SAUMUR,VALENCE TGV AUVERGNE RHONE ALPES,30,0.002380952380952381
ST JEAN DE MAURIENNE ARVAN,MODANE,0,0.9833333333333334
ST JEAN DE MAURIENNE ARVAN,MODANE,1,1.0
ST JEAN DE MAURIENNE ARVAN,MODANE,2,1.0
ST JEAN DE MAURIENNE ARVAN,MODANE,3,0.9666666666666667
ST JEAN DE MAURIENNE ARVAN,MODANE,4,0.6666666666666666
ST JEAN DE MAURIENNE ARVAN,MODANE,5,0.6666666666666666
ST JEAN DE MAURIENNE ARVAN,MODANE,6,0.6666666666666666
ST JEAN DE MAURIENNE ARVAN,MODANE,7,0.6666666666666666
ST JEAN DE MAURIENNE ARVAN,MODANE,8,0.6666666666666666
ST JEAN DE MAURIENNE ARVAN,MODANE,9,0.6666666666666666
ST JEAN DE MAURIENNE ARVAN,MODANE,10,0.6666666666666666
ST JEAN DE MAURIENNE ARVAN,MODANE,11,0.6666666666666666
ST JEAN DE MAURIENNE ARVAN,MODANE,12,0.35000000000000003
ST JEAN DE MAURIENNE ARVAN,MODANE,13,0.3333333333333333
ST JEAN DE MAURIENNE ARVAN,MODANE,14,0.3333333333333333
ST JEAN DE MAURIENNE ARVAN,MODANE,15,0.3333333333333333
ST JEAN DE MAURIENNE ARVAN,MODANE,16,0.3333333333333333
ST JEAN DE MAURIENNE ARVAN,MODANE,17,0.3333333333333333
ST JEAN DE MAURIENNE ARVAN,MODANE,18,0.3333333333333333
ST JEAN DE MAURIENNE ARVAN,MODANE,19,0.3333333333333333
ST JEAN DE MAURIENNE ARVAN,MODANE,20,0.3333333333333333
ST JEAN DE MAURIENNE ARVAN,MODANE,21,0.3333333333333333
ST JEAN DE MAURIENNE ARVAN,MODANE,22,0.3333333333333333
ST JEAN DE MAURIENNE ARVAN,MODANE,23,0.3333333333333333
ST JEAN DE MAURIENNE ARVAN,MODANE,24,0.3333333333333333
ST JEAN DE MAURIENNE ARVAN,MODANE,25,0.31666666666666665
ST JEAN DE MAURIENNE ARVAN,MODANE,26,0.31666666666666665
ST JEAN DE MAURIENNE ARVAN,MODANE,27,0.3333333333333333
ST JEAN DE MAURIENNE ARVAN,MODANE,28,0.3333333333333333
ST JEAN DE MAURIENNE ARVAN,MODANE,29,0.3333333333333333
ST JEAN DE MAURIENNE ARVAN,MODANE,30,0.08333333333333333
ST JEAN DE MAURIENNE ARVAN,ST MICHEL VALLOIRE,0,0.9499999999999998
ST JEAN DE MAURIENNE ARVAN,ST MICHEL VALLOIRE,1,0.9666666666666667
ST JEAN DE MAURIENNE ARVAN,ST MICHEL VALLOIRE,2,0.9500000000000001
ST JEAN DE MAURIENNE ARVAN,ST MICHEL VALLOIRE,3,0.9666666666666667
ST JEAN DE MAURIENNE ARVAN,ST MICHEL VALLOIRE,4,0.6666666666666666
ST JEAN DE MAURIENNE ARVAN,ST MICHEL VALLOIRE,5,0.6666666666666666
ST JEAN DE MAURIENNE ARVAN,ST MICHEL VALLOIRE,6,0.6666666666666666
ST JEAN DE MAURIENNE ARVAN,ST MICHEL VALLOIRE,7,0.6666666666666666
ST JEAN DE MAURIENNE ARVAN,ST MICHEL VALLOIRE,8,0.6666666666666666
ST JEAN DE MAURIENNE ARVAN,ST MICHEL VALLOIRE,9,0.6666666666666666
ST JEAN DE MAURIENNE ARVAN,ST MICHEL VALLOIRE,10,0.6666666666666666
ST JEAN DE MAURIENNE ARVAN,ST MICHEL VALLOIRE,11,0.65
ST JEAN DE MAURIENNE ARVAN,ST MICHEL VALLOIRE,12,0.3333333333333333
ST JEAN DE MAURIENNE ARVAN,ST MICHEL VALLOIRE,13,0.3333333333333333
ST JEAN DE MAURIENNE ARVAN,ST MICHEL VALLOIRE,14,0.3333333333333333
ST JEAN DE MAURIENNE ARVAN,ST MICHEL VALLOIRE,15,0.3333333333333333
ST JEAN DE MAURIENNE ARVAN,ST MICHEL VALLOIRE,16,0.3333333333333333
ST JEAN DE MAURIENNE ARVAN,ST MICHEL VALLOIRE,17,0.3333333333333333
ST JEAN DE MAURIENNE ARVAN,ST MICHEL VALLOIRE,18,0.3333333333333333
ST JEAN DE MAURIENNE ARVAN,ST MICHEL VALLOIRE,19,0.3333333333333333
ST JEAN DE MAURIENNE ARVAN,ST MICHEL VALLOIRE,20,0.3333333333333333
ST JEAN DE MAURIENNE ARVAN,ST MICHEL VALLOIRE,21,0.3333333333333333
ST JEAN DE MAURIENNE ARVAN,ST MICHEL VALLOIRE,22,0.3333333333333333
ST JEAN DE MAURIENNE ARVAN,ST MICHEL VALLOIRE,23,0.3333333333333333
ST JEAN DE MAURIENNE ARVAN,ST MICHEL VALLOIRE,24,0.3333333333333333
ST JEAN DE MAURIENNE ARVAN,ST MICHEL VALLOIRE,25,0.3333333333333333
ST JEAN DE MAURIENNE ARVAN,ST MICHEL VALLOIRE,26,0.3333333333333333
ST JEAN DE MAURIENNE ARVAN,ST MICHEL VALLOIRE,27,0.3333333333333333
ST JEAN DE MAURIENNE ARVAN,ST MICHEL VALLOIRE,28,0.3333333333333333
ST JEAN DE MAURIENNE ARVAN,ST MICHEL VALLOIRE,29,0.31666666666666665
ST JEAN DE MAURIENNE ARVAN,ST MICHEL VALLOIRE,30,0.049999999999999996
ST MICHEL VALLOIRE,MODANE,0,0.9833333333333334
ST MICHEL VALLOIRE,MODANE,1,0.9666666666666667
ST MICHEL VALLOIRE,MODANE,2,0.9666666666666667
ST MICHEL VALLOIRE,MODANE,3,0.9833333333333334
ST MICHEL VALLOIRE,MODANE,4,0.6833333333333332
ST MICHEL VALLOIRE,MODANE,5,0.6833333333333332
ST MICHEL VALLOIRE,MODANE,6,0.6666666666666666
ST MICHEL VALLOIRE,MODANE,7,0.6666666666666666
ST MICHEL VALLOIRE,MODANE,8,0.6666666666666666
ST MICHEL VALLOIRE,MODANE,9,0.6666666666666666
ST MICHEL VALLOIRE,MODANE,10,0.6666666666666666
ST MICHEL VALLOIRE,MODANE,11,0.6666666666666666
ST MICHEL VALLOIRE,MODANE,12,0.35000000000000003
ST MICHEL VALLOIRE,MODANE,13,0.3333333333333333
ST MICHEL VALLOIRE,MODANE,14,0.3333333333333333
ST MICHEL VALLOIRE,MODANE,15,0.3333333333333333
ST MICHEL VALLOIRE,MODANE,16,0.3333333333333333
ST MICHEL VALLOIRE,MODANE,17,0.3333333333333333
ST MICHEL VALLOIRE,MODANE,18,0.3333333333333333
ST MICHEL VALLOIRE,MODANE,19,0.3333333333333333
ST MICHEL VALLOIRE,MODANE,20,0.3333333333333333
ST MICHEL VALLOIRE,MODANE,21,0.3333333333333333
ST MICHEL VALLOIRE,MODANE,22,0.3333333333333333
ST MICHEL VALLOIRE,MODANE,23,0.3333333333333333
ST MICHEL VALLOIRE,MODANE,24,0.3333333333333333
ST MICHEL VALLOIRE,MODANE,25,0.3333333333333333
ST MICHEL VALLOIRE,MODANE,26,0.3333333333333333
ST MICHEL VALLOIRE,MODANE,27,0.3333333333333333
ST MICHEL VALLOIRE,MODANE,28,0.31666666666666665
ST MICHEL VALLOIRE,MODANE,29,0.3
ST MICHEL VALLOIRE,MODANE,30,0.049999999999999996
ST PIERRE DES CORPS,AVIGNON TGV,0,0.014864864864864866
ST PIERRE DES CORPS,AVIGNON TGV,1,0.008571428571428572
ST PIERRE DES CORPS,AVIGNON TGV,2,0.013888888888888888
ST PIERRE DES CORPS,AVIGNON TGV,3,0.008333333333333335
ST PIERRE DES CORPS,AVIGNON TGV,4,0.0
ST PIERRE DES CORPS,AVIGNON TGV,5,0.0013513513513513514
ST PIERRE DES CORPS,AVIGNON TGV,6,0.004054054054054054
ST PIERRE DES CORPS,AVIGNON TGV,7,0.0013513513513513514
ST PIERRE DES CORPS,AVIGNON TGV,8,0.0014285714285714286
ST PIERRE DES CORPS,AVIGNON TGV,9,0.001388888888888889
ST PIERRE DES CORPS,AVIGNON TGV,10,0.001388888888888889
ST PIERRE DES CORPS,AVIGNON TGV,11,0.006944444444444444
ST PIERRE DES CORPS,AVIGNON TGV,12,0.0
ST PIERRE DES CORPS,AVIGNON TGV,13,0.0
ST PIERRE DES CORPS,AVIGNON TGV,14,0.0
ST PIERRE DES CORPS,AVIGNON TGV,15,0.0
ST PIERRE DES CORPS,AVIGNON TGV,16,0.001388888888888889
ST PIERRE DES CORPS,AVIGNON TGV,17,0.0
ST PIERRE DES CORPS,AVIGNON TGV,18,0.0
ST PIERRE DES CORPS,AVIGNON TGV,19,0.0
ST PIERRE DES CORPS,AVIGNON TGV,20,0.0
ST PIERRE DES CORPS,AVIGNON TGV,21,0.0
ST PIERRE DES CORPS,AVIGNON TGV,22,0.0
ST PIERRE DES CORPS,AVIGNON TGV,23,0.0
ST PIERRE DES CORPS,AVIGNON TGV,24,0.001388888888888889
ST PIERRE DES CORPS,AVIGNON TGV,25,0.0
ST PIERRE DES CORPS,AVIGNON TGV,26,0.0
ST PIERRE DES CORPS,AVIGNON TGV,27,0.0
ST PIERRE DES CORPS,AVIGNON TGV,28,0.001388888888888889
ST PIERRE DES CORPS,AVIGNON TGV,29,0.0
ST PIERRE DES CORPS,AVIGNON TGV,30,0.0
ST PIERRE DES CORPS,LYON (intramuros),0,0.4767751479289941
ST PIERRE DES CORPS,LYON (intramuros),1,0.4894970414201183
ST PIERRE DES CORPS,LYON (intramuros),2,0.5016224188790561
ST PIERRE DES CORPS,LYON (intramuros),3,0.5088495575221239
ST PIERRE DES CORPS,LYON (intramuros),4,0.38775811209439526
ST PIERRE DES CORPS,LYON (intramuros),5,0.3915929203539823
ST PIERRE DES CORPS,LYON (intramuros),6,0.415929203539823
ST PIERRE DES CORPS,LYON (intramuros),7,0.43318584070796456
ST PIERRE DES CORPS,LYON (intramuros),8,0.42212389380530974
ST PIERRE DES CORPS,LYON (intramuros),9,0.4207964601769912
ST PIERRE DES CORPS,LYON (intramuros),10,0.44778761061946903
ST PIERRE DES CORPS,LYON (intramuros),11,0.45250737463126844
ST PIERRE DES CORPS,LYON (intramuros),12,0.17772861356932154
ST PIERRE DES CORPS,LYON (intramuros),13,0.1892330383480826
ST PIERRE DES CORPS,LYON (intramuros),14,0.1887905604719764
ST PIERRE DES CORPS,LYON (intramuros),15,0.1831858407079646
ST PIERRE DES CORPS,LYON (intramuros),16,0.17846607669616518
ST PIERRE DES CORPS,LYON (intramuros),17,0.17551622418879056
ST PIERRE DES CORPS,LYON (intramuros),18,0.20589970501474925
ST PIERRE DES CORPS,LYON (intramuros),19,0.212094395280236
ST PIERRE DES CORPS,LYON (intramuros),20,0.22138643067846606
ST PIERRE DES CORPS,LYON (intramuros),21,0.2234513274336283
ST PIERRE DES CORPS,LYON (intramuros),22,0.22389380530973452
ST PIERRE DES CORPS,LYON (intramuros),23,0.2224188790560472
ST PIERRE DES CORPS,LYON (intramuros),24,0.21725663716814161
ST PIERRE DES CORPS,LYON (intramuros),25,0.21814159292035398
ST PIERRE DES CORPS,LYON (intramuros),26,0.21386430678466076
ST PIERRE DES CORPS,LYON (intramuros),27,0.21489675516224188
ST PIERRE DES CORPS,LYON (intramuros),28,0.21430678466076697
ST PIERRE DES CORPS,LYON (intramuros),29,0.1911504424778761
ST PIERRE DES CORPS,LYON (intramuros),30,0.032047477744807124
ST PIERRE DES CORPS,MARSEILLE ST CHARLES,0,0.00945945945945946
ST PIERRE DES CORPS,MARSEILLE ST CHARLES,1,0.015714285714285715
ST PIERRE DES CORPS,MARSEILLE ST CHARLES,2,0.011111111111111112
ST PIERRE DES CORPS,MARSEILLE ST CHARLES,3,0.018055555555555557
ST PIERRE DES CORPS,MARSEILLE ST CHARLES,4,0.006944444444444444
ST PIERRE DES CORPS,MARSEILLE ST CHARLES,5,0.004054054054054054
ST PIERRE DES CORPS,MARSEILLE ST CHARLES,6,0.004054054054054054
ST PIERRE DES CORPS,MARSEILLE ST CHARLES,7,0.004054054054054054
ST PIERRE DES CORPS,MARSEILLE ST CHARLES,8,0.0014285714285714286
ST PIERRE DES CORPS,MARSEILLE ST CHARLES,9,0.0041666666666666675
ST PIERRE DES CORPS,MARSEILLE ST CHARLES,10,0.0041666666666666675
ST PIERRE DES CORPS,MARSEILLE ST CHARLES,11,0.002777777777777778
ST PIERRE DES CORPS,MARSEILLE ST CHARLES,12,0.0013513513513513514
ST PIERRE DES CORPS,MARSEILLE ST CHARLES,13,0.0013513513513513514
ST PIERRE DES CORPS,MARSEILLE ST CHARLES,14,0.0013513513513513514
ST PIERRE DES CORPS,MARSEILLE ST CHARLES,15,0.0014285714285714286
ST PIERRE DES CORPS,MARSEILLE ST CHARLES,16,0.0
ST PIERRE DES CORPS,MARSEILLE ST CHARLES,17,0.0
ST PIERRE DES CORPS,MARSEILLE ST CHARLES,18,0.0
ST PIERRE DES CORPS,MARSEILLE ST CHARLES,19,0.0
ST PIERRE DES CORPS,MARSEILLE ST CHARLES,20,0.0
ST PIERRE DES CORPS,MARSEILLE ST CHARLES,21,0.0
ST PIERRE DES CORPS,MARSEILLE ST CHARLES,22,0.0
ST PIERRE DES CORPS,MARSEILLE ST CHARLES,23,0.0
ST PIERRE DES CORPS,MARSEILLE ST CHARLES,24,0.0
ST PIERRE DES CORPS,MARSEILLE ST CHARLES,25,0.0
ST PIERRE DES CORPS,MARSEILLE ST CHARLES,26,0.0
ST PIERRE DES CORPS,MARSEILLE ST CHARLES,27,0.0
ST PIERRE DES CORPS,MARSEILLE ST CHARLES,28,0.001388888888888889
ST PIERRE DES CORPS,MARSEILLE ST CHARLES,29,0.0
ST PIERRE DES CORPS,MARSEILLE ST CHARLES,30,0.0
ST PIERRE DES CORPS,MASSY TGV,0,0.748224852071006
ST PIERRE DES CORPS,MASSY TGV,1,0.7464497041420118
ST PIERRE DES CORPS,MASSY TGV,2,0.7379056047197641
ST PIERRE DES CORPS,MASSY TGV,3,0.7157817109144543
ST PIERRE DES CORPS,MASSY TGV,4,0.5750737463126844
ST PIERRE DES CORPS,MASSY TGV,5,0.5797935103244838
ST PIERRE DES CORPS,MASSY TGV,6,0.5989675516224189
ST PIERRE DES CORPS,MASSY TGV,7,0.6151917404129794
ST PIERRE DES CORPS,MASSY TGV,8,0.5915929203539824
ST PIERRE DES CORPS,MASSY TGV,9,0.6001474926253687
ST PIERRE DES CORPS,MASSY TGV,10,0.5936578171091446
ST PIERRE DES CORPS,MASSY TGV,11,0.5876106194690265
ST PIERRE DES CORPS,MASSY TGV,12,0.343952802359882
ST PIERRE DES CORPS,MASSY TGV,13,0.33761061946902654
ST PIERRE DES CORPS,MASSY TGV,14,0.33008849557522124
ST PIERRE DES CORPS,MASSY TGV,15,0.326401179941003
ST PIERRE DES CORPS,MASSY TGV,16,0.3234513274336283
ST PIERRE DES CORPS,MASSY TGV,17,0.31946902654867254
ST PIERRE DES CORPS,MASSY TGV,18,0.3402654867256637
ST PIERRE DES CORPS,MASSY TGV,19,0.3432153392330383
ST PIERRE DES CORPS,MASSY TGV,20,0.3317109144542773
ST PIERRE DES CORPS,MASSY TGV,21,0.33348082595870204
ST PIERRE DES CORPS,MASSY TGV,22,0.3271386430678466
ST PIERRE DES CORPS,MASSY TGV,23,0.3252212389380531
ST PIERRE DES CORPS,MASSY TGV,24,0.3240412979351032
ST PIERRE DES CORPS,MASSY TGV,25,0.32035398230088497
ST PIERRE DES CORPS,MASSY TGV,26,0.3147492625368732
ST PIERRE DES CORPS,MASSY TGV,27,0.3066371681415929
ST PIERRE DES CORPS,MASSY TGV,28,0.3
ST PIERRE DES CORPS,MASSY TGV,29,0.27817109144542773
ST PIERRE DES CORPS,MASSY TGV,30,0.03175074183976261
ST PIERRE DES CORPS,MONTPELLIER SUD DE FRANCE,0,0.3921474358974359
ST PIERRE DES CORPS,MONTPELLIER SUD DE FRANCE,1,0.3943910256410256
ST PIERRE DES CORPS,MONTPELLIER SUD DE FRANCE,2,0.39824281150159746
ST PIERRE DES CORPS,MONTPELLIER SUD DE FRANCE,3,0.4067092651757188
ST PIERRE DES CORPS,MONTPELLIER SUD DE FRANCE,4,0.31230031948881787
ST PIERRE DES CORPS,MONTPELLIER SUD DE FRANCE,5,0.31485623003194885
ST PIERRE DES CORPS,MONTPELLIER SUD DE FRANCE,6,0.3300319488817891
ST PIERRE DES CORPS,MONTPELLIER SUD DE FRANCE,7,0.35
ST PIERRE DES CORPS,MONTPELLIER SUD DE FRANCE,8,0.34281150159744406
ST PIERRE DES CORPS,MONTPELLIER SUD DE FRANCE,9,0.34600638977635784
ST PIERRE DES CORPS,MONTPELLIER SUD DE FRANCE,10,0.3698083067092652
ST PIERRE DES CORPS,MONTPELLIER SUD DE FRANCE,11,0.37923322683706073
ST PIERRE DES CORPS,MONTPELLIER SUD DE FRANCE,12,0.11805111821086263
ST PIERRE DES CORPS,MONTPELLIER SUD DE FRANCE,13,0.11757188498402554
ST PIERRE DES CORPS,MONTPELLIER SUD DE FRANCE,14,0.12140575079872204
ST PIERRE DES CORPS,MONTPELLIER SUD DE FRANCE,15,0.11214057507987221
ST PIERRE DES CORPS,MONTPELLIER SUD DE FRANCE,16,0.102555910543131
ST PIERRE DES CORPS,MONTPELLIER SUD DE FRANCE,17,0.1012779552715655
ST PIERRE DES CORPS,MONTPELLIER SUD DE FRANCE,18,0.11581469648562301
ST PIERRE DES CORPS,MONTPELLIER SUD DE FRANCE,19,0.12268370607028753
ST PIERRE DES CORPS,MONTPELLIER SUD DE FRANCE,20,0.11357827476038337
ST PIERRE DES CORPS,MONTPELLIER SUD DE FRANCE,21,0.11677316293929711
ST PIERRE DES CORPS,MONTPELLIER SUD DE FRANCE,22,0.11853035143769969
ST PIERRE DES CORPS,MONTPELLIER SUD DE FRANCE,23,0.12523961661341854
ST PIERRE DES CORPS,MONTPELLIER SUD DE FRANCE,24,0.12172523961661343
ST PIERRE DES CORPS,MONTPELLIER SUD DE FRANCE,25,0.11677316293929711
ST PIERRE DES CORPS,MONTPELLIER SUD DE FRANCE,26,0.11293929712460064
ST PIERRE DES CORPS,MONTPELLIER SUD DE FRANCE,27,0.12044728434504794
ST PIERRE DES CORPS,MONTPELLIER SUD DE FRANCE,28,0.11853035143769969
ST PIERRE DES CORPS,MONTPELLIER SUD DE FRANCE,29,0.10625
ST PIERRE DES CORPS,MONTPELLIER SUD DE FRANCE,30,0.01532258064516129
ST PIERRE DES CORPS,NIMES PONT DU GARD,0,0.3894230769230769
ST PIERRE DES CORPS,NIMES PONT DU GARD,1,0.39551282051282055
ST PIERRE DES CORPS,NIMES PONT DU GARD,2,0.3937699680511182
ST PIERRE DES CORPS,NIMES PONT DU GARD,3,0.4054313099041534
ST PIERRE DES CORPS,NIMES PONT DU GARD,4,0.3108626198083067
ST PIERRE DES CORPS,NIMES PONT DU GARD,5,0.31261980830670927
ST PIERRE DES CORPS,NIMES PONT DU GARD,6,0.32555910543130995
ST PIERRE DES CORPS,NIMES PONT DU GARD,7,0.34632587859424924
ST PIERRE DES CORPS,NIMES PONT DU GARD,8,0.34361022364217253
ST PIERRE DES CORPS,NIMES PONT DU GARD,9,0.34872204472843454
ST PIERRE DES CORPS,NIMES PONT DU GARD,10,0.37268370607028756
ST PIERRE DES CORPS,NIMES PONT DU GARD,11,0.3722044728434505
ST PIERRE DES CORPS,NIMES PONT DU GARD,12,0.11485623003194889
ST PIERRE DES CORPS,NIMES PONT DU GARD,13,0.11517571884984025
ST PIERRE DES CORPS,NIMES PONT DU GARD,14,0.12316293929712459
ST PIERRE DES CORPS,NIMES PONT DU GARD,15,0.1143769968051118
ST PIERRE DES CORPS,NIMES PONT DU GARD,16,0.10175718849840255
ST PIERRE DES CORPS,NIMES PONT DU GARD,17,0.10047923322683706
ST PIERRE DES CORPS,NIMES PONT DU GARD,18,0.11293929712460064
ST PIERRE DES CORPS,NIMES PONT DU GARD,19,0.12172523961661343
ST PIERRE DES CORPS,NIMES PONT DU GARD,20,0.11261980830670927
ST PIERRE DES CORPS,NIMES PONT DU GARD,21,0.11469648562300319
ST PIERRE DES CORPS,NIMES PONT DU GARD,22,0.1182108626198083
ST PIERRE DES CORPS,NIMES PONT DU GARD,23,0.12412140575079873
ST PIERRE DES CORPS,NIMES PONT DU GARD,24,0.12012779552715655
ST PIERRE DES CORPS,NIMES PONT DU GARD,25,0.11837060702875399
ST PIERRE DES CORPS,NIMES PONT DU GARD,26,0.11230031948881788
ST PIERRE DES CORPS,NIMES PONT DU GARD,27,0.11773162939297126
ST PIERRE DES CORPS,NIMES PONT DU GARD,28,0.11773162939297126
ST PIERRE DES CORPS,NIMES PONT DU GARD,29,0.10384615384615384
ST PIERRE DES CORPS,NIMES PONT DU GARD,30,0.013870967741935483
ST PIERRE DES CORPS,VALENCE TGV AUVERGNE RHONE ALPES,0,0.3641479099678457
ST PIERRE DES CORPS,VALENCE TGV AUVERGNE RHONE ALPES,1,0.3863344051446945
ST PIERRE DES CORPS,VALENCE TGV AUVERGNE RHONE ALPES,2,0.40208333333333335
ST PIERRE DES CORPS,VALENCE TGV AUVERGNE RHONE ALPES,3,0.4129807692307692
ST PIERRE DES CORPS,VALENCE TGV AUVERGNE RHONE ALPES,4,0.32147435897435894
ST PIERRE DES CORPS,VALENCE TGV AUVERGNE RHONE ALPES,5,0.3144230769230769
ST PIERRE DES CORPS,VALENCE TGV AUVERGNE RHONE ALPES,6,0.3251602564102564
ST PIERRE DES CORPS,VALENCE TGV AUVERGNE RHONE ALPES,7,0.33365384615384613
ST PIERRE DES CORPS,VALENCE TGV AUVERGNE RHONE ALPES,8,0.32387820512820514
ST PIERRE DES CORPS,VALENCE TGV AUVERGNE RHONE ALPES,9,0.32740384615384616
ST PIERRE DES CORPS,VALENCE TGV AUVERGNE RHONE ALPES,10,0.35272435897435894
ST PIERRE DES CORPS,VALENCE TGV AUVERGNE RHONE ALPES,11,0.35993589743589743
ST PIERRE DES CORPS,VALENCE TGV AUVERGNE RHONE ALPES,12,0.11634615384615384
ST PIERRE DES CORPS,VALENCE TGV AUVERGNE RHONE ALPES,13,0.11602564102564103
ST PIERRE DES CORPS,VALENCE TGV AUVERGNE RHONE ALPES,14,0.12083333333333335
ST PIERRE DES CORPS,VALENCE TGV AUVERGNE RHONE ALPES,15,0.11217948717948718
ST PIERRE DES CORPS,VALENCE TGV AUVERGNE RHONE ALPES,16,0.10176282051282051
ST PIERRE DES CORPS,VALENCE TGV AUVERGNE RHONE ALPES,17,0.0985576923076923
ST PIERRE DES CORPS,VALENCE TGV AUVERGNE RHONE ALPES,18,0.11314102564102563
ST PIERRE DES CORPS,VALENCE TGV AUVERGNE RHONE ALPES,19,0.12067307692307692
ST PIERRE DES CORPS,VALENCE TGV AUVERGNE RHONE ALPES,20,0.11410256410256411
ST PIERRE DES CORPS,VALENCE TGV AUVERGNE RHONE ALPES,21,0.11778846153846154
ST PIERRE DES CORPS,VALENCE TGV AUVERGNE RHONE ALPES,22,0.11955128205128204
ST PIERRE DES CORPS,VALENCE TGV AUVERGNE RHONE ALPES,23,0.12403846153846154
ST PIERRE DES CORPS,VALENCE TGV AUVERGNE RHONE ALPES,24,0.12259615384615384
ST PIERRE DES CORPS,VALENCE TGV AUVERGNE RHONE ALPES,25,0.12099358974358974
ST PIERRE DES CORPS,VALENCE TGV AUVERGNE RHONE ALPES,26,0.11282051282051284
ST PIERRE DES CORPS,VALENCE TGV AUVERGNE RHONE ALPES,27,0.11810897435897437
ST PIERRE DES CORPS,VALENCE TGV AUVERGNE RHONE ALPES,28,0.11746794871794872
ST PIERRE DES CORPS,VALENCE TGV AUVERGNE RHONE ALPES,29,0.10337620578778135
ST PIERRE DES CORPS,VALENCE TGV AUVERGNE RHONE ALPES,30,0.020550161812297733
ST PIERRE DES CORPS,VALENCE VILLE,0,0.0
ST PIERRE DES CORPS,VALENCE VILLE,1,0.0
ST PIERRE DES CORPS,VALENCE VILLE,2,0.0
ST PIERRE DES CORPS,VALENCE VILLE,3,0.0
ST PIERRE DES CORPS,VALENCE VILLE,4,0.0
ST PIERRE DES CORPS,VALENCE VILLE,5,0.05
ST PIERRE DES CORPS,VALENCE VILLE,6,0.0
ST PIERRE DES CORPS,VALENCE VILLE,7,0.0
ST PIERRE DES CORPS,VALENCE VILLE,8,0.0
ST PIERRE DES CORPS,VALENCE VILLE,9,0.0
ST PIERRE DES CORPS,VALENCE VILLE,10,0.0
ST PIERRE DES CORPS,VALENCE VILLE,11,0.0
ST PIERRE DES CORPS,VALENCE VILLE,12,0.0
ST PIERRE DES CORPS,VALENCE VILLE,13,0.0
ST PIERRE DES CORPS,VALENCE VILLE,14,0.0
ST PIERRE DES CORPS,VALENCE VILLE,15,0.0
ST PIERRE DES CORPS,VALENCE VILLE,16,0.0
ST PIERRE DES CORPS,VALENCE VILLE,17,0.0
ST PIERRE DES CORPS,VALENCE VILLE,18,0.0
ST PIERRE DES CORPS,VALENCE VILLE,19,0.0
ST PIERRE DES CORPS,VALENCE VILLE,20,0.0
ST PIERRE DES CORPS,VALENCE VILLE,21,0.0
ST PIERRE DES CORPS,VALENCE VILLE,22,0.0
ST PIERRE DES CORPS,VALENCE VILLE,23,0.0
ST PIERRE DES CORPS,VALENCE VILLE,24,0.0
ST PIERRE DES CORPS,VALENCE VILLE,25,0.0
ST PIERRE DES CORPS,VALENCE VILLE,26,0.0
ST PIERRE DES CORPS,VALENCE VILLE,27,0.0
ST PIERRE DES CORPS,VALENCE VILLE,28,0.0
ST PIERRE DES CORPS,VALENCE VILLE,29,0.05
ST PIERRE DES CORPS,VALENCE VILLE,30,0.0
VALENCE TGV AUVERGNE RHONE ALPES,AIX EN PROVENCE TGV,0,0.7444444444444445
VALENCE TGV AUVERGNE RHONE ALPES,AIX EN PROVENCE TGV,1,0.8611111111111112
VALENCE TGV AUVERGNE RHONE ALPES,AIX EN PROVENCE TGV,2,0.8833333333333333
VALENCE TGV AUVERGNE RHONE ALPES,AIX EN PROVENCE TGV,3,0.8833333333333333
VALENCE TGV AUVERGNE RHONE ALPES,AIX EN PROVENCE TGV,4,0.7888888888888889
VALENCE TGV AUVERGNE RHONE ALPES,AIX EN PROVENCE TGV,5,0.7277777777777777
VALENCE TGV AUVERGNE RHONE ALPES,AIX EN PROVENCE TGV,6,0.7722222222222223
VALENCE TGV AUVERGNE RHONE ALPES,AIX EN PROVENCE TGV,7,0.7
VALENCE TGV AUVERGNE RHONE ALPES,AIX EN PROVENCE TGV,8,0.7055555555555555
VALENCE TGV AUVERGNE RHONE ALPES,AIX EN PROVENCE TGV,9,0.6000000000000001
VALENCE TGV AUVERGNE RHONE ALPES,AIX EN PROVENCE TGV,10,0.6777777777777777
VALENCE TGV AUVERGNE RHONE ALPES,AIX EN PROVENCE TGV,11,0.7055555555555555
VALENCE TGV AUVERGNE RHONE ALPES,AIX EN PROVENCE TGV,12,0.4444444444444444
VALENCE TGV AUVERGNE RHONE ALPES,AIX EN PROVENCE TGV,13,0.6166666666666667
VALENCE TGV AUVERGNE RHONE ALPES,AIX EN PROVENCE TGV,14,0.7611111111111111
VALENCE TGV AUVERGNE RHONE ALPES,AIX EN PROVENCE TGV,15,0.7777777777777778
VALENCE TGV AUVERGNE RHONE ALPES,AIX EN PROVENCE TGV,16,0.75
VALENCE TGV AUVERGNE RHONE ALPES,AIX EN PROVENCE TGV,17,0.6888888888888889
VALENCE TGV AUVERGNE RHONE ALPES,AIX EN PROVENCE TGV,18,0.6722222222222222
VALENCE TGV AUVERGNE RHONE ALPES,AIX EN PROVENCE TGV,19,0.6611111111111111
VALENCE TGV AUVERGNE RHONE ALPES,AIX EN PROVENCE TGV,20,0.6666666666666666
VALENCE TGV AUVERGNE RHONE ALPES,AIX EN PROVENCE TGV,21,0.6499999999999999
VALENCE TGV AUVERGNE RHONE ALPES,AIX EN PROVENCE TGV,22,0.7111111111111111
VALENCE TGV AUVERGNE RHONE ALPES,AIX EN PROVENCE TGV,23,0.5222222222222223
VALENCE TGV AUVERGNE RHONE ALPES,AIX EN PROVENCE TGV,24,0.5555555555555556
VALENCE TGV AUVERGNE RHONE ALPES,AIX EN PROVENCE TGV,25,0.5222222222222223
VALENCE TGV AUVERGNE RHONE ALPES,AIX EN PROVENCE TGV,26,0.5277777777777778
VALENCE TGV AUVERGNE RHONE ALPES,AIX EN PROVENCE TGV,27,0.5611111111111111
VALENCE TGV AUVERGNE RHONE ALPES,AIX EN PROVENCE TGV,28,0.5666666666666667
VALENCE TGV AUVERGNE RHONE ALPES,AIX EN PROVENCE TGV,29,0.6055555555555556
VALENCE TGV AUVERGNE RHONE ALPES,AIX EN PROVENCE TGV,30,0.07222222222222223
VALENCE TGV AUVERGNE RHONE ALPES,AVIGNON TGV,0,0.6124999999999999
VALENCE TGV AUVERGNE RHONE ALPES,AVIGNON TGV,1,0.6201612903225806
VALENCE TGV AUVERGNE RHONE ALPES,AVIGNON TGV,2,0.6152733118971061
VALENCE TGV AUVERGNE RHONE ALPES,AVIGNON TGV,3,0.620096463022508
VALENCE TGV AUVERGNE RHONE ALPES,AVIGNON TGV,4,0.5322115384615385
VALENCE TGV AUVERGNE RHONE ALPES,AVIGNON TGV,5,0.5284565916398714
VALENCE TGV AUVERGNE RHONE ALPES,AVIGNON TGV,6,0.5191935483870967
VALENCE TGV AUVERGNE RHONE ALPES,AVIGNON TGV,7,0.497741935483871
VALENCE TGV AUVERGNE RHONE ALPES,AVIGNON TGV,8,0.48608414239482195
VALENCE TGV AUVERGNE RHONE ALPES,AVIGNON TGV,9,0.4780645161290322
VALENCE TGV AUVERGNE RHONE ALPES,AVIGNON TGV,10,0.46913183279742765
VALENCE TGV AUVERGNE RHONE ALPES,AVIGNON TGV,11,0.45576923076923076
VALENCE TGV AUVERGNE RHONE ALPES,AVIGNON TGV,12,0.21864951768488747
VALENCE TGV AUVERGNE RHONE ALPES,AVIGNON TGV,13,0.21951612903225806
VALENCE TGV AUVERGNE RHONE ALPES,AVIGNON TGV,14,0.20841423948220067
VALENCE TGV AUVERGNE RHONE ALPES,AVIGNON TGV,15,0.20535714285714285
VALENCE TGV AUVERGNE RHONE ALPES,AVIGNON TGV,16,0.2145631067961165
VALENCE TGV AUVERGNE RHONE ALPES,AVIGNON TGV,17,0.21314935064935067
VALENCE TGV AUVERGNE RHONE ALPES,AVIGNON TGV,18,0.2085760517799353
VALENCE TGV AUVERGNE RHONE ALPES,AVIGNON TGV,19,0.20944625407166123
VALENCE TGV AUVERGNE RHONE ALPES,AVIGNON TGV,20,0.20846905537459284
VALENCE TGV AUVERGNE RHONE ALPES,AVIGNON TGV,21,0.203257328990228
VALENCE TGV AUVERGNE RHONE ALPES,AVIGNON TGV,22,0.20653594771241832
VALENCE TGV AUVERGNE RHONE ALPES,AVIGNON TGV,23,0.20522875816993463
VALENCE TGV AUVERGNE RHONE ALPES,AVIGNON TGV,24,0.20573770491803278
VALENCE TGV AUVERGNE RHONE ALPES,AVIGNON TGV,25,0.21143790849673202
VALENCE TGV AUVERGNE RHONE ALPES,AVIGNON TGV,26,0.21167763157894734
VALENCE TGV AUVERGNE RHONE ALPES,AVIGNON TGV,27,0.21151315789473682
VALENCE TGV AUVERGNE RHONE ALPES,AVIGNON TGV,28,0.21348684210526317
VALENCE TGV AUVERGNE RHONE ALPES,AVIGNON TGV,29,0.20445544554455447
VALENCE TGV AUVERGNE RHONE ALPES,AVIGNON TGV,30,0.03986710963455149
VALENCE TGV AUVERGNE RHONE ALPES,MARSEILLE ST CHARLES,0,0.6088141025641025
VALENCE TGV AUVERGNE RHONE ALPES,MARSEILLE ST CHARLES,1,0.622741935483871
VALENCE TGV AUVERGNE RHONE ALPES,MARSEILLE ST CHARLES,2,0.6147909967845658
VALENCE TGV AUVERGNE RHONE ALPES,MARSEILLE ST CHARLES,3,0.6172025723472668
VALENCE TGV AUVERGNE RHONE ALPES,MARSEILLE ST CHARLES,4,0.5381410256410256
VALENCE TGV AUVERGNE RHONE ALPES,MARSEILLE ST CHARLES,5,0.5353697749196141
VALENCE TGV AUVERGNE RHONE ALPES,MARSEILLE ST CHARLES,6,0.52
VALENCE TGV AUVERGNE RHONE ALPES,MARSEILLE ST CHARLES,7,0.4948387096774194
VALENCE TGV AUVERGNE RHONE ALPES,MARSEILLE ST CHARLES,8,0.4886731391585761
VALENCE TGV AUVERGNE RHONE ALPES,MARSEILLE ST CHARLES,9,0.4730645161290323
VALENCE TGV AUVERGNE RHONE ALPES,MARSEILLE ST CHARLES,10,0.47138263665594854
VALENCE TGV AUVERGNE RHONE ALPES,MARSEILLE ST CHARLES,11,0.45336538461538456
VALENCE TGV AUVERGNE RHONE ALPES,MARSEILLE ST CHARLES,12,0.2271704180064309
VALENCE TGV AUVERGNE RHONE ALPES,MARSEILLE ST CHARLES,13,0.21870967741935482
VALENCE TGV AUVERGNE RHONE ALPES,MARSEILLE ST CHARLES,14,0.20970873786407765
VALENCE TGV AUVERGNE RHONE ALPES,MARSEILLE ST CHARLES,15,0.20600649350649353
VALENCE TGV AUVERGNE RHONE ALPES,MARSEILLE ST CHARLES,16,0.21391585760517798
VALENCE TGV AUVERGNE RHONE ALPES,MARSEILLE ST CHARLES,17,0.21266233766233766
VALENCE TGV AUVERGNE RHONE ALPES,MARSEILLE ST CHARLES,18,0.2085760517799353
VALENCE TGV AUVERGNE RHONE ALPES,MARSEILLE ST CHARLES,19,0.20358306188925082
VALENCE TGV AUVERGNE RHONE ALPES,MARSEILLE ST CHARLES,20,0.20716612377850163
VALENCE TGV AUVERGNE RHONE ALPES,MARSEILLE ST CHARLES,21,0.2045602605863192
VALENCE TGV AUVERGNE RHONE ALPES,MARSEILLE ST CHARLES,22,0.20604575163398692
VALENCE TGV AUVERGNE RHONE ALPES,MARSEILLE ST CHARLES,23,0.20473856209150326
VALENCE TGV AUVERGNE RHONE ALPES,MARSEILLE ST CHARLES,24,0.20491803278688525
VALENCE TGV AUVERGNE RHONE ALPES,MARSEILLE ST CHARLES,25,0.21274509803921568
VALENCE TGV AUVERGNE RHONE ALPES,MARSEILLE ST CHARLES,26,0.21496710526315788
VALENCE TGV AUVERGNE RHONE ALPES,MARSEILLE ST CHARLES,27,0.21414473684210525
VALENCE TGV AUVERGNE RHONE ALPES,MARSEILLE ST CHARLES,28,0.2161184210526316
VALENCE TGV AUVERGNE RHONE ALPES,MARSEILLE ST CHARLES,29,0.201980198019802
VALENCE TGV AUVERGNE RHONE ALPES,MARSEILLE ST CHARLES,30,0.037209302325581395
VALENCE TGV AUVERGNE RHONE ALPES,MONTPELLIER SAINT ROCH,0,0.1663265306122449
VALENCE TGV AUVERGNE RHONE ALPES,MONTPELLIER SAINT ROCH,1,0.17857142857142858
VALENCE TGV AUVERGNE RHONE ALPES,MONTPELLIER SAINT ROCH,2,0.19081632653061223
VALENCE TGV AUVERGNE RHONE ALPES,MONTPELLIER SAINT ROCH,3,0.1872340425531915
VALENCE TGV AUVERGNE RHONE ALPES,MONTPELLIER SAINT ROCH,4,0.1864583333333333
VALENCE TGV AUVERGNE RHONE ALPES,MONTPELLIER SAINT ROCH,5,0.1864583333333333
VALENCE TGV AUVERGNE RHONE ALPES,MONTPELLIER SAINT ROCH,6,0.1875
VALENCE TGV AUVERGNE RHONE ALPES,MONTPELLIER SAINT ROCH,7,0.1795918367346939
VALENCE TGV AUVERGNE RHONE ALPES,MONTPELLIER SAINT ROCH,8,0.19081632653061223
VALENCE TGV AUVERGNE RHONE ALPES,MONTPELLIER SAINT ROCH,9,0.20408163265306123
VALENCE TGV AUVERGNE RHONE ALPES,MONTPELLIER SAINT ROCH,10,0.24361702127659574
VALENCE TGV AUVERGNE RHONE ALPES,MONTPELLIER SAINT ROCH,11,0.24479166666666666
VALENCE TGV AUVERGNE RHONE ALPES,MONTPELLIER SAINT ROCH,12,0.16041666666666668
VALENCE TGV AUVERGNE RHONE ALPES,MONTPELLIER SAINT ROCH,13,0.16770833333333335
VALENCE TGV AUVERGNE RHONE ALPES,MONTPELLIER SAINT ROCH,14,0.16224489795918368
VALENCE TGV AUVERGNE RHONE ALPES,MONTPELLIER SAINT ROCH,15,0.16530612244897958
VALENCE TGV AUVERGNE RHONE ALPES,MONTPELLIER SAINT ROCH,16,0.1642857142857143
VALENCE TGV AUVERGNE RHONE ALPES,MONTPELLIER SAINT ROCH,17,0.16276595744680852
VALENCE TGV AUVERGNE RHONE ALPES,MONTPELLIER SAINT ROCH,18,0.15104166666666666
VALENCE TGV AUVERGNE RHONE ALPES,MONTPELLIER SAINT ROCH,19,0.146875
VALENCE TGV AUVERGNE RHONE ALPES,MONTPELLIER SAINT ROCH,20,0.146875
VALENCE TGV AUVERGNE RHONE ALPES,MONTPELLIER SAINT ROCH,21,0.146875
VALENCE TGV AUVERGNE RHONE ALPES,MONTPELLIER SAINT ROCH,22,0.14375000000000002
VALENCE TGV AUVERGNE RHONE ALPES,MONTPELLIER SAINT ROCH,23,0.13854166666666667
VALENCE TGV AUVERGNE RHONE ALPES,MONTPELLIER SAINT ROCH,24,0.13804347826086955
VALENCE TGV AUVERGNE RHONE ALPES,MONTPELLIER SAINT ROCH,25,0.14361702127659576
VALENCE TGV AUVERGNE RHONE ALPES,MONTPELLIER SAINT ROCH,26,0.1478723404255319
VALENCE TGV AUVERGNE RHONE ALPES,MONTPELLIER SAINT ROCH,27,0.15212765957446808
VALENCE TGV AUVERGNE RHONE ALPES,MONTPELLIER SAINT ROCH,28,0.1702127659574468
VALENCE TGV AUVERGNE RHONE ALPES,MONTPELLIER SAINT ROCH,29,0.17659574468085107
VALENCE TGV AUVERGNE RHONE ALPES,MONTPELLIER SAINT ROCH,30,0.0391304347826087
VALENCE TGV AUVERGNE RHONE ALPES,MONTPELLIER SUD DE FRANCE,0,0.655907780979827
VALENCE TGV AUVERGNE RHONE ALPES,MONTPELLIER SUD DE FRANCE,1,0.670749279538905
VALENCE TGV AUVERGNE RHONE ALPES,MONTPELLIER SUD DE FRANCE,2,0.6771551724137931
VALENCE TGV AUVERGNE RHONE ALPES,MONTPELLIER SUD DE FRANCE,3,0.6698275862068965
VALENCE TGV AUVERGNE RHONE ALPES,MONTPELLIER SUD DE FRANCE,4,0.5491379310344827
VALENCE TGV AUVERGNE RHONE ALPES,MONTPELLIER SUD DE FRANCE,5,0.5468390804597701
VALENCE TGV AUVERGNE RHONE ALPES,MONTPELLIER SUD DE FRANCE,6,0.5469827586206897
VALENCE TGV AUVERGNE RHONE ALPES,MONTPELLIER SUD DE FRANCE,7,0.5455459770114942
VALENCE TGV AUVERGNE RHONE ALPES,MONTPELLIER SUD DE FRANCE,8,0.5129310344827587
VALENCE TGV AUVERGNE RHONE ALPES,MONTPELLIER SUD DE FRANCE,9,0.5077586206896552
VALENCE TGV AUVERGNE RHONE ALPES,MONTPELLIER SUD DE FRANCE,10,0.5050287356321839
VALENCE TGV AUVERGNE RHONE ALPES,MONTPELLIER SUD DE FRANCE,11,0.5123563218390805
VALENCE TGV AUVERGNE RHONE ALPES,MONTPELLIER SUD DE FRANCE,12,0.2538793103448276
VALENCE TGV AUVERGNE RHONE ALPES,MONTPELLIER SUD DE FRANCE,13,0.251867816091954
VALENCE TGV AUVERGNE RHONE ALPES,MONTPELLIER SUD DE FRANCE,14,0.2570402298850575
VALENCE TGV AUVERGNE RHONE ALPES,MONTPELLIER SUD DE FRANCE,15,0.2471264367816092
VALENCE TGV AUVERGNE RHONE ALPES,MONTPELLIER SUD DE FRANCE,16,0.23893678160919543
VALENCE TGV AUVERGNE RHONE ALPES,MONTPELLIER SUD DE FRANCE,17,0.23692528735632185
VALENCE TGV AUVERGNE RHONE ALPES,MONTPELLIER SUD DE FRANCE,18,0.2449712643678161
VALENCE TGV AUVERGNE RHONE ALPES,MONTPELLIER SUD DE FRANCE,19,0.2471264367816092
VALENCE TGV AUVERGNE RHONE ALPES,MONTPELLIER SUD DE FRANCE,20,0.22974137931034483
VALENCE TGV AUVERGNE RHONE ALPES,MONTPELLIER SUD DE FRANCE,21,0.23462643678160922
VALENCE TGV AUVERGNE RHONE ALPES,MONTPELLIER SUD DE FRANCE,22,0.24295977011494252
VALENCE TGV AUVERGNE RHONE ALPES,MONTPELLIER SUD DE FRANCE,23,0.25560344827586207
VALENCE TGV AUVERGNE RHONE ALPES,MONTPELLIER SUD DE FRANCE,24,0.25201149425287356
VALENCE TGV AUVERGNE RHONE ALPES,MONTPELLIER SUD DE FRANCE,25,0.24755747126436783
VALENCE TGV AUVERGNE RHONE ALPES,MONTPELLIER SUD DE FRANCE,26,0.24195402298850577
VALENCE TGV AUVERGNE RHONE ALPES,MONTPELLIER SUD DE FRANCE,27,0.24382183908045976
VALENCE TGV AUVERGNE RHONE ALPES,MONTPELLIER SUD DE FRANCE,28,0.2386494252873563
VALENCE TGV AUVERGNE RHONE ALPES,MONTPELLIER SUD DE FRANCE,29,0.22334293948126802
VALENCE TGV AUVERGNE RHONE ALPES,MONTPELLIER SUD DE FRANCE,30,0.029855072463768118
VALENCE TGV AUVERGNE RHONE ALPES,NIMES CENTRE,0,0.17857142857142858
VALENCE TGV AUVERGNE RHONE ALPES,NIMES CENTRE,1,0.1816326530612245
VALENCE TGV AUVERGNE RHONE ALPES,NIMES CENTRE,2,0.1989795918367347
VALENCE TGV AUVERGNE RHONE ALPES,NIMES CENTRE,3,0.1872340425531915
VALENCE TGV AUVERGNE RHONE ALPES,NIMES CENTRE,4,0.18229166666666666
VALENCE TGV AUVERGNE RHONE ALPES,NIMES CENTRE,5,0.18541666666666667
VALENCE TGV AUVERGNE RHONE ALPES,NIMES CENTRE,6,0.18437499999999998
VALENCE TGV AUVERGNE RHONE ALPES,NIMES CENTRE,7,0.1816326530612245
VALENCE TGV AUVERGNE RHONE ALPES,NIMES CENTRE,8,0.18877551020408162
VALENCE TGV AUVERGNE RHONE ALPES,NIMES CENTRE,9,0.2
VALENCE TGV AUVERGNE RHONE ALPES,NIMES CENTRE,10,0.24680851063829787
VALENCE TGV AUVERGNE RHONE ALPES,NIMES CENTRE,11,0.2354166666666667
VALENCE TGV AUVERGNE RHONE ALPES,NIMES CENTRE,12,0.15520833333333334
VALENCE TGV AUVERGNE RHONE ALPES,NIMES CENTRE,13,0.16458333333333333
VALENCE TGV AUVERGNE RHONE ALPES,NIMES CENTRE,14,0.16326530612244897
VALENCE TGV AUVERGNE RHONE ALPES,NIMES CENTRE,15,0.16224489795918368
VALENCE TGV AUVERGNE RHONE ALPES,NIMES CENTRE,16,0.1642857142857143
VALENCE TGV AUVERGNE RHONE ALPES,NIMES CENTRE,17,0.16914893617021276
VALENCE TGV AUVERGNE RHONE ALPES,NIMES CENTRE,18,0.15208333333333332
VALENCE TGV AUVERGNE RHONE ALPES,NIMES CENTRE,19,0.14895833333333333
VALENCE TGV AUVERGNE RHONE ALPES,NIMES CENTRE,20,0.14895833333333333
VALENCE TGV AUVERGNE RHONE ALPES,NIMES CENTRE,21,0.146875
VALENCE TGV AUVERGNE RHONE ALPES,NIMES CENTRE,22,0.14583333333333334
VALENCE TGV AUVERGNE RHONE ALPES,NIMES CENTRE,23,0.13958333333333334
VALENCE TGV AUVERGNE RHONE ALPES,NIMES CENTRE,24,0.1391304347826087
VALENCE TGV AUVERGNE RHONE ALPES,NIMES CENTRE,25,0.14468085106382977
VALENCE TGV AUVERGNE RHONE ALPES,NIMES CENTRE,26,0.1478723404255319
VALENCE TGV AUVERGNE RHONE ALPES,NIMES CENTRE,27,0.15425531914893617
VALENCE TGV AUVERGNE RHONE ALPES,NIMES CENTRE,28,0.1702127659574468
VALENCE TGV AUVERGNE RHONE ALPES,NIMES CENTRE,29,0.18085106382978725
VALENCE TGV AUVERGNE RHONE ALPES,NIMES CENTRE,30,0.03043478260869565
VALENCE TGV AUVERGNE RHONE ALPES,NIMES PONT DU GARD,0,0.6587896253602306
VALENCE TGV AUVERGNE RHONE ALPES,NIMES PONT DU GARD,1,0.6655619596541786
VALENCE TGV AUVERGNE RHONE ALPES,NIMES PONT DU GARD,2,0.673419540229885
VALENCE TGV AUVERGNE RHONE ALPES,NIMES PONT DU GARD,3,0.667816091954023
VALENCE TGV AUVERGNE RHONE ALPES,NIMES PONT DU GARD,4,0.5471264367816092
VALENCE TGV AUVERGNE RHONE ALPES,NIMES PONT DU GARD,5,0.5422413793103448
VALENCE TGV AUVERGNE RHONE ALPES,NIMES PONT DU GARD,6,0.5449712643678161
VALENCE TGV AUVERGNE RHONE ALPES,NIMES PONT DU GARD,7,0.5385057471264368
VALENCE TGV AUVERGNE RHONE ALPES,NIMES PONT DU GARD,8,0.5104885057471265
VALENCE TGV AUVERGNE RHONE ALPES,NIMES PONT DU GARD,9,0.5086206896551724
VALENCE TGV AUVERGNE RHONE ALPES,NIMES PONT DU GARD,10,0.5014367816091954
VALENCE TGV AUVERGNE RHONE ALPES,NIMES PONT DU GARD,11,0.5058908045977012
VALENCE TGV AUVERGNE RHONE ALPES,NIMES PONT DU GARD,12,0.2512931034482759
VALENCE TGV AUVERGNE RHONE ALPES,NIMES PONT DU GARD,13,0.2540229885057471
VALENCE TGV AUVERGNE RHONE ALPES,NIMES PONT DU GARD,14,0.2600574712643678
VALENCE TGV AUVERGNE RHONE ALPES,NIMES PONT DU GARD,15,0.24841954022988508
VALENCE TGV AUVERGNE RHONE ALPES,NIMES PONT DU GARD,16,0.23764367816091955
VALENCE TGV AUVERGNE RHONE ALPES,NIMES PONT DU GARD,17,0.2349137931034483
VALENCE TGV AUVERGNE RHONE ALPES,NIMES PONT DU GARD,18,0.24396551724137933
VALENCE TGV AUVERGNE RHONE ALPES,NIMES PONT DU GARD,19,0.2464080459770115
VALENCE TGV AUVERGNE RHONE ALPES,NIMES PONT DU GARD,20,0.23060344827586207
VALENCE TGV AUVERGNE RHONE ALPES,NIMES PONT DU GARD,21,0.23462643678160922
VALENCE TGV AUVERGNE RHONE ALPES,NIMES PONT DU GARD,22,0.24238505747126435
VALENCE TGV AUVERGNE RHONE ALPES,NIMES PONT DU GARD,23,0.25459770114942526
VALENCE TGV AUVERGNE RHONE ALPES,NIMES PONT DU GARD,24,0.25114942528735634
VALENCE TGV AUVERGNE RHONE ALPES,NIMES PONT DU GARD,25,0.24913793103448276
VALENCE TGV AUVERGNE RHONE ALPES,NIMES PONT DU GARD,26,0.24267241379310345
VALENCE TGV AUVERGNE RHONE ALPES,NIMES PONT DU GARD,27,0.24209770114942528
VALENCE TGV AUVERGNE RHONE ALPES,NIMES PONT DU GARD,28,0.2377873563218391
VALENCE TGV AUVERGNE RHONE ALPES,NIMES PONT DU GARD,29,0.2217579250720461
VALENCE TGV AUVERGNE RHONE ALPES,NIMES PONT DU GARD,30,0.030434782608695653
VALENCE VILLE,AIX EN PROVENCE TGV,0,0.0
VALENCE VILLE,AIX EN PROVENCE TGV,1,0.0
VALENCE VILLE,AIX EN PROVENCE TGV,2,0.0
VALENCE VILLE,AIX EN PROVENCE TGV,3,0.0125
VALENCE VILLE,AIX EN PROVENCE TGV,4,0.0
VALENCE VILLE,AIX EN PROVENCE TGV,5,0.0
VALENCE VILLE,AIX EN PROVENCE TGV,6,0.0
VALENCE VILLE,AIX EN PROVENCE TGV,7,0.0
VALENCE VILLE,AIX EN PROVENCE TGV,8,0.0
VALENCE VILLE,AIX EN PROVENCE TGV,9,0.0
VALENCE VILLE,AIX EN PROVENCE TGV,10,0.0
VALENCE VILLE,AIX EN PROVENCE TGV,11,0.0
VALENCE VILLE,AIX EN PROVENCE TGV,12,0.0
VALENCE VILLE,AIX EN PROVENCE TGV,13,0.0
VALENCE VILLE,AIX EN PROVENCE TGV,14,0.0
VALENCE VILLE,AIX EN PROVENCE TGV,15,0.0
VALENCE VILLE,AIX EN PROVENCE TGV,16,0.0
VALENCE VILLE,AIX EN PROVENCE TGV,17,0.0
VALENCE VILLE,AIX EN PROVENCE TGV,18,0.0
VALENCE VILLE,AIX EN PROVENCE TGV,19,0.0
VALENCE VILLE,AIX EN PROVENCE TGV,20,0.0
VALENCE VILLE,AIX EN PROVENCE TGV,21,0.0
VALENCE VILLE,AIX EN PROVENCE TGV,22,0.0
VALENCE VILLE,AIX EN PROVENCE TGV,23,0.0
VALENCE VILLE,AIX EN PROVENCE TGV,24,0.0
VALENCE VILLE,AIX EN PROVENCE TGV,25,0.0
VALENCE VILLE,AIX EN PROVENCE TGV,26,0.0
VALENCE VILLE,AIX EN PROVENCE TGV,27,0.0
VALENCE VILLE,AIX EN PROVENCE TGV,28,0.0
VALENCE VILLE,AIX EN PROVENCE TGV,29,0.0
VALENCE VILLE,AIX EN PROVENCE TGV,30,0.0
VALENCE VILLE,AVIGNON TGV,0,0.0125
VALENCE VILLE,AVIGNON TGV,1,0.0
VALENCE VILLE,AVIGNON TGV,2,0.0
VALENCE VILLE,AVIGNON TGV,3,0.025
VALENCE VILLE,AVIGNON TGV,4,0.0
VALENCE VILLE,AVIGNON TGV,5,0.0
VALENCE VILLE,AVIGNON TGV,6,0.0
VALENCE VILLE,AVIGNON TGV,7,0.0
VALENCE VILLE,AVIGNON TGV,8,0.0
VALENCE VILLE,AVIGNON TGV,9,0.0
VALENCE VILLE,AVIGNON TGV,10,0.0
VALENCE VILLE,AVIGNON TGV,11,0.0
VALENCE VILLE,AVIGNON TGV,12,0.0
VALENCE VILLE,AVIGNON TGV,13,0.0
VALENCE VILLE,AVIGNON TGV,14,0.0
VALENCE VILLE,AVIGNON TGV,15,0.0
VALENCE VILLE,AVIGNON TGV,16,0.0
VALENCE VILLE,AVIGNON TGV,17,0.0
VALENCE VILLE,AVIGNON TGV,18,0.0
VALENCE VILLE,AVIGNON TGV,19,0.0
VALENCE VILLE,AVIGNON TGV,20,0.0
VALENCE VILLE,AVIGNON TGV,21,0.0
VALENCE VILLE,AVIGNON TGV,22,0.0
VALENCE VILLE,AVIGNON TGV,23,0.0
VALENCE VILLE,AVIGNON TGV,24,0.0
VALENCE VILLE,AVIGNON TGV,25,0.0
VALENCE VILLE,AVIGNON TGV,26,0.0
VALENCE VILLE,AVIGNON TGV,27,0.0
VALENCE VILLE,AVIGNON TGV,28,0.0
VALENCE VILLE,AVIGNON TGV,29,0.0
VALENCE VILLE,AVIGNON TGV,30,0.0
VALENCE VILLE,MARSEILLE ST CHARLES,0,0.0
VALENCE VILLE,MARSEILLE ST CHARLES,1,0.0
VALENCE VILLE,MARSEILLE ST CHARLES,2,0.0
VALENCE VILLE,MARSEILLE ST CHARLES,3,0.0
VALENCE VILLE,MARSEILLE ST CHARLES,4,0.0
VALENCE VILLE,MARSEILLE ST CHARLES,5,0.0
VALENCE VILLE,MARSEILLE ST CHARLES,6,0.0
VALENCE VILLE,MARSEILLE ST CHARLES,7,0.0
VALENCE VILLE,MARSEILLE ST CHARLES,8,0.0
VALENCE VILLE,MARSEILLE ST CHARLES,9,0.0
VALENCE VILLE,MARSEILLE ST CHARLES,10,0.0
VALENCE VILLE,MARSEILLE ST CHARLES,11,0.0
VALENCE VILLE,MARSEILLE ST CHARLES,12,0.0
VALENCE VILLE,MARSEILLE ST CHARLES,13,0.0
VALENCE VILLE,MARSEILLE ST CHARLES,14,0.0
VALENCE VILLE,MARSEILLE ST CHARLES,15,0.0
VALENCE VILLE,MARSEILLE ST CHARLES,16,0.0
VALENCE VILLE,MARSEILLE ST CHARLES,17,0.0
VALENCE VILLE,MARSEILLE ST CHARLES,18,0.0
VALENCE VILLE,MARSEILLE ST CHARLES,19,0.0
VALENCE VILLE,MARSEILLE ST CHARLES,20,0.0
VALENCE VILLE,MARSEILLE ST CHARLES,21,0.0
VALENCE VILLE,MARSEILLE ST CHARLES,22,0.0
VALENCE VILLE,MARSEILLE ST CHARLES,23,0.0
VALENCE VILLE,MARSEILLE ST CHARLES,24,0.0
VALENCE VILLE,MARSEILLE ST CHARLES,25,0.0
VALENCE VILLE,MARSEILLE ST CHARLES,26,0.0
VALENCE VILLE,MARSEILLE ST CHARLES,27,0.0
VALENCE VILLE,MARSEILLE ST CHARLES,28,0.0
VALENCE VILLE,MARSEILLE ST CHARLES,29,0.0
VALENCE VILLE,MARSEILLE ST CHARLES,30,0.0
VALENCE VILLE,MONTPELLIER SUD DE FRANCE,0,0.0
VALENCE VILLE,MONTPELLIER SUD DE FRANCE,1,0.0
VALENCE VILLE,MONTPELLIER SUD DE FRANCE,2,0.0
VALENCE VILLE,MONTPELLIER SUD DE FRANCE,3,0.0
VALENCE VILLE,MONTPELLIER SUD DE FRANCE,4,0.0
VALENCE VILLE,MONTPELLIER SUD DE FRANCE,5,0.0
VALENCE VILLE,MONTPELLIER SUD DE FRANCE,6,0.05
VALENCE VILLE,MONTPELLIER SUD DE FRANCE,7,0.0
VALENCE VILLE,MONTPELLIER SUD DE FRANCE,8,0.0
VALENCE VILLE,MONTPELLIER SUD DE FRANCE,9,0.0
VALENCE VILLE,MONTPELLIER SUD DE FRANCE,10,0.0
VALENCE VILLE,MONTPELLIER SUD DE FRANCE,11,0.0
VALENCE VILLE,MONTPELLIER SUD DE FRANCE,12,0.0
VALENCE VILLE,MONTPELLIER SUD DE FRANCE,13,0.0
VALENCE VILLE,MONTPELLIER SUD DE FRANCE,14,0.0
VALENCE VILLE,MONTPELLIER SUD DE FRANCE,15,0.0
VALENCE VILLE,MONTPELLIER SUD DE FRANCE,16,0.0
VALENCE VILLE,MONTPELLIER SUD DE FRANCE,17,0.0
VALENCE VILLE,MONTPELLIER SUD DE FRANCE,18,0.0
VALENCE VILLE,MONTPELLIER SUD DE FRANCE,19,0.0
VALENCE VILLE,MONTPELLIER SUD DE FRANCE,20,0.0
VALENCE VILLE,MONTPELLIER SUD DE FRANCE,21,0.0
VALENCE VILLE,MONTPELLIER SUD DE FRANCE,22,0.0
VALENCE VILLE,MONTPELLIER SUD DE FRANCE,23,0.0
VALENCE VILLE,MONTPELLIER SUD DE FRANCE,24,0.0
VALENCE VILLE,MONTPELLIER SUD DE FRANCE,25,0.0
VALENCE VILLE,MONTPELLIER SUD DE FRANCE,26,0.0
VALENCE VILLE,MONTPELLIER SUD DE FRANCE,27,0.0
VALENCE VILLE,MONTPELLIER SUD DE FRANCE,28,0.05
VALENCE VILLE,MONTPELLIER SUD DE FRANCE,29,0.05
VALENCE VILLE,MONTPELLIER SUD DE FRANCE,30,0.0
VALENCE VILLE,NIMES PONT DU GARD,0,0.0
VALENCE VILLE,NIMES PONT DU GARD,1,0.0
VALENCE VILLE,NIMES PONT DU GARD,2,0.0
VALENCE VILLE,NIMES PONT DU GARD,3,0.0
VALENCE VILLE,NIMES PONT DU GARD,4,0.0
VALENCE VILLE,NIMES PONT DU GARD,5,0.0
VALENCE VILLE,NIMES PONT DU GARD,6,0.0
VALENCE VILLE,NIMES PONT DU GARD,7,0.0
VALENCE VILLE,NIMES PONT DU GARD,8,0.0
VALENCE VILLE,NIMES PONT DU GARD,9,0.0
VALENCE VILLE,NIMES PONT DU GARD,10,0.0
VALENCE VILLE,NIMES PONT DU GARD,11,0.0
VALENCE VILLE,NIMES PONT DU GARD,12,0.0
VALENCE VILLE,NIMES PONT DU GARD,13,0.0
VALENCE VILLE,NIMES PONT DU GARD,14,0.0
VALENCE VILLE,NIMES PONT DU GARD,15,0.0
VALENCE VILLE,NIMES PONT DU GARD,16,0.0
VALENCE VILLE,NIMES PONT DU GARD,17,0.0
VALENCE VILLE,NIMES PONT DU GARD,18,0.0
VALENCE VILLE,NIMES PONT DU GARD,19,0.0
VALENCE VILLE,NIMES PONT DU GARD,20,0.0
VALENCE VILLE,NIMES PONT DU GARD,21,0.0
VALENCE VILLE,NIMES PONT DU GARD,22,0.0
VALENCE VILLE,NIMES PONT DU GARD,23,0.0
VALENCE VILLE,NIMES PONT DU GARD,24,0.0
VALENCE VILLE,NIMES PONT DU GARD,25,0.0
VALENCE VILLE,NIMES PONT DU GARD,26,0.0
VALENCE VILLE,NIMES PONT DU GARD,27,0.0
VALENCE VILLE,NIMES PONT DU GARD,28,0.0
VALENCE VILLE,NIMES PONT DU GARD,29,0.0
VALENCE VILLE,NIMES PONT DU GARD,30,0.0
VANNES,ANGERS SAINT LAUD,0,0.0
VANNES,ANGERS SAINT LAUD,1,0.0
VANNES,ANGERS SAINT LAUD,2,0.0
VANNES,ANGERS SAINT LAUD,3,0.0
VANNES,ANGERS SAINT LAUD,4,0.0
VANNES,ANGERS SAINT LAUD,5,0.0
VANNES,ANGERS SAINT LAUD,6,0.0
VANNES,ANGERS SAINT LAUD,7,0.0
VANNES,ANGERS SAINT LAUD,8,0.0
VANNES,ANGERS SAINT LAUD,9,0.0
VANNES,ANGERS SAINT LAUD,10,0.0
VANNES,ANGERS SAINT LAUD,11,0.0
VANNES,ANGERS SAINT LAUD,12,0.0
VANNES,ANGERS SAINT LAUD,13,0.0
VANNES,ANGERS SAINT LAUD,14,0.0
VANNES,ANGERS SAINT LAUD,15,0.0
VANNES,ANGERS SAINT LAUD,16,0.0
VANNES,ANGERS SAINT LAUD,17,0.0
VANNES,ANGERS SAINT LAUD,18,0.0
VANNES,ANGERS SAINT LAUD,19,0.0
VANNES,ANGERS SAINT LAUD,20,0.0
VANNES,ANGERS SAINT LAUD,21,0.0
VANNES,ANGERS SAINT LAUD,22,0.0
VANNES,ANGERS SAINT LAUD,23,0.0
VANNES,ANGERS SAINT LAUD,24,0.0
VANNES,ANGERS SAINT LAUD,25,0.0
VANNES,ANGERS SAINT LAUD,26,0.0
VANNES,ANGERS SAINT LAUD,27,0.0
VANNES,ANGERS SAINT LAUD,28,0.0
VANNES,ANGERS SAINT LAUD,29,0.0
VANNES,ANGERS SAINT LAUD,30,0.0
VANNES,CHAMBERY CHALLES LES EAUX,0,0.05
VANNES,CHAMBERY CHALLES LES EAUX,1,0.0
VANNES,CHAMBERY CHALLES LES EAUX,2,0.0
VANNES,CHAMBERY CHALLES LES EAUX,3,0.0
VANNES,CHAMBERY CHALLES LES EAUX,4,0.0
VANNES,CHAMBERY CHALLES LES EAUX,5,0.0
VANNES,CHAMBERY CHALLES LES EAUX,6,0.0
VANNES,CHAMBERY CHALLES LES EAUX,7,0.0
VANNES,CHAMBERY CHALLES LES EAUX,8,0.0
VANNES,CHAMBERY CHALLES LES EAUX,9,0.0
VANNES,CHAMBERY CHALLES LES EAUX,10,0.0
VANNES,CHAMBERY CHALLES LES EAUX,11,0.0
VANNES,CHAMBERY CHALLES LES EAUX,12,0.0
VANNES,CHAMBERY CHALLES LES EAUX,13,0.0
VANNES,CHAMBERY CHALLES LES EAUX,14,0.0
VANNES,CHAMBERY CHALLES LES EAUX,15,0.0
VANNES,CHAMBERY CHALLES LES EAUX,16,0.0
VANNES,CHAMBERY CHALLES LES EAUX,17,0.0
VANNES,CHAMBERY CHALLES LES EAUX,18,0.0
VANNES,CHAMBERY CHALLES LES EAUX,19,0.0
VANNES,CHAMBERY CHALLES LES EAUX,20,0.0
VANNES,CHAMBERY CHALLES LES EAUX,21,0.0
VANNES,CHAMBERY CHALLES LES EAUX,22,0.0
VANNES,CHAMBERY CHALLES LES EAUX,23,0.0
VANNES,CHAMBERY CHALLES LES EAUX,24,0.0
VANNES,CHAMBERY CHALLES LES EAUX,25,0.0
VANNES,CHAMBERY CHALLES LES EAUX,26,0.0
VANNES,CHAMBERY CHALLES LES EAUX,27,0.0
VANNES,CHAMBERY CHALLES LES EAUX,28,0.0
VANNES,CHAMBERY CHALLES LES EAUX,29,0.0
VANNES,CHAMBERY CHALLES LES EAUX,30,0.0
VANNES,LE MANS,0,0.0
VANNES,LE MANS,1,0.0
VANNES,LE MANS,2,0.0
VANNES,LE MANS,3,0.0
VANNES,LE MANS,4,0.0
VANNES,LE MANS,5,0.0
VANNES,LE MANS,6,0.0
VANNES,LE MANS,7,0.0
VANNES,LE MANS,8,0.0
VANNES,LE MANS,9,0.0
VANNES,LE MANS,10,0.0
VANNES,LE MANS,11,0.0
VANNES,LE MANS,12,0.0
VANNES,LE MANS,13,0.0
VANNES,LE MANS,14,0.0
VANNES,LE MANS,15,0.0
VANNES,LE MANS,16,0.0
VANNES,LE MANS,17,0.0
VANNES,LE MANS,18,0.0
VANNES,LE MANS,19,0.0
VANNES,LE MANS,20,0.0
VANNES,LE MANS,21,0.0
VANNES,LE MANS,22,0.0
VANNES,LE MANS,23,0.0
VANNES,LE MANS,24,0.0
VANNES,LE MANS,25,0.0
VANNES,LE MANS,26,0.0
VANNES,LE MANS,27,0.0
VANNES,LE MANS,28,0.0
VANNES,LE MANS,29,0.0
VANNES,LE MANS,30,0.0
VANNES,MASSY TGV,0,0.0
VANNES,MASSY TGV,1,0.0
VANNES,MASSY TGV,2,0.0
VANNES,MASSY TGV,3,0.0
VANNES,MASSY TGV,4,0.0
VANNES,MASSY TGV,5,0.0
VANNES,MASSY TGV,6,0.0
VANNES,MASSY TGV,7,0.0
VANNES,MASSY TGV,8,0.1
VANNES,MASSY TGV,9,0.1
VANNES,MASSY TGV,10,0.05
VANNES,MASSY TGV,11,0.05
VANNES,MASSY TGV,12,0.05
VANNES,MASSY TGV,13,0.0
VANNES,MASSY TGV,14,0.0
VANNES,MASSY TGV,15,0.0
VANNES,MASSY TGV,16,0.0
VANNES,MASSY TGV,17,0.0
VANNES,MASSY TGV,18,0.0
VANNES,MASSY TGV,19,0.0
VANNES,MASSY TGV,20,0.0
VANNES,MASSY TGV,21,0.0
VANNES,MASSY TGV,22,0.0
VANNES,MASSY TGV,23,0.0
VANNES,MASSY TGV,24,0.0
VANNES,MASSY TGV,25,0.0
VANNES,MASSY TGV,26,0.0
VANNES,MASSY TGV,27,0.0
VANNES,MASSY TGV,28,0.0
VANNES,MASSY TGV,29,0.0
VANNES,MASSY TGV,30,0.0
VANNES,MODANE,0,0.1
VANNES,MODANE,1,0.0
VANNES,MODANE,2,0.1
VANNES,MODANE,3,0.1
VANNES,MODANE,4,0.0
VANNES,MODANE,5,0.0
VANNES,MODANE,6,0.0
VANNES,MODANE,7,0.0
VANNES,MODANE,8,0.0
VANNES,MODANE,9,0.0
VANNES,MODANE,10,0.0
VANNES,MODANE,11,0.0
VANNES,MODANE,12,0.0
VANNES,MODANE,13,0.0
VANNES,MODANE,14,0.0
VANNES,MODANE,15,0.0
VANNES,MODANE,16,0.0
VANNES,MODANE,17,0.0
VANNES,MODANE,18,0.0
VANNES,MODANE,19,0.0
VANNES,MODANE,20,0.0
VANNES,MODANE,21,0.0
VANNES,MODANE,22,0.0
VANNES,MODANE,23,0.0
VANNES,MODANE,24,0.0
VANNES,MODANE,25,0.0
VANNES,MODANE,26,0.0
VANNES,MODANE,27,0.0
VANNES,MODANE,28,0.0
VANNES,MODANE,29,0.0
VANNES,MODANE,30,0.0
VANNES,NANTES,0,0.0
VANNES,NANTES,1,0.0
VANNES,NANTES,2,0.0
VANNES,NANTES,3,0.0
VANNES,NANTES,4,0.0
VANNES,NANTES,5,0.0
VANNES,NANTES,6,0.0
VANNES,NANTES,7,0.0
VANNES,NANTES,8,0.0
VANNES,NANTES,9,0.0
VANNES,NANTES,10,0.0
VANNES,NANTES,11,0.0
VANNES,NANTES,12,0.0
VANNES,NANTES,13,0.0
VANNES,NANTES,14,0.0
VANNES,NANTES,15,0.0
VANNES,NANTES,16,0.0
VANNES,NANTES,17,0.0
VANNES,NANTES,18,0.0
VANNES,NANTES,19,0.0
VANNES,NANTES,20,0.0
VANNES,NANTES,21,0.0
VANNES,NANTES,22,0.0
VANNES,NANTES,23,0.0
VANNES,NANTES,24,0.0
VANNES,NANTES,25,0.0
VANNES,NANTES,26,0.0
VANNES,NANTES,27,0.0
VANNES,NANTES,28,0.0
VANNES,NANTES,29,0.0
VANNES,NANTES,30,0.0
VANNES,REDON,0,0.0
VANNES,REDON,1,0.0
VANNES,REDON,2,0.0
VANNES,REDON,3,0.0
VANNES,REDON,4,0.0
VANNES,REDON,5,0.0
VANNES,REDON,6,0.0
VANNES,REDON,7,0.0
VANNES,REDON,8,0.0
VANNES,REDON,9,0.0
VANNES,REDON,10,0.0
VANNES,REDON,11,0.0
VANNES,REDON,12,0.0
VANNES,REDON,13,0.0
VANNES,REDON,14,0.0
VANNES,REDON,15,0.0
VANNES,REDON,16,0.0
VANNES,REDON,17,0.0
VANNES,REDON,18,0.0
VANNES,REDON,19,0.0
VANNES,REDON,20,0.0
VANNES,REDON,21,0.0
VANNES,REDON,22,0.0
VANNES,REDON,23,0.0
VANNES,REDON,24,0.0
VANNES,REDON,25,0.0
VANNES,REDON,26,0.0
VANNES,REDON,27,0.0
VANNES,REDON,28,0.0
VANNES,REDON,29,0.0
VANNES,REDON,30,0.0
VANNES,SAINT AVRE LA CHAMBRE,0,0.05
VANNES,SAINT AVRE LA CHAMBRE,1,0.0
VANNES,SAINT AVRE LA CHAMBRE,2,0.0
VANNES,SAINT AVRE LA CHAMBRE,3,0.1
VANNES,SAINT AVRE LA CHAMBRE,4,0.0
VANNES,SAINT AVRE LA CHAMBRE,5,0.0
VANNES,SAINT AVRE LA CHAMBRE,6,0.0
VANNES,SAINT AVRE LA CHAMBRE,7,0.0
VANNES,SAINT AVRE LA CHAMBRE,8,0.0
VANNES,SAINT AVRE LA CHAMBRE,9,0.0
VANNES,SAINT AVRE LA CHAMBRE,10,0.0
VANNES,SAINT AVRE LA CHAMBRE,11,0.0
VANNES,SAINT AVRE LA CHAMBRE,12,0.0
VANNES,SAINT AVRE LA CHAMBRE,13,0.0
VANNES,SAINT AVRE LA CHAMBRE,14,0.0
VANNES,SAINT AVRE LA CHAMBRE,15,0.0
VANNES,SAINT AVRE LA CHAMBRE,16,0.0
VANNES,SAINT AVRE LA CHAMBRE,17,0.0
VANNES,SAINT AVRE LA CHAMBRE,18,0.0
VANNES,SAINT AVRE LA CHAMBRE,19,0.0
VANNES,SAINT AVRE LA CHAMBRE,20,0.0
VANNES,SAINT AVRE LA CHAMBRE,21,0.0
VANNES,SAINT AVRE LA CHAMBRE,22,0.0
VANNES,SAINT AVRE LA CHAMBRE,23,0.0
VANNES,SAINT AVRE LA CHAMBRE,24,0.0
VANNES,SAINT AVRE LA CHAMBRE,25,0.0
VANNES,SAINT AVRE LA CHAMBRE,26,0.0
VANNES,SAINT AVRE LA CHAMBRE,27,0.0
VANNES,SAINT AVRE LA CHAMBRE,28,0.0
VANNES,SAINT AVRE LA CHAMBRE,29,0.0
VANNES,SAINT AVRE LA CHAMBRE,30,0.0
VANNES,ST JEAN DE MAURIENNE ARVAN,0,0.0
VANNES,ST JEAN DE MAURIENNE ARVAN,1,0.0
VANNES,ST JEAN DE MAURIENNE ARVAN,2,0.0
VANNES,ST JEAN DE MAURIENNE ARVAN,3,0.0
VANNES,ST JEAN DE MAURIENNE ARVAN,4,0.0
VANNES,ST JEAN DE MAURIENNE ARVAN,5,0.0
VANNES,ST JEAN DE MAURIENNE ARVAN,6,0.0
VANNES,ST JEAN DE MAURIENNE ARVAN,7,0.0
VANNES,ST JEAN DE MAURIENNE ARVAN,8,0.0
VANNES,ST JEAN DE MAURIENNE ARVAN,9,0.0
VANNES,ST JEAN DE MAURIENNE ARVAN,10,0.0
VANNES,ST JEAN DE MAURIENNE ARVAN,11,0.0
VANNES,ST JEAN DE MAURIENNE ARVAN,12,0.0
VANNES,ST JEAN DE MAURIENNE ARVAN,13,0.0
VANNES,ST JEAN DE MAURIENNE ARVAN,14,0.0
VANNES,ST JEAN DE MAURIENNE ARVAN,15,0.0
VANNES,ST JEAN DE MAURIENNE ARVAN,16,0.0
VANNES,ST JEAN DE MAURIENNE ARVAN,17,0.0
VANNES,ST JEAN DE MAURIENNE ARVAN,18,0.0
VANNES,ST JEAN DE MAURIENNE ARVAN,19,0.0
VANNES,ST JEAN DE MAURIENNE ARVAN,20,0.0
VANNES,ST JEAN DE MAURIENNE ARVAN,21,0.0
VANNES,ST JEAN DE MAURIENNE ARVAN,22,0.0
VANNES,ST JEAN DE MAURIENNE ARVAN,23,0.0
VANNES,ST JEAN DE MAURIENNE ARVAN,24,0.0
VANNES,ST JEAN DE MAURIENNE ARVAN,25,0.0
VANNES,ST JEAN DE MAURIENNE ARVAN,26,0.0
VANNES,ST JEAN DE MAURIENNE ARVAN,27,0.0
VANNES,ST JEAN DE MAURIENNE ARVAN,28,0.0
VANNES,ST JEAN DE MAURIENNE ARVAN,29,0.0
VANNES,ST JEAN DE MAURIENNE ARVAN,30,0.0
VANNES,ST MICHEL VALLOIRE,0,0.0
VANNES,ST MICHEL VALLOIRE,1,0.05
VANNES,ST MICHEL VALLOIRE,2,0.0
VANNES,ST MICHEL VALLOIRE,3,0.0
VANNES,ST MICHEL VALLOIRE,4,0.0
VANNES,ST MICHEL VALLOIRE,5,0.0
VANNES,ST MICHEL VALLOIRE,6,0.0
VANNES,ST MICHEL VALLOIRE,7,0.0
VANNES,ST MICHEL VALLOIRE,8,0.0
VANNES,ST MICHEL VALLOIRE,9,0.0
VANNES,ST MICHEL VALLOIRE,10,0.0
VANNES,ST MICHEL VALLOIRE,11,0.0
VANNES,ST MICHEL VALLOIRE,12,0.0
VANNES,ST MICHEL VALLOIRE,13,0.0
VANNES,ST MICHEL VALLOIRE,14,0.0
VANNES,ST MICHEL VALLOIRE,15,0.0
VANNES,ST MICHEL VALLOIRE,16,0.0
VANNES,ST MICHEL VALLOIRE,17,0.0
VANNES,ST MICHEL VALLOIRE,18,0.0
VANNES,ST MICHEL VALLOIRE,19,0.0
VANNES,ST MICHEL VALLOIRE,20,0.0
VANNES,ST MICHEL VALLOIRE,21,0.0
VANNES,ST MICHEL VALLOIRE,22,0.0
VANNES,ST MICHEL VALLOIRE,23,0.0
VANNES,ST MICHEL VALLOIRE,24,0.0
VANNES,ST MICHEL VALLOIRE,25,0.0
VANNES,ST MICHEL VALLOIRE,26,0.0
VANNES,ST MICHEL VALLOIRE,27,0.0
VANNES,ST MICHEL VALLOIRE,28,0.0
VANNES,ST MICHEL VALLOIRE,29,0.0
VANNES,ST MICHEL VALLOIRE,30,0.0
VERSAILLES CHANTIERS,AIX EN PROVENCE TGV,0,0.86
VERSAILLES CHANTIERS,AIX EN PROVENCE TGV,1,0.95
VERSAILLES CHANTIERS,AIX EN PROVENCE TGV,2,1.0
VERSAILLES CHANTIERS,AIX EN PROVENCE TGV,3,1.0
VERSAILLES CHANTIERS,AIX EN PROVENCE TGV,4,1.0
VERSAILLES CHANTIERS,AIX EN PROVENCE TGV,5,0.99
VERSAILLES CHANTIERS,AIX EN PROVENCE TGV,6,0.8800000000000001
VERSAILLES CHANTIERS,AIX EN PROVENCE TGV,7,0.95
VERSAILLES CHANTIERS,AIX EN PROVENCE TGV,8,0.72
VERSAILLES CHANTIERS,AIX EN PROVENCE TGV,9,0.48
VERSAILLES CHANTIERS,AIX EN PROVENCE TGV,10,0.61
VERSAILLES CHANTIERS,AIX EN PROVENCE TGV,11,0.67
VERSAILLES CHANTIERS,AIX EN PROVENCE TGV,12,0.27999999999999997
VERSAILLES CHANTIERS,AIX EN PROVENCE TGV,13,0.5900000000000001
VERSAILLES CHANTIERS,AIX EN PROVENCE TGV,14,0.75
VERSAILLES CHANTIERS,AIX EN PROVENCE TGV,15,0.78
VERSAILLES CHANTIERS,AIX EN PROVENCE TGV,16,0.77
VERSAILLES CHANTIERS,AIX EN PROVENCE TGV,17,0.65
VERSAILLES CHANTIERS,AIX EN PROVENCE TGV,18,0.6
VERSAILLES CHANTIERS,AIX EN PROVENCE TGV,19,0.6
VERSAILLES CHANTIERS,AIX EN PROVENCE TGV,20,0.61
VERSAILLES CHANTIERS,AIX EN PROVENCE TGV,21,0.64
VERSAILLES CHANTIERS,AIX EN PROVENCE TGV,22,0.65
VERSAILLES CHANTIERS,AIX EN PROVENCE TGV,23,0.6599999999999999
VERSAILLES CHANTIERS,AIX EN PROVENCE TGV,24,0.77
VERSAILLES CHANTIERS,AIX EN PROVENCE TGV,25,0.8099999999999999
VERSAILLES CHANTIERS,AIX EN PROVENCE TGV,26,0.96
VERSAILLES CHANTIERS,AIX EN PROVENCE TGV,27,0.9800000000000001
VERSAILLES CHANTIERS,AIX EN PROVENCE TGV,28,0.99
VERSAILLES CHANTIERS,AIX EN PROVENCE TGV,29,0.96
VERSAILLES CHANTIERS,AIX EN PROVENCE TGV,30,0.18
VERSAILLES CHANTIERS,AVIGNON TGV,0,0.32448275862068965
VERSAILLES CHANTIERS,AVIGNON TGV,1,0.31493055555555555
VERSAILLES CHANTIERS,AVIGNON TGV,2,0.29431034482758617
VERSAILLES CHANTIERS,AVIGNON TGV,3,0.2869415807560137
VERSAILLES CHANTIERS,AVIGNON TGV,4,0.20154109589041097
VERSAILLES CHANTIERS,AVIGNON TGV,5,0.2143103448275862
VERSAILLES CHANTIERS,AVIGNON TGV,6,0.22197231833910036
VERSAILLES CHANTIERS,AVIGNON TGV,7,0.22916666666666666
VERSAILLES CHANTIERS,AVIGNON TGV,8,0.22743055555555555
VERSAILLES CHANTIERS,AVIGNON TGV,9,0.22361111111111112
VERSAILLES CHANTIERS,AVIGNON TGV,10,0.24100346020761249
VERSAILLES CHANTIERS,AVIGNON TGV,11,0.23137931034482756
VERSAILLES CHANTIERS,AVIGNON TGV,12,0.06753472222222222
VERSAILLES CHANTIERS,AVIGNON TGV,13,0.06829268292682927
VERSAILLES CHANTIERS,AVIGNON TGV,14,0.07185314685314685
VERSAILLES CHANTIERS,AVIGNON TGV,15,0.06765734265734266
VERSAILLES CHANTIERS,AVIGNON TGV,16,0.07465034965034965
VERSAILLES CHANTIERS,AVIGNON TGV,17,0.07062937062937062
VERSAILLES CHANTIERS,AVIGNON TGV,18,0.06783216783216783
VERSAILLES CHANTIERS,AVIGNON TGV,19,0.0721830985915493
VERSAILLES CHANTIERS,AVIGNON TGV,20,0.07816901408450704
VERSAILLES CHANTIERS,AVIGNON TGV,21,0.07887323943661971
VERSAILLES CHANTIERS,AVIGNON TGV,22,0.08257042253521127
VERSAILLES CHANTIERS,AVIGNON TGV,23,0.07915194346289753
VERSAILLES CHANTIERS,AVIGNON TGV,24,0.0812720848056537
VERSAILLES CHANTIERS,AVIGNON TGV,25,0.08939929328621908
VERSAILLES CHANTIERS,AVIGNON TGV,26,0.08629893238434164
VERSAILLES CHANTIERS,AVIGNON TGV,27,0.08505338078291814
VERSAILLES CHANTIERS,AVIGNON TGV,28,0.08825622775800712
VERSAILLES CHANTIERS,AVIGNON TGV,29,0.08861209964412811
VERSAILLES CHANTIERS,AVIGNON TGV,30,0.016428571428571428
VERSAILLES CHANTIERS,LYON (intramuros),0,0.31086206896551727
VERSAILLES CHANTIERS,LYON (intramuros),1,0.2986111111111111
VERSAILLES CHANTIERS,LYON (intramuros),2,0.27948275862068966
VERSAILLES CHANTIERS,LYON (intramuros),3,0.270446735395189
VERSAILLES CHANTIERS,LYON (intramuros),4,0.1832191780821918
VERSAILLES CHANTIERS,LYON (intramuros),5,0.19379310344827588
VERSAILLES CHANTIERS,LYON (intramuros),6,0.1980968858131488
VERSAILLES CHANTIERS,LYON (intramuros),7,0.21822916666666667
VERSAILLES CHANTIERS,LYON (intramuros),8,0.21232638888888888
VERSAILLES CHANTIERS,LYON (intramuros),9,0.20364583333333333
VERSAILLES CHANTIERS,LYON (intramuros),10,0.22560553633217995
VERSAILLES CHANTIERS,LYON (intramuros),11,0.23086206896551725
VERSAILLES CHANTIERS,LYON (intramuros),12,0.06336805555555555
VERSAILLES CHANTIERS,LYON (intramuros),13,0.06707317073170732
VERSAILLES CHANTIERS,LYON (intramuros),14,0.07185314685314685
VERSAILLES CHANTIERS,LYON (intramuros),15,0.06993006993006994
VERSAILLES CHANTIERS,LYON (intramuros),16,0.07342657342657342
VERSAILLES CHANTIERS,LYON (intramuros),17,0.06765734265734266
VERSAILLES CHANTIERS,LYON (intramuros),18,0.06748251748251749
VERSAILLES CHANTIERS,LYON (intramuros),19,0.07429577464788732
VERSAILLES CHANTIERS,LYON (intramuros),20,0.07781690140845071
VERSAILLES CHANTIERS,LYON (intramuros),21,0.07922535211267606
VERSAILLES CHANTIERS,LYON (intramuros),22,0.08380281690140845
VERSAILLES CHANTIERS,LYON (intramuros),23,0.0812720848056537
VERSAILLES CHANTIERS,LYON (intramuros),24,0.08180212014134275
VERSAILLES CHANTIERS,LYON (intramuros),25,0.08869257950530036
VERSAILLES CHANTIERS,LYON (intramuros),26,0.08576512455516015
VERSAILLES CHANTIERS,LYON (intramuros),27,0.08629893238434164
VERSAILLES CHANTIERS,LYON (intramuros),28,0.0895017793594306
VERSAILLES CHANTIERS,LYON (intramuros),29,0.09163701067615658
VERSAILLES CHANTIERS,LYON (intramuros),30,0.015535714285714288
VERSAILLES CHANTIERS,MARSEILLE ST CHARLES,0,0.3113793103448276
VERSAILLES CHANTIERS,MARSEILLE ST CHARLES,1,0.2982638888888889
VERSAILLES CHANTIERS,MARSEILLE ST CHARLES,2,0.28155172413793106
VERSAILLES CHANTIERS,MARSEILLE ST CHARLES,3,0.2730240549828179
VERSAILLES CHANTIERS,MARSEILLE ST CHARLES,4,0.18424657534246575
VERSAILLES CHANTIERS,MARSEILLE ST CHARLES,5,0.19844827586206895
VERSAILLES CHANTIERS,MARSEILLE ST CHARLES,6,0.20242214532871972
VERSAILLES CHANTIERS,MARSEILLE ST CHARLES,7,0.21354166666666666
VERSAILLES CHANTIERS,MARSEILLE ST CHARLES,8,0.21180555555555555
VERSAILLES CHANTIERS,MARSEILLE ST CHARLES,9,0.20555555555555557
VERSAILLES CHANTIERS,MARSEILLE ST CHARLES,10,0.21730103806228374
VERSAILLES CHANTIERS,MARSEILLE ST CHARLES,11,0.22465517241379312
VERSAILLES CHANTIERS,MARSEILLE ST CHARLES,12,0.06614583333333333
VERSAILLES CHANTIERS,MARSEILLE ST CHARLES,13,0.06846689895470383
VERSAILLES CHANTIERS,MARSEILLE ST CHARLES,14,0.07097902097902098
VERSAILLES CHANTIERS,MARSEILLE ST CHARLES,15,0.0687062937062937
VERSAILLES CHANTIERS,MARSEILLE ST CHARLES,16,0.07272727272727272
VERSAILLES CHANTIERS,MARSEILLE ST CHARLES,17,0.06783216783216783
VERSAILLES CHANTIERS,MARSEILLE ST CHARLES,18,0.06608391608391607
VERSAILLES CHANTIERS,MARSEILLE ST CHARLES,19,0.07165492957746479
VERSAILLES CHANTIERS,MARSEILLE ST CHARLES,20,0.07693661971830987
VERSAILLES CHANTIERS,MARSEILLE ST CHARLES,21,0.07940140845070423
VERSAILLES CHANTIERS,MARSEILLE ST CHARLES,22,0.08151408450704224
VERSAILLES CHANTIERS,MARSEILLE ST CHARLES,23,0.07879858657243817
VERSAILLES CHANTIERS,MARSEILLE ST CHARLES,24,0.0812720848056537
VERSAILLES CHANTIERS,MARSEILLE ST CHARLES,25,0.0881625441696113
VERSAILLES CHANTIERS,MARSEILLE ST CHARLES,26,0.08647686832740213
VERSAILLES CHANTIERS,MARSEILLE ST CHARLES,27,0.08754448398576513
VERSAILLES CHANTIERS,MARSEILLE ST CHARLES,28,0.0887900355871886
VERSAILLES CHANTIERS,MARSEILLE ST CHARLES,29,0.09074733096085409
VERSAILLES CHANTIERS,MARSEILLE ST CHARLES,30,0.014821428571428572
VERSAILLES CHANTIERS,MASSY PALAISEAU,0,0.8676470588235294
VERSAILLES CHANTIERS,MASSY PALAISEAU,1,0.8578397212543554
VERSAILLES CHANTIERS,MASSY PALAISEAU,2,0.8280276816608997
VERSAILLES CHANTIERS,MASSY PALAISEAU,3,0.8324137931034483
VERSAILLES CHANTIERS,MASSY PALAISEAU,4,0.7202749140893471
VERSAILLES CHANTIERS,MASSY PALAISEAU,5,0.6958477508650519
VERSAILLES CHANTIERS,MASSY PALAISEAU,6,0.6798611111111111
VERSAILLES CHANTIERS,MASSY PALAISEAU,7,0.6574912891986062
VERSAILLES CHANTIERS,MASSY PALAISEAU,8,0.6111498257839721
VERSAILLES CHANTIERS,MASSY PALAISEAU,9,0.5872822299651569
VERSAILLES CHANTIERS,MASSY PALAISEAU,10,0.5524305555555555
VERSAILLES CHANTIERS,MASSY PALAISEAU,11,0.5230103806228374
VERSAILLES CHANTIERS,MASSY PALAISEAU,12,0.28606271777003484
VERSAILLES CHANTIERS,MASSY PALAISEAU,13,0.28461538461538466
VERSAILLES CHANTIERS,MASSY PALAISEAU,14,0.27245614035087723
VERSAILLES CHANTIERS,MASSY PALAISEAU,15,0.26175438596491224
VERSAILLES CHANTIERS,MASSY PALAISEAU,16,0.2521052631578947
VERSAILLES CHANTIERS,MASSY PALAISEAU,17,0.24561403508771928
VERSAILLES CHANTIERS,MASSY PALAISEAU,18,0.2407017543859649
VERSAILLES CHANTIERS,MASSY PALAISEAU,19,0.24187279151943464
VERSAILLES CHANTIERS,MASSY PALAISEAU,20,0.23992932862190816
VERSAILLES CHANTIERS,MASSY PALAISEAU,21,0.22544169611307419
VERSAILLES CHANTIERS,MASSY PALAISEAU,22,0.22243816254416962
VERSAILLES CHANTIERS,MASSY PALAISEAU,23,0.21347517730496454
VERSAILLES CHANTIERS,MASSY PALAISEAU,24,0.20656028368794327
VERSAILLES CHANTIERS,MASSY PALAISEAU,25,0.2051418439716312
VERSAILLES CHANTIERS,MASSY PALAISEAU,26,0.2025
VERSAILLES CHANTIERS,MASSY PALAISEAU,27,0.20017857142857143
VERSAILLES CHANTIERS,MASSY PALAISEAU,28,0.2
VERSAILLES CHANTIERS,MASSY PALAISEAU,29,0.1935714285714286
VERSAILLES CHANTIERS,MASSY PALAISEAU,30,0.029749103942652334
VERSAILLES CHANTIERS,VALENCE TGV AUVERGNE RHONE ALPES,0,0.30517241379310345
VERSAILLES CHANTIERS,VALENCE TGV AUVERGNE RHONE ALPES,1,0.2965277777777778
VERSAILLES CHANTIERS,VALENCE TGV AUVERGNE RHONE ALPES,2,0.283448275862069
VERSAILLES CHANTIERS,VALENCE TGV AUVERGNE RHONE ALPES,3,0.27096219931271476
VERSAILLES CHANTIERS,VALENCE TGV AUVERGNE RHONE ALPES,4,0.1873287671232877
VERSAILLES CHANTIERS,VALENCE TGV AUVERGNE RHONE ALPES,5,0.19689655172413795
VERSAILLES CHANTIERS,VALENCE TGV AUVERGNE RHONE ALPES,6,0.2036332179930796
VERSAILLES CHANTIERS,VALENCE TGV AUVERGNE RHONE ALPES,7,0.21493055555555554
VERSAILLES CHANTIERS,VALENCE TGV AUVERGNE RHONE ALPES,8,0.21163194444444444
VERSAILLES CHANTIERS,VALENCE TGV AUVERGNE RHONE ALPES,9,0.20850694444444443
VERSAILLES CHANTIERS,VALENCE TGV AUVERGNE RHONE ALPES,10,0.22110726643598616
VERSAILLES CHANTIERS,VALENCE TGV AUVERGNE RHONE ALPES,11,0.21982758620689655
VERSAILLES CHANTIERS,VALENCE TGV AUVERGNE RHONE ALPES,12,0.06354166666666666
VERSAILLES CHANTIERS,VALENCE TGV AUVERGNE RHONE ALPES,13,0.06689895470383275
VERSAILLES CHANTIERS,VALENCE TGV AUVERGNE RHONE ALPES,14,0.07115384615384616
VERSAILLES CHANTIERS,VALENCE TGV AUVERGNE RHONE ALPES,15,0.068006993006993
VERSAILLES CHANTIERS,VALENCE TGV AUVERGNE RHONE ALPES,16,0.07325174825174825
VERSAILLES CHANTIERS,VALENCE TGV AUVERGNE RHONE ALPES,17,0.06853146853146853
VERSAILLES CHANTIERS,VALENCE TGV AUVERGNE RHONE ALPES,18,0.06713286713286713
VERSAILLES CHANTIERS,VALENCE TGV AUVERGNE RHONE ALPES,19,0.0727112676056338
VERSAILLES CHANTIERS,VALENCE TGV AUVERGNE RHONE ALPES,20,0.07640845070422535
VERSAILLES CHANTIERS,VALENCE TGV AUVERGNE RHONE ALPES,21,0.07728873239436619
VERSAILLES CHANTIERS,VALENCE TGV AUVERGNE RHONE ALPES,22,0.08169014084507042
VERSAILLES CHANTIERS,VALENCE TGV AUVERGNE RHONE ALPES,23,0.08056537102473499
VERSAILLES CHANTIERS,VALENCE TGV AUVERGNE RHONE ALPES,24,0.08303886925795052
VERSAILLES CHANTIERS,VALENCE TGV AUVERGNE RHONE ALPES,25,0.0881625441696113
VERSAILLES CHANTIERS,VALENCE TGV AUVERGNE RHONE ALPES,26,0.08861209964412811
VERSAILLES CHANTIERS,VALENCE TGV AUVERGNE RHONE ALPES,27,0.08790035587188612
VERSAILLES CHANTIERS,VALENCE TGV AUVERGNE RHONE ALPES,28,0.08825622775800712
VERSAILLES CHANTIERS,VALENCE TGV AUVERGNE RHONE ALPES,29,0.0896797153024911
VERSAILLES CHANTIERS,VALENCE TGV AUVERGNE RHONE ALPES,30,0.0175
