origine,destination,delta_days,proba_open
AEROPORT ROISSY CDG 2 TGV,ANGERS SAINT LAUD,0,0.5843567251461989
AEROPORT ROISSY CDG 2 TGV,ANGERS SAINT LAUD,1,0.6092105263157894
AEROPORT ROISSY CDG 2 TGV,ANGERS SAINT LAUD,2,0.612536443148688
AEROPORT ROISSY CDG 2 TGV,ANGERS SAINT LAUD,3,0.6021865889212829
AEROPORT ROISSY CDG 2 TGV,ANGERS SAINT LAUD,4,0.33309037900874633
AEROPORT ROISSY CDG 2 TGV,ANGERS SAINT LAUD,5,0.32660818713450296
AEROPORT ROISSY CDG 2 TGV,ANGERS SAINT LAUD,6,0.3339181286549708
AEROPORT ROISSY CDG 2 TGV,ANGERS SAINT LAUD,7,0.3255847953216374
AEROPORT ROISSY CDG 2 TGV,ANGERS SAINT LAUD,8,0.32353801169590646
AEROPORT ROISSY CDG 2 TGV,ANGERS SAINT LAUD,9,0.3223684210526316
AEROPORT ROISSY CDG 2 TGV,ANGERS SAINT LAUD,10,0.3219298245614035
AEROPORT ROISSY CDG 2 TGV,ANGERS SAINT LAUD,11,0.32514619883040935
AEROPORT ROISSY CDG 2 TGV,ANGERS SAINT LAUD,12,0.12096774193548387
AEROPORT ROISSY CDG 2 TGV,ANGERS SAINT LAUD,13,0.11319648093841643
AEROPORT ROISSY CDG 2 TGV,ANGERS SAINT LAUD,14,0.10659824046920821
AEROPORT ROISSY CDG 2 TGV,ANGERS SAINT LAUD,15,0.09779411764705882
AEROPORT ROISSY CDG 2 TGV,ANGERS SAINT LAUD,16,0.09235294117647058
AEROPORT ROISSY CDG 2 TGV,ANGERS SAINT LAUD,17,0.09424778761061947
AEROPORT ROISSY CDG 2 TGV,ANGERS SAINT LAUD,18,0.09289940828402367
AEROPORT ROISSY CDG 2 TGV,ANGERS SAINT LAUD,19,0.09688427299703263
AEROPORT ROISSY CDG 2 TGV,ANGERS SAINT LAUD,20,0.09836309523809524
AEROPORT ROISSY CDG 2 TGV,ANGERS SAINT LAUD,21,0.09791044776119402
AEROPORT ROISSY CDG 2 TGV,ANGERS SAINT LAUD,22,0.10104790419161677
AEROPORT ROISSY CDG 2 TGV,ANGERS SAINT LAUD,23,0.10119402985074627
AEROPORT ROISSY CDG 2 TGV,ANGERS SAINT LAUD,24,0.10404191616766467
AEROPORT ROISSY CDG 2 TGV,ANGERS SAINT LAUD,25,0.10134730538922156
AEROPORT ROISSY CDG 2 TGV,ANGERS SAINT LAUD,26,0.10165165165165166
AEROPORT ROISSY CDG 2 TGV,ANGERS SAINT LAUD,27,0.09849397590361447
AEROPORT ROISSY CDG 2 TGV,ANGERS SAINT LAUD,28,0.09561933534743201
AEROPORT ROISSY CDG 2 TGV,ANGERS SAINT LAUD,29,0.09287878787878788
AEROPORT ROISSY CDG 2 TGV,ANGERS SAINT LAUD,30,0.020364741641337388
AEROPORT ROISSY CDG 2 TGV,ANGOULEME,0,0.18339416058394162
AEROPORT ROISSY CDG 2 TGV,ANGOULEME,1,0.17636363636363636
AEROPORT ROISSY CDG 2 TGV,ANGOULEME,2,0.160989010989011
AEROPORT ROISSY CDG 2 TGV,ANGOULEME,3,0.15474452554744525
AEROPORT ROISSY CDG 2 TGV,ANGOULEME,4,0.059007352941176476
AEROPORT ROISSY CDG 2 TGV,ANGOULEME,5,0.0533210332103321
AEROPORT ROISSY CDG 2 TGV,ANGOULEME,6,0.05
AEROPORT ROISSY CDG 2 TGV,ANGOULEME,7,0.0448339483394834
AEROPORT ROISSY CDG 2 TGV,ANGOULEME,8,0.036531365313653134
AEROPORT ROISSY CDG 2 TGV,ANGOULEME,9,0.046481481481481485
AEROPORT ROISSY CDG 2 TGV,ANGOULEME,10,0.05724907063197026
AEROPORT ROISSY CDG 2 TGV,ANGOULEME,11,0.05648148148148148
AEROPORT ROISSY CDG 2 TGV,ANGOULEME,12,0.010037174721189592
AEROPORT ROISSY CDG 2 TGV,ANGOULEME,13,0.011895910780669147
AEROPORT ROISSY CDG 2 TGV,ANGOULEME,14,0.012873134328358208
AEROPORT ROISSY CDG 2 TGV,ANGOULEME,15,0.01417910447761194
AEROPORT ROISSY CDG 2 TGV,ANGOULEME,16,0.012873134328358208
AEROPORT ROISSY CDG 2 TGV,ANGOULEME,17,0.012081784386617101
AEROPORT ROISSY CDG 2 TGV,ANGOULEME,18,0.012126865671641791
AEROPORT ROISSY CDG 2 TGV,ANGOULEME,19,0.014232209737827715
AEROPORT ROISSY CDG 2 TGV,ANGOULEME,20,0.01791044776119403
AEROPORT ROISSY CDG 2 TGV,ANGOULEME,21,0.018470149253731343
AEROPORT ROISSY CDG 2 TGV,ANGOULEME,22,0.01858736059479554
AEROPORT ROISSY CDG 2 TGV,ANGOULEME,23,0.015613382899628254
AEROPORT ROISSY CDG 2 TGV,ANGOULEME,24,0.015298507462686566
AEROPORT ROISSY CDG 2 TGV,ANGOULEME,25,0.015298507462686566
AEROPORT ROISSY CDG 2 TGV,ANGOULEME,26,0.016292134831460674
AEROPORT ROISSY CDG 2 TGV,ANGOULEME,27,0.01842105263157895
AEROPORT ROISSY CDG 2 TGV,ANGOULEME,28,0.015471698113207547
AEROPORT ROISSY CDG 2 TGV,ANGOULEME,29,0.015660377358490567
AEROPORT ROISSY CDG 2 TGV,ANGOULEME,30,0.004734848484848485
AEROPORT ROISSY CDG 2 TGV,AURAY,0,0.09615384615384616
AEROPORT ROISSY CDG 2 TGV,AURAY,1,0.08076923076923077
AEROPORT ROISSY CDG 2 TGV,AURAY,2,0.0
AEROPORT ROISSY CDG 2 TGV,AURAY,3,0.08846153846153845
AEROPORT ROISSY CDG 2 TGV,AURAY,4,0.08076923076923077
AEROPORT ROISSY CDG 2 TGV,AURAY,5,0.08076923076923077
AEROPORT ROISSY CDG 2 TGV,AURAY,6,0.07692307692307693
AEROPORT ROISSY CDG 2 TGV,AURAY,7,0.07307692307692307
AEROPORT ROISSY CDG 2 TGV,AURAY,8,0.0038461538461538464
AEROPORT ROISSY CDG 2 TGV,AURAY,9,0.0
AEROPORT ROISSY CDG 2 TGV,AURAY,10,0.011538461538461537
AEROPORT ROISSY CDG 2 TGV,AURAY,11,0.057692307692307696
AEROPORT ROISSY CDG 2 TGV,AURAY,12,0.0
AEROPORT ROISSY CDG 2 TGV,AURAY,13,0.0
AEROPORT ROISSY CDG 2 TGV,AURAY,14,0.0
AEROPORT ROISSY CDG 2 TGV,AURAY,15,0.0
AEROPORT ROISSY CDG 2 TGV,AURAY,16,0.0
AEROPORT ROISSY CDG 2 TGV,AURAY,17,0.0
AEROPORT ROISSY CDG 2 TGV,AURAY,18,0.0
AEROPORT ROISSY CDG 2 TGV,AURAY,19,0.0
AEROPORT ROISSY CDG 2 TGV,AURAY,20,0.0
AEROPORT ROISSY CDG 2 TGV,AURAY,21,0.0
AEROPORT ROISSY CDG 2 TGV,AURAY,22,0.0
AEROPORT ROISSY CDG 2 TGV,AURAY,23,0.0
AEROPORT ROISSY CDG 2 TGV,AURAY,24,0.0
AEROPORT ROISSY CDG 2 TGV,AURAY,25,0.0
AEROPORT ROISSY CDG 2 TGV,AURAY,26,0.0
AEROPORT ROISSY CDG 2 TGV,AURAY,27,0.0
AEROPORT ROISSY CDG 2 TGV,AURAY,28,0.0
AEROPORT ROISSY CDG 2 TGV,AURAY,29,0.0
AEROPORT ROISSY CDG 2 TGV,AURAY,30,0.0
AEROPORT ROISSY CDG 2 TGV,BORDEAUX ST JEAN,0,0.18667883211678832
AEROPORT ROISSY CDG 2 TGV,BORDEAUX ST JEAN,1,0.17654545454545453
AEROPORT ROISSY CDG 2 TGV,BORDEAUX ST JEAN,2,0.1672161172161172
AEROPORT ROISSY CDG 2 TGV,BORDEAUX ST JEAN,3,0.15857664233576643
AEROPORT ROISSY CDG 2 TGV,BORDEAUX ST JEAN,4,0.057352941176470586
AEROPORT ROISSY CDG 2 TGV,BORDEAUX ST JEAN,5,0.05461254612546126
AEROPORT ROISSY CDG 2 TGV,BORDEAUX ST JEAN,6,0.05129151291512915
AEROPORT ROISSY CDG 2 TGV,BORDEAUX ST JEAN,7,0.04575645756457565
AEROPORT ROISSY CDG 2 TGV,BORDEAUX ST JEAN,8,0.03247232472324723
AEROPORT ROISSY CDG 2 TGV,BORDEAUX ST JEAN,9,0.04277777777777778
AEROPORT ROISSY CDG 2 TGV,BORDEAUX ST JEAN,10,0.05724907063197026
AEROPORT ROISSY CDG 2 TGV,BORDEAUX ST JEAN,11,0.05666666666666667
AEROPORT ROISSY CDG 2 TGV,BORDEAUX ST JEAN,12,0.011152416356877323
AEROPORT ROISSY CDG 2 TGV,BORDEAUX ST JEAN,13,0.011895910780669147
AEROPORT ROISSY CDG 2 TGV,BORDEAUX ST JEAN,14,0.012126865671641791
AEROPORT ROISSY CDG 2 TGV,BORDEAUX ST JEAN,15,0.014365671641791046
AEROPORT ROISSY CDG 2 TGV,BORDEAUX ST JEAN,16,0.013805970149253732
AEROPORT ROISSY CDG 2 TGV,BORDEAUX ST JEAN,17,0.011895910780669147
AEROPORT ROISSY CDG 2 TGV,BORDEAUX ST JEAN,18,0.01287313432835821
AEROPORT ROISSY CDG 2 TGV,BORDEAUX ST JEAN,19,0.01535580524344569
AEROPORT ROISSY CDG 2 TGV,BORDEAUX ST JEAN,20,0.018470149253731343
AEROPORT ROISSY CDG 2 TGV,BORDEAUX ST JEAN,21,0.018656716417910446
AEROPORT ROISSY CDG 2 TGV,BORDEAUX ST JEAN,22,0.01858736059479554
AEROPORT ROISSY CDG 2 TGV,BORDEAUX ST JEAN,23,0.015055762081784385
AEROPORT ROISSY CDG 2 TGV,BORDEAUX ST JEAN,24,0.014925373134328358
AEROPORT ROISSY CDG 2 TGV,BORDEAUX ST JEAN,25,0.014925373134328358
AEROPORT ROISSY CDG 2 TGV,BORDEAUX ST JEAN,26,0.016292134831460674
AEROPORT ROISSY CDG 2 TGV,BORDEAUX ST JEAN,27,0.017857142857142856
AEROPORT ROISSY CDG 2 TGV,BORDEAUX ST JEAN,28,0.015849056603773587
AEROPORT ROISSY CDG 2 TGV,BORDEAUX ST JEAN,29,0.015283018867924528
AEROPORT ROISSY CDG 2 TGV,BORDEAUX ST JEAN,30,0.003977272727272728
AEROPORT ROISSY CDG 2 TGV,LA ROCHELLE VILLE,0,0.40294117647058825
AEROPORT ROISSY CDG 2 TGV,LA ROCHELLE VILLE,1,0.39999999999999997
AEROPORT ROISSY CDG 2 TGV,LA ROCHELLE VILLE,2,0.29375
AEROPORT ROISSY CDG 2 TGV,LA ROCHELLE VILLE,3,0.478125
AEROPORT ROISSY CDG 2 TGV,LA ROCHELLE VILLE,4,0.011764705882352941
AEROPORT ROISSY CDG 2 TGV,LA ROCHELLE VILLE,5,0.0029411764705882353
AEROPORT ROISSY CDG 2 TGV,LA ROCHELLE VILLE,6,0.0
AEROPORT ROISSY CDG 2 TGV,LA ROCHELLE VILLE,7,0.0
AEROPORT ROISSY CDG 2 TGV,LA ROCHELLE VILLE,8,0.0
AEROPORT ROISSY CDG 2 TGV,LA ROCHELLE VILLE,9,0.0
AEROPORT ROISSY CDG 2 TGV,LA ROCHELLE VILLE,10,0.0
AEROPORT ROISSY CDG 2 TGV,LA ROCHELLE VILLE,11,0.0058823529411764705
AEROPORT ROISSY CDG 2 TGV,LA ROCHELLE VILLE,12,0.0
AEROPORT ROISSY CDG 2 TGV,LA ROCHELLE VILLE,13,0.0
AEROPORT ROISSY CDG 2 TGV,LA ROCHELLE VILLE,14,0.0
AEROPORT ROISSY CDG 2 TGV,LA ROCHELLE VILLE,15,0.0
AEROPORT ROISSY CDG 2 TGV,LA ROCHELLE VILLE,16,0.0
AEROPORT ROISSY CDG 2 TGV,LA ROCHELLE VILLE,17,0.0
AEROPORT ROISSY CDG 2 TGV,LA ROCHELLE VILLE,18,0.0
AEROPORT ROISSY CDG 2 TGV,LA ROCHELLE VILLE,19,0.0
AEROPORT ROISSY CDG 2 TGV,LA ROCHELLE VILLE,20,0.0
AEROPORT ROISSY CDG 2 TGV,LA ROCHELLE VILLE,21,0.0
AEROPORT ROISSY CDG 2 TGV,LA ROCHELLE VILLE,22,0.0
AEROPORT ROISSY CDG 2 TGV,LA ROCHELLE VILLE,23,0.0
AEROPORT ROISSY CDG 2 TGV,LA ROCHELLE VILLE,24,0.0
AEROPORT ROISSY CDG 2 TGV,LA ROCHELLE VILLE,25,0.0
AEROPORT ROISSY CDG 2 TGV,LA ROCHELLE VILLE,26,0.0
AEROPORT ROISSY CDG 2 TGV,LA ROCHELLE VILLE,27,0.0
AEROPORT ROISSY CDG 2 TGV,LA ROCHELLE VILLE,28,0.0
AEROPORT ROISSY CDG 2 TGV,LA ROCHELLE VILLE,29,0.0
AEROPORT ROISSY CDG 2 TGV,LA ROCHELLE VILLE,30,0.0
AEROPORT ROISSY CDG 2 TGV,LE MANS,0,0.397536231884058
AEROPORT ROISSY CDG 2 TGV,LE MANS,1,0.4204347826086957
AEROPORT ROISSY CDG 2 TGV,LE MANS,2,0.4184971098265896
AEROPORT ROISSY CDG 2 TGV,LE MANS,3,0.4026011560693642
AEROPORT ROISSY CDG 2 TGV,LE MANS,4,0.1531791907514451
AEROPORT ROISSY CDG 2 TGV,LE MANS,5,0.15376811594202897
AEROPORT ROISSY CDG 2 TGV,LE MANS,6,0.14971014492753623
AEROPORT ROISSY CDG 2 TGV,LE MANS,7,0.15173913043478263
AEROPORT ROISSY CDG 2 TGV,LE MANS,8,0.14260869565217393
AEROPORT ROISSY CDG 2 TGV,LE MANS,9,0.1346376811594203
AEROPORT ROISSY CDG 2 TGV,LE MANS,10,0.138953488372093
AEROPORT ROISSY CDG 2 TGV,LE MANS,11,0.14811046511627907
AEROPORT ROISSY CDG 2 TGV,LE MANS,12,0.08183139534883721
AEROPORT ROISSY CDG 2 TGV,LE MANS,13,0.08032069970845482
AEROPORT ROISSY CDG 2 TGV,LE MANS,14,0.07842565597667638
AEROPORT ROISSY CDG 2 TGV,LE MANS,15,0.0739766081871345
AEROPORT ROISSY CDG 2 TGV,LE MANS,16,0.07267441860465117
AEROPORT ROISSY CDG 2 TGV,LE MANS,17,0.07324561403508772
AEROPORT ROISSY CDG 2 TGV,LE MANS,18,0.07302052785923753
AEROPORT ROISSY CDG 2 TGV,LE MANS,19,0.07573529411764705
AEROPORT ROISSY CDG 2 TGV,LE MANS,20,0.08008849557522124
AEROPORT ROISSY CDG 2 TGV,LE MANS,21,0.08269230769230769
AEROPORT ROISSY CDG 2 TGV,LE MANS,22,0.08887240356083086
AEROPORT ROISSY CDG 2 TGV,LE MANS,23,0.08668639053254439
AEROPORT ROISSY CDG 2 TGV,LE MANS,24,0.08961424332344213
AEROPORT ROISSY CDG 2 TGV,LE MANS,25,0.08902077151335312
AEROPORT ROISSY CDG 2 TGV,LE MANS,26,0.09330357142857143
AEROPORT ROISSY CDG 2 TGV,LE MANS,27,0.09268656716417911
AEROPORT ROISSY CDG 2 TGV,LE MANS,28,0.09086826347305389
AEROPORT ROISSY CDG 2 TGV,LE MANS,29,0.08873873873873873
AEROPORT ROISSY CDG 2 TGV,LE MANS,30,0.018429003021148034
AEROPORT ROISSY CDG 2 TGV,LORIENT,0,0.09615384615384616
AEROPORT ROISSY CDG 2 TGV,LORIENT,1,0.07692307692307693
AEROPORT ROISSY CDG 2 TGV,LORIENT,2,0.025000000000000005
AEROPORT ROISSY CDG 2 TGV,LORIENT,3,0.10384615384615385
AEROPORT ROISSY CDG 2 TGV,LORIENT,4,0.08076923076923077
AEROPORT ROISSY CDG 2 TGV,LORIENT,5,0.08461538461538462
AEROPORT ROISSY CDG 2 TGV,LORIENT,6,0.08076923076923077
AEROPORT ROISSY CDG 2 TGV,LORIENT,7,0.07307692307692307
AEROPORT ROISSY CDG 2 TGV,LORIENT,8,0.015384615384615385
AEROPORT ROISSY CDG 2 TGV,LORIENT,9,0.0038461538461538464
AEROPORT ROISSY CDG 2 TGV,LORIENT,10,0.007692307692307693
AEROPORT ROISSY CDG 2 TGV,LORIENT,11,0.05
AEROPORT ROISSY CDG 2 TGV,LORIENT,12,0.0038461538461538464
AEROPORT ROISSY CDG 2 TGV,LORIENT,13,0.0
AEROPORT ROISSY CDG 2 TGV,LORIENT,14,0.0
AEROPORT ROISSY CDG 2 TGV,LORIENT,15,0.0
AEROPORT ROISSY CDG 2 TGV,LORIENT,16,0.0
AEROPORT ROISSY CDG 2 TGV,LORIENT,17,0.0
AEROPORT ROISSY CDG 2 TGV,LORIENT,18,0.0
AEROPORT ROISSY CDG 2 TGV,LORIENT,19,0.0
AEROPORT ROISSY CDG 2 TGV,LORIENT,20,0.0
AEROPORT ROISSY CDG 2 TGV,LORIENT,21,0.0
AEROPORT ROISSY CDG 2 TGV,LORIENT,22,0.0
AEROPORT ROISSY CDG 2 TGV,LORIENT,23,0.0
AEROPORT ROISSY CDG 2 TGV,LORIENT,24,0.0
AEROPORT ROISSY CDG 2 TGV,LORIENT,25,0.0
AEROPORT ROISSY CDG 2 TGV,LORIENT,26,0.0
AEROPORT ROISSY CDG 2 TGV,LORIENT,27,0.0
AEROPORT ROISSY CDG 2 TGV,LORIENT,28,0.0
AEROPORT ROISSY CDG 2 TGV,LORIENT,29,0.0
AEROPORT ROISSY CDG 2 TGV,LORIENT,30,0.0
AEROPORT ROISSY CDG 2 TGV,MARNE LA VALLEE CHESSY,0,0.4713068181818182
AEROPORT ROISSY CDG 2 TGV,MARNE LA VALLEE CHESSY,1,0.4453125
AEROPORT ROISSY CDG 2 TGV,MARNE LA VALLEE CHESSY,2,0.39971590909090904
AEROPORT ROISSY CDG 2 TGV,MARNE LA VALLEE CHESSY,3,0.3907670454545455
AEROPORT ROISSY CDG 2 TGV,MARNE LA VALLEE CHESSY,4,0.23707386363636365
AEROPORT ROISSY CDG 2 TGV,MARNE LA VALLEE CHESSY,5,0.22250712250712248
AEROPORT ROISSY CDG 2 TGV,MARNE LA VALLEE CHESSY,6,0.21339031339031342
AEROPORT ROISSY CDG 2 TGV,MARNE LA VALLEE CHESSY,7,0.19230769230769232
AEROPORT ROISSY CDG 2 TGV,MARNE LA VALLEE CHESSY,8,0.18176638176638177
AEROPORT ROISSY CDG 2 TGV,MARNE LA VALLEE CHESSY,9,0.17136752136752137
AEROPORT ROISSY CDG 2 TGV,MARNE LA VALLEE CHESSY,10,0.14487179487179488
AEROPORT ROISSY CDG 2 TGV,MARNE LA VALLEE CHESSY,11,0.12706552706552707
AEROPORT ROISSY CDG 2 TGV,MARNE LA VALLEE CHESSY,12,0.05384615384615384
AEROPORT ROISSY CDG 2 TGV,MARNE LA VALLEE CHESSY,13,0.04985754985754986
AEROPORT ROISSY CDG 2 TGV,MARNE LA VALLEE CHESSY,14,0.03561253561253561
AEROPORT ROISSY CDG 2 TGV,MARNE LA VALLEE CHESSY,15,0.03504273504273504
AEROPORT ROISSY CDG 2 TGV,MARNE LA VALLEE CHESSY,16,0.031481481481481485
AEROPORT ROISSY CDG 2 TGV,MARNE LA VALLEE CHESSY,17,0.027714285714285712
AEROPORT ROISSY CDG 2 TGV,MARNE LA VALLEE CHESSY,18,0.019484240687679084
AEROPORT ROISSY CDG 2 TGV,MARNE LA VALLEE CHESSY,19,0.01489971346704871
AEROPORT ROISSY CDG 2 TGV,MARNE LA VALLEE CHESSY,20,0.013323782234957022
AEROPORT ROISSY CDG 2 TGV,MARNE LA VALLEE CHESSY,21,0.01160458452722063
AEROPORT ROISSY CDG 2 TGV,MARNE LA VALLEE CHESSY,22,0.011318051575931232
AEROPORT ROISSY CDG 2 TGV,MARNE LA VALLEE CHESSY,23,0.008
AEROPORT ROISSY CDG 2 TGV,MARNE LA VALLEE CHESSY,24,0.002005730659025788
AEROPORT ROISSY CDG 2 TGV,MARNE LA VALLEE CHESSY,25,0.0005730659025787966
AEROPORT ROISSY CDG 2 TGV,MARNE LA VALLEE CHESSY,26,0.0005747126436781609
AEROPORT ROISSY CDG 2 TGV,MARNE LA VALLEE CHESSY,27,0.001585014409221902
AEROPORT ROISSY CDG 2 TGV,MARNE LA VALLEE CHESSY,28,0.0011560693641618498
AEROPORT ROISSY CDG 2 TGV,MARNE LA VALLEE CHESSY,29,0.0026086956521739132
AEROPORT ROISSY CDG 2 TGV,MARNE LA VALLEE CHESSY,30,0.0
AEROPORT ROISSY CDG 2 TGV,MASSY TGV,0,0.4646802325581395
AEROPORT ROISSY CDG 2 TGV,MASSY TGV,1,0.4340116279069768
AEROPORT ROISSY CDG 2 TGV,MASSY TGV,2,0.3925872093023256
AEROPORT ROISSY CDG 2 TGV,MASSY TGV,3,0.38575581395348835
AEROPORT ROISSY CDG 2 TGV,MASSY TGV,4,0.24215116279069768
AEROPORT ROISSY CDG 2 TGV,MASSY TGV,5,0.22798833819241984
AEROPORT ROISSY CDG 2 TGV,MASSY TGV,6,0.21530612244897956
AEROPORT ROISSY CDG 2 TGV,MASSY TGV,7,0.2001457725947522
AEROPORT ROISSY CDG 2 TGV,MASSY TGV,8,0.18396501457725947
AEROPORT ROISSY CDG 2 TGV,MASSY TGV,9,0.1715743440233236
AEROPORT ROISSY CDG 2 TGV,MASSY TGV,10,0.14752186588921284
AEROPORT ROISSY CDG 2 TGV,MASSY TGV,11,0.12478134110787172
AEROPORT ROISSY CDG 2 TGV,MASSY TGV,12,0.05655976676384839
AEROPORT ROISSY CDG 2 TGV,MASSY TGV,13,0.04970845481049563
AEROPORT ROISSY CDG 2 TGV,MASSY TGV,14,0.035422740524781345
AEROPORT ROISSY CDG 2 TGV,MASSY TGV,15,0.03600583090379009
AEROPORT ROISSY CDG 2 TGV,MASSY TGV,16,0.031778425655976675
AEROPORT ROISSY CDG 2 TGV,MASSY TGV,17,0.02675438596491228
AEROPORT ROISSY CDG 2 TGV,MASSY TGV,18,0.019208211143695014
AEROPORT ROISSY CDG 2 TGV,MASSY TGV,19,0.015542521994134896
AEROPORT ROISSY CDG 2 TGV,MASSY TGV,20,0.014369501466275659
AEROPORT ROISSY CDG 2 TGV,MASSY TGV,21,0.012903225806451611
AEROPORT ROISSY CDG 2 TGV,MASSY TGV,22,0.011290322580645162
AEROPORT ROISSY CDG 2 TGV,MASSY TGV,23,0.00760233918128655
AEROPORT ROISSY CDG 2 TGV,MASSY TGV,24,0.001906158357771261
AEROPORT ROISSY CDG 2 TGV,MASSY TGV,25,0.00043988269794721413
AEROPORT ROISSY CDG 2 TGV,MASSY TGV,26,0.0008823529411764707
AEROPORT ROISSY CDG 2 TGV,MASSY TGV,27,0.0010324483775811211
AEROPORT ROISSY CDG 2 TGV,MASSY TGV,28,0.0019230769230769232
AEROPORT ROISSY CDG 2 TGV,MASSY TGV,29,0.002967359050445104
AEROPORT ROISSY CDG 2 TGV,MASSY TGV,30,0.00014925373134328358
AEROPORT ROISSY CDG 2 TGV,NANTES,0,0.5839181286549707
AEROPORT ROISSY CDG 2 TGV,NANTES,1,0.6035087719298246
AEROPORT ROISSY CDG 2 TGV,NANTES,2,0.6115160349854227
AEROPORT ROISSY CDG 2 TGV,NANTES,3,0.605539358600583
AEROPORT ROISSY CDG 2 TGV,NANTES,4,0.33104956268221575
AEROPORT ROISSY CDG 2 TGV,NANTES,5,0.32821637426900585
AEROPORT ROISSY CDG 2 TGV,NANTES,6,0.33362573099415205
AEROPORT ROISSY CDG 2 TGV,NANTES,7,0.3225146198830409
AEROPORT ROISSY CDG 2 TGV,NANTES,8,0.3247076023391813
AEROPORT ROISSY CDG 2 TGV,NANTES,9,0.32353801169590646
AEROPORT ROISSY CDG 2 TGV,NANTES,10,0.3225146198830409
AEROPORT ROISSY CDG 2 TGV,NANTES,11,0.32412280701754387
AEROPORT ROISSY CDG 2 TGV,NANTES,12,0.12008797653958946
AEROPORT ROISSY CDG 2 TGV,NANTES,13,0.11422287390029326
AEROPORT ROISSY CDG 2 TGV,NANTES,14,0.10821114369501465
AEROPORT ROISSY CDG 2 TGV,NANTES,15,0.09867647058823528
AEROPORT ROISSY CDG 2 TGV,NANTES,16,0.09220588235294118
AEROPORT ROISSY CDG 2 TGV,NANTES,17,0.09365781710914454
AEROPORT ROISSY CDG 2 TGV,NANTES,18,0.09275147928994083
AEROPORT ROISSY CDG 2 TGV,NANTES,19,0.09718100890207715
AEROPORT ROISSY CDG 2 TGV,NANTES,20,0.09791666666666667
AEROPORT ROISSY CDG 2 TGV,NANTES,21,0.09805970149253732
AEROPORT ROISSY CDG 2 TGV,NANTES,22,0.0998502994011976
AEROPORT ROISSY CDG 2 TGV,NANTES,23,0.10029850746268656
AEROPORT ROISSY CDG 2 TGV,NANTES,24,0.1028443113772455
AEROPORT ROISSY CDG 2 TGV,NANTES,25,0.10149700598802394
AEROPORT ROISSY CDG 2 TGV,NANTES,26,0.1006006006006006
AEROPORT ROISSY CDG 2 TGV,NANTES,27,0.09879518072289156
AEROPORT ROISSY CDG 2 TGV,NANTES,28,0.09652567975830816
AEROPORT ROISSY CDG 2 TGV,NANTES,29,0.09272727272727273
AEROPORT ROISSY CDG 2 TGV,NANTES,30,0.020516717325227963
AEROPORT ROISSY CDG 2 TGV,NIORT,0,0.41470588235294115
AEROPORT ROISSY CDG 2 TGV,NIORT,1,0.41764705882352937
AEROPORT ROISSY CDG 2 TGV,NIORT,2,0.328125
AEROPORT ROISSY CDG 2 TGV,NIORT,3,0.45625000000000004
AEROPORT ROISSY CDG 2 TGV,NIORT,4,0.011764705882352941
AEROPORT ROISSY CDG 2 TGV,NIORT,5,0.0029411764705882353
AEROPORT ROISSY CDG 2 TGV,NIORT,6,0.0058823529411764705
AEROPORT ROISSY CDG 2 TGV,NIORT,7,0.0029411764705882353
AEROPORT ROISSY CDG 2 TGV,NIORT,8,0.0
AEROPORT ROISSY CDG 2 TGV,NIORT,9,0.0
AEROPORT ROISSY CDG 2 TGV,NIORT,10,0.0029411764705882353
AEROPORT ROISSY CDG 2 TGV,NIORT,11,0.0058823529411764705
AEROPORT ROISSY CDG 2 TGV,NIORT,12,0.0
AEROPORT ROISSY CDG 2 TGV,NIORT,13,0.0
AEROPORT ROISSY CDG 2 TGV,NIORT,14,0.0
AEROPORT ROISSY CDG 2 TGV,NIORT,15,0.0
AEROPORT ROISSY CDG 2 TGV,NIORT,16,0.0
AEROPORT ROISSY CDG 2 TGV,NIORT,17,0.0
AEROPORT ROISSY CDG 2 TGV,NIORT,18,0.0
AEROPORT ROISSY CDG 2 TGV,NIORT,19,0.0
AEROPORT ROISSY CDG 2 TGV,NIORT,20,0.0
AEROPORT ROISSY CDG 2 TGV,NIORT,21,0.0
AEROPORT ROISSY CDG 2 TGV,NIORT,22,0.0
AEROPORT ROISSY CDG 2 TGV,NIORT,23,0.0
AEROPORT ROISSY CDG 2 TGV,NIORT,24,0.0
AEROPORT ROISSY CDG 2 TGV,NIORT,25,0.0
AEROPORT ROISSY CDG 2 TGV,NIORT,26,0.0
AEROPORT ROISSY CDG 2 TGV,NIORT,27,0.0
AEROPORT ROISSY CDG 2 TGV,NIORT,28,0.0
AEROPORT ROISSY CDG 2 TGV,NIORT,29,0.0
AEROPORT ROISSY CDG 2 TGV,NIORT,30,0.0
AEROPORT ROISSY CDG 2 TGV,POITIERS,0,0.17664233576642335
AEROPORT ROISSY CDG 2 TGV,POITIERS,1,0.17345454545454547
AEROPORT ROISSY CDG 2 TGV,POITIERS,2,0.1631868131868132
AEROPORT ROISSY CDG 2 TGV,POITIERS,3,0.1593065693430657
AEROPORT ROISSY CDG 2 TGV,POITIERS,4,0.05698529411764706
AEROPORT ROISSY CDG 2 TGV,POITIERS,5,0.05461254612546126
AEROPORT ROISSY CDG 2 TGV,POITIERS,6,0.05
AEROPORT ROISSY CDG 2 TGV,POITIERS,7,0.046863468634686344
AEROPORT ROISSY CDG 2 TGV,POITIERS,8,0.034870848708487084
AEROPORT ROISSY CDG 2 TGV,POITIERS,9,0.045925925925925926
AEROPORT ROISSY CDG 2 TGV,POITIERS,10,0.05762081784386617
AEROPORT ROISSY CDG 2 TGV,POITIERS,11,0.05611111111111111
AEROPORT ROISSY CDG 2 TGV,POITIERS,12,0.009851301115241635
AEROPORT ROISSY CDG 2 TGV,POITIERS,13,0.011895910780669147
AEROPORT ROISSY CDG 2 TGV,POITIERS,14,0.011753731343283582
AEROPORT ROISSY CDG 2 TGV,POITIERS,15,0.013992537313432836
AEROPORT ROISSY CDG 2 TGV,POITIERS,16,0.012126865671641791
AEROPORT ROISSY CDG 2 TGV,POITIERS,17,0.011710037174721188
AEROPORT ROISSY CDG 2 TGV,POITIERS,18,0.012686567164179104
AEROPORT ROISSY CDG 2 TGV,POITIERS,19,0.0149812734082397
AEROPORT ROISSY CDG 2 TGV,POITIERS,20,0.018470149253731343
AEROPORT ROISSY CDG 2 TGV,POITIERS,21,0.018470149253731343
AEROPORT ROISSY CDG 2 TGV,POITIERS,22,0.018401486988847585
AEROPORT ROISSY CDG 2 TGV,POITIERS,23,0.015799256505576207
AEROPORT ROISSY CDG 2 TGV,POITIERS,24,0.015298507462686566
AEROPORT ROISSY CDG 2 TGV,POITIERS,25,0.014552238805970149
AEROPORT ROISSY CDG 2 TGV,POITIERS,26,0.01610486891385768
AEROPORT ROISSY CDG 2 TGV,POITIERS,27,0.019172932330827067
AEROPORT ROISSY CDG 2 TGV,POITIERS,28,0.015849056603773587
AEROPORT ROISSY CDG 2 TGV,POITIERS,29,0.01622641509433962
AEROPORT ROISSY CDG 2 TGV,POITIERS,30,0.0032196969696969696
AEROPORT ROISSY CDG 2 TGV,QUIMPER,0,0.0923076923076923
AEROPORT ROISSY CDG 2 TGV,QUIMPER,1,0.08846153846153845
AEROPORT ROISSY CDG 2 TGV,QUIMPER,2,0.004166666666666667
AEROPORT ROISSY CDG 2 TGV,QUIMPER,3,0.08461538461538462
AEROPORT ROISSY CDG 2 TGV,QUIMPER,4,0.08076923076923077
AEROPORT ROISSY CDG 2 TGV,QUIMPER,5,0.08076923076923077
AEROPORT ROISSY CDG 2 TGV,QUIMPER,6,0.07692307692307693
AEROPORT ROISSY CDG 2 TGV,QUIMPER,7,0.06923076923076923
AEROPORT ROISSY CDG 2 TGV,QUIMPER,8,0.007692307692307693
AEROPORT ROISSY CDG 2 TGV,QUIMPER,9,0.0038461538461538464
AEROPORT ROISSY CDG 2 TGV,QUIMPER,10,0.015384615384615385
AEROPORT ROISSY CDG 2 TGV,QUIMPER,11,0.05
AEROPORT ROISSY CDG 2 TGV,QUIMPER,12,0.0
AEROPORT ROISSY CDG 2 TGV,QUIMPER,13,0.0
AEROPORT ROISSY CDG 2 TGV,QUIMPER,14,0.0
AEROPORT ROISSY CDG 2 TGV,QUIMPER,15,0.0
AEROPORT ROISSY CDG 2 TGV,QUIMPER,16,0.0
AEROPORT ROISSY CDG 2 TGV,QUIMPER,17,0.0
AEROPORT ROISSY CDG 2 TGV,QUIMPER,18,0.0
AEROPORT ROISSY CDG 2 TGV,QUIMPER,19,0.0
AEROPORT ROISSY CDG 2 TGV,QUIMPER,20,0.0
AEROPORT ROISSY CDG 2 TGV,QUIMPER,21,0.0
AEROPORT ROISSY CDG 2 TGV,QUIMPER,22,0.0
AEROPORT ROISSY CDG 2 TGV,QUIMPER,23,0.0
AEROPORT ROISSY CDG 2 TGV,QUIMPER,24,0.0
AEROPORT ROISSY CDG 2 TGV,QUIMPER,25,0.0
AEROPORT ROISSY CDG 2 TGV,QUIMPER,26,0.0
AEROPORT ROISSY CDG 2 TGV,QUIMPER,27,0.0
AEROPORT ROISSY CDG 2 TGV,QUIMPER,28,0.0
AEROPORT ROISSY CDG 2 TGV,QUIMPER,29,0.0
AEROPORT ROISSY CDG 2 TGV,QUIMPER,30,0.0
AEROPORT ROISSY CDG 2 TGV,RENNES,0,0.14775862068965517
AEROPORT ROISSY CDG 2 TGV,RENNES,1,0.16288659793814433
AEROPORT ROISSY CDG 2 TGV,RENNES,2,0.1604810996563574
AEROPORT ROISSY CDG 2 TGV,RENNES,3,0.16202749140893472
AEROPORT ROISSY CDG 2 TGV,RENNES,4,0.05171232876712328
AEROPORT ROISSY CDG 2 TGV,RENNES,5,0.05862068965517241
AEROPORT ROISSY CDG 2 TGV,RENNES,6,0.060172413793103445
AEROPORT ROISSY CDG 2 TGV,RENNES,7,0.05743944636678201
AEROPORT ROISSY CDG 2 TGV,RENNES,8,0.04027777777777777
AEROPORT ROISSY CDG 2 TGV,RENNES,9,0.04184027777777778
AEROPORT ROISSY CDG 2 TGV,RENNES,10,0.04860627177700348
AEROPORT ROISSY CDG 2 TGV,RENNES,11,0.06013986013986014
AEROPORT ROISSY CDG 2 TGV,RENNES,12,0.025349650349650348
AEROPORT ROISSY CDG 2 TGV,RENNES,13,0.0263986013986014
AEROPORT ROISSY CDG 2 TGV,RENNES,14,0.026842105263157896
AEROPORT ROISSY CDG 2 TGV,RENNES,15,0.025
AEROPORT ROISSY CDG 2 TGV,RENNES,16,0.024912280701754386
AEROPORT ROISSY CDG 2 TGV,RENNES,17,0.02517605633802817
AEROPORT ROISSY CDG 2 TGV,RENNES,18,0.027543859649122805
AEROPORT ROISSY CDG 2 TGV,RENNES,19,0.028445229681978802
AEROPORT ROISSY CDG 2 TGV,RENNES,20,0.031914893617021274
AEROPORT ROISSY CDG 2 TGV,RENNES,21,0.03256227758007117
AEROPORT ROISSY CDG 2 TGV,RENNES,22,0.03505338078291815
AEROPORT ROISSY CDG 2 TGV,RENNES,23,0.03309608540925267
AEROPORT ROISSY CDG 2 TGV,RENNES,24,0.03517857142857143
AEROPORT ROISSY CDG 2 TGV,RENNES,25,0.03333333333333333
AEROPORT ROISSY CDG 2 TGV,RENNES,26,0.037230215827338126
AEROPORT ROISSY CDG 2 TGV,RENNES,27,0.03794964028776979
AEROPORT ROISSY CDG 2 TGV,RENNES,28,0.03615107913669065
AEROPORT ROISSY CDG 2 TGV,RENNES,29,0.035251798561151085
AEROPORT ROISSY CDG 2 TGV,RENNES,30,0.008363636363636365
AEROPORT ROISSY CDG 2 TGV,ST PIERRE DES CORPS,0,0.4773846153846154
AEROPORT ROISSY CDG 2 TGV,ST PIERRE DES CORPS,1,0.47861538461538466
AEROPORT ROISSY CDG 2 TGV,ST PIERRE DES CORPS,2,0.46157407407407414
AEROPORT ROISSY CDG 2 TGV,ST PIERRE DES CORPS,3,0.4574074074074074
AEROPORT ROISSY CDG 2 TGV,ST PIERRE DES CORPS,4,0.2359567901234568
AEROPORT ROISSY CDG 2 TGV,ST PIERRE DES CORPS,5,0.24164086687306502
AEROPORT ROISSY CDG 2 TGV,ST PIERRE DES CORPS,6,0.2331269349845201
AEROPORT ROISSY CDG 2 TGV,ST PIERRE DES CORPS,7,0.2281733746130031
AEROPORT ROISSY CDG 2 TGV,ST PIERRE DES CORPS,8,0.21346749226006193
AEROPORT ROISSY CDG 2 TGV,ST PIERRE DES CORPS,9,0.18866459627329193
AEROPORT ROISSY CDG 2 TGV,ST PIERRE DES CORPS,10,0.16009316770186335
AEROPORT ROISSY CDG 2 TGV,ST PIERRE DES CORPS,11,0.16145510835913313
AEROPORT ROISSY CDG 2 TGV,ST PIERRE DES CORPS,12,0.03322981366459627
AEROPORT ROISSY CDG 2 TGV,ST PIERRE DES CORPS,13,0.02857142857142857
AEROPORT ROISSY CDG 2 TGV,ST PIERRE DES CORPS,14,0.027570093457943923
AEROPORT ROISSY CDG 2 TGV,ST PIERRE DES CORPS,15,0.02741433021806854
AEROPORT ROISSY CDG 2 TGV,ST PIERRE DES CORPS,16,0.02328125
AEROPORT ROISSY CDG 2 TGV,ST PIERRE DES CORPS,17,0.022100313479623823
AEROPORT ROISSY CDG 2 TGV,ST PIERRE DES CORPS,18,0.022100313479623823
AEROPORT ROISSY CDG 2 TGV,ST PIERRE DES CORPS,19,0.022169811320754716
AEROPORT ROISSY CDG 2 TGV,ST PIERRE DES CORPS,20,0.022955974842767294
AEROPORT ROISSY CDG 2 TGV,ST PIERRE DES CORPS,21,0.02059748427672956
AEROPORT ROISSY CDG 2 TGV,ST PIERRE DES CORPS,22,0.016300940438871474
AEROPORT ROISSY CDG 2 TGV,ST PIERRE DES CORPS,23,0.01347962382445141
AEROPORT ROISSY CDG 2 TGV,ST PIERRE DES CORPS,24,0.013050314465408806
AEROPORT ROISSY CDG 2 TGV,ST PIERRE DES CORPS,25,0.01277602523659306
AEROPORT ROISSY CDG 2 TGV,ST PIERRE DES CORPS,26,0.01360759493670886
AEROPORT ROISSY CDG 2 TGV,ST PIERRE DES CORPS,27,0.01619047619047619
AEROPORT ROISSY CDG 2 TGV,ST PIERRE DES CORPS,28,0.015605095541401276
AEROPORT ROISSY CDG 2 TGV,ST PIERRE DES CORPS,29,0.01735668789808917
AEROPORT ROISSY CDG 2 TGV,ST PIERRE DES CORPS,30,0.004166666666666667
AEROPORT ROISSY CDG 2 TGV,VANNES,0,0.11153846153846153
AEROPORT ROISSY CDG 2 TGV,VANNES,1,0.10384615384615385
AEROPORT ROISSY CDG 2 TGV,VANNES,2,0.008333333333333333
AEROPORT ROISSY CDG 2 TGV,VANNES,3,0.09615384615384616
AEROPORT ROISSY CDG 2 TGV,VANNES,4,0.08461538461538462
AEROPORT ROISSY CDG 2 TGV,VANNES,5,0.07692307692307693
AEROPORT ROISSY CDG 2 TGV,VANNES,6,0.07307692307692307
AEROPORT ROISSY CDG 2 TGV,VANNES,7,0.06538461538461539
AEROPORT ROISSY CDG 2 TGV,VANNES,8,0.007692307692307693
AEROPORT ROISSY CDG 2 TGV,VANNES,9,0.0038461538461538464
AEROPORT ROISSY CDG 2 TGV,VANNES,10,0.023076923076923075
AEROPORT ROISSY CDG 2 TGV,VANNES,11,0.057692307692307696
AEROPORT ROISSY CDG 2 TGV,VANNES,12,0.0038461538461538464
AEROPORT ROISSY CDG 2 TGV,VANNES,13,0.0
AEROPORT ROISSY CDG 2 TGV,VANNES,14,0.0
AEROPORT ROISSY CDG 2 TGV,VANNES,15,0.0
AEROPORT ROISSY CDG 2 TGV,VANNES,16,0.0
AEROPORT ROISSY CDG 2 TGV,VANNES,17,0.0
AEROPORT ROISSY CDG 2 TGV,VANNES,18,0.0
AEROPORT ROISSY CDG 2 TGV,VANNES,19,0.0
AEROPORT ROISSY CDG 2 TGV,VANNES,20,0.0
AEROPORT ROISSY CDG 2 TGV,VANNES,21,0.0
AEROPORT ROISSY CDG 2 TGV,VANNES,22,0.0
AEROPORT ROISSY CDG 2 TGV,VANNES,23,0.0
AEROPORT ROISSY CDG 2 TGV,VANNES,24,0.0
AEROPORT ROISSY CDG 2 TGV,VANNES,25,0.0
AEROPORT ROISSY CDG 2 TGV,VANNES,26,0.0
AEROPORT ROISSY CDG 2 TGV,VANNES,27,0.0
AEROPORT ROISSY CDG 2 TGV,VANNES,28,0.0
AEROPORT ROISSY CDG 2 TGV,VANNES,29,0.0
AEROPORT ROISSY CDG 2 TGV,VANNES,30,0.0
ANGERS SAINT LAUD,NANTES,0,0.9438596491228071
ANGERS SAINT LAUD,NANTES,1,0.9456140350877192
ANGERS SAINT LAUD,NANTES,2,0.9376093294460642
ANGERS SAINT LAUD,NANTES,3,0.91865889212828
ANGERS SAINT LAUD,NANTES,4,0.755393586005831
ANGERS SAINT LAUD,NANTES,5,0.743859649122807
ANGERS SAINT LAUD,NANTES,6,0.7442982456140351
ANGERS SAINT LAUD,NANTES,7,0.7153508771929825
ANGERS SAINT LAUD,NANTES,8,0.6998538011695906
ANGERS SAINT LAUD,NANTES,9,0.6815789473684211
ANGERS SAINT LAUD,NANTES,10,0.6625730994152047
ANGERS SAINT LAUD,NANTES,11,0.6435672514619882
ANGERS SAINT LAUD,NANTES,12,0.262316715542522
ANGERS SAINT LAUD,NANTES,13,0.25601173020527856
ANGERS SAINT LAUD,NANTES,14,0.24633431085043989
ANGERS SAINT LAUD,NANTES,15,0.23485294117647057
ANGERS SAINT LAUD,NANTES,16,0.22573529411764706
ANGERS SAINT LAUD,NANTES,17,0.22492625368731564
ANGERS SAINT LAUD,NANTES,18,0.22144970414201182
ANGERS SAINT LAUD,NANTES,19,0.2086053412462908
ANGERS SAINT LAUD,NANTES,20,0.20014880952380953
ANGERS SAINT LAUD,NANTES,21,0.19328358208955224
ANGERS SAINT LAUD,NANTES,22,0.18158682634730539
ANGERS SAINT LAUD,NANTES,23,0.18134328358208956
ANGERS SAINT LAUD,NANTES,24,0.1748502994011976
ANGERS SAINT LAUD,NANTES,25,0.16991017964071856
ANGERS SAINT LAUD,NANTES,26,0.16216216216216217
ANGERS SAINT LAUD,NANTES,27,0.1566265060240964
ANGERS SAINT LAUD,NANTES,28,0.15422960725075527
ANGERS SAINT LAUD,NANTES,29,0.14545454545454545
ANGERS SAINT LAUD,NANTES,30,0.040577507598784195
ANGOULEME,BORDEAUX ST JEAN,0,0.27253521126760566
ANGOULEME,BORDEAUX ST JEAN,1,0.28538732394366195
ANGOULEME,BORDEAUX ST JEAN,2,0.2773851590106007
ANGOULEME,BORDEAUX ST JEAN,3,0.2722614840989399
ANGOULEME,BORDEAUX ST JEAN,4,0.13546099290780142
ANGOULEME,BORDEAUX ST JEAN,5,0.13291814946619218
ANGOULEME,BORDEAUX ST JEAN,6,0.12473309608540924
ANGOULEME,BORDEAUX ST JEAN,7,0.11192170818505338
ANGOULEME,BORDEAUX ST JEAN,8,0.11370106761565836
ANGOULEME,BORDEAUX ST JEAN,9,0.11892857142857143
ANGOULEME,BORDEAUX ST JEAN,10,0.12598566308243728
ANGOULEME,BORDEAUX ST JEAN,11,0.12392857142857144
ANGOULEME,BORDEAUX ST JEAN,12,0.0485663082437276
ANGOULEME,BORDEAUX ST JEAN,13,0.0485663082437276
ANGOULEME,BORDEAUX ST JEAN,14,0.05251798561151079
ANGOULEME,BORDEAUX ST JEAN,15,0.053597122302158275
ANGOULEME,BORDEAUX ST JEAN,16,0.05881294964028778
ANGOULEME,BORDEAUX ST JEAN,17,0.06308243727598567
ANGOULEME,BORDEAUX ST JEAN,18,0.06600719424460433
ANGOULEME,BORDEAUX ST JEAN,19,0.07220216606498195
ANGOULEME,BORDEAUX ST JEAN,20,0.07877697841726618
ANGOULEME,BORDEAUX ST JEAN,21,0.08309352517985612
ANGOULEME,BORDEAUX ST JEAN,22,0.08422939068100359
ANGOULEME,BORDEAUX ST JEAN,23,0.08512544802867383
ANGOULEME,BORDEAUX ST JEAN,24,0.08866906474820144
ANGOULEME,BORDEAUX ST JEAN,25,0.09028776978417266
ANGOULEME,BORDEAUX ST JEAN,26,0.09693140794223827
ANGOULEME,BORDEAUX ST JEAN,27,0.10018115942028985
ANGOULEME,BORDEAUX ST JEAN,28,0.10163636363636364
ANGOULEME,BORDEAUX ST JEAN,29,0.10018181818181819
ANGOULEME,BORDEAUX ST JEAN,30,0.02791970802919708
AURAY,LORIENT,0,0.3875
AURAY,LORIENT,1,0.3105263157894737
AURAY,LORIENT,2,0.2710526315789474
AURAY,LORIENT,3,0.2925
AURAY,LORIENT,4,0.1875
AURAY,LORIENT,5,0.1875
AURAY,LORIENT,6,0.19
AURAY,LORIENT,7,0.1525
AURAY,LORIENT,8,0.16749999999999998
AURAY,LORIENT,9,0.1525
AURAY,LORIENT,10,0.12
AURAY,LORIENT,11,0.1475
AURAY,LORIENT,12,0.0025
AURAY,LORIENT,13,0.0025
AURAY,LORIENT,14,0.027500000000000004
AURAY,LORIENT,15,0.057499999999999996
AURAY,LORIENT,16,0.06000000000000001
AURAY,LORIENT,17,0.05
AURAY,LORIENT,18,0.0475
AURAY,LORIENT,19,0.052500000000000005
AURAY,LORIENT,20,0.05500000000000001
AURAY,LORIENT,21,0.06
AURAY,LORIENT,22,0.125
AURAY,LORIENT,23,0.1125
AURAY,LORIENT,24,0.13999999999999999
AURAY,LORIENT,25,0.1425
AURAY,LORIENT,26,0.06749999999999999
AURAY,LORIENT,27,0.085
AURAY,LORIENT,28,0.0925
AURAY,LORIENT,29,0.09
AURAY,LORIENT,30,0.034999999999999996
AURAY,QUIMPER,0,0.3725
AURAY,QUIMPER,1,0.2973684210526316
AURAY,QUIMPER,2,0.2710526315789474
AURAY,QUIMPER,3,0.2925
AURAY,QUIMPER,4,0.195
AURAY,QUIMPER,5,0.1975
AURAY,QUIMPER,6,0.1975
AURAY,QUIMPER,7,0.16
AURAY,QUIMPER,8,0.16999999999999998
AURAY,QUIMPER,9,0.1625
AURAY,QUIMPER,10,0.125
AURAY,QUIMPER,11,0.1375
AURAY,QUIMPER,12,0.0025
AURAY,QUIMPER,13,0.0025
AURAY,QUIMPER,14,0.052500000000000005
AURAY,QUIMPER,15,0.0375
AURAY,QUIMPER,16,0.042499999999999996
AURAY,QUIMPER,17,0.06
AURAY,QUIMPER,18,0.0475
AURAY,QUIMPER,19,0.05
AURAY,QUIMPER,20,0.05
AURAY,QUIMPER,21,0.052500000000000005
AURAY,QUIMPER,22,0.11750000000000001
AURAY,QUIMPER,23,0.1275
AURAY,QUIMPER,24,0.14250000000000002
AURAY,QUIMPER,25,0.1525
AURAY,QUIMPER,26,0.06999999999999999
AURAY,QUIMPER,27,0.0925
AURAY,QUIMPER,28,0.1
AURAY,QUIMPER,29,0.095
AURAY,QUIMPER,30,0.027500000000000004
CHAMPAGNE ARDENNE TGV,AEROPORT ROISSY CDG 2 TGV,0,0.5659090909090909
CHAMPAGNE ARDENNE TGV,AEROPORT ROISSY CDG 2 TGV,1,0.6062500000000001
CHAMPAGNE ARDENNE TGV,AEROPORT ROISSY CDG 2 TGV,2,0.5988636363636364
CHAMPAGNE ARDENNE TGV,AEROPORT ROISSY CDG 2 TGV,3,0.6095170454545454
CHAMPAGNE ARDENNE TGV,AEROPORT ROISSY CDG 2 TGV,4,0.4107954545454545
CHAMPAGNE ARDENNE TGV,AEROPORT ROISSY CDG 2 TGV,5,0.4091168091168091
CHAMPAGNE ARDENNE TGV,AEROPORT ROISSY CDG 2 TGV,6,0.4172364672364672
CHAMPAGNE ARDENNE TGV,AEROPORT ROISSY CDG 2 TGV,7,0.42977207977207976
CHAMPAGNE ARDENNE TGV,AEROPORT ROISSY CDG 2 TGV,8,0.41937321937321936
CHAMPAGNE ARDENNE TGV,AEROPORT ROISSY CDG 2 TGV,9,0.414957264957265
CHAMPAGNE ARDENNE TGV,AEROPORT ROISSY CDG 2 TGV,10,0.43390313390313395
CHAMPAGNE ARDENNE TGV,AEROPORT ROISSY CDG 2 TGV,11,0.43646723646723645
CHAMPAGNE ARDENNE TGV,AEROPORT ROISSY CDG 2 TGV,12,0.1170940170940171
CHAMPAGNE ARDENNE TGV,AEROPORT ROISSY CDG 2 TGV,13,0.10982905982905983
CHAMPAGNE ARDENNE TGV,AEROPORT ROISSY CDG 2 TGV,14,0.10612535612535613
CHAMPAGNE ARDENNE TGV,AEROPORT ROISSY CDG 2 TGV,15,0.10626780626780626
CHAMPAGNE ARDENNE TGV,AEROPORT ROISSY CDG 2 TGV,16,0.10427350427350428
CHAMPAGNE ARDENNE TGV,AEROPORT ROISSY CDG 2 TGV,17,0.1047142857142857
CHAMPAGNE ARDENNE TGV,AEROPORT ROISSY CDG 2 TGV,18,0.09799426934097422
CHAMPAGNE ARDENNE TGV,AEROPORT ROISSY CDG 2 TGV,19,0.1005730659025788
CHAMPAGNE ARDENNE TGV,AEROPORT ROISSY CDG 2 TGV,20,0.10888252148997135
CHAMPAGNE ARDENNE TGV,AEROPORT ROISSY CDG 2 TGV,21,0.11590257879656161
CHAMPAGNE ARDENNE TGV,AEROPORT ROISSY CDG 2 TGV,22,0.1169054441260745
CHAMPAGNE ARDENNE TGV,AEROPORT ROISSY CDG 2 TGV,23,0.1112857142857143
CHAMPAGNE ARDENNE TGV,AEROPORT ROISSY CDG 2 TGV,24,0.11389684813753581
CHAMPAGNE ARDENNE TGV,AEROPORT ROISSY CDG 2 TGV,25,0.1164756446991404
CHAMPAGNE ARDENNE TGV,AEROPORT ROISSY CDG 2 TGV,26,0.11551724137931035
CHAMPAGNE ARDENNE TGV,AEROPORT ROISSY CDG 2 TGV,27,0.11657060518731989
CHAMPAGNE ARDENNE TGV,AEROPORT ROISSY CDG 2 TGV,28,0.10924855491329478
CHAMPAGNE ARDENNE TGV,AEROPORT ROISSY CDG 2 TGV,29,0.10942028985507246
CHAMPAGNE ARDENNE TGV,AEROPORT ROISSY CDG 2 TGV,30,0.023323615160349854
CHAMPAGNE ARDENNE TGV,ANGERS SAINT LAUD,0,0.5314327485380117
CHAMPAGNE ARDENNE TGV,ANGERS SAINT LAUD,1,0.5489766081871345
CHAMPAGNE ARDENNE TGV,ANGERS SAINT LAUD,2,0.5479591836734694
CHAMPAGNE ARDENNE TGV,ANGERS SAINT LAUD,3,0.5510204081632653
CHAMPAGNE ARDENNE TGV,ANGERS SAINT LAUD,4,0.3864431486880467
CHAMPAGNE ARDENNE TGV,ANGERS SAINT LAUD,5,0.3915204678362573
CHAMPAGNE ARDENNE TGV,ANGERS SAINT LAUD,6,0.397953216374269
CHAMPAGNE ARDENNE TGV,ANGERS SAINT LAUD,7,0.3880116959064327
CHAMPAGNE ARDENNE TGV,ANGERS SAINT LAUD,8,0.3869883040935672
CHAMPAGNE ARDENNE TGV,ANGERS SAINT LAUD,9,0.3638888888888889
CHAMPAGNE ARDENNE TGV,ANGERS SAINT LAUD,10,0.3732456140350877
CHAMPAGNE ARDENNE TGV,ANGERS SAINT LAUD,11,0.3694444444444444
CHAMPAGNE ARDENNE TGV,ANGERS SAINT LAUD,12,0.07287390029325513
CHAMPAGNE ARDENNE TGV,ANGERS SAINT LAUD,13,0.06730205278592376
CHAMPAGNE ARDENNE TGV,ANGERS SAINT LAUD,14,0.06466275659824047
CHAMPAGNE ARDENNE TGV,ANGERS SAINT LAUD,15,0.057205882352941176
CHAMPAGNE ARDENNE TGV,ANGERS SAINT LAUD,16,0.05382352941176471
CHAMPAGNE ARDENNE TGV,ANGERS SAINT LAUD,17,0.0556047197640118
CHAMPAGNE ARDENNE TGV,ANGERS SAINT LAUD,18,0.053994082840236685
CHAMPAGNE ARDENNE TGV,ANGERS SAINT LAUD,19,0.05682492581602373
CHAMPAGNE ARDENNE TGV,ANGERS SAINT LAUD,20,0.057440476190476195
CHAMPAGNE ARDENNE TGV,ANGERS SAINT LAUD,21,0.060298507462686564
CHAMPAGNE ARDENNE TGV,ANGERS SAINT LAUD,22,0.06197604790419162
CHAMPAGNE ARDENNE TGV,ANGERS SAINT LAUD,23,0.06104477611940298
CHAMPAGNE ARDENNE TGV,ANGERS SAINT LAUD,24,0.0625748502994012
CHAMPAGNE ARDENNE TGV,ANGERS SAINT LAUD,25,0.06032934131736527
CHAMPAGNE ARDENNE TGV,ANGERS SAINT LAUD,26,0.06036036036036036
CHAMPAGNE ARDENNE TGV,ANGERS SAINT LAUD,27,0.06099397590361446
CHAMPAGNE ARDENNE TGV,ANGERS SAINT LAUD,28,0.061782477341389724
CHAMPAGNE ARDENNE TGV,ANGERS SAINT LAUD,29,0.061515151515151516
CHAMPAGNE ARDENNE TGV,ANGERS SAINT LAUD,30,0.009726443768996961
CHAMPAGNE ARDENNE TGV,ANGOULEME,0,0.17640845070422537
CHAMPAGNE ARDENNE TGV,ANGOULEME,1,0.188556338028169
CHAMPAGNE ARDENNE TGV,ANGOULEME,2,0.184452296819788
CHAMPAGNE ARDENNE TGV,ANGOULEME,3,0.17491166077738515
CHAMPAGNE ARDENNE TGV,ANGOULEME,4,0.061879432624113474
CHAMPAGNE ARDENNE TGV,ANGOULEME,5,0.056405693950177936
CHAMPAGNE ARDENNE TGV,ANGOULEME,6,0.05676156583629893
CHAMPAGNE ARDENNE TGV,ANGOULEME,7,0.05284697508896797
CHAMPAGNE ARDENNE TGV,ANGOULEME,8,0.04804270462633452
CHAMPAGNE ARDENNE TGV,ANGOULEME,9,0.058571428571428566
CHAMPAGNE ARDENNE TGV,ANGOULEME,10,0.06594982078853046
CHAMPAGNE ARDENNE TGV,ANGOULEME,11,0.07392857142857143
CHAMPAGNE ARDENNE TGV,ANGOULEME,12,0.01684587813620072
CHAMPAGNE ARDENNE TGV,ANGOULEME,13,0.017921146953405017
CHAMPAGNE ARDENNE TGV,ANGOULEME,14,0.02014388489208633
CHAMPAGNE ARDENNE TGV,ANGOULEME,15,0.02068345323741007
CHAMPAGNE ARDENNE TGV,ANGOULEME,16,0.019064748201438848
CHAMPAGNE ARDENNE TGV,ANGOULEME,17,0.01845878136200717
CHAMPAGNE ARDENNE TGV,ANGOULEME,18,0.016906474820143885
CHAMPAGNE ARDENNE TGV,ANGOULEME,19,0.020938628158844765
CHAMPAGNE ARDENNE TGV,ANGOULEME,20,0.025
CHAMPAGNE ARDENNE TGV,ANGOULEME,21,0.025
CHAMPAGNE ARDENNE TGV,ANGOULEME,22,0.025268817204301075
CHAMPAGNE ARDENNE TGV,ANGOULEME,23,0.022222222222222223
CHAMPAGNE ARDENNE TGV,ANGOULEME,24,0.02158273381294964
CHAMPAGNE ARDENNE TGV,ANGOULEME,25,0.019244604316546763
CHAMPAGNE ARDENNE TGV,ANGOULEME,26,0.021841155234657038
CHAMPAGNE ARDENNE TGV,ANGOULEME,27,0.025
CHAMPAGNE ARDENNE TGV,ANGOULEME,28,0.023454545454545454
CHAMPAGNE ARDENNE TGV,ANGOULEME,29,0.019090909090909092
CHAMPAGNE ARDENNE TGV,ANGOULEME,30,0.003467153284671533
CHAMPAGNE ARDENNE TGV,AURAY,0,0.265
CHAMPAGNE ARDENNE TGV,AURAY,1,0.21842105263157896
CHAMPAGNE ARDENNE TGV,AURAY,2,0.2210526315789474
CHAMPAGNE ARDENNE TGV,AURAY,3,0.2525
CHAMPAGNE ARDENNE TGV,AURAY,4,0.2125
CHAMPAGNE ARDENNE TGV,AURAY,5,0.195
CHAMPAGNE ARDENNE TGV,AURAY,6,0.225
CHAMPAGNE ARDENNE TGV,AURAY,7,0.18
CHAMPAGNE ARDENNE TGV,AURAY,8,0.1875
CHAMPAGNE ARDENNE TGV,AURAY,9,0.1675
CHAMPAGNE ARDENNE TGV,AURAY,10,0.1675
CHAMPAGNE ARDENNE TGV,AURAY,11,0.22749999999999998
CHAMPAGNE ARDENNE TGV,AURAY,12,0.015000000000000003
CHAMPAGNE ARDENNE TGV,AURAY,13,0.01
CHAMPAGNE ARDENNE TGV,AURAY,14,0.04
CHAMPAGNE ARDENNE TGV,AURAY,15,0.04
CHAMPAGNE ARDENNE TGV,AURAY,16,0.045
CHAMPAGNE ARDENNE TGV,AURAY,17,0.05
CHAMPAGNE ARDENNE TGV,AURAY,18,0.0475
CHAMPAGNE ARDENNE TGV,AURAY,19,0.0475
CHAMPAGNE ARDENNE TGV,AURAY,20,0.05
CHAMPAGNE ARDENNE TGV,AURAY,21,0.05500000000000001
CHAMPAGNE ARDENNE TGV,AURAY,22,0.125
CHAMPAGNE ARDENNE TGV,AURAY,23,0.10500000000000001
CHAMPAGNE ARDENNE TGV,AURAY,24,0.12250000000000001
CHAMPAGNE ARDENNE TGV,AURAY,25,0.1275
CHAMPAGNE ARDENNE TGV,AURAY,26,0.0675
CHAMPAGNE ARDENNE TGV,AURAY,27,0.0925
CHAMPAGNE ARDENNE TGV,AURAY,28,0.095
CHAMPAGNE ARDENNE TGV,AURAY,29,0.095
CHAMPAGNE ARDENNE TGV,AURAY,30,0.017499999999999998
CHAMPAGNE ARDENNE TGV,BORDEAUX ST JEAN,0,0.1772887323943662
CHAMPAGNE ARDENNE TGV,BORDEAUX ST JEAN,1,0.1897887323943662
CHAMPAGNE ARDENNE TGV,BORDEAUX ST JEAN,2,0.17985865724381625
CHAMPAGNE ARDENNE TGV,BORDEAUX ST JEAN,3,0.17349823321554772
CHAMPAGNE ARDENNE TGV,BORDEAUX ST JEAN,4,0.061524822695035467
CHAMPAGNE ARDENNE TGV,BORDEAUX ST JEAN,5,0.05729537366548043
CHAMPAGNE ARDENNE TGV,BORDEAUX ST JEAN,6,0.055338078291814946
CHAMPAGNE ARDENNE TGV,BORDEAUX ST JEAN,7,0.051601423487544484
CHAMPAGNE ARDENNE TGV,BORDEAUX ST JEAN,8,0.04644128113879003
CHAMPAGNE ARDENNE TGV,BORDEAUX ST JEAN,9,0.056607142857142856
CHAMPAGNE ARDENNE TGV,BORDEAUX ST JEAN,10,0.06362007168458782
CHAMPAGNE ARDENNE TGV,BORDEAUX ST JEAN,11,0.07214285714285713
CHAMPAGNE ARDENNE TGV,BORDEAUX ST JEAN,12,0.017383512544802866
CHAMPAGNE ARDENNE TGV,BORDEAUX ST JEAN,13,0.017204301075268817
CHAMPAGNE ARDENNE TGV,BORDEAUX ST JEAN,14,0.01942446043165468
CHAMPAGNE ARDENNE TGV,BORDEAUX ST JEAN,15,0.020863309352517984
CHAMPAGNE ARDENNE TGV,BORDEAUX ST JEAN,16,0.019064748201438848
CHAMPAGNE ARDENNE TGV,BORDEAUX ST JEAN,17,0.017921146953405017
CHAMPAGNE ARDENNE TGV,BORDEAUX ST JEAN,18,0.016726618705035973
CHAMPAGNE ARDENNE TGV,BORDEAUX ST JEAN,19,0.02111913357400722
CHAMPAGNE ARDENNE TGV,BORDEAUX ST JEAN,20,0.024820143884892086
CHAMPAGNE ARDENNE TGV,BORDEAUX ST JEAN,21,0.025359712230215825
CHAMPAGNE ARDENNE TGV,BORDEAUX ST JEAN,22,0.025627240143369177
CHAMPAGNE ARDENNE TGV,BORDEAUX ST JEAN,23,0.023118279569892475
CHAMPAGNE ARDENNE TGV,BORDEAUX ST JEAN,24,0.021942446043165465
CHAMPAGNE ARDENNE TGV,BORDEAUX ST JEAN,25,0.01960431654676259
CHAMPAGNE ARDENNE TGV,BORDEAUX ST JEAN,26,0.022382671480144407
CHAMPAGNE ARDENNE TGV,BORDEAUX ST JEAN,27,0.023913043478260867
CHAMPAGNE ARDENNE TGV,BORDEAUX ST JEAN,28,0.022181818181818184
CHAMPAGNE ARDENNE TGV,BORDEAUX ST JEAN,29,0.019454545454545454
CHAMPAGNE ARDENNE TGV,BORDEAUX ST JEAN,30,0.0032846715328467154
CHAMPAGNE ARDENNE TGV,LA ROCHELLE VILLE,0,0.4235294117647059
CHAMPAGNE ARDENNE TGV,LA ROCHELLE VILLE,1,0.388235294117647
CHAMPAGNE ARDENNE TGV,LA ROCHELLE VILLE,2,0.365625
CHAMPAGNE ARDENNE TGV,LA ROCHELLE VILLE,3,0.446875
CHAMPAGNE ARDENNE TGV,LA ROCHELLE VILLE,4,0.1735294117647059
CHAMPAGNE ARDENNE TGV,LA ROCHELLE VILLE,5,0.1735294117647059
CHAMPAGNE ARDENNE TGV,LA ROCHELLE VILLE,6,0.13529411764705881
CHAMPAGNE ARDENNE TGV,LA ROCHELLE VILLE,7,0.12058823529411763
CHAMPAGNE ARDENNE TGV,LA ROCHELLE VILLE,8,0.17647058823529413
CHAMPAGNE ARDENNE TGV,LA ROCHELLE VILLE,9,0.23823529411764705
CHAMPAGNE ARDENNE TGV,LA ROCHELLE VILLE,10,0.21176470588235294
CHAMPAGNE ARDENNE TGV,LA ROCHELLE VILLE,11,0.17647058823529413
CHAMPAGNE ARDENNE TGV,LA ROCHELLE VILLE,12,0.0029411764705882353
CHAMPAGNE ARDENNE TGV,LA ROCHELLE VILLE,13,0.0
CHAMPAGNE ARDENNE TGV,LA ROCHELLE VILLE,14,0.0
CHAMPAGNE ARDENNE TGV,LA ROCHELLE VILLE,15,0.0
CHAMPAGNE ARDENNE TGV,LA ROCHELLE VILLE,16,0.0
CHAMPAGNE ARDENNE TGV,LA ROCHELLE VILLE,17,0.0
CHAMPAGNE ARDENNE TGV,LA ROCHELLE VILLE,18,0.0
CHAMPAGNE ARDENNE TGV,LA ROCHELLE VILLE,19,0.0
CHAMPAGNE ARDENNE TGV,LA ROCHELLE VILLE,20,0.0
CHAMPAGNE ARDENNE TGV,LA ROCHELLE VILLE,21,0.0
CHAMPAGNE ARDENNE TGV,LA ROCHELLE VILLE,22,0.0
CHAMPAGNE ARDENNE TGV,LA ROCHELLE VILLE,23,0.0
CHAMPAGNE ARDENNE TGV,LA ROCHELLE VILLE,24,0.0
CHAMPAGNE ARDENNE TGV,LA ROCHELLE VILLE,25,0.0
CHAMPAGNE ARDENNE TGV,LA ROCHELLE VILLE,26,0.0
CHAMPAGNE ARDENNE TGV,LA ROCHELLE VILLE,27,0.0
CHAMPAGNE ARDENNE TGV,LA ROCHELLE VILLE,28,0.0029411764705882353
CHAMPAGNE ARDENNE TGV,LA ROCHELLE VILLE,29,0.0029411764705882353
CHAMPAGNE ARDENNE TGV,LA ROCHELLE VILLE,30,0.0
CHAMPAGNE ARDENNE TGV,LAVAL,0,0.5625
CHAMPAGNE ARDENNE TGV,LAVAL,1,0.49
CHAMPAGNE ARDENNE TGV,LAVAL,2,0.5375
CHAMPAGNE ARDENNE TGV,LAVAL,3,0.5833333333333334
CHAMPAGNE ARDENNE TGV,LAVAL,4,0.29062499999999997
CHAMPAGNE ARDENNE TGV,LAVAL,5,0.384375
CHAMPAGNE ARDENNE TGV,LAVAL,6,0.3625
CHAMPAGNE ARDENNE TGV,LAVAL,7,0.36875
CHAMPAGNE ARDENNE TGV,LAVAL,8,0.403125
CHAMPAGNE ARDENNE TGV,LAVAL,9,0.3625
CHAMPAGNE ARDENNE TGV,LAVAL,10,0.315625
CHAMPAGNE ARDENNE TGV,LAVAL,11,0.3
CHAMPAGNE ARDENNE TGV,LAVAL,12,0.003125
CHAMPAGNE ARDENNE TGV,LAVAL,13,0.003125
CHAMPAGNE ARDENNE TGV,LAVAL,14,0.046875
CHAMPAGNE ARDENNE TGV,LAVAL,15,0.05
CHAMPAGNE ARDENNE TGV,LAVAL,16,0.059375
CHAMPAGNE ARDENNE TGV,LAVAL,17,0.05625
CHAMPAGNE ARDENNE TGV,LAVAL,18,0.06875
CHAMPAGNE ARDENNE TGV,LAVAL,19,0.0625
CHAMPAGNE ARDENNE TGV,LAVAL,20,0.0625
CHAMPAGNE ARDENNE TGV,LAVAL,21,0.06875
CHAMPAGNE ARDENNE TGV,LAVAL,22,0.153125
CHAMPAGNE ARDENNE TGV,LAVAL,23,0.134375
CHAMPAGNE ARDENNE TGV,LAVAL,24,0.16875
CHAMPAGNE ARDENNE TGV,LAVAL,25,0.1625
CHAMPAGNE ARDENNE TGV,LAVAL,26,0.08750000000000001
CHAMPAGNE ARDENNE TGV,LAVAL,27,0.11875
CHAMPAGNE ARDENNE TGV,LAVAL,28,0.1125
CHAMPAGNE ARDENNE TGV,LAVAL,29,0.11249999999999999
CHAMPAGNE ARDENNE TGV,LAVAL,30,0.040624999999999994
CHAMPAGNE ARDENNE TGV,LE MANS,0,0.40492753623188404
CHAMPAGNE ARDENNE TGV,LE MANS,1,0.427536231884058
CHAMPAGNE ARDENNE TGV,LE MANS,2,0.43395953757225436
CHAMPAGNE ARDENNE TGV,LE MANS,3,0.4413294797687861
CHAMPAGNE ARDENNE TGV,LE MANS,4,0.2718208092485549
CHAMPAGNE ARDENNE TGV,LE MANS,5,0.29637681159420287
CHAMPAGNE ARDENNE TGV,LE MANS,6,0.29405797101449277
CHAMPAGNE ARDENNE TGV,LE MANS,7,0.2955072463768116
CHAMPAGNE ARDENNE TGV,LE MANS,8,0.29840579710144927
CHAMPAGNE ARDENNE TGV,LE MANS,9,0.27608695652173915
CHAMPAGNE ARDENNE TGV,LE MANS,10,0.2777616279069767
CHAMPAGNE ARDENNE TGV,LE MANS,11,0.27921511627906975
CHAMPAGNE ARDENNE TGV,LE MANS,12,0.08270348837209301
CHAMPAGNE ARDENNE TGV,LE MANS,13,0.08236151603498543
CHAMPAGNE ARDENNE TGV,LE MANS,14,0.08032069970845482
CHAMPAGNE ARDENNE TGV,LE MANS,15,0.07543859649122807
CHAMPAGNE ARDENNE TGV,LE MANS,16,0.075
CHAMPAGNE ARDENNE TGV,LE MANS,17,0.07646198830409356
CHAMPAGNE ARDENNE TGV,LE MANS,18,0.07697947214076246
CHAMPAGNE ARDENNE TGV,LE MANS,19,0.07808823529411765
CHAMPAGNE ARDENNE TGV,LE MANS,20,0.0831858407079646
CHAMPAGNE ARDENNE TGV,LE MANS,21,0.08624260355029585
CHAMPAGNE ARDENNE TGV,LE MANS,22,0.09258160237388724
CHAMPAGNE ARDENNE TGV,LE MANS,23,0.08831360946745563
CHAMPAGNE ARDENNE TGV,LE MANS,24,0.09287833827893176
CHAMPAGNE ARDENNE TGV,LE MANS,25,0.09376854599406528
CHAMPAGNE ARDENNE TGV,LE MANS,26,0.08943452380952381
CHAMPAGNE ARDENNE TGV,LE MANS,27,0.09223880597014925
CHAMPAGNE ARDENNE TGV,LE MANS,28,0.08967065868263473
CHAMPAGNE ARDENNE TGV,LE MANS,29,0.08828828828828829
CHAMPAGNE ARDENNE TGV,LE MANS,30,0.015861027190332326
CHAMPAGNE ARDENNE TGV,LORIENT,0,0.27
CHAMPAGNE ARDENNE TGV,LORIENT,1,0.2210526315789474
CHAMPAGNE ARDENNE TGV,LORIENT,2,0.2210526315789474
CHAMPAGNE ARDENNE TGV,LORIENT,3,0.24749999999999997
CHAMPAGNE ARDENNE TGV,LORIENT,4,0.195
CHAMPAGNE ARDENNE TGV,LORIENT,5,0.195
CHAMPAGNE ARDENNE TGV,LORIENT,6,0.2425
CHAMPAGNE ARDENNE TGV,LORIENT,7,0.1675
CHAMPAGNE ARDENNE TGV,LORIENT,8,0.195
CHAMPAGNE ARDENNE TGV,LORIENT,9,0.175
CHAMPAGNE ARDENNE TGV,LORIENT,10,0.16499999999999998
CHAMPAGNE ARDENNE TGV,LORIENT,11,0.2125
CHAMPAGNE ARDENNE TGV,LORIENT,12,0.0125
CHAMPAGNE ARDENNE TGV,LORIENT,13,0.01
CHAMPAGNE ARDENNE TGV,LORIENT,14,0.05
CHAMPAGNE ARDENNE TGV,LORIENT,15,0.05
CHAMPAGNE ARDENNE TGV,LORIENT,16,0.0475
CHAMPAGNE ARDENNE TGV,LORIENT,17,0.052500000000000005
CHAMPAGNE ARDENNE TGV,LORIENT,18,0.05
CHAMPAGNE ARDENNE TGV,LORIENT,19,0.05
CHAMPAGNE ARDENNE TGV,LORIENT,20,0.05
CHAMPAGNE ARDENNE TGV,LORIENT,21,0.05500000000000001
CHAMPAGNE ARDENNE TGV,LORIENT,22,0.13
CHAMPAGNE ARDENNE TGV,LORIENT,23,0.11499999999999999
CHAMPAGNE ARDENNE TGV,LORIENT,24,0.14250000000000002
CHAMPAGNE ARDENNE TGV,LORIENT,25,0.1325
CHAMPAGNE ARDENNE TGV,LORIENT,26,0.0675
CHAMPAGNE ARDENNE TGV,LORIENT,27,0.0875
CHAMPAGNE ARDENNE TGV,LORIENT,28,0.0875
CHAMPAGNE ARDENNE TGV,LORIENT,29,0.08499999999999999
CHAMPAGNE ARDENNE TGV,LORIENT,30,0.034999999999999996
CHAMPAGNE ARDENNE TGV,MARNE LA VALLEE CHESSY,0,0.5731534090909091
CHAMPAGNE ARDENNE TGV,MARNE LA VALLEE CHESSY,1,0.6169034090909091
CHAMPAGNE ARDENNE TGV,MARNE LA VALLEE CHESSY,2,0.6026988636363636
CHAMPAGNE ARDENNE TGV,MARNE LA VALLEE CHESSY,3,0.6194602272727273
CHAMPAGNE ARDENNE TGV,MARNE LA VALLEE CHESSY,4,0.4234375
CHAMPAGNE ARDENNE TGV,MARNE LA VALLEE CHESSY,5,0.4333333333333333
CHAMPAGNE ARDENNE TGV,MARNE LA VALLEE CHESSY,6,0.44273504273504277
CHAMPAGNE ARDENNE TGV,MARNE LA VALLEE CHESSY,7,0.4495726495726496
CHAMPAGNE ARDENNE TGV,MARNE LA VALLEE CHESSY,8,0.4443019943019943
CHAMPAGNE ARDENNE TGV,MARNE LA VALLEE CHESSY,9,0.44202279202279204
CHAMPAGNE ARDENNE TGV,MARNE LA VALLEE CHESSY,10,0.44772079772079776
CHAMPAGNE ARDENNE TGV,MARNE LA VALLEE CHESSY,11,0.4561253561253561
CHAMPAGNE ARDENNE TGV,MARNE LA VALLEE CHESSY,12,0.12236467236467237
CHAMPAGNE ARDENNE TGV,MARNE LA VALLEE CHESSY,13,0.11638176638176638
CHAMPAGNE ARDENNE TGV,MARNE LA VALLEE CHESSY,14,0.11638176638176638
CHAMPAGNE ARDENNE TGV,MARNE LA VALLEE CHESSY,15,0.11396011396011396
CHAMPAGNE ARDENNE TGV,MARNE LA VALLEE CHESSY,16,0.1116809116809117
CHAMPAGNE ARDENNE TGV,MARNE LA VALLEE CHESSY,17,0.11228571428571428
CHAMPAGNE ARDENNE TGV,MARNE LA VALLEE CHESSY,18,0.10530085959885387
CHAMPAGNE ARDENNE TGV,MARNE LA VALLEE CHESSY,19,0.10702005730659027
CHAMPAGNE ARDENNE TGV,MARNE LA VALLEE CHESSY,20,0.11790830945558739
CHAMPAGNE ARDENNE TGV,MARNE LA VALLEE CHESSY,21,0.12392550143266476
CHAMPAGNE ARDENNE TGV,MARNE LA VALLEE CHESSY,22,0.12893982808022922
CHAMPAGNE ARDENNE TGV,MARNE LA VALLEE CHESSY,23,0.12242857142857143
CHAMPAGNE ARDENNE TGV,MARNE LA VALLEE CHESSY,24,0.12707736389684815
CHAMPAGNE ARDENNE TGV,MARNE LA VALLEE CHESSY,25,0.12851002865329514
CHAMPAGNE ARDENNE TGV,MARNE LA VALLEE CHESSY,26,0.12413793103448277
CHAMPAGNE ARDENNE TGV,MARNE LA VALLEE CHESSY,27,0.12809798270893372
CHAMPAGNE ARDENNE TGV,MARNE LA VALLEE CHESSY,28,0.1199421965317919
CHAMPAGNE ARDENNE TGV,MARNE LA VALLEE CHESSY,29,0.11536231884057971
CHAMPAGNE ARDENNE TGV,MARNE LA VALLEE CHESSY,30,0.026239067055393587
CHAMPAGNE ARDENNE TGV,MASSY TGV,0,0.5693313953488371
CHAMPAGNE ARDENNE TGV,MASSY TGV,1,0.6031976744186046
CHAMPAGNE ARDENNE TGV,MASSY TGV,2,0.5924418604651163
CHAMPAGNE ARDENNE TGV,MASSY TGV,3,0.6082848837209303
CHAMPAGNE ARDENNE TGV,MASSY TGV,4,0.42441860465116277
CHAMPAGNE ARDENNE TGV,MASSY TGV,5,0.43119533527696796
CHAMPAGNE ARDENNE TGV,MASSY TGV,6,0.43396501457725944
CHAMPAGNE ARDENNE TGV,MASSY TGV,7,0.4383381924198251
CHAMPAGNE ARDENNE TGV,MASSY TGV,8,0.43075801749271136
CHAMPAGNE ARDENNE TGV,MASSY TGV,9,0.4326530612244898
CHAMPAGNE ARDENNE TGV,MASSY TGV,10,0.443002915451895
CHAMPAGNE ARDENNE TGV,MASSY TGV,11,0.4462099125364432
CHAMPAGNE ARDENNE TGV,MASSY TGV,12,0.1164723032069971
CHAMPAGNE ARDENNE TGV,MASSY TGV,13,0.11049562682215743
CHAMPAGNE ARDENNE TGV,MASSY TGV,14,0.10816326530612246
CHAMPAGNE ARDENNE TGV,MASSY TGV,15,0.10787172011661808
CHAMPAGNE ARDENNE TGV,MASSY TGV,16,0.10524781341107872
CHAMPAGNE ARDENNE TGV,MASSY TGV,17,0.10760233918128655
CHAMPAGNE ARDENNE TGV,MASSY TGV,18,0.10175953079178887
CHAMPAGNE ARDENNE TGV,MASSY TGV,19,0.10498533724340176
CHAMPAGNE ARDENNE TGV,MASSY TGV,20,0.11187683284457478
CHAMPAGNE ARDENNE TGV,MASSY TGV,21,0.1187683284457478
CHAMPAGNE ARDENNE TGV,MASSY TGV,22,0.12258064516129032
CHAMPAGNE ARDENNE TGV,MASSY TGV,23,0.11871345029239766
CHAMPAGNE ARDENNE TGV,MASSY TGV,24,0.12096774193548387
CHAMPAGNE ARDENNE TGV,MASSY TGV,25,0.12390029325513197
CHAMPAGNE ARDENNE TGV,MASSY TGV,26,0.1188235294117647
CHAMPAGNE ARDENNE TGV,MASSY TGV,27,0.12359882005899704
CHAMPAGNE ARDENNE TGV,MASSY TGV,28,0.11937869822485207
CHAMPAGNE ARDENNE TGV,MASSY TGV,29,0.11646884272997032
CHAMPAGNE ARDENNE TGV,MASSY TGV,30,0.026417910447761192
CHAMPAGNE ARDENNE TGV,NANTES,0,0.5407894736842105
CHAMPAGNE ARDENNE TGV,NANTES,1,0.5562865497076024
CHAMPAGNE ARDENNE TGV,NANTES,2,0.5537900874635568
CHAMPAGNE ARDENNE TGV,NANTES,3,0.5558309037900875
CHAMPAGNE ARDENNE TGV,NANTES,4,0.3848396501457726
CHAMPAGNE ARDENNE TGV,NANTES,5,0.39005847953216377
CHAMPAGNE ARDENNE TGV,NANTES,6,0.4
CHAMPAGNE ARDENNE TGV,NANTES,7,0.3885964912280702
CHAMPAGNE ARDENNE TGV,NANTES,8,0.39005847953216377
CHAMPAGNE ARDENNE TGV,NANTES,9,0.3678362573099415
CHAMPAGNE ARDENNE TGV,NANTES,10,0.370906432748538
CHAMPAGNE ARDENNE TGV,NANTES,11,0.3694444444444444
CHAMPAGNE ARDENNE TGV,NANTES,12,0.07390029325513196
CHAMPAGNE ARDENNE TGV,NANTES,13,0.06803519061583578
CHAMPAGNE ARDENNE TGV,NANTES,14,0.06348973607038123
CHAMPAGNE ARDENNE TGV,NANTES,15,0.058823529411764705
CHAMPAGNE ARDENNE TGV,NANTES,16,0.05470588235294118
CHAMPAGNE ARDENNE TGV,NANTES,17,0.05545722713864307
CHAMPAGNE ARDENNE TGV,NANTES,18,0.05414201183431953
CHAMPAGNE ARDENNE TGV,NANTES,19,0.05623145400593472
CHAMPAGNE ARDENNE TGV,NANTES,20,0.05758928571428572
CHAMPAGNE ARDENNE TGV,NANTES,21,0.060000000000000005
CHAMPAGNE ARDENNE TGV,NANTES,22,0.0625748502994012
CHAMPAGNE ARDENNE TGV,NANTES,23,0.06059701492537314
CHAMPAGNE ARDENNE TGV,NANTES,24,0.06197604790419162
CHAMPAGNE ARDENNE TGV,NANTES,25,0.060179640718562875
CHAMPAGNE ARDENNE TGV,NANTES,26,0.060660660660660656
CHAMPAGNE ARDENNE TGV,NANTES,27,0.060391566265060245
CHAMPAGNE ARDENNE TGV,NANTES,28,0.06072507552870091
CHAMPAGNE ARDENNE TGV,NANTES,29,0.06090909090909091
CHAMPAGNE ARDENNE TGV,NANTES,30,0.011094224924012158
CHAMPAGNE ARDENNE TGV,NIORT,0,0.4294117647058823
CHAMPAGNE ARDENNE TGV,NIORT,1,0.3764705882352941
CHAMPAGNE ARDENNE TGV,NIORT,2,0.365625
CHAMPAGNE ARDENNE TGV,NIORT,3,0.453125
CHAMPAGNE ARDENNE TGV,NIORT,4,0.17941176470588235
CHAMPAGNE ARDENNE TGV,NIORT,5,0.20588235294117646
CHAMPAGNE ARDENNE TGV,NIORT,6,0.1411764705882353
CHAMPAGNE ARDENNE TGV,NIORT,7,0.13529411764705881
CHAMPAGNE ARDENNE TGV,NIORT,8,0.1823529411764706
CHAMPAGNE ARDENNE TGV,NIORT,9,0.22647058823529412
CHAMPAGNE ARDENNE TGV,NIORT,10,0.20882352941176469
CHAMPAGNE ARDENNE TGV,NIORT,11,0.18823529411764706
CHAMPAGNE ARDENNE TGV,NIORT,12,0.0
CHAMPAGNE ARDENNE TGV,NIORT,13,0.0
CHAMPAGNE ARDENNE TGV,NIORT,14,0.0
CHAMPAGNE ARDENNE TGV,NIORT,15,0.0
CHAMPAGNE ARDENNE TGV,NIORT,16,0.0
CHAMPAGNE ARDENNE TGV,NIORT,17,0.0
CHAMPAGNE ARDENNE TGV,NIORT,18,0.0
CHAMPAGNE ARDENNE TGV,NIORT,19,0.0
CHAMPAGNE ARDENNE TGV,NIORT,20,0.0
CHAMPAGNE ARDENNE TGV,NIORT,21,0.0
CHAMPAGNE ARDENNE TGV,NIORT,22,0.0
CHAMPAGNE ARDENNE TGV,NIORT,23,0.0
CHAMPAGNE ARDENNE TGV,NIORT,24,0.0
CHAMPAGNE ARDENNE TGV,NIORT,25,0.0
CHAMPAGNE ARDENNE TGV,NIORT,26,0.0
CHAMPAGNE ARDENNE TGV,NIORT,27,0.0
CHAMPAGNE ARDENNE TGV,NIORT,28,0.0
CHAMPAGNE ARDENNE TGV,NIORT,29,0.0
CHAMPAGNE ARDENNE TGV,NIORT,30,0.0
CHAMPAGNE ARDENNE TGV,POITIERS,0,0.18116197183098592
CHAMPAGNE ARDENNE TGV,POITIERS,1,0.1936619718309859
CHAMPAGNE ARDENNE TGV,POITIERS,2,0.18003533568904595
CHAMPAGNE ARDENNE TGV,POITIERS,3,0.17120141342756184
CHAMPAGNE ARDENNE TGV,POITIERS,4,0.06631205673758865
CHAMPAGNE ARDENNE TGV,POITIERS,5,0.05693950177935943
CHAMPAGNE ARDENNE TGV,POITIERS,6,0.058185053380782926
CHAMPAGNE ARDENNE TGV,POITIERS,7,0.053736654804270464
CHAMPAGNE ARDENNE TGV,POITIERS,8,0.04697508896797153
CHAMPAGNE ARDENNE TGV,POITIERS,9,0.060178571428571435
CHAMPAGNE ARDENNE TGV,POITIERS,10,0.06756272401433691
CHAMPAGNE ARDENNE TGV,POITIERS,11,0.07482142857142857
CHAMPAGNE ARDENNE TGV,POITIERS,12,0.01827956989247312
CHAMPAGNE ARDENNE TGV,POITIERS,13,0.01863799283154122
CHAMPAGNE ARDENNE TGV,POITIERS,14,0.018705035971223024
CHAMPAGNE ARDENNE TGV,POITIERS,15,0.020863309352517984
CHAMPAGNE ARDENNE TGV,POITIERS,16,0.01942446043165468
CHAMPAGNE ARDENNE TGV,POITIERS,17,0.01756272401433692
CHAMPAGNE ARDENNE TGV,POITIERS,18,0.01600719424460432
CHAMPAGNE ARDENNE TGV,POITIERS,19,0.019675090252707583
CHAMPAGNE ARDENNE TGV,POITIERS,20,0.025
CHAMPAGNE ARDENNE TGV,POITIERS,21,0.024820143884892086
CHAMPAGNE ARDENNE TGV,POITIERS,22,0.024731182795698924
CHAMPAGNE ARDENNE TGV,POITIERS,23,0.022222222222222223
CHAMPAGNE ARDENNE TGV,POITIERS,24,0.02158273381294964
CHAMPAGNE ARDENNE TGV,POITIERS,25,0.020323741007194245
CHAMPAGNE ARDENNE TGV,POITIERS,26,0.022021660649819492
CHAMPAGNE ARDENNE TGV,POITIERS,27,0.024456521739130436
CHAMPAGNE ARDENNE TGV,POITIERS,28,0.022363636363636363
CHAMPAGNE ARDENNE TGV,POITIERS,29,0.01818181818181818
CHAMPAGNE ARDENNE TGV,POITIERS,30,0.0040145985401459855
CHAMPAGNE ARDENNE TGV,QUIMPER,0,0.2575
CHAMPAGNE ARDENNE TGV,QUIMPER,1,0.21052631578947367
CHAMPAGNE ARDENNE TGV,QUIMPER,2,0.2157894736842105
CHAMPAGNE ARDENNE TGV,QUIMPER,3,0.2575
CHAMPAGNE ARDENNE TGV,QUIMPER,4,0.2
CHAMPAGNE ARDENNE TGV,QUIMPER,5,0.2125
CHAMPAGNE ARDENNE TGV,QUIMPER,6,0.2375
CHAMPAGNE ARDENNE TGV,QUIMPER,7,0.16499999999999998
CHAMPAGNE ARDENNE TGV,QUIMPER,8,0.1875
CHAMPAGNE ARDENNE TGV,QUIMPER,9,0.1675
CHAMPAGNE ARDENNE TGV,QUIMPER,10,0.16499999999999998
CHAMPAGNE ARDENNE TGV,QUIMPER,11,0.20249999999999999
CHAMPAGNE ARDENNE TGV,QUIMPER,12,0.0125
CHAMPAGNE ARDENNE TGV,QUIMPER,13,0.0125
CHAMPAGNE ARDENNE TGV,QUIMPER,14,0.05
CHAMPAGNE ARDENNE TGV,QUIMPER,15,0.065
CHAMPAGNE ARDENNE TGV,QUIMPER,16,0.0625
CHAMPAGNE ARDENNE TGV,QUIMPER,17,0.052500000000000005
CHAMPAGNE ARDENNE TGV,QUIMPER,18,0.05
CHAMPAGNE ARDENNE TGV,QUIMPER,19,0.052500000000000005
CHAMPAGNE ARDENNE TGV,QUIMPER,20,0.05
CHAMPAGNE ARDENNE TGV,QUIMPER,21,0.057499999999999996
CHAMPAGNE ARDENNE TGV,QUIMPER,22,0.1325
CHAMPAGNE ARDENNE TGV,QUIMPER,23,0.13
CHAMPAGNE ARDENNE TGV,QUIMPER,24,0.145
CHAMPAGNE ARDENNE TGV,QUIMPER,25,0.155
CHAMPAGNE ARDENNE TGV,QUIMPER,26,0.0725
CHAMPAGNE ARDENNE TGV,QUIMPER,27,0.0875
CHAMPAGNE ARDENNE TGV,QUIMPER,28,0.095
CHAMPAGNE ARDENNE TGV,QUIMPER,29,0.09
CHAMPAGNE ARDENNE TGV,QUIMPER,30,0.02
CHAMPAGNE ARDENNE TGV,RENNES,0,0.16122448979591836
CHAMPAGNE ARDENNE TGV,RENNES,1,0.16389830508474576
CHAMPAGNE ARDENNE TGV,RENNES,2,0.17288135593220338
CHAMPAGNE ARDENNE TGV,RENNES,3,0.17033898305084746
CHAMPAGNE ARDENNE TGV,RENNES,4,0.058108108108108104
CHAMPAGNE ARDENNE TGV,RENNES,5,0.07551020408163266
CHAMPAGNE ARDENNE TGV,RENNES,6,0.07244897959183674
CHAMPAGNE ARDENNE TGV,RENNES,7,0.07354948805460751
CHAMPAGNE ARDENNE TGV,RENNES,8,0.06558219178082192
CHAMPAGNE ARDENNE TGV,RENNES,9,0.06078767123287671
CHAMPAGNE ARDENNE TGV,RENNES,10,0.06890034364261169
CHAMPAGNE ARDENNE TGV,RENNES,11,0.08155172413793103
CHAMPAGNE ARDENNE TGV,RENNES,12,0.026724137931034484
CHAMPAGNE ARDENNE TGV,RENNES,13,0.027758620689655174
CHAMPAGNE ARDENNE TGV,RENNES,14,0.030622837370242212
CHAMPAGNE ARDENNE TGV,RENNES,15,0.028965517241379312
CHAMPAGNE ARDENNE TGV,RENNES,16,0.028546712802768166
CHAMPAGNE ARDENNE TGV,RENNES,17,0.028645833333333332
CHAMPAGNE ARDENNE TGV,RENNES,18,0.0301038062283737
CHAMPAGNE ARDENNE TGV,RENNES,19,0.03170731707317073
CHAMPAGNE ARDENNE TGV,RENNES,20,0.03513986013986014
CHAMPAGNE ARDENNE TGV,RENNES,21,0.035964912280701755
CHAMPAGNE ARDENNE TGV,RENNES,22,0.04035087719298246
CHAMPAGNE ARDENNE TGV,RENNES,23,0.03666666666666667
CHAMPAGNE ARDENNE TGV,RENNES,24,0.04102112676056338
CHAMPAGNE ARDENNE TGV,RENNES,25,0.04010600706713781
CHAMPAGNE ARDENNE TGV,RENNES,26,0.03581560283687943
CHAMPAGNE ARDENNE TGV,RENNES,27,0.036170212765957444
CHAMPAGNE ARDENNE TGV,RENNES,28,0.03634751773049645
CHAMPAGNE ARDENNE TGV,RENNES,29,0.036702127659574466
CHAMPAGNE ARDENNE TGV,RENNES,30,0.00842293906810036
CHAMPAGNE ARDENNE TGV,ST PIERRE DES CORPS,0,0.4
CHAMPAGNE ARDENNE TGV,ST PIERRE DES CORPS,1,0.4056574923547401
CHAMPAGNE ARDENNE TGV,ST PIERRE DES CORPS,2,0.39938650306748463
CHAMPAGNE ARDENNE TGV,ST PIERRE DES CORPS,3,0.4003067484662577
CHAMPAGNE ARDENNE TGV,ST PIERRE DES CORPS,4,0.21809815950920244
CHAMPAGNE ARDENNE TGV,ST PIERRE DES CORPS,5,0.22215384615384617
CHAMPAGNE ARDENNE TGV,ST PIERRE DES CORPS,6,0.21461538461538462
CHAMPAGNE ARDENNE TGV,ST PIERRE DES CORPS,7,0.20815384615384616
CHAMPAGNE ARDENNE TGV,ST PIERRE DES CORPS,8,0.20138461538461538
CHAMPAGNE ARDENNE TGV,ST PIERRE DES CORPS,9,0.21188271604938275
CHAMPAGNE ARDENNE TGV,ST PIERRE DES CORPS,10,0.22592592592592595
CHAMPAGNE ARDENNE TGV,ST PIERRE DES CORPS,11,0.23215384615384616
CHAMPAGNE ARDENNE TGV,ST PIERRE DES CORPS,12,0.022685185185185187
CHAMPAGNE ARDENNE TGV,ST PIERRE DES CORPS,13,0.019598765432098764
CHAMPAGNE ARDENNE TGV,ST PIERRE DES CORPS,14,0.019814241486068113
CHAMPAGNE ARDENNE TGV,ST PIERRE DES CORPS,15,0.021052631578947368
CHAMPAGNE ARDENNE TGV,ST PIERRE DES CORPS,16,0.016304347826086956
CHAMPAGNE ARDENNE TGV,ST PIERRE DES CORPS,17,0.01573208722741433
CHAMPAGNE ARDENNE TGV,ST PIERRE DES CORPS,18,0.014641744548286605
CHAMPAGNE ARDENNE TGV,ST PIERRE DES CORPS,19,0.018125
CHAMPAGNE ARDENNE TGV,ST PIERRE DES CORPS,20,0.021562500000000002
CHAMPAGNE ARDENNE TGV,ST PIERRE DES CORPS,21,0.0215625
CHAMPAGNE ARDENNE TGV,ST PIERRE DES CORPS,22,0.02133956386292835
CHAMPAGNE ARDENNE TGV,ST PIERRE DES CORPS,23,0.019314641744548288
CHAMPAGNE ARDENNE TGV,ST PIERRE DES CORPS,24,0.018437500000000002
CHAMPAGNE ARDENNE TGV,ST PIERRE DES CORPS,25,0.017084639498432603
CHAMPAGNE ARDENNE TGV,ST PIERRE DES CORPS,26,0.019339622641509437
CHAMPAGNE ARDENNE TGV,ST PIERRE DES CORPS,27,0.02145110410094637
CHAMPAGNE ARDENNE TGV,ST PIERRE DES CORPS,28,0.02199367088607595
CHAMPAGNE ARDENNE TGV,ST PIERRE DES CORPS,29,0.021202531645569622
CHAMPAGNE ARDENNE TGV,ST PIERRE DES CORPS,30,0.003980891719745223
CHAMPAGNE ARDENNE TGV,VANNES,0,0.27
CHAMPAGNE ARDENNE TGV,VANNES,1,0.23157894736842108
CHAMPAGNE ARDENNE TGV,VANNES,2,0.2131578947368421
CHAMPAGNE ARDENNE TGV,VANNES,3,0.26
CHAMPAGNE ARDENNE TGV,VANNES,4,0.18250000000000002
CHAMPAGNE ARDENNE TGV,VANNES,5,0.20249999999999999
CHAMPAGNE ARDENNE TGV,VANNES,6,0.205
CHAMPAGNE ARDENNE TGV,VANNES,7,0.16499999999999998
CHAMPAGNE ARDENNE TGV,VANNES,8,0.1825
CHAMPAGNE ARDENNE TGV,VANNES,9,0.16
CHAMPAGNE ARDENNE TGV,VANNES,10,0.175
CHAMPAGNE ARDENNE TGV,VANNES,11,0.20750000000000002
CHAMPAGNE ARDENNE TGV,VANNES,12,0.015
CHAMPAGNE ARDENNE TGV,VANNES,13,0.015000000000000003
CHAMPAGNE ARDENNE TGV,VANNES,14,0.0475
CHAMPAGNE ARDENNE TGV,VANNES,15,0.0625
CHAMPAGNE ARDENNE TGV,VANNES,16,0.065
CHAMPAGNE ARDENNE TGV,VANNES,17,0.05500000000000001
CHAMPAGNE ARDENNE TGV,VANNES,18,0.05
CHAMPAGNE ARDENNE TGV,VANNES,19,0.05500000000000001
CHAMPAGNE ARDENNE TGV,VANNES,20,0.05500000000000001
CHAMPAGNE ARDENNE TGV,VANNES,21,0.0625
CHAMPAGNE ARDENNE TGV,VANNES,22,0.12
CHAMPAGNE ARDENNE TGV,VANNES,23,0.1075
CHAMPAGNE ARDENNE TGV,VANNES,24,0.13499999999999998
CHAMPAGNE ARDENNE TGV,VANNES,25,0.14250000000000002
CHAMPAGNE ARDENNE TGV,VANNES,26,0.06999999999999999
CHAMPAGNE ARDENNE TGV,VANNES,27,0.095
CHAMPAGNE ARDENNE TGV,VANNES,28,0.08499999999999999
CHAMPAGNE ARDENNE TGV,VANNES,29,0.09
CHAMPAGNE ARDENNE TGV,VANNES,30,0.0375
LAVAL,AURAY,0,0.8285714285714285
LAVAL,AURAY,1,0.7916666666666666
LAVAL,AURAY,2,0.7142857142857143
LAVAL,AURAY,3,0.6928571428571428
LAVAL,AURAY,4,0.45
LAVAL,AURAY,5,0.39999999999999997
LAVAL,AURAY,6,0.39999999999999997
LAVAL,AURAY,7,0.3071428571428571
LAVAL,AURAY,8,0.41428571428571426
LAVAL,AURAY,9,0.31428571428571433
LAVAL,AURAY,10,0.17857142857142858
LAVAL,AURAY,11,0.2785714285714286
LAVAL,AURAY,12,0.014285714285714287
LAVAL,AURAY,13,0.021428571428571432
LAVAL,AURAY,14,0.1285714285714286
LAVAL,AURAY,15,0.14285714285714285
LAVAL,AURAY,16,0.15
LAVAL,AURAY,17,0.1285714285714286
LAVAL,AURAY,18,0.13571428571428573
LAVAL,AURAY,19,0.1357142857142857
LAVAL,AURAY,20,0.14285714285714285
LAVAL,AURAY,21,0.14285714285714285
LAVAL,AURAY,22,0.32857142857142857
LAVAL,AURAY,23,0.3
LAVAL,AURAY,24,0.37857142857142856
LAVAL,AURAY,25,0.41428571428571426
LAVAL,AURAY,26,0.19999999999999998
LAVAL,AURAY,27,0.2928571428571428
LAVAL,AURAY,28,0.2857142857142857
LAVAL,AURAY,29,0.2571428571428571
LAVAL,AURAY,30,0.08571428571428572
LAVAL,LORIENT,0,0.8428571428571429
LAVAL,LORIENT,1,0.8083333333333332
LAVAL,LORIENT,2,0.7285714285714285
LAVAL,LORIENT,3,0.7285714285714285
LAVAL,LORIENT,4,0.4428571428571429
LAVAL,LORIENT,5,0.42857142857142855
LAVAL,LORIENT,6,0.39285714285714285
LAVAL,LORIENT,7,0.3071428571428572
LAVAL,LORIENT,8,0.37142857142857144
LAVAL,LORIENT,9,0.3
LAVAL,LORIENT,10,0.19285714285714287
LAVAL,LORIENT,11,0.2642857142857143
LAVAL,LORIENT,12,0.021428571428571432
LAVAL,LORIENT,13,0.021428571428571432
LAVAL,LORIENT,14,0.14285714285714285
LAVAL,LORIENT,15,0.1357142857142857
LAVAL,LORIENT,16,0.14285714285714285
LAVAL,LORIENT,17,0.15
LAVAL,LORIENT,18,0.15714285714285717
LAVAL,LORIENT,19,0.14285714285714285
LAVAL,LORIENT,20,0.14285714285714285
LAVAL,LORIENT,21,0.16428571428571428
LAVAL,LORIENT,22,0.36428571428571427
LAVAL,LORIENT,23,0.35000000000000003
LAVAL,LORIENT,24,0.41428571428571426
LAVAL,LORIENT,25,0.40714285714285714
LAVAL,LORIENT,26,0.19999999999999998
LAVAL,LORIENT,27,0.2714285714285714
LAVAL,LORIENT,28,0.2642857142857143
LAVAL,LORIENT,29,0.24285714285714288
LAVAL,LORIENT,30,0.05714285714285715
LAVAL,QUIMPER,0,0.807142857142857
LAVAL,QUIMPER,1,0.7916666666666666
LAVAL,QUIMPER,2,0.6928571428571428
LAVAL,QUIMPER,3,0.6714285714285715
LAVAL,QUIMPER,4,0.43571428571428567
LAVAL,QUIMPER,5,0.41428571428571426
LAVAL,QUIMPER,6,0.39999999999999997
LAVAL,QUIMPER,7,0.3
LAVAL,QUIMPER,8,0.37142857142857144
LAVAL,QUIMPER,9,0.33571428571428574
LAVAL,QUIMPER,10,0.19285714285714287
LAVAL,QUIMPER,11,0.27142857142857146
LAVAL,QUIMPER,12,0.0071428571428571435
LAVAL,QUIMPER,13,0.0071428571428571435
LAVAL,QUIMPER,14,0.11428571428571428
LAVAL,QUIMPER,15,0.15
LAVAL,QUIMPER,16,0.16428571428571428
LAVAL,QUIMPER,17,0.1142857142857143
LAVAL,QUIMPER,18,0.1285714285714286
LAVAL,QUIMPER,19,0.1357142857142857
LAVAL,QUIMPER,20,0.15
LAVAL,QUIMPER,21,0.15714285714285717
LAVAL,QUIMPER,22,0.31428571428571433
LAVAL,QUIMPER,23,0.32857142857142857
LAVAL,QUIMPER,24,0.37857142857142856
LAVAL,QUIMPER,25,0.43571428571428567
LAVAL,QUIMPER,26,0.22142857142857145
LAVAL,QUIMPER,27,0.2571428571428571
LAVAL,QUIMPER,28,0.2785714285714286
LAVAL,QUIMPER,29,0.2571428571428572
LAVAL,QUIMPER,30,0.08571428571428573
LAVAL,RENNES,0,0.896875
LAVAL,RENNES,1,0.8566666666666667
LAVAL,RENNES,2,0.8625
LAVAL,RENNES,3,0.8533333333333333
LAVAL,RENNES,4,0.465625
LAVAL,RENNES,5,0.403125
LAVAL,RENNES,6,0.3625
LAVAL,RENNES,7,0.365625
LAVAL,RENNES,8,0.36875
LAVAL,RENNES,9,0.325
LAVAL,RENNES,10,0.2625
LAVAL,RENNES,11,0.290625
LAVAL,RENNES,12,0.009375000000000001
LAVAL,RENNES,13,0.003125
LAVAL,RENNES,14,0.056249999999999994
LAVAL,RENNES,15,0.08125
LAVAL,RENNES,16,0.07187500000000001
LAVAL,RENNES,17,0.065625
LAVAL,RENNES,18,0.059375
LAVAL,RENNES,19,0.059375
LAVAL,RENNES,20,0.0625
LAVAL,RENNES,21,0.06875
LAVAL,RENNES,22,0.165625
LAVAL,RENNES,23,0.14375
LAVAL,RENNES,24,0.171875
LAVAL,RENNES,25,0.18125
LAVAL,RENNES,26,0.09375
LAVAL,RENNES,27,0.12187500000000001
LAVAL,RENNES,28,0.125
LAVAL,RENNES,29,0.11562499999999999
LAVAL,RENNES,30,0.03125
LAVAL,VANNES,0,0.8357142857142856
LAVAL,VANNES,1,0.7999999999999999
LAVAL,VANNES,2,0.7357142857142858
LAVAL,VANNES,3,0.7142857142857143
LAVAL,VANNES,4,0.4214285714285714
LAVAL,VANNES,5,0.42857142857142855
LAVAL,VANNES,6,0.40714285714285714
LAVAL,VANNES,7,0.35714285714285715
LAVAL,VANNES,8,0.43571428571428567
LAVAL,VANNES,9,0.2857142857142857
LAVAL,VANNES,10,0.17142857142857143
LAVAL,VANNES,11,0.22142857142857145
LAVAL,VANNES,12,0.02857142857142857
LAVAL,VANNES,13,0.02857142857142857
LAVAL,VANNES,14,0.1357142857142857
LAVAL,VANNES,15,0.14285714285714285
LAVAL,VANNES,16,0.1285714285714286
LAVAL,VANNES,17,0.1285714285714286
LAVAL,VANNES,18,0.1357142857142857
LAVAL,VANNES,19,0.1285714285714286
LAVAL,VANNES,20,0.14285714285714285
LAVAL,VANNES,21,0.15
LAVAL,VANNES,22,0.33571428571428574
LAVAL,VANNES,23,0.3071428571428571
LAVAL,VANNES,24,0.39285714285714285
LAVAL,VANNES,25,0.37857142857142856
LAVAL,VANNES,26,0.19285714285714287
LAVAL,VANNES,27,0.2928571428571428
LAVAL,VANNES,28,0.2714285714285714
LAVAL,VANNES,29,0.2642857142857143
LAVAL,VANNES,30,0.07142857142857142
LE MANS,ANGERS SAINT LAUD,0,0.9455592105263158
LE MANS,ANGERS SAINT LAUD,1,0.9439144736842104
LE MANS,ANGERS SAINT LAUD,2,0.9263071895424836
LE MANS,ANGERS SAINT LAUD,3,0.8988562091503268
LE MANS,ANGERS SAINT LAUD,4,0.6691803278688524
LE MANS,ANGERS SAINT LAUD,5,0.6549342105263157
LE MANS,ANGERS SAINT LAUD,6,0.6707236842105263
LE MANS,ANGERS SAINT LAUD,7,0.6388524590163934
LE MANS,ANGERS SAINT LAUD,8,0.6177049180327869
LE MANS,ANGERS SAINT LAUD,9,0.5938110749185668
LE MANS,ANGERS SAINT LAUD,10,0.5672131147540984
LE MANS,ANGERS SAINT LAUD,11,0.5313114754098361
LE MANS,ANGERS SAINT LAUD,12,0.2042763157894737
LE MANS,ANGERS SAINT LAUD,13,0.1924092409240924
LE MANS,ANGERS SAINT LAUD,14,0.1848184818481848
LE MANS,ANGERS SAINT LAUD,15,0.1771523178807947
LE MANS,ANGERS SAINT LAUD,16,0.16990131578947368
LE MANS,ANGERS SAINT LAUD,17,0.17805280528052805
LE MANS,ANGERS SAINT LAUD,18,0.173841059602649
LE MANS,ANGERS SAINT LAUD,19,0.16046511627906976
LE MANS,ANGERS SAINT LAUD,20,0.15183333333333332
LE MANS,ANGERS SAINT LAUD,21,0.14316666666666666
LE MANS,ANGERS SAINT LAUD,22,0.13511705685618727
LE MANS,ANGERS SAINT LAUD,23,0.13222591362126246
LE MANS,ANGERS SAINT LAUD,24,0.13216666666666665
LE MANS,ANGERS SAINT LAUD,25,0.134
LE MANS,ANGERS SAINT LAUD,26,0.12943143812709032
LE MANS,ANGERS SAINT LAUD,27,0.12550335570469798
LE MANS,ANGERS SAINT LAUD,28,0.12474747474747473
LE MANS,ANGERS SAINT LAUD,29,0.11841216216216215
LE MANS,ANGERS SAINT LAUD,30,0.021885521885521887
LE MANS,AURAY,0,0.3875
LE MANS,AURAY,1,0.3394736842105263
LE MANS,AURAY,2,0.27631578947368424
LE MANS,AURAY,3,0.2925
LE MANS,AURAY,4,0.2
LE MANS,AURAY,5,0.1975
LE MANS,AURAY,6,0.215
LE MANS,AURAY,7,0.175
LE MANS,AURAY,8,0.18
LE MANS,AURAY,9,0.16
LE MANS,AURAY,10,0.125
LE MANS,AURAY,11,0.15
LE MANS,AURAY,12,0.0075000000000000015
LE MANS,AURAY,13,0.0025
LE MANS,AURAY,14,0.05
LE MANS,AURAY,15,0.05500000000000001
LE MANS,AURAY,16,0.05750000000000001
LE MANS,AURAY,17,0.0625
LE MANS,AURAY,18,0.057499999999999996
LE MANS,AURAY,19,0.057499999999999996
LE MANS,AURAY,20,0.052500000000000005
LE MANS,AURAY,21,0.05500000000000001
LE MANS,AURAY,22,0.11750000000000001
LE MANS,AURAY,23,0.11000000000000001
LE MANS,AURAY,24,0.135
LE MANS,AURAY,25,0.13
LE MANS,AURAY,26,0.07999999999999999
LE MANS,AURAY,27,0.0925
LE MANS,AURAY,28,0.08
LE MANS,AURAY,29,0.08249999999999999
LE MANS,AURAY,30,0.032499999999999994
LE MANS,LAVAL,0,0.9375
LE MANS,LAVAL,1,0.89
LE MANS,LAVAL,2,0.88125
LE MANS,LAVAL,3,0.8566666666666667
LE MANS,LAVAL,4,0.490625
LE MANS,LAVAL,5,0.409375
LE MANS,LAVAL,6,0.365625
LE MANS,LAVAL,7,0.371875
LE MANS,LAVAL,8,0.375
LE MANS,LAVAL,9,0.315625
LE MANS,LAVAL,10,0.290625
LE MANS,LAVAL,11,0.30625
LE MANS,LAVAL,12,0.018750000000000003
LE MANS,LAVAL,13,0.018750000000000003
LE MANS,LAVAL,14,0.056249999999999994
LE MANS,LAVAL,15,0.059375
LE MANS,LAVAL,16,0.05625
LE MANS,LAVAL,17,0.0625
LE MANS,LAVAL,18,0.0625
LE MANS,LAVAL,19,0.0625
LE MANS,LAVAL,20,0.065625
LE MANS,LAVAL,21,0.075
LE MANS,LAVAL,22,0.165625
LE MANS,LAVAL,23,0.153125
LE MANS,LAVAL,24,0.16875
LE MANS,LAVAL,25,0.184375
LE MANS,LAVAL,26,0.1
LE MANS,LAVAL,27,0.115625
LE MANS,LAVAL,28,0.11875
LE MANS,LAVAL,29,0.115625
LE MANS,LAVAL,30,0.043750000000000004
LE MANS,LORIENT,0,0.4025
LE MANS,LORIENT,1,0.3263157894736842
LE MANS,LORIENT,2,0.28157894736842104
LE MANS,LORIENT,3,0.3175
LE MANS,LORIENT,4,0.205
LE MANS,LORIENT,5,0.1925
LE MANS,LORIENT,6,0.19
LE MANS,LORIENT,7,0.1525
LE MANS,LORIENT,8,0.1825
LE MANS,LORIENT,9,0.13999999999999999
LE MANS,LORIENT,10,0.1
LE MANS,LORIENT,11,0.145
LE MANS,LORIENT,12,0.0075000000000000015
LE MANS,LORIENT,13,0.0075000000000000015
LE MANS,LORIENT,14,0.0475
LE MANS,LORIENT,15,0.057499999999999996
LE MANS,LORIENT,16,0.052500000000000005
LE MANS,LORIENT,17,0.0475
LE MANS,LORIENT,18,0.0475
LE MANS,LORIENT,19,0.05500000000000001
LE MANS,LORIENT,20,0.057499999999999996
LE MANS,LORIENT,21,0.06
LE MANS,LORIENT,22,0.12250000000000001
LE MANS,LORIENT,23,0.11000000000000001
LE MANS,LORIENT,24,0.1325
LE MANS,LORIENT,25,0.1525
LE MANS,LORIENT,26,0.0725
LE MANS,LORIENT,27,0.0775
LE MANS,LORIENT,28,0.08499999999999999
LE MANS,LORIENT,29,0.0875
LE MANS,LORIENT,30,0.025
LE MANS,NANTES,0,0.9430921052631579
LE MANS,NANTES,1,0.9424342105263158
LE MANS,NANTES,2,0.9243464052287582
LE MANS,NANTES,3,0.9001633986928104
LE MANS,NANTES,4,0.669344262295082
LE MANS,NANTES,5,0.6570723684210527
LE MANS,NANTES,6,0.6684210526315789
LE MANS,NANTES,7,0.6403278688524591
LE MANS,NANTES,8,0.6263934426229508
LE MANS,NANTES,9,0.5936482084690554
LE MANS,NANTES,10,0.5647540983606557
LE MANS,NANTES,11,0.5349180327868852
LE MANS,NANTES,12,0.2037828947368421
LE MANS,NANTES,13,0.1924092409240924
LE MANS,NANTES,14,0.18597359735973598
LE MANS,NANTES,15,0.17698675496688743
LE MANS,NANTES,16,0.16842105263157894
LE MANS,NANTES,17,0.17755775577557756
LE MANS,NANTES,18,0.17433774834437085
LE MANS,NANTES,19,0.16146179401993355
LE MANS,NANTES,20,0.15
LE MANS,NANTES,21,0.14166666666666666
LE MANS,NANTES,22,0.13428093645484948
LE MANS,NANTES,23,0.13322259136212625
LE MANS,NANTES,24,0.13033333333333333
LE MANS,NANTES,25,0.13366666666666668
LE MANS,NANTES,26,0.12959866220735786
LE MANS,NANTES,27,0.12281879194630874
LE MANS,NANTES,28,0.1260942760942761
LE MANS,NANTES,29,0.11942567567567568
LE MANS,NANTES,30,0.024915824915824916
LE MANS,QUIMPER,0,0.395
LE MANS,QUIMPER,1,0.31842105263157894
LE MANS,QUIMPER,2,0.2605263157894737
LE MANS,QUIMPER,3,0.2975
LE MANS,QUIMPER,4,0.195
LE MANS,QUIMPER,5,0.1925
LE MANS,QUIMPER,6,0.19249999999999998
LE MANS,QUIMPER,7,0.16
LE MANS,QUIMPER,8,0.175
LE MANS,QUIMPER,9,0.16
LE MANS,QUIMPER,10,0.12
LE MANS,QUIMPER,11,0.14750000000000002
LE MANS,QUIMPER,12,0.005
LE MANS,QUIMPER,13,0.0025
LE MANS,QUIMPER,14,0.042499999999999996
LE MANS,QUIMPER,15,0.05
LE MANS,QUIMPER,16,0.052500000000000005
LE MANS,QUIMPER,17,0.06
LE MANS,QUIMPER,18,0.05249999999999999
LE MANS,QUIMPER,19,0.05500000000000001
LE MANS,QUIMPER,20,0.057499999999999996
LE MANS,QUIMPER,21,0.0625
LE MANS,QUIMPER,22,0.13
LE MANS,QUIMPER,23,0.11499999999999999
LE MANS,QUIMPER,24,0.1375
LE MANS,QUIMPER,25,0.1375
LE MANS,QUIMPER,26,0.075
LE MANS,QUIMPER,27,0.08499999999999999
LE MANS,QUIMPER,28,0.1025
LE MANS,QUIMPER,29,0.09
LE MANS,QUIMPER,30,0.0375
LE MANS,RENNES,0,0.8426621160409556
LE MANS,RENNES,1,0.8153061224489796
LE MANS,RENNES,2,0.7920068027210884
LE MANS,RENNES,3,0.754421768707483
LE MANS,RENNES,4,0.5171186440677966
LE MANS,RENNES,5,0.5093856655290102
LE MANS,RENNES,6,0.5081911262798635
LE MANS,RENNES,7,0.472945205479452
LE MANS,RENNES,8,0.4388316151202749
LE MANS,RENNES,9,0.4144329896907216
LE MANS,RENNES,10,0.3787931034482758
LE MANS,RENNES,11,0.370242214532872
LE MANS,RENNES,12,0.1572664359861592
LE MANS,RENNES,13,0.15519031141868514
LE MANS,RENNES,14,0.15416666666666667
LE MANS,RENNES,15,0.15588235294117647
LE MANS,RENNES,16,0.1455017301038062
LE MANS,RENNES,17,0.1418118466898955
LE MANS,RENNES,18,0.14618055555555556
LE MANS,RENNES,19,0.14493006993006993
LE MANS,RENNES,20,0.14298245614035088
LE MANS,RENNES,21,0.1431338028169014
LE MANS,RENNES,22,0.1459507042253521
LE MANS,RENNES,23,0.14700704225352113
LE MANS,RENNES,24,0.1531802120141343
LE MANS,RENNES,25,0.15088652482269502
LE MANS,RENNES,26,0.13985765124555158
LE MANS,RENNES,27,0.13416370106761566
LE MANS,RENNES,28,0.13701067615658363
LE MANS,RENNES,29,0.1284697508896797
LE MANS,RENNES,30,0.0341726618705036
LE MANS,VANNES,0,0.3775
LE MANS,VANNES,1,0.33157894736842103
LE MANS,VANNES,2,0.2736842105263158
LE MANS,VANNES,3,0.29
LE MANS,VANNES,4,0.2125
LE MANS,VANNES,5,0.19
LE MANS,VANNES,6,0.1825
LE MANS,VANNES,7,0.1625
LE MANS,VANNES,8,0.1975
LE MANS,VANNES,9,0.16499999999999998
LE MANS,VANNES,10,0.10500000000000001
LE MANS,VANNES,11,0.13499999999999998
LE MANS,VANNES,12,0.0025
LE MANS,VANNES,13,0.0
LE MANS,VANNES,14,0.052500000000000005
LE MANS,VANNES,15,0.045
LE MANS,VANNES,16,0.06
LE MANS,VANNES,17,0.05750000000000001
LE MANS,VANNES,18,0.06
LE MANS,VANNES,19,0.05
LE MANS,VANNES,20,0.05
LE MANS,VANNES,21,0.052500000000000005
LE MANS,VANNES,22,0.12
LE MANS,VANNES,23,0.1125
LE MANS,VANNES,24,0.13499999999999998
LE MANS,VANNES,25,0.13999999999999999
LE MANS,VANNES,26,0.07
LE MANS,VANNES,27,0.0725
LE MANS,VANNES,28,0.1025
LE MANS,VANNES,29,0.095
LE MANS,VANNES,30,0.03
LORIENT,QUIMPER,0,0.3775
LORIENT,QUIMPER,1,0.3078947368421052
LORIENT,QUIMPER,2,0.2657894736842105
LORIENT,QUIMPER,3,0.29
LORIENT,QUIMPER,4,0.21000000000000002
LORIENT,QUIMPER,5,0.205
LORIENT,QUIMPER,6,0.2
LORIENT,QUIMPER,7,0.16
LORIENT,QUIMPER,8,0.1775
LORIENT,QUIMPER,9,0.14250000000000002
LORIENT,QUIMPER,10,0.11750000000000001
LORIENT,QUIMPER,11,0.12999999999999998
LORIENT,QUIMPER,12,0.009999999999999998
LORIENT,QUIMPER,13,0.005
LORIENT,QUIMPER,14,0.06
LORIENT,QUIMPER,15,0.065
LORIENT,QUIMPER,16,0.057499999999999996
LORIENT,QUIMPER,17,0.04
LORIENT,QUIMPER,18,0.052500000000000005
LORIENT,QUIMPER,19,0.0475
LORIENT,QUIMPER,20,0.05
LORIENT,QUIMPER,21,0.052500000000000005
LORIENT,QUIMPER,22,0.12
LORIENT,QUIMPER,23,0.1075
LORIENT,QUIMPER,24,0.1325
LORIENT,QUIMPER,25,0.14750000000000002
LORIENT,QUIMPER,26,0.075
LORIENT,QUIMPER,27,0.0925
LORIENT,QUIMPER,28,0.10500000000000001
LORIENT,QUIMPER,29,0.095
LORIENT,QUIMPER,30,0.03
LORRAINE TGV,AEROPORT ROISSY CDG 2 TGV,0,0.5653409090909091
LORRAINE TGV,AEROPORT ROISSY CDG 2 TGV,1,0.6058238636363636
LORRAINE TGV,AEROPORT ROISSY CDG 2 TGV,2,0.595028409090909
LORRAINE TGV,AEROPORT ROISSY CDG 2 TGV,3,0.6117897727272728
LORRAINE TGV,AEROPORT ROISSY CDG 2 TGV,4,0.41292613636363634
LORRAINE TGV,AEROPORT ROISSY CDG 2 TGV,5,0.4162393162393162
LORRAINE TGV,AEROPORT ROISSY CDG 2 TGV,6,0.42179487179487185
LORRAINE TGV,AEROPORT ROISSY CDG 2 TGV,7,0.43119658119658116
LORRAINE TGV,AEROPORT ROISSY CDG 2 TGV,8,0.41951566951566954
LORRAINE TGV,AEROPORT ROISSY CDG 2 TGV,9,0.41054131054131054
LORRAINE TGV,AEROPORT ROISSY CDG 2 TGV,10,0.4324786324786325
LORRAINE TGV,AEROPORT ROISSY CDG 2 TGV,11,0.4317663817663818
LORRAINE TGV,AEROPORT ROISSY CDG 2 TGV,12,0.11780626780626781
LORRAINE TGV,AEROPORT ROISSY CDG 2 TGV,13,0.11267806267806267
LORRAINE TGV,AEROPORT ROISSY CDG 2 TGV,14,0.10883190883190884
LORRAINE TGV,AEROPORT ROISSY CDG 2 TGV,15,0.10527065527065528
LORRAINE TGV,AEROPORT ROISSY CDG 2 TGV,16,0.10512820512820513
LORRAINE TGV,AEROPORT ROISSY CDG 2 TGV,17,0.10700000000000001
LORRAINE TGV,AEROPORT ROISSY CDG 2 TGV,18,0.09785100286532951
LORRAINE TGV,AEROPORT ROISSY CDG 2 TGV,19,0.10042979942693409
LORRAINE TGV,AEROPORT ROISSY CDG 2 TGV,20,0.10845272206303726
LORRAINE TGV,AEROPORT ROISSY CDG 2 TGV,21,0.1173352435530086
LORRAINE TGV,AEROPORT ROISSY CDG 2 TGV,22,0.11575931232091691
LORRAINE TGV,AEROPORT ROISSY CDG 2 TGV,23,0.11085714285714285
LORRAINE TGV,AEROPORT ROISSY CDG 2 TGV,24,0.11446991404011463
LORRAINE TGV,AEROPORT ROISSY CDG 2 TGV,25,0.11633237822349571
LORRAINE TGV,AEROPORT ROISSY CDG 2 TGV,26,0.11551724137931035
LORRAINE TGV,AEROPORT ROISSY CDG 2 TGV,27,0.1170028818443804
LORRAINE TGV,AEROPORT ROISSY CDG 2 TGV,28,0.11112716763005781
LORRAINE TGV,AEROPORT ROISSY CDG 2 TGV,29,0.11043478260869566
LORRAINE TGV,AEROPORT ROISSY CDG 2 TGV,30,0.022157434402332362
LORRAINE TGV,ANGERS SAINT LAUD,0,0.5340643274853801
LORRAINE TGV,ANGERS SAINT LAUD,1,0.5527777777777778
LORRAINE TGV,ANGERS SAINT LAUD,2,0.5486880466472303
LORRAINE TGV,ANGERS SAINT LAUD,3,0.5489795918367347
LORRAINE TGV,ANGERS SAINT LAUD,4,0.39110787172011663
LORRAINE TGV,ANGERS SAINT LAUD,5,0.3926900584795322
LORRAINE TGV,ANGERS SAINT LAUD,6,0.40058479532163743
LORRAINE TGV,ANGERS SAINT LAUD,7,0.3891812865497076
LORRAINE TGV,ANGERS SAINT LAUD,8,0.38479532163742686
LORRAINE TGV,ANGERS SAINT LAUD,9,0.36374269005847953
LORRAINE TGV,ANGERS SAINT LAUD,10,0.3710526315789474
LORRAINE TGV,ANGERS SAINT LAUD,11,0.37046783625730995
LORRAINE TGV,ANGERS SAINT LAUD,12,0.07404692082111437
LORRAINE TGV,ANGERS SAINT LAUD,13,0.06774193548387097
LORRAINE TGV,ANGERS SAINT LAUD,14,0.06334310850439884
LORRAINE TGV,ANGERS SAINT LAUD,15,0.05794117647058823
LORRAINE TGV,ANGERS SAINT LAUD,16,0.053970588235294124
LORRAINE TGV,ANGERS SAINT LAUD,17,0.05634218289085546
LORRAINE TGV,ANGERS SAINT LAUD,18,0.05428994082840237
LORRAINE TGV,ANGERS SAINT LAUD,19,0.05637982195845697
LORRAINE TGV,ANGERS SAINT LAUD,20,0.057291666666666664
LORRAINE TGV,ANGERS SAINT LAUD,21,0.05985074626865672
LORRAINE TGV,ANGERS SAINT LAUD,22,0.06197604790419162
LORRAINE TGV,ANGERS SAINT LAUD,23,0.06074626865671642
LORRAINE TGV,ANGERS SAINT LAUD,24,0.0625748502994012
LORRAINE TGV,ANGERS SAINT LAUD,25,0.06062874251497006
LORRAINE TGV,ANGERS SAINT LAUD,26,0.06156156156156156
LORRAINE TGV,ANGERS SAINT LAUD,27,0.06129518072289157
LORRAINE TGV,ANGERS SAINT LAUD,28,0.06072507552870091
LORRAINE TGV,ANGERS SAINT LAUD,29,0.06090909090909091
LORRAINE TGV,ANGERS SAINT LAUD,30,0.01094224924012158
LORRAINE TGV,ANGOULEME,0,0.17614840989399294
LORRAINE TGV,ANGOULEME,1,0.18568904593639576
LORRAINE TGV,ANGOULEME,2,0.17872340425531916
LORRAINE TGV,ANGOULEME,3,0.17304964539007092
LORRAINE TGV,ANGOULEME,4,0.06423487544483986
LORRAINE TGV,ANGOULEME,5,0.05589285714285715
LORRAINE TGV,ANGOULEME,6,0.05696428571428571
LORRAINE TGV,ANGOULEME,7,0.05142857142857143
LORRAINE TGV,ANGOULEME,8,0.04535714285714286
LORRAINE TGV,ANGOULEME,9,0.05770609318996416
LORRAINE TGV,ANGOULEME,10,0.06600719424460433
LORRAINE TGV,ANGOULEME,11,0.07186379928315413
LORRAINE TGV,ANGOULEME,12,0.01852517985611511
LORRAINE TGV,ANGOULEME,13,0.018345323741007193
LORRAINE TGV,ANGOULEME,14,0.01949458483754513
LORRAINE TGV,ANGOULEME,15,0.019855595667870037
LORRAINE TGV,ANGOULEME,16,0.01895306859205776
LORRAINE TGV,ANGOULEME,17,0.017985611510791366
LORRAINE TGV,ANGOULEME,18,0.01660649819494585
LORRAINE TGV,ANGOULEME,19,0.019746376811594205
LORRAINE TGV,ANGOULEME,20,0.024729241877256315
LORRAINE TGV,ANGOULEME,21,0.02527075812274368
LORRAINE TGV,ANGOULEME,22,0.025359712230215825
LORRAINE TGV,ANGOULEME,23,0.021942446043165465
LORRAINE TGV,ANGOULEME,24,0.02148014440433213
LORRAINE TGV,ANGOULEME,25,0.01895306859205776
LORRAINE TGV,ANGOULEME,26,0.021920289855072463
LORRAINE TGV,ANGOULEME,27,0.02490909090909091
LORRAINE TGV,ANGOULEME,28,0.022627737226277374
LORRAINE TGV,ANGOULEME,29,0.016970802919708032
LORRAINE TGV,ANGOULEME,30,0.0038461538461538464
LORRAINE TGV,AURAY,0,0.2575
LORRAINE TGV,AURAY,1,0.2210526315789474
LORRAINE TGV,AURAY,2,0.2131578947368421
LORRAINE TGV,AURAY,3,0.2525
LORRAINE TGV,AURAY,4,0.21749999999999997
LORRAINE TGV,AURAY,5,0.20249999999999999
LORRAINE TGV,AURAY,6,0.2325
LORRAINE TGV,AURAY,7,0.18
LORRAINE TGV,AURAY,8,0.1825
LORRAINE TGV,AURAY,9,0.155
LORRAINE TGV,AURAY,10,0.15
LORRAINE TGV,AURAY,11,0.22749999999999998
LORRAINE TGV,AURAY,12,0.005
LORRAINE TGV,AURAY,13,0.005
LORRAINE TGV,AURAY,14,0.042499999999999996
LORRAINE TGV,AURAY,15,0.052500000000000005
LORRAINE TGV,AURAY,16,0.057499999999999996
LORRAINE TGV,AURAY,17,0.052500000000000005
LORRAINE TGV,AURAY,18,0.052500000000000005
LORRAINE TGV,AURAY,19,0.052500000000000005
LORRAINE TGV,AURAY,20,0.05
LORRAINE TGV,AURAY,21,0.057499999999999996
LORRAINE TGV,AURAY,22,0.12250000000000001
LORRAINE TGV,AURAY,23,0.11000000000000001
LORRAINE TGV,AURAY,24,0.13499999999999998
LORRAINE TGV,AURAY,25,0.14250000000000002
LORRAINE TGV,AURAY,26,0.065
LORRAINE TGV,AURAY,27,0.09
LORRAINE TGV,AURAY,28,0.1
LORRAINE TGV,AURAY,29,0.0975
LORRAINE TGV,AURAY,30,0.032499999999999994
LORRAINE TGV,BORDEAUX ST JEAN,0,0.17349823321554772
LORRAINE TGV,BORDEAUX ST JEAN,1,0.1862190812720848
LORRAINE TGV,BORDEAUX ST JEAN,2,0.18209219858156028
LORRAINE TGV,BORDEAUX ST JEAN,3,0.175177304964539
LORRAINE TGV,BORDEAUX ST JEAN,4,0.06352313167259788
LORRAINE TGV,BORDEAUX ST JEAN,5,0.0575
LORRAINE TGV,BORDEAUX ST JEAN,6,0.05714285714285714
LORRAINE TGV,BORDEAUX ST JEAN,7,0.052321428571428574
LORRAINE TGV,BORDEAUX ST JEAN,8,0.046071428571428576
LORRAINE TGV,BORDEAUX ST JEAN,9,0.05985663082437276
LORRAINE TGV,BORDEAUX ST JEAN,10,0.06510791366906475
LORRAINE TGV,BORDEAUX ST JEAN,11,0.07114695340501792
LORRAINE TGV,BORDEAUX ST JEAN,12,0.017446043165467624
LORRAINE TGV,BORDEAUX ST JEAN,13,0.017625899280575542
LORRAINE TGV,BORDEAUX ST JEAN,14,0.02003610108303249
LORRAINE TGV,BORDEAUX ST JEAN,15,0.02003610108303249
LORRAINE TGV,BORDEAUX ST JEAN,16,0.018592057761732853
LORRAINE TGV,BORDEAUX ST JEAN,17,0.01816546762589928
LORRAINE TGV,BORDEAUX ST JEAN,18,0.01660649819494585
LORRAINE TGV,BORDEAUX ST JEAN,19,0.021195652173913043
LORRAINE TGV,BORDEAUX ST JEAN,20,0.025631768953068592
LORRAINE TGV,BORDEAUX ST JEAN,21,0.02581227436823105
LORRAINE TGV,BORDEAUX ST JEAN,22,0.02553956834532374
LORRAINE TGV,BORDEAUX ST JEAN,23,0.021942446043165465
LORRAINE TGV,BORDEAUX ST JEAN,24,0.021841155234657038
LORRAINE TGV,BORDEAUX ST JEAN,25,0.020216606498194945
LORRAINE TGV,BORDEAUX ST JEAN,26,0.021920289855072463
LORRAINE TGV,BORDEAUX ST JEAN,27,0.025454545454545455
LORRAINE TGV,BORDEAUX ST JEAN,28,0.02427007299270073
LORRAINE TGV,BORDEAUX ST JEAN,29,0.01843065693430657
LORRAINE TGV,BORDEAUX ST JEAN,30,0.004212454212454212
LORRAINE TGV,CHAMPAGNE ARDENNE TGV,0,0.8494318181818182
LORRAINE TGV,CHAMPAGNE ARDENNE TGV,1,0.8399147727272727
LORRAINE TGV,CHAMPAGNE ARDENNE TGV,2,0.8242897727272727
LORRAINE TGV,CHAMPAGNE ARDENNE TGV,3,0.8198863636363637
LORRAINE TGV,CHAMPAGNE ARDENNE TGV,4,0.6961647727272727
LORRAINE TGV,CHAMPAGNE ARDENNE TGV,5,0.7199430199430199
LORRAINE TGV,CHAMPAGNE ARDENNE TGV,6,0.7176638176638177
LORRAINE TGV,CHAMPAGNE ARDENNE TGV,7,0.7098290598290599
LORRAINE TGV,CHAMPAGNE ARDENNE TGV,8,0.700997150997151
LORRAINE TGV,CHAMPAGNE ARDENNE TGV,9,0.6811965811965812
LORRAINE TGV,CHAMPAGNE ARDENNE TGV,10,0.6763532763532764
LORRAINE TGV,CHAMPAGNE ARDENNE TGV,11,0.6836182336182336
LORRAINE TGV,CHAMPAGNE ARDENNE TGV,12,0.39800569800569796
LORRAINE TGV,CHAMPAGNE ARDENNE TGV,13,0.4011396011396012
LORRAINE TGV,CHAMPAGNE ARDENNE TGV,14,0.391025641025641
LORRAINE TGV,CHAMPAGNE ARDENNE TGV,15,0.38603988603988604
LORRAINE TGV,CHAMPAGNE ARDENNE TGV,16,0.37763532763532764
LORRAINE TGV,CHAMPAGNE ARDENNE TGV,17,0.37142857142857144
LORRAINE TGV,CHAMPAGNE ARDENNE TGV,18,0.37621776504298
LORRAINE TGV,CHAMPAGNE ARDENNE TGV,19,0.377650429799427
LORRAINE TGV,CHAMPAGNE ARDENNE TGV,20,0.37722063037249287
LORRAINE TGV,CHAMPAGNE ARDENNE TGV,21,0.3755014326647565
LORRAINE TGV,CHAMPAGNE ARDENNE TGV,22,0.37851002865329514
LORRAINE TGV,CHAMPAGNE ARDENNE TGV,23,0.37557142857142856
LORRAINE TGV,CHAMPAGNE ARDENNE TGV,24,0.3646131805157593
LORRAINE TGV,CHAMPAGNE ARDENNE TGV,25,0.352865329512894
LORRAINE TGV,CHAMPAGNE ARDENNE TGV,26,0.3429597701149425
LORRAINE TGV,CHAMPAGNE ARDENNE TGV,27,0.33371757925072043
LORRAINE TGV,CHAMPAGNE ARDENNE TGV,28,0.3333815028901734
LORRAINE TGV,CHAMPAGNE ARDENNE TGV,29,0.31579710144927536
LORRAINE TGV,CHAMPAGNE ARDENNE TGV,30,0.056268221574344024
LORRAINE TGV,LA ROCHELLE VILLE,0,0.4088235294117647
LORRAINE TGV,LA ROCHELLE VILLE,1,0.38235294117647056
LORRAINE TGV,LA ROCHELLE VILLE,2,0.353125
LORRAINE TGV,LA ROCHELLE VILLE,3,0.425
LORRAINE TGV,LA ROCHELLE VILLE,4,0.17941176470588235
LORRAINE TGV,LA ROCHELLE VILLE,5,0.17941176470588235
LORRAINE TGV,LA ROCHELLE VILLE,6,0.1411764705882353
LORRAINE TGV,LA ROCHELLE VILLE,7,0.13529411764705881
LORRAINE TGV,LA ROCHELLE VILLE,8,0.16176470588235295
LORRAINE TGV,LA ROCHELLE VILLE,9,0.25
LORRAINE TGV,LA ROCHELLE VILLE,10,0.22941176470588234
LORRAINE TGV,LA ROCHELLE VILLE,11,0.19117647058823528
LORRAINE TGV,LA ROCHELLE VILLE,12,0.0
LORRAINE TGV,LA ROCHELLE VILLE,13,0.0
LORRAINE TGV,LA ROCHELLE VILLE,14,0.0029411764705882353
LORRAINE TGV,LA ROCHELLE VILLE,15,0.0
LORRAINE TGV,LA ROCHELLE VILLE,16,0.0
LORRAINE TGV,LA ROCHELLE VILLE,17,0.0
LORRAINE TGV,LA ROCHELLE VILLE,18,0.0
LORRAINE TGV,LA ROCHELLE VILLE,19,0.0
LORRAINE TGV,LA ROCHELLE VILLE,20,0.0
LORRAINE TGV,LA ROCHELLE VILLE,21,0.0
LORRAINE TGV,LA ROCHELLE VILLE,22,0.0
LORRAINE TGV,LA ROCHELLE VILLE,23,0.0
LORRAINE TGV,LA ROCHELLE VILLE,24,0.0
LORRAINE TGV,LA ROCHELLE VILLE,25,0.0
LORRAINE TGV,LA ROCHELLE VILLE,26,0.0
LORRAINE TGV,LA ROCHELLE VILLE,27,0.0
LORRAINE TGV,LA ROCHELLE VILLE,28,0.0
LORRAINE TGV,LA ROCHELLE VILLE,29,0.0
LORRAINE TGV,LA ROCHELLE VILLE,30,0.0
LORRAINE TGV,LAVAL,0,0.559375
LORRAINE TGV,LAVAL,1,0.48333333333333334
LORRAINE TGV,LAVAL,2,0.553125
LORRAINE TGV,LAVAL,3,0.5866666666666667
LORRAINE TGV,LAVAL,4,0.31875
LORRAINE TGV,LAVAL,5,0.409375
LORRAINE TGV,LAVAL,6,0.38125
LORRAINE TGV,LAVAL,7,0.35625
LORRAINE TGV,LAVAL,8,0.409375
LORRAINE TGV,LAVAL,9,0.353125
LORRAINE TGV,LAVAL,10,0.309375
LORRAINE TGV,LAVAL,11,0.33125
LORRAINE TGV,LAVAL,12,0.0125
LORRAINE TGV,LAVAL,13,0.009375
LORRAINE TGV,LAVAL,14,0.0625
LORRAINE TGV,LAVAL,15,0.053125000000000006
LORRAINE TGV,LAVAL,16,0.065625
LORRAINE TGV,LAVAL,17,0.059375
LORRAINE TGV,LAVAL,18,0.071875
LORRAINE TGV,LAVAL,19,0.071875
LORRAINE TGV,LAVAL,20,0.0625
LORRAINE TGV,LAVAL,21,0.075
LORRAINE TGV,LAVAL,22,0.15
LORRAINE TGV,LAVAL,23,0.128125
LORRAINE TGV,LAVAL,24,0.16875
LORRAINE TGV,LAVAL,25,0.16875
LORRAINE TGV,LAVAL,26,0.09062500000000001
LORRAINE TGV,LAVAL,27,0.11875
LORRAINE TGV,LAVAL,28,0.12187500000000001
LORRAINE TGV,LAVAL,29,0.109375
LORRAINE TGV,LAVAL,30,0.021875
LORRAINE TGV,LE MANS,0,0.40159420289855075
LORRAINE TGV,LE MANS,1,0.4260869565217391
LORRAINE TGV,LE MANS,2,0.4315028901734104
LORRAINE TGV,LE MANS,3,0.43699421965317914
LORRAINE TGV,LE MANS,4,0.2823699421965318
LORRAINE TGV,LE MANS,5,0.29434782608695653
LORRAINE TGV,LE MANS,6,0.2942028985507246
LORRAINE TGV,LE MANS,7,0.29434782608695653
LORRAINE TGV,LE MANS,8,0.29739130434782607
LORRAINE TGV,LE MANS,9,0.27768115942028987
LORRAINE TGV,LE MANS,10,0.2771802325581395
LORRAINE TGV,LE MANS,11,0.282703488372093
LORRAINE TGV,LE MANS,12,0.08255813953488372
LORRAINE TGV,LE MANS,13,0.08061224489795918
LORRAINE TGV,LE MANS,14,0.07886297376093294
LORRAINE TGV,LE MANS,15,0.07529239766081872
LORRAINE TGV,LE MANS,16,0.07485465116279069
LORRAINE TGV,LE MANS,17,0.07660818713450292
LORRAINE TGV,LE MANS,18,0.07668621700879764
LORRAINE TGV,LE MANS,19,0.07926470588235295
LORRAINE TGV,LE MANS,20,0.08200589970501475
LORRAINE TGV,LE MANS,21,0.08491124260355029
LORRAINE TGV,LE MANS,22,0.09183976261127597
LORRAINE TGV,LE MANS,23,0.08831360946745563
LORRAINE TGV,LE MANS,24,0.09228486646884274
LORRAINE TGV,LE MANS,25,0.09243323442136499
LORRAINE TGV,LE MANS,26,0.09017857142857143
LORRAINE TGV,LE MANS,27,0.09268656716417911
LORRAINE TGV,LE MANS,28,0.09041916167664671
LORRAINE TGV,LE MANS,29,0.08888888888888889
LORRAINE TGV,LE MANS,30,0.018731117824773415
LORRAINE TGV,LORIENT,0,0.2525
LORRAINE TGV,LORIENT,1,0.2131578947368421
LORRAINE TGV,LORIENT,2,0.2157894736842105
LORRAINE TGV,LORIENT,3,0.27
LORRAINE TGV,LORIENT,4,0.20750000000000002
LORRAINE TGV,LORIENT,5,0.205
LORRAINE TGV,LORIENT,6,0.215
LORRAINE TGV,LORIENT,7,0.16999999999999998
LORRAINE TGV,LORIENT,8,0.1875
LORRAINE TGV,LORIENT,9,0.16999999999999998
LORRAINE TGV,LORIENT,10,0.16999999999999998
LORRAINE TGV,LORIENT,11,0.225
LORRAINE TGV,LORIENT,12,0.0
LORRAINE TGV,LORIENT,13,0.0025
LORRAINE TGV,LORIENT,14,0.039999999999999994
LORRAINE TGV,LORIENT,15,0.0475
LORRAINE TGV,LORIENT,16,0.042499999999999996
LORRAINE TGV,LORIENT,17,0.042499999999999996
LORRAINE TGV,LORIENT,18,0.0475
LORRAINE TGV,LORIENT,19,0.05
LORRAINE TGV,LORIENT,20,0.052500000000000005
LORRAINE TGV,LORIENT,21,0.06
LORRAINE TGV,LORIENT,22,0.12250000000000001
LORRAINE TGV,LORIENT,23,0.10500000000000001
LORRAINE TGV,LORIENT,24,0.1325
LORRAINE TGV,LORIENT,25,0.1375
LORRAINE TGV,LORIENT,26,0.08249999999999999
LORRAINE TGV,LORIENT,27,0.1
LORRAINE TGV,LORIENT,28,0.095
LORRAINE TGV,LORIENT,29,0.095
LORRAINE TGV,LORIENT,30,0.030000000000000006
LORRAINE TGV,MARNE LA VALLEE CHESSY,0,0.5741477272727272
LORRAINE TGV,MARNE LA VALLEE CHESSY,1,0.6146306818181818
LORRAINE TGV,MARNE LA VALLEE CHESSY,2,0.6032670454545455
LORRAINE TGV,MARNE LA VALLEE CHESSY,3,0.6139204545454545
LORRAINE TGV,MARNE LA VALLEE CHESSY,4,0.43068181818181817
LORRAINE TGV,MARNE LA VALLEE CHESSY,5,0.4336182336182336
LORRAINE TGV,MARNE LA VALLEE CHESSY,6,0.4417378917378918
LORRAINE TGV,MARNE LA VALLEE CHESSY,7,0.45042735042735044
LORRAINE TGV,MARNE LA VALLEE CHESSY,8,0.4425925925925926
LORRAINE TGV,MARNE LA VALLEE CHESSY,9,0.44017094017094016
LORRAINE TGV,MARNE LA VALLEE CHESSY,10,0.45598290598290603
LORRAINE TGV,MARNE LA VALLEE CHESSY,11,0.4586894586894587
LORRAINE TGV,MARNE LA VALLEE CHESSY,12,0.12350427350427351
LORRAINE TGV,MARNE LA VALLEE CHESSY,13,0.11638176638176638
LORRAINE TGV,MARNE LA VALLEE CHESSY,14,0.11452991452991454
LORRAINE TGV,MARNE LA VALLEE CHESSY,15,0.11367521367521367
LORRAINE TGV,MARNE LA VALLEE CHESSY,16,0.11310541310541311
LORRAINE TGV,MARNE LA VALLEE CHESSY,17,0.11357142857142857
LORRAINE TGV,MARNE LA VALLEE CHESSY,18,0.10386819484240688
LORRAINE TGV,MARNE LA VALLEE CHESSY,19,0.10830945558739254
LORRAINE TGV,MARNE LA VALLEE CHESSY,20,0.1167621776504298
LORRAINE TGV,MARNE LA VALLEE CHESSY,21,0.12220630372492837
LORRAINE TGV,MARNE LA VALLEE CHESSY,22,0.12722063037249284
LORRAINE TGV,MARNE LA VALLEE CHESSY,23,0.123
LORRAINE TGV,MARNE LA VALLEE CHESSY,24,0.12621776504297993
LORRAINE TGV,MARNE LA VALLEE CHESSY,25,0.12765042979942692
LORRAINE TGV,MARNE LA VALLEE CHESSY,26,0.12586206896551724
LORRAINE TGV,MARNE LA VALLEE CHESSY,27,0.12853025936599424
LORRAINE TGV,MARNE LA VALLEE CHESSY,28,0.12080924855491329
LORRAINE TGV,MARNE LA VALLEE CHESSY,29,0.11521739130434783
LORRAINE TGV,MARNE LA VALLEE CHESSY,30,0.023177842565597667
LORRAINE TGV,MASSY TGV,0,0.5674418604651162
LORRAINE TGV,MASSY TGV,1,0.5962209302325582
LORRAINE TGV,MASSY TGV,2,0.5943313953488372
LORRAINE TGV,MASSY TGV,3,0.6061046511627907
LORRAINE TGV,MASSY TGV,4,0.4242732558139535
LORRAINE TGV,MASSY TGV,5,0.42944606413994174
LORRAINE TGV,MASSY TGV,6,0.4338192419825073
LORRAINE TGV,MASSY TGV,7,0.4400874635568513
LORRAINE TGV,MASSY TGV,8,0.4370262390670554
LORRAINE TGV,MASSY TGV,9,0.43017492711370264
LORRAINE TGV,MASSY TGV,10,0.4419825072886297
LORRAINE TGV,MASSY TGV,11,0.45043731778425655
LORRAINE TGV,MASSY TGV,12,0.11705539358600582
LORRAINE TGV,MASSY TGV,13,0.11078717201166181
LORRAINE TGV,MASSY TGV,14,0.10889212827988339
LORRAINE TGV,MASSY TGV,15,0.10787172011661808
LORRAINE TGV,MASSY TGV,16,0.10743440233236153
LORRAINE TGV,MASSY TGV,17,0.10833333333333332
LORRAINE TGV,MASSY TGV,18,0.10205278592375366
LORRAINE TGV,MASSY TGV,19,0.10454545454545454
LORRAINE TGV,MASSY TGV,20,0.11070381231671554
LORRAINE TGV,MASSY TGV,21,0.11818181818181818
LORRAINE TGV,MASSY TGV,22,0.12375366568914957
LORRAINE TGV,MASSY TGV,23,0.11915204678362573
LORRAINE TGV,MASSY TGV,24,0.1218475073313783
LORRAINE TGV,MASSY TGV,25,0.12228739002932552
LORRAINE TGV,MASSY TGV,26,0.12014705882352941
LORRAINE TGV,MASSY TGV,27,0.12345132743362833
LORRAINE TGV,MASSY TGV,28,0.11863905325443787
LORRAINE TGV,MASSY TGV,29,0.1172106824925816
LORRAINE TGV,MASSY TGV,30,0.024328358208955226
LORRAINE TGV,MEUSE TGV,0,0.7126780626780627
LORRAINE TGV,MEUSE TGV,1,0.7034188034188035
LORRAINE TGV,MEUSE TGV,2,0.7081196581196582
LORRAINE TGV,MEUSE TGV,3,0.6958689458689459
LORRAINE TGV,MEUSE TGV,4,0.5534188034188035
LORRAINE TGV,MEUSE TGV,5,0.5585714285714286
LORRAINE TGV,MEUSE TGV,6,0.5675714285714286
LORRAINE TGV,MEUSE TGV,7,0.5618571428571428
LORRAINE TGV,MEUSE TGV,8,0.553
LORRAINE TGV,MEUSE TGV,9,0.5417142857142857
LORRAINE TGV,MEUSE TGV,10,0.5436962750716332
LORRAINE TGV,MEUSE TGV,11,0.5459885386819484
LORRAINE TGV,MEUSE TGV,12,0.3296561604584527
LORRAINE TGV,MEUSE TGV,13,0.3312320916905444
LORRAINE TGV,MEUSE TGV,14,0.3261494252873563
LORRAINE TGV,MEUSE TGV,15,0.3280172413793104
LORRAINE TGV,MEUSE TGV,16,0.32621776504297995
LORRAINE TGV,MEUSE TGV,17,0.3232758620689655
LORRAINE TGV,MEUSE TGV,18,0.3311239193083574
LORRAINE TGV,MEUSE TGV,19,0.33400576368876084
LORRAINE TGV,MEUSE TGV,20,0.3355907780979827
LORRAINE TGV,MEUSE TGV,21,0.33602305475504324
LORRAINE TGV,MEUSE TGV,22,0.338328530259366
LORRAINE TGV,MEUSE TGV,23,0.33261494252873564
LORRAINE TGV,MEUSE TGV,24,0.3234870317002882
LORRAINE TGV,MEUSE TGV,25,0.31570605187319883
LORRAINE TGV,MEUSE TGV,26,0.3066473988439306
LORRAINE TGV,MEUSE TGV,27,0.2985507246376812
LORRAINE TGV,MEUSE TGV,28,0.29941860465116277
LORRAINE TGV,MEUSE TGV,29,0.2838192419825073
LORRAINE TGV,MEUSE TGV,30,0.054105571847507326
LORRAINE TGV,NANTES,0,0.5400584795321637
LORRAINE TGV,NANTES,1,0.552046783625731
LORRAINE TGV,NANTES,2,0.5465014577259475
LORRAINE TGV,NANTES,3,0.5583090379008746
LORRAINE TGV,NANTES,4,0.3816326530612245
LORRAINE TGV,NANTES,5,0.39108187134502925
LORRAINE TGV,NANTES,6,0.40014619883040936
LORRAINE TGV,NANTES,7,0.38932748538011697
LORRAINE TGV,NANTES,8,0.393421052631579
LORRAINE TGV,NANTES,9,0.3703216374269006
LORRAINE TGV,NANTES,10,0.3701754385964912
LORRAINE TGV,NANTES,11,0.3710526315789474
LORRAINE TGV,NANTES,12,0.07727272727272727
LORRAINE TGV,NANTES,13,0.06920821114369502
LORRAINE TGV,NANTES,14,0.06436950146627565
LORRAINE TGV,NANTES,15,0.05808823529411765
LORRAINE TGV,NANTES,16,0.053382352941176464
LORRAINE TGV,NANTES,17,0.05604719764011799
LORRAINE TGV,NANTES,18,0.05428994082840237
LORRAINE TGV,NANTES,19,0.055934718100890214
LORRAINE TGV,NANTES,20,0.05758928571428572
LORRAINE TGV,NANTES,21,0.06059701492537314
LORRAINE TGV,NANTES,22,0.06242514970059881
LORRAINE TGV,NANTES,23,0.06104477611940298
LORRAINE TGV,NANTES,24,0.0625748502994012
LORRAINE TGV,NANTES,25,0.06122754491017964
LORRAINE TGV,NANTES,26,0.06036036036036036
LORRAINE TGV,NANTES,27,0.05978915662650603
LORRAINE TGV,NANTES,28,0.06132930513595167
LORRAINE TGV,NANTES,29,0.061515151515151516
LORRAINE TGV,NANTES,30,0.011246200607902736
LORRAINE TGV,NIORT,0,0.39999999999999997
LORRAINE TGV,NIORT,1,0.3852941176470588
LORRAINE TGV,NIORT,2,0.33749999999999997
LORRAINE TGV,NIORT,3,0.48125
LORRAINE TGV,NIORT,4,0.16470588235294117
LORRAINE TGV,NIORT,5,0.16764705882352943
LORRAINE TGV,NIORT,6,0.1323529411764706
LORRAINE TGV,NIORT,7,0.12941176470588237
LORRAINE TGV,NIORT,8,0.17058823529411765
LORRAINE TGV,NIORT,9,0.22941176470588234
LORRAINE TGV,NIORT,10,0.20294117647058824
LORRAINE TGV,NIORT,11,0.1823529411764706
LORRAINE TGV,NIORT,12,0.0029411764705882353
LORRAINE TGV,NIORT,13,0.0029411764705882353
LORRAINE TGV,NIORT,14,0.0
LORRAINE TGV,NIORT,15,0.0
LORRAINE TGV,NIORT,16,0.0
LORRAINE TGV,NIORT,17,0.0
LORRAINE TGV,NIORT,18,0.0
LORRAINE TGV,NIORT,19,0.0
LORRAINE TGV,NIORT,20,0.0
LORRAINE TGV,NIORT,21,0.0
LORRAINE TGV,NIORT,22,0.0
LORRAINE TGV,NIORT,23,0.0
LORRAINE TGV,NIORT,24,0.0
LORRAINE TGV,NIORT,25,0.0
LORRAINE TGV,NIORT,26,0.0
LORRAINE TGV,NIORT,27,0.0
LORRAINE TGV,NIORT,28,0.0
LORRAINE TGV,NIORT,29,0.0
LORRAINE TGV,NIORT,30,0.0
LORRAINE TGV,POITIERS,0,0.17862190812720846
LORRAINE TGV,POITIERS,1,0.18939929328621907
LORRAINE TGV,POITIERS,2,0.17960992907801418
LORRAINE TGV,POITIERS,3,0.175177304964539
LORRAINE TGV,POITIERS,4,0.06548042704626333
LORRAINE TGV,POITIERS,5,0.05589285714285715
LORRAINE TGV,POITIERS,6,0.05928571428571429
LORRAINE TGV,POITIERS,7,0.05285714285714286
LORRAINE TGV,POITIERS,8,0.0475
LORRAINE TGV,POITIERS,9,0.061290322580645165
LORRAINE TGV,POITIERS,10,0.06816546762589928
LORRAINE TGV,POITIERS,11,0.07329749103942652
LORRAINE TGV,POITIERS,12,0.01618705035971223
LORRAINE TGV,POITIERS,13,0.017446043165467624
LORRAINE TGV,POITIERS,14,0.019675090252707583
LORRAINE TGV,POITIERS,15,0.021841155234657038
LORRAINE TGV,POITIERS,16,0.01949458483754513
LORRAINE TGV,POITIERS,17,0.017446043165467627
LORRAINE TGV,POITIERS,18,0.016787003610108306
LORRAINE TGV,POITIERS,19,0.020289855072463767
LORRAINE TGV,POITIERS,20,0.025090252707581227
LORRAINE TGV,POITIERS,21,0.025451263537906138
LORRAINE TGV,POITIERS,22,0.025179856115107913
LORRAINE TGV,POITIERS,23,0.022302158273381296
LORRAINE TGV,POITIERS,24,0.022021660649819492
LORRAINE TGV,POITIERS,25,0.019855595667870037
LORRAINE TGV,POITIERS,26,0.021739130434782608
LORRAINE TGV,POITIERS,27,0.024363636363636365
LORRAINE TGV,POITIERS,28,0.022445255474452554
LORRAINE TGV,POITIERS,29,0.01897810218978102
LORRAINE TGV,POITIERS,30,0.0056776556776556774
LORRAINE TGV,QUIMPER,0,0.26
LORRAINE TGV,QUIMPER,1,0.2210526315789474
LORRAINE TGV,QUIMPER,2,0.2157894736842105
LORRAINE TGV,QUIMPER,3,0.255
LORRAINE TGV,QUIMPER,4,0.21000000000000002
LORRAINE TGV,QUIMPER,5,0.1875
LORRAINE TGV,QUIMPER,6,0.21749999999999997
LORRAINE TGV,QUIMPER,7,0.16999999999999998
LORRAINE TGV,QUIMPER,8,0.18
LORRAINE TGV,QUIMPER,9,0.16
LORRAINE TGV,QUIMPER,10,0.175
LORRAINE TGV,QUIMPER,11,0.20750000000000002
LORRAINE TGV,QUIMPER,12,0.0025
LORRAINE TGV,QUIMPER,13,0.0025
LORRAINE TGV,QUIMPER,14,0.034999999999999996
LORRAINE TGV,QUIMPER,15,0.05500000000000001
LORRAINE TGV,QUIMPER,16,0.052500000000000005
LORRAINE TGV,QUIMPER,17,0.04
LORRAINE TGV,QUIMPER,18,0.0475
LORRAINE TGV,QUIMPER,19,0.05499999999999999
LORRAINE TGV,QUIMPER,20,0.05
LORRAINE TGV,QUIMPER,21,0.052500000000000005
LORRAINE TGV,QUIMPER,22,0.13499999999999998
LORRAINE TGV,QUIMPER,23,0.11749999999999998
LORRAINE TGV,QUIMPER,24,0.1325
LORRAINE TGV,QUIMPER,25,0.135
LORRAINE TGV,QUIMPER,26,0.0675
LORRAINE TGV,QUIMPER,27,0.0825
LORRAINE TGV,QUIMPER,28,0.095
LORRAINE TGV,QUIMPER,29,0.09
LORRAINE TGV,QUIMPER,30,0.04
LORRAINE TGV,RENNES,0,0.16003401360544217
LORRAINE TGV,RENNES,1,0.16152542372881357
LORRAINE TGV,RENNES,2,0.17508474576271185
LORRAINE TGV,RENNES,3,0.17542372881355933
LORRAINE TGV,RENNES,4,0.061824324324324324
LORRAINE TGV,RENNES,5,0.07517006802721089
LORRAINE TGV,RENNES,6,0.06989795918367347
LORRAINE TGV,RENNES,7,0.07542662116040956
LORRAINE TGV,RENNES,8,0.06695205479452054
LORRAINE TGV,RENNES,9,0.06404109589041096
LORRAINE TGV,RENNES,10,0.06907216494845361
LORRAINE TGV,RENNES,11,0.08206896551724138
LORRAINE TGV,RENNES,12,0.02810344827586207
LORRAINE TGV,RENNES,13,0.027931034482758618
LORRAINE TGV,RENNES,14,0.03183391003460207
LORRAINE TGV,RENNES,15,0.028275862068965516
LORRAINE TGV,RENNES,16,0.027335640138408307
LORRAINE TGV,RENNES,17,0.028819444444444446
LORRAINE TGV,RENNES,18,0.03096885813148789
LORRAINE TGV,RENNES,19,0.03153310104529617
LORRAINE TGV,RENNES,20,0.03479020979020979
LORRAINE TGV,RENNES,21,0.0356140350877193
LORRAINE TGV,RENNES,22,0.04035087719298246
LORRAINE TGV,RENNES,23,0.03666666666666667
LORRAINE TGV,RENNES,24,0.04014084507042254
LORRAINE TGV,RENNES,25,0.03833922261484099
LORRAINE TGV,RENNES,26,0.036702127659574466
LORRAINE TGV,RENNES,27,0.03953900709219858
LORRAINE TGV,RENNES,28,0.03723404255319149
LORRAINE TGV,RENNES,29,0.038120567375886524
LORRAINE TGV,RENNES,30,0.00913978494623656
LORRAINE TGV,ST PIERRE DES CORPS,0,0.3964831804281346
LORRAINE TGV,ST PIERRE DES CORPS,1,0.4025993883792049
LORRAINE TGV,ST PIERRE DES CORPS,2,0.4003067484662577
LORRAINE TGV,ST PIERRE DES CORPS,3,0.4006134969325153
LORRAINE TGV,ST PIERRE DES CORPS,4,0.22315950920245398
LORRAINE TGV,ST PIERRE DES CORPS,5,0.22092307692307692
LORRAINE TGV,ST PIERRE DES CORPS,6,0.21676923076923077
LORRAINE TGV,ST PIERRE DES CORPS,7,0.20861538461538462
LORRAINE TGV,ST PIERRE DES CORPS,8,0.20261538461538459
LORRAINE TGV,ST PIERRE DES CORPS,9,0.21141975308641975
LORRAINE TGV,ST PIERRE DES CORPS,10,0.2154320987654321
LORRAINE TGV,ST PIERRE DES CORPS,11,0.2263076923076923
LORRAINE TGV,ST PIERRE DES CORPS,12,0.02361111111111111
LORRAINE TGV,ST PIERRE DES CORPS,13,0.020061728395061727
LORRAINE TGV,ST PIERRE DES CORPS,14,0.020123839009287926
LORRAINE TGV,ST PIERRE DES CORPS,15,0.021052631578947368
LORRAINE TGV,ST PIERRE DES CORPS,16,0.017857142857142856
LORRAINE TGV,ST PIERRE DES CORPS,17,0.01557632398753894
LORRAINE TGV,ST PIERRE DES CORPS,18,0.014797507788161994
LORRAINE TGV,ST PIERRE DES CORPS,19,0.0171875
LORRAINE TGV,ST PIERRE DES CORPS,20,0.021718750000000002
LORRAINE TGV,ST PIERRE DES CORPS,21,0.0221875
LORRAINE TGV,ST PIERRE DES CORPS,22,0.020872274143302182
LORRAINE TGV,ST PIERRE DES CORPS,23,0.01838006230529595
LORRAINE TGV,ST PIERRE DES CORPS,24,0.018125
LORRAINE TGV,ST PIERRE DES CORPS,25,0.016300940438871474
LORRAINE TGV,ST PIERRE DES CORPS,26,0.01839622641509434
LORRAINE TGV,ST PIERRE DES CORPS,27,0.022082018927444796
LORRAINE TGV,ST PIERRE DES CORPS,28,0.022626582278481015
LORRAINE TGV,ST PIERRE DES CORPS,29,0.021835443037974682
LORRAINE TGV,ST PIERRE DES CORPS,30,0.003980891719745223
LORRAINE TGV,VANNES,0,0.26
LORRAINE TGV,VANNES,1,0.2263157894736842
LORRAINE TGV,VANNES,2,0.2157894736842105
LORRAINE TGV,VANNES,3,0.2525
LORRAINE TGV,VANNES,4,0.2125
LORRAINE TGV,VANNES,5,0.21749999999999997
LORRAINE TGV,VANNES,6,0.225
LORRAINE TGV,VANNES,7,0.1775
LORRAINE TGV,VANNES,8,0.185
LORRAINE TGV,VANNES,9,0.16499999999999998
LORRAINE TGV,VANNES,10,0.16999999999999998
LORRAINE TGV,VANNES,11,0.21749999999999997
LORRAINE TGV,VANNES,12,0.009999999999999998
LORRAINE TGV,VANNES,13,0.0125
LORRAINE TGV,VANNES,14,0.045
LORRAINE TGV,VANNES,15,0.05
LORRAINE TGV,VANNES,16,0.05
LORRAINE TGV,VANNES,17,0.0475
LORRAINE TGV,VANNES,18,0.05249999999999999
LORRAINE TGV,VANNES,19,0.052500000000000005
LORRAINE TGV,VANNES,20,0.05500000000000001
LORRAINE TGV,VANNES,21,0.05500000000000001
LORRAINE TGV,VANNES,22,0.12250000000000001
LORRAINE TGV,VANNES,23,0.12
LORRAINE TGV,VANNES,24,0.13999999999999999
LORRAINE TGV,VANNES,25,0.1325
LORRAINE TGV,VANNES,26,0.05500000000000001
LORRAINE TGV,VANNES,27,0.0775
LORRAINE TGV,VANNES,28,0.0975
LORRAINE TGV,VANNES,29,0.0925
LORRAINE TGV,VANNES,30,0.027500000000000004
MARNE LA VALLEE CHESSY,ANGERS SAINT LAUD,0,0.5855263157894737
MARNE LA VALLEE CHESSY,ANGERS SAINT LAUD,1,0.6109649122807017
MARNE LA VALLEE CHESSY,ANGERS SAINT LAUD,2,0.6128279883381924
MARNE LA VALLEE CHESSY,ANGERS SAINT LAUD,3,0.6107871720116618
MARNE LA VALLEE CHESSY,ANGERS SAINT LAUD,4,0.32886297376093293
MARNE LA VALLEE CHESSY,ANGERS SAINT LAUD,5,0.3279239766081872
MARNE LA VALLEE CHESSY,ANGERS SAINT LAUD,6,0.33494152046783626
MARNE LA VALLEE CHESSY,ANGERS SAINT LAUD,7,0.3254385964912281
MARNE LA VALLEE CHESSY,ANGERS SAINT LAUD,8,0.3260233918128655
MARNE LA VALLEE CHESSY,ANGERS SAINT LAUD,9,0.32339181286549706
MARNE LA VALLEE CHESSY,ANGERS SAINT LAUD,10,0.31915204678362574
MARNE LA VALLEE CHESSY,ANGERS SAINT LAUD,11,0.31842105263157894
MARNE LA VALLEE CHESSY,ANGERS SAINT LAUD,12,0.1218475073313783
MARNE LA VALLEE CHESSY,ANGERS SAINT LAUD,13,0.11231671554252198
MARNE LA VALLEE CHESSY,ANGERS SAINT LAUD,14,0.10586510263929619
MARNE LA VALLEE CHESSY,ANGERS SAINT LAUD,15,0.09941176470588234
MARNE LA VALLEE CHESSY,ANGERS SAINT LAUD,16,0.09220588235294118
MARNE LA VALLEE CHESSY,ANGERS SAINT LAUD,17,0.09410029498525073
MARNE LA VALLEE CHESSY,ANGERS SAINT LAUD,18,0.09289940828402367
MARNE LA VALLEE CHESSY,ANGERS SAINT LAUD,19,0.09584569732937685
MARNE LA VALLEE CHESSY,ANGERS SAINT LAUD,20,0.09702380952380953
MARNE LA VALLEE CHESSY,ANGERS SAINT LAUD,21,0.09850746268656717
MARNE LA VALLEE CHESSY,ANGERS SAINT LAUD,22,0.10089820359281439
MARNE LA VALLEE CHESSY,ANGERS SAINT LAUD,23,0.10119402985074627
MARNE LA VALLEE CHESSY,ANGERS SAINT LAUD,24,0.10344311377245508
MARNE LA VALLEE CHESSY,ANGERS SAINT LAUD,25,0.10179640718562874
MARNE LA VALLEE CHESSY,ANGERS SAINT LAUD,26,0.09999999999999999
MARNE LA VALLEE CHESSY,ANGERS SAINT LAUD,27,0.0983433734939759
MARNE LA VALLEE CHESSY,ANGERS SAINT LAUD,28,0.09697885196374623
MARNE LA VALLEE CHESSY,ANGERS SAINT LAUD,29,0.09363636363636363
MARNE LA VALLEE CHESSY,ANGERS SAINT LAUD,30,0.019452887537993922
MARNE LA VALLEE CHESSY,ANGOULEME,0,0.1920774647887324
MARNE LA VALLEE CHESSY,ANGOULEME,1,0.1936619718309859
MARNE LA VALLEE CHESSY,ANGOULEME,2,0.18568904593639576
MARNE LA VALLEE CHESSY,ANGOULEME,3,0.17314487632508835
MARNE LA VALLEE CHESSY,ANGOULEME,4,0.05868794326241135
MARNE LA VALLEE CHESSY,ANGOULEME,5,0.05498220640569395
MARNE LA VALLEE CHESSY,ANGOULEME,6,0.053736654804270464
MARNE LA VALLEE CHESSY,ANGOULEME,7,0.054092526690391454
MARNE LA VALLEE CHESSY,ANGOULEME,8,0.042704626334519574
MARNE LA VALLEE CHESSY,ANGOULEME,9,0.054642857142857146
MARNE LA VALLEE CHESSY,ANGOULEME,10,0.06254480286738351
MARNE LA VALLEE CHESSY,ANGOULEME,11,0.065
MARNE LA VALLEE CHESSY,ANGOULEME,12,0.017921146953405017
MARNE LA VALLEE CHESSY,ANGOULEME,13,0.01863799283154122
MARNE LA VALLEE CHESSY,ANGOULEME,14,0.019424460431654675
MARNE LA VALLEE CHESSY,ANGOULEME,15,0.019964028776978417
MARNE LA VALLEE CHESSY,ANGOULEME,16,0.017985611510791366
MARNE LA VALLEE CHESSY,ANGOULEME,17,0.016666666666666666
MARNE LA VALLEE CHESSY,ANGOULEME,18,0.016726618705035973
MARNE LA VALLEE CHESSY,ANGOULEME,19,0.02111913357400722
MARNE LA VALLEE CHESSY,ANGOULEME,20,0.02464028776978417
MARNE LA VALLEE CHESSY,ANGOULEME,21,0.025179856115107913
MARNE LA VALLEE CHESSY,ANGOULEME,22,0.024193548387096774
MARNE LA VALLEE CHESSY,ANGOULEME,23,0.02114695340501792
MARNE LA VALLEE CHESSY,ANGOULEME,24,0.021402877697841726
MARNE LA VALLEE CHESSY,ANGOULEME,25,0.019784172661870502
MARNE LA VALLEE CHESSY,ANGOULEME,26,0.022743682310469315
MARNE LA VALLEE CHESSY,ANGOULEME,27,0.025181159420289857
MARNE LA VALLEE CHESSY,ANGOULEME,28,0.022909090909090907
MARNE LA VALLEE CHESSY,ANGOULEME,29,0.017272727272727273
MARNE LA VALLEE CHESSY,ANGOULEME,30,0.005474452554744526
MARNE LA VALLEE CHESSY,AURAY,0,0.27
MARNE LA VALLEE CHESSY,AURAY,1,0.2210526315789474
MARNE LA VALLEE CHESSY,AURAY,2,0.2131578947368421
MARNE LA VALLEE CHESSY,AURAY,3,0.2575
MARNE LA VALLEE CHESSY,AURAY,4,0.12
MARNE LA VALLEE CHESSY,AURAY,5,0.1025
MARNE LA VALLEE CHESSY,AURAY,6,0.0975
MARNE LA VALLEE CHESSY,AURAY,7,0.0925
MARNE LA VALLEE CHESSY,AURAY,8,0.06
MARNE LA VALLEE CHESSY,AURAY,9,0.052500000000000005
MARNE LA VALLEE CHESSY,AURAY,10,0.0725
MARNE LA VALLEE CHESSY,AURAY,11,0.12
MARNE LA VALLEE CHESSY,AURAY,12,0.0125
MARNE LA VALLEE CHESSY,AURAY,13,0.01
MARNE LA VALLEE CHESSY,AURAY,14,0.0475
MARNE LA VALLEE CHESSY,AURAY,15,0.05500000000000001
MARNE LA VALLEE CHESSY,AURAY,16,0.0475
MARNE LA VALLEE CHESSY,AURAY,17,0.045
MARNE LA VALLEE CHESSY,AURAY,18,0.052500000000000005
MARNE LA VALLEE CHESSY,AURAY,19,0.0475
MARNE LA VALLEE CHESSY,AURAY,20,0.05
MARNE LA VALLEE CHESSY,AURAY,21,0.052500000000000005
MARNE LA VALLEE CHESSY,AURAY,22,0.1375
MARNE LA VALLEE CHESSY,AURAY,23,0.1125
MARNE LA VALLEE CHESSY,AURAY,24,0.14250000000000002
MARNE LA VALLEE CHESSY,AURAY,25,0.135
MARNE LA VALLEE CHESSY,AURAY,26,0.057499999999999996
MARNE LA VALLEE CHESSY,AURAY,27,0.0875
MARNE LA VALLEE CHESSY,AURAY,28,0.0975
MARNE LA VALLEE CHESSY,AURAY,29,0.095
MARNE LA VALLEE CHESSY,AURAY,30,0.025
MARNE LA VALLEE CHESSY,BORDEAUX ST JEAN,0,0.19735915492957745
MARNE LA VALLEE CHESSY,BORDEAUX ST JEAN,1,0.19014084507042253
MARNE LA VALLEE CHESSY,BORDEAUX ST JEAN,2,0.18462897526501768
MARNE LA VALLEE CHESSY,BORDEAUX ST JEAN,3,0.17455830388692578
MARNE LA VALLEE CHESSY,BORDEAUX ST JEAN,4,0.06223404255319149
MARNE LA VALLEE CHESSY,BORDEAUX ST JEAN,5,0.05551601423487544
MARNE LA VALLEE CHESSY,BORDEAUX ST JEAN,6,0.052669039145907474
MARNE LA VALLEE CHESSY,BORDEAUX ST JEAN,7,0.05355871886120997
MARNE LA VALLEE CHESSY,BORDEAUX ST JEAN,8,0.043772241992882564
MARNE LA VALLEE CHESSY,BORDEAUX ST JEAN,9,0.054464285714285715
MARNE LA VALLEE CHESSY,BORDEAUX ST JEAN,10,0.06290322580645162
MARNE LA VALLEE CHESSY,BORDEAUX ST JEAN,11,0.06517857142857143
MARNE LA VALLEE CHESSY,BORDEAUX ST JEAN,12,0.016487455197132614
MARNE LA VALLEE CHESSY,BORDEAUX ST JEAN,13,0.017741935483870968
MARNE LA VALLEE CHESSY,BORDEAUX ST JEAN,14,0.01852517985611511
MARNE LA VALLEE CHESSY,BORDEAUX ST JEAN,15,0.02050359712230216
MARNE LA VALLEE CHESSY,BORDEAUX ST JEAN,16,0.018705035971223024
MARNE LA VALLEE CHESSY,BORDEAUX ST JEAN,17,0.017741935483870968
MARNE LA VALLEE CHESSY,BORDEAUX ST JEAN,18,0.017805755395683454
MARNE LA VALLEE CHESSY,BORDEAUX ST JEAN,19,0.020577617328519857
MARNE LA VALLEE CHESSY,BORDEAUX ST JEAN,20,0.025
MARNE LA VALLEE CHESSY,BORDEAUX ST JEAN,21,0.025359712230215825
MARNE LA VALLEE CHESSY,BORDEAUX ST JEAN,22,0.024731182795698924
MARNE LA VALLEE CHESSY,BORDEAUX ST JEAN,23,0.022043010752688174
MARNE LA VALLEE CHESSY,BORDEAUX ST JEAN,24,0.021402877697841726
MARNE LA VALLEE CHESSY,BORDEAUX ST JEAN,25,0.01942446043165468
MARNE LA VALLEE CHESSY,BORDEAUX ST JEAN,26,0.02148014440433213
MARNE LA VALLEE CHESSY,BORDEAUX ST JEAN,27,0.024818840579710143
MARNE LA VALLEE CHESSY,BORDEAUX ST JEAN,28,0.023272727272727275
MARNE LA VALLEE CHESSY,BORDEAUX ST JEAN,29,0.01890909090909091
MARNE LA VALLEE CHESSY,BORDEAUX ST JEAN,30,0.0051094890510948905
MARNE LA VALLEE CHESSY,LA ROCHELLE VILLE,0,0.43823529411764706
MARNE LA VALLEE CHESSY,LA ROCHELLE VILLE,1,0.41470588235294115
MARNE LA VALLEE CHESSY,LA ROCHELLE VILLE,2,0.33125
MARNE LA VALLEE CHESSY,LA ROCHELLE VILLE,3,0.475
MARNE LA VALLEE CHESSY,LA ROCHELLE VILLE,4,0.014705882352941176
MARNE LA VALLEE CHESSY,LA ROCHELLE VILLE,5,0.0029411764705882353
MARNE LA VALLEE CHESSY,LA ROCHELLE VILLE,6,0.0029411764705882353
MARNE LA VALLEE CHESSY,LA ROCHELLE VILLE,7,0.0029411764705882353
MARNE LA VALLEE CHESSY,LA ROCHELLE VILLE,8,0.0029411764705882353
MARNE LA VALLEE CHESSY,LA ROCHELLE VILLE,9,0.0
MARNE LA VALLEE CHESSY,LA ROCHELLE VILLE,10,0.0
MARNE LA VALLEE CHESSY,LA ROCHELLE VILLE,11,0.0058823529411764705
MARNE LA VALLEE CHESSY,LA ROCHELLE VILLE,12,0.0
MARNE LA VALLEE CHESSY,LA ROCHELLE VILLE,13,0.0029411764705882353
MARNE LA VALLEE CHESSY,LA ROCHELLE VILLE,14,0.0
MARNE LA VALLEE CHESSY,LA ROCHELLE VILLE,15,0.0
MARNE LA VALLEE CHESSY,LA ROCHELLE VILLE,16,0.0
MARNE LA VALLEE CHESSY,LA ROCHELLE VILLE,17,0.0
MARNE LA VALLEE CHESSY,LA ROCHELLE VILLE,18,0.0
MARNE LA VALLEE CHESSY,LA ROCHELLE VILLE,19,0.0
MARNE LA VALLEE CHESSY,LA ROCHELLE VILLE,20,0.0
MARNE LA VALLEE CHESSY,LA ROCHELLE VILLE,21,0.0
MARNE LA VALLEE CHESSY,LA ROCHELLE VILLE,22,0.0
MARNE LA VALLEE CHESSY,LA ROCHELLE VILLE,23,0.0
MARNE LA VALLEE CHESSY,LA ROCHELLE VILLE,24,0.0
MARNE LA VALLEE CHESSY,LA ROCHELLE VILLE,25,0.0
MARNE LA VALLEE CHESSY,LA ROCHELLE VILLE,26,0.0
MARNE LA VALLEE CHESSY,LA ROCHELLE VILLE,27,0.0029411764705882353
MARNE LA VALLEE CHESSY,LA ROCHELLE VILLE,28,0.0058823529411764705
MARNE LA VALLEE CHESSY,LA ROCHELLE VILLE,29,0.0
MARNE LA VALLEE CHESSY,LA ROCHELLE VILLE,30,0.0
MARNE LA VALLEE CHESSY,LAVAL,0,0.496875
MARNE LA VALLEE CHESSY,LAVAL,1,0.47000000000000003
MARNE LA VALLEE CHESSY,LAVAL,2,0.546875
MARNE LA VALLEE CHESSY,LAVAL,3,0.5866666666666667
MARNE LA VALLEE CHESSY,LAVAL,4,0.096875
MARNE LA VALLEE CHESSY,LAVAL,5,0.10625
MARNE LA VALLEE CHESSY,LAVAL,6,0.08125
MARNE LA VALLEE CHESSY,LAVAL,7,0.065625
MARNE LA VALLEE CHESSY,LAVAL,8,0.065625
MARNE LA VALLEE CHESSY,LAVAL,9,0.0625
MARNE LA VALLEE CHESSY,LAVAL,10,0.071875
MARNE LA VALLEE CHESSY,LAVAL,11,0.1
MARNE LA VALLEE CHESSY,LAVAL,12,0.003125
MARNE LA VALLEE CHESSY,LAVAL,13,0.003125
MARNE LA VALLEE CHESSY,LAVAL,14,0.078125
MARNE LA VALLEE CHESSY,LAVAL,15,0.078125
MARNE LA VALLEE CHESSY,LAVAL,16,0.06562499999999999
MARNE LA VALLEE CHESSY,LAVAL,17,0.0625
MARNE LA VALLEE CHESSY,LAVAL,18,0.0625
MARNE LA VALLEE CHESSY,LAVAL,19,0.065625
MARNE LA VALLEE CHESSY,LAVAL,20,0.06875
MARNE LA VALLEE CHESSY,LAVAL,21,0.078125
MARNE LA VALLEE CHESSY,LAVAL,22,0.15625
MARNE LA VALLEE CHESSY,LAVAL,23,0.128125
MARNE LA VALLEE CHESSY,LAVAL,24,0.15625
MARNE LA VALLEE CHESSY,LAVAL,25,0.18125
MARNE LA VALLEE CHESSY,LAVAL,26,0.090625
MARNE LA VALLEE CHESSY,LAVAL,27,0.11875000000000001
MARNE LA VALLEE CHESSY,LAVAL,28,0.109375
MARNE LA VALLEE CHESSY,LAVAL,29,0.1125
MARNE LA VALLEE CHESSY,LAVAL,30,0.0375
MARNE LA VALLEE CHESSY,LE MANS,0,0.4036231884057971
MARNE LA VALLEE CHESSY,LE MANS,1,0.4223188405797101
MARNE LA VALLEE CHESSY,LE MANS,2,0.4291907514450867
MARNE LA VALLEE CHESSY,LE MANS,3,0.4076589595375723
MARNE LA VALLEE CHESSY,LE MANS,4,0.15953757225433526
MARNE LA VALLEE CHESSY,LE MANS,5,0.15536231884057972
MARNE LA VALLEE CHESSY,LE MANS,6,0.15260869565217391
MARNE LA VALLEE CHESSY,LE MANS,7,0.1498550724637681
MARNE LA VALLEE CHESSY,LE MANS,8,0.14231884057971014
MARNE LA VALLEE CHESSY,LE MANS,9,0.13956521739130434
MARNE LA VALLEE CHESSY,LE MANS,10,0.1434593023255814
MARNE LA VALLEE CHESSY,LE MANS,11,0.15392441860465117
MARNE LA VALLEE CHESSY,LE MANS,12,0.08226744186046511
MARNE LA VALLEE CHESSY,LE MANS,13,0.080466472303207
MARNE LA VALLEE CHESSY,LE MANS,14,0.08104956268221575
MARNE LA VALLEE CHESSY,LE MANS,15,0.07646198830409356
MARNE LA VALLEE CHESSY,LE MANS,16,0.0755813953488372
MARNE LA VALLEE CHESSY,LE MANS,17,0.07573099415204677
MARNE LA VALLEE CHESSY,LE MANS,18,0.07697947214076246
MARNE LA VALLEE CHESSY,LE MANS,19,0.07882352941176471
MARNE LA VALLEE CHESSY,LE MANS,20,0.08303834808259587
MARNE LA VALLEE CHESSY,LE MANS,21,0.08491124260355029
MARNE LA VALLEE CHESSY,LE MANS,22,0.0956973293768546
MARNE LA VALLEE CHESSY,LE MANS,23,0.0930473372781065
MARNE LA VALLEE CHESSY,LE MANS,24,0.09792284866468842
MARNE LA VALLEE CHESSY,LE MANS,25,0.0973293768545994
MARNE LA VALLEE CHESSY,LE MANS,26,0.0980654761904762
MARNE LA VALLEE CHESSY,LE MANS,27,0.1
MARNE LA VALLEE CHESSY,LE MANS,28,0.09835329341317366
MARNE LA VALLEE CHESSY,LE MANS,29,0.093993993993994
MARNE LA VALLEE CHESSY,LE MANS,30,0.02190332326283988
MARNE LA VALLEE CHESSY,LORIENT,0,0.26
MARNE LA VALLEE CHESSY,LORIENT,1,0.2157894736842105
MARNE LA VALLEE CHESSY,LORIENT,2,0.2131578947368421
MARNE LA VALLEE CHESSY,LORIENT,3,0.24500000000000002
MARNE LA VALLEE CHESSY,LORIENT,4,0.1075
MARNE LA VALLEE CHESSY,LORIENT,5,0.1
MARNE LA VALLEE CHESSY,LORIENT,6,0.1025
MARNE LA VALLEE CHESSY,LORIENT,7,0.0975
MARNE LA VALLEE CHESSY,LORIENT,8,0.0675
MARNE LA VALLEE CHESSY,LORIENT,9,0.057499999999999996
MARNE LA VALLEE CHESSY,LORIENT,10,0.065
MARNE LA VALLEE CHESSY,LORIENT,11,0.11750000000000001
MARNE LA VALLEE CHESSY,LORIENT,12,0.0
MARNE LA VALLEE CHESSY,LORIENT,13,0.0
MARNE LA VALLEE CHESSY,LORIENT,14,0.04
MARNE LA VALLEE CHESSY,LORIENT,15,0.05
MARNE LA VALLEE CHESSY,LORIENT,16,0.052500000000000005
MARNE LA VALLEE CHESSY,LORIENT,17,0.05
MARNE LA VALLEE CHESSY,LORIENT,18,0.045
MARNE LA VALLEE CHESSY,LORIENT,19,0.052500000000000005
MARNE LA VALLEE CHESSY,LORIENT,20,0.052500000000000005
MARNE LA VALLEE CHESSY,LORIENT,21,0.06
MARNE LA VALLEE CHESSY,LORIENT,22,0.12250000000000001
MARNE LA VALLEE CHESSY,LORIENT,23,0.11749999999999998
MARNE LA VALLEE CHESSY,LORIENT,24,0.13499999999999998
MARNE LA VALLEE CHESSY,LORIENT,25,0.13999999999999999
MARNE LA VALLEE CHESSY,LORIENT,26,0.065
MARNE LA VALLEE CHESSY,LORIENT,27,0.095
MARNE LA VALLEE CHESSY,LORIENT,28,0.0925
MARNE LA VALLEE CHESSY,LORIENT,29,0.0875
MARNE LA VALLEE CHESSY,LORIENT,30,0.017499999999999998
MARNE LA VALLEE CHESSY,MASSY TGV,0,0.4941860465116279
MARNE LA VALLEE CHESSY,MASSY TGV,1,0.4656976744186046
MARNE LA VALLEE CHESSY,MASSY TGV,2,0.4188953488372093
MARNE LA VALLEE CHESSY,MASSY TGV,3,0.4106104651162791
MARNE LA VALLEE CHESSY,MASSY TGV,4,0.2482558139534884
MARNE LA VALLEE CHESSY,MASSY TGV,5,0.2259475218658892
MARNE LA VALLEE CHESSY,MASSY TGV,6,0.2164723032069971
MARNE LA VALLEE CHESSY,MASSY TGV,7,0.19752186588921283
MARNE LA VALLEE CHESSY,MASSY TGV,8,0.18542274052478133
MARNE LA VALLEE CHESSY,MASSY TGV,9,0.17113702623906704
MARNE LA VALLEE CHESSY,MASSY TGV,10,0.1454810495626822
MARNE LA VALLEE CHESSY,MASSY TGV,11,0.12973760932944606
MARNE LA VALLEE CHESSY,MASSY TGV,12,0.05481049562682216
MARNE LA VALLEE CHESSY,MASSY TGV,13,0.04635568513119533
MARNE LA VALLEE CHESSY,MASSY TGV,14,0.03381924198250729
MARNE LA VALLEE CHESSY,MASSY TGV,15,0.03513119533527697
MARNE LA VALLEE CHESSY,MASSY TGV,16,0.03221574344023324
MARNE LA VALLEE CHESSY,MASSY TGV,17,0.028070175438596492
MARNE LA VALLEE CHESSY,MASSY TGV,18,0.020087976539589443
MARNE LA VALLEE CHESSY,MASSY TGV,19,0.015835777126099706
MARNE LA VALLEE CHESSY,MASSY TGV,20,0.014956011730205278
MARNE LA VALLEE CHESSY,MASSY TGV,21,0.013782991202346042
MARNE LA VALLEE CHESSY,MASSY TGV,22,0.012609970674486803
MARNE LA VALLEE CHESSY,MASSY TGV,23,0.009064327485380117
MARNE LA VALLEE CHESSY,MASSY TGV,24,0.002346041055718475
MARNE LA VALLEE CHESSY,MASSY TGV,25,0.0016129032258064518
MARNE LA VALLEE CHESSY,MASSY TGV,26,0.0011764705882352942
MARNE LA VALLEE CHESSY,MASSY TGV,27,0.0010324483775811211
MARNE LA VALLEE CHESSY,MASSY TGV,28,0.001183431952662722
MARNE LA VALLEE CHESSY,MASSY TGV,29,0.0017804154302670627
MARNE LA VALLEE CHESSY,MASSY TGV,30,0.0
MARNE LA VALLEE CHESSY,NANTES,0,0.5891812865497076
MARNE LA VALLEE CHESSY,NANTES,1,0.6046783625730995
MARNE LA VALLEE CHESSY,NANTES,2,0.6134110787172011
MARNE LA VALLEE CHESSY,NANTES,3,0.605539358600583
MARNE LA VALLEE CHESSY,NANTES,4,0.33571428571428574
MARNE LA VALLEE CHESSY,NANTES,5,0.3296783625730994
MARNE LA VALLEE CHESSY,NANTES,6,0.3364035087719298
MARNE LA VALLEE CHESSY,NANTES,7,0.32412280701754387
MARNE LA VALLEE CHESSY,NANTES,8,0.32923976608187133
MARNE LA VALLEE CHESSY,NANTES,9,0.3252923976608187
MARNE LA VALLEE CHESSY,NANTES,10,0.3176900584795322
MARNE LA VALLEE CHESSY,NANTES,11,0.32456140350877194
MARNE LA VALLEE CHESSY,NANTES,12,0.12008797653958946
MARNE LA VALLEE CHESSY,NANTES,13,0.11378299120234603
MARNE LA VALLEE CHESSY,NANTES,14,0.1090909090909091
MARNE LA VALLEE CHESSY,NANTES,15,0.09764705882352942
MARNE LA VALLEE CHESSY,NANTES,16,0.09161764705882353
MARNE LA VALLEE CHESSY,NANTES,17,0.09321533923303835
MARNE LA VALLEE CHESSY,NANTES,18,0.09275147928994083
MARNE LA VALLEE CHESSY,NANTES,19,0.09807121661721067
MARNE LA VALLEE CHESSY,NANTES,20,0.0980654761904762
MARNE LA VALLEE CHESSY,NANTES,21,0.10029850746268656
MARNE LA VALLEE CHESSY,NANTES,22,0.10224550898203592
MARNE LA VALLEE CHESSY,NANTES,23,0.10164179104477611
MARNE LA VALLEE CHESSY,NANTES,24,0.10359281437125749
MARNE LA VALLEE CHESSY,NANTES,25,0.10164670658682635
MARNE LA VALLEE CHESSY,NANTES,26,0.10075075075075074
MARNE LA VALLEE CHESSY,NANTES,27,0.09879518072289156
MARNE LA VALLEE CHESSY,NANTES,28,0.09561933534743201
MARNE LA VALLEE CHESSY,NANTES,29,0.09333333333333334
MARNE LA VALLEE CHESSY,NANTES,30,0.018996960486322188
MARNE LA VALLEE CHESSY,NIORT,0,0.4117647058823529
MARNE LA VALLEE CHESSY,NIORT,1,0.4029411764705882
MARNE LA VALLEE CHESSY,NIORT,2,0.353125
MARNE LA VALLEE CHESSY,NIORT,3,0.440625
MARNE LA VALLEE CHESSY,NIORT,4,0.008823529411764707
MARNE LA VALLEE CHESSY,NIORT,5,0.0058823529411764705
MARNE LA VALLEE CHESSY,NIORT,6,0.0029411764705882353
MARNE LA VALLEE CHESSY,NIORT,7,0.0
MARNE LA VALLEE CHESSY,NIORT,8,0.0
MARNE LA VALLEE CHESSY,NIORT,9,0.0058823529411764705
MARNE LA VALLEE CHESSY,NIORT,10,0.0058823529411764705
MARNE LA VALLEE CHESSY,NIORT,11,0.0058823529411764705
MARNE LA VALLEE CHESSY,NIORT,12,0.0
MARNE LA VALLEE CHESSY,NIORT,13,0.0
MARNE LA VALLEE CHESSY,NIORT,14,0.0
MARNE LA VALLEE CHESSY,NIORT,15,0.0
MARNE LA VALLEE CHESSY,NIORT,16,0.0
MARNE LA VALLEE CHESSY,NIORT,17,0.0
MARNE LA VALLEE CHESSY,NIORT,18,0.0
MARNE LA VALLEE CHESSY,NIORT,19,0.0
MARNE LA VALLEE CHESSY,NIORT,20,0.0029411764705882353
MARNE LA VALLEE CHESSY,NIORT,21,0.0
MARNE LA VALLEE CHESSY,NIORT,22,0.0
MARNE LA VALLEE CHESSY,NIORT,23,0.0
MARNE LA VALLEE CHESSY,NIORT,24,0.0
MARNE LA VALLEE CHESSY,NIORT,25,0.0
MARNE LA VALLEE CHESSY,NIORT,26,0.0
MARNE LA VALLEE CHESSY,NIORT,27,0.0
MARNE LA VALLEE CHESSY,NIORT,28,0.0
MARNE LA VALLEE CHESSY,NIORT,29,0.0
MARNE LA VALLEE CHESSY,NIORT,30,0.0
MARNE LA VALLEE CHESSY,POITIERS,0,0.1984154929577465
MARNE LA VALLEE CHESSY,POITIERS,1,0.19102112676056338
MARNE LA VALLEE CHESSY,POITIERS,2,0.18250883392226147
MARNE LA VALLEE CHESSY,POITIERS,3,0.17332155477031802
MARNE LA VALLEE CHESSY,POITIERS,4,0.06471631205673758
MARNE LA VALLEE CHESSY,POITIERS,5,0.05658362989323844
MARNE LA VALLEE CHESSY,POITIERS,6,0.054092526690391454
MARNE LA VALLEE CHESSY,POITIERS,7,0.05355871886120997
MARNE LA VALLEE CHESSY,POITIERS,8,0.04359430604982206
MARNE LA VALLEE CHESSY,POITIERS,9,0.05482142857142857
MARNE LA VALLEE CHESSY,POITIERS,10,0.061648745519713256
MARNE LA VALLEE CHESSY,POITIERS,11,0.06428571428571428
MARNE LA VALLEE CHESSY,POITIERS,12,0.017383512544802866
MARNE LA VALLEE CHESSY,POITIERS,13,0.01845878136200717
MARNE LA VALLEE CHESSY,POITIERS,14,0.01960431654676259
MARNE LA VALLEE CHESSY,POITIERS,15,0.020863309352517984
MARNE LA VALLEE CHESSY,POITIERS,16,0.018705035971223024
MARNE LA VALLEE CHESSY,POITIERS,17,0.017025089605734768
MARNE LA VALLEE CHESSY,POITIERS,18,0.016906474820143885
MARNE LA VALLEE CHESSY,POITIERS,19,0.021299638989169676
MARNE LA VALLEE CHESSY,POITIERS,20,0.02464028776978417
MARNE LA VALLEE CHESSY,POITIERS,21,0.025179856115107913
MARNE LA VALLEE CHESSY,POITIERS,22,0.024372759856630823
MARNE LA VALLEE CHESSY,POITIERS,23,0.022043010752688174
MARNE LA VALLEE CHESSY,POITIERS,24,0.021402877697841726
MARNE LA VALLEE CHESSY,POITIERS,25,0.01960431654676259
MARNE LA VALLEE CHESSY,POITIERS,26,0.022382671480144407
MARNE LA VALLEE CHESSY,POITIERS,27,0.025362318840579712
MARNE LA VALLEE CHESSY,POITIERS,28,0.02309090909090909
MARNE LA VALLEE CHESSY,POITIERS,29,0.01927272727272727
MARNE LA VALLEE CHESSY,POITIERS,30,0.00437956204379562
MARNE LA VALLEE CHESSY,QUIMPER,0,0.2625
MARNE LA VALLEE CHESSY,QUIMPER,1,0.2131578947368421
MARNE LA VALLEE CHESSY,QUIMPER,2,0.20526315789473684
MARNE LA VALLEE CHESSY,QUIMPER,3,0.2475
MARNE LA VALLEE CHESSY,QUIMPER,4,0.1125
MARNE LA VALLEE CHESSY,QUIMPER,5,0.1
MARNE LA VALLEE CHESSY,QUIMPER,6,0.1
MARNE LA VALLEE CHESSY,QUIMPER,7,0.095
MARNE LA VALLEE CHESSY,QUIMPER,8,0.0625
MARNE LA VALLEE CHESSY,QUIMPER,9,0.052500000000000005
MARNE LA VALLEE CHESSY,QUIMPER,10,0.06999999999999999
MARNE LA VALLEE CHESSY,QUIMPER,11,0.12250000000000001
MARNE LA VALLEE CHESSY,QUIMPER,12,0.0075
MARNE LA VALLEE CHESSY,QUIMPER,13,0.0075
MARNE LA VALLEE CHESSY,QUIMPER,14,0.0375
MARNE LA VALLEE CHESSY,QUIMPER,15,0.0425
MARNE LA VALLEE CHESSY,QUIMPER,16,0.0475
MARNE LA VALLEE CHESSY,QUIMPER,17,0.04
MARNE LA VALLEE CHESSY,QUIMPER,18,0.057499999999999996
MARNE LA VALLEE CHESSY,QUIMPER,19,0.057499999999999996
MARNE LA VALLEE CHESSY,QUIMPER,20,0.05500000000000001
MARNE LA VALLEE CHESSY,QUIMPER,21,0.06
MARNE LA VALLEE CHESSY,QUIMPER,22,0.12250000000000001
MARNE LA VALLEE CHESSY,QUIMPER,23,0.11499999999999999
MARNE LA VALLEE CHESSY,QUIMPER,24,0.12
MARNE LA VALLEE CHESSY,QUIMPER,25,0.145
MARNE LA VALLEE CHESSY,QUIMPER,26,0.0675
MARNE LA VALLEE CHESSY,QUIMPER,27,0.085
MARNE LA VALLEE CHESSY,QUIMPER,28,0.1075
MARNE LA VALLEE CHESSY,QUIMPER,29,0.0925
MARNE LA VALLEE CHESSY,QUIMPER,30,0.027500000000000004
MARNE LA VALLEE CHESSY,RENNES,0,0.17874149659863944
MARNE LA VALLEE CHESSY,RENNES,1,0.1877966101694915
MARNE LA VALLEE CHESSY,RENNES,2,0.18440677966101696
MARNE LA VALLEE CHESSY,RENNES,3,0.19
MARNE LA VALLEE CHESSY,RENNES,4,0.05506756756756757
MARNE LA VALLEE CHESSY,RENNES,5,0.06275510204081633
MARNE LA VALLEE CHESSY,RENNES,6,0.06156462585034014
MARNE LA VALLEE CHESSY,RENNES,7,0.060750853242320824
MARNE LA VALLEE CHESSY,RENNES,8,0.045376712328767124
MARNE LA VALLEE CHESSY,RENNES,9,0.045205479452054796
MARNE LA VALLEE CHESSY,RENNES,10,0.05085910652920962
MARNE LA VALLEE CHESSY,RENNES,11,0.06413793103448276
MARNE LA VALLEE CHESSY,RENNES,12,0.026379310344827586
MARNE LA VALLEE CHESSY,RENNES,13,0.02689655172413793
MARNE LA VALLEE CHESSY,RENNES,14,0.03027681660899654
MARNE LA VALLEE CHESSY,RENNES,15,0.029137931034482756
MARNE LA VALLEE CHESSY,RENNES,16,0.028546712802768166
MARNE LA VALLEE CHESSY,RENNES,17,0.028645833333333332
MARNE LA VALLEE CHESSY,RENNES,18,0.03096885813148789
MARNE LA VALLEE CHESSY,RENNES,19,0.031184668989547037
MARNE LA VALLEE CHESSY,RENNES,20,0.03496503496503497
MARNE LA VALLEE CHESSY,RENNES,21,0.035789473684210524
MARNE LA VALLEE CHESSY,RENNES,22,0.041929824561403505
MARNE LA VALLEE CHESSY,RENNES,23,0.04035087719298246
MARNE LA VALLEE CHESSY,RENNES,24,0.04401408450704225
MARNE LA VALLEE CHESSY,RENNES,25,0.04434628975265018
MARNE LA VALLEE CHESSY,RENNES,26,0.04343971631205674
MARNE LA VALLEE CHESSY,RENNES,27,0.04414893617021276
MARNE LA VALLEE CHESSY,RENNES,28,0.042375886524822694
MARNE LA VALLEE CHESSY,RENNES,29,0.04343971631205674
MARNE LA VALLEE CHESSY,RENNES,30,0.011648745519713262
MARNE LA VALLEE CHESSY,ST PIERRE DES CORPS,0,0.49449541284403664
MARNE LA VALLEE CHESSY,ST PIERRE DES CORPS,1,0.4925076452599389
MARNE LA VALLEE CHESSY,ST PIERRE DES CORPS,2,0.4783742331288343
MARNE LA VALLEE CHESSY,ST PIERRE DES CORPS,3,0.4605828220858896
MARNE LA VALLEE CHESSY,ST PIERRE DES CORPS,4,0.24125766871165646
MARNE LA VALLEE CHESSY,ST PIERRE DES CORPS,5,0.2541538461538461
MARNE LA VALLEE CHESSY,ST PIERRE DES CORPS,6,0.24338461538461537
MARNE LA VALLEE CHESSY,ST PIERRE DES CORPS,7,0.23215384615384616
MARNE LA VALLEE CHESSY,ST PIERRE DES CORPS,8,0.21984615384615386
MARNE LA VALLEE CHESSY,ST PIERRE DES CORPS,9,0.19675925925925927
MARNE LA VALLEE CHESSY,ST PIERRE DES CORPS,10,0.16867283950617284
MARNE LA VALLEE CHESSY,ST PIERRE DES CORPS,11,0.17123076923076921
MARNE LA VALLEE CHESSY,ST PIERRE DES CORPS,12,0.03719135802469136
MARNE LA VALLEE CHESSY,ST PIERRE DES CORPS,13,0.034722222222222224
MARNE LA VALLEE CHESSY,ST PIERRE DES CORPS,14,0.034984520123839014
MARNE LA VALLEE CHESSY,ST PIERRE DES CORPS,15,0.032817337461300305
MARNE LA VALLEE CHESSY,ST PIERRE DES CORPS,16,0.02857142857142857
MARNE LA VALLEE CHESSY,ST PIERRE DES CORPS,17,0.02741433021806854
MARNE LA VALLEE CHESSY,ST PIERRE DES CORPS,18,0.026791277258566976
MARNE LA VALLEE CHESSY,ST PIERRE DES CORPS,19,0.02765625
MARNE LA VALLEE CHESSY,ST PIERRE DES CORPS,20,0.029843750000000002
MARNE LA VALLEE CHESSY,ST PIERRE DES CORPS,21,0.02765625
MARNE LA VALLEE CHESSY,ST PIERRE DES CORPS,22,0.022897196261682243
MARNE LA VALLEE CHESSY,ST PIERRE DES CORPS,23,0.019937694704049845
MARNE LA VALLEE CHESSY,ST PIERRE DES CORPS,24,0.01890625
MARNE LA VALLEE CHESSY,ST PIERRE DES CORPS,25,0.01677115987460815
MARNE LA VALLEE CHESSY,ST PIERRE DES CORPS,26,0.018867924528301886
MARNE LA VALLEE CHESSY,ST PIERRE DES CORPS,27,0.02145110410094637
MARNE LA VALLEE CHESSY,ST PIERRE DES CORPS,28,0.021360759493670885
MARNE LA VALLEE CHESSY,ST PIERRE DES CORPS,29,0.021202531645569622
MARNE LA VALLEE CHESSY,ST PIERRE DES CORPS,30,0.004777070063694267
MARNE LA VALLEE CHESSY,VANNES,0,0.2475
MARNE LA VALLEE CHESSY,VANNES,1,0.2157894736842105
MARNE LA VALLEE CHESSY,VANNES,2,0.20789473684210527
MARNE LA VALLEE CHESSY,VANNES,3,0.24500000000000002
MARNE LA VALLEE CHESSY,VANNES,4,0.10250000000000001
MARNE LA VALLEE CHESSY,VANNES,5,0.0975
MARNE LA VALLEE CHESSY,VANNES,6,0.095
MARNE LA VALLEE CHESSY,VANNES,7,0.0925
MARNE LA VALLEE CHESSY,VANNES,8,0.057499999999999996
MARNE LA VALLEE CHESSY,VANNES,9,0.05
MARNE LA VALLEE CHESSY,VANNES,10,0.08
MARNE LA VALLEE CHESSY,VANNES,11,0.1125
MARNE LA VALLEE CHESSY,VANNES,12,0.0075000000000000015
MARNE LA VALLEE CHESSY,VANNES,13,0.0075000000000000015
MARNE LA VALLEE CHESSY,VANNES,14,0.05500000000000001
MARNE LA VALLEE CHESSY,VANNES,15,0.042499999999999996
MARNE LA VALLEE CHESSY,VANNES,16,0.045
MARNE LA VALLEE CHESSY,VANNES,17,0.05
MARNE LA VALLEE CHESSY,VANNES,18,0.0475
MARNE LA VALLEE CHESSY,VANNES,19,0.05500000000000001
MARNE LA VALLEE CHESSY,VANNES,20,0.057499999999999996
MARNE LA VALLEE CHESSY,VANNES,21,0.0675
MARNE LA VALLEE CHESSY,VANNES,22,0.135
MARNE LA VALLEE CHESSY,VANNES,23,0.125
MARNE LA VALLEE CHESSY,VANNES,24,0.1375
MARNE LA VALLEE CHESSY,VANNES,25,0.13499999999999998
MARNE LA VALLEE CHESSY,VANNES,26,0.06999999999999999
MARNE LA VALLEE CHESSY,VANNES,27,0.09
MARNE LA VALLEE CHESSY,VANNES,28,0.0975
MARNE LA VALLEE CHESSY,VANNES,29,0.08499999999999999
MARNE LA VALLEE CHESSY,VANNES,30,0.02
MASSY TGV,ANGERS SAINT LAUD,0,0.5775449101796407
MASSY TGV,ANGERS SAINT LAUD,1,0.599251497005988
MASSY TGV,ANGERS SAINT LAUD,2,0.603134328358209
MASSY TGV,ANGERS SAINT LAUD,3,0.5982089552238806
MASSY TGV,ANGERS SAINT LAUD,4,0.32283582089552243
MASSY TGV,ANGERS SAINT LAUD,5,0.3203592814371258
MASSY TGV,ANGERS SAINT LAUD,6,0.33188622754491015
MASSY TGV,ANGERS SAINT LAUD,7,0.32335329341317365
MASSY TGV,ANGERS SAINT LAUD,8,0.3263473053892216
MASSY TGV,ANGERS SAINT LAUD,9,0.31482035928143715
MASSY TGV,ANGERS SAINT LAUD,10,0.31017964071856285
MASSY TGV,ANGERS SAINT LAUD,11,0.3214071856287425
MASSY TGV,ANGERS SAINT LAUD,12,0.12087087087087087
MASSY TGV,ANGERS SAINT LAUD,13,0.1111111111111111
MASSY TGV,ANGERS SAINT LAUD,14,0.10450450450450449
MASSY TGV,ANGERS SAINT LAUD,15,0.09743975903614459
MASSY TGV,ANGERS SAINT LAUD,16,0.09216867469879518
MASSY TGV,ANGERS SAINT LAUD,17,0.09093655589123867
MASSY TGV,ANGERS SAINT LAUD,18,0.09136363636363636
MASSY TGV,ANGERS SAINT LAUD,19,0.09574468085106383
MASSY TGV,ANGERS SAINT LAUD,20,0.09710365853658537
MASSY TGV,ANGERS SAINT LAUD,21,0.09740061162079511
MASSY TGV,ANGERS SAINT LAUD,22,0.09938650306748466
MASSY TGV,ANGERS SAINT LAUD,23,0.09908256880733944
MASSY TGV,ANGERS SAINT LAUD,24,0.10291411042944784
MASSY TGV,ANGERS SAINT LAUD,25,0.10368098159509202
MASSY TGV,ANGERS SAINT LAUD,26,0.10246153846153845
MASSY TGV,ANGERS SAINT LAUD,27,0.10138888888888889
MASSY TGV,ANGERS SAINT LAUD,28,0.09922600619195046
MASSY TGV,ANGERS SAINT LAUD,29,0.0953416149068323
MASSY TGV,ANGERS SAINT LAUD,30,0.017757009345794394
MASSY TGV,ANGOULEME,0,0.1815217391304348
MASSY TGV,ANGOULEME,1,0.17572463768115942
MASSY TGV,ANGOULEME,2,0.1729090909090909
MASSY TGV,ANGOULEME,3,0.16363636363636364
MASSY TGV,ANGOULEME,4,0.05273722627737226
MASSY TGV,ANGOULEME,5,0.046520146520146514
MASSY TGV,ANGOULEME,6,0.04706959706959707
MASSY TGV,ANGOULEME,7,0.05054945054945055
MASSY TGV,ANGOULEME,8,0.038461538461538464
MASSY TGV,ANGOULEME,9,0.04650735294117647
MASSY TGV,ANGOULEME,10,0.054797047970479705
MASSY TGV,ANGOULEME,11,0.05441176470588235
MASSY TGV,ANGOULEME,12,0.014575645756457565
MASSY TGV,ANGOULEME,13,0.015867158671586716
MASSY TGV,ANGOULEME,14,0.015555555555555557
MASSY TGV,ANGOULEME,15,0.015
MASSY TGV,ANGOULEME,16,0.015
MASSY TGV,ANGOULEME,17,0.014575645756457565
MASSY TGV,ANGOULEME,18,0.012407407407407407
MASSY TGV,ANGOULEME,19,0.01486988847583643
MASSY TGV,ANGOULEME,20,0.017777777777777778
MASSY TGV,ANGOULEME,21,0.018333333333333333
MASSY TGV,ANGOULEME,22,0.018265682656826567
MASSY TGV,ANGOULEME,23,0.01845018450184502
MASSY TGV,ANGOULEME,24,0.018518518518518517
MASSY TGV,ANGOULEME,25,0.016666666666666666
MASSY TGV,ANGOULEME,26,0.018401486988847585
MASSY TGV,ANGOULEME,27,0.022388059701492536
MASSY TGV,ANGOULEME,28,0.02247191011235955
MASSY TGV,ANGOULEME,29,0.019288389513108614
MASSY TGV,ANGOULEME,30,0.006390977443609023
MASSY TGV,AURAY,0,0.26749999999999996
MASSY TGV,AURAY,1,0.2131578947368421
MASSY TGV,AURAY,2,0.21052631578947367
MASSY TGV,AURAY,3,0.24500000000000002
MASSY TGV,AURAY,4,0.0975
MASSY TGV,AURAY,5,0.1
MASSY TGV,AURAY,6,0.0975
MASSY TGV,AURAY,7,0.095
MASSY TGV,AURAY,8,0.06
MASSY TGV,AURAY,9,0.05750000000000001
MASSY TGV,AURAY,10,0.075
MASSY TGV,AURAY,11,0.10500000000000001
MASSY TGV,AURAY,12,0.0075000000000000015
MASSY TGV,AURAY,13,0.005
MASSY TGV,AURAY,14,0.045
MASSY TGV,AURAY,15,0.045
MASSY TGV,AURAY,16,0.0425
MASSY TGV,AURAY,17,0.045
MASSY TGV,AURAY,18,0.045
MASSY TGV,AURAY,19,0.052500000000000005
MASSY TGV,AURAY,20,0.05
MASSY TGV,AURAY,21,0.0625
MASSY TGV,AURAY,22,0.12
MASSY TGV,AURAY,23,0.10500000000000001
MASSY TGV,AURAY,24,0.1275
MASSY TGV,AURAY,25,0.13999999999999999
MASSY TGV,AURAY,26,0.06999999999999999
MASSY TGV,AURAY,27,0.08
MASSY TGV,AURAY,28,0.0925
MASSY TGV,AURAY,29,0.0925
MASSY TGV,AURAY,30,0.0225
MASSY TGV,BORDEAUX ST JEAN,0,0.1835144927536232
MASSY TGV,BORDEAUX ST JEAN,1,0.17445652173913043
MASSY TGV,BORDEAUX ST JEAN,2,0.17054545454545453
MASSY TGV,BORDEAUX ST JEAN,3,0.1630909090909091
MASSY TGV,BORDEAUX ST JEAN,4,0.05273722627737226
MASSY TGV,BORDEAUX ST JEAN,5,0.04908424908424908
MASSY TGV,BORDEAUX ST JEAN,6,0.04725274725274725
MASSY TGV,BORDEAUX ST JEAN,7,0.04981684981684981
MASSY TGV,BORDEAUX ST JEAN,8,0.03901098901098901
MASSY TGV,BORDEAUX ST JEAN,9,0.04742647058823529
MASSY TGV,BORDEAUX ST JEAN,10,0.0533210332103321
MASSY TGV,BORDEAUX ST JEAN,11,0.054411764705882354
MASSY TGV,BORDEAUX ST JEAN,12,0.014206642066420664
MASSY TGV,BORDEAUX ST JEAN,13,0.016051660516605164
MASSY TGV,BORDEAUX ST JEAN,14,0.015370370370370371
MASSY TGV,BORDEAUX ST JEAN,15,0.015185185185185184
MASSY TGV,BORDEAUX ST JEAN,16,0.014814814814814815
MASSY TGV,BORDEAUX ST JEAN,17,0.014575645756457565
MASSY TGV,BORDEAUX ST JEAN,18,0.013703703703703704
MASSY TGV,BORDEAUX ST JEAN,19,0.014684014869888476
MASSY TGV,BORDEAUX ST JEAN,20,0.018518518518518517
MASSY TGV,BORDEAUX ST JEAN,21,0.01888888888888889
MASSY TGV,BORDEAUX ST JEAN,22,0.01863468634686347
MASSY TGV,BORDEAUX ST JEAN,23,0.01845018450184502
MASSY TGV,BORDEAUX ST JEAN,24,0.01814814814814815
MASSY TGV,BORDEAUX ST JEAN,25,0.0162962962962963
MASSY TGV,BORDEAUX ST JEAN,26,0.018029739776951673
MASSY TGV,BORDEAUX ST JEAN,27,0.02126865671641791
MASSY TGV,BORDEAUX ST JEAN,28,0.022097378277153558
MASSY TGV,BORDEAUX ST JEAN,29,0.019850187265917602
MASSY TGV,BORDEAUX ST JEAN,30,0.0037593984962406013
MASSY TGV,LA ROCHELLE VILLE,0,0.4264705882352941
MASSY TGV,LA ROCHELLE VILLE,1,0.4117647058823529
MASSY TGV,LA ROCHELLE VILLE,2,0.340625
MASSY TGV,LA ROCHELLE VILLE,3,0.46875
MASSY TGV,LA ROCHELLE VILLE,4,0.01764705882352941
MASSY TGV,LA ROCHELLE VILLE,5,0.011764705882352941
MASSY TGV,LA ROCHELLE VILLE,6,0.0058823529411764705
MASSY TGV,LA ROCHELLE VILLE,7,0.0029411764705882353
MASSY TGV,LA ROCHELLE VILLE,8,0.0
MASSY TGV,LA ROCHELLE VILLE,9,0.0
MASSY TGV,LA ROCHELLE VILLE,10,0.0
MASSY TGV,LA ROCHELLE VILLE,11,0.0029411764705882353
MASSY TGV,LA ROCHELLE VILLE,12,0.0
MASSY TGV,LA ROCHELLE VILLE,13,0.0
MASSY TGV,LA ROCHELLE VILLE,14,0.0
MASSY TGV,LA ROCHELLE VILLE,15,0.0
MASSY TGV,LA ROCHELLE VILLE,16,0.0
MASSY TGV,LA ROCHELLE VILLE,17,0.0058823529411764705
MASSY TGV,LA ROCHELLE VILLE,18,0.0
MASSY TGV,LA ROCHELLE VILLE,19,0.0
MASSY TGV,LA ROCHELLE VILLE,20,0.0
MASSY TGV,LA ROCHELLE VILLE,21,0.0029411764705882353
MASSY TGV,LA ROCHELLE VILLE,22,0.0029411764705882353
MASSY TGV,LA ROCHELLE VILLE,23,0.0
MASSY TGV,LA ROCHELLE VILLE,24,0.0
MASSY TGV,LA ROCHELLE VILLE,25,0.0
MASSY TGV,LA ROCHELLE VILLE,26,0.0
MASSY TGV,LA ROCHELLE VILLE,27,0.0029411764705882353
MASSY TGV,LA ROCHELLE VILLE,28,0.0
MASSY TGV,LA ROCHELLE VILLE,29,0.0029411764705882353
MASSY TGV,LA ROCHELLE VILLE,30,0.0
MASSY TGV,LAVAL,0,0.5125
MASSY TGV,LAVAL,1,0.4666666666666667
MASSY TGV,LAVAL,2,0.546875
MASSY TGV,LAVAL,3,0.5833333333333334
MASSY TGV,LAVAL,4,0.09687499999999999
MASSY TGV,LAVAL,5,0.109375
MASSY TGV,LAVAL,6,0.075
MASSY TGV,LAVAL,7,0.0625
MASSY TGV,LAVAL,8,0.0625
MASSY TGV,LAVAL,9,0.0625
MASSY TGV,LAVAL,10,0.071875
MASSY TGV,LAVAL,11,0.11249999999999999
MASSY TGV,LAVAL,12,0.00625
MASSY TGV,LAVAL,13,0.00625
MASSY TGV,LAVAL,14,0.059375
MASSY TGV,LAVAL,15,0.056249999999999994
MASSY TGV,LAVAL,16,0.046875
MASSY TGV,LAVAL,17,0.06875
MASSY TGV,LAVAL,18,0.06875
MASSY TGV,LAVAL,19,0.065625
MASSY TGV,LAVAL,20,0.06875
MASSY TGV,LAVAL,21,0.078125
MASSY TGV,LAVAL,22,0.165625
MASSY TGV,LAVAL,23,0.1375
MASSY TGV,LAVAL,24,0.1625
MASSY TGV,LAVAL,25,0.1875
MASSY TGV,LAVAL,26,0.090625
MASSY TGV,LAVAL,27,0.11249999999999999
MASSY TGV,LAVAL,28,0.11875
MASSY TGV,LAVAL,29,0.109375
MASSY TGV,LAVAL,30,0.0375
MASSY TGV,LE MANS,0,0.3888724035608309
MASSY TGV,LE MANS,1,0.4102373887240356
MASSY TGV,LE MANS,2,0.41420118343195267
MASSY TGV,LE MANS,3,0.4035502958579882
MASSY TGV,LE MANS,4,0.14156804733727812
MASSY TGV,LE MANS,5,0.14317507418397626
MASSY TGV,LE MANS,6,0.14080118694362018
MASSY TGV,LE MANS,7,0.13768545994065282
MASSY TGV,LE MANS,8,0.1298219584569733
MASSY TGV,LE MANS,9,0.12344213649851632
MASSY TGV,LE MANS,10,0.12782738095238097
MASSY TGV,LE MANS,11,0.13854166666666665
MASSY TGV,LE MANS,12,0.07261904761904761
MASSY TGV,LE MANS,13,0.07462686567164178
MASSY TGV,LE MANS,14,0.0744776119402985
MASSY TGV,LE MANS,15,0.07080838323353293
MASSY TGV,LE MANS,16,0.0681547619047619
MASSY TGV,LE MANS,17,0.06826347305389222
MASSY TGV,LE MANS,18,0.07132132132132132
MASSY TGV,LE MANS,19,0.07394578313253013
MASSY TGV,LE MANS,20,0.0756797583081571
MASSY TGV,LE MANS,21,0.07954545454545454
MASSY TGV,LE MANS,22,0.08799392097264437
MASSY TGV,LE MANS,23,0.08681818181818181
MASSY TGV,LE MANS,24,0.08875379939209727
MASSY TGV,LE MANS,25,0.08996960486322189
MASSY TGV,LE MANS,26,0.0875
MASSY TGV,LE MANS,27,0.08990825688073394
MASSY TGV,LE MANS,28,0.08957055214723926
MASSY TGV,LE MANS,29,0.08784615384615385
MASSY TGV,LE MANS,30,0.015789473684210527
MASSY TGV,LORIENT,0,0.265
MASSY TGV,LORIENT,1,0.20526315789473684
MASSY TGV,LORIENT,2,0.2026315789473684
MASSY TGV,LORIENT,3,0.24500000000000002
MASSY TGV,LORIENT,4,0.10500000000000001
MASSY TGV,LORIENT,5,0.1025
MASSY TGV,LORIENT,6,0.1
MASSY TGV,LORIENT,7,0.0925
MASSY TGV,LORIENT,8,0.065
MASSY TGV,LORIENT,9,0.05500000000000001
MASSY TGV,LORIENT,10,0.075
MASSY TGV,LORIENT,11,0.1275
MASSY TGV,LORIENT,12,0.01
MASSY TGV,LORIENT,13,0.0025
MASSY TGV,LORIENT,14,0.0375
MASSY TGV,LORIENT,15,0.057499999999999996
MASSY TGV,LORIENT,16,0.0475
MASSY TGV,LORIENT,17,0.0475
MASSY TGV,LORIENT,18,0.045
MASSY TGV,LORIENT,19,0.0475
MASSY TGV,LORIENT,20,0.05
MASSY TGV,LORIENT,21,0.05500000000000001
MASSY TGV,LORIENT,22,0.125
MASSY TGV,LORIENT,23,0.11000000000000001
MASSY TGV,LORIENT,24,0.13999999999999999
MASSY TGV,LORIENT,25,0.145
MASSY TGV,LORIENT,26,0.08
MASSY TGV,LORIENT,27,0.1025
MASSY TGV,LORIENT,28,0.10500000000000001
MASSY TGV,LORIENT,29,0.1
MASSY TGV,LORIENT,30,0.0325
MASSY TGV,NANTES,0,0.5741017964071856
MASSY TGV,NANTES,1,0.5965568862275449
MASSY TGV,NANTES,2,0.6040298507462687
MASSY TGV,NANTES,3,0.5979104477611941
MASSY TGV,NANTES,4,0.3217910447761194
MASSY TGV,NANTES,5,0.32814371257485025
MASSY TGV,NANTES,6,0.3332335329341317
MASSY TGV,NANTES,7,0.32020958083832335
MASSY TGV,NANTES,8,0.3194610778443114
MASSY TGV,NANTES,9,0.3194610778443114
MASSY TGV,NANTES,10,0.31392215568862275
MASSY TGV,NANTES,11,0.31302395209580836
MASSY TGV,NANTES,12,0.12027027027027026
MASSY TGV,NANTES,13,0.11246246246246247
MASSY TGV,NANTES,14,0.10675675675675675
MASSY TGV,NANTES,15,0.09728915662650602
MASSY TGV,NANTES,16,0.09081325301204819
MASSY TGV,NANTES,17,0.09003021148036254
MASSY TGV,NANTES,18,0.09181818181818183
MASSY TGV,NANTES,19,0.09589665653495441
MASSY TGV,NANTES,20,0.0972560975609756
MASSY TGV,NANTES,21,0.09862385321100918
MASSY TGV,NANTES,22,0.09923312883435584
MASSY TGV,NANTES,23,0.10091743119266056
MASSY TGV,NANTES,24,0.10291411042944784
MASSY TGV,NANTES,25,0.10368098159509202
MASSY TGV,NANTES,26,0.1033846153846154
MASSY TGV,NANTES,27,0.09999999999999999
MASSY TGV,NANTES,28,0.09783281733746131
MASSY TGV,NANTES,29,0.09549689440993789
MASSY TGV,NANTES,30,0.020872274143302182
MASSY TGV,NIORT,0,0.42058823529411765
MASSY TGV,NIORT,1,0.39705882352941174
MASSY TGV,NIORT,2,0.365625
MASSY TGV,NIORT,3,0.459375
MASSY TGV,NIORT,4,0.011764705882352941
MASSY TGV,NIORT,5,0.0
MASSY TGV,NIORT,6,0.0058823529411764705
MASSY TGV,NIORT,7,0.0029411764705882353
MASSY TGV,NIORT,8,0.0
MASSY TGV,NIORT,9,0.0
MASSY TGV,NIORT,10,0.0
MASSY TGV,NIORT,11,0.0058823529411764705
MASSY TGV,NIORT,12,0.0
MASSY TGV,NIORT,13,0.0
MASSY TGV,NIORT,14,0.0
MASSY TGV,NIORT,15,0.0
MASSY TGV,NIORT,16,0.0
MASSY TGV,NIORT,17,0.0029411764705882353
MASSY TGV,NIORT,18,0.0
MASSY TGV,NIORT,19,0.0
MASSY TGV,NIORT,20,0.0
MASSY TGV,NIORT,21,0.0
MASSY TGV,NIORT,22,0.0
MASSY TGV,NIORT,23,0.0
MASSY TGV,NIORT,24,0.0
MASSY TGV,NIORT,25,0.0
MASSY TGV,NIORT,26,0.0
MASSY TGV,NIORT,27,0.0
MASSY TGV,NIORT,28,0.0
MASSY TGV,NIORT,29,0.0
MASSY TGV,NIORT,30,0.0
MASSY TGV,POITIERS,0,0.1802536231884058
MASSY TGV,POITIERS,1,0.17699275362318842
MASSY TGV,POITIERS,2,0.1741818181818182
MASSY TGV,POITIERS,3,0.1650909090909091
MASSY TGV,POITIERS,4,0.054562043795620435
MASSY TGV,POITIERS,5,0.048351648351648346
MASSY TGV,POITIERS,6,0.046703296703296704
MASSY TGV,POITIERS,7,0.049267399267399266
MASSY TGV,POITIERS,8,0.037545787545787544
MASSY TGV,POITIERS,9,0.04595588235294118
MASSY TGV,POITIERS,10,0.054243542435424355
MASSY TGV,POITIERS,11,0.054411764705882354
MASSY TGV,POITIERS,12,0.014206642066420664
MASSY TGV,POITIERS,13,0.014944649446494464
MASSY TGV,POITIERS,14,0.015185185185185184
MASSY TGV,POITIERS,15,0.014814814814814815
MASSY TGV,POITIERS,16,0.015
MASSY TGV,POITIERS,17,0.014206642066420664
MASSY TGV,POITIERS,18,0.012592592592592593
MASSY TGV,POITIERS,19,0.01449814126394052
MASSY TGV,POITIERS,20,0.018333333333333333
MASSY TGV,POITIERS,21,0.0187037037037037
MASSY TGV,POITIERS,22,0.01845018450184502
MASSY TGV,POITIERS,23,0.018265682656826567
MASSY TGV,POITIERS,24,0.01814814814814815
MASSY TGV,POITIERS,25,0.016481481481481482
MASSY TGV,POITIERS,26,0.018773234200743494
MASSY TGV,POITIERS,27,0.02126865671641791
MASSY TGV,POITIERS,28,0.022097378277153558
MASSY TGV,POITIERS,29,0.017228464419475654
MASSY TGV,POITIERS,30,0.004135338345864662
MASSY TGV,QUIMPER,0,0.27
MASSY TGV,QUIMPER,1,0.22894736842105262
MASSY TGV,QUIMPER,2,0.2210526315789474
MASSY TGV,QUIMPER,3,0.2425
MASSY TGV,QUIMPER,4,0.11000000000000001
MASSY TGV,QUIMPER,5,0.1
MASSY TGV,QUIMPER,6,0.10750000000000001
MASSY TGV,QUIMPER,7,0.1
MASSY TGV,QUIMPER,8,0.057499999999999996
MASSY TGV,QUIMPER,9,0.05750000000000001
MASSY TGV,QUIMPER,10,0.0625
MASSY TGV,QUIMPER,11,0.125
MASSY TGV,QUIMPER,12,0.015
MASSY TGV,QUIMPER,13,0.0125
MASSY TGV,QUIMPER,14,0.05
MASSY TGV,QUIMPER,15,0.0625
MASSY TGV,QUIMPER,16,0.05
MASSY TGV,QUIMPER,17,0.052500000000000005
MASSY TGV,QUIMPER,18,0.057499999999999996
MASSY TGV,QUIMPER,19,0.052500000000000005
MASSY TGV,QUIMPER,20,0.05
MASSY TGV,QUIMPER,21,0.057499999999999996
MASSY TGV,QUIMPER,22,0.125
MASSY TGV,QUIMPER,23,0.11750000000000001
MASSY TGV,QUIMPER,24,0.1325
MASSY TGV,QUIMPER,25,0.14500000000000002
MASSY TGV,QUIMPER,26,0.06999999999999999
MASSY TGV,QUIMPER,27,0.0975
MASSY TGV,QUIMPER,28,0.0775
MASSY TGV,QUIMPER,29,0.085
MASSY TGV,QUIMPER,30,0.03
MASSY TGV,RENNES,0,0.1519298245614035
MASSY TGV,RENNES,1,0.16311188811188812
MASSY TGV,RENNES,2,0.16311188811188812
MASSY TGV,RENNES,3,0.1660839160839161
MASSY TGV,RENNES,4,0.03954703832752613
MASSY TGV,RENNES,5,0.048771929824561404
MASSY TGV,RENNES,6,0.04929824561403509
MASSY TGV,RENNES,7,0.04859154929577465
MASSY TGV,RENNES,8,0.03197879858657244
MASSY TGV,RENNES,9,0.0372791519434629
MASSY TGV,RENNES,10,0.04148936170212766
MASSY TGV,RENNES,11,0.05604982206405694
MASSY TGV,RENNES,12,0.017793594306049824
MASSY TGV,RENNES,13,0.021886120996441282
MASSY TGV,RENNES,14,0.0225
MASSY TGV,RENNES,15,0.02206405693950178
MASSY TGV,RENNES,16,0.021071428571428574
MASSY TGV,RENNES,17,0.022043010752688174
MASSY TGV,RENNES,18,0.025714285714285714
MASSY TGV,RENNES,19,0.02553956834532374
MASSY TGV,RENNES,20,0.025631768953068592
MASSY TGV,RENNES,21,0.025905797101449277
MASSY TGV,RENNES,22,0.030615942028985505
MASSY TGV,RENNES,23,0.030797101449275364
MASSY TGV,RENNES,24,0.032363636363636365
MASSY TGV,RENNES,25,0.0322992700729927
MASSY TGV,RENNES,26,0.029853479853479855
MASSY TGV,RENNES,27,0.03278388278388278
MASSY TGV,RENNES,28,0.03333333333333333
MASSY TGV,RENNES,29,0.03296703296703297
MASSY TGV,RENNES,30,0.006296296296296297
MASSY TGV,ST PIERRE DES CORPS,0,0.4829153605015674
MASSY TGV,ST PIERRE DES CORPS,1,0.48103448275862065
MASSY TGV,ST PIERRE DES CORPS,2,0.46226415094339623
MASSY TGV,ST PIERRE DES CORPS,3,0.4517295597484277
MASSY TGV,ST PIERRE DES CORPS,4,0.24449685534591195
MASSY TGV,ST PIERRE DES CORPS,5,0.25694006309148265
MASSY TGV,ST PIERRE DES CORPS,6,0.2416403785488959
MASSY TGV,ST PIERRE DES CORPS,7,0.23154574132492114
MASSY TGV,ST PIERRE DES CORPS,8,0.22034700315457412
MASSY TGV,ST PIERRE DES CORPS,9,0.19382911392405064
MASSY TGV,ST PIERRE DES CORPS,10,0.16835443037974684
MASSY TGV,ST PIERRE DES CORPS,11,0.16545741324921137
MASSY TGV,ST PIERRE DES CORPS,12,0.03512658227848101
MASSY TGV,ST PIERRE DES CORPS,13,0.03180379746835443
MASSY TGV,ST PIERRE DES CORPS,14,0.030476190476190476
MASSY TGV,ST PIERRE DES CORPS,15,0.028888888888888888
MASSY TGV,ST PIERRE DES CORPS,16,0.02643312101910828
MASSY TGV,ST PIERRE DES CORPS,17,0.024600638977635782
MASSY TGV,ST PIERRE DES CORPS,18,0.02220447284345048
MASSY TGV,ST PIERRE DES CORPS,19,0.022435897435897436
MASSY TGV,ST PIERRE DES CORPS,20,0.024999999999999998
MASSY TGV,ST PIERRE DES CORPS,21,0.022275641025641026
MASSY TGV,ST PIERRE DES CORPS,22,0.019329073482428114
MASSY TGV,ST PIERRE DES CORPS,23,0.016773162939297124
MASSY TGV,ST PIERRE DES CORPS,24,0.016025641025641024
MASSY TGV,ST PIERRE DES CORPS,25,0.013987138263665596
MASSY TGV,ST PIERRE DES CORPS,26,0.016774193548387096
MASSY TGV,ST PIERRE DES CORPS,27,0.019417475728155338
MASSY TGV,ST PIERRE DES CORPS,28,0.021753246753246754
MASSY TGV,ST PIERRE DES CORPS,29,0.02159090909090909
MASSY TGV,ST PIERRE DES CORPS,30,0.0037581699346405225
MASSY TGV,VANNES,0,0.2625
MASSY TGV,VANNES,1,0.2157894736842105
MASSY TGV,VANNES,2,0.2157894736842105
MASSY TGV,VANNES,3,0.2525
MASSY TGV,VANNES,4,0.1075
MASSY TGV,VANNES,5,0.10500000000000001
MASSY TGV,VANNES,6,0.1
MASSY TGV,VANNES,7,0.0925
MASSY TGV,VANNES,8,0.057499999999999996
MASSY TGV,VANNES,9,0.052500000000000005
MASSY TGV,VANNES,10,0.075
MASSY TGV,VANNES,11,0.10250000000000001
MASSY TGV,VANNES,12,0.005
MASSY TGV,VANNES,13,0.005
MASSY TGV,VANNES,14,0.042499999999999996
MASSY TGV,VANNES,15,0.04
MASSY TGV,VANNES,16,0.045
MASSY TGV,VANNES,17,0.057499999999999996
MASSY TGV,VANNES,18,0.042499999999999996
MASSY TGV,VANNES,19,0.0475
MASSY TGV,VANNES,20,0.05
MASSY TGV,VANNES,21,0.06
MASSY TGV,VANNES,22,0.125
MASSY TGV,VANNES,23,0.10500000000000001
MASSY TGV,VANNES,24,0.13
MASSY TGV,VANNES,25,0.1375
MASSY TGV,VANNES,26,0.0675
MASSY TGV,VANNES,27,0.0875
MASSY TGV,VANNES,28,0.0975
MASSY TGV,VANNES,29,0.0875
MASSY TGV,VANNES,30,0.027500000000000004
MEUSE TGV,AEROPORT ROISSY CDG 2 TGV,0,0.4386039886039886
MEUSE TGV,AEROPORT ROISSY CDG 2 TGV,1,0.46153846153846156
MEUSE TGV,AEROPORT ROISSY CDG 2 TGV,2,0.4636752136752137
MEUSE TGV,AEROPORT ROISSY CDG 2 TGV,3,0.4676638176638177
MEUSE TGV,AEROPORT ROISSY CDG 2 TGV,4,0.27834757834757834
MEUSE TGV,AEROPORT ROISSY CDG 2 TGV,5,0.28914285714285715
MEUSE TGV,AEROPORT ROISSY CDG 2 TGV,6,0.2968571428571429
MEUSE TGV,AEROPORT ROISSY CDG 2 TGV,7,0.3067142857142857
MEUSE TGV,AEROPORT ROISSY CDG 2 TGV,8,0.29228571428571426
MEUSE TGV,AEROPORT ROISSY CDG 2 TGV,9,0.28900000000000003
MEUSE TGV,AEROPORT ROISSY CDG 2 TGV,10,0.29770773638968484
MEUSE TGV,AEROPORT ROISSY CDG 2 TGV,11,0.2932664756446991
MEUSE TGV,AEROPORT ROISSY CDG 2 TGV,12,0.09742120343839542
MEUSE TGV,AEROPORT ROISSY CDG 2 TGV,13,0.09584527220630373
MEUSE TGV,AEROPORT ROISSY CDG 2 TGV,14,0.09568965517241379
MEUSE TGV,AEROPORT ROISSY CDG 2 TGV,15,0.09827586206896552
MEUSE TGV,AEROPORT ROISSY CDG 2 TGV,16,0.098567335243553
MEUSE TGV,AEROPORT ROISSY CDG 2 TGV,17,0.10114942528735633
MEUSE TGV,AEROPORT ROISSY CDG 2 TGV,18,0.09495677233429396
MEUSE TGV,AEROPORT ROISSY CDG 2 TGV,19,0.09899135446685879
MEUSE TGV,AEROPORT ROISSY CDG 2 TGV,20,0.10619596541786744
MEUSE TGV,AEROPORT ROISSY CDG 2 TGV,21,0.11311239193083573
MEUSE TGV,AEROPORT ROISSY CDG 2 TGV,22,0.1132564841498559
MEUSE TGV,AEROPORT ROISSY CDG 2 TGV,23,0.10847701149425287
MEUSE TGV,AEROPORT ROISSY CDG 2 TGV,24,0.11095100864553314
MEUSE TGV,AEROPORT ROISSY CDG 2 TGV,25,0.11455331412103746
MEUSE TGV,AEROPORT ROISSY CDG 2 TGV,26,0.1138728323699422
MEUSE TGV,AEROPORT ROISSY CDG 2 TGV,27,0.11695652173913045
MEUSE TGV,AEROPORT ROISSY CDG 2 TGV,28,0.11046511627906977
MEUSE TGV,AEROPORT ROISSY CDG 2 TGV,29,0.10597667638483965
MEUSE TGV,AEROPORT ROISSY CDG 2 TGV,30,0.021114369501466276
MEUSE TGV,ANGERS SAINT LAUD,0,0.3516778523489933
MEUSE TGV,ANGERS SAINT LAUD,1,0.3756711409395973
MEUSE TGV,ANGERS SAINT LAUD,2,0.36683333333333334
MEUSE TGV,ANGERS SAINT LAUD,3,0.3581666666666667
MEUSE TGV,ANGERS SAINT LAUD,4,0.22474916387959867
MEUSE TGV,ANGERS SAINT LAUD,5,0.2327181208053691
MEUSE TGV,ANGERS SAINT LAUD,6,0.23976510067114096
MEUSE TGV,ANGERS SAINT LAUD,7,0.23812709030100335
MEUSE TGV,ANGERS SAINT LAUD,8,0.2429530201342282
MEUSE TGV,ANGERS SAINT LAUD,9,0.21800000000000003
MEUSE TGV,ANGERS SAINT LAUD,10,0.2209731543624161
MEUSE TGV,ANGERS SAINT LAUD,11,0.20704697986577184
MEUSE TGV,ANGERS SAINT LAUD,12,0.06212121212121212
MEUSE TGV,ANGERS SAINT LAUD,13,0.05912162162162162
MEUSE TGV,ANGERS SAINT LAUD,14,0.061355932203389835
MEUSE TGV,ANGERS SAINT LAUD,15,0.05918367346938775
MEUSE TGV,ANGERS SAINT LAUD,16,0.05827702702702703
MEUSE TGV,ANGERS SAINT LAUD,17,0.06169491525423729
MEUSE TGV,ANGERS SAINT LAUD,18,0.06156462585034014
MEUSE TGV,ANGERS SAINT LAUD,19,0.06467576791808874
MEUSE TGV,ANGERS SAINT LAUD,20,0.06575342465753424
MEUSE TGV,ANGERS SAINT LAUD,21,0.06797945205479453
MEUSE TGV,ANGERS SAINT LAUD,22,0.07164948453608248
MEUSE TGV,ANGERS SAINT LAUD,23,0.06928327645051195
MEUSE TGV,ANGERS SAINT LAUD,24,0.07106164383561644
MEUSE TGV,ANGERS SAINT LAUD,25,0.0696917808219178
MEUSE TGV,ANGERS SAINT LAUD,26,0.06924398625429552
MEUSE TGV,ANGERS SAINT LAUD,27,0.0696551724137931
MEUSE TGV,ANGERS SAINT LAUD,28,0.07024221453287198
MEUSE TGV,ANGERS SAINT LAUD,29,0.06666666666666667
MEUSE TGV,ANGERS SAINT LAUD,30,0.011764705882352941
MEUSE TGV,ANGOULEME,0,0.1655677655677656
MEUSE TGV,ANGOULEME,1,0.1718978102189781
MEUSE TGV,ANGOULEME,2,0.15919117647058822
MEUSE TGV,ANGOULEME,3,0.15274725274725276
MEUSE TGV,ANGOULEME,4,0.0481549815498155
MEUSE TGV,ANGOULEME,5,0.04111111111111111
MEUSE TGV,ANGOULEME,6,0.0387037037037037
MEUSE TGV,ANGOULEME,7,0.04
MEUSE TGV,ANGOULEME,8,0.03333333333333333
MEUSE TGV,ANGOULEME,9,0.043494423791821564
MEUSE TGV,ANGOULEME,10,0.05615671641791045
MEUSE TGV,ANGOULEME,11,0.05631970260223049
MEUSE TGV,ANGOULEME,12,0.01044776119402985
MEUSE TGV,ANGOULEME,13,0.014925373134328358
MEUSE TGV,ANGOULEME,14,0.015917602996254682
MEUSE TGV,ANGOULEME,15,0.017790262172284643
MEUSE TGV,ANGOULEME,16,0.015917602996254682
MEUSE TGV,ANGOULEME,17,0.016231343283582087
MEUSE TGV,ANGOULEME,18,0.01610486891385768
MEUSE TGV,ANGOULEME,19,0.01898496240601504
MEUSE TGV,ANGOULEME,20,0.022097378277153558
MEUSE TGV,ANGOULEME,21,0.022659176029962546
MEUSE TGV,ANGOULEME,22,0.022574626865671642
MEUSE TGV,ANGOULEME,23,0.019402985074626865
MEUSE TGV,ANGOULEME,24,0.01853932584269663
MEUSE TGV,ANGOULEME,25,0.01610486891385768
MEUSE TGV,ANGOULEME,26,0.019736842105263157
MEUSE TGV,ANGOULEME,27,0.023018867924528303
MEUSE TGV,ANGOULEME,28,0.01893939393939394
MEUSE TGV,ANGOULEME,29,0.017424242424242422
MEUSE TGV,ANGOULEME,30,0.005703422053231939
MEUSE TGV,AURAY,0,0.08461538461538462
MEUSE TGV,AURAY,1,0.1
MEUSE TGV,AURAY,2,0.0375
MEUSE TGV,AURAY,3,0.11538461538461539
MEUSE TGV,AURAY,4,0.09615384615384616
MEUSE TGV,AURAY,5,0.07692307692307693
MEUSE TGV,AURAY,6,0.08076923076923077
MEUSE TGV,AURAY,7,0.08461538461538462
MEUSE TGV,AURAY,8,0.07692307692307693
MEUSE TGV,AURAY,9,0.07307692307692308
MEUSE TGV,AURAY,10,0.07692307692307693
MEUSE TGV,AURAY,11,0.07307692307692307
MEUSE TGV,AURAY,12,0.0038461538461538464
MEUSE TGV,AURAY,13,0.0
MEUSE TGV,AURAY,14,0.0
MEUSE TGV,AURAY,15,0.0
MEUSE TGV,AURAY,16,0.0
MEUSE TGV,AURAY,17,0.0
MEUSE TGV,AURAY,18,0.0
MEUSE TGV,AURAY,19,0.0
MEUSE TGV,AURAY,20,0.0
MEUSE TGV,AURAY,21,0.0
MEUSE TGV,AURAY,22,0.0
MEUSE TGV,AURAY,23,0.0
MEUSE TGV,AURAY,24,0.0
MEUSE TGV,AURAY,25,0.0
MEUSE TGV,AURAY,26,0.0
MEUSE TGV,AURAY,27,0.0
MEUSE TGV,AURAY,28,0.0
MEUSE TGV,AURAY,29,0.0
MEUSE TGV,AURAY,30,0.0
MEUSE TGV,BORDEAUX ST JEAN,0,0.16153846153846155
MEUSE TGV,BORDEAUX ST JEAN,1,0.1728102189781022
MEUSE TGV,BORDEAUX ST JEAN,2,0.16397058823529412
MEUSE TGV,BORDEAUX ST JEAN,3,0.15531135531135531
MEUSE TGV,BORDEAUX ST JEAN,4,0.048892988929889296
MEUSE TGV,BORDEAUX ST JEAN,5,0.04148148148148148
MEUSE TGV,BORDEAUX ST JEAN,6,0.04203703703703703
MEUSE TGV,BORDEAUX ST JEAN,7,0.04240740740740741
MEUSE TGV,BORDEAUX ST JEAN,8,0.033518518518518524
MEUSE TGV,BORDEAUX ST JEAN,9,0.042193308550185875
MEUSE TGV,BORDEAUX ST JEAN,10,0.05559701492537313
MEUSE TGV,BORDEAUX ST JEAN,11,0.05687732342007435
MEUSE TGV,BORDEAUX ST JEAN,12,0.011940298507462687
MEUSE TGV,BORDEAUX ST JEAN,13,0.014552238805970149
MEUSE TGV,BORDEAUX ST JEAN,14,0.015730337078651686
MEUSE TGV,BORDEAUX ST JEAN,15,0.017228464419475654
MEUSE TGV,BORDEAUX ST JEAN,16,0.01554307116104869
MEUSE TGV,BORDEAUX ST JEAN,17,0.015111940298507463
MEUSE TGV,BORDEAUX ST JEAN,18,0.015917602996254682
MEUSE TGV,BORDEAUX ST JEAN,19,0.017669172932330827
MEUSE TGV,BORDEAUX ST JEAN,20,0.02247191011235955
MEUSE TGV,BORDEAUX ST JEAN,21,0.023220973782771537
MEUSE TGV,BORDEAUX ST JEAN,22,0.021828358208955224
MEUSE TGV,BORDEAUX ST JEAN,23,0.019216417910447762
MEUSE TGV,BORDEAUX ST JEAN,24,0.018164794007490635
MEUSE TGV,BORDEAUX ST JEAN,25,0.016853932584269662
MEUSE TGV,BORDEAUX ST JEAN,26,0.0193609022556391
MEUSE TGV,BORDEAUX ST JEAN,27,0.021320754716981135
MEUSE TGV,BORDEAUX ST JEAN,28,0.01893939393939394
MEUSE TGV,BORDEAUX ST JEAN,29,0.01571969696969697
MEUSE TGV,BORDEAUX ST JEAN,30,0.004752851711026616
MEUSE TGV,CHAMPAGNE ARDENNE TGV,0,0.7065527065527065
MEUSE TGV,CHAMPAGNE ARDENNE TGV,1,0.6994301994301995
MEUSE TGV,CHAMPAGNE ARDENNE TGV,2,0.705982905982906
MEUSE TGV,CHAMPAGNE ARDENNE TGV,3,0.7011396011396012
MEUSE TGV,CHAMPAGNE ARDENNE TGV,4,0.5534188034188035
MEUSE TGV,CHAMPAGNE ARDENNE TGV,5,0.5668571428571428
MEUSE TGV,CHAMPAGNE ARDENNE TGV,6,0.5728571428571428
MEUSE TGV,CHAMPAGNE ARDENNE TGV,7,0.5664285714285714
MEUSE TGV,CHAMPAGNE ARDENNE TGV,8,0.5548571428571428
MEUSE TGV,CHAMPAGNE ARDENNE TGV,9,0.5387142857142857
MEUSE TGV,CHAMPAGNE ARDENNE TGV,10,0.538538681948424
MEUSE TGV,CHAMPAGNE ARDENNE TGV,11,0.5379656160458453
MEUSE TGV,CHAMPAGNE ARDENNE TGV,12,0.3303724928366762
MEUSE TGV,CHAMPAGNE ARDENNE TGV,13,0.3312320916905444
MEUSE TGV,CHAMPAGNE ARDENNE TGV,14,0.32729885057471264
MEUSE TGV,CHAMPAGNE ARDENNE TGV,15,0.32701149425287357
MEUSE TGV,CHAMPAGNE ARDENNE TGV,16,0.32707736389684816
MEUSE TGV,CHAMPAGNE ARDENNE TGV,17,0.32025862068965516
MEUSE TGV,CHAMPAGNE ARDENNE TGV,18,0.3319884726224784
MEUSE TGV,CHAMPAGNE ARDENNE TGV,19,0.3347262247838617
MEUSE TGV,CHAMPAGNE ARDENNE TGV,20,0.3351585014409222
MEUSE TGV,CHAMPAGNE ARDENNE TGV,21,0.33487031700288183
MEUSE TGV,CHAMPAGNE ARDENNE TGV,22,0.33847262247838616
MEUSE TGV,CHAMPAGNE ARDENNE TGV,23,0.33477011494252873
MEUSE TGV,CHAMPAGNE ARDENNE TGV,24,0.32319884726224785
MEUSE TGV,CHAMPAGNE ARDENNE TGV,25,0.31556195965417866
MEUSE TGV,CHAMPAGNE ARDENNE TGV,26,0.3078034682080925
MEUSE TGV,CHAMPAGNE ARDENNE TGV,27,0.3010144927536232
MEUSE TGV,CHAMPAGNE ARDENNE TGV,28,0.3011627906976744
MEUSE TGV,CHAMPAGNE ARDENNE TGV,29,0.2922740524781341
MEUSE TGV,CHAMPAGNE ARDENNE TGV,30,0.054105571847507326
MEUSE TGV,LE MANS,0,0.36676470588235294
MEUSE TGV,LE MANS,1,0.3832352941176471
MEUSE TGV,LE MANS,2,0.3914956011730205
MEUSE TGV,LE MANS,3,0.3862170087976539
MEUSE TGV,LE MANS,4,0.22258064516129034
MEUSE TGV,LE MANS,5,0.24220588235294116
MEUSE TGV,LE MANS,6,0.24294117647058822
MEUSE TGV,LE MANS,7,0.23897058823529413
MEUSE TGV,LE MANS,8,0.23584070796460177
MEUSE TGV,LE MANS,9,0.22079646017699114
MEUSE TGV,LE MANS,10,0.22810650887573963
MEUSE TGV,LE MANS,11,0.22544378698224854
MEUSE TGV,LE MANS,12,0.06937869822485207
MEUSE TGV,LE MANS,13,0.06839762611275965
MEUSE TGV,LE MANS,14,0.07053571428571428
MEUSE TGV,LE MANS,15,0.06701492537313433
MEUSE TGV,LE MANS,16,0.06513353115727002
MEUSE TGV,LE MANS,17,0.06880597014925373
MEUSE TGV,LE MANS,18,0.07230538922155688
MEUSE TGV,LE MANS,19,0.07477477477477477
MEUSE TGV,LE MANS,20,0.07605421686746988
MEUSE TGV,LE MANS,21,0.0783987915407855
MEUSE TGV,LE MANS,22,0.08136363636363637
MEUSE TGV,LE MANS,23,0.08066465256797582
MEUSE TGV,LE MANS,24,0.08378787878787879
MEUSE TGV,LE MANS,25,0.08363636363636365
MEUSE TGV,LE MANS,26,0.08556231003039513
MEUSE TGV,LE MANS,27,0.08429878048780487
MEUSE TGV,LE MANS,28,0.08486238532110092
MEUSE TGV,LE MANS,29,0.08312883435582823
MEUSE TGV,LE MANS,30,0.014506172839506174
MEUSE TGV,LORIENT,0,0.08461538461538462
MEUSE TGV,LORIENT,1,0.09615384615384616
MEUSE TGV,LORIENT,2,0.041666666666666664
MEUSE TGV,LORIENT,3,0.0923076923076923
MEUSE TGV,LORIENT,4,0.1
MEUSE TGV,LORIENT,5,0.08076923076923077
MEUSE TGV,LORIENT,6,0.08076923076923077
MEUSE TGV,LORIENT,7,0.07307692307692307
MEUSE TGV,LORIENT,8,0.07307692307692307
MEUSE TGV,LORIENT,9,0.07692307692307693
MEUSE TGV,LORIENT,10,0.08846153846153845
MEUSE TGV,LORIENT,11,0.08461538461538462
MEUSE TGV,LORIENT,12,0.0
MEUSE TGV,LORIENT,13,0.0
MEUSE TGV,LORIENT,14,0.0
MEUSE TGV,LORIENT,15,0.0
MEUSE TGV,LORIENT,16,0.0
MEUSE TGV,LORIENT,17,0.0
MEUSE TGV,LORIENT,18,0.0038461538461538464
MEUSE TGV,LORIENT,19,0.0038461538461538464
MEUSE TGV,LORIENT,20,0.0
MEUSE TGV,LORIENT,21,0.0
MEUSE TGV,LORIENT,22,0.0
MEUSE TGV,LORIENT,23,0.0
MEUSE TGV,LORIENT,24,0.0
MEUSE TGV,LORIENT,25,0.0
MEUSE TGV,LORIENT,26,0.0038461538461538464
MEUSE TGV,LORIENT,27,0.0038461538461538464
MEUSE TGV,LORIENT,28,0.0
MEUSE TGV,LORIENT,29,0.0
MEUSE TGV,LORIENT,30,0.0
MEUSE TGV,MARNE LA VALLEE CHESSY,0,0.4417378917378918
MEUSE TGV,MARNE LA VALLEE CHESSY,1,0.4552706552706553
MEUSE TGV,MARNE LA VALLEE CHESSY,2,0.4628205128205128
MEUSE TGV,MARNE LA VALLEE CHESSY,3,0.470940170940171
MEUSE TGV,MARNE LA VALLEE CHESSY,4,0.2710826210826211
MEUSE TGV,MARNE LA VALLEE CHESSY,5,0.29028571428571426
MEUSE TGV,MARNE LA VALLEE CHESSY,6,0.2947142857142857
MEUSE TGV,MARNE LA VALLEE CHESSY,7,0.3028571428571429
MEUSE TGV,MARNE LA VALLEE CHESSY,8,0.2914285714285714
MEUSE TGV,MARNE LA VALLEE CHESSY,9,0.28228571428571425
MEUSE TGV,MARNE LA VALLEE CHESSY,10,0.29297994269340977
MEUSE TGV,MARNE LA VALLEE CHESSY,11,0.29169054441260744
MEUSE TGV,MARNE LA VALLEE CHESSY,12,0.09598853868194843
MEUSE TGV,MARNE LA VALLEE CHESSY,13,0.09541547277936963
MEUSE TGV,MARNE LA VALLEE CHESSY,14,0.09827586206896552
MEUSE TGV,MARNE LA VALLEE CHESSY,15,0.10344827586206896
MEUSE TGV,MARNE LA VALLEE CHESSY,16,0.10257879656160458
MEUSE TGV,MARNE LA VALLEE CHESSY,17,0.10344827586206896
MEUSE TGV,MARNE LA VALLEE CHESSY,18,0.1010086455331412
MEUSE TGV,MARNE LA VALLEE CHESSY,19,0.10331412103746399
MEUSE TGV,MARNE LA VALLEE CHESSY,20,0.10806916426512968
MEUSE TGV,MARNE LA VALLEE CHESSY,21,0.11570605187319884
MEUSE TGV,MARNE LA VALLEE CHESSY,22,0.11527377521613832
MEUSE TGV,MARNE LA VALLEE CHESSY,23,0.11020114942528736
MEUSE TGV,MARNE LA VALLEE CHESSY,24,0.11268011527377522
MEUSE TGV,MARNE LA VALLEE CHESSY,25,0.11455331412103746
MEUSE TGV,MARNE LA VALLEE CHESSY,26,0.11734104046242776
MEUSE TGV,MARNE LA VALLEE CHESSY,27,0.11782608695652173
MEUSE TGV,MARNE LA VALLEE CHESSY,28,0.1125
MEUSE TGV,MARNE LA VALLEE CHESSY,29,0.10597667638483965
MEUSE TGV,MARNE LA VALLEE CHESSY,30,0.021407624633431085
MEUSE TGV,MASSY TGV,0,0.42827988338192424
MEUSE TGV,MASSY TGV,1,0.44883381924198246
MEUSE TGV,MASSY TGV,2,0.44795918367346943
MEUSE TGV,MASSY TGV,3,0.4505830903790088
MEUSE TGV,MASSY TGV,4,0.27332361516034986
MEUSE TGV,MASSY TGV,5,0.28888888888888886
MEUSE TGV,MASSY TGV,6,0.2940058479532164
MEUSE TGV,MASSY TGV,7,0.29649122807017547
MEUSE TGV,MASSY TGV,8,0.2885964912280702
MEUSE TGV,MASSY TGV,9,0.27880116959064327
MEUSE TGV,MASSY TGV,10,0.2895894428152493
MEUSE TGV,MASSY TGV,11,0.28035190615835776
MEUSE TGV,MASSY TGV,12,0.09501466275659824
MEUSE TGV,MASSY TGV,13,0.09442815249266863
MEUSE TGV,MASSY TGV,14,0.09588235294117647
MEUSE TGV,MASSY TGV,15,0.09823529411764706
MEUSE TGV,MASSY TGV,16,0.10117302052785923
MEUSE TGV,MASSY TGV,17,0.10205882352941177
MEUSE TGV,MASSY TGV,18,0.0976401179941003
MEUSE TGV,MASSY TGV,19,0.10029498525073746
MEUSE TGV,MASSY TGV,20,0.10530973451327434
MEUSE TGV,MASSY TGV,21,0.11312684365781711
MEUSE TGV,MASSY TGV,22,0.11238938053097346
MEUSE TGV,MASSY TGV,23,0.10926470588235293
MEUSE TGV,MASSY TGV,24,0.11002949852507374
MEUSE TGV,MASSY TGV,25,0.1116519174041298
MEUSE TGV,MASSY TGV,26,0.1143491124260355
MEUSE TGV,MASSY TGV,27,0.11572700296735905
MEUSE TGV,MASSY TGV,28,0.11145833333333334
MEUSE TGV,MASSY TGV,29,0.10611940298507462
MEUSE TGV,MASSY TGV,30,0.02132132132132132
MEUSE TGV,NANTES,0,0.3548657718120805
MEUSE TGV,NANTES,1,0.37365771812080534
MEUSE TGV,NANTES,2,0.3646666666666667
MEUSE TGV,NANTES,3,0.35933333333333334
MEUSE TGV,NANTES,4,0.2269230769230769
MEUSE TGV,NANTES,5,0.2370805369127517
MEUSE TGV,NANTES,6,0.24093959731543624
MEUSE TGV,NANTES,7,0.23745819397993312
MEUSE TGV,NANTES,8,0.23825503355704697
MEUSE TGV,NANTES,9,0.21583333333333332
MEUSE TGV,NANTES,10,0.2196308724832215
MEUSE TGV,NANTES,11,0.20704697986577184
MEUSE TGV,NANTES,12,0.06481481481481481
MEUSE TGV,NANTES,13,0.05962837837837837
MEUSE TGV,NANTES,14,0.06033898305084746
MEUSE TGV,NANTES,15,0.058503401360544216
MEUSE TGV,NANTES,16,0.05777027027027028
MEUSE TGV,NANTES,17,0.06067796610169491
MEUSE TGV,NANTES,18,0.062414965986394566
MEUSE TGV,NANTES,19,0.06416382252559727
MEUSE TGV,NANTES,20,0.0648972602739726
MEUSE TGV,NANTES,21,0.06815068493150685
MEUSE TGV,NANTES,22,0.070446735395189
MEUSE TGV,NANTES,23,0.0689419795221843
MEUSE TGV,NANTES,24,0.0714041095890411
MEUSE TGV,NANTES,25,0.06934931506849315
MEUSE TGV,NANTES,26,0.06993127147766323
MEUSE TGV,NANTES,27,0.06982758620689655
MEUSE TGV,NANTES,28,0.06851211072664361
MEUSE TGV,NANTES,29,0.06440972222222223
MEUSE TGV,NANTES,30,0.014013840830449827
MEUSE TGV,POITIERS,0,0.15989010989010988
MEUSE TGV,POITIERS,1,0.1686131386861314
MEUSE TGV,POITIERS,2,0.16029411764705884
MEUSE TGV,POITIERS,3,0.15164835164835164
MEUSE TGV,POITIERS,4,0.048892988929889296
MEUSE TGV,POITIERS,5,0.04277777777777778
MEUSE TGV,POITIERS,6,0.044444444444444446
MEUSE TGV,POITIERS,7,0.042222222222222223
MEUSE TGV,POITIERS,8,0.034444444444444444
MEUSE TGV,POITIERS,9,0.044423791821561344
MEUSE TGV,POITIERS,10,0.057276119402985076
MEUSE TGV,POITIERS,11,0.05743494423791822
MEUSE TGV,POITIERS,12,0.010261194029850746
MEUSE TGV,POITIERS,13,0.013619402985074627
MEUSE TGV,POITIERS,14,0.01554307116104869
MEUSE TGV,POITIERS,15,0.017415730337078654
MEUSE TGV,POITIERS,16,0.015730337078651686
MEUSE TGV,POITIERS,17,0.015485074626865674
MEUSE TGV,POITIERS,18,0.015730337078651686
MEUSE TGV,POITIERS,19,0.01842105263157895
MEUSE TGV,POITIERS,20,0.022284644194756554
MEUSE TGV,POITIERS,21,0.022284644194756554
MEUSE TGV,POITIERS,22,0.022574626865671642
MEUSE TGV,POITIERS,23,0.02033582089552239
MEUSE TGV,POITIERS,24,0.019288389513108614
MEUSE TGV,POITIERS,25,0.016853932584269662
MEUSE TGV,POITIERS,26,0.01992481203007519
MEUSE TGV,POITIERS,27,0.022452830188679246
MEUSE TGV,POITIERS,28,0.020833333333333332
MEUSE TGV,POITIERS,29,0.01590909090909091
MEUSE TGV,POITIERS,30,0.0028517110266159697
MEUSE TGV,QUIMPER,0,0.10769230769230768
MEUSE TGV,QUIMPER,1,0.10769230769230768
MEUSE TGV,QUIMPER,2,0.012500000000000002
MEUSE TGV,QUIMPER,3,0.10384615384615385
MEUSE TGV,QUIMPER,4,0.08461538461538462
MEUSE TGV,QUIMPER,5,0.08461538461538462
MEUSE TGV,QUIMPER,6,0.08076923076923077
MEUSE TGV,QUIMPER,7,0.07692307692307693
MEUSE TGV,QUIMPER,8,0.07307692307692307
MEUSE TGV,QUIMPER,9,0.07692307692307693
MEUSE TGV,QUIMPER,10,0.08076923076923077
MEUSE TGV,QUIMPER,11,0.07692307692307693
MEUSE TGV,QUIMPER,12,0.0
MEUSE TGV,QUIMPER,13,0.0
MEUSE TGV,QUIMPER,14,0.0
MEUSE TGV,QUIMPER,15,0.0
MEUSE TGV,QUIMPER,16,0.0
MEUSE TGV,QUIMPER,17,0.0
MEUSE TGV,QUIMPER,18,0.0
MEUSE TGV,QUIMPER,19,0.0
MEUSE TGV,QUIMPER,20,0.0
MEUSE TGV,QUIMPER,21,0.0
MEUSE TGV,QUIMPER,22,0.0
MEUSE TGV,QUIMPER,23,0.0
MEUSE TGV,QUIMPER,24,0.0
MEUSE TGV,QUIMPER,25,0.0
MEUSE TGV,QUIMPER,26,0.0
MEUSE TGV,QUIMPER,27,0.0
MEUSE TGV,QUIMPER,28,0.0
MEUSE TGV,QUIMPER,29,0.0
MEUSE TGV,QUIMPER,30,0.0
MEUSE TGV,RENNES,0,0.12059859154929578
MEUSE TGV,RENNES,1,0.12666666666666668
MEUSE TGV,RENNES,2,0.13350877192982455
MEUSE TGV,RENNES,3,0.12842105263157896
MEUSE TGV,RENNES,4,0.03496503496503497
MEUSE TGV,RENNES,5,0.04841549295774648
MEUSE TGV,RENNES,6,0.04137323943661972
MEUSE TGV,RENNES,7,0.04487632508833922
MEUSE TGV,RENNES,8,0.03421985815602837
MEUSE TGV,RENNES,9,0.033865248226950355
MEUSE TGV,RENNES,10,0.04252669039145907
MEUSE TGV,RENNES,11,0.05625
MEUSE TGV,RENNES,12,0.016964285714285713
MEUSE TGV,RENNES,13,0.020178571428571428
MEUSE TGV,RENNES,14,0.02132616487455197
MEUSE TGV,RENNES,15,0.018571428571428572
MEUSE TGV,RENNES,16,0.01845878136200717
MEUSE TGV,RENNES,17,0.01942446043165468
MEUSE TGV,RENNES,18,0.021684587813620072
MEUSE TGV,RENNES,19,0.022382671480144407
MEUSE TGV,RENNES,20,0.02246376811594203
MEUSE TGV,RENNES,21,0.022363636363636363
MEUSE TGV,RENNES,22,0.02218181818181818
MEUSE TGV,RENNES,23,0.02218181818181818
MEUSE TGV,RENNES,24,0.024999999999999998
MEUSE TGV,RENNES,25,0.026007326007326005
MEUSE TGV,RENNES,26,0.030514705882352944
MEUSE TGV,RENNES,27,0.02904411764705882
MEUSE TGV,RENNES,28,0.02977941176470588
MEUSE TGV,RENNES,29,0.03180147058823529
MEUSE TGV,RENNES,30,0.008364312267657992
MEUSE TGV,ST PIERRE DES CORPS,0,0.16739926739926742
MEUSE TGV,ST PIERRE DES CORPS,1,0.17408759124087592
MEUSE TGV,ST PIERRE DES CORPS,2,0.16323529411764706
MEUSE TGV,ST PIERRE DES CORPS,3,0.15824175824175826
MEUSE TGV,ST PIERRE DES CORPS,4,0.04907749077490775
MEUSE TGV,ST PIERRE DES CORPS,5,0.04777777777777778
MEUSE TGV,ST PIERRE DES CORPS,6,0.04518518518518518
MEUSE TGV,ST PIERRE DES CORPS,7,0.04518518518518518
MEUSE TGV,ST PIERRE DES CORPS,8,0.03648148148148148
MEUSE TGV,ST PIERRE DES CORPS,9,0.047026022304832715
MEUSE TGV,ST PIERRE DES CORPS,10,0.058022388059701495
MEUSE TGV,ST PIERRE DES CORPS,11,0.06078066914498142
MEUSE TGV,ST PIERRE DES CORPS,12,0.01044776119402985
MEUSE TGV,ST PIERRE DES CORPS,13,0.014738805970149255
MEUSE TGV,ST PIERRE DES CORPS,14,0.016666666666666666
MEUSE TGV,ST PIERRE DES CORPS,15,0.017790262172284643
MEUSE TGV,ST PIERRE DES CORPS,16,0.016853932584269662
MEUSE TGV,ST PIERRE DES CORPS,17,0.01585820895522388
MEUSE TGV,ST PIERRE DES CORPS,18,0.016292134831460674
MEUSE TGV,ST PIERRE DES CORPS,19,0.018045112781954885
MEUSE TGV,ST PIERRE DES CORPS,20,0.022659176029962546
MEUSE TGV,ST PIERRE DES CORPS,21,0.022846441947565542
MEUSE TGV,ST PIERRE DES CORPS,22,0.02201492537313433
MEUSE TGV,ST PIERRE DES CORPS,23,0.019776119402985074
MEUSE TGV,ST PIERRE DES CORPS,24,0.018164794007490635
MEUSE TGV,ST PIERRE DES CORPS,25,0.016666666666666666
MEUSE TGV,ST PIERRE DES CORPS,26,0.01842105263157895
MEUSE TGV,ST PIERRE DES CORPS,27,0.020754716981132074
MEUSE TGV,ST PIERRE DES CORPS,28,0.019318181818181818
MEUSE TGV,ST PIERRE DES CORPS,29,0.016666666666666666
MEUSE TGV,ST PIERRE DES CORPS,30,0.003231939163498099
MEUSE TGV,VANNES,0,0.1
MEUSE TGV,VANNES,1,0.10384615384615385
MEUSE TGV,VANNES,2,0.0375
MEUSE TGV,VANNES,3,0.10384615384615385
MEUSE TGV,VANNES,4,0.08461538461538462
MEUSE TGV,VANNES,5,0.07307692307692307
MEUSE TGV,VANNES,6,0.07307692307692307
MEUSE TGV,VANNES,7,0.08076923076923077
MEUSE TGV,VANNES,8,0.07307692307692307
MEUSE TGV,VANNES,9,0.07692307692307693
MEUSE TGV,VANNES,10,0.07307692307692307
MEUSE TGV,VANNES,11,0.07307692307692308
MEUSE TGV,VANNES,12,0.0
MEUSE TGV,VANNES,13,0.0
MEUSE TGV,VANNES,14,0.0
MEUSE TGV,VANNES,15,0.0
MEUSE TGV,VANNES,16,0.0
MEUSE TGV,VANNES,17,0.0
MEUSE TGV,VANNES,18,0.0
MEUSE TGV,VANNES,19,0.0
MEUSE TGV,VANNES,20,0.0
MEUSE TGV,VANNES,21,0.0
MEUSE TGV,VANNES,22,0.0
MEUSE TGV,VANNES,23,0.0
MEUSE TGV,VANNES,24,0.0
MEUSE TGV,VANNES,25,0.0
MEUSE TGV,VANNES,26,0.0
MEUSE TGV,VANNES,27,0.0
MEUSE TGV,VANNES,28,0.0
MEUSE TGV,VANNES,29,0.0
MEUSE TGV,VANNES,30,0.0
NIORT,LA ROCHELLE VILLE,0,0.5647058823529412
NIORT,LA ROCHELLE VILLE,1,0.526470588235294
NIORT,LA ROCHELLE VILLE,2,0.45
NIORT,LA ROCHELLE VILLE,3,0.47500000000000003
NIORT,LA ROCHELLE VILLE,4,0.22058823529411764
NIORT,LA ROCHELLE VILLE,5,0.24117647058823527
NIORT,LA ROCHELLE VILLE,6,0.1323529411764706
NIORT,LA ROCHELLE VILLE,7,0.10882352941176471
NIORT,LA ROCHELLE VILLE,8,0.08235294117647059
NIORT,LA ROCHELLE VILLE,9,0.15000000000000002
NIORT,LA ROCHELLE VILLE,10,0.11764705882352941
NIORT,LA ROCHELLE VILLE,11,0.11470588235294117
NIORT,LA ROCHELLE VILLE,12,0.0
NIORT,LA ROCHELLE VILLE,13,0.0
NIORT,LA ROCHELLE VILLE,14,0.0
NIORT,LA ROCHELLE VILLE,15,0.0
NIORT,LA ROCHELLE VILLE,16,0.0
NIORT,LA ROCHELLE VILLE,17,0.0
NIORT,LA ROCHELLE VILLE,18,0.0
NIORT,LA ROCHELLE VILLE,19,0.0
NIORT,LA ROCHELLE VILLE,20,0.0
NIORT,LA ROCHELLE VILLE,21,0.0
NIORT,LA ROCHELLE VILLE,22,0.0
NIORT,LA ROCHELLE VILLE,23,0.0
NIORT,LA ROCHELLE VILLE,24,0.0
NIORT,LA ROCHELLE VILLE,25,0.0
NIORT,LA ROCHELLE VILLE,26,0.0
NIORT,LA ROCHELLE VILLE,27,0.0
NIORT,LA ROCHELLE VILLE,28,0.0
NIORT,LA ROCHELLE VILLE,29,0.0
NIORT,LA ROCHELLE VILLE,30,0.0
POITIERS,ANGOULEME,0,0.27517605633802816
POITIERS,ANGOULEME,1,0.2823943661971831
POITIERS,ANGOULEME,2,0.27296819787985865
POITIERS,ANGOULEME,3,0.26731448763250887
POITIERS,ANGOULEME,4,0.13953900709219857
POITIERS,ANGOULEME,5,0.13558718861209965
POITIERS,ANGOULEME,6,0.12330960854092526
POITIERS,ANGOULEME,7,0.11619217081850533
POITIERS,ANGOULEME,8,0.11530249110320284
POITIERS,ANGOULEME,9,0.1219642857142857
POITIERS,ANGOULEME,10,0.12777777777777777
POITIERS,ANGOULEME,11,0.1219642857142857
POITIERS,ANGOULEME,12,0.04946236559139785
POITIERS,ANGOULEME,13,0.049999999999999996
POITIERS,ANGOULEME,14,0.05431654676258993
POITIERS,ANGOULEME,15,0.05629496402877698
POITIERS,ANGOULEME,16,0.05773381294964029
POITIERS,ANGOULEME,17,0.06344086021505375
POITIERS,ANGOULEME,18,0.0658273381294964
POITIERS,ANGOULEME,19,0.07274368231046931
POITIERS,ANGOULEME,20,0.07931654676258994
POITIERS,ANGOULEME,21,0.08183453237410072
POITIERS,ANGOULEME,22,0.08476702508960574
POITIERS,ANGOULEME,23,0.08566308243727598
POITIERS,ANGOULEME,24,0.08830935251798562
POITIERS,ANGOULEME,25,0.08884892086330935
POITIERS,ANGOULEME,26,0.09657039711191336
POITIERS,ANGOULEME,27,0.09945652173913043
POITIERS,ANGOULEME,28,0.09927272727272728
POITIERS,ANGOULEME,29,0.09672727272727272
POITIERS,ANGOULEME,30,0.02664233576642336
POITIERS,BORDEAUX ST JEAN,0,0.27605633802816903
POITIERS,BORDEAUX ST JEAN,1,0.28274647887323945
POITIERS,BORDEAUX ST JEAN,2,0.2793286219081272
POITIERS,BORDEAUX ST JEAN,3,0.27402826855123674
POITIERS,BORDEAUX ST JEAN,4,0.13492907801418438
POITIERS,BORDEAUX ST JEAN,5,0.13469750889679716
POITIERS,BORDEAUX ST JEAN,6,0.12224199288256228
POITIERS,BORDEAUX ST JEAN,7,0.11494661921708184
POITIERS,BORDEAUX ST JEAN,8,0.11565836298932385
POITIERS,BORDEAUX ST JEAN,9,0.12053571428571429
POITIERS,BORDEAUX ST JEAN,10,0.12526881720430108
POITIERS,BORDEAUX ST JEAN,11,0.11875
POITIERS,BORDEAUX ST JEAN,12,0.04659498207885305
POITIERS,BORDEAUX ST JEAN,13,0.0496415770609319
POITIERS,BORDEAUX ST JEAN,14,0.053057553956834536
POITIERS,BORDEAUX ST JEAN,15,0.054496402877697844
POITIERS,BORDEAUX ST JEAN,16,0.057374100719424455
POITIERS,BORDEAUX ST JEAN,17,0.0632616487455197
POITIERS,BORDEAUX ST JEAN,18,0.06870503597122303
POITIERS,BORDEAUX ST JEAN,19,0.07364620938628158
POITIERS,BORDEAUX ST JEAN,20,0.08003597122302158
POITIERS,BORDEAUX ST JEAN,21,0.08255395683453237
POITIERS,BORDEAUX ST JEAN,22,0.08440860215053764
POITIERS,BORDEAUX ST JEAN,23,0.08637992831541219
POITIERS,BORDEAUX ST JEAN,24,0.08902877697841727
POITIERS,BORDEAUX ST JEAN,25,0.09082733812949641
POITIERS,BORDEAUX ST JEAN,26,0.09711191335740071
POITIERS,BORDEAUX ST JEAN,27,0.09981884057971015
POITIERS,BORDEAUX ST JEAN,28,0.10054545454545454
POITIERS,BORDEAUX ST JEAN,29,0.098
POITIERS,BORDEAUX ST JEAN,30,0.02664233576642336
RENNES,AURAY,0,0.375
RENNES,AURAY,1,0.30526315789473685
RENNES,AURAY,2,0.2657894736842105
RENNES,AURAY,3,0.29
RENNES,AURAY,4,0.215
RENNES,AURAY,5,0.20249999999999999
RENNES,AURAY,6,0.1775
RENNES,AURAY,7,0.14500000000000002
RENNES,AURAY,8,0.17250000000000001
RENNES,AURAY,9,0.1525
RENNES,AURAY,10,0.11499999999999999
RENNES,AURAY,11,0.1275
RENNES,AURAY,12,0.0025
RENNES,AURAY,13,0.0025
RENNES,AURAY,14,0.04
RENNES,AURAY,15,0.0375
RENNES,AURAY,16,0.0375
RENNES,AURAY,17,0.04
RENNES,AURAY,18,0.05
RENNES,AURAY,19,0.05
RENNES,AURAY,20,0.05500000000000001
RENNES,AURAY,21,0.05500000000000001
RENNES,AURAY,22,0.125
RENNES,AURAY,23,0.11750000000000001
RENNES,AURAY,24,0.1325
RENNES,AURAY,25,0.1275
RENNES,AURAY,26,0.0725
RENNES,AURAY,27,0.0875
RENNES,AURAY,28,0.0925
RENNES,AURAY,29,0.095
RENNES,AURAY,30,0.045
RENNES,LORIENT,0,0.3825
RENNES,LORIENT,1,0.31842105263157894
RENNES,LORIENT,2,0.2631578947368421
RENNES,LORIENT,3,0.29
RENNES,LORIENT,4,0.20750000000000002
RENNES,LORIENT,5,0.20249999999999999
RENNES,LORIENT,6,0.19249999999999998
RENNES,LORIENT,7,0.17250000000000001
RENNES,LORIENT,8,0.1925
RENNES,LORIENT,9,0.16
RENNES,LORIENT,10,0.11750000000000001
RENNES,LORIENT,11,0.13999999999999999
RENNES,LORIENT,12,0.0025
RENNES,LORIENT,13,0.0
RENNES,LORIENT,14,0.039999999999999994
RENNES,LORIENT,15,0.042499999999999996
RENNES,LORIENT,16,0.0475
RENNES,LORIENT,17,0.052500000000000005
RENNES,LORIENT,18,0.05249999999999999
RENNES,LORIENT,19,0.05
RENNES,LORIENT,20,0.05
RENNES,LORIENT,21,0.05
RENNES,LORIENT,22,0.13
RENNES,LORIENT,23,0.11499999999999999
RENNES,LORIENT,24,0.135
RENNES,LORIENT,25,0.135
RENNES,LORIENT,26,0.075
RENNES,LORIENT,27,0.0975
RENNES,LORIENT,28,0.0925
RENNES,LORIENT,29,0.095
RENNES,LORIENT,30,0.05
RENNES,QUIMPER,0,0.375
RENNES,QUIMPER,1,0.3078947368421052
RENNES,QUIMPER,2,0.2736842105263158
RENNES,QUIMPER,3,0.31
RENNES,QUIMPER,4,0.1925
RENNES,QUIMPER,5,0.1975
RENNES,QUIMPER,6,0.1875
RENNES,QUIMPER,7,0.16999999999999998
RENNES,QUIMPER,8,0.19249999999999998
RENNES,QUIMPER,9,0.16
RENNES,QUIMPER,10,0.1125
RENNES,QUIMPER,11,0.13
RENNES,QUIMPER,12,0.0025
RENNES,QUIMPER,13,0.0
RENNES,QUIMPER,14,0.0375
RENNES,QUIMPER,15,0.0375
RENNES,QUIMPER,16,0.05
RENNES,QUIMPER,17,0.045
RENNES,QUIMPER,18,0.042499999999999996
RENNES,QUIMPER,19,0.05
RENNES,QUIMPER,20,0.05
RENNES,QUIMPER,21,0.05500000000000001
RENNES,QUIMPER,22,0.12
RENNES,QUIMPER,23,0.12
RENNES,QUIMPER,24,0.145
RENNES,QUIMPER,25,0.14500000000000002
RENNES,QUIMPER,26,0.0675
RENNES,QUIMPER,27,0.0775
RENNES,QUIMPER,28,0.0875
RENNES,QUIMPER,29,0.085
RENNES,QUIMPER,30,0.027500000000000004
RENNES,VANNES,0,0.365
RENNES,VANNES,1,0.31315789473684214
RENNES,VANNES,2,0.2631578947368421
RENNES,VANNES,3,0.2975
RENNES,VANNES,4,0.1925
RENNES,VANNES,5,0.1925
RENNES,VANNES,6,0.1825
RENNES,VANNES,7,0.16999999999999998
RENNES,VANNES,8,0.1925
RENNES,VANNES,9,0.16999999999999998
RENNES,VANNES,10,0.1075
RENNES,VANNES,11,0.13999999999999999
RENNES,VANNES,12,0.009999999999999998
RENNES,VANNES,13,0.009999999999999998
RENNES,VANNES,14,0.042499999999999996
RENNES,VANNES,15,0.052500000000000005
RENNES,VANNES,16,0.05
RENNES,VANNES,17,0.06000000000000001
RENNES,VANNES,18,0.05500000000000001
RENNES,VANNES,19,0.05
RENNES,VANNES,20,0.052500000000000005
RENNES,VANNES,21,0.06
RENNES,VANNES,22,0.11750000000000001
RENNES,VANNES,23,0.12
RENNES,VANNES,24,0.13499999999999998
RENNES,VANNES,25,0.125
RENNES,VANNES,26,0.06999999999999999
RENNES,VANNES,27,0.1
RENNES,VANNES,28,0.1075
RENNES,VANNES,29,0.0975
RENNES,VANNES,30,0.02
ST PIERRE DES CORPS,ANGERS SAINT LAUD,0,0.7339285714285715
ST PIERRE DES CORPS,ANGERS SAINT LAUD,1,0.7455156950672646
ST PIERRE DES CORPS,ANGERS SAINT LAUD,2,0.7369955156950673
ST PIERRE DES CORPS,ANGERS SAINT LAUD,3,0.7276785714285714
ST PIERRE DES CORPS,ANGERS SAINT LAUD,4,0.5632158590308369
ST PIERRE DES CORPS,ANGERS SAINT LAUD,5,0.5623348017621146
ST PIERRE DES CORPS,ANGERS SAINT LAUD,6,0.5488938053097345
ST PIERRE DES CORPS,ANGERS SAINT LAUD,7,0.5316371681415929
ST PIERRE DES CORPS,ANGERS SAINT LAUD,8,0.5123893805309735
ST PIERRE DES CORPS,ANGERS SAINT LAUD,9,0.48733333333333334
ST PIERRE DES CORPS,ANGERS SAINT LAUD,10,0.46555555555555556
ST PIERRE DES CORPS,ANGERS SAINT LAUD,11,0.47522123893805307
ST PIERRE DES CORPS,ANGERS SAINT LAUD,12,0.15398230088495574
ST PIERRE DES CORPS,ANGERS SAINT LAUD,13,0.15022026431718064
ST PIERRE DES CORPS,ANGERS SAINT LAUD,14,0.14383259911894272
ST PIERRE DES CORPS,ANGERS SAINT LAUD,15,0.1370044052863436
ST PIERRE DES CORPS,ANGERS SAINT LAUD,16,0.13185840707964602
ST PIERRE DES CORPS,ANGERS SAINT LAUD,17,0.12955555555555556
ST PIERRE DES CORPS,ANGERS SAINT LAUD,18,0.12933333333333333
ST PIERRE DES CORPS,ANGERS SAINT LAUD,19,0.1279017857142857
ST PIERRE DES CORPS,ANGERS SAINT LAUD,20,0.13340807174887892
ST PIERRE DES CORPS,ANGERS SAINT LAUD,21,0.131981981981982
ST PIERRE DES CORPS,ANGERS SAINT LAUD,22,0.1231981981981982
ST PIERRE DES CORPS,ANGERS SAINT LAUD,23,0.1251131221719457
ST PIERRE DES CORPS,ANGERS SAINT LAUD,24,0.12295454545454546
ST PIERRE DES CORPS,ANGERS SAINT LAUD,25,0.11318181818181818
ST PIERRE DES CORPS,ANGERS SAINT LAUD,26,0.1095890410958904
ST PIERRE DES CORPS,ANGERS SAINT LAUD,27,0.11192660550458715
ST PIERRE DES CORPS,ANGERS SAINT LAUD,28,0.11129032258064515
ST PIERRE DES CORPS,ANGERS SAINT LAUD,29,0.11712962962962964
ST PIERRE DES CORPS,ANGERS SAINT LAUD,30,0.03130841121495327
ST PIERRE DES CORPS,ANGOULEME,0,0.27077464788732397
ST PIERRE DES CORPS,ANGOULEME,1,0.28573943661971835
ST PIERRE DES CORPS,ANGOULEME,2,0.27685512367491166
ST PIERRE DES CORPS,ANGOULEME,3,0.26855123674911663
ST PIERRE DES CORPS,ANGOULEME,4,0.1372340425531915
ST PIERRE DES CORPS,ANGOULEME,5,0.13558718861209965
ST PIERRE DES CORPS,ANGOULEME,6,0.12277580071174377
ST PIERRE DES CORPS,ANGOULEME,7,0.11370106761565836
ST PIERRE DES CORPS,ANGOULEME,8,0.11619217081850533
ST PIERRE DES CORPS,ANGOULEME,9,0.11803571428571427
ST PIERRE DES CORPS,ANGOULEME,10,0.12741935483870967
ST PIERRE DES CORPS,ANGOULEME,11,0.1207142857142857
ST PIERRE DES CORPS,ANGOULEME,12,0.04695340501792115
ST PIERRE DES CORPS,ANGOULEME,13,0.04946236559139785
ST PIERRE DES CORPS,ANGOULEME,14,0.05323741007194245
ST PIERRE DES CORPS,ANGOULEME,15,0.055395683453237414
ST PIERRE DES CORPS,ANGOULEME,16,0.057194244604316546
ST PIERRE DES CORPS,ANGOULEME,17,0.06433691756272401
ST PIERRE DES CORPS,ANGOULEME,18,0.06726618705035971
ST PIERRE DES CORPS,ANGOULEME,19,0.07346570397111914
ST PIERRE DES CORPS,ANGOULEME,20,0.07949640287769785
ST PIERRE DES CORPS,ANGOULEME,21,0.08111510791366906
ST PIERRE DES CORPS,ANGOULEME,22,0.08333333333333333
ST PIERRE DES CORPS,ANGOULEME,23,0.08494623655913978
ST PIERRE DES CORPS,ANGOULEME,24,0.0893884892086331
ST PIERRE DES CORPS,ANGOULEME,25,0.08992805755395683
ST PIERRE DES CORPS,ANGOULEME,26,0.09675090252707581
ST PIERRE DES CORPS,ANGOULEME,27,0.1
ST PIERRE DES CORPS,ANGOULEME,28,0.0989090909090909
ST PIERRE DES CORPS,ANGOULEME,29,0.098
ST PIERRE DES CORPS,ANGOULEME,30,0.02937956204379562
ST PIERRE DES CORPS,BORDEAUX ST JEAN,0,0.27975352112676055
ST PIERRE DES CORPS,BORDEAUX ST JEAN,1,0.28714788732394364
ST PIERRE DES CORPS,BORDEAUX ST JEAN,2,0.2773851590106007
ST PIERRE DES CORPS,BORDEAUX ST JEAN,3,0.2726148409893993
ST PIERRE DES CORPS,BORDEAUX ST JEAN,4,0.13599290780141846
ST PIERRE DES CORPS,BORDEAUX ST JEAN,5,0.13523131672597866
ST PIERRE DES CORPS,BORDEAUX ST JEAN,6,0.12224199288256228
ST PIERRE DES CORPS,BORDEAUX ST JEAN,7,0.11138790035587189
ST PIERRE DES CORPS,BORDEAUX ST JEAN,8,0.11832740213523131
ST PIERRE DES CORPS,BORDEAUX ST JEAN,9,0.11875
ST PIERRE DES CORPS,BORDEAUX ST JEAN,10,0.1270609318996416
ST PIERRE DES CORPS,BORDEAUX ST JEAN,11,0.12589285714285714
ST PIERRE DES CORPS,BORDEAUX ST JEAN,12,0.04767025089605735
ST PIERRE DES CORPS,BORDEAUX ST JEAN,13,0.0492831541218638
ST PIERRE DES CORPS,BORDEAUX ST JEAN,14,0.05341726618705036
ST PIERRE DES CORPS,BORDEAUX ST JEAN,15,0.05593525179856115
ST PIERRE DES CORPS,BORDEAUX ST JEAN,16,0.05863309352517986
ST PIERRE DES CORPS,BORDEAUX ST JEAN,17,0.06344086021505375
ST PIERRE DES CORPS,BORDEAUX ST JEAN,18,0.06492805755395684
ST PIERRE DES CORPS,BORDEAUX ST JEAN,19,0.07184115523465703
ST PIERRE DES CORPS,BORDEAUX ST JEAN,20,0.07859712230215828
ST PIERRE DES CORPS,BORDEAUX ST JEAN,21,0.0814748201438849
ST PIERRE DES CORPS,BORDEAUX ST JEAN,22,0.08422939068100359
ST PIERRE DES CORPS,BORDEAUX ST JEAN,23,0.08566308243727598
ST PIERRE DES CORPS,BORDEAUX ST JEAN,24,0.08776978417266186
ST PIERRE DES CORPS,BORDEAUX ST JEAN,25,0.08920863309352518
ST PIERRE DES CORPS,BORDEAUX ST JEAN,26,0.09711191335740071
ST PIERRE DES CORPS,BORDEAUX ST JEAN,27,0.09963768115942029
ST PIERRE DES CORPS,BORDEAUX ST JEAN,28,0.09909090909090909
ST PIERRE DES CORPS,BORDEAUX ST JEAN,29,0.09545454545454546
ST PIERRE DES CORPS,BORDEAUX ST JEAN,30,0.024452554744525547
ST PIERRE DES CORPS,LA ROCHELLE VILLE,0,0.5529411764705883
ST PIERRE DES CORPS,LA ROCHELLE VILLE,1,0.5294117647058824
ST PIERRE DES CORPS,LA ROCHELLE VILLE,2,0.43125
ST PIERRE DES CORPS,LA ROCHELLE VILLE,3,0.453125
ST PIERRE DES CORPS,LA ROCHELLE VILLE,4,0.19117647058823528
ST PIERRE DES CORPS,LA ROCHELLE VILLE,5,0.21764705882352942
ST PIERRE DES CORPS,LA ROCHELLE VILLE,6,0.15588235294117647
ST PIERRE DES CORPS,LA ROCHELLE VILLE,7,0.11176470588235293
ST PIERRE DES CORPS,LA ROCHELLE VILLE,8,0.07352941176470588
ST PIERRE DES CORPS,LA ROCHELLE VILLE,9,0.13823529411764707
ST PIERRE DES CORPS,LA ROCHELLE VILLE,10,0.12058823529411763
ST PIERRE DES CORPS,LA ROCHELLE VILLE,11,0.11764705882352941
ST PIERRE DES CORPS,LA ROCHELLE VILLE,12,0.0029411764705882353
ST PIERRE DES CORPS,LA ROCHELLE VILLE,13,0.0029411764705882353
ST PIERRE DES CORPS,LA ROCHELLE VILLE,14,0.0
ST PIERRE DES CORPS,LA ROCHELLE VILLE,15,0.0
ST PIERRE DES CORPS,LA ROCHELLE VILLE,16,0.0
ST PIERRE DES CORPS,LA ROCHELLE VILLE,17,0.0
ST PIERRE DES CORPS,LA ROCHELLE VILLE,18,0.0
ST PIERRE DES CORPS,LA ROCHELLE VILLE,19,0.0
ST PIERRE DES CORPS,LA ROCHELLE VILLE,20,0.0
ST PIERRE DES CORPS,LA ROCHELLE VILLE,21,0.0
ST PIERRE DES CORPS,LA ROCHELLE VILLE,22,0.0
ST PIERRE DES CORPS,LA ROCHELLE VILLE,23,0.0
ST PIERRE DES CORPS,LA ROCHELLE VILLE,24,0.0
ST PIERRE DES CORPS,LA ROCHELLE VILLE,25,0.0
ST PIERRE DES CORPS,LA ROCHELLE VILLE,26,0.0
ST PIERRE DES CORPS,LA ROCHELLE VILLE,27,0.0
ST PIERRE DES CORPS,LA ROCHELLE VILLE,28,0.0
ST PIERRE DES CORPS,LA ROCHELLE VILLE,29,0.0
ST PIERRE DES CORPS,LA ROCHELLE VILLE,30,0.0
ST PIERRE DES CORPS,NANTES,0,0.7354910714285714
ST PIERRE DES CORPS,NANTES,1,0.7417040358744394
ST PIERRE DES CORPS,NANTES,2,0.7405829596412556
ST PIERRE DES CORPS,NANTES,3,0.7310267857142857
ST PIERRE DES CORPS,NANTES,4,0.5647577092511012
ST PIERRE DES CORPS,NANTES,5,0.5577092511013215
ST PIERRE DES CORPS,NANTES,6,0.5453539823008849
ST PIERRE DES CORPS,NANTES,7,0.5300884955752212
ST PIERRE DES CORPS,NANTES,8,0.5132743362831859
ST PIERRE DES CORPS,NANTES,9,0.4911111111111111
ST PIERRE DES CORPS,NANTES,10,0.47
ST PIERRE DES CORPS,NANTES,11,0.48097345132743363
ST PIERRE DES CORPS,NANTES,12,0.15951327433628318
ST PIERRE DES CORPS,NANTES,13,0.15418502202643172
ST PIERRE DES CORPS,NANTES,14,0.1473568281938326
ST PIERRE DES CORPS,NANTES,15,0.13722466960352422
ST PIERRE DES CORPS,NANTES,16,0.1325221238938053
ST PIERRE DES CORPS,NANTES,17,0.12822222222222224
ST PIERRE DES CORPS,NANTES,18,0.13133333333333333
ST PIERRE DES CORPS,NANTES,19,0.13035714285714287
ST PIERRE DES CORPS,NANTES,20,0.13183856502242153
ST PIERRE DES CORPS,NANTES,21,0.12972972972972974
ST PIERRE DES CORPS,NANTES,22,0.12387387387387387
ST PIERRE DES CORPS,NANTES,23,0.1260180995475113
ST PIERRE DES CORPS,NANTES,24,0.12318181818181818
ST PIERRE DES CORPS,NANTES,25,0.115
ST PIERRE DES CORPS,NANTES,26,0.10913242009132419
ST PIERRE DES CORPS,NANTES,27,0.1110091743119266
ST PIERRE DES CORPS,NANTES,28,0.11221198156682029
ST PIERRE DES CORPS,NANTES,29,0.11527777777777777
ST PIERRE DES CORPS,NANTES,30,0.024766355140186914
ST PIERRE DES CORPS,NIORT,0,0.5588235294117647
ST PIERRE DES CORPS,NIORT,1,0.5176470588235295
ST PIERRE DES CORPS,NIORT,2,0.4125
ST PIERRE DES CORPS,NIORT,3,0.45
ST PIERRE DES CORPS,NIORT,4,0.20588235294117646
ST PIERRE DES CORPS,NIORT,5,0.21764705882352942
ST PIERRE DES CORPS,NIORT,6,0.13529411764705881
ST PIERRE DES CORPS,NIORT,7,0.1
ST PIERRE DES CORPS,NIORT,8,0.07352941176470588
ST PIERRE DES CORPS,NIORT,9,0.1323529411764706
ST PIERRE DES CORPS,NIORT,10,0.11176470588235293
ST PIERRE DES CORPS,NIORT,11,0.11470588235294119
ST PIERRE DES CORPS,NIORT,12,0.0029411764705882353
ST PIERRE DES CORPS,NIORT,13,0.0
ST PIERRE DES CORPS,NIORT,14,0.0
ST PIERRE DES CORPS,NIORT,15,0.0
ST PIERRE DES CORPS,NIORT,16,0.0
ST PIERRE DES CORPS,NIORT,17,0.0
ST PIERRE DES CORPS,NIORT,18,0.0
ST PIERRE DES CORPS,NIORT,19,0.0
ST PIERRE DES CORPS,NIORT,20,0.0
ST PIERRE DES CORPS,NIORT,21,0.0
ST PIERRE DES CORPS,NIORT,22,0.0
ST PIERRE DES CORPS,NIORT,23,0.0
ST PIERRE DES CORPS,NIORT,24,0.0
ST PIERRE DES CORPS,NIORT,25,0.0
ST PIERRE DES CORPS,NIORT,26,0.0
ST PIERRE DES CORPS,NIORT,27,0.0
ST PIERRE DES CORPS,NIORT,28,0.0
ST PIERRE DES CORPS,NIORT,29,0.0
ST PIERRE DES CORPS,NIORT,30,0.0
ST PIERRE DES CORPS,POITIERS,0,0.27605633802816903
ST PIERRE DES CORPS,POITIERS,1,0.28679577464788736
ST PIERRE DES CORPS,POITIERS,2,0.27544169611307423
ST PIERRE DES CORPS,POITIERS,3,0.2724381625441696
ST PIERRE DES CORPS,POITIERS,4,0.13953900709219857
ST PIERRE DES CORPS,POITIERS,5,0.13701067615658363
ST PIERRE DES CORPS,POITIERS,6,0.12562277580071174
ST PIERRE DES CORPS,POITIERS,7,0.11601423487544485
ST PIERRE DES CORPS,POITIERS,8,0.11352313167259787
ST PIERRE DES CORPS,POITIERS,9,0.12035714285714287
ST PIERRE DES CORPS,POITIERS,10,0.12831541218637993
ST PIERRE DES CORPS,POITIERS,11,0.1275
ST PIERRE DES CORPS,POITIERS,12,0.047311827956989246
ST PIERRE DES CORPS,POITIERS,13,0.049999999999999996
ST PIERRE DES CORPS,POITIERS,14,0.0539568345323741
ST PIERRE DES CORPS,POITIERS,15,0.05521582733812949
ST PIERRE DES CORPS,POITIERS,16,0.05647482014388489
ST PIERRE DES CORPS,POITIERS,17,0.06272401433691756
ST PIERRE DES CORPS,POITIERS,18,0.06636690647482014
ST PIERRE DES CORPS,POITIERS,19,0.07202166064981949
ST PIERRE DES CORPS,POITIERS,20,0.07877697841726618
ST PIERRE DES CORPS,POITIERS,21,0.0802158273381295
ST PIERRE DES CORPS,POITIERS,22,0.08530465949820788
ST PIERRE DES CORPS,POITIERS,23,0.08566308243727598
ST PIERRE DES CORPS,POITIERS,24,0.08723021582733813
ST PIERRE DES CORPS,POITIERS,25,0.09100719424460432
ST PIERRE DES CORPS,POITIERS,26,0.09566787003610108
ST PIERRE DES CORPS,POITIERS,27,0.09945652173913043
ST PIERRE DES CORPS,POITIERS,28,0.1
ST PIERRE DES CORPS,POITIERS,29,0.09763636363636365
ST PIERRE DES CORPS,POITIERS,30,0.02883211678832117
STRASBOURG,AEROPORT ROISSY CDG 2 TGV,0,0.5730113636363636
STRASBOURG,AEROPORT ROISSY CDG 2 TGV,1,0.6092329545454546
STRASBOURG,AEROPORT ROISSY CDG 2 TGV,2,0.5911931818181818
STRASBOURG,AEROPORT ROISSY CDG 2 TGV,3,0.6049715909090909
STRASBOURG,AEROPORT ROISSY CDG 2 TGV,4,0.4203125
STRASBOURG,AEROPORT ROISSY CDG 2 TGV,5,0.4162393162393162
STRASBOURG,AEROPORT ROISSY CDG 2 TGV,6,0.42264957264957265
STRASBOURG,AEROPORT ROISSY CDG 2 TGV,7,0.4319088319088319
STRASBOURG,AEROPORT ROISSY CDG 2 TGV,8,0.4185185185185185
STRASBOURG,AEROPORT ROISSY CDG 2 TGV,9,0.4121082621082621
STRASBOURG,AEROPORT ROISSY CDG 2 TGV,10,0.43475783475783475
STRASBOURG,AEROPORT ROISSY CDG 2 TGV,11,0.43475783475783475
STRASBOURG,AEROPORT ROISSY CDG 2 TGV,12,0.11752136752136752
STRASBOURG,AEROPORT ROISSY CDG 2 TGV,13,0.11225071225071225
STRASBOURG,AEROPORT ROISSY CDG 2 TGV,14,0.10854700854700855
STRASBOURG,AEROPORT ROISSY CDG 2 TGV,15,0.10726495726495726
STRASBOURG,AEROPORT ROISSY CDG 2 TGV,16,0.1047008547008547
STRASBOURG,AEROPORT ROISSY CDG 2 TGV,17,0.10571428571428572
STRASBOURG,AEROPORT ROISSY CDG 2 TGV,18,0.098567335243553
STRASBOURG,AEROPORT ROISSY CDG 2 TGV,19,0.1015759312320917
STRASBOURG,AEROPORT ROISSY CDG 2 TGV,20,0.10959885386819485
STRASBOURG,AEROPORT ROISSY CDG 2 TGV,21,0.1150429799426934
STRASBOURG,AEROPORT ROISSY CDG 2 TGV,22,0.1170487106017192
STRASBOURG,AEROPORT ROISSY CDG 2 TGV,23,0.11185714285714285
STRASBOURG,AEROPORT ROISSY CDG 2 TGV,24,0.1140401146131805
STRASBOURG,AEROPORT ROISSY CDG 2 TGV,25,0.1171919770773639
STRASBOURG,AEROPORT ROISSY CDG 2 TGV,26,0.11666666666666667
STRASBOURG,AEROPORT ROISSY CDG 2 TGV,27,0.11887608069164265
STRASBOURG,AEROPORT ROISSY CDG 2 TGV,28,0.11011560693641619
STRASBOURG,AEROPORT ROISSY CDG 2 TGV,29,0.1072463768115942
STRASBOURG,AEROPORT ROISSY CDG 2 TGV,30,0.02040816326530612
STRASBOURG,ANGERS SAINT LAUD,0,0.5347953216374269
STRASBOURG,ANGERS SAINT LAUD,1,0.5486842105263158
STRASBOURG,ANGERS SAINT LAUD,2,0.5459183673469388
STRASBOURG,ANGERS SAINT LAUD,3,0.5473760932944607
STRASBOURG,ANGERS SAINT LAUD,4,0.3871720116618076
STRASBOURG,ANGERS SAINT LAUD,5,0.39459064327485377
STRASBOURG,ANGERS SAINT LAUD,6,0.4
STRASBOURG,ANGERS SAINT LAUD,7,0.38654970760233914
STRASBOURG,ANGERS SAINT LAUD,8,0.3840643274853801
STRASBOURG,ANGERS SAINT LAUD,9,0.36505847953216375
STRASBOURG,ANGERS SAINT LAUD,10,0.36754385964912284
STRASBOURG,ANGERS SAINT LAUD,11,0.3695906432748538
STRASBOURG,ANGERS SAINT LAUD,12,0.07595307917888562
STRASBOURG,ANGERS SAINT LAUD,13,0.06818181818181818
STRASBOURG,ANGERS SAINT LAUD,14,0.061876832844574785
STRASBOURG,ANGERS SAINT LAUD,15,0.05779411764705882
STRASBOURG,ANGERS SAINT LAUD,16,0.05367647058823529
STRASBOURG,ANGERS SAINT LAUD,17,0.056489675516224185
STRASBOURG,ANGERS SAINT LAUD,18,0.05428994082840237
STRASBOURG,ANGERS SAINT LAUD,19,0.05667655786350149
STRASBOURG,ANGERS SAINT LAUD,20,0.05818452380952381
STRASBOURG,ANGERS SAINT LAUD,21,0.060298507462686564
STRASBOURG,ANGERS SAINT LAUD,22,0.06272455089820358
STRASBOURG,ANGERS SAINT LAUD,23,0.06149253731343284
STRASBOURG,ANGERS SAINT LAUD,24,0.06287425149700598
STRASBOURG,ANGERS SAINT LAUD,25,0.061377245508982034
STRASBOURG,ANGERS SAINT LAUD,26,0.060660660660660656
STRASBOURG,ANGERS SAINT LAUD,27,0.060240963855421686
STRASBOURG,ANGERS SAINT LAUD,28,0.06072507552870091
STRASBOURG,ANGERS SAINT LAUD,29,0.06075757575757576
STRASBOURG,ANGERS SAINT LAUD,30,0.01033434650455927
STRASBOURG,ANGOULEME,0,0.18204225352112677
STRASBOURG,ANGOULEME,1,0.19190140845070422
STRASBOURG,ANGOULEME,2,0.18074204946996467
STRASBOURG,ANGOULEME,3,0.1742049469964664
STRASBOURG,ANGOULEME,4,0.0673758865248227
STRASBOURG,ANGOULEME,5,0.05676156583629893
STRASBOURG,ANGOULEME,6,0.05604982206405694
STRASBOURG,ANGOULEME,7,0.051779359430604986
STRASBOURG,ANGOULEME,8,0.04733096085409253
STRASBOURG,ANGOULEME,9,0.0575
STRASBOURG,ANGOULEME,10,0.06684587813620071
STRASBOURG,ANGOULEME,11,0.0719642857142857
STRASBOURG,ANGOULEME,12,0.01827956989247312
STRASBOURG,ANGOULEME,13,0.01899641577060932
STRASBOURG,ANGOULEME,14,0.020323741007194245
STRASBOURG,ANGOULEME,15,0.02068345323741007
STRASBOURG,ANGOULEME,16,0.019064748201438848
STRASBOURG,ANGOULEME,17,0.016308243727598565
STRASBOURG,ANGOULEME,18,0.015827338129496403
STRASBOURG,ANGOULEME,19,0.020216606498194945
STRASBOURG,ANGOULEME,20,0.02446043165467626
STRASBOURG,ANGOULEME,21,0.025359712230215825
STRASBOURG,ANGOULEME,22,0.025089605734767026
STRASBOURG,ANGOULEME,23,0.022401433691756272
STRASBOURG,ANGOULEME,24,0.022482014388489208
STRASBOURG,ANGOULEME,25,0.02014388489208633
STRASBOURG,ANGOULEME,26,0.02256317689530686
STRASBOURG,ANGOULEME,27,0.024637681159420288
STRASBOURG,ANGOULEME,28,0.021636363636363638
STRASBOURG,ANGOULEME,29,0.018727272727272728
STRASBOURG,ANGOULEME,30,0.00437956204379562
STRASBOURG,AURAY,0,0.275
STRASBOURG,AURAY,1,0.2210526315789474
STRASBOURG,AURAY,2,0.23157894736842108
STRASBOURG,AURAY,3,0.2575
STRASBOURG,AURAY,4,0.20249999999999999
STRASBOURG,AURAY,5,0.2
STRASBOURG,AURAY,6,0.24
STRASBOURG,AURAY,7,0.16499999999999998
STRASBOURG,AURAY,8,0.1875
STRASBOURG,AURAY,9,0.16
STRASBOURG,AURAY,10,0.15750000000000003
STRASBOURG,AURAY,11,0.22749999999999998
STRASBOURG,AURAY,12,0.005
STRASBOURG,AURAY,13,0.0025
STRASBOURG,AURAY,14,0.0375
STRASBOURG,AURAY,15,0.05249999999999999
STRASBOURG,AURAY,16,0.06499999999999999
STRASBOURG,AURAY,17,0.0475
STRASBOURG,AURAY,18,0.05
STRASBOURG,AURAY,19,0.045
STRASBOURG,AURAY,20,0.0475
STRASBOURG,AURAY,21,0.05249999999999999
STRASBOURG,AURAY,22,0.125
STRASBOURG,AURAY,23,0.11499999999999999
STRASBOURG,AURAY,24,0.12249999999999998
STRASBOURG,AURAY,25,0.135
STRASBOURG,AURAY,26,0.06999999999999999
STRASBOURG,AURAY,27,0.0975
STRASBOURG,AURAY,28,0.0975
STRASBOURG,AURAY,29,0.09
STRASBOURG,AURAY,30,0.04
STRASBOURG,BORDEAUX ST JEAN,0,0.176056338028169
STRASBOURG,BORDEAUX ST JEAN,1,0.18890845070422535
STRASBOURG,BORDEAUX ST JEAN,2,0.17915194346289753
STRASBOURG,BORDEAUX ST JEAN,3,0.17950530035335688
STRASBOURG,BORDEAUX ST JEAN,4,0.06560283687943262
STRASBOURG,BORDEAUX ST JEAN,5,0.05782918149466192
STRASBOURG,BORDEAUX ST JEAN,6,0.05693950177935943
STRASBOURG,BORDEAUX ST JEAN,7,0.05338078291814947
STRASBOURG,BORDEAUX ST JEAN,8,0.04733096085409253
STRASBOURG,BORDEAUX ST JEAN,9,0.05803571428571429
STRASBOURG,BORDEAUX ST JEAN,10,0.06559139784946237
STRASBOURG,BORDEAUX ST JEAN,11,0.07053571428571428
STRASBOURG,BORDEAUX ST JEAN,12,0.019175627240143368
STRASBOURG,BORDEAUX ST JEAN,13,0.017383512544802866
STRASBOURG,BORDEAUX ST JEAN,14,0.018705035971223024
STRASBOURG,BORDEAUX ST JEAN,15,0.02014388489208633
STRASBOURG,BORDEAUX ST JEAN,16,0.019244604316546763
STRASBOURG,BORDEAUX ST JEAN,17,0.017383512544802866
STRASBOURG,BORDEAUX ST JEAN,18,0.016546762589928057
STRASBOURG,BORDEAUX ST JEAN,19,0.020577617328519857
STRASBOURG,BORDEAUX ST JEAN,20,0.025359712230215825
STRASBOURG,BORDEAUX ST JEAN,21,0.025359712230215825
STRASBOURG,BORDEAUX ST JEAN,22,0.024910394265232977
STRASBOURG,BORDEAUX ST JEAN,23,0.02258064516129032
STRASBOURG,BORDEAUX ST JEAN,24,0.021762589928057553
STRASBOURG,BORDEAUX ST JEAN,25,0.019784172661870502
STRASBOURG,BORDEAUX ST JEAN,26,0.022382671480144407
STRASBOURG,BORDEAUX ST JEAN,27,0.025181159420289857
STRASBOURG,BORDEAUX ST JEAN,28,0.022909090909090907
STRASBOURG,BORDEAUX ST JEAN,29,0.02
STRASBOURG,BORDEAUX ST JEAN,30,0.003832116788321168
STRASBOURG,CHAMPAGNE ARDENNE TGV,0,0.8473011363636364
STRASBOURG,CHAMPAGNE ARDENNE TGV,1,0.8369318181818183
STRASBOURG,CHAMPAGNE ARDENNE TGV,2,0.8262784090909091
STRASBOURG,CHAMPAGNE ARDENNE TGV,3,0.8196022727272727
STRASBOURG,CHAMPAGNE ARDENNE TGV,4,0.6931818181818182
STRASBOURG,CHAMPAGNE ARDENNE TGV,5,0.7111111111111111
STRASBOURG,CHAMPAGNE ARDENNE TGV,6,0.7148148148148148
STRASBOURG,CHAMPAGNE ARDENNE TGV,7,0.7099715099715099
STRASBOURG,CHAMPAGNE ARDENNE TGV,8,0.6972934472934473
STRASBOURG,CHAMPAGNE ARDENNE TGV,9,0.6773504273504274
STRASBOURG,CHAMPAGNE ARDENNE TGV,10,0.6789173789173789
STRASBOURG,CHAMPAGNE ARDENNE TGV,11,0.6846153846153846
STRASBOURG,CHAMPAGNE ARDENNE TGV,12,0.40156695156695155
STRASBOURG,CHAMPAGNE ARDENNE TGV,13,0.39487179487179486
STRASBOURG,CHAMPAGNE ARDENNE TGV,14,0.3893162393162393
STRASBOURG,CHAMPAGNE ARDENNE TGV,15,0.38589743589743586
STRASBOURG,CHAMPAGNE ARDENNE TGV,16,0.3763532763532763
STRASBOURG,CHAMPAGNE ARDENNE TGV,17,0.36957142857142855
STRASBOURG,CHAMPAGNE ARDENNE TGV,18,0.37177650429799425
STRASBOURG,CHAMPAGNE ARDENNE TGV,19,0.37392550143266473
STRASBOURG,CHAMPAGNE ARDENNE TGV,20,0.3765042979942694
STRASBOURG,CHAMPAGNE ARDENNE TGV,21,0.3765042979942694
STRASBOURG,CHAMPAGNE ARDENNE TGV,22,0.37822349570200575
STRASBOURG,CHAMPAGNE ARDENNE TGV,23,0.3732857142857143
STRASBOURG,CHAMPAGNE ARDENNE TGV,24,0.3648997134670487
STRASBOURG,CHAMPAGNE ARDENNE TGV,25,0.3550143266475645
STRASBOURG,CHAMPAGNE ARDENNE TGV,26,0.3426724137931034
STRASBOURG,CHAMPAGNE ARDENNE TGV,27,0.3335734870317003
STRASBOURG,CHAMPAGNE ARDENNE TGV,28,0.3329479768786127
STRASBOURG,CHAMPAGNE ARDENNE TGV,29,0.3133333333333333
STRASBOURG,CHAMPAGNE ARDENNE TGV,30,0.04854227405247813
STRASBOURG,LA ROCHELLE VILLE,0,0.4411764705882353
STRASBOURG,LA ROCHELLE VILLE,1,0.37941176470588234
STRASBOURG,LA ROCHELLE VILLE,2,0.39375
STRASBOURG,LA ROCHELLE VILLE,3,0.503125
STRASBOURG,LA ROCHELLE VILLE,4,0.18823529411764706
STRASBOURG,LA ROCHELLE VILLE,5,0.17058823529411765
STRASBOURG,LA ROCHELLE VILLE,6,0.13529411764705881
STRASBOURG,LA ROCHELLE VILLE,7,0.15
STRASBOURG,LA ROCHELLE VILLE,8,0.17647058823529413
STRASBOURG,LA ROCHELLE VILLE,9,0.22352941176470587
STRASBOURG,LA ROCHELLE VILLE,10,0.22352941176470587
STRASBOURG,LA ROCHELLE VILLE,11,0.19999999999999998
STRASBOURG,LA ROCHELLE VILLE,12,0.0058823529411764705
STRASBOURG,LA ROCHELLE VILLE,13,0.0058823529411764705
STRASBOURG,LA ROCHELLE VILLE,14,0.0
STRASBOURG,LA ROCHELLE VILLE,15,0.0
STRASBOURG,LA ROCHELLE VILLE,16,0.0
STRASBOURG,LA ROCHELLE VILLE,17,0.0
STRASBOURG,LA ROCHELLE VILLE,18,0.0
STRASBOURG,LA ROCHELLE VILLE,19,0.0029411764705882353
STRASBOURG,LA ROCHELLE VILLE,20,0.0
STRASBOURG,LA ROCHELLE VILLE,21,0.0029411764705882353
STRASBOURG,LA ROCHELLE VILLE,22,0.0
STRASBOURG,LA ROCHELLE VILLE,23,0.0
STRASBOURG,LA ROCHELLE VILLE,24,0.0
STRASBOURG,LA ROCHELLE VILLE,25,0.0
STRASBOURG,LA ROCHELLE VILLE,26,0.0029411764705882353
STRASBOURG,LA ROCHELLE VILLE,27,0.0029411764705882353
STRASBOURG,LA ROCHELLE VILLE,28,0.0
STRASBOURG,LA ROCHELLE VILLE,29,0.0
STRASBOURG,LA ROCHELLE VILLE,30,0.0
STRASBOURG,LAVAL,0,0.553125
STRASBOURG,LAVAL,1,0.48000000000000004
STRASBOURG,LAVAL,2,0.5625
STRASBOURG,LAVAL,3,0.5733333333333334
STRASBOURG,LAVAL,4,0.3125
STRASBOURG,LAVAL,5,0.35312499999999997
STRASBOURG,LAVAL,6,0.3625
STRASBOURG,LAVAL,7,0.35625
STRASBOURG,LAVAL,8,0.4
STRASBOURG,LAVAL,9,0.353125
STRASBOURG,LAVAL,10,0.296875
STRASBOURG,LAVAL,11,0.32187499999999997
STRASBOURG,LAVAL,12,0.009375000000000001
STRASBOURG,LAVAL,13,0.00625
STRASBOURG,LAVAL,14,0.053125
STRASBOURG,LAVAL,15,0.053125
STRASBOURG,LAVAL,16,0.059375000000000004
STRASBOURG,LAVAL,17,0.053125
STRASBOURG,LAVAL,18,0.05625
STRASBOURG,LAVAL,19,0.059375
STRASBOURG,LAVAL,20,0.0625
STRASBOURG,LAVAL,21,0.06875
STRASBOURG,LAVAL,22,0.15
STRASBOURG,LAVAL,23,0.15312499999999998
STRASBOURG,LAVAL,24,0.184375
STRASBOURG,LAVAL,25,0.175
STRASBOURG,LAVAL,26,0.090625
STRASBOURG,LAVAL,27,0.11875
STRASBOURG,LAVAL,28,0.11562499999999999
STRASBOURG,LAVAL,29,0.11249999999999999
STRASBOURG,LAVAL,30,0.0375
STRASBOURG,LE MANS,0,0.40405797101449276
STRASBOURG,LE MANS,1,0.42681159420289855
STRASBOURG,LE MANS,2,0.43641618497109824
STRASBOURG,LE MANS,3,0.4430635838150289
STRASBOURG,LE MANS,4,0.2778901734104046
STRASBOURG,LE MANS,5,0.29840579710144927
STRASBOURG,LE MANS,6,0.29536231884057973
STRASBOURG,LE MANS,7,0.29884057971014494
STRASBOURG,LE MANS,8,0.29782608695652174
STRASBOURG,LE MANS,9,0.27869565217391307
STRASBOURG,LE MANS,10,0.27994186046511627
STRASBOURG,LE MANS,11,0.28488372093023256
STRASBOURG,LE MANS,12,0.08561046511627907
STRASBOURG,LE MANS,13,0.08338192419825073
STRASBOURG,LE MANS,14,0.08075801749271137
STRASBOURG,LE MANS,15,0.07733918128654971
STRASBOURG,LE MANS,16,0.07587209302325582
STRASBOURG,LE MANS,17,0.077046783625731
STRASBOURG,LE MANS,18,0.07653958944281525
STRASBOURG,LE MANS,19,0.07897058823529413
STRASBOURG,LE MANS,20,0.08289085545722714
STRASBOURG,LE MANS,21,0.08683431952662722
STRASBOURG,LE MANS,22,0.09094955489614243
STRASBOURG,LE MANS,23,0.08757396449704143
STRASBOURG,LE MANS,24,0.09258160237388724
STRASBOURG,LE MANS,25,0.09198813056379822
STRASBOURG,LE MANS,26,0.08988095238095238
STRASBOURG,LE MANS,27,0.09104477611940298
STRASBOURG,LE MANS,28,0.08967065868263473
STRASBOURG,LE MANS,29,0.08873873873873873
STRASBOURG,LE MANS,30,0.017371601208459216
STRASBOURG,LORIENT,0,0.255
STRASBOURG,LORIENT,1,0.2157894736842105
STRASBOURG,LORIENT,2,0.2210526315789474
STRASBOURG,LORIENT,3,0.27
STRASBOURG,LORIENT,4,0.2
STRASBOURG,LORIENT,5,0.185
STRASBOURG,LORIENT,6,0.22749999999999998
STRASBOURG,LORIENT,7,0.1625
STRASBOURG,LORIENT,8,0.1775
STRASBOURG,LORIENT,9,0.155
STRASBOURG,LORIENT,10,0.1675
STRASBOURG,LORIENT,11,0.23500000000000001
STRASBOURG,LORIENT,12,0.0125
STRASBOURG,LORIENT,13,0.01
STRASBOURG,LORIENT,14,0.0475
STRASBOURG,LORIENT,15,0.05
STRASBOURG,LORIENT,16,0.05
STRASBOURG,LORIENT,17,0.052500000000000005
STRASBOURG,LORIENT,18,0.0475
STRASBOURG,LORIENT,19,0.052500000000000005
STRASBOURG,LORIENT,20,0.05
STRASBOURG,LORIENT,21,0.0475
STRASBOURG,LORIENT,22,0.12
STRASBOURG,LORIENT,23,0.10999999999999999
STRASBOURG,LORIENT,24,0.1275
STRASBOURG,LORIENT,25,0.135
STRASBOURG,LORIENT,26,0.075
STRASBOURG,LORIENT,27,0.1025
STRASBOURG,LORIENT,28,0.0925
STRASBOURG,LORIENT,29,0.085
STRASBOURG,LORIENT,30,0.02
STRASBOURG,LORRAINE TGV,0,0.8444602272727273
STRASBOURG,LORRAINE TGV,1,0.8352272727272727
STRASBOURG,LORRAINE TGV,2,0.8238636363636364
STRASBOURG,LORRAINE TGV,3,0.8203125
STRASBOURG,LORRAINE TGV,4,0.6977272727272728
STRASBOURG,LORRAINE TGV,5,0.7095441595441596
STRASBOURG,LORRAINE TGV,6,0.7138176638176639
STRASBOURG,LORRAINE TGV,7,0.703988603988604
STRASBOURG,LORRAINE TGV,8,0.6982905982905983
STRASBOURG,LORRAINE TGV,9,0.6792022792022793
STRASBOURG,LORRAINE TGV,10,0.6760683760683761
STRASBOURG,LORRAINE TGV,11,0.6829059829059829
STRASBOURG,LORRAINE TGV,12,0.4044159544159544
STRASBOURG,LORRAINE TGV,13,0.39487179487179486
STRASBOURG,LORRAINE TGV,14,0.3886039886039886
STRASBOURG,LORRAINE TGV,15,0.38646723646723646
STRASBOURG,LORRAINE TGV,16,0.37777777777777777
STRASBOURG,LORRAINE TGV,17,0.36985714285714283
STRASBOURG,LORRAINE TGV,18,0.3736389684813754
STRASBOURG,LORRAINE TGV,19,0.373352435530086
STRASBOURG,LORRAINE TGV,20,0.3749283667621776
STRASBOURG,LORRAINE TGV,21,0.37793696275071637
STRASBOURG,LORRAINE TGV,22,0.37908309455587397
STRASBOURG,LORRAINE TGV,23,0.3724285714285714
STRASBOURG,LORRAINE TGV,24,0.3646131805157593
STRASBOURG,LORRAINE TGV,25,0.3534383954154728
STRASBOURG,LORRAINE TGV,26,0.34195402298850575
STRASBOURG,LORRAINE TGV,27,0.3361671469740634
STRASBOURG,LORRAINE TGV,28,0.3416184971098266
STRASBOURG,LORRAINE TGV,29,0.3210144927536232
STRASBOURG,LORRAINE TGV,30,0.06180758017492711
STRASBOURG,MARNE LA VALLEE CHESSY,0,0.5840909090909091
STRASBOURG,MARNE LA VALLEE CHESSY,1,0.6113636363636363
STRASBOURG,MARNE LA VALLEE CHESSY,2,0.603125
STRASBOURG,MARNE LA VALLEE CHESSY,3,0.6228693181818182
STRASBOURG,MARNE LA VALLEE CHESSY,4,0.42769886363636367
STRASBOURG,MARNE LA VALLEE CHESSY,5,0.43148148148148147
STRASBOURG,MARNE LA VALLEE CHESSY,6,0.4445868945868946
STRASBOURG,MARNE LA VALLEE CHESSY,7,0.4494301994301994
STRASBOURG,MARNE LA VALLEE CHESSY,8,0.44245014245014247
STRASBOURG,MARNE LA VALLEE CHESSY,9,0.443019943019943
STRASBOURG,MARNE LA VALLEE CHESSY,10,0.45042735042735044
STRASBOURG,MARNE LA VALLEE CHESSY,11,0.45555555555555555
STRASBOURG,MARNE LA VALLEE CHESSY,12,0.12236467236467237
STRASBOURG,MARNE LA VALLEE CHESSY,13,0.1158119658119658
STRASBOURG,MARNE LA VALLEE CHESSY,14,0.11381766381766383
STRASBOURG,MARNE LA VALLEE CHESSY,15,0.11438746438746439
STRASBOURG,MARNE LA VALLEE CHESSY,16,0.11253561253561253
STRASBOURG,MARNE LA VALLEE CHESSY,17,0.11314285714285714
STRASBOURG,MARNE LA VALLEE CHESSY,18,0.10644699140401145
STRASBOURG,MARNE LA VALLEE CHESSY,19,0.10830945558739254
STRASBOURG,MARNE LA VALLEE CHESSY,20,0.1167621776504298
STRASBOURG,MARNE LA VALLEE CHESSY,21,0.12363896848137536
STRASBOURG,MARNE LA VALLEE CHESSY,22,0.12936962750716333
STRASBOURG,MARNE LA VALLEE CHESSY,23,0.12271428571428572
STRASBOURG,MARNE LA VALLEE CHESSY,24,0.12664756446991404
STRASBOURG,MARNE LA VALLEE CHESSY,25,0.12793696275071634
STRASBOURG,MARNE LA VALLEE CHESSY,26,0.12442528735632183
STRASBOURG,MARNE LA VALLEE CHESSY,27,0.12838616714697407
STRASBOURG,MARNE LA VALLEE CHESSY,28,0.12052023121387284
STRASBOURG,MARNE LA VALLEE CHESSY,29,0.11434782608695652
STRASBOURG,MARNE LA VALLEE CHESSY,30,0.022740524781341108
STRASBOURG,MASSY TGV,0,0.5736918604651162
STRASBOURG,MASSY TGV,1,0.6005813953488371
STRASBOURG,MASSY TGV,2,0.5982558139534884
STRASBOURG,MASSY TGV,3,0.6165697674418604
STRASBOURG,MASSY TGV,4,0.4263081395348837
STRASBOURG,MASSY TGV,5,0.43061224489795913
STRASBOURG,MASSY TGV,6,0.4338192419825073
STRASBOURG,MASSY TGV,7,0.43688046647230316
STRASBOURG,MASSY TGV,8,0.4313411078717201
STRASBOURG,MASSY TGV,9,0.43673469387755104
STRASBOURG,MASSY TGV,10,0.4441690962099125
STRASBOURG,MASSY TGV,11,0.44533527696793
STRASBOURG,MASSY TGV,12,0.11501457725947523
STRASBOURG,MASSY TGV,13,0.1097667638483965
STRASBOURG,MASSY TGV,14,0.10845481049562683
STRASBOURG,MASSY TGV,15,0.10787172011661808
STRASBOURG,MASSY TGV,16,0.10568513119533528
STRASBOURG,MASSY TGV,17,0.10789473684210527
STRASBOURG,MASSY TGV,18,0.10073313782991203
STRASBOURG,MASSY TGV,19,0.10366568914956012
STRASBOURG,MASSY TGV,20,0.11026392961876834
STRASBOURG,MASSY TGV,21,0.11847507331378299
STRASBOURG,MASSY TGV,22,0.1249266862170088
STRASBOURG,MASSY TGV,23,0.12046783625730995
STRASBOURG,MASSY TGV,24,0.12258064516129032
STRASBOURG,MASSY TGV,25,0.12287390029325512
STRASBOURG,MASSY TGV,26,0.11985294117647059
STRASBOURG,MASSY TGV,27,0.12359882005899704
STRASBOURG,MASSY TGV,28,0.11760355029585799
STRASBOURG,MASSY TGV,29,0.11454005934718102
STRASBOURG,MASSY TGV,30,0.024626865671641792
STRASBOURG,MEUSE TGV,0,0.7027065527065527
STRASBOURG,MEUSE TGV,1,0.7001424501424501
STRASBOURG,MEUSE TGV,2,0.7096866096866097
STRASBOURG,MEUSE TGV,3,0.6955840455840456
STRASBOURG,MEUSE TGV,4,0.5518518518518518
STRASBOURG,MEUSE TGV,5,0.5621428571428572
STRASBOURG,MEUSE TGV,6,0.5690000000000001
STRASBOURG,MEUSE TGV,7,0.5652857142857143
STRASBOURG,MEUSE TGV,8,0.5572857142857143
STRASBOURG,MEUSE TGV,9,0.5458571428571429
STRASBOURG,MEUSE TGV,10,0.5448424068767909
STRASBOURG,MEUSE TGV,11,0.5421203438395416
STRASBOURG,MEUSE TGV,12,0.32664756446991405
STRASBOURG,MEUSE TGV,13,0.32765042979942693
STRASBOURG,MEUSE TGV,14,0.3281609195402299
STRASBOURG,MEUSE TGV,15,0.3274425287356322
STRASBOURG,MEUSE TGV,16,0.32736389684813755
STRASBOURG,MEUSE TGV,17,0.3227011494252873
STRASBOURG,MEUSE TGV,18,0.33213256484149856
STRASBOURG,MEUSE TGV,19,0.33371757925072043
STRASBOURG,MEUSE TGV,20,0.33861671469740634
STRASBOURG,MEUSE TGV,21,0.3368876080691643
STRASBOURG,MEUSE TGV,22,0.338328530259366
STRASBOURG,MEUSE TGV,23,0.33204022988505744
STRASBOURG,MEUSE TGV,24,0.32089337175792504
STRASBOURG,MEUSE TGV,25,0.3139769452449568
STRASBOURG,MEUSE TGV,26,0.3053468208092486
STRASBOURG,MEUSE TGV,27,0.29840579710144927
STRASBOURG,MEUSE TGV,28,0.301453488372093
STRASBOURG,MEUSE TGV,29,0.28731778425655974
STRASBOURG,MEUSE TGV,30,0.059677419354838716
STRASBOURG,NANTES,0,0.5337719298245615
STRASBOURG,NANTES,1,0.5523391812865497
STRASBOURG,NANTES,2,0.5553935860058309
STRASBOURG,NANTES,3,0.5486880466472303
STRASBOURG,NANTES,4,0.384402332361516
STRASBOURG,NANTES,5,0.39459064327485377
STRASBOURG,NANTES,6,0.4027777777777778
STRASBOURG,NANTES,7,0.38640350877192986
STRASBOURG,NANTES,8,0.38684210526315793
STRASBOURG,NANTES,9,0.36520467836257314
STRASBOURG,NANTES,10,0.3713450292397661
STRASBOURG,NANTES,11,0.3733918128654971
STRASBOURG,NANTES,12,0.07727272727272727
STRASBOURG,NANTES,13,0.06964809384164222
STRASBOURG,NANTES,14,0.0656891495601173
STRASBOURG,NANTES,15,0.058382352941176476
STRASBOURG,NANTES,16,0.05411764705882353
STRASBOURG,NANTES,17,0.0556047197640118
STRASBOURG,NANTES,18,0.05488165680473373
STRASBOURG,NANTES,19,0.05637982195845697
STRASBOURG,NANTES,20,0.057291666666666664
STRASBOURG,NANTES,21,0.05970149253731343
STRASBOURG,NANTES,22,0.06242514970059881
STRASBOURG,NANTES,23,0.06149253731343284
STRASBOURG,NANTES,24,0.06272455089820358
STRASBOURG,NANTES,25,0.06152694610778443
STRASBOURG,NANTES,26,0.060810810810810814
STRASBOURG,NANTES,27,0.0605421686746988
STRASBOURG,NANTES,28,0.06057401812688822
STRASBOURG,NANTES,29,0.061818181818181814
STRASBOURG,NANTES,30,0.01033434650455927
STRASBOURG,NIORT,0,0.3852941176470588
STRASBOURG,NIORT,1,0.35000000000000003
STRASBOURG,NIORT,2,0.375
STRASBOURG,NIORT,3,0.49062500000000003
STRASBOURG,NIORT,4,0.2029411764705882
STRASBOURG,NIORT,5,0.18235294117647058
STRASBOURG,NIORT,6,0.12941176470588237
STRASBOURG,NIORT,7,0.13823529411764707
STRASBOURG,NIORT,8,0.17058823529411765
STRASBOURG,NIORT,9,0.20294117647058824
STRASBOURG,NIORT,10,0.22058823529411764
STRASBOURG,NIORT,11,0.1941176470588235
STRASBOURG,NIORT,12,0.0029411764705882353
STRASBOURG,NIORT,13,0.0029411764705882353
STRASBOURG,NIORT,14,0.0
STRASBOURG,NIORT,15,0.0
STRASBOURG,NIORT,16,0.0
STRASBOURG,NIORT,17,0.0
STRASBOURG,NIORT,18,0.0
STRASBOURG,NIORT,19,0.0029411764705882353
STRASBOURG,NIORT,20,0.0
STRASBOURG,NIORT,21,0.0
STRASBOURG,NIORT,22,0.0
STRASBOURG,NIORT,23,0.0
STRASBOURG,NIORT,24,0.0
STRASBOURG,NIORT,25,0.0
STRASBOURG,NIORT,26,0.0
STRASBOURG,NIORT,27,0.0029411764705882353
STRASBOURG,NIORT,28,0.0
STRASBOURG,NIORT,29,0.0
STRASBOURG,NIORT,30,0.0
STRASBOURG,POITIERS,0,0.18028169014084508
STRASBOURG,POITIERS,1,0.1920774647887324
STRASBOURG,POITIERS,2,0.18021201413427562
STRASBOURG,POITIERS,3,0.17402826855123674
STRASBOURG,POITIERS,4,0.06684397163120567
STRASBOURG,POITIERS,5,0.05747330960854092
STRASBOURG,POITIERS,6,0.05765124555160142
STRASBOURG,POITIERS,7,0.054804270462633455
STRASBOURG,POITIERS,8,0.04733096085409253
STRASBOURG,POITIERS,9,0.05964285714285714
STRASBOURG,POITIERS,10,0.06881720430107527
STRASBOURG,POITIERS,11,0.07267857142857144
STRASBOURG,POITIERS,12,0.01845878136200717
STRASBOURG,POITIERS,13,0.01863799283154122
STRASBOURG,POITIERS,14,0.01960431654676259
STRASBOURG,POITIERS,15,0.020863309352517984
STRASBOURG,POITIERS,16,0.01960431654676259
STRASBOURG,POITIERS,17,0.01827956989247312
STRASBOURG,POITIERS,18,0.016366906474820142
STRASBOURG,POITIERS,19,0.020577617328519857
STRASBOURG,POITIERS,20,0.025
STRASBOURG,POITIERS,21,0.025359712230215825
STRASBOURG,POITIERS,22,0.025268817204301075
STRASBOURG,POITIERS,23,0.022939068100358423
STRASBOURG,POITIERS,24,0.021762589928057553
STRASBOURG,POITIERS,25,0.019244604316546763
STRASBOURG,POITIERS,26,0.022382671480144407
STRASBOURG,POITIERS,27,0.025
STRASBOURG,POITIERS,28,0.022545454545454546
STRASBOURG,POITIERS,29,0.01818181818181818
STRASBOURG,POITIERS,30,0.003832116788321168
STRASBOURG,QUIMPER,0,0.26
STRASBOURG,QUIMPER,1,0.2210526315789474
STRASBOURG,QUIMPER,2,0.2131578947368421
STRASBOURG,QUIMPER,3,0.2525
STRASBOURG,QUIMPER,4,0.19
STRASBOURG,QUIMPER,5,0.1975
STRASBOURG,QUIMPER,6,0.22000000000000003
STRASBOURG,QUIMPER,7,0.175
STRASBOURG,QUIMPER,8,0.1775
STRASBOURG,QUIMPER,9,0.16
STRASBOURG,QUIMPER,10,0.15
STRASBOURG,QUIMPER,11,0.20750000000000002
STRASBOURG,QUIMPER,12,0.01
STRASBOURG,QUIMPER,13,0.0075
STRASBOURG,QUIMPER,14,0.045
STRASBOURG,QUIMPER,15,0.057499999999999996
STRASBOURG,QUIMPER,16,0.05750000000000001
STRASBOURG,QUIMPER,17,0.042499999999999996
STRASBOURG,QUIMPER,18,0.05500000000000001
STRASBOURG,QUIMPER,19,0.057499999999999996
STRASBOURG,QUIMPER,20,0.05500000000000001
STRASBOURG,QUIMPER,21,0.0625
STRASBOURG,QUIMPER,22,0.12999999999999998
STRASBOURG,QUIMPER,23,0.11499999999999999
STRASBOURG,QUIMPER,24,0.13499999999999998
STRASBOURG,QUIMPER,25,0.15
STRASBOURG,QUIMPER,26,0.065
STRASBOURG,QUIMPER,27,0.09
STRASBOURG,QUIMPER,28,0.1025
STRASBOURG,QUIMPER,29,0.09
STRASBOURG,QUIMPER,30,0.0325
STRASBOURG,RENNES,0,0.16275510204081634
STRASBOURG,RENNES,1,0.16254237288135595
STRASBOURG,RENNES,2,0.1806779661016949
STRASBOURG,RENNES,3,0.1805084745762712
STRASBOURG,RENNES,4,0.06435810810810812
STRASBOURG,RENNES,5,0.07993197278911565
STRASBOURG,RENNES,6,0.07346938775510205
STRASBOURG,RENNES,7,0.07713310580204778
STRASBOURG,RENNES,8,0.0702054794520548
STRASBOURG,RENNES,9,0.06746575342465753
STRASBOURG,RENNES,10,0.06804123711340207
STRASBOURG,RENNES,11,0.07862068965517241
STRASBOURG,RENNES,12,0.027586206896551724
STRASBOURG,RENNES,13,0.028620689655172418
STRASBOURG,RENNES,14,0.0301038062283737
STRASBOURG,RENNES,15,0.028620689655172418
STRASBOURG,RENNES,16,0.028200692041522493
STRASBOURG,RENNES,17,0.027777777777777776
STRASBOURG,RENNES,18,0.031141868512110725
STRASBOURG,RENNES,19,0.032055749128919855
STRASBOURG,RENNES,20,0.03513986013986014
STRASBOURG,RENNES,21,0.035964912280701755
STRASBOURG,RENNES,22,0.041403508771929824
STRASBOURG,RENNES,23,0.037894736842105266
STRASBOURG,RENNES,24,0.04154929577464789
STRASBOURG,RENNES,25,0.040282685512367494
STRASBOURG,RENNES,26,0.03634751773049645
STRASBOURG,RENNES,27,0.03847517730496454
STRASBOURG,RENNES,28,0.03581560283687943
STRASBOURG,RENNES,29,0.03634751773049645
STRASBOURG,RENNES,30,0.008064516129032258
STRASBOURG,ST PIERRE DES CORPS,0,0.3941896024464832
STRASBOURG,ST PIERRE DES CORPS,1,0.40122324159021405
STRASBOURG,ST PIERRE DES CORPS,2,0.3961656441717792
STRASBOURG,ST PIERRE DES CORPS,3,0.3983128834355828
STRASBOURG,ST PIERRE DES CORPS,4,0.22392638036809817
STRASBOURG,ST PIERRE DES CORPS,5,0.2236923076923077
STRASBOURG,ST PIERRE DES CORPS,6,0.21215384615384617
STRASBOURG,ST PIERRE DES CORPS,7,0.21
STRASBOURG,ST PIERRE DES CORPS,8,0.202
STRASBOURG,ST PIERRE DES CORPS,9,0.21265432098765433
STRASBOURG,ST PIERRE DES CORPS,10,0.22021604938271602
STRASBOURG,ST PIERRE DES CORPS,11,0.22184615384615383
STRASBOURG,ST PIERRE DES CORPS,12,0.024845679012345682
STRASBOURG,ST PIERRE DES CORPS,13,0.02052469135802469
STRASBOURG,ST PIERRE DES CORPS,14,0.02043343653250774
STRASBOURG,ST PIERRE DES CORPS,15,0.020743034055727555
STRASBOURG,ST PIERRE DES CORPS,16,0.016614906832298135
STRASBOURG,ST PIERRE DES CORPS,17,0.014953271028037382
STRASBOURG,ST PIERRE DES CORPS,18,0.014641744548286605
STRASBOURG,ST PIERRE DES CORPS,19,0.018437500000000002
STRASBOURG,ST PIERRE DES CORPS,20,0.021562500000000002
STRASBOURG,ST PIERRE DES CORPS,21,0.021718750000000002
STRASBOURG,ST PIERRE DES CORPS,22,0.022118380062305296
STRASBOURG,ST PIERRE DES CORPS,23,0.019314641744548288
STRASBOURG,ST PIERRE DES CORPS,24,0.018437500000000002
STRASBOURG,ST PIERRE DES CORPS,25,0.016457680250783698
STRASBOURG,ST PIERRE DES CORPS,26,0.019968553459119496
STRASBOURG,ST PIERRE DES CORPS,27,0.022555205047318613
STRASBOURG,ST PIERRE DES CORPS,28,0.022626582278481015
STRASBOURG,ST PIERRE DES CORPS,29,0.020569620253164556
STRASBOURG,ST PIERRE DES CORPS,30,0.005414012738853503
STRASBOURG,VANNES,0,0.27
STRASBOURG,VANNES,1,0.23157894736842108
STRASBOURG,VANNES,2,0.2263157894736842
STRASBOURG,VANNES,3,0.265
STRASBOURG,VANNES,4,0.1975
STRASBOURG,VANNES,5,0.205
STRASBOURG,VANNES,6,0.24
STRASBOURG,VANNES,7,0.175
STRASBOURG,VANNES,8,0.1875
STRASBOURG,VANNES,9,0.155
STRASBOURG,VANNES,10,0.16
STRASBOURG,VANNES,11,0.2225
STRASBOURG,VANNES,12,0.0075000000000000015
STRASBOURG,VANNES,13,0.0125
STRASBOURG,VANNES,14,0.039999999999999994
STRASBOURG,VANNES,15,0.0475
STRASBOURG,VANNES,16,0.05500000000000001
STRASBOURG,VANNES,17,0.042499999999999996
STRASBOURG,VANNES,18,0.042499999999999996
STRASBOURG,VANNES,19,0.05
STRASBOURG,VANNES,20,0.06
STRASBOURG,VANNES,21,0.06
STRASBOURG,VANNES,22,0.12
STRASBOURG,VANNES,23,0.1125
STRASBOURG,VANNES,24,0.13
STRASBOURG,VANNES,25,0.14250000000000002
STRASBOURG,VANNES,26,0.0725
STRASBOURG,VANNES,27,0.1025
STRASBOURG,VANNES,28,0.1025
STRASBOURG,VANNES,29,0.09
STRASBOURG,VANNES,30,0.03
VANNES,AURAY,0,0.38
VANNES,AURAY,1,0.3078947368421052
VANNES,AURAY,2,0.2789473684210526
VANNES,AURAY,3,0.2975
VANNES,AURAY,4,0.19749999999999998
VANNES,AURAY,5,0.1925
VANNES,AURAY,6,0.19
VANNES,AURAY,7,0.17250000000000001
VANNES,AURAY,8,0.1925
VANNES,AURAY,9,0.175
VANNES,AURAY,10,0.11750000000000001
VANNES,AURAY,11,0.14750000000000002
VANNES,AURAY,12,0.0075000000000000015
VANNES,AURAY,13,0.005
VANNES,AURAY,14,0.05500000000000001
VANNES,AURAY,15,0.05500000000000001
VANNES,AURAY,16,0.05
VANNES,AURAY,17,0.0375
VANNES,AURAY,18,0.042499999999999996
VANNES,AURAY,19,0.045
VANNES,AURAY,20,0.057499999999999996
VANNES,AURAY,21,0.06
VANNES,AURAY,22,0.13
VANNES,AURAY,23,0.11499999999999999
VANNES,AURAY,24,0.1275
VANNES,AURAY,25,0.145
VANNES,AURAY,26,0.0775
VANNES,AURAY,27,0.1025
VANNES,AURAY,28,0.0975
VANNES,AURAY,29,0.1
VANNES,AURAY,30,0.04
VANNES,LORIENT,0,0.3875
VANNES,LORIENT,1,0.32105263157894737
VANNES,LORIENT,2,0.2657894736842105
VANNES,LORIENT,3,0.3075
VANNES,LORIENT,4,0.195
VANNES,LORIENT,5,0.195
VANNES,LORIENT,6,0.1975
VANNES,LORIENT,7,0.1675
VANNES,LORIENT,8,0.1825
VANNES,LORIENT,9,0.1575
VANNES,LORIENT,10,0.11499999999999999
VANNES,LORIENT,11,0.14750000000000002
VANNES,LORIENT,12,0.005
VANNES,LORIENT,13,0.005
VANNES,LORIENT,14,0.0475
VANNES,LORIENT,15,0.0475
VANNES,LORIENT,16,0.052500000000000005
VANNES,LORIENT,17,0.052500000000000005
VANNES,LORIENT,18,0.05
VANNES,LORIENT,19,0.05
VANNES,LORIENT,20,0.052500000000000005
VANNES,LORIENT,21,0.05500000000000001
VANNES,LORIENT,22,0.125
VANNES,LORIENT,23,0.1075
VANNES,LORIENT,24,0.1275
VANNES,LORIENT,25,0.145
VANNES,LORIENT,26,0.057499999999999996
VANNES,LORIENT,27,0.0875
VANNES,LORIENT,28,0.10999999999999999
VANNES,LORIENT,29,0.10250000000000001
VANNES,LORIENT,30,0.034999999999999996
VANNES,QUIMPER,0,0.3825
VANNES,QUIMPER,1,0.31315789473684214
VANNES,QUIMPER,2,0.26842105263157895
VANNES,QUIMPER,3,0.29500000000000004
VANNES,QUIMPER,4,0.1925
VANNES,QUIMPER,5,0.19
VANNES,QUIMPER,6,0.185
VANNES,QUIMPER,7,0.1675
VANNES,QUIMPER,8,0.1775
VANNES,QUIMPER,9,0.15750000000000003
VANNES,QUIMPER,10,0.11000000000000001
VANNES,QUIMPER,11,0.13
VANNES,QUIMPER,12,0.0025
VANNES,QUIMPER,13,0.0025
VANNES,QUIMPER,14,0.03
VANNES,QUIMPER,15,0.0475
VANNES,QUIMPER,16,0.042499999999999996
VANNES,QUIMPER,17,0.0325
VANNES,QUIMPER,18,0.045
VANNES,QUIMPER,19,0.0475
VANNES,QUIMPER,20,0.0475
VANNES,QUIMPER,21,0.05
VANNES,QUIMPER,22,0.12249999999999998
VANNES,QUIMPER,23,0.11499999999999999
VANNES,QUIMPER,24,0.1325
VANNES,QUIMPER,25,0.13999999999999999
VANNES,QUIMPER,26,0.06499999999999999
VANNES,QUIMPER,27,0.0875
VANNES,QUIMPER,28,0.10500000000000001
VANNES,QUIMPER,29,0.0925
VANNES,QUIMPER,30,0.034999999999999996
