origine,destination,delta_days,proba_open
AIME LA PLAGNE,BOURG SAINT MAURICE,0,1.0
AIME LA PLAGNE,BOURG SAINT MAURICE,1,1.0
AIME LA PLAGNE,BOURG SAINT MAURICE,2,1.0
AIME LA PLAGNE,BOURG SAINT MAURICE,3,1.0
AIME LA PLAGNE,BOURG SAINT MAURICE,4,0.975
AIME LA PLAGNE,BOURG SAINT MAURICE,5,1.0
AIME LA PLAGNE,BOURG SAINT MAURICE,6,1.0
AIME LA PLAGNE,BOURG SAINT MAURICE,7,1.0
AIME LA PLAGNE,BOURG SAINT MAURICE,8,0.975
AIME LA PLAGNE,BOURG SAINT MAURICE,9,0.975
AIME LA PLAGNE,BOURG SAINT MAURICE,10,0.975
AIME LA PLAGNE,BOURG SAINT MAURICE,11,0.975
AIME LA PLAGNE,BOURG SAINT MAURICE,12,0.0
AIME LA PLAGNE,BOURG SAINT MAURICE,13,0.0
AIME LA PLAGNE,BOURG SAINT MAURICE,14,0.075
AIME LA PLAGNE,BOURG SAINT MAURICE,15,0.375
AIME LA PLAGNE,BOURG SAINT MAURICE,16,0.42500000000000004
AIME LA PLAGNE,BOURG SAINT MAURICE,17,0.05
AIME LA PLAGNE,BOURG SAINT MAURICE,18,0.025
AIME LA PLAGNE,BOURG SAINT MAURICE,19,0.0
AIME LA PLAGNE,BOURG SAINT MAURICE,20,0.0
AIME LA PLAGNE,BOURG SAINT MAURICE,21,0.0
AIME LA PLAGNE,BOURG SAINT MAURICE,22,0.0
AIME LA PLAGNE,BOURG SAINT MAURICE,23,0.0
AIME LA PLAGNE,BOURG SAINT MAURICE,24,0.0
AIME LA PLAGNE,BOURG SAINT MAURICE,25,0.0
AIME LA PLAGNE,BOURG SAINT MAURICE,26,0.0
AIME LA PLAGNE,BOURG SAINT MAURICE,27,0.0
AIME LA PLAGNE,BOURG SAINT MAURICE,28,0.0
AIME LA PLAGNE,BOURG SAINT MAURICE,29,0.0
AIME LA PLAGNE,BOURG SAINT MAURICE,30,0.0
AIME LA PLAGNE,LANDRY,0,1.0
AIME LA PLAGNE,LANDRY,1,1.0
AIME LA PLAGNE,LANDRY,2,1.0
AIME LA PLAGNE,LANDRY,3,0.975
AIME LA PLAGNE,LANDRY,4,1.0
AIME LA PLAGNE,LANDRY,5,1.0
AIME LA PLAGNE,LANDRY,6,1.0
AIME LA PLAGNE,LANDRY,7,0.975
AIME LA PLAGNE,LANDRY,8,1.0
AIME LA PLAGNE,LANDRY,9,1.0
AIME LA PLAGNE,LANDRY,10,1.0
AIME LA PLAGNE,LANDRY,11,1.0
AIME LA PLAGNE,LANDRY,12,0.0
AIME LA PLAGNE,LANDRY,13,0.0
AIME LA PLAGNE,LANDRY,14,0.07500000000000001
AIME LA PLAGNE,LANDRY,15,0.225
AIME LA PLAGNE,LANDRY,16,0.425
AIME LA PLAGNE,LANDRY,17,0.075
AIME LA PLAGNE,LANDRY,18,0.0
AIME LA PLAGNE,LANDRY,19,0.0
AIME LA PLAGNE,LANDRY,20,0.0
AIME LA PLAGNE,LANDRY,21,0.0
AIME LA PLAGNE,LANDRY,22,0.0
AIME LA PLAGNE,LANDRY,23,0.0
AIME LA PLAGNE,LANDRY,24,0.0
AIME LA PLAGNE,LANDRY,25,0.0
AIME LA PLAGNE,LANDRY,26,0.0
AIME LA PLAGNE,LANDRY,27,0.0
AIME LA PLAGNE,LANDRY,28,0.0
AIME LA PLAGNE,LANDRY,29,0.0
AIME LA PLAGNE,LANDRY,30,0.0
AIX EN PROVENCE TGV,ANTIBES,0,0.41763005780346824
AIX EN PROVENCE TGV,ANTIBES,1,0.45072463768115945
AIX EN PROVENCE TGV,ANTIBES,2,0.4581395348837209
AIX EN PROVENCE TGV,ANTIBES,3,0.461271676300578
AIX EN PROVENCE TGV,ANTIBES,4,0.32514450867052025
AIX EN PROVENCE TGV,ANTIBES,5,0.32745664739884395
AIX EN PROVENCE TGV,ANTIBES,6,0.3511527377521614
AIX EN PROVENCE TGV,ANTIBES,7,0.34898843930635837
AIX EN PROVENCE TGV,ANTIBES,8,0.3453757225433526
AIX EN PROVENCE TGV,ANTIBES,9,0.36820809248554914
AIX EN PROVENCE TGV,ANTIBES,10,0.3791304347826087
AIX EN PROVENCE TGV,ANTIBES,11,0.38637681159420295
AIX EN PROVENCE TGV,ANTIBES,12,0.2244186046511628
AIX EN PROVENCE TGV,ANTIBES,13,0.22580174927113703
AIX EN PROVENCE TGV,ANTIBES,14,0.22959183673469388
AIX EN PROVENCE TGV,ANTIBES,15,0.24271137026239067
AIX EN PROVENCE TGV,ANTIBES,16,0.24985422740524782
AIX EN PROVENCE TGV,ANTIBES,17,0.25862573099415204
AIX EN PROVENCE TGV,ANTIBES,18,0.2714076246334311
AIX EN PROVENCE TGV,ANTIBES,19,0.2802941176470588
AIX EN PROVENCE TGV,ANTIBES,20,0.27359882005899705
AIX EN PROVENCE TGV,ANTIBES,21,0.2738165680473373
AIX EN PROVENCE TGV,ANTIBES,22,0.2775147928994083
AIX EN PROVENCE TGV,ANTIBES,23,0.2812130177514793
AIX EN PROVENCE TGV,ANTIBES,24,0.27172619047619045
AIX EN PROVENCE TGV,ANTIBES,25,0.27597014925373137
AIX EN PROVENCE TGV,ANTIBES,26,0.2818862275449102
AIX EN PROVENCE TGV,ANTIBES,27,0.27852852852852855
AIX EN PROVENCE TGV,ANTIBES,28,0.26897590361445783
AIX EN PROVENCE TGV,ANTIBES,29,0.2486404833836858
AIX EN PROVENCE TGV,ANTIBES,30,0.027896341463414635
AIX EN PROVENCE TGV,CANNES,0,0.4105491329479769
AIX EN PROVENCE TGV,CANNES,1,0.44130434782608696
AIX EN PROVENCE TGV,CANNES,2,0.4511627906976744
AIX EN PROVENCE TGV,CANNES,3,0.4554913294797688
AIX EN PROVENCE TGV,CANNES,4,0.3180635838150289
AIX EN PROVENCE TGV,CANNES,5,0.326878612716763
AIX EN PROVENCE TGV,CANNES,6,0.35014409221902015
AIX EN PROVENCE TGV,CANNES,7,0.3476878612716763
AIX EN PROVENCE TGV,CANNES,8,0.35101156069364164
AIX EN PROVENCE TGV,CANNES,9,0.36647398843930634
AIX EN PROVENCE TGV,CANNES,10,0.37797101449275367
AIX EN PROVENCE TGV,CANNES,11,0.38405797101449274
AIX EN PROVENCE TGV,CANNES,12,0.22732558139534884
AIX EN PROVENCE TGV,CANNES,13,0.22492711370262392
AIX EN PROVENCE TGV,CANNES,14,0.22346938775510206
AIX EN PROVENCE TGV,CANNES,15,0.23921282798833818
AIX EN PROVENCE TGV,CANNES,16,0.25029154518950436
AIX EN PROVENCE TGV,CANNES,17,0.2535087719298246
AIX EN PROVENCE TGV,CANNES,18,0.27052785923753664
AIX EN PROVENCE TGV,CANNES,19,0.2839705882352941
AIX EN PROVENCE TGV,CANNES,20,0.2762536873156342
AIX EN PROVENCE TGV,CANNES,21,0.2723372781065089
AIX EN PROVENCE TGV,CANNES,22,0.27928994082840236
AIX EN PROVENCE TGV,CANNES,23,0.2812130177514793
AIX EN PROVENCE TGV,CANNES,24,0.26860119047619047
AIX EN PROVENCE TGV,CANNES,25,0.2746268656716418
AIX EN PROVENCE TGV,CANNES,26,0.28158682634730536
AIX EN PROVENCE TGV,CANNES,27,0.27822822822822824
AIX EN PROVENCE TGV,CANNES,28,0.2676204819277108
AIX EN PROVENCE TGV,CANNES,29,0.2516616314199396
AIX EN PROVENCE TGV,CANNES,30,0.03109756097560976
AIX EN PROVENCE TGV,MARSEILLE BLANCARDE,0,0.19166666666666665
AIX EN PROVENCE TGV,MARSEILLE BLANCARDE,1,0.2833333333333333
AIX EN PROVENCE TGV,MARSEILLE BLANCARDE,2,0.3333333333333333
AIX EN PROVENCE TGV,MARSEILLE BLANCARDE,3,0.325
AIX EN PROVENCE TGV,MARSEILLE BLANCARDE,4,0.17500000000000002
AIX EN PROVENCE TGV,MARSEILLE BLANCARDE,5,0.16666666666666666
AIX EN PROVENCE TGV,MARSEILLE BLANCARDE,6,0.17500000000000002
AIX EN PROVENCE TGV,MARSEILLE BLANCARDE,7,0.20833333333333334
AIX EN PROVENCE TGV,MARSEILLE BLANCARDE,8,0.30833333333333335
AIX EN PROVENCE TGV,MARSEILLE BLANCARDE,9,0.3
AIX EN PROVENCE TGV,MARSEILLE BLANCARDE,10,0.225
AIX EN PROVENCE TGV,MARSEILLE BLANCARDE,11,0.3
AIX EN PROVENCE TGV,MARSEILLE BLANCARDE,12,0.3333333333333333
AIX EN PROVENCE TGV,MARSEILLE BLANCARDE,13,0.3416666666666666
AIX EN PROVENCE TGV,MARSEILLE BLANCARDE,14,0.35000000000000003
AIX EN PROVENCE TGV,MARSEILLE BLANCARDE,15,0.43333333333333335
AIX EN PROVENCE TGV,MARSEILLE BLANCARDE,16,0.4916666666666667
AIX EN PROVENCE TGV,MARSEILLE BLANCARDE,17,0.5
AIX EN PROVENCE TGV,MARSEILLE BLANCARDE,18,0.5
AIX EN PROVENCE TGV,MARSEILLE BLANCARDE,19,0.5
AIX EN PROVENCE TGV,MARSEILLE BLANCARDE,20,0.5166666666666667
AIX EN PROVENCE TGV,MARSEILLE BLANCARDE,21,0.6333333333333333
AIX EN PROVENCE TGV,MARSEILLE BLANCARDE,22,0.6666666666666666
AIX EN PROVENCE TGV,MARSEILLE BLANCARDE,23,0.6666666666666666
AIX EN PROVENCE TGV,MARSEILLE BLANCARDE,24,0.6666666666666666
AIX EN PROVENCE TGV,MARSEILLE BLANCARDE,25,0.6666666666666666
AIX EN PROVENCE TGV,MARSEILLE BLANCARDE,26,0.6666666666666666
AIX EN PROVENCE TGV,MARSEILLE BLANCARDE,27,0.6666666666666666
AIX EN PROVENCE TGV,MARSEILLE BLANCARDE,28,0.6833333333333332
AIX EN PROVENCE TGV,MARSEILLE BLANCARDE,29,0.7083333333333334
AIX EN PROVENCE TGV,MARSEILLE BLANCARDE,30,0.09999999999999999
AIX EN PROVENCE TGV,MARSEILLE ST CHARLES,0,0.8311594202898551
AIX EN PROVENCE TGV,MARSEILLE ST CHARLES,1,0.8262318840579711
AIX EN PROVENCE TGV,MARSEILLE ST CHARLES,2,0.8257971014492753
AIX EN PROVENCE TGV,MARSEILLE ST CHARLES,3,0.8402898550724637
AIX EN PROVENCE TGV,MARSEILLE ST CHARLES,4,0.7815942028985506
AIX EN PROVENCE TGV,MARSEILLE ST CHARLES,5,0.7892753623188407
AIX EN PROVENCE TGV,MARSEILLE ST CHARLES,6,0.7992753623188406
AIX EN PROVENCE TGV,MARSEILLE ST CHARLES,7,0.8171014492753622
AIX EN PROVENCE TGV,MARSEILLE ST CHARLES,8,0.813768115942029
AIX EN PROVENCE TGV,MARSEILLE ST CHARLES,9,0.8165217391304348
AIX EN PROVENCE TGV,MARSEILLE ST CHARLES,10,0.8436231884057971
AIX EN PROVENCE TGV,MARSEILLE ST CHARLES,11,0.8547826086956521
AIX EN PROVENCE TGV,MARSEILLE ST CHARLES,12,0.5853197674418604
AIX EN PROVENCE TGV,MARSEILLE ST CHARLES,13,0.5833819241982507
AIX EN PROVENCE TGV,MARSEILLE ST CHARLES,14,0.5873177842565598
AIX EN PROVENCE TGV,MARSEILLE ST CHARLES,15,0.6112244897959184
AIX EN PROVENCE TGV,MARSEILLE ST CHARLES,16,0.6291545189504374
AIX EN PROVENCE TGV,MARSEILLE ST CHARLES,17,0.6362973760932945
AIX EN PROVENCE TGV,MARSEILLE ST CHARLES,18,0.6482507288629737
AIX EN PROVENCE TGV,MARSEILLE ST CHARLES,19,0.6817251461988304
AIX EN PROVENCE TGV,MARSEILLE ST CHARLES,20,0.6957478005865103
AIX EN PROVENCE TGV,MARSEILLE ST CHARLES,21,0.6966275659824047
AIX EN PROVENCE TGV,MARSEILLE ST CHARLES,22,0.6853372434017595
AIX EN PROVENCE TGV,MARSEILLE ST CHARLES,23,0.6846041055718475
AIX EN PROVENCE TGV,MARSEILLE ST CHARLES,24,0.694574780058651
AIX EN PROVENCE TGV,MARSEILLE ST CHARLES,25,0.7011730205278592
AIX EN PROVENCE TGV,MARSEILLE ST CHARLES,26,0.7126470588235294
AIX EN PROVENCE TGV,MARSEILLE ST CHARLES,27,0.7205014749262537
AIX EN PROVENCE TGV,MARSEILLE ST CHARLES,28,0.7190265486725663
AIX EN PROVENCE TGV,MARSEILLE ST CHARLES,29,0.6712389380530974
AIX EN PROVENCE TGV,MARSEILLE ST CHARLES,30,0.04421364985163205
AIX EN PROVENCE TGV,NICE VILLE,0,0.42254335260115605
AIX EN PROVENCE TGV,NICE VILLE,1,0.44797101449275367
AIX EN PROVENCE TGV,NICE VILLE,2,0.45566860465116277
AIX EN PROVENCE TGV,NICE VILLE,3,0.45736994219653176
AIX EN PROVENCE TGV,NICE VILLE,4,0.32384393063583816
AIX EN PROVENCE TGV,NICE VILLE,5,0.32904624277456646
AIX EN PROVENCE TGV,NICE VILLE,6,0.35331412103746396
AIX EN PROVENCE TGV,NICE VILLE,7,0.34927745664739884
AIX EN PROVENCE TGV,NICE VILLE,8,0.35057803468208093
AIX EN PROVENCE TGV,NICE VILLE,9,0.3686416184971098
AIX EN PROVENCE TGV,NICE VILLE,10,0.3826086956521739
AIX EN PROVENCE TGV,NICE VILLE,11,0.38362318840579707
AIX EN PROVENCE TGV,NICE VILLE,12,0.22863372093023257
AIX EN PROVENCE TGV,NICE VILLE,13,0.2250728862973761
AIX EN PROVENCE TGV,NICE VILLE,14,0.22317784256559767
AIX EN PROVENCE TGV,NICE VILLE,15,0.24110787172011663
AIX EN PROVENCE TGV,NICE VILLE,16,0.2548104956268222
AIX EN PROVENCE TGV,NICE VILLE,17,0.25979532163742686
AIX EN PROVENCE TGV,NICE VILLE,18,0.27126099706744866
AIX EN PROVENCE TGV,NICE VILLE,19,0.28411764705882353
AIX EN PROVENCE TGV,NICE VILLE,20,0.2728613569321534
AIX EN PROVENCE TGV,NICE VILLE,21,0.27366863905325445
AIX EN PROVENCE TGV,NICE VILLE,22,0.2798816568047337
AIX EN PROVENCE TGV,NICE VILLE,23,0.2829881656804734
AIX EN PROVENCE TGV,NICE VILLE,24,0.27142857142857146
AIX EN PROVENCE TGV,NICE VILLE,25,0.2762686567164179
AIX EN PROVENCE TGV,NICE VILLE,26,0.2832335329341317
AIX EN PROVENCE TGV,NICE VILLE,27,0.27717717717717716
AIX EN PROVENCE TGV,NICE VILLE,28,0.27213855421686745
AIX EN PROVENCE TGV,NICE VILLE,29,0.2566465256797583
AIX EN PROVENCE TGV,NICE VILLE,30,0.032926829268292684
AIX EN PROVENCE TGV,ST RAPHAEL VALESCURE,0,0.413150289017341
AIX EN PROVENCE TGV,ST RAPHAEL VALESCURE,1,0.43826086956521737
AIX EN PROVENCE TGV,ST RAPHAEL VALESCURE,2,0.45348837209302323
AIX EN PROVENCE TGV,ST RAPHAEL VALESCURE,3,0.4552023121387283
AIX EN PROVENCE TGV,ST RAPHAEL VALESCURE,4,0.32037572254335256
AIX EN PROVENCE TGV,ST RAPHAEL VALESCURE,5,0.32557803468208096
AIX EN PROVENCE TGV,ST RAPHAEL VALESCURE,6,0.35057636887608074
AIX EN PROVENCE TGV,ST RAPHAEL VALESCURE,7,0.34595375722543353
AIX EN PROVENCE TGV,ST RAPHAEL VALESCURE,8,0.34869942196531795
AIX EN PROVENCE TGV,ST RAPHAEL VALESCURE,9,0.3670520231213873
AIX EN PROVENCE TGV,ST RAPHAEL VALESCURE,10,0.3791304347826087
AIX EN PROVENCE TGV,ST RAPHAEL VALESCURE,11,0.38362318840579707
AIX EN PROVENCE TGV,ST RAPHAEL VALESCURE,12,0.22616279069767442
AIX EN PROVENCE TGV,ST RAPHAEL VALESCURE,13,0.22361516034985424
AIX EN PROVENCE TGV,ST RAPHAEL VALESCURE,14,0.22346938775510206
AIX EN PROVENCE TGV,ST RAPHAEL VALESCURE,15,0.23921282798833818
AIX EN PROVENCE TGV,ST RAPHAEL VALESCURE,16,0.24737609329446061
AIX EN PROVENCE TGV,ST RAPHAEL VALESCURE,17,0.2554093567251462
AIX EN PROVENCE TGV,ST RAPHAEL VALESCURE,18,0.2693548387096774
AIX EN PROVENCE TGV,ST RAPHAEL VALESCURE,19,0.2801470588235294
AIX EN PROVENCE TGV,ST RAPHAEL VALESCURE,20,0.2750737463126844
AIX EN PROVENCE TGV,ST RAPHAEL VALESCURE,21,0.2732248520710059
AIX EN PROVENCE TGV,ST RAPHAEL VALESCURE,22,0.27677514792899405
AIX EN PROVENCE TGV,ST RAPHAEL VALESCURE,23,0.28017751479289943
AIX EN PROVENCE TGV,ST RAPHAEL VALESCURE,24,0.27098214285714284
AIX EN PROVENCE TGV,ST RAPHAEL VALESCURE,25,0.2753731343283582
AIX EN PROVENCE TGV,ST RAPHAEL VALESCURE,26,0.28158682634730536
AIX EN PROVENCE TGV,ST RAPHAEL VALESCURE,27,0.2764264264264264
AIX EN PROVENCE TGV,ST RAPHAEL VALESCURE,28,0.2694277108433735
AIX EN PROVENCE TGV,ST RAPHAEL VALESCURE,29,0.24833836858006042
AIX EN PROVENCE TGV,ST RAPHAEL VALESCURE,30,0.03689024390243902
AIX EN PROVENCE TGV,TOULON,0,0.5737752161383285
AIX EN PROVENCE TGV,TOULON,1,0.587463976945245
AIX EN PROVENCE TGV,TOULON,2,0.586231884057971
AIX EN PROVENCE TGV,TOULON,3,0.613400576368876
AIX EN PROVENCE TGV,TOULON,4,0.46930835734870313
AIX EN PROVENCE TGV,TOULON,5,0.4599423631123919
AIX EN PROVENCE TGV,TOULON,6,0.4897694524495677
AIX EN PROVENCE TGV,TOULON,7,0.5059077809798271
AIX EN PROVENCE TGV,TOULON,8,0.5195965417867435
AIX EN PROVENCE TGV,TOULON,9,0.5314121037463977
AIX EN PROVENCE TGV,TOULON,10,0.5319364161849711
AIX EN PROVENCE TGV,TOULON,11,0.5458092485549133
AIX EN PROVENCE TGV,TOULON,12,0.2063768115942029
AIX EN PROVENCE TGV,TOULON,13,0.21569767441860466
AIX EN PROVENCE TGV,TOULON,14,0.20595930232558138
AIX EN PROVENCE TGV,TOULON,15,0.2204941860465116
AIX EN PROVENCE TGV,TOULON,16,0.23735465116279073
AIX EN PROVENCE TGV,TOULON,17,0.24781976744186046
AIX EN PROVENCE TGV,TOULON,18,0.2564139941690962
AIX EN PROVENCE TGV,TOULON,19,0.2669590643274854
AIX EN PROVENCE TGV,TOULON,20,0.2715542521994135
AIX EN PROVENCE TGV,TOULON,21,0.2723529411764706
AIX EN PROVENCE TGV,TOULON,22,0.2798529411764706
AIX EN PROVENCE TGV,TOULON,23,0.28455882352941175
AIX EN PROVENCE TGV,TOULON,24,0.28032544378698226
AIX EN PROVENCE TGV,TOULON,25,0.2823442136498516
AIX EN PROVENCE TGV,TOULON,26,0.29122023809523806
AIX EN PROVENCE TGV,TOULON,27,0.29194029850746267
AIX EN PROVENCE TGV,TOULON,28,0.2866766467065868
AIX EN PROVENCE TGV,TOULON,29,0.27177177177177175
AIX EN PROVENCE TGV,TOULON,30,0.035045317220543805
ALBERTVILLE,AIME LA PLAGNE,0,1.0
ALBERTVILLE,AIME LA PLAGNE,1,1.0
ALBERTVILLE,AIME LA PLAGNE,2,1.0
ALBERTVILLE,AIME LA PLAGNE,3,1.0
ALBERTVILLE,AIME LA PLAGNE,4,1.0
ALBERTVILLE,AIME LA PLAGNE,5,1.0
ALBERTVILLE,AIME LA PLAGNE,6,1.0
ALBERTVILLE,AIME LA PLAGNE,7,1.0
ALBERTVILLE,AIME LA PLAGNE,8,1.0
ALBERTVILLE,AIME LA PLAGNE,9,1.0
ALBERTVILLE,AIME LA PLAGNE,10,1.0
ALBERTVILLE,AIME LA PLAGNE,11,1.0
ALBERTVILLE,AIME LA PLAGNE,12,0.0
ALBERTVILLE,AIME LA PLAGNE,13,0.0
ALBERTVILLE,AIME LA PLAGNE,14,0.0
ALBERTVILLE,AIME LA PLAGNE,15,0.4
ALBERTVILLE,AIME LA PLAGNE,16,0.375
ALBERTVILLE,AIME LA PLAGNE,17,0.05
ALBERTVILLE,AIME LA PLAGNE,18,0.0
ALBERTVILLE,AIME LA PLAGNE,19,0.0
ALBERTVILLE,AIME LA PLAGNE,20,0.0
ALBERTVILLE,AIME LA PLAGNE,21,0.0
ALBERTVILLE,AIME LA PLAGNE,22,0.0
ALBERTVILLE,AIME LA PLAGNE,23,0.0
ALBERTVILLE,AIME LA PLAGNE,24,0.0
ALBERTVILLE,AIME LA PLAGNE,25,0.0
ALBERTVILLE,AIME LA PLAGNE,26,0.0
ALBERTVILLE,AIME LA PLAGNE,27,0.0
ALBERTVILLE,AIME LA PLAGNE,28,0.0
ALBERTVILLE,AIME LA PLAGNE,29,0.0
ALBERTVILLE,AIME LA PLAGNE,30,0.0
ALBERTVILLE,BOURG SAINT MAURICE,0,1.0
ALBERTVILLE,BOURG SAINT MAURICE,1,1.0
ALBERTVILLE,BOURG SAINT MAURICE,2,1.0
ALBERTVILLE,BOURG SAINT MAURICE,3,1.0
ALBERTVILLE,BOURG SAINT MAURICE,4,0.975
ALBERTVILLE,BOURG SAINT MAURICE,5,1.0
ALBERTVILLE,BOURG SAINT MAURICE,6,1.0
ALBERTVILLE,BOURG SAINT MAURICE,7,1.0
ALBERTVILLE,BOURG SAINT MAURICE,8,1.0
ALBERTVILLE,BOURG SAINT MAURICE,9,1.0
ALBERTVILLE,BOURG SAINT MAURICE,10,1.0
ALBERTVILLE,BOURG SAINT MAURICE,11,1.0
ALBERTVILLE,BOURG SAINT MAURICE,12,0.0
ALBERTVILLE,BOURG SAINT MAURICE,13,0.0
ALBERTVILLE,BOURG SAINT MAURICE,14,0.075
ALBERTVILLE,BOURG SAINT MAURICE,15,0.3
ALBERTVILLE,BOURG SAINT MAURICE,16,0.275
ALBERTVILLE,BOURG SAINT MAURICE,17,0.025
ALBERTVILLE,BOURG SAINT MAURICE,18,0.0
ALBERTVILLE,BOURG SAINT MAURICE,19,0.0
ALBERTVILLE,BOURG SAINT MAURICE,20,0.0
ALBERTVILLE,BOURG SAINT MAURICE,21,0.0
ALBERTVILLE,BOURG SAINT MAURICE,22,0.0
ALBERTVILLE,BOURG SAINT MAURICE,23,0.0
ALBERTVILLE,BOURG SAINT MAURICE,24,0.0
ALBERTVILLE,BOURG SAINT MAURICE,25,0.0
ALBERTVILLE,BOURG SAINT MAURICE,26,0.0
ALBERTVILLE,BOURG SAINT MAURICE,27,0.0
ALBERTVILLE,BOURG SAINT MAURICE,28,0.0
ALBERTVILLE,BOURG SAINT MAURICE,29,0.0
ALBERTVILLE,BOURG SAINT MAURICE,30,0.0
ALBERTVILLE,LANDRY,0,1.0
ALBERTVILLE,LANDRY,1,1.0
ALBERTVILLE,LANDRY,2,0.975
ALBERTVILLE,LANDRY,3,0.975
ALBERTVILLE,LANDRY,4,1.0
ALBERTVILLE,LANDRY,5,1.0
ALBERTVILLE,LANDRY,6,1.0
ALBERTVILLE,LANDRY,7,1.0
ALBERTVILLE,LANDRY,8,1.0
ALBERTVILLE,LANDRY,9,1.0
ALBERTVILLE,LANDRY,10,1.0
ALBERTVILLE,LANDRY,11,0.975
ALBERTVILLE,LANDRY,12,0.0
ALBERTVILLE,LANDRY,13,0.0
ALBERTVILLE,LANDRY,14,0.05
ALBERTVILLE,LANDRY,15,0.4
ALBERTVILLE,LANDRY,16,0.35
ALBERTVILLE,LANDRY,17,0.05
ALBERTVILLE,LANDRY,18,0.025
ALBERTVILLE,LANDRY,19,0.0
ALBERTVILLE,LANDRY,20,0.0
ALBERTVILLE,LANDRY,21,0.0
ALBERTVILLE,LANDRY,22,0.0
ALBERTVILLE,LANDRY,23,0.0
ALBERTVILLE,LANDRY,24,0.0
ALBERTVILLE,LANDRY,25,0.0
ALBERTVILLE,LANDRY,26,0.0
ALBERTVILLE,LANDRY,27,0.0
ALBERTVILLE,LANDRY,28,0.0
ALBERTVILLE,LANDRY,29,0.0
ALBERTVILLE,LANDRY,30,0.0
ALBERTVILLE,MOUTIERS SALINS BRIDES LES BAINS,0,1.0
ALBERTVILLE,MOUTIERS SALINS BRIDES LES BAINS,1,1.0
ALBERTVILLE,MOUTIERS SALINS BRIDES LES BAINS,2,0.975
ALBERTVILLE,MOUTIERS SALINS BRIDES LES BAINS,3,0.975
ALBERTVILLE,MOUTIERS SALINS BRIDES LES BAINS,4,1.0
ALBERTVILLE,MOUTIERS SALINS BRIDES LES BAINS,5,1.0
ALBERTVILLE,MOUTIERS SALINS BRIDES LES BAINS,6,1.0
ALBERTVILLE,MOUTIERS SALINS BRIDES LES BAINS,7,1.0
ALBERTVILLE,MOUTIERS SALINS BRIDES LES BAINS,8,0.95
ALBERTVILLE,MOUTIERS SALINS BRIDES LES BAINS,9,0.975
ALBERTVILLE,MOUTIERS SALINS BRIDES LES BAINS,10,1.0
ALBERTVILLE,MOUTIERS SALINS BRIDES LES BAINS,11,1.0
ALBERTVILLE,MOUTIERS SALINS BRIDES LES BAINS,12,0.0
ALBERTVILLE,MOUTIERS SALINS BRIDES LES BAINS,13,0.0
ALBERTVILLE,MOUTIERS SALINS BRIDES LES BAINS,14,0.1
ALBERTVILLE,MOUTIERS SALINS BRIDES LES BAINS,15,0.4
ALBERTVILLE,MOUTIERS SALINS BRIDES LES BAINS,16,0.3
ALBERTVILLE,MOUTIERS SALINS BRIDES LES BAINS,17,0.0
ALBERTVILLE,MOUTIERS SALINS BRIDES LES BAINS,18,0.0
ALBERTVILLE,MOUTIERS SALINS BRIDES LES BAINS,19,0.0
ALBERTVILLE,MOUTIERS SALINS BRIDES LES BAINS,20,0.0
ALBERTVILLE,MOUTIERS SALINS BRIDES LES BAINS,21,0.0
ALBERTVILLE,MOUTIERS SALINS BRIDES LES BAINS,22,0.0
ALBERTVILLE,MOUTIERS SALINS BRIDES LES BAINS,23,0.0
ALBERTVILLE,MOUTIERS SALINS BRIDES LES BAINS,24,0.0
ALBERTVILLE,MOUTIERS SALINS BRIDES LES BAINS,25,0.0
ALBERTVILLE,MOUTIERS SALINS BRIDES LES BAINS,26,0.0
ALBERTVILLE,MOUTIERS SALINS BRIDES LES BAINS,27,0.0
ALBERTVILLE,MOUTIERS SALINS BRIDES LES BAINS,28,0.0
ALBERTVILLE,MOUTIERS SALINS BRIDES LES BAINS,29,0.0
ALBERTVILLE,MOUTIERS SALINS BRIDES LES BAINS,30,0.0
ANTIBES,NICE VILLE,0,0.9765895953757224
ANTIBES,NICE VILLE,1,0.9742028985507247
ANTIBES,NICE VILLE,2,0.9719476744186047
ANTIBES,NICE VILLE,3,0.9566473988439307
ANTIBES,NICE VILLE,4,0.8475433526011561
ANTIBES,NICE VILLE,5,0.7989884393063583
ANTIBES,NICE VILLE,6,0.779106628242075
ANTIBES,NICE VILLE,7,0.736271676300578
ANTIBES,NICE VILLE,8,0.6973988439306359
ANTIBES,NICE VILLE,9,0.666907514450867
ANTIBES,NICE VILLE,10,0.6210144927536232
ANTIBES,NICE VILLE,11,0.6001449275362319
ANTIBES,NICE VILLE,12,0.3694767441860465
ANTIBES,NICE VILLE,13,0.36020408163265305
ANTIBES,NICE VILLE,14,0.34169096209912536
ANTIBES,NICE VILLE,15,0.35481049562682215
ANTIBES,NICE VILLE,16,0.3551020408163265
ANTIBES,NICE VILLE,17,0.3584795321637427
ANTIBES,NICE VILLE,18,0.368475073313783
ANTIBES,NICE VILLE,19,0.3735294117647059
ANTIBES,NICE VILLE,20,0.37094395280235987
ANTIBES,NICE VILLE,21,0.3643491124260355
ANTIBES,NICE VILLE,22,0.3553254437869822
ANTIBES,NICE VILLE,23,0.35680473372781063
ANTIBES,NICE VILLE,24,0.3462797619047619
ANTIBES,NICE VILLE,25,0.35134328358208955
ANTIBES,NICE VILLE,26,0.36167664670658684
ANTIBES,NICE VILLE,27,0.35975975975975977
ANTIBES,NICE VILLE,28,0.3469879518072289
ANTIBES,NICE VILLE,29,0.3129909365558912
ANTIBES,NICE VILLE,30,0.051067073170731704
AVIGNON TGV,AIX EN PROVENCE TGV,0,0.8176638176638177
AVIGNON TGV,AIX EN PROVENCE TGV,1,0.8162393162393162
AVIGNON TGV,AIX EN PROVENCE TGV,2,0.8156695156695157
AVIGNON TGV,AIX EN PROVENCE TGV,3,0.8306267806267806
AVIGNON TGV,AIX EN PROVENCE TGV,4,0.7732193732193732
AVIGNON TGV,AIX EN PROVENCE TGV,5,0.7756410256410257
AVIGNON TGV,AIX EN PROVENCE TGV,6,0.7864672364672365
AVIGNON TGV,AIX EN PROVENCE TGV,7,0.8054131054131054
AVIGNON TGV,AIX EN PROVENCE TGV,8,0.8024216524216523
AVIGNON TGV,AIX EN PROVENCE TGV,9,0.8032763532763533
AVIGNON TGV,AIX EN PROVENCE TGV,10,0.8296296296296296
AVIGNON TGV,AIX EN PROVENCE TGV,11,0.8353276353276353
AVIGNON TGV,AIX EN PROVENCE TGV,12,0.5725714285714286
AVIGNON TGV,AIX EN PROVENCE TGV,13,0.5756446991404012
AVIGNON TGV,AIX EN PROVENCE TGV,14,0.57621776504298
AVIGNON TGV,AIX EN PROVENCE TGV,15,0.6070200573065903
AVIGNON TGV,AIX EN PROVENCE TGV,16,0.62621776504298
AVIGNON TGV,AIX EN PROVENCE TGV,17,0.6330945558739255
AVIGNON TGV,AIX EN PROVENCE TGV,18,0.6465616045845273
AVIGNON TGV,AIX EN PROVENCE TGV,19,0.6823275862068965
AVIGNON TGV,AIX EN PROVENCE TGV,20,0.693371757925072
AVIGNON TGV,AIX EN PROVENCE TGV,21,0.6945244956772334
AVIGNON TGV,AIX EN PROVENCE TGV,22,0.6877521613832853
AVIGNON TGV,AIX EN PROVENCE TGV,23,0.6864553314121037
AVIGNON TGV,AIX EN PROVENCE TGV,24,0.6956772334293948
AVIGNON TGV,AIX EN PROVENCE TGV,25,0.7031700288184438
AVIGNON TGV,AIX EN PROVENCE TGV,26,0.7127167630057804
AVIGNON TGV,AIX EN PROVENCE TGV,27,0.7166666666666667
AVIGNON TGV,AIX EN PROVENCE TGV,28,0.7181159420289855
AVIGNON TGV,AIX EN PROVENCE TGV,29,0.6701449275362319
AVIGNON TGV,AIX EN PROVENCE TGV,30,0.054956268221574345
AVIGNON TGV,ANTIBES,0,0.2841040462427746
AVIGNON TGV,ANTIBES,1,0.31115942028985505
AVIGNON TGV,ANTIBES,2,0.3226744186046512
AVIGNON TGV,ANTIBES,3,0.33815028901734107
AVIGNON TGV,ANTIBES,4,0.23179190751445086
AVIGNON TGV,ANTIBES,5,0.23858381502890172
AVIGNON TGV,ANTIBES,6,0.2704610951008645
AVIGNON TGV,ANTIBES,7,0.2611271676300578
AVIGNON TGV,ANTIBES,8,0.2796242774566474
AVIGNON TGV,ANTIBES,9,0.2949421965317919
AVIGNON TGV,ANTIBES,10,0.32159420289855073
AVIGNON TGV,ANTIBES,11,0.3347826086956522
AVIGNON TGV,ANTIBES,12,0.11119186046511628
AVIGNON TGV,ANTIBES,13,0.10918367346938776
AVIGNON TGV,ANTIBES,14,0.0957725947521866
AVIGNON TGV,ANTIBES,15,0.10947521865889212
AVIGNON TGV,ANTIBES,16,0.12157434402332362
AVIGNON TGV,ANTIBES,17,0.13157894736842105
AVIGNON TGV,ANTIBES,18,0.14252199413489736
AVIGNON TGV,ANTIBES,19,0.14838235294117647
AVIGNON TGV,ANTIBES,20,0.15029498525073748
AVIGNON TGV,ANTIBES,21,0.14763313609467454
AVIGNON TGV,ANTIBES,22,0.15961538461538463
AVIGNON TGV,ANTIBES,23,0.1636094674556213
AVIGNON TGV,ANTIBES,24,0.1605654761904762
AVIGNON TGV,ANTIBES,25,0.16134328358208955
AVIGNON TGV,ANTIBES,26,0.16991017964071856
AVIGNON TGV,ANTIBES,27,0.1714714714714715
AVIGNON TGV,ANTIBES,28,0.163855421686747
AVIGNON TGV,ANTIBES,29,0.16586102719033233
AVIGNON TGV,ANTIBES,30,0.03231707317073171
AVIGNON TGV,CANNES,0,0.2865606936416185
AVIGNON TGV,CANNES,1,0.3149275362318841
AVIGNON TGV,CANNES,2,0.32718023255813955
AVIGNON TGV,CANNES,3,0.3384393063583815
AVIGNON TGV,CANNES,4,0.23670520231213873
AVIGNON TGV,CANNES,5,0.24465317919075147
AVIGNON TGV,CANNES,6,0.2737752161383285
AVIGNON TGV,CANNES,7,0.26604046242774565
AVIGNON TGV,CANNES,8,0.2796242774566474
AVIGNON TGV,CANNES,9,0.29320809248554913
AVIGNON TGV,CANNES,10,0.32057971014492753
AVIGNON TGV,CANNES,11,0.33260869565217394
AVIGNON TGV,CANNES,12,0.1122093023255814
AVIGNON TGV,CANNES,13,0.10860058309037901
AVIGNON TGV,CANNES,14,0.09620991253644315
AVIGNON TGV,CANNES,15,0.10860058309037901
AVIGNON TGV,CANNES,16,0.1227405247813411
AVIGNON TGV,CANNES,17,0.13216374269005848
AVIGNON TGV,CANNES,18,0.14164222873900292
AVIGNON TGV,CANNES,19,0.14823529411764705
AVIGNON TGV,CANNES,20,0.14896755162241887
AVIGNON TGV,CANNES,21,0.14911242603550295
AVIGNON TGV,CANNES,22,0.1576923076923077
AVIGNON TGV,CANNES,23,0.16139053254437868
AVIGNON TGV,CANNES,24,0.1605654761904762
AVIGNON TGV,CANNES,25,0.16074626865671643
AVIGNON TGV,CANNES,26,0.1688622754491018
AVIGNON TGV,CANNES,27,0.16951951951951952
AVIGNON TGV,CANNES,28,0.163855421686747
AVIGNON TGV,CANNES,29,0.16540785498489427
AVIGNON TGV,CANNES,30,0.028201219512195123
AVIGNON TGV,MARSEILLE BLANCARDE,0,0.19166666666666665
AVIGNON TGV,MARSEILLE BLANCARDE,1,0.2916666666666667
AVIGNON TGV,MARSEILLE BLANCARDE,2,0.325
AVIGNON TGV,MARSEILLE BLANCARDE,3,0.31666666666666665
AVIGNON TGV,MARSEILLE BLANCARDE,4,0.18333333333333335
AVIGNON TGV,MARSEILLE BLANCARDE,5,0.16666666666666666
AVIGNON TGV,MARSEILLE BLANCARDE,6,0.16666666666666666
AVIGNON TGV,MARSEILLE BLANCARDE,7,0.19166666666666665
AVIGNON TGV,MARSEILLE BLANCARDE,8,0.31666666666666665
AVIGNON TGV,MARSEILLE BLANCARDE,9,0.325
AVIGNON TGV,MARSEILLE BLANCARDE,10,0.24166666666666667
AVIGNON TGV,MARSEILLE BLANCARDE,11,0.30833333333333335
AVIGNON TGV,MARSEILLE BLANCARDE,12,0.35000000000000003
AVIGNON TGV,MARSEILLE BLANCARDE,13,0.35833333333333334
AVIGNON TGV,MARSEILLE BLANCARDE,14,0.3666666666666667
AVIGNON TGV,MARSEILLE BLANCARDE,15,0.45
AVIGNON TGV,MARSEILLE BLANCARDE,16,0.48333333333333334
AVIGNON TGV,MARSEILLE BLANCARDE,17,0.47500000000000003
AVIGNON TGV,MARSEILLE BLANCARDE,18,0.5
AVIGNON TGV,MARSEILLE BLANCARDE,19,0.5083333333333333
AVIGNON TGV,MARSEILLE BLANCARDE,20,0.5166666666666667
AVIGNON TGV,MARSEILLE BLANCARDE,21,0.6333333333333333
AVIGNON TGV,MARSEILLE BLANCARDE,22,0.6583333333333333
AVIGNON TGV,MARSEILLE BLANCARDE,23,0.6666666666666666
AVIGNON TGV,MARSEILLE BLANCARDE,24,0.6666666666666666
AVIGNON TGV,MARSEILLE BLANCARDE,25,0.6666666666666666
AVIGNON TGV,MARSEILLE BLANCARDE,26,0.6666666666666666
AVIGNON TGV,MARSEILLE BLANCARDE,27,0.6666666666666666
AVIGNON TGV,MARSEILLE BLANCARDE,28,0.65
AVIGNON TGV,MARSEILLE BLANCARDE,29,0.7000000000000001
AVIGNON TGV,MARSEILLE BLANCARDE,30,0.09999999999999999
AVIGNON TGV,MARSEILLE ST CHARLES,0,0.8328985507246377
AVIGNON TGV,MARSEILLE ST CHARLES,1,0.8233333333333334
AVIGNON TGV,MARSEILLE ST CHARLES,2,0.8288405797101449
AVIGNON TGV,MARSEILLE ST CHARLES,3,0.8430434782608697
AVIGNON TGV,MARSEILLE ST CHARLES,4,0.7843478260869566
AVIGNON TGV,MARSEILLE ST CHARLES,5,0.787536231884058
AVIGNON TGV,MARSEILLE ST CHARLES,6,0.8
AVIGNON TGV,MARSEILLE ST CHARLES,7,0.8152173913043478
AVIGNON TGV,MARSEILLE ST CHARLES,8,0.8092753623188406
AVIGNON TGV,MARSEILLE ST CHARLES,9,0.8133333333333334
AVIGNON TGV,MARSEILLE ST CHARLES,10,0.8417391304347825
AVIGNON TGV,MARSEILLE ST CHARLES,11,0.8530434782608696
AVIGNON TGV,MARSEILLE ST CHARLES,12,0.5790697674418605
AVIGNON TGV,MARSEILLE ST CHARLES,13,0.5756559766763848
AVIGNON TGV,MARSEILLE ST CHARLES,14,0.5787172011661808
AVIGNON TGV,MARSEILLE ST CHARLES,15,0.6097667638483966
AVIGNON TGV,MARSEILLE ST CHARLES,16,0.6313411078717202
AVIGNON TGV,MARSEILLE ST CHARLES,17,0.6355685131195336
AVIGNON TGV,MARSEILLE ST CHARLES,18,0.6470845481049562
AVIGNON TGV,MARSEILLE ST CHARLES,19,0.6795321637426901
AVIGNON TGV,MARSEILLE ST CHARLES,20,0.6976539589442815
AVIGNON TGV,MARSEILLE ST CHARLES,21,0.6966275659824047
AVIGNON TGV,MARSEILLE ST CHARLES,22,0.6850439882697947
AVIGNON TGV,MARSEILLE ST CHARLES,23,0.6841642228739003
AVIGNON TGV,MARSEILLE ST CHARLES,24,0.6963343108504398
AVIGNON TGV,MARSEILLE ST CHARLES,25,0.7026392961876833
AVIGNON TGV,MARSEILLE ST CHARLES,26,0.7152941176470587
AVIGNON TGV,MARSEILLE ST CHARLES,27,0.7227138643067846
AVIGNON TGV,MARSEILLE ST CHARLES,28,0.7191740412979352
AVIGNON TGV,MARSEILLE ST CHARLES,29,0.672566371681416
AVIGNON TGV,MARSEILLE ST CHARLES,30,0.04792284866468843
AVIGNON TGV,NICE VILLE,0,0.29104046242774567
AVIGNON TGV,NICE VILLE,1,0.3120289855072464
AVIGNON TGV,NICE VILLE,2,0.32805232558139535
AVIGNON TGV,NICE VILLE,3,0.3475433526011561
AVIGNON TGV,NICE VILLE,4,0.23771676300578035
AVIGNON TGV,NICE VILLE,5,0.2421965317919075
AVIGNON TGV,NICE VILLE,6,0.2755043227665706
AVIGNON TGV,NICE VILLE,7,0.2630057803468208
AVIGNON TGV,NICE VILLE,8,0.2786127167630058
AVIGNON TGV,NICE VILLE,9,0.2937861271676301
AVIGNON TGV,NICE VILLE,10,0.32159420289855073
AVIGNON TGV,NICE VILLE,11,0.3391304347826087
AVIGNON TGV,NICE VILLE,12,0.1123546511627907
AVIGNON TGV,NICE VILLE,13,0.10874635568513119
AVIGNON TGV,NICE VILLE,14,0.09766763848396501
AVIGNON TGV,NICE VILLE,15,0.11107871720116619
AVIGNON TGV,NICE VILLE,16,0.1217201166180758
AVIGNON TGV,NICE VILLE,17,0.13216374269005848
AVIGNON TGV,NICE VILLE,18,0.13958944281524927
AVIGNON TGV,NICE VILLE,19,0.1476470588235294
AVIGNON TGV,NICE VILLE,20,0.1491150442477876
AVIGNON TGV,NICE VILLE,21,0.14866863905325445
AVIGNON TGV,NICE VILLE,22,0.15887573964497043
AVIGNON TGV,NICE VILLE,23,0.16597633136094675
AVIGNON TGV,NICE VILLE,24,0.16130952380952382
AVIGNON TGV,NICE VILLE,25,0.16388059701492536
AVIGNON TGV,NICE VILLE,26,0.17050898203592815
AVIGNON TGV,NICE VILLE,27,0.17012012012012012
AVIGNON TGV,NICE VILLE,28,0.1658132530120482
AVIGNON TGV,NICE VILLE,29,0.16148036253776435
AVIGNON TGV,NICE VILLE,30,0.03277439024390244
AVIGNON TGV,ST RAPHAEL VALESCURE,0,0.27904624277456647
AVIGNON TGV,ST RAPHAEL VALESCURE,1,0.30695652173913046
AVIGNON TGV,ST RAPHAEL VALESCURE,2,0.32616279069767445
AVIGNON TGV,ST RAPHAEL VALESCURE,3,0.33815028901734107
AVIGNON TGV,ST RAPHAEL VALESCURE,4,0.22861271676300576
AVIGNON TGV,ST RAPHAEL VALESCURE,5,0.2346820809248555
AVIGNON TGV,ST RAPHAEL VALESCURE,6,0.2729106628242075
AVIGNON TGV,ST RAPHAEL VALESCURE,7,0.2666184971098266
AVIGNON TGV,ST RAPHAEL VALESCURE,8,0.27832369942196533
AVIGNON TGV,ST RAPHAEL VALESCURE,9,0.29234104046242776
AVIGNON TGV,ST RAPHAEL VALESCURE,10,0.3188405797101449
AVIGNON TGV,ST RAPHAEL VALESCURE,11,0.332463768115942
AVIGNON TGV,ST RAPHAEL VALESCURE,12,0.10755813953488372
AVIGNON TGV,ST RAPHAEL VALESCURE,13,0.10583090379008746
AVIGNON TGV,ST RAPHAEL VALESCURE,14,0.09781341107871719
AVIGNON TGV,ST RAPHAEL VALESCURE,15,0.11107871720116619
AVIGNON TGV,ST RAPHAEL VALESCURE,16,0.12244897959183673
AVIGNON TGV,ST RAPHAEL VALESCURE,17,0.13260233918128655
AVIGNON TGV,ST RAPHAEL VALESCURE,18,0.14120234604105572
AVIGNON TGV,ST RAPHAEL VALESCURE,19,0.14808823529411766
AVIGNON TGV,ST RAPHAEL VALESCURE,20,0.15029498525073748
AVIGNON TGV,ST RAPHAEL VALESCURE,21,0.15088757396449703
AVIGNON TGV,ST RAPHAEL VALESCURE,22,0.15902366863905326
AVIGNON TGV,ST RAPHAEL VALESCURE,23,0.16257396449704142
AVIGNON TGV,ST RAPHAEL VALESCURE,24,0.16145833333333334
AVIGNON TGV,ST RAPHAEL VALESCURE,25,0.16208955223880597
AVIGNON TGV,ST RAPHAEL VALESCURE,26,0.16766467065868262
AVIGNON TGV,ST RAPHAEL VALESCURE,27,0.17102102102102104
AVIGNON TGV,ST RAPHAEL VALESCURE,28,0.16400602409638554
AVIGNON TGV,ST RAPHAEL VALESCURE,29,0.15996978851963747
AVIGNON TGV,ST RAPHAEL VALESCURE,30,0.03277439024390244
AVIGNON TGV,TOULON,0,0.5755043227665706
AVIGNON TGV,TOULON,1,0.5894812680115274
AVIGNON TGV,TOULON,2,0.591304347826087
AVIGNON TGV,TOULON,3,0.6152737752161384
AVIGNON TGV,TOULON,4,0.46930835734870313
AVIGNON TGV,TOULON,5,0.4626801152737752
AVIGNON TGV,TOULON,6,0.49293948126801157
AVIGNON TGV,TOULON,7,0.5060518731988473
AVIGNON TGV,TOULON,8,0.5217579250720461
AVIGNON TGV,TOULON,9,0.5250720461095101
AVIGNON TGV,TOULON,10,0.5291907514450866
AVIGNON TGV,TOULON,11,0.5420520231213873
AVIGNON TGV,TOULON,12,0.2053623188405797
AVIGNON TGV,TOULON,13,0.2146802325581395
AVIGNON TGV,TOULON,14,0.20305232558139533
AVIGNON TGV,TOULON,15,0.2188953488372093
AVIGNON TGV,TOULON,16,0.23531976744186048
AVIGNON TGV,TOULON,17,0.24578488372093021
AVIGNON TGV,TOULON,18,0.25568513119533526
AVIGNON TGV,TOULON,19,0.26608187134502925
AVIGNON TGV,TOULON,20,0.27082111436950146
AVIGNON TGV,TOULON,21,0.27441176470588236
AVIGNON TGV,TOULON,22,0.27838235294117647
AVIGNON TGV,TOULON,23,0.28558823529411764
AVIGNON TGV,TOULON,24,0.278698224852071
AVIGNON TGV,TOULON,25,0.28056379821958455
AVIGNON TGV,TOULON,26,0.29002976190476193
AVIGNON TGV,TOULON,27,0.29194029850746267
AVIGNON TGV,TOULON,28,0.28592814371257486
AVIGNON TGV,TOULON,29,0.2626126126126126
AVIGNON TGV,TOULON,30,0.038066465256797584
BEZIERS,CARCASSONNE,0,0.9316239316239316
BEZIERS,CARCASSONNE,1,0.9313390313390313
BEZIERS,CARCASSONNE,2,0.9316239316239316
BEZIERS,CARCASSONNE,3,0.9367521367521368
BEZIERS,CARCASSONNE,4,0.8547008547008547
BEZIERS,CARCASSONNE,5,0.8272079772079772
BEZIERS,CARCASSONNE,6,0.8116809116809116
BEZIERS,CARCASSONNE,7,0.8024216524216523
BEZIERS,CARCASSONNE,8,0.7858571428571429
BEZIERS,CARCASSONNE,9,0.7512820512820513
BEZIERS,CARCASSONNE,10,0.7280626780626781
BEZIERS,CARCASSONNE,11,0.6921652421652421
BEZIERS,CARCASSONNE,12,0.4865714285714286
BEZIERS,CARCASSONNE,13,0.48128571428571426
BEZIERS,CARCASSONNE,14,0.4785714285714286
BEZIERS,CARCASSONNE,15,0.4767142857142857
BEZIERS,CARCASSONNE,16,0.45485714285714285
BEZIERS,CARCASSONNE,17,0.44369627507163323
BEZIERS,CARCASSONNE,18,0.4385386819484241
BEZIERS,CARCASSONNE,19,0.42399425287356324
BEZIERS,CARCASSONNE,20,0.4166666666666667
BEZIERS,CARCASSONNE,21,0.4091954022988506
BEZIERS,CARCASSONNE,22,0.40244252873563224
BEZIERS,CARCASSONNE,23,0.39221902017291066
BEZIERS,CARCASSONNE,24,0.3815028901734104
BEZIERS,CARCASSONNE,25,0.37797101449275367
BEZIERS,CARCASSONNE,26,0.38095930232558145
BEZIERS,CARCASSONNE,27,0.3883720930232558
BEZIERS,CARCASSONNE,28,0.37478134110787176
BEZIERS,CARCASSONNE,29,0.33771929824561403
BEZIERS,CARCASSONNE,30,0.05029411764705883
BEZIERS,NARBONNE,0,0.6856125356125357
BEZIERS,NARBONNE,1,0.7042735042735042
BEZIERS,NARBONNE,2,0.7148148148148148
BEZIERS,NARBONNE,3,0.7028490028490029
BEZIERS,NARBONNE,4,0.5055555555555555
BEZIERS,NARBONNE,5,0.5038461538461538
BEZIERS,NARBONNE,6,0.5269230769230769
BEZIERS,NARBONNE,7,0.49800569800569805
BEZIERS,NARBONNE,8,0.4984285714285714
BEZIERS,NARBONNE,9,0.4880341880341881
BEZIERS,NARBONNE,10,0.47678062678062677
BEZIERS,NARBONNE,11,0.45726495726495725
BEZIERS,NARBONNE,12,0.31285714285714283
BEZIERS,NARBONNE,13,0.3131428571428571
BEZIERS,NARBONNE,14,0.323
BEZIERS,NARBONNE,15,0.3287142857142857
BEZIERS,NARBONNE,16,0.3222857142857143
BEZIERS,NARBONNE,17,0.32335243553008597
BEZIERS,NARBONNE,18,0.32836676217765043
BEZIERS,NARBONNE,19,0.3218390804597701
BEZIERS,NARBONNE,20,0.31810344827586207
BEZIERS,NARBONNE,21,0.31666666666666665
BEZIERS,NARBONNE,22,0.3227011494252873
BEZIERS,NARBONNE,23,0.31498559077809796
BEZIERS,NARBONNE,24,0.3102601156069364
BEZIERS,NARBONNE,25,0.32028985507246377
BEZIERS,NARBONNE,26,0.3232558139534884
BEZIERS,NARBONNE,27,0.33604651162790694
BEZIERS,NARBONNE,28,0.33002915451895043
BEZIERS,NARBONNE,29,0.30146198830409354
BEZIERS,NARBONNE,30,0.04338235294117647
BEZIERS,TOULOUSE MATABIAU,0,0.9353276353276354
BEZIERS,TOULOUSE MATABIAU,1,0.9343304843304843
BEZIERS,TOULOUSE MATABIAU,2,0.9336182336182336
BEZIERS,TOULOUSE MATABIAU,3,0.9384615384615383
BEZIERS,TOULOUSE MATABIAU,4,0.8541310541310542
BEZIERS,TOULOUSE MATABIAU,5,0.8269230769230769
BEZIERS,TOULOUSE MATABIAU,6,0.8118233618233618
BEZIERS,TOULOUSE MATABIAU,7,0.8005698005698005
BEZIERS,TOULOUSE MATABIAU,8,0.7818571428571428
BEZIERS,TOULOUSE MATABIAU,9,0.7498575498575498
BEZIERS,TOULOUSE MATABIAU,10,0.7287749287749288
BEZIERS,TOULOUSE MATABIAU,11,0.6854700854700855
BEZIERS,TOULOUSE MATABIAU,12,0.48871428571428577
BEZIERS,TOULOUSE MATABIAU,13,0.4825714285714286
BEZIERS,TOULOUSE MATABIAU,14,0.4777142857142857
BEZIERS,TOULOUSE MATABIAU,15,0.47842857142857137
BEZIERS,TOULOUSE MATABIAU,16,0.454
BEZIERS,TOULOUSE MATABIAU,17,0.44183381088825213
BEZIERS,TOULOUSE MATABIAU,18,0.44412607449856734
BEZIERS,TOULOUSE MATABIAU,19,0.4257183908045977
BEZIERS,TOULOUSE MATABIAU,20,0.42126436781609194
BEZIERS,TOULOUSE MATABIAU,21,0.4129310344827586
BEZIERS,TOULOUSE MATABIAU,22,0.403448275862069
BEZIERS,TOULOUSE MATABIAU,23,0.3942363112391931
BEZIERS,TOULOUSE MATABIAU,24,0.3826589595375723
BEZIERS,TOULOUSE MATABIAU,25,0.3801449275362319
BEZIERS,TOULOUSE MATABIAU,26,0.38226744186046513
BEZIERS,TOULOUSE MATABIAU,27,0.386046511627907
BEZIERS,TOULOUSE MATABIAU,28,0.37244897959183676
BEZIERS,TOULOUSE MATABIAU,29,0.3391812865497076
BEZIERS,TOULOUSE MATABIAU,30,0.04661764705882353
CANNES,ANTIBES,0,0.976878612716763
CANNES,ANTIBES,1,0.9773913043478261
CANNES,ANTIBES,2,0.9732558139534884
CANNES,ANTIBES,3,0.9579479768786127
CANNES,ANTIBES,4,0.8501445086705202
CANNES,ANTIBES,5,0.7978323699421965
CANNES,ANTIBES,6,0.7855907780979827
CANNES,ANTIBES,7,0.738728323699422
CANNES,ANTIBES,8,0.7062138728323699
CANNES,ANTIBES,9,0.6609826589595376
CANNES,ANTIBES,10,0.6213043478260869
CANNES,ANTIBES,11,0.6018840579710145
CANNES,ANTIBES,12,0.36715116279069765
CANNES,ANTIBES,13,0.3590379008746356
CANNES,ANTIBES,14,0.3399416909620991
CANNES,ANTIBES,15,0.3530612244897959
CANNES,ANTIBES,16,0.35364431486880465
CANNES,ANTIBES,17,0.3564327485380117
CANNES,ANTIBES,18,0.36774193548387096
CANNES,ANTIBES,19,0.37426470588235294
CANNES,ANTIBES,20,0.36902654867256635
CANNES,ANTIBES,21,0.3599112426035503
CANNES,ANTIBES,22,0.3525147928994083
CANNES,ANTIBES,23,0.35798816568047337
CANNES,ANTIBES,24,0.3462797619047619
CANNES,ANTIBES,25,0.35044776119402987
CANNES,ANTIBES,26,0.3592814371257485
CANNES,ANTIBES,27,0.3570570570570571
CANNES,ANTIBES,28,0.35075301204819276
CANNES,ANTIBES,29,0.31148036253776434
CANNES,ANTIBES,30,0.045884146341463414
CANNES,NICE VILLE,0,0.9751445086705202
CANNES,NICE VILLE,1,0.9736231884057971
CANNES,NICE VILLE,2,0.9699127906976743
CANNES,NICE VILLE,3,0.957514450867052
CANNES,NICE VILLE,4,0.8453757225433526
CANNES,NICE VILLE,5,0.8002890173410404
CANNES,NICE VILLE,6,0.7822766570605187
CANNES,NICE VILLE,7,0.7398843930635838
CANNES,NICE VILLE,8,0.698121387283237
CANNES,NICE VILLE,9,0.6632947976878613
CANNES,NICE VILLE,10,0.6233333333333334
CANNES,NICE VILLE,11,0.6008695652173913
CANNES,NICE VILLE,12,0.3715116279069767
CANNES,NICE VILLE,13,0.3620991253644315
CANNES,NICE VILLE,14,0.3400874635568513
CANNES,NICE VILLE,15,0.3533527696793003
CANNES,NICE VILLE,16,0.3564139941690962
CANNES,NICE VILLE,17,0.3592105263157895
CANNES,NICE VILLE,18,0.3696480938416422
CANNES,NICE VILLE,19,0.37529411764705883
CANNES,NICE VILLE,20,0.36902654867256635
CANNES,NICE VILLE,21,0.36168639053254437
CANNES,NICE VILLE,22,0.3576923076923077
CANNES,NICE VILLE,23,0.35828402366863904
CANNES,NICE VILLE,24,0.34419642857142857
CANNES,NICE VILLE,25,0.35059701492537315
CANNES,NICE VILLE,26,0.36017964071856284
CANNES,NICE VILLE,27,0.3567567567567567
CANNES,NICE VILLE,28,0.34924698795180725
CANNES,NICE VILLE,29,0.3164652567975831
CANNES,NICE VILLE,30,0.0413109756097561
CARCASSONNE,TOULOUSE MATABIAU,0,0.9331908831908832
CARCASSONNE,TOULOUSE MATABIAU,1,0.9296296296296297
CARCASSONNE,TOULOUSE MATABIAU,2,0.9333333333333333
CARCASSONNE,TOULOUSE MATABIAU,3,0.9378917378917379
CARCASSONNE,TOULOUSE MATABIAU,4,0.8576923076923078
CARCASSONNE,TOULOUSE MATABIAU,5,0.8303418803418803
CARCASSONNE,TOULOUSE MATABIAU,6,0.8169515669515669
CARCASSONNE,TOULOUSE MATABIAU,7,0.8021367521367522
CARCASSONNE,TOULOUSE MATABIAU,8,0.7848571428571428
CARCASSONNE,TOULOUSE MATABIAU,9,0.7538461538461539
CARCASSONNE,TOULOUSE MATABIAU,10,0.7317663817663819
CARCASSONNE,TOULOUSE MATABIAU,11,0.688034188034188
CARCASSONNE,TOULOUSE MATABIAU,12,0.48542857142857143
CARCASSONNE,TOULOUSE MATABIAU,13,0.4794285714285715
CARCASSONNE,TOULOUSE MATABIAU,14,0.4744285714285715
CARCASSONNE,TOULOUSE MATABIAU,15,0.47614285714285715
CARCASSONNE,TOULOUSE MATABIAU,16,0.45571428571428574
CARCASSONNE,TOULOUSE MATABIAU,17,0.44312320916905446
CARCASSONNE,TOULOUSE MATABIAU,18,0.44154727793696275
CARCASSONNE,TOULOUSE MATABIAU,19,0.4264367816091954
CARCASSONNE,TOULOUSE MATABIAU,20,0.42183908045977014
CARCASSONNE,TOULOUSE MATABIAU,21,0.4156609195402299
CARCASSONNE,TOULOUSE MATABIAU,22,0.4014367816091954
CARCASSONNE,TOULOUSE MATABIAU,23,0.3946685878962536
CARCASSONNE,TOULOUSE MATABIAU,24,0.3833815028901734
CARCASSONNE,TOULOUSE MATABIAU,25,0.3802898550724637
CARCASSONNE,TOULOUSE MATABIAU,26,0.3800872093023256
CARCASSONNE,TOULOUSE MATABIAU,27,0.38343023255813957
CARCASSONNE,TOULOUSE MATABIAU,28,0.3705539358600583
CARCASSONNE,TOULOUSE MATABIAU,29,0.32923976608187133
CARCASSONNE,TOULOUSE MATABIAU,30,0.04911764705882353
CHAMBERY CHALLES LES EAUX,AIME LA PLAGNE,0,1.0
CHAMBERY CHALLES LES EAUX,AIME LA PLAGNE,1,1.0
CHAMBERY CHALLES LES EAUX,AIME LA PLAGNE,2,0.95
CHAMBERY CHALLES LES EAUX,AIME LA PLAGNE,3,0.975
CHAMBERY CHALLES LES EAUX,AIME LA PLAGNE,4,0.95
CHAMBERY CHALLES LES EAUX,AIME LA PLAGNE,5,0.975
CHAMBERY CHALLES LES EAUX,AIME LA PLAGNE,6,0.975
CHAMBERY CHALLES LES EAUX,AIME LA PLAGNE,7,0.95
CHAMBERY CHALLES LES EAUX,AIME LA PLAGNE,8,1.0
CHAMBERY CHALLES LES EAUX,AIME LA PLAGNE,9,0.975
CHAMBERY CHALLES LES EAUX,AIME LA PLAGNE,10,0.975
CHAMBERY CHALLES LES EAUX,AIME LA PLAGNE,11,0.975
CHAMBERY CHALLES LES EAUX,AIME LA PLAGNE,12,0.0
CHAMBERY CHALLES LES EAUX,AIME LA PLAGNE,13,0.0
CHAMBERY CHALLES LES EAUX,AIME LA PLAGNE,14,0.125
CHAMBERY CHALLES LES EAUX,AIME LA PLAGNE,15,0.425
CHAMBERY CHALLES LES EAUX,AIME LA PLAGNE,16,0.45
CHAMBERY CHALLES LES EAUX,AIME LA PLAGNE,17,0.15
CHAMBERY CHALLES LES EAUX,AIME LA PLAGNE,18,0.05
CHAMBERY CHALLES LES EAUX,AIME LA PLAGNE,19,0.0
CHAMBERY CHALLES LES EAUX,AIME LA PLAGNE,20,0.0
CHAMBERY CHALLES LES EAUX,AIME LA PLAGNE,21,0.0
CHAMBERY CHALLES LES EAUX,AIME LA PLAGNE,22,0.0
CHAMBERY CHALLES LES EAUX,AIME LA PLAGNE,23,0.0
CHAMBERY CHALLES LES EAUX,AIME LA PLAGNE,24,0.0
CHAMBERY CHALLES LES EAUX,AIME LA PLAGNE,25,0.0
CHAMBERY CHALLES LES EAUX,AIME LA PLAGNE,26,0.0
CHAMBERY CHALLES LES EAUX,AIME LA PLAGNE,27,0.0
CHAMBERY CHALLES LES EAUX,AIME LA PLAGNE,28,0.0
CHAMBERY CHALLES LES EAUX,AIME LA PLAGNE,29,0.0
CHAMBERY CHALLES LES EAUX,AIME LA PLAGNE,30,0.0
CHAMBERY CHALLES LES EAUX,ALBERTVILLE,0,1.0
CHAMBERY CHALLES LES EAUX,ALBERTVILLE,1,1.0
CHAMBERY CHALLES LES EAUX,ALBERTVILLE,2,0.975
CHAMBERY CHALLES LES EAUX,ALBERTVILLE,3,0.95
CHAMBERY CHALLES LES EAUX,ALBERTVILLE,4,0.975
CHAMBERY CHALLES LES EAUX,ALBERTVILLE,5,1.0
CHAMBERY CHALLES LES EAUX,ALBERTVILLE,6,1.0
CHAMBERY CHALLES LES EAUX,ALBERTVILLE,7,1.0
CHAMBERY CHALLES LES EAUX,ALBERTVILLE,8,1.0
CHAMBERY CHALLES LES EAUX,ALBERTVILLE,9,1.0
CHAMBERY CHALLES LES EAUX,ALBERTVILLE,10,0.975
CHAMBERY CHALLES LES EAUX,ALBERTVILLE,11,1.0
CHAMBERY CHALLES LES EAUX,ALBERTVILLE,12,0.0
CHAMBERY CHALLES LES EAUX,ALBERTVILLE,13,0.0
CHAMBERY CHALLES LES EAUX,ALBERTVILLE,14,0.05
CHAMBERY CHALLES LES EAUX,ALBERTVILLE,15,0.325
CHAMBERY CHALLES LES EAUX,ALBERTVILLE,16,0.425
CHAMBERY CHALLES LES EAUX,ALBERTVILLE,17,0.1
CHAMBERY CHALLES LES EAUX,ALBERTVILLE,18,0.0
CHAMBERY CHALLES LES EAUX,ALBERTVILLE,19,0.0
CHAMBERY CHALLES LES EAUX,ALBERTVILLE,20,0.0
CHAMBERY CHALLES LES EAUX,ALBERTVILLE,21,0.0
CHAMBERY CHALLES LES EAUX,ALBERTVILLE,22,0.0
CHAMBERY CHALLES LES EAUX,ALBERTVILLE,23,0.0
CHAMBERY CHALLES LES EAUX,ALBERTVILLE,24,0.0
CHAMBERY CHALLES LES EAUX,ALBERTVILLE,25,0.0
CHAMBERY CHALLES LES EAUX,ALBERTVILLE,26,0.0
CHAMBERY CHALLES LES EAUX,ALBERTVILLE,27,0.0
CHAMBERY CHALLES LES EAUX,ALBERTVILLE,28,0.0
CHAMBERY CHALLES LES EAUX,ALBERTVILLE,29,0.0
CHAMBERY CHALLES LES EAUX,ALBERTVILLE,30,0.0
CHAMBERY CHALLES LES EAUX,BOURG SAINT MAURICE,0,1.0
CHAMBERY CHALLES LES EAUX,BOURG SAINT MAURICE,1,1.0
CHAMBERY CHALLES LES EAUX,BOURG SAINT MAURICE,2,0.975
CHAMBERY CHALLES LES EAUX,BOURG SAINT MAURICE,3,1.0
CHAMBERY CHALLES LES EAUX,BOURG SAINT MAURICE,4,1.0
CHAMBERY CHALLES LES EAUX,BOURG SAINT MAURICE,5,1.0
CHAMBERY CHALLES LES EAUX,BOURG SAINT MAURICE,6,1.0
CHAMBERY CHALLES LES EAUX,BOURG SAINT MAURICE,7,1.0
CHAMBERY CHALLES LES EAUX,BOURG SAINT MAURICE,8,0.975
CHAMBERY CHALLES LES EAUX,BOURG SAINT MAURICE,9,0.975
CHAMBERY CHALLES LES EAUX,BOURG SAINT MAURICE,10,0.975
CHAMBERY CHALLES LES EAUX,BOURG SAINT MAURICE,11,0.975
CHAMBERY CHALLES LES EAUX,BOURG SAINT MAURICE,12,0.025
CHAMBERY CHALLES LES EAUX,BOURG SAINT MAURICE,13,0.025
CHAMBERY CHALLES LES EAUX,BOURG SAINT MAURICE,14,0.05
CHAMBERY CHALLES LES EAUX,BOURG SAINT MAURICE,15,0.425
CHAMBERY CHALLES LES EAUX,BOURG SAINT MAURICE,16,0.425
CHAMBERY CHALLES LES EAUX,BOURG SAINT MAURICE,17,0.15
CHAMBERY CHALLES LES EAUX,BOURG SAINT MAURICE,18,0.0
CHAMBERY CHALLES LES EAUX,BOURG SAINT MAURICE,19,0.0
CHAMBERY CHALLES LES EAUX,BOURG SAINT MAURICE,20,0.0
CHAMBERY CHALLES LES EAUX,BOURG SAINT MAURICE,21,0.0
CHAMBERY CHALLES LES EAUX,BOURG SAINT MAURICE,22,0.0
CHAMBERY CHALLES LES EAUX,BOURG SAINT MAURICE,23,0.0
CHAMBERY CHALLES LES EAUX,BOURG SAINT MAURICE,24,0.0
CHAMBERY CHALLES LES EAUX,BOURG SAINT MAURICE,25,0.0
CHAMBERY CHALLES LES EAUX,BOURG SAINT MAURICE,26,0.0
CHAMBERY CHALLES LES EAUX,BOURG SAINT MAURICE,27,0.0
CHAMBERY CHALLES LES EAUX,BOURG SAINT MAURICE,28,0.0
CHAMBERY CHALLES LES EAUX,BOURG SAINT MAURICE,29,0.0
CHAMBERY CHALLES LES EAUX,BOURG SAINT MAURICE,30,0.0
CHAMBERY CHALLES LES EAUX,LANDRY,0,1.0
CHAMBERY CHALLES LES EAUX,LANDRY,1,1.0
CHAMBERY CHALLES LES EAUX,LANDRY,2,0.975
CHAMBERY CHALLES LES EAUX,LANDRY,3,0.95
CHAMBERY CHALLES LES EAUX,LANDRY,4,1.0
CHAMBERY CHALLES LES EAUX,LANDRY,5,0.975
CHAMBERY CHALLES LES EAUX,LANDRY,6,1.0
CHAMBERY CHALLES LES EAUX,LANDRY,7,1.0
CHAMBERY CHALLES LES EAUX,LANDRY,8,1.0
CHAMBERY CHALLES LES EAUX,LANDRY,9,1.0
CHAMBERY CHALLES LES EAUX,LANDRY,10,1.0
CHAMBERY CHALLES LES EAUX,LANDRY,11,1.0
CHAMBERY CHALLES LES EAUX,LANDRY,12,0.025
CHAMBERY CHALLES LES EAUX,LANDRY,13,0.025
CHAMBERY CHALLES LES EAUX,LANDRY,14,0.125
CHAMBERY CHALLES LES EAUX,LANDRY,15,0.375
CHAMBERY CHALLES LES EAUX,LANDRY,16,0.35
CHAMBERY CHALLES LES EAUX,LANDRY,17,0.05
CHAMBERY CHALLES LES EAUX,LANDRY,18,0.0
CHAMBERY CHALLES LES EAUX,LANDRY,19,0.0
CHAMBERY CHALLES LES EAUX,LANDRY,20,0.0
CHAMBERY CHALLES LES EAUX,LANDRY,21,0.0
CHAMBERY CHALLES LES EAUX,LANDRY,22,0.0
CHAMBERY CHALLES LES EAUX,LANDRY,23,0.0
CHAMBERY CHALLES LES EAUX,LANDRY,24,0.0
CHAMBERY CHALLES LES EAUX,LANDRY,25,0.0
CHAMBERY CHALLES LES EAUX,LANDRY,26,0.0
CHAMBERY CHALLES LES EAUX,LANDRY,27,0.0
CHAMBERY CHALLES LES EAUX,LANDRY,28,0.0
CHAMBERY CHALLES LES EAUX,LANDRY,29,0.0
CHAMBERY CHALLES LES EAUX,LANDRY,30,0.0
CHAMBERY CHALLES LES EAUX,MOUTIERS SALINS BRIDES LES BAINS,0,1.0
CHAMBERY CHALLES LES EAUX,MOUTIERS SALINS BRIDES LES BAINS,1,1.0
CHAMBERY CHALLES LES EAUX,MOUTIERS SALINS BRIDES LES BAINS,2,1.0
CHAMBERY CHALLES LES EAUX,MOUTIERS SALINS BRIDES LES BAINS,3,0.975
CHAMBERY CHALLES LES EAUX,MOUTIERS SALINS BRIDES LES BAINS,4,1.0
CHAMBERY CHALLES LES EAUX,MOUTIERS SALINS BRIDES LES BAINS,5,1.0
CHAMBERY CHALLES LES EAUX,MOUTIERS SALINS BRIDES LES BAINS,6,1.0
CHAMBERY CHALLES LES EAUX,MOUTIERS SALINS BRIDES LES BAINS,7,1.0
CHAMBERY CHALLES LES EAUX,MOUTIERS SALINS BRIDES LES BAINS,8,0.975
CHAMBERY CHALLES LES EAUX,MOUTIERS SALINS BRIDES LES BAINS,9,0.95
CHAMBERY CHALLES LES EAUX,MOUTIERS SALINS BRIDES LES BAINS,10,0.975
CHAMBERY CHALLES LES EAUX,MOUTIERS SALINS BRIDES LES BAINS,11,0.975
CHAMBERY CHALLES LES EAUX,MOUTIERS SALINS BRIDES LES BAINS,12,0.025
CHAMBERY CHALLES LES EAUX,MOUTIERS SALINS BRIDES LES BAINS,13,0.025
CHAMBERY CHALLES LES EAUX,MOUTIERS SALINS BRIDES LES BAINS,14,0.1
CHAMBERY CHALLES LES EAUX,MOUTIERS SALINS BRIDES LES BAINS,15,0.45
CHAMBERY CHALLES LES EAUX,MOUTIERS SALINS BRIDES LES BAINS,16,0.45
CHAMBERY CHALLES LES EAUX,MOUTIERS SALINS BRIDES LES BAINS,17,0.125
CHAMBERY CHALLES LES EAUX,MOUTIERS SALINS BRIDES LES BAINS,18,0.025
CHAMBERY CHALLES LES EAUX,MOUTIERS SALINS BRIDES LES BAINS,19,0.025
CHAMBERY CHALLES LES EAUX,MOUTIERS SALINS BRIDES LES BAINS,20,0.025
CHAMBERY CHALLES LES EAUX,MOUTIERS SALINS BRIDES LES BAINS,21,0.0
CHAMBERY CHALLES LES EAUX,MOUTIERS SALINS BRIDES LES BAINS,22,0.0
CHAMBERY CHALLES LES EAUX,MOUTIERS SALINS BRIDES LES BAINS,23,0.0
CHAMBERY CHALLES LES EAUX,MOUTIERS SALINS BRIDES LES BAINS,24,0.0
CHAMBERY CHALLES LES EAUX,MOUTIERS SALINS BRIDES LES BAINS,25,0.0
CHAMBERY CHALLES LES EAUX,MOUTIERS SALINS BRIDES LES BAINS,26,0.0
CHAMBERY CHALLES LES EAUX,MOUTIERS SALINS BRIDES LES BAINS,27,0.0
CHAMBERY CHALLES LES EAUX,MOUTIERS SALINS BRIDES LES BAINS,28,0.0
CHAMBERY CHALLES LES EAUX,MOUTIERS SALINS BRIDES LES BAINS,29,0.0
CHAMBERY CHALLES LES EAUX,MOUTIERS SALINS BRIDES LES BAINS,30,0.0
LANDRY,BOURG SAINT MAURICE,0,1.0
LANDRY,BOURG SAINT MAURICE,1,1.0
LANDRY,BOURG SAINT MAURICE,2,1.0
LANDRY,BOURG SAINT MAURICE,3,1.0
LANDRY,BOURG SAINT MAURICE,4,0.975
LANDRY,BOURG SAINT MAURICE,5,0.975
LANDRY,BOURG SAINT MAURICE,6,1.0
LANDRY,BOURG SAINT MAURICE,7,1.0
LANDRY,BOURG SAINT MAURICE,8,1.0
LANDRY,BOURG SAINT MAURICE,9,1.0
LANDRY,BOURG SAINT MAURICE,10,0.975
LANDRY,BOURG SAINT MAURICE,11,0.95
LANDRY,BOURG SAINT MAURICE,12,0.0
LANDRY,BOURG SAINT MAURICE,13,0.0
LANDRY,BOURG SAINT MAURICE,14,0.025
LANDRY,BOURG SAINT MAURICE,15,0.4
LANDRY,BOURG SAINT MAURICE,16,0.375
LANDRY,BOURG SAINT MAURICE,17,0.075
LANDRY,BOURG SAINT MAURICE,18,0.0
LANDRY,BOURG SAINT MAURICE,19,0.0
LANDRY,BOURG SAINT MAURICE,20,0.0
LANDRY,BOURG SAINT MAURICE,21,0.0
LANDRY,BOURG SAINT MAURICE,22,0.0
LANDRY,BOURG SAINT MAURICE,23,0.0
LANDRY,BOURG SAINT MAURICE,24,0.0
LANDRY,BOURG SAINT MAURICE,25,0.0
LANDRY,BOURG SAINT MAURICE,26,0.0
LANDRY,BOURG SAINT MAURICE,27,0.0
LANDRY,BOURG SAINT MAURICE,28,0.0
LANDRY,BOURG SAINT MAURICE,29,0.0
LANDRY,BOURG SAINT MAURICE,30,0.0
LE HAVRE,AIME LA PLAGNE,0,1.0
LE HAVRE,AIME LA PLAGNE,1,0.975
LE HAVRE,AIME LA PLAGNE,2,0.55
LE HAVRE,AIME LA PLAGNE,3,0.55
LE HAVRE,AIME LA PLAGNE,4,0.55
LE HAVRE,AIME LA PLAGNE,5,0.5
LE HAVRE,AIME LA PLAGNE,6,0.5
LE HAVRE,AIME LA PLAGNE,7,0.5
LE HAVRE,AIME LA PLAGNE,8,0.475
LE HAVRE,AIME LA PLAGNE,9,0.5
LE HAVRE,AIME LA PLAGNE,10,0.525
LE HAVRE,AIME LA PLAGNE,11,0.475
LE HAVRE,AIME LA PLAGNE,12,0.05
LE HAVRE,AIME LA PLAGNE,13,0.0
LE HAVRE,AIME LA PLAGNE,14,0.025
LE HAVRE,AIME LA PLAGNE,15,0.45
LE HAVRE,AIME LA PLAGNE,16,0.5
LE HAVRE,AIME LA PLAGNE,17,0.1
LE HAVRE,AIME LA PLAGNE,18,0.025
LE HAVRE,AIME LA PLAGNE,19,0.0
LE HAVRE,AIME LA PLAGNE,20,0.0
LE HAVRE,AIME LA PLAGNE,21,0.0
LE HAVRE,AIME LA PLAGNE,22,0.025
LE HAVRE,AIME LA PLAGNE,23,0.0
LE HAVRE,AIME LA PLAGNE,24,0.0
LE HAVRE,AIME LA PLAGNE,25,0.0
LE HAVRE,AIME LA PLAGNE,26,0.0
LE HAVRE,AIME LA PLAGNE,27,0.0
LE HAVRE,AIME LA PLAGNE,28,0.0
LE HAVRE,AIME LA PLAGNE,29,0.0
LE HAVRE,AIME LA PLAGNE,30,0.0
LE HAVRE,ALBERTVILLE,0,0.975
LE HAVRE,ALBERTVILLE,1,0.975
LE HAVRE,ALBERTVILLE,2,0.575
LE HAVRE,ALBERTVILLE,3,0.525
LE HAVRE,ALBERTVILLE,4,0.55
LE HAVRE,ALBERTVILLE,5,0.5
LE HAVRE,ALBERTVILLE,6,0.525
LE HAVRE,ALBERTVILLE,7,0.525
LE HAVRE,ALBERTVILLE,8,0.5
LE HAVRE,ALBERTVILLE,9,0.5
LE HAVRE,ALBERTVILLE,10,0.5
LE HAVRE,ALBERTVILLE,11,0.525
LE HAVRE,ALBERTVILLE,12,0.0
LE HAVRE,ALBERTVILLE,13,0.0
LE HAVRE,ALBERTVILLE,14,0.125
LE HAVRE,ALBERTVILLE,15,0.4
LE HAVRE,ALBERTVILLE,16,0.475
LE HAVRE,ALBERTVILLE,17,0.1
LE HAVRE,ALBERTVILLE,18,0.0
LE HAVRE,ALBERTVILLE,19,0.0
LE HAVRE,ALBERTVILLE,20,0.0
LE HAVRE,ALBERTVILLE,21,0.0
LE HAVRE,ALBERTVILLE,22,0.0
LE HAVRE,ALBERTVILLE,23,0.0
LE HAVRE,ALBERTVILLE,24,0.0
LE HAVRE,ALBERTVILLE,25,0.0
LE HAVRE,ALBERTVILLE,26,0.0
LE HAVRE,ALBERTVILLE,27,0.0
LE HAVRE,ALBERTVILLE,28,0.0
LE HAVRE,ALBERTVILLE,29,0.0
LE HAVRE,ALBERTVILLE,30,0.0
LE HAVRE,BOURG SAINT MAURICE,0,0.925
LE HAVRE,BOURG SAINT MAURICE,1,0.9
LE HAVRE,BOURG SAINT MAURICE,2,0.575
LE HAVRE,BOURG SAINT MAURICE,3,0.5
LE HAVRE,BOURG SAINT MAURICE,4,0.525
LE HAVRE,BOURG SAINT MAURICE,5,0.525
LE HAVRE,BOURG SAINT MAURICE,6,0.475
LE HAVRE,BOURG SAINT MAURICE,7,0.475
LE HAVRE,BOURG SAINT MAURICE,8,0.5
LE HAVRE,BOURG SAINT MAURICE,9,0.475
LE HAVRE,BOURG SAINT MAURICE,10,0.475
LE HAVRE,BOURG SAINT MAURICE,11,0.5
LE HAVRE,BOURG SAINT MAURICE,12,0.07500000000000001
LE HAVRE,BOURG SAINT MAURICE,13,0.025
LE HAVRE,BOURG SAINT MAURICE,14,0.05
LE HAVRE,BOURG SAINT MAURICE,15,0.45
LE HAVRE,BOURG SAINT MAURICE,16,0.425
LE HAVRE,BOURG SAINT MAURICE,17,0.025
LE HAVRE,BOURG SAINT MAURICE,18,0.025
LE HAVRE,BOURG SAINT MAURICE,19,0.0
LE HAVRE,BOURG SAINT MAURICE,20,0.0
LE HAVRE,BOURG SAINT MAURICE,21,0.0
LE HAVRE,BOURG SAINT MAURICE,22,0.0
LE HAVRE,BOURG SAINT MAURICE,23,0.0
LE HAVRE,BOURG SAINT MAURICE,24,0.0
LE HAVRE,BOURG SAINT MAURICE,25,0.0
LE HAVRE,BOURG SAINT MAURICE,26,0.0
LE HAVRE,BOURG SAINT MAURICE,27,0.0
LE HAVRE,BOURG SAINT MAURICE,28,0.0
LE HAVRE,BOURG SAINT MAURICE,29,0.0
LE HAVRE,BOURG SAINT MAURICE,30,0.0
LE HAVRE,CHAMBERY CHALLES LES EAUX,0,1.0
LE HAVRE,CHAMBERY CHALLES LES EAUX,1,1.0
LE HAVRE,CHAMBERY CHALLES LES EAUX,2,0.6
LE HAVRE,CHAMBERY CHALLES LES EAUX,3,0.575
LE HAVRE,CHAMBERY CHALLES LES EAUX,4,0.55
LE HAVRE,CHAMBERY CHALLES LES EAUX,5,0.5
LE HAVRE,CHAMBERY CHALLES LES EAUX,6,0.5
LE HAVRE,CHAMBERY CHALLES LES EAUX,7,0.525
LE HAVRE,CHAMBERY CHALLES LES EAUX,8,0.5
LE HAVRE,CHAMBERY CHALLES LES EAUX,9,0.525
LE HAVRE,CHAMBERY CHALLES LES EAUX,10,0.525
LE HAVRE,CHAMBERY CHALLES LES EAUX,11,0.475
LE HAVRE,CHAMBERY CHALLES LES EAUX,12,0.025
LE HAVRE,CHAMBERY CHALLES LES EAUX,13,0.025
LE HAVRE,CHAMBERY CHALLES LES EAUX,14,0.075
LE HAVRE,CHAMBERY CHALLES LES EAUX,15,0.45
LE HAVRE,CHAMBERY CHALLES LES EAUX,16,0.375
LE HAVRE,CHAMBERY CHALLES LES EAUX,17,0.05
LE HAVRE,CHAMBERY CHALLES LES EAUX,18,0.0
LE HAVRE,CHAMBERY CHALLES LES EAUX,19,0.0
LE HAVRE,CHAMBERY CHALLES LES EAUX,20,0.0
LE HAVRE,CHAMBERY CHALLES LES EAUX,21,0.0
LE HAVRE,CHAMBERY CHALLES LES EAUX,22,0.025
LE HAVRE,CHAMBERY CHALLES LES EAUX,23,0.0
LE HAVRE,CHAMBERY CHALLES LES EAUX,24,0.0
LE HAVRE,CHAMBERY CHALLES LES EAUX,25,0.0
LE HAVRE,CHAMBERY CHALLES LES EAUX,26,0.0
LE HAVRE,CHAMBERY CHALLES LES EAUX,27,0.0
LE HAVRE,CHAMBERY CHALLES LES EAUX,28,0.0
LE HAVRE,CHAMBERY CHALLES LES EAUX,29,0.0
LE HAVRE,CHAMBERY CHALLES LES EAUX,30,0.0
LE HAVRE,LANDRY,0,0.975
LE HAVRE,LANDRY,1,0.925
LE HAVRE,LANDRY,2,0.525
LE HAVRE,LANDRY,3,0.525
LE HAVRE,LANDRY,4,0.525
LE HAVRE,LANDRY,5,0.525
LE HAVRE,LANDRY,6,0.5
LE HAVRE,LANDRY,7,0.525
LE HAVRE,LANDRY,8,0.525
LE HAVRE,LANDRY,9,0.55
LE HAVRE,LANDRY,10,0.5
LE HAVRE,LANDRY,11,0.525
LE HAVRE,LANDRY,12,0.025
LE HAVRE,LANDRY,13,0.0
LE HAVRE,LANDRY,14,0.1
LE HAVRE,LANDRY,15,0.35
LE HAVRE,LANDRY,16,0.425
LE HAVRE,LANDRY,17,0.15
LE HAVRE,LANDRY,18,0.0
LE HAVRE,LANDRY,19,0.0
LE HAVRE,LANDRY,20,0.0
LE HAVRE,LANDRY,21,0.0
LE HAVRE,LANDRY,22,0.0
LE HAVRE,LANDRY,23,0.0
LE HAVRE,LANDRY,24,0.0
LE HAVRE,LANDRY,25,0.0
LE HAVRE,LANDRY,26,0.0
LE HAVRE,LANDRY,27,0.0
LE HAVRE,LANDRY,28,0.0
LE HAVRE,LANDRY,29,0.0
LE HAVRE,LANDRY,30,0.0
LE HAVRE,MOUTIERS SALINS BRIDES LES BAINS,0,1.0
LE HAVRE,MOUTIERS SALINS BRIDES LES BAINS,1,0.975
LE HAVRE,MOUTIERS SALINS BRIDES LES BAINS,2,0.625
LE HAVRE,MOUTIERS SALINS BRIDES LES BAINS,3,0.6
LE HAVRE,MOUTIERS SALINS BRIDES LES BAINS,4,0.6
LE HAVRE,MOUTIERS SALINS BRIDES LES BAINS,5,0.575
LE HAVRE,MOUTIERS SALINS BRIDES LES BAINS,6,0.55
LE HAVRE,MOUTIERS SALINS BRIDES LES BAINS,7,0.5
LE HAVRE,MOUTIERS SALINS BRIDES LES BAINS,8,0.5
LE HAVRE,MOUTIERS SALINS BRIDES LES BAINS,9,0.5
LE HAVRE,MOUTIERS SALINS BRIDES LES BAINS,10,0.525
LE HAVRE,MOUTIERS SALINS BRIDES LES BAINS,11,0.5499999999999999
LE HAVRE,MOUTIERS SALINS BRIDES LES BAINS,12,0.05
LE HAVRE,MOUTIERS SALINS BRIDES LES BAINS,13,0.05
LE HAVRE,MOUTIERS SALINS BRIDES LES BAINS,14,0.1
LE HAVRE,MOUTIERS SALINS BRIDES LES BAINS,15,0.47500000000000003
LE HAVRE,MOUTIERS SALINS BRIDES LES BAINS,16,0.4
LE HAVRE,MOUTIERS SALINS BRIDES LES BAINS,17,0.05
LE HAVRE,MOUTIERS SALINS BRIDES LES BAINS,18,0.0
LE HAVRE,MOUTIERS SALINS BRIDES LES BAINS,19,0.0
LE HAVRE,MOUTIERS SALINS BRIDES LES BAINS,20,0.0
LE HAVRE,MOUTIERS SALINS BRIDES LES BAINS,21,0.0
LE HAVRE,MOUTIERS SALINS BRIDES LES BAINS,22,0.0
LE HAVRE,MOUTIERS SALINS BRIDES LES BAINS,23,0.0
LE HAVRE,MOUTIERS SALINS BRIDES LES BAINS,24,0.0
LE HAVRE,MOUTIERS SALINS BRIDES LES BAINS,25,0.0
LE HAVRE,MOUTIERS SALINS BRIDES LES BAINS,26,0.0
LE HAVRE,MOUTIERS SALINS BRIDES LES BAINS,27,0.0
LE HAVRE,MOUTIERS SALINS BRIDES LES BAINS,28,0.0
LE HAVRE,MOUTIERS SALINS BRIDES LES BAINS,29,0.0
LE HAVRE,MOUTIERS SALINS BRIDES LES BAINS,30,0.0
LE HAVRE,ROUEN RIVE DROITE,0,1.0
LE HAVRE,ROUEN RIVE DROITE,1,1.0
LE HAVRE,ROUEN RIVE DROITE,2,0.975
LE HAVRE,ROUEN RIVE DROITE,3,0.975
LE HAVRE,ROUEN RIVE DROITE,4,0.975
LE HAVRE,ROUEN RIVE DROITE,5,0.95
LE HAVRE,ROUEN RIVE DROITE,6,0.95
LE HAVRE,ROUEN RIVE DROITE,7,0.975
LE HAVRE,ROUEN RIVE DROITE,8,0.975
LE HAVRE,ROUEN RIVE DROITE,9,1.0
LE HAVRE,ROUEN RIVE DROITE,10,1.0
LE HAVRE,ROUEN RIVE DROITE,11,1.0
LE HAVRE,ROUEN RIVE DROITE,12,0.925
LE HAVRE,ROUEN RIVE DROITE,13,0.975
LE HAVRE,ROUEN RIVE DROITE,14,0.975
LE HAVRE,ROUEN RIVE DROITE,15,0.975
LE HAVRE,ROUEN RIVE DROITE,16,0.95
LE HAVRE,ROUEN RIVE DROITE,17,0.975
LE HAVRE,ROUEN RIVE DROITE,18,1.0
LE HAVRE,ROUEN RIVE DROITE,19,1.0
LE HAVRE,ROUEN RIVE DROITE,20,1.0
LE HAVRE,ROUEN RIVE DROITE,21,0.975
LE HAVRE,ROUEN RIVE DROITE,22,1.0
LE HAVRE,ROUEN RIVE DROITE,23,0.975
LE HAVRE,ROUEN RIVE DROITE,24,0.95
LE HAVRE,ROUEN RIVE DROITE,25,0.95
LE HAVRE,ROUEN RIVE DROITE,26,0.95
LE HAVRE,ROUEN RIVE DROITE,27,0.95
LE HAVRE,ROUEN RIVE DROITE,28,0.95
LE HAVRE,ROUEN RIVE DROITE,29,0.9
LE HAVRE,ROUEN RIVE DROITE,30,0.2
LE HAVRE,VERSAILLES CHANTIERS,0,1.0
LE HAVRE,VERSAILLES CHANTIERS,1,1.0
LE HAVRE,VERSAILLES CHANTIERS,2,1.0
LE HAVRE,VERSAILLES CHANTIERS,3,0.925
LE HAVRE,VERSAILLES CHANTIERS,4,0.95
LE HAVRE,VERSAILLES CHANTIERS,5,0.525
LE HAVRE,VERSAILLES CHANTIERS,6,0.5
LE HAVRE,VERSAILLES CHANTIERS,7,0.5
LE HAVRE,VERSAILLES CHANTIERS,8,0.5
LE HAVRE,VERSAILLES CHANTIERS,9,0.475
LE HAVRE,VERSAILLES CHANTIERS,10,0.475
LE HAVRE,VERSAILLES CHANTIERS,11,0.55
LE HAVRE,VERSAILLES CHANTIERS,12,0.05
LE HAVRE,VERSAILLES CHANTIERS,13,0.07500000000000001
LE HAVRE,VERSAILLES CHANTIERS,14,0.125
LE HAVRE,VERSAILLES CHANTIERS,15,0.45
LE HAVRE,VERSAILLES CHANTIERS,16,0.4
LE HAVRE,VERSAILLES CHANTIERS,17,0.1
LE HAVRE,VERSAILLES CHANTIERS,18,0.0
LE HAVRE,VERSAILLES CHANTIERS,19,0.0
LE HAVRE,VERSAILLES CHANTIERS,20,0.0
LE HAVRE,VERSAILLES CHANTIERS,21,0.0
LE HAVRE,VERSAILLES CHANTIERS,22,0.025
LE HAVRE,VERSAILLES CHANTIERS,23,0.0
LE HAVRE,VERSAILLES CHANTIERS,24,0.0
LE HAVRE,VERSAILLES CHANTIERS,25,0.0
LE HAVRE,VERSAILLES CHANTIERS,26,0.0
LE HAVRE,VERSAILLES CHANTIERS,27,0.0
LE HAVRE,VERSAILLES CHANTIERS,28,0.0
LE HAVRE,VERSAILLES CHANTIERS,29,0.0
LE HAVRE,VERSAILLES CHANTIERS,30,0.0
LYON (intramuros),AIX EN PROVENCE TGV,0,0.7995726495726495
LYON (intramuros),AIX EN PROVENCE TGV,1,0.8001424501424502
LYON (intramuros),AIX EN PROVENCE TGV,2,0.8068376068376069
LYON (intramuros),AIX EN PROVENCE TGV,3,0.8188034188034188
LYON (intramuros),AIX EN PROVENCE TGV,4,0.7635327635327636
LYON (intramuros),AIX EN PROVENCE TGV,5,0.7631054131054131
LYON (intramuros),AIX EN PROVENCE TGV,6,0.7764957264957265
LYON (intramuros),AIX EN PROVENCE TGV,7,0.7804843304843304
LYON (intramuros),AIX EN PROVENCE TGV,8,0.7686609686609687
LYON (intramuros),AIX EN PROVENCE TGV,9,0.7736467236467237
LYON (intramuros),AIX EN PROVENCE TGV,10,0.800997150997151
LYON (intramuros),AIX EN PROVENCE TGV,11,0.8150997150997151
LYON (intramuros),AIX EN PROVENCE TGV,12,0.5655714285714285
LYON (intramuros),AIX EN PROVENCE TGV,13,0.5637535816618912
LYON (intramuros),AIX EN PROVENCE TGV,14,0.5607449856733524
LYON (intramuros),AIX EN PROVENCE TGV,15,0.5906876790830946
LYON (intramuros),AIX EN PROVENCE TGV,16,0.6127507163323782
LYON (intramuros),AIX EN PROVENCE TGV,17,0.6183381088825215
LYON (intramuros),AIX EN PROVENCE TGV,18,0.6310888252148997
LYON (intramuros),AIX EN PROVENCE TGV,19,0.6645114942528736
LYON (intramuros),AIX EN PROVENCE TGV,20,0.6782420749279539
LYON (intramuros),AIX EN PROVENCE TGV,21,0.6825648414985591
LYON (intramuros),AIX EN PROVENCE TGV,22,0.6752161383285303
LYON (intramuros),AIX EN PROVENCE TGV,23,0.6822766570605188
LYON (intramuros),AIX EN PROVENCE TGV,24,0.6923631123919308
LYON (intramuros),AIX EN PROVENCE TGV,25,0.6963976945244957
LYON (intramuros),AIX EN PROVENCE TGV,26,0.713150289017341
LYON (intramuros),AIX EN PROVENCE TGV,27,0.716376811594203
LYON (intramuros),AIX EN PROVENCE TGV,28,0.7146376811594203
LYON (intramuros),AIX EN PROVENCE TGV,29,0.6650724637681159
LYON (intramuros),AIX EN PROVENCE TGV,30,0.060641399416909623
LYON (intramuros),ANTIBES,0,0.29190751445086704
LYON (intramuros),ANTIBES,1,0.3094202898550725
LYON (intramuros),ANTIBES,2,0.32718023255813955
LYON (intramuros),ANTIBES,3,0.3432080924855491
LYON (intramuros),ANTIBES,4,0.23078034682080922
LYON (intramuros),ANTIBES,5,0.23713872832369942
LYON (intramuros),ANTIBES,6,0.2737752161383285
LYON (intramuros),ANTIBES,7,0.2666184971098266
LYON (intramuros),ANTIBES,8,0.2810693641618497
LYON (intramuros),ANTIBES,9,0.29566473988439307
LYON (intramuros),ANTIBES,10,0.3259420289855073
LYON (intramuros),ANTIBES,11,0.3371014492753623
LYON (intramuros),ANTIBES,12,0.11468023255813954
LYON (intramuros),ANTIBES,13,0.10889212827988339
LYON (intramuros),ANTIBES,14,0.09912536443148688
LYON (intramuros),ANTIBES,15,0.11064139941690963
LYON (intramuros),ANTIBES,16,0.12084548104956269
LYON (intramuros),ANTIBES,17,0.13187134502923978
LYON (intramuros),ANTIBES,18,0.1406158357771261
LYON (intramuros),ANTIBES,19,0.14911764705882355
LYON (intramuros),ANTIBES,20,0.14926253687315635
LYON (intramuros),ANTIBES,21,0.14585798816568046
LYON (intramuros),ANTIBES,22,0.15902366863905326
LYON (intramuros),ANTIBES,23,0.1636094674556213
LYON (intramuros),ANTIBES,24,0.16160714285714284
LYON (intramuros),ANTIBES,25,0.1619402985074627
LYON (intramuros),ANTIBES,26,0.16796407185628742
LYON (intramuros),ANTIBES,27,0.17117117117117117
LYON (intramuros),ANTIBES,28,0.16400602409638554
LYON (intramuros),ANTIBES,29,0.16555891238670695
LYON (intramuros),ANTIBES,30,0.025914634146341462
LYON (intramuros),AVIGNON TGV,0,0.811965811965812
LYON (intramuros),AVIGNON TGV,1,0.8172364672364673
LYON (intramuros),AVIGNON TGV,2,0.818091168091168
LYON (intramuros),AVIGNON TGV,3,0.833048433048433
LYON (intramuros),AVIGNON TGV,4,0.775925925925926
LYON (intramuros),AVIGNON TGV,5,0.7784900284900285
LYON (intramuros),AVIGNON TGV,6,0.7878917378917379
LYON (intramuros),AVIGNON TGV,7,0.8012820512820513
LYON (intramuros),AVIGNON TGV,8,0.8008547008547009
LYON (intramuros),AVIGNON TGV,9,0.8031339031339031
LYON (intramuros),AVIGNON TGV,10,0.82991452991453
LYON (intramuros),AVIGNON TGV,11,0.8373219373219373
LYON (intramuros),AVIGNON TGV,12,0.5772857142857143
LYON (intramuros),AVIGNON TGV,13,0.5740687679083094
LYON (intramuros),AVIGNON TGV,14,0.5767908309455587
LYON (intramuros),AVIGNON TGV,15,0.6071633237822349
LYON (intramuros),AVIGNON TGV,16,0.625214899713467
LYON (intramuros),AVIGNON TGV,17,0.6323782234957019
LYON (intramuros),AVIGNON TGV,18,0.6454154727793696
LYON (intramuros),AVIGNON TGV,19,0.6762931034482759
LYON (intramuros),AVIGNON TGV,20,0.6904899135446686
LYON (intramuros),AVIGNON TGV,21,0.6938040345821326
LYON (intramuros),AVIGNON TGV,22,0.684149855907781
LYON (intramuros),AVIGNON TGV,23,0.6854466858789625
LYON (intramuros),AVIGNON TGV,24,0.6946685878962536
LYON (intramuros),AVIGNON TGV,25,0.6998559077809798
LYON (intramuros),AVIGNON TGV,26,0.7144508670520231
LYON (intramuros),AVIGNON TGV,27,0.7178260869565217
LYON (intramuros),AVIGNON TGV,28,0.7142028985507246
LYON (intramuros),AVIGNON TGV,29,0.6749275362318841
LYON (intramuros),AVIGNON TGV,30,0.03498542274052478
LYON (intramuros),BEZIERS,0,0.5975783475783476
LYON (intramuros),BEZIERS,1,0.6096866096866097
LYON (intramuros),BEZIERS,2,0.6199430199430199
LYON (intramuros),BEZIERS,3,0.6212250712250713
LYON (intramuros),BEZIERS,4,0.4357549857549857
LYON (intramuros),BEZIERS,5,0.4425925925925926
LYON (intramuros),BEZIERS,6,0.4552706552706553
LYON (intramuros),BEZIERS,7,0.44772079772079776
LYON (intramuros),BEZIERS,8,0.45457142857142857
LYON (intramuros),BEZIERS,9,0.45712250712250707
LYON (intramuros),BEZIERS,10,0.46438746438746437
LYON (intramuros),BEZIERS,11,0.4534188034188034
LYON (intramuros),BEZIERS,12,0.22385714285714284
LYON (intramuros),BEZIERS,13,0.21485714285714286
LYON (intramuros),BEZIERS,14,0.22585714285714284
LYON (intramuros),BEZIERS,15,0.2342857142857143
LYON (intramuros),BEZIERS,16,0.23657142857142857
LYON (intramuros),BEZIERS,17,0.23653295128939827
LYON (intramuros),BEZIERS,18,0.24570200573065903
LYON (intramuros),BEZIERS,19,0.2310344827586207
LYON (intramuros),BEZIERS,20,0.2307471264367816
LYON (intramuros),BEZIERS,21,0.2464080459770115
LYON (intramuros),BEZIERS,22,0.2544540229885057
LYON (intramuros),BEZIERS,23,0.2546109510086455
LYON (intramuros),BEZIERS,24,0.2510115606936416
LYON (intramuros),BEZIERS,25,0.2528985507246377
LYON (intramuros),BEZIERS,26,0.253343023255814
LYON (intramuros),BEZIERS,27,0.26729651162790696
LYON (intramuros),BEZIERS,28,0.27463556851311954
LYON (intramuros),BEZIERS,29,0.2595029239766082
LYON (intramuros),BEZIERS,30,0.029411764705882353
LYON (intramuros),CANNES,0,0.2884393063583815
LYON (intramuros),CANNES,1,0.3117391304347826
LYON (intramuros),CANNES,2,0.3226744186046512
LYON (intramuros),CANNES,3,0.3380057803468208
LYON (intramuros),CANNES,4,0.22760115606936415
LYON (intramuros),CANNES,5,0.23497109826589593
LYON (intramuros),CANNES,6,0.2704610951008645
LYON (intramuros),CANNES,7,0.26473988439306356
LYON (intramuros),CANNES,8,0.27514450867052026
LYON (intramuros),CANNES,9,0.2963872832369942
LYON (intramuros),CANNES,10,0.31681159420289856
LYON (intramuros),CANNES,11,0.33652173913043476
LYON (intramuros),CANNES,12,0.11133720930232557
LYON (intramuros),CANNES,13,0.1077259475218659
LYON (intramuros),CANNES,14,0.09635568513119533
LYON (intramuros),CANNES,15,0.10932944606413994
LYON (intramuros),CANNES,16,0.11982507288629737
LYON (intramuros),CANNES,17,0.13201754385964912
LYON (intramuros),CANNES,18,0.1410557184750733
LYON (intramuros),CANNES,19,0.15176470588235294
LYON (intramuros),CANNES,20,0.15117994100294985
LYON (intramuros),CANNES,21,0.14970414201183432
LYON (intramuros),CANNES,22,0.16050295857988164
LYON (intramuros),CANNES,23,0.16627218934911245
LYON (intramuros),CANNES,24,0.16264880952380953
LYON (intramuros),CANNES,25,0.16343283582089552
LYON (intramuros),CANNES,26,0.1691616766467066
LYON (intramuros),CANNES,27,0.17192192192192193
LYON (intramuros),CANNES,28,0.1664156626506024
LYON (intramuros),CANNES,29,0.17129909365558912
LYON (intramuros),CANNES,30,0.023932926829268293
LYON (intramuros),CARCASSONNE,0,0.5752136752136753
LYON (intramuros),CARCASSONNE,1,0.5836182336182336
LYON (intramuros),CARCASSONNE,2,0.5952991452991453
LYON (intramuros),CARCASSONNE,3,0.6064102564102564
LYON (intramuros),CARCASSONNE,4,0.4323361823361823
LYON (intramuros),CARCASSONNE,5,0.4391737891737892
LYON (intramuros),CARCASSONNE,6,0.45227920227920226
LYON (intramuros),CARCASSONNE,7,0.4309116809116809
LYON (intramuros),CARCASSONNE,8,0.43514285714285716
LYON (intramuros),CARCASSONNE,9,0.44017094017094016
LYON (intramuros),CARCASSONNE,10,0.4554131054131054
LYON (intramuros),CARCASSONNE,11,0.44344729344729344
LYON (intramuros),CARCASSONNE,12,0.225
LYON (intramuros),CARCASSONNE,13,0.21642857142857144
LYON (intramuros),CARCASSONNE,14,0.22728571428571429
LYON (intramuros),CARCASSONNE,15,0.23457142857142854
LYON (intramuros),CARCASSONNE,16,0.23642857142857143
LYON (intramuros),CARCASSONNE,17,0.233810888252149
LYON (intramuros),CARCASSONNE,18,0.24197707736389687
LYON (intramuros),CARCASSONNE,19,0.23146551724137931
LYON (intramuros),CARCASSONNE,20,0.2310344827586207
LYON (intramuros),CARCASSONNE,21,0.24367816091954023
LYON (intramuros),CARCASSONNE,22,0.2527298850574713
LYON (intramuros),CARCASSONNE,23,0.2537463976945245
LYON (intramuros),CARCASSONNE,24,0.248121387283237
LYON (intramuros),CARCASSONNE,25,0.25043478260869567
LYON (intramuros),CARCASSONNE,26,0.2553779069767442
LYON (intramuros),CARCASSONNE,27,0.2677325581395349
LYON (intramuros),CARCASSONNE,28,0.2739067055393586
LYON (intramuros),CARCASSONNE,29,0.2530701754385965
LYON (intramuros),CARCASSONNE,30,0.025147058823529415
LYON (intramuros),MARSEILLE BLANCARDE,0,0.19999999999999998
LYON (intramuros),MARSEILLE BLANCARDE,1,0.2833333333333333
LYON (intramuros),MARSEILLE BLANCARDE,2,0.325
LYON (intramuros),MARSEILLE BLANCARDE,3,0.3333333333333333
LYON (intramuros),MARSEILLE BLANCARDE,4,0.19999999999999998
LYON (intramuros),MARSEILLE BLANCARDE,5,0.19166666666666668
LYON (intramuros),MARSEILLE BLANCARDE,6,0.19999999999999998
LYON (intramuros),MARSEILLE BLANCARDE,7,0.20833333333333334
LYON (intramuros),MARSEILLE BLANCARDE,8,0.2833333333333333
LYON (intramuros),MARSEILLE BLANCARDE,9,0.23333333333333336
LYON (intramuros),MARSEILLE BLANCARDE,10,0.19166666666666665
LYON (intramuros),MARSEILLE BLANCARDE,11,0.2916666666666667
LYON (intramuros),MARSEILLE BLANCARDE,12,0.3416666666666666
LYON (intramuros),MARSEILLE BLANCARDE,13,0.325
LYON (intramuros),MARSEILLE BLANCARDE,14,0.325
LYON (intramuros),MARSEILLE BLANCARDE,15,0.35000000000000003
LYON (intramuros),MARSEILLE BLANCARDE,16,0.48333333333333334
LYON (intramuros),MARSEILLE BLANCARDE,17,0.4916666666666667
LYON (intramuros),MARSEILLE BLANCARDE,18,0.5
LYON (intramuros),MARSEILLE BLANCARDE,19,0.5
LYON (intramuros),MARSEILLE BLANCARDE,20,0.5166666666666667
LYON (intramuros),MARSEILLE BLANCARDE,21,0.6
LYON (intramuros),MARSEILLE BLANCARDE,22,0.6583333333333333
LYON (intramuros),MARSEILLE BLANCARDE,23,0.6666666666666666
LYON (intramuros),MARSEILLE BLANCARDE,24,0.6666666666666666
LYON (intramuros),MARSEILLE BLANCARDE,25,0.6666666666666666
LYON (intramuros),MARSEILLE BLANCARDE,26,0.6666666666666666
LYON (intramuros),MARSEILLE BLANCARDE,27,0.6666666666666666
LYON (intramuros),MARSEILLE BLANCARDE,28,0.6749999999999999
LYON (intramuros),MARSEILLE BLANCARDE,29,0.6833333333333332
LYON (intramuros),MARSEILLE BLANCARDE,30,0.16666666666666666
LYON (intramuros),MARSEILLE ST CHARLES,0,0.8128985507246377
LYON (intramuros),MARSEILLE ST CHARLES,1,0.812608695652174
LYON (intramuros),MARSEILLE ST CHARLES,2,0.8139130434782609
LYON (intramuros),MARSEILLE ST CHARLES,3,0.8281159420289854
LYON (intramuros),MARSEILLE ST CHARLES,4,0.7668115942028986
LYON (intramuros),MARSEILLE ST CHARLES,5,0.7743478260869564
LYON (intramuros),MARSEILLE ST CHARLES,6,0.7860869565217391
LYON (intramuros),MARSEILLE ST CHARLES,7,0.7918840579710145
LYON (intramuros),MARSEILLE ST CHARLES,8,0.7828985507246378
LYON (intramuros),MARSEILLE ST CHARLES,9,0.7908695652173914
LYON (intramuros),MARSEILLE ST CHARLES,10,0.8171014492753622
LYON (intramuros),MARSEILLE ST CHARLES,11,0.8286956521739129
LYON (intramuros),MARSEILLE ST CHARLES,12,0.5703488372093023
LYON (intramuros),MARSEILLE ST CHARLES,13,0.5712827988338192
LYON (intramuros),MARSEILLE ST CHARLES,14,0.5705539358600583
LYON (intramuros),MARSEILLE ST CHARLES,15,0.5960641399416909
LYON (intramuros),MARSEILLE ST CHARLES,16,0.6135568513119534
LYON (intramuros),MARSEILLE ST CHARLES,17,0.6204081632653061
LYON (intramuros),MARSEILLE ST CHARLES,18,0.6319241982507289
LYON (intramuros),MARSEILLE ST CHARLES,19,0.6614035087719298
LYON (intramuros),MARSEILLE ST CHARLES,20,0.6791788856304986
LYON (intramuros),MARSEILLE ST CHARLES,21,0.6803519061583577
LYON (intramuros),MARSEILLE ST CHARLES,22,0.6799120234604106
LYON (intramuros),MARSEILLE ST CHARLES,23,0.6803519061583577
LYON (intramuros),MARSEILLE ST CHARLES,24,0.6919354838709677
LYON (intramuros),MARSEILLE ST CHARLES,25,0.6998533724340176
LYON (intramuros),MARSEILLE ST CHARLES,26,0.7148529411764706
LYON (intramuros),MARSEILLE ST CHARLES,27,0.7215339233038348
LYON (intramuros),MARSEILLE ST CHARLES,28,0.7237463126843657
LYON (intramuros),MARSEILLE ST CHARLES,29,0.6777286135693216
LYON (intramuros),MARSEILLE ST CHARLES,30,0.042729970326409496
LYON (intramuros),MONTPELLIER SAINT ROCH,0,0.646600566572238
LYON (intramuros),MONTPELLIER SAINT ROCH,1,0.6599150141643059
LYON (intramuros),MONTPELLIER SAINT ROCH,2,0.6641643059490084
LYON (intramuros),MONTPELLIER SAINT ROCH,3,0.6797450424929178
LYON (intramuros),MONTPELLIER SAINT ROCH,4,0.5239376770538243
LYON (intramuros),MONTPELLIER SAINT ROCH,5,0.5202549575070822
LYON (intramuros),MONTPELLIER SAINT ROCH,6,0.5330028328611898
LYON (intramuros),MONTPELLIER SAINT ROCH,7,0.5276203966005666
LYON (intramuros),MONTPELLIER SAINT ROCH,8,0.5284702549575071
LYON (intramuros),MONTPELLIER SAINT ROCH,9,0.5318696883852692
LYON (intramuros),MONTPELLIER SAINT ROCH,10,0.543342776203966
LYON (intramuros),MONTPELLIER SAINT ROCH,11,0.531586402266289
LYON (intramuros),MONTPELLIER SAINT ROCH,12,0.3319602272727273
LYON (intramuros),MONTPELLIER SAINT ROCH,13,0.3259943181818182
LYON (intramuros),MONTPELLIER SAINT ROCH,14,0.32997159090909095
LYON (intramuros),MONTPELLIER SAINT ROCH,15,0.3390625
LYON (intramuros),MONTPELLIER SAINT ROCH,16,0.34261363636363634
LYON (intramuros),MONTPELLIER SAINT ROCH,17,0.342022792022792
LYON (intramuros),MONTPELLIER SAINT ROCH,18,0.351994301994302
LYON (intramuros),MONTPELLIER SAINT ROCH,19,0.3382857142857143
LYON (intramuros),MONTPELLIER SAINT ROCH,20,0.3394285714285714
LYON (intramuros),MONTPELLIER SAINT ROCH,21,0.34985714285714287
LYON (intramuros),MONTPELLIER SAINT ROCH,22,0.3612857142857143
LYON (intramuros),MONTPELLIER SAINT ROCH,23,0.35931232091690546
LYON (intramuros),MONTPELLIER SAINT ROCH,24,0.357183908045977
LYON (intramuros),MONTPELLIER SAINT ROCH,25,0.3580691642651297
LYON (intramuros),MONTPELLIER SAINT ROCH,26,0.36156069364161847
LYON (intramuros),MONTPELLIER SAINT ROCH,27,0.3660404624277457
LYON (intramuros),MONTPELLIER SAINT ROCH,28,0.37188405797101454
LYON (intramuros),MONTPELLIER SAINT ROCH,29,0.34186046511627904
LYON (intramuros),MONTPELLIER SAINT ROCH,30,0.04283625730994152
LYON (intramuros),MONTPELLIER SUD DE FRANCE,0,0.3333333333333333
LYON (intramuros),MONTPELLIER SUD DE FRANCE,1,0.5666666666666667
LYON (intramuros),MONTPELLIER SUD DE FRANCE,2,0.4166666666666667
LYON (intramuros),MONTPELLIER SUD DE FRANCE,3,0.3333333333333333
LYON (intramuros),MONTPELLIER SUD DE FRANCE,4,0.3333333333333333
LYON (intramuros),MONTPELLIER SUD DE FRANCE,5,0.3333333333333333
LYON (intramuros),MONTPELLIER SUD DE FRANCE,6,0.3333333333333333
LYON (intramuros),MONTPELLIER SUD DE FRANCE,7,0.3333333333333333
LYON (intramuros),MONTPELLIER SUD DE FRANCE,8,0.3333333333333333
LYON (intramuros),MONTPELLIER SUD DE FRANCE,9,0.35000000000000003
LYON (intramuros),MONTPELLIER SUD DE FRANCE,10,0.31666666666666665
LYON (intramuros),MONTPELLIER SUD DE FRANCE,11,0.3333333333333333
LYON (intramuros),MONTPELLIER SUD DE FRANCE,12,0.016666666666666666
LYON (intramuros),MONTPELLIER SUD DE FRANCE,13,0.0
LYON (intramuros),MONTPELLIER SUD DE FRANCE,14,0.0
LYON (intramuros),MONTPELLIER SUD DE FRANCE,15,0.0
LYON (intramuros),MONTPELLIER SUD DE FRANCE,16,0.0
LYON (intramuros),MONTPELLIER SUD DE FRANCE,17,0.0
LYON (intramuros),MONTPELLIER SUD DE FRANCE,18,0.0
LYON (intramuros),MONTPELLIER SUD DE FRANCE,19,0.0
LYON (intramuros),MONTPELLIER SUD DE FRANCE,20,0.0
LYON (intramuros),MONTPELLIER SUD DE FRANCE,21,0.016666666666666666
LYON (intramuros),MONTPELLIER SUD DE FRANCE,22,0.0
LYON (intramuros),MONTPELLIER SUD DE FRANCE,23,0.0
LYON (intramuros),MONTPELLIER SUD DE FRANCE,24,0.0
LYON (intramuros),MONTPELLIER SUD DE FRANCE,25,0.0
LYON (intramuros),MONTPELLIER SUD DE FRANCE,26,0.0
LYON (intramuros),MONTPELLIER SUD DE FRANCE,27,0.0
LYON (intramuros),MONTPELLIER SUD DE FRANCE,28,0.0
LYON (intramuros),MONTPELLIER SUD DE FRANCE,29,0.016666666666666666
LYON (intramuros),MONTPELLIER SUD DE FRANCE,30,0.016666666666666666
LYON (intramuros),NARBONNE,0,0.597008547008547
LYON (intramuros),NARBONNE,1,0.6075498575498576
LYON (intramuros),NARBONNE,2,0.6165242165242165
LYON (intramuros),NARBONNE,3,0.6212250712250713
LYON (intramuros),NARBONNE,4,0.4413105413105413
LYON (intramuros),NARBONNE,5,0.4417378917378918
LYON (intramuros),NARBONNE,6,0.4498575498575499
LYON (intramuros),NARBONNE,7,0.4478632478632478
LYON (intramuros),NARBONNE,8,0.45457142857142857
LYON (intramuros),NARBONNE,9,0.4564102564102564
LYON (intramuros),NARBONNE,10,0.4658119658119658
LYON (intramuros),NARBONNE,11,0.4507122507122507
LYON (intramuros),NARBONNE,12,0.22614285714285715
LYON (intramuros),NARBONNE,13,0.21614285714285716
LYON (intramuros),NARBONNE,14,0.22528571428571426
LYON (intramuros),NARBONNE,15,0.2324285714285714
LYON (intramuros),NARBONNE,16,0.2362857142857143
LYON (intramuros),NARBONNE,17,0.2355300859598854
LYON (intramuros),NARBONNE,18,0.24570200573065903
LYON (intramuros),NARBONNE,19,0.23089080459770114
LYON (intramuros),NARBONNE,20,0.23189655172413795
LYON (intramuros),NARBONNE,21,0.24540229885057474
LYON (intramuros),NARBONNE,22,0.2550287356321839
LYON (intramuros),NARBONNE,23,0.2531700288184438
LYON (intramuros),NARBONNE,24,0.25115606936416185
LYON (intramuros),NARBONNE,25,0.25420289855072464
LYON (intramuros),NARBONNE,26,0.2565406976744186
LYON (intramuros),NARBONNE,27,0.26816860465116277
LYON (intramuros),NARBONNE,28,0.2739067055393586
LYON (intramuros),NARBONNE,29,0.25336257309941523
LYON (intramuros),NARBONNE,30,0.030000000000000002
LYON (intramuros),NICE VILLE,0,0.2968208092485549
LYON (intramuros),NICE VILLE,1,0.3108695652173913
LYON (intramuros),NICE VILLE,2,0.32848837209302323
LYON (intramuros),NICE VILLE,3,0.34609826589595377
LYON (intramuros),NICE VILLE,4,0.23916184971098267
LYON (intramuros),NICE VILLE,5,0.24234104046242774
LYON (intramuros),NICE VILLE,6,0.2723342939481268
LYON (intramuros),NICE VILLE,7,0.27037572254335257
LYON (intramuros),NICE VILLE,8,0.2796242774566474
LYON (intramuros),NICE VILLE,9,0.2986994219653179
LYON (intramuros),NICE VILLE,10,0.32666666666666666
LYON (intramuros),NICE VILLE,11,0.3408695652173913
LYON (intramuros),NICE VILLE,12,0.11409883720930232
LYON (intramuros),NICE VILLE,13,0.11020408163265305
LYON (intramuros),NICE VILLE,14,0.09723032069970845
LYON (intramuros),NICE VILLE,15,0.11005830903790087
LYON (intramuros),NICE VILLE,16,0.12317784256559766
LYON (intramuros),NICE VILLE,17,0.13362573099415206
LYON (intramuros),NICE VILLE,18,0.13988269794721409
LYON (intramuros),NICE VILLE,19,0.14808823529411766
LYON (intramuros),NICE VILLE,20,0.14985250737463127
LYON (intramuros),NICE VILLE,21,0.14985207100591716
LYON (intramuros),NICE VILLE,22,0.15828402366863906
LYON (intramuros),NICE VILLE,23,0.16494082840236687
LYON (intramuros),NICE VILLE,24,0.16041666666666665
LYON (intramuros),NICE VILLE,25,0.16283582089552237
LYON (intramuros),NICE VILLE,26,0.17020958083832335
LYON (intramuros),NICE VILLE,27,0.17372372372372372
LYON (intramuros),NICE VILLE,28,0.16686746987951806
LYON (intramuros),NICE VILLE,29,0.16722054380664653
LYON (intramuros),NICE VILLE,30,0.020579268292682928
LYON (intramuros),NIMES CENTRE,0,0.6451841359773371
LYON (intramuros),NIMES CENTRE,1,0.6565155807365439
LYON (intramuros),NIMES CENTRE,2,0.6694050991501417
LYON (intramuros),NIMES CENTRE,3,0.6865439093484419
LYON (intramuros),NIMES CENTRE,4,0.5219546742209632
LYON (intramuros),NIMES CENTRE,5,0.5230878186968839
LYON (intramuros),NIMES CENTRE,6,0.5322946175637394
LYON (intramuros),NIMES CENTRE,7,0.5256373937677055
LYON (intramuros),NIMES CENTRE,8,0.5267705382436261
LYON (intramuros),NIMES CENTRE,9,0.5311614730878187
LYON (intramuros),NIMES CENTRE,10,0.5368271954674221
LYON (intramuros),NIMES CENTRE,11,0.5279036827195467
LYON (intramuros),NIMES CENTRE,12,0.3339488636363636
LYON (intramuros),NIMES CENTRE,13,0.3254261363636364
LYON (intramuros),NIMES CENTRE,14,0.3294034090909091
LYON (intramuros),NIMES CENTRE,15,0.3397727272727273
LYON (intramuros),NIMES CENTRE,16,0.3450284090909091
LYON (intramuros),NIMES CENTRE,17,0.34216524216524213
LYON (intramuros),NIMES CENTRE,18,0.34928774928774925
LYON (intramuros),NIMES CENTRE,19,0.33885714285714286
LYON (intramuros),NIMES CENTRE,20,0.33971428571428575
LYON (intramuros),NIMES CENTRE,21,0.35200000000000004
LYON (intramuros),NIMES CENTRE,22,0.36157142857142854
LYON (intramuros),NIMES CENTRE,23,0.3606017191977077
LYON (intramuros),NIMES CENTRE,24,0.3558908045977011
LYON (intramuros),NIMES CENTRE,25,0.3586455331412104
LYON (intramuros),NIMES CENTRE,26,0.36184971098265895
LYON (intramuros),NIMES CENTRE,27,0.3686416184971098
LYON (intramuros),NIMES CENTRE,28,0.37028985507246376
LYON (intramuros),NIMES CENTRE,29,0.3431686046511628
LYON (intramuros),NIMES CENTRE,30,0.04078947368421053
LYON (intramuros),NIMES PONT DU GARD,0,0.3666666666666667
LYON (intramuros),NIMES PONT DU GARD,1,0.4833333333333334
LYON (intramuros),NIMES PONT DU GARD,2,0.43333333333333335
LYON (intramuros),NIMES PONT DU GARD,3,0.35000000000000003
LYON (intramuros),NIMES PONT DU GARD,4,0.3333333333333333
LYON (intramuros),NIMES PONT DU GARD,5,0.35000000000000003
LYON (intramuros),NIMES PONT DU GARD,6,0.3333333333333333
LYON (intramuros),NIMES PONT DU GARD,7,0.3333333333333333
LYON (intramuros),NIMES PONT DU GARD,8,0.3333333333333333
LYON (intramuros),NIMES PONT DU GARD,9,0.3333333333333333
LYON (intramuros),NIMES PONT DU GARD,10,0.31666666666666665
LYON (intramuros),NIMES PONT DU GARD,11,0.3333333333333333
LYON (intramuros),NIMES PONT DU GARD,12,0.016666666666666666
LYON (intramuros),NIMES PONT DU GARD,13,0.0
LYON (intramuros),NIMES PONT DU GARD,14,0.0
LYON (intramuros),NIMES PONT DU GARD,15,0.0
LYON (intramuros),NIMES PONT DU GARD,16,0.0
LYON (intramuros),NIMES PONT DU GARD,17,0.0
LYON (intramuros),NIMES PONT DU GARD,18,0.0
LYON (intramuros),NIMES PONT DU GARD,19,0.0
LYON (intramuros),NIMES PONT DU GARD,20,0.016666666666666666
LYON (intramuros),NIMES PONT DU GARD,21,0.0
LYON (intramuros),NIMES PONT DU GARD,22,0.0
LYON (intramuros),NIMES PONT DU GARD,23,0.0
LYON (intramuros),NIMES PONT DU GARD,24,0.0
LYON (intramuros),NIMES PONT DU GARD,25,0.0
LYON (intramuros),NIMES PONT DU GARD,26,0.0
LYON (intramuros),NIMES PONT DU GARD,27,0.0
LYON (intramuros),NIMES PONT DU GARD,28,0.0
LYON (intramuros),NIMES PONT DU GARD,29,0.0
LYON (intramuros),NIMES PONT DU GARD,30,0.0
LYON (intramuros),SETE,0,0.25578124999999996
LYON (intramuros),SETE,1,0.2525
LYON (intramuros),SETE,2,0.2303125
LYON (intramuros),SETE,3,0.22694704049844236
LYON (intramuros),SETE,4,0.06765625
LYON (intramuros),SETE,5,0.05890625000000001
LYON (intramuros),SETE,6,0.0578125
LYON (intramuros),SETE,7,0.0640625
LYON (intramuros),SETE,8,0.05953125
LYON (intramuros),SETE,9,0.04453125
LYON (intramuros),SETE,10,0.05389408099688474
LYON (intramuros),SETE,11,0.04984375
LYON (intramuros),SETE,12,0.01567398119122257
LYON (intramuros),SETE,13,0.008307210031347961
LYON (intramuros),SETE,14,0.003930817610062893
LYON (intramuros),SETE,15,0.0037735849056603774
LYON (intramuros),SETE,16,0.006269592476489028
LYON (intramuros),SETE,17,0.006112852664576803
LYON (intramuros),SETE,18,0.002365930599369085
LYON (intramuros),SETE,19,0.004588607594936709
LYON (intramuros),SETE,20,0.0033333333333333335
LYON (intramuros),SETE,21,0.006687898089171975
LYON (intramuros),SETE,22,0.0011182108626198082
LYON (intramuros),SETE,23,0.0008012820512820513
LYON (intramuros),SETE,24,0.0019230769230769234
LYON (intramuros),SETE,25,0.0012903225806451613
LYON (intramuros),SETE,26,0.001132686084142395
LYON (intramuros),SETE,27,0.0012987012987012987
LYON (intramuros),SETE,28,0.0016286644951140066
LYON (intramuros),SETE,29,0.002124183006535948
LYON (intramuros),SETE,30,0.00016339869281045753
LYON (intramuros),ST RAPHAEL VALESCURE,0,0.28627167630057804
LYON (intramuros),ST RAPHAEL VALESCURE,1,0.30695652173913046
LYON (intramuros),ST RAPHAEL VALESCURE,2,0.3302325581395349
LYON (intramuros),ST RAPHAEL VALESCURE,3,0.34494219653179187
LYON (intramuros),ST RAPHAEL VALESCURE,4,0.2300578034682081
LYON (intramuros),ST RAPHAEL VALESCURE,5,0.2359826589595376
LYON (intramuros),ST RAPHAEL VALESCURE,6,0.27276657060518733
LYON (intramuros),ST RAPHAEL VALESCURE,7,0.26127167630057807
LYON (intramuros),ST RAPHAEL VALESCURE,8,0.27890173410404623
LYON (intramuros),ST RAPHAEL VALESCURE,9,0.29624277456647397
LYON (intramuros),ST RAPHAEL VALESCURE,10,0.32
LYON (intramuros),ST RAPHAEL VALESCURE,11,0.3363768115942029
LYON (intramuros),ST RAPHAEL VALESCURE,12,0.11017441860465116
LYON (intramuros),ST RAPHAEL VALESCURE,13,0.10758017492711369
LYON (intramuros),ST RAPHAEL VALESCURE,14,0.09591836734693877
LYON (intramuros),ST RAPHAEL VALESCURE,15,0.10758017492711369
LYON (intramuros),ST RAPHAEL VALESCURE,16,0.1217201166180758
LYON (intramuros),ST RAPHAEL VALESCURE,17,0.13157894736842105
LYON (intramuros),ST RAPHAEL VALESCURE,18,0.14266862170087977
LYON (intramuros),ST RAPHAEL VALESCURE,19,0.14676470588235294
LYON (intramuros),ST RAPHAEL VALESCURE,20,0.14941002949852508
LYON (intramuros),ST RAPHAEL VALESCURE,21,0.14866863905325445
LYON (intramuros),ST RAPHAEL VALESCURE,22,0.15739644970414202
LYON (intramuros),ST RAPHAEL VALESCURE,23,0.16346153846153846
LYON (intramuros),ST RAPHAEL VALESCURE,24,0.1619047619047619
LYON (intramuros),ST RAPHAEL VALESCURE,25,0.16283582089552237
LYON (intramuros),ST RAPHAEL VALESCURE,26,0.1688622754491018
LYON (intramuros),ST RAPHAEL VALESCURE,27,0.16921921921921923
LYON (intramuros),ST RAPHAEL VALESCURE,28,0.16430722891566263
LYON (intramuros),ST RAPHAEL VALESCURE,29,0.16102719033232626
LYON (intramuros),ST RAPHAEL VALESCURE,30,0.02774390243902439
LYON (intramuros),TOULON,0,0.5492795389048991
LYON (intramuros),TOULON,1,0.5697406340057637
LYON (intramuros),TOULON,2,0.5776811594202899
LYON (intramuros),TOULON,3,0.5978386167146974
LYON (intramuros),TOULON,4,0.45259365994236317
LYON (intramuros),TOULON,5,0.4430835734870317
LYON (intramuros),TOULON,6,0.47636887608069167
LYON (intramuros),TOULON,7,0.48400576368876075
LYON (intramuros),TOULON,8,0.4969740634005763
LYON (intramuros),TOULON,9,0.5100864553314121
LYON (intramuros),TOULON,10,0.5109826589595377
LYON (intramuros),TOULON,11,0.5255780346820809
LYON (intramuros),TOULON,12,0.2044927536231884
LYON (intramuros),TOULON,13,0.20595930232558138
LYON (intramuros),TOULON,14,0.19825581395348837
LYON (intramuros),TOULON,15,0.2126453488372093
LYON (intramuros),TOULON,16,0.23546511627906977
LYON (intramuros),TOULON,17,0.2436046511627907
LYON (intramuros),TOULON,18,0.25626822157434404
LYON (intramuros),TOULON,19,0.26476608187134504
LYON (intramuros),TOULON,20,0.27243401759530794
LYON (intramuros),TOULON,21,0.2767647058823529
LYON (intramuros),TOULON,22,0.2807352941176471
LYON (intramuros),TOULON,23,0.2875
LYON (intramuros),TOULON,24,0.2800295857988166
LYON (intramuros),TOULON,25,0.28100890207715135
LYON (intramuros),TOULON,26,0.2883928571428572
LYON (intramuros),TOULON,27,0.2929850746268657
LYON (intramuros),TOULON,28,0.2841317365269461
LYON (intramuros),TOULON,29,0.26636636636636635
LYON (intramuros),TOULON,30,0.03444108761329305
LYON (intramuros),TOULOUSE MATABIAU,0,0.5680911680911681
LYON (intramuros),TOULOUSE MATABIAU,1,0.5823361823361823
LYON (intramuros),TOULOUSE MATABIAU,2,0.5955840455840457
LYON (intramuros),TOULOUSE MATABIAU,3,0.6062678062678063
LYON (intramuros),TOULOUSE MATABIAU,4,0.4292022792022792
LYON (intramuros),TOULOUSE MATABIAU,5,0.43789173789173785
LYON (intramuros),TOULOUSE MATABIAU,6,0.45242165242165244
LYON (intramuros),TOULOUSE MATABIAU,7,0.42934472934472934
LYON (intramuros),TOULOUSE MATABIAU,8,0.43514285714285716
LYON (intramuros),TOULOUSE MATABIAU,9,0.443019943019943
LYON (intramuros),TOULOUSE MATABIAU,10,0.4544159544159544
LYON (intramuros),TOULOUSE MATABIAU,11,0.44245014245014247
LYON (intramuros),TOULOUSE MATABIAU,12,0.22314285714285712
LYON (intramuros),TOULOUSE MATABIAU,13,0.21571428571428572
LYON (intramuros),TOULOUSE MATABIAU,14,0.22742857142857142
LYON (intramuros),TOULOUSE MATABIAU,15,0.23542857142857143
LYON (intramuros),TOULOUSE MATABIAU,16,0.23585714285714285
LYON (intramuros),TOULOUSE MATABIAU,17,0.2361031518624642
LYON (intramuros),TOULOUSE MATABIAU,18,0.2445558739255014
LYON (intramuros),TOULOUSE MATABIAU,19,0.23160919540229882
LYON (intramuros),TOULOUSE MATABIAU,20,0.23175287356321841
LYON (intramuros),TOULOUSE MATABIAU,21,0.24655172413793103
LYON (intramuros),TOULOUSE MATABIAU,22,0.2540229885057471
LYON (intramuros),TOULOUSE MATABIAU,23,0.25288184438040345
LYON (intramuros),TOULOUSE MATABIAU,24,0.25115606936416185
LYON (intramuros),TOULOUSE MATABIAU,25,0.2518840579710145
LYON (intramuros),TOULOUSE MATABIAU,26,0.25450581395348837
LYON (intramuros),TOULOUSE MATABIAU,27,0.26744186046511625
LYON (intramuros),TOULOUSE MATABIAU,28,0.2708454810495627
LYON (intramuros),TOULOUSE MATABIAU,29,0.2523391812865497
LYON (intramuros),TOULOUSE MATABIAU,30,0.028529411764705886
LYON (intramuros),VALENCE TGV AUVERGNE RHONE ALPES,0,0.9752136752136752
LYON (intramuros),VALENCE TGV AUVERGNE RHONE ALPES,1,0.9652421652421653
LYON (intramuros),VALENCE TGV AUVERGNE RHONE ALPES,2,0.9598290598290597
LYON (intramuros),VALENCE TGV AUVERGNE RHONE ALPES,3,0.9692307692307692
LYON (intramuros),VALENCE TGV AUVERGNE RHONE ALPES,4,0.8987179487179486
LYON (intramuros),VALENCE TGV AUVERGNE RHONE ALPES,5,0.8951566951566952
LYON (intramuros),VALENCE TGV AUVERGNE RHONE ALPES,6,0.8958689458689458
LYON (intramuros),VALENCE TGV AUVERGNE RHONE ALPES,7,0.8874643874643875
LYON (intramuros),VALENCE TGV AUVERGNE RHONE ALPES,8,0.8817663817663818
LYON (intramuros),VALENCE TGV AUVERGNE RHONE ALPES,9,0.8787749287749287
LYON (intramuros),VALENCE TGV AUVERGNE RHONE ALPES,10,0.8813390313390314
LYON (intramuros),VALENCE TGV AUVERGNE RHONE ALPES,11,0.8774928774928775
LYON (intramuros),VALENCE TGV AUVERGNE RHONE ALPES,12,0.7442857142857143
LYON (intramuros),VALENCE TGV AUVERGNE RHONE ALPES,13,0.7508571428571429
LYON (intramuros),VALENCE TGV AUVERGNE RHONE ALPES,14,0.7425714285714285
LYON (intramuros),VALENCE TGV AUVERGNE RHONE ALPES,15,0.7575714285714285
LYON (intramuros),VALENCE TGV AUVERGNE RHONE ALPES,16,0.7664285714285715
LYON (intramuros),VALENCE TGV AUVERGNE RHONE ALPES,17,0.7674285714285715
LYON (intramuros),VALENCE TGV AUVERGNE RHONE ALPES,18,0.7727142857142857
LYON (intramuros),VALENCE TGV AUVERGNE RHONE ALPES,19,0.7906876790830946
LYON (intramuros),VALENCE TGV AUVERGNE RHONE ALPES,20,0.7935530085959885
LYON (intramuros),VALENCE TGV AUVERGNE RHONE ALPES,21,0.7964183381088825
LYON (intramuros),VALENCE TGV AUVERGNE RHONE ALPES,22,0.7882521489971347
LYON (intramuros),VALENCE TGV AUVERGNE RHONE ALPES,23,0.7858166189111748
LYON (intramuros),VALENCE TGV AUVERGNE RHONE ALPES,24,0.7865329512893983
LYON (intramuros),VALENCE TGV AUVERGNE RHONE ALPES,25,0.7892550143266476
LYON (intramuros),VALENCE TGV AUVERGNE RHONE ALPES,26,0.8002873563218391
LYON (intramuros),VALENCE TGV AUVERGNE RHONE ALPES,27,0.8041666666666667
LYON (intramuros),VALENCE TGV AUVERGNE RHONE ALPES,28,0.8048850574712645
LYON (intramuros),VALENCE TGV AUVERGNE RHONE ALPES,29,0.7614942528735632
LYON (intramuros),VALENCE TGV AUVERGNE RHONE ALPES,30,0.05086705202312139
LYON (intramuros),VALENCE VILLE,0,0.0125
LYON (intramuros),VALENCE VILLE,1,0.0
LYON (intramuros),VALENCE VILLE,2,0.0
LYON (intramuros),VALENCE VILLE,3,0.0
LYON (intramuros),VALENCE VILLE,4,0.0
LYON (intramuros),VALENCE VILLE,5,0.0
LYON (intramuros),VALENCE VILLE,6,0.0
LYON (intramuros),VALENCE VILLE,7,0.0
LYON (intramuros),VALENCE VILLE,8,0.0
LYON (intramuros),VALENCE VILLE,9,0.0
LYON (intramuros),VALENCE VILLE,10,0.0
LYON (intramuros),VALENCE VILLE,11,0.0125
LYON (intramuros),VALENCE VILLE,12,0.0
LYON (intramuros),VALENCE VILLE,13,0.0
LYON (intramuros),VALENCE VILLE,14,0.0
LYON (intramuros),VALENCE VILLE,15,0.0
LYON (intramuros),VALENCE VILLE,16,0.0
LYON (intramuros),VALENCE VILLE,17,0.0
LYON (intramuros),VALENCE VILLE,18,0.0
LYON (intramuros),VALENCE VILLE,19,0.0
LYON (intramuros),VALENCE VILLE,20,0.0
LYON (intramuros),VALENCE VILLE,21,0.0
LYON (intramuros),VALENCE VILLE,22,0.0
LYON (intramuros),VALENCE VILLE,23,0.0
LYON (intramuros),VALENCE VILLE,24,0.0
LYON (intramuros),VALENCE VILLE,25,0.0
LYON (intramuros),VALENCE VILLE,26,0.0
LYON (intramuros),VALENCE VILLE,27,0.0
LYON (intramuros),VALENCE VILLE,28,0.0
LYON (intramuros),VALENCE VILLE,29,0.0
LYON (intramuros),VALENCE VILLE,30,0.0
MARSEILLE BLANCARDE,ANTIBES,0,0.16666666666666666
MARSEILLE BLANCARDE,ANTIBES,1,0.16666666666666666
MARSEILLE BLANCARDE,ANTIBES,2,0.18333333333333335
MARSEILLE BLANCARDE,ANTIBES,3,0.16666666666666666
MARSEILLE BLANCARDE,ANTIBES,4,0.16666666666666666
MARSEILLE BLANCARDE,ANTIBES,5,0.16666666666666666
MARSEILLE BLANCARDE,ANTIBES,6,0.16666666666666666
MARSEILLE BLANCARDE,ANTIBES,7,0.16666666666666666
MARSEILLE BLANCARDE,ANTIBES,8,0.18333333333333335
MARSEILLE BLANCARDE,ANTIBES,9,0.17500000000000002
MARSEILLE BLANCARDE,ANTIBES,10,0.19166666666666668
MARSEILLE BLANCARDE,ANTIBES,11,0.3
MARSEILLE BLANCARDE,ANTIBES,12,0.16666666666666666
MARSEILLE BLANCARDE,ANTIBES,13,0.16666666666666666
MARSEILLE BLANCARDE,ANTIBES,14,0.19166666666666665
MARSEILLE BLANCARDE,ANTIBES,15,0.27499999999999997
MARSEILLE BLANCARDE,ANTIBES,16,0.31666666666666665
MARSEILLE BLANCARDE,ANTIBES,17,0.31666666666666665
MARSEILLE BLANCARDE,ANTIBES,18,0.4666666666666666
MARSEILLE BLANCARDE,ANTIBES,19,0.5
MARSEILLE BLANCARDE,ANTIBES,20,0.5
MARSEILLE BLANCARDE,ANTIBES,21,0.5
MARSEILLE BLANCARDE,ANTIBES,22,0.5
MARSEILLE BLANCARDE,ANTIBES,23,0.5
MARSEILLE BLANCARDE,ANTIBES,24,0.5
MARSEILLE BLANCARDE,ANTIBES,25,0.5
MARSEILLE BLANCARDE,ANTIBES,26,0.5
MARSEILLE BLANCARDE,ANTIBES,27,0.5
MARSEILLE BLANCARDE,ANTIBES,28,0.5
MARSEILLE BLANCARDE,ANTIBES,29,0.4666666666666666
MARSEILLE BLANCARDE,ANTIBES,30,0.11666666666666665
MARSEILLE BLANCARDE,CANNES,0,0.15833333333333333
MARSEILLE BLANCARDE,CANNES,1,0.17500000000000002
MARSEILLE BLANCARDE,CANNES,2,0.17500000000000002
MARSEILLE BLANCARDE,CANNES,3,0.16666666666666666
MARSEILLE BLANCARDE,CANNES,4,0.16666666666666666
MARSEILLE BLANCARDE,CANNES,5,0.16666666666666666
MARSEILLE BLANCARDE,CANNES,6,0.16666666666666666
MARSEILLE BLANCARDE,CANNES,7,0.16666666666666666
MARSEILLE BLANCARDE,CANNES,8,0.16666666666666666
MARSEILLE BLANCARDE,CANNES,9,0.17500000000000002
MARSEILLE BLANCARDE,CANNES,10,0.19166666666666668
MARSEILLE BLANCARDE,CANNES,11,0.3
MARSEILLE BLANCARDE,CANNES,12,0.16666666666666666
MARSEILLE BLANCARDE,CANNES,13,0.16666666666666666
MARSEILLE BLANCARDE,CANNES,14,0.17500000000000002
MARSEILLE BLANCARDE,CANNES,15,0.30833333333333335
MARSEILLE BLANCARDE,CANNES,16,0.35000000000000003
MARSEILLE BLANCARDE,CANNES,17,0.3333333333333333
MARSEILLE BLANCARDE,CANNES,18,0.4666666666666666
MARSEILLE BLANCARDE,CANNES,19,0.5
MARSEILLE BLANCARDE,CANNES,20,0.5
MARSEILLE BLANCARDE,CANNES,21,0.5083333333333333
MARSEILLE BLANCARDE,CANNES,22,0.5
MARSEILLE BLANCARDE,CANNES,23,0.5
MARSEILLE BLANCARDE,CANNES,24,0.5
MARSEILLE BLANCARDE,CANNES,25,0.5
MARSEILLE BLANCARDE,CANNES,26,0.5
MARSEILLE BLANCARDE,CANNES,27,0.5
MARSEILLE BLANCARDE,CANNES,28,0.5
MARSEILLE BLANCARDE,CANNES,29,0.4666666666666666
MARSEILLE BLANCARDE,CANNES,30,0.075
MARSEILLE BLANCARDE,NICE VILLE,0,0.16666666666666666
MARSEILLE BLANCARDE,NICE VILLE,1,0.16666666666666666
MARSEILLE BLANCARDE,NICE VILLE,2,0.17500000000000002
MARSEILLE BLANCARDE,NICE VILLE,3,0.16666666666666666
MARSEILLE BLANCARDE,NICE VILLE,4,0.16666666666666666
MARSEILLE BLANCARDE,NICE VILLE,5,0.16666666666666666
MARSEILLE BLANCARDE,NICE VILLE,6,0.16666666666666666
MARSEILLE BLANCARDE,NICE VILLE,7,0.16666666666666666
MARSEILLE BLANCARDE,NICE VILLE,8,0.16666666666666666
MARSEILLE BLANCARDE,NICE VILLE,9,0.16666666666666666
MARSEILLE BLANCARDE,NICE VILLE,10,0.19999999999999998
MARSEILLE BLANCARDE,NICE VILLE,11,0.2833333333333333
MARSEILLE BLANCARDE,NICE VILLE,12,0.19166666666666668
MARSEILLE BLANCARDE,NICE VILLE,13,0.19166666666666665
MARSEILLE BLANCARDE,NICE VILLE,14,0.20833333333333334
MARSEILLE BLANCARDE,NICE VILLE,15,0.2916666666666667
MARSEILLE BLANCARDE,NICE VILLE,16,0.375
MARSEILLE BLANCARDE,NICE VILLE,17,0.375
MARSEILLE BLANCARDE,NICE VILLE,18,0.45
MARSEILLE BLANCARDE,NICE VILLE,19,0.5
MARSEILLE BLANCARDE,NICE VILLE,20,0.5
MARSEILLE BLANCARDE,NICE VILLE,21,0.5083333333333333
MARSEILLE BLANCARDE,NICE VILLE,22,0.5
MARSEILLE BLANCARDE,NICE VILLE,23,0.5
MARSEILLE BLANCARDE,NICE VILLE,24,0.5
MARSEILLE BLANCARDE,NICE VILLE,25,0.5
MARSEILLE BLANCARDE,NICE VILLE,26,0.5083333333333333
MARSEILLE BLANCARDE,NICE VILLE,27,0.5
MARSEILLE BLANCARDE,NICE VILLE,28,0.5
MARSEILLE BLANCARDE,NICE VILLE,29,0.4583333333333333
MARSEILLE BLANCARDE,NICE VILLE,30,0.05833333333333334
MARSEILLE BLANCARDE,ST RAPHAEL VALESCURE,0,0.16666666666666666
MARSEILLE BLANCARDE,ST RAPHAEL VALESCURE,1,0.16666666666666666
MARSEILLE BLANCARDE,ST RAPHAEL VALESCURE,2,0.17500000000000002
MARSEILLE BLANCARDE,ST RAPHAEL VALESCURE,3,0.16666666666666666
MARSEILLE BLANCARDE,ST RAPHAEL VALESCURE,4,0.16666666666666666
MARSEILLE BLANCARDE,ST RAPHAEL VALESCURE,5,0.16666666666666666
MARSEILLE BLANCARDE,ST RAPHAEL VALESCURE,6,0.16666666666666666
MARSEILLE BLANCARDE,ST RAPHAEL VALESCURE,7,0.16666666666666666
MARSEILLE BLANCARDE,ST RAPHAEL VALESCURE,8,0.16666666666666666
MARSEILLE BLANCARDE,ST RAPHAEL VALESCURE,9,0.18333333333333335
MARSEILLE BLANCARDE,ST RAPHAEL VALESCURE,10,0.17500000000000002
MARSEILLE BLANCARDE,ST RAPHAEL VALESCURE,11,0.3333333333333333
MARSEILLE BLANCARDE,ST RAPHAEL VALESCURE,12,0.18333333333333335
MARSEILLE BLANCARDE,ST RAPHAEL VALESCURE,13,0.17500000000000002
MARSEILLE BLANCARDE,ST RAPHAEL VALESCURE,14,0.19166666666666668
MARSEILLE BLANCARDE,ST RAPHAEL VALESCURE,15,0.2916666666666667
MARSEILLE BLANCARDE,ST RAPHAEL VALESCURE,16,0.3416666666666666
MARSEILLE BLANCARDE,ST RAPHAEL VALESCURE,17,0.35000000000000003
MARSEILLE BLANCARDE,ST RAPHAEL VALESCURE,18,0.4666666666666666
MARSEILLE BLANCARDE,ST RAPHAEL VALESCURE,19,0.5
MARSEILLE BLANCARDE,ST RAPHAEL VALESCURE,20,0.5
MARSEILLE BLANCARDE,ST RAPHAEL VALESCURE,21,0.5
MARSEILLE BLANCARDE,ST RAPHAEL VALESCURE,22,0.5
MARSEILLE BLANCARDE,ST RAPHAEL VALESCURE,23,0.5
MARSEILLE BLANCARDE,ST RAPHAEL VALESCURE,24,0.5
MARSEILLE BLANCARDE,ST RAPHAEL VALESCURE,25,0.5
MARSEILLE BLANCARDE,ST RAPHAEL VALESCURE,26,0.5
MARSEILLE BLANCARDE,ST RAPHAEL VALESCURE,27,0.5
MARSEILLE BLANCARDE,ST RAPHAEL VALESCURE,28,0.4916666666666667
MARSEILLE BLANCARDE,ST RAPHAEL VALESCURE,29,0.425
MARSEILLE BLANCARDE,ST RAPHAEL VALESCURE,30,0.11666666666666665
MARSEILLE BLANCARDE,TOULON,0,0.21666666666666667
MARSEILLE BLANCARDE,TOULON,1,0.30833333333333335
MARSEILLE BLANCARDE,TOULON,2,0.3416666666666666
MARSEILLE BLANCARDE,TOULON,3,0.3416666666666666
MARSEILLE BLANCARDE,TOULON,4,0.18333333333333335
MARSEILLE BLANCARDE,TOULON,5,0.16666666666666666
MARSEILLE BLANCARDE,TOULON,6,0.16666666666666666
MARSEILLE BLANCARDE,TOULON,7,0.19166666666666665
MARSEILLE BLANCARDE,TOULON,8,0.30833333333333335
MARSEILLE BLANCARDE,TOULON,9,0.325
MARSEILLE BLANCARDE,TOULON,10,0.19999999999999998
MARSEILLE BLANCARDE,TOULON,11,0.2916666666666667
MARSEILLE BLANCARDE,TOULON,12,0.325
MARSEILLE BLANCARDE,TOULON,13,0.325
MARSEILLE BLANCARDE,TOULON,14,0.3666666666666667
MARSEILLE BLANCARDE,TOULON,15,0.47500000000000003
MARSEILLE BLANCARDE,TOULON,16,0.4916666666666667
MARSEILLE BLANCARDE,TOULON,17,0.4916666666666667
MARSEILLE BLANCARDE,TOULON,18,0.5
MARSEILLE BLANCARDE,TOULON,19,0.5
MARSEILLE BLANCARDE,TOULON,20,0.5166666666666667
MARSEILLE BLANCARDE,TOULON,21,0.6166666666666667
MARSEILLE BLANCARDE,TOULON,22,0.6583333333333333
MARSEILLE BLANCARDE,TOULON,23,0.6666666666666666
MARSEILLE BLANCARDE,TOULON,24,0.6666666666666666
MARSEILLE BLANCARDE,TOULON,25,0.6666666666666666
MARSEILLE BLANCARDE,TOULON,26,0.6666666666666666
MARSEILLE BLANCARDE,TOULON,27,0.6666666666666666
MARSEILLE BLANCARDE,TOULON,28,0.6666666666666666
MARSEILLE BLANCARDE,TOULON,29,0.7333333333333334
MARSEILLE BLANCARDE,TOULON,30,0.10000000000000002
MARSEILLE ST CHARLES,ANTIBES,0,0.4270588235294117
MARSEILLE ST CHARLES,ANTIBES,1,0.45309734513274336
MARSEILLE ST CHARLES,ANTIBES,2,0.464792899408284
MARSEILLE ST CHARLES,ANTIBES,3,0.4655882352941177
MARSEILLE ST CHARLES,ANTIBES,4,0.32588235294117646
MARSEILLE ST CHARLES,ANTIBES,5,0.33044117647058824
MARSEILLE ST CHARLES,ANTIBES,6,0.35161290322580646
MARSEILLE ST CHARLES,ANTIBES,7,0.3483823529411765
MARSEILLE ST CHARLES,ANTIBES,8,0.3482352941176471
MARSEILLE ST CHARLES,ANTIBES,9,0.3677941176470588
MARSEILLE ST CHARLES,ANTIBES,10,0.3817109144542773
MARSEILLE ST CHARLES,ANTIBES,11,0.3887905604719764
MARSEILLE ST CHARLES,ANTIBES,12,0.23002958579881658
MARSEILLE ST CHARLES,ANTIBES,13,0.22700296735905046
MARSEILLE ST CHARLES,ANTIBES,14,0.22566765578635015
MARSEILLE ST CHARLES,ANTIBES,15,0.23976261127596438
MARSEILLE ST CHARLES,ANTIBES,16,0.25014836795252227
MARSEILLE ST CHARLES,ANTIBES,17,0.2525297619047619
MARSEILLE ST CHARLES,ANTIBES,18,0.26343283582089555
MARSEILLE ST CHARLES,ANTIBES,19,0.27949101796407183
MARSEILLE ST CHARLES,ANTIBES,20,0.2693693693693694
MARSEILLE ST CHARLES,ANTIBES,21,0.26822289156626505
MARSEILLE ST CHARLES,ANTIBES,22,0.2743975903614458
MARSEILLE ST CHARLES,ANTIBES,23,0.2756024096385542
MARSEILLE ST CHARLES,ANTIBES,24,0.26666666666666666
MARSEILLE ST CHARLES,ANTIBES,25,0.2737082066869301
MARSEILLE ST CHARLES,ANTIBES,26,0.2788109756097561
MARSEILLE ST CHARLES,ANTIBES,27,0.27370030581039756
MARSEILLE ST CHARLES,ANTIBES,28,0.2625766871165644
MARSEILLE ST CHARLES,ANTIBES,29,0.24569230769230768
MARSEILLE ST CHARLES,ANTIBES,30,0.03633540372670808
MARSEILLE ST CHARLES,CANNES,0,0.4207352941176471
MARSEILLE ST CHARLES,CANNES,1,0.4575221238938053
MARSEILLE ST CHARLES,CANNES,2,0.4618343195266272
MARSEILLE ST CHARLES,CANNES,3,0.46882352941176475
MARSEILLE ST CHARLES,CANNES,4,0.3267647058823529
MARSEILLE ST CHARLES,CANNES,5,0.3305882352941177
MARSEILLE ST CHARLES,CANNES,6,0.3564516129032258
MARSEILLE ST CHARLES,CANNES,7,0.35073529411764703
MARSEILLE ST CHARLES,CANNES,8,0.35044117647058826
MARSEILLE ST CHARLES,CANNES,9,0.36720588235294116
MARSEILLE ST CHARLES,CANNES,10,0.38244837758112094
MARSEILLE ST CHARLES,CANNES,11,0.3868731563421829
MARSEILLE ST CHARLES,CANNES,12,0.2279585798816568
MARSEILLE ST CHARLES,CANNES,13,0.22655786350148366
MARSEILLE ST CHARLES,CANNES,14,0.22314540059347182
MARSEILLE ST CHARLES,CANNES,15,0.24213649851632046
MARSEILLE ST CHARLES,CANNES,16,0.25118694362017807
MARSEILLE ST CHARLES,CANNES,17,0.2538690476190476
MARSEILLE ST CHARLES,CANNES,18,0.26865671641791045
MARSEILLE ST CHARLES,CANNES,19,0.2776946107784431
MARSEILLE ST CHARLES,CANNES,20,0.27207207207207207
MARSEILLE ST CHARLES,CANNES,21,0.2707831325301205
MARSEILLE ST CHARLES,CANNES,22,0.2740963855421687
MARSEILLE ST CHARLES,CANNES,23,0.27876506024096387
MARSEILLE ST CHARLES,CANNES,24,0.2662121212121212
MARSEILLE ST CHARLES,CANNES,25,0.27279635258358664
MARSEILLE ST CHARLES,CANNES,26,0.2804878048780488
MARSEILLE ST CHARLES,CANNES,27,0.27186544342507646
MARSEILLE ST CHARLES,CANNES,28,0.2665644171779141
MARSEILLE ST CHARLES,CANNES,29,0.25169230769230766
MARSEILLE ST CHARLES,CANNES,30,0.031055900621118012
MARSEILLE ST CHARLES,NICE VILLE,0,0.4292647058823529
MARSEILLE ST CHARLES,NICE VILLE,1,0.4579646017699115
MARSEILLE ST CHARLES,NICE VILLE,2,0.4649408284023669
MARSEILLE ST CHARLES,NICE VILLE,3,0.4704411764705882
MARSEILLE ST CHARLES,NICE VILLE,4,0.3297058823529412
MARSEILLE ST CHARLES,NICE VILLE,5,0.3325
MARSEILLE ST CHARLES,NICE VILLE,6,0.3557184750733138
MARSEILLE ST CHARLES,NICE VILLE,7,0.3569117647058823
MARSEILLE ST CHARLES,NICE VILLE,8,0.3551470588235294
MARSEILLE ST CHARLES,NICE VILLE,9,0.3710294117647059
MARSEILLE ST CHARLES,NICE VILLE,10,0.38303834808259585
MARSEILLE ST CHARLES,NICE VILLE,11,0.38569321533923306
MARSEILLE ST CHARLES,NICE VILLE,12,0.22781065088757396
MARSEILLE ST CHARLES,NICE VILLE,13,0.2247774480712166
MARSEILLE ST CHARLES,NICE VILLE,14,0.2241839762611276
MARSEILLE ST CHARLES,NICE VILLE,15,0.2410979228486647
MARSEILLE ST CHARLES,NICE VILLE,16,0.24985163204747776
MARSEILLE ST CHARLES,NICE VILLE,17,0.25535714285714284
MARSEILLE ST CHARLES,NICE VILLE,18,0.2656716417910448
MARSEILLE ST CHARLES,NICE VILLE,19,0.28098802395209577
MARSEILLE ST CHARLES,NICE VILLE,20,0.2714714714714715
MARSEILLE ST CHARLES,NICE VILLE,21,0.2697289156626506
MARSEILLE ST CHARLES,NICE VILLE,22,0.2760542168674699
MARSEILLE ST CHARLES,NICE VILLE,23,0.27710843373493976
MARSEILLE ST CHARLES,NICE VILLE,24,0.2662121212121212
MARSEILLE ST CHARLES,NICE VILLE,25,0.27203647416413373
MARSEILLE ST CHARLES,NICE VILLE,26,0.27957317073170734
MARSEILLE ST CHARLES,NICE VILLE,27,0.27584097859327217
MARSEILLE ST CHARLES,NICE VILLE,28,0.2673312883435583
MARSEILLE ST CHARLES,NICE VILLE,29,0.25
MARSEILLE ST CHARLES,NICE VILLE,30,0.03322981366459628
MARSEILLE ST CHARLES,ST RAPHAEL VALESCURE,0,0.4207352941176471
MARSEILLE ST CHARLES,ST RAPHAEL VALESCURE,1,0.4517699115044248
MARSEILLE ST CHARLES,ST RAPHAEL VALESCURE,2,0.46582840236686385
MARSEILLE ST CHARLES,ST RAPHAEL VALESCURE,3,0.4619117647058824
MARSEILLE ST CHARLES,ST RAPHAEL VALESCURE,4,0.3225
MARSEILLE ST CHARLES,ST RAPHAEL VALESCURE,5,0.33088235294117646
MARSEILLE ST CHARLES,ST RAPHAEL VALESCURE,6,0.3548387096774194
MARSEILLE ST CHARLES,ST RAPHAEL VALESCURE,7,0.3554411764705882
MARSEILLE ST CHARLES,ST RAPHAEL VALESCURE,8,0.35294117647058826
MARSEILLE ST CHARLES,ST RAPHAEL VALESCURE,9,0.3663235294117647
MARSEILLE ST CHARLES,ST RAPHAEL VALESCURE,10,0.3853982300884956
MARSEILLE ST CHARLES,ST RAPHAEL VALESCURE,11,0.3936578171091445
MARSEILLE ST CHARLES,ST RAPHAEL VALESCURE,12,0.2289940828402367
MARSEILLE ST CHARLES,ST RAPHAEL VALESCURE,13,0.22611275964391692
MARSEILLE ST CHARLES,ST RAPHAEL VALESCURE,14,0.22670623145400595
MARSEILLE ST CHARLES,ST RAPHAEL VALESCURE,15,0.2410979228486647
MARSEILLE ST CHARLES,ST RAPHAEL VALESCURE,16,0.2526706231454006
MARSEILLE ST CHARLES,ST RAPHAEL VALESCURE,17,0.25580357142857146
MARSEILLE ST CHARLES,ST RAPHAEL VALESCURE,18,0.2673134328358209
MARSEILLE ST CHARLES,ST RAPHAEL VALESCURE,19,0.2766467065868264
MARSEILLE ST CHARLES,ST RAPHAEL VALESCURE,20,0.27267267267267264
MARSEILLE ST CHARLES,ST RAPHAEL VALESCURE,21,0.26867469879518074
MARSEILLE ST CHARLES,ST RAPHAEL VALESCURE,22,0.2730421686746988
MARSEILLE ST CHARLES,ST RAPHAEL VALESCURE,23,0.2746987951807229
MARSEILLE ST CHARLES,ST RAPHAEL VALESCURE,24,0.26333333333333336
MARSEILLE ST CHARLES,ST RAPHAEL VALESCURE,25,0.2721884498480243
MARSEILLE ST CHARLES,ST RAPHAEL VALESCURE,26,0.2788109756097561
MARSEILLE ST CHARLES,ST RAPHAEL VALESCURE,27,0.27400611620795107
MARSEILLE ST CHARLES,ST RAPHAEL VALESCURE,28,0.2661042944785276
MARSEILLE ST CHARLES,ST RAPHAEL VALESCURE,29,0.24569230769230768
MARSEILLE ST CHARLES,ST RAPHAEL VALESCURE,30,0.04021739130434782
MARSEILLE ST CHARLES,TOULON,0,0.5828445747800587
MARSEILLE ST CHARLES,TOULON,1,0.5928152492668621
MARSEILLE ST CHARLES,TOULON,2,0.5920353982300884
MARSEILLE ST CHARLES,TOULON,3,0.615542521994135
MARSEILLE ST CHARLES,TOULON,4,0.4785923753665689
MARSEILLE ST CHARLES,TOULON,5,0.46598240469208213
MARSEILLE ST CHARLES,TOULON,6,0.4973607038123167
MARSEILLE ST CHARLES,TOULON,7,0.5134897360703812
MARSEILLE ST CHARLES,TOULON,8,0.5294721407624634
MARSEILLE ST CHARLES,TOULON,9,0.5324046920821115
MARSEILLE ST CHARLES,TOULON,10,0.5380882352941176
MARSEILLE ST CHARLES,TOULON,11,0.5488235294117647
MARSEILLE ST CHARLES,TOULON,12,0.2088495575221239
MARSEILLE ST CHARLES,TOULON,13,0.21538461538461537
MARSEILLE ST CHARLES,TOULON,14,0.2054733727810651
MARSEILLE ST CHARLES,TOULON,15,0.2149408284023669
MARSEILLE ST CHARLES,TOULON,16,0.2316568047337278
MARSEILLE ST CHARLES,TOULON,17,0.24215976331360944
MARSEILLE ST CHARLES,TOULON,18,0.251780415430267
MARSEILLE ST CHARLES,TOULON,19,0.2642857142857143
MARSEILLE ST CHARLES,TOULON,20,0.26985074626865674
MARSEILLE ST CHARLES,TOULON,21,0.2661676646706587
MARSEILLE ST CHARLES,TOULON,22,0.27140718562874255
MARSEILLE ST CHARLES,TOULON,23,0.27739520958083835
MARSEILLE ST CHARLES,TOULON,24,0.2728915662650602
MARSEILLE ST CHARLES,TOULON,25,0.27492447129909364
MARSEILLE ST CHARLES,TOULON,26,0.285
MARSEILLE ST CHARLES,TOULON,27,0.2884498480243161
MARSEILLE ST CHARLES,TOULON,28,0.2785060975609756
MARSEILLE ST CHARLES,TOULON,29,0.2603975535168196
MARSEILLE ST CHARLES,TOULON,30,0.03553846153846154
MONTPELLIER SAINT ROCH,BEZIERS,0,0.6794285714285715
MONTPELLIER SAINT ROCH,BEZIERS,1,0.6962857142857143
MONTPELLIER SAINT ROCH,BEZIERS,2,0.6978571428571428
MONTPELLIER SAINT ROCH,BEZIERS,3,0.6992857142857143
MONTPELLIER SAINT ROCH,BEZIERS,4,0.494
MONTPELLIER SAINT ROCH,BEZIERS,5,0.5007142857142857
MONTPELLIER SAINT ROCH,BEZIERS,6,0.516
MONTPELLIER SAINT ROCH,BEZIERS,7,0.48742857142857143
MONTPELLIER SAINT ROCH,BEZIERS,8,0.49355300859598855
MONTPELLIER SAINT ROCH,BEZIERS,9,0.4867142857142857
MONTPELLIER SAINT ROCH,BEZIERS,10,0.4764285714285714
MONTPELLIER SAINT ROCH,BEZIERS,11,0.4531428571428571
MONTPELLIER SAINT ROCH,BEZIERS,12,0.30515759312320917
MONTPELLIER SAINT ROCH,BEZIERS,13,0.30544412607449856
MONTPELLIER SAINT ROCH,BEZIERS,14,0.3144699140401146
MONTPELLIER SAINT ROCH,BEZIERS,15,0.3191977077363897
MONTPELLIER SAINT ROCH,BEZIERS,16,0.3160458452722063
MONTPELLIER SAINT ROCH,BEZIERS,17,0.31566091954022985
MONTPELLIER SAINT ROCH,BEZIERS,18,0.32025862068965516
MONTPELLIER SAINT ROCH,BEZIERS,19,0.3165706051873199
MONTPELLIER SAINT ROCH,BEZIERS,20,0.31095100864553316
MONTPELLIER SAINT ROCH,BEZIERS,21,0.3112391930835735
MONTPELLIER SAINT ROCH,BEZIERS,22,0.3197406340057637
MONTPELLIER SAINT ROCH,BEZIERS,23,0.31372832369942194
MONTPELLIER SAINT ROCH,BEZIERS,24,0.3071014492753623
MONTPELLIER SAINT ROCH,BEZIERS,25,0.31526162790697676
MONTPELLIER SAINT ROCH,BEZIERS,26,0.32099125364431486
MONTPELLIER SAINT ROCH,BEZIERS,27,0.3342565597667639
MONTPELLIER SAINT ROCH,BEZIERS,28,0.32646198830409356
MONTPELLIER SAINT ROCH,BEZIERS,29,0.3027859237536657
MONTPELLIER SAINT ROCH,BEZIERS,30,0.029646017699115047
MONTPELLIER SAINT ROCH,CARCASSONNE,0,0.6694285714285715
MONTPELLIER SAINT ROCH,CARCASSONNE,1,0.6744285714285715
MONTPELLIER SAINT ROCH,CARCASSONNE,2,0.6878571428571428
MONTPELLIER SAINT ROCH,CARCASSONNE,3,0.6924285714285714
MONTPELLIER SAINT ROCH,CARCASSONNE,4,0.49442857142857144
MONTPELLIER SAINT ROCH,CARCASSONNE,5,0.49371428571428577
MONTPELLIER SAINT ROCH,CARCASSONNE,6,0.5095714285714286
MONTPELLIER SAINT ROCH,CARCASSONNE,7,0.489
MONTPELLIER SAINT ROCH,CARCASSONNE,8,0.4889684813753582
MONTPELLIER SAINT ROCH,CARCASSONNE,9,0.48371428571428576
MONTPELLIER SAINT ROCH,CARCASSONNE,10,0.4767142857142857
MONTPELLIER SAINT ROCH,CARCASSONNE,11,0.45599999999999996
MONTPELLIER SAINT ROCH,CARCASSONNE,12,0.2989971346704871
MONTPELLIER SAINT ROCH,CARCASSONNE,13,0.3004297994269341
MONTPELLIER SAINT ROCH,CARCASSONNE,14,0.30759312320916904
MONTPELLIER SAINT ROCH,CARCASSONNE,15,0.3166189111747851
MONTPELLIER SAINT ROCH,CARCASSONNE,16,0.3141833810888252
MONTPELLIER SAINT ROCH,CARCASSONNE,17,0.3107758620689655
MONTPELLIER SAINT ROCH,CARCASSONNE,18,0.3168103448275862
MONTPELLIER SAINT ROCH,CARCASSONNE,19,0.3128242074927954
MONTPELLIER SAINT ROCH,CARCASSONNE,20,0.3070605187319885
MONTPELLIER SAINT ROCH,CARCASSONNE,21,0.3063400576368876
MONTPELLIER SAINT ROCH,CARCASSONNE,22,0.3121037463976945
MONTPELLIER SAINT ROCH,CARCASSONNE,23,0.3047687861271676
MONTPELLIER SAINT ROCH,CARCASSONNE,24,0.3020289855072464
MONTPELLIER SAINT ROCH,CARCASSONNE,25,0.3059593023255814
MONTPELLIER SAINT ROCH,CARCASSONNE,26,0.3097667638483965
MONTPELLIER SAINT ROCH,CARCASSONNE,27,0.3247813411078717
MONTPELLIER SAINT ROCH,CARCASSONNE,28,0.3220760233918129
MONTPELLIER SAINT ROCH,CARCASSONNE,29,0.29750733137829916
MONTPELLIER SAINT ROCH,CARCASSONNE,30,0.030530973451327433
MONTPELLIER SAINT ROCH,NARBONNE,0,0.6815714285714286
MONTPELLIER SAINT ROCH,NARBONNE,1,0.6880000000000001
MONTPELLIER SAINT ROCH,NARBONNE,2,0.6971428571428572
MONTPELLIER SAINT ROCH,NARBONNE,3,0.6974285714285714
MONTPELLIER SAINT ROCH,NARBONNE,4,0.49957142857142856
MONTPELLIER SAINT ROCH,NARBONNE,5,0.4965714285714286
MONTPELLIER SAINT ROCH,NARBONNE,6,0.5167142857142857
MONTPELLIER SAINT ROCH,NARBONNE,7,0.492
MONTPELLIER SAINT ROCH,NARBONNE,8,0.4908309455587393
MONTPELLIER SAINT ROCH,NARBONNE,9,0.48242857142857143
MONTPELLIER SAINT ROCH,NARBONNE,10,0.47900000000000004
MONTPELLIER SAINT ROCH,NARBONNE,11,0.4534285714285714
MONTPELLIER SAINT ROCH,NARBONNE,12,0.30730659025787965
MONTPELLIER SAINT ROCH,NARBONNE,13,0.30702005730659027
MONTPELLIER SAINT ROCH,NARBONNE,14,0.31618911174785097
MONTPELLIER SAINT ROCH,NARBONNE,15,0.32177650429799426
MONTPELLIER SAINT ROCH,NARBONNE,16,0.3164756446991404
MONTPELLIER SAINT ROCH,NARBONNE,17,0.3173850574712644
MONTPELLIER SAINT ROCH,NARBONNE,18,0.3199712643678161
MONTPELLIER SAINT ROCH,NARBONNE,19,0.3164265129682997
MONTPELLIER SAINT ROCH,NARBONNE,20,0.3126801152737752
MONTPELLIER SAINT ROCH,NARBONNE,21,0.31095100864553316
MONTPELLIER SAINT ROCH,NARBONNE,22,0.31930835734870316
MONTPELLIER SAINT ROCH,NARBONNE,23,0.3130057803468208
MONTPELLIER SAINT ROCH,NARBONNE,24,0.3076811594202899
MONTPELLIER SAINT ROCH,NARBONNE,25,0.31438953488372096
MONTPELLIER SAINT ROCH,NARBONNE,26,0.3206997084548105
MONTPELLIER SAINT ROCH,NARBONNE,27,0.3348396501457726
MONTPELLIER SAINT ROCH,NARBONNE,28,0.32719298245614037
MONTPELLIER SAINT ROCH,NARBONNE,29,0.30234604105571844
MONTPELLIER SAINT ROCH,NARBONNE,30,0.03938053097345132
MONTPELLIER SAINT ROCH,SETE,0,0.4325471698113208
MONTPELLIER SAINT ROCH,SETE,1,0.4235849056603773
MONTPELLIER SAINT ROCH,SETE,2,0.405188679245283
MONTPELLIER SAINT ROCH,SETE,3,0.40611285266457686
MONTPELLIER SAINT ROCH,SETE,4,0.20125786163522014
MONTPELLIER SAINT ROCH,SETE,5,0.1852201257861635
MONTPELLIER SAINT ROCH,SETE,6,0.17798742138364781
MONTPELLIER SAINT ROCH,SETE,7,0.1529874213836478
MONTPELLIER SAINT ROCH,SETE,8,0.1440251572327044
MONTPELLIER SAINT ROCH,SETE,9,0.13160377358490566
MONTPELLIER SAINT ROCH,SETE,10,0.13683385579937304
MONTPELLIER SAINT ROCH,SETE,11,0.1179245283018868
MONTPELLIER SAINT ROCH,SETE,12,0.030757097791798107
MONTPELLIER SAINT ROCH,SETE,13,0.02397476340694006
MONTPELLIER SAINT ROCH,SETE,14,0.02009493670886076
MONTPELLIER SAINT ROCH,SETE,15,0.019620253164556962
MONTPELLIER SAINT ROCH,SETE,16,0.022870662460567823
MONTPELLIER SAINT ROCH,SETE,17,0.021766561514195586
MONTPELLIER SAINT ROCH,SETE,18,0.017142857142857144
MONTPELLIER SAINT ROCH,SETE,19,0.014649681528662419
MONTPELLIER SAINT ROCH,SETE,20,0.013738019169329072
MONTPELLIER SAINT ROCH,SETE,21,0.019711538461538464
MONTPELLIER SAINT ROCH,SETE,22,0.012861736334405145
MONTPELLIER SAINT ROCH,SETE,23,0.011451612903225807
MONTPELLIER SAINT ROCH,SETE,24,0.012580645161290323
MONTPELLIER SAINT ROCH,SETE,25,0.012662337662337661
MONTPELLIER SAINT ROCH,SETE,26,0.015472312703583062
MONTPELLIER SAINT ROCH,SETE,27,0.01519607843137255
MONTPELLIER SAINT ROCH,SETE,28,0.01442622950819672
MONTPELLIER SAINT ROCH,SETE,29,0.010855263157894736
MONTPELLIER SAINT ROCH,SETE,30,0.003289473684210526
MONTPELLIER SAINT ROCH,TOULOUSE MATABIAU,0,0.666
MONTPELLIER SAINT ROCH,TOULOUSE MATABIAU,1,0.6771428571428572
MONTPELLIER SAINT ROCH,TOULOUSE MATABIAU,2,0.6895714285714285
MONTPELLIER SAINT ROCH,TOULOUSE MATABIAU,3,0.6975714285714286
MONTPELLIER SAINT ROCH,TOULOUSE MATABIAU,4,0.49214285714285716
MONTPELLIER SAINT ROCH,TOULOUSE MATABIAU,5,0.48857142857142855
MONTPELLIER SAINT ROCH,TOULOUSE MATABIAU,6,0.5072857142857143
MONTPELLIER SAINT ROCH,TOULOUSE MATABIAU,7,0.48742857142857143
MONTPELLIER SAINT ROCH,TOULOUSE MATABIAU,8,0.49025787965616047
MONTPELLIER SAINT ROCH,TOULOUSE MATABIAU,9,0.486
MONTPELLIER SAINT ROCH,TOULOUSE MATABIAU,10,0.4724285714285714
MONTPELLIER SAINT ROCH,TOULOUSE MATABIAU,11,0.4527142857142857
MONTPELLIER SAINT ROCH,TOULOUSE MATABIAU,12,0.3004297994269341
MONTPELLIER SAINT ROCH,TOULOUSE MATABIAU,13,0.3018624641833811
MONTPELLIER SAINT ROCH,TOULOUSE MATABIAU,14,0.30988538681948424
MONTPELLIER SAINT ROCH,TOULOUSE MATABIAU,15,0.3199140401146132
MONTPELLIER SAINT ROCH,TOULOUSE MATABIAU,16,0.3130372492836676
MONTPELLIER SAINT ROCH,TOULOUSE MATABIAU,17,0.31206896551724134
MONTPELLIER SAINT ROCH,TOULOUSE MATABIAU,18,0.315948275862069
MONTPELLIER SAINT ROCH,TOULOUSE MATABIAU,19,0.31109510086455333
MONTPELLIER SAINT ROCH,TOULOUSE MATABIAU,20,0.30605187319884725
MONTPELLIER SAINT ROCH,TOULOUSE MATABIAU,21,0.3067723342939481
MONTPELLIER SAINT ROCH,TOULOUSE MATABIAU,22,0.31512968299711813
MONTPELLIER SAINT ROCH,TOULOUSE MATABIAU,23,0.30578034682080923
MONTPELLIER SAINT ROCH,TOULOUSE MATABIAU,24,0.3008695652173913
MONTPELLIER SAINT ROCH,TOULOUSE MATABIAU,25,0.3075581395348837
MONTPELLIER SAINT ROCH,TOULOUSE MATABIAU,26,0.3099125364431487
MONTPELLIER SAINT ROCH,TOULOUSE MATABIAU,27,0.3260932944606414
MONTPELLIER SAINT ROCH,TOULOUSE MATABIAU,28,0.3182748538011696
MONTPELLIER SAINT ROCH,TOULOUSE MATABIAU,29,0.2909090909090909
MONTPELLIER SAINT ROCH,TOULOUSE MATABIAU,30,0.03421828908554572
MONTPELLIER SUD DE FRANCE,BEZIERS,0,0.3833333333333333
MONTPELLIER SUD DE FRANCE,BEZIERS,1,0.5666666666666668
MONTPELLIER SUD DE FRANCE,BEZIERS,2,0.5833333333333334
MONTPELLIER SUD DE FRANCE,BEZIERS,3,0.5833333333333334
MONTPELLIER SUD DE FRANCE,BEZIERS,4,0.39999999999999997
MONTPELLIER SUD DE FRANCE,BEZIERS,5,0.5499999999999999
MONTPELLIER SUD DE FRANCE,BEZIERS,6,0.5499999999999999
MONTPELLIER SUD DE FRANCE,BEZIERS,7,0.3833333333333333
MONTPELLIER SUD DE FRANCE,BEZIERS,8,0.3666666666666667
MONTPELLIER SUD DE FRANCE,BEZIERS,9,0.3333333333333333
MONTPELLIER SUD DE FRANCE,BEZIERS,10,0.3333333333333333
MONTPELLIER SUD DE FRANCE,BEZIERS,11,0.3333333333333333
MONTPELLIER SUD DE FRANCE,BEZIERS,12,0.6666666666666666
MONTPELLIER SUD DE FRANCE,BEZIERS,13,0.6833333333333332
MONTPELLIER SUD DE FRANCE,BEZIERS,14,0.6833333333333332
MONTPELLIER SUD DE FRANCE,BEZIERS,15,0.6833333333333332
MONTPELLIER SUD DE FRANCE,BEZIERS,16,0.6666666666666666
MONTPELLIER SUD DE FRANCE,BEZIERS,17,0.6666666666666666
MONTPELLIER SUD DE FRANCE,BEZIERS,18,0.65
MONTPELLIER SUD DE FRANCE,BEZIERS,19,0.65
MONTPELLIER SUD DE FRANCE,BEZIERS,20,0.6333333333333333
MONTPELLIER SUD DE FRANCE,BEZIERS,21,0.3333333333333333
MONTPELLIER SUD DE FRANCE,BEZIERS,22,0.3333333333333333
MONTPELLIER SUD DE FRANCE,BEZIERS,23,0.3333333333333333
MONTPELLIER SUD DE FRANCE,BEZIERS,24,0.3333333333333333
MONTPELLIER SUD DE FRANCE,BEZIERS,25,0.3333333333333333
MONTPELLIER SUD DE FRANCE,BEZIERS,26,0.3333333333333333
MONTPELLIER SUD DE FRANCE,BEZIERS,27,0.31666666666666665
MONTPELLIER SUD DE FRANCE,BEZIERS,28,0.31666666666666665
MONTPELLIER SUD DE FRANCE,BEZIERS,29,0.3333333333333333
MONTPELLIER SUD DE FRANCE,BEZIERS,30,0.016666666666666666
MONTPELLIER SUD DE FRANCE,CARCASSONNE,0,0.08333333333333333
MONTPELLIER SUD DE FRANCE,CARCASSONNE,1,0.049999999999999996
MONTPELLIER SUD DE FRANCE,CARCASSONNE,2,0.2333333333333333
MONTPELLIER SUD DE FRANCE,CARCASSONNE,3,0.3
MONTPELLIER SUD DE FRANCE,CARCASSONNE,4,0.31666666666666665
MONTPELLIER SUD DE FRANCE,CARCASSONNE,5,0.3333333333333333
MONTPELLIER SUD DE FRANCE,CARCASSONNE,6,0.31666666666666665
MONTPELLIER SUD DE FRANCE,CARCASSONNE,7,0.3333333333333333
MONTPELLIER SUD DE FRANCE,CARCASSONNE,8,0.3333333333333333
MONTPELLIER SUD DE FRANCE,CARCASSONNE,9,0.35000000000000003
MONTPELLIER SUD DE FRANCE,CARCASSONNE,10,0.3666666666666667
MONTPELLIER SUD DE FRANCE,CARCASSONNE,11,0.3333333333333333
MONTPELLIER SUD DE FRANCE,CARCASSONNE,12,0.35000000000000003
MONTPELLIER SUD DE FRANCE,CARCASSONNE,13,0.3333333333333333
MONTPELLIER SUD DE FRANCE,CARCASSONNE,14,0.3333333333333333
MONTPELLIER SUD DE FRANCE,CARCASSONNE,15,0.3333333333333333
MONTPELLIER SUD DE FRANCE,CARCASSONNE,16,0.3333333333333333
MONTPELLIER SUD DE FRANCE,CARCASSONNE,17,0.3333333333333333
MONTPELLIER SUD DE FRANCE,CARCASSONNE,18,0.3333333333333333
MONTPELLIER SUD DE FRANCE,CARCASSONNE,19,0.3333333333333333
MONTPELLIER SUD DE FRANCE,CARCASSONNE,20,0.3333333333333333
MONTPELLIER SUD DE FRANCE,CARCASSONNE,21,0.049999999999999996
MONTPELLIER SUD DE FRANCE,CARCASSONNE,22,0.0
MONTPELLIER SUD DE FRANCE,CARCASSONNE,23,0.0
MONTPELLIER SUD DE FRANCE,CARCASSONNE,24,0.0
MONTPELLIER SUD DE FRANCE,CARCASSONNE,25,0.0
MONTPELLIER SUD DE FRANCE,CARCASSONNE,26,0.0
MONTPELLIER SUD DE FRANCE,CARCASSONNE,27,0.0
MONTPELLIER SUD DE FRANCE,CARCASSONNE,28,0.0
MONTPELLIER SUD DE FRANCE,CARCASSONNE,29,0.016666666666666666
MONTPELLIER SUD DE FRANCE,CARCASSONNE,30,0.0
MONTPELLIER SUD DE FRANCE,NARBONNE,0,0.3833333333333333
MONTPELLIER SUD DE FRANCE,NARBONNE,1,0.5666666666666667
MONTPELLIER SUD DE FRANCE,NARBONNE,2,0.65
MONTPELLIER SUD DE FRANCE,NARBONNE,3,0.65
MONTPELLIER SUD DE FRANCE,NARBONNE,4,0.4166666666666667
MONTPELLIER SUD DE FRANCE,NARBONNE,5,0.6
MONTPELLIER SUD DE FRANCE,NARBONNE,6,0.6166666666666667
MONTPELLIER SUD DE FRANCE,NARBONNE,7,0.3666666666666667
MONTPELLIER SUD DE FRANCE,NARBONNE,8,0.3666666666666667
MONTPELLIER SUD DE FRANCE,NARBONNE,9,0.3333333333333333
MONTPELLIER SUD DE FRANCE,NARBONNE,10,0.35000000000000003
MONTPELLIER SUD DE FRANCE,NARBONNE,11,0.35000000000000003
MONTPELLIER SUD DE FRANCE,NARBONNE,12,0.6166666666666667
MONTPELLIER SUD DE FRANCE,NARBONNE,13,0.65
MONTPELLIER SUD DE FRANCE,NARBONNE,14,0.6666666666666666
MONTPELLIER SUD DE FRANCE,NARBONNE,15,0.6333333333333333
MONTPELLIER SUD DE FRANCE,NARBONNE,16,0.6666666666666666
MONTPELLIER SUD DE FRANCE,NARBONNE,17,0.6666666666666666
MONTPELLIER SUD DE FRANCE,NARBONNE,18,0.6666666666666666
MONTPELLIER SUD DE FRANCE,NARBONNE,19,0.65
MONTPELLIER SUD DE FRANCE,NARBONNE,20,0.65
MONTPELLIER SUD DE FRANCE,NARBONNE,21,0.3833333333333333
MONTPELLIER SUD DE FRANCE,NARBONNE,22,0.35000000000000003
MONTPELLIER SUD DE FRANCE,NARBONNE,23,0.3333333333333333
MONTPELLIER SUD DE FRANCE,NARBONNE,24,0.3333333333333333
MONTPELLIER SUD DE FRANCE,NARBONNE,25,0.3333333333333333
MONTPELLIER SUD DE FRANCE,NARBONNE,26,0.3333333333333333
MONTPELLIER SUD DE FRANCE,NARBONNE,27,0.35000000000000003
MONTPELLIER SUD DE FRANCE,NARBONNE,28,0.35000000000000003
MONTPELLIER SUD DE FRANCE,NARBONNE,29,0.3333333333333333
MONTPELLIER SUD DE FRANCE,NARBONNE,30,0.06666666666666667
MONTPELLIER SUD DE FRANCE,SETE,0,0.0
MONTPELLIER SUD DE FRANCE,SETE,1,0.0
MONTPELLIER SUD DE FRANCE,SETE,2,0.025
MONTPELLIER SUD DE FRANCE,SETE,3,0.0
MONTPELLIER SUD DE FRANCE,SETE,4,0.15
MONTPELLIER SUD DE FRANCE,SETE,5,0.475
MONTPELLIER SUD DE FRANCE,SETE,6,0.4
MONTPELLIER SUD DE FRANCE,SETE,7,0.025
MONTPELLIER SUD DE FRANCE,SETE,8,0.0
MONTPELLIER SUD DE FRANCE,SETE,9,0.0
MONTPELLIER SUD DE FRANCE,SETE,10,0.0
MONTPELLIER SUD DE FRANCE,SETE,11,0.0
MONTPELLIER SUD DE FRANCE,SETE,12,0.0
MONTPELLIER SUD DE FRANCE,SETE,13,0.0
MONTPELLIER SUD DE FRANCE,SETE,14,0.0
MONTPELLIER SUD DE FRANCE,SETE,15,0.0
MONTPELLIER SUD DE FRANCE,SETE,16,0.0
MONTPELLIER SUD DE FRANCE,SETE,17,0.0
MONTPELLIER SUD DE FRANCE,SETE,18,0.0
MONTPELLIER SUD DE FRANCE,SETE,19,0.0
MONTPELLIER SUD DE FRANCE,SETE,20,0.0
MONTPELLIER SUD DE FRANCE,SETE,21,0.0
MONTPELLIER SUD DE FRANCE,SETE,22,0.0
MONTPELLIER SUD DE FRANCE,SETE,23,0.0
MONTPELLIER SUD DE FRANCE,SETE,24,0.0
MONTPELLIER SUD DE FRANCE,SETE,25,0.0
MONTPELLIER SUD DE FRANCE,SETE,26,0.0
MONTPELLIER SUD DE FRANCE,SETE,27,0.0
MONTPELLIER SUD DE FRANCE,SETE,28,0.0
MONTPELLIER SUD DE FRANCE,SETE,29,0.0
MONTPELLIER SUD DE FRANCE,SETE,30,0.0
MONTPELLIER SUD DE FRANCE,TOULOUSE MATABIAU,0,0.10000000000000002
MONTPELLIER SUD DE FRANCE,TOULOUSE MATABIAU,1,0.08333333333333333
MONTPELLIER SUD DE FRANCE,TOULOUSE MATABIAU,2,0.3333333333333333
MONTPELLIER SUD DE FRANCE,TOULOUSE MATABIAU,3,0.35000000000000003
MONTPELLIER SUD DE FRANCE,TOULOUSE MATABIAU,4,0.3333333333333333
MONTPELLIER SUD DE FRANCE,TOULOUSE MATABIAU,5,0.3333333333333333
MONTPELLIER SUD DE FRANCE,TOULOUSE MATABIAU,6,0.3333333333333333
MONTPELLIER SUD DE FRANCE,TOULOUSE MATABIAU,7,0.3333333333333333
MONTPELLIER SUD DE FRANCE,TOULOUSE MATABIAU,8,0.3333333333333333
MONTPELLIER SUD DE FRANCE,TOULOUSE MATABIAU,9,0.31666666666666665
MONTPELLIER SUD DE FRANCE,TOULOUSE MATABIAU,10,0.31666666666666665
MONTPELLIER SUD DE FRANCE,TOULOUSE MATABIAU,11,0.3333333333333333
MONTPELLIER SUD DE FRANCE,TOULOUSE MATABIAU,12,0.3
MONTPELLIER SUD DE FRANCE,TOULOUSE MATABIAU,13,0.31666666666666665
MONTPELLIER SUD DE FRANCE,TOULOUSE MATABIAU,14,0.31666666666666665
MONTPELLIER SUD DE FRANCE,TOULOUSE MATABIAU,15,0.31666666666666665
MONTPELLIER SUD DE FRANCE,TOULOUSE MATABIAU,16,0.3333333333333333
MONTPELLIER SUD DE FRANCE,TOULOUSE MATABIAU,17,0.31666666666666665
MONTPELLIER SUD DE FRANCE,TOULOUSE MATABIAU,18,0.3333333333333333
MONTPELLIER SUD DE FRANCE,TOULOUSE MATABIAU,19,0.31666666666666665
MONTPELLIER SUD DE FRANCE,TOULOUSE MATABIAU,20,0.31666666666666665
MONTPELLIER SUD DE FRANCE,TOULOUSE MATABIAU,21,0.08333333333333333
MONTPELLIER SUD DE FRANCE,TOULOUSE MATABIAU,22,0.0
MONTPELLIER SUD DE FRANCE,TOULOUSE MATABIAU,23,0.0
MONTPELLIER SUD DE FRANCE,TOULOUSE MATABIAU,24,0.0
MONTPELLIER SUD DE FRANCE,TOULOUSE MATABIAU,25,0.0
MONTPELLIER SUD DE FRANCE,TOULOUSE MATABIAU,26,0.0
MONTPELLIER SUD DE FRANCE,TOULOUSE MATABIAU,27,0.016666666666666666
MONTPELLIER SUD DE FRANCE,TOULOUSE MATABIAU,28,0.016666666666666666
MONTPELLIER SUD DE FRANCE,TOULOUSE MATABIAU,29,0.03333333333333333
MONTPELLIER SUD DE FRANCE,TOULOUSE MATABIAU,30,0.0
MOUTIERS SALINS BRIDES LES BAINS,AIME LA PLAGNE,0,1.0
MOUTIERS SALINS BRIDES LES BAINS,AIME LA PLAGNE,1,1.0
MOUTIERS SALINS BRIDES LES BAINS,AIME LA PLAGNE,2,0.975
MOUTIERS SALINS BRIDES LES BAINS,AIME LA PLAGNE,3,0.975
MOUTIERS SALINS BRIDES LES BAINS,AIME LA PLAGNE,4,0.975
MOUTIERS SALINS BRIDES LES BAINS,AIME LA PLAGNE,5,0.975
MOUTIERS SALINS BRIDES LES BAINS,AIME LA PLAGNE,6,0.975
MOUTIERS SALINS BRIDES LES BAINS,AIME LA PLAGNE,7,0.975
MOUTIERS SALINS BRIDES LES BAINS,AIME LA PLAGNE,8,1.0
MOUTIERS SALINS BRIDES LES BAINS,AIME LA PLAGNE,9,1.0
MOUTIERS SALINS BRIDES LES BAINS,AIME LA PLAGNE,10,0.975
MOUTIERS SALINS BRIDES LES BAINS,AIME LA PLAGNE,11,1.0
MOUTIERS SALINS BRIDES LES BAINS,AIME LA PLAGNE,12,0.025
MOUTIERS SALINS BRIDES LES BAINS,AIME LA PLAGNE,13,0.025
MOUTIERS SALINS BRIDES LES BAINS,AIME LA PLAGNE,14,0.125
MOUTIERS SALINS BRIDES LES BAINS,AIME LA PLAGNE,15,0.475
MOUTIERS SALINS BRIDES LES BAINS,AIME LA PLAGNE,16,0.45
MOUTIERS SALINS BRIDES LES BAINS,AIME LA PLAGNE,17,0.1
MOUTIERS SALINS BRIDES LES BAINS,AIME LA PLAGNE,18,0.025
MOUTIERS SALINS BRIDES LES BAINS,AIME LA PLAGNE,19,0.025
MOUTIERS SALINS BRIDES LES BAINS,AIME LA PLAGNE,20,0.025
MOUTIERS SALINS BRIDES LES BAINS,AIME LA PLAGNE,21,0.0
MOUTIERS SALINS BRIDES LES BAINS,AIME LA PLAGNE,22,0.0
MOUTIERS SALINS BRIDES LES BAINS,AIME LA PLAGNE,23,0.0
MOUTIERS SALINS BRIDES LES BAINS,AIME LA PLAGNE,24,0.0
MOUTIERS SALINS BRIDES LES BAINS,AIME LA PLAGNE,25,0.0
MOUTIERS SALINS BRIDES LES BAINS,AIME LA PLAGNE,26,0.0
MOUTIERS SALINS BRIDES LES BAINS,AIME LA PLAGNE,27,0.0
MOUTIERS SALINS BRIDES LES BAINS,AIME LA PLAGNE,28,0.0
MOUTIERS SALINS BRIDES LES BAINS,AIME LA PLAGNE,29,0.0
MOUTIERS SALINS BRIDES LES BAINS,AIME LA PLAGNE,30,0.0
MOUTIERS SALINS BRIDES LES BAINS,BOURG SAINT MAURICE,0,1.0
MOUTIERS SALINS BRIDES LES BAINS,BOURG SAINT MAURICE,1,1.0
MOUTIERS SALINS BRIDES LES BAINS,BOURG SAINT MAURICE,2,0.975
MOUTIERS SALINS BRIDES LES BAINS,BOURG SAINT MAURICE,3,1.0
MOUTIERS SALINS BRIDES LES BAINS,BOURG SAINT MAURICE,4,0.975
MOUTIERS SALINS BRIDES LES BAINS,BOURG SAINT MAURICE,5,1.0
MOUTIERS SALINS BRIDES LES BAINS,BOURG SAINT MAURICE,6,1.0
MOUTIERS SALINS BRIDES LES BAINS,BOURG SAINT MAURICE,7,1.0
MOUTIERS SALINS BRIDES LES BAINS,BOURG SAINT MAURICE,8,1.0
MOUTIERS SALINS BRIDES LES BAINS,BOURG SAINT MAURICE,9,1.0
MOUTIERS SALINS BRIDES LES BAINS,BOURG SAINT MAURICE,10,0.975
MOUTIERS SALINS BRIDES LES BAINS,BOURG SAINT MAURICE,11,0.975
MOUTIERS SALINS BRIDES LES BAINS,BOURG SAINT MAURICE,12,0.05
MOUTIERS SALINS BRIDES LES BAINS,BOURG SAINT MAURICE,13,0.05
MOUTIERS SALINS BRIDES LES BAINS,BOURG SAINT MAURICE,14,0.125
MOUTIERS SALINS BRIDES LES BAINS,BOURG SAINT MAURICE,15,0.425
MOUTIERS SALINS BRIDES LES BAINS,BOURG SAINT MAURICE,16,0.35
MOUTIERS SALINS BRIDES LES BAINS,BOURG SAINT MAURICE,17,0.05
MOUTIERS SALINS BRIDES LES BAINS,BOURG SAINT MAURICE,18,0.0
MOUTIERS SALINS BRIDES LES BAINS,BOURG SAINT MAURICE,19,0.0
MOUTIERS SALINS BRIDES LES BAINS,BOURG SAINT MAURICE,20,0.0
MOUTIERS SALINS BRIDES LES BAINS,BOURG SAINT MAURICE,21,0.0
MOUTIERS SALINS BRIDES LES BAINS,BOURG SAINT MAURICE,22,0.0
MOUTIERS SALINS BRIDES LES BAINS,BOURG SAINT MAURICE,23,0.0
MOUTIERS SALINS BRIDES LES BAINS,BOURG SAINT MAURICE,24,0.0
MOUTIERS SALINS BRIDES LES BAINS,BOURG SAINT MAURICE,25,0.0
MOUTIERS SALINS BRIDES LES BAINS,BOURG SAINT MAURICE,26,0.0
MOUTIERS SALINS BRIDES LES BAINS,BOURG SAINT MAURICE,27,0.0
MOUTIERS SALINS BRIDES LES BAINS,BOURG SAINT MAURICE,28,0.0
MOUTIERS SALINS BRIDES LES BAINS,BOURG SAINT MAURICE,29,0.0
MOUTIERS SALINS BRIDES LES BAINS,BOURG SAINT MAURICE,30,0.0
MOUTIERS SALINS BRIDES LES BAINS,LANDRY,0,1.0
MOUTIERS SALINS BRIDES LES BAINS,LANDRY,1,1.0
MOUTIERS SALINS BRIDES LES BAINS,LANDRY,2,0.975
MOUTIERS SALINS BRIDES LES BAINS,LANDRY,3,0.925
MOUTIERS SALINS BRIDES LES BAINS,LANDRY,4,1.0
MOUTIERS SALINS BRIDES LES BAINS,LANDRY,5,1.0
MOUTIERS SALINS BRIDES LES BAINS,LANDRY,6,1.0
MOUTIERS SALINS BRIDES LES BAINS,LANDRY,7,0.975
MOUTIERS SALINS BRIDES LES BAINS,LANDRY,8,1.0
MOUTIERS SALINS BRIDES LES BAINS,LANDRY,9,1.0
MOUTIERS SALINS BRIDES LES BAINS,LANDRY,10,1.0
MOUTIERS SALINS BRIDES LES BAINS,LANDRY,11,0.975
MOUTIERS SALINS BRIDES LES BAINS,LANDRY,12,0.0
MOUTIERS SALINS BRIDES LES BAINS,LANDRY,13,0.0
MOUTIERS SALINS BRIDES LES BAINS,LANDRY,14,0.15
MOUTIERS SALINS BRIDES LES BAINS,LANDRY,15,0.425
MOUTIERS SALINS BRIDES LES BAINS,LANDRY,16,0.35
MOUTIERS SALINS BRIDES LES BAINS,LANDRY,17,0.125
MOUTIERS SALINS BRIDES LES BAINS,LANDRY,18,0.05
MOUTIERS SALINS BRIDES LES BAINS,LANDRY,19,0.0
MOUTIERS SALINS BRIDES LES BAINS,LANDRY,20,0.0
MOUTIERS SALINS BRIDES LES BAINS,LANDRY,21,0.0
MOUTIERS SALINS BRIDES LES BAINS,LANDRY,22,0.0
MOUTIERS SALINS BRIDES LES BAINS,LANDRY,23,0.0
MOUTIERS SALINS BRIDES LES BAINS,LANDRY,24,0.0
MOUTIERS SALINS BRIDES LES BAINS,LANDRY,25,0.0
MOUTIERS SALINS BRIDES LES BAINS,LANDRY,26,0.0
MOUTIERS SALINS BRIDES LES BAINS,LANDRY,27,0.0
MOUTIERS SALINS BRIDES LES BAINS,LANDRY,28,0.0
MOUTIERS SALINS BRIDES LES BAINS,LANDRY,29,0.0
MOUTIERS SALINS BRIDES LES BAINS,LANDRY,30,0.0
NARBONNE,CARCASSONNE,0,0.9313390313390313
NARBONNE,CARCASSONNE,1,0.9314814814814815
NARBONNE,CARCASSONNE,2,0.9343304843304843
NARBONNE,CARCASSONNE,3,0.9405982905982906
NARBONNE,CARCASSONNE,4,0.8542735042735043
NARBONNE,CARCASSONNE,5,0.827065527065527
NARBONNE,CARCASSONNE,6,0.8143874643874645
NARBONNE,CARCASSONNE,7,0.8001424501424502
NARBONNE,CARCASSONNE,8,0.7867142857142858
NARBONNE,CARCASSONNE,9,0.7517094017094018
NARBONNE,CARCASSONNE,10,0.7246438746438746
NARBONNE,CARCASSONNE,11,0.69002849002849
NARBONNE,CARCASSONNE,12,0.4881428571428571
NARBONNE,CARCASSONNE,13,0.482
NARBONNE,CARCASSONNE,14,0.47685714285714287
NARBONNE,CARCASSONNE,15,0.4775714285714286
NARBONNE,CARCASSONNE,16,0.45685714285714285
NARBONNE,CARCASSONNE,17,0.4432664756446991
NARBONNE,CARCASSONNE,18,0.44269340974212035
NARBONNE,CARCASSONNE,19,0.4245689655172414
NARBONNE,CARCASSONNE,20,0.4185344827586207
NARBONNE,CARCASSONNE,21,0.41192528735632183
NARBONNE,CARCASSONNE,22,0.40043103448275863
NARBONNE,CARCASSONNE,23,0.39438040345821324
NARBONNE,CARCASSONNE,24,0.3823699421965318
NARBONNE,CARCASSONNE,25,0.37666666666666665
NARBONNE,CARCASSONNE,26,0.3795058139534884
NARBONNE,CARCASSONNE,27,0.38372093023255816
NARBONNE,CARCASSONNE,28,0.3728862973760933
NARBONNE,CARCASSONNE,29,0.3394736842105263
NARBONNE,CARCASSONNE,30,0.047499999999999994
NARBONNE,TOULOUSE MATABIAU,0,0.9364672364672364
NARBONNE,TOULOUSE MATABIAU,1,0.9337606837606838
NARBONNE,TOULOUSE MATABIAU,2,0.9364672364672364
NARBONNE,TOULOUSE MATABIAU,3,0.9427350427350427
NARBONNE,TOULOUSE MATABIAU,4,0.8574074074074074
NARBONNE,TOULOUSE MATABIAU,5,0.8304843304843305
NARBONNE,TOULOUSE MATABIAU,6,0.8123931623931623
NARBONNE,TOULOUSE MATABIAU,7,0.8011396011396011
NARBONNE,TOULOUSE MATABIAU,8,0.7851428571428571
NARBONNE,TOULOUSE MATABIAU,9,0.7514245014245015
NARBONNE,TOULOUSE MATABIAU,10,0.7329059829059829
NARBONNE,TOULOUSE MATABIAU,11,0.6881766381766382
NARBONNE,TOULOUSE MATABIAU,12,0.48857142857142855
NARBONNE,TOULOUSE MATABIAU,13,0.4838571428571428
NARBONNE,TOULOUSE MATABIAU,14,0.48
NARBONNE,TOULOUSE MATABIAU,15,0.4772857142857143
NARBONNE,TOULOUSE MATABIAU,16,0.4552857142857143
NARBONNE,TOULOUSE MATABIAU,17,0.44111747851002864
NARBONNE,TOULOUSE MATABIAU,18,0.44369627507163323
NARBONNE,TOULOUSE MATABIAU,19,0.4251436781609195
NARBONNE,TOULOUSE MATABIAU,20,0.41968390804597705
NARBONNE,TOULOUSE MATABIAU,21,0.4109195402298851
NARBONNE,TOULOUSE MATABIAU,22,0.4002873563218391
NARBONNE,TOULOUSE MATABIAU,23,0.3914985590778098
NARBONNE,TOULOUSE MATABIAU,24,0.382514450867052
NARBONNE,TOULOUSE MATABIAU,25,0.3814492753623188
NARBONNE,TOULOUSE MATABIAU,26,0.38299418604651164
NARBONNE,TOULOUSE MATABIAU,27,0.38909883720930233
NARBONNE,TOULOUSE MATABIAU,28,0.3715743440233236
NARBONNE,TOULOUSE MATABIAU,29,0.335672514619883
NARBONNE,TOULOUSE MATABIAU,30,0.05264705882352941
NIMES CENTRE,BEZIERS,0,0.6704285714285715
NIMES CENTRE,BEZIERS,1,0.6898571428571428
NIMES CENTRE,BEZIERS,2,0.7001428571428572
NIMES CENTRE,BEZIERS,3,0.6918571428571428
NIMES CENTRE,BEZIERS,4,0.49800000000000005
NIMES CENTRE,BEZIERS,5,0.4918571428571429
NIMES CENTRE,BEZIERS,6,0.5151428571428571
NIMES CENTRE,BEZIERS,7,0.48714285714285716
NIMES CENTRE,BEZIERS,8,0.4918338108882522
NIMES CENTRE,BEZIERS,9,0.48300000000000004
NIMES CENTRE,BEZIERS,10,0.47385714285714287
NIMES CENTRE,BEZIERS,11,0.4502857142857143
NIMES CENTRE,BEZIERS,12,0.30988538681948424
NIMES CENTRE,BEZIERS,13,0.30759312320916904
NIMES CENTRE,BEZIERS,14,0.3154727793696275
NIMES CENTRE,BEZIERS,15,0.32106017191977076
NIMES CENTRE,BEZIERS,16,0.3151862464183381
NIMES CENTRE,BEZIERS,17,0.31623563218390804
NIMES CENTRE,BEZIERS,18,0.3191091954022988
NIMES CENTRE,BEZIERS,19,0.3170028818443804
NIMES CENTRE,BEZIERS,20,0.3118155619596542
NIMES CENTRE,BEZIERS,21,0.3121037463976945
NIMES CENTRE,BEZIERS,22,0.32089337175792504
NIMES CENTRE,BEZIERS,23,0.31372832369942194
NIMES CENTRE,BEZIERS,24,0.3050724637681159
NIMES CENTRE,BEZIERS,25,0.3125
NIMES CENTRE,BEZIERS,26,0.32172011661807576
NIMES CENTRE,BEZIERS,27,0.33746355685131196
NIMES CENTRE,BEZIERS,28,0.3317251461988304
NIMES CENTRE,BEZIERS,29,0.3114369501466276
NIMES CENTRE,BEZIERS,30,0.030088495575221242
NIMES CENTRE,CARCASSONNE,0,0.6695714285714286
NIMES CENTRE,CARCASSONNE,1,0.6791428571428572
NIMES CENTRE,CARCASSONNE,2,0.6882857142857143
NIMES CENTRE,CARCASSONNE,3,0.6915714285714286
NIMES CENTRE,CARCASSONNE,4,0.49242857142857144
NIMES CENTRE,CARCASSONNE,5,0.492
NIMES CENTRE,CARCASSONNE,6,0.509
NIMES CENTRE,CARCASSONNE,7,0.49142857142857144
NIMES CENTRE,CARCASSONNE,8,0.4875358166189112
NIMES CENTRE,CARCASSONNE,9,0.4828571428571429
NIMES CENTRE,CARCASSONNE,10,0.47285714285714286
NIMES CENTRE,CARCASSONNE,11,0.45471428571428574
NIMES CENTRE,CARCASSONNE,12,0.2995702005730659
NIMES CENTRE,CARCASSONNE,13,0.30243553008595986
NIMES CENTRE,CARCASSONNE,14,0.31189111747851
NIMES CENTRE,CARCASSONNE,15,0.31704871060171924
NIMES CENTRE,CARCASSONNE,16,0.3166189111747851
NIMES CENTRE,CARCASSONNE,17,0.31364942528735634
NIMES CENTRE,CARCASSONNE,18,0.31537356321839083
NIMES CENTRE,CARCASSONNE,19,0.31095100864553316
NIMES CENTRE,CARCASSONNE,20,0.30662824207492795
NIMES CENTRE,CARCASSONNE,21,0.3082132564841499
NIMES CENTRE,CARCASSONNE,22,0.31311239193083573
NIMES CENTRE,CARCASSONNE,23,0.3063583815028902
NIMES CENTRE,CARCASSONNE,24,0.29840579710144927
NIMES CENTRE,CARCASSONNE,25,0.3072674418604651
NIMES CENTRE,CARCASSONNE,26,0.3100583090379009
NIMES CENTRE,CARCASSONNE,27,0.3284256559766764
NIMES CENTRE,CARCASSONNE,28,0.3225146198830409
NIMES CENTRE,CARCASSONNE,29,0.2973607038123167
NIMES CENTRE,CARCASSONNE,30,0.030530973451327433
NIMES CENTRE,MONTPELLIER SAINT ROCH,0,0.7297450424929179
NIMES CENTRE,MONTPELLIER SAINT ROCH,1,0.738243626062323
NIMES CENTRE,MONTPELLIER SAINT ROCH,2,0.7454674220963172
NIMES CENTRE,MONTPELLIER SAINT ROCH,3,0.7519830028328611
NIMES CENTRE,MONTPELLIER SAINT ROCH,4,0.571671388101983
NIMES CENTRE,MONTPELLIER SAINT ROCH,5,0.565014164305949
NIMES CENTRE,MONTPELLIER SAINT ROCH,6,0.5804532577903683
NIMES CENTRE,MONTPELLIER SAINT ROCH,7,0.5635977337110482
NIMES CENTRE,MONTPELLIER SAINT ROCH,8,0.5606232294617564
NIMES CENTRE,MONTPELLIER SAINT ROCH,9,0.5531161473087819
NIMES CENTRE,MONTPELLIER SAINT ROCH,10,0.5492917847025496
NIMES CENTRE,MONTPELLIER SAINT ROCH,11,0.5294617563739377
NIMES CENTRE,MONTPELLIER SAINT ROCH,12,0.40667613636363636
NIMES CENTRE,MONTPELLIER SAINT ROCH,13,0.41107954545454545
NIMES CENTRE,MONTPELLIER SAINT ROCH,14,0.4139204545454545
NIMES CENTRE,MONTPELLIER SAINT ROCH,15,0.42045454545454547
NIMES CENTRE,MONTPELLIER SAINT ROCH,16,0.4193181818181818
NIMES CENTRE,MONTPELLIER SAINT ROCH,17,0.4198005698005698
NIMES CENTRE,MONTPELLIER SAINT ROCH,18,0.42264957264957265
NIMES CENTRE,MONTPELLIER SAINT ROCH,19,0.4151428571428572
NIMES CENTRE,MONTPELLIER SAINT ROCH,20,0.4115714285714286
NIMES CENTRE,MONTPELLIER SAINT ROCH,21,0.412
NIMES CENTRE,MONTPELLIER SAINT ROCH,22,0.41800000000000004
NIMES CENTRE,MONTPELLIER SAINT ROCH,23,0.40859598853868195
NIMES CENTRE,MONTPELLIER SAINT ROCH,24,0.40632183908045977
NIMES CENTRE,MONTPELLIER SAINT ROCH,25,0.41340057636887606
NIMES CENTRE,MONTPELLIER SAINT ROCH,26,0.4200867052023121
NIMES CENTRE,MONTPELLIER SAINT ROCH,27,0.43338150289017335
NIMES CENTRE,MONTPELLIER SAINT ROCH,28,0.4240579710144928
NIMES CENTRE,MONTPELLIER SAINT ROCH,29,0.39069767441860465
NIMES CENTRE,MONTPELLIER SAINT ROCH,30,0.043859649122807015
NIMES CENTRE,NARBONNE,0,0.6741428571428572
NIMES CENTRE,NARBONNE,1,0.6921428571428572
NIMES CENTRE,NARBONNE,2,0.701
NIMES CENTRE,NARBONNE,3,0.6981428571428572
NIMES CENTRE,NARBONNE,4,0.4991428571428571
NIMES CENTRE,NARBONNE,5,0.496
NIMES CENTRE,NARBONNE,6,0.5164285714285715
NIMES CENTRE,NARBONNE,7,0.4931428571428571
NIMES CENTRE,NARBONNE,8,0.49498567335243554
NIMES CENTRE,NARBONNE,9,0.486
NIMES CENTRE,NARBONNE,10,0.47457142857142853
NIMES CENTRE,NARBONNE,11,0.45471428571428574
NIMES CENTRE,NARBONNE,12,0.30931232091690547
NIMES CENTRE,NARBONNE,13,0.30515759312320917
NIMES CENTRE,NARBONNE,14,0.3146131805157593
NIMES CENTRE,NARBONNE,15,0.3196275071633238
NIMES CENTRE,NARBONNE,16,0.31618911174785097
NIMES CENTRE,NARBONNE,17,0.31623563218390804
NIMES CENTRE,NARBONNE,18,0.3209770114942529
NIMES CENTRE,NARBONNE,19,0.3172910662824207
NIMES CENTRE,NARBONNE,20,0.3132564841498559
NIMES CENTRE,NARBONNE,21,0.31195965417867433
NIMES CENTRE,NARBONNE,22,0.3177233429394813
NIMES CENTRE,NARBONNE,23,0.3106936416184971
NIMES CENTRE,NARBONNE,24,0.3072463768115942
NIMES CENTRE,NARBONNE,25,0.3168604651162791
NIMES CENTRE,NARBONNE,26,0.32142857142857145
NIMES CENTRE,NARBONNE,27,0.3348396501457726
NIMES CENTRE,NARBONNE,28,0.329093567251462
NIMES CENTRE,NARBONNE,29,0.3055718475073314
NIMES CENTRE,NARBONNE,30,0.03864306784660767
NIMES CENTRE,SETE,0,0.435062893081761
NIMES CENTRE,SETE,1,0.41996855345911954
NIMES CENTRE,SETE,2,0.4111635220125786
NIMES CENTRE,SETE,3,0.4141065830721003
NIMES CENTRE,SETE,4,0.2001572327044025
NIMES CENTRE,SETE,5,0.18679245283018867
NIMES CENTRE,SETE,6,0.17531446540880502
NIMES CENTRE,SETE,7,0.15235849056603776
NIMES CENTRE,SETE,8,0.14276729559748427
NIMES CENTRE,SETE,9,0.13270440251572327
NIMES CENTRE,SETE,10,0.1341692789968652
NIMES CENTRE,SETE,11,0.11776729559748429
NIMES CENTRE,SETE,12,0.02981072555205047
NIMES CENTRE,SETE,13,0.022870662460567823
NIMES CENTRE,SETE,14,0.02009493670886076
NIMES CENTRE,SETE,15,0.019936708860759492
NIMES CENTRE,SETE,16,0.02302839116719243
NIMES CENTRE,SETE,17,0.02145110410094637
NIMES CENTRE,SETE,18,0.0173015873015873
NIMES CENTRE,SETE,19,0.014968152866242038
NIMES CENTRE,SETE,20,0.014536741214057507
NIMES CENTRE,SETE,21,0.019871794871794874
NIMES CENTRE,SETE,22,0.012540192926045015
NIMES CENTRE,SETE,23,0.01064516129032258
NIMES CENTRE,SETE,24,0.012741935483870967
NIMES CENTRE,SETE,25,0.013474025974025972
NIMES CENTRE,SETE,26,0.015635179153094463
NIMES CENTRE,SETE,27,0.013888888888888888
NIMES CENTRE,SETE,28,0.013114754098360656
NIMES CENTRE,SETE,29,0.008881578947368421
NIMES CENTRE,SETE,30,0.002302631578947368
NIMES CENTRE,TOULOUSE MATABIAU,0,0.6651428571428571
NIMES CENTRE,TOULOUSE MATABIAU,1,0.6762857142857143
NIMES CENTRE,TOULOUSE MATABIAU,2,0.6885714285714286
NIMES CENTRE,TOULOUSE MATABIAU,3,0.6897142857142857
NIMES CENTRE,TOULOUSE MATABIAU,4,0.4934285714285714
NIMES CENTRE,TOULOUSE MATABIAU,5,0.4967142857142857
NIMES CENTRE,TOULOUSE MATABIAU,6,0.511
NIMES CENTRE,TOULOUSE MATABIAU,7,0.4947142857142857
NIMES CENTRE,TOULOUSE MATABIAU,8,0.49326647564469916
NIMES CENTRE,TOULOUSE MATABIAU,9,0.489
NIMES CENTRE,TOULOUSE MATABIAU,10,0.4777142857142857
NIMES CENTRE,TOULOUSE MATABIAU,11,0.45385714285714285
NIMES CENTRE,TOULOUSE MATABIAU,12,0.3011461318051576
NIMES CENTRE,TOULOUSE MATABIAU,13,0.30601719197707733
NIMES CENTRE,TOULOUSE MATABIAU,14,0.31002865329512896
NIMES CENTRE,TOULOUSE MATABIAU,15,0.31762177650429796
NIMES CENTRE,TOULOUSE MATABIAU,16,0.3140401146131805
NIMES CENTRE,TOULOUSE MATABIAU,17,0.31206896551724134
NIMES CENTRE,TOULOUSE MATABIAU,18,0.3146551724137931
NIMES CENTRE,TOULOUSE MATABIAU,19,0.3100864553314121
NIMES CENTRE,TOULOUSE MATABIAU,20,0.3048991354466859
NIMES CENTRE,TOULOUSE MATABIAU,21,0.3061959654178674
NIMES CENTRE,TOULOUSE MATABIAU,22,0.3132564841498559
NIMES CENTRE,TOULOUSE MATABIAU,23,0.3060693641618497
NIMES CENTRE,TOULOUSE MATABIAU,24,0.29840579710144927
NIMES CENTRE,TOULOUSE MATABIAU,25,0.3066860465116279
NIMES CENTRE,TOULOUSE MATABIAU,26,0.3106413994169096
NIMES CENTRE,TOULOUSE MATABIAU,27,0.3293002915451895
NIMES CENTRE,TOULOUSE MATABIAU,28,0.32412280701754387
NIMES CENTRE,TOULOUSE MATABIAU,29,0.30337243401759534
NIMES CENTRE,TOULOUSE MATABIAU,30,0.03215339233038348
NIMES PONT DU GARD,BEZIERS,0,0.3833333333333333
NIMES PONT DU GARD,BEZIERS,1,0.6
NIMES PONT DU GARD,BEZIERS,2,0.6166666666666667
NIMES PONT DU GARD,BEZIERS,3,0.6333333333333333
NIMES PONT DU GARD,BEZIERS,4,0.43333333333333335
NIMES PONT DU GARD,BEZIERS,5,0.6166666666666667
NIMES PONT DU GARD,BEZIERS,6,0.6
NIMES PONT DU GARD,BEZIERS,7,0.35000000000000003
NIMES PONT DU GARD,BEZIERS,8,0.35000000000000003
NIMES PONT DU GARD,BEZIERS,9,0.35000000000000003
NIMES PONT DU GARD,BEZIERS,10,0.31666666666666665
NIMES PONT DU GARD,BEZIERS,11,0.3333333333333333
NIMES PONT DU GARD,BEZIERS,12,0.6666666666666666
NIMES PONT DU GARD,BEZIERS,13,0.6666666666666666
NIMES PONT DU GARD,BEZIERS,14,0.65
NIMES PONT DU GARD,BEZIERS,15,0.6666666666666666
NIMES PONT DU GARD,BEZIERS,16,0.65
NIMES PONT DU GARD,BEZIERS,17,0.65
NIMES PONT DU GARD,BEZIERS,18,0.6666666666666666
NIMES PONT DU GARD,BEZIERS,19,0.6666666666666666
NIMES PONT DU GARD,BEZIERS,20,0.6166666666666667
NIMES PONT DU GARD,BEZIERS,21,0.3666666666666667
NIMES PONT DU GARD,BEZIERS,22,0.3333333333333333
NIMES PONT DU GARD,BEZIERS,23,0.3333333333333333
NIMES PONT DU GARD,BEZIERS,24,0.3333333333333333
NIMES PONT DU GARD,BEZIERS,25,0.3333333333333333
NIMES PONT DU GARD,BEZIERS,26,0.3333333333333333
NIMES PONT DU GARD,BEZIERS,27,0.3333333333333333
NIMES PONT DU GARD,BEZIERS,28,0.31666666666666665
NIMES PONT DU GARD,BEZIERS,29,0.2833333333333333
NIMES PONT DU GARD,BEZIERS,30,0.049999999999999996
NIMES PONT DU GARD,CARCASSONNE,0,0.03333333333333333
NIMES PONT DU GARD,CARCASSONNE,1,0.13333333333333333
NIMES PONT DU GARD,CARCASSONNE,2,0.26666666666666666
NIMES PONT DU GARD,CARCASSONNE,3,0.3166666666666667
NIMES PONT DU GARD,CARCASSONNE,4,0.3333333333333333
NIMES PONT DU GARD,CARCASSONNE,5,0.35000000000000003
NIMES PONT DU GARD,CARCASSONNE,6,0.3333333333333333
NIMES PONT DU GARD,CARCASSONNE,7,0.3333333333333333
NIMES PONT DU GARD,CARCASSONNE,8,0.3333333333333333
NIMES PONT DU GARD,CARCASSONNE,9,0.3333333333333333
NIMES PONT DU GARD,CARCASSONNE,10,0.31666666666666665
NIMES PONT DU GARD,CARCASSONNE,11,0.3333333333333333
NIMES PONT DU GARD,CARCASSONNE,12,0.35000000000000003
NIMES PONT DU GARD,CARCASSONNE,13,0.3333333333333333
NIMES PONT DU GARD,CARCASSONNE,14,0.35000000000000003
NIMES PONT DU GARD,CARCASSONNE,15,0.3333333333333333
NIMES PONT DU GARD,CARCASSONNE,16,0.3333333333333333
NIMES PONT DU GARD,CARCASSONNE,17,0.3333333333333333
NIMES PONT DU GARD,CARCASSONNE,18,0.3333333333333333
NIMES PONT DU GARD,CARCASSONNE,19,0.31666666666666665
NIMES PONT DU GARD,CARCASSONNE,20,0.2833333333333333
NIMES PONT DU GARD,CARCASSONNE,21,0.049999999999999996
NIMES PONT DU GARD,CARCASSONNE,22,0.03333333333333333
NIMES PONT DU GARD,CARCASSONNE,23,0.016666666666666666
NIMES PONT DU GARD,CARCASSONNE,24,0.0
NIMES PONT DU GARD,CARCASSONNE,25,0.0
NIMES PONT DU GARD,CARCASSONNE,26,0.016666666666666666
NIMES PONT DU GARD,CARCASSONNE,27,0.016666666666666666
NIMES PONT DU GARD,CARCASSONNE,28,0.016666666666666666
NIMES PONT DU GARD,CARCASSONNE,29,0.016666666666666666
NIMES PONT DU GARD,CARCASSONNE,30,0.0
NIMES PONT DU GARD,MONTPELLIER SUD DE FRANCE,0,0.4166666666666667
NIMES PONT DU GARD,MONTPELLIER SUD DE FRANCE,1,0.6166666666666667
NIMES PONT DU GARD,MONTPELLIER SUD DE FRANCE,2,0.65
NIMES PONT DU GARD,MONTPELLIER SUD DE FRANCE,3,0.6166666666666667
NIMES PONT DU GARD,MONTPELLIER SUD DE FRANCE,4,0.3666666666666667
NIMES PONT DU GARD,MONTPELLIER SUD DE FRANCE,5,0.6333333333333333
NIMES PONT DU GARD,MONTPELLIER SUD DE FRANCE,6,0.6333333333333333
NIMES PONT DU GARD,MONTPELLIER SUD DE FRANCE,7,0.3333333333333333
NIMES PONT DU GARD,MONTPELLIER SUD DE FRANCE,8,0.3333333333333333
NIMES PONT DU GARD,MONTPELLIER SUD DE FRANCE,9,0.35000000000000003
NIMES PONT DU GARD,MONTPELLIER SUD DE FRANCE,10,0.3333333333333333
NIMES PONT DU GARD,MONTPELLIER SUD DE FRANCE,11,0.35000000000000003
NIMES PONT DU GARD,MONTPELLIER SUD DE FRANCE,12,0.65
NIMES PONT DU GARD,MONTPELLIER SUD DE FRANCE,13,0.65
NIMES PONT DU GARD,MONTPELLIER SUD DE FRANCE,14,0.6666666666666666
NIMES PONT DU GARD,MONTPELLIER SUD DE FRANCE,15,0.6666666666666666
NIMES PONT DU GARD,MONTPELLIER SUD DE FRANCE,16,0.6666666666666666
NIMES PONT DU GARD,MONTPELLIER SUD DE FRANCE,17,0.65
NIMES PONT DU GARD,MONTPELLIER SUD DE FRANCE,18,0.65
NIMES PONT DU GARD,MONTPELLIER SUD DE FRANCE,19,0.6666666666666666
NIMES PONT DU GARD,MONTPELLIER SUD DE FRANCE,20,0.6333333333333333
NIMES PONT DU GARD,MONTPELLIER SUD DE FRANCE,21,0.39999999999999997
NIMES PONT DU GARD,MONTPELLIER SUD DE FRANCE,22,0.35000000000000003
NIMES PONT DU GARD,MONTPELLIER SUD DE FRANCE,23,0.3333333333333333
NIMES PONT DU GARD,MONTPELLIER SUD DE FRANCE,24,0.31666666666666665
NIMES PONT DU GARD,MONTPELLIER SUD DE FRANCE,25,0.35000000000000003
NIMES PONT DU GARD,MONTPELLIER SUD DE FRANCE,26,0.35000000000000003
NIMES PONT DU GARD,MONTPELLIER SUD DE FRANCE,27,0.35000000000000003
NIMES PONT DU GARD,MONTPELLIER SUD DE FRANCE,28,0.3333333333333333
NIMES PONT DU GARD,MONTPELLIER SUD DE FRANCE,29,0.31666666666666665
NIMES PONT DU GARD,MONTPELLIER SUD DE FRANCE,30,0.049999999999999996
NIMES PONT DU GARD,NARBONNE,0,0.45
NIMES PONT DU GARD,NARBONNE,1,0.5833333333333334
NIMES PONT DU GARD,NARBONNE,2,0.65
NIMES PONT DU GARD,NARBONNE,3,0.65
NIMES PONT DU GARD,NARBONNE,4,0.39999999999999997
NIMES PONT DU GARD,NARBONNE,5,0.6666666666666666
NIMES PONT DU GARD,NARBONNE,6,0.65
NIMES PONT DU GARD,NARBONNE,7,0.35000000000000003
NIMES PONT DU GARD,NARBONNE,8,0.35000000000000003
NIMES PONT DU GARD,NARBONNE,9,0.3333333333333333
NIMES PONT DU GARD,NARBONNE,10,0.3333333333333333
NIMES PONT DU GARD,NARBONNE,11,0.3333333333333333
NIMES PONT DU GARD,NARBONNE,12,0.65
NIMES PONT DU GARD,NARBONNE,13,0.6666666666666666
NIMES PONT DU GARD,NARBONNE,14,0.6833333333333332
NIMES PONT DU GARD,NARBONNE,15,0.6833333333333332
NIMES PONT DU GARD,NARBONNE,16,0.6666666666666666
NIMES PONT DU GARD,NARBONNE,17,0.65
NIMES PONT DU GARD,NARBONNE,18,0.65
NIMES PONT DU GARD,NARBONNE,19,0.6333333333333333
NIMES PONT DU GARD,NARBONNE,20,0.5833333333333334
NIMES PONT DU GARD,NARBONNE,21,0.3833333333333333
NIMES PONT DU GARD,NARBONNE,22,0.35000000000000003
NIMES PONT DU GARD,NARBONNE,23,0.35000000000000003
NIMES PONT DU GARD,NARBONNE,24,0.3333333333333333
NIMES PONT DU GARD,NARBONNE,25,0.3333333333333333
NIMES PONT DU GARD,NARBONNE,26,0.3333333333333333
NIMES PONT DU GARD,NARBONNE,27,0.3333333333333333
NIMES PONT DU GARD,NARBONNE,28,0.3333333333333333
NIMES PONT DU GARD,NARBONNE,29,0.31666666666666665
NIMES PONT DU GARD,NARBONNE,30,0.049999999999999996
NIMES PONT DU GARD,SETE,0,0.0
NIMES PONT DU GARD,SETE,1,0.0
NIMES PONT DU GARD,SETE,2,0.025
NIMES PONT DU GARD,SETE,3,0.0
NIMES PONT DU GARD,SETE,4,0.075
NIMES PONT DU GARD,SETE,5,0.425
NIMES PONT DU GARD,SETE,6,0.47500000000000003
NIMES PONT DU GARD,SETE,7,0.025
NIMES PONT DU GARD,SETE,8,0.025
NIMES PONT DU GARD,SETE,9,0.0
NIMES PONT DU GARD,SETE,10,0.0
NIMES PONT DU GARD,SETE,11,0.0
NIMES PONT DU GARD,SETE,12,0.0
NIMES PONT DU GARD,SETE,13,0.0
NIMES PONT DU GARD,SETE,14,0.0
NIMES PONT DU GARD,SETE,15,0.0
NIMES PONT DU GARD,SETE,16,0.0
NIMES PONT DU GARD,SETE,17,0.0
NIMES PONT DU GARD,SETE,18,0.0
NIMES PONT DU GARD,SETE,19,0.0
NIMES PONT DU GARD,SETE,20,0.0
NIMES PONT DU GARD,SETE,21,0.0
NIMES PONT DU GARD,SETE,22,0.0
NIMES PONT DU GARD,SETE,23,0.0
NIMES PONT DU GARD,SETE,24,0.0
NIMES PONT DU GARD,SETE,25,0.0
NIMES PONT DU GARD,SETE,26,0.0
NIMES PONT DU GARD,SETE,27,0.0
NIMES PONT DU GARD,SETE,28,0.0
NIMES PONT DU GARD,SETE,29,0.0
NIMES PONT DU GARD,SETE,30,0.0
NIMES PONT DU GARD,TOULOUSE MATABIAU,0,0.016666666666666666
NIMES PONT DU GARD,TOULOUSE MATABIAU,1,0.03333333333333333
NIMES PONT DU GARD,TOULOUSE MATABIAU,2,0.23333333333333336
NIMES PONT DU GARD,TOULOUSE MATABIAU,3,0.31666666666666665
NIMES PONT DU GARD,TOULOUSE MATABIAU,4,0.3666666666666667
NIMES PONT DU GARD,TOULOUSE MATABIAU,5,0.35000000000000003
NIMES PONT DU GARD,TOULOUSE MATABIAU,6,0.3333333333333333
NIMES PONT DU GARD,TOULOUSE MATABIAU,7,0.35000000000000003
NIMES PONT DU GARD,TOULOUSE MATABIAU,8,0.3333333333333333
NIMES PONT DU GARD,TOULOUSE MATABIAU,9,0.35000000000000003
NIMES PONT DU GARD,TOULOUSE MATABIAU,10,0.3333333333333333
NIMES PONT DU GARD,TOULOUSE MATABIAU,11,0.35000000000000003
NIMES PONT DU GARD,TOULOUSE MATABIAU,12,0.3333333333333333
NIMES PONT DU GARD,TOULOUSE MATABIAU,13,0.35000000000000003
NIMES PONT DU GARD,TOULOUSE MATABIAU,14,0.3333333333333333
NIMES PONT DU GARD,TOULOUSE MATABIAU,15,0.3333333333333333
NIMES PONT DU GARD,TOULOUSE MATABIAU,16,0.3333333333333333
NIMES PONT DU GARD,TOULOUSE MATABIAU,17,0.3333333333333333
NIMES PONT DU GARD,TOULOUSE MATABIAU,18,0.3333333333333333
NIMES PONT DU GARD,TOULOUSE MATABIAU,19,0.3
NIMES PONT DU GARD,TOULOUSE MATABIAU,20,0.26666666666666666
NIMES PONT DU GARD,TOULOUSE MATABIAU,21,0.049999999999999996
NIMES PONT DU GARD,TOULOUSE MATABIAU,22,0.0
NIMES PONT DU GARD,TOULOUSE MATABIAU,23,0.0
NIMES PONT DU GARD,TOULOUSE MATABIAU,24,0.0
NIMES PONT DU GARD,TOULOUSE MATABIAU,25,0.0
NIMES PONT DU GARD,TOULOUSE MATABIAU,26,0.016666666666666666
NIMES PONT DU GARD,TOULOUSE MATABIAU,27,0.0
NIMES PONT DU GARD,TOULOUSE MATABIAU,28,0.0
NIMES PONT DU GARD,TOULOUSE MATABIAU,29,0.0
NIMES PONT DU GARD,TOULOUSE MATABIAU,30,0.0
PARIS (intramuros),BEZIERS,0,0.0
PARIS (intramuros),BEZIERS,1,0.0
PARIS (intramuros),BEZIERS,2,0.0
PARIS (intramuros),BEZIERS,3,0.0
PARIS (intramuros),BEZIERS,4,0.0125
PARIS (intramuros),BEZIERS,5,0.0
PARIS (intramuros),BEZIERS,6,0.0
PARIS (intramuros),BEZIERS,7,0.0
PARIS (intramuros),BEZIERS,8,0.0
PARIS (intramuros),BEZIERS,9,0.0
PARIS (intramuros),BEZIERS,10,0.0
PARIS (intramuros),BEZIERS,11,0.0
PARIS (intramuros),BEZIERS,12,0.0125
PARIS (intramuros),BEZIERS,13,0.0
PARIS (intramuros),BEZIERS,14,0.0
PARIS (intramuros),BEZIERS,15,0.0
PARIS (intramuros),BEZIERS,16,0.0
PARIS (intramuros),BEZIERS,17,0.0
PARIS (intramuros),BEZIERS,18,0.0
PARIS (intramuros),BEZIERS,19,0.0125
PARIS (intramuros),BEZIERS,20,0.0
PARIS (intramuros),BEZIERS,21,0.0
PARIS (intramuros),BEZIERS,22,0.0
PARIS (intramuros),BEZIERS,23,0.0
PARIS (intramuros),BEZIERS,24,0.0
PARIS (intramuros),BEZIERS,25,0.0
PARIS (intramuros),BEZIERS,26,0.0
PARIS (intramuros),BEZIERS,27,0.0
PARIS (intramuros),BEZIERS,28,0.0
PARIS (intramuros),BEZIERS,29,0.0
PARIS (intramuros),BEZIERS,30,0.0
PARIS (intramuros),CARCASSONNE,0,0.025
PARIS (intramuros),CARCASSONNE,1,0.0375
PARIS (intramuros),CARCASSONNE,2,0.0
PARIS (intramuros),CARCASSONNE,3,0.0
PARIS (intramuros),CARCASSONNE,4,0.0125
PARIS (intramuros),CARCASSONNE,5,0.0125
PARIS (intramuros),CARCASSONNE,6,0.0
PARIS (intramuros),CARCASSONNE,7,0.0
PARIS (intramuros),CARCASSONNE,8,0.0
PARIS (intramuros),CARCASSONNE,9,0.0
PARIS (intramuros),CARCASSONNE,10,0.0
PARIS (intramuros),CARCASSONNE,11,0.0
PARIS (intramuros),CARCASSONNE,12,0.0
PARIS (intramuros),CARCASSONNE,13,0.0
PARIS (intramuros),CARCASSONNE,14,0.0
PARIS (intramuros),CARCASSONNE,15,0.0
PARIS (intramuros),CARCASSONNE,16,0.0
PARIS (intramuros),CARCASSONNE,17,0.0
PARIS (intramuros),CARCASSONNE,18,0.0
PARIS (intramuros),CARCASSONNE,19,0.0
PARIS (intramuros),CARCASSONNE,20,0.0
PARIS (intramuros),CARCASSONNE,21,0.0
PARIS (intramuros),CARCASSONNE,22,0.0
PARIS (intramuros),CARCASSONNE,23,0.0
PARIS (intramuros),CARCASSONNE,24,0.0125
PARIS (intramuros),CARCASSONNE,25,0.0125
PARIS (intramuros),CARCASSONNE,26,0.0125
PARIS (intramuros),CARCASSONNE,27,0.0125
PARIS (intramuros),CARCASSONNE,28,0.0
PARIS (intramuros),CARCASSONNE,29,0.0
PARIS (intramuros),CARCASSONNE,30,0.0
PARIS (intramuros),LYON (intramuros),0,0.075
PARIS (intramuros),LYON (intramuros),1,0.2125
PARIS (intramuros),LYON (intramuros),2,0.0375
PARIS (intramuros),LYON (intramuros),3,0.0
PARIS (intramuros),LYON (intramuros),4,0.0
PARIS (intramuros),LYON (intramuros),5,0.0
PARIS (intramuros),LYON (intramuros),6,0.0
PARIS (intramuros),LYON (intramuros),7,0.0
PARIS (intramuros),LYON (intramuros),8,0.0
PARIS (intramuros),LYON (intramuros),9,0.0
PARIS (intramuros),LYON (intramuros),10,0.0
PARIS (intramuros),LYON (intramuros),11,0.0
PARIS (intramuros),LYON (intramuros),12,0.0
PARIS (intramuros),LYON (intramuros),13,0.0
PARIS (intramuros),LYON (intramuros),14,0.0
PARIS (intramuros),LYON (intramuros),15,0.0
PARIS (intramuros),LYON (intramuros),16,0.0
PARIS (intramuros),LYON (intramuros),17,0.0
PARIS (intramuros),LYON (intramuros),18,0.0
PARIS (intramuros),LYON (intramuros),19,0.0
PARIS (intramuros),LYON (intramuros),20,0.0
PARIS (intramuros),LYON (intramuros),21,0.0
PARIS (intramuros),LYON (intramuros),22,0.0
PARIS (intramuros),LYON (intramuros),23,0.0
PARIS (intramuros),LYON (intramuros),24,0.0
PARIS (intramuros),LYON (intramuros),25,0.0
PARIS (intramuros),LYON (intramuros),26,0.0
PARIS (intramuros),LYON (intramuros),27,0.0
PARIS (intramuros),LYON (intramuros),28,0.0
PARIS (intramuros),LYON (intramuros),29,0.0
PARIS (intramuros),LYON (intramuros),30,0.0
PARIS (intramuros),MONTPELLIER SAINT ROCH,0,0.0
PARIS (intramuros),MONTPELLIER SAINT ROCH,1,0.025
PARIS (intramuros),MONTPELLIER SAINT ROCH,2,0.0
PARIS (intramuros),MONTPELLIER SAINT ROCH,3,0.0
PARIS (intramuros),MONTPELLIER SAINT ROCH,4,0.0
PARIS (intramuros),MONTPELLIER SAINT ROCH,5,0.0
PARIS (intramuros),MONTPELLIER SAINT ROCH,6,0.0
PARIS (intramuros),MONTPELLIER SAINT ROCH,7,0.0
PARIS (intramuros),MONTPELLIER SAINT ROCH,8,0.0
PARIS (intramuros),MONTPELLIER SAINT ROCH,9,0.0
PARIS (intramuros),MONTPELLIER SAINT ROCH,10,0.0
PARIS (intramuros),MONTPELLIER SAINT ROCH,11,0.0
PARIS (intramuros),MONTPELLIER SAINT ROCH,12,0.0125
PARIS (intramuros),MONTPELLIER SAINT ROCH,13,0.0
PARIS (intramuros),MONTPELLIER SAINT ROCH,14,0.0
PARIS (intramuros),MONTPELLIER SAINT ROCH,15,0.0
PARIS (intramuros),MONTPELLIER SAINT ROCH,16,0.0
PARIS (intramuros),MONTPELLIER SAINT ROCH,17,0.0
PARIS (intramuros),MONTPELLIER SAINT ROCH,18,0.0
PARIS (intramuros),MONTPELLIER SAINT ROCH,19,0.0125
PARIS (intramuros),MONTPELLIER SAINT ROCH,20,0.0
PARIS (intramuros),MONTPELLIER SAINT ROCH,21,0.0
PARIS (intramuros),MONTPELLIER SAINT ROCH,22,0.0
PARIS (intramuros),MONTPELLIER SAINT ROCH,23,0.0
PARIS (intramuros),MONTPELLIER SAINT ROCH,24,0.0
PARIS (intramuros),MONTPELLIER SAINT ROCH,25,0.0
PARIS (intramuros),MONTPELLIER SAINT ROCH,26,0.0
PARIS (intramuros),MONTPELLIER SAINT ROCH,27,0.0
PARIS (intramuros),MONTPELLIER SAINT ROCH,28,0.0
PARIS (intramuros),MONTPELLIER SAINT ROCH,29,0.0
PARIS (intramuros),MONTPELLIER SAINT ROCH,30,0.0
PARIS (intramuros),NARBONNE,0,0.025
PARIS (intramuros),NARBONNE,1,0.0
PARIS (intramuros),NARBONNE,2,0.0125
PARIS (intramuros),NARBONNE,3,0.0
PARIS (intramuros),NARBONNE,4,0.0125
PARIS (intramuros),NARBONNE,5,0.0
PARIS (intramuros),NARBONNE,6,0.0125
PARIS (intramuros),NARBONNE,7,0.0125
PARIS (intramuros),NARBONNE,8,0.0
PARIS (intramuros),NARBONNE,9,0.0
PARIS (intramuros),NARBONNE,10,0.025
PARIS (intramuros),NARBONNE,11,0.0125
PARIS (intramuros),NARBONNE,12,0.0
PARIS (intramuros),NARBONNE,13,0.0
PARIS (intramuros),NARBONNE,14,0.0
PARIS (intramuros),NARBONNE,15,0.0
PARIS (intramuros),NARBONNE,16,0.0
PARIS (intramuros),NARBONNE,17,0.0
PARIS (intramuros),NARBONNE,18,0.0
PARIS (intramuros),NARBONNE,19,0.0
PARIS (intramuros),NARBONNE,20,0.0
PARIS (intramuros),NARBONNE,21,0.0
PARIS (intramuros),NARBONNE,22,0.0
PARIS (intramuros),NARBONNE,23,0.0
PARIS (intramuros),NARBONNE,24,0.0
PARIS (intramuros),NARBONNE,25,0.0
PARIS (intramuros),NARBONNE,26,0.0
PARIS (intramuros),NARBONNE,27,0.0
PARIS (intramuros),NARBONNE,28,0.0
PARIS (intramuros),NARBONNE,29,0.0
PARIS (intramuros),NARBONNE,30,0.0
PARIS (intramuros),NIMES CENTRE,0,0.0
PARIS (intramuros),NIMES CENTRE,1,0.0125
PARIS (intramuros),NIMES CENTRE,2,0.0
PARIS (intramuros),NIMES CENTRE,3,0.0
PARIS (intramuros),NIMES CENTRE,4,0.0
PARIS (intramuros),NIMES CENTRE,5,0.0
PARIS (intramuros),NIMES CENTRE,6,0.0
PARIS (intramuros),NIMES CENTRE,7,0.0
PARIS (intramuros),NIMES CENTRE,8,0.0
PARIS (intramuros),NIMES CENTRE,9,0.0
PARIS (intramuros),NIMES CENTRE,10,0.0
PARIS (intramuros),NIMES CENTRE,11,0.0
PARIS (intramuros),NIMES CENTRE,12,0.0
PARIS (intramuros),NIMES CENTRE,13,0.0
PARIS (intramuros),NIMES CENTRE,14,0.0
PARIS (intramuros),NIMES CENTRE,15,0.0
PARIS (intramuros),NIMES CENTRE,16,0.0
PARIS (intramuros),NIMES CENTRE,17,0.0
PARIS (intramuros),NIMES CENTRE,18,0.0
PARIS (intramuros),NIMES CENTRE,19,0.0
PARIS (intramuros),NIMES CENTRE,20,0.0
PARIS (intramuros),NIMES CENTRE,21,0.0
PARIS (intramuros),NIMES CENTRE,22,0.0
PARIS (intramuros),NIMES CENTRE,23,0.0
PARIS (intramuros),NIMES CENTRE,24,0.0
PARIS (intramuros),NIMES CENTRE,25,0.0
PARIS (intramuros),NIMES CENTRE,26,0.0
PARIS (intramuros),NIMES CENTRE,27,0.0
PARIS (intramuros),NIMES CENTRE,28,0.0
PARIS (intramuros),NIMES CENTRE,29,0.0
PARIS (intramuros),NIMES CENTRE,30,0.0
PARIS (intramuros),TOULOUSE MATABIAU,0,0.0
PARIS (intramuros),TOULOUSE MATABIAU,1,0.0125
PARIS (intramuros),TOULOUSE MATABIAU,2,0.0
PARIS (intramuros),TOULOUSE MATABIAU,3,0.0
PARIS (intramuros),TOULOUSE MATABIAU,4,0.025
PARIS (intramuros),TOULOUSE MATABIAU,5,0.0125
PARIS (intramuros),TOULOUSE MATABIAU,6,0.0
PARIS (intramuros),TOULOUSE MATABIAU,7,0.0
PARIS (intramuros),TOULOUSE MATABIAU,8,0.0
PARIS (intramuros),TOULOUSE MATABIAU,9,0.0
PARIS (intramuros),TOULOUSE MATABIAU,10,0.0
PARIS (intramuros),TOULOUSE MATABIAU,11,0.0
PARIS (intramuros),TOULOUSE MATABIAU,12,0.0
PARIS (intramuros),TOULOUSE MATABIAU,13,0.0
PARIS (intramuros),TOULOUSE MATABIAU,14,0.0
PARIS (intramuros),TOULOUSE MATABIAU,15,0.0125
PARIS (intramuros),TOULOUSE MATABIAU,16,0.0
PARIS (intramuros),TOULOUSE MATABIAU,17,0.0
PARIS (intramuros),TOULOUSE MATABIAU,18,0.0
PARIS (intramuros),TOULOUSE MATABIAU,19,0.0
PARIS (intramuros),TOULOUSE MATABIAU,20,0.0
PARIS (intramuros),TOULOUSE MATABIAU,21,0.0
PARIS (intramuros),TOULOUSE MATABIAU,22,0.0
PARIS (intramuros),TOULOUSE MATABIAU,23,0.0
PARIS (intramuros),TOULOUSE MATABIAU,24,0.0
PARIS (intramuros),TOULOUSE MATABIAU,25,0.0
PARIS (intramuros),TOULOUSE MATABIAU,26,0.0
PARIS (intramuros),TOULOUSE MATABIAU,27,0.0
PARIS (intramuros),TOULOUSE MATABIAU,28,0.0
PARIS (intramuros),TOULOUSE MATABIAU,29,0.0125
PARIS (intramuros),TOULOUSE MATABIAU,30,0.0
PARIS (intramuros),VALENCE VILLE,0,0.0
PARIS (intramuros),VALENCE VILLE,1,0.025
PARIS (intramuros),VALENCE VILLE,2,0.0
PARIS (intramuros),VALENCE VILLE,3,0.0
PARIS (intramuros),VALENCE VILLE,4,0.0
PARIS (intramuros),VALENCE VILLE,5,0.0
PARIS (intramuros),VALENCE VILLE,6,0.0
PARIS (intramuros),VALENCE VILLE,7,0.0
PARIS (intramuros),VALENCE VILLE,8,0.0
PARIS (intramuros),VALENCE VILLE,9,0.0
PARIS (intramuros),VALENCE VILLE,10,0.0
PARIS (intramuros),VALENCE VILLE,11,0.0
PARIS (intramuros),VALENCE VILLE,12,0.0
PARIS (intramuros),VALENCE VILLE,13,0.0
PARIS (intramuros),VALENCE VILLE,14,0.0
PARIS (intramuros),VALENCE VILLE,15,0.0
PARIS (intramuros),VALENCE VILLE,16,0.0
PARIS (intramuros),VALENCE VILLE,17,0.0
PARIS (intramuros),VALENCE VILLE,18,0.0
PARIS (intramuros),VALENCE VILLE,19,0.0
PARIS (intramuros),VALENCE VILLE,20,0.0
PARIS (intramuros),VALENCE VILLE,21,0.0
PARIS (intramuros),VALENCE VILLE,22,0.0
PARIS (intramuros),VALENCE VILLE,23,0.0
PARIS (intramuros),VALENCE VILLE,24,0.0
PARIS (intramuros),VALENCE VILLE,25,0.0
PARIS (intramuros),VALENCE VILLE,26,0.0125
PARIS (intramuros),VALENCE VILLE,27,0.0125
PARIS (intramuros),VALENCE VILLE,28,0.0
PARIS (intramuros),VALENCE VILLE,29,0.0
PARIS (intramuros),VALENCE VILLE,30,0.0
ROUEN RIVE DROITE,AIME LA PLAGNE,0,1.0
ROUEN RIVE DROITE,AIME LA PLAGNE,1,1.0
ROUEN RIVE DROITE,AIME LA PLAGNE,2,0.575
ROUEN RIVE DROITE,AIME LA PLAGNE,3,0.525
ROUEN RIVE DROITE,AIME LA PLAGNE,4,0.55
ROUEN RIVE DROITE,AIME LA PLAGNE,5,0.5
ROUEN RIVE DROITE,AIME LA PLAGNE,6,0.5
ROUEN RIVE DROITE,AIME LA PLAGNE,7,0.5
ROUEN RIVE DROITE,AIME LA PLAGNE,8,0.5
ROUEN RIVE DROITE,AIME LA PLAGNE,9,0.5
ROUEN RIVE DROITE,AIME LA PLAGNE,10,0.5
ROUEN RIVE DROITE,AIME LA PLAGNE,11,0.5
ROUEN RIVE DROITE,AIME LA PLAGNE,12,0.025
ROUEN RIVE DROITE,AIME LA PLAGNE,13,0.025
ROUEN RIVE DROITE,AIME LA PLAGNE,14,0.1
ROUEN RIVE DROITE,AIME LA PLAGNE,15,0.47500000000000003
ROUEN RIVE DROITE,AIME LA PLAGNE,16,0.425
ROUEN RIVE DROITE,AIME LA PLAGNE,17,0.1
ROUEN RIVE DROITE,AIME LA PLAGNE,18,0.0
ROUEN RIVE DROITE,AIME LA PLAGNE,19,0.0
ROUEN RIVE DROITE,AIME LA PLAGNE,20,0.0
ROUEN RIVE DROITE,AIME LA PLAGNE,21,0.0
ROUEN RIVE DROITE,AIME LA PLAGNE,22,0.0
ROUEN RIVE DROITE,AIME LA PLAGNE,23,0.0
ROUEN RIVE DROITE,AIME LA PLAGNE,24,0.0
ROUEN RIVE DROITE,AIME LA PLAGNE,25,0.0
ROUEN RIVE DROITE,AIME LA PLAGNE,26,0.0
ROUEN RIVE DROITE,AIME LA PLAGNE,27,0.0
ROUEN RIVE DROITE,AIME LA PLAGNE,28,0.0
ROUEN RIVE DROITE,AIME LA PLAGNE,29,0.0
ROUEN RIVE DROITE,AIME LA PLAGNE,30,0.0
ROUEN RIVE DROITE,ALBERTVILLE,0,0.975
ROUEN RIVE DROITE,ALBERTVILLE,1,0.95
ROUEN RIVE DROITE,ALBERTVILLE,2,0.575
ROUEN RIVE DROITE,ALBERTVILLE,3,0.525
ROUEN RIVE DROITE,ALBERTVILLE,4,0.5
ROUEN RIVE DROITE,ALBERTVILLE,5,0.5
ROUEN RIVE DROITE,ALBERTVILLE,6,0.5
ROUEN RIVE DROITE,ALBERTVILLE,7,0.5
ROUEN RIVE DROITE,ALBERTVILLE,8,0.5
ROUEN RIVE DROITE,ALBERTVILLE,9,0.5
ROUEN RIVE DROITE,ALBERTVILLE,10,0.5
ROUEN RIVE DROITE,ALBERTVILLE,11,0.5
ROUEN RIVE DROITE,ALBERTVILLE,12,0.05
ROUEN RIVE DROITE,ALBERTVILLE,13,0.05
ROUEN RIVE DROITE,ALBERTVILLE,14,0.075
ROUEN RIVE DROITE,ALBERTVILLE,15,0.425
ROUEN RIVE DROITE,ALBERTVILLE,16,0.45
ROUEN RIVE DROITE,ALBERTVILLE,17,0.075
ROUEN RIVE DROITE,ALBERTVILLE,18,0.025
ROUEN RIVE DROITE,ALBERTVILLE,19,0.0
ROUEN RIVE DROITE,ALBERTVILLE,20,0.0
ROUEN RIVE DROITE,ALBERTVILLE,21,0.0
ROUEN RIVE DROITE,ALBERTVILLE,22,0.0
ROUEN RIVE DROITE,ALBERTVILLE,23,0.0
ROUEN RIVE DROITE,ALBERTVILLE,24,0.0
ROUEN RIVE DROITE,ALBERTVILLE,25,0.0
ROUEN RIVE DROITE,ALBERTVILLE,26,0.0
ROUEN RIVE DROITE,ALBERTVILLE,27,0.0
ROUEN RIVE DROITE,ALBERTVILLE,28,0.0
ROUEN RIVE DROITE,ALBERTVILLE,29,0.0
ROUEN RIVE DROITE,ALBERTVILLE,30,0.0
ROUEN RIVE DROITE,BOURG SAINT MAURICE,0,1.0
ROUEN RIVE DROITE,BOURG SAINT MAURICE,1,0.975
ROUEN RIVE DROITE,BOURG SAINT MAURICE,2,0.575
ROUEN RIVE DROITE,BOURG SAINT MAURICE,3,0.575
ROUEN RIVE DROITE,BOURG SAINT MAURICE,4,0.5
ROUEN RIVE DROITE,BOURG SAINT MAURICE,5,0.5
ROUEN RIVE DROITE,BOURG SAINT MAURICE,6,0.55
ROUEN RIVE DROITE,BOURG SAINT MAURICE,7,0.55
ROUEN RIVE DROITE,BOURG SAINT MAURICE,8,0.55
ROUEN RIVE DROITE,BOURG SAINT MAURICE,9,0.525
ROUEN RIVE DROITE,BOURG SAINT MAURICE,10,0.525
ROUEN RIVE DROITE,BOURG SAINT MAURICE,11,0.525
ROUEN RIVE DROITE,BOURG SAINT MAURICE,12,0.0
ROUEN RIVE DROITE,BOURG SAINT MAURICE,13,0.0
ROUEN RIVE DROITE,BOURG SAINT MAURICE,14,0.075
ROUEN RIVE DROITE,BOURG SAINT MAURICE,15,0.425
ROUEN RIVE DROITE,BOURG SAINT MAURICE,16,0.4
ROUEN RIVE DROITE,BOURG SAINT MAURICE,17,0.075
ROUEN RIVE DROITE,BOURG SAINT MAURICE,18,0.0
ROUEN RIVE DROITE,BOURG SAINT MAURICE,19,0.0
ROUEN RIVE DROITE,BOURG SAINT MAURICE,20,0.0
ROUEN RIVE DROITE,BOURG SAINT MAURICE,21,0.0
ROUEN RIVE DROITE,BOURG SAINT MAURICE,22,0.0
ROUEN RIVE DROITE,BOURG SAINT MAURICE,23,0.0
ROUEN RIVE DROITE,BOURG SAINT MAURICE,24,0.0
ROUEN RIVE DROITE,BOURG SAINT MAURICE,25,0.0
ROUEN RIVE DROITE,BOURG SAINT MAURICE,26,0.0
ROUEN RIVE DROITE,BOURG SAINT MAURICE,27,0.0
ROUEN RIVE DROITE,BOURG SAINT MAURICE,28,0.0
ROUEN RIVE DROITE,BOURG SAINT MAURICE,29,0.0
ROUEN RIVE DROITE,BOURG SAINT MAURICE,30,0.0
ROUEN RIVE DROITE,CHAMBERY CHALLES LES EAUX,0,0.975
ROUEN RIVE DROITE,CHAMBERY CHALLES LES EAUX,1,0.975
ROUEN RIVE DROITE,CHAMBERY CHALLES LES EAUX,2,0.55
ROUEN RIVE DROITE,CHAMBERY CHALLES LES EAUX,3,0.525
ROUEN RIVE DROITE,CHAMBERY CHALLES LES EAUX,4,0.5
ROUEN RIVE DROITE,CHAMBERY CHALLES LES EAUX,5,0.5
ROUEN RIVE DROITE,CHAMBERY CHALLES LES EAUX,6,0.5
ROUEN RIVE DROITE,CHAMBERY CHALLES LES EAUX,7,0.5
ROUEN RIVE DROITE,CHAMBERY CHALLES LES EAUX,8,0.5
ROUEN RIVE DROITE,CHAMBERY CHALLES LES EAUX,9,0.5
ROUEN RIVE DROITE,CHAMBERY CHALLES LES EAUX,10,0.475
ROUEN RIVE DROITE,CHAMBERY CHALLES LES EAUX,11,0.475
ROUEN RIVE DROITE,CHAMBERY CHALLES LES EAUX,12,0.025
ROUEN RIVE DROITE,CHAMBERY CHALLES LES EAUX,13,0.0
ROUEN RIVE DROITE,CHAMBERY CHALLES LES EAUX,14,0.0
ROUEN RIVE DROITE,CHAMBERY CHALLES LES EAUX,15,0.425
ROUEN RIVE DROITE,CHAMBERY CHALLES LES EAUX,16,0.475
ROUEN RIVE DROITE,CHAMBERY CHALLES LES EAUX,17,0.075
ROUEN RIVE DROITE,CHAMBERY CHALLES LES EAUX,18,0.0
ROUEN RIVE DROITE,CHAMBERY CHALLES LES EAUX,19,0.0
ROUEN RIVE DROITE,CHAMBERY CHALLES LES EAUX,20,0.0
ROUEN RIVE DROITE,CHAMBERY CHALLES LES EAUX,21,0.0
ROUEN RIVE DROITE,CHAMBERY CHALLES LES EAUX,22,0.0
ROUEN RIVE DROITE,CHAMBERY CHALLES LES EAUX,23,0.0
ROUEN RIVE DROITE,CHAMBERY CHALLES LES EAUX,24,0.0
ROUEN RIVE DROITE,CHAMBERY CHALLES LES EAUX,25,0.0
ROUEN RIVE DROITE,CHAMBERY CHALLES LES EAUX,26,0.0
ROUEN RIVE DROITE,CHAMBERY CHALLES LES EAUX,27,0.0
ROUEN RIVE DROITE,CHAMBERY CHALLES LES EAUX,28,0.0
ROUEN RIVE DROITE,CHAMBERY CHALLES LES EAUX,29,0.0
ROUEN RIVE DROITE,CHAMBERY CHALLES LES EAUX,30,0.0
ROUEN RIVE DROITE,LANDRY,0,0.95
ROUEN RIVE DROITE,LANDRY,1,0.925
ROUEN RIVE DROITE,LANDRY,2,0.65
ROUEN RIVE DROITE,LANDRY,3,0.55
ROUEN RIVE DROITE,LANDRY,4,0.5
ROUEN RIVE DROITE,LANDRY,5,0.5
ROUEN RIVE DROITE,LANDRY,6,0.5
ROUEN RIVE DROITE,LANDRY,7,0.5
ROUEN RIVE DROITE,LANDRY,8,0.5
ROUEN RIVE DROITE,LANDRY,9,0.525
ROUEN RIVE DROITE,LANDRY,10,0.5
ROUEN RIVE DROITE,LANDRY,11,0.5
ROUEN RIVE DROITE,LANDRY,12,0.025
ROUEN RIVE DROITE,LANDRY,13,0.025
ROUEN RIVE DROITE,LANDRY,14,0.075
ROUEN RIVE DROITE,LANDRY,15,0.3
ROUEN RIVE DROITE,LANDRY,16,0.375
ROUEN RIVE DROITE,LANDRY,17,0.05
ROUEN RIVE DROITE,LANDRY,18,0.0
ROUEN RIVE DROITE,LANDRY,19,0.0
ROUEN RIVE DROITE,LANDRY,20,0.0
ROUEN RIVE DROITE,LANDRY,21,0.0
ROUEN RIVE DROITE,LANDRY,22,0.0
ROUEN RIVE DROITE,LANDRY,23,0.0
ROUEN RIVE DROITE,LANDRY,24,0.0
ROUEN RIVE DROITE,LANDRY,25,0.0
ROUEN RIVE DROITE,LANDRY,26,0.0
ROUEN RIVE DROITE,LANDRY,27,0.0
ROUEN RIVE DROITE,LANDRY,28,0.0
ROUEN RIVE DROITE,LANDRY,29,0.0
ROUEN RIVE DROITE,LANDRY,30,0.0
ROUEN RIVE DROITE,MOUTIERS SALINS BRIDES LES BAINS,0,1.0
ROUEN RIVE DROITE,MOUTIERS SALINS BRIDES LES BAINS,1,0.975
ROUEN RIVE DROITE,MOUTIERS SALINS BRIDES LES BAINS,2,0.65
ROUEN RIVE DROITE,MOUTIERS SALINS BRIDES LES BAINS,3,0.55
ROUEN RIVE DROITE,MOUTIERS SALINS BRIDES LES BAINS,4,0.55
ROUEN RIVE DROITE,MOUTIERS SALINS BRIDES LES BAINS,5,0.5
ROUEN RIVE DROITE,MOUTIERS SALINS BRIDES LES BAINS,6,0.5
ROUEN RIVE DROITE,MOUTIERS SALINS BRIDES LES BAINS,7,0.5
ROUEN RIVE DROITE,MOUTIERS SALINS BRIDES LES BAINS,8,0.5
ROUEN RIVE DROITE,MOUTIERS SALINS BRIDES LES BAINS,9,0.5
ROUEN RIVE DROITE,MOUTIERS SALINS BRIDES LES BAINS,10,0.5
ROUEN RIVE DROITE,MOUTIERS SALINS BRIDES LES BAINS,11,0.5
ROUEN RIVE DROITE,MOUTIERS SALINS BRIDES LES BAINS,12,0.025
ROUEN RIVE DROITE,MOUTIERS SALINS BRIDES LES BAINS,13,0.025
ROUEN RIVE DROITE,MOUTIERS SALINS BRIDES LES BAINS,14,0.075
ROUEN RIVE DROITE,MOUTIERS SALINS BRIDES LES BAINS,15,0.45
ROUEN RIVE DROITE,MOUTIERS SALINS BRIDES LES BAINS,16,0.425
ROUEN RIVE DROITE,MOUTIERS SALINS BRIDES LES BAINS,17,0.0
ROUEN RIVE DROITE,MOUTIERS SALINS BRIDES LES BAINS,18,0.0
ROUEN RIVE DROITE,MOUTIERS SALINS BRIDES LES BAINS,19,0.0
ROUEN RIVE DROITE,MOUTIERS SALINS BRIDES LES BAINS,20,0.0
ROUEN RIVE DROITE,MOUTIERS SALINS BRIDES LES BAINS,21,0.0
ROUEN RIVE DROITE,MOUTIERS SALINS BRIDES LES BAINS,22,0.0
ROUEN RIVE DROITE,MOUTIERS SALINS BRIDES LES BAINS,23,0.0
ROUEN RIVE DROITE,MOUTIERS SALINS BRIDES LES BAINS,24,0.0
ROUEN RIVE DROITE,MOUTIERS SALINS BRIDES LES BAINS,25,0.0
ROUEN RIVE DROITE,MOUTIERS SALINS BRIDES LES BAINS,26,0.0
ROUEN RIVE DROITE,MOUTIERS SALINS BRIDES LES BAINS,27,0.0
ROUEN RIVE DROITE,MOUTIERS SALINS BRIDES LES BAINS,28,0.0
ROUEN RIVE DROITE,MOUTIERS SALINS BRIDES LES BAINS,29,0.0
ROUEN RIVE DROITE,MOUTIERS SALINS BRIDES LES BAINS,30,0.0
ROUEN RIVE DROITE,VERSAILLES CHANTIERS,0,1.0
ROUEN RIVE DROITE,VERSAILLES CHANTIERS,1,1.0
ROUEN RIVE DROITE,VERSAILLES CHANTIERS,2,0.975
ROUEN RIVE DROITE,VERSAILLES CHANTIERS,3,0.95
ROUEN RIVE DROITE,VERSAILLES CHANTIERS,4,0.85
ROUEN RIVE DROITE,VERSAILLES CHANTIERS,5,0.525
ROUEN RIVE DROITE,VERSAILLES CHANTIERS,6,0.5
ROUEN RIVE DROITE,VERSAILLES CHANTIERS,7,0.5
ROUEN RIVE DROITE,VERSAILLES CHANTIERS,8,0.5
ROUEN RIVE DROITE,VERSAILLES CHANTIERS,9,0.5
ROUEN RIVE DROITE,VERSAILLES CHANTIERS,10,0.5
ROUEN RIVE DROITE,VERSAILLES CHANTIERS,11,0.5
ROUEN RIVE DROITE,VERSAILLES CHANTIERS,12,0.0
ROUEN RIVE DROITE,VERSAILLES CHANTIERS,13,0.0
ROUEN RIVE DROITE,VERSAILLES CHANTIERS,14,0.125
ROUEN RIVE DROITE,VERSAILLES CHANTIERS,15,0.4
ROUEN RIVE DROITE,VERSAILLES CHANTIERS,16,0.425
ROUEN RIVE DROITE,VERSAILLES CHANTIERS,17,0.05
ROUEN RIVE DROITE,VERSAILLES CHANTIERS,18,0.0
ROUEN RIVE DROITE,VERSAILLES CHANTIERS,19,0.0
ROUEN RIVE DROITE,VERSAILLES CHANTIERS,20,0.0
ROUEN RIVE DROITE,VERSAILLES CHANTIERS,21,0.0
ROUEN RIVE DROITE,VERSAILLES CHANTIERS,22,0.0
ROUEN RIVE DROITE,VERSAILLES CHANTIERS,23,0.0
ROUEN RIVE DROITE,VERSAILLES CHANTIERS,24,0.0
ROUEN RIVE DROITE,VERSAILLES CHANTIERS,25,0.0
ROUEN RIVE DROITE,VERSAILLES CHANTIERS,26,0.0
ROUEN RIVE DROITE,VERSAILLES CHANTIERS,27,0.0
ROUEN RIVE DROITE,VERSAILLES CHANTIERS,28,0.0
ROUEN RIVE DROITE,VERSAILLES CHANTIERS,29,0.0
ROUEN RIVE DROITE,VERSAILLES CHANTIERS,30,0.0
SETE,BEZIERS,0,0.445
SETE,BEZIERS,1,0.43171875000000004
SETE,BEZIERS,2,0.415625
SETE,BEZIERS,3,0.41448598130841124
SETE,BEZIERS,4,0.215
SETE,BEZIERS,5,0.19593750000000001
SETE,BEZIERS,6,0.18484375
SETE,BEZIERS,7,0.1525
SETE,BEZIERS,8,0.14734375
SETE,BEZIERS,9,0.138125
SETE,BEZIERS,10,0.1428348909657321
SETE,BEZIERS,11,0.13046875
SETE,BEZIERS,12,0.03275862068965517
SETE,BEZIERS,13,0.02633228840125392
SETE,BEZIERS,14,0.020754716981132074
SETE,BEZIERS,15,0.02059748427672956
SETE,BEZIERS,16,0.023510971786833857
SETE,BEZIERS,17,0.021473354231974922
SETE,BEZIERS,18,0.017823343848580444
SETE,BEZIERS,19,0.015189873417721518
SETE,BEZIERS,20,0.014761904761904763
SETE,BEZIERS,21,0.020382165605095544
SETE,BEZIERS,22,0.014536741214057507
SETE,BEZIERS,23,0.011698717948717949
SETE,BEZIERS,24,0.013621794871794872
SETE,BEZIERS,25,0.013870967741935483
SETE,BEZIERS,26,0.015372168284789644
SETE,BEZIERS,27,0.014772727272727272
SETE,BEZIERS,28,0.014006514657980456
SETE,BEZIERS,29,0.00980392156862745
SETE,BEZIERS,30,0.0019607843137254906
SETE,CARCASSONNE,0,0.91765625
SETE,CARCASSONNE,1,0.915
SETE,CARCASSONNE,2,0.898125
SETE,CARCASSONNE,3,0.8957943925233646
SETE,CARCASSONNE,4,0.7728125
SETE,CARCASSONNE,5,0.7424999999999999
SETE,CARCASSONNE,6,0.72875
SETE,CARCASSONNE,7,0.6928124999999999
SETE,CARCASSONNE,8,0.6528125
SETE,CARCASSONNE,9,0.6040625000000001
SETE,CARCASSONNE,10,0.5755451713395638
SETE,CARCASSONNE,11,0.5157812500000001
SETE,CARCASSONNE,12,0.21473354231974923
SETE,CARCASSONNE,13,0.21473354231974923
SETE,CARCASSONNE,14,0.2007861635220126
SETE,CARCASSONNE,15,0.18506289308176102
SETE,CARCASSONNE,16,0.1677115987460815
SETE,CARCASSONNE,17,0.15172413793103448
SETE,CARCASSONNE,18,0.13107255520504732
SETE,CARCASSONNE,19,0.10664556962025318
SETE,CARCASSONNE,20,0.1007936507936508
SETE,CARCASSONNE,21,0.09251592356687899
SETE,CARCASSONNE,22,0.06980830670926517
SETE,CARCASSONNE,23,0.0641025641025641
SETE,CARCASSONNE,24,0.060737179487179487
SETE,CARCASSONNE,25,0.05919354838709678
SETE,CARCASSONNE,26,0.05711974110032362
SETE,CARCASSONNE,27,0.04967532467532468
SETE,CARCASSONNE,28,0.04250814332247557
SETE,CARCASSONNE,29,0.0369281045751634
SETE,CARCASSONNE,30,0.008333333333333333
SETE,NARBONNE,0,0.43953125000000004
SETE,NARBONNE,1,0.43125
SETE,NARBONNE,2,0.414375
SETE,NARBONNE,3,0.42492211838006233
SETE,NARBONNE,4,0.21859375
SETE,NARBONNE,5,0.20046875000000003
SETE,NARBONNE,6,0.1871875
SETE,NARBONNE,7,0.16078125000000001
SETE,NARBONNE,8,0.1484375
SETE,NARBONNE,9,0.13765624999999998
SETE,NARBONNE,10,0.1395638629283489
SETE,NARBONNE,11,0.12796875000000002
SETE,NARBONNE,12,0.03134796238244514
SETE,NARBONNE,13,0.02382445141065831
SETE,NARBONNE,14,0.02059748427672956
SETE,NARBONNE,15,0.020754716981132074
SETE,NARBONNE,16,0.022413793103448276
SETE,NARBONNE,17,0.02084639498432602
SETE,NARBONNE,18,0.01798107255520505
SETE,NARBONNE,19,0.015348101265822783
SETE,NARBONNE,20,0.014444444444444444
SETE,NARBONNE,21,0.019267515923566878
SETE,NARBONNE,22,0.013897763578274758
SETE,NARBONNE,23,0.010576923076923076
SETE,NARBONNE,24,0.01314102564102564
SETE,NARBONNE,25,0.013387096774193549
SETE,NARBONNE,26,0.015695792880258897
SETE,NARBONNE,27,0.014123376623376623
SETE,NARBONNE,28,0.014657980456026058
SETE,NARBONNE,29,0.009967320261437908
SETE,NARBONNE,30,0.0026143790849673205
SETE,TOULOUSE MATABIAU,0,0.9196875
SETE,TOULOUSE MATABIAU,1,0.9160937499999999
SETE,TOULOUSE MATABIAU,2,0.8984375
SETE,TOULOUSE MATABIAU,3,0.89595015576324
SETE,TOULOUSE MATABIAU,4,0.76625
SETE,TOULOUSE MATABIAU,5,0.7420312499999999
SETE,TOULOUSE MATABIAU,6,0.7290625000000001
SETE,TOULOUSE MATABIAU,7,0.69765625
SETE,TOULOUSE MATABIAU,8,0.646875
SETE,TOULOUSE MATABIAU,9,0.6021875
SETE,TOULOUSE MATABIAU,10,0.573208722741433
SETE,TOULOUSE MATABIAU,11,0.51046875
SETE,TOULOUSE MATABIAU,12,0.22272727272727272
SETE,TOULOUSE MATABIAU,13,0.21473354231974923
SETE,TOULOUSE MATABIAU,14,0.1982704402515723
SETE,TOULOUSE MATABIAU,15,0.1852201257861635
SETE,TOULOUSE MATABIAU,16,0.16927899686520376
SETE,TOULOUSE MATABIAU,17,0.14890282131661442
SETE,TOULOUSE MATABIAU,18,0.12902208201892745
SETE,TOULOUSE MATABIAU,19,0.1045886075949367
SETE,TOULOUSE MATABIAU,20,0.10142857142857142
SETE,TOULOUSE MATABIAU,21,0.0926751592356688
SETE,TOULOUSE MATABIAU,22,0.07076677316293929
SETE,TOULOUSE MATABIAU,23,0.06602564102564103
SETE,TOULOUSE MATABIAU,24,0.06025641025641026
SETE,TOULOUSE MATABIAU,25,0.05758064516129033
SETE,TOULOUSE MATABIAU,26,0.05825242718446602
SETE,TOULOUSE MATABIAU,27,0.050811688311688315
SETE,TOULOUSE MATABIAU,28,0.043485342019543974
SETE,TOULOUSE MATABIAU,29,0.03594771241830065
SETE,TOULOUSE MATABIAU,30,0.008660130718954249
ST RAPHAEL VALESCURE,ANTIBES,0,0.9780346820809248
ST RAPHAEL VALESCURE,ANTIBES,1,0.9752173913043478
ST RAPHAEL VALESCURE,ANTIBES,2,0.971656976744186
ST RAPHAEL VALESCURE,ANTIBES,3,0.9578034682080924
ST RAPHAEL VALESCURE,ANTIBES,4,0.8559248554913295
ST RAPHAEL VALESCURE,ANTIBES,5,0.7989884393063583
ST RAPHAEL VALESCURE,ANTIBES,6,0.7822766570605187
ST RAPHAEL VALESCURE,ANTIBES,7,0.730057803468208
ST RAPHAEL VALESCURE,ANTIBES,8,0.6995664739884393
ST RAPHAEL VALESCURE,ANTIBES,9,0.6627167630057804
ST RAPHAEL VALESCURE,ANTIBES,10,0.6268115942028986
ST RAPHAEL VALESCURE,ANTIBES,11,0.6110144927536232
ST RAPHAEL VALESCURE,ANTIBES,12,0.3697674418604651
ST RAPHAEL VALESCURE,ANTIBES,13,0.3607871720116618
ST RAPHAEL VALESCURE,ANTIBES,14,0.34533527696793004
ST RAPHAEL VALESCURE,ANTIBES,15,0.35276967930029157
ST RAPHAEL VALESCURE,ANTIBES,16,0.3564139941690962
ST RAPHAEL VALESCURE,ANTIBES,17,0.35760233918128653
ST RAPHAEL VALESCURE,ANTIBES,18,0.3652492668621701
ST RAPHAEL VALESCURE,ANTIBES,19,0.37441176470588233
ST RAPHAEL VALESCURE,ANTIBES,20,0.3712389380530973
ST RAPHAEL VALESCURE,ANTIBES,21,0.3642011834319526
ST RAPHAEL VALESCURE,ANTIBES,22,0.35650887573964496
ST RAPHAEL VALESCURE,ANTIBES,23,0.35931952662721894
ST RAPHAEL VALESCURE,ANTIBES,24,0.35014880952380956
ST RAPHAEL VALESCURE,ANTIBES,25,0.35313432835820896
ST RAPHAEL VALESCURE,ANTIBES,26,0.36092814371257487
ST RAPHAEL VALESCURE,ANTIBES,27,0.35855855855855856
ST RAPHAEL VALESCURE,ANTIBES,28,0.3481927710843373
ST RAPHAEL VALESCURE,ANTIBES,29,0.3090634441087613
ST RAPHAEL VALESCURE,ANTIBES,30,0.04207317073170732
ST RAPHAEL VALESCURE,CANNES,0,0.9796242774566474
ST RAPHAEL VALESCURE,CANNES,1,0.9773913043478261
ST RAPHAEL VALESCURE,CANNES,2,0.9744186046511628
ST RAPHAEL VALESCURE,CANNES,3,0.9595375722543352
ST RAPHAEL VALESCURE,CANNES,4,0.8552023121387282
ST RAPHAEL VALESCURE,CANNES,5,0.7969653179190751
ST RAPHAEL VALESCURE,CANNES,6,0.7798270893371758
ST RAPHAEL VALESCURE,CANNES,7,0.7367052023121388
ST RAPHAEL VALESCURE,CANNES,8,0.7
ST RAPHAEL VALESCURE,CANNES,9,0.6695086705202312
ST RAPHAEL VALESCURE,CANNES,10,0.6233333333333334
ST RAPHAEL VALESCURE,CANNES,11,0.6108695652173913
ST RAPHAEL VALESCURE,CANNES,12,0.3674418604651163
ST RAPHAEL VALESCURE,CANNES,13,0.36005830903790087
ST RAPHAEL VALESCURE,CANNES,14,0.3438775510204082
ST RAPHAEL VALESCURE,CANNES,15,0.3551020408163265
ST RAPHAEL VALESCURE,CANNES,16,0.3556851311953353
ST RAPHAEL VALESCURE,CANNES,17,0.3592105263157895
ST RAPHAEL VALESCURE,CANNES,18,0.3696480938416422
ST RAPHAEL VALESCURE,CANNES,19,0.37529411764705883
ST RAPHAEL VALESCURE,CANNES,20,0.36932153392330386
ST RAPHAEL VALESCURE,CANNES,21,0.36153846153846153
ST RAPHAEL VALESCURE,CANNES,22,0.3563609467455621
ST RAPHAEL VALESCURE,CANNES,23,0.35872781065088755
ST RAPHAEL VALESCURE,CANNES,24,0.3461309523809524
ST RAPHAEL VALESCURE,CANNES,25,0.3528358208955224
ST RAPHAEL VALESCURE,CANNES,26,0.36122754491017967
ST RAPHAEL VALESCURE,CANNES,27,0.35855855855855856
ST RAPHAEL VALESCURE,CANNES,28,0.3490963855421687
ST RAPHAEL VALESCURE,CANNES,29,0.31132930513595164
ST RAPHAEL VALESCURE,CANNES,30,0.0451219512195122
ST RAPHAEL VALESCURE,NICE VILLE,0,0.9819364161849711
ST RAPHAEL VALESCURE,NICE VILLE,1,0.9773913043478261
ST RAPHAEL VALESCURE,NICE VILLE,2,0.9760174418604651
ST RAPHAEL VALESCURE,NICE VILLE,3,0.9601156069364162
ST RAPHAEL VALESCURE,NICE VILLE,4,0.8521676300578035
ST RAPHAEL VALESCURE,NICE VILLE,5,0.8028901734104047
ST RAPHAEL VALESCURE,NICE VILLE,6,0.7795389048991355
ST RAPHAEL VALESCURE,NICE VILLE,7,0.7416184971098266
ST RAPHAEL VALESCURE,NICE VILLE,8,0.7005780346820809
ST RAPHAEL VALESCURE,NICE VILLE,9,0.6697976878612717
ST RAPHAEL VALESCURE,NICE VILLE,10,0.6202898550724638
ST RAPHAEL VALESCURE,NICE VILLE,11,0.6085507246376811
ST RAPHAEL VALESCURE,NICE VILLE,12,0.37281976744186046
ST RAPHAEL VALESCURE,NICE VILLE,13,0.360932944606414
ST RAPHAEL VALESCURE,NICE VILLE,14,0.3425655976676385
ST RAPHAEL VALESCURE,NICE VILLE,15,0.35364431486880465
ST RAPHAEL VALESCURE,NICE VILLE,16,0.3555393586005831
ST RAPHAEL VALESCURE,NICE VILLE,17,0.35964912280701755
ST RAPHAEL VALESCURE,NICE VILLE,18,0.3680351906158358
ST RAPHAEL VALESCURE,NICE VILLE,19,0.3777941176470588
ST RAPHAEL VALESCURE,NICE VILLE,20,0.37197640117994096
ST RAPHAEL VALESCURE,NICE VILLE,21,0.3643491124260355
ST RAPHAEL VALESCURE,NICE VILLE,22,0.3547337278106509
ST RAPHAEL VALESCURE,NICE VILLE,23,0.3603550295857988
ST RAPHAEL VALESCURE,NICE VILLE,24,0.3464285714285714
ST RAPHAEL VALESCURE,NICE VILLE,25,0.3508955223880597
ST RAPHAEL VALESCURE,NICE VILLE,26,0.36092814371257487
ST RAPHAEL VALESCURE,NICE VILLE,27,0.3551051051051051
ST RAPHAEL VALESCURE,NICE VILLE,28,0.3484939759036145
ST RAPHAEL VALESCURE,NICE VILLE,29,0.31344410876132933
ST RAPHAEL VALESCURE,NICE VILLE,30,0.04496951219512195
TOULON,ANTIBES,0,0.41893063583815027
TOULON,ANTIBES,1,0.4543478260869565
TOULON,ANTIBES,2,0.4613372093023255
TOULON,ANTIBES,3,0.46546242774566476
TOULON,ANTIBES,4,0.3273121387283237
TOULON,ANTIBES,5,0.32543352601156067
TOULON,ANTIBES,6,0.3531700288184438
TOULON,ANTIBES,7,0.34335260115606936
TOULON,ANTIBES,8,0.34855491329479765
TOULON,ANTIBES,9,0.3657514450867052
TOULON,ANTIBES,10,0.3789855072463768
TOULON,ANTIBES,11,0.3879710144927536
TOULON,ANTIBES,12,0.22819767441860464
TOULON,ANTIBES,13,0.22930029154518952
TOULON,ANTIBES,14,0.22521865889212828
TOULON,ANTIBES,15,0.23965014577259475
TOULON,ANTIBES,16,0.2511661807580175
TOULON,ANTIBES,17,0.25584795321637427
TOULON,ANTIBES,18,0.27243401759530794
TOULON,ANTIBES,19,0.284264705882353
TOULON,ANTIBES,20,0.278023598820059
TOULON,ANTIBES,21,0.2733727810650888
TOULON,ANTIBES,22,0.27603550295857987
TOULON,ANTIBES,23,0.278698224852071
TOULON,ANTIBES,24,0.27202380952380956
TOULON,ANTIBES,25,0.27597014925373137
TOULON,ANTIBES,26,0.287874251497006
TOULON,ANTIBES,27,0.278978978978979
TOULON,ANTIBES,28,0.2697289156626506
TOULON,ANTIBES,29,0.2510574018126888
TOULON,ANTIBES,30,0.03414634146341464
TOULON,CANNES,0,0.41705202312138734
TOULON,CANNES,1,0.45652173913043476
TOULON,CANNES,2,0.45828488372093024
TOULON,CANNES,3,0.46300578034682077
TOULON,CANNES,4,0.3176300578034682
TOULON,CANNES,5,0.3289017341040462
TOULON,CANNES,6,0.3521613832853026
TOULON,CANNES,7,0.3445086705202312
TOULON,CANNES,8,0.34624277456647395
TOULON,CANNES,9,0.3661849710982659
TOULON,CANNES,10,0.3802898550724637
TOULON,CANNES,11,0.38231884057971016
TOULON,CANNES,12,0.22311046511627908
TOULON,CANNES,13,0.22448979591836735
TOULON,CANNES,14,0.22463556851311953
TOULON,CANNES,15,0.24110787172011663
TOULON,CANNES,16,0.25276967930029154
TOULON,CANNES,17,0.25687134502923975
TOULON,CANNES,18,0.2721407624633431
TOULON,CANNES,19,0.2804411764705882
TOULON,CANNES,20,0.27241887905604717
TOULON,CANNES,21,0.2726331360946746
TOULON,CANNES,22,0.27662721893491127
TOULON,CANNES,23,0.28017751479289943
TOULON,CANNES,24,0.2694940476190476
TOULON,CANNES,25,0.27611940298507465
TOULON,CANNES,26,0.28532934131736526
TOULON,CANNES,27,0.27807807807807805
TOULON,CANNES,28,0.27018072289156625
TOULON,CANNES,29,0.24758308157099698
TOULON,CANNES,30,0.03323170731707317
TOULON,NICE VILLE,0,0.42095375722543354
TOULON,NICE VILLE,1,0.45347826086956516
TOULON,NICE VILLE,2,0.4636627906976744
TOULON,NICE VILLE,3,0.4664739884393064
TOULON,NICE VILLE,4,0.32398843930635834
TOULON,NICE VILLE,5,0.326878612716763
TOULON,NICE VILLE,6,0.3548991354466859
TOULON,NICE VILLE,7,0.3507225433526011
TOULON,NICE VILLE,8,0.351878612716763
TOULON,NICE VILLE,9,0.36560693641618497
TOULON,NICE VILLE,10,0.3817391304347826
TOULON,NICE VILLE,11,0.38420289855072465
TOULON,NICE VILLE,12,0.22732558139534884
TOULON,NICE VILLE,13,0.22448979591836735
TOULON,NICE VILLE,14,0.2269679300291545
TOULON,NICE VILLE,15,0.24198250728862974
TOULON,NICE VILLE,16,0.2532069970845481
TOULON,NICE VILLE,17,0.25979532163742686
TOULON,NICE VILLE,18,0.26920821114369503
TOULON,NICE VILLE,19,0.2848529411764706
TOULON,NICE VILLE,20,0.2753687315634218
TOULON,NICE VILLE,21,0.2744082840236686
TOULON,NICE VILLE,22,0.278698224852071
TOULON,NICE VILLE,23,0.2798816568047337
TOULON,NICE VILLE,24,0.2702380952380952
TOULON,NICE VILLE,25,0.2765671641791045
TOULON,NICE VILLE,26,0.28547904191616763
TOULON,NICE VILLE,27,0.2798798798798799
TOULON,NICE VILLE,28,0.2706325301204819
TOULON,NICE VILLE,29,0.24939577039274924
TOULON,NICE VILLE,30,0.03399390243902439
TOULON,ST RAPHAEL VALESCURE,0,0.4166184971098266
TOULON,ST RAPHAEL VALESCURE,1,0.4444927536231884
TOULON,ST RAPHAEL VALESCURE,2,0.4536337209302326
TOULON,ST RAPHAEL VALESCURE,3,0.455635838150289
TOULON,ST RAPHAEL VALESCURE,4,0.32283236994219655
TOULON,ST RAPHAEL VALESCURE,5,0.3260115606936416
TOULON,ST RAPHAEL VALESCURE,6,0.34927953890489916
TOULON,ST RAPHAEL VALESCURE,7,0.34494219653179187
TOULON,ST RAPHAEL VALESCURE,8,0.34566473988439306
TOULON,ST RAPHAEL VALESCURE,9,0.3638728323699422
TOULON,ST RAPHAEL VALESCURE,10,0.37956521739130433
TOULON,ST RAPHAEL VALESCURE,11,0.391304347826087
TOULON,ST RAPHAEL VALESCURE,12,0.2251453488372093
TOULON,ST RAPHAEL VALESCURE,13,0.2250728862973761
TOULON,ST RAPHAEL VALESCURE,14,0.22711370262390673
TOULON,ST RAPHAEL VALESCURE,15,0.24212827988338192
TOULON,ST RAPHAEL VALESCURE,16,0.252332361516035
TOULON,ST RAPHAEL VALESCURE,17,0.25570175438596493
TOULON,ST RAPHAEL VALESCURE,18,0.2717008797653959
TOULON,ST RAPHAEL VALESCURE,19,0.28161764705882353
TOULON,ST RAPHAEL VALESCURE,20,0.27477876106194693
TOULON,ST RAPHAEL VALESCURE,21,0.2726331360946746
TOULON,ST RAPHAEL VALESCURE,22,0.27677514792899405
TOULON,ST RAPHAEL VALESCURE,23,0.28032544378698226
TOULON,ST RAPHAEL VALESCURE,24,0.271875
TOULON,ST RAPHAEL VALESCURE,25,0.27761194029850744
TOULON,ST RAPHAEL VALESCURE,26,0.2857784431137725
TOULON,ST RAPHAEL VALESCURE,27,0.2755255255255255
TOULON,ST RAPHAEL VALESCURE,28,0.27048192771084334
TOULON,ST RAPHAEL VALESCURE,29,0.24697885196374622
TOULON,ST RAPHAEL VALESCURE,30,0.037500000000000006
VALENCE TGV AUVERGNE RHONE ALPES,AIX EN PROVENCE TGV,0,0.7575714285714285
VALENCE TGV AUVERGNE RHONE ALPES,AIX EN PROVENCE TGV,1,0.7624285714285715
VALENCE TGV AUVERGNE RHONE ALPES,AIX EN PROVENCE TGV,2,0.7738571428571429
VALENCE TGV AUVERGNE RHONE ALPES,AIX EN PROVENCE TGV,3,0.7907142857142857
VALENCE TGV AUVERGNE RHONE ALPES,AIX EN PROVENCE TGV,4,0.7147142857142857
VALENCE TGV AUVERGNE RHONE ALPES,AIX EN PROVENCE TGV,5,0.7204285714285714
VALENCE TGV AUVERGNE RHONE ALPES,AIX EN PROVENCE TGV,6,0.7405714285714285
VALENCE TGV AUVERGNE RHONE ALPES,AIX EN PROVENCE TGV,7,0.7537142857142858
VALENCE TGV AUVERGNE RHONE ALPES,AIX EN PROVENCE TGV,8,0.7467142857142858
VALENCE TGV AUVERGNE RHONE ALPES,AIX EN PROVENCE TGV,9,0.7631428571428572
VALENCE TGV AUVERGNE RHONE ALPES,AIX EN PROVENCE TGV,10,0.7795714285714286
VALENCE TGV AUVERGNE RHONE ALPES,AIX EN PROVENCE TGV,11,0.7908571428571429
VALENCE TGV AUVERGNE RHONE ALPES,AIX EN PROVENCE TGV,12,0.5372492836676218
VALENCE TGV AUVERGNE RHONE ALPES,AIX EN PROVENCE TGV,13,0.5360632183908046
VALENCE TGV AUVERGNE RHONE ALPES,AIX EN PROVENCE TGV,14,0.5405172413793103
VALENCE TGV AUVERGNE RHONE ALPES,AIX EN PROVENCE TGV,15,0.5686781609195403
VALENCE TGV AUVERGNE RHONE ALPES,AIX EN PROVENCE TGV,16,0.5899425287356322
VALENCE TGV AUVERGNE RHONE ALPES,AIX EN PROVENCE TGV,17,0.5961206896551724
VALENCE TGV AUVERGNE RHONE ALPES,AIX EN PROVENCE TGV,18,0.6116379310344827
VALENCE TGV AUVERGNE RHONE ALPES,AIX EN PROVENCE TGV,19,0.6422190201729107
VALENCE TGV AUVERGNE RHONE ALPES,AIX EN PROVENCE TGV,20,0.6554913294797688
VALENCE TGV AUVERGNE RHONE ALPES,AIX EN PROVENCE TGV,21,0.6544797687861271
VALENCE TGV AUVERGNE RHONE ALPES,AIX EN PROVENCE TGV,22,0.6478323699421965
VALENCE TGV AUVERGNE RHONE ALPES,AIX EN PROVENCE TGV,23,0.6498554913294797
VALENCE TGV AUVERGNE RHONE ALPES,AIX EN PROVENCE TGV,24,0.6645953757225433
VALENCE TGV AUVERGNE RHONE ALPES,AIX EN PROVENCE TGV,25,0.6719653179190751
VALENCE TGV AUVERGNE RHONE ALPES,AIX EN PROVENCE TGV,26,0.6904347826086956
VALENCE TGV AUVERGNE RHONE ALPES,AIX EN PROVENCE TGV,27,0.6947674418604651
VALENCE TGV AUVERGNE RHONE ALPES,AIX EN PROVENCE TGV,28,0.6908430232558139
VALENCE TGV AUVERGNE RHONE ALPES,AIX EN PROVENCE TGV,29,0.6392441860465117
VALENCE TGV AUVERGNE RHONE ALPES,AIX EN PROVENCE TGV,30,0.052485380116959066
VALENCE TGV AUVERGNE RHONE ALPES,ANTIBES,0,0.2872463768115942
VALENCE TGV AUVERGNE RHONE ALPES,ANTIBES,1,0.3130813953488372
VALENCE TGV AUVERGNE RHONE ALPES,ANTIBES,2,0.33221574344023325
VALENCE TGV AUVERGNE RHONE ALPES,ANTIBES,3,0.34492753623188405
VALENCE TGV AUVERGNE RHONE ALPES,ANTIBES,4,0.2301449275362319
VALENCE TGV AUVERGNE RHONE ALPES,ANTIBES,5,0.23840579710144927
VALENCE TGV AUVERGNE RHONE ALPES,ANTIBES,6,0.2689306358381503
VALENCE TGV AUVERGNE RHONE ALPES,ANTIBES,7,0.2628985507246377
VALENCE TGV AUVERGNE RHONE ALPES,ANTIBES,8,0.27840579710144925
VALENCE TGV AUVERGNE RHONE ALPES,ANTIBES,9,0.2907246376811594
VALENCE TGV AUVERGNE RHONE ALPES,ANTIBES,10,0.31947674418604655
VALENCE TGV AUVERGNE RHONE ALPES,ANTIBES,11,0.34142441860465117
VALENCE TGV AUVERGNE RHONE ALPES,ANTIBES,12,0.11341107871720116
VALENCE TGV AUVERGNE RHONE ALPES,ANTIBES,13,0.10789473684210527
VALENCE TGV AUVERGNE RHONE ALPES,ANTIBES,14,0.09590643274853801
VALENCE TGV AUVERGNE RHONE ALPES,ANTIBES,15,0.11038011695906433
VALENCE TGV AUVERGNE RHONE ALPES,ANTIBES,16,0.12383040935672515
VALENCE TGV AUVERGNE RHONE ALPES,ANTIBES,17,0.13196480938416422
VALENCE TGV AUVERGNE RHONE ALPES,ANTIBES,18,0.1426470588235294
VALENCE TGV AUVERGNE RHONE ALPES,ANTIBES,19,0.14837758112094396
VALENCE TGV AUVERGNE RHONE ALPES,ANTIBES,20,0.14985207100591716
VALENCE TGV AUVERGNE RHONE ALPES,ANTIBES,21,0.14955489614243322
VALENCE TGV AUVERGNE RHONE ALPES,ANTIBES,22,0.1591988130563798
VALENCE TGV AUVERGNE RHONE ALPES,ANTIBES,23,0.16409495548961422
VALENCE TGV AUVERGNE RHONE ALPES,ANTIBES,24,0.16283582089552237
VALENCE TGV AUVERGNE RHONE ALPES,ANTIBES,25,0.1624251497005988
VALENCE TGV AUVERGNE RHONE ALPES,ANTIBES,26,0.1683183183183183
VALENCE TGV AUVERGNE RHONE ALPES,ANTIBES,27,0.17153614457831326
VALENCE TGV AUVERGNE RHONE ALPES,ANTIBES,28,0.16570996978851965
VALENCE TGV AUVERGNE RHONE ALPES,ANTIBES,29,0.16075757575757577
VALENCE TGV AUVERGNE RHONE ALPES,ANTIBES,30,0.028440366972477066
VALENCE TGV AUVERGNE RHONE ALPES,AVIGNON TGV,0,0.791142857142857
VALENCE TGV AUVERGNE RHONE ALPES,AVIGNON TGV,1,0.7814285714285715
VALENCE TGV AUVERGNE RHONE ALPES,AVIGNON TGV,2,0.7917142857142858
VALENCE TGV AUVERGNE RHONE ALPES,AVIGNON TGV,3,0.8
VALENCE TGV AUVERGNE RHONE ALPES,AVIGNON TGV,4,0.7262857142857142
VALENCE TGV AUVERGNE RHONE ALPES,AVIGNON TGV,5,0.7378571428571429
VALENCE TGV AUVERGNE RHONE ALPES,AVIGNON TGV,6,0.7517142857142858
VALENCE TGV AUVERGNE RHONE ALPES,AVIGNON TGV,7,0.7792857142857142
VALENCE TGV AUVERGNE RHONE ALPES,AVIGNON TGV,8,0.7778571428571428
VALENCE TGV AUVERGNE RHONE ALPES,AVIGNON TGV,9,0.7802857142857144
VALENCE TGV AUVERGNE RHONE ALPES,AVIGNON TGV,10,0.8018571428571428
VALENCE TGV AUVERGNE RHONE ALPES,AVIGNON TGV,11,0.8161428571428571
VALENCE TGV AUVERGNE RHONE ALPES,AVIGNON TGV,12,0.5426934097421203
VALENCE TGV AUVERGNE RHONE ALPES,AVIGNON TGV,13,0.5521551724137931
VALENCE TGV AUVERGNE RHONE ALPES,AVIGNON TGV,14,0.5531609195402298
VALENCE TGV AUVERGNE RHONE ALPES,AVIGNON TGV,15,0.5854885057471264
VALENCE TGV AUVERGNE RHONE ALPES,AVIGNON TGV,16,0.6074712643678161
VALENCE TGV AUVERGNE RHONE ALPES,AVIGNON TGV,17,0.6175287356321839
VALENCE TGV AUVERGNE RHONE ALPES,AVIGNON TGV,18,0.6277298850574712
VALENCE TGV AUVERGNE RHONE ALPES,AVIGNON TGV,19,0.6544668587896253
VALENCE TGV AUVERGNE RHONE ALPES,AVIGNON TGV,20,0.6651734104046243
VALENCE TGV AUVERGNE RHONE ALPES,AVIGNON TGV,21,0.6651734104046243
VALENCE TGV AUVERGNE RHONE ALPES,AVIGNON TGV,22,0.6578034682080924
VALENCE TGV AUVERGNE RHONE ALPES,AVIGNON TGV,23,0.6573699421965318
VALENCE TGV AUVERGNE RHONE ALPES,AVIGNON TGV,24,0.6696531791907514
VALENCE TGV AUVERGNE RHONE ALPES,AVIGNON TGV,25,0.6735549132947978
VALENCE TGV AUVERGNE RHONE ALPES,AVIGNON TGV,26,0.691304347826087
VALENCE TGV AUVERGNE RHONE ALPES,AVIGNON TGV,27,0.6962209302325582
VALENCE TGV AUVERGNE RHONE ALPES,AVIGNON TGV,28,0.6872093023255814
VALENCE TGV AUVERGNE RHONE ALPES,AVIGNON TGV,29,0.648110465116279
VALENCE TGV AUVERGNE RHONE ALPES,AVIGNON TGV,30,0.03347953216374269
VALENCE TGV AUVERGNE RHONE ALPES,BEZIERS,0,0.5942363112391931
VALENCE TGV AUVERGNE RHONE ALPES,BEZIERS,1,0.6128242074927954
VALENCE TGV AUVERGNE RHONE ALPES,BEZIERS,2,0.6198847262247839
VALENCE TGV AUVERGNE RHONE ALPES,BEZIERS,3,0.6268011527377522
VALENCE TGV AUVERGNE RHONE ALPES,BEZIERS,4,0.43746397694524497
VALENCE TGV AUVERGNE RHONE ALPES,BEZIERS,5,0.4443804034582132
VALENCE TGV AUVERGNE RHONE ALPES,BEZIERS,6,0.4557636887608069
VALENCE TGV AUVERGNE RHONE ALPES,BEZIERS,7,0.4472622478386167
VALENCE TGV AUVERGNE RHONE ALPES,BEZIERS,8,0.4569364161849711
VALENCE TGV AUVERGNE RHONE ALPES,BEZIERS,9,0.4589337175792507
VALENCE TGV AUVERGNE RHONE ALPES,BEZIERS,10,0.470028818443804
VALENCE TGV AUVERGNE RHONE ALPES,BEZIERS,11,0.4564841498559078
VALENCE TGV AUVERGNE RHONE ALPES,BEZIERS,12,0.22355491329479768
VALENCE TGV AUVERGNE RHONE ALPES,BEZIERS,13,0.21705202312138727
VALENCE TGV AUVERGNE RHONE ALPES,BEZIERS,14,0.22601156069364162
VALENCE TGV AUVERGNE RHONE ALPES,BEZIERS,15,0.23352601156069364
VALENCE TGV AUVERGNE RHONE ALPES,BEZIERS,16,0.23872832369942196
VALENCE TGV AUVERGNE RHONE ALPES,BEZIERS,17,0.24
VALENCE TGV AUVERGNE RHONE ALPES,BEZIERS,18,0.24840579710144928
VALENCE TGV AUVERGNE RHONE ALPES,BEZIERS,19,0.23415697674418604
VALENCE TGV AUVERGNE RHONE ALPES,BEZIERS,20,0.23444767441860467
VALENCE TGV AUVERGNE RHONE ALPES,BEZIERS,21,0.24811046511627904
VALENCE TGV AUVERGNE RHONE ALPES,BEZIERS,22,0.25726744186046513
VALENCE TGV AUVERGNE RHONE ALPES,BEZIERS,23,0.26034985422740525
VALENCE TGV AUVERGNE RHONE ALPES,BEZIERS,24,0.2546783625730994
VALENCE TGV AUVERGNE RHONE ALPES,BEZIERS,25,0.25791788856304987
VALENCE TGV AUVERGNE RHONE ALPES,BEZIERS,26,0.2597058823529412
VALENCE TGV AUVERGNE RHONE ALPES,BEZIERS,27,0.2726470588235294
VALENCE TGV AUVERGNE RHONE ALPES,BEZIERS,28,0.2762536873156342
VALENCE TGV AUVERGNE RHONE ALPES,BEZIERS,29,0.2571005917159763
VALENCE TGV AUVERGNE RHONE ALPES,BEZIERS,30,0.02708333333333333
VALENCE TGV AUVERGNE RHONE ALPES,CANNES,0,0.2846376811594203
VALENCE TGV AUVERGNE RHONE ALPES,CANNES,1,0.3107558139534884
VALENCE TGV AUVERGNE RHONE ALPES,CANNES,2,0.32274052478134113
VALENCE TGV AUVERGNE RHONE ALPES,CANNES,3,0.3408695652173913
VALENCE TGV AUVERGNE RHONE ALPES,CANNES,4,0.23043478260869565
VALENCE TGV AUVERGNE RHONE ALPES,CANNES,5,0.23956521739130437
VALENCE TGV AUVERGNE RHONE ALPES,CANNES,6,0.2709537572254335
VALENCE TGV AUVERGNE RHONE ALPES,CANNES,7,0.26304347826086955
VALENCE TGV AUVERGNE RHONE ALPES,CANNES,8,0.2782608695652174
VALENCE TGV AUVERGNE RHONE ALPES,CANNES,9,0.29043478260869565
VALENCE TGV AUVERGNE RHONE ALPES,CANNES,10,0.31947674418604655
VALENCE TGV AUVERGNE RHONE ALPES,CANNES,11,0.3386627906976744
VALENCE TGV AUVERGNE RHONE ALPES,CANNES,12,0.1097667638483965
VALENCE TGV AUVERGNE RHONE ALPES,CANNES,13,0.10760233918128655
VALENCE TGV AUVERGNE RHONE ALPES,CANNES,14,0.10029239766081871
VALENCE TGV AUVERGNE RHONE ALPES,CANNES,15,0.11023391812865498
VALENCE TGV AUVERGNE RHONE ALPES,CANNES,16,0.122953216374269
VALENCE TGV AUVERGNE RHONE ALPES,CANNES,17,0.13269794721407624
VALENCE TGV AUVERGNE RHONE ALPES,CANNES,18,0.14205882352941177
VALENCE TGV AUVERGNE RHONE ALPES,CANNES,19,0.15147492625368733
VALENCE TGV AUVERGNE RHONE ALPES,CANNES,20,0.1522189349112426
VALENCE TGV AUVERGNE RHONE ALPES,CANNES,21,0.14925816023738872
VALENCE TGV AUVERGNE RHONE ALPES,CANNES,22,0.1612759643916914
VALENCE TGV AUVERGNE RHONE ALPES,CANNES,23,0.1642433234421365
VALENCE TGV AUVERGNE RHONE ALPES,CANNES,24,0.16238805970149253
VALENCE TGV AUVERGNE RHONE ALPES,CANNES,25,0.16032934131736526
VALENCE TGV AUVERGNE RHONE ALPES,CANNES,26,0.16741741741741742
VALENCE TGV AUVERGNE RHONE ALPES,CANNES,27,0.17243975903614459
VALENCE TGV AUVERGNE RHONE ALPES,CANNES,28,0.16601208459214503
VALENCE TGV AUVERGNE RHONE ALPES,CANNES,29,0.16575757575757577
VALENCE TGV AUVERGNE RHONE ALPES,CANNES,30,0.028593272171253823
VALENCE TGV AUVERGNE RHONE ALPES,CARCASSONNE,0,0.5785302593659942
VALENCE TGV AUVERGNE RHONE ALPES,CARCASSONNE,1,0.5932276657060519
VALENCE TGV AUVERGNE RHONE ALPES,CARCASSONNE,2,0.6017291066282421
VALENCE TGV AUVERGNE RHONE ALPES,CARCASSONNE,3,0.6112391930835734
VALENCE TGV AUVERGNE RHONE ALPES,CARCASSONNE,4,0.43371757925072046
VALENCE TGV AUVERGNE RHONE ALPES,CARCASSONNE,5,0.44322766570605193
VALENCE TGV AUVERGNE RHONE ALPES,CARCASSONNE,6,0.45619596541786744
VALENCE TGV AUVERGNE RHONE ALPES,CARCASSONNE,7,0.43674351585014415
VALENCE TGV AUVERGNE RHONE ALPES,CARCASSONNE,8,0.44104046242774564
VALENCE TGV AUVERGNE RHONE ALPES,CARCASSONNE,9,0.44365994236311235
VALENCE TGV AUVERGNE RHONE ALPES,CARCASSONNE,10,0.46051873198847265
VALENCE TGV AUVERGNE RHONE ALPES,CARCASSONNE,11,0.45014409221902013
VALENCE TGV AUVERGNE RHONE ALPES,CARCASSONNE,12,0.22760115606936415
VALENCE TGV AUVERGNE RHONE ALPES,CARCASSONNE,13,0.2180635838150289
VALENCE TGV AUVERGNE RHONE ALPES,CARCASSONNE,14,0.22890173410404624
VALENCE TGV AUVERGNE RHONE ALPES,CARCASSONNE,15,0.23670520231213873
VALENCE TGV AUVERGNE RHONE ALPES,CARCASSONNE,16,0.24002890173410404
VALENCE TGV AUVERGNE RHONE ALPES,CARCASSONNE,17,0.2372463768115942
VALENCE TGV AUVERGNE RHONE ALPES,CARCASSONNE,18,0.2463768115942029
VALENCE TGV AUVERGNE RHONE ALPES,CARCASSONNE,19,0.23343023255813952
VALENCE TGV AUVERGNE RHONE ALPES,CARCASSONNE,20,0.23531976744186048
VALENCE TGV AUVERGNE RHONE ALPES,CARCASSONNE,21,0.24796511627906975
VALENCE TGV AUVERGNE RHONE ALPES,CARCASSONNE,22,0.25625000000000003
VALENCE TGV AUVERGNE RHONE ALPES,CARCASSONNE,23,0.25510204081632654
VALENCE TGV AUVERGNE RHONE ALPES,CARCASSONNE,24,0.2511695906432749
VALENCE TGV AUVERGNE RHONE ALPES,CARCASSONNE,25,0.25351906158357773
VALENCE TGV AUVERGNE RHONE ALPES,CARCASSONNE,26,0.2580882352941177
VALENCE TGV AUVERGNE RHONE ALPES,CARCASSONNE,27,0.27147058823529413
VALENCE TGV AUVERGNE RHONE ALPES,CARCASSONNE,28,0.2753687315634218
VALENCE TGV AUVERGNE RHONE ALPES,CARCASSONNE,29,0.25355029585798816
VALENCE TGV AUVERGNE RHONE ALPES,CARCASSONNE,30,0.028720238095238097
VALENCE TGV AUVERGNE RHONE ALPES,MARSEILLE BLANCARDE,0,0.26
VALENCE TGV AUVERGNE RHONE ALPES,MARSEILLE BLANCARDE,1,0.37
VALENCE TGV AUVERGNE RHONE ALPES,MARSEILLE BLANCARDE,2,0.44000000000000006
VALENCE TGV AUVERGNE RHONE ALPES,MARSEILLE BLANCARDE,3,0.42000000000000004
VALENCE TGV AUVERGNE RHONE ALPES,MARSEILLE BLANCARDE,4,0.25
VALENCE TGV AUVERGNE RHONE ALPES,MARSEILLE BLANCARDE,5,0.22000000000000003
VALENCE TGV AUVERGNE RHONE ALPES,MARSEILLE BLANCARDE,6,0.22000000000000003
VALENCE TGV AUVERGNE RHONE ALPES,MARSEILLE BLANCARDE,7,0.2
VALENCE TGV AUVERGNE RHONE ALPES,MARSEILLE BLANCARDE,8,0.29
VALENCE TGV AUVERGNE RHONE ALPES,MARSEILLE BLANCARDE,9,0.24
VALENCE TGV AUVERGNE RHONE ALPES,MARSEILLE BLANCARDE,10,0.28
VALENCE TGV AUVERGNE RHONE ALPES,MARSEILLE BLANCARDE,11,0.37
VALENCE TGV AUVERGNE RHONE ALPES,MARSEILLE BLANCARDE,12,0.4
VALENCE TGV AUVERGNE RHONE ALPES,MARSEILLE BLANCARDE,13,0.39
VALENCE TGV AUVERGNE RHONE ALPES,MARSEILLE BLANCARDE,14,0.4
VALENCE TGV AUVERGNE RHONE ALPES,MARSEILLE BLANCARDE,15,0.39
VALENCE TGV AUVERGNE RHONE ALPES,MARSEILLE BLANCARDE,16,0.53
VALENCE TGV AUVERGNE RHONE ALPES,MARSEILLE BLANCARDE,17,0.45
VALENCE TGV AUVERGNE RHONE ALPES,MARSEILLE BLANCARDE,18,0.5599999999999999
VALENCE TGV AUVERGNE RHONE ALPES,MARSEILLE BLANCARDE,19,0.5900000000000001
VALENCE TGV AUVERGNE RHONE ALPES,MARSEILLE BLANCARDE,20,0.5900000000000001
VALENCE TGV AUVERGNE RHONE ALPES,MARSEILLE BLANCARDE,21,0.5900000000000001
VALENCE TGV AUVERGNE RHONE ALPES,MARSEILLE BLANCARDE,22,0.5900000000000001
VALENCE TGV AUVERGNE RHONE ALPES,MARSEILLE BLANCARDE,23,0.5900000000000001
VALENCE TGV AUVERGNE RHONE ALPES,MARSEILLE BLANCARDE,24,0.6
VALENCE TGV AUVERGNE RHONE ALPES,MARSEILLE BLANCARDE,25,0.6
VALENCE TGV AUVERGNE RHONE ALPES,MARSEILLE BLANCARDE,26,0.6
VALENCE TGV AUVERGNE RHONE ALPES,MARSEILLE BLANCARDE,27,0.6
VALENCE TGV AUVERGNE RHONE ALPES,MARSEILLE BLANCARDE,28,0.6
VALENCE TGV AUVERGNE RHONE ALPES,MARSEILLE BLANCARDE,29,0.5700000000000001
VALENCE TGV AUVERGNE RHONE ALPES,MARSEILLE BLANCARDE,30,0.15
VALENCE TGV AUVERGNE RHONE ALPES,MARSEILLE ST CHARLES,0,0.776231884057971
VALENCE TGV AUVERGNE RHONE ALPES,MARSEILLE ST CHARLES,1,0.7701449275362319
VALENCE TGV AUVERGNE RHONE ALPES,MARSEILLE ST CHARLES,2,0.7776811594202899
VALENCE TGV AUVERGNE RHONE ALPES,MARSEILLE ST CHARLES,3,0.7963768115942029
VALENCE TGV AUVERGNE RHONE ALPES,MARSEILLE ST CHARLES,4,0.7169565217391304
VALENCE TGV AUVERGNE RHONE ALPES,MARSEILLE ST CHARLES,5,0.7276811594202899
VALENCE TGV AUVERGNE RHONE ALPES,MARSEILLE ST CHARLES,6,0.7484057971014493
VALENCE TGV AUVERGNE RHONE ALPES,MARSEILLE ST CHARLES,7,0.7592753623188405
VALENCE TGV AUVERGNE RHONE ALPES,MARSEILLE ST CHARLES,8,0.7552173913043478
VALENCE TGV AUVERGNE RHONE ALPES,MARSEILLE ST CHARLES,9,0.7695652173913043
VALENCE TGV AUVERGNE RHONE ALPES,MARSEILLE ST CHARLES,10,0.7860869565217391
VALENCE TGV AUVERGNE RHONE ALPES,MARSEILLE ST CHARLES,11,0.7966666666666667
VALENCE TGV AUVERGNE RHONE ALPES,MARSEILLE ST CHARLES,12,0.5373546511627907
VALENCE TGV AUVERGNE RHONE ALPES,MARSEILLE ST CHARLES,13,0.54067055393586
VALENCE TGV AUVERGNE RHONE ALPES,MARSEILLE ST CHARLES,14,0.5387755102040817
VALENCE TGV AUVERGNE RHONE ALPES,MARSEILLE ST CHARLES,15,0.5704081632653062
VALENCE TGV AUVERGNE RHONE ALPES,MARSEILLE ST CHARLES,16,0.5912536443148688
VALENCE TGV AUVERGNE RHONE ALPES,MARSEILLE ST CHARLES,17,0.5972303206997084
VALENCE TGV AUVERGNE RHONE ALPES,MARSEILLE ST CHARLES,18,0.6115160349854227
VALENCE TGV AUVERGNE RHONE ALPES,MARSEILLE ST CHARLES,19,0.639327485380117
VALENCE TGV AUVERGNE RHONE ALPES,MARSEILLE ST CHARLES,20,0.6551319648093842
VALENCE TGV AUVERGNE RHONE ALPES,MARSEILLE ST CHARLES,21,0.6558651026392962
VALENCE TGV AUVERGNE RHONE ALPES,MARSEILLE ST CHARLES,22,0.6494134897360704
VALENCE TGV AUVERGNE RHONE ALPES,MARSEILLE ST CHARLES,23,0.650733137829912
VALENCE TGV AUVERGNE RHONE ALPES,MARSEILLE ST CHARLES,24,0.6639296187683285
VALENCE TGV AUVERGNE RHONE ALPES,MARSEILLE ST CHARLES,25,0.6717008797653959
VALENCE TGV AUVERGNE RHONE ALPES,MARSEILLE ST CHARLES,26,0.6932352941176471
VALENCE TGV AUVERGNE RHONE ALPES,MARSEILLE ST CHARLES,27,0.6973451327433628
VALENCE TGV AUVERGNE RHONE ALPES,MARSEILLE ST CHARLES,28,0.6904129793510325
VALENCE TGV AUVERGNE RHONE ALPES,MARSEILLE ST CHARLES,29,0.643952802359882
VALENCE TGV AUVERGNE RHONE ALPES,MARSEILLE ST CHARLES,30,0.05014836795252226
VALENCE TGV AUVERGNE RHONE ALPES,MONTPELLIER SAINT ROCH,0,0.6537249283667622
VALENCE TGV AUVERGNE RHONE ALPES,MONTPELLIER SAINT ROCH,1,0.6634670487106018
VALENCE TGV AUVERGNE RHONE ALPES,MONTPELLIER SAINT ROCH,2,0.6703438395415472
VALENCE TGV AUVERGNE RHONE ALPES,MONTPELLIER SAINT ROCH,3,0.6871060171919771
VALENCE TGV AUVERGNE RHONE ALPES,MONTPELLIER SAINT ROCH,4,0.5296561604584527
VALENCE TGV AUVERGNE RHONE ALPES,MONTPELLIER SAINT ROCH,5,0.5250716332378224
VALENCE TGV AUVERGNE RHONE ALPES,MONTPELLIER SAINT ROCH,6,0.538538681948424
VALENCE TGV AUVERGNE RHONE ALPES,MONTPELLIER SAINT ROCH,7,0.5297994269340974
VALENCE TGV AUVERGNE RHONE ALPES,MONTPELLIER SAINT ROCH,8,0.5328080229226361
VALENCE TGV AUVERGNE RHONE ALPES,MONTPELLIER SAINT ROCH,9,0.5372492836676218
VALENCE TGV AUVERGNE RHONE ALPES,MONTPELLIER SAINT ROCH,10,0.5488538681948424
VALENCE TGV AUVERGNE RHONE ALPES,MONTPELLIER SAINT ROCH,11,0.5355300859598854
VALENCE TGV AUVERGNE RHONE ALPES,MONTPELLIER SAINT ROCH,12,0.33706896551724136
VALENCE TGV AUVERGNE RHONE ALPES,MONTPELLIER SAINT ROCH,13,0.3290229885057471
VALENCE TGV AUVERGNE RHONE ALPES,MONTPELLIER SAINT ROCH,14,0.3317528735632184
VALENCE TGV AUVERGNE RHONE ALPES,MONTPELLIER SAINT ROCH,15,0.34468390804597704
VALENCE TGV AUVERGNE RHONE ALPES,MONTPELLIER SAINT ROCH,16,0.3471264367816092
VALENCE TGV AUVERGNE RHONE ALPES,MONTPELLIER SAINT ROCH,17,0.3459654178674352
VALENCE TGV AUVERGNE RHONE ALPES,MONTPELLIER SAINT ROCH,18,0.35821325648414987
VALENCE TGV AUVERGNE RHONE ALPES,MONTPELLIER SAINT ROCH,19,0.344364161849711
VALENCE TGV AUVERGNE RHONE ALPES,MONTPELLIER SAINT ROCH,20,0.3429190751445087
VALENCE TGV AUVERGNE RHONE ALPES,MONTPELLIER SAINT ROCH,21,0.35621387283236994
VALENCE TGV AUVERGNE RHONE ALPES,MONTPELLIER SAINT ROCH,22,0.3661849710982659
VALENCE TGV AUVERGNE RHONE ALPES,MONTPELLIER SAINT ROCH,23,0.3626086956521739
VALENCE TGV AUVERGNE RHONE ALPES,MONTPELLIER SAINT ROCH,24,0.36002906976744187
VALENCE TGV AUVERGNE RHONE ALPES,MONTPELLIER SAINT ROCH,25,0.36268221574344023
VALENCE TGV AUVERGNE RHONE ALPES,MONTPELLIER SAINT ROCH,26,0.3646198830409357
VALENCE TGV AUVERGNE RHONE ALPES,MONTPELLIER SAINT ROCH,27,0.37163742690058477
VALENCE TGV AUVERGNE RHONE ALPES,MONTPELLIER SAINT ROCH,28,0.37580645161290327
VALENCE TGV AUVERGNE RHONE ALPES,MONTPELLIER SAINT ROCH,29,0.34220588235294114
VALENCE TGV AUVERGNE RHONE ALPES,MONTPELLIER SAINT ROCH,30,0.03801775147928994
VALENCE TGV AUVERGNE RHONE ALPES,MONTPELLIER SUD DE FRANCE,0,0.3333333333333333
VALENCE TGV AUVERGNE RHONE ALPES,MONTPELLIER SUD DE FRANCE,1,0.5666666666666667
VALENCE TGV AUVERGNE RHONE ALPES,MONTPELLIER SUD DE FRANCE,2,0.39999999999999997
VALENCE TGV AUVERGNE RHONE ALPES,MONTPELLIER SUD DE FRANCE,3,0.35000000000000003
VALENCE TGV AUVERGNE RHONE ALPES,MONTPELLIER SUD DE FRANCE,4,0.31666666666666665
VALENCE TGV AUVERGNE RHONE ALPES,MONTPELLIER SUD DE FRANCE,5,0.3333333333333333
VALENCE TGV AUVERGNE RHONE ALPES,MONTPELLIER SUD DE FRANCE,6,0.35000000000000003
VALENCE TGV AUVERGNE RHONE ALPES,MONTPELLIER SUD DE FRANCE,7,0.3333333333333333
VALENCE TGV AUVERGNE RHONE ALPES,MONTPELLIER SUD DE FRANCE,8,0.3333333333333333
VALENCE TGV AUVERGNE RHONE ALPES,MONTPELLIER SUD DE FRANCE,9,0.3333333333333333
VALENCE TGV AUVERGNE RHONE ALPES,MONTPELLIER SUD DE FRANCE,10,0.31666666666666665
VALENCE TGV AUVERGNE RHONE ALPES,MONTPELLIER SUD DE FRANCE,11,0.31666666666666665
VALENCE TGV AUVERGNE RHONE ALPES,MONTPELLIER SUD DE FRANCE,12,0.016666666666666666
VALENCE TGV AUVERGNE RHONE ALPES,MONTPELLIER SUD DE FRANCE,13,0.0
VALENCE TGV AUVERGNE RHONE ALPES,MONTPELLIER SUD DE FRANCE,14,0.0
VALENCE TGV AUVERGNE RHONE ALPES,MONTPELLIER SUD DE FRANCE,15,0.0
VALENCE TGV AUVERGNE RHONE ALPES,MONTPELLIER SUD DE FRANCE,16,0.0
VALENCE TGV AUVERGNE RHONE ALPES,MONTPELLIER SUD DE FRANCE,17,0.0
VALENCE TGV AUVERGNE RHONE ALPES,MONTPELLIER SUD DE FRANCE,18,0.0
VALENCE TGV AUVERGNE RHONE ALPES,MONTPELLIER SUD DE FRANCE,19,0.0
VALENCE TGV AUVERGNE RHONE ALPES,MONTPELLIER SUD DE FRANCE,20,0.0
VALENCE TGV AUVERGNE RHONE ALPES,MONTPELLIER SUD DE FRANCE,21,0.03333333333333333
VALENCE TGV AUVERGNE RHONE ALPES,MONTPELLIER SUD DE FRANCE,22,0.016666666666666666
VALENCE TGV AUVERGNE RHONE ALPES,MONTPELLIER SUD DE FRANCE,23,0.0
VALENCE TGV AUVERGNE RHONE ALPES,MONTPELLIER SUD DE FRANCE,24,0.0
VALENCE TGV AUVERGNE RHONE ALPES,MONTPELLIER SUD DE FRANCE,25,0.0
VALENCE TGV AUVERGNE RHONE ALPES,MONTPELLIER SUD DE FRANCE,26,0.016666666666666666
VALENCE TGV AUVERGNE RHONE ALPES,MONTPELLIER SUD DE FRANCE,27,0.0
VALENCE TGV AUVERGNE RHONE ALPES,MONTPELLIER SUD DE FRANCE,28,0.0
VALENCE TGV AUVERGNE RHONE ALPES,MONTPELLIER SUD DE FRANCE,29,0.016666666666666666
VALENCE TGV AUVERGNE RHONE ALPES,MONTPELLIER SUD DE FRANCE,30,0.0
VALENCE TGV AUVERGNE RHONE ALPES,NARBONNE,0,0.593371757925072
VALENCE TGV AUVERGNE RHONE ALPES,NARBONNE,1,0.6105187319884726
VALENCE TGV AUVERGNE RHONE ALPES,NARBONNE,2,0.618299711815562
VALENCE TGV AUVERGNE RHONE ALPES,NARBONNE,3,0.6250720461095101
VALENCE TGV AUVERGNE RHONE ALPES,NARBONNE,4,0.4463976945244957
VALENCE TGV AUVERGNE RHONE ALPES,NARBONNE,5,0.44668587896253603
VALENCE TGV AUVERGNE RHONE ALPES,NARBONNE,6,0.46253602305475505
VALENCE TGV AUVERGNE RHONE ALPES,NARBONNE,7,0.45129682997118153
VALENCE TGV AUVERGNE RHONE ALPES,NARBONNE,8,0.4565028901734104
VALENCE TGV AUVERGNE RHONE ALPES,NARBONNE,9,0.45936599423631125
VALENCE TGV AUVERGNE RHONE ALPES,NARBONNE,10,0.4723342939481268
VALENCE TGV AUVERGNE RHONE ALPES,NARBONNE,11,0.4546109510086455
VALENCE TGV AUVERGNE RHONE ALPES,NARBONNE,12,0.22745664739884394
VALENCE TGV AUVERGNE RHONE ALPES,NARBONNE,13,0.2163294797687861
VALENCE TGV AUVERGNE RHONE ALPES,NARBONNE,14,0.22572254335260114
VALENCE TGV AUVERGNE RHONE ALPES,NARBONNE,15,0.2346820809248555
VALENCE TGV AUVERGNE RHONE ALPES,NARBONNE,16,0.24002890173410404
VALENCE TGV AUVERGNE RHONE ALPES,NARBONNE,17,0.23884057971014494
VALENCE TGV AUVERGNE RHONE ALPES,NARBONNE,18,0.2481159420289855
VALENCE TGV AUVERGNE RHONE ALPES,NARBONNE,19,0.2319767441860465
VALENCE TGV AUVERGNE RHONE ALPES,NARBONNE,20,0.23386627906976745
VALENCE TGV AUVERGNE RHONE ALPES,NARBONNE,21,0.2507267441860465
VALENCE TGV AUVERGNE RHONE ALPES,NARBONNE,22,0.25770348837209306
VALENCE TGV AUVERGNE RHONE ALPES,NARBONNE,23,0.2583090379008746
VALENCE TGV AUVERGNE RHONE ALPES,NARBONNE,24,0.25526315789473686
VALENCE TGV AUVERGNE RHONE ALPES,NARBONNE,25,0.256158357771261
VALENCE TGV AUVERGNE RHONE ALPES,NARBONNE,26,0.2570588235294118
VALENCE TGV AUVERGNE RHONE ALPES,NARBONNE,27,0.26897058823529413
VALENCE TGV AUVERGNE RHONE ALPES,NARBONNE,28,0.27359882005899705
VALENCE TGV AUVERGNE RHONE ALPES,NARBONNE,29,0.25443786982248523
VALENCE TGV AUVERGNE RHONE ALPES,NARBONNE,30,0.03154761904761905
VALENCE TGV AUVERGNE RHONE ALPES,NICE VILLE,0,0.2910144927536232
VALENCE TGV AUVERGNE RHONE ALPES,NICE VILLE,1,0.3149709302325581
VALENCE TGV AUVERGNE RHONE ALPES,NICE VILLE,2,0.3293002915451895
VALENCE TGV AUVERGNE RHONE ALPES,NICE VILLE,3,0.34492753623188405
VALENCE TGV AUVERGNE RHONE ALPES,NICE VILLE,4,0.23623188405797102
VALENCE TGV AUVERGNE RHONE ALPES,NICE VILLE,5,0.2382608695652174
VALENCE TGV AUVERGNE RHONE ALPES,NICE VILLE,6,0.2690751445086705
VALENCE TGV AUVERGNE RHONE ALPES,NICE VILLE,7,0.2679710144927536
VALENCE TGV AUVERGNE RHONE ALPES,NICE VILLE,8,0.28130434782608693
VALENCE TGV AUVERGNE RHONE ALPES,NICE VILLE,9,0.2965217391304348
VALENCE TGV AUVERGNE RHONE ALPES,NICE VILLE,10,0.3175872093023256
VALENCE TGV AUVERGNE RHONE ALPES,NICE VILLE,11,0.3370639534883721
VALENCE TGV AUVERGNE RHONE ALPES,NICE VILLE,12,0.11588921282798834
VALENCE TGV AUVERGNE RHONE ALPES,NICE VILLE,13,0.11140350877192982
VALENCE TGV AUVERGNE RHONE ALPES,NICE VILLE,14,0.09780701754385966
VALENCE TGV AUVERGNE RHONE ALPES,NICE VILLE,15,0.10964912280701754
VALENCE TGV AUVERGNE RHONE ALPES,NICE VILLE,16,0.12368421052631579
VALENCE TGV AUVERGNE RHONE ALPES,NICE VILLE,17,0.13460410557184752
VALENCE TGV AUVERGNE RHONE ALPES,NICE VILLE,18,0.14441176470588235
VALENCE TGV AUVERGNE RHONE ALPES,NICE VILLE,19,0.1476401179941003
VALENCE TGV AUVERGNE RHONE ALPES,NICE VILLE,20,0.14926035502958582
VALENCE TGV AUVERGNE RHONE ALPES,NICE VILLE,21,0.14718100890207717
VALENCE TGV AUVERGNE RHONE ALPES,NICE VILLE,22,0.16038575667655786
VALENCE TGV AUVERGNE RHONE ALPES,NICE VILLE,23,0.1649851632047478
VALENCE TGV AUVERGNE RHONE ALPES,NICE VILLE,24,0.1617910447761194
VALENCE TGV AUVERGNE RHONE ALPES,NICE VILLE,25,0.16212574850299402
VALENCE TGV AUVERGNE RHONE ALPES,NICE VILLE,26,0.16741741741741742
VALENCE TGV AUVERGNE RHONE ALPES,NICE VILLE,27,0.1697289156626506
VALENCE TGV AUVERGNE RHONE ALPES,NICE VILLE,28,0.1646525679758308
VALENCE TGV AUVERGNE RHONE ALPES,NICE VILLE,29,0.16606060606060605
VALENCE TGV AUVERGNE RHONE ALPES,NICE VILLE,30,0.02522935779816514
VALENCE TGV AUVERGNE RHONE ALPES,NIMES CENTRE,0,0.6522922636103152
VALENCE TGV AUVERGNE RHONE ALPES,NIMES CENTRE,1,0.6597421203438395
VALENCE TGV AUVERGNE RHONE ALPES,NIMES CENTRE,2,0.667621776504298
VALENCE TGV AUVERGNE RHONE ALPES,NIMES CENTRE,3,0.6836676217765043
VALENCE TGV AUVERGNE RHONE ALPES,NIMES CENTRE,4,0.5295128939828081
VALENCE TGV AUVERGNE RHONE ALPES,NIMES CENTRE,5,0.5263610315186246
VALENCE TGV AUVERGNE RHONE ALPES,NIMES CENTRE,6,0.5392550143266476
VALENCE TGV AUVERGNE RHONE ALPES,NIMES CENTRE,7,0.5313753581661891
VALENCE TGV AUVERGNE RHONE ALPES,NIMES CENTRE,8,0.5312320916905444
VALENCE TGV AUVERGNE RHONE ALPES,NIMES CENTRE,9,0.5351002865329513
VALENCE TGV AUVERGNE RHONE ALPES,NIMES CENTRE,10,0.5389684813753581
VALENCE TGV AUVERGNE RHONE ALPES,NIMES CENTRE,11,0.5320916905444125
VALENCE TGV AUVERGNE RHONE ALPES,NIMES CENTRE,12,0.3369252873563218
VALENCE TGV AUVERGNE RHONE ALPES,NIMES CENTRE,13,0.3258620689655173
VALENCE TGV AUVERGNE RHONE ALPES,NIMES CENTRE,14,0.33132183908045976
VALENCE TGV AUVERGNE RHONE ALPES,NIMES CENTRE,15,0.3413793103448276
VALENCE TGV AUVERGNE RHONE ALPES,NIMES CENTRE,16,0.3479885057471264
VALENCE TGV AUVERGNE RHONE ALPES,NIMES CENTRE,17,0.346685878962536
VALENCE TGV AUVERGNE RHONE ALPES,NIMES CENTRE,18,0.35461095100864554
VALENCE TGV AUVERGNE RHONE ALPES,NIMES CENTRE,19,0.34234104046242775
VALENCE TGV AUVERGNE RHONE ALPES,NIMES CENTRE,20,0.3432080924855491
VALENCE TGV AUVERGNE RHONE ALPES,NIMES CENTRE,21,0.3586705202312139
VALENCE TGV AUVERGNE RHONE ALPES,NIMES CENTRE,22,0.3666184971098266
VALENCE TGV AUVERGNE RHONE ALPES,NIMES CENTRE,23,0.36391304347826087
VALENCE TGV AUVERGNE RHONE ALPES,NIMES CENTRE,24,0.35915697674418606
VALENCE TGV AUVERGNE RHONE ALPES,NIMES CENTRE,25,0.3610787172011662
VALENCE TGV AUVERGNE RHONE ALPES,NIMES CENTRE,26,0.36403508771929827
VALENCE TGV AUVERGNE RHONE ALPES,NIMES CENTRE,27,0.36988304093567254
VALENCE TGV AUVERGNE RHONE ALPES,NIMES CENTRE,28,0.37302052785923756
VALENCE TGV AUVERGNE RHONE ALPES,NIMES CENTRE,29,0.3392647058823529
VALENCE TGV AUVERGNE RHONE ALPES,NIMES CENTRE,30,0.04822485207100592
VALENCE TGV AUVERGNE RHONE ALPES,NIMES PONT DU GARD,0,0.2833333333333334
VALENCE TGV AUVERGNE RHONE ALPES,NIMES PONT DU GARD,1,0.5499999999999999
VALENCE TGV AUVERGNE RHONE ALPES,NIMES PONT DU GARD,2,0.3833333333333333
VALENCE TGV AUVERGNE RHONE ALPES,NIMES PONT DU GARD,3,0.3666666666666667
VALENCE TGV AUVERGNE RHONE ALPES,NIMES PONT DU GARD,4,0.31666666666666665
VALENCE TGV AUVERGNE RHONE ALPES,NIMES PONT DU GARD,5,0.3333333333333333
VALENCE TGV AUVERGNE RHONE ALPES,NIMES PONT DU GARD,6,0.35000000000000003
VALENCE TGV AUVERGNE RHONE ALPES,NIMES PONT DU GARD,7,0.35000000000000003
VALENCE TGV AUVERGNE RHONE ALPES,NIMES PONT DU GARD,8,0.3333333333333333
VALENCE TGV AUVERGNE RHONE ALPES,NIMES PONT DU GARD,9,0.3333333333333333
VALENCE TGV AUVERGNE RHONE ALPES,NIMES PONT DU GARD,10,0.3
VALENCE TGV AUVERGNE RHONE ALPES,NIMES PONT DU GARD,11,0.3166666666666667
VALENCE TGV AUVERGNE RHONE ALPES,NIMES PONT DU GARD,12,0.0
VALENCE TGV AUVERGNE RHONE ALPES,NIMES PONT DU GARD,13,0.0
VALENCE TGV AUVERGNE RHONE ALPES,NIMES PONT DU GARD,14,0.0
VALENCE TGV AUVERGNE RHONE ALPES,NIMES PONT DU GARD,15,0.0
VALENCE TGV AUVERGNE RHONE ALPES,NIMES PONT DU GARD,16,0.0
VALENCE TGV AUVERGNE RHONE ALPES,NIMES PONT DU GARD,17,0.0
VALENCE TGV AUVERGNE RHONE ALPES,NIMES PONT DU GARD,18,0.0
VALENCE TGV AUVERGNE RHONE ALPES,NIMES PONT DU GARD,19,0.0
VALENCE TGV AUVERGNE RHONE ALPES,NIMES PONT DU GARD,20,0.0
VALENCE TGV AUVERGNE RHONE ALPES,NIMES PONT DU GARD,21,0.016666666666666666
VALENCE TGV AUVERGNE RHONE ALPES,NIMES PONT DU GARD,22,0.016666666666666666
VALENCE TGV AUVERGNE RHONE ALPES,NIMES PONT DU GARD,23,0.016666666666666666
VALENCE TGV AUVERGNE RHONE ALPES,NIMES PONT DU GARD,24,0.0
VALENCE TGV AUVERGNE RHONE ALPES,NIMES PONT DU GARD,25,0.0
VALENCE TGV AUVERGNE RHONE ALPES,NIMES PONT DU GARD,26,0.016666666666666666
VALENCE TGV AUVERGNE RHONE ALPES,NIMES PONT DU GARD,27,0.0
VALENCE TGV AUVERGNE RHONE ALPES,NIMES PONT DU GARD,28,0.016666666666666666
VALENCE TGV AUVERGNE RHONE ALPES,NIMES PONT DU GARD,29,0.016666666666666666
VALENCE TGV AUVERGNE RHONE ALPES,NIMES PONT DU GARD,30,0.0
VALENCE TGV AUVERGNE RHONE ALPES,SETE,0,0.25171875
VALENCE TGV AUVERGNE RHONE ALPES,SETE,1,0.25734375
VALENCE TGV AUVERGNE RHONE ALPES,SETE,2,0.22625
VALENCE TGV AUVERGNE RHONE ALPES,SETE,3,0.22819314641744548
VALENCE TGV AUVERGNE RHONE ALPES,SETE,4,0.06921875
VALENCE TGV AUVERGNE RHONE ALPES,SETE,5,0.057499999999999996
VALENCE TGV AUVERGNE RHONE ALPES,SETE,6,0.058750000000000004
VALENCE TGV AUVERGNE RHONE ALPES,SETE,7,0.0646875
VALENCE TGV AUVERGNE RHONE ALPES,SETE,8,0.056406250000000005
VALENCE TGV AUVERGNE RHONE ALPES,SETE,9,0.046406249999999996
VALENCE TGV AUVERGNE RHONE ALPES,SETE,10,0.05638629283489097
VALENCE TGV AUVERGNE RHONE ALPES,SETE,11,0.049062499999999995
VALENCE TGV AUVERGNE RHONE ALPES,SETE,12,0.014106583072100314
VALENCE TGV AUVERGNE RHONE ALPES,SETE,13,0.008777429467084638
VALENCE TGV AUVERGNE RHONE ALPES,SETE,14,0.004559748427672956
VALENCE TGV AUVERGNE RHONE ALPES,SETE,15,0.0042452830188679245
VALENCE TGV AUVERGNE RHONE ALPES,SETE,16,0.005642633228840125
VALENCE TGV AUVERGNE RHONE ALPES,SETE,17,0.005172413793103448
VALENCE TGV AUVERGNE RHONE ALPES,SETE,18,0.0026813880126182964
VALENCE TGV AUVERGNE RHONE ALPES,SETE,19,0.005379746835443038
VALENCE TGV AUVERGNE RHONE ALPES,SETE,20,0.0044444444444444444
VALENCE TGV AUVERGNE RHONE ALPES,SETE,21,0.0046178343949044584
VALENCE TGV AUVERGNE RHONE ALPES,SETE,22,0.0011182108626198084
VALENCE TGV AUVERGNE RHONE ALPES,SETE,23,0.0009615384615384615
VALENCE TGV AUVERGNE RHONE ALPES,SETE,24,0.0028846153846153848
VALENCE TGV AUVERGNE RHONE ALPES,SETE,25,0.0017741935483870967
VALENCE TGV AUVERGNE RHONE ALPES,SETE,26,0.001132686084142395
VALENCE TGV AUVERGNE RHONE ALPES,SETE,27,0.0011363636363636365
VALENCE TGV AUVERGNE RHONE ALPES,SETE,28,0.0021172638436482085
VALENCE TGV AUVERGNE RHONE ALPES,SETE,29,0.0024509803921568627
VALENCE TGV AUVERGNE RHONE ALPES,SETE,30,0.00016339869281045753
VALENCE TGV AUVERGNE RHONE ALPES,ST RAPHAEL VALESCURE,0,0.28608695652173916
VALENCE TGV AUVERGNE RHONE ALPES,ST RAPHAEL VALESCURE,1,0.3123546511627907
VALENCE TGV AUVERGNE RHONE ALPES,ST RAPHAEL VALESCURE,2,0.32653061224489793
VALENCE TGV AUVERGNE RHONE ALPES,ST RAPHAEL VALESCURE,3,0.3371014492753623
VALENCE TGV AUVERGNE RHONE ALPES,ST RAPHAEL VALESCURE,4,0.23594202898550726
VALENCE TGV AUVERGNE RHONE ALPES,ST RAPHAEL VALESCURE,5,0.23652173913043475
VALENCE TGV AUVERGNE RHONE ALPES,ST RAPHAEL VALESCURE,6,0.275
VALENCE TGV AUVERGNE RHONE ALPES,ST RAPHAEL VALESCURE,7,0.26521739130434785
VALENCE TGV AUVERGNE RHONE ALPES,ST RAPHAEL VALESCURE,8,0.27999999999999997
VALENCE TGV AUVERGNE RHONE ALPES,ST RAPHAEL VALESCURE,9,0.29376811594202895
VALENCE TGV AUVERGNE RHONE ALPES,ST RAPHAEL VALESCURE,10,0.31947674418604655
VALENCE TGV AUVERGNE RHONE ALPES,ST RAPHAEL VALESCURE,11,0.33328488372093024
VALENCE TGV AUVERGNE RHONE ALPES,ST RAPHAEL VALESCURE,12,0.1119533527696793
VALENCE TGV AUVERGNE RHONE ALPES,ST RAPHAEL VALESCURE,13,0.11023391812865498
VALENCE TGV AUVERGNE RHONE ALPES,ST RAPHAEL VALESCURE,14,0.09663742690058479
VALENCE TGV AUVERGNE RHONE ALPES,ST RAPHAEL VALESCURE,15,0.1095029239766082
VALENCE TGV AUVERGNE RHONE ALPES,ST RAPHAEL VALESCURE,16,0.12002923976608186
VALENCE TGV AUVERGNE RHONE ALPES,ST RAPHAEL VALESCURE,17,0.13093841642228737
VALENCE TGV AUVERGNE RHONE ALPES,ST RAPHAEL VALESCURE,18,0.13985294117647057
VALENCE TGV AUVERGNE RHONE ALPES,ST RAPHAEL VALESCURE,19,0.14823008849557523
VALENCE TGV AUVERGNE RHONE ALPES,ST RAPHAEL VALESCURE,20,0.15044378698224853
VALENCE TGV AUVERGNE RHONE ALPES,ST RAPHAEL VALESCURE,21,0.15014836795252226
VALENCE TGV AUVERGNE RHONE ALPES,ST RAPHAEL VALESCURE,22,0.15934718100890208
VALENCE TGV AUVERGNE RHONE ALPES,ST RAPHAEL VALESCURE,23,0.1632047477744807
VALENCE TGV AUVERGNE RHONE ALPES,ST RAPHAEL VALESCURE,24,0.16134328358208955
VALENCE TGV AUVERGNE RHONE ALPES,ST RAPHAEL VALESCURE,25,0.16047904191616766
VALENCE TGV AUVERGNE RHONE ALPES,ST RAPHAEL VALESCURE,26,0.16891891891891891
VALENCE TGV AUVERGNE RHONE ALPES,ST RAPHAEL VALESCURE,27,0.1713855421686747
VALENCE TGV AUVERGNE RHONE ALPES,ST RAPHAEL VALESCURE,28,0.16419939577039275
VALENCE TGV AUVERGNE RHONE ALPES,ST RAPHAEL VALESCURE,29,0.16424242424242425
VALENCE TGV AUVERGNE RHONE ALPES,ST RAPHAEL VALESCURE,30,0.0290519877675841
VALENCE TGV AUVERGNE RHONE ALPES,TOULON,0,0.296231884057971
VALENCE TGV AUVERGNE RHONE ALPES,TOULON,1,0.3268895348837209
VALENCE TGV AUVERGNE RHONE ALPES,TOULON,2,0.33862973760932946
VALENCE TGV AUVERGNE RHONE ALPES,TOULON,3,0.35405797101449277
VALENCE TGV AUVERGNE RHONE ALPES,TOULON,4,0.2363768115942029
VALENCE TGV AUVERGNE RHONE ALPES,TOULON,5,0.2343478260869565
VALENCE TGV AUVERGNE RHONE ALPES,TOULON,6,0.26473988439306356
VALENCE TGV AUVERGNE RHONE ALPES,TOULON,7,0.28246376811594204
VALENCE TGV AUVERGNE RHONE ALPES,TOULON,8,0.29637681159420287
VALENCE TGV AUVERGNE RHONE ALPES,TOULON,9,0.3127536231884058
VALENCE TGV AUVERGNE RHONE ALPES,TOULON,10,0.33430232558139533
VALENCE TGV AUVERGNE RHONE ALPES,TOULON,11,0.3486918604651163
VALENCE TGV AUVERGNE RHONE ALPES,TOULON,12,0.1151603498542274
VALENCE TGV AUVERGNE RHONE ALPES,TOULON,13,0.11271929824561402
VALENCE TGV AUVERGNE RHONE ALPES,TOULON,14,0.10029239766081871
VALENCE TGV AUVERGNE RHONE ALPES,TOULON,15,0.11359649122807018
VALENCE TGV AUVERGNE RHONE ALPES,TOULON,16,0.12485380116959065
VALENCE TGV AUVERGNE RHONE ALPES,TOULON,17,0.1348973607038123
VALENCE TGV AUVERGNE RHONE ALPES,TOULON,18,0.14397058823529413
VALENCE TGV AUVERGNE RHONE ALPES,TOULON,19,0.14778761061946902
VALENCE TGV AUVERGNE RHONE ALPES,TOULON,20,0.15118343195266273
VALENCE TGV AUVERGNE RHONE ALPES,TOULON,21,0.1467359050445104
VALENCE TGV AUVERGNE RHONE ALPES,TOULON,22,0.16008902077151335
VALENCE TGV AUVERGNE RHONE ALPES,TOULON,23,0.1649851632047478
VALENCE TGV AUVERGNE RHONE ALPES,TOULON,24,0.1616417910447761
VALENCE TGV AUVERGNE RHONE ALPES,TOULON,25,0.16197604790419162
VALENCE TGV AUVERGNE RHONE ALPES,TOULON,26,0.17027027027027028
VALENCE TGV AUVERGNE RHONE ALPES,TOULON,27,0.17289156626506025
VALENCE TGV AUVERGNE RHONE ALPES,TOULON,28,0.16812688821752264
VALENCE TGV AUVERGNE RHONE ALPES,TOULON,29,0.16303030303030303
VALENCE TGV AUVERGNE RHONE ALPES,TOULON,30,0.02507645259938838
VALENCE TGV AUVERGNE RHONE ALPES,TOULOUSE MATABIAU,0,0.5747838616714697
VALENCE TGV AUVERGNE RHONE ALPES,TOULOUSE MATABIAU,1,0.595821325648415
VALENCE TGV AUVERGNE RHONE ALPES,TOULOUSE MATABIAU,2,0.6047550432276657
VALENCE TGV AUVERGNE RHONE ALPES,TOULOUSE MATABIAU,3,0.6211815561959655
VALENCE TGV AUVERGNE RHONE ALPES,TOULOUSE MATABIAU,4,0.4340057636887608
VALENCE TGV AUVERGNE RHONE ALPES,TOULOUSE MATABIAU,5,0.4389048991354467
VALENCE TGV AUVERGNE RHONE ALPES,TOULOUSE MATABIAU,6,0.4475504322766571
VALENCE TGV AUVERGNE RHONE ALPES,TOULOUSE MATABIAU,7,0.4298270893371758
VALENCE TGV AUVERGNE RHONE ALPES,TOULOUSE MATABIAU,8,0.4382947976878613
VALENCE TGV AUVERGNE RHONE ALPES,TOULOUSE MATABIAU,9,0.44553314121037463
VALENCE TGV AUVERGNE RHONE ALPES,TOULOUSE MATABIAU,10,0.4603746397694525
VALENCE TGV AUVERGNE RHONE ALPES,TOULOUSE MATABIAU,11,0.4518731988472623
VALENCE TGV AUVERGNE RHONE ALPES,TOULOUSE MATABIAU,12,0.22456647398843932
VALENCE TGV AUVERGNE RHONE ALPES,TOULOUSE MATABIAU,13,0.2179190751445087
VALENCE TGV AUVERGNE RHONE ALPES,TOULOUSE MATABIAU,14,0.22846820809248555
VALENCE TGV AUVERGNE RHONE ALPES,TOULOUSE MATABIAU,15,0.23713872832369942
VALENCE TGV AUVERGNE RHONE ALPES,TOULOUSE MATABIAU,16,0.2384393063583815
VALENCE TGV AUVERGNE RHONE ALPES,TOULOUSE MATABIAU,17,0.2373913043478261
VALENCE TGV AUVERGNE RHONE ALPES,TOULOUSE MATABIAU,18,0.24652173913043476
VALENCE TGV AUVERGNE RHONE ALPES,TOULOUSE MATABIAU,19,0.23343023255813952
VALENCE TGV AUVERGNE RHONE ALPES,TOULOUSE MATABIAU,20,0.23546511627906977
VALENCE TGV AUVERGNE RHONE ALPES,TOULOUSE MATABIAU,21,0.24796511627906975
VALENCE TGV AUVERGNE RHONE ALPES,TOULOUSE MATABIAU,22,0.25712209302325584
VALENCE TGV AUVERGNE RHONE ALPES,TOULOUSE MATABIAU,23,0.2565597667638484
VALENCE TGV AUVERGNE RHONE ALPES,TOULOUSE MATABIAU,24,0.2539473684210526
VALENCE TGV AUVERGNE RHONE ALPES,TOULOUSE MATABIAU,25,0.25395894428152493
VALENCE TGV AUVERGNE RHONE ALPES,TOULOUSE MATABIAU,26,0.2560294117647059
VALENCE TGV AUVERGNE RHONE ALPES,TOULOUSE MATABIAU,27,0.2726470588235294
VALENCE TGV AUVERGNE RHONE ALPES,TOULOUSE MATABIAU,28,0.2766961651917404
VALENCE TGV AUVERGNE RHONE ALPES,TOULOUSE MATABIAU,29,0.25828402366863906
VALENCE TGV AUVERGNE RHONE ALPES,TOULOUSE MATABIAU,30,0.031101190476190473
VALENCE VILLE,BEZIERS,0,0.0
VALENCE VILLE,BEZIERS,1,0.0
VALENCE VILLE,BEZIERS,2,0.0
VALENCE VILLE,BEZIERS,3,0.0
VALENCE VILLE,BEZIERS,4,0.025
VALENCE VILLE,BEZIERS,5,0.0125
VALENCE VILLE,BEZIERS,6,0.0
VALENCE VILLE,BEZIERS,7,0.0
VALENCE VILLE,BEZIERS,8,0.0
VALENCE VILLE,BEZIERS,9,0.0
VALENCE VILLE,BEZIERS,10,0.0
VALENCE VILLE,BEZIERS,11,0.0
VALENCE VILLE,BEZIERS,12,0.0125
VALENCE VILLE,BEZIERS,13,0.0
VALENCE VILLE,BEZIERS,14,0.0
VALENCE VILLE,BEZIERS,15,0.0
VALENCE VILLE,BEZIERS,16,0.0
VALENCE VILLE,BEZIERS,17,0.0
VALENCE VILLE,BEZIERS,18,0.0
VALENCE VILLE,BEZIERS,19,0.0
VALENCE VILLE,BEZIERS,20,0.0
VALENCE VILLE,BEZIERS,21,0.0
VALENCE VILLE,BEZIERS,22,0.0
VALENCE VILLE,BEZIERS,23,0.0
VALENCE VILLE,BEZIERS,24,0.0
VALENCE VILLE,BEZIERS,25,0.0
VALENCE VILLE,BEZIERS,26,0.0
VALENCE VILLE,BEZIERS,27,0.0
VALENCE VILLE,BEZIERS,28,0.0
VALENCE VILLE,BEZIERS,29,0.0
VALENCE VILLE,BEZIERS,30,0.0
VALENCE VILLE,CARCASSONNE,0,0.0125
VALENCE VILLE,CARCASSONNE,1,0.0
VALENCE VILLE,CARCASSONNE,2,0.0
VALENCE VILLE,CARCASSONNE,3,0.0125
VALENCE VILLE,CARCASSONNE,4,0.025
VALENCE VILLE,CARCASSONNE,5,0.0125
VALENCE VILLE,CARCASSONNE,6,0.0
VALENCE VILLE,CARCASSONNE,7,0.0
VALENCE VILLE,CARCASSONNE,8,0.0
VALENCE VILLE,CARCASSONNE,9,0.0
VALENCE VILLE,CARCASSONNE,10,0.0
VALENCE VILLE,CARCASSONNE,11,0.0
VALENCE VILLE,CARCASSONNE,12,0.0
VALENCE VILLE,CARCASSONNE,13,0.0
VALENCE VILLE,CARCASSONNE,14,0.0
VALENCE VILLE,CARCASSONNE,15,0.025
VALENCE VILLE,CARCASSONNE,16,0.0125
VALENCE VILLE,CARCASSONNE,17,0.0
VALENCE VILLE,CARCASSONNE,18,0.0
VALENCE VILLE,CARCASSONNE,19,0.0
VALENCE VILLE,CARCASSONNE,20,0.0
VALENCE VILLE,CARCASSONNE,21,0.0
VALENCE VILLE,CARCASSONNE,22,0.0
VALENCE VILLE,CARCASSONNE,23,0.0
VALENCE VILLE,CARCASSONNE,24,0.0
VALENCE VILLE,CARCASSONNE,25,0.0
VALENCE VILLE,CARCASSONNE,26,0.0
VALENCE VILLE,CARCASSONNE,27,0.0
VALENCE VILLE,CARCASSONNE,28,0.0
VALENCE VILLE,CARCASSONNE,29,0.0
VALENCE VILLE,CARCASSONNE,30,0.0
VALENCE VILLE,MONTPELLIER SAINT ROCH,0,0.0
VALENCE VILLE,MONTPELLIER SAINT ROCH,1,0.0
VALENCE VILLE,MONTPELLIER SAINT ROCH,2,0.0
VALENCE VILLE,MONTPELLIER SAINT ROCH,3,0.0125
VALENCE VILLE,MONTPELLIER SAINT ROCH,4,0.0125
VALENCE VILLE,MONTPELLIER SAINT ROCH,5,0.0
VALENCE VILLE,MONTPELLIER SAINT ROCH,6,0.0
VALENCE VILLE,MONTPELLIER SAINT ROCH,7,0.0
VALENCE VILLE,MONTPELLIER SAINT ROCH,8,0.0
VALENCE VILLE,MONTPELLIER SAINT ROCH,9,0.0
VALENCE VILLE,MONTPELLIER SAINT ROCH,10,0.0
VALENCE VILLE,MONTPELLIER SAINT ROCH,11,0.0
VALENCE VILLE,MONTPELLIER SAINT ROCH,12,0.0
VALENCE VILLE,MONTPELLIER SAINT ROCH,13,0.0
VALENCE VILLE,MONTPELLIER SAINT ROCH,14,0.0
VALENCE VILLE,MONTPELLIER SAINT ROCH,15,0.0
VALENCE VILLE,MONTPELLIER SAINT ROCH,16,0.0
VALENCE VILLE,MONTPELLIER SAINT ROCH,17,0.0
VALENCE VILLE,MONTPELLIER SAINT ROCH,18,0.0
VALENCE VILLE,MONTPELLIER SAINT ROCH,19,0.0
VALENCE VILLE,MONTPELLIER SAINT ROCH,20,0.0
VALENCE VILLE,MONTPELLIER SAINT ROCH,21,0.0
VALENCE VILLE,MONTPELLIER SAINT ROCH,22,0.0
VALENCE VILLE,MONTPELLIER SAINT ROCH,23,0.0
VALENCE VILLE,MONTPELLIER SAINT ROCH,24,0.0
VALENCE VILLE,MONTPELLIER SAINT ROCH,25,0.0
VALENCE VILLE,MONTPELLIER SAINT ROCH,26,0.0
VALENCE VILLE,MONTPELLIER SAINT ROCH,27,0.0
VALENCE VILLE,MONTPELLIER SAINT ROCH,28,0.0
VALENCE VILLE,MONTPELLIER SAINT ROCH,29,0.0
VALENCE VILLE,MONTPELLIER SAINT ROCH,30,0.0
VALENCE VILLE,NARBONNE,0,0.025
VALENCE VILLE,NARBONNE,1,0.0
VALENCE VILLE,NARBONNE,2,0.0
VALENCE VILLE,NARBONNE,3,0.0
VALENCE VILLE,NARBONNE,4,0.0
VALENCE VILLE,NARBONNE,5,0.0
VALENCE VILLE,NARBONNE,6,0.0125
VALENCE VILLE,NARBONNE,7,0.0125
VALENCE VILLE,NARBONNE,8,0.0125
VALENCE VILLE,NARBONNE,9,0.0
VALENCE VILLE,NARBONNE,10,0.0125
VALENCE VILLE,NARBONNE,11,0.0
VALENCE VILLE,NARBONNE,12,0.0
VALENCE VILLE,NARBONNE,13,0.0
VALENCE VILLE,NARBONNE,14,0.0
VALENCE VILLE,NARBONNE,15,0.0
VALENCE VILLE,NARBONNE,16,0.0
VALENCE VILLE,NARBONNE,17,0.0
VALENCE VILLE,NARBONNE,18,0.0
VALENCE VILLE,NARBONNE,19,0.0125
VALENCE VILLE,NARBONNE,20,0.0
VALENCE VILLE,NARBONNE,21,0.0
VALENCE VILLE,NARBONNE,22,0.0
VALENCE VILLE,NARBONNE,23,0.0
VALENCE VILLE,NARBONNE,24,0.0
VALENCE VILLE,NARBONNE,25,0.0
VALENCE VILLE,NARBONNE,26,0.0
VALENCE VILLE,NARBONNE,27,0.0
VALENCE VILLE,NARBONNE,28,0.0
VALENCE VILLE,NARBONNE,29,0.0
VALENCE VILLE,NARBONNE,30,0.0
VALENCE VILLE,NIMES CENTRE,0,0.0
VALENCE VILLE,NIMES CENTRE,1,0.0
VALENCE VILLE,NIMES CENTRE,2,0.0
VALENCE VILLE,NIMES CENTRE,3,0.0
VALENCE VILLE,NIMES CENTRE,4,0.0125
VALENCE VILLE,NIMES CENTRE,5,0.0
VALENCE VILLE,NIMES CENTRE,6,0.0
VALENCE VILLE,NIMES CENTRE,7,0.0
VALENCE VILLE,NIMES CENTRE,8,0.0
VALENCE VILLE,NIMES CENTRE,9,0.0
VALENCE VILLE,NIMES CENTRE,10,0.0
VALENCE VILLE,NIMES CENTRE,11,0.0
VALENCE VILLE,NIMES CENTRE,12,0.0
VALENCE VILLE,NIMES CENTRE,13,0.0
VALENCE VILLE,NIMES CENTRE,14,0.0
VALENCE VILLE,NIMES CENTRE,15,0.0125
VALENCE VILLE,NIMES CENTRE,16,0.0125
VALENCE VILLE,NIMES CENTRE,17,0.0125
VALENCE VILLE,NIMES CENTRE,18,0.0
VALENCE VILLE,NIMES CENTRE,19,0.0
VALENCE VILLE,NIMES CENTRE,20,0.0
VALENCE VILLE,NIMES CENTRE,21,0.0
VALENCE VILLE,NIMES CENTRE,22,0.0
VALENCE VILLE,NIMES CENTRE,23,0.0
VALENCE VILLE,NIMES CENTRE,24,0.0
VALENCE VILLE,NIMES CENTRE,25,0.0
VALENCE VILLE,NIMES CENTRE,26,0.0
VALENCE VILLE,NIMES CENTRE,27,0.0
VALENCE VILLE,NIMES CENTRE,28,0.0
VALENCE VILLE,NIMES CENTRE,29,0.0
VALENCE VILLE,NIMES CENTRE,30,0.0
VALENCE VILLE,TOULOUSE MATABIAU,0,0.0125
VALENCE VILLE,TOULOUSE MATABIAU,1,0.0
VALENCE VILLE,TOULOUSE MATABIAU,2,0.0
VALENCE VILLE,TOULOUSE MATABIAU,3,0.0
VALENCE VILLE,TOULOUSE MATABIAU,4,0.025
VALENCE VILLE,TOULOUSE MATABIAU,5,0.037500000000000006
VALENCE VILLE,TOULOUSE MATABIAU,6,0.0125
VALENCE VILLE,TOULOUSE MATABIAU,7,0.0
VALENCE VILLE,TOULOUSE MATABIAU,8,0.0
VALENCE VILLE,TOULOUSE MATABIAU,9,0.0125
VALENCE VILLE,TOULOUSE MATABIAU,10,0.0125
VALENCE VILLE,TOULOUSE MATABIAU,11,0.0
VALENCE VILLE,TOULOUSE MATABIAU,12,0.0
VALENCE VILLE,TOULOUSE MATABIAU,13,0.0
VALENCE VILLE,TOULOUSE MATABIAU,14,0.0
VALENCE VILLE,TOULOUSE MATABIAU,15,0.0
VALENCE VILLE,TOULOUSE MATABIAU,16,0.0
VALENCE VILLE,TOULOUSE MATABIAU,17,0.0125
VALENCE VILLE,TOULOUSE MATABIAU,18,0.0
VALENCE VILLE,TOULOUSE MATABIAU,19,0.0
VALENCE VILLE,TOULOUSE MATABIAU,20,0.0
VALENCE VILLE,TOULOUSE MATABIAU,21,0.0
VALENCE VILLE,TOULOUSE MATABIAU,22,0.0
VALENCE VILLE,TOULOUSE MATABIAU,23,0.0
VALENCE VILLE,TOULOUSE MATABIAU,24,0.0125
VALENCE VILLE,TOULOUSE MATABIAU,25,0.0
VALENCE VILLE,TOULOUSE MATABIAU,26,0.0
VALENCE VILLE,TOULOUSE MATABIAU,27,0.0
VALENCE VILLE,TOULOUSE MATABIAU,28,0.0
VALENCE VILLE,TOULOUSE MATABIAU,29,0.0
VALENCE VILLE,TOULOUSE MATABIAU,30,0.0
VERSAILLES CHANTIERS,AIME LA PLAGNE,0,1.0
VERSAILLES CHANTIERS,AIME LA PLAGNE,1,1.0
VERSAILLES CHANTIERS,AIME LA PLAGNE,2,0.625
VERSAILLES CHANTIERS,AIME LA PLAGNE,3,0.575
VERSAILLES CHANTIERS,AIME LA PLAGNE,4,0.525
VERSAILLES CHANTIERS,AIME LA PLAGNE,5,0.525
VERSAILLES CHANTIERS,AIME LA PLAGNE,6,0.5
VERSAILLES CHANTIERS,AIME LA PLAGNE,7,0.5
VERSAILLES CHANTIERS,AIME LA PLAGNE,8,0.525
VERSAILLES CHANTIERS,AIME LA PLAGNE,9,0.525
VERSAILLES CHANTIERS,AIME LA PLAGNE,10,0.525
VERSAILLES CHANTIERS,AIME LA PLAGNE,11,0.55
VERSAILLES CHANTIERS,AIME LA PLAGNE,12,0.025
VERSAILLES CHANTIERS,AIME LA PLAGNE,13,0.025
VERSAILLES CHANTIERS,AIME LA PLAGNE,14,0.05
VERSAILLES CHANTIERS,AIME LA PLAGNE,15,0.45
VERSAILLES CHANTIERS,AIME LA PLAGNE,16,0.375
VERSAILLES CHANTIERS,AIME LA PLAGNE,17,0.05
VERSAILLES CHANTIERS,AIME LA PLAGNE,18,0.0
VERSAILLES CHANTIERS,AIME LA PLAGNE,19,0.0
VERSAILLES CHANTIERS,AIME LA PLAGNE,20,0.0
VERSAILLES CHANTIERS,AIME LA PLAGNE,21,0.0
VERSAILLES CHANTIERS,AIME LA PLAGNE,22,0.0
VERSAILLES CHANTIERS,AIME LA PLAGNE,23,0.0
VERSAILLES CHANTIERS,AIME LA PLAGNE,24,0.0
VERSAILLES CHANTIERS,AIME LA PLAGNE,25,0.0
VERSAILLES CHANTIERS,AIME LA PLAGNE,26,0.0
VERSAILLES CHANTIERS,AIME LA PLAGNE,27,0.0
VERSAILLES CHANTIERS,AIME LA PLAGNE,28,0.0
VERSAILLES CHANTIERS,AIME LA PLAGNE,29,0.0
VERSAILLES CHANTIERS,AIME LA PLAGNE,30,0.0
VERSAILLES CHANTIERS,ALBERTVILLE,0,0.975
VERSAILLES CHANTIERS,ALBERTVILLE,1,0.975
VERSAILLES CHANTIERS,ALBERTVILLE,2,0.6
VERSAILLES CHANTIERS,ALBERTVILLE,3,0.55
VERSAILLES CHANTIERS,ALBERTVILLE,4,0.5
VERSAILLES CHANTIERS,ALBERTVILLE,5,0.525
VERSAILLES CHANTIERS,ALBERTVILLE,6,0.525
VERSAILLES CHANTIERS,ALBERTVILLE,7,0.5
VERSAILLES CHANTIERS,ALBERTVILLE,8,0.525
VERSAILLES CHANTIERS,ALBERTVILLE,9,0.5
VERSAILLES CHANTIERS,ALBERTVILLE,10,0.5
VERSAILLES CHANTIERS,ALBERTVILLE,11,0.525
VERSAILLES CHANTIERS,ALBERTVILLE,12,0.025
VERSAILLES CHANTIERS,ALBERTVILLE,13,0.025
VERSAILLES CHANTIERS,ALBERTVILLE,14,0.1
VERSAILLES CHANTIERS,ALBERTVILLE,15,0.4
VERSAILLES CHANTIERS,ALBERTVILLE,16,0.4
VERSAILLES CHANTIERS,ALBERTVILLE,17,0.075
VERSAILLES CHANTIERS,ALBERTVILLE,18,0.0
VERSAILLES CHANTIERS,ALBERTVILLE,19,0.0
VERSAILLES CHANTIERS,ALBERTVILLE,20,0.0
VERSAILLES CHANTIERS,ALBERTVILLE,21,0.0
VERSAILLES CHANTIERS,ALBERTVILLE,22,0.0
VERSAILLES CHANTIERS,ALBERTVILLE,23,0.0
VERSAILLES CHANTIERS,ALBERTVILLE,24,0.0
VERSAILLES CHANTIERS,ALBERTVILLE,25,0.0
VERSAILLES CHANTIERS,ALBERTVILLE,26,0.0
VERSAILLES CHANTIERS,ALBERTVILLE,27,0.0
VERSAILLES CHANTIERS,ALBERTVILLE,28,0.0
VERSAILLES CHANTIERS,ALBERTVILLE,29,0.0
VERSAILLES CHANTIERS,ALBERTVILLE,30,0.0
VERSAILLES CHANTIERS,BOURG SAINT MAURICE,0,1.0
VERSAILLES CHANTIERS,BOURG SAINT MAURICE,1,1.0
VERSAILLES CHANTIERS,BOURG SAINT MAURICE,2,0.575
VERSAILLES CHANTIERS,BOURG SAINT MAURICE,3,0.6
VERSAILLES CHANTIERS,BOURG SAINT MAURICE,4,0.525
VERSAILLES CHANTIERS,BOURG SAINT MAURICE,5,0.55
VERSAILLES CHANTIERS,BOURG SAINT MAURICE,6,0.5
VERSAILLES CHANTIERS,BOURG SAINT MAURICE,7,0.55
VERSAILLES CHANTIERS,BOURG SAINT MAURICE,8,0.5
VERSAILLES CHANTIERS,BOURG SAINT MAURICE,9,0.5
VERSAILLES CHANTIERS,BOURG SAINT MAURICE,10,0.5
VERSAILLES CHANTIERS,BOURG SAINT MAURICE,11,0.5
VERSAILLES CHANTIERS,BOURG SAINT MAURICE,12,0.0
VERSAILLES CHANTIERS,BOURG SAINT MAURICE,13,0.0
VERSAILLES CHANTIERS,BOURG SAINT MAURICE,14,0.1
VERSAILLES CHANTIERS,BOURG SAINT MAURICE,15,0.4
VERSAILLES CHANTIERS,BOURG SAINT MAURICE,16,0.425
VERSAILLES CHANTIERS,BOURG SAINT MAURICE,17,0.025
VERSAILLES CHANTIERS,BOURG SAINT MAURICE,18,0.0
VERSAILLES CHANTIERS,BOURG SAINT MAURICE,19,0.0
VERSAILLES CHANTIERS,BOURG SAINT MAURICE,20,0.0
VERSAILLES CHANTIERS,BOURG SAINT MAURICE,21,0.0
VERSAILLES CHANTIERS,BOURG SAINT MAURICE,22,0.0
VERSAILLES CHANTIERS,BOURG SAINT MAURICE,23,0.0
VERSAILLES CHANTIERS,BOURG SAINT MAURICE,24,0.0
VERSAILLES CHANTIERS,BOURG SAINT MAURICE,25,0.0
VERSAILLES CHANTIERS,BOURG SAINT MAURICE,26,0.0
VERSAILLES CHANTIERS,BOURG SAINT MAURICE,27,0.0
VERSAILLES CHANTIERS,BOURG SAINT MAURICE,28,0.0
VERSAILLES CHANTIERS,BOURG SAINT MAURICE,29,0.0
VERSAILLES CHANTIERS,BOURG SAINT MAURICE,30,0.0
VERSAILLES CHANTIERS,CHAMBERY CHALLES LES EAUX,0,0.975
VERSAILLES CHANTIERS,CHAMBERY CHALLES LES EAUX,1,0.975
VERSAILLES CHANTIERS,CHAMBERY CHALLES LES EAUX,2,0.625
VERSAILLES CHANTIERS,CHAMBERY CHALLES LES EAUX,3,0.525
VERSAILLES CHANTIERS,CHAMBERY CHALLES LES EAUX,4,0.5
VERSAILLES CHANTIERS,CHAMBERY CHALLES LES EAUX,5,0.5
VERSAILLES CHANTIERS,CHAMBERY CHALLES LES EAUX,6,0.5
VERSAILLES CHANTIERS,CHAMBERY CHALLES LES EAUX,7,0.525
VERSAILLES CHANTIERS,CHAMBERY CHALLES LES EAUX,8,0.5
VERSAILLES CHANTIERS,CHAMBERY CHALLES LES EAUX,9,0.525
VERSAILLES CHANTIERS,CHAMBERY CHALLES LES EAUX,10,0.475
VERSAILLES CHANTIERS,CHAMBERY CHALLES LES EAUX,11,0.5
VERSAILLES CHANTIERS,CHAMBERY CHALLES LES EAUX,12,0.025
VERSAILLES CHANTIERS,CHAMBERY CHALLES LES EAUX,13,0.025
VERSAILLES CHANTIERS,CHAMBERY CHALLES LES EAUX,14,0.125
VERSAILLES CHANTIERS,CHAMBERY CHALLES LES EAUX,15,0.475
VERSAILLES CHANTIERS,CHAMBERY CHALLES LES EAUX,16,0.475
VERSAILLES CHANTIERS,CHAMBERY CHALLES LES EAUX,17,0.1
VERSAILLES CHANTIERS,CHAMBERY CHALLES LES EAUX,18,0.025
VERSAILLES CHANTIERS,CHAMBERY CHALLES LES EAUX,19,0.025
VERSAILLES CHANTIERS,CHAMBERY CHALLES LES EAUX,20,0.025
VERSAILLES CHANTIERS,CHAMBERY CHALLES LES EAUX,21,0.0
VERSAILLES CHANTIERS,CHAMBERY CHALLES LES EAUX,22,0.0
VERSAILLES CHANTIERS,CHAMBERY CHALLES LES EAUX,23,0.0
VERSAILLES CHANTIERS,CHAMBERY CHALLES LES EAUX,24,0.0
VERSAILLES CHANTIERS,CHAMBERY CHALLES LES EAUX,25,0.0
VERSAILLES CHANTIERS,CHAMBERY CHALLES LES EAUX,26,0.0
VERSAILLES CHANTIERS,CHAMBERY CHALLES LES EAUX,27,0.0
VERSAILLES CHANTIERS,CHAMBERY CHALLES LES EAUX,28,0.0
VERSAILLES CHANTIERS,CHAMBERY CHALLES LES EAUX,29,0.0
VERSAILLES CHANTIERS,CHAMBERY CHALLES LES EAUX,30,0.0
VERSAILLES CHANTIERS,LANDRY,0,0.975
VERSAILLES CHANTIERS,LANDRY,1,0.975
VERSAILLES CHANTIERS,LANDRY,2,0.625
VERSAILLES CHANTIERS,LANDRY,3,0.575
VERSAILLES CHANTIERS,LANDRY,4,0.525
VERSAILLES CHANTIERS,LANDRY,5,0.5
VERSAILLES CHANTIERS,LANDRY,6,0.475
VERSAILLES CHANTIERS,LANDRY,7,0.5
VERSAILLES CHANTIERS,LANDRY,8,0.525
VERSAILLES CHANTIERS,LANDRY,9,0.55
VERSAILLES CHANTIERS,LANDRY,10,0.525
VERSAILLES CHANTIERS,LANDRY,11,0.55
VERSAILLES CHANTIERS,LANDRY,12,0.025
VERSAILLES CHANTIERS,LANDRY,13,0.025
VERSAILLES CHANTIERS,LANDRY,14,0.05
VERSAILLES CHANTIERS,LANDRY,15,0.3
VERSAILLES CHANTIERS,LANDRY,16,0.375
VERSAILLES CHANTIERS,LANDRY,17,0.05
VERSAILLES CHANTIERS,LANDRY,18,0.0
VERSAILLES CHANTIERS,LANDRY,19,0.0
VERSAILLES CHANTIERS,LANDRY,20,0.0
VERSAILLES CHANTIERS,LANDRY,21,0.0
VERSAILLES CHANTIERS,LANDRY,22,0.0
VERSAILLES CHANTIERS,LANDRY,23,0.0
VERSAILLES CHANTIERS,LANDRY,24,0.0
VERSAILLES CHANTIERS,LANDRY,25,0.0
VERSAILLES CHANTIERS,LANDRY,26,0.0
VERSAILLES CHANTIERS,LANDRY,27,0.0
VERSAILLES CHANTIERS,LANDRY,28,0.0
VERSAILLES CHANTIERS,LANDRY,29,0.0
VERSAILLES CHANTIERS,LANDRY,30,0.0
VERSAILLES CHANTIERS,MOUTIERS SALINS BRIDES LES BAINS,0,1.0
VERSAILLES CHANTIERS,MOUTIERS SALINS BRIDES LES BAINS,1,1.0
VERSAILLES CHANTIERS,MOUTIERS SALINS BRIDES LES BAINS,2,0.7
VERSAILLES CHANTIERS,MOUTIERS SALINS BRIDES LES BAINS,3,0.625
VERSAILLES CHANTIERS,MOUTIERS SALINS BRIDES LES BAINS,4,0.6
VERSAILLES CHANTIERS,MOUTIERS SALINS BRIDES LES BAINS,5,0.525
VERSAILLES CHANTIERS,MOUTIERS SALINS BRIDES LES BAINS,6,0.5
VERSAILLES CHANTIERS,MOUTIERS SALINS BRIDES LES BAINS,7,0.525
VERSAILLES CHANTIERS,MOUTIERS SALINS BRIDES LES BAINS,8,0.5
VERSAILLES CHANTIERS,MOUTIERS SALINS BRIDES LES BAINS,9,0.5
VERSAILLES CHANTIERS,MOUTIERS SALINS BRIDES LES BAINS,10,0.5
VERSAILLES CHANTIERS,MOUTIERS SALINS BRIDES LES BAINS,11,0.525
VERSAILLES CHANTIERS,MOUTIERS SALINS BRIDES LES BAINS,12,0.0
VERSAILLES CHANTIERS,MOUTIERS SALINS BRIDES LES BAINS,13,0.0
VERSAILLES CHANTIERS,MOUTIERS SALINS BRIDES LES BAINS,14,0.075
VERSAILLES CHANTIERS,MOUTIERS SALINS BRIDES LES BAINS,15,0.47500000000000003
VERSAILLES CHANTIERS,MOUTIERS SALINS BRIDES LES BAINS,16,0.45
VERSAILLES CHANTIERS,MOUTIERS SALINS BRIDES LES BAINS,17,0.0
VERSAILLES CHANTIERS,MOUTIERS SALINS BRIDES LES BAINS,18,0.0
VERSAILLES CHANTIERS,MOUTIERS SALINS BRIDES LES BAINS,19,0.0
VERSAILLES CHANTIERS,MOUTIERS SALINS BRIDES LES BAINS,20,0.0
VERSAILLES CHANTIERS,MOUTIERS SALINS BRIDES LES BAINS,21,0.0
VERSAILLES CHANTIERS,MOUTIERS SALINS BRIDES LES BAINS,22,0.0
VERSAILLES CHANTIERS,MOUTIERS SALINS BRIDES LES BAINS,23,0.0
VERSAILLES CHANTIERS,MOUTIERS SALINS BRIDES LES BAINS,24,0.0
VERSAILLES CHANTIERS,MOUTIERS SALINS BRIDES LES BAINS,25,0.0
VERSAILLES CHANTIERS,MOUTIERS SALINS BRIDES LES BAINS,26,0.0
VERSAILLES CHANTIERS,MOUTIERS SALINS BRIDES LES BAINS,27,0.0
VERSAILLES CHANTIERS,MOUTIERS SALINS BRIDES LES BAINS,28,0.0
VERSAILLES CHANTIERS,MOUTIERS SALINS BRIDES LES BAINS,29,0.0
VERSAILLES CHANTIERS,MOUTIERS SALINS BRIDES LES BAINS,30,0.0
