origine,destination,delta_days,proba_open
AIX EN PROVENCE TGV,AVIGNON TGV,0,0.6563758389261745
AIX EN PROVENCE TGV,AVIGNON TGV,1,0.6535234899328859
AIX EN PROVENCE TGV,AVIGNON TGV,2,0.6535234899328859
AIX EN PROVENCE TGV,AVIGNON TGV,3,0.6508361204013378
AIX EN PROVENCE TGV,AVIGNON TGV,4,0.3080267558528428
AIX EN PROVENCE TGV,AVIGNON TGV,5,0.3043771043771044
AIX EN PROVENCE TGV,AVIGNON TGV,6,0.30388513513513515
AIX EN PROVENCE TGV,AVIGNON TGV,7,0.2944256756756757
AIX EN PROVENCE TGV,AVIGNON TGV,8,0.295777027027027
AIX EN PROVENCE TGV,AVIGNON TGV,9,0.2959459459459459
AIX EN PROVENCE TGV,AVIGNON TGV,10,0.29152542372881357
AIX EN PROVENCE TGV,AVIGNON TGV,11,0.2805084745762712
AIX EN PROVENCE TGV,AVIGNON TGV,12,0.18418367346938774
AIX EN PROVENCE TGV,AVIGNON TGV,13,0.1742320819112628
AIX EN PROVENCE TGV,AVIGNON TGV,14,0.16996587030716723
AIX EN PROVENCE TGV,AVIGNON TGV,15,0.17252559726962458
AIX EN PROVENCE TGV,AVIGNON TGV,16,0.17577319587628865
AIX EN PROVENCE TGV,AVIGNON TGV,17,0.17260273972602738
AIX EN PROVENCE TGV,AVIGNON TGV,18,0.1654639175257732
AIX EN PROVENCE TGV,AVIGNON TGV,19,0.155
AIX EN PROVENCE TGV,AVIGNON TGV,20,0.14377162629757784
AIX EN PROVENCE TGV,AVIGNON TGV,21,0.142560553633218
AIX EN PROVENCE TGV,AVIGNON TGV,22,0.14186851211072665
AIX EN PROVENCE TGV,AVIGNON TGV,23,0.14425087108013937
AIX EN PROVENCE TGV,AVIGNON TGV,24,0.14230769230769233
AIX EN PROVENCE TGV,AVIGNON TGV,25,0.13701754385964912
AIX EN PROVENCE TGV,AVIGNON TGV,26,0.1311619718309859
AIX EN PROVENCE TGV,AVIGNON TGV,27,0.13286219081272085
AIX EN PROVENCE TGV,AVIGNON TGV,28,0.13568904593639575
AIX EN PROVENCE TGV,AVIGNON TGV,29,0.13303886925795053
AIX EN PROVENCE TGV,AVIGNON TGV,30,0.021785714285714283
AIX EN PROVENCE TGV,BEAUNE,0,0.3345679012345679
AIX EN PROVENCE TGV,BEAUNE,1,0.38312883435582823
AIX EN PROVENCE TGV,BEAUNE,2,0.4237654320987655
AIX EN PROVENCE TGV,BEAUNE,3,0.42055214723926376
AIX EN PROVENCE TGV,BEAUNE,4,0.1282208588957055
AIX EN PROVENCE TGV,BEAUNE,5,0.13726708074534164
AIX EN PROVENCE TGV,BEAUNE,6,0.1428125
AIX EN PROVENCE TGV,BEAUNE,7,0.13874999999999998
AIX EN PROVENCE TGV,BEAUNE,8,0.140625
AIX EN PROVENCE TGV,BEAUNE,9,0.130625
AIX EN PROVENCE TGV,BEAUNE,10,0.13198757763975155
AIX EN PROVENCE TGV,BEAUNE,11,0.135
AIX EN PROVENCE TGV,BEAUNE,12,0.13836477987421383
AIX EN PROVENCE TGV,BEAUNE,13,0.14339622641509434
AIX EN PROVENCE TGV,BEAUNE,14,0.13773584905660377
AIX EN PROVENCE TGV,BEAUNE,15,0.13836477987421383
AIX EN PROVENCE TGV,BEAUNE,16,0.13955696202531645
AIX EN PROVENCE TGV,BEAUNE,17,0.13867924528301886
AIX EN PROVENCE TGV,BEAUNE,18,0.1389937106918239
AIX EN PROVENCE TGV,BEAUNE,19,0.14617834394904458
AIX EN PROVENCE TGV,BEAUNE,20,0.15318471337579617
AIX EN PROVENCE TGV,BEAUNE,21,0.15158227848101266
AIX EN PROVENCE TGV,BEAUNE,22,0.14715189873417722
AIX EN PROVENCE TGV,BEAUNE,23,0.14525316455696202
AIX EN PROVENCE TGV,BEAUNE,24,0.14713375796178346
AIX EN PROVENCE TGV,BEAUNE,25,0.14462025316455698
AIX EN PROVENCE TGV,BEAUNE,26,0.14012738853503184
AIX EN PROVENCE TGV,BEAUNE,27,0.13924050632911392
AIX EN PROVENCE TGV,BEAUNE,28,0.13829113924050634
AIX EN PROVENCE TGV,BEAUNE,29,0.13481012658227848
AIX EN PROVENCE TGV,BEAUNE,30,0.015605095541401276
AIX EN PROVENCE TGV,BELFORT MONTBELIARD TGV,0,0.4064189189189189
AIX EN PROVENCE TGV,BELFORT MONTBELIARD TGV,1,0.4491554054054054
AIX EN PROVENCE TGV,BELFORT MONTBELIARD TGV,2,0.46368243243243246
AIX EN PROVENCE TGV,BELFORT MONTBELIARD TGV,3,0.46481481481481485
AIX EN PROVENCE TGV,BELFORT MONTBELIARD TGV,4,0.1728956228956229
AIX EN PROVENCE TGV,BELFORT MONTBELIARD TGV,5,0.17271186440677966
AIX EN PROVENCE TGV,BELFORT MONTBELIARD TGV,6,0.16479591836734694
AIX EN PROVENCE TGV,BELFORT MONTBELIARD TGV,7,0.1586734693877551
AIX EN PROVENCE TGV,BELFORT MONTBELIARD TGV,8,0.17125850340136056
AIX EN PROVENCE TGV,BELFORT MONTBELIARD TGV,9,0.17474576271186443
AIX EN PROVENCE TGV,BELFORT MONTBELIARD TGV,10,0.18197278911564627
AIX EN PROVENCE TGV,BELFORT MONTBELIARD TGV,11,0.20493197278911565
AIX EN PROVENCE TGV,BELFORT MONTBELIARD TGV,12,0.09488054607508532
AIX EN PROVENCE TGV,BELFORT MONTBELIARD TGV,13,0.0928082191780822
AIX EN PROVENCE TGV,BELFORT MONTBELIARD TGV,14,0.09229452054794521
AIX EN PROVENCE TGV,BELFORT MONTBELIARD TGV,15,0.09195205479452055
AIX EN PROVENCE TGV,BELFORT MONTBELIARD TGV,16,0.08986254295532646
AIX EN PROVENCE TGV,BELFORT MONTBELIARD TGV,17,0.08904109589041095
AIX EN PROVENCE TGV,BELFORT MONTBELIARD TGV,18,0.08917525773195877
AIX EN PROVENCE TGV,BELFORT MONTBELIARD TGV,19,0.09000000000000001
AIX EN PROVENCE TGV,BELFORT MONTBELIARD TGV,20,0.09359861591695502
AIX EN PROVENCE TGV,BELFORT MONTBELIARD TGV,21,0.09273356401384084
AIX EN PROVENCE TGV,BELFORT MONTBELIARD TGV,22,0.09031141868512112
AIX EN PROVENCE TGV,BELFORT MONTBELIARD TGV,23,0.08989547038327526
AIX EN PROVENCE TGV,BELFORT MONTBELIARD TGV,24,0.08776223776223777
AIX EN PROVENCE TGV,BELFORT MONTBELIARD TGV,25,0.0875438596491228
AIX EN PROVENCE TGV,BELFORT MONTBELIARD TGV,26,0.08415492957746479
AIX EN PROVENCE TGV,BELFORT MONTBELIARD TGV,27,0.08409893992932863
AIX EN PROVENCE TGV,BELFORT MONTBELIARD TGV,28,0.08409893992932863
AIX EN PROVENCE TGV,BELFORT MONTBELIARD TGV,29,0.08162544169611308
AIX EN PROVENCE TGV,BELFORT MONTBELIARD TGV,30,0.007678571428571428
AIX EN PROVENCE TGV,BESANCON FRANCHE COMTE TGV,0,0.3859797297297297
AIX EN PROVENCE TGV,BESANCON FRANCHE COMTE TGV,1,0.41114864864864864
AIX EN PROVENCE TGV,BESANCON FRANCHE COMTE TGV,2,0.42888513513513515
AIX EN PROVENCE TGV,BESANCON FRANCHE COMTE TGV,3,0.4212121212121212
AIX EN PROVENCE TGV,BESANCON FRANCHE COMTE TGV,4,0.1356902356902357
AIX EN PROVENCE TGV,BESANCON FRANCHE COMTE TGV,5,0.13728813559322034
AIX EN PROVENCE TGV,BESANCON FRANCHE COMTE TGV,6,0.15357142857142855
AIX EN PROVENCE TGV,BESANCON FRANCHE COMTE TGV,7,0.1556122448979592
AIX EN PROVENCE TGV,BESANCON FRANCHE COMTE TGV,8,0.16666666666666666
AIX EN PROVENCE TGV,BESANCON FRANCHE COMTE TGV,9,0.16508474576271187
AIX EN PROVENCE TGV,BESANCON FRANCHE COMTE TGV,10,0.16224489795918368
AIX EN PROVENCE TGV,BESANCON FRANCHE COMTE TGV,11,0.15578231292517006
AIX EN PROVENCE TGV,BESANCON FRANCHE COMTE TGV,12,0.09368600682593857
AIX EN PROVENCE TGV,BESANCON FRANCHE COMTE TGV,13,0.09229452054794521
AIX EN PROVENCE TGV,BESANCON FRANCHE COMTE TGV,14,0.09212328767123287
AIX EN PROVENCE TGV,BESANCON FRANCHE COMTE TGV,15,0.09195205479452055
AIX EN PROVENCE TGV,BESANCON FRANCHE COMTE TGV,16,0.08917525773195877
AIX EN PROVENCE TGV,BESANCON FRANCHE COMTE TGV,17,0.08886986301369863
AIX EN PROVENCE TGV,BESANCON FRANCHE COMTE TGV,18,0.08969072164948454
AIX EN PROVENCE TGV,BESANCON FRANCHE COMTE TGV,19,0.09051724137931035
AIX EN PROVENCE TGV,BESANCON FRANCHE COMTE TGV,20,0.09325259515570934
AIX EN PROVENCE TGV,BESANCON FRANCHE COMTE TGV,21,0.092560553633218
AIX EN PROVENCE TGV,BESANCON FRANCHE COMTE TGV,22,0.08961937716262976
AIX EN PROVENCE TGV,BESANCON FRANCHE COMTE TGV,23,0.08937282229965156
AIX EN PROVENCE TGV,BESANCON FRANCHE COMTE TGV,24,0.08828671328671328
AIX EN PROVENCE TGV,BESANCON FRANCHE COMTE TGV,25,0.08736842105263157
AIX EN PROVENCE TGV,BESANCON FRANCHE COMTE TGV,26,0.0852112676056338
AIX EN PROVENCE TGV,BESANCON FRANCHE COMTE TGV,27,0.08498233215547703
AIX EN PROVENCE TGV,BESANCON FRANCHE COMTE TGV,28,0.08515901060070671
AIX EN PROVENCE TGV,BESANCON FRANCHE COMTE TGV,29,0.08268551236749117
AIX EN PROVENCE TGV,BESANCON FRANCHE COMTE TGV,30,0.011071428571428572
AIX EN PROVENCE TGV,CHALON SUR SAONE,0,0.37727272727272726
AIX EN PROVENCE TGV,CHALON SUR SAONE,1,0.39412878787878786
AIX EN PROVENCE TGV,CHALON SUR SAONE,2,0.4083333333333333
AIX EN PROVENCE TGV,CHALON SUR SAONE,3,0.3975378787878788
AIX EN PROVENCE TGV,CHALON SUR SAONE,4,0.1155893536121673
AIX EN PROVENCE TGV,CHALON SUR SAONE,5,0.1206896551724138
AIX EN PROVENCE TGV,CHALON SUR SAONE,6,0.14961538461538462
AIX EN PROVENCE TGV,CHALON SUR SAONE,7,0.15613026819923373
AIX EN PROVENCE TGV,CHALON SUR SAONE,8,0.16896551724137931
AIX EN PROVENCE TGV,CHALON SUR SAONE,9,0.16482889733840306
AIX EN PROVENCE TGV,CHALON SUR SAONE,10,0.15804597701149425
AIX EN PROVENCE TGV,CHALON SUR SAONE,11,0.15673076923076923
AIX EN PROVENCE TGV,CHALON SUR SAONE,12,0.04652509652509653
AIX EN PROVENCE TGV,CHALON SUR SAONE,13,0.04108527131782946
AIX EN PROVENCE TGV,CHALON SUR SAONE,14,0.038996138996139
AIX EN PROVENCE TGV,CHALON SUR SAONE,15,0.03903846153846154
AIX EN PROVENCE TGV,CHALON SUR SAONE,16,0.03532818532818533
AIX EN PROVENCE TGV,CHALON SUR SAONE,17,0.031538461538461536
AIX EN PROVENCE TGV,CHALON SUR SAONE,18,0.031081081081081083
AIX EN PROVENCE TGV,CHALON SUR SAONE,19,0.028488372093023254
AIX EN PROVENCE TGV,CHALON SUR SAONE,20,0.027821011673151753
AIX EN PROVENCE TGV,CHALON SUR SAONE,21,0.027821011673151753
AIX EN PROVENCE TGV,CHALON SUR SAONE,22,0.027237354085603113
AIX EN PROVENCE TGV,CHALON SUR SAONE,23,0.027450980392156862
AIX EN PROVENCE TGV,CHALON SUR SAONE,24,0.023529411764705882
AIX EN PROVENCE TGV,CHALON SUR SAONE,25,0.02430830039525692
AIX EN PROVENCE TGV,CHALON SUR SAONE,26,0.024206349206349204
AIX EN PROVENCE TGV,CHALON SUR SAONE,27,0.024302788844621514
AIX EN PROVENCE TGV,CHALON SUR SAONE,28,0.024501992031872512
AIX EN PROVENCE TGV,CHALON SUR SAONE,29,0.024103585657370516
AIX EN PROVENCE TGV,CHALON SUR SAONE,30,0.0028225806451612906
AIX EN PROVENCE TGV,COLMAR,0,0.37575757575757573
AIX EN PROVENCE TGV,COLMAR,1,0.43012048192771085
AIX EN PROVENCE TGV,COLMAR,2,0.4636363636363636
AIX EN PROVENCE TGV,COLMAR,3,0.4686746987951807
AIX EN PROVENCE TGV,COLMAR,4,0.1316265060240964
AIX EN PROVENCE TGV,COLMAR,5,0.13658536585365852
AIX EN PROVENCE TGV,COLMAR,6,0.1469325153374233
AIX EN PROVENCE TGV,COLMAR,7,0.1383435582822086
AIX EN PROVENCE TGV,COLMAR,8,0.13895705521472393
AIX EN PROVENCE TGV,COLMAR,9,0.13496932515337423
AIX EN PROVENCE TGV,COLMAR,10,0.14268292682926828
AIX EN PROVENCE TGV,COLMAR,11,0.15552147239263805
AIX EN PROVENCE TGV,COLMAR,12,0.1398148148148148
AIX EN PROVENCE TGV,COLMAR,13,0.14166666666666666
AIX EN PROVENCE TGV,COLMAR,14,0.13796296296296298
AIX EN PROVENCE TGV,COLMAR,15,0.13858024691358023
AIX EN PROVENCE TGV,COLMAR,16,0.13819875776397517
AIX EN PROVENCE TGV,COLMAR,17,0.13765432098765432
AIX EN PROVENCE TGV,COLMAR,18,0.13703703703703704
AIX EN PROVENCE TGV,COLMAR,19,0.144375
AIX EN PROVENCE TGV,COLMAR,20,0.14937499999999998
AIX EN PROVENCE TGV,COLMAR,21,0.14875776397515528
AIX EN PROVENCE TGV,COLMAR,22,0.14347826086956522
AIX EN PROVENCE TGV,COLMAR,23,0.14316770186335404
AIX EN PROVENCE TGV,COLMAR,24,0.143125
AIX EN PROVENCE TGV,COLMAR,25,0.14099378881987576
AIX EN PROVENCE TGV,COLMAR,26,0.1378125
AIX EN PROVENCE TGV,COLMAR,27,0.13726708074534164
AIX EN PROVENCE TGV,COLMAR,28,0.13664596273291926
AIX EN PROVENCE TGV,COLMAR,29,0.13291925465838508
AIX EN PROVENCE TGV,COLMAR,30,0.015625
AIX EN PROVENCE TGV,DIJON VILLE,0,0.37253521126760564
AIX EN PROVENCE TGV,DIJON VILLE,1,0.39842105263157895
AIX EN PROVENCE TGV,DIJON VILLE,2,0.42007042253521126
AIX EN PROVENCE TGV,DIJON VILLE,3,0.4114035087719298
AIX EN PROVENCE TGV,DIJON VILLE,4,0.13315789473684211
AIX EN PROVENCE TGV,DIJON VILLE,5,0.13780918727915195
AIX EN PROVENCE TGV,DIJON VILLE,6,0.15585106382978725
AIX EN PROVENCE TGV,DIJON VILLE,7,0.16134751773049646
AIX EN PROVENCE TGV,DIJON VILLE,8,0.174822695035461
AIX EN PROVENCE TGV,DIJON VILLE,9,0.17198581560283688
AIX EN PROVENCE TGV,DIJON VILLE,10,0.16316725978647686
AIX EN PROVENCE TGV,DIJON VILLE,11,0.1583629893238434
AIX EN PROVENCE TGV,DIJON VILLE,12,0.09767857142857143
AIX EN PROVENCE TGV,DIJON VILLE,13,0.09659498207885304
AIX EN PROVENCE TGV,DIJON VILLE,14,0.0967741935483871
AIX EN PROVENCE TGV,DIJON VILLE,15,0.096415770609319
AIX EN PROVENCE TGV,DIJON VILLE,16,0.09316546762589928
AIX EN PROVENCE TGV,DIJON VILLE,17,0.09301075268817204
AIX EN PROVENCE TGV,DIJON VILLE,18,0.09298561151079138
AIX EN PROVENCE TGV,DIJON VILLE,19,0.09350180505415162
AIX EN PROVENCE TGV,DIJON VILLE,20,0.09746376811594203
AIX EN PROVENCE TGV,DIJON VILLE,21,0.09746376811594203
AIX EN PROVENCE TGV,DIJON VILLE,22,0.09365942028985508
AIX EN PROVENCE TGV,DIJON VILLE,23,0.09345454545454546
AIX EN PROVENCE TGV,DIJON VILLE,24,0.09105839416058394
AIX EN PROVENCE TGV,DIJON VILLE,25,0.09065934065934066
AIX EN PROVENCE TGV,DIJON VILLE,26,0.08823529411764706
AIX EN PROVENCE TGV,DIJON VILLE,27,0.08874538745387454
AIX EN PROVENCE TGV,DIJON VILLE,28,0.08819188191881919
AIX EN PROVENCE TGV,DIJON VILLE,29,0.08468634686346863
AIX EN PROVENCE TGV,DIJON VILLE,30,0.012639405204460968
AIX EN PROVENCE TGV,LUXEMBOURG,0,0.4581005586592179
AIX EN PROVENCE TGV,LUXEMBOURG,1,0.4652777777777778
AIX EN PROVENCE TGV,LUXEMBOURG,2,0.47277777777777774
AIX EN PROVENCE TGV,LUXEMBOURG,3,0.4896648044692738
AIX EN PROVENCE TGV,LUXEMBOURG,4,0.22499999999999998
AIX EN PROVENCE TGV,LUXEMBOURG,5,0.21931818181818183
AIX EN PROVENCE TGV,LUXEMBOURG,6,0.234
AIX EN PROVENCE TGV,LUXEMBOURG,7,0.24829545454545457
AIX EN PROVENCE TGV,LUXEMBOURG,8,0.246875
AIX EN PROVENCE TGV,LUXEMBOURG,9,0.23863636363636365
AIX EN PROVENCE TGV,LUXEMBOURG,10,0.2542857142857143
AIX EN PROVENCE TGV,LUXEMBOURG,11,0.257183908045977
AIX EN PROVENCE TGV,LUXEMBOURG,12,0.08160919540229884
AIX EN PROVENCE TGV,LUXEMBOURG,13,0.06896551724137931
AIX EN PROVENCE TGV,LUXEMBOURG,14,0.0659090909090909
AIX EN PROVENCE TGV,LUXEMBOURG,15,0.06779661016949153
AIX EN PROVENCE TGV,LUXEMBOURG,16,0.06342857142857143
AIX EN PROVENCE TGV,LUXEMBOURG,17,0.054285714285714284
AIX EN PROVENCE TGV,LUXEMBOURG,18,0.056
AIX EN PROVENCE TGV,LUXEMBOURG,19,0.05171428571428572
AIX EN PROVENCE TGV,LUXEMBOURG,20,0.046285714285714284
AIX EN PROVENCE TGV,LUXEMBOURG,21,0.046875
AIX EN PROVENCE TGV,LUXEMBOURG,22,0.05028409090909091
AIX EN PROVENCE TGV,LUXEMBOURG,23,0.051142857142857136
AIX EN PROVENCE TGV,LUXEMBOURG,24,0.04232954545454545
AIX EN PROVENCE TGV,LUXEMBOURG,25,0.03551136363636364
AIX EN PROVENCE TGV,LUXEMBOURG,26,0.03465909090909091
AIX EN PROVENCE TGV,LUXEMBOURG,27,0.034374999999999996
AIX EN PROVENCE TGV,LUXEMBOURG,28,0.035227272727272725
AIX EN PROVENCE TGV,LUXEMBOURG,29,0.03551136363636364
AIX EN PROVENCE TGV,LUXEMBOURG,30,0.0028735632183908046
AIX EN PROVENCE TGV,LYON (intramuros),0,0.43338926174496645
AIX EN PROVENCE TGV,LYON (intramuros),1,0.45604026845637585
AIX EN PROVENCE TGV,LYON (intramuros),2,0.46107382550335574
AIX EN PROVENCE TGV,LYON (intramuros),3,0.45869565217391306
AIX EN PROVENCE TGV,LYON (intramuros),4,0.1866220735785953
AIX EN PROVENCE TGV,LYON (intramuros),5,0.19242424242424241
AIX EN PROVENCE TGV,LYON (intramuros),6,0.19679054054054054
AIX EN PROVENCE TGV,LYON (intramuros),7,0.17060810810810811
AIX EN PROVENCE TGV,LYON (intramuros),8,0.17601351351351352
AIX EN PROVENCE TGV,LYON (intramuros),9,0.1847972972972973
AIX EN PROVENCE TGV,LYON (intramuros),10,0.1959322033898305
AIX EN PROVENCE TGV,LYON (intramuros),11,0.19338983050847455
AIX EN PROVENCE TGV,LYON (intramuros),12,0.12551020408163266
AIX EN PROVENCE TGV,LYON (intramuros),13,0.11877133105802047
AIX EN PROVENCE TGV,LYON (intramuros),14,0.12116040955631399
AIX EN PROVENCE TGV,LYON (intramuros),15,0.12662116040955632
AIX EN PROVENCE TGV,LYON (intramuros),16,0.12697594501718215
AIX EN PROVENCE TGV,LYON (intramuros),17,0.12363013698630138
AIX EN PROVENCE TGV,LYON (intramuros),18,0.12594501718213058
AIX EN PROVENCE TGV,LYON (intramuros),19,0.125
AIX EN PROVENCE TGV,LYON (intramuros),20,0.12370242214532871
AIX EN PROVENCE TGV,LYON (intramuros),21,0.11799307958477509
AIX EN PROVENCE TGV,LYON (intramuros),22,0.11435986159169549
AIX EN PROVENCE TGV,LYON (intramuros),23,0.10993031358885018
AIX EN PROVENCE TGV,LYON (intramuros),24,0.11223776223776225
AIX EN PROVENCE TGV,LYON (intramuros),25,0.11
AIX EN PROVENCE TGV,LYON (intramuros),26,0.10616197183098591
AIX EN PROVENCE TGV,LYON (intramuros),27,0.10300353356890458
AIX EN PROVENCE TGV,LYON (intramuros),28,0.09911660777385159
AIX EN PROVENCE TGV,LYON (intramuros),29,0.09469964664310954
AIX EN PROVENCE TGV,LYON (intramuros),30,0.013928571428571429
AIX EN PROVENCE TGV,MACON VILLE,0,0.33919753086419757
AIX EN PROVENCE TGV,MACON VILLE,1,0.38098159509202456
AIX EN PROVENCE TGV,MACON VILLE,2,0.4188271604938271
AIX EN PROVENCE TGV,MACON VILLE,3,0.4131901840490797
AIX EN PROVENCE TGV,MACON VILLE,4,0.13006134969325153
AIX EN PROVENCE TGV,MACON VILLE,5,0.13788819875776398
AIX EN PROVENCE TGV,MACON VILLE,6,0.14656249999999998
AIX EN PROVENCE TGV,MACON VILLE,7,0.140625
AIX EN PROVENCE TGV,MACON VILLE,8,0.1365625
AIX EN PROVENCE TGV,MACON VILLE,9,0.1296875
AIX EN PROVENCE TGV,MACON VILLE,10,0.13198757763975155
AIX EN PROVENCE TGV,MACON VILLE,11,0.13125
AIX EN PROVENCE TGV,MACON VILLE,12,0.1389937106918239
AIX EN PROVENCE TGV,MACON VILLE,13,0.14371069182389937
AIX EN PROVENCE TGV,MACON VILLE,14,0.13867924528301886
AIX EN PROVENCE TGV,MACON VILLE,15,0.13962264150943396
AIX EN PROVENCE TGV,MACON VILLE,16,0.13924050632911392
AIX EN PROVENCE TGV,MACON VILLE,17,0.1389937106918239
AIX EN PROVENCE TGV,MACON VILLE,18,0.13962264150943396
AIX EN PROVENCE TGV,MACON VILLE,19,0.14585987261146496
AIX EN PROVENCE TGV,MACON VILLE,20,0.15222929936305732
AIX EN PROVENCE TGV,MACON VILLE,21,0.1518987341772152
AIX EN PROVENCE TGV,MACON VILLE,22,0.1458860759493671
AIX EN PROVENCE TGV,MACON VILLE,23,0.14556962025316456
AIX EN PROVENCE TGV,MACON VILLE,24,0.14617834394904458
AIX EN PROVENCE TGV,MACON VILLE,25,0.14430379746835442
AIX EN PROVENCE TGV,MACON VILLE,26,0.1410828025477707
AIX EN PROVENCE TGV,MACON VILLE,27,0.13860759493670885
AIX EN PROVENCE TGV,MACON VILLE,28,0.1379746835443038
AIX EN PROVENCE TGV,MACON VILLE,29,0.13702531645569618
AIX EN PROVENCE TGV,MACON VILLE,30,0.02165605095541401
AIX EN PROVENCE TGV,MARNE LA VALLEE CHESSY,0,0.5714285714285714
AIX EN PROVENCE TGV,MARNE LA VALLEE CHESSY,1,0.5642857142857143
AIX EN PROVENCE TGV,MARNE LA VALLEE CHESSY,2,0.5642857142857143
AIX EN PROVENCE TGV,MARNE LA VALLEE CHESSY,3,0.5571428571428572
AIX EN PROVENCE TGV,MARNE LA VALLEE CHESSY,4,0.6071428571428571
AIX EN PROVENCE TGV,MARNE LA VALLEE CHESSY,5,0.7214285714285714
AIX EN PROVENCE TGV,MARNE LA VALLEE CHESSY,6,0.8214285714285714
AIX EN PROVENCE TGV,MARNE LA VALLEE CHESSY,7,0.8285714285714285
AIX EN PROVENCE TGV,MARNE LA VALLEE CHESSY,8,0.75
AIX EN PROVENCE TGV,MARNE LA VALLEE CHESSY,9,0.7000000000000001
AIX EN PROVENCE TGV,MARNE LA VALLEE CHESSY,10,0.7916666666666666
AIX EN PROVENCE TGV,MARNE LA VALLEE CHESSY,11,0.775
AIX EN PROVENCE TGV,MARNE LA VALLEE CHESSY,12,0.325
AIX EN PROVENCE TGV,MARNE LA VALLEE CHESSY,13,0.20833333333333334
AIX EN PROVENCE TGV,MARNE LA VALLEE CHESSY,14,0.20833333333333334
AIX EN PROVENCE TGV,MARNE LA VALLEE CHESSY,15,0.30833333333333335
AIX EN PROVENCE TGV,MARNE LA VALLEE CHESSY,16,0.39
AIX EN PROVENCE TGV,MARNE LA VALLEE CHESSY,17,0.38
AIX EN PROVENCE TGV,MARNE LA VALLEE CHESSY,18,0.4
AIX EN PROVENCE TGV,MARNE LA VALLEE CHESSY,19,0.37
AIX EN PROVENCE TGV,MARNE LA VALLEE CHESSY,20,0.25
AIX EN PROVENCE TGV,MARNE LA VALLEE CHESSY,21,0.25
AIX EN PROVENCE TGV,MARNE LA VALLEE CHESSY,22,0.32999999999999996
AIX EN PROVENCE TGV,MARNE LA VALLEE CHESSY,23,0.21000000000000002
AIX EN PROVENCE TGV,MARNE LA VALLEE CHESSY,24,0.030000000000000006
AIX EN PROVENCE TGV,MARNE LA VALLEE CHESSY,25,0.0
AIX EN PROVENCE TGV,MARNE LA VALLEE CHESSY,26,0.0
AIX EN PROVENCE TGV,MARNE LA VALLEE CHESSY,27,0.0
AIX EN PROVENCE TGV,MARNE LA VALLEE CHESSY,28,0.0
AIX EN PROVENCE TGV,MARNE LA VALLEE CHESSY,29,0.0
AIX EN PROVENCE TGV,MARNE LA VALLEE CHESSY,30,0.0
AIX EN PROVENCE TGV,METZ VILLE,0,0.41295546558704455
AIX EN PROVENCE TGV,METZ VILLE,1,0.42338709677419356
AIX EN PROVENCE TGV,METZ VILLE,2,0.43205645161290324
AIX EN PROVENCE TGV,METZ VILLE,3,0.4431174089068826
AIX EN PROVENCE TGV,METZ VILLE,4,0.17947154471544716
AIX EN PROVENCE TGV,METZ VILLE,5,0.18565573770491803
AIX EN PROVENCE TGV,METZ VILLE,6,0.18888888888888888
AIX EN PROVENCE TGV,METZ VILLE,7,0.19815573770491804
AIX EN PROVENCE TGV,METZ VILLE,8,0.20307377049180328
AIX EN PROVENCE TGV,METZ VILLE,9,0.19098360655737706
AIX EN PROVENCE TGV,METZ VILLE,10,0.19731404958677687
AIX EN PROVENCE TGV,METZ VILLE,11,0.21721991701244814
AIX EN PROVENCE TGV,METZ VILLE,12,0.06020833333333333
AIX EN PROVENCE TGV,METZ VILLE,13,0.05083682008368201
AIX EN PROVENCE TGV,METZ VILLE,14,0.04791666666666667
AIX EN PROVENCE TGV,METZ VILLE,15,0.04979253112033195
AIX EN PROVENCE TGV,METZ VILLE,16,0.047280334728033474
AIX EN PROVENCE TGV,METZ VILLE,17,0.043125
AIX EN PROVENCE TGV,METZ VILLE,18,0.04288702928870293
AIX EN PROVENCE TGV,METZ VILLE,19,0.038235294117647055
AIX EN PROVENCE TGV,METZ VILLE,20,0.03523206751054852
AIX EN PROVENCE TGV,METZ VILLE,21,0.03417721518987342
AIX EN PROVENCE TGV,METZ VILLE,22,0.03607594936708861
AIX EN PROVENCE TGV,METZ VILLE,23,0.036016949152542374
AIX EN PROVENCE TGV,METZ VILLE,24,0.029746835443037974
AIX EN PROVENCE TGV,METZ VILLE,25,0.025957446808510636
AIX EN PROVENCE TGV,METZ VILLE,26,0.026282051282051282
AIX EN PROVENCE TGV,METZ VILLE,27,0.02682403433476395
AIX EN PROVENCE TGV,METZ VILLE,28,0.026609442060085836
AIX EN PROVENCE TGV,METZ VILLE,29,0.02682403433476395
AIX EN PROVENCE TGV,METZ VILLE,30,0.0030303030303030303
AIX EN PROVENCE TGV,MULHOUSE VILLE,0,0.41030405405405407
AIX EN PROVENCE TGV,MULHOUSE VILLE,1,0.4423986486486486
AIX EN PROVENCE TGV,MULHOUSE VILLE,2,0.4633445945945946
AIX EN PROVENCE TGV,MULHOUSE VILLE,3,0.46885521885521886
AIX EN PROVENCE TGV,MULHOUSE VILLE,4,0.1702020202020202
AIX EN PROVENCE TGV,MULHOUSE VILLE,5,0.17271186440677966
AIX EN PROVENCE TGV,MULHOUSE VILLE,6,0.16819727891156463
AIX EN PROVENCE TGV,MULHOUSE VILLE,7,0.16428571428571428
AIX EN PROVENCE TGV,MULHOUSE VILLE,8,0.17329931972789117
AIX EN PROVENCE TGV,MULHOUSE VILLE,9,0.17661016949152541
AIX EN PROVENCE TGV,MULHOUSE VILLE,10,0.18350340136054422
AIX EN PROVENCE TGV,MULHOUSE VILLE,11,0.20476190476190478
AIX EN PROVENCE TGV,MULHOUSE VILLE,12,0.09607508532423208
AIX EN PROVENCE TGV,MULHOUSE VILLE,13,0.09417808219178082
AIX EN PROVENCE TGV,MULHOUSE VILLE,14,0.09315068493150684
AIX EN PROVENCE TGV,MULHOUSE VILLE,15,0.09212328767123287
AIX EN PROVENCE TGV,MULHOUSE VILLE,16,0.08900343642611683
AIX EN PROVENCE TGV,MULHOUSE VILLE,17,0.08972602739726027
AIX EN PROVENCE TGV,MULHOUSE VILLE,18,0.09020618556701031
AIX EN PROVENCE TGV,MULHOUSE VILLE,19,0.09051724137931035
AIX EN PROVENCE TGV,MULHOUSE VILLE,20,0.09377162629757786
AIX EN PROVENCE TGV,MULHOUSE VILLE,21,0.0930795847750865
AIX EN PROVENCE TGV,MULHOUSE VILLE,22,0.08961937716262976
AIX EN PROVENCE TGV,MULHOUSE VILLE,23,0.08867595818815331
AIX EN PROVENCE TGV,MULHOUSE VILLE,24,0.0875874125874126
AIX EN PROVENCE TGV,MULHOUSE VILLE,25,0.08736842105263157
AIX EN PROVENCE TGV,MULHOUSE VILLE,26,0.08450704225352113
AIX EN PROVENCE TGV,MULHOUSE VILLE,27,0.08515901060070671
AIX EN PROVENCE TGV,MULHOUSE VILLE,28,0.08409893992932863
AIX EN PROVENCE TGV,MULHOUSE VILLE,29,0.08250883392226148
AIX EN PROVENCE TGV,MULHOUSE VILLE,30,0.01125
AIX EN PROVENCE TGV,NANCY,0,0.33
AIX EN PROVENCE TGV,NANCY,1,0.38153846153846155
AIX EN PROVENCE TGV,NANCY,2,0.4411538461538462
AIX EN PROVENCE TGV,NANCY,3,0.4453846153846154
AIX EN PROVENCE TGV,NANCY,4,0.10576923076923077
AIX EN PROVENCE TGV,NANCY,5,0.12868217054263567
AIX EN PROVENCE TGV,NANCY,6,0.1377952755905512
AIX EN PROVENCE TGV,NANCY,7,0.143359375
AIX EN PROVENCE TGV,NANCY,8,0.14763779527559054
AIX EN PROVENCE TGV,NANCY,9,0.1267716535433071
AIX EN PROVENCE TGV,NANCY,10,0.130859375
AIX EN PROVENCE TGV,NANCY,11,0.14645669291338584
AIX EN PROVENCE TGV,NANCY,12,0.14724409448818898
AIX EN PROVENCE TGV,NANCY,13,0.15551181102362205
AIX EN PROVENCE TGV,NANCY,14,0.1578740157480315
AIX EN PROVENCE TGV,NANCY,15,0.1582677165354331
AIX EN PROVENCE TGV,NANCY,16,0.15952380952380954
AIX EN PROVENCE TGV,NANCY,17,0.15866141732283465
AIX EN PROVENCE TGV,NANCY,18,0.1582677165354331
AIX EN PROVENCE TGV,NANCY,19,0.168
AIX EN PROVENCE TGV,NANCY,20,0.1756
AIX EN PROVENCE TGV,NANCY,21,0.1746031746031746
AIX EN PROVENCE TGV,NANCY,22,0.1742063492063492
AIX EN PROVENCE TGV,NANCY,23,0.17579365079365078
AIX EN PROVENCE TGV,NANCY,24,0.1764
AIX EN PROVENCE TGV,NANCY,25,0.1746031746031746
AIX EN PROVENCE TGV,NANCY,26,0.1764
AIX EN PROVENCE TGV,NANCY,27,0.17619047619047618
AIX EN PROVENCE TGV,NANCY,28,0.1753968253968254
AIX EN PROVENCE TGV,NANCY,29,0.17341269841269843
AIX EN PROVENCE TGV,NANCY,30,0.020238095238095236
AIX EN PROVENCE TGV,STRASBOURG,0,0.417003367003367
AIX EN PROVENCE TGV,STRASBOURG,1,0.44730639730639726
AIX EN PROVENCE TGV,STRASBOURG,2,0.4678451178451178
AIX EN PROVENCE TGV,STRASBOURG,3,0.4778523489932886
AIX EN PROVENCE TGV,STRASBOURG,4,0.18674496644295302
AIX EN PROVENCE TGV,STRASBOURG,5,0.1868243243243243
AIX EN PROVENCE TGV,STRASBOURG,6,0.17745762711864407
AIX EN PROVENCE TGV,STRASBOURG,7,0.17033898305084746
AIX EN PROVENCE TGV,STRASBOURG,8,0.18610169491525425
AIX EN PROVENCE TGV,STRASBOURG,9,0.1864864864864865
AIX EN PROVENCE TGV,STRASBOURG,10,0.19610169491525425
AIX EN PROVENCE TGV,STRASBOURG,11,0.2135593220338983
AIX EN PROVENCE TGV,STRASBOURG,12,0.1022108843537415
AIX EN PROVENCE TGV,STRASBOURG,13,0.09880546075085324
AIX EN PROVENCE TGV,STRASBOURG,14,0.09641638225255973
AIX EN PROVENCE TGV,STRASBOURG,15,0.0977815699658703
AIX EN PROVENCE TGV,STRASBOURG,16,0.09621993127147767
AIX EN PROVENCE TGV,STRASBOURG,17,0.09606164383561644
AIX EN PROVENCE TGV,STRASBOURG,18,0.0957044673539519
AIX EN PROVENCE TGV,STRASBOURG,19,0.09672413793103449
AIX EN PROVENCE TGV,STRASBOURG,20,0.09653979238754325
AIX EN PROVENCE TGV,STRASBOURG,21,0.09671280276816609
AIX EN PROVENCE TGV,STRASBOURG,22,0.09550173010380623
AIX EN PROVENCE TGV,STRASBOURG,23,0.09738675958188153
AIX EN PROVENCE TGV,STRASBOURG,24,0.09125874125874127
AIX EN PROVENCE TGV,STRASBOURG,25,0.08807017543859649
AIX EN PROVENCE TGV,STRASBOURG,26,0.08503521126760563
AIX EN PROVENCE TGV,STRASBOURG,27,0.08480565371024736
AIX EN PROVENCE TGV,STRASBOURG,28,0.08462897526501767
AIX EN PROVENCE TGV,STRASBOURG,29,0.08286219081272085
AIX EN PROVENCE TGV,STRASBOURG,30,0.009107142857142857
AIX EN PROVENCE TGV,THIONVILLE,0,0.45407608695652174
AIX EN PROVENCE TGV,THIONVILLE,1,0.46540540540540537
AIX EN PROVENCE TGV,THIONVILLE,2,0.46594594594594596
AIX EN PROVENCE TGV,THIONVILLE,3,0.4839673913043478
AIX EN PROVENCE TGV,THIONVILLE,4,0.2262295081967213
AIX EN PROVENCE TGV,THIONVILLE,5,0.21906077348066297
AIX EN PROVENCE TGV,THIONVILLE,6,0.22722222222222221
AIX EN PROVENCE TGV,THIONVILLE,7,0.23950276243093924
AIX EN PROVENCE TGV,THIONVILLE,8,0.24392265193370166
AIX EN PROVENCE TGV,THIONVILLE,9,0.23232044198895027
AIX EN PROVENCE TGV,THIONVILLE,10,0.2475
AIX EN PROVENCE TGV,THIONVILLE,11,0.25865921787709495
AIX EN PROVENCE TGV,THIONVILLE,12,0.07430167597765362
AIX EN PROVENCE TGV,THIONVILLE,13,0.06536312849162011
AIX EN PROVENCE TGV,THIONVILLE,14,0.06270718232044199
AIX EN PROVENCE TGV,THIONVILLE,15,0.06620879120879121
AIX EN PROVENCE TGV,THIONVILLE,16,0.06027777777777778
AIX EN PROVENCE TGV,THIONVILLE,17,0.052222222222222225
AIX EN PROVENCE TGV,THIONVILLE,18,0.055
AIX EN PROVENCE TGV,THIONVILLE,19,0.050833333333333335
AIX EN PROVENCE TGV,THIONVILLE,20,0.0475
AIX EN PROVENCE TGV,THIONVILLE,21,0.04640883977900553
AIX EN PROVENCE TGV,THIONVILLE,22,0.04944751381215469
AIX EN PROVENCE TGV,THIONVILLE,23,0.05027777777777778
AIX EN PROVENCE TGV,THIONVILLE,24,0.04060773480662983
AIX EN PROVENCE TGV,THIONVILLE,25,0.03397790055248619
AIX EN PROVENCE TGV,THIONVILLE,26,0.03287292817679558
AIX EN PROVENCE TGV,THIONVILLE,27,0.03397790055248619
AIX EN PROVENCE TGV,THIONVILLE,28,0.03397790055248619
AIX EN PROVENCE TGV,THIONVILLE,29,0.03508287292817679
AIX EN PROVENCE TGV,THIONVILLE,30,0.0025139664804469273
AIX EN PROVENCE TGV,VALENCE TGV AUVERGNE RHONE ALPES,0,0.384765625
AIX EN PROVENCE TGV,VALENCE TGV AUVERGNE RHONE ALPES,1,0.4235408560311284
AIX EN PROVENCE TGV,VALENCE TGV AUVERGNE RHONE ALPES,2,0.42587548638132294
AIX EN PROVENCE TGV,VALENCE TGV AUVERGNE RHONE ALPES,3,0.4376953125
AIX EN PROVENCE TGV,VALENCE TGV AUVERGNE RHONE ALPES,4,0.1496078431372549
AIX EN PROVENCE TGV,VALENCE TGV AUVERGNE RHONE ALPES,5,0.15632411067193674
AIX EN PROVENCE TGV,VALENCE TGV AUVERGNE RHONE ALPES,6,0.15793650793650793
AIX EN PROVENCE TGV,VALENCE TGV AUVERGNE RHONE ALPES,7,0.14209486166007906
AIX EN PROVENCE TGV,VALENCE TGV AUVERGNE RHONE ALPES,8,0.14525691699604742
AIX EN PROVENCE TGV,VALENCE TGV AUVERGNE RHONE ALPES,9,0.15948616600790513
AIX EN PROVENCE TGV,VALENCE TGV AUVERGNE RHONE ALPES,10,0.16872509960159363
AIX EN PROVENCE TGV,VALENCE TGV AUVERGNE RHONE ALPES,11,0.18080000000000002
AIX EN PROVENCE TGV,VALENCE TGV AUVERGNE RHONE ALPES,12,0.092570281124498
AIX EN PROVENCE TGV,VALENCE TGV AUVERGNE RHONE ALPES,13,0.0846774193548387
AIX EN PROVENCE TGV,VALENCE TGV AUVERGNE RHONE ALPES,14,0.0785140562248996
AIX EN PROVENCE TGV,VALENCE TGV AUVERGNE RHONE ALPES,15,0.083
AIX EN PROVENCE TGV,VALENCE TGV AUVERGNE RHONE ALPES,16,0.08266129032258064
AIX EN PROVENCE TGV,VALENCE TGV AUVERGNE RHONE ALPES,17,0.0751004016064257
AIX EN PROVENCE TGV,VALENCE TGV AUVERGNE RHONE ALPES,18,0.07963709677419355
AIX EN PROVENCE TGV,VALENCE TGV AUVERGNE RHONE ALPES,19,0.07955465587044534
AIX EN PROVENCE TGV,VALENCE TGV AUVERGNE RHONE ALPES,20,0.07134146341463415
AIX EN PROVENCE TGV,VALENCE TGV AUVERGNE RHONE ALPES,21,0.06991869918699187
AIX EN PROVENCE TGV,VALENCE TGV AUVERGNE RHONE ALPES,22,0.06747967479674798
AIX EN PROVENCE TGV,VALENCE TGV AUVERGNE RHONE ALPES,23,0.06285714285714286
AIX EN PROVENCE TGV,VALENCE TGV AUVERGNE RHONE ALPES,24,0.05795918367346938
AIX EN PROVENCE TGV,VALENCE TGV AUVERGNE RHONE ALPES,25,0.05493827160493827
AIX EN PROVENCE TGV,VALENCE TGV AUVERGNE RHONE ALPES,26,0.05743801652892562
AIX EN PROVENCE TGV,VALENCE TGV AUVERGNE RHONE ALPES,27,0.05414937759336099
AIX EN PROVENCE TGV,VALENCE TGV AUVERGNE RHONE ALPES,28,0.048962655601659744
AIX EN PROVENCE TGV,VALENCE TGV AUVERGNE RHONE ALPES,29,0.04398340248962655
AIX EN PROVENCE TGV,VALENCE TGV AUVERGNE RHONE ALPES,30,0.006694560669456067
ANTIBES,AIX EN PROVENCE TGV,0,0.24834710743801652
ANTIBES,AIX EN PROVENCE TGV,1,0.2901639344262295
ANTIBES,AIX EN PROVENCE TGV,2,0.3260330578512397
ANTIBES,AIX EN PROVENCE TGV,3,0.3692622950819672
ANTIBES,AIX EN PROVENCE TGV,4,0.17008196721311475
ANTIBES,AIX EN PROVENCE TGV,5,0.15743801652892564
ANTIBES,AIX EN PROVENCE TGV,6,0.15289256198347106
ANTIBES,AIX EN PROVENCE TGV,7,0.13884297520661157
ANTIBES,AIX EN PROVENCE TGV,8,0.14173553719008264
ANTIBES,AIX EN PROVENCE TGV,9,0.14090909090909093
ANTIBES,AIX EN PROVENCE TGV,10,0.1413934426229508
ANTIBES,AIX EN PROVENCE TGV,11,0.13347107438016528
ANTIBES,AIX EN PROVENCE TGV,12,0.1487603305785124
ANTIBES,AIX EN PROVENCE TGV,13,0.1545081967213115
ANTIBES,AIX EN PROVENCE TGV,14,0.155327868852459
ANTIBES,AIX EN PROVENCE TGV,15,0.15655737704918035
ANTIBES,AIX EN PROVENCE TGV,16,0.16363636363636364
ANTIBES,AIX EN PROVENCE TGV,17,0.1680327868852459
ANTIBES,AIX EN PROVENCE TGV,18,0.16352459016393442
ANTIBES,AIX EN PROVENCE TGV,19,0.16404958677685952
ANTIBES,AIX EN PROVENCE TGV,20,0.1619834710743802
ANTIBES,AIX EN PROVENCE TGV,21,0.16557377049180327
ANTIBES,AIX EN PROVENCE TGV,22,0.1651639344262295
ANTIBES,AIX EN PROVENCE TGV,23,0.17049180327868854
ANTIBES,AIX EN PROVENCE TGV,24,0.17909836065573773
ANTIBES,AIX EN PROVENCE TGV,25,0.18401639344262294
ANTIBES,AIX EN PROVENCE TGV,26,0.17727272727272728
ANTIBES,AIX EN PROVENCE TGV,27,0.17991803278688523
ANTIBES,AIX EN PROVENCE TGV,28,0.18524590163934426
ANTIBES,AIX EN PROVENCE TGV,29,0.18196721311475408
ANTIBES,AIX EN PROVENCE TGV,30,0.026859504132231406
ANTIBES,AVIGNON TGV,0,0.24876033057851238
ANTIBES,AVIGNON TGV,1,0.2918032786885246
ANTIBES,AVIGNON TGV,2,0.3309917355371901
ANTIBES,AVIGNON TGV,3,0.36885245901639346
ANTIBES,AVIGNON TGV,4,0.16762295081967213
ANTIBES,AVIGNON TGV,5,0.15702479338842976
ANTIBES,AVIGNON TGV,6,0.15082644628099173
ANTIBES,AVIGNON TGV,7,0.13801652892561983
ANTIBES,AVIGNON TGV,8,0.13719008264462812
ANTIBES,AVIGNON TGV,9,0.14297520661157026
ANTIBES,AVIGNON TGV,10,0.14385245901639346
ANTIBES,AVIGNON TGV,11,0.13512396694214876
ANTIBES,AVIGNON TGV,12,0.15
ANTIBES,AVIGNON TGV,13,0.15491803278688523
ANTIBES,AVIGNON TGV,14,0.1540983606557377
ANTIBES,AVIGNON TGV,15,0.1540983606557377
ANTIBES,AVIGNON TGV,16,0.16404958677685952
ANTIBES,AVIGNON TGV,17,0.16885245901639345
ANTIBES,AVIGNON TGV,18,0.16434426229508198
ANTIBES,AVIGNON TGV,19,0.16404958677685952
ANTIBES,AVIGNON TGV,20,0.15826446280991735
ANTIBES,AVIGNON TGV,21,0.16147540983606556
ANTIBES,AVIGNON TGV,22,0.16434426229508198
ANTIBES,AVIGNON TGV,23,0.17049180327868854
ANTIBES,AVIGNON TGV,24,0.17909836065573773
ANTIBES,AVIGNON TGV,25,0.18278688524590164
ANTIBES,AVIGNON TGV,26,0.17603305785123968
ANTIBES,AVIGNON TGV,27,0.17950819672131146
ANTIBES,AVIGNON TGV,28,0.18524590163934426
ANTIBES,AVIGNON TGV,29,0.18237704918032788
ANTIBES,AVIGNON TGV,30,0.025206611570247933
ANTIBES,BEAUNE,0,0.23801652892561984
ANTIBES,BEAUNE,1,0.26967213114754096
ANTIBES,BEAUNE,2,0.3239669421487604
ANTIBES,BEAUNE,3,0.3188524590163934
ANTIBES,BEAUNE,4,0.12581967213114753
ANTIBES,BEAUNE,5,0.12603305785123967
ANTIBES,BEAUNE,6,0.12355371900826445
ANTIBES,BEAUNE,7,0.10950413223140495
ANTIBES,BEAUNE,8,0.1012396694214876
ANTIBES,BEAUNE,9,0.09958677685950414
ANTIBES,BEAUNE,10,0.09959016393442623
ANTIBES,BEAUNE,11,0.09999999999999999
ANTIBES,BEAUNE,12,0.11570247933884298
ANTIBES,BEAUNE,13,0.11475409836065574
ANTIBES,BEAUNE,14,0.1069672131147541
ANTIBES,BEAUNE,15,0.10655737704918032
ANTIBES,BEAUNE,16,0.10867768595041323
ANTIBES,BEAUNE,17,0.10655737704918032
ANTIBES,BEAUNE,18,0.1069672131147541
ANTIBES,BEAUNE,19,0.10909090909090909
ANTIBES,BEAUNE,20,0.10743801652892562
ANTIBES,BEAUNE,21,0.10573770491803279
ANTIBES,BEAUNE,22,0.09959016393442623
ANTIBES,BEAUNE,23,0.09959016393442623
ANTIBES,BEAUNE,24,0.0987704918032787
ANTIBES,BEAUNE,25,0.0987704918032787
ANTIBES,BEAUNE,26,0.09999999999999999
ANTIBES,BEAUNE,27,0.0987704918032787
ANTIBES,BEAUNE,28,0.09836065573770492
ANTIBES,BEAUNE,29,0.09631147540983606
ANTIBES,BEAUNE,30,0.009917355371900825
ANTIBES,BELFORT MONTBELIARD TGV,0,0.2782258064516129
ANTIBES,BELFORT MONTBELIARD TGV,1,0.3112
ANTIBES,BELFORT MONTBELIARD TGV,2,0.3556451612903226
ANTIBES,BELFORT MONTBELIARD TGV,3,0.38639999999999997
ANTIBES,BELFORT MONTBELIARD TGV,4,0.1108
ANTIBES,BELFORT MONTBELIARD TGV,5,0.1032258064516129
ANTIBES,BELFORT MONTBELIARD TGV,6,0.11290322580645161
ANTIBES,BELFORT MONTBELIARD TGV,7,0.1064516129032258
ANTIBES,BELFORT MONTBELIARD TGV,8,0.1064516129032258
ANTIBES,BELFORT MONTBELIARD TGV,9,0.10362903225806451
ANTIBES,BELFORT MONTBELIARD TGV,10,0.1008
ANTIBES,BELFORT MONTBELIARD TGV,11,0.10806451612903226
ANTIBES,BELFORT MONTBELIARD TGV,12,0.1120967741935484
ANTIBES,BELFORT MONTBELIARD TGV,13,0.11159999999999999
ANTIBES,BELFORT MONTBELIARD TGV,14,0.104
ANTIBES,BELFORT MONTBELIARD TGV,15,0.10479999999999999
ANTIBES,BELFORT MONTBELIARD TGV,16,0.10443548387096774
ANTIBES,BELFORT MONTBELIARD TGV,17,0.104
ANTIBES,BELFORT MONTBELIARD TGV,18,0.1044
ANTIBES,BELFORT MONTBELIARD TGV,19,0.10524193548387098
ANTIBES,BELFORT MONTBELIARD TGV,20,0.10524193548387098
ANTIBES,BELFORT MONTBELIARD TGV,21,0.1032
ANTIBES,BELFORT MONTBELIARD TGV,22,0.09720000000000001
ANTIBES,BELFORT MONTBELIARD TGV,23,0.09759999999999999
ANTIBES,BELFORT MONTBELIARD TGV,24,0.09720000000000001
ANTIBES,BELFORT MONTBELIARD TGV,25,0.09759999999999999
ANTIBES,BELFORT MONTBELIARD TGV,26,0.09758064516129032
ANTIBES,BELFORT MONTBELIARD TGV,27,0.09720000000000001
ANTIBES,BELFORT MONTBELIARD TGV,28,0.09720000000000001
ANTIBES,BELFORT MONTBELIARD TGV,29,0.0948
ANTIBES,BELFORT MONTBELIARD TGV,30,0.008870967741935484
ANTIBES,BESANCON FRANCHE COMTE TGV,0,0.24072580645161293
ANTIBES,BESANCON FRANCHE COMTE TGV,1,0.2788
ANTIBES,BESANCON FRANCHE COMTE TGV,2,0.3326612903225806
ANTIBES,BESANCON FRANCHE COMTE TGV,3,0.33039999999999997
ANTIBES,BESANCON FRANCHE COMTE TGV,4,0.1252
ANTIBES,BESANCON FRANCHE COMTE TGV,5,0.12177419354838709
ANTIBES,BESANCON FRANCHE COMTE TGV,6,0.12016129032258065
ANTIBES,BESANCON FRANCHE COMTE TGV,7,0.10846774193548386
ANTIBES,BESANCON FRANCHE COMTE TGV,8,0.10040322580645161
ANTIBES,BESANCON FRANCHE COMTE TGV,9,0.09879032258064516
ANTIBES,BESANCON FRANCHE COMTE TGV,10,0.0968
ANTIBES,BESANCON FRANCHE COMTE TGV,11,0.1
ANTIBES,BESANCON FRANCHE COMTE TGV,12,0.11290322580645161
ANTIBES,BESANCON FRANCHE COMTE TGV,13,0.1124
ANTIBES,BESANCON FRANCHE COMTE TGV,14,0.1036
ANTIBES,BESANCON FRANCHE COMTE TGV,15,0.10479999999999999
ANTIBES,BESANCON FRANCHE COMTE TGV,16,0.10524193548387098
ANTIBES,BESANCON FRANCHE COMTE TGV,17,0.1044
ANTIBES,BESANCON FRANCHE COMTE TGV,18,0.1052
ANTIBES,BESANCON FRANCHE COMTE TGV,19,0.10524193548387098
ANTIBES,BESANCON FRANCHE COMTE TGV,20,0.10443548387096774
ANTIBES,BESANCON FRANCHE COMTE TGV,21,0.1036
ANTIBES,BESANCON FRANCHE COMTE TGV,22,0.0968
ANTIBES,BESANCON FRANCHE COMTE TGV,23,0.0968
ANTIBES,BESANCON FRANCHE COMTE TGV,24,0.0968
ANTIBES,BESANCON FRANCHE COMTE TGV,25,0.09720000000000001
ANTIBES,BESANCON FRANCHE COMTE TGV,26,0.09758064516129032
ANTIBES,BESANCON FRANCHE COMTE TGV,27,0.0968
ANTIBES,BESANCON FRANCHE COMTE TGV,28,0.0964
ANTIBES,BESANCON FRANCHE COMTE TGV,29,0.09559999999999999
ANTIBES,BESANCON FRANCHE COMTE TGV,30,0.010080645161290322
ANTIBES,CANNES,0,0.242741935483871
ANTIBES,CANNES,1,0.286
ANTIBES,CANNES,2,0.3290322580645161
ANTIBES,CANNES,3,0.38639999999999997
ANTIBES,CANNES,4,0.1672
ANTIBES,CANNES,5,0.15282258064516127
ANTIBES,CANNES,6,0.14516129032258066
ANTIBES,CANNES,7,0.13185483870967743
ANTIBES,CANNES,8,0.13346774193548389
ANTIBES,CANNES,9,0.13951612903225807
ANTIBES,CANNES,10,0.1392
ANTIBES,CANNES,11,0.13185483870967743
ANTIBES,CANNES,12,0.14516129032258066
ANTIBES,CANNES,13,0.1504
ANTIBES,CANNES,14,0.15159999999999998
ANTIBES,CANNES,15,0.154
ANTIBES,CANNES,16,0.16129032258064516
ANTIBES,CANNES,17,0.1648
ANTIBES,CANNES,18,0.16040000000000001
ANTIBES,CANNES,19,0.1588709677419355
ANTIBES,CANNES,20,0.15524193548387097
ANTIBES,CANNES,21,0.1584
ANTIBES,CANNES,22,0.1584
ANTIBES,CANNES,23,0.1656
ANTIBES,CANNES,24,0.176
ANTIBES,CANNES,25,0.17959999999999998
ANTIBES,CANNES,26,0.17298387096774193
ANTIBES,CANNES,27,0.1736
ANTIBES,CANNES,28,0.17959999999999998
ANTIBES,CANNES,29,0.1728
ANTIBES,CANNES,30,0.027419354838709678
ANTIBES,COLMAR,0,0.2649193548387097
ANTIBES,COLMAR,1,0.31
ANTIBES,COLMAR,2,0.3556451612903226
ANTIBES,COLMAR,3,0.38680000000000003
ANTIBES,COLMAR,4,0.11320000000000001
ANTIBES,COLMAR,5,0.10080645161290322
ANTIBES,COLMAR,6,0.11008064516129032
ANTIBES,COLMAR,7,0.10685483870967742
ANTIBES,COLMAR,8,0.10564516129032257
ANTIBES,COLMAR,9,0.10443548387096774
ANTIBES,COLMAR,10,0.1012
ANTIBES,COLMAR,11,0.10645161290322581
ANTIBES,COLMAR,12,0.11290322580645161
ANTIBES,COLMAR,13,0.112
ANTIBES,COLMAR,14,0.1044
ANTIBES,COLMAR,15,0.104
ANTIBES,COLMAR,16,0.10483870967741936
ANTIBES,COLMAR,17,0.106
ANTIBES,COLMAR,18,0.10479999999999999
ANTIBES,COLMAR,19,0.10524193548387098
ANTIBES,COLMAR,20,0.10483870967741936
ANTIBES,COLMAR,21,0.104
ANTIBES,COLMAR,22,0.0968
ANTIBES,COLMAR,23,0.09720000000000001
ANTIBES,COLMAR,24,0.096
ANTIBES,COLMAR,25,0.098
ANTIBES,COLMAR,26,0.09758064516129032
ANTIBES,COLMAR,27,0.09759999999999999
ANTIBES,COLMAR,28,0.09720000000000001
ANTIBES,COLMAR,29,0.09559999999999999
ANTIBES,COLMAR,30,0.008870967741935484
ANTIBES,DIJON VILLE,0,0.24072580645161293
ANTIBES,DIJON VILLE,1,0.26839999999999997
ANTIBES,DIJON VILLE,2,0.32379032258064516
ANTIBES,DIJON VILLE,3,0.32
ANTIBES,DIJON VILLE,4,0.1232
ANTIBES,DIJON VILLE,5,0.11935483870967742
ANTIBES,DIJON VILLE,6,0.11935483870967742
ANTIBES,DIJON VILLE,7,0.10725806451612904
ANTIBES,DIJON VILLE,8,0.09879032258064516
ANTIBES,DIJON VILLE,9,0.09798387096774194
ANTIBES,DIJON VILLE,10,0.09759999999999999
ANTIBES,DIJON VILLE,11,0.09798387096774194
ANTIBES,DIJON VILLE,12,0.11169354838709677
ANTIBES,DIJON VILLE,13,0.112
ANTIBES,DIJON VILLE,14,0.1044
ANTIBES,DIJON VILLE,15,0.104
ANTIBES,DIJON VILLE,16,0.10483870967741936
ANTIBES,DIJON VILLE,17,0.104
ANTIBES,DIJON VILLE,18,0.104
ANTIBES,DIJON VILLE,19,0.10524193548387098
ANTIBES,DIJON VILLE,20,0.10483870967741936
ANTIBES,DIJON VILLE,21,0.1036
ANTIBES,DIJON VILLE,22,0.09720000000000001
ANTIBES,DIJON VILLE,23,0.0964
ANTIBES,DIJON VILLE,24,0.0968
ANTIBES,DIJON VILLE,25,0.096
ANTIBES,DIJON VILLE,26,0.09717741935483871
ANTIBES,DIJON VILLE,27,0.0968
ANTIBES,DIJON VILLE,28,0.0968
ANTIBES,DIJON VILLE,29,0.09559999999999999
ANTIBES,DIJON VILLE,30,0.008870967741935484
ANTIBES,LES ARCS DRAGUIGNAN,0,0.24596774193548387
ANTIBES,LES ARCS DRAGUIGNAN,1,0.2876
ANTIBES,LES ARCS DRAGUIGNAN,2,0.32379032258064516
ANTIBES,LES ARCS DRAGUIGNAN,3,0.3836
ANTIBES,LES ARCS DRAGUIGNAN,4,0.16319999999999998
ANTIBES,LES ARCS DRAGUIGNAN,5,0.15241935483870966
ANTIBES,LES ARCS DRAGUIGNAN,6,0.14919354838709678
ANTIBES,LES ARCS DRAGUIGNAN,7,0.13588709677419356
ANTIBES,LES ARCS DRAGUIGNAN,8,0.13709677419354838
ANTIBES,LES ARCS DRAGUIGNAN,9,0.13790322580645162
ANTIBES,LES ARCS DRAGUIGNAN,10,0.1376
ANTIBES,LES ARCS DRAGUIGNAN,11,0.13064516129032258
ANTIBES,LES ARCS DRAGUIGNAN,12,0.14596774193548387
ANTIBES,LES ARCS DRAGUIGNAN,13,0.14880000000000002
ANTIBES,LES ARCS DRAGUIGNAN,14,0.152
ANTIBES,LES ARCS DRAGUIGNAN,15,0.152
ANTIBES,LES ARCS DRAGUIGNAN,16,0.16088709677419355
ANTIBES,LES ARCS DRAGUIGNAN,17,0.16440000000000002
ANTIBES,LES ARCS DRAGUIGNAN,18,0.15919999999999998
ANTIBES,LES ARCS DRAGUIGNAN,19,0.1588709677419355
ANTIBES,LES ARCS DRAGUIGNAN,20,0.15524193548387097
ANTIBES,LES ARCS DRAGUIGNAN,21,0.1584
ANTIBES,LES ARCS DRAGUIGNAN,22,0.158
ANTIBES,LES ARCS DRAGUIGNAN,23,0.1672
ANTIBES,LES ARCS DRAGUIGNAN,24,0.1716
ANTIBES,LES ARCS DRAGUIGNAN,25,0.178
ANTIBES,LES ARCS DRAGUIGNAN,26,0.17258064516129032
ANTIBES,LES ARCS DRAGUIGNAN,27,0.1744
ANTIBES,LES ARCS DRAGUIGNAN,28,0.1804
ANTIBES,LES ARCS DRAGUIGNAN,29,0.1756
ANTIBES,LES ARCS DRAGUIGNAN,30,0.025403225806451612
ANTIBES,LYON (intramuros),0,0.26895161290322583
ANTIBES,LYON (intramuros),1,0.2788
ANTIBES,LYON (intramuros),2,0.30524193548387096
ANTIBES,LYON (intramuros),3,0.306
ANTIBES,LYON (intramuros),4,0.1232
ANTIBES,LYON (intramuros),5,0.1338709677419355
ANTIBES,LYON (intramuros),6,0.14838709677419354
ANTIBES,LYON (intramuros),7,0.13346774193548389
ANTIBES,LYON (intramuros),8,0.12862903225806452
ANTIBES,LYON (intramuros),9,0.1185483870967742
ANTIBES,LYON (intramuros),10,0.12359999999999999
ANTIBES,LYON (intramuros),11,0.1282258064516129
ANTIBES,LYON (intramuros),12,0.11774193548387096
ANTIBES,LYON (intramuros),13,0.11120000000000001
ANTIBES,LYON (intramuros),14,0.104
ANTIBES,LYON (intramuros),15,0.1036
ANTIBES,LYON (intramuros),16,0.10524193548387098
ANTIBES,LYON (intramuros),17,0.10479999999999999
ANTIBES,LYON (intramuros),18,0.1044
ANTIBES,LYON (intramuros),19,0.10443548387096774
ANTIBES,LYON (intramuros),20,0.10403225806451613
ANTIBES,LYON (intramuros),21,0.104
ANTIBES,LYON (intramuros),22,0.098
ANTIBES,LYON (intramuros),23,0.0984
ANTIBES,LYON (intramuros),24,0.1032
ANTIBES,LYON (intramuros),25,0.102
ANTIBES,LYON (intramuros),26,0.09798387096774194
ANTIBES,LYON (intramuros),27,0.0968
ANTIBES,LYON (intramuros),28,0.09720000000000001
ANTIBES,LYON (intramuros),29,0.094
ANTIBES,LYON (intramuros),30,0.008870967741935484
ANTIBES,MACON VILLE,0,0.23801652892561984
ANTIBES,MACON VILLE,1,0.2713114754098361
ANTIBES,MACON VILLE,2,0.32355371900826446
ANTIBES,MACON VILLE,3,0.31926229508196724
ANTIBES,MACON VILLE,4,0.12254098360655738
ANTIBES,MACON VILLE,5,0.12272727272727273
ANTIBES,MACON VILLE,6,0.12190082644628099
ANTIBES,MACON VILLE,7,0.1115702479338843
ANTIBES,MACON VILLE,8,0.10371900826446281
ANTIBES,MACON VILLE,9,0.09999999999999999
ANTIBES,MACON VILLE,10,0.10040983606557377
ANTIBES,MACON VILLE,11,0.10041322314049587
ANTIBES,MACON VILLE,12,0.11404958677685952
ANTIBES,MACON VILLE,13,0.1139344262295082
ANTIBES,MACON VILLE,14,0.10614754098360656
ANTIBES,MACON VILLE,15,0.10614754098360656
ANTIBES,MACON VILLE,16,0.10743801652892562
ANTIBES,MACON VILLE,17,0.10655737704918032
ANTIBES,MACON VILLE,18,0.1069672131147541
ANTIBES,MACON VILLE,19,0.10702479338842974
ANTIBES,MACON VILLE,20,0.10661157024793388
ANTIBES,MACON VILLE,21,0.10614754098360656
ANTIBES,MACON VILLE,22,0.09836065573770492
ANTIBES,MACON VILLE,23,0.09754098360655739
ANTIBES,MACON VILLE,24,0.09836065573770492
ANTIBES,MACON VILLE,25,0.09795081967213114
ANTIBES,MACON VILLE,26,0.09917355371900827
ANTIBES,MACON VILLE,27,0.0987704918032787
ANTIBES,MACON VILLE,28,0.0987704918032787
ANTIBES,MACON VILLE,29,0.09672131147540984
ANTIBES,MACON VILLE,30,0.00743801652892562
ANTIBES,MARSEILLE ST CHARLES,0,0.2462809917355372
ANTIBES,MARSEILLE ST CHARLES,1,0.2930327868852459
ANTIBES,MARSEILLE ST CHARLES,2,0.33429752066115703
ANTIBES,MARSEILLE ST CHARLES,3,0.38811475409836066
ANTIBES,MARSEILLE ST CHARLES,4,0.16885245901639345
ANTIBES,MARSEILLE ST CHARLES,5,0.15661157024793387
ANTIBES,MARSEILLE ST CHARLES,6,0.14958677685950414
ANTIBES,MARSEILLE ST CHARLES,7,0.13760330578512395
ANTIBES,MARSEILLE ST CHARLES,8,0.14008264462809916
ANTIBES,MARSEILLE ST CHARLES,9,0.14049586776859505
ANTIBES,MARSEILLE ST CHARLES,10,0.1418032786885246
ANTIBES,MARSEILLE ST CHARLES,11,0.1359504132231405
ANTIBES,MARSEILLE ST CHARLES,12,0.15165289256198347
ANTIBES,MARSEILLE ST CHARLES,13,0.1557377049180328
ANTIBES,MARSEILLE ST CHARLES,14,0.15614754098360656
ANTIBES,MARSEILLE ST CHARLES,15,0.1540983606557377
ANTIBES,MARSEILLE ST CHARLES,16,0.16239669421487601
ANTIBES,MARSEILLE ST CHARLES,17,0.1692622950819672
ANTIBES,MARSEILLE ST CHARLES,18,0.16434426229508198
ANTIBES,MARSEILLE ST CHARLES,19,0.16239669421487601
ANTIBES,MARSEILLE ST CHARLES,20,0.1578512396694215
ANTIBES,MARSEILLE ST CHARLES,21,0.1610655737704918
ANTIBES,MARSEILLE ST CHARLES,22,0.16311475409836065
ANTIBES,MARSEILLE ST CHARLES,23,0.17131147540983604
ANTIBES,MARSEILLE ST CHARLES,24,0.18032786885245902
ANTIBES,MARSEILLE ST CHARLES,25,0.18442622950819673
ANTIBES,MARSEILLE ST CHARLES,26,0.1768595041322314
ANTIBES,MARSEILLE ST CHARLES,27,0.17909836065573773
ANTIBES,MARSEILLE ST CHARLES,28,0.18524590163934426
ANTIBES,MARSEILLE ST CHARLES,29,0.18196721311475408
ANTIBES,MARSEILLE ST CHARLES,30,0.024793388429752067
ANTIBES,MULHOUSE VILLE,0,0.2665322580645161
ANTIBES,MULHOUSE VILLE,1,0.3216
ANTIBES,MULHOUSE VILLE,2,0.3645161290322581
ANTIBES,MULHOUSE VILLE,3,0.404
ANTIBES,MULHOUSE VILLE,4,0.11120000000000001
ANTIBES,MULHOUSE VILLE,5,0.10161290322580645
ANTIBES,MULHOUSE VILLE,6,0.1157258064516129
ANTIBES,MULHOUSE VILLE,7,0.10685483870967742
ANTIBES,MULHOUSE VILLE,8,0.1060483870967742
ANTIBES,MULHOUSE VILLE,9,0.10564516129032257
ANTIBES,MULHOUSE VILLE,10,0.1012
ANTIBES,MULHOUSE VILLE,11,0.10362903225806451
ANTIBES,MULHOUSE VILLE,12,0.11411290322580646
ANTIBES,MULHOUSE VILLE,13,0.112
ANTIBES,MULHOUSE VILLE,14,0.1056
ANTIBES,MULHOUSE VILLE,15,0.1052
ANTIBES,MULHOUSE VILLE,16,0.10524193548387098
ANTIBES,MULHOUSE VILLE,17,0.10479999999999999
ANTIBES,MULHOUSE VILLE,18,0.1044
ANTIBES,MULHOUSE VILLE,19,0.10564516129032257
ANTIBES,MULHOUSE VILLE,20,0.10564516129032257
ANTIBES,MULHOUSE VILLE,21,0.10479999999999999
ANTIBES,MULHOUSE VILLE,22,0.09720000000000001
ANTIBES,MULHOUSE VILLE,23,0.0968
ANTIBES,MULHOUSE VILLE,24,0.09759999999999999
ANTIBES,MULHOUSE VILLE,25,0.0964
ANTIBES,MULHOUSE VILLE,26,0.09758064516129032
ANTIBES,MULHOUSE VILLE,27,0.0968
ANTIBES,MULHOUSE VILLE,28,0.0964
ANTIBES,MULHOUSE VILLE,29,0.096
ANTIBES,MULHOUSE VILLE,30,0.009274193548387098
ANTIBES,NANCY,0,0.2657303370786517
ANTIBES,NANCY,1,0.30112359550561796
ANTIBES,NANCY,2,0.3308988764044944
ANTIBES,NANCY,3,0.36460674157303374
ANTIBES,NANCY,4,0.10280898876404494
ANTIBES,NANCY,5,0.10955056179775281
ANTIBES,NANCY,6,0.11761363636363636
ANTIBES,NANCY,7,0.12078651685393259
ANTIBES,NANCY,8,0.1130681818181818
ANTIBES,NANCY,9,0.08579545454545455
ANTIBES,NANCY,10,0.09269662921348315
ANTIBES,NANCY,11,0.1028409090909091
ANTIBES,NANCY,12,0.12670454545454546
ANTIBES,NANCY,13,0.13370786516853933
ANTIBES,NANCY,14,0.13651685393258428
ANTIBES,NANCY,15,0.13595505617977527
ANTIBES,NANCY,16,0.13749999999999998
ANTIBES,NANCY,17,0.13651685393258428
ANTIBES,NANCY,18,0.1353932584269663
ANTIBES,NANCY,19,0.13863636363636364
ANTIBES,NANCY,20,0.13693181818181818
ANTIBES,NANCY,21,0.13595505617977527
ANTIBES,NANCY,22,0.13595505617977527
ANTIBES,NANCY,23,0.13651685393258428
ANTIBES,NANCY,24,0.1348314606741573
ANTIBES,NANCY,25,0.13651685393258428
ANTIBES,NANCY,26,0.13693181818181818
ANTIBES,NANCY,27,0.13764044943820225
ANTIBES,NANCY,28,0.13707865168539324
ANTIBES,NANCY,29,0.13314606741573035
ANTIBES,NANCY,30,0.011797752808988765
ANTIBES,ST RAPHAEL VALESCURE,0,0.242741935483871
ANTIBES,ST RAPHAEL VALESCURE,1,0.29
ANTIBES,ST RAPHAEL VALESCURE,2,0.3274193548387097
ANTIBES,ST RAPHAEL VALESCURE,3,0.3768
ANTIBES,ST RAPHAEL VALESCURE,4,0.16319999999999998
ANTIBES,ST RAPHAEL VALESCURE,5,0.15282258064516127
ANTIBES,ST RAPHAEL VALESCURE,6,0.15161290322580645
ANTIBES,ST RAPHAEL VALESCURE,7,0.1350806451612903
ANTIBES,ST RAPHAEL VALESCURE,8,0.13669354838709677
ANTIBES,ST RAPHAEL VALESCURE,9,0.13669354838709677
ANTIBES,ST RAPHAEL VALESCURE,10,0.138
ANTIBES,ST RAPHAEL VALESCURE,11,0.13306451612903225
ANTIBES,ST RAPHAEL VALESCURE,12,0.14758064516129032
ANTIBES,ST RAPHAEL VALESCURE,13,0.1492
ANTIBES,ST RAPHAEL VALESCURE,14,0.1512
ANTIBES,ST RAPHAEL VALESCURE,15,0.1512
ANTIBES,ST RAPHAEL VALESCURE,16,0.16048387096774192
ANTIBES,ST RAPHAEL VALESCURE,17,0.1636
ANTIBES,ST RAPHAEL VALESCURE,18,0.1616
ANTIBES,ST RAPHAEL VALESCURE,19,0.16129032258064516
ANTIBES,ST RAPHAEL VALESCURE,20,0.15685483870967742
ANTIBES,ST RAPHAEL VALESCURE,21,0.16040000000000001
ANTIBES,ST RAPHAEL VALESCURE,22,0.16240000000000002
ANTIBES,ST RAPHAEL VALESCURE,23,0.1684
ANTIBES,ST RAPHAEL VALESCURE,24,0.1744
ANTIBES,ST RAPHAEL VALESCURE,25,0.178
ANTIBES,ST RAPHAEL VALESCURE,26,0.1721774193548387
ANTIBES,ST RAPHAEL VALESCURE,27,0.1736
ANTIBES,ST RAPHAEL VALESCURE,28,0.1804
ANTIBES,ST RAPHAEL VALESCURE,29,0.178
ANTIBES,ST RAPHAEL VALESCURE,30,0.027419354838709678
ANTIBES,STRASBOURG,0,0.2786290322580645
ANTIBES,STRASBOURG,1,0.3236
ANTIBES,STRASBOURG,2,0.3592741935483871
ANTIBES,STRASBOURG,3,0.39
ANTIBES,STRASBOURG,4,0.1144
ANTIBES,STRASBOURG,5,0.1064516129032258
ANTIBES,STRASBOURG,6,0.1125
ANTIBES,STRASBOURG,7,0.10887096774193548
ANTIBES,STRASBOURG,8,0.1064516129032258
ANTIBES,STRASBOURG,9,0.10403225806451613
ANTIBES,STRASBOURG,10,0.1012
ANTIBES,STRASBOURG,11,0.1092741935483871
ANTIBES,STRASBOURG,12,0.11370967741935484
ANTIBES,STRASBOURG,13,0.112
ANTIBES,STRASBOURG,14,0.1044
ANTIBES,STRASBOURG,15,0.10479999999999999
ANTIBES,STRASBOURG,16,0.1060483870967742
ANTIBES,STRASBOURG,17,0.10479999999999999
ANTIBES,STRASBOURG,18,0.104
ANTIBES,STRASBOURG,19,0.10564516129032257
ANTIBES,STRASBOURG,20,0.1060483870967742
ANTIBES,STRASBOURG,21,0.10479999999999999
ANTIBES,STRASBOURG,22,0.09720000000000001
ANTIBES,STRASBOURG,23,0.09720000000000001
ANTIBES,STRASBOURG,24,0.09759999999999999
ANTIBES,STRASBOURG,25,0.098
ANTIBES,STRASBOURG,26,0.09717741935483871
ANTIBES,STRASBOURG,27,0.0964
ANTIBES,STRASBOURG,28,0.09720000000000001
ANTIBES,STRASBOURG,29,0.0952
ANTIBES,STRASBOURG,30,0.009274193548387096
ANTIBES,TOULON,0,0.2399193548387097
ANTIBES,TOULON,1,0.2948
ANTIBES,TOULON,2,0.33104838709677414
ANTIBES,TOULON,3,0.37239999999999995
ANTIBES,TOULON,4,0.166
ANTIBES,TOULON,5,0.15403225806451615
ANTIBES,TOULON,6,0.14919354838709678
ANTIBES,TOULON,7,0.13346774193548389
ANTIBES,TOULON,8,0.13427419354838707
ANTIBES,TOULON,9,0.13911290322580644
ANTIBES,TOULON,10,0.14
ANTIBES,TOULON,11,0.13346774193548389
ANTIBES,TOULON,12,0.14596774193548387
ANTIBES,TOULON,13,0.15
ANTIBES,TOULON,14,0.15159999999999998
ANTIBES,TOULON,15,0.1512
ANTIBES,TOULON,16,0.15967741935483873
ANTIBES,TOULON,17,0.1664
ANTIBES,TOULON,18,0.1596
ANTIBES,TOULON,19,0.16048387096774192
ANTIBES,TOULON,20,0.1536290322580645
ANTIBES,TOULON,21,0.1596
ANTIBES,TOULON,22,0.16
ANTIBES,TOULON,23,0.1688
ANTIBES,TOULON,24,0.1748
ANTIBES,TOULON,25,0.17880000000000001
ANTIBES,TOULON,26,0.1717741935483871
ANTIBES,TOULON,27,0.1748
ANTIBES,TOULON,28,0.18
ANTIBES,TOULON,29,0.17679999999999998
ANTIBES,TOULON,30,0.028225806451612902
AVIGNON TGV,BEAUNE,0,0.3447530864197531
AVIGNON TGV,BEAUNE,1,0.39171779141104296
AVIGNON TGV,BEAUNE,2,0.42901234567901236
AVIGNON TGV,BEAUNE,3,0.4193251533742331
AVIGNON TGV,BEAUNE,4,0.12484662576687118
AVIGNON TGV,BEAUNE,5,0.13944099378881988
AVIGNON TGV,BEAUNE,6,0.1434375
AVIGNON TGV,BEAUNE,7,0.14125000000000001
AVIGNON TGV,BEAUNE,8,0.1378125
AVIGNON TGV,BEAUNE,9,0.1284375
AVIGNON TGV,BEAUNE,10,0.12826086956521737
AVIGNON TGV,BEAUNE,11,0.1296875
AVIGNON TGV,BEAUNE,12,0.13836477987421383
AVIGNON TGV,BEAUNE,13,0.14371069182389937
AVIGNON TGV,BEAUNE,14,0.1389937106918239
AVIGNON TGV,BEAUNE,15,0.1380503144654088
AVIGNON TGV,BEAUNE,16,0.13924050632911392
AVIGNON TGV,BEAUNE,17,0.13930817610062893
AVIGNON TGV,BEAUNE,18,0.1389937106918239
AVIGNON TGV,BEAUNE,19,0.14713375796178346
AVIGNON TGV,BEAUNE,20,0.1538216560509554
AVIGNON TGV,BEAUNE,21,0.1518987341772152
AVIGNON TGV,BEAUNE,22,0.14715189873417722
AVIGNON TGV,BEAUNE,23,0.14620253164556962
AVIGNON TGV,BEAUNE,24,0.14617834394904458
AVIGNON TGV,BEAUNE,25,0.14525316455696202
AVIGNON TGV,BEAUNE,26,0.14076433121019108
AVIGNON TGV,BEAUNE,27,0.13924050632911392
AVIGNON TGV,BEAUNE,28,0.13829113924050634
AVIGNON TGV,BEAUNE,29,0.13386075949367088
AVIGNON TGV,BEAUNE,30,0.01305732484076433
AVIGNON TGV,BELFORT MONTBELIARD TGV,0,0.40540540540540543
AVIGNON TGV,BELFORT MONTBELIARD TGV,1,0.44510135135135137
AVIGNON TGV,BELFORT MONTBELIARD TGV,2,0.4584459459459459
AVIGNON TGV,BELFORT MONTBELIARD TGV,3,0.46430976430976434
AVIGNON TGV,BELFORT MONTBELIARD TGV,4,0.17053872053872055
AVIGNON TGV,BELFORT MONTBELIARD TGV,5,0.17033898305084746
AVIGNON TGV,BELFORT MONTBELIARD TGV,6,0.16598639455782313
AVIGNON TGV,BELFORT MONTBELIARD TGV,7,0.15901360544217688
AVIGNON TGV,BELFORT MONTBELIARD TGV,8,0.16904761904761906
AVIGNON TGV,BELFORT MONTBELIARD TGV,9,0.1711864406779661
AVIGNON TGV,BELFORT MONTBELIARD TGV,10,0.1804421768707483
AVIGNON TGV,BELFORT MONTBELIARD TGV,11,0.19931972789115646
AVIGNON TGV,BELFORT MONTBELIARD TGV,12,0.09522184300341296
AVIGNON TGV,BELFORT MONTBELIARD TGV,13,0.09349315068493151
AVIGNON TGV,BELFORT MONTBELIARD TGV,14,0.09195205479452055
AVIGNON TGV,BELFORT MONTBELIARD TGV,15,0.09246575342465753
AVIGNON TGV,BELFORT MONTBELIARD TGV,16,0.08917525773195877
AVIGNON TGV,BELFORT MONTBELIARD TGV,17,0.08955479452054795
AVIGNON TGV,BELFORT MONTBELIARD TGV,18,0.08969072164948454
AVIGNON TGV,BELFORT MONTBELIARD TGV,19,0.08896551724137931
AVIGNON TGV,BELFORT MONTBELIARD TGV,20,0.09221453287197232
AVIGNON TGV,BELFORT MONTBELIARD TGV,21,0.09325259515570934
AVIGNON TGV,BELFORT MONTBELIARD TGV,22,0.09065743944636678
AVIGNON TGV,BELFORT MONTBELIARD TGV,23,0.0897212543554007
AVIGNON TGV,BELFORT MONTBELIARD TGV,24,0.08776223776223777
AVIGNON TGV,BELFORT MONTBELIARD TGV,25,0.08701754385964912
AVIGNON TGV,BELFORT MONTBELIARD TGV,26,0.0846830985915493
AVIGNON TGV,BELFORT MONTBELIARD TGV,27,0.08480565371024736
AVIGNON TGV,BELFORT MONTBELIARD TGV,28,0.08409893992932863
AVIGNON TGV,BELFORT MONTBELIARD TGV,29,0.08233215547703181
AVIGNON TGV,BELFORT MONTBELIARD TGV,30,0.011071428571428572
AVIGNON TGV,BESANCON FRANCHE COMTE TGV,0,0.3842905405405405
AVIGNON TGV,BESANCON FRANCHE COMTE TGV,1,0.4018581081081081
AVIGNON TGV,BESANCON FRANCHE COMTE TGV,2,0.422972972972973
AVIGNON TGV,BESANCON FRANCHE COMTE TGV,3,0.4240740740740741
AVIGNON TGV,BESANCON FRANCHE COMTE TGV,4,0.13333333333333333
AVIGNON TGV,BESANCON FRANCHE COMTE TGV,5,0.13728813559322034
AVIGNON TGV,BESANCON FRANCHE COMTE TGV,6,0.15068027210884352
AVIGNON TGV,BESANCON FRANCHE COMTE TGV,7,0.1556122448979592
AVIGNON TGV,BESANCON FRANCHE COMTE TGV,8,0.16887755102040816
AVIGNON TGV,BESANCON FRANCHE COMTE TGV,9,0.1616949152542373
AVIGNON TGV,BESANCON FRANCHE COMTE TGV,10,0.16020408163265307
AVIGNON TGV,BESANCON FRANCHE COMTE TGV,11,0.15340136054421769
AVIGNON TGV,BESANCON FRANCHE COMTE TGV,12,0.09436860068259385
AVIGNON TGV,BESANCON FRANCHE COMTE TGV,13,0.09195205479452055
AVIGNON TGV,BESANCON FRANCHE COMTE TGV,14,0.09143835616438356
AVIGNON TGV,BESANCON FRANCHE COMTE TGV,15,0.09229452054794521
AVIGNON TGV,BESANCON FRANCHE COMTE TGV,16,0.09037800687285223
AVIGNON TGV,BESANCON FRANCHE COMTE TGV,17,0.08886986301369863
AVIGNON TGV,BESANCON FRANCHE COMTE TGV,18,0.08951890034364261
AVIGNON TGV,BESANCON FRANCHE COMTE TGV,19,0.09017241379310344
AVIGNON TGV,BESANCON FRANCHE COMTE TGV,20,0.09359861591695502
AVIGNON TGV,BESANCON FRANCHE COMTE TGV,21,0.09377162629757786
AVIGNON TGV,BESANCON FRANCHE COMTE TGV,22,0.09048442906574394
AVIGNON TGV,BESANCON FRANCHE COMTE TGV,23,0.0897212543554007
AVIGNON TGV,BESANCON FRANCHE COMTE TGV,24,0.08723776223776224
AVIGNON TGV,BESANCON FRANCHE COMTE TGV,25,0.08719298245614035
AVIGNON TGV,BESANCON FRANCHE COMTE TGV,26,0.08433098591549296
AVIGNON TGV,BESANCON FRANCHE COMTE TGV,27,0.08445229681978798
AVIGNON TGV,BESANCON FRANCHE COMTE TGV,28,0.08409893992932863
AVIGNON TGV,BESANCON FRANCHE COMTE TGV,29,0.0812720848056537
AVIGNON TGV,BESANCON FRANCHE COMTE TGV,30,0.010357142857142856
AVIGNON TGV,CHALON SUR SAONE,0,0.37670454545454546
AVIGNON TGV,CHALON SUR SAONE,1,0.3928030303030303
AVIGNON TGV,CHALON SUR SAONE,2,0.41174242424242424
AVIGNON TGV,CHALON SUR SAONE,3,0.39999999999999997
AVIGNON TGV,CHALON SUR SAONE,4,0.11425855513307985
AVIGNON TGV,CHALON SUR SAONE,5,0.11321839080459771
AVIGNON TGV,CHALON SUR SAONE,6,0.14653846153846153
AVIGNON TGV,CHALON SUR SAONE,7,0.15153256704980841
AVIGNON TGV,CHALON SUR SAONE,8,0.16379310344827586
AVIGNON TGV,CHALON SUR SAONE,9,0.16026615969581748
AVIGNON TGV,CHALON SUR SAONE,10,0.15306513409961686
AVIGNON TGV,CHALON SUR SAONE,11,0.1503846153846154
AVIGNON TGV,CHALON SUR SAONE,12,0.04633204633204633
AVIGNON TGV,CHALON SUR SAONE,13,0.04186046511627907
AVIGNON TGV,CHALON SUR SAONE,14,0.03957528957528957
AVIGNON TGV,CHALON SUR SAONE,15,0.03923076923076923
AVIGNON TGV,CHALON SUR SAONE,16,0.03474903474903475
AVIGNON TGV,CHALON SUR SAONE,17,0.030961538461538464
AVIGNON TGV,CHALON SUR SAONE,18,0.030694980694980695
AVIGNON TGV,CHALON SUR SAONE,19,0.027906976744186046
AVIGNON TGV,CHALON SUR SAONE,20,0.02821011673151751
AVIGNON TGV,CHALON SUR SAONE,21,0.02801556420233463
AVIGNON TGV,CHALON SUR SAONE,22,0.027431906614785992
AVIGNON TGV,CHALON SUR SAONE,23,0.026862745098039216
AVIGNON TGV,CHALON SUR SAONE,24,0.02431372549019608
AVIGNON TGV,CHALON SUR SAONE,25,0.02391304347826087
AVIGNON TGV,CHALON SUR SAONE,26,0.024206349206349204
AVIGNON TGV,CHALON SUR SAONE,27,0.02390438247011952
AVIGNON TGV,CHALON SUR SAONE,28,0.024302788844621514
AVIGNON TGV,CHALON SUR SAONE,29,0.024103585657370516
AVIGNON TGV,CHALON SUR SAONE,30,0.004435483870967742
AVIGNON TGV,COLMAR,0,0.38151515151515153
AVIGNON TGV,COLMAR,1,0.4243975903614458
AVIGNON TGV,COLMAR,2,0.46151515151515154
AVIGNON TGV,COLMAR,3,0.4762048192771084
AVIGNON TGV,COLMAR,4,0.1286144578313253
AVIGNON TGV,COLMAR,5,0.13475609756097562
AVIGNON TGV,COLMAR,6,0.1450920245398773
AVIGNON TGV,COLMAR,7,0.13987730061349693
AVIGNON TGV,COLMAR,8,0.1432515337423313
AVIGNON TGV,COLMAR,9,0.13803680981595093
AVIGNON TGV,COLMAR,10,0.14298780487804877
AVIGNON TGV,COLMAR,11,0.15828220858895706
AVIGNON TGV,COLMAR,12,0.1382716049382716
AVIGNON TGV,COLMAR,13,0.1404320987654321
AVIGNON TGV,COLMAR,14,0.13641975308641976
AVIGNON TGV,COLMAR,15,0.13703703703703704
AVIGNON TGV,COLMAR,16,0.13850931677018635
AVIGNON TGV,COLMAR,17,0.13765432098765432
AVIGNON TGV,COLMAR,18,0.13703703703703704
AVIGNON TGV,COLMAR,19,0.1434375
AVIGNON TGV,COLMAR,20,0.14906250000000001
AVIGNON TGV,COLMAR,21,0.14906832298136646
AVIGNON TGV,COLMAR,22,0.14347826086956522
AVIGNON TGV,COLMAR,23,0.14347826086956522
AVIGNON TGV,COLMAR,24,0.1440625
AVIGNON TGV,COLMAR,25,0.14254658385093166
AVIGNON TGV,COLMAR,26,0.1384375
AVIGNON TGV,COLMAR,27,0.13726708074534164
AVIGNON TGV,COLMAR,28,0.1360248447204969
AVIGNON TGV,COLMAR,29,0.13260869565217392
AVIGNON TGV,COLMAR,30,0.017812500000000002
AVIGNON TGV,DIJON VILLE,0,0.37535211267605634
AVIGNON TGV,DIJON VILLE,1,0.40228070175438596
AVIGNON TGV,DIJON VILLE,2,0.4211267605633803
AVIGNON TGV,DIJON VILLE,3,0.40912280701754383
AVIGNON TGV,DIJON VILLE,4,0.1343859649122807
AVIGNON TGV,DIJON VILLE,5,0.13586572438162545
AVIGNON TGV,DIJON VILLE,6,0.15407801418439718
AVIGNON TGV,DIJON VILLE,7,0.16294326241134752
AVIGNON TGV,DIJON VILLE,8,0.17304964539007092
AVIGNON TGV,DIJON VILLE,9,0.17304964539007092
AVIGNON TGV,DIJON VILLE,10,0.16850533807829182
AVIGNON TGV,DIJON VILLE,11,0.1588967971530249
AVIGNON TGV,DIJON VILLE,12,0.09874999999999999
AVIGNON TGV,DIJON VILLE,13,0.09695340501792114
AVIGNON TGV,DIJON VILLE,14,0.0956989247311828
AVIGNON TGV,DIJON VILLE,15,0.09659498207885304
AVIGNON TGV,DIJON VILLE,16,0.09352517985611511
AVIGNON TGV,DIJON VILLE,17,0.0931899641577061
AVIGNON TGV,DIJON VILLE,18,0.09298561151079138
AVIGNON TGV,DIJON VILLE,19,0.09368231046931408
AVIGNON TGV,DIJON VILLE,20,0.09692028985507246
AVIGNON TGV,DIJON VILLE,21,0.09746376811594203
AVIGNON TGV,DIJON VILLE,22,0.0947463768115942
AVIGNON TGV,DIJON VILLE,23,0.09363636363636364
AVIGNON TGV,DIJON VILLE,24,0.09197080291970802
AVIGNON TGV,DIJON VILLE,25,0.0912087912087912
AVIGNON TGV,DIJON VILLE,26,0.08878676470588234
AVIGNON TGV,DIJON VILLE,27,0.08856088560885608
AVIGNON TGV,DIJON VILLE,28,0.08800738007380074
AVIGNON TGV,DIJON VILLE,29,0.08505535055350553
AVIGNON TGV,DIJON VILLE,30,0.014684014869888476
AVIGNON TGV,LUXEMBOURG,0,0.4432960893854748
AVIGNON TGV,LUXEMBOURG,1,0.46472222222222226
AVIGNON TGV,LUXEMBOURG,2,0.4691666666666667
AVIGNON TGV,LUXEMBOURG,3,0.4868715083798883
AVIGNON TGV,LUXEMBOURG,4,0.2252808988764045
AVIGNON TGV,LUXEMBOURG,5,0.2252840909090909
AVIGNON TGV,LUXEMBOURG,6,0.2337142857142857
AVIGNON TGV,LUXEMBOURG,7,0.24431818181818182
AVIGNON TGV,LUXEMBOURG,8,0.24829545454545457
AVIGNON TGV,LUXEMBOURG,9,0.23664772727272726
AVIGNON TGV,LUXEMBOURG,10,0.2531428571428571
AVIGNON TGV,LUXEMBOURG,11,0.2591954022988506
AVIGNON TGV,LUXEMBOURG,12,0.07873563218390804
AVIGNON TGV,LUXEMBOURG,13,0.06810344827586207
AVIGNON TGV,LUXEMBOURG,14,0.0659090909090909
AVIGNON TGV,LUXEMBOURG,15,0.06610169491525424
AVIGNON TGV,LUXEMBOURG,16,0.062285714285714285
AVIGNON TGV,LUXEMBOURG,17,0.05257142857142857
AVIGNON TGV,LUXEMBOURG,18,0.055428571428571424
AVIGNON TGV,LUXEMBOURG,19,0.051142857142857136
AVIGNON TGV,LUXEMBOURG,20,0.046000000000000006
AVIGNON TGV,LUXEMBOURG,21,0.046306818181818185
AVIGNON TGV,LUXEMBOURG,22,0.04886363636363636
AVIGNON TGV,LUXEMBOURG,23,0.05028571428571429
AVIGNON TGV,LUXEMBOURG,24,0.04176136363636364
AVIGNON TGV,LUXEMBOURG,25,0.03494318181818182
AVIGNON TGV,LUXEMBOURG,26,0.03465909090909091
AVIGNON TGV,LUXEMBOURG,27,0.035227272727272725
AVIGNON TGV,LUXEMBOURG,28,0.035227272727272725
AVIGNON TGV,LUXEMBOURG,29,0.03323863636363636
AVIGNON TGV,LUXEMBOURG,30,0.0022988505747126436
AVIGNON TGV,LYON (intramuros),0,0.4322147651006712
AVIGNON TGV,LYON (intramuros),1,0.4503355704697986
AVIGNON TGV,LYON (intramuros),2,0.46006711409395973
AVIGNON TGV,LYON (intramuros),3,0.45250836120401344
AVIGNON TGV,LYON (intramuros),4,0.18043478260869567
AVIGNON TGV,LYON (intramuros),5,0.1905723905723906
AVIGNON TGV,LYON (intramuros),6,0.19712837837837838
AVIGNON TGV,LYON (intramuros),7,0.17702702702702702
AVIGNON TGV,LYON (intramuros),8,0.175
AVIGNON TGV,LYON (intramuros),9,0.1829391891891892
AVIGNON TGV,LYON (intramuros),10,0.19440677966101697
AVIGNON TGV,LYON (intramuros),11,0.1923728813559322
AVIGNON TGV,LYON (intramuros),12,0.1268707482993197
AVIGNON TGV,LYON (intramuros),13,0.1220136518771331
AVIGNON TGV,LYON (intramuros),14,0.12098976109215018
AVIGNON TGV,LYON (intramuros),15,0.12559726962457338
AVIGNON TGV,LYON (intramuros),16,0.12594501718213058
AVIGNON TGV,LYON (intramuros),17,0.12226027397260275
AVIGNON TGV,LYON (intramuros),18,0.12439862542955328
AVIGNON TGV,LYON (intramuros),19,0.12482758620689656
AVIGNON TGV,LYON (intramuros),20,0.12370242214532871
AVIGNON TGV,LYON (intramuros),21,0.1185121107266436
AVIGNON TGV,LYON (intramuros),22,0.11608996539792386
AVIGNON TGV,LYON (intramuros),23,0.10993031358885018
AVIGNON TGV,LYON (intramuros),24,0.11276223776223776
AVIGNON TGV,LYON (intramuros),25,0.11070175438596491
AVIGNON TGV,LYON (intramuros),26,0.10580985915492958
AVIGNON TGV,LYON (intramuros),27,0.10282685512367491
AVIGNON TGV,LYON (intramuros),28,0.0989399293286219
AVIGNON TGV,LYON (intramuros),29,0.09522968197879858
AVIGNON TGV,LYON (intramuros),30,0.014107142857142858
AVIGNON TGV,MACON VILLE,0,0.33611111111111114
AVIGNON TGV,MACON VILLE,1,0.37607361963190183
AVIGNON TGV,MACON VILLE,2,0.4237654320987655
AVIGNON TGV,MACON VILLE,3,0.41840490797546015
AVIGNON TGV,MACON VILLE,4,0.12576687116564417
AVIGNON TGV,MACON VILLE,5,0.13291925465838508
AVIGNON TGV,MACON VILLE,6,0.1434375
AVIGNON TGV,MACON VILLE,7,0.136875
AVIGNON TGV,MACON VILLE,8,0.1390625
AVIGNON TGV,MACON VILLE,9,0.1296875
AVIGNON TGV,MACON VILLE,10,0.13012422360248446
AVIGNON TGV,MACON VILLE,11,0.13093749999999998
AVIGNON TGV,MACON VILLE,12,0.13836477987421383
AVIGNON TGV,MACON VILLE,13,0.1440251572327044
AVIGNON TGV,MACON VILLE,14,0.13836477987421383
AVIGNON TGV,MACON VILLE,15,0.13867924528301886
AVIGNON TGV,MACON VILLE,16,0.13955696202531645
AVIGNON TGV,MACON VILLE,17,0.1389937106918239
AVIGNON TGV,MACON VILLE,18,0.13867924528301886
AVIGNON TGV,MACON VILLE,19,0.14617834394904458
AVIGNON TGV,MACON VILLE,20,0.15159235668789808
AVIGNON TGV,MACON VILLE,21,0.15126582278481013
AVIGNON TGV,MACON VILLE,22,0.14620253164556962
AVIGNON TGV,MACON VILLE,23,0.14556962025316456
AVIGNON TGV,MACON VILLE,24,0.14585987261146496
AVIGNON TGV,MACON VILLE,25,0.1449367088607595
AVIGNON TGV,MACON VILLE,26,0.1410828025477707
AVIGNON TGV,MACON VILLE,27,0.14018987341772152
AVIGNON TGV,MACON VILLE,28,0.13829113924050634
AVIGNON TGV,MACON VILLE,29,0.13386075949367088
AVIGNON TGV,MACON VILLE,30,0.019745222929936305
AVIGNON TGV,MARNE LA VALLEE CHESSY,0,0.5571428571428572
AVIGNON TGV,MARNE LA VALLEE CHESSY,1,0.5642857142857143
AVIGNON TGV,MARNE LA VALLEE CHESSY,2,0.5642857142857143
AVIGNON TGV,MARNE LA VALLEE CHESSY,3,0.5714285714285714
AVIGNON TGV,MARNE LA VALLEE CHESSY,4,0.6142857142857142
AVIGNON TGV,MARNE LA VALLEE CHESSY,5,0.6785714285714286
AVIGNON TGV,MARNE LA VALLEE CHESSY,6,0.7999999999999999
AVIGNON TGV,MARNE LA VALLEE CHESSY,7,0.8285714285714285
AVIGNON TGV,MARNE LA VALLEE CHESSY,8,0.7357142857142858
AVIGNON TGV,MARNE LA VALLEE CHESSY,9,0.7166666666666667
AVIGNON TGV,MARNE LA VALLEE CHESSY,10,0.8250000000000001
AVIGNON TGV,MARNE LA VALLEE CHESSY,11,0.775
AVIGNON TGV,MARNE LA VALLEE CHESSY,12,0.2916666666666667
AVIGNON TGV,MARNE LA VALLEE CHESSY,13,0.19166666666666668
AVIGNON TGV,MARNE LA VALLEE CHESSY,14,0.19999999999999998
AVIGNON TGV,MARNE LA VALLEE CHESSY,15,0.30833333333333335
AVIGNON TGV,MARNE LA VALLEE CHESSY,16,0.4
AVIGNON TGV,MARNE LA VALLEE CHESSY,17,0.4
AVIGNON TGV,MARNE LA VALLEE CHESSY,18,0.38
AVIGNON TGV,MARNE LA VALLEE CHESSY,19,0.37
AVIGNON TGV,MARNE LA VALLEE CHESSY,20,0.2
AVIGNON TGV,MARNE LA VALLEE CHESSY,21,0.2
AVIGNON TGV,MARNE LA VALLEE CHESSY,22,0.32999999999999996
AVIGNON TGV,MARNE LA VALLEE CHESSY,23,0.2
AVIGNON TGV,MARNE LA VALLEE CHESSY,24,0.03
AVIGNON TGV,MARNE LA VALLEE CHESSY,25,0.0
AVIGNON TGV,MARNE LA VALLEE CHESSY,26,0.0
AVIGNON TGV,MARNE LA VALLEE CHESSY,27,0.0
AVIGNON TGV,MARNE LA VALLEE CHESSY,28,0.0
AVIGNON TGV,MARNE LA VALLEE CHESSY,29,0.0
AVIGNON TGV,MARNE LA VALLEE CHESSY,30,0.0
AVIGNON TGV,METZ VILLE,0,0.41538461538461535
AVIGNON TGV,METZ VILLE,1,0.42923387096774196
AVIGNON TGV,METZ VILLE,2,0.43266129032258066
AVIGNON TGV,METZ VILLE,3,0.43846153846153846
AVIGNON TGV,METZ VILLE,4,0.18048780487804877
AVIGNON TGV,METZ VILLE,5,0.18258196721311473
AVIGNON TGV,METZ VILLE,6,0.19074074074074074
AVIGNON TGV,METZ VILLE,7,0.19446721311475412
AVIGNON TGV,METZ VILLE,8,0.2043032786885246
AVIGNON TGV,METZ VILLE,9,0.19139344262295083
AVIGNON TGV,METZ VILLE,10,0.20227272727272727
AVIGNON TGV,METZ VILLE,11,0.21327800829875518
AVIGNON TGV,METZ VILLE,12,0.06125
AVIGNON TGV,METZ VILLE,13,0.04958158995815899
AVIGNON TGV,METZ VILLE,14,0.0475
AVIGNON TGV,METZ VILLE,15,0.04979253112033195
AVIGNON TGV,METZ VILLE,16,0.046443514644351466
AVIGNON TGV,METZ VILLE,17,0.042291666666666665
AVIGNON TGV,METZ VILLE,18,0.04184100418410042
AVIGNON TGV,METZ VILLE,19,0.03949579831932773
AVIGNON TGV,METZ VILLE,20,0.03481012658227848
AVIGNON TGV,METZ VILLE,21,0.03417721518987342
AVIGNON TGV,METZ VILLE,22,0.036286919831223625
AVIGNON TGV,METZ VILLE,23,0.03516949152542373
AVIGNON TGV,METZ VILLE,24,0.03037974683544304
AVIGNON TGV,METZ VILLE,25,0.02617021276595745
AVIGNON TGV,METZ VILLE,26,0.025854700854700853
AVIGNON TGV,METZ VILLE,27,0.026180257510729613
AVIGNON TGV,METZ VILLE,28,0.026180257510729613
AVIGNON TGV,METZ VILLE,29,0.026394849785407723
AVIGNON TGV,METZ VILLE,30,0.001948051948051948
AVIGNON TGV,MULHOUSE VILLE,0,0.39628378378378376
AVIGNON TGV,MULHOUSE VILLE,1,0.4403716216216216
AVIGNON TGV,MULHOUSE VILLE,2,0.4613175675675676
AVIGNON TGV,MULHOUSE VILLE,3,0.46430976430976434
AVIGNON TGV,MULHOUSE VILLE,4,0.17609427609427608
AVIGNON TGV,MULHOUSE VILLE,5,0.17372881355932204
AVIGNON TGV,MULHOUSE VILLE,6,0.1664965986394558
AVIGNON TGV,MULHOUSE VILLE,7,0.1596938775510204
AVIGNON TGV,MULHOUSE VILLE,8,0.17261904761904762
AVIGNON TGV,MULHOUSE VILLE,9,0.1740677966101695
AVIGNON TGV,MULHOUSE VILLE,10,0.18027210884353742
AVIGNON TGV,MULHOUSE VILLE,11,0.2008503401360544
AVIGNON TGV,MULHOUSE VILLE,12,0.09249146757679182
AVIGNON TGV,MULHOUSE VILLE,13,0.09075342465753425
AVIGNON TGV,MULHOUSE VILLE,14,0.09212328767123287
AVIGNON TGV,MULHOUSE VILLE,15,0.09178082191780822
AVIGNON TGV,MULHOUSE VILLE,16,0.08951890034364261
AVIGNON TGV,MULHOUSE VILLE,17,0.08886986301369863
AVIGNON TGV,MULHOUSE VILLE,18,0.08917525773195877
AVIGNON TGV,MULHOUSE VILLE,19,0.09017241379310344
AVIGNON TGV,MULHOUSE VILLE,20,0.09325259515570934
AVIGNON TGV,MULHOUSE VILLE,21,0.09394463667820069
AVIGNON TGV,MULHOUSE VILLE,22,0.09083044982698962
AVIGNON TGV,MULHOUSE VILLE,23,0.09006968641114983
AVIGNON TGV,MULHOUSE VILLE,24,0.08776223776223777
AVIGNON TGV,MULHOUSE VILLE,25,0.08771929824561403
AVIGNON TGV,MULHOUSE VILLE,26,0.08503521126760563
AVIGNON TGV,MULHOUSE VILLE,27,0.08462897526501767
AVIGNON TGV,MULHOUSE VILLE,28,0.08515901060070671
AVIGNON TGV,MULHOUSE VILLE,29,0.08162544169611308
AVIGNON TGV,MULHOUSE VILLE,30,0.01375
AVIGNON TGV,NANCY,0,0.3273076923076923
AVIGNON TGV,NANCY,1,0.38269230769230766
AVIGNON TGV,NANCY,2,0.4296153846153846
AVIGNON TGV,NANCY,3,0.4492307692307692
AVIGNON TGV,NANCY,4,0.11307692307692307
AVIGNON TGV,NANCY,5,0.12751937984496123
AVIGNON TGV,NANCY,6,0.13661417322834646
AVIGNON TGV,NANCY,7,0.138671875
AVIGNON TGV,NANCY,8,0.14566929133858267
AVIGNON TGV,NANCY,9,0.12913385826771653
AVIGNON TGV,NANCY,10,0.131640625
AVIGNON TGV,NANCY,11,0.1437007874015748
AVIGNON TGV,NANCY,12,0.14645669291338584
AVIGNON TGV,NANCY,13,0.15551181102362205
AVIGNON TGV,NANCY,14,0.1582677165354331
AVIGNON TGV,NANCY,15,0.1590551181102362
AVIGNON TGV,NANCY,16,0.16150793650793652
AVIGNON TGV,NANCY,17,0.1594488188976378
AVIGNON TGV,NANCY,18,0.15866141732283465
AVIGNON TGV,NANCY,19,0.1672
AVIGNON TGV,NANCY,20,0.174
AVIGNON TGV,NANCY,21,0.1742063492063492
AVIGNON TGV,NANCY,22,0.17500000000000002
AVIGNON TGV,NANCY,23,0.1753968253968254
AVIGNON TGV,NANCY,24,0.1772
AVIGNON TGV,NANCY,25,0.1746031746031746
AVIGNON TGV,NANCY,26,0.1764
AVIGNON TGV,NANCY,27,0.17500000000000002
AVIGNON TGV,NANCY,28,0.1742063492063492
AVIGNON TGV,NANCY,29,0.16904761904761906
AVIGNON TGV,NANCY,30,0.02261904761904762
AVIGNON TGV,STRASBOURG,0,0.414983164983165
AVIGNON TGV,STRASBOURG,1,0.44612794612794615
AVIGNON TGV,STRASBOURG,2,0.467003367003367
AVIGNON TGV,STRASBOURG,3,0.473489932885906
AVIGNON TGV,STRASBOURG,4,0.18389261744966443
AVIGNON TGV,STRASBOURG,5,0.1881756756756757
AVIGNON TGV,STRASBOURG,6,0.1793220338983051
AVIGNON TGV,STRASBOURG,7,0.1747457627118644
AVIGNON TGV,STRASBOURG,8,0.18610169491525425
AVIGNON TGV,STRASBOURG,9,0.18277027027027026
AVIGNON TGV,STRASBOURG,10,0.18983050847457628
AVIGNON TGV,STRASBOURG,11,0.21389830508474578
AVIGNON TGV,STRASBOURG,12,0.10068027210884355
AVIGNON TGV,STRASBOURG,13,0.0977815699658703
AVIGNON TGV,STRASBOURG,14,0.09709897610921502
AVIGNON TGV,STRASBOURG,15,0.09726962457337884
AVIGNON TGV,STRASBOURG,16,0.09673539518900343
AVIGNON TGV,STRASBOURG,17,0.09657534246575342
AVIGNON TGV,STRASBOURG,18,0.09553264604810997
AVIGNON TGV,STRASBOURG,19,0.09551724137931034
AVIGNON TGV,STRASBOURG,20,0.09653979238754325
AVIGNON TGV,STRASBOURG,21,0.0972318339100346
AVIGNON TGV,STRASBOURG,22,0.09671280276816609
AVIGNON TGV,STRASBOURG,23,0.09686411149825784
AVIGNON TGV,STRASBOURG,24,0.09195804195804196
AVIGNON TGV,STRASBOURG,25,0.08789473684210526
AVIGNON TGV,STRASBOURG,26,0.08591549295774648
AVIGNON TGV,STRASBOURG,27,0.08515901060070671
AVIGNON TGV,STRASBOURG,28,0.08462897526501767
AVIGNON TGV,STRASBOURG,29,0.08197879858657244
AVIGNON TGV,STRASBOURG,30,0.010535714285714287
AVIGNON TGV,THIONVILLE,0,0.44646739130434787
AVIGNON TGV,THIONVILLE,1,0.4540540540540541
AVIGNON TGV,THIONVILLE,2,0.46918918918918917
AVIGNON TGV,THIONVILLE,3,0.48423913043478256
AVIGNON TGV,THIONVILLE,4,0.2215846994535519
AVIGNON TGV,THIONVILLE,5,0.22265193370165745
AVIGNON TGV,THIONVILLE,6,0.2286111111111111
AVIGNON TGV,THIONVILLE,7,0.24696132596685083
AVIGNON TGV,THIONVILLE,8,0.24419889502762432
AVIGNON TGV,THIONVILLE,9,0.22983425414364642
AVIGNON TGV,THIONVILLE,10,0.2475
AVIGNON TGV,THIONVILLE,11,0.2589385474860335
AVIGNON TGV,THIONVILLE,12,0.07793296089385475
AVIGNON TGV,THIONVILLE,13,0.06424581005586592
AVIGNON TGV,THIONVILLE,14,0.062154696132596686
AVIGNON TGV,THIONVILLE,15,0.06483516483516484
AVIGNON TGV,THIONVILLE,16,0.061388888888888896
AVIGNON TGV,THIONVILLE,17,0.051944444444444446
AVIGNON TGV,THIONVILLE,18,0.0525
AVIGNON TGV,THIONVILLE,19,0.05138888888888889
AVIGNON TGV,THIONVILLE,20,0.04666666666666667
AVIGNON TGV,THIONVILLE,21,0.04696132596685083
AVIGNON TGV,THIONVILLE,22,0.04861878453038675
AVIGNON TGV,THIONVILLE,23,0.049444444444444444
AVIGNON TGV,THIONVILLE,24,0.0425414364640884
AVIGNON TGV,THIONVILLE,25,0.0356353591160221
AVIGNON TGV,THIONVILLE,26,0.03314917127071823
AVIGNON TGV,THIONVILLE,27,0.034530386740331494
AVIGNON TGV,THIONVILLE,28,0.03370165745856354
AVIGNON TGV,THIONVILLE,29,0.034254143646408844
AVIGNON TGV,THIONVILLE,30,0.0033519553072625698
AVIGNON TGV,VALENCE TGV AUVERGNE RHONE ALPES,0,0.3779296875
AVIGNON TGV,VALENCE TGV AUVERGNE RHONE ALPES,1,0.42315175097276264
AVIGNON TGV,VALENCE TGV AUVERGNE RHONE ALPES,2,0.43171206225680936
AVIGNON TGV,VALENCE TGV AUVERGNE RHONE ALPES,3,0.4263671875
AVIGNON TGV,VALENCE TGV AUVERGNE RHONE ALPES,4,0.1543137254901961
AVIGNON TGV,VALENCE TGV AUVERGNE RHONE ALPES,5,0.16047430830039527
AVIGNON TGV,VALENCE TGV AUVERGNE RHONE ALPES,6,0.15634920634920635
AVIGNON TGV,VALENCE TGV AUVERGNE RHONE ALPES,7,0.14288537549407115
AVIGNON TGV,VALENCE TGV AUVERGNE RHONE ALPES,8,0.14466403162055336
AVIGNON TGV,VALENCE TGV AUVERGNE RHONE ALPES,9,0.1517786561264822
AVIGNON TGV,VALENCE TGV AUVERGNE RHONE ALPES,10,0.15478087649402392
AVIGNON TGV,VALENCE TGV AUVERGNE RHONE ALPES,11,0.15680000000000002
AVIGNON TGV,VALENCE TGV AUVERGNE RHONE ALPES,12,0.07931726907630522
AVIGNON TGV,VALENCE TGV AUVERGNE RHONE ALPES,13,0.0780241935483871
AVIGNON TGV,VALENCE TGV AUVERGNE RHONE ALPES,14,0.07369477911646587
AVIGNON TGV,VALENCE TGV AUVERGNE RHONE ALPES,15,0.0808
AVIGNON TGV,VALENCE TGV AUVERGNE RHONE ALPES,16,0.08044354838709677
AVIGNON TGV,VALENCE TGV AUVERGNE RHONE ALPES,17,0.07228915662650602
AVIGNON TGV,VALENCE TGV AUVERGNE RHONE ALPES,18,0.07237903225806451
AVIGNON TGV,VALENCE TGV AUVERGNE RHONE ALPES,19,0.0714574898785425
AVIGNON TGV,VALENCE TGV AUVERGNE RHONE ALPES,20,0.06991869918699187
AVIGNON TGV,VALENCE TGV AUVERGNE RHONE ALPES,21,0.06991869918699187
AVIGNON TGV,VALENCE TGV AUVERGNE RHONE ALPES,22,0.06869918699186991
AVIGNON TGV,VALENCE TGV AUVERGNE RHONE ALPES,23,0.06244897959183674
AVIGNON TGV,VALENCE TGV AUVERGNE RHONE ALPES,24,0.05714285714285714
AVIGNON TGV,VALENCE TGV AUVERGNE RHONE ALPES,25,0.053703703703703705
AVIGNON TGV,VALENCE TGV AUVERGNE RHONE ALPES,26,0.05516528925619835
AVIGNON TGV,VALENCE TGV AUVERGNE RHONE ALPES,27,0.05352697095435685
AVIGNON TGV,VALENCE TGV AUVERGNE RHONE ALPES,28,0.0475103734439834
AVIGNON TGV,VALENCE TGV AUVERGNE RHONE ALPES,29,0.04211618257261411
AVIGNON TGV,VALENCE TGV AUVERGNE RHONE ALPES,30,0.0064853556485355655
BEAUNE,BELFORT MONTBELIARD TGV,0,0.5274096385542169
BEAUNE,BELFORT MONTBELIARD TGV,1,0.5868263473053892
BEAUNE,BELFORT MONTBELIARD TGV,2,0.6168674698795181
BEAUNE,BELFORT MONTBELIARD TGV,3,0.6134730538922156
BEAUNE,BELFORT MONTBELIARD TGV,4,0.19550898203592815
BEAUNE,BELFORT MONTBELIARD TGV,5,0.21303030303030301
BEAUNE,BELFORT MONTBELIARD TGV,6,0.21341463414634146
BEAUNE,BELFORT MONTBELIARD TGV,7,0.2207317073170732
BEAUNE,BELFORT MONTBELIARD TGV,8,0.2149390243902439
BEAUNE,BELFORT MONTBELIARD TGV,9,0.20304878048780486
BEAUNE,BELFORT MONTBELIARD TGV,10,0.2033333333333333
BEAUNE,BELFORT MONTBELIARD TGV,11,0.18841463414634146
BEAUNE,BELFORT MONTBELIARD TGV,12,0.16748466257668712
BEAUNE,BELFORT MONTBELIARD TGV,13,0.17024539877300612
BEAUNE,BELFORT MONTBELIARD TGV,14,0.16533742331288342
BEAUNE,BELFORT MONTBELIARD TGV,15,0.1656441717791411
BEAUNE,BELFORT MONTBELIARD TGV,16,0.16635802469135802
BEAUNE,BELFORT MONTBELIARD TGV,17,0.16932515337423315
BEAUNE,BELFORT MONTBELIARD TGV,18,0.16533742331288342
BEAUNE,BELFORT MONTBELIARD TGV,19,0.1763975155279503
BEAUNE,BELFORT MONTBELIARD TGV,20,0.1857142857142857
BEAUNE,BELFORT MONTBELIARD TGV,21,0.19074074074074074
BEAUNE,BELFORT MONTBELIARD TGV,22,0.19012345679012346
BEAUNE,BELFORT MONTBELIARD TGV,23,0.19197530864197532
BEAUNE,BELFORT MONTBELIARD TGV,24,0.1984472049689441
BEAUNE,BELFORT MONTBELIARD TGV,25,0.195679012345679
BEAUNE,BELFORT MONTBELIARD TGV,26,0.1906832298136646
BEAUNE,BELFORT MONTBELIARD TGV,27,0.1904320987654321
BEAUNE,BELFORT MONTBELIARD TGV,28,0.19999999999999998
BEAUNE,BELFORT MONTBELIARD TGV,29,0.19166666666666668
BEAUNE,BELFORT MONTBELIARD TGV,30,0.030434782608695653
BEAUNE,BESANCON FRANCHE COMTE TGV,0,0.5189759036144579
BEAUNE,BESANCON FRANCHE COMTE TGV,1,0.5967065868263474
BEAUNE,BESANCON FRANCHE COMTE TGV,2,0.6096385542168675
BEAUNE,BESANCON FRANCHE COMTE TGV,3,0.609880239520958
BEAUNE,BESANCON FRANCHE COMTE TGV,4,0.19041916167664671
BEAUNE,BESANCON FRANCHE COMTE TGV,5,0.20636363636363636
BEAUNE,BESANCON FRANCHE COMTE TGV,6,0.21067073170731707
BEAUNE,BESANCON FRANCHE COMTE TGV,7,0.21615853658536588
BEAUNE,BESANCON FRANCHE COMTE TGV,8,0.21280487804878048
BEAUNE,BESANCON FRANCHE COMTE TGV,9,0.2003048780487805
BEAUNE,BESANCON FRANCHE COMTE TGV,10,0.20363636363636364
BEAUNE,BESANCON FRANCHE COMTE TGV,11,0.1847560975609756
BEAUNE,BESANCON FRANCHE COMTE TGV,12,0.1665644171779141
BEAUNE,BESANCON FRANCHE COMTE TGV,13,0.17055214723926382
BEAUNE,BESANCON FRANCHE COMTE TGV,14,0.1656441717791411
BEAUNE,BESANCON FRANCHE COMTE TGV,15,0.16319018404907976
BEAUNE,BESANCON FRANCHE COMTE TGV,16,0.16666666666666666
BEAUNE,BESANCON FRANCHE COMTE TGV,17,0.16932515337423315
BEAUNE,BESANCON FRANCHE COMTE TGV,18,0.1656441717791411
BEAUNE,BESANCON FRANCHE COMTE TGV,19,0.1782608695652174
BEAUNE,BESANCON FRANCHE COMTE TGV,20,0.18385093167701863
BEAUNE,BESANCON FRANCHE COMTE TGV,21,0.18950617283950616
BEAUNE,BESANCON FRANCHE COMTE TGV,22,0.19012345679012346
BEAUNE,BESANCON FRANCHE COMTE TGV,23,0.1904320987654321
BEAUNE,BESANCON FRANCHE COMTE TGV,24,0.1968944099378882
BEAUNE,BESANCON FRANCHE COMTE TGV,25,0.1962962962962963
BEAUNE,BESANCON FRANCHE COMTE TGV,26,0.1888198757763975
BEAUNE,BESANCON FRANCHE COMTE TGV,27,0.19197530864197532
BEAUNE,BESANCON FRANCHE COMTE TGV,28,0.1993827160493827
BEAUNE,BESANCON FRANCHE COMTE TGV,29,0.19135802469135801
BEAUNE,BESANCON FRANCHE COMTE TGV,30,0.02826086956521739
BEAUNE,COLMAR,0,0.5858433734939759
BEAUNE,COLMAR,1,0.670059880239521
BEAUNE,COLMAR,2,0.6927710843373494
BEAUNE,COLMAR,3,0.6880239520958085
BEAUNE,COLMAR,4,0.23712574850299403
BEAUNE,COLMAR,5,0.2581818181818182
BEAUNE,COLMAR,6,0.26920731707317075
BEAUNE,COLMAR,7,0.25884146341463415
BEAUNE,COLMAR,8,0.2481707317073171
BEAUNE,COLMAR,9,0.22835365853658537
BEAUNE,COLMAR,10,0.22606060606060605
BEAUNE,COLMAR,11,0.213109756097561
BEAUNE,COLMAR,12,0.18680981595092025
BEAUNE,COLMAR,13,0.18803680981595092
BEAUNE,COLMAR,14,0.18742331288343558
BEAUNE,COLMAR,15,0.18711656441717792
BEAUNE,COLMAR,16,0.19537037037037036
BEAUNE,COLMAR,17,0.19846625766871168
BEAUNE,COLMAR,18,0.19202453987730062
BEAUNE,COLMAR,19,0.19409937888198758
BEAUNE,COLMAR,20,0.18757763975155278
BEAUNE,COLMAR,21,0.19135802469135801
BEAUNE,COLMAR,22,0.19074074074074074
BEAUNE,COLMAR,23,0.19074074074074074
BEAUNE,COLMAR,24,0.20217391304347823
BEAUNE,COLMAR,25,0.2052469135802469
BEAUNE,COLMAR,26,0.19409937888198758
BEAUNE,COLMAR,27,0.19104938271604938
BEAUNE,COLMAR,28,0.19753086419753085
BEAUNE,COLMAR,29,0.18981481481481483
BEAUNE,COLMAR,30,0.027639751552795033
BEAUNE,DIJON VILLE,0,0.5246987951807228
BEAUNE,DIJON VILLE,1,0.5808383233532934
BEAUNE,DIJON VILLE,2,0.6105421686746988
BEAUNE,DIJON VILLE,3,0.6008982035928143
BEAUNE,DIJON VILLE,4,0.19011976047904192
BEAUNE,DIJON VILLE,5,0.20757575757575758
BEAUNE,DIJON VILLE,6,0.21646341463414634
BEAUNE,DIJON VILLE,7,0.2167682926829268
BEAUNE,DIJON VILLE,8,0.21371951219512195
BEAUNE,DIJON VILLE,9,0.20152439024390242
BEAUNE,DIJON VILLE,10,0.20666666666666667
BEAUNE,DIJON VILLE,11,0.18597560975609756
BEAUNE,DIJON VILLE,12,0.16717791411042945
BEAUNE,DIJON VILLE,13,0.17085889570552149
BEAUNE,DIJON VILLE,14,0.1659509202453988
BEAUNE,DIJON VILLE,15,0.16625766871165645
BEAUNE,DIJON VILLE,16,0.16666666666666666
BEAUNE,DIJON VILLE,17,0.17116564417177912
BEAUNE,DIJON VILLE,18,0.1677914110429448
BEAUNE,DIJON VILLE,19,0.1779503105590062
BEAUNE,DIJON VILLE,20,0.18664596273291925
BEAUNE,DIJON VILLE,21,0.19074074074074074
BEAUNE,DIJON VILLE,22,0.18919753086419752
BEAUNE,DIJON VILLE,23,0.19074074074074074
BEAUNE,DIJON VILLE,24,0.1956521739130435
BEAUNE,DIJON VILLE,25,0.19506172839506175
BEAUNE,DIJON VILLE,26,0.18757763975155278
BEAUNE,DIJON VILLE,27,0.19135802469135801
BEAUNE,DIJON VILLE,28,0.19969135802469137
BEAUNE,DIJON VILLE,29,0.19104938271604938
BEAUNE,DIJON VILLE,30,0.03260869565217391
BEAUNE,MULHOUSE VILLE,0,0.6024096385542169
BEAUNE,MULHOUSE VILLE,1,0.6745508982035928
BEAUNE,MULHOUSE VILLE,2,0.6987951807228916
BEAUNE,MULHOUSE VILLE,3,0.6895209580838324
BEAUNE,MULHOUSE VILLE,4,0.2404191616766467
BEAUNE,MULHOUSE VILLE,5,0.25727272727272726
BEAUNE,MULHOUSE VILLE,6,0.27408536585365856
BEAUNE,MULHOUSE VILLE,7,0.26371951219512196
BEAUNE,MULHOUSE VILLE,8,0.24939024390243902
BEAUNE,MULHOUSE VILLE,9,0.22743902439024388
BEAUNE,MULHOUSE VILLE,10,0.23272727272727273
BEAUNE,MULHOUSE VILLE,11,0.213109756097561
BEAUNE,MULHOUSE VILLE,12,0.18803680981595092
BEAUNE,MULHOUSE VILLE,13,0.18680981595092025
BEAUNE,MULHOUSE VILLE,14,0.18865030674846625
BEAUNE,MULHOUSE VILLE,15,0.18987730061349692
BEAUNE,MULHOUSE VILLE,16,0.19506172839506175
BEAUNE,MULHOUSE VILLE,17,0.2
BEAUNE,MULHOUSE VILLE,18,0.19263803680981595
BEAUNE,MULHOUSE VILLE,19,0.1968944099378882
BEAUNE,MULHOUSE VILLE,20,0.1872670807453416
BEAUNE,MULHOUSE VILLE,21,0.19012345679012346
BEAUNE,MULHOUSE VILLE,22,0.19104938271604938
BEAUNE,MULHOUSE VILLE,23,0.19166666666666668
BEAUNE,MULHOUSE VILLE,24,0.20217391304347823
BEAUNE,MULHOUSE VILLE,25,0.2058641975308642
BEAUNE,MULHOUSE VILLE,26,0.19472049689440996
BEAUNE,MULHOUSE VILLE,27,0.19197530864197532
BEAUNE,MULHOUSE VILLE,28,0.2009259259259259
BEAUNE,MULHOUSE VILLE,29,0.19475308641975309
BEAUNE,MULHOUSE VILLE,30,0.030434782608695653
BEAUNE,NANCY,0,0.44884615384615384
BEAUNE,NANCY,1,0.541923076923077
BEAUNE,NANCY,2,0.6192307692307693
BEAUNE,NANCY,3,0.6130769230769231
BEAUNE,NANCY,4,0.1673076923076923
BEAUNE,NANCY,5,0.1996124031007752
BEAUNE,NANCY,6,0.2283464566929134
BEAUNE,NANCY,7,0.225
BEAUNE,NANCY,8,0.2192913385826772
BEAUNE,NANCY,9,0.1830708661417323
BEAUNE,NANCY,10,0.19140625
BEAUNE,NANCY,11,0.19291338582677164
BEAUNE,NANCY,12,0.19724409448818897
BEAUNE,NANCY,13,0.2078740157480315
BEAUNE,NANCY,14,0.21299212598425196
BEAUNE,NANCY,15,0.2125984251968504
BEAUNE,NANCY,16,0.2146825396825397
BEAUNE,NANCY,17,0.22125984251968506
BEAUNE,NANCY,18,0.21653543307086615
BEAUNE,NANCY,19,0.22119999999999998
BEAUNE,NANCY,20,0.2248
BEAUNE,NANCY,21,0.22857142857142856
BEAUNE,NANCY,22,0.23015873015873015
BEAUNE,NANCY,23,0.23134920634920633
BEAUNE,NANCY,24,0.2464
BEAUNE,NANCY,25,0.24603174603174602
BEAUNE,NANCY,26,0.248
BEAUNE,NANCY,27,0.24642857142857144
BEAUNE,NANCY,28,0.251984126984127
BEAUNE,NANCY,29,0.24563492063492062
BEAUNE,NANCY,30,0.037698412698412696
BEAUNE,STRASBOURG,0,0.5960843373493976
BEAUNE,STRASBOURG,1,0.6709580838323354
BEAUNE,STRASBOURG,2,0.6954819277108434
BEAUNE,STRASBOURG,3,0.6931137724550899
BEAUNE,STRASBOURG,4,0.23892215568862274
BEAUNE,STRASBOURG,5,0.2624242424242424
BEAUNE,STRASBOURG,6,0.275
BEAUNE,STRASBOURG,7,0.2652439024390244
BEAUNE,STRASBOURG,8,0.2570121951219512
BEAUNE,STRASBOURG,9,0.23170731707317074
BEAUNE,STRASBOURG,10,0.2293939393939394
BEAUNE,STRASBOURG,11,0.22225609756097564
BEAUNE,STRASBOURG,12,0.18742331288343558
BEAUNE,STRASBOURG,13,0.18588957055214725
BEAUNE,STRASBOURG,14,0.18834355828220858
BEAUNE,STRASBOURG,15,0.19233128834355828
BEAUNE,STRASBOURG,16,0.19691358024691358
BEAUNE,STRASBOURG,17,0.199079754601227
BEAUNE,STRASBOURG,18,0.19355828220858895
BEAUNE,STRASBOURG,19,0.19409937888198758
BEAUNE,STRASBOURG,20,0.18757763975155278
BEAUNE,STRASBOURG,21,0.19012345679012346
BEAUNE,STRASBOURG,22,0.1904320987654321
BEAUNE,STRASBOURG,23,0.19197530864197532
BEAUNE,STRASBOURG,24,0.2012422360248447
BEAUNE,STRASBOURG,25,0.20617283950617282
BEAUNE,STRASBOURG,26,0.1953416149068323
BEAUNE,STRASBOURG,27,0.19166666666666668
BEAUNE,STRASBOURG,28,0.20030864197530865
BEAUNE,STRASBOURG,29,0.18981481481481483
BEAUNE,STRASBOURG,30,0.034161490683229816
BELFORT MONTBELIARD TGV,COLMAR,0,0.6017182130584192
BELFORT MONTBELIARD TGV,COLMAR,1,0.6378006872852233
BELFORT MONTBELIARD TGV,COLMAR,2,0.6661512027491409
BELFORT MONTBELIARD TGV,COLMAR,3,0.6768041237113401
BELFORT MONTBELIARD TGV,COLMAR,4,0.261472602739726
BELFORT MONTBELIARD TGV,COLMAR,5,0.2548109965635739
BELFORT MONTBELIARD TGV,COLMAR,6,0.26620689655172414
BELFORT MONTBELIARD TGV,COLMAR,7,0.257439446366782
BELFORT MONTBELIARD TGV,COLMAR,8,0.2508680555555556
BELFORT MONTBELIARD TGV,COLMAR,9,0.2508680555555556
BELFORT MONTBELIARD TGV,COLMAR,10,0.25209059233449477
BELFORT MONTBELIARD TGV,COLMAR,11,0.2503484320557491
BELFORT MONTBELIARD TGV,COLMAR,12,0.14160839160839161
BELFORT MONTBELIARD TGV,COLMAR,13,0.13982456140350877
BELFORT MONTBELIARD TGV,COLMAR,14,0.14137323943661972
BELFORT MONTBELIARD TGV,COLMAR,15,0.14982332155477032
BELFORT MONTBELIARD TGV,COLMAR,16,0.15
BELFORT MONTBELIARD TGV,COLMAR,17,0.148576512455516
BELFORT MONTBELIARD TGV,COLMAR,18,0.14448398576512456
BELFORT MONTBELIARD TGV,COLMAR,19,0.14410714285714285
BELFORT MONTBELIARD TGV,COLMAR,20,0.14607142857142857
BELFORT MONTBELIARD TGV,COLMAR,21,0.1467857142857143
BELFORT MONTBELIARD TGV,COLMAR,22,0.14301075268817204
BELFORT MONTBELIARD TGV,COLMAR,23,0.1460573476702509
BELFORT MONTBELIARD TGV,COLMAR,24,0.1528673835125448
BELFORT MONTBELIARD TGV,COLMAR,25,0.1582142857142857
BELFORT MONTBELIARD TGV,COLMAR,26,0.15125448028673835
BELFORT MONTBELIARD TGV,COLMAR,27,0.146415770609319
BELFORT MONTBELIARD TGV,COLMAR,28,0.15250896057347668
BELFORT MONTBELIARD TGV,COLMAR,29,0.14262589928057554
BELFORT MONTBELIARD TGV,COLMAR,30,0.02826086956521739
BELFORT MONTBELIARD TGV,LUXEMBOURG,0,0.5877394636015326
BELFORT MONTBELIARD TGV,LUXEMBOURG,1,0.6074712643678162
BELFORT MONTBELIARD TGV,LUXEMBOURG,2,0.6239463601532567
BELFORT MONTBELIARD TGV,LUXEMBOURG,3,0.6390384615384616
BELFORT MONTBELIARD TGV,LUXEMBOURG,4,0.2751923076923077
BELFORT MONTBELIARD TGV,LUXEMBOURG,5,0.26602316602316606
BELFORT MONTBELIARD TGV,LUXEMBOURG,6,0.274031007751938
BELFORT MONTBELIARD TGV,LUXEMBOURG,7,0.27906976744186046
BELFORT MONTBELIARD TGV,LUXEMBOURG,8,0.2850194552529183
BELFORT MONTBELIARD TGV,LUXEMBOURG,9,0.2966796875
BELFORT MONTBELIARD TGV,LUXEMBOURG,10,0.2988188976377953
BELFORT MONTBELIARD TGV,LUXEMBOURG,11,0.30669291338582677
BELFORT MONTBELIARD TGV,LUXEMBOURG,12,0.10807086614173228
BELFORT MONTBELIARD TGV,LUXEMBOURG,13,0.10118110236220472
BELFORT MONTBELIARD TGV,LUXEMBOURG,14,0.09881422924901186
BELFORT MONTBELIARD TGV,LUXEMBOURG,15,0.0992063492063492
BELFORT MONTBELIARD TGV,LUXEMBOURG,16,0.09702380952380953
BELFORT MONTBELIARD TGV,LUXEMBOURG,17,0.09262948207171315
BELFORT MONTBELIARD TGV,LUXEMBOURG,18,0.09282868525896415
BELFORT MONTBELIARD TGV,LUXEMBOURG,19,0.1004
BELFORT MONTBELIARD TGV,LUXEMBOURG,20,0.1036
BELFORT MONTBELIARD TGV,LUXEMBOURG,21,0.102
BELFORT MONTBELIARD TGV,LUXEMBOURG,22,0.09016064257028113
BELFORT MONTBELIARD TGV,LUXEMBOURG,23,0.09116465863453815
BELFORT MONTBELIARD TGV,LUXEMBOURG,24,0.09618473895582329
BELFORT MONTBELIARD TGV,LUXEMBOURG,25,0.1034
BELFORT MONTBELIARD TGV,LUXEMBOURG,26,0.1056
BELFORT MONTBELIARD TGV,LUXEMBOURG,27,0.10040160642570281
BELFORT MONTBELIARD TGV,LUXEMBOURG,28,0.10361445783132531
BELFORT MONTBELIARD TGV,LUXEMBOURG,29,0.09536290322580644
BELFORT MONTBELIARD TGV,LUXEMBOURG,30,0.01402439024390244
BELFORT MONTBELIARD TGV,METZ VILLE,0,0.6268518518518519
BELFORT MONTBELIARD TGV,METZ VILLE,1,0.6299382716049382
BELFORT MONTBELIARD TGV,METZ VILLE,2,0.6501543209876544
BELFORT MONTBELIARD TGV,METZ VILLE,3,0.6509259259259259
BELFORT MONTBELIARD TGV,METZ VILLE,4,0.2651234567901235
BELFORT MONTBELIARD TGV,METZ VILLE,5,0.25696594427244585
BELFORT MONTBELIARD TGV,METZ VILLE,6,0.266304347826087
BELFORT MONTBELIARD TGV,METZ VILLE,7,0.2680685358255452
BELFORT MONTBELIARD TGV,METZ VILLE,8,0.26171875
BELFORT MONTBELIARD TGV,METZ VILLE,9,0.26875
BELFORT MONTBELIARD TGV,METZ VILLE,10,0.2709119496855346
BELFORT MONTBELIARD TGV,METZ VILLE,11,0.26902515723270437
BELFORT MONTBELIARD TGV,METZ VILLE,12,0.11430817610062893
BELFORT MONTBELIARD TGV,METZ VILLE,13,0.10457413249211356
BELFORT MONTBELIARD TGV,METZ VILLE,14,0.10759493670886076
BELFORT MONTBELIARD TGV,METZ VILLE,15,0.1065079365079365
BELFORT MONTBELIARD TGV,METZ VILLE,16,0.10191082802547771
BELFORT MONTBELIARD TGV,METZ VILLE,17,0.1001592356687898
BELFORT MONTBELIARD TGV,METZ VILLE,18,0.09888178913738019
BELFORT MONTBELIARD TGV,METZ VILLE,19,0.09935897435897435
BELFORT MONTBELIARD TGV,METZ VILLE,20,0.10418006430868167
BELFORT MONTBELIARD TGV,METZ VILLE,21,0.09774193548387097
BELFORT MONTBELIARD TGV,METZ VILLE,22,0.09223300970873786
BELFORT MONTBELIARD TGV,METZ VILLE,23,0.09207119741100324
BELFORT MONTBELIARD TGV,METZ VILLE,24,0.09352750809061489
BELFORT MONTBELIARD TGV,METZ VILLE,25,0.09902597402597403
BELFORT MONTBELIARD TGV,METZ VILLE,26,0.09999999999999999
BELFORT MONTBELIARD TGV,METZ VILLE,27,0.09444444444444444
BELFORT MONTBELIARD TGV,METZ VILLE,28,0.09721311475409836
BELFORT MONTBELIARD TGV,METZ VILLE,29,0.08799342105263158
BELFORT MONTBELIARD TGV,METZ VILLE,30,0.015894039735099338
BELFORT MONTBELIARD TGV,MULHOUSE VILLE,0,0.5330882352941176
BELFORT MONTBELIARD TGV,MULHOUSE VILLE,1,0.5429411764705883
BELFORT MONTBELIARD TGV,MULHOUSE VILLE,2,0.5623529411764705
BELFORT MONTBELIARD TGV,MULHOUSE VILLE,3,0.5470588235294118
BELFORT MONTBELIARD TGV,MULHOUSE VILLE,4,0.21011730205278595
BELFORT MONTBELIARD TGV,MULHOUSE VILLE,5,0.21308823529411766
BELFORT MONTBELIARD TGV,MULHOUSE VILLE,6,0.2303834808259587
BELFORT MONTBELIARD TGV,MULHOUSE VILLE,7,0.23505917159763315
BELFORT MONTBELIARD TGV,MULHOUSE VILLE,8,0.2390207715133531
BELFORT MONTBELIARD TGV,MULHOUSE VILLE,9,0.20578635014836794
BELFORT MONTBELIARD TGV,MULHOUSE VILLE,10,0.18898809523809523
BELFORT MONTBELIARD TGV,MULHOUSE VILLE,11,0.17589285714285716
BELFORT MONTBELIARD TGV,MULHOUSE VILLE,12,0.15074626865671642
BELFORT MONTBELIARD TGV,MULHOUSE VILLE,13,0.1510479041916168
BELFORT MONTBELIARD TGV,MULHOUSE VILLE,14,0.15435435435435435
BELFORT MONTBELIARD TGV,MULHOUSE VILLE,15,0.15828313253012047
BELFORT MONTBELIARD TGV,MULHOUSE VILLE,16,0.15211480362537766
BELFORT MONTBELIARD TGV,MULHOUSE VILLE,17,0.14758308157099698
BELFORT MONTBELIARD TGV,MULHOUSE VILLE,18,0.14577039274924472
BELFORT MONTBELIARD TGV,MULHOUSE VILLE,19,0.15409090909090908
BELFORT MONTBELIARD TGV,MULHOUSE VILLE,20,0.156838905775076
BELFORT MONTBELIARD TGV,MULHOUSE VILLE,21,0.16189024390243903
BELFORT MONTBELIARD TGV,MULHOUSE VILLE,22,0.1610091743119266
BELFORT MONTBELIARD TGV,MULHOUSE VILLE,23,0.16457055214723926
BELFORT MONTBELIARD TGV,MULHOUSE VILLE,24,0.16538461538461538
BELFORT MONTBELIARD TGV,MULHOUSE VILLE,25,0.16219135802469134
BELFORT MONTBELIARD TGV,MULHOUSE VILLE,26,0.15990712074303406
BELFORT MONTBELIARD TGV,MULHOUSE VILLE,27,0.15854037267080745
BELFORT MONTBELIARD TGV,MULHOUSE VILLE,28,0.1616822429906542
BELFORT MONTBELIARD TGV,MULHOUSE VILLE,29,0.15203125
BELFORT MONTBELIARD TGV,MULHOUSE VILLE,30,0.03380503144654088
BELFORT MONTBELIARD TGV,NANCY,0,0.46691729323308273
BELFORT MONTBELIARD TGV,NANCY,1,0.5484962406015038
BELFORT MONTBELIARD TGV,NANCY,2,0.6109022556390977
BELFORT MONTBELIARD TGV,NANCY,3,0.6112781954887218
BELFORT MONTBELIARD TGV,NANCY,4,0.181203007518797
BELFORT MONTBELIARD TGV,NANCY,5,0.2090909090909091
BELFORT MONTBELIARD TGV,NANCY,6,0.2230769230769231
BELFORT MONTBELIARD TGV,NANCY,7,0.2183206106870229
BELFORT MONTBELIARD TGV,NANCY,8,0.21307692307692308
BELFORT MONTBELIARD TGV,NANCY,9,0.18653846153846154
BELFORT MONTBELIARD TGV,NANCY,10,0.18740458015267175
BELFORT MONTBELIARD TGV,NANCY,11,0.18692307692307694
BELFORT MONTBELIARD TGV,NANCY,12,0.19807692307692307
BELFORT MONTBELIARD TGV,NANCY,13,0.205
BELFORT MONTBELIARD TGV,NANCY,14,0.20807692307692308
BELFORT MONTBELIARD TGV,NANCY,15,0.20923076923076922
BELFORT MONTBELIARD TGV,NANCY,16,0.20930232558139536
BELFORT MONTBELIARD TGV,NANCY,17,0.215
BELFORT MONTBELIARD TGV,NANCY,18,0.21
BELFORT MONTBELIARD TGV,NANCY,19,0.21875
BELFORT MONTBELIARD TGV,NANCY,20,0.2203125
BELFORT MONTBELIARD TGV,NANCY,21,0.2248062015503876
BELFORT MONTBELIARD TGV,NANCY,22,0.2248062015503876
BELFORT MONTBELIARD TGV,NANCY,23,0.22441860465116278
BELFORT MONTBELIARD TGV,NANCY,24,0.23984375
BELFORT MONTBELIARD TGV,NANCY,25,0.23992248062015503
BELFORT MONTBELIARD TGV,NANCY,26,0.241796875
BELFORT MONTBELIARD TGV,NANCY,27,0.24069767441860465
BELFORT MONTBELIARD TGV,NANCY,28,0.24767441860465117
BELFORT MONTBELIARD TGV,NANCY,29,0.2375968992248062
BELFORT MONTBELIARD TGV,NANCY,30,0.03992248062015504
BELFORT MONTBELIARD TGV,STRASBOURG,0,0.6697058823529412
BELFORT MONTBELIARD TGV,STRASBOURG,1,0.6854411764705882
BELFORT MONTBELIARD TGV,STRASBOURG,2,0.7072058823529411
BELFORT MONTBELIARD TGV,STRASBOURG,3,0.7147058823529412
BELFORT MONTBELIARD TGV,STRASBOURG,4,0.3724340175953079
BELFORT MONTBELIARD TGV,STRASBOURG,5,0.3745588235294117
BELFORT MONTBELIARD TGV,STRASBOURG,6,0.3823008849557522
BELFORT MONTBELIARD TGV,STRASBOURG,7,0.3642011834319526
BELFORT MONTBELIARD TGV,STRASBOURG,8,0.35296735905044513
BELFORT MONTBELIARD TGV,STRASBOURG,9,0.3572700296735905
BELFORT MONTBELIARD TGV,STRASBOURG,10,0.3569940476190476
BELFORT MONTBELIARD TGV,STRASBOURG,11,0.3430059523809524
BELFORT MONTBELIARD TGV,STRASBOURG,12,0.22194029850746266
BELFORT MONTBELIARD TGV,STRASBOURG,13,0.21751497005988027
BELFORT MONTBELIARD TGV,STRASBOURG,14,0.22357357357357358
BELFORT MONTBELIARD TGV,STRASBOURG,15,0.22816265060240964
BELFORT MONTBELIARD TGV,STRASBOURG,16,0.2268882175226586
BELFORT MONTBELIARD TGV,STRASBOURG,17,0.2217522658610272
BELFORT MONTBELIARD TGV,STRASBOURG,18,0.21435045317220544
BELFORT MONTBELIARD TGV,STRASBOURG,19,0.21545454545454543
BELFORT MONTBELIARD TGV,STRASBOURG,20,0.20790273556231004
BELFORT MONTBELIARD TGV,STRASBOURG,21,0.2041158536585366
BELFORT MONTBELIARD TGV,STRASBOURG,22,0.1970948012232416
BELFORT MONTBELIARD TGV,STRASBOURG,23,0.19585889570552148
BELFORT MONTBELIARD TGV,STRASBOURG,24,0.19923076923076924
BELFORT MONTBELIARD TGV,STRASBOURG,25,0.20200617283950617
BELFORT MONTBELIARD TGV,STRASBOURG,26,0.19891640866873064
BELFORT MONTBELIARD TGV,STRASBOURG,27,0.18788819875776397
BELFORT MONTBELIARD TGV,STRASBOURG,28,0.19080996884735202
BELFORT MONTBELIARD TGV,STRASBOURG,29,0.174375
BELFORT MONTBELIARD TGV,STRASBOURG,30,0.03459119496855346
BELFORT MONTBELIARD TGV,THIONVILLE,0,0.5976588628762541
BELFORT MONTBELIARD TGV,THIONVILLE,1,0.6096989966555184
BELFORT MONTBELIARD TGV,THIONVILLE,2,0.6270903010033445
BELFORT MONTBELIARD TGV,THIONVILLE,3,0.6263422818791946
BELFORT MONTBELIARD TGV,THIONVILLE,4,0.24446308724832214
BELFORT MONTBELIARD TGV,THIONVILLE,5,0.2336700336700337
BELFORT MONTBELIARD TGV,THIONVILLE,6,0.24206081081081082
BELFORT MONTBELIARD TGV,THIONVILLE,7,0.2481418918918919
BELFORT MONTBELIARD TGV,THIONVILLE,8,0.24694915254237287
BELFORT MONTBELIARD TGV,THIONVILLE,9,0.25799319727891157
BELFORT MONTBELIARD TGV,THIONVILLE,10,0.2648972602739726
BELFORT MONTBELIARD TGV,THIONVILLE,11,0.2599315068493151
BELFORT MONTBELIARD TGV,THIONVILLE,12,0.09554794520547945
BELFORT MONTBELIARD TGV,THIONVILLE,13,0.08544520547945206
BELFORT MONTBELIARD TGV,THIONVILLE,14,0.08505154639175258
BELFORT MONTBELIARD TGV,THIONVILLE,15,0.08499999999999999
BELFORT MONTBELIARD TGV,THIONVILLE,16,0.08293103448275863
BELFORT MONTBELIARD TGV,THIONVILLE,17,0.07923875432525951
BELFORT MONTBELIARD TGV,THIONVILLE,18,0.07941176470588235
BELFORT MONTBELIARD TGV,THIONVILLE,19,0.08645833333333333
BELFORT MONTBELIARD TGV,THIONVILLE,20,0.0876736111111111
BELFORT MONTBELIARD TGV,THIONVILLE,21,0.08611111111111111
BELFORT MONTBELIARD TGV,THIONVILLE,22,0.07909407665505226
BELFORT MONTBELIARD TGV,THIONVILLE,23,0.07979094076655052
BELFORT MONTBELIARD TGV,THIONVILLE,24,0.08362369337979095
BELFORT MONTBELIARD TGV,THIONVILLE,25,0.09114583333333333
BELFORT MONTBELIARD TGV,THIONVILLE,26,0.09340277777777778
BELFORT MONTBELIARD TGV,THIONVILLE,27,0.08745644599303136
BELFORT MONTBELIARD TGV,THIONVILLE,28,0.08989547038327526
BELFORT MONTBELIARD TGV,THIONVILLE,29,0.0805944055944056
BELFORT MONTBELIARD TGV,THIONVILLE,30,0.015316901408450703
BESANCON FRANCHE COMTE TGV,BELFORT MONTBELIARD TGV,0,0.5172058823529412
BESANCON FRANCHE COMTE TGV,BELFORT MONTBELIARD TGV,1,0.5295588235294117
BESANCON FRANCHE COMTE TGV,BELFORT MONTBELIARD TGV,2,0.5448529411764705
BESANCON FRANCHE COMTE TGV,BELFORT MONTBELIARD TGV,3,0.531764705882353
BESANCON FRANCHE COMTE TGV,BELFORT MONTBELIARD TGV,4,0.20263929618768325
BESANCON FRANCHE COMTE TGV,BELFORT MONTBELIARD TGV,5,0.20647058823529413
BESANCON FRANCHE COMTE TGV,BELFORT MONTBELIARD TGV,6,0.22123893805309736
BESANCON FRANCHE COMTE TGV,BELFORT MONTBELIARD TGV,7,0.23121301775147932
BESANCON FRANCHE COMTE TGV,BELFORT MONTBELIARD TGV,8,0.23694362017804152
BESANCON FRANCHE COMTE TGV,BELFORT MONTBELIARD TGV,9,0.20489614243323442
BESANCON FRANCHE COMTE TGV,BELFORT MONTBELIARD TGV,10,0.18779761904761905
BESANCON FRANCHE COMTE TGV,BELFORT MONTBELIARD TGV,11,0.1683035714285714
BESANCON FRANCHE COMTE TGV,BELFORT MONTBELIARD TGV,12,0.14537313432835822
BESANCON FRANCHE COMTE TGV,BELFORT MONTBELIARD TGV,13,0.14610778443113773
BESANCON FRANCHE COMTE TGV,BELFORT MONTBELIARD TGV,14,0.14774774774774777
BESANCON FRANCHE COMTE TGV,BELFORT MONTBELIARD TGV,15,0.15105421686746986
BESANCON FRANCHE COMTE TGV,BELFORT MONTBELIARD TGV,16,0.14864048338368582
BESANCON FRANCHE COMTE TGV,BELFORT MONTBELIARD TGV,17,0.1472809667673716
BESANCON FRANCHE COMTE TGV,BELFORT MONTBELIARD TGV,18,0.14395770392749244
BESANCON FRANCHE COMTE TGV,BELFORT MONTBELIARD TGV,19,0.15075757575757576
BESANCON FRANCHE COMTE TGV,BELFORT MONTBELIARD TGV,20,0.15455927051671733
BESANCON FRANCHE COMTE TGV,BELFORT MONTBELIARD TGV,21,0.1576219512195122
BESANCON FRANCHE COMTE TGV,BELFORT MONTBELIARD TGV,22,0.1555045871559633
BESANCON FRANCHE COMTE TGV,BELFORT MONTBELIARD TGV,23,0.15521472392638036
BESANCON FRANCHE COMTE TGV,BELFORT MONTBELIARD TGV,24,0.15538461538461537
BESANCON FRANCHE COMTE TGV,BELFORT MONTBELIARD TGV,25,0.15262345679012346
BESANCON FRANCHE COMTE TGV,BELFORT MONTBELIARD TGV,26,0.15108359133126933
BESANCON FRANCHE COMTE TGV,BELFORT MONTBELIARD TGV,27,0.14906832298136646
BESANCON FRANCHE COMTE TGV,BELFORT MONTBELIARD TGV,28,0.15311526479750778
BESANCON FRANCHE COMTE TGV,BELFORT MONTBELIARD TGV,29,0.14656249999999998
BESANCON FRANCHE COMTE TGV,BELFORT MONTBELIARD TGV,30,0.029874213836477988
BESANCON FRANCHE COMTE TGV,COLMAR,0,0.5881443298969072
BESANCON FRANCHE COMTE TGV,COLMAR,1,0.622852233676976
BESANCON FRANCHE COMTE TGV,COLMAR,2,0.6582474226804124
BESANCON FRANCHE COMTE TGV,COLMAR,3,0.6707903780068728
BESANCON FRANCHE COMTE TGV,COLMAR,4,0.2590753424657534
BESANCON FRANCHE COMTE TGV,COLMAR,5,0.25034364261168385
BESANCON FRANCHE COMTE TGV,COLMAR,6,0.2591379310344828
BESANCON FRANCHE COMTE TGV,COLMAR,7,0.2544982698961938
BESANCON FRANCHE COMTE TGV,COLMAR,8,0.25069444444444444
BESANCON FRANCHE COMTE TGV,COLMAR,9,0.2456597222222222
BESANCON FRANCHE COMTE TGV,COLMAR,10,0.24337979094076653
BESANCON FRANCHE COMTE TGV,COLMAR,11,0.24268292682926831
BESANCON FRANCHE COMTE TGV,COLMAR,12,0.13653846153846153
BESANCON FRANCHE COMTE TGV,COLMAR,13,0.1343859649122807
BESANCON FRANCHE COMTE TGV,COLMAR,14,0.1341549295774648
BESANCON FRANCHE COMTE TGV,COLMAR,15,0.142226148409894
BESANCON FRANCHE COMTE TGV,COLMAR,16,0.14716312056737588
BESANCON FRANCHE COMTE TGV,COLMAR,17,0.1469750889679715
BESANCON FRANCHE COMTE TGV,COLMAR,18,0.14359430604982207
BESANCON FRANCHE COMTE TGV,COLMAR,19,0.14267857142857143
BESANCON FRANCHE COMTE TGV,COLMAR,20,0.14285714285714285
BESANCON FRANCHE COMTE TGV,COLMAR,21,0.14035714285714285
BESANCON FRANCHE COMTE TGV,COLMAR,22,0.13548387096774192
BESANCON FRANCHE COMTE TGV,COLMAR,23,0.13620071684587814
BESANCON FRANCHE COMTE TGV,COLMAR,24,0.1431899641577061
BESANCON FRANCHE COMTE TGV,COLMAR,25,0.14696428571428571
BESANCON FRANCHE COMTE TGV,COLMAR,26,0.14157706093189965
BESANCON FRANCHE COMTE TGV,COLMAR,27,0.13620071684587814
BESANCON FRANCHE COMTE TGV,COLMAR,28,0.14480286738351253
BESANCON FRANCHE COMTE TGV,COLMAR,29,0.13633093525179857
BESANCON FRANCHE COMTE TGV,COLMAR,30,0.023007246376811594
BESANCON FRANCHE COMTE TGV,LUXEMBOURG,0,0.5909961685823755
BESANCON FRANCHE COMTE TGV,LUXEMBOURG,1,0.6015325670498084
BESANCON FRANCHE COMTE TGV,LUXEMBOURG,2,0.621264367816092
BESANCON FRANCHE COMTE TGV,LUXEMBOURG,3,0.6369230769230769
BESANCON FRANCHE COMTE TGV,LUXEMBOURG,4,0.27307692307692305
BESANCON FRANCHE COMTE TGV,LUXEMBOURG,5,0.2617760617760618
BESANCON FRANCHE COMTE TGV,LUXEMBOURG,6,0.274031007751938
BESANCON FRANCHE COMTE TGV,LUXEMBOURG,7,0.2833333333333333
BESANCON FRANCHE COMTE TGV,LUXEMBOURG,8,0.2846303501945526
BESANCON FRANCHE COMTE TGV,LUXEMBOURG,9,0.300390625
BESANCON FRANCHE COMTE TGV,LUXEMBOURG,10,0.2984251968503937
BESANCON FRANCHE COMTE TGV,LUXEMBOURG,11,0.3
BESANCON FRANCHE COMTE TGV,LUXEMBOURG,12,0.10787401574803149
BESANCON FRANCHE COMTE TGV,LUXEMBOURG,13,0.10059055118110237
BESANCON FRANCHE COMTE TGV,LUXEMBOURG,14,0.09980237154150198
BESANCON FRANCHE COMTE TGV,LUXEMBOURG,15,0.0988095238095238
BESANCON FRANCHE COMTE TGV,LUXEMBOURG,16,0.09722222222222222
BESANCON FRANCHE COMTE TGV,LUXEMBOURG,17,0.09223107569721115
BESANCON FRANCHE COMTE TGV,LUXEMBOURG,18,0.09123505976095617
BESANCON FRANCHE COMTE TGV,LUXEMBOURG,19,0.0986
BESANCON FRANCHE COMTE TGV,LUXEMBOURG,20,0.1028
BESANCON FRANCHE COMTE TGV,LUXEMBOURG,21,0.0996
BESANCON FRANCHE COMTE TGV,LUXEMBOURG,22,0.09136546184738956
BESANCON FRANCHE COMTE TGV,LUXEMBOURG,23,0.092570281124498
BESANCON FRANCHE COMTE TGV,LUXEMBOURG,24,0.09698795180722891
BESANCON FRANCHE COMTE TGV,LUXEMBOURG,25,0.1042
BESANCON FRANCHE COMTE TGV,LUXEMBOURG,26,0.106
BESANCON FRANCHE COMTE TGV,LUXEMBOURG,27,0.10040160642570281
BESANCON FRANCHE COMTE TGV,LUXEMBOURG,28,0.10361445783132531
BESANCON FRANCHE COMTE TGV,LUXEMBOURG,29,0.09516129032258065
BESANCON FRANCHE COMTE TGV,LUXEMBOURG,30,0.01788617886178862
BESANCON FRANCHE COMTE TGV,METZ VILLE,0,0.6126543209876543
BESANCON FRANCHE COMTE TGV,METZ VILLE,1,0.6188271604938271
BESANCON FRANCHE COMTE TGV,METZ VILLE,2,0.6371913580246913
BESANCON FRANCHE COMTE TGV,METZ VILLE,3,0.6422839506172839
BESANCON FRANCHE COMTE TGV,METZ VILLE,4,0.26141975308641974
BESANCON FRANCHE COMTE TGV,METZ VILLE,5,0.25247678018575853
BESANCON FRANCHE COMTE TGV,METZ VILLE,6,0.2579192546583851
BESANCON FRANCHE COMTE TGV,METZ VILLE,7,0.2660436137071651
BESANCON FRANCHE COMTE TGV,METZ VILLE,8,0.26203125
BESANCON FRANCHE COMTE TGV,METZ VILLE,9,0.26453125
BESANCON FRANCHE COMTE TGV,METZ VILLE,10,0.26273584905660374
BESANCON FRANCHE COMTE TGV,METZ VILLE,11,0.2647798742138365
BESANCON FRANCHE COMTE TGV,METZ VILLE,12,0.11257861635220125
BESANCON FRANCHE COMTE TGV,METZ VILLE,13,0.10173501577287067
BESANCON FRANCHE COMTE TGV,METZ VILLE,14,0.09889240506329114
BESANCON FRANCHE COMTE TGV,METZ VILLE,15,0.10063492063492063
BESANCON FRANCHE COMTE TGV,METZ VILLE,16,0.0984076433121019
BESANCON FRANCHE COMTE TGV,METZ VILLE,17,0.09872611464968153
BESANCON FRANCHE COMTE TGV,METZ VILLE,18,0.09456869009584665
BESANCON FRANCHE COMTE TGV,METZ VILLE,19,0.0985576923076923
BESANCON FRANCHE COMTE TGV,METZ VILLE,20,0.09871382636655948
BESANCON FRANCHE COMTE TGV,METZ VILLE,21,0.09209677419354839
BESANCON FRANCHE COMTE TGV,METZ VILLE,22,0.08462783171521035
BESANCON FRANCHE COMTE TGV,METZ VILLE,23,0.08398058252427185
BESANCON FRANCHE COMTE TGV,METZ VILLE,24,0.08462783171521035
BESANCON FRANCHE COMTE TGV,METZ VILLE,25,0.09107142857142857
BESANCON FRANCHE COMTE TGV,METZ VILLE,26,0.09039087947882736
BESANCON FRANCHE COMTE TGV,METZ VILLE,27,0.08464052287581698
BESANCON FRANCHE COMTE TGV,METZ VILLE,28,0.08704918032786886
BESANCON FRANCHE COMTE TGV,METZ VILLE,29,0.08125
BESANCON FRANCHE COMTE TGV,METZ VILLE,30,0.013079470198675497
BESANCON FRANCHE COMTE TGV,MULHOUSE VILLE,0,0.518235294117647
BESANCON FRANCHE COMTE TGV,MULHOUSE VILLE,1,0.5311764705882352
BESANCON FRANCHE COMTE TGV,MULHOUSE VILLE,2,0.5472058823529412
BESANCON FRANCHE COMTE TGV,MULHOUSE VILLE,3,0.5375
BESANCON FRANCHE COMTE TGV,MULHOUSE VILLE,4,0.2011730205278592
BESANCON FRANCHE COMTE TGV,MULHOUSE VILLE,5,0.20308823529411762
BESANCON FRANCHE COMTE TGV,MULHOUSE VILLE,6,0.221976401179941
BESANCON FRANCHE COMTE TGV,MULHOUSE VILLE,7,0.23298816568047337
BESANCON FRANCHE COMTE TGV,MULHOUSE VILLE,8,0.23694362017804152
BESANCON FRANCHE COMTE TGV,MULHOUSE VILLE,9,0.20548961424332343
BESANCON FRANCHE COMTE TGV,MULHOUSE VILLE,10,0.1869047619047619
BESANCON FRANCHE COMTE TGV,MULHOUSE VILLE,11,0.16785714285714284
BESANCON FRANCHE COMTE TGV,MULHOUSE VILLE,12,0.14537313432835822
BESANCON FRANCHE COMTE TGV,MULHOUSE VILLE,13,0.14550898203592816
BESANCON FRANCHE COMTE TGV,MULHOUSE VILLE,14,0.1478978978978979
BESANCON FRANCHE COMTE TGV,MULHOUSE VILLE,15,0.1522590361445783
BESANCON FRANCHE COMTE TGV,MULHOUSE VILLE,16,0.14818731117824774
BESANCON FRANCHE COMTE TGV,MULHOUSE VILLE,17,0.1472809667673716
BESANCON FRANCHE COMTE TGV,MULHOUSE VILLE,18,0.14350453172205438
BESANCON FRANCHE COMTE TGV,MULHOUSE VILLE,19,0.15227272727272728
BESANCON FRANCHE COMTE TGV,MULHOUSE VILLE,20,0.15531914893617021
BESANCON FRANCHE COMTE TGV,MULHOUSE VILLE,21,0.15701219512195122
BESANCON FRANCHE COMTE TGV,MULHOUSE VILLE,22,0.15565749235474005
BESANCON FRANCHE COMTE TGV,MULHOUSE VILLE,23,0.15521472392638036
BESANCON FRANCHE COMTE TGV,MULHOUSE VILLE,24,0.15569230769230769
BESANCON FRANCHE COMTE TGV,MULHOUSE VILLE,25,0.15324074074074073
BESANCON FRANCHE COMTE TGV,MULHOUSE VILLE,26,0.15154798761609908
BESANCON FRANCHE COMTE TGV,MULHOUSE VILLE,27,0.14968944099378884
BESANCON FRANCHE COMTE TGV,MULHOUSE VILLE,28,0.1529595015576324
BESANCON FRANCHE COMTE TGV,MULHOUSE VILLE,29,0.143125
BESANCON FRANCHE COMTE TGV,MULHOUSE VILLE,30,0.027044025157232702
BESANCON FRANCHE COMTE TGV,NANCY,0,0.46879699248120305
BESANCON FRANCHE COMTE TGV,NANCY,1,0.543609022556391
BESANCON FRANCHE COMTE TGV,NANCY,2,0.612406015037594
BESANCON FRANCHE COMTE TGV,NANCY,3,0.5977443609022557
BESANCON FRANCHE COMTE TGV,NANCY,4,0.17669172932330826
BESANCON FRANCHE COMTE TGV,NANCY,5,0.2087121212121212
BESANCON FRANCHE COMTE TGV,NANCY,6,0.22615384615384615
BESANCON FRANCHE COMTE TGV,NANCY,7,0.2221374045801527
BESANCON FRANCHE COMTE TGV,NANCY,8,0.21423076923076925
BESANCON FRANCHE COMTE TGV,NANCY,9,0.18461538461538463
BESANCON FRANCHE COMTE TGV,NANCY,10,0.19083969465648856
BESANCON FRANCHE COMTE TGV,NANCY,11,0.19
BESANCON FRANCHE COMTE TGV,NANCY,12,0.1976923076923077
BESANCON FRANCHE COMTE TGV,NANCY,13,0.20423076923076924
BESANCON FRANCHE COMTE TGV,NANCY,14,0.20576923076923076
BESANCON FRANCHE COMTE TGV,NANCY,15,0.2073076923076923
BESANCON FRANCHE COMTE TGV,NANCY,16,0.20968992248062016
BESANCON FRANCHE COMTE TGV,NANCY,17,0.21384615384615385
BESANCON FRANCHE COMTE TGV,NANCY,18,0.2076923076923077
BESANCON FRANCHE COMTE TGV,NANCY,19,0.217578125
BESANCON FRANCHE COMTE TGV,NANCY,20,0.217578125
BESANCON FRANCHE COMTE TGV,NANCY,21,0.22325581395348837
BESANCON FRANCHE COMTE TGV,NANCY,22,0.22403100775193796
BESANCON FRANCHE COMTE TGV,NANCY,23,0.22635658914728682
BESANCON FRANCHE COMTE TGV,NANCY,24,0.240625
BESANCON FRANCHE COMTE TGV,NANCY,25,0.2395348837209302
BESANCON FRANCHE COMTE TGV,NANCY,26,0.24140625
BESANCON FRANCHE COMTE TGV,NANCY,27,0.23914728682170544
BESANCON FRANCHE COMTE TGV,NANCY,28,0.2441860465116279
BESANCON FRANCHE COMTE TGV,NANCY,29,0.24031007751937986
BESANCON FRANCHE COMTE TGV,NANCY,30,0.044573643410852716
BESANCON FRANCHE COMTE TGV,STRASBOURG,0,0.6576470588235294
BESANCON FRANCHE COMTE TGV,STRASBOURG,1,0.6763235294117647
BESANCON FRANCHE COMTE TGV,STRASBOURG,2,0.6985294117647058
BESANCON FRANCHE COMTE TGV,STRASBOURG,3,0.7166176470588236
BESANCON FRANCHE COMTE TGV,STRASBOURG,4,0.36950146627565983
BESANCON FRANCHE COMTE TGV,STRASBOURG,5,0.3679411764705882
BESANCON FRANCHE COMTE TGV,STRASBOURG,6,0.365929203539823
BESANCON FRANCHE COMTE TGV,STRASBOURG,7,0.35872781065088755
BESANCON FRANCHE COMTE TGV,STRASBOURG,8,0.3519287833827893
BESANCON FRANCHE COMTE TGV,STRASBOURG,9,0.3540059347181009
BESANCON FRANCHE COMTE TGV,STRASBOURG,10,0.34940476190476194
BESANCON FRANCHE COMTE TGV,STRASBOURG,11,0.3330357142857143
BESANCON FRANCHE COMTE TGV,STRASBOURG,12,0.22238805970149253
BESANCON FRANCHE COMTE TGV,STRASBOURG,13,0.21437125748502991
BESANCON FRANCHE COMTE TGV,STRASBOURG,14,0.21756756756756757
BESANCON FRANCHE COMTE TGV,STRASBOURG,15,0.2227409638554217
BESANCON FRANCHE COMTE TGV,STRASBOURG,16,0.2200906344410876
BESANCON FRANCHE COMTE TGV,STRASBOURG,17,0.21873111782477342
BESANCON FRANCHE COMTE TGV,STRASBOURG,18,0.21117824773413899
BESANCON FRANCHE COMTE TGV,STRASBOURG,19,0.21
BESANCON FRANCHE COMTE TGV,STRASBOURG,20,0.20623100303951367
BESANCON FRANCHE COMTE TGV,STRASBOURG,21,0.1989329268292683
BESANCON FRANCHE COMTE TGV,STRASBOURG,22,0.18899082568807338
BESANCON FRANCHE COMTE TGV,STRASBOURG,23,0.18711656441717792
BESANCON FRANCHE COMTE TGV,STRASBOURG,24,0.19030769230769232
BESANCON FRANCHE COMTE TGV,STRASBOURG,25,0.1933641975308642
BESANCON FRANCHE COMTE TGV,STRASBOURG,26,0.19040247678018576
BESANCON FRANCHE COMTE TGV,STRASBOURG,27,0.17903726708074533
BESANCON FRANCHE COMTE TGV,STRASBOURG,28,0.18115264797507788
BESANCON FRANCHE COMTE TGV,STRASBOURG,29,0.16765625
BESANCON FRANCHE COMTE TGV,STRASBOURG,30,0.035849056603773584
BESANCON FRANCHE COMTE TGV,THIONVILLE,0,0.5996655518394649
BESANCON FRANCHE COMTE TGV,THIONVILLE,1,0.6108695652173913
BESANCON FRANCHE COMTE TGV,THIONVILLE,2,0.6237458193979933
BESANCON FRANCHE COMTE TGV,THIONVILLE,3,0.6197986577181208
BESANCON FRANCHE COMTE TGV,THIONVILLE,4,0.2429530201342282
BESANCON FRANCHE COMTE TGV,THIONVILLE,5,0.23333333333333334
BESANCON FRANCHE COMTE TGV,THIONVILLE,6,0.24763513513513513
BESANCON FRANCHE COMTE TGV,THIONVILLE,7,0.25574324324324327
BESANCON FRANCHE COMTE TGV,THIONVILLE,8,0.24932203389830507
BESANCON FRANCHE COMTE TGV,THIONVILLE,9,0.2574829931972789
BESANCON FRANCHE COMTE TGV,THIONVILLE,10,0.2611301369863014
BESANCON FRANCHE COMTE TGV,THIONVILLE,11,0.2640410958904109
BESANCON FRANCHE COMTE TGV,THIONVILLE,12,0.09143835616438356
BESANCON FRANCHE COMTE TGV,THIONVILLE,13,0.08561643835616438
BESANCON FRANCHE COMTE TGV,THIONVILLE,14,0.0852233676975945
BESANCON FRANCHE COMTE TGV,THIONVILLE,15,0.08551724137931034
BESANCON FRANCHE COMTE TGV,THIONVILLE,16,0.08344827586206896
BESANCON FRANCHE COMTE TGV,THIONVILLE,17,0.07958477508650519
BESANCON FRANCHE COMTE TGV,THIONVILLE,18,0.07958477508650519
BESANCON FRANCHE COMTE TGV,THIONVILLE,19,0.08732638888888888
BESANCON FRANCHE COMTE TGV,THIONVILLE,20,0.08975694444444444
BESANCON FRANCHE COMTE TGV,THIONVILLE,21,0.0876736111111111
BESANCON FRANCHE COMTE TGV,THIONVILLE,22,0.07804878048780488
BESANCON FRANCHE COMTE TGV,THIONVILLE,23,0.07979094076655052
BESANCON FRANCHE COMTE TGV,THIONVILLE,24,0.0848432055749129
BESANCON FRANCHE COMTE TGV,THIONVILLE,25,0.08993055555555556
BESANCON FRANCHE COMTE TGV,THIONVILLE,26,0.09045138888888889
BESANCON FRANCHE COMTE TGV,THIONVILLE,27,0.08728222996515679
BESANCON FRANCHE COMTE TGV,THIONVILLE,28,0.08954703832752613
BESANCON FRANCHE COMTE TGV,THIONVILLE,29,0.08129370629370629
BESANCON FRANCHE COMTE TGV,THIONVILLE,30,0.015669014084507042
BEZIERS,BELFORT MONTBELIARD TGV,0,0.39999999999999997
BEZIERS,BELFORT MONTBELIARD TGV,1,0.3333333333333333
BEZIERS,BELFORT MONTBELIARD TGV,2,0.049999999999999996
BEZIERS,BELFORT MONTBELIARD TGV,3,0.26666666666666666
BEZIERS,BELFORT MONTBELIARD TGV,4,0.0
BEZIERS,BELFORT MONTBELIARD TGV,5,0.0
BEZIERS,BELFORT MONTBELIARD TGV,6,0.0
BEZIERS,BELFORT MONTBELIARD TGV,7,0.0
BEZIERS,BELFORT MONTBELIARD TGV,8,0.016666666666666666
BEZIERS,BELFORT MONTBELIARD TGV,9,0.03333333333333333
BEZIERS,BELFORT MONTBELIARD TGV,10,0.03333333333333333
BEZIERS,BELFORT MONTBELIARD TGV,11,0.016666666666666666
BEZIERS,BELFORT MONTBELIARD TGV,12,0.0
BEZIERS,BELFORT MONTBELIARD TGV,13,0.0
BEZIERS,BELFORT MONTBELIARD TGV,14,0.0
BEZIERS,BELFORT MONTBELIARD TGV,15,0.0
BEZIERS,BELFORT MONTBELIARD TGV,16,0.0
BEZIERS,BELFORT MONTBELIARD TGV,17,0.0
BEZIERS,BELFORT MONTBELIARD TGV,18,0.0
BEZIERS,BELFORT MONTBELIARD TGV,19,0.0
BEZIERS,BELFORT MONTBELIARD TGV,20,0.0
BEZIERS,BELFORT MONTBELIARD TGV,21,0.0
BEZIERS,BELFORT MONTBELIARD TGV,22,0.0
BEZIERS,BELFORT MONTBELIARD TGV,23,0.0
BEZIERS,BELFORT MONTBELIARD TGV,24,0.0
BEZIERS,BELFORT MONTBELIARD TGV,25,0.0
BEZIERS,BELFORT MONTBELIARD TGV,26,0.0
BEZIERS,BELFORT MONTBELIARD TGV,27,0.0
BEZIERS,BELFORT MONTBELIARD TGV,28,0.0
BEZIERS,BELFORT MONTBELIARD TGV,29,0.0
BEZIERS,BELFORT MONTBELIARD TGV,30,0.0
BEZIERS,BESANCON FRANCHE COMTE TGV,0,0.3833333333333333
BEZIERS,BESANCON FRANCHE COMTE TGV,1,0.31666666666666665
BEZIERS,BESANCON FRANCHE COMTE TGV,2,0.06666666666666667
BEZIERS,BESANCON FRANCHE COMTE TGV,3,0.3333333333333333
BEZIERS,BESANCON FRANCHE COMTE TGV,4,0.0
BEZIERS,BESANCON FRANCHE COMTE TGV,5,0.0
BEZIERS,BESANCON FRANCHE COMTE TGV,6,0.0
BEZIERS,BESANCON FRANCHE COMTE TGV,7,0.0
BEZIERS,BESANCON FRANCHE COMTE TGV,8,0.0
BEZIERS,BESANCON FRANCHE COMTE TGV,9,0.0
BEZIERS,BESANCON FRANCHE COMTE TGV,10,0.0
BEZIERS,BESANCON FRANCHE COMTE TGV,11,0.0
BEZIERS,BESANCON FRANCHE COMTE TGV,12,0.0
BEZIERS,BESANCON FRANCHE COMTE TGV,13,0.0
BEZIERS,BESANCON FRANCHE COMTE TGV,14,0.0
BEZIERS,BESANCON FRANCHE COMTE TGV,15,0.0
BEZIERS,BESANCON FRANCHE COMTE TGV,16,0.0
BEZIERS,BESANCON FRANCHE COMTE TGV,17,0.0
BEZIERS,BESANCON FRANCHE COMTE TGV,18,0.0
BEZIERS,BESANCON FRANCHE COMTE TGV,19,0.0
BEZIERS,BESANCON FRANCHE COMTE TGV,20,0.0
BEZIERS,BESANCON FRANCHE COMTE TGV,21,0.0
BEZIERS,BESANCON FRANCHE COMTE TGV,22,0.0
BEZIERS,BESANCON FRANCHE COMTE TGV,23,0.0
BEZIERS,BESANCON FRANCHE COMTE TGV,24,0.0
BEZIERS,BESANCON FRANCHE COMTE TGV,25,0.0
BEZIERS,BESANCON FRANCHE COMTE TGV,26,0.0
BEZIERS,BESANCON FRANCHE COMTE TGV,27,0.0
BEZIERS,BESANCON FRANCHE COMTE TGV,28,0.0
BEZIERS,BESANCON FRANCHE COMTE TGV,29,0.0
BEZIERS,BESANCON FRANCHE COMTE TGV,30,0.0
BEZIERS,CHALON SUR SAONE,0,0.31666666666666665
BEZIERS,CHALON SUR SAONE,1,0.3166666666666667
BEZIERS,CHALON SUR SAONE,2,0.06666666666666667
BEZIERS,CHALON SUR SAONE,3,0.3
BEZIERS,CHALON SUR SAONE,4,0.0
BEZIERS,CHALON SUR SAONE,5,0.0
BEZIERS,CHALON SUR SAONE,6,0.0
BEZIERS,CHALON SUR SAONE,7,0.0
BEZIERS,CHALON SUR SAONE,8,0.0
BEZIERS,CHALON SUR SAONE,9,0.0
BEZIERS,CHALON SUR SAONE,10,0.0
BEZIERS,CHALON SUR SAONE,11,0.0
BEZIERS,CHALON SUR SAONE,12,0.0
BEZIERS,CHALON SUR SAONE,13,0.0
BEZIERS,CHALON SUR SAONE,14,0.0
BEZIERS,CHALON SUR SAONE,15,0.0
BEZIERS,CHALON SUR SAONE,16,0.0
BEZIERS,CHALON SUR SAONE,17,0.0
BEZIERS,CHALON SUR SAONE,18,0.0
BEZIERS,CHALON SUR SAONE,19,0.0
BEZIERS,CHALON SUR SAONE,20,0.0
BEZIERS,CHALON SUR SAONE,21,0.0
BEZIERS,CHALON SUR SAONE,22,0.0
BEZIERS,CHALON SUR SAONE,23,0.0
BEZIERS,CHALON SUR SAONE,24,0.0
BEZIERS,CHALON SUR SAONE,25,0.0
BEZIERS,CHALON SUR SAONE,26,0.0
BEZIERS,CHALON SUR SAONE,27,0.0
BEZIERS,CHALON SUR SAONE,28,0.0
BEZIERS,CHALON SUR SAONE,29,0.0
BEZIERS,CHALON SUR SAONE,30,0.0
BEZIERS,COLMAR,0,0.3
BEZIERS,COLMAR,1,0.31666666666666665
BEZIERS,COLMAR,2,0.09999999999999999
BEZIERS,COLMAR,3,0.3
BEZIERS,COLMAR,4,0.0
BEZIERS,COLMAR,5,0.0
BEZIERS,COLMAR,6,0.0
BEZIERS,COLMAR,7,0.0
BEZIERS,COLMAR,8,0.0
BEZIERS,COLMAR,9,0.0
BEZIERS,COLMAR,10,0.0
BEZIERS,COLMAR,11,0.0
BEZIERS,COLMAR,12,0.0
BEZIERS,COLMAR,13,0.0
BEZIERS,COLMAR,14,0.0
BEZIERS,COLMAR,15,0.0
BEZIERS,COLMAR,16,0.0
BEZIERS,COLMAR,17,0.0
BEZIERS,COLMAR,18,0.0
BEZIERS,COLMAR,19,0.0
BEZIERS,COLMAR,20,0.0
BEZIERS,COLMAR,21,0.0
BEZIERS,COLMAR,22,0.0
BEZIERS,COLMAR,23,0.0
BEZIERS,COLMAR,24,0.0
BEZIERS,COLMAR,25,0.0
BEZIERS,COLMAR,26,0.0
BEZIERS,COLMAR,27,0.0
BEZIERS,COLMAR,28,0.0
BEZIERS,COLMAR,29,0.0
BEZIERS,COLMAR,30,0.0
BEZIERS,DIJON VILLE,0,0.35000000000000003
BEZIERS,DIJON VILLE,1,0.26666666666666666
BEZIERS,DIJON VILLE,2,0.049999999999999996
BEZIERS,DIJON VILLE,3,0.3166666666666667
BEZIERS,DIJON VILLE,4,0.0
BEZIERS,DIJON VILLE,5,0.0
BEZIERS,DIJON VILLE,6,0.0
BEZIERS,DIJON VILLE,7,0.0
BEZIERS,DIJON VILLE,8,0.0
BEZIERS,DIJON VILLE,9,0.0
BEZIERS,DIJON VILLE,10,0.0
BEZIERS,DIJON VILLE,11,0.0
BEZIERS,DIJON VILLE,12,0.0
BEZIERS,DIJON VILLE,13,0.0
BEZIERS,DIJON VILLE,14,0.0
BEZIERS,DIJON VILLE,15,0.0
BEZIERS,DIJON VILLE,16,0.0
BEZIERS,DIJON VILLE,17,0.0
BEZIERS,DIJON VILLE,18,0.0
BEZIERS,DIJON VILLE,19,0.0
BEZIERS,DIJON VILLE,20,0.0
BEZIERS,DIJON VILLE,21,0.0
BEZIERS,DIJON VILLE,22,0.0
BEZIERS,DIJON VILLE,23,0.0
BEZIERS,DIJON VILLE,24,0.0
BEZIERS,DIJON VILLE,25,0.0
BEZIERS,DIJON VILLE,26,0.0
BEZIERS,DIJON VILLE,27,0.0
BEZIERS,DIJON VILLE,28,0.0
BEZIERS,DIJON VILLE,29,0.0
BEZIERS,DIJON VILLE,30,0.0
BEZIERS,LYON (intramuros),0,0.3666666666666667
BEZIERS,LYON (intramuros),1,0.3333333333333333
BEZIERS,LYON (intramuros),2,0.06666666666666667
BEZIERS,LYON (intramuros),3,0.26666666666666666
BEZIERS,LYON (intramuros),4,0.0
BEZIERS,LYON (intramuros),5,0.0
BEZIERS,LYON (intramuros),6,0.0
BEZIERS,LYON (intramuros),7,0.0
BEZIERS,LYON (intramuros),8,0.0
BEZIERS,LYON (intramuros),9,0.0
BEZIERS,LYON (intramuros),10,0.0
BEZIERS,LYON (intramuros),11,0.0
BEZIERS,LYON (intramuros),12,0.0
BEZIERS,LYON (intramuros),13,0.0
BEZIERS,LYON (intramuros),14,0.0
BEZIERS,LYON (intramuros),15,0.0
BEZIERS,LYON (intramuros),16,0.0
BEZIERS,LYON (intramuros),17,0.0
BEZIERS,LYON (intramuros),18,0.0
BEZIERS,LYON (intramuros),19,0.0
BEZIERS,LYON (intramuros),20,0.0
BEZIERS,LYON (intramuros),21,0.0
BEZIERS,LYON (intramuros),22,0.0
BEZIERS,LYON (intramuros),23,0.0
BEZIERS,LYON (intramuros),24,0.0
BEZIERS,LYON (intramuros),25,0.0
BEZIERS,LYON (intramuros),26,0.0
BEZIERS,LYON (intramuros),27,0.0
BEZIERS,LYON (intramuros),28,0.0
BEZIERS,LYON (intramuros),29,0.0
BEZIERS,LYON (intramuros),30,0.0
BEZIERS,MONTPELLIER SAINT ROCH,0,0.5833333333333334
BEZIERS,MONTPELLIER SAINT ROCH,1,0.35000000000000003
BEZIERS,MONTPELLIER SAINT ROCH,2,0.05000000000000001
BEZIERS,MONTPELLIER SAINT ROCH,3,0.2833333333333334
BEZIERS,MONTPELLIER SAINT ROCH,4,0.0
BEZIERS,MONTPELLIER SAINT ROCH,5,0.0
BEZIERS,MONTPELLIER SAINT ROCH,6,0.016666666666666666
BEZIERS,MONTPELLIER SAINT ROCH,7,0.0
BEZIERS,MONTPELLIER SAINT ROCH,8,0.0
BEZIERS,MONTPELLIER SAINT ROCH,9,0.0
BEZIERS,MONTPELLIER SAINT ROCH,10,0.0
BEZIERS,MONTPELLIER SAINT ROCH,11,0.0
BEZIERS,MONTPELLIER SAINT ROCH,12,0.0
BEZIERS,MONTPELLIER SAINT ROCH,13,0.0
BEZIERS,MONTPELLIER SAINT ROCH,14,0.0
BEZIERS,MONTPELLIER SAINT ROCH,15,0.0
BEZIERS,MONTPELLIER SAINT ROCH,16,0.0
BEZIERS,MONTPELLIER SAINT ROCH,17,0.0
BEZIERS,MONTPELLIER SAINT ROCH,18,0.0
BEZIERS,MONTPELLIER SAINT ROCH,19,0.0
BEZIERS,MONTPELLIER SAINT ROCH,20,0.0
BEZIERS,MONTPELLIER SAINT ROCH,21,0.0
BEZIERS,MONTPELLIER SAINT ROCH,22,0.0
BEZIERS,MONTPELLIER SAINT ROCH,23,0.0
BEZIERS,MONTPELLIER SAINT ROCH,24,0.0
BEZIERS,MONTPELLIER SAINT ROCH,25,0.0
BEZIERS,MONTPELLIER SAINT ROCH,26,0.0
BEZIERS,MONTPELLIER SAINT ROCH,27,0.0
BEZIERS,MONTPELLIER SAINT ROCH,28,0.0
BEZIERS,MONTPELLIER SAINT ROCH,29,0.0
BEZIERS,MONTPELLIER SAINT ROCH,30,0.0
BEZIERS,MULHOUSE VILLE,0,0.3333333333333333
BEZIERS,MULHOUSE VILLE,1,0.31666666666666665
BEZIERS,MULHOUSE VILLE,2,0.049999999999999996
BEZIERS,MULHOUSE VILLE,3,0.3166666666666667
BEZIERS,MULHOUSE VILLE,4,0.016666666666666666
BEZIERS,MULHOUSE VILLE,5,0.0
BEZIERS,MULHOUSE VILLE,6,0.0
BEZIERS,MULHOUSE VILLE,7,0.0
BEZIERS,MULHOUSE VILLE,8,0.0
BEZIERS,MULHOUSE VILLE,9,0.016666666666666666
BEZIERS,MULHOUSE VILLE,10,0.016666666666666666
BEZIERS,MULHOUSE VILLE,11,0.03333333333333333
BEZIERS,MULHOUSE VILLE,12,0.0
BEZIERS,MULHOUSE VILLE,13,0.0
BEZIERS,MULHOUSE VILLE,14,0.0
BEZIERS,MULHOUSE VILLE,15,0.0
BEZIERS,MULHOUSE VILLE,16,0.0
BEZIERS,MULHOUSE VILLE,17,0.0
BEZIERS,MULHOUSE VILLE,18,0.0
BEZIERS,MULHOUSE VILLE,19,0.0
BEZIERS,MULHOUSE VILLE,20,0.0
BEZIERS,MULHOUSE VILLE,21,0.0
BEZIERS,MULHOUSE VILLE,22,0.0
BEZIERS,MULHOUSE VILLE,23,0.0
BEZIERS,MULHOUSE VILLE,24,0.0
BEZIERS,MULHOUSE VILLE,25,0.0
BEZIERS,MULHOUSE VILLE,26,0.0
BEZIERS,MULHOUSE VILLE,27,0.0
BEZIERS,MULHOUSE VILLE,28,0.0
BEZIERS,MULHOUSE VILLE,29,0.0
BEZIERS,MULHOUSE VILLE,30,0.0
BEZIERS,NIMES CENTRE,0,0.5666666666666667
BEZIERS,NIMES CENTRE,1,0.35000000000000003
BEZIERS,NIMES CENTRE,2,0.05000000000000001
BEZIERS,NIMES CENTRE,3,0.26666666666666666
BEZIERS,NIMES CENTRE,4,0.016666666666666666
BEZIERS,NIMES CENTRE,5,0.0
BEZIERS,NIMES CENTRE,6,0.0
BEZIERS,NIMES CENTRE,7,0.0
BEZIERS,NIMES CENTRE,8,0.0
BEZIERS,NIMES CENTRE,9,0.0
BEZIERS,NIMES CENTRE,10,0.0
BEZIERS,NIMES CENTRE,11,0.0
BEZIERS,NIMES CENTRE,12,0.0
BEZIERS,NIMES CENTRE,13,0.0
BEZIERS,NIMES CENTRE,14,0.0
BEZIERS,NIMES CENTRE,15,0.0
BEZIERS,NIMES CENTRE,16,0.0
BEZIERS,NIMES CENTRE,17,0.0
BEZIERS,NIMES CENTRE,18,0.0
BEZIERS,NIMES CENTRE,19,0.0
BEZIERS,NIMES CENTRE,20,0.0
BEZIERS,NIMES CENTRE,21,0.0
BEZIERS,NIMES CENTRE,22,0.0
BEZIERS,NIMES CENTRE,23,0.0
BEZIERS,NIMES CENTRE,24,0.0
BEZIERS,NIMES CENTRE,25,0.0
BEZIERS,NIMES CENTRE,26,0.0
BEZIERS,NIMES CENTRE,27,0.0
BEZIERS,NIMES CENTRE,28,0.0
BEZIERS,NIMES CENTRE,29,0.0
BEZIERS,NIMES CENTRE,30,0.0
BEZIERS,SETE,0,0.6166666666666667
BEZIERS,SETE,1,0.3333333333333333
BEZIERS,SETE,2,0.06666666666666667
BEZIERS,SETE,3,0.2833333333333333
BEZIERS,SETE,4,0.0
BEZIERS,SETE,5,0.0
BEZIERS,SETE,6,0.0
BEZIERS,SETE,7,0.0
BEZIERS,SETE,8,0.0
BEZIERS,SETE,9,0.0
BEZIERS,SETE,10,0.0
BEZIERS,SETE,11,0.0
BEZIERS,SETE,12,0.0
BEZIERS,SETE,13,0.0
BEZIERS,SETE,14,0.0
BEZIERS,SETE,15,0.0
BEZIERS,SETE,16,0.0
BEZIERS,SETE,17,0.0
BEZIERS,SETE,18,0.0
BEZIERS,SETE,19,0.0
BEZIERS,SETE,20,0.0
BEZIERS,SETE,21,0.0
BEZIERS,SETE,22,0.0
BEZIERS,SETE,23,0.0
BEZIERS,SETE,24,0.0
BEZIERS,SETE,25,0.0
BEZIERS,SETE,26,0.0
BEZIERS,SETE,27,0.0
BEZIERS,SETE,28,0.0
BEZIERS,SETE,29,0.0
BEZIERS,SETE,30,0.0
BEZIERS,STRASBOURG,0,0.3333333333333333
BEZIERS,STRASBOURG,1,0.4166666666666667
BEZIERS,STRASBOURG,2,0.15
BEZIERS,STRASBOURG,3,0.31666666666666665
BEZIERS,STRASBOURG,4,0.0
BEZIERS,STRASBOURG,5,0.0
BEZIERS,STRASBOURG,6,0.0
BEZIERS,STRASBOURG,7,0.016666666666666666
BEZIERS,STRASBOURG,8,0.0
BEZIERS,STRASBOURG,9,0.0
BEZIERS,STRASBOURG,10,0.016666666666666666
BEZIERS,STRASBOURG,11,0.016666666666666666
BEZIERS,STRASBOURG,12,0.0
BEZIERS,STRASBOURG,13,0.0
BEZIERS,STRASBOURG,14,0.0
BEZIERS,STRASBOURG,15,0.0
BEZIERS,STRASBOURG,16,0.0
BEZIERS,STRASBOURG,17,0.0
BEZIERS,STRASBOURG,18,0.0
BEZIERS,STRASBOURG,19,0.0
BEZIERS,STRASBOURG,20,0.0
BEZIERS,STRASBOURG,21,0.0
BEZIERS,STRASBOURG,22,0.0
BEZIERS,STRASBOURG,23,0.0
BEZIERS,STRASBOURG,24,0.0
BEZIERS,STRASBOURG,25,0.0
BEZIERS,STRASBOURG,26,0.0
BEZIERS,STRASBOURG,27,0.0
BEZIERS,STRASBOURG,28,0.0
BEZIERS,STRASBOURG,29,0.0
BEZIERS,STRASBOURG,30,0.0
CANNES,AIX EN PROVENCE TGV,0,0.24669421487603307
CANNES,AIX EN PROVENCE TGV,1,0.28565573770491803
CANNES,AIX EN PROVENCE TGV,2,0.32066115702479336
CANNES,AIX EN PROVENCE TGV,3,0.3684426229508197
CANNES,AIX EN PROVENCE TGV,4,0.17049180327868854
CANNES,AIX EN PROVENCE TGV,5,0.1586776859504132
CANNES,AIX EN PROVENCE TGV,6,0.15289256198347106
CANNES,AIX EN PROVENCE TGV,7,0.1359504132231405
CANNES,AIX EN PROVENCE TGV,8,0.14008264462809916
CANNES,AIX EN PROVENCE TGV,9,0.14049586776859505
CANNES,AIX EN PROVENCE TGV,10,0.14344262295081966
CANNES,AIX EN PROVENCE TGV,11,0.1359504132231405
CANNES,AIX EN PROVENCE TGV,12,0.1487603305785124
CANNES,AIX EN PROVENCE TGV,13,0.15368852459016394
CANNES,AIX EN PROVENCE TGV,14,0.1540983606557377
CANNES,AIX EN PROVENCE TGV,15,0.15655737704918035
CANNES,AIX EN PROVENCE TGV,16,0.16322314049586778
CANNES,AIX EN PROVENCE TGV,17,0.16967213114754098
CANNES,AIX EN PROVENCE TGV,18,0.16393442622950818
CANNES,AIX EN PROVENCE TGV,19,0.16239669421487601
CANNES,AIX EN PROVENCE TGV,20,0.16033057851239668
CANNES,AIX EN PROVENCE TGV,21,0.16311475409836065
CANNES,AIX EN PROVENCE TGV,22,0.1627049180327869
CANNES,AIX EN PROVENCE TGV,23,0.17008196721311475
CANNES,AIX EN PROVENCE TGV,24,0.17868852459016393
CANNES,AIX EN PROVENCE TGV,25,0.1848360655737705
CANNES,AIX EN PROVENCE TGV,26,0.17892561983471073
CANNES,AIX EN PROVENCE TGV,27,0.17950819672131146
CANNES,AIX EN PROVENCE TGV,28,0.18524590163934426
CANNES,AIX EN PROVENCE TGV,29,0.17909836065573773
CANNES,AIX EN PROVENCE TGV,30,0.030165289256198345
CANNES,AVIGNON TGV,0,0.24917355371900826
CANNES,AVIGNON TGV,1,0.28975409836065574
CANNES,AVIGNON TGV,2,0.32892561983471075
CANNES,AVIGNON TGV,3,0.36475409836065575
CANNES,AVIGNON TGV,4,0.1684426229508197
CANNES,AVIGNON TGV,5,0.1578512396694215
CANNES,AVIGNON TGV,6,0.15330578512396695
CANNES,AVIGNON TGV,7,0.1384297520661157
CANNES,AVIGNON TGV,8,0.1396694214876033
CANNES,AVIGNON TGV,9,0.14008264462809916
CANNES,AVIGNON TGV,10,0.14549180327868852
CANNES,AVIGNON TGV,11,0.13429752066115702
CANNES,AVIGNON TGV,12,0.15
CANNES,AVIGNON TGV,13,0.15163934426229508
CANNES,AVIGNON TGV,14,0.15163934426229508
CANNES,AVIGNON TGV,15,0.155327868852459
CANNES,AVIGNON TGV,16,0.16487603305785123
CANNES,AVIGNON TGV,17,0.16967213114754098
CANNES,AVIGNON TGV,18,0.1668032786885246
CANNES,AVIGNON TGV,19,0.16446280991735537
CANNES,AVIGNON TGV,20,0.15950413223140497
CANNES,AVIGNON TGV,21,0.16434426229508198
CANNES,AVIGNON TGV,22,0.16434426229508198
CANNES,AVIGNON TGV,23,0.1721311475409836
CANNES,AVIGNON TGV,24,0.17868852459016393
CANNES,AVIGNON TGV,25,0.18442622950819673
CANNES,AVIGNON TGV,26,0.1768595041322314
CANNES,AVIGNON TGV,27,0.1807377049180328
CANNES,AVIGNON TGV,28,0.18729508196721312
CANNES,AVIGNON TGV,29,0.18360655737704917
CANNES,AVIGNON TGV,30,0.026859504132231406
CANNES,BEAUNE,0,0.24132231404958676
CANNES,BEAUNE,1,0.26557377049180325
CANNES,BEAUNE,2,0.3202479338842975
CANNES,BEAUNE,3,0.3188524590163934
CANNES,BEAUNE,4,0.12459016393442622
CANNES,BEAUNE,5,0.12561983471074378
CANNES,BEAUNE,6,0.12190082644628099
CANNES,BEAUNE,7,0.10991735537190084
CANNES,BEAUNE,8,0.10082644628099173
CANNES,BEAUNE,9,0.09958677685950414
CANNES,BEAUNE,10,0.09999999999999999
CANNES,BEAUNE,11,0.10082644628099173
CANNES,BEAUNE,12,0.11446280991735537
CANNES,BEAUNE,13,0.1139344262295082
CANNES,BEAUNE,14,0.10614754098360656
CANNES,BEAUNE,15,0.10614754098360656
CANNES,BEAUNE,16,0.10743801652892562
CANNES,BEAUNE,17,0.1069672131147541
CANNES,BEAUNE,18,0.10655737704918032
CANNES,BEAUNE,19,0.10743801652892562
CANNES,BEAUNE,20,0.10785123966942149
CANNES,BEAUNE,21,0.10573770491803279
CANNES,BEAUNE,22,0.09836065573770492
CANNES,BEAUNE,23,0.09959016393442623
CANNES,BEAUNE,24,0.09999999999999999
CANNES,BEAUNE,25,0.09918032786885246
CANNES,BEAUNE,26,0.09958677685950414
CANNES,BEAUNE,27,0.09918032786885246
CANNES,BEAUNE,28,0.09918032786885246
CANNES,BEAUNE,29,0.0971311475409836
CANNES,BEAUNE,30,0.010743801652892562
CANNES,BELFORT MONTBELIARD TGV,0,0.27903225806451615
CANNES,BELFORT MONTBELIARD TGV,1,0.31639999999999996
CANNES,BELFORT MONTBELIARD TGV,2,0.3528225806451613
CANNES,BELFORT MONTBELIARD TGV,3,0.3916
CANNES,BELFORT MONTBELIARD TGV,4,0.11159999999999999
CANNES,BELFORT MONTBELIARD TGV,5,0.10564516129032257
CANNES,BELFORT MONTBELIARD TGV,6,0.11330645161290323
CANNES,BELFORT MONTBELIARD TGV,7,0.10846774193548386
CANNES,BELFORT MONTBELIARD TGV,8,0.1032258064516129
CANNES,BELFORT MONTBELIARD TGV,9,0.10403225806451613
CANNES,BELFORT MONTBELIARD TGV,10,0.1008
CANNES,BELFORT MONTBELIARD TGV,11,0.10645161290322581
CANNES,BELFORT MONTBELIARD TGV,12,0.11290322580645161
CANNES,BELFORT MONTBELIARD TGV,13,0.11120000000000001
CANNES,BELFORT MONTBELIARD TGV,14,0.1052
CANNES,BELFORT MONTBELIARD TGV,15,0.104
CANNES,BELFORT MONTBELIARD TGV,16,0.10564516129032257
CANNES,BELFORT MONTBELIARD TGV,17,0.106
CANNES,BELFORT MONTBELIARD TGV,18,0.1044
CANNES,BELFORT MONTBELIARD TGV,19,0.10524193548387098
CANNES,BELFORT MONTBELIARD TGV,20,0.10524193548387098
CANNES,BELFORT MONTBELIARD TGV,21,0.104
CANNES,BELFORT MONTBELIARD TGV,22,0.09720000000000001
CANNES,BELFORT MONTBELIARD TGV,23,0.09720000000000001
CANNES,BELFORT MONTBELIARD TGV,24,0.0968
CANNES,BELFORT MONTBELIARD TGV,25,0.09720000000000001
CANNES,BELFORT MONTBELIARD TGV,26,0.09717741935483871
CANNES,BELFORT MONTBELIARD TGV,27,0.0964
CANNES,BELFORT MONTBELIARD TGV,28,0.09559999999999999
CANNES,BELFORT MONTBELIARD TGV,29,0.0948
CANNES,BELFORT MONTBELIARD TGV,30,0.008870967741935484
CANNES,BESANCON FRANCHE COMTE TGV,0,0.2439516129032258
CANNES,BESANCON FRANCHE COMTE TGV,1,0.2832
CANNES,BESANCON FRANCHE COMTE TGV,2,0.3334677419354839
CANNES,BESANCON FRANCHE COMTE TGV,3,0.33080000000000004
CANNES,BESANCON FRANCHE COMTE TGV,4,0.1212
CANNES,BESANCON FRANCHE COMTE TGV,5,0.1213709677419355
CANNES,BESANCON FRANCHE COMTE TGV,6,0.11895161290322581
CANNES,BESANCON FRANCHE COMTE TGV,7,0.10846774193548386
CANNES,BESANCON FRANCHE COMTE TGV,8,0.09838709677419354
CANNES,BESANCON FRANCHE COMTE TGV,9,0.09758064516129032
CANNES,BESANCON FRANCHE COMTE TGV,10,0.0996
CANNES,BESANCON FRANCHE COMTE TGV,11,0.10161290322580645
CANNES,BESANCON FRANCHE COMTE TGV,12,0.11129032258064517
CANNES,BESANCON FRANCHE COMTE TGV,13,0.11159999999999999
CANNES,BESANCON FRANCHE COMTE TGV,14,0.1044
CANNES,BESANCON FRANCHE COMTE TGV,15,0.104
CANNES,BESANCON FRANCHE COMTE TGV,16,0.10564516129032257
CANNES,BESANCON FRANCHE COMTE TGV,17,0.1036
CANNES,BESANCON FRANCHE COMTE TGV,18,0.104
CANNES,BESANCON FRANCHE COMTE TGV,19,0.10524193548387098
CANNES,BESANCON FRANCHE COMTE TGV,20,0.10483870967741936
CANNES,BESANCON FRANCHE COMTE TGV,21,0.104
CANNES,BESANCON FRANCHE COMTE TGV,22,0.09720000000000001
CANNES,BESANCON FRANCHE COMTE TGV,23,0.0964
CANNES,BESANCON FRANCHE COMTE TGV,24,0.0964
CANNES,BESANCON FRANCHE COMTE TGV,25,0.096
CANNES,BESANCON FRANCHE COMTE TGV,26,0.09717741935483871
CANNES,BESANCON FRANCHE COMTE TGV,27,0.0968
CANNES,BESANCON FRANCHE COMTE TGV,28,0.0964
CANNES,BESANCON FRANCHE COMTE TGV,29,0.09359999999999999
CANNES,BESANCON FRANCHE COMTE TGV,30,0.009274193548387096
CANNES,COLMAR,0,0.28508064516129034
CANNES,COLMAR,1,0.3112
CANNES,COLMAR,2,0.35201612903225804
CANNES,COLMAR,3,0.3832
CANNES,COLMAR,4,0.11040000000000001
CANNES,COLMAR,5,0.10322580645161289
CANNES,COLMAR,6,0.11330645161290323
CANNES,COLMAR,7,0.10887096774193548
CANNES,COLMAR,8,0.10564516129032257
CANNES,COLMAR,9,0.10524193548387098
CANNES,COLMAR,10,0.1
CANNES,COLMAR,11,0.10564516129032257
CANNES,COLMAR,12,0.11330645161290323
CANNES,COLMAR,13,0.11120000000000001
CANNES,COLMAR,14,0.104
CANNES,COLMAR,15,0.1044
CANNES,COLMAR,16,0.10524193548387098
CANNES,COLMAR,17,0.104
CANNES,COLMAR,18,0.104
CANNES,COLMAR,19,0.10483870967741936
CANNES,COLMAR,20,0.10524193548387098
CANNES,COLMAR,21,0.1036
CANNES,COLMAR,22,0.09759999999999999
CANNES,COLMAR,23,0.0968
CANNES,COLMAR,24,0.0968
CANNES,COLMAR,25,0.0968
CANNES,COLMAR,26,0.09717741935483871
CANNES,COLMAR,27,0.096
CANNES,COLMAR,28,0.09440000000000001
CANNES,COLMAR,29,0.09240000000000001
CANNES,COLMAR,30,0.010483870967741936
CANNES,DIJON VILLE,0,0.2411290322580645
CANNES,DIJON VILLE,1,0.276
CANNES,DIJON VILLE,2,0.32983870967741935
CANNES,DIJON VILLE,3,0.33039999999999997
CANNES,DIJON VILLE,4,0.1212
CANNES,DIJON VILLE,5,0.1213709677419355
CANNES,DIJON VILLE,6,0.12056451612903225
CANNES,DIJON VILLE,7,0.10725806451612904
CANNES,DIJON VILLE,8,0.10080645161290322
CANNES,DIJON VILLE,9,0.09879032258064516
CANNES,DIJON VILLE,10,0.0984
CANNES,DIJON VILLE,11,0.10161290322580645
CANNES,DIJON VILLE,12,0.11249999999999999
CANNES,DIJON VILLE,13,0.1128
CANNES,DIJON VILLE,14,0.1044
CANNES,DIJON VILLE,15,0.1044
CANNES,DIJON VILLE,16,0.10524193548387098
CANNES,DIJON VILLE,17,0.1056
CANNES,DIJON VILLE,18,0.1052
CANNES,DIJON VILLE,19,0.10564516129032257
CANNES,DIJON VILLE,20,0.10483870967741936
CANNES,DIJON VILLE,21,0.1044
CANNES,DIJON VILLE,22,0.0964
CANNES,DIJON VILLE,23,0.096
CANNES,DIJON VILLE,24,0.096
CANNES,DIJON VILLE,25,0.096
CANNES,DIJON VILLE,26,0.09717741935483871
CANNES,DIJON VILLE,27,0.0968
CANNES,DIJON VILLE,28,0.09720000000000001
CANNES,DIJON VILLE,29,0.094
CANNES,DIJON VILLE,30,0.008467741935483872
CANNES,LES ARCS DRAGUIGNAN,0,0.24556451612903224
CANNES,LES ARCS DRAGUIGNAN,1,0.2932
CANNES,LES ARCS DRAGUIGNAN,2,0.3278225806451613
CANNES,LES ARCS DRAGUIGNAN,3,0.3768
CANNES,LES ARCS DRAGUIGNAN,4,0.16440000000000002
CANNES,LES ARCS DRAGUIGNAN,5,0.15241935483870966
CANNES,LES ARCS DRAGUIGNAN,6,0.14879032258064515
CANNES,LES ARCS DRAGUIGNAN,7,0.1350806451612903
CANNES,LES ARCS DRAGUIGNAN,8,0.13629032258064516
CANNES,LES ARCS DRAGUIGNAN,9,0.13709677419354838
CANNES,LES ARCS DRAGUIGNAN,10,0.1424
CANNES,LES ARCS DRAGUIGNAN,11,0.132258064516129
CANNES,LES ARCS DRAGUIGNAN,12,0.14717741935483872
CANNES,LES ARCS DRAGUIGNAN,13,0.1504
CANNES,LES ARCS DRAGUIGNAN,14,0.1524
CANNES,LES ARCS DRAGUIGNAN,15,0.152
CANNES,LES ARCS DRAGUIGNAN,16,0.1592741935483871
CANNES,LES ARCS DRAGUIGNAN,17,0.164
CANNES,LES ARCS DRAGUIGNAN,18,0.16
CANNES,LES ARCS DRAGUIGNAN,19,0.16048387096774192
CANNES,LES ARCS DRAGUIGNAN,20,0.1564516129032258
CANNES,LES ARCS DRAGUIGNAN,21,0.1596
CANNES,LES ARCS DRAGUIGNAN,22,0.16
CANNES,LES ARCS DRAGUIGNAN,23,0.166
CANNES,LES ARCS DRAGUIGNAN,24,0.1756
CANNES,LES ARCS DRAGUIGNAN,25,0.17959999999999998
CANNES,LES ARCS DRAGUIGNAN,26,0.1717741935483871
CANNES,LES ARCS DRAGUIGNAN,27,0.1744
CANNES,LES ARCS DRAGUIGNAN,28,0.18
CANNES,LES ARCS DRAGUIGNAN,29,0.1776
CANNES,LES ARCS DRAGUIGNAN,30,0.02459677419354839
CANNES,LYON (intramuros),0,0.2814516129032258
CANNES,LYON (intramuros),1,0.2868
CANNES,LYON (intramuros),2,0.3080645161290323
CANNES,LYON (intramuros),3,0.29719999999999996
CANNES,LYON (intramuros),4,0.1276
CANNES,LYON (intramuros),5,0.13548387096774195
CANNES,LYON (intramuros),6,0.14637096774193548
CANNES,LYON (intramuros),7,0.1338709677419355
CANNES,LYON (intramuros),8,0.12741935483870967
CANNES,LYON (intramuros),9,0.11814516129032258
CANNES,LYON (intramuros),10,0.12440000000000001
CANNES,LYON (intramuros),11,0.1282258064516129
CANNES,LYON (intramuros),12,0.1213709677419355
CANNES,LYON (intramuros),13,0.11320000000000001
CANNES,LYON (intramuros),14,0.10479999999999999
CANNES,LYON (intramuros),15,0.1044
CANNES,LYON (intramuros),16,0.10524193548387098
CANNES,LYON (intramuros),17,0.104
CANNES,LYON (intramuros),18,0.1044
CANNES,LYON (intramuros),19,0.10564516129032257
CANNES,LYON (intramuros),20,0.10483870967741936
CANNES,LYON (intramuros),21,0.104
CANNES,LYON (intramuros),22,0.096
CANNES,LYON (intramuros),23,0.09720000000000001
CANNES,LYON (intramuros),24,0.1036
CANNES,LYON (intramuros),25,0.1036
CANNES,LYON (intramuros),26,0.09798387096774194
CANNES,LYON (intramuros),27,0.0964
CANNES,LYON (intramuros),28,0.096
CANNES,LYON (intramuros),29,0.0952
CANNES,LYON (intramuros),30,0.009677419354838712
CANNES,MACON VILLE,0,0.23099173553719007
CANNES,MACON VILLE,1,0.27172131147540984
CANNES,MACON VILLE,2,0.3256198347107438
CANNES,MACON VILLE,3,0.3209016393442623
CANNES,MACON VILLE,4,0.12459016393442622
CANNES,MACON VILLE,5,0.12272727272727273
CANNES,MACON VILLE,6,0.12107438016528926
CANNES,MACON VILLE,7,0.10991735537190084
CANNES,MACON VILLE,8,0.09958677685950414
CANNES,MACON VILLE,9,0.09999999999999999
CANNES,MACON VILLE,10,0.09918032786885246
CANNES,MACON VILLE,11,0.10041322314049587
CANNES,MACON VILLE,12,0.11487603305785124
CANNES,MACON VILLE,13,0.11434426229508196
CANNES,MACON VILLE,14,0.10778688524590165
CANNES,MACON VILLE,15,0.10614754098360656
CANNES,MACON VILLE,16,0.10743801652892562
CANNES,MACON VILLE,17,0.1069672131147541
CANNES,MACON VILLE,18,0.10614754098360656
CANNES,MACON VILLE,19,0.10867768595041323
CANNES,MACON VILLE,20,0.10826446280991735
CANNES,MACON VILLE,21,0.10614754098360656
CANNES,MACON VILLE,22,0.09959016393442623
CANNES,MACON VILLE,23,0.10040983606557377
CANNES,MACON VILLE,24,0.0987704918032787
CANNES,MACON VILLE,25,0.09918032786885246
CANNES,MACON VILLE,26,0.09958677685950414
CANNES,MACON VILLE,27,0.09918032786885246
CANNES,MACON VILLE,28,0.09918032786885246
CANNES,MACON VILLE,29,0.09754098360655739
CANNES,MACON VILLE,30,0.011983471074380164
CANNES,MARSEILLE ST CHARLES,0,0.24752066115702478
CANNES,MARSEILLE ST CHARLES,1,0.30245901639344264
CANNES,MARSEILLE ST CHARLES,2,0.3347107438016529
CANNES,MARSEILLE ST CHARLES,3,0.36516393442622946
CANNES,MARSEILLE ST CHARLES,4,0.1692622950819672
CANNES,MARSEILLE ST CHARLES,5,0.1586776859504132
CANNES,MARSEILLE ST CHARLES,6,0.15413223140495866
CANNES,MARSEILLE ST CHARLES,7,0.13677685950413224
CANNES,MARSEILLE ST CHARLES,8,0.13925619834710745
CANNES,MARSEILLE ST CHARLES,9,0.14256198347107438
CANNES,MARSEILLE ST CHARLES,10,0.1426229508196721
CANNES,MARSEILLE ST CHARLES,11,0.13719008264462812
CANNES,MARSEILLE ST CHARLES,12,0.15
CANNES,MARSEILLE ST CHARLES,13,0.1545081967213115
CANNES,MARSEILLE ST CHARLES,14,0.15286885245901638
CANNES,MARSEILLE ST CHARLES,15,0.155327868852459
CANNES,MARSEILLE ST CHARLES,16,0.1652892561983471
CANNES,MARSEILLE ST CHARLES,17,0.16885245901639345
CANNES,MARSEILLE ST CHARLES,18,0.16352459016393442
CANNES,MARSEILLE ST CHARLES,19,0.16363636363636364
CANNES,MARSEILLE ST CHARLES,20,0.15991735537190083
CANNES,MARSEILLE ST CHARLES,21,0.16311475409836065
CANNES,MARSEILLE ST CHARLES,22,0.16393442622950818
CANNES,MARSEILLE ST CHARLES,23,0.1721311475409836
CANNES,MARSEILLE ST CHARLES,24,0.17950819672131146
CANNES,MARSEILLE ST CHARLES,25,0.18360655737704917
CANNES,MARSEILLE ST CHARLES,26,0.1768595041322314
CANNES,MARSEILLE ST CHARLES,27,0.17786885245901637
CANNES,MARSEILLE ST CHARLES,28,0.18729508196721312
CANNES,MARSEILLE ST CHARLES,29,0.18237704918032788
CANNES,MARSEILLE ST CHARLES,30,0.028925619834710745
CANNES,MULHOUSE VILLE,0,0.27903225806451615
CANNES,MULHOUSE VILLE,1,0.3236
CANNES,MULHOUSE VILLE,2,0.36209677419354835
CANNES,MULHOUSE VILLE,3,0.3876
CANNES,MULHOUSE VILLE,4,0.1144
CANNES,MULHOUSE VILLE,5,0.10362903225806451
CANNES,MULHOUSE VILLE,6,0.11451612903225807
CANNES,MULHOUSE VILLE,7,0.10806451612903226
CANNES,MULHOUSE VILLE,8,0.10564516129032257
CANNES,MULHOUSE VILLE,9,0.10685483870967742
CANNES,MULHOUSE VILLE,10,0.0996
CANNES,MULHOUSE VILLE,11,0.10685483870967742
CANNES,MULHOUSE VILLE,12,0.11290322580645161
CANNES,MULHOUSE VILLE,13,0.1124
CANNES,MULHOUSE VILLE,14,0.106
CANNES,MULHOUSE VILLE,15,0.104
CANNES,MULHOUSE VILLE,16,0.10524193548387098
CANNES,MULHOUSE VILLE,17,0.10479999999999999
CANNES,MULHOUSE VILLE,18,0.1044
CANNES,MULHOUSE VILLE,19,0.10524193548387098
CANNES,MULHOUSE VILLE,20,0.10403225806451613
CANNES,MULHOUSE VILLE,21,0.104
CANNES,MULHOUSE VILLE,22,0.098
CANNES,MULHOUSE VILLE,23,0.0968
CANNES,MULHOUSE VILLE,24,0.0968
CANNES,MULHOUSE VILLE,25,0.0968
CANNES,MULHOUSE VILLE,26,0.0967741935483871
CANNES,MULHOUSE VILLE,27,0.0964
CANNES,MULHOUSE VILLE,28,0.0968
CANNES,MULHOUSE VILLE,29,0.096
CANNES,MULHOUSE VILLE,30,0.010887096774193548
CANNES,NANCY,0,0.25786516853932584
CANNES,NANCY,1,0.3151685393258427
CANNES,NANCY,2,0.33764044943820226
CANNES,NANCY,3,0.3685393258426966
CANNES,NANCY,4,0.10280898876404494
CANNES,NANCY,5,0.1151685393258427
CANNES,NANCY,6,0.12102272727272728
CANNES,NANCY,7,0.12078651685393259
CANNES,NANCY,8,0.1159090909090909
CANNES,NANCY,9,0.08920454545454545
CANNES,NANCY,10,0.0898876404494382
CANNES,NANCY,11,0.10340909090909091
CANNES,NANCY,12,0.12897727272727272
CANNES,NANCY,13,0.1348314606741573
CANNES,NANCY,14,0.13595505617977527
CANNES,NANCY,15,0.1353932584269663
CANNES,NANCY,16,0.13636363636363635
CANNES,NANCY,17,0.1353932584269663
CANNES,NANCY,18,0.1353932584269663
CANNES,NANCY,19,0.13693181818181818
CANNES,NANCY,20,0.13749999999999998
CANNES,NANCY,21,0.13651685393258428
CANNES,NANCY,22,0.1348314606741573
CANNES,NANCY,23,0.13707865168539324
CANNES,NANCY,24,0.1353932584269663
CANNES,NANCY,25,0.1353932584269663
CANNES,NANCY,26,0.13579545454545452
CANNES,NANCY,27,0.13595505617977527
CANNES,NANCY,28,0.13651685393258428
CANNES,NANCY,29,0.13314606741573035
CANNES,NANCY,30,0.010112359550561799
CANNES,ST RAPHAEL VALESCURE,0,0.2411290322580645
CANNES,ST RAPHAEL VALESCURE,1,0.2872
CANNES,ST RAPHAEL VALESCURE,2,0.3278225806451613
CANNES,ST RAPHAEL VALESCURE,3,0.378
CANNES,ST RAPHAEL VALESCURE,4,0.1684
CANNES,ST RAPHAEL VALESCURE,5,0.15564516129032258
CANNES,ST RAPHAEL VALESCURE,6,0.15120967741935484
CANNES,ST RAPHAEL VALESCURE,7,0.1350806451612903
CANNES,ST RAPHAEL VALESCURE,8,0.13548387096774195
CANNES,ST RAPHAEL VALESCURE,9,0.13669354838709677
CANNES,ST RAPHAEL VALESCURE,10,0.1372
CANNES,ST RAPHAEL VALESCURE,11,0.13306451612903225
CANNES,ST RAPHAEL VALESCURE,12,0.14677419354838708
CANNES,ST RAPHAEL VALESCURE,13,0.1512
CANNES,ST RAPHAEL VALESCURE,14,0.15159999999999998
CANNES,ST RAPHAEL VALESCURE,15,0.15080000000000002
CANNES,ST RAPHAEL VALESCURE,16,0.15967741935483873
CANNES,ST RAPHAEL VALESCURE,17,0.16440000000000002
CANNES,ST RAPHAEL VALESCURE,18,0.1608
CANNES,ST RAPHAEL VALESCURE,19,0.16249999999999998
CANNES,ST RAPHAEL VALESCURE,20,0.15443548387096773
CANNES,ST RAPHAEL VALESCURE,21,0.15919999999999998
CANNES,ST RAPHAEL VALESCURE,22,0.1596
CANNES,ST RAPHAEL VALESCURE,23,0.1684
CANNES,ST RAPHAEL VALESCURE,24,0.1756
CANNES,ST RAPHAEL VALESCURE,25,0.1784
CANNES,ST RAPHAEL VALESCURE,26,0.17379032258064517
CANNES,ST RAPHAEL VALESCURE,27,0.1732
CANNES,ST RAPHAEL VALESCURE,28,0.1812
CANNES,ST RAPHAEL VALESCURE,29,0.1756
CANNES,ST RAPHAEL VALESCURE,30,0.03064516129032258
CANNES,STRASBOURG,0,0.2814516129032258
CANNES,STRASBOURG,1,0.3148
CANNES,STRASBOURG,2,0.36532258064516127
CANNES,STRASBOURG,3,0.4056
CANNES,STRASBOURG,4,0.11320000000000001
CANNES,STRASBOURG,5,0.1060483870967742
CANNES,STRASBOURG,6,0.11249999999999999
CANNES,STRASBOURG,7,0.10766129032258064
CANNES,STRASBOURG,8,0.10806451612903226
CANNES,STRASBOURG,9,0.10846774193548386
CANNES,STRASBOURG,10,0.0992
CANNES,STRASBOURG,11,0.11330645161290323
CANNES,STRASBOURG,12,0.11451612903225807
CANNES,STRASBOURG,13,0.112
CANNES,STRASBOURG,14,0.10640000000000001
CANNES,STRASBOURG,15,0.1044
CANNES,STRASBOURG,16,0.10524193548387098
CANNES,STRASBOURG,17,0.10479999999999999
CANNES,STRASBOURG,18,0.10479999999999999
CANNES,STRASBOURG,19,0.10524193548387098
CANNES,STRASBOURG,20,0.10483870967741936
CANNES,STRASBOURG,21,0.1036
CANNES,STRASBOURG,22,0.0964
CANNES,STRASBOURG,23,0.098
CANNES,STRASBOURG,24,0.096
CANNES,STRASBOURG,25,0.0964
CANNES,STRASBOURG,26,0.09838709677419354
CANNES,STRASBOURG,27,0.09720000000000001
CANNES,STRASBOURG,28,0.0988
CANNES,STRASBOURG,29,0.09759999999999999
CANNES,STRASBOURG,30,0.010080645161290322
CANNES,TOULON,0,0.24354838709677418
CANNES,TOULON,1,0.2868
CANNES,TOULON,2,0.3282258064516129
CANNES,TOULON,3,0.37360000000000004
CANNES,TOULON,4,0.1648
CANNES,TOULON,5,0.15564516129032258
CANNES,TOULON,6,0.14798387096774196
CANNES,TOULON,7,0.1338709677419355
CANNES,TOULON,8,0.13548387096774195
CANNES,TOULON,9,0.14233870967741935
CANNES,TOULON,10,0.1396
CANNES,TOULON,11,0.12903225806451613
CANNES,TOULON,12,0.14717741935483872
CANNES,TOULON,13,0.15
CANNES,TOULON,14,0.14959999999999998
CANNES,TOULON,15,0.15319999999999998
CANNES,TOULON,16,0.16088709677419355
CANNES,TOULON,17,0.16519999999999999
CANNES,TOULON,18,0.16119999999999998
CANNES,TOULON,19,0.1592741935483871
CANNES,TOULON,20,0.15403225806451615
CANNES,TOULON,21,0.15880000000000002
CANNES,TOULON,22,0.1564
CANNES,TOULON,23,0.1668
CANNES,TOULON,24,0.1728
CANNES,TOULON,25,0.1792
CANNES,TOULON,26,0.17056451612903226
CANNES,TOULON,27,0.1736
CANNES,TOULON,28,0.1792
CANNES,TOULON,29,0.176
CANNES,TOULON,30,0.031048387096774193
CHALON SUR SAONE,BELFORT MONTBELIARD TGV,0,0.45549242424242425
CHALON SUR SAONE,BELFORT MONTBELIARD TGV,1,0.4649621212121212
CHALON SUR SAONE,BELFORT MONTBELIARD TGV,2,0.4708333333333333
CHALON SUR SAONE,BELFORT MONTBELIARD TGV,3,0.4715909090909091
CHALON SUR SAONE,BELFORT MONTBELIARD TGV,4,0.1414448669201521
CHALON SUR SAONE,BELFORT MONTBELIARD TGV,5,0.15114942528735634
CHALON SUR SAONE,BELFORT MONTBELIARD TGV,6,0.1525
CHALON SUR SAONE,BELFORT MONTBELIARD TGV,7,0.1524904214559387
CHALON SUR SAONE,BELFORT MONTBELIARD TGV,8,0.16551724137931034
CHALON SUR SAONE,BELFORT MONTBELIARD TGV,9,0.17186311787072245
CHALON SUR SAONE,BELFORT MONTBELIARD TGV,10,0.1863984674329502
CHALON SUR SAONE,BELFORT MONTBELIARD TGV,11,0.20076923076923078
CHALON SUR SAONE,BELFORT MONTBELIARD TGV,12,0.05289575289575289
CHALON SUR SAONE,BELFORT MONTBELIARD TGV,13,0.04612403100775194
CHALON SUR SAONE,BELFORT MONTBELIARD TGV,14,0.0444015444015444
CHALON SUR SAONE,BELFORT MONTBELIARD TGV,15,0.04326923076923077
CHALON SUR SAONE,BELFORT MONTBELIARD TGV,16,0.03667953667953668
CHALON SUR SAONE,BELFORT MONTBELIARD TGV,17,0.03134615384615385
CHALON SUR SAONE,BELFORT MONTBELIARD TGV,18,0.031081081081081083
CHALON SUR SAONE,BELFORT MONTBELIARD TGV,19,0.029069767441860465
CHALON SUR SAONE,BELFORT MONTBELIARD TGV,20,0.03151750972762646
CHALON SUR SAONE,BELFORT MONTBELIARD TGV,21,0.030933852140077822
CHALON SUR SAONE,BELFORT MONTBELIARD TGV,22,0.02879377431906615
CHALON SUR SAONE,BELFORT MONTBELIARD TGV,23,0.027254901960784315
CHALON SUR SAONE,BELFORT MONTBELIARD TGV,24,0.025098039215686277
CHALON SUR SAONE,BELFORT MONTBELIARD TGV,25,0.024110671936758893
CHALON SUR SAONE,BELFORT MONTBELIARD TGV,26,0.0248015873015873
CHALON SUR SAONE,BELFORT MONTBELIARD TGV,27,0.024103585657370516
CHALON SUR SAONE,BELFORT MONTBELIARD TGV,28,0.025298804780876497
CHALON SUR SAONE,BELFORT MONTBELIARD TGV,29,0.0250996015936255
CHALON SUR SAONE,BELFORT MONTBELIARD TGV,30,0.002217741935483871
CHALON SUR SAONE,BESANCON FRANCHE COMTE TGV,0,0.43011363636363636
CHALON SUR SAONE,BESANCON FRANCHE COMTE TGV,1,0.4464015151515151
CHALON SUR SAONE,BESANCON FRANCHE COMTE TGV,2,0.46742424242424246
CHALON SUR SAONE,BESANCON FRANCHE COMTE TGV,3,0.4579545454545455
CHALON SUR SAONE,BESANCON FRANCHE COMTE TGV,4,0.14771863117870723
CHALON SUR SAONE,BESANCON FRANCHE COMTE TGV,5,0.1496168582375479
CHALON SUR SAONE,BESANCON FRANCHE COMTE TGV,6,0.15307692307692305
CHALON SUR SAONE,BESANCON FRANCHE COMTE TGV,7,0.1496168582375479
CHALON SUR SAONE,BESANCON FRANCHE COMTE TGV,8,0.1574712643678161
CHALON SUR SAONE,BESANCON FRANCHE COMTE TGV,9,0.16939163498098858
CHALON SUR SAONE,BESANCON FRANCHE COMTE TGV,10,0.182183908045977
CHALON SUR SAONE,BESANCON FRANCHE COMTE TGV,11,0.19019230769230772
CHALON SUR SAONE,BESANCON FRANCHE COMTE TGV,12,0.04826254826254826
CHALON SUR SAONE,BESANCON FRANCHE COMTE TGV,13,0.0439922480620155
CHALON SUR SAONE,BESANCON FRANCHE COMTE TGV,14,0.042664092664092663
CHALON SUR SAONE,BESANCON FRANCHE COMTE TGV,15,0.04173076923076923
CHALON SUR SAONE,BESANCON FRANCHE COMTE TGV,16,0.036293436293436294
CHALON SUR SAONE,BESANCON FRANCHE COMTE TGV,17,0.03173076923076923
CHALON SUR SAONE,BESANCON FRANCHE COMTE TGV,18,0.03146718146718147
CHALON SUR SAONE,BESANCON FRANCHE COMTE TGV,19,0.028875968992248063
CHALON SUR SAONE,BESANCON FRANCHE COMTE TGV,20,0.031906614785992216
CHALON SUR SAONE,BESANCON FRANCHE COMTE TGV,21,0.0311284046692607
CHALON SUR SAONE,BESANCON FRANCHE COMTE TGV,22,0.02821011673151751
CHALON SUR SAONE,BESANCON FRANCHE COMTE TGV,23,0.02764705882352941
CHALON SUR SAONE,BESANCON FRANCHE COMTE TGV,24,0.024705882352941175
CHALON SUR SAONE,BESANCON FRANCHE COMTE TGV,25,0.024703557312252964
CHALON SUR SAONE,BESANCON FRANCHE COMTE TGV,26,0.025396825396825397
CHALON SUR SAONE,BESANCON FRANCHE COMTE TGV,27,0.025697211155378485
CHALON SUR SAONE,BESANCON FRANCHE COMTE TGV,28,0.026095617529880478
CHALON SUR SAONE,BESANCON FRANCHE COMTE TGV,29,0.023107569721115537
CHALON SUR SAONE,BESANCON FRANCHE COMTE TGV,30,0.002620967741935484
CHALON SUR SAONE,COLMAR,0,0.45
CHALON SUR SAONE,COLMAR,1,0.6
CHALON SUR SAONE,COLMAR,2,0.19999999999999998
CHALON SUR SAONE,COLMAR,3,0.3333333333333333
CHALON SUR SAONE,COLMAR,4,0.03333333333333333
CHALON SUR SAONE,COLMAR,5,0.016666666666666666
CHALON SUR SAONE,COLMAR,6,0.0
CHALON SUR SAONE,COLMAR,7,0.016666666666666666
CHALON SUR SAONE,COLMAR,8,0.03333333333333333
CHALON SUR SAONE,COLMAR,9,0.0
CHALON SUR SAONE,COLMAR,10,0.03333333333333333
CHALON SUR SAONE,COLMAR,11,0.016666666666666666
CHALON SUR SAONE,COLMAR,12,0.0
CHALON SUR SAONE,COLMAR,13,0.0
CHALON SUR SAONE,COLMAR,14,0.0
CHALON SUR SAONE,COLMAR,15,0.0
CHALON SUR SAONE,COLMAR,16,0.0
CHALON SUR SAONE,COLMAR,17,0.0
CHALON SUR SAONE,COLMAR,18,0.0
CHALON SUR SAONE,COLMAR,19,0.0
CHALON SUR SAONE,COLMAR,20,0.0
CHALON SUR SAONE,COLMAR,21,0.0
CHALON SUR SAONE,COLMAR,22,0.0
CHALON SUR SAONE,COLMAR,23,0.0
CHALON SUR SAONE,COLMAR,24,0.0
CHALON SUR SAONE,COLMAR,25,0.0
CHALON SUR SAONE,COLMAR,26,0.0
CHALON SUR SAONE,COLMAR,27,0.0
CHALON SUR SAONE,COLMAR,28,0.0
CHALON SUR SAONE,COLMAR,29,0.0
CHALON SUR SAONE,COLMAR,30,0.0
CHALON SUR SAONE,DIJON VILLE,0,0.37329317269076306
CHALON SUR SAONE,DIJON VILLE,1,0.36219999999999997
CHALON SUR SAONE,DIJON VILLE,2,0.35960000000000003
CHALON SUR SAONE,DIJON VILLE,3,0.33353413654618475
CHALON SUR SAONE,DIJON VILLE,4,0.09596774193548388
CHALON SUR SAONE,DIJON VILLE,5,0.09552845528455285
CHALON SUR SAONE,DIJON VILLE,6,0.11183673469387755
CHALON SUR SAONE,DIJON VILLE,7,0.13434959349593495
CHALON SUR SAONE,DIJON VILLE,8,0.15203252032520326
CHALON SUR SAONE,DIJON VILLE,9,0.09696356275303643
CHALON SUR SAONE,DIJON VILLE,10,0.0610204081632653
CHALON SUR SAONE,DIJON VILLE,11,0.05471311475409836
CHALON SUR SAONE,DIJON VILLE,12,0.04691358024691358
CHALON SUR SAONE,DIJON VILLE,13,0.04359504132231405
CHALON SUR SAONE,DIJON VILLE,14,0.04259259259259259
CHALON SUR SAONE,DIJON VILLE,15,0.04139344262295082
CHALON SUR SAONE,DIJON VILLE,16,0.034567901234567905
CHALON SUR SAONE,DIJON VILLE,17,0.03299180327868853
CHALON SUR SAONE,DIJON VILLE,18,0.030246913580246913
CHALON SUR SAONE,DIJON VILLE,19,0.031198347107438015
CHALON SUR SAONE,DIJON VILLE,20,0.029668049792531122
CHALON SUR SAONE,DIJON VILLE,21,0.02987551867219917
CHALON SUR SAONE,DIJON VILLE,22,0.026763485477178425
CHALON SUR SAONE,DIJON VILLE,23,0.026041666666666668
CHALON SUR SAONE,DIJON VILLE,24,0.025833333333333333
CHALON SUR SAONE,DIJON VILLE,25,0.025840336134453783
CHALON SUR SAONE,DIJON VILLE,26,0.025949367088607598
CHALON SUR SAONE,DIJON VILLE,27,0.025847457627118643
CHALON SUR SAONE,DIJON VILLE,28,0.02563559322033898
CHALON SUR SAONE,DIJON VILLE,29,0.026483050847457626
CHALON SUR SAONE,DIJON VILLE,30,0.002777777777777778
CHALON SUR SAONE,LUXEMBOURG,0,0.6630813953488371
CHALON SUR SAONE,LUXEMBOURG,1,0.6283236994219653
CHALON SUR SAONE,LUXEMBOURG,2,0.630635838150289
CHALON SUR SAONE,LUXEMBOURG,3,0.6473837209302326
CHALON SUR SAONE,LUXEMBOURG,4,0.23976608187134502
CHALON SUR SAONE,LUXEMBOURG,5,0.24763313609467458
CHALON SUR SAONE,LUXEMBOURG,6,0.26845238095238094
CHALON SUR SAONE,LUXEMBOURG,7,0.286094674556213
CHALON SUR SAONE,LUXEMBOURG,8,0.2940828402366864
CHALON SUR SAONE,LUXEMBOURG,9,0.3014705882352941
CHALON SUR SAONE,LUXEMBOURG,10,0.28846153846153844
CHALON SUR SAONE,LUXEMBOURG,11,0.2949404761904762
CHALON SUR SAONE,LUXEMBOURG,12,0.13452380952380955
CHALON SUR SAONE,LUXEMBOURG,13,0.13363095238095238
CHALON SUR SAONE,LUXEMBOURG,14,0.12705882352941178
CHALON SUR SAONE,LUXEMBOURG,15,0.12719298245614036
CHALON SUR SAONE,LUXEMBOURG,16,0.1264705882352941
CHALON SUR SAONE,LUXEMBOURG,17,0.11852941176470587
CHALON SUR SAONE,LUXEMBOURG,18,0.11852941176470587
CHALON SUR SAONE,LUXEMBOURG,19,0.12794117647058822
CHALON SUR SAONE,LUXEMBOURG,20,0.12794117647058822
CHALON SUR SAONE,LUXEMBOURG,21,0.12631578947368421
CHALON SUR SAONE,LUXEMBOURG,22,0.11871345029239766
CHALON SUR SAONE,LUXEMBOURG,23,0.12058823529411765
CHALON SUR SAONE,LUXEMBOURG,24,0.11812865497076024
CHALON SUR SAONE,LUXEMBOURG,25,0.12280701754385964
CHALON SUR SAONE,LUXEMBOURG,26,0.12631578947368421
CHALON SUR SAONE,LUXEMBOURG,27,0.12280701754385964
CHALON SUR SAONE,LUXEMBOURG,28,0.1111111111111111
CHALON SUR SAONE,LUXEMBOURG,29,0.10146198830409357
CHALON SUR SAONE,LUXEMBOURG,30,0.015680473372781063
CHALON SUR SAONE,METZ VILLE,0,0.63625
CHALON SUR SAONE,METZ VILLE,1,0.6074688796680499
CHALON SUR SAONE,METZ VILLE,2,0.5966804979253113
CHALON SUR SAONE,METZ VILLE,3,0.599375
CHALON SUR SAONE,METZ VILLE,4,0.22615062761506274
CHALON SUR SAONE,METZ VILLE,5,0.23924050632911392
CHALON SUR SAONE,METZ VILLE,6,0.2461864406779661
CHALON SUR SAONE,METZ VILLE,7,0.24831223628691984
CHALON SUR SAONE,METZ VILLE,8,0.25738396624472576
CHALON SUR SAONE,METZ VILLE,9,0.25735294117647056
CHALON SUR SAONE,METZ VILLE,10,0.25
CHALON SUR SAONE,METZ VILLE,11,0.2508510638297872
CHALON SUR SAONE,METZ VILLE,12,0.12179487179487179
CHALON SUR SAONE,METZ VILLE,13,0.11502145922746781
CHALON SUR SAONE,METZ VILLE,14,0.11773504273504273
CHALON SUR SAONE,METZ VILLE,15,0.11446808510638297
CHALON SUR SAONE,METZ VILLE,16,0.11431623931623931
CHALON SUR SAONE,METZ VILLE,17,0.11361702127659574
CHALON SUR SAONE,METZ VILLE,18,0.10662393162393162
CHALON SUR SAONE,METZ VILLE,19,0.10858369098712446
CHALON SUR SAONE,METZ VILLE,20,0.10560344827586207
CHALON SUR SAONE,METZ VILLE,21,0.09849137931034484
CHALON SUR SAONE,METZ VILLE,22,0.09245689655172414
CHALON SUR SAONE,METZ VILLE,23,0.08982683982683982
CHALON SUR SAONE,METZ VILLE,24,0.08750000000000001
CHALON SUR SAONE,METZ VILLE,25,0.09065217391304349
CHALON SUR SAONE,METZ VILLE,26,0.09475982532751091
CHALON SUR SAONE,METZ VILLE,27,0.0918859649122807
CHALON SUR SAONE,METZ VILLE,28,0.08618421052631578
CHALON SUR SAONE,METZ VILLE,29,0.07960526315789473
CHALON SUR SAONE,METZ VILLE,30,0.011946902654867258
CHALON SUR SAONE,MULHOUSE VILLE,0,0.6456439393939394
CHALON SUR SAONE,MULHOUSE VILLE,1,0.615530303030303
CHALON SUR SAONE,MULHOUSE VILLE,2,0.634469696969697
CHALON SUR SAONE,MULHOUSE VILLE,3,0.6291666666666667
CHALON SUR SAONE,MULHOUSE VILLE,4,0.26102661596958177
CHALON SUR SAONE,MULHOUSE VILLE,5,0.2660919540229885
CHALON SUR SAONE,MULHOUSE VILLE,6,0.2630769230769231
CHALON SUR SAONE,MULHOUSE VILLE,7,0.2657088122605364
CHALON SUR SAONE,MULHOUSE VILLE,8,0.2613026819923372
CHALON SUR SAONE,MULHOUSE VILLE,9,0.2602661596958175
CHALON SUR SAONE,MULHOUSE VILLE,10,0.24923371647509576
CHALON SUR SAONE,MULHOUSE VILLE,11,0.2448076923076923
CHALON SUR SAONE,MULHOUSE VILLE,12,0.13127413127413126
CHALON SUR SAONE,MULHOUSE VILLE,13,0.12887596899224807
CHALON SUR SAONE,MULHOUSE VILLE,14,0.1277992277992278
CHALON SUR SAONE,MULHOUSE VILLE,15,0.1253846153846154
CHALON SUR SAONE,MULHOUSE VILLE,16,0.12586872586872588
CHALON SUR SAONE,MULHOUSE VILLE,17,0.12076923076923077
CHALON SUR SAONE,MULHOUSE VILLE,18,0.11332046332046333
CHALON SUR SAONE,MULHOUSE VILLE,19,0.11279069767441861
CHALON SUR SAONE,MULHOUSE VILLE,20,0.10603112840466926
CHALON SUR SAONE,MULHOUSE VILLE,21,0.10136186770428016
CHALON SUR SAONE,MULHOUSE VILLE,22,0.09202334630350194
CHALON SUR SAONE,MULHOUSE VILLE,23,0.08823529411764706
CHALON SUR SAONE,MULHOUSE VILLE,24,0.08666666666666667
CHALON SUR SAONE,MULHOUSE VILLE,25,0.09071146245059289
CHALON SUR SAONE,MULHOUSE VILLE,26,0.09404761904761905
CHALON SUR SAONE,MULHOUSE VILLE,27,0.08944223107569721
CHALON SUR SAONE,MULHOUSE VILLE,28,0.07908366533864543
CHALON SUR SAONE,MULHOUSE VILLE,29,0.0699203187250996
CHALON SUR SAONE,MULHOUSE VILLE,30,0.009475806451612903
CHALON SUR SAONE,STRASBOURG,0,0.6431818181818182
CHALON SUR SAONE,STRASBOURG,1,0.6168560606060606
CHALON SUR SAONE,STRASBOURG,2,0.6390151515151514
CHALON SUR SAONE,STRASBOURG,3,0.63125
CHALON SUR SAONE,STRASBOURG,4,0.25285171102661597
CHALON SUR SAONE,STRASBOURG,5,0.26283524904214556
CHALON SUR SAONE,STRASBOURG,6,0.26153846153846155
CHALON SUR SAONE,STRASBOURG,7,0.26417624521072797
CHALON SUR SAONE,STRASBOURG,8,0.26015325670498085
CHALON SUR SAONE,STRASBOURG,9,0.2657794676806084
CHALON SUR SAONE,STRASBOURG,10,0.24865900383141765
CHALON SUR SAONE,STRASBOURG,11,0.24538461538461537
CHALON SUR SAONE,STRASBOURG,12,0.1324324324324324
CHALON SUR SAONE,STRASBOURG,13,0.12771317829457365
CHALON SUR SAONE,STRASBOURG,14,0.12857142857142856
CHALON SUR SAONE,STRASBOURG,15,0.12692307692307692
CHALON SUR SAONE,STRASBOURG,16,0.12374517374517373
CHALON SUR SAONE,STRASBOURG,17,0.12192307692307693
CHALON SUR SAONE,STRASBOURG,18,0.1138996138996139
CHALON SUR SAONE,STRASBOURG,19,0.11453488372093024
CHALON SUR SAONE,STRASBOURG,20,0.10505836575875487
CHALON SUR SAONE,STRASBOURG,21,0.10252918287937744
CHALON SUR SAONE,STRASBOURG,22,0.09221789883268482
CHALON SUR SAONE,STRASBOURG,23,0.0919607843137255
CHALON SUR SAONE,STRASBOURG,24,0.08647058823529412
CHALON SUR SAONE,STRASBOURG,25,0.09071146245059289
CHALON SUR SAONE,STRASBOURG,26,0.09285714285714285
CHALON SUR SAONE,STRASBOURG,27,0.08784860557768924
CHALON SUR SAONE,STRASBOURG,28,0.0802788844621514
CHALON SUR SAONE,STRASBOURG,29,0.07191235059760956
CHALON SUR SAONE,STRASBOURG,30,0.013709677419354839
CHALON SUR SAONE,THIONVILLE,0,0.6652542372881356
CHALON SUR SAONE,THIONVILLE,1,0.6269662921348315
CHALON SUR SAONE,THIONVILLE,2,0.643820224719101
CHALON SUR SAONE,THIONVILLE,3,0.6446327683615819
CHALON SUR SAONE,THIONVILLE,4,0.24460227272727272
CHALON SUR SAONE,THIONVILLE,5,0.24597701149425286
CHALON SUR SAONE,THIONVILLE,6,0.2679190751445087
CHALON SUR SAONE,THIONVILLE,7,0.27672413793103445
CHALON SUR SAONE,THIONVILLE,8,0.2885057471264368
CHALON SUR SAONE,THIONVILLE,9,0.2988571428571428
CHALON SUR SAONE,THIONVILLE,10,0.28793103448275864
CHALON SUR SAONE,THIONVILLE,11,0.28901734104046245
CHALON SUR SAONE,THIONVILLE,12,0.12890173410404623
CHALON SUR SAONE,THIONVILLE,13,0.1263005780346821
CHALON SUR SAONE,THIONVILLE,14,0.12485714285714286
CHALON SUR SAONE,THIONVILLE,15,0.12443181818181817
CHALON SUR SAONE,THIONVILLE,16,0.12457142857142857
CHALON SUR SAONE,THIONVILLE,17,0.11371428571428571
CHALON SUR SAONE,THIONVILLE,18,0.11314285714285714
CHALON SUR SAONE,THIONVILLE,19,0.124
CHALON SUR SAONE,THIONVILLE,20,0.12571428571428572
CHALON SUR SAONE,THIONVILLE,21,0.12159090909090908
CHALON SUR SAONE,THIONVILLE,22,0.11477272727272726
CHALON SUR SAONE,THIONVILLE,23,0.11685714285714285
CHALON SUR SAONE,THIONVILLE,24,0.11505681818181818
CHALON SUR SAONE,THIONVILLE,25,0.1184659090909091
CHALON SUR SAONE,THIONVILLE,26,0.12102272727272728
CHALON SUR SAONE,THIONVILLE,27,0.11875
CHALON SUR SAONE,THIONVILLE,28,0.10681818181818183
CHALON SUR SAONE,THIONVILLE,29,0.09772727272727272
CHALON SUR SAONE,THIONVILLE,30,0.015229885057471264
COLMAR,LUXEMBOURG,0,0.4502380952380952
COLMAR,LUXEMBOURG,1,0.5095693779904307
COLMAR,LUXEMBOURG,2,0.5629186602870814
COLMAR,LUXEMBOURG,3,0.5842105263157894
COLMAR,LUXEMBOURG,4,0.22142857142857142
COLMAR,LUXEMBOURG,5,0.19808612440191387
COLMAR,LUXEMBOURG,6,0.20095693779904306
COLMAR,LUXEMBOURG,7,0.22655502392344498
COLMAR,LUXEMBOURG,8,0.22860576923076922
COLMAR,LUXEMBOURG,9,0.2543478260869565
COLMAR,LUXEMBOURG,10,0.25898058252427186
COLMAR,LUXEMBOURG,11,0.2640096618357488
COLMAR,LUXEMBOURG,12,0.055609756097560976
COLMAR,LUXEMBOURG,13,0.04902439024390244
COLMAR,LUXEMBOURG,14,0.05122549019607843
COLMAR,LUXEMBOURG,15,0.05443349753694582
COLMAR,LUXEMBOURG,16,0.0561576354679803
COLMAR,LUXEMBOURG,17,0.06856435643564356
COLMAR,LUXEMBOURG,18,0.06995073891625615
COLMAR,LUXEMBOURG,19,0.06965174129353234
COLMAR,LUXEMBOURG,20,0.07288557213930348
COLMAR,LUXEMBOURG,21,0.07039800995024875
COLMAR,LUXEMBOURG,22,0.07025
COLMAR,LUXEMBOURG,23,0.07075000000000001
COLMAR,LUXEMBOURG,24,0.07975
COLMAR,LUXEMBOURG,25,0.08407960199004974
COLMAR,LUXEMBOURG,26,0.08407960199004974
COLMAR,LUXEMBOURG,27,0.0815
COLMAR,LUXEMBOURG,28,0.07775
COLMAR,LUXEMBOURG,29,0.07613065326633166
COLMAR,LUXEMBOURG,30,0.011421319796954314
COLMAR,METZ VILLE,0,0.5255434782608696
COLMAR,METZ VILLE,1,0.5556363636363637
COLMAR,METZ VILLE,2,0.5812727272727273
COLMAR,METZ VILLE,3,0.5981818181818181
COLMAR,METZ VILLE,4,0.1960144927536232
COLMAR,METZ VILLE,5,0.18333333333333335
COLMAR,METZ VILLE,6,0.18677536231884057
COLMAR,METZ VILLE,7,0.19818181818181818
COLMAR,METZ VILLE,8,0.19671532846715328
COLMAR,METZ VILLE,9,0.2113138686131387
COLMAR,METZ VILLE,10,0.2164835164835165
COLMAR,METZ VILLE,11,0.22344322344322345
COLMAR,METZ VILLE,12,0.059375
COLMAR,METZ VILLE,13,0.05183823529411764
COLMAR,METZ VILLE,14,0.05239852398523985
COLMAR,METZ VILLE,15,0.0587037037037037
COLMAR,METZ VILLE,16,0.060037174721189586
COLMAR,METZ VILLE,17,0.06343283582089553
COLMAR,METZ VILLE,18,0.06511194029850746
COLMAR,METZ VILLE,19,0.06048689138576779
COLMAR,METZ VILLE,20,0.06554307116104868
COLMAR,METZ VILLE,21,0.06367041198501873
COLMAR,METZ VILLE,22,0.06390977443609022
COLMAR,METZ VILLE,23,0.06710526315789474
COLMAR,METZ VILLE,24,0.07218045112781954
COLMAR,METZ VILLE,25,0.07415730337078652
COLMAR,METZ VILLE,26,0.0745318352059925
COLMAR,METZ VILLE,27,0.07330827067669173
COLMAR,METZ VILLE,28,0.07424812030075188
COLMAR,METZ VILLE,29,0.07415094339622641
COLMAR,METZ VILLE,30,0.013688212927756654
COLMAR,NANCY,0,0.3357142857142857
COLMAR,NANCY,1,0.35902255639097747
COLMAR,NANCY,2,0.40789473684210525
COLMAR,NANCY,3,0.4462406015037594
COLMAR,NANCY,4,0.13947368421052633
COLMAR,NANCY,5,0.14772727272727273
COLMAR,NANCY,6,0.16192307692307692
COLMAR,NANCY,7,0.16259541984732825
COLMAR,NANCY,8,0.15692307692307692
COLMAR,NANCY,9,0.1346153846153846
COLMAR,NANCY,10,0.1320610687022901
COLMAR,NANCY,11,0.13769230769230767
COLMAR,NANCY,12,0.17115384615384616
COLMAR,NANCY,13,0.1823076923076923
COLMAR,NANCY,14,0.1853846153846154
COLMAR,NANCY,15,0.19038461538461537
COLMAR,NANCY,16,0.1941860465116279
COLMAR,NANCY,17,0.1996153846153846
COLMAR,NANCY,18,0.1996153846153846
COLMAR,NANCY,19,0.201171875
COLMAR,NANCY,20,0.208203125
COLMAR,NANCY,21,0.21472868217054264
COLMAR,NANCY,22,0.21705426356589147
COLMAR,NANCY,23,0.2248062015503876
COLMAR,NANCY,24,0.23359375
COLMAR,NANCY,25,0.2317829457364341
COLMAR,NANCY,26,0.234765625
COLMAR,NANCY,27,0.23992248062015503
COLMAR,NANCY,28,0.24108527131782947
COLMAR,NANCY,29,0.22868217054263565
COLMAR,NANCY,30,0.03333333333333333
COLMAR,STRASBOURG,0,0.5462199312714776
COLMAR,STRASBOURG,1,0.5833333333333334
COLMAR,STRASBOURG,2,0.6142611683848798
COLMAR,STRASBOURG,3,0.6338487972508591
COLMAR,STRASBOURG,4,0.2231164383561644
COLMAR,STRASBOURG,5,0.21443298969072164
COLMAR,STRASBOURG,6,0.21758620689655173
COLMAR,STRASBOURG,7,0.221280276816609
COLMAR,STRASBOURG,8,0.21770833333333334
COLMAR,STRASBOURG,9,0.22934027777777777
COLMAR,STRASBOURG,10,0.2343205574912892
COLMAR,STRASBOURG,11,0.24006968641114984
COLMAR,STRASBOURG,12,0.1339160839160839
COLMAR,STRASBOURG,13,0.13543859649122808
COLMAR,STRASBOURG,14,0.13838028169014083
COLMAR,STRASBOURG,15,0.14257950530035335
COLMAR,STRASBOURG,16,0.14680851063829786
COLMAR,STRASBOURG,17,0.15302491103202848
COLMAR,STRASBOURG,18,0.1512455516014235
COLMAR,STRASBOURG,19,0.14339285714285713
COLMAR,STRASBOURG,20,0.14357142857142857
COLMAR,STRASBOURG,21,0.14410714285714285
COLMAR,STRASBOURG,22,0.14354838709677417
COLMAR,STRASBOURG,23,0.1489247311827957
COLMAR,STRASBOURG,24,0.14946236559139786
COLMAR,STRASBOURG,25,0.15392857142857144
COLMAR,STRASBOURG,26,0.14910394265232976
COLMAR,STRASBOURG,27,0.1489247311827957
COLMAR,STRASBOURG,28,0.15035842293906812
COLMAR,STRASBOURG,29,0.14388489208633093
COLMAR,STRASBOURG,30,0.02789855072463768
COLMAR,THIONVILLE,0,0.4777327935222672
COLMAR,THIONVILLE,1,0.5327235772357723
COLMAR,THIONVILLE,2,0.5713414634146342
COLMAR,THIONVILLE,3,0.5770325203252032
COLMAR,THIONVILLE,4,0.19392712550607286
COLMAR,THIONVILLE,5,0.17032520325203251
COLMAR,THIONVILLE,6,0.17052845528455285
COLMAR,THIONVILLE,7,0.19308943089430894
COLMAR,THIONVILLE,8,0.19122448979591838
COLMAR,THIONVILLE,9,0.21086065573770493
COLMAR,THIONVILLE,10,0.22242798353909463
COLMAR,THIONVILLE,11,0.2223360655737705
COLMAR,THIONVILLE,12,0.04731404958677685
COLMAR,THIONVILLE,13,0.040702479338842974
COLMAR,THIONVILLE,14,0.043568464730290454
COLMAR,THIONVILLE,15,0.04604166666666667
COLMAR,THIONVILLE,16,0.04833333333333333
COLMAR,THIONVILLE,17,0.059832635983263605
COLMAR,THIONVILLE,18,0.060000000000000005
COLMAR,THIONVILLE,19,0.058823529411764705
COLMAR,THIONVILLE,20,0.06239495798319328
COLMAR,THIONVILLE,21,0.06050420168067227
COLMAR,THIONVILLE,22,0.05907172995780591
COLMAR,THIONVILLE,23,0.059282700421940934
COLMAR,THIONVILLE,24,0.06687763713080169
COLMAR,THIONVILLE,25,0.07121848739495798
COLMAR,THIONVILLE,26,0.07121848739495798
COLMAR,THIONVILLE,27,0.06814345991561181
COLMAR,THIONVILLE,28,0.0660337552742616
COLMAR,THIONVILLE,29,0.06504237288135593
COLMAR,THIONVILLE,30,0.008974358974358975
DIJON VILLE,BELFORT MONTBELIARD TGV,0,0.6666666666666666
DIJON VILLE,BELFORT MONTBELIARD TGV,1,0.6884384384384384
DIJON VILLE,BELFORT MONTBELIARD TGV,2,0.6929429429429429
DIJON VILLE,BELFORT MONTBELIARD TGV,3,0.7117117117117117
DIJON VILLE,BELFORT MONTBELIARD TGV,4,0.3477544910179641
DIJON VILLE,BELFORT MONTBELIARD TGV,5,0.3421921921921922
DIJON VILLE,BELFORT MONTBELIARD TGV,6,0.34427710843373494
DIJON VILLE,BELFORT MONTBELIARD TGV,7,0.33731117824773416
DIJON VILLE,BELFORT MONTBELIARD TGV,8,0.3334848484848485
DIJON VILLE,BELFORT MONTBELIARD TGV,9,0.3383333333333334
DIJON VILLE,BELFORT MONTBELIARD TGV,10,0.3496960486322188
DIJON VILLE,BELFORT MONTBELIARD TGV,11,0.3344984802431611
DIJON VILLE,BELFORT MONTBELIARD TGV,12,0.22545731707317074
DIJON VILLE,BELFORT MONTBELIARD TGV,13,0.2157492354740061
DIJON VILLE,BELFORT MONTBELIARD TGV,14,0.21871165644171778
DIJON VILLE,BELFORT MONTBELIARD TGV,15,0.22353846153846155
DIJON VILLE,BELFORT MONTBELIARD TGV,16,0.2219135802469136
DIJON VILLE,BELFORT MONTBELIARD TGV,17,0.22006172839506172
DIJON VILLE,BELFORT MONTBELIARD TGV,18,0.21651234567901237
DIJON VILLE,BELFORT MONTBELIARD TGV,19,0.20789473684210527
DIJON VILLE,BELFORT MONTBELIARD TGV,20,0.20341614906832298
DIJON VILLE,BELFORT MONTBELIARD TGV,21,0.20015576323987538
DIJON VILLE,BELFORT MONTBELIARD TGV,22,0.196875
DIJON VILLE,BELFORT MONTBELIARD TGV,23,0.20031249999999998
DIJON VILLE,BELFORT MONTBELIARD TGV,24,0.19984326018808776
DIJON VILLE,BELFORT MONTBELIARD TGV,25,0.19433962264150942
DIJON VILLE,BELFORT MONTBELIARD TGV,26,0.19290220820189274
DIJON VILLE,BELFORT MONTBELIARD TGV,27,0.18623417721518987
DIJON VILLE,BELFORT MONTBELIARD TGV,28,0.18555555555555553
DIJON VILLE,BELFORT MONTBELIARD TGV,29,0.17738853503184715
DIJON VILLE,BELFORT MONTBELIARD TGV,30,0.035416666666666666
DIJON VILLE,BESANCON FRANCHE COMTE TGV,0,0.5244744744744745
DIJON VILLE,BESANCON FRANCHE COMTE TGV,1,0.5295795795795796
DIJON VILLE,BESANCON FRANCHE COMTE TGV,2,0.5504504504504505
DIJON VILLE,BESANCON FRANCHE COMTE TGV,3,0.5402402402402403
DIJON VILLE,BESANCON FRANCHE COMTE TGV,4,0.21092814371257487
DIJON VILLE,BESANCON FRANCHE COMTE TGV,5,0.20990990990990993
DIJON VILLE,BESANCON FRANCHE COMTE TGV,6,0.2239457831325301
DIJON VILLE,BESANCON FRANCHE COMTE TGV,7,0.23021148036253777
DIJON VILLE,BESANCON FRANCHE COMTE TGV,8,0.2356060606060606
DIJON VILLE,BESANCON FRANCHE COMTE TGV,9,0.2043939393939394
DIJON VILLE,BESANCON FRANCHE COMTE TGV,10,0.18601823708206688
DIJON VILLE,BESANCON FRANCHE COMTE TGV,11,0.1717325227963526
DIJON VILLE,BESANCON FRANCHE COMTE TGV,12,0.14878048780487804
DIJON VILLE,BESANCON FRANCHE COMTE TGV,13,0.1492354740061162
DIJON VILLE,BESANCON FRANCHE COMTE TGV,14,0.15153374233128833
DIJON VILLE,BESANCON FRANCHE COMTE TGV,15,0.15461538461538463
DIJON VILLE,BESANCON FRANCHE COMTE TGV,16,0.15185185185185185
DIJON VILLE,BESANCON FRANCHE COMTE TGV,17,0.14969135802469136
DIJON VILLE,BESANCON FRANCHE COMTE TGV,18,0.14537037037037037
DIJON VILLE,BESANCON FRANCHE COMTE TGV,19,0.1540247678018576
DIJON VILLE,BESANCON FRANCHE COMTE TGV,20,0.15885093167701864
DIJON VILLE,BESANCON FRANCHE COMTE TGV,21,0.16137071651090343
DIJON VILLE,BESANCON FRANCHE COMTE TGV,22,0.1596875
DIJON VILLE,BESANCON FRANCHE COMTE TGV,23,0.15875
DIJON VILLE,BESANCON FRANCHE COMTE TGV,24,0.15987460815047022
DIJON VILLE,BESANCON FRANCHE COMTE TGV,25,0.15660377358490565
DIJON VILLE,BESANCON FRANCHE COMTE TGV,26,0.15599369085173503
DIJON VILLE,BESANCON FRANCHE COMTE TGV,27,0.1514240506329114
DIJON VILLE,BESANCON FRANCHE COMTE TGV,28,0.15603174603174602
DIJON VILLE,BESANCON FRANCHE COMTE TGV,29,0.1479299363057325
DIJON VILLE,BESANCON FRANCHE COMTE TGV,30,0.023557692307692307
DIJON VILLE,COLMAR,0,0.6061855670103093
DIJON VILLE,COLMAR,1,0.6427835051546392
DIJON VILLE,COLMAR,2,0.6663230240549828
DIJON VILLE,COLMAR,3,0.6850515463917526
DIJON VILLE,COLMAR,4,0.2714041095890411
DIJON VILLE,COLMAR,5,0.2580756013745704
DIJON VILLE,COLMAR,6,0.26844827586206893
DIJON VILLE,COLMAR,7,0.25467128027681657
DIJON VILLE,COLMAR,8,0.24930555555555556
DIJON VILLE,COLMAR,9,0.24947916666666664
DIJON VILLE,COLMAR,10,0.2554006968641115
DIJON VILLE,COLMAR,11,0.2618466898954704
DIJON VILLE,COLMAR,12,0.14213286713286713
DIJON VILLE,COLMAR,13,0.1392982456140351
DIJON VILLE,COLMAR,14,0.1443661971830986
DIJON VILLE,COLMAR,15,0.1501766784452297
DIJON VILLE,COLMAR,16,0.15017730496453902
DIJON VILLE,COLMAR,17,0.1505338078291815
DIJON VILLE,COLMAR,18,0.14750889679715304
DIJON VILLE,COLMAR,19,0.1439285714285714
DIJON VILLE,COLMAR,20,0.14607142857142857
DIJON VILLE,COLMAR,21,0.1457142857142857
DIJON VILLE,COLMAR,22,0.14354838709677417
DIJON VILLE,COLMAR,23,0.14623655913978495
DIJON VILLE,COLMAR,24,0.153584229390681
DIJON VILLE,COLMAR,25,0.15714285714285714
DIJON VILLE,COLMAR,26,0.15161290322580645
DIJON VILLE,COLMAR,27,0.14874551971326164
DIJON VILLE,COLMAR,28,0.15304659498207887
DIJON VILLE,COLMAR,29,0.14406474820143883
DIJON VILLE,COLMAR,30,0.023731884057971015
DIJON VILLE,LUXEMBOURG,0,0.5875478927203065
DIJON VILLE,LUXEMBOURG,1,0.6042145593869731
DIJON VILLE,LUXEMBOURG,2,0.6279693486590039
DIJON VILLE,LUXEMBOURG,3,0.64
DIJON VILLE,LUXEMBOURG,4,0.2755769230769231
DIJON VILLE,LUXEMBOURG,5,0.26563706563706563
DIJON VILLE,LUXEMBOURG,6,0.2757751937984496
DIJON VILLE,LUXEMBOURG,7,0.28701550387596897
DIJON VILLE,LUXEMBOURG,8,0.28424124513618676
DIJON VILLE,LUXEMBOURG,9,0.2974609375
DIJON VILLE,LUXEMBOURG,10,0.2984251968503937
DIJON VILLE,LUXEMBOURG,11,0.29763779527559053
DIJON VILLE,LUXEMBOURG,12,0.10433070866141732
DIJON VILLE,LUXEMBOURG,13,0.10019685039370078
DIJON VILLE,LUXEMBOURG,14,0.09940711462450592
DIJON VILLE,LUXEMBOURG,15,0.0990079365079365
DIJON VILLE,LUXEMBOURG,16,0.09285714285714285
DIJON VILLE,LUXEMBOURG,17,0.09183266932270917
DIJON VILLE,LUXEMBOURG,18,0.09322709163346612
DIJON VILLE,LUXEMBOURG,19,0.0998
DIJON VILLE,LUXEMBOURG,20,0.1024
DIJON VILLE,LUXEMBOURG,21,0.1004
DIJON VILLE,LUXEMBOURG,22,0.09136546184738956
DIJON VILLE,LUXEMBOURG,23,0.09196787148594376
DIJON VILLE,LUXEMBOURG,24,0.09799196787148594
DIJON VILLE,LUXEMBOURG,25,0.1044
DIJON VILLE,LUXEMBOURG,26,0.1062
DIJON VILLE,LUXEMBOURG,27,0.10220883534136546
DIJON VILLE,LUXEMBOURG,28,0.10401606425702811
DIJON VILLE,LUXEMBOURG,29,0.09475806451612903
DIJON VILLE,LUXEMBOURG,30,0.01402439024390244
DIJON VILLE,METZ VILLE,0,0.6248456790123457
DIJON VILLE,METZ VILLE,1,0.6262345679012346
DIJON VILLE,METZ VILLE,2,0.6560185185185186
DIJON VILLE,METZ VILLE,3,0.6580246913580247
DIJON VILLE,METZ VILLE,4,0.26882716049382716
DIJON VILLE,METZ VILLE,5,0.25696594427244585
DIJON VILLE,METZ VILLE,6,0.26785714285714285
DIJON VILLE,METZ VILLE,7,0.2690031152647975
DIJON VILLE,METZ VILLE,8,0.26421875
DIJON VILLE,METZ VILLE,9,0.27078125000000003
DIJON VILLE,METZ VILLE,10,0.27437106918238996
DIJON VILLE,METZ VILLE,11,0.28144654088050314
DIJON VILLE,METZ VILLE,12,0.1180817610062893
DIJON VILLE,METZ VILLE,13,0.10646687697160884
DIJON VILLE,METZ VILLE,14,0.10585443037974684
DIJON VILLE,METZ VILLE,15,0.10777777777777779
DIJON VILLE,METZ VILLE,16,0.10286624203821655
DIJON VILLE,METZ VILLE,17,0.0998407643312102
DIJON VILLE,METZ VILLE,18,0.09824281150159744
DIJON VILLE,METZ VILLE,19,0.09935897435897435
DIJON VILLE,METZ VILLE,20,0.10289389067524116
DIJON VILLE,METZ VILLE,21,0.09693548387096775
DIJON VILLE,METZ VILLE,22,0.0912621359223301
DIJON VILLE,METZ VILLE,23,0.09368932038834951
DIJON VILLE,METZ VILLE,24,0.09433656957928802
DIJON VILLE,METZ VILLE,25,0.1
DIJON VILLE,METZ VILLE,26,0.100814332247557
DIJON VILLE,METZ VILLE,27,0.09509803921568628
DIJON VILLE,METZ VILLE,28,0.0978688524590164
DIJON VILLE,METZ VILLE,29,0.09078947368421053
DIJON VILLE,METZ VILLE,30,0.015066225165562913
DIJON VILLE,MULHOUSE VILLE,0,0.6684684684684684
DIJON VILLE,MULHOUSE VILLE,1,0.6944444444444444
DIJON VILLE,MULHOUSE VILLE,2,0.7174174174174174
DIJON VILLE,MULHOUSE VILLE,3,0.7304804804804805
DIJON VILLE,MULHOUSE VILLE,4,0.37005988023952097
DIJON VILLE,MULHOUSE VILLE,5,0.36816816816816816
DIJON VILLE,MULHOUSE VILLE,6,0.3778614457831325
DIJON VILLE,MULHOUSE VILLE,7,0.3640483383685801
DIJON VILLE,MULHOUSE VILLE,8,0.35954545454545456
DIJON VILLE,MULHOUSE VILLE,9,0.36484848484848487
DIJON VILLE,MULHOUSE VILLE,10,0.36048632218844984
DIJON VILLE,MULHOUSE VILLE,11,0.34772036474164136
DIJON VILLE,MULHOUSE VILLE,12,0.2239329268292683
DIJON VILLE,MULHOUSE VILLE,13,0.21391437308868502
DIJON VILLE,MULHOUSE VILLE,14,0.22392638036809817
DIJON VILLE,MULHOUSE VILLE,15,0.22753846153846155
DIJON VILLE,MULHOUSE VILLE,16,0.22422839506172842
DIJON VILLE,MULHOUSE VILLE,17,0.2199074074074074
DIJON VILLE,MULHOUSE VILLE,18,0.21419753086419754
DIJON VILLE,MULHOUSE VILLE,19,0.21439628482972137
DIJON VILLE,MULHOUSE VILLE,20,0.21304347826086956
DIJON VILLE,MULHOUSE VILLE,21,0.20404984423676012
DIJON VILLE,MULHOUSE VILLE,22,0.1975
DIJON VILLE,MULHOUSE VILLE,23,0.1965625
DIJON VILLE,MULHOUSE VILLE,24,0.19984326018808776
DIJON VILLE,MULHOUSE VILLE,25,0.20267295597484278
DIJON VILLE,MULHOUSE VILLE,26,0.20063091482649842
DIJON VILLE,MULHOUSE VILLE,27,0.1916139240506329
DIJON VILLE,MULHOUSE VILLE,28,0.19285714285714287
DIJON VILLE,MULHOUSE VILLE,29,0.17977707006369428
DIJON VILLE,MULHOUSE VILLE,30,0.02980769230769231
DIJON VILLE,NANCY,0,0.45977443609022556
DIJON VILLE,NANCY,1,0.5428571428571429
DIJON VILLE,NANCY,2,0.618796992481203
DIJON VILLE,NANCY,3,0.6101503759398497
DIJON VILLE,NANCY,4,0.17593984962406015
DIJON VILLE,NANCY,5,0.20189393939393938
DIJON VILLE,NANCY,6,0.22692307692307692
DIJON VILLE,NANCY,7,0.22328244274809161
DIJON VILLE,NANCY,8,0.21846153846153846
DIJON VILLE,NANCY,9,0.19192307692307692
DIJON VILLE,NANCY,10,0.19312977099236642
DIJON VILLE,NANCY,11,0.1973076923076923
DIJON VILLE,NANCY,12,0.19653846153846155
DIJON VILLE,NANCY,13,0.2026923076923077
DIJON VILLE,NANCY,14,0.21076923076923076
DIJON VILLE,NANCY,15,0.21
DIJON VILLE,NANCY,16,0.21124031007751937
DIJON VILLE,NANCY,17,0.2153846153846154
DIJON VILLE,NANCY,18,0.20961538461538462
DIJON VILLE,NANCY,19,0.218359375
DIJON VILLE,NANCY,20,0.219921875
DIJON VILLE,NANCY,21,0.22403100775193796
DIJON VILLE,NANCY,22,0.22441860465116278
DIJON VILLE,NANCY,23,0.22635658914728682
DIJON VILLE,NANCY,24,0.2390625
DIJON VILLE,NANCY,25,0.23992248062015503
DIJON VILLE,NANCY,26,0.24140625
DIJON VILLE,NANCY,27,0.24069767441860465
DIJON VILLE,NANCY,28,0.24612403100775193
DIJON VILLE,NANCY,29,0.24069767441860465
DIJON VILLE,NANCY,30,0.03488372093023256
DIJON VILLE,STRASBOURG,0,0.6765765765765767
DIJON VILLE,STRASBOURG,1,0.6963963963963964
DIJON VILLE,STRASBOURG,2,0.7237237237237237
DIJON VILLE,STRASBOURG,3,0.7336336336336337
DIJON VILLE,STRASBOURG,4,0.37739520958083833
DIJON VILLE,STRASBOURG,5,0.37357357357357357
DIJON VILLE,STRASBOURG,6,0.38042168674698795
DIJON VILLE,STRASBOURG,7,0.36691842900302113
DIJON VILLE,STRASBOURG,8,0.35924242424242425
DIJON VILLE,STRASBOURG,9,0.3615151515151515
DIJON VILLE,STRASBOURG,10,0.35820668693009117
DIJON VILLE,STRASBOURG,11,0.3484802431610942
DIJON VILLE,STRASBOURG,12,0.22469512195121952
DIJON VILLE,STRASBOURG,13,0.2165137614678899
DIJON VILLE,STRASBOURG,14,0.2223926380368098
DIJON VILLE,STRASBOURG,15,0.22692307692307692
DIJON VILLE,STRASBOURG,16,0.22376543209876543
DIJON VILLE,STRASBOURG,17,0.21882716049382717
DIJON VILLE,STRASBOURG,18,0.2146604938271605
DIJON VILLE,STRASBOURG,19,0.21331269349845203
DIJON VILLE,STRASBOURG,20,0.21024844720496896
DIJON VILLE,STRASBOURG,21,0.2071651090342679
DIJON VILLE,STRASBOURG,22,0.196875
DIJON VILLE,STRASBOURG,23,0.19578125
DIJON VILLE,STRASBOURG,24,0.19968652037617557
DIJON VILLE,STRASBOURG,25,0.204874213836478
DIJON VILLE,STRASBOURG,26,0.20141955835962144
DIJON VILLE,STRASBOURG,27,0.19098101265822784
DIJON VILLE,STRASBOURG,28,0.19634920634920636
DIJON VILLE,STRASBOURG,29,0.17961783439490445
DIJON VILLE,STRASBOURG,30,0.041185897435897435
DIJON VILLE,THIONVILLE,0,0.6043478260869565
DIJON VILLE,THIONVILLE,1,0.6140468227424749
DIJON VILLE,THIONVILLE,2,0.6309364548494983
DIJON VILLE,THIONVILLE,3,0.6355704697986577
DIJON VILLE,THIONVILLE,4,0.24161073825503357
DIJON VILLE,THIONVILLE,5,0.23131313131313133
DIJON VILLE,THIONVILLE,6,0.24206081081081082
DIJON VILLE,THIONVILLE,7,0.2513513513513514
DIJON VILLE,THIONVILLE,8,0.25389830508474576
DIJON VILLE,THIONVILLE,9,0.2586734693877551
DIJON VILLE,THIONVILLE,10,0.2671232876712329
DIJON VILLE,THIONVILLE,11,0.2645547945205479
DIJON VILLE,THIONVILLE,12,0.0964041095890411
DIJON VILLE,THIONVILLE,13,0.08750000000000001
DIJON VILLE,THIONVILLE,14,0.08505154639175258
DIJON VILLE,THIONVILLE,15,0.08603448275862069
DIJON VILLE,THIONVILLE,16,0.08362068965517241
DIJON VILLE,THIONVILLE,17,0.08062283737024221
DIJON VILLE,THIONVILLE,18,0.08114186851211072
DIJON VILLE,THIONVILLE,19,0.0875
DIJON VILLE,THIONVILLE,20,0.09114583333333333
DIJON VILLE,THIONVILLE,21,0.08715277777777779
DIJON VILLE,THIONVILLE,22,0.08066202090592334
DIJON VILLE,THIONVILLE,23,0.08048780487804878
DIJON VILLE,THIONVILLE,24,0.08449477351916376
DIJON VILLE,THIONVILLE,25,0.09045138888888889
DIJON VILLE,THIONVILLE,26,0.09253472222222221
DIJON VILLE,THIONVILLE,27,0.08797909407665505
DIJON VILLE,THIONVILLE,28,0.08937282229965156
DIJON VILLE,THIONVILLE,29,0.08251748251748252
DIJON VILLE,THIONVILLE,30,0.015140845070422534
LES ARCS DRAGUIGNAN,AIX EN PROVENCE TGV,0,0.25578512396694214
LES ARCS DRAGUIGNAN,AIX EN PROVENCE TGV,1,0.2889344262295082
LES ARCS DRAGUIGNAN,AIX EN PROVENCE TGV,2,0.31900826446280994
LES ARCS DRAGUIGNAN,AIX EN PROVENCE TGV,3,0.36106557377049175
LES ARCS DRAGUIGNAN,AIX EN PROVENCE TGV,4,0.1692622950819672
LES ARCS DRAGUIGNAN,AIX EN PROVENCE TGV,5,0.15826446280991735
LES ARCS DRAGUIGNAN,AIX EN PROVENCE TGV,6,0.15330578512396695
LES ARCS DRAGUIGNAN,AIX EN PROVENCE TGV,7,0.13347107438016528
LES ARCS DRAGUIGNAN,AIX EN PROVENCE TGV,8,0.13429752066115702
LES ARCS DRAGUIGNAN,AIX EN PROVENCE TGV,9,0.14008264462809916
LES ARCS DRAGUIGNAN,AIX EN PROVENCE TGV,10,0.14344262295081966
LES ARCS DRAGUIGNAN,AIX EN PROVENCE TGV,11,0.13553719008264462
LES ARCS DRAGUIGNAN,AIX EN PROVENCE TGV,12,0.15
LES ARCS DRAGUIGNAN,AIX EN PROVENCE TGV,13,0.155327868852459
LES ARCS DRAGUIGNAN,AIX EN PROVENCE TGV,14,0.15614754098360656
LES ARCS DRAGUIGNAN,AIX EN PROVENCE TGV,15,0.15491803278688523
LES ARCS DRAGUIGNAN,AIX EN PROVENCE TGV,16,0.16404958677685952
LES ARCS DRAGUIGNAN,AIX EN PROVENCE TGV,17,0.17008196721311475
LES ARCS DRAGUIGNAN,AIX EN PROVENCE TGV,18,0.16393442622950818
LES ARCS DRAGUIGNAN,AIX EN PROVENCE TGV,19,0.16446280991735537
LES ARCS DRAGUIGNAN,AIX EN PROVENCE TGV,20,0.1590909090909091
LES ARCS DRAGUIGNAN,AIX EN PROVENCE TGV,21,0.16229508196721312
LES ARCS DRAGUIGNAN,AIX EN PROVENCE TGV,22,0.16434426229508198
LES ARCS DRAGUIGNAN,AIX EN PROVENCE TGV,23,0.17049180327868854
LES ARCS DRAGUIGNAN,AIX EN PROVENCE TGV,24,0.17786885245901637
LES ARCS DRAGUIGNAN,AIX EN PROVENCE TGV,25,0.1831967213114754
LES ARCS DRAGUIGNAN,AIX EN PROVENCE TGV,26,0.17396694214876032
LES ARCS DRAGUIGNAN,AIX EN PROVENCE TGV,27,0.1762295081967213
LES ARCS DRAGUIGNAN,AIX EN PROVENCE TGV,28,0.18196721311475408
LES ARCS DRAGUIGNAN,AIX EN PROVENCE TGV,29,0.17786885245901637
LES ARCS DRAGUIGNAN,AIX EN PROVENCE TGV,30,0.02933884297520661
LES ARCS DRAGUIGNAN,AVIGNON TGV,0,0.2524793388429752
LES ARCS DRAGUIGNAN,AVIGNON TGV,1,0.3
LES ARCS DRAGUIGNAN,AVIGNON TGV,2,0.32727272727272727
LES ARCS DRAGUIGNAN,AVIGNON TGV,3,0.36721311475409835
LES ARCS DRAGUIGNAN,AVIGNON TGV,4,0.17295081967213116
LES ARCS DRAGUIGNAN,AVIGNON TGV,5,0.15950413223140497
LES ARCS DRAGUIGNAN,AVIGNON TGV,6,0.15289256198347106
LES ARCS DRAGUIGNAN,AVIGNON TGV,7,0.13801652892561983
LES ARCS DRAGUIGNAN,AVIGNON TGV,8,0.1396694214876033
LES ARCS DRAGUIGNAN,AVIGNON TGV,9,0.14256198347107438
LES ARCS DRAGUIGNAN,AVIGNON TGV,10,0.14467213114754096
LES ARCS DRAGUIGNAN,AVIGNON TGV,11,0.13760330578512395
LES ARCS DRAGUIGNAN,AVIGNON TGV,12,0.14669421487603307
LES ARCS DRAGUIGNAN,AVIGNON TGV,13,0.15163934426229508
LES ARCS DRAGUIGNAN,AVIGNON TGV,14,0.15614754098360656
LES ARCS DRAGUIGNAN,AVIGNON TGV,15,0.1557377049180328
LES ARCS DRAGUIGNAN,AVIGNON TGV,16,0.16322314049586778
LES ARCS DRAGUIGNAN,AVIGNON TGV,17,0.16885245901639345
LES ARCS DRAGUIGNAN,AVIGNON TGV,18,0.16598360655737704
LES ARCS DRAGUIGNAN,AVIGNON TGV,19,0.16363636363636364
LES ARCS DRAGUIGNAN,AVIGNON TGV,20,0.1578512396694215
LES ARCS DRAGUIGNAN,AVIGNON TGV,21,0.16229508196721312
LES ARCS DRAGUIGNAN,AVIGNON TGV,22,0.16147540983606556
LES ARCS DRAGUIGNAN,AVIGNON TGV,23,0.16967213114754098
LES ARCS DRAGUIGNAN,AVIGNON TGV,24,0.17868852459016393
LES ARCS DRAGUIGNAN,AVIGNON TGV,25,0.1831967213114754
LES ARCS DRAGUIGNAN,AVIGNON TGV,26,0.17520661157024792
LES ARCS DRAGUIGNAN,AVIGNON TGV,27,0.17827868852459017
LES ARCS DRAGUIGNAN,AVIGNON TGV,28,0.18565573770491803
LES ARCS DRAGUIGNAN,AVIGNON TGV,29,0.17704918032786887
LES ARCS DRAGUIGNAN,AVIGNON TGV,30,0.026859504132231406
LES ARCS DRAGUIGNAN,BEAUNE,0,0.2305785123966942
LES ARCS DRAGUIGNAN,BEAUNE,1,0.27090163934426226
LES ARCS DRAGUIGNAN,BEAUNE,2,0.3210743801652893
LES ARCS DRAGUIGNAN,BEAUNE,3,0.3295081967213115
LES ARCS DRAGUIGNAN,BEAUNE,4,0.12540983606557377
LES ARCS DRAGUIGNAN,BEAUNE,5,0.12603305785123967
LES ARCS DRAGUIGNAN,BEAUNE,6,0.12272727272727273
LES ARCS DRAGUIGNAN,BEAUNE,7,0.10909090909090909
LES ARCS DRAGUIGNAN,BEAUNE,8,0.10206611570247934
LES ARCS DRAGUIGNAN,BEAUNE,9,0.09999999999999999
LES ARCS DRAGUIGNAN,BEAUNE,10,0.09836065573770492
LES ARCS DRAGUIGNAN,BEAUNE,11,0.09958677685950414
LES ARCS DRAGUIGNAN,BEAUNE,12,0.11363636363636363
LES ARCS DRAGUIGNAN,BEAUNE,13,0.11434426229508196
LES ARCS DRAGUIGNAN,BEAUNE,14,0.10737704918032787
LES ARCS DRAGUIGNAN,BEAUNE,15,0.10655737704918032
LES ARCS DRAGUIGNAN,BEAUNE,16,0.10785123966942149
LES ARCS DRAGUIGNAN,BEAUNE,17,0.1069672131147541
LES ARCS DRAGUIGNAN,BEAUNE,18,0.1069672131147541
LES ARCS DRAGUIGNAN,BEAUNE,19,0.10743801652892562
LES ARCS DRAGUIGNAN,BEAUNE,20,0.10743801652892562
LES ARCS DRAGUIGNAN,BEAUNE,21,0.10614754098360656
LES ARCS DRAGUIGNAN,BEAUNE,22,0.09999999999999999
LES ARCS DRAGUIGNAN,BEAUNE,23,0.09959016393442623
LES ARCS DRAGUIGNAN,BEAUNE,24,0.0987704918032787
LES ARCS DRAGUIGNAN,BEAUNE,25,0.09918032786885246
LES ARCS DRAGUIGNAN,BEAUNE,26,0.09999999999999999
LES ARCS DRAGUIGNAN,BEAUNE,27,0.09795081967213114
LES ARCS DRAGUIGNAN,BEAUNE,28,0.09754098360655739
LES ARCS DRAGUIGNAN,BEAUNE,29,0.09549180327868853
LES ARCS DRAGUIGNAN,BEAUNE,30,0.009504132231404958
LES ARCS DRAGUIGNAN,BELFORT MONTBELIARD TGV,0,0.27338709677419354
LES ARCS DRAGUIGNAN,BELFORT MONTBELIARD TGV,1,0.3172
LES ARCS DRAGUIGNAN,BELFORT MONTBELIARD TGV,2,0.3629032258064516
LES ARCS DRAGUIGNAN,BELFORT MONTBELIARD TGV,3,0.39280000000000004
LES ARCS DRAGUIGNAN,BELFORT MONTBELIARD TGV,4,0.1096
LES ARCS DRAGUIGNAN,BELFORT MONTBELIARD TGV,5,0.10362903225806451
LES ARCS DRAGUIGNAN,BELFORT MONTBELIARD TGV,6,0.1120967741935484
LES ARCS DRAGUIGNAN,BELFORT MONTBELIARD TGV,7,0.10766129032258064
LES ARCS DRAGUIGNAN,BELFORT MONTBELIARD TGV,8,0.10403225806451613
LES ARCS DRAGUIGNAN,BELFORT MONTBELIARD TGV,9,0.10403225806451613
LES ARCS DRAGUIGNAN,BELFORT MONTBELIARD TGV,10,0.1004
LES ARCS DRAGUIGNAN,BELFORT MONTBELIARD TGV,11,0.1064516129032258
LES ARCS DRAGUIGNAN,BELFORT MONTBELIARD TGV,12,0.11249999999999999
LES ARCS DRAGUIGNAN,BELFORT MONTBELIARD TGV,13,0.11159999999999999
LES ARCS DRAGUIGNAN,BELFORT MONTBELIARD TGV,14,0.104
LES ARCS DRAGUIGNAN,BELFORT MONTBELIARD TGV,15,0.104
LES ARCS DRAGUIGNAN,BELFORT MONTBELIARD TGV,16,0.10483870967741936
LES ARCS DRAGUIGNAN,BELFORT MONTBELIARD TGV,17,0.104
LES ARCS DRAGUIGNAN,BELFORT MONTBELIARD TGV,18,0.104
LES ARCS DRAGUIGNAN,BELFORT MONTBELIARD TGV,19,0.10483870967741936
LES ARCS DRAGUIGNAN,BELFORT MONTBELIARD TGV,20,0.10483870967741936
LES ARCS DRAGUIGNAN,BELFORT MONTBELIARD TGV,21,0.1032
LES ARCS DRAGUIGNAN,BELFORT MONTBELIARD TGV,22,0.096
LES ARCS DRAGUIGNAN,BELFORT MONTBELIARD TGV,23,0.096
LES ARCS DRAGUIGNAN,BELFORT MONTBELIARD TGV,24,0.0964
LES ARCS DRAGUIGNAN,BELFORT MONTBELIARD TGV,25,0.0968
LES ARCS DRAGUIGNAN,BELFORT MONTBELIARD TGV,26,0.09717741935483871
LES ARCS DRAGUIGNAN,BELFORT MONTBELIARD TGV,27,0.096
LES ARCS DRAGUIGNAN,BELFORT MONTBELIARD TGV,28,0.09720000000000001
LES ARCS DRAGUIGNAN,BELFORT MONTBELIARD TGV,29,0.096
LES ARCS DRAGUIGNAN,BELFORT MONTBELIARD TGV,30,0.009274193548387098
LES ARCS DRAGUIGNAN,BESANCON FRANCHE COMTE TGV,0,0.2411290322580645
LES ARCS DRAGUIGNAN,BESANCON FRANCHE COMTE TGV,1,0.2756
LES ARCS DRAGUIGNAN,BESANCON FRANCHE COMTE TGV,2,0.3274193548387097
LES ARCS DRAGUIGNAN,BESANCON FRANCHE COMTE TGV,3,0.3356
LES ARCS DRAGUIGNAN,BESANCON FRANCHE COMTE TGV,4,0.122
LES ARCS DRAGUIGNAN,BESANCON FRANCHE COMTE TGV,5,0.12258064516129032
LES ARCS DRAGUIGNAN,BESANCON FRANCHE COMTE TGV,6,0.12056451612903225
LES ARCS DRAGUIGNAN,BESANCON FRANCHE COMTE TGV,7,0.11008064516129032
LES ARCS DRAGUIGNAN,BESANCON FRANCHE COMTE TGV,8,0.1028225806451613
LES ARCS DRAGUIGNAN,BESANCON FRANCHE COMTE TGV,9,0.1
LES ARCS DRAGUIGNAN,BESANCON FRANCHE COMTE TGV,10,0.1012
LES ARCS DRAGUIGNAN,BESANCON FRANCHE COMTE TGV,11,0.1
LES ARCS DRAGUIGNAN,BESANCON FRANCHE COMTE TGV,12,0.11129032258064515
LES ARCS DRAGUIGNAN,BESANCON FRANCHE COMTE TGV,13,0.11120000000000001
LES ARCS DRAGUIGNAN,BESANCON FRANCHE COMTE TGV,14,0.10479999999999999
LES ARCS DRAGUIGNAN,BESANCON FRANCHE COMTE TGV,15,0.106
LES ARCS DRAGUIGNAN,BESANCON FRANCHE COMTE TGV,16,0.10483870967741936
LES ARCS DRAGUIGNAN,BESANCON FRANCHE COMTE TGV,17,0.1044
LES ARCS DRAGUIGNAN,BESANCON FRANCHE COMTE TGV,18,0.104
LES ARCS DRAGUIGNAN,BESANCON FRANCHE COMTE TGV,19,0.10483870967741936
LES ARCS DRAGUIGNAN,BESANCON FRANCHE COMTE TGV,20,0.10483870967741936
LES ARCS DRAGUIGNAN,BESANCON FRANCHE COMTE TGV,21,0.1044
LES ARCS DRAGUIGNAN,BESANCON FRANCHE COMTE TGV,22,0.09720000000000001
LES ARCS DRAGUIGNAN,BESANCON FRANCHE COMTE TGV,23,0.096
LES ARCS DRAGUIGNAN,BESANCON FRANCHE COMTE TGV,24,0.096
LES ARCS DRAGUIGNAN,BESANCON FRANCHE COMTE TGV,25,0.096
LES ARCS DRAGUIGNAN,BESANCON FRANCHE COMTE TGV,26,0.09798387096774194
LES ARCS DRAGUIGNAN,BESANCON FRANCHE COMTE TGV,27,0.0964
LES ARCS DRAGUIGNAN,BESANCON FRANCHE COMTE TGV,28,0.0968
LES ARCS DRAGUIGNAN,BESANCON FRANCHE COMTE TGV,29,0.0948
LES ARCS DRAGUIGNAN,BESANCON FRANCHE COMTE TGV,30,0.010080645161290322
LES ARCS DRAGUIGNAN,COLMAR,0,0.2806451612903226
LES ARCS DRAGUIGNAN,COLMAR,1,0.3152
LES ARCS DRAGUIGNAN,COLMAR,2,0.3479838709677419
LES ARCS DRAGUIGNAN,COLMAR,3,0.38439999999999996
LES ARCS DRAGUIGNAN,COLMAR,4,0.11120000000000001
LES ARCS DRAGUIGNAN,COLMAR,5,0.1032258064516129
LES ARCS DRAGUIGNAN,COLMAR,6,0.11290322580645161
LES ARCS DRAGUIGNAN,COLMAR,7,0.1064516129032258
LES ARCS DRAGUIGNAN,COLMAR,8,0.1060483870967742
LES ARCS DRAGUIGNAN,COLMAR,9,0.10564516129032257
LES ARCS DRAGUIGNAN,COLMAR,10,0.0992
LES ARCS DRAGUIGNAN,COLMAR,11,0.10443548387096774
LES ARCS DRAGUIGNAN,COLMAR,12,0.11370967741935484
LES ARCS DRAGUIGNAN,COLMAR,13,0.114
LES ARCS DRAGUIGNAN,COLMAR,14,0.1044
LES ARCS DRAGUIGNAN,COLMAR,15,0.1044
LES ARCS DRAGUIGNAN,COLMAR,16,0.1064516129032258
LES ARCS DRAGUIGNAN,COLMAR,17,0.10479999999999999
LES ARCS DRAGUIGNAN,COLMAR,18,0.1044
LES ARCS DRAGUIGNAN,COLMAR,19,0.10524193548387098
LES ARCS DRAGUIGNAN,COLMAR,20,0.10483870967741936
LES ARCS DRAGUIGNAN,COLMAR,21,0.10479999999999999
LES ARCS DRAGUIGNAN,COLMAR,22,0.09720000000000001
LES ARCS DRAGUIGNAN,COLMAR,23,0.0968
LES ARCS DRAGUIGNAN,COLMAR,24,0.0964
LES ARCS DRAGUIGNAN,COLMAR,25,0.0984
LES ARCS DRAGUIGNAN,COLMAR,26,0.09758064516129032
LES ARCS DRAGUIGNAN,COLMAR,27,0.098
LES ARCS DRAGUIGNAN,COLMAR,28,0.096
LES ARCS DRAGUIGNAN,COLMAR,29,0.0952
LES ARCS DRAGUIGNAN,COLMAR,30,0.009274193548387096
LES ARCS DRAGUIGNAN,DIJON VILLE,0,0.2399193548387097
LES ARCS DRAGUIGNAN,DIJON VILLE,1,0.2864
LES ARCS DRAGUIGNAN,DIJON VILLE,2,0.3286290322580645
LES ARCS DRAGUIGNAN,DIJON VILLE,3,0.32839999999999997
LES ARCS DRAGUIGNAN,DIJON VILLE,4,0.122
LES ARCS DRAGUIGNAN,DIJON VILLE,5,0.12137096774193548
LES ARCS DRAGUIGNAN,DIJON VILLE,6,0.12016129032258065
LES ARCS DRAGUIGNAN,DIJON VILLE,7,0.10806451612903226
LES ARCS DRAGUIGNAN,DIJON VILLE,8,0.09959677419354838
LES ARCS DRAGUIGNAN,DIJON VILLE,9,0.09798387096774194
LES ARCS DRAGUIGNAN,DIJON VILLE,10,0.098
LES ARCS DRAGUIGNAN,DIJON VILLE,11,0.09879032258064516
LES ARCS DRAGUIGNAN,DIJON VILLE,12,0.11370967741935484
LES ARCS DRAGUIGNAN,DIJON VILLE,13,0.1124
LES ARCS DRAGUIGNAN,DIJON VILLE,14,0.10479999999999999
LES ARCS DRAGUIGNAN,DIJON VILLE,15,0.1036
LES ARCS DRAGUIGNAN,DIJON VILLE,16,0.10524193548387098
LES ARCS DRAGUIGNAN,DIJON VILLE,17,0.1044
LES ARCS DRAGUIGNAN,DIJON VILLE,18,0.10479999999999999
LES ARCS DRAGUIGNAN,DIJON VILLE,19,0.10524193548387098
LES ARCS DRAGUIGNAN,DIJON VILLE,20,0.10483870967741936
LES ARCS DRAGUIGNAN,DIJON VILLE,21,0.104
LES ARCS DRAGUIGNAN,DIJON VILLE,22,0.096
LES ARCS DRAGUIGNAN,DIJON VILLE,23,0.096
LES ARCS DRAGUIGNAN,DIJON VILLE,24,0.0964
LES ARCS DRAGUIGNAN,DIJON VILLE,25,0.09720000000000001
LES ARCS DRAGUIGNAN,DIJON VILLE,26,0.09758064516129032
LES ARCS DRAGUIGNAN,DIJON VILLE,27,0.09720000000000001
LES ARCS DRAGUIGNAN,DIJON VILLE,28,0.0964
LES ARCS DRAGUIGNAN,DIJON VILLE,29,0.09559999999999999
LES ARCS DRAGUIGNAN,DIJON VILLE,30,0.008870967741935484
LES ARCS DRAGUIGNAN,LYON (intramuros),0,0.26854838709677414
LES ARCS DRAGUIGNAN,LYON (intramuros),1,0.2864
LES ARCS DRAGUIGNAN,LYON (intramuros),2,0.3064516129032258
LES ARCS DRAGUIGNAN,LYON (intramuros),3,0.3004
LES ARCS DRAGUIGNAN,LYON (intramuros),4,0.1248
LES ARCS DRAGUIGNAN,LYON (intramuros),5,0.13669354838709677
LES ARCS DRAGUIGNAN,LYON (intramuros),6,0.1443548387096774
LES ARCS DRAGUIGNAN,LYON (intramuros),7,0.132258064516129
LES ARCS DRAGUIGNAN,LYON (intramuros),8,0.1282258064516129
LES ARCS DRAGUIGNAN,LYON (intramuros),9,0.11693548387096774
LES ARCS DRAGUIGNAN,LYON (intramuros),10,0.12560000000000002
LES ARCS DRAGUIGNAN,LYON (intramuros),11,0.12903225806451613
LES ARCS DRAGUIGNAN,LYON (intramuros),12,0.11935483870967742
LES ARCS DRAGUIGNAN,LYON (intramuros),13,0.1148
LES ARCS DRAGUIGNAN,LYON (intramuros),14,0.1056
LES ARCS DRAGUIGNAN,LYON (intramuros),15,0.1044
LES ARCS DRAGUIGNAN,LYON (intramuros),16,0.10564516129032257
LES ARCS DRAGUIGNAN,LYON (intramuros),17,0.104
LES ARCS DRAGUIGNAN,LYON (intramuros),18,0.1044
LES ARCS DRAGUIGNAN,LYON (intramuros),19,0.10483870967741936
LES ARCS DRAGUIGNAN,LYON (intramuros),20,0.10524193548387098
LES ARCS DRAGUIGNAN,LYON (intramuros),21,0.104
LES ARCS DRAGUIGNAN,LYON (intramuros),22,0.0968
LES ARCS DRAGUIGNAN,LYON (intramuros),23,0.0968
LES ARCS DRAGUIGNAN,LYON (intramuros),24,0.102
LES ARCS DRAGUIGNAN,LYON (intramuros),25,0.1016
LES ARCS DRAGUIGNAN,LYON (intramuros),26,0.09879032258064516
LES ARCS DRAGUIGNAN,LYON (intramuros),27,0.09720000000000001
LES ARCS DRAGUIGNAN,LYON (intramuros),28,0.09759999999999999
LES ARCS DRAGUIGNAN,LYON (intramuros),29,0.0964
LES ARCS DRAGUIGNAN,LYON (intramuros),30,0.011290322580645162
LES ARCS DRAGUIGNAN,MACON VILLE,0,0.22975206611570248
LES ARCS DRAGUIGNAN,MACON VILLE,1,0.26885245901639343
LES ARCS DRAGUIGNAN,MACON VILLE,2,0.3227272727272727
LES ARCS DRAGUIGNAN,MACON VILLE,3,0.3131147540983607
LES ARCS DRAGUIGNAN,MACON VILLE,4,0.12377049180327869
LES ARCS DRAGUIGNAN,MACON VILLE,5,0.12396694214876033
LES ARCS DRAGUIGNAN,MACON VILLE,6,0.12231404958677687
LES ARCS DRAGUIGNAN,MACON VILLE,7,0.10991735537190084
LES ARCS DRAGUIGNAN,MACON VILLE,8,0.10165289256198348
LES ARCS DRAGUIGNAN,MACON VILLE,9,0.09917355371900827
LES ARCS DRAGUIGNAN,MACON VILLE,10,0.09918032786885246
LES ARCS DRAGUIGNAN,MACON VILLE,11,0.09958677685950414
LES ARCS DRAGUIGNAN,MACON VILLE,12,0.1152892561983471
LES ARCS DRAGUIGNAN,MACON VILLE,13,0.1139344262295082
LES ARCS DRAGUIGNAN,MACON VILLE,14,0.10860655737704918
LES ARCS DRAGUIGNAN,MACON VILLE,15,0.10737704918032787
LES ARCS DRAGUIGNAN,MACON VILLE,16,0.10743801652892562
LES ARCS DRAGUIGNAN,MACON VILLE,17,0.1069672131147541
LES ARCS DRAGUIGNAN,MACON VILLE,18,0.1069672131147541
LES ARCS DRAGUIGNAN,MACON VILLE,19,0.10785123966942149
LES ARCS DRAGUIGNAN,MACON VILLE,20,0.10702479338842974
LES ARCS DRAGUIGNAN,MACON VILLE,21,0.10655737704918032
LES ARCS DRAGUIGNAN,MACON VILLE,22,0.09999999999999999
LES ARCS DRAGUIGNAN,MACON VILLE,23,0.09918032786885246
LES ARCS DRAGUIGNAN,MACON VILLE,24,0.0987704918032787
LES ARCS DRAGUIGNAN,MACON VILLE,25,0.09836065573770492
LES ARCS DRAGUIGNAN,MACON VILLE,26,0.09917355371900827
LES ARCS DRAGUIGNAN,MACON VILLE,27,0.09836065573770492
LES ARCS DRAGUIGNAN,MACON VILLE,28,0.09836065573770492
LES ARCS DRAGUIGNAN,MACON VILLE,29,0.09754098360655739
LES ARCS DRAGUIGNAN,MACON VILLE,30,0.01322314049586777
LES ARCS DRAGUIGNAN,MARSEILLE ST CHARLES,0,0.24958677685950412
LES ARCS DRAGUIGNAN,MARSEILLE ST CHARLES,1,0.2860655737704918
LES ARCS DRAGUIGNAN,MARSEILLE ST CHARLES,2,0.32727272727272727
LES ARCS DRAGUIGNAN,MARSEILLE ST CHARLES,3,0.3721311475409836
LES ARCS DRAGUIGNAN,MARSEILLE ST CHARLES,4,0.1692622950819672
LES ARCS DRAGUIGNAN,MARSEILLE ST CHARLES,5,0.15826446280991735
LES ARCS DRAGUIGNAN,MARSEILLE ST CHARLES,6,0.15123966942148762
LES ARCS DRAGUIGNAN,MARSEILLE ST CHARLES,7,0.13636363636363635
LES ARCS DRAGUIGNAN,MARSEILLE ST CHARLES,8,0.14173553719008264
LES ARCS DRAGUIGNAN,MARSEILLE ST CHARLES,9,0.14297520661157026
LES ARCS DRAGUIGNAN,MARSEILLE ST CHARLES,10,0.1426229508196721
LES ARCS DRAGUIGNAN,MARSEILLE ST CHARLES,11,0.13801652892561983
LES ARCS DRAGUIGNAN,MARSEILLE ST CHARLES,12,0.15
LES ARCS DRAGUIGNAN,MARSEILLE ST CHARLES,13,0.15204918032786885
LES ARCS DRAGUIGNAN,MARSEILLE ST CHARLES,14,0.1540983606557377
LES ARCS DRAGUIGNAN,MARSEILLE ST CHARLES,15,0.15614754098360656
LES ARCS DRAGUIGNAN,MARSEILLE ST CHARLES,16,0.16239669421487601
LES ARCS DRAGUIGNAN,MARSEILLE ST CHARLES,17,0.1680327868852459
LES ARCS DRAGUIGNAN,MARSEILLE ST CHARLES,18,0.1627049180327869
LES ARCS DRAGUIGNAN,MARSEILLE ST CHARLES,19,0.16363636363636364
LES ARCS DRAGUIGNAN,MARSEILLE ST CHARLES,20,0.16033057851239668
LES ARCS DRAGUIGNAN,MARSEILLE ST CHARLES,21,0.16434426229508198
LES ARCS DRAGUIGNAN,MARSEILLE ST CHARLES,22,0.1627049180327869
LES ARCS DRAGUIGNAN,MARSEILLE ST CHARLES,23,0.16967213114754098
LES ARCS DRAGUIGNAN,MARSEILLE ST CHARLES,24,0.17950819672131146
LES ARCS DRAGUIGNAN,MARSEILLE ST CHARLES,25,0.18565573770491803
LES ARCS DRAGUIGNAN,MARSEILLE ST CHARLES,26,0.17892561983471073
LES ARCS DRAGUIGNAN,MARSEILLE ST CHARLES,27,0.17909836065573773
LES ARCS DRAGUIGNAN,MARSEILLE ST CHARLES,28,0.18524590163934426
LES ARCS DRAGUIGNAN,MARSEILLE ST CHARLES,29,0.18155737704918032
LES ARCS DRAGUIGNAN,MARSEILLE ST CHARLES,30,0.024793388429752067
LES ARCS DRAGUIGNAN,MULHOUSE VILLE,0,0.27983870967741936
LES ARCS DRAGUIGNAN,MULHOUSE VILLE,1,0.31439999999999996
LES ARCS DRAGUIGNAN,MULHOUSE VILLE,2,0.3548387096774194
LES ARCS DRAGUIGNAN,MULHOUSE VILLE,3,0.38639999999999997
LES ARCS DRAGUIGNAN,MULHOUSE VILLE,4,0.1108
LES ARCS DRAGUIGNAN,MULHOUSE VILLE,5,0.1028225806451613
LES ARCS DRAGUIGNAN,MULHOUSE VILLE,6,0.11169354838709677
LES ARCS DRAGUIGNAN,MULHOUSE VILLE,7,0.11008064516129032
LES ARCS DRAGUIGNAN,MULHOUSE VILLE,8,0.10362903225806451
LES ARCS DRAGUIGNAN,MULHOUSE VILLE,9,0.10887096774193548
LES ARCS DRAGUIGNAN,MULHOUSE VILLE,10,0.1008
LES ARCS DRAGUIGNAN,MULHOUSE VILLE,11,0.10967741935483871
LES ARCS DRAGUIGNAN,MULHOUSE VILLE,12,0.11249999999999999
LES ARCS DRAGUIGNAN,MULHOUSE VILLE,13,0.11159999999999999
LES ARCS DRAGUIGNAN,MULHOUSE VILLE,14,0.1044
LES ARCS DRAGUIGNAN,MULHOUSE VILLE,15,0.1044
LES ARCS DRAGUIGNAN,MULHOUSE VILLE,16,0.1060483870967742
LES ARCS DRAGUIGNAN,MULHOUSE VILLE,17,0.1044
LES ARCS DRAGUIGNAN,MULHOUSE VILLE,18,0.104
LES ARCS DRAGUIGNAN,MULHOUSE VILLE,19,0.10564516129032257
LES ARCS DRAGUIGNAN,MULHOUSE VILLE,20,0.10483870967741936
LES ARCS DRAGUIGNAN,MULHOUSE VILLE,21,0.1044
LES ARCS DRAGUIGNAN,MULHOUSE VILLE,22,0.09720000000000001
LES ARCS DRAGUIGNAN,MULHOUSE VILLE,23,0.09759999999999999
LES ARCS DRAGUIGNAN,MULHOUSE VILLE,24,0.096
LES ARCS DRAGUIGNAN,MULHOUSE VILLE,25,0.0964
LES ARCS DRAGUIGNAN,MULHOUSE VILLE,26,0.09717741935483871
LES ARCS DRAGUIGNAN,MULHOUSE VILLE,27,0.0964
LES ARCS DRAGUIGNAN,MULHOUSE VILLE,28,0.0964
LES ARCS DRAGUIGNAN,MULHOUSE VILLE,29,0.0952
LES ARCS DRAGUIGNAN,MULHOUSE VILLE,30,0.010887096774193548
LES ARCS DRAGUIGNAN,NANCY,0,0.25786516853932584
LES ARCS DRAGUIGNAN,NANCY,1,0.3146067415730337
LES ARCS DRAGUIGNAN,NANCY,2,0.32303370786516855
LES ARCS DRAGUIGNAN,NANCY,3,0.3617977528089888
LES ARCS DRAGUIGNAN,NANCY,4,0.10224719101123596
LES ARCS DRAGUIGNAN,NANCY,5,0.1146067415730337
LES ARCS DRAGUIGNAN,NANCY,6,0.12045454545454545
LES ARCS DRAGUIGNAN,NANCY,7,0.1196629213483146
LES ARCS DRAGUIGNAN,NANCY,8,0.11534090909090909
LES ARCS DRAGUIGNAN,NANCY,9,0.08863636363636364
LES ARCS DRAGUIGNAN,NANCY,10,0.09157303370786517
LES ARCS DRAGUIGNAN,NANCY,11,0.09943181818181818
LES ARCS DRAGUIGNAN,NANCY,12,0.12897727272727272
LES ARCS DRAGUIGNAN,NANCY,13,0.1353932584269663
LES ARCS DRAGUIGNAN,NANCY,14,0.13595505617977527
LES ARCS DRAGUIGNAN,NANCY,15,0.13595505617977527
LES ARCS DRAGUIGNAN,NANCY,16,0.13693181818181818
LES ARCS DRAGUIGNAN,NANCY,17,0.1353932584269663
LES ARCS DRAGUIGNAN,NANCY,18,0.13651685393258428
LES ARCS DRAGUIGNAN,NANCY,19,0.13749999999999998
LES ARCS DRAGUIGNAN,NANCY,20,0.13636363636363635
LES ARCS DRAGUIGNAN,NANCY,21,0.1348314606741573
LES ARCS DRAGUIGNAN,NANCY,22,0.1353932584269663
LES ARCS DRAGUIGNAN,NANCY,23,0.13651685393258428
LES ARCS DRAGUIGNAN,NANCY,24,0.1353932584269663
LES ARCS DRAGUIGNAN,NANCY,25,0.13651685393258428
LES ARCS DRAGUIGNAN,NANCY,26,0.13863636363636364
LES ARCS DRAGUIGNAN,NANCY,27,0.13595505617977527
LES ARCS DRAGUIGNAN,NANCY,28,0.13595505617977527
LES ARCS DRAGUIGNAN,NANCY,29,0.13089887640449438
LES ARCS DRAGUIGNAN,NANCY,30,0.014606741573033709
LES ARCS DRAGUIGNAN,STRASBOURG,0,0.27661290322580645
LES ARCS DRAGUIGNAN,STRASBOURG,1,0.3212
LES ARCS DRAGUIGNAN,STRASBOURG,2,0.3588709677419355
LES ARCS DRAGUIGNAN,STRASBOURG,3,0.396
LES ARCS DRAGUIGNAN,STRASBOURG,4,0.11040000000000001
LES ARCS DRAGUIGNAN,STRASBOURG,5,0.10443548387096774
LES ARCS DRAGUIGNAN,STRASBOURG,6,0.11290322580645161
LES ARCS DRAGUIGNAN,STRASBOURG,7,0.10766129032258064
LES ARCS DRAGUIGNAN,STRASBOURG,8,0.10524193548387098
LES ARCS DRAGUIGNAN,STRASBOURG,9,0.10483870967741936
LES ARCS DRAGUIGNAN,STRASBOURG,10,0.1012
LES ARCS DRAGUIGNAN,STRASBOURG,11,0.10685483870967742
LES ARCS DRAGUIGNAN,STRASBOURG,12,0.11330645161290323
LES ARCS DRAGUIGNAN,STRASBOURG,13,0.1128
LES ARCS DRAGUIGNAN,STRASBOURG,14,0.106
LES ARCS DRAGUIGNAN,STRASBOURG,15,0.10479999999999999
LES ARCS DRAGUIGNAN,STRASBOURG,16,0.10564516129032257
LES ARCS DRAGUIGNAN,STRASBOURG,17,0.10479999999999999
LES ARCS DRAGUIGNAN,STRASBOURG,18,0.1044
LES ARCS DRAGUIGNAN,STRASBOURG,19,0.1060483870967742
LES ARCS DRAGUIGNAN,STRASBOURG,20,0.10564516129032257
LES ARCS DRAGUIGNAN,STRASBOURG,21,0.1044
LES ARCS DRAGUIGNAN,STRASBOURG,22,0.09720000000000001
LES ARCS DRAGUIGNAN,STRASBOURG,23,0.0964
LES ARCS DRAGUIGNAN,STRASBOURG,24,0.0968
LES ARCS DRAGUIGNAN,STRASBOURG,25,0.09720000000000001
LES ARCS DRAGUIGNAN,STRASBOURG,26,0.09758064516129032
LES ARCS DRAGUIGNAN,STRASBOURG,27,0.0964
LES ARCS DRAGUIGNAN,STRASBOURG,28,0.0968
LES ARCS DRAGUIGNAN,STRASBOURG,29,0.09559999999999999
LES ARCS DRAGUIGNAN,STRASBOURG,30,0.010887096774193548
LES ARCS DRAGUIGNAN,TOULON,0,0.24556451612903224
LES ARCS DRAGUIGNAN,TOULON,1,0.2916
LES ARCS DRAGUIGNAN,TOULON,2,0.31612903225806455
LES ARCS DRAGUIGNAN,TOULON,3,0.37039999999999995
LES ARCS DRAGUIGNAN,TOULON,4,0.168
LES ARCS DRAGUIGNAN,TOULON,5,0.1536290322580645
LES ARCS DRAGUIGNAN,TOULON,6,0.14798387096774196
LES ARCS DRAGUIGNAN,TOULON,7,0.13588709677419356
LES ARCS DRAGUIGNAN,TOULON,8,0.1375
LES ARCS DRAGUIGNAN,TOULON,9,0.13669354838709677
LES ARCS DRAGUIGNAN,TOULON,10,0.1388
LES ARCS DRAGUIGNAN,TOULON,11,0.1310483870967742
LES ARCS DRAGUIGNAN,TOULON,12,0.14596774193548387
LES ARCS DRAGUIGNAN,TOULON,13,0.1492
LES ARCS DRAGUIGNAN,TOULON,14,0.15080000000000002
LES ARCS DRAGUIGNAN,TOULON,15,0.1524
LES ARCS DRAGUIGNAN,TOULON,16,0.16048387096774192
LES ARCS DRAGUIGNAN,TOULON,17,0.164
LES ARCS DRAGUIGNAN,TOULON,18,0.16040000000000001
LES ARCS DRAGUIGNAN,TOULON,19,0.1588709677419355
LES ARCS DRAGUIGNAN,TOULON,20,0.15403225806451615
LES ARCS DRAGUIGNAN,TOULON,21,0.1576
LES ARCS DRAGUIGNAN,TOULON,22,0.16
LES ARCS DRAGUIGNAN,TOULON,23,0.1656
LES ARCS DRAGUIGNAN,TOULON,24,0.1736
LES ARCS DRAGUIGNAN,TOULON,25,0.18080000000000002
LES ARCS DRAGUIGNAN,TOULON,26,0.17096774193548386
LES ARCS DRAGUIGNAN,TOULON,27,0.1752
LES ARCS DRAGUIGNAN,TOULON,28,0.1804
LES ARCS DRAGUIGNAN,TOULON,29,0.1752
LES ARCS DRAGUIGNAN,TOULON,30,0.03225806451612903
LYON (intramuros),BEAUNE,0,0.5310240963855422
LYON (intramuros),BEAUNE,1,0.5793413173652695
LYON (intramuros),BEAUNE,2,0.5942771084337349
LYON (intramuros),BEAUNE,3,0.5895209580838323
LYON (intramuros),BEAUNE,4,0.19401197604790418
LYON (intramuros),BEAUNE,5,0.19939393939393937
LYON (intramuros),BEAUNE,6,0.21067073170731707
LYON (intramuros),BEAUNE,7,0.21646341463414634
LYON (intramuros),BEAUNE,8,0.213109756097561
LYON (intramuros),BEAUNE,9,0.19847560975609754
LYON (intramuros),BEAUNE,10,0.2033333333333333
LYON (intramuros),BEAUNE,11,0.18658536585365854
LYON (intramuros),BEAUNE,12,0.16257668711656442
LYON (intramuros),BEAUNE,13,0.16840490797546012
LYON (intramuros),BEAUNE,14,0.1668711656441718
LYON (intramuros),BEAUNE,15,0.16503067484662576
LYON (intramuros),BEAUNE,16,0.16697530864197532
LYON (intramuros),BEAUNE,17,0.16993865030674846
LYON (intramuros),BEAUNE,18,0.16748466257668712
LYON (intramuros),BEAUNE,19,0.18012422360248448
LYON (intramuros),BEAUNE,20,0.18788819875776397
LYON (intramuros),BEAUNE,21,0.19074074074074074
LYON (intramuros),BEAUNE,22,0.18981481481481483
LYON (intramuros),BEAUNE,23,0.1904320987654321
LYON (intramuros),BEAUNE,24,0.19782608695652174
LYON (intramuros),BEAUNE,25,0.19660493827160494
LYON (intramuros),BEAUNE,26,0.1891304347826087
LYON (intramuros),BEAUNE,27,0.18981481481481483
LYON (intramuros),BEAUNE,28,0.19753086419753085
LYON (intramuros),BEAUNE,29,0.18888888888888888
LYON (intramuros),BEAUNE,30,0.03540372670807453
LYON (intramuros),BELFORT MONTBELIARD TGV,0,0.5238235294117647
LYON (intramuros),BELFORT MONTBELIARD TGV,1,0.5463235294117647
LYON (intramuros),BELFORT MONTBELIARD TGV,2,0.5708823529411765
LYON (intramuros),BELFORT MONTBELIARD TGV,3,0.568529411764706
LYON (intramuros),BELFORT MONTBELIARD TGV,4,0.22932551319648095
LYON (intramuros),BELFORT MONTBELIARD TGV,5,0.2304411764705882
LYON (intramuros),BELFORT MONTBELIARD TGV,6,0.23938053097345136
LYON (intramuros),BELFORT MONTBELIARD TGV,7,0.23180473372781063
LYON (intramuros),BELFORT MONTBELIARD TGV,8,0.2403560830860534
LYON (intramuros),BELFORT MONTBELIARD TGV,9,0.25207715133531156
LYON (intramuros),BELFORT MONTBELIARD TGV,10,0.2697916666666667
LYON (intramuros),BELFORT MONTBELIARD TGV,11,0.28035714285714286
LYON (intramuros),BELFORT MONTBELIARD TGV,12,0.13686567164179106
LYON (intramuros),BELFORT MONTBELIARD TGV,13,0.13637724550898203
LYON (intramuros),BELFORT MONTBELIARD TGV,14,0.1457957957957958
LYON (intramuros),BELFORT MONTBELIARD TGV,15,0.14849397590361446
LYON (intramuros),BELFORT MONTBELIARD TGV,16,0.14561933534743204
LYON (intramuros),BELFORT MONTBELIARD TGV,17,0.14259818731117826
LYON (intramuros),BELFORT MONTBELIARD TGV,18,0.14365558912386706
LYON (intramuros),BELFORT MONTBELIARD TGV,19,0.14727272727272728
LYON (intramuros),BELFORT MONTBELIARD TGV,20,0.15835866261398177
LYON (intramuros),BELFORT MONTBELIARD TGV,21,0.15960365853658537
LYON (intramuros),BELFORT MONTBELIARD TGV,22,0.16009174311926605
LYON (intramuros),BELFORT MONTBELIARD TGV,23,0.1607361963190184
LYON (intramuros),BELFORT MONTBELIARD TGV,24,0.1576923076923077
LYON (intramuros),BELFORT MONTBELIARD TGV,25,0.15555555555555556
LYON (intramuros),BELFORT MONTBELIARD TGV,26,0.15526315789473683
LYON (intramuros),BELFORT MONTBELIARD TGV,27,0.1515527950310559
LYON (intramuros),BELFORT MONTBELIARD TGV,28,0.15529595015576325
LYON (intramuros),BELFORT MONTBELIARD TGV,29,0.1515625
LYON (intramuros),BELFORT MONTBELIARD TGV,30,0.025628930817610064
LYON (intramuros),BESANCON FRANCHE COMTE TGV,0,0.5145588235294117
LYON (intramuros),BESANCON FRANCHE COMTE TGV,1,0.538235294117647
LYON (intramuros),BESANCON FRANCHE COMTE TGV,2,0.5613235294117647
LYON (intramuros),BESANCON FRANCHE COMTE TGV,3,0.5707352941176471
LYON (intramuros),BESANCON FRANCHE COMTE TGV,4,0.22756598240469206
LYON (intramuros),BESANCON FRANCHE COMTE TGV,5,0.2286764705882353
LYON (intramuros),BESANCON FRANCHE COMTE TGV,6,0.22979351032448378
LYON (intramuros),BESANCON FRANCHE COMTE TGV,7,0.22840236686390533
LYON (intramuros),BESANCON FRANCHE COMTE TGV,8,0.23560830860534127
LYON (intramuros),BESANCON FRANCHE COMTE TGV,9,0.2476261127596439
LYON (intramuros),BESANCON FRANCHE COMTE TGV,10,0.25997023809523806
LYON (intramuros),BESANCON FRANCHE COMTE TGV,11,0.2681547619047619
LYON (intramuros),BESANCON FRANCHE COMTE TGV,12,0.13432835820895522
LYON (intramuros),BESANCON FRANCHE COMTE TGV,13,0.13517964071856287
LYON (intramuros),BESANCON FRANCHE COMTE TGV,14,0.13918918918918918
LYON (intramuros),BESANCON FRANCHE COMTE TGV,15,0.14427710843373492
LYON (intramuros),BESANCON FRANCHE COMTE TGV,16,0.14350453172205438
LYON (intramuros),BESANCON FRANCHE COMTE TGV,17,0.1418429003021148
LYON (intramuros),BESANCON FRANCHE COMTE TGV,18,0.14033232628398792
LYON (intramuros),BESANCON FRANCHE COMTE TGV,19,0.14227272727272727
LYON (intramuros),BESANCON FRANCHE COMTE TGV,20,0.15379939209726445
LYON (intramuros),BESANCON FRANCHE COMTE TGV,21,0.15411585365853658
LYON (intramuros),BESANCON FRANCHE COMTE TGV,22,0.1518348623853211
LYON (intramuros),BESANCON FRANCHE COMTE TGV,23,0.1526073619631902
LYON (intramuros),BESANCON FRANCHE COMTE TGV,24,0.14815384615384614
LYON (intramuros),BESANCON FRANCHE COMTE TGV,25,0.1469135802469136
LYON (intramuros),BESANCON FRANCHE COMTE TGV,26,0.14489164086687306
LYON (intramuros),BESANCON FRANCHE COMTE TGV,27,0.14177018633540373
LYON (intramuros),BESANCON FRANCHE COMTE TGV,28,0.1454828660436137
LYON (intramuros),BESANCON FRANCHE COMTE TGV,29,0.14171875
LYON (intramuros),BESANCON FRANCHE COMTE TGV,30,0.025
LYON (intramuros),CHALON SUR SAONE,0,0.3893939393939394
LYON (intramuros),CHALON SUR SAONE,1,0.3875
LYON (intramuros),CHALON SUR SAONE,2,0.4035984848484848
LYON (intramuros),CHALON SUR SAONE,3,0.3560606060606061
LYON (intramuros),CHALON SUR SAONE,4,0.09524714828897339
LYON (intramuros),CHALON SUR SAONE,5,0.09597701149425288
LYON (intramuros),CHALON SUR SAONE,6,0.11134615384615384
LYON (intramuros),CHALON SUR SAONE,7,0.13084291187739464
LYON (intramuros),CHALON SUR SAONE,8,0.1467432950191571
LYON (intramuros),CHALON SUR SAONE,9,0.09049429657794678
LYON (intramuros),CHALON SUR SAONE,10,0.05766283524904215
LYON (intramuros),CHALON SUR SAONE,11,0.05307692307692308
LYON (intramuros),CHALON SUR SAONE,12,0.0444015444015444
LYON (intramuros),CHALON SUR SAONE,13,0.03992248062015504
LYON (intramuros),CHALON SUR SAONE,14,0.03938223938223938
LYON (intramuros),CHALON SUR SAONE,15,0.03865384615384616
LYON (intramuros),CHALON SUR SAONE,16,0.03262548262548262
LYON (intramuros),CHALON SUR SAONE,17,0.03076923076923077
LYON (intramuros),CHALON SUR SAONE,18,0.02895752895752896
LYON (intramuros),CHALON SUR SAONE,19,0.028682170542635662
LYON (intramuros),CHALON SUR SAONE,20,0.02762645914396887
LYON (intramuros),CHALON SUR SAONE,21,0.027431906614785992
LYON (intramuros),CHALON SUR SAONE,22,0.02470817120622568
LYON (intramuros),CHALON SUR SAONE,23,0.02431372549019608
LYON (intramuros),CHALON SUR SAONE,24,0.02372549019607843
LYON (intramuros),CHALON SUR SAONE,25,0.024110671936758893
LYON (intramuros),CHALON SUR SAONE,26,0.024404761904761905
LYON (intramuros),CHALON SUR SAONE,27,0.0249003984063745
LYON (intramuros),CHALON SUR SAONE,28,0.0250996015936255
LYON (intramuros),CHALON SUR SAONE,29,0.024701195219123506
LYON (intramuros),CHALON SUR SAONE,30,0.004233870967741936
LYON (intramuros),COLMAR,0,0.5208620689655172
LYON (intramuros),COLMAR,1,0.5493103448275862
LYON (intramuros),COLMAR,2,0.5706896551724138
LYON (intramuros),COLMAR,3,0.5818965517241379
LYON (intramuros),COLMAR,4,0.15309278350515462
LYON (intramuros),COLMAR,5,0.14965517241379309
LYON (intramuros),COLMAR,6,0.15432525951557094
LYON (intramuros),COLMAR,7,0.16215277777777778
LYON (intramuros),COLMAR,8,0.1667247386759582
LYON (intramuros),COLMAR,9,0.1794425087108014
LYON (intramuros),COLMAR,10,0.18793706293706294
LYON (intramuros),COLMAR,11,0.18811188811188811
LYON (intramuros),COLMAR,12,0.10035087719298245
LYON (intramuros),COLMAR,13,0.10176056338028168
LYON (intramuros),COLMAR,14,0.103886925795053
LYON (intramuros),COLMAR,15,0.10585106382978723
LYON (intramuros),COLMAR,16,0.10889679715302492
LYON (intramuros),COLMAR,17,0.10464285714285715
LYON (intramuros),COLMAR,18,0.10267857142857142
LYON (intramuros),COLMAR,19,0.10448028673835125
LYON (intramuros),COLMAR,20,0.11236559139784946
LYON (intramuros),COLMAR,21,0.114336917562724
LYON (intramuros),COLMAR,22,0.11474820143884891
LYON (intramuros),COLMAR,23,0.11762589928057555
LYON (intramuros),COLMAR,24,0.11528776978417266
LYON (intramuros),COLMAR,25,0.11756272401433691
LYON (intramuros),COLMAR,26,0.11276978417266187
LYON (intramuros),COLMAR,27,0.11690647482014388
LYON (intramuros),COLMAR,28,0.12338129496402876
LYON (intramuros),COLMAR,29,0.12202166064981948
LYON (intramuros),COLMAR,30,0.017572463768115942
LYON (intramuros),DIJON VILLE,0,0.5161144578313253
LYON (intramuros),DIJON VILLE,1,0.5243975903614457
LYON (intramuros),DIJON VILLE,2,0.5457831325301205
LYON (intramuros),DIJON VILLE,3,0.5296686746987952
LYON (intramuros),DIJON VILLE,4,0.20210210210210208
LYON (intramuros),DIJON VILLE,5,0.20527108433734942
LYON (intramuros),DIJON VILLE,6,0.2243202416918429
LYON (intramuros),DIJON VILLE,7,0.23
LYON (intramuros),DIJON VILLE,8,0.24012158054711247
LYON (intramuros),DIJON VILLE,9,0.2101823708206687
LYON (intramuros),DIJON VILLE,10,0.1913109756097561
LYON (intramuros),DIJON VILLE,11,0.17393292682926828
LYON (intramuros),DIJON VILLE,12,0.15351681957186544
LYON (intramuros),DIJON VILLE,13,0.15199386503067483
LYON (intramuros),DIJON VILLE,14,0.15738461538461537
LYON (intramuros),DIJON VILLE,15,0.15925925925925927
LYON (intramuros),DIJON VILLE,16,0.1538699690402477
LYON (intramuros),DIJON VILLE,17,0.14953560371517027
LYON (intramuros),DIJON VILLE,18,0.14907120743034055
LYON (intramuros),DIJON VILLE,19,0.15729813664596273
LYON (intramuros),DIJON VILLE,20,0.16199376947040497
LYON (intramuros),DIJON VILLE,21,0.16671875
LYON (intramuros),DIJON VILLE,22,0.1652037617554859
LYON (intramuros),DIJON VILLE,23,0.16661442006269592
LYON (intramuros),DIJON VILLE,24,0.1669811320754717
LYON (intramuros),DIJON VILLE,25,0.16466876971608835
LYON (intramuros),DIJON VILLE,26,0.1642405063291139
LYON (intramuros),DIJON VILLE,27,0.16174603174603175
LYON (intramuros),DIJON VILLE,28,0.16464968152866244
LYON (intramuros),DIJON VILLE,29,0.15654952076677317
LYON (intramuros),DIJON VILLE,30,0.027724358974358976
LYON (intramuros),LUXEMBOURG,0,0.4475095785440613
LYON (intramuros),LUXEMBOURG,1,0.4559386973180077
LYON (intramuros),LUXEMBOURG,2,0.46455938697318006
LYON (intramuros),LUXEMBOURG,3,0.48788461538461536
LYON (intramuros),LUXEMBOURG,4,0.14961538461538462
LYON (intramuros),LUXEMBOURG,5,0.14459459459459462
LYON (intramuros),LUXEMBOURG,6,0.16104651162790695
LYON (intramuros),LUXEMBOURG,7,0.17248062015503876
LYON (intramuros),LUXEMBOURG,8,0.18599221789883266
LYON (intramuros),LUXEMBOURG,9,0.1970703125
LYON (intramuros),LUXEMBOURG,10,0.21614173228346456
LYON (intramuros),LUXEMBOURG,11,0.22362204724409449
LYON (intramuros),LUXEMBOURG,12,0.05295275590551181
LYON (intramuros),LUXEMBOURG,13,0.04547244094488189
LYON (intramuros),LUXEMBOURG,14,0.04407114624505929
LYON (intramuros),LUXEMBOURG,15,0.04781746031746032
LYON (intramuros),LUXEMBOURG,16,0.045816733067729085
LYON (intramuros),LUXEMBOURG,17,0.0384
LYON (intramuros),LUXEMBOURG,18,0.038799999999999994
LYON (intramuros),LUXEMBOURG,19,0.03775100401606426
LYON (intramuros),LUXEMBOURG,20,0.033734939759036145
LYON (intramuros),LUXEMBOURG,21,0.03333333333333333
LYON (intramuros),LUXEMBOURG,22,0.03588709677419355
LYON (intramuros),LUXEMBOURG,23,0.03608870967741935
LYON (intramuros),LUXEMBOURG,24,0.03024193548387097
LYON (intramuros),LUXEMBOURG,25,0.025903614457831327
LYON (intramuros),LUXEMBOURG,26,0.02530120481927711
LYON (intramuros),LUXEMBOURG,27,0.025403225806451612
LYON (intramuros),LUXEMBOURG,28,0.025201612903225805
LYON (intramuros),LUXEMBOURG,29,0.025506072874493926
LYON (intramuros),LUXEMBOURG,30,0.0014227642276422763
LYON (intramuros),LYON (intramuros),0,0.94375
LYON (intramuros),LYON (intramuros),1,0.953125
LYON (intramuros),LYON (intramuros),2,0.975
LYON (intramuros),LYON (intramuros),3,0.953125
LYON (intramuros),LYON (intramuros),4,0.975
LYON (intramuros),LYON (intramuros),5,0.99375
LYON (intramuros),LYON (intramuros),6,0.978125
LYON (intramuros),LYON (intramuros),7,0.98125
LYON (intramuros),LYON (intramuros),8,0.96875
LYON (intramuros),LYON (intramuros),9,0.978125
LYON (intramuros),LYON (intramuros),10,0.965625
LYON (intramuros),LYON (intramuros),11,0.9700000000000001
LYON (intramuros),LYON (intramuros),12,0.925
LYON (intramuros),LYON (intramuros),13,0.93125
LYON (intramuros),LYON (intramuros),14,0.925
LYON (intramuros),LYON (intramuros),15,0.921875
LYON (intramuros),LYON (intramuros),16,0.9125
LYON (intramuros),LYON (intramuros),17,0.921875
LYON (intramuros),LYON (intramuros),18,0.9833333333333333
LYON (intramuros),LYON (intramuros),19,0.99375
LYON (intramuros),LYON (intramuros),20,0.99375
LYON (intramuros),LYON (intramuros),21,0.99375
LYON (intramuros),LYON (intramuros),22,0.99375
LYON (intramuros),LYON (intramuros),23,0.99375
LYON (intramuros),LYON (intramuros),24,1.0
LYON (intramuros),LYON (intramuros),25,1.0
LYON (intramuros),LYON (intramuros),26,0.9833333333333333
LYON (intramuros),LYON (intramuros),27,0.8333333333333334
LYON (intramuros),LYON (intramuros),28,0.7933333333333333
LYON (intramuros),LYON (intramuros),29,0.7466666666666666
LYON (intramuros),LYON (intramuros),30,0.18000000000000002
LYON (intramuros),MACON VILLE,0,0.4753393665158371
LYON (intramuros),MACON VILLE,1,0.5056306306306306
LYON (intramuros),MACON VILLE,2,0.535972850678733
LYON (intramuros),MACON VILLE,3,0.5395927601809954
LYON (intramuros),MACON VILLE,4,0.1581081081081081
LYON (intramuros),MACON VILLE,5,0.16787330316742083
LYON (intramuros),MACON VILLE,6,0.18386363636363637
LYON (intramuros),MACON VILLE,7,0.1815068493150685
LYON (intramuros),MACON VILLE,8,0.17374429223744292
LYON (intramuros),MACON VILLE,9,0.16963470319634702
LYON (intramuros),MACON VILLE,10,0.1773972602739726
LYON (intramuros),MACON VILLE,11,0.16490825688073396
LYON (intramuros),MACON VILLE,12,0.1412442396313364
LYON (intramuros),MACON VILLE,13,0.14305555555555555
LYON (intramuros),MACON VILLE,14,0.14377880184331798
LYON (intramuros),MACON VILLE,15,0.14493087557603687
LYON (intramuros),MACON VILLE,16,0.1400462962962963
LYON (intramuros),MACON VILLE,17,0.13456221198156681
LYON (intramuros),MACON VILLE,18,0.1349537037037037
LYON (intramuros),MACON VILLE,19,0.14232558139534884
LYON (intramuros),MACON VILLE,20,0.15046511627906978
LYON (intramuros),MACON VILLE,21,0.15393518518518517
LYON (intramuros),MACON VILLE,22,0.1550925925925926
LYON (intramuros),MACON VILLE,23,0.16046511627906976
LYON (intramuros),MACON VILLE,24,0.15976744186046513
LYON (intramuros),MACON VILLE,25,0.1587962962962963
LYON (intramuros),MACON VILLE,26,0.15372093023255812
LYON (intramuros),MACON VILLE,27,0.15717592592592594
LYON (intramuros),MACON VILLE,28,0.16458333333333333
LYON (intramuros),MACON VILLE,29,0.15555555555555556
LYON (intramuros),MACON VILLE,30,0.02744186046511628
LYON (intramuros),MARNE LA VALLEE CHESSY,0,0.5642857142857143
LYON (intramuros),MARNE LA VALLEE CHESSY,1,0.5642857142857143
LYON (intramuros),MARNE LA VALLEE CHESSY,2,0.5642857142857143
LYON (intramuros),MARNE LA VALLEE CHESSY,3,0.5857142857142856
LYON (intramuros),MARNE LA VALLEE CHESSY,4,0.6142857142857142
LYON (intramuros),MARNE LA VALLEE CHESSY,5,0.7071428571428572
LYON (intramuros),MARNE LA VALLEE CHESSY,6,0.8071428571428572
LYON (intramuros),MARNE LA VALLEE CHESSY,7,0.8214285714285714
LYON (intramuros),MARNE LA VALLEE CHESSY,8,0.7285714285714285
LYON (intramuros),MARNE LA VALLEE CHESSY,9,0.6749999999999999
LYON (intramuros),MARNE LA VALLEE CHESSY,10,0.7833333333333333
LYON (intramuros),MARNE LA VALLEE CHESSY,11,0.7916666666666666
LYON (intramuros),MARNE LA VALLEE CHESSY,12,0.30833333333333335
LYON (intramuros),MARNE LA VALLEE CHESSY,13,0.20833333333333334
LYON (intramuros),MARNE LA VALLEE CHESSY,14,0.19999999999999998
LYON (intramuros),MARNE LA VALLEE CHESSY,15,0.3
LYON (intramuros),MARNE LA VALLEE CHESSY,16,0.4
LYON (intramuros),MARNE LA VALLEE CHESSY,17,0.4
LYON (intramuros),MARNE LA VALLEE CHESSY,18,0.4
LYON (intramuros),MARNE LA VALLEE CHESSY,19,0.39
LYON (intramuros),MARNE LA VALLEE CHESSY,20,0.2
LYON (intramuros),MARNE LA VALLEE CHESSY,21,0.21000000000000002
LYON (intramuros),MARNE LA VALLEE CHESSY,22,0.36
LYON (intramuros),MARNE LA VALLEE CHESSY,23,0.22000000000000003
LYON (intramuros),MARNE LA VALLEE CHESSY,24,0.04
LYON (intramuros),MARNE LA VALLEE CHESSY,25,0.0
LYON (intramuros),MARNE LA VALLEE CHESSY,26,0.0
LYON (intramuros),MARNE LA VALLEE CHESSY,27,0.0
LYON (intramuros),MARNE LA VALLEE CHESSY,28,0.0
LYON (intramuros),MARNE LA VALLEE CHESSY,29,0.0
LYON (intramuros),MARNE LA VALLEE CHESSY,30,0.0
LYON (intramuros),METZ VILLE,0,0.4726006191950465
LYON (intramuros),METZ VILLE,1,0.4780185758513932
LYON (intramuros),METZ VILLE,2,0.5026315789473684
LYON (intramuros),METZ VILLE,3,0.50015479876161
LYON (intramuros),METZ VILLE,4,0.1520123839009288
LYON (intramuros),METZ VILLE,5,0.15527950310559005
LYON (intramuros),METZ VILLE,6,0.16214953271028038
LYON (intramuros),METZ VILLE,7,0.1690625
LYON (intramuros),METZ VILLE,8,0.18918495297805643
LYON (intramuros),METZ VILLE,9,0.18934169278996865
LYON (intramuros),METZ VILLE,10,0.2037854889589905
LYON (intramuros),METZ VILLE,11,0.21782334384858043
LYON (intramuros),METZ VILLE,12,0.05441640378548896
LYON (intramuros),METZ VILLE,13,0.04620253164556962
LYON (intramuros),METZ VILLE,14,0.04904761904761905
LYON (intramuros),METZ VILLE,15,0.051273885350318474
LYON (intramuros),METZ VILLE,16,0.04808306709265176
LYON (intramuros),METZ VILLE,17,0.03865814696485623
LYON (intramuros),METZ VILLE,18,0.041346153846153845
LYON (intramuros),METZ VILLE,19,0.0364951768488746
LYON (intramuros),METZ VILLE,20,0.037580645161290324
LYON (intramuros),METZ VILLE,21,0.03786407766990291
LYON (intramuros),METZ VILLE,22,0.03896103896103896
LYON (intramuros),METZ VILLE,23,0.04090909090909091
LYON (intramuros),METZ VILLE,24,0.035227272727272725
LYON (intramuros),METZ VILLE,25,0.03045602605863192
LYON (intramuros),METZ VILLE,26,0.03022875816993464
LYON (intramuros),METZ VILLE,27,0.032622950819672134
LYON (intramuros),METZ VILLE,28,0.03404605263157895
LYON (intramuros),METZ VILLE,29,0.03531353135313531
LYON (intramuros),METZ VILLE,30,0.005463576158940398
LYON (intramuros),MULHOUSE VILLE,0,0.5225
LYON (intramuros),MULHOUSE VILLE,1,0.5476470588235294
LYON (intramuros),MULHOUSE VILLE,2,0.5722058823529412
LYON (intramuros),MULHOUSE VILLE,3,0.5801470588235295
LYON (intramuros),MULHOUSE VILLE,4,0.2290322580645161
LYON (intramuros),MULHOUSE VILLE,5,0.2335294117647059
LYON (intramuros),MULHOUSE VILLE,6,0.2374631268436578
LYON (intramuros),MULHOUSE VILLE,7,0.23328402366863904
LYON (intramuros),MULHOUSE VILLE,8,0.2433234421364985
LYON (intramuros),MULHOUSE VILLE,9,0.2507418397626113
LYON (intramuros),MULHOUSE VILLE,10,0.2690476190476191
LYON (intramuros),MULHOUSE VILLE,11,0.2785714285714286
LYON (intramuros),MULHOUSE VILLE,12,0.13805970149253732
LYON (intramuros),MULHOUSE VILLE,13,0.13862275449101796
LYON (intramuros),MULHOUSE VILLE,14,0.14624624624624624
LYON (intramuros),MULHOUSE VILLE,15,0.1480421686746988
LYON (intramuros),MULHOUSE VILLE,16,0.14712990936555892
LYON (intramuros),MULHOUSE VILLE,17,0.14290030211480362
LYON (intramuros),MULHOUSE VILLE,18,0.14305135951661632
LYON (intramuros),MULHOUSE VILLE,19,0.14666666666666667
LYON (intramuros),MULHOUSE VILLE,20,0.156838905775076
LYON (intramuros),MULHOUSE VILLE,21,0.1597560975609756
LYON (intramuros),MULHOUSE VILLE,22,0.15871559633027524
LYON (intramuros),MULHOUSE VILLE,23,0.1605828220858896
LYON (intramuros),MULHOUSE VILLE,24,0.15830769230769232
LYON (intramuros),MULHOUSE VILLE,25,0.1566358024691358
LYON (intramuros),MULHOUSE VILLE,26,0.15557275541795665
LYON (intramuros),MULHOUSE VILLE,27,0.15186335403726708
LYON (intramuros),MULHOUSE VILLE,28,0.15514018691588785
LYON (intramuros),MULHOUSE VILLE,29,0.1525
LYON (intramuros),MULHOUSE VILLE,30,0.02814465408805031
LYON (intramuros),NANCY,0,0.42255639097744363
LYON (intramuros),NANCY,1,0.5015037593984962
LYON (intramuros),NANCY,2,0.5462406015037594
LYON (intramuros),NANCY,3,0.5590225563909774
LYON (intramuros),NANCY,4,0.14962406015037594
LYON (intramuros),NANCY,5,0.16931818181818184
LYON (intramuros),NANCY,6,0.1726923076923077
LYON (intramuros),NANCY,7,0.16984732824427481
LYON (intramuros),NANCY,8,0.1676923076923077
LYON (intramuros),NANCY,9,0.1696153846153846
LYON (intramuros),NANCY,10,0.1748091603053435
LYON (intramuros),NANCY,11,0.18115384615384617
LYON (intramuros),NANCY,12,0.16346153846153846
LYON (intramuros),NANCY,13,0.17076923076923076
LYON (intramuros),NANCY,14,0.17615384615384613
LYON (intramuros),NANCY,15,0.16923076923076924
LYON (intramuros),NANCY,16,0.1755813953488372
LYON (intramuros),NANCY,17,0.1853846153846154
LYON (intramuros),NANCY,18,0.17846153846153845
LYON (intramuros),NANCY,19,0.1890625
LYON (intramuros),NANCY,20,0.203125
LYON (intramuros),NANCY,21,0.2069767441860465
LYON (intramuros),NANCY,22,0.20775193798449612
LYON (intramuros),NANCY,23,0.2085271317829457
LYON (intramuros),NANCY,24,0.21328125
LYON (intramuros),NANCY,25,0.2174418604651163
LYON (intramuros),NANCY,26,0.219140625
LYON (intramuros),NANCY,27,0.21860465116279068
LYON (intramuros),NANCY,28,0.22751937984496126
LYON (intramuros),NANCY,29,0.22751937984496126
LYON (intramuros),NANCY,30,0.033720930232558136
LYON (intramuros),STRASBOURG,0,0.5351470588235294
LYON (intramuros),STRASBOURG,1,0.5525
LYON (intramuros),STRASBOURG,2,0.5772058823529411
LYON (intramuros),STRASBOURG,3,0.5855882352941176
LYON (intramuros),STRASBOURG,4,0.23343108504398824
LYON (intramuros),STRASBOURG,5,0.23823529411764705
LYON (intramuros),STRASBOURG,6,0.2448377581120944
LYON (intramuros),STRASBOURG,7,0.23846153846153845
LYON (intramuros),STRASBOURG,8,0.24510385756676556
LYON (intramuros),STRASBOURG,9,0.2591988130563798
LYON (intramuros),STRASBOURG,10,0.27514880952380955
LYON (intramuros),STRASBOURG,11,0.2833333333333333
LYON (intramuros),STRASBOURG,12,0.1444776119402985
LYON (intramuros),STRASBOURG,13,0.1431137724550898
LYON (intramuros),STRASBOURG,14,0.15030030030030028
LYON (intramuros),STRASBOURG,15,0.15632530120481927
LYON (intramuros),STRASBOURG,16,0.1551359516616314
LYON (intramuros),STRASBOURG,17,0.15
LYON (intramuros),STRASBOURG,18,0.15045317220543805
LYON (intramuros),STRASBOURG,19,0.15166666666666667
LYON (intramuros),STRASBOURG,20,0.15972644376899695
LYON (intramuros),STRASBOURG,21,0.16295731707317074
LYON (intramuros),STRASBOURG,22,0.16452599388379205
LYON (intramuros),STRASBOURG,23,0.16717791411042945
LYON (intramuros),STRASBOURG,24,0.16230769230769232
LYON (intramuros),STRASBOURG,25,0.1558641975308642
LYON (intramuros),STRASBOURG,26,0.15572755417956655
LYON (intramuros),STRASBOURG,27,0.15279503105590064
LYON (intramuros),STRASBOURG,28,0.1573208722741433
LYON (intramuros),STRASBOURG,29,0.1525
LYON (intramuros),STRASBOURG,30,0.02814465408805031
LYON (intramuros),THIONVILLE,0,0.46120401337792644
LYON (intramuros),THIONVILLE,1,0.4637123745819398
LYON (intramuros),THIONVILLE,2,0.4770903010033445
LYON (intramuros),THIONVILLE,3,0.5011744966442953
LYON (intramuros),THIONVILLE,4,0.13859060402684562
LYON (intramuros),THIONVILLE,5,0.13754208754208755
LYON (intramuros),THIONVILLE,6,0.14104729729729729
LYON (intramuros),THIONVILLE,7,0.15185810810810813
LYON (intramuros),THIONVILLE,8,0.16203389830508474
LYON (intramuros),THIONVILLE,9,0.17482993197278912
LYON (intramuros),THIONVILLE,10,0.1916095890410959
LYON (intramuros),THIONVILLE,11,0.20017123287671235
LYON (intramuros),THIONVILLE,12,0.04982876712328767
LYON (intramuros),THIONVILLE,13,0.04212328767123288
LYON (intramuros),THIONVILLE,14,0.040206185567010305
LYON (intramuros),THIONVILLE,15,0.04086206896551724
LYON (intramuros),THIONVILLE,16,0.038581314878892735
LYON (intramuros),THIONVILLE,17,0.033854166666666664
LYON (intramuros),THIONVILLE,18,0.035590277777777776
LYON (intramuros),THIONVILLE,19,0.032926829268292684
LYON (intramuros),THIONVILLE,20,0.028745644599303136
LYON (intramuros),THIONVILLE,21,0.028919860627177704
LYON (intramuros),THIONVILLE,22,0.03006993006993007
LYON (intramuros),THIONVILLE,23,0.030419580419580417
LYON (intramuros),THIONVILLE,24,0.0263986013986014
LYON (intramuros),THIONVILLE,25,0.022473867595818816
LYON (intramuros),THIONVILLE,26,0.02177700348432056
LYON (intramuros),THIONVILLE,27,0.022202797202797206
LYON (intramuros),THIONVILLE,28,0.022902097902097903
LYON (intramuros),THIONVILLE,29,0.024385964912280702
LYON (intramuros),THIONVILLE,30,0.0017605633802816902
LYON ST EXUPERY TGV.,BELFORT MONTBELIARD TGV,0,0.0
LYON ST EXUPERY TGV.,BELFORT MONTBELIARD TGV,1,0.0
LYON ST EXUPERY TGV.,BELFORT MONTBELIARD TGV,2,0.0
LYON ST EXUPERY TGV.,BELFORT MONTBELIARD TGV,3,0.0
LYON ST EXUPERY TGV.,BELFORT MONTBELIARD TGV,4,0.05
LYON ST EXUPERY TGV.,BELFORT MONTBELIARD TGV,5,0.0
LYON ST EXUPERY TGV.,BELFORT MONTBELIARD TGV,6,0.0
LYON ST EXUPERY TGV.,BELFORT MONTBELIARD TGV,7,0.0
LYON ST EXUPERY TGV.,BELFORT MONTBELIARD TGV,8,0.0
LYON ST EXUPERY TGV.,BELFORT MONTBELIARD TGV,9,0.0
LYON ST EXUPERY TGV.,BELFORT MONTBELIARD TGV,10,0.0
LYON ST EXUPERY TGV.,BELFORT MONTBELIARD TGV,11,0.0
LYON ST EXUPERY TGV.,BELFORT MONTBELIARD TGV,12,0.0
LYON ST EXUPERY TGV.,BELFORT MONTBELIARD TGV,13,0.0
LYON ST EXUPERY TGV.,BELFORT MONTBELIARD TGV,14,0.0
LYON ST EXUPERY TGV.,BELFORT MONTBELIARD TGV,15,0.0
LYON ST EXUPERY TGV.,BELFORT MONTBELIARD TGV,16,0.0
LYON ST EXUPERY TGV.,BELFORT MONTBELIARD TGV,17,0.0
LYON ST EXUPERY TGV.,BELFORT MONTBELIARD TGV,18,0.0
LYON ST EXUPERY TGV.,BELFORT MONTBELIARD TGV,19,0.0
LYON ST EXUPERY TGV.,BELFORT MONTBELIARD TGV,20,0.0
LYON ST EXUPERY TGV.,BELFORT MONTBELIARD TGV,21,0.0
LYON ST EXUPERY TGV.,BELFORT MONTBELIARD TGV,22,0.0
LYON ST EXUPERY TGV.,BELFORT MONTBELIARD TGV,23,0.0
LYON ST EXUPERY TGV.,BELFORT MONTBELIARD TGV,24,0.0
LYON ST EXUPERY TGV.,BELFORT MONTBELIARD TGV,25,0.0
LYON ST EXUPERY TGV.,BELFORT MONTBELIARD TGV,26,0.0
LYON ST EXUPERY TGV.,BELFORT MONTBELIARD TGV,27,0.0
LYON ST EXUPERY TGV.,BELFORT MONTBELIARD TGV,28,0.0
LYON ST EXUPERY TGV.,BELFORT MONTBELIARD TGV,29,0.0
LYON ST EXUPERY TGV.,BESANCON FRANCHE COMTE TGV,0,0.0
LYON ST EXUPERY TGV.,BESANCON FRANCHE COMTE TGV,1,0.0
LYON ST EXUPERY TGV.,BESANCON FRANCHE COMTE TGV,2,0.0
LYON ST EXUPERY TGV.,BESANCON FRANCHE COMTE TGV,3,0.1
LYON ST EXUPERY TGV.,BESANCON FRANCHE COMTE TGV,4,0.05
LYON ST EXUPERY TGV.,BESANCON FRANCHE COMTE TGV,5,0.0
LYON ST EXUPERY TGV.,BESANCON FRANCHE COMTE TGV,6,0.0
LYON ST EXUPERY TGV.,BESANCON FRANCHE COMTE TGV,7,0.0
LYON ST EXUPERY TGV.,BESANCON FRANCHE COMTE TGV,8,0.1
LYON ST EXUPERY TGV.,BESANCON FRANCHE COMTE TGV,9,0.0
LYON ST EXUPERY TGV.,BESANCON FRANCHE COMTE TGV,10,0.05
LYON ST EXUPERY TGV.,BESANCON FRANCHE COMTE TGV,11,0.05
LYON ST EXUPERY TGV.,BESANCON FRANCHE COMTE TGV,12,0.0
LYON ST EXUPERY TGV.,BESANCON FRANCHE COMTE TGV,13,0.0
LYON ST EXUPERY TGV.,BESANCON FRANCHE COMTE TGV,14,0.0
LYON ST EXUPERY TGV.,BESANCON FRANCHE COMTE TGV,15,0.0
LYON ST EXUPERY TGV.,BESANCON FRANCHE COMTE TGV,16,0.0
LYON ST EXUPERY TGV.,BESANCON FRANCHE COMTE TGV,17,0.0
LYON ST EXUPERY TGV.,BESANCON FRANCHE COMTE TGV,18,0.0
LYON ST EXUPERY TGV.,BESANCON FRANCHE COMTE TGV,19,0.0
LYON ST EXUPERY TGV.,BESANCON FRANCHE COMTE TGV,20,0.0
LYON ST EXUPERY TGV.,BESANCON FRANCHE COMTE TGV,21,0.0
LYON ST EXUPERY TGV.,BESANCON FRANCHE COMTE TGV,22,0.0
LYON ST EXUPERY TGV.,BESANCON FRANCHE COMTE TGV,23,0.0
LYON ST EXUPERY TGV.,BESANCON FRANCHE COMTE TGV,24,0.0
LYON ST EXUPERY TGV.,BESANCON FRANCHE COMTE TGV,25,0.0
LYON ST EXUPERY TGV.,BESANCON FRANCHE COMTE TGV,26,0.0
LYON ST EXUPERY TGV.,BESANCON FRANCHE COMTE TGV,27,0.0
LYON ST EXUPERY TGV.,BESANCON FRANCHE COMTE TGV,28,0.0
LYON ST EXUPERY TGV.,BESANCON FRANCHE COMTE TGV,29,0.0
LYON ST EXUPERY TGV.,COLMAR,0,0.0
LYON ST EXUPERY TGV.,COLMAR,1,0.0
LYON ST EXUPERY TGV.,COLMAR,2,0.0
LYON ST EXUPERY TGV.,COLMAR,3,0.0
LYON ST EXUPERY TGV.,COLMAR,4,0.0
LYON ST EXUPERY TGV.,COLMAR,5,0.0
LYON ST EXUPERY TGV.,COLMAR,6,0.0
LYON ST EXUPERY TGV.,COLMAR,7,0.0
LYON ST EXUPERY TGV.,COLMAR,8,0.1
LYON ST EXUPERY TGV.,COLMAR,9,0.0
LYON ST EXUPERY TGV.,COLMAR,10,0.0
LYON ST EXUPERY TGV.,COLMAR,11,0.0
LYON ST EXUPERY TGV.,COLMAR,12,0.0
LYON ST EXUPERY TGV.,COLMAR,13,0.0
LYON ST EXUPERY TGV.,COLMAR,14,0.0
LYON ST EXUPERY TGV.,COLMAR,15,0.0
LYON ST EXUPERY TGV.,COLMAR,16,0.0
LYON ST EXUPERY TGV.,COLMAR,17,0.0
LYON ST EXUPERY TGV.,COLMAR,18,0.0
LYON ST EXUPERY TGV.,COLMAR,19,0.0
LYON ST EXUPERY TGV.,COLMAR,20,0.0
LYON ST EXUPERY TGV.,COLMAR,21,0.0
LYON ST EXUPERY TGV.,COLMAR,22,0.0
LYON ST EXUPERY TGV.,COLMAR,23,0.0
LYON ST EXUPERY TGV.,COLMAR,24,0.0
LYON ST EXUPERY TGV.,COLMAR,25,0.0
LYON ST EXUPERY TGV.,COLMAR,26,0.0
LYON ST EXUPERY TGV.,COLMAR,27,0.0
LYON ST EXUPERY TGV.,COLMAR,28,0.0
LYON ST EXUPERY TGV.,COLMAR,29,0.0
LYON ST EXUPERY TGV.,DIJON VILLE,0,0.0
LYON ST EXUPERY TGV.,DIJON VILLE,1,0.0
LYON ST EXUPERY TGV.,DIJON VILLE,2,0.05
LYON ST EXUPERY TGV.,DIJON VILLE,3,0.1
LYON ST EXUPERY TGV.,DIJON VILLE,4,0.1
LYON ST EXUPERY TGV.,DIJON VILLE,5,0.0
LYON ST EXUPERY TGV.,DIJON VILLE,6,0.0
LYON ST EXUPERY TGV.,DIJON VILLE,7,0.0
LYON ST EXUPERY TGV.,DIJON VILLE,8,0.05
LYON ST EXUPERY TGV.,DIJON VILLE,9,0.0
LYON ST EXUPERY TGV.,DIJON VILLE,10,0.0
LYON ST EXUPERY TGV.,DIJON VILLE,11,0.05
LYON ST EXUPERY TGV.,DIJON VILLE,12,0.0
LYON ST EXUPERY TGV.,DIJON VILLE,13,0.0
LYON ST EXUPERY TGV.,DIJON VILLE,14,0.0
LYON ST EXUPERY TGV.,DIJON VILLE,15,0.0
LYON ST EXUPERY TGV.,DIJON VILLE,16,0.0
LYON ST EXUPERY TGV.,DIJON VILLE,17,0.0
LYON ST EXUPERY TGV.,DIJON VILLE,18,0.0
LYON ST EXUPERY TGV.,DIJON VILLE,19,0.0
LYON ST EXUPERY TGV.,DIJON VILLE,20,0.0
LYON ST EXUPERY TGV.,DIJON VILLE,21,0.0
LYON ST EXUPERY TGV.,DIJON VILLE,22,0.0
LYON ST EXUPERY TGV.,DIJON VILLE,23,0.0
LYON ST EXUPERY TGV.,DIJON VILLE,24,0.0
LYON ST EXUPERY TGV.,DIJON VILLE,25,0.0
LYON ST EXUPERY TGV.,DIJON VILLE,26,0.0
LYON ST EXUPERY TGV.,DIJON VILLE,27,0.0
LYON ST EXUPERY TGV.,DIJON VILLE,28,0.0
LYON ST EXUPERY TGV.,DIJON VILLE,29,0.0
LYON ST EXUPERY TGV.,LUXEMBOURG,0,0.0
LYON ST EXUPERY TGV.,LUXEMBOURG,1,0.0
LYON ST EXUPERY TGV.,LUXEMBOURG,2,0.0
LYON ST EXUPERY TGV.,LUXEMBOURG,3,0.0
LYON ST EXUPERY TGV.,LUXEMBOURG,4,0.0
LYON ST EXUPERY TGV.,LUXEMBOURG,5,0.0
LYON ST EXUPERY TGV.,LUXEMBOURG,6,0.0
LYON ST EXUPERY TGV.,LUXEMBOURG,7,0.0
LYON ST EXUPERY TGV.,LUXEMBOURG,8,0.0
LYON ST EXUPERY TGV.,LUXEMBOURG,9,0.0
LYON ST EXUPERY TGV.,LUXEMBOURG,10,0.0
LYON ST EXUPERY TGV.,LUXEMBOURG,11,0.0
LYON ST EXUPERY TGV.,LUXEMBOURG,12,0.0
LYON ST EXUPERY TGV.,LUXEMBOURG,13,0.0
LYON ST EXUPERY TGV.,LUXEMBOURG,14,0.0
LYON ST EXUPERY TGV.,LUXEMBOURG,15,0.0
LYON ST EXUPERY TGV.,LUXEMBOURG,16,0.0
LYON ST EXUPERY TGV.,LUXEMBOURG,17,0.0
LYON ST EXUPERY TGV.,LUXEMBOURG,18,0.0
LYON ST EXUPERY TGV.,LUXEMBOURG,19,0.0
LYON ST EXUPERY TGV.,LUXEMBOURG,20,0.0
LYON ST EXUPERY TGV.,LUXEMBOURG,21,0.0
LYON ST EXUPERY TGV.,LUXEMBOURG,22,0.0
LYON ST EXUPERY TGV.,LUXEMBOURG,23,0.0
LYON ST EXUPERY TGV.,LUXEMBOURG,24,0.0
LYON ST EXUPERY TGV.,LUXEMBOURG,25,0.0
LYON ST EXUPERY TGV.,LUXEMBOURG,26,0.0
LYON ST EXUPERY TGV.,LUXEMBOURG,27,0.0
LYON ST EXUPERY TGV.,LUXEMBOURG,28,0.0
LYON ST EXUPERY TGV.,LUXEMBOURG,29,0.0
LYON ST EXUPERY TGV.,METZ VILLE,0,0.0
LYON ST EXUPERY TGV.,METZ VILLE,1,0.0
LYON ST EXUPERY TGV.,METZ VILLE,2,0.0
LYON ST EXUPERY TGV.,METZ VILLE,3,0.0
LYON ST EXUPERY TGV.,METZ VILLE,4,0.0
LYON ST EXUPERY TGV.,METZ VILLE,5,0.0
LYON ST EXUPERY TGV.,METZ VILLE,6,0.0
LYON ST EXUPERY TGV.,METZ VILLE,7,0.0
LYON ST EXUPERY TGV.,METZ VILLE,8,0.0
LYON ST EXUPERY TGV.,METZ VILLE,9,0.0
LYON ST EXUPERY TGV.,METZ VILLE,10,0.0
LYON ST EXUPERY TGV.,METZ VILLE,11,0.0
LYON ST EXUPERY TGV.,METZ VILLE,12,0.0
LYON ST EXUPERY TGV.,METZ VILLE,13,0.0
LYON ST EXUPERY TGV.,METZ VILLE,14,0.0
LYON ST EXUPERY TGV.,METZ VILLE,15,0.0
LYON ST EXUPERY TGV.,METZ VILLE,16,0.0
LYON ST EXUPERY TGV.,METZ VILLE,17,0.0
LYON ST EXUPERY TGV.,METZ VILLE,18,0.0
LYON ST EXUPERY TGV.,METZ VILLE,19,0.0
LYON ST EXUPERY TGV.,METZ VILLE,20,0.0
LYON ST EXUPERY TGV.,METZ VILLE,21,0.0
LYON ST EXUPERY TGV.,METZ VILLE,22,0.0
LYON ST EXUPERY TGV.,METZ VILLE,23,0.0
LYON ST EXUPERY TGV.,METZ VILLE,24,0.0
LYON ST EXUPERY TGV.,METZ VILLE,25,0.0
LYON ST EXUPERY TGV.,METZ VILLE,26,0.0
LYON ST EXUPERY TGV.,METZ VILLE,27,0.0
LYON ST EXUPERY TGV.,METZ VILLE,28,0.0
LYON ST EXUPERY TGV.,METZ VILLE,29,0.0
LYON ST EXUPERY TGV.,MULHOUSE VILLE,0,0.0
LYON ST EXUPERY TGV.,MULHOUSE VILLE,1,0.0
LYON ST EXUPERY TGV.,MULHOUSE VILLE,2,0.0
LYON ST EXUPERY TGV.,MULHOUSE VILLE,3,0.0
LYON ST EXUPERY TGV.,MULHOUSE VILLE,4,0.0
LYON ST EXUPERY TGV.,MULHOUSE VILLE,5,0.0
LYON ST EXUPERY TGV.,MULHOUSE VILLE,6,0.0
LYON ST EXUPERY TGV.,MULHOUSE VILLE,7,0.0
LYON ST EXUPERY TGV.,MULHOUSE VILLE,8,0.0
LYON ST EXUPERY TGV.,MULHOUSE VILLE,9,0.1
LYON ST EXUPERY TGV.,MULHOUSE VILLE,10,0.0
LYON ST EXUPERY TGV.,MULHOUSE VILLE,11,0.0
LYON ST EXUPERY TGV.,MULHOUSE VILLE,12,0.0
LYON ST EXUPERY TGV.,MULHOUSE VILLE,13,0.0
LYON ST EXUPERY TGV.,MULHOUSE VILLE,14,0.0
LYON ST EXUPERY TGV.,MULHOUSE VILLE,15,0.0
LYON ST EXUPERY TGV.,MULHOUSE VILLE,16,0.0
LYON ST EXUPERY TGV.,MULHOUSE VILLE,17,0.0
LYON ST EXUPERY TGV.,MULHOUSE VILLE,18,0.0
LYON ST EXUPERY TGV.,MULHOUSE VILLE,19,0.0
LYON ST EXUPERY TGV.,MULHOUSE VILLE,20,0.0
LYON ST EXUPERY TGV.,MULHOUSE VILLE,21,0.0
LYON ST EXUPERY TGV.,MULHOUSE VILLE,22,0.0
LYON ST EXUPERY TGV.,MULHOUSE VILLE,23,0.0
LYON ST EXUPERY TGV.,MULHOUSE VILLE,24,0.0
LYON ST EXUPERY TGV.,MULHOUSE VILLE,25,0.0
LYON ST EXUPERY TGV.,MULHOUSE VILLE,26,0.0
LYON ST EXUPERY TGV.,MULHOUSE VILLE,27,0.0
LYON ST EXUPERY TGV.,MULHOUSE VILLE,28,0.0
LYON ST EXUPERY TGV.,MULHOUSE VILLE,29,0.0
LYON ST EXUPERY TGV.,STRASBOURG,0,0.0
LYON ST EXUPERY TGV.,STRASBOURG,1,0.0
LYON ST EXUPERY TGV.,STRASBOURG,2,0.0
LYON ST EXUPERY TGV.,STRASBOURG,3,0.0
LYON ST EXUPERY TGV.,STRASBOURG,4,0.0
LYON ST EXUPERY TGV.,STRASBOURG,5,0.0
LYON ST EXUPERY TGV.,STRASBOURG,6,0.0
LYON ST EXUPERY TGV.,STRASBOURG,7,0.0
LYON ST EXUPERY TGV.,STRASBOURG,8,0.0
LYON ST EXUPERY TGV.,STRASBOURG,9,0.0
LYON ST EXUPERY TGV.,STRASBOURG,10,0.0
LYON ST EXUPERY TGV.,STRASBOURG,11,0.0
LYON ST EXUPERY TGV.,STRASBOURG,12,0.0
LYON ST EXUPERY TGV.,STRASBOURG,13,0.0
LYON ST EXUPERY TGV.,STRASBOURG,14,0.0
LYON ST EXUPERY TGV.,STRASBOURG,15,0.0
LYON ST EXUPERY TGV.,STRASBOURG,16,0.0
LYON ST EXUPERY TGV.,STRASBOURG,17,0.0
LYON ST EXUPERY TGV.,STRASBOURG,18,0.0
LYON ST EXUPERY TGV.,STRASBOURG,19,0.0
LYON ST EXUPERY TGV.,STRASBOURG,20,0.0
LYON ST EXUPERY TGV.,STRASBOURG,21,0.0
LYON ST EXUPERY TGV.,STRASBOURG,22,0.0
LYON ST EXUPERY TGV.,STRASBOURG,23,0.0
LYON ST EXUPERY TGV.,STRASBOURG,24,0.0
LYON ST EXUPERY TGV.,STRASBOURG,25,0.0
LYON ST EXUPERY TGV.,STRASBOURG,26,0.0
LYON ST EXUPERY TGV.,STRASBOURG,27,0.0
LYON ST EXUPERY TGV.,STRASBOURG,28,0.0
LYON ST EXUPERY TGV.,STRASBOURG,29,0.0
LYON ST EXUPERY TGV.,THIONVILLE,0,0.0
LYON ST EXUPERY TGV.,THIONVILLE,1,0.0
LYON ST EXUPERY TGV.,THIONVILLE,2,0.0
LYON ST EXUPERY TGV.,THIONVILLE,3,0.0
LYON ST EXUPERY TGV.,THIONVILLE,4,0.0
LYON ST EXUPERY TGV.,THIONVILLE,5,0.0
LYON ST EXUPERY TGV.,THIONVILLE,6,0.0
LYON ST EXUPERY TGV.,THIONVILLE,7,0.0
LYON ST EXUPERY TGV.,THIONVILLE,8,0.0
LYON ST EXUPERY TGV.,THIONVILLE,9,0.0
LYON ST EXUPERY TGV.,THIONVILLE,10,0.0
LYON ST EXUPERY TGV.,THIONVILLE,11,0.0
LYON ST EXUPERY TGV.,THIONVILLE,12,0.0
LYON ST EXUPERY TGV.,THIONVILLE,13,0.0
LYON ST EXUPERY TGV.,THIONVILLE,14,0.0
LYON ST EXUPERY TGV.,THIONVILLE,15,0.0
LYON ST EXUPERY TGV.,THIONVILLE,16,0.0
LYON ST EXUPERY TGV.,THIONVILLE,17,0.0
LYON ST EXUPERY TGV.,THIONVILLE,18,0.0
LYON ST EXUPERY TGV.,THIONVILLE,19,0.0
LYON ST EXUPERY TGV.,THIONVILLE,20,0.0
LYON ST EXUPERY TGV.,THIONVILLE,21,0.0
LYON ST EXUPERY TGV.,THIONVILLE,22,0.0
LYON ST EXUPERY TGV.,THIONVILLE,23,0.0
LYON ST EXUPERY TGV.,THIONVILLE,24,0.0
LYON ST EXUPERY TGV.,THIONVILLE,25,0.0
LYON ST EXUPERY TGV.,THIONVILLE,26,0.0
LYON ST EXUPERY TGV.,THIONVILLE,27,0.0
LYON ST EXUPERY TGV.,THIONVILLE,28,0.0
LYON ST EXUPERY TGV.,THIONVILLE,29,0.0
MACON VILLE,BEAUNE,0,0.3725903614457831
MACON VILLE,BEAUNE,1,0.40598802395209577
MACON VILLE,BEAUNE,2,0.42831325301204815
MACON VILLE,BEAUNE,3,0.4607784431137725
MACON VILLE,BEAUNE,4,0.1655688622754491
MACON VILLE,BEAUNE,5,0.16454545454545455
MACON VILLE,BEAUNE,6,0.16890243902439023
MACON VILLE,BEAUNE,7,0.16189024390243903
MACON VILLE,BEAUNE,8,0.16097560975609757
MACON VILLE,BEAUNE,9,0.15884146341463415
MACON VILLE,BEAUNE,10,0.15575757575757576
MACON VILLE,BEAUNE,11,0.15121951219512195
MACON VILLE,BEAUNE,12,0.16809815950920245
MACON VILLE,BEAUNE,13,0.17668711656441718
MACON VILLE,BEAUNE,14,0.17914110429447852
MACON VILLE,BEAUNE,15,0.17822085889570552
MACON VILLE,BEAUNE,16,0.18333333333333332
MACON VILLE,BEAUNE,17,0.18619631901840492
MACON VILLE,BEAUNE,18,0.18251533742331288
MACON VILLE,BEAUNE,19,0.18385093167701863
MACON VILLE,BEAUNE,20,0.18788819875776397
MACON VILLE,BEAUNE,21,0.19074074074074074
MACON VILLE,BEAUNE,22,0.1925925925925926
MACON VILLE,BEAUNE,23,0.19691358024691358
MACON VILLE,BEAUNE,24,0.20403726708074535
MACON VILLE,BEAUNE,25,0.20617283950617282
MACON VILLE,BEAUNE,26,0.19596273291925467
MACON VILLE,BEAUNE,27,0.19722222222222222
MACON VILLE,BEAUNE,28,0.2015432098765432
MACON VILLE,BEAUNE,29,0.19537037037037036
MACON VILLE,BEAUNE,30,0.030434782608695653
MACON VILLE,BELFORT MONTBELIARD TGV,0,0.5357466063348416
MACON VILLE,BELFORT MONTBELIARD TGV,1,0.5831081081081081
MACON VILLE,BELFORT MONTBELIARD TGV,2,0.6126696832579186
MACON VILLE,BELFORT MONTBELIARD TGV,3,0.6307692307692307
MACON VILLE,BELFORT MONTBELIARD TGV,4,0.21306306306306305
MACON VILLE,BELFORT MONTBELIARD TGV,5,0.21380090497737556
MACON VILLE,BELFORT MONTBELIARD TGV,6,0.21659090909090908
MACON VILLE,BELFORT MONTBELIARD TGV,7,0.20319634703196346
MACON VILLE,BELFORT MONTBELIARD TGV,8,0.19908675799086759
MACON VILLE,BELFORT MONTBELIARD TGV,9,0.2004566210045662
MACON VILLE,BELFORT MONTBELIARD TGV,10,0.20616438356164382
MACON VILLE,BELFORT MONTBELIARD TGV,11,0.20412844036697247
MACON VILLE,BELFORT MONTBELIARD TGV,12,0.15023041474654378
MACON VILLE,BELFORT MONTBELIARD TGV,13,0.15555555555555556
MACON VILLE,BELFORT MONTBELIARD TGV,14,0.15714285714285714
MACON VILLE,BELFORT MONTBELIARD TGV,15,0.1587557603686636
MACON VILLE,BELFORT MONTBELIARD TGV,16,0.16203703703703703
MACON VILLE,BELFORT MONTBELIARD TGV,17,0.15806451612903225
MACON VILLE,BELFORT MONTBELIARD TGV,18,0.15416666666666665
MACON VILLE,BELFORT MONTBELIARD TGV,19,0.1572093023255814
MACON VILLE,BELFORT MONTBELIARD TGV,20,0.15813953488372093
MACON VILLE,BELFORT MONTBELIARD TGV,21,0.16064814814814815
MACON VILLE,BELFORT MONTBELIARD TGV,22,0.16064814814814815
MACON VILLE,BELFORT MONTBELIARD TGV,23,0.16627906976744186
MACON VILLE,BELFORT MONTBELIARD TGV,24,0.16930232558139535
MACON VILLE,BELFORT MONTBELIARD TGV,25,0.17083333333333334
MACON VILLE,BELFORT MONTBELIARD TGV,26,0.16348837209302325
MACON VILLE,BELFORT MONTBELIARD TGV,27,0.16296296296296298
MACON VILLE,BELFORT MONTBELIARD TGV,28,0.1662037037037037
MACON VILLE,BELFORT MONTBELIARD TGV,29,0.16087962962962962
MACON VILLE,BELFORT MONTBELIARD TGV,30,0.028837209302325584
MACON VILLE,BESANCON FRANCHE COMTE TGV,0,0.530316742081448
MACON VILLE,BESANCON FRANCHE COMTE TGV,1,0.5768018018018019
MACON VILLE,BESANCON FRANCHE COMTE TGV,2,0.6013574660633484
MACON VILLE,BESANCON FRANCHE COMTE TGV,3,0.628054298642534
MACON VILLE,BESANCON FRANCHE COMTE TGV,4,0.20135135135135138
MACON VILLE,BESANCON FRANCHE COMTE TGV,5,0.20407239819004525
MACON VILLE,BESANCON FRANCHE COMTE TGV,6,0.2109090909090909
MACON VILLE,BESANCON FRANCHE COMTE TGV,7,0.20022831050228312
MACON VILLE,BESANCON FRANCHE COMTE TGV,8,0.19315068493150683
MACON VILLE,BESANCON FRANCHE COMTE TGV,9,0.19543378995433788
MACON VILLE,BESANCON FRANCHE COMTE TGV,10,0.19885844748858447
MACON VILLE,BESANCON FRANCHE COMTE TGV,11,0.18853211009174312
MACON VILLE,BESANCON FRANCHE COMTE TGV,12,0.14331797235023042
MACON VILLE,BESANCON FRANCHE COMTE TGV,13,0.15
MACON VILLE,BESANCON FRANCHE COMTE TGV,14,0.1488479262672811
MACON VILLE,BESANCON FRANCHE COMTE TGV,15,0.15184331797235023
MACON VILLE,BESANCON FRANCHE COMTE TGV,16,0.15833333333333335
MACON VILLE,BESANCON FRANCHE COMTE TGV,17,0.15645161290322582
MACON VILLE,BESANCON FRANCHE COMTE TGV,18,0.14976851851851852
MACON VILLE,BESANCON FRANCHE COMTE TGV,19,0.15302325581395348
MACON VILLE,BESANCON FRANCHE COMTE TGV,20,0.1532558139534884
MACON VILLE,BESANCON FRANCHE COMTE TGV,21,0.15254629629629632
MACON VILLE,BESANCON FRANCHE COMTE TGV,22,0.15254629629629632
MACON VILLE,BESANCON FRANCHE COMTE TGV,23,0.15395348837209302
MACON VILLE,BESANCON FRANCHE COMTE TGV,24,0.15674418604651164
MACON VILLE,BESANCON FRANCHE COMTE TGV,25,0.1574074074074074
MACON VILLE,BESANCON FRANCHE COMTE TGV,26,0.15
MACON VILLE,BESANCON FRANCHE COMTE TGV,27,0.14583333333333334
MACON VILLE,BESANCON FRANCHE COMTE TGV,28,0.15324074074074076
MACON VILLE,BESANCON FRANCHE COMTE TGV,29,0.14791666666666667
MACON VILLE,BESANCON FRANCHE COMTE TGV,30,0.02255813953488372
MACON VILLE,COLMAR,0,0.5807692307692307
MACON VILLE,COLMAR,1,0.6162162162162163
MACON VILLE,COLMAR,2,0.6418552036199094
MACON VILLE,COLMAR,3,0.6538461538461539
MACON VILLE,COLMAR,4,0.22680180180180182
MACON VILLE,COLMAR,5,0.2343891402714932
MACON VILLE,COLMAR,6,0.23863636363636365
MACON VILLE,COLMAR,7,0.2317351598173516
MACON VILLE,COLMAR,8,0.21506849315068494
MACON VILLE,COLMAR,9,0.20570776255707762
MACON VILLE,COLMAR,10,0.2089041095890411
MACON VILLE,COLMAR,11,0.20458715596330276
MACON VILLE,COLMAR,12,0.1599078341013825
MACON VILLE,COLMAR,13,0.16712962962962963
MACON VILLE,COLMAR,14,0.16820276497695852
MACON VILLE,COLMAR,15,0.17142857142857143
MACON VILLE,COLMAR,16,0.17384259259259258
MACON VILLE,COLMAR,17,0.16682027649769587
MACON VILLE,COLMAR,18,0.16087962962962962
MACON VILLE,COLMAR,19,0.16139534883720932
MACON VILLE,COLMAR,20,0.16325581395348837
MACON VILLE,COLMAR,21,0.16574074074074072
MACON VILLE,COLMAR,22,0.1652777777777778
MACON VILLE,COLMAR,23,0.1713953488372093
MACON VILLE,COLMAR,24,0.17651162790697675
MACON VILLE,COLMAR,25,0.1761574074074074
MACON VILLE,COLMAR,26,0.16767441860465115
MACON VILLE,COLMAR,27,0.16458333333333333
MACON VILLE,COLMAR,28,0.1701388888888889
MACON VILLE,COLMAR,29,0.16296296296296298
MACON VILLE,COLMAR,30,0.02744186046511628
MACON VILLE,DIJON VILLE,0,0.47579185520361994
MACON VILLE,DIJON VILLE,1,0.5110360360360361
MACON VILLE,DIJON VILLE,2,0.5450226244343892
MACON VILLE,DIJON VILLE,3,0.5520361990950227
MACON VILLE,DIJON VILLE,4,0.15675675675675674
MACON VILLE,DIJON VILLE,5,0.17239819004524887
MACON VILLE,DIJON VILLE,6,0.18363636363636363
MACON VILLE,DIJON VILLE,7,0.17922374429223745
MACON VILLE,DIJON VILLE,8,0.17534246575342466
MACON VILLE,DIJON VILLE,9,0.1643835616438356
MACON VILLE,DIJON VILLE,10,0.17557077625570777
MACON VILLE,DIJON VILLE,11,0.15848623853211008
MACON VILLE,DIJON VILLE,12,0.14170506912442396
MACON VILLE,DIJON VILLE,13,0.14351851851851852
MACON VILLE,DIJON VILLE,14,0.1435483870967742
MACON VILLE,DIJON VILLE,15,0.1467741935483871
MACON VILLE,DIJON VILLE,16,0.14282407407407408
MACON VILLE,DIJON VILLE,17,0.13410138248847928
MACON VILLE,DIJON VILLE,18,0.13425925925925927
MACON VILLE,DIJON VILLE,19,0.14302325581395348
MACON VILLE,DIJON VILLE,20,0.15046511627906978
MACON VILLE,DIJON VILLE,21,0.15717592592592594
MACON VILLE,DIJON VILLE,22,0.15625
MACON VILLE,DIJON VILLE,23,0.1602325581395349
MACON VILLE,DIJON VILLE,24,0.16255813953488374
MACON VILLE,DIJON VILLE,25,0.15995370370370368
MACON VILLE,DIJON VILLE,26,0.15488372093023253
MACON VILLE,DIJON VILLE,27,0.15925925925925924
MACON VILLE,DIJON VILLE,28,0.16597222222222222
MACON VILLE,DIJON VILLE,29,0.15763888888888888
MACON VILLE,DIJON VILLE,30,0.026511627906976747
MACON VILLE,METZ VILLE,0,0.4172077922077922
MACON VILLE,METZ VILLE,1,0.44253246753246755
MACON VILLE,METZ VILLE,2,0.4473856209150327
MACON VILLE,METZ VILLE,3,0.46078431372549017
MACON VILLE,METZ VILLE,4,0.10162337662337663
MACON VILLE,METZ VILLE,5,0.08668831168831169
MACON VILLE,METZ VILLE,6,0.08149350649350649
MACON VILLE,METZ VILLE,7,0.06764705882352941
MACON VILLE,METZ VILLE,8,0.06209150326797386
MACON VILLE,METZ VILLE,9,0.0542483660130719
MACON VILLE,METZ VILLE,10,0.06298701298701298
MACON VILLE,METZ VILLE,11,0.07581699346405228
MACON VILLE,METZ VILLE,12,0.0392156862745098
MACON VILLE,METZ VILLE,13,0.04019607843137255
MACON VILLE,METZ VILLE,14,0.04577922077922078
MACON VILLE,METZ VILLE,15,0.05844155844155844
MACON VILLE,METZ VILLE,16,0.06209150326797386
MACON VILLE,METZ VILLE,17,0.04707792207792208
MACON VILLE,METZ VILLE,18,0.046078431372549015
MACON VILLE,METZ VILLE,19,0.050649350649350645
MACON VILLE,METZ VILLE,20,0.0607843137254902
MACON VILLE,METZ VILLE,21,0.05844155844155844
MACON VILLE,METZ VILLE,22,0.058116883116883115
MACON VILLE,METZ VILLE,23,0.06045751633986928
MACON VILLE,METZ VILLE,24,0.053246753246753244
MACON VILLE,METZ VILLE,25,0.05032467532467533
MACON VILLE,METZ VILLE,26,0.04512987012987013
MACON VILLE,METZ VILLE,27,0.04383116883116883
MACON VILLE,METZ VILLE,28,0.04155844155844156
MACON VILLE,METZ VILLE,29,0.046753246753246755
MACON VILLE,METZ VILLE,30,0.007189542483660131
MACON VILLE,MULHOUSE VILLE,0,0.5904977375565611
MACON VILLE,MULHOUSE VILLE,1,0.6193693693693694
MACON VILLE,MULHOUSE VILLE,2,0.6434389140271493
MACON VILLE,MULHOUSE VILLE,3,0.6561085972850679
MACON VILLE,MULHOUSE VILLE,4,0.2238738738738739
MACON VILLE,MULHOUSE VILLE,5,0.2328054298642534
MACON VILLE,MULHOUSE VILLE,6,0.24204545454545454
MACON VILLE,MULHOUSE VILLE,7,0.22579908675799087
MACON VILLE,MULHOUSE VILLE,8,0.21963470319634704
MACON VILLE,MULHOUSE VILLE,9,0.20159817351598172
MACON VILLE,MULHOUSE VILLE,10,0.21050228310502284
MACON VILLE,MULHOUSE VILLE,11,0.20596330275229358
MACON VILLE,MULHOUSE VILLE,12,0.1578341013824885
MACON VILLE,MULHOUSE VILLE,13,0.1611111111111111
MACON VILLE,MULHOUSE VILLE,14,0.16543778801843317
MACON VILLE,MULHOUSE VILLE,15,0.16797235023041476
MACON VILLE,MULHOUSE VILLE,16,0.17337962962962963
MACON VILLE,MULHOUSE VILLE,17,0.1649769585253456
MACON VILLE,MULHOUSE VILLE,18,0.16435185185185186
MACON VILLE,MULHOUSE VILLE,19,0.16302325581395347
MACON VILLE,MULHOUSE VILLE,20,0.16116279069767442
MACON VILLE,MULHOUSE VILLE,21,0.1641203703703704
MACON VILLE,MULHOUSE VILLE,22,0.16643518518518519
MACON VILLE,MULHOUSE VILLE,23,0.17046511627906977
MACON VILLE,MULHOUSE VILLE,24,0.17418604651162792
MACON VILLE,MULHOUSE VILLE,25,0.1775462962962963
MACON VILLE,MULHOUSE VILLE,26,0.16930232558139535
MACON VILLE,MULHOUSE VILLE,27,0.1652777777777778
MACON VILLE,MULHOUSE VILLE,28,0.17175925925925928
MACON VILLE,MULHOUSE VILLE,29,0.1650462962962963
MACON VILLE,MULHOUSE VILLE,30,0.029069767441860465
MACON VILLE,NANCY,0,0.45653846153846156
MACON VILLE,NANCY,1,0.5361538461538462
MACON VILLE,NANCY,2,0.6038461538461538
MACON VILLE,NANCY,3,0.6103846153846153
MACON VILLE,NANCY,4,0.1757692307692308
MACON VILLE,NANCY,5,0.20465116279069767
MACON VILLE,NANCY,6,0.2251968503937008
MACON VILLE,NANCY,7,0.223046875
MACON VILLE,NANCY,8,0.21574803149606298
MACON VILLE,NANCY,9,0.18700787401574803
MACON VILLE,NANCY,10,0.1875
MACON VILLE,NANCY,11,0.1921259842519685
MACON VILLE,NANCY,12,0.19606299212598424
MACON VILLE,NANCY,13,0.2047244094488189
MACON VILLE,NANCY,14,0.21023622047244095
MACON VILLE,NANCY,15,0.21220472440944882
MACON VILLE,NANCY,16,0.21349206349206348
MACON VILLE,NANCY,17,0.21850393700787402
MACON VILLE,NANCY,18,0.2137795275590551
MACON VILLE,NANCY,19,0.222
MACON VILLE,NANCY,20,0.226
MACON VILLE,NANCY,21,0.22857142857142856
MACON VILLE,NANCY,22,0.228968253968254
MACON VILLE,NANCY,23,0.23134920634920633
MACON VILLE,NANCY,24,0.24480000000000002
MACON VILLE,NANCY,25,0.24563492063492062
MACON VILLE,NANCY,26,0.2476
MACON VILLE,NANCY,27,0.2476190476190476
MACON VILLE,NANCY,28,0.2515873015873016
MACON VILLE,NANCY,29,0.24166666666666667
MACON VILLE,NANCY,30,0.03531746031746032
MACON VILLE,STRASBOURG,0,0.5855203619909503
MACON VILLE,STRASBOURG,1,0.622972972972973
MACON VILLE,STRASBOURG,2,0.6457013574660633
MACON VILLE,STRASBOURG,3,0.6597285067873304
MACON VILLE,STRASBOURG,4,0.22567567567567567
MACON VILLE,STRASBOURG,5,0.23936651583710405
MACON VILLE,STRASBOURG,6,0.24431818181818182
MACON VILLE,STRASBOURG,7,0.2328767123287671
MACON VILLE,STRASBOURG,8,0.22579908675799087
MACON VILLE,STRASBOURG,9,0.2045662100456621
MACON VILLE,STRASBOURG,10,0.20844748858447487
MACON VILLE,STRASBOURG,11,0.20940366972477065
MACON VILLE,STRASBOURG,12,0.1622119815668203
MACON VILLE,STRASBOURG,13,0.16041666666666665
MACON VILLE,STRASBOURG,14,0.16658986175115206
MACON VILLE,STRASBOURG,15,0.1709677419354839
MACON VILLE,STRASBOURG,16,0.17476851851851852
MACON VILLE,STRASBOURG,17,0.1663594470046083
MACON VILLE,STRASBOURG,18,0.16157407407407406
MACON VILLE,STRASBOURG,19,0.16255813953488374
MACON VILLE,STRASBOURG,20,0.16395348837209303
MACON VILLE,STRASBOURG,21,0.16666666666666666
MACON VILLE,STRASBOURG,22,0.16643518518518519
MACON VILLE,STRASBOURG,23,0.17162790697674418
MACON VILLE,STRASBOURG,24,0.17627906976744184
MACON VILLE,STRASBOURG,25,0.17777777777777778
MACON VILLE,STRASBOURG,26,0.1697674418604651
MACON VILLE,STRASBOURG,27,0.16805555555555554
MACON VILLE,STRASBOURG,28,0.1752314814814815
MACON VILLE,STRASBOURG,29,0.16597222222222222
MACON VILLE,STRASBOURG,30,0.030697674418604652
MARNE LA VALLEE CHESSY,LUXEMBOURG,0,0.7214285714285714
MARNE LA VALLEE CHESSY,LUXEMBOURG,1,0.7071428571428572
MARNE LA VALLEE CHESSY,LUXEMBOURG,2,0.7142857142857143
MARNE LA VALLEE CHESSY,LUXEMBOURG,3,0.7142857142857143
MARNE LA VALLEE CHESSY,LUXEMBOURG,4,0.85
MARNE LA VALLEE CHESSY,LUXEMBOURG,5,0.8571428571428571
MARNE LA VALLEE CHESSY,LUXEMBOURG,6,0.8571428571428571
MARNE LA VALLEE CHESSY,LUXEMBOURG,7,0.8428571428571429
MARNE LA VALLEE CHESSY,LUXEMBOURG,8,0.7285714285714285
MARNE LA VALLEE CHESSY,LUXEMBOURG,9,0.6583333333333333
MARNE LA VALLEE CHESSY,LUXEMBOURG,10,0.7666666666666666
MARNE LA VALLEE CHESSY,LUXEMBOURG,11,0.7999999999999999
MARNE LA VALLEE CHESSY,LUXEMBOURG,12,0.3
MARNE LA VALLEE CHESSY,LUXEMBOURG,13,0.18333333333333332
MARNE LA VALLEE CHESSY,LUXEMBOURG,14,0.19166666666666665
MARNE LA VALLEE CHESSY,LUXEMBOURG,15,0.26666666666666666
MARNE LA VALLEE CHESSY,LUXEMBOURG,16,0.4
MARNE LA VALLEE CHESSY,LUXEMBOURG,17,0.4
MARNE LA VALLEE CHESSY,LUXEMBOURG,18,0.38
MARNE LA VALLEE CHESSY,LUXEMBOURG,19,0.36
MARNE LA VALLEE CHESSY,LUXEMBOURG,20,0.27999999999999997
MARNE LA VALLEE CHESSY,LUXEMBOURG,21,0.4
MARNE LA VALLEE CHESSY,LUXEMBOURG,22,0.5
MARNE LA VALLEE CHESSY,LUXEMBOURG,23,0.22000000000000003
MARNE LA VALLEE CHESSY,LUXEMBOURG,24,0.06
MARNE LA VALLEE CHESSY,LUXEMBOURG,25,0.0
MARNE LA VALLEE CHESSY,LUXEMBOURG,26,0.0
MARNE LA VALLEE CHESSY,LUXEMBOURG,27,0.0
MARNE LA VALLEE CHESSY,LUXEMBOURG,28,0.0
MARNE LA VALLEE CHESSY,LUXEMBOURG,29,0.0
MARNE LA VALLEE CHESSY,LUXEMBOURG,30,0.0
MARNE LA VALLEE CHESSY,METZ VILLE,0,0.6857142857142857
MARNE LA VALLEE CHESSY,METZ VILLE,1,0.6857142857142857
MARNE LA VALLEE CHESSY,METZ VILLE,2,0.7142857142857143
MARNE LA VALLEE CHESSY,METZ VILLE,3,0.6928571428571428
MARNE LA VALLEE CHESSY,METZ VILLE,4,0.85
MARNE LA VALLEE CHESSY,METZ VILLE,5,0.8357142857142856
MARNE LA VALLEE CHESSY,METZ VILLE,6,0.8571428571428571
MARNE LA VALLEE CHESSY,METZ VILLE,7,0.8357142857142856
MARNE LA VALLEE CHESSY,METZ VILLE,8,0.7428571428571429
MARNE LA VALLEE CHESSY,METZ VILLE,9,0.7416666666666667
MARNE LA VALLEE CHESSY,METZ VILLE,10,0.8166666666666668
MARNE LA VALLEE CHESSY,METZ VILLE,11,0.7583333333333333
MARNE LA VALLEE CHESSY,METZ VILLE,12,0.27499999999999997
MARNE LA VALLEE CHESSY,METZ VILLE,13,0.19166666666666665
MARNE LA VALLEE CHESSY,METZ VILLE,14,0.19999999999999998
MARNE LA VALLEE CHESSY,METZ VILLE,15,0.31666666666666665
MARNE LA VALLEE CHESSY,METZ VILLE,16,0.4
MARNE LA VALLEE CHESSY,METZ VILLE,17,0.4
MARNE LA VALLEE CHESSY,METZ VILLE,18,0.4
MARNE LA VALLEE CHESSY,METZ VILLE,19,0.37
MARNE LA VALLEE CHESSY,METZ VILLE,20,0.24
MARNE LA VALLEE CHESSY,METZ VILLE,21,0.33
MARNE LA VALLEE CHESSY,METZ VILLE,22,0.48
MARNE LA VALLEE CHESSY,METZ VILLE,23,0.25
MARNE LA VALLEE CHESSY,METZ VILLE,24,0.06
MARNE LA VALLEE CHESSY,METZ VILLE,25,0.0
MARNE LA VALLEE CHESSY,METZ VILLE,26,0.0
MARNE LA VALLEE CHESSY,METZ VILLE,27,0.0
MARNE LA VALLEE CHESSY,METZ VILLE,28,0.0
MARNE LA VALLEE CHESSY,METZ VILLE,29,0.0
MARNE LA VALLEE CHESSY,METZ VILLE,30,0.0
MARNE LA VALLEE CHESSY,STRASBOURG,0,0.6416666666666667
MARNE LA VALLEE CHESSY,STRASBOURG,1,0.6416666666666667
MARNE LA VALLEE CHESSY,STRASBOURG,2,0.6666666666666666
MARNE LA VALLEE CHESSY,STRASBOURG,3,0.65
MARNE LA VALLEE CHESSY,STRASBOURG,4,0.7833333333333333
MARNE LA VALLEE CHESSY,STRASBOURG,5,0.8166666666666668
MARNE LA VALLEE CHESSY,STRASBOURG,6,0.8166666666666668
MARNE LA VALLEE CHESSY,STRASBOURG,7,0.8166666666666668
MARNE LA VALLEE CHESSY,STRASBOURG,8,0.7000000000000001
MARNE LA VALLEE CHESSY,STRASBOURG,9,0.6833333333333332
MARNE LA VALLEE CHESSY,STRASBOURG,10,0.7999999999999999
MARNE LA VALLEE CHESSY,STRASBOURG,11,0.8166666666666668
MARNE LA VALLEE CHESSY,STRASBOURG,12,0.2833333333333333
MARNE LA VALLEE CHESSY,STRASBOURG,13,0.19999999999999998
MARNE LA VALLEE CHESSY,STRASBOURG,14,0.20833333333333334
MARNE LA VALLEE CHESSY,STRASBOURG,15,0.2833333333333333
MARNE LA VALLEE CHESSY,STRASBOURG,16,0.4
MARNE LA VALLEE CHESSY,STRASBOURG,17,0.4
MARNE LA VALLEE CHESSY,STRASBOURG,18,0.4
MARNE LA VALLEE CHESSY,STRASBOURG,19,0.38
MARNE LA VALLEE CHESSY,STRASBOURG,20,0.29
MARNE LA VALLEE CHESSY,STRASBOURG,21,0.43
MARNE LA VALLEE CHESSY,STRASBOURG,22,0.55
MARNE LA VALLEE CHESSY,STRASBOURG,23,0.27999999999999997
MARNE LA VALLEE CHESSY,STRASBOURG,24,0.02
MARNE LA VALLEE CHESSY,STRASBOURG,25,0.0
MARNE LA VALLEE CHESSY,STRASBOURG,26,0.0
MARNE LA VALLEE CHESSY,STRASBOURG,27,0.0
MARNE LA VALLEE CHESSY,STRASBOURG,28,0.0
MARNE LA VALLEE CHESSY,STRASBOURG,29,0.0
MARNE LA VALLEE CHESSY,STRASBOURG,30,0.0
MARNE LA VALLEE CHESSY,THIONVILLE,0,0.7000000000000001
MARNE LA VALLEE CHESSY,THIONVILLE,1,0.6857142857142857
MARNE LA VALLEE CHESSY,THIONVILLE,2,0.7142857142857143
MARNE LA VALLEE CHESSY,THIONVILLE,3,0.6928571428571428
MARNE LA VALLEE CHESSY,THIONVILLE,4,0.85
MARNE LA VALLEE CHESSY,THIONVILLE,5,0.85
MARNE LA VALLEE CHESSY,THIONVILLE,6,0.8642857142857142
MARNE LA VALLEE CHESSY,THIONVILLE,7,0.8571428571428571
MARNE LA VALLEE CHESSY,THIONVILLE,8,0.7428571428571429
MARNE LA VALLEE CHESSY,THIONVILLE,9,0.7416666666666667
MARNE LA VALLEE CHESSY,THIONVILLE,10,0.7916666666666666
MARNE LA VALLEE CHESSY,THIONVILLE,11,0.8250000000000001
MARNE LA VALLEE CHESSY,THIONVILLE,12,0.30833333333333335
MARNE LA VALLEE CHESSY,THIONVILLE,13,0.20833333333333334
MARNE LA VALLEE CHESSY,THIONVILLE,14,0.225
MARNE LA VALLEE CHESSY,THIONVILLE,15,0.30833333333333335
MARNE LA VALLEE CHESSY,THIONVILLE,16,0.4
MARNE LA VALLEE CHESSY,THIONVILLE,17,0.4
MARNE LA VALLEE CHESSY,THIONVILLE,18,0.39
MARNE LA VALLEE CHESSY,THIONVILLE,19,0.38
MARNE LA VALLEE CHESSY,THIONVILLE,20,0.25
MARNE LA VALLEE CHESSY,THIONVILLE,21,0.41000000000000003
MARNE LA VALLEE CHESSY,THIONVILLE,22,0.52
MARNE LA VALLEE CHESSY,THIONVILLE,23,0.3
MARNE LA VALLEE CHESSY,THIONVILLE,24,0.03
MARNE LA VALLEE CHESSY,THIONVILLE,25,0.0
MARNE LA VALLEE CHESSY,THIONVILLE,26,0.0
MARNE LA VALLEE CHESSY,THIONVILLE,27,0.0
MARNE LA VALLEE CHESSY,THIONVILLE,28,0.0
MARNE LA VALLEE CHESSY,THIONVILLE,29,0.0
MARNE LA VALLEE CHESSY,THIONVILLE,30,0.0
MARSEILLE ST CHARLES,AIX EN PROVENCE TGV,0,0.6416666666666667
MARSEILLE ST CHARLES,AIX EN PROVENCE TGV,1,0.6240484429065744
MARSEILLE ST CHARLES,AIX EN PROVENCE TGV,2,0.6229166666666667
MARSEILLE ST CHARLES,AIX EN PROVENCE TGV,3,0.6240484429065744
MARSEILLE ST CHARLES,AIX EN PROVENCE TGV,4,0.2806228373702422
MARSEILLE ST CHARLES,AIX EN PROVENCE TGV,5,0.283623693379791
MARSEILLE ST CHARLES,AIX EN PROVENCE TGV,6,0.2865384615384616
MARSEILLE ST CHARLES,AIX EN PROVENCE TGV,7,0.2777972027972028
MARSEILLE ST CHARLES,AIX EN PROVENCE TGV,8,0.2812937062937063
MARSEILLE ST CHARLES,AIX EN PROVENCE TGV,9,0.28228070175438597
MARSEILLE ST CHARLES,AIX EN PROVENCE TGV,10,0.28098591549295776
MARSEILLE ST CHARLES,AIX EN PROVENCE TGV,11,0.2669014084507042
MARSEILLE ST CHARLES,AIX EN PROVENCE TGV,12,0.17385159010600706
MARSEILLE ST CHARLES,AIX EN PROVENCE TGV,13,0.1677304964539007
MARSEILLE ST CHARLES,AIX EN PROVENCE TGV,14,0.1691489361702128
MARSEILLE ST CHARLES,AIX EN PROVENCE TGV,15,0.17322695035460994
MARSEILLE ST CHARLES,AIX EN PROVENCE TGV,16,0.17464285714285713
MARSEILLE ST CHARLES,AIX EN PROVENCE TGV,17,0.17135231316725977
MARSEILLE ST CHARLES,AIX EN PROVENCE TGV,18,0.16392857142857142
MARSEILLE ST CHARLES,AIX EN PROVENCE TGV,19,0.15663082437275988
MARSEILLE ST CHARLES,AIX EN PROVENCE TGV,20,0.14694244604316548
MARSEILLE ST CHARLES,AIX EN PROVENCE TGV,21,0.14388489208633093
MARSEILLE ST CHARLES,AIX EN PROVENCE TGV,22,0.14586330935251798
MARSEILLE ST CHARLES,AIX EN PROVENCE TGV,23,0.14547101449275363
MARSEILLE ST CHARLES,AIX EN PROVENCE TGV,24,0.14345454545454547
MARSEILLE ST CHARLES,AIX EN PROVENCE TGV,25,0.13996350364963503
MARSEILLE ST CHARLES,AIX EN PROVENCE TGV,26,0.1336996336996337
MARSEILLE ST CHARLES,AIX EN PROVENCE TGV,27,0.13529411764705881
MARSEILLE ST CHARLES,AIX EN PROVENCE TGV,28,0.13694852941176472
MARSEILLE ST CHARLES,AIX EN PROVENCE TGV,29,0.13529411764705881
MARSEILLE ST CHARLES,AIX EN PROVENCE TGV,30,0.023234200743494422
MARSEILLE ST CHARLES,AVIGNON TGV,0,0.6670608108108108
MARSEILLE ST CHARLES,AVIGNON TGV,1,0.6533783783783784
MARSEILLE ST CHARLES,AVIGNON TGV,2,0.6631756756756757
MARSEILLE ST CHARLES,AVIGNON TGV,3,0.656060606060606
MARSEILLE ST CHARLES,AVIGNON TGV,4,0.3058922558922559
MARSEILLE ST CHARLES,AVIGNON TGV,5,0.3094915254237288
MARSEILLE ST CHARLES,AVIGNON TGV,6,0.30799319727891156
MARSEILLE ST CHARLES,AVIGNON TGV,7,0.29268707482993195
MARSEILLE ST CHARLES,AVIGNON TGV,8,0.29183673469387755
MARSEILLE ST CHARLES,AVIGNON TGV,9,0.29336734693877553
MARSEILLE ST CHARLES,AVIGNON TGV,10,0.29368600682593854
MARSEILLE ST CHARLES,AVIGNON TGV,11,0.28242320819112626
MARSEILLE ST CHARLES,AVIGNON TGV,12,0.18133561643835616
MARSEILLE ST CHARLES,AVIGNON TGV,13,0.17491408934707903
MARSEILLE ST CHARLES,AVIGNON TGV,14,0.17010309278350516
MARSEILLE ST CHARLES,AVIGNON TGV,15,0.1759450171821306
MARSEILLE ST CHARLES,AVIGNON TGV,16,0.1773356401384083
MARSEILLE ST CHARLES,AVIGNON TGV,17,0.1736206896551724
MARSEILLE ST CHARLES,AVIGNON TGV,18,0.16608996539792387
MARSEILLE ST CHARLES,AVIGNON TGV,19,0.1592013888888889
MARSEILLE ST CHARLES,AVIGNON TGV,20,0.14529616724738678
MARSEILLE ST CHARLES,AVIGNON TGV,21,0.14390243902439023
MARSEILLE ST CHARLES,AVIGNON TGV,22,0.1440766550522648
MARSEILLE ST CHARLES,AVIGNON TGV,23,0.1443859649122807
MARSEILLE ST CHARLES,AVIGNON TGV,24,0.14278169014084505
MARSEILLE ST CHARLES,AVIGNON TGV,25,0.13886925795053
MARSEILLE ST CHARLES,AVIGNON TGV,26,0.1324468085106383
MARSEILLE ST CHARLES,AVIGNON TGV,27,0.13487544483985764
MARSEILLE ST CHARLES,AVIGNON TGV,28,0.13736654804270462
MARSEILLE ST CHARLES,AVIGNON TGV,29,0.13629893238434163
MARSEILLE ST CHARLES,AVIGNON TGV,30,0.020863309352517984
MARSEILLE ST CHARLES,BEAUNE,0,0.3460122699386503
MARSEILLE ST CHARLES,BEAUNE,1,0.38414634146341464
MARSEILLE ST CHARLES,BEAUNE,2,0.42239263803680976
MARSEILLE ST CHARLES,BEAUNE,3,0.42012195121951224
MARSEILLE ST CHARLES,BEAUNE,4,0.12439024390243901
MARSEILLE ST CHARLES,BEAUNE,5,0.1345679012345679
MARSEILLE ST CHARLES,BEAUNE,6,0.14285714285714285
MARSEILLE ST CHARLES,BEAUNE,7,0.1375776397515528
MARSEILLE ST CHARLES,BEAUNE,8,0.13788819875776398
MARSEILLE ST CHARLES,BEAUNE,9,0.12919254658385093
MARSEILLE ST CHARLES,BEAUNE,10,0.13179012345679014
MARSEILLE ST CHARLES,BEAUNE,11,0.13167701863354037
MARSEILLE ST CHARLES,BEAUNE,12,0.139375
MARSEILLE ST CHARLES,BEAUNE,13,0.1434375
MARSEILLE ST CHARLES,BEAUNE,14,0.1390625
MARSEILLE ST CHARLES,BEAUNE,15,0.1375
MARSEILLE ST CHARLES,BEAUNE,16,0.13836477987421383
MARSEILLE ST CHARLES,BEAUNE,17,0.1375
MARSEILLE ST CHARLES,BEAUNE,18,0.1375
MARSEILLE ST CHARLES,BEAUNE,19,0.14525316455696202
MARSEILLE ST CHARLES,BEAUNE,20,0.15126582278481013
MARSEILLE ST CHARLES,BEAUNE,21,0.15031446540880503
MARSEILLE ST CHARLES,BEAUNE,22,0.1449685534591195
MARSEILLE ST CHARLES,BEAUNE,23,0.14559748427672956
MARSEILLE ST CHARLES,BEAUNE,24,0.14651898734177216
MARSEILLE ST CHARLES,BEAUNE,25,0.14433962264150943
MARSEILLE ST CHARLES,BEAUNE,26,0.14050632911392405
MARSEILLE ST CHARLES,BEAUNE,27,0.1389937106918239
MARSEILLE ST CHARLES,BEAUNE,28,0.13836477987421383
MARSEILLE ST CHARLES,BEAUNE,29,0.13522012578616352
MARSEILLE ST CHARLES,BEAUNE,30,0.018037974683544303
MARSEILLE ST CHARLES,BELFORT MONTBELIARD TGV,0,0.4065656565656566
MARSEILLE ST CHARLES,BELFORT MONTBELIARD TGV,1,0.44208754208754214
MARSEILLE ST CHARLES,BELFORT MONTBELIARD TGV,2,0.4572390572390573
MARSEILLE ST CHARLES,BELFORT MONTBELIARD TGV,3,0.4619127516778524
MARSEILLE ST CHARLES,BELFORT MONTBELIARD TGV,4,0.17181208053691277
MARSEILLE ST CHARLES,BELFORT MONTBELIARD TGV,5,0.16891891891891891
MARSEILLE ST CHARLES,BELFORT MONTBELIARD TGV,6,0.16728813559322034
MARSEILLE ST CHARLES,BELFORT MONTBELIARD TGV,7,0.1594915254237288
MARSEILLE ST CHARLES,BELFORT MONTBELIARD TGV,8,0.17220338983050845
MARSEILLE ST CHARLES,BELFORT MONTBELIARD TGV,9,0.17635135135135135
MARSEILLE ST CHARLES,BELFORT MONTBELIARD TGV,10,0.18745762711864405
MARSEILLE ST CHARLES,BELFORT MONTBELIARD TGV,11,0.2105084745762712
MARSEILLE ST CHARLES,BELFORT MONTBELIARD TGV,12,0.09506802721088435
MARSEILLE ST CHARLES,BELFORT MONTBELIARD TGV,13,0.0931740614334471
MARSEILLE ST CHARLES,BELFORT MONTBELIARD TGV,14,0.09266211604095563
MARSEILLE ST CHARLES,BELFORT MONTBELIARD TGV,15,0.09180887372013652
MARSEILLE ST CHARLES,BELFORT MONTBELIARD TGV,16,0.08955479452054795
MARSEILLE ST CHARLES,BELFORT MONTBELIARD TGV,17,0.08839590443686006
MARSEILLE ST CHARLES,BELFORT MONTBELIARD TGV,18,0.08886986301369863
MARSEILLE ST CHARLES,BELFORT MONTBELIARD TGV,19,0.08951890034364261
MARSEILLE ST CHARLES,BELFORT MONTBELIARD TGV,20,0.09275862068965517
MARSEILLE ST CHARLES,BELFORT MONTBELIARD TGV,21,0.09241379310344827
MARSEILLE ST CHARLES,BELFORT MONTBELIARD TGV,22,0.0896551724137931
MARSEILLE ST CHARLES,BELFORT MONTBELIARD TGV,23,0.08923611111111111
MARSEILLE ST CHARLES,BELFORT MONTBELIARD TGV,24,0.08710801393728224
MARSEILLE ST CHARLES,BELFORT MONTBELIARD TGV,25,0.08671328671328672
MARSEILLE ST CHARLES,BELFORT MONTBELIARD TGV,26,0.08421052631578947
MARSEILLE ST CHARLES,BELFORT MONTBELIARD TGV,27,0.0846830985915493
MARSEILLE ST CHARLES,BELFORT MONTBELIARD TGV,28,0.08415492957746479
MARSEILLE ST CHARLES,BELFORT MONTBELIARD TGV,29,0.0818661971830986
MARSEILLE ST CHARLES,BELFORT MONTBELIARD TGV,30,0.010498220640569395
MARSEILLE ST CHARLES,BESANCON FRANCHE COMTE TGV,0,0.3877104377104377
MARSEILLE ST CHARLES,BESANCON FRANCHE COMTE TGV,1,0.40454545454545454
MARSEILLE ST CHARLES,BESANCON FRANCHE COMTE TGV,2,0.42693602693602695
MARSEILLE ST CHARLES,BESANCON FRANCHE COMTE TGV,3,0.41996644295302016
MARSEILLE ST CHARLES,BESANCON FRANCHE COMTE TGV,4,0.1296979865771812
MARSEILLE ST CHARLES,BESANCON FRANCHE COMTE TGV,5,0.13361486486486485
MARSEILLE ST CHARLES,BESANCON FRANCHE COMTE TGV,6,0.15135593220338983
MARSEILLE ST CHARLES,BESANCON FRANCHE COMTE TGV,7,0.15694915254237288
MARSEILLE ST CHARLES,BESANCON FRANCHE COMTE TGV,8,0.16762711864406782
MARSEILLE ST CHARLES,BESANCON FRANCHE COMTE TGV,9,0.16216216216216217
MARSEILLE ST CHARLES,BESANCON FRANCHE COMTE TGV,10,0.15983050847457628
MARSEILLE ST CHARLES,BESANCON FRANCHE COMTE TGV,11,0.15305084745762712
MARSEILLE ST CHARLES,BESANCON FRANCHE COMTE TGV,12,0.09285714285714286
MARSEILLE ST CHARLES,BESANCON FRANCHE COMTE TGV,13,0.0916382252559727
MARSEILLE ST CHARLES,BESANCON FRANCHE COMTE TGV,14,0.09215017064846416
MARSEILLE ST CHARLES,BESANCON FRANCHE COMTE TGV,15,0.09215017064846416
MARSEILLE ST CHARLES,BESANCON FRANCHE COMTE TGV,16,0.08955479452054795
MARSEILLE ST CHARLES,BESANCON FRANCHE COMTE TGV,17,0.08890784982935154
MARSEILLE ST CHARLES,BESANCON FRANCHE COMTE TGV,18,0.0886986301369863
MARSEILLE ST CHARLES,BESANCON FRANCHE COMTE TGV,19,0.08969072164948454
MARSEILLE ST CHARLES,BESANCON FRANCHE COMTE TGV,20,0.09258620689655173
MARSEILLE ST CHARLES,BESANCON FRANCHE COMTE TGV,21,0.09327586206896551
MARSEILLE ST CHARLES,BESANCON FRANCHE COMTE TGV,22,0.09017241379310344
MARSEILLE ST CHARLES,BESANCON FRANCHE COMTE TGV,23,0.08975694444444444
MARSEILLE ST CHARLES,BESANCON FRANCHE COMTE TGV,24,0.08780487804878048
MARSEILLE ST CHARLES,BESANCON FRANCHE COMTE TGV,25,0.08671328671328672
MARSEILLE ST CHARLES,BESANCON FRANCHE COMTE TGV,26,0.08473684210526315
MARSEILLE ST CHARLES,BESANCON FRANCHE COMTE TGV,27,0.08450704225352113
MARSEILLE ST CHARLES,BESANCON FRANCHE COMTE TGV,28,0.08380281690140845
MARSEILLE ST CHARLES,BESANCON FRANCHE COMTE TGV,29,0.08221830985915493
MARSEILLE ST CHARLES,BESANCON FRANCHE COMTE TGV,30,0.007295373665480427
MARSEILLE ST CHARLES,CHALON SUR SAONE,0,0.37727272727272726
MARSEILLE ST CHARLES,CHALON SUR SAONE,1,0.390719696969697
MARSEILLE ST CHARLES,CHALON SUR SAONE,2,0.4119318181818182
MARSEILLE ST CHARLES,CHALON SUR SAONE,3,0.39640151515151517
MARSEILLE ST CHARLES,CHALON SUR SAONE,4,0.11844106463878327
MARSEILLE ST CHARLES,CHALON SUR SAONE,5,0.1206896551724138
MARSEILLE ST CHARLES,CHALON SUR SAONE,6,0.1448076923076923
MARSEILLE ST CHARLES,CHALON SUR SAONE,7,0.15498084291187741
MARSEILLE ST CHARLES,CHALON SUR SAONE,8,0.16915708812260535
MARSEILLE ST CHARLES,CHALON SUR SAONE,9,0.1581749049429658
MARSEILLE ST CHARLES,CHALON SUR SAONE,10,0.15498084291187741
MARSEILLE ST CHARLES,CHALON SUR SAONE,11,0.15634615384615383
MARSEILLE ST CHARLES,CHALON SUR SAONE,12,0.04652509652509653
MARSEILLE ST CHARLES,CHALON SUR SAONE,13,0.040310077519379844
MARSEILLE ST CHARLES,CHALON SUR SAONE,14,0.038996138996139
MARSEILLE ST CHARLES,CHALON SUR SAONE,15,0.03903846153846154
MARSEILLE ST CHARLES,CHALON SUR SAONE,16,0.03436293436293436
MARSEILLE ST CHARLES,CHALON SUR SAONE,17,0.031538461538461536
MARSEILLE ST CHARLES,CHALON SUR SAONE,18,0.03127413127413127
MARSEILLE ST CHARLES,CHALON SUR SAONE,19,0.027713178294573645
MARSEILLE ST CHARLES,CHALON SUR SAONE,20,0.027237354085603113
MARSEILLE ST CHARLES,CHALON SUR SAONE,21,0.02762645914396887
MARSEILLE ST CHARLES,CHALON SUR SAONE,22,0.027431906614785992
MARSEILLE ST CHARLES,CHALON SUR SAONE,23,0.026666666666666665
MARSEILLE ST CHARLES,CHALON SUR SAONE,24,0.024901960784313722
MARSEILLE ST CHARLES,CHALON SUR SAONE,25,0.02391304347826087
MARSEILLE ST CHARLES,CHALON SUR SAONE,26,0.024007936507936506
MARSEILLE ST CHARLES,CHALON SUR SAONE,27,0.02390438247011952
MARSEILLE ST CHARLES,CHALON SUR SAONE,28,0.02390438247011952
MARSEILLE ST CHARLES,CHALON SUR SAONE,29,0.024103585657370516
MARSEILLE ST CHARLES,CHALON SUR SAONE,30,0.0034274193548387098
MARSEILLE ST CHARLES,COLMAR,0,0.3825301204819277
MARSEILLE ST CHARLES,COLMAR,1,0.4188622754491018
MARSEILLE ST CHARLES,COLMAR,2,0.4563253012048193
MARSEILLE ST CHARLES,COLMAR,3,0.47095808383233534
MARSEILLE ST CHARLES,COLMAR,4,0.12754491017964073
MARSEILLE ST CHARLES,COLMAR,5,0.13060606060606061
MARSEILLE ST CHARLES,COLMAR,6,0.14237804878048782
MARSEILLE ST CHARLES,COLMAR,7,0.1454268292682927
MARSEILLE ST CHARLES,COLMAR,8,0.14329268292682926
MARSEILLE ST CHARLES,COLMAR,9,0.14420731707317072
MARSEILLE ST CHARLES,COLMAR,10,0.1487878787878788
MARSEILLE ST CHARLES,COLMAR,11,0.1603658536585366
MARSEILLE ST CHARLES,COLMAR,12,0.1414110429447853
MARSEILLE ST CHARLES,COLMAR,13,0.14263803680981596
MARSEILLE ST CHARLES,COLMAR,14,0.13680981595092026
MARSEILLE ST CHARLES,COLMAR,15,0.13773006134969323
MARSEILLE ST CHARLES,COLMAR,16,0.13641975308641976
MARSEILLE ST CHARLES,COLMAR,17,0.1355828220858896
MARSEILLE ST CHARLES,COLMAR,18,0.13588957055214723
MARSEILLE ST CHARLES,COLMAR,19,0.14378881987577638
MARSEILLE ST CHARLES,COLMAR,20,0.1484472049689441
MARSEILLE ST CHARLES,COLMAR,21,0.14814814814814814
MARSEILLE ST CHARLES,COLMAR,22,0.14290123456790121
MARSEILLE ST CHARLES,COLMAR,23,0.1425925925925926
MARSEILLE ST CHARLES,COLMAR,24,0.14378881987577638
MARSEILLE ST CHARLES,COLMAR,25,0.1419753086419753
MARSEILLE ST CHARLES,COLMAR,26,0.13788819875776398
MARSEILLE ST CHARLES,COLMAR,27,0.13518518518518519
MARSEILLE ST CHARLES,COLMAR,28,0.1345679012345679
MARSEILLE ST CHARLES,COLMAR,29,0.1308641975308642
MARSEILLE ST CHARLES,COLMAR,30,0.01677018633540373
MARSEILLE ST CHARLES,DIJON VILLE,0,0.3759649122807018
MARSEILLE ST CHARLES,DIJON VILLE,1,0.39930069930069934
MARSEILLE ST CHARLES,DIJON VILLE,2,0.4192982456140351
MARSEILLE ST CHARLES,DIJON VILLE,3,0.4103146853146853
MARSEILLE ST CHARLES,DIJON VILLE,4,0.13426573426573427
MARSEILLE ST CHARLES,DIJON VILLE,5,0.13785211267605632
MARSEILLE ST CHARLES,DIJON VILLE,6,0.15618374558303888
MARSEILLE ST CHARLES,DIJON VILLE,7,0.16643109540636042
MARSEILLE ST CHARLES,DIJON VILLE,8,0.1715547703180212
MARSEILLE ST CHARLES,DIJON VILLE,9,0.17031802120141343
MARSEILLE ST CHARLES,DIJON VILLE,10,0.16489361702127658
MARSEILLE ST CHARLES,DIJON VILLE,11,0.16117021276595744
MARSEILLE ST CHARLES,DIJON VILLE,12,0.09715302491103203
MARSEILLE ST CHARLES,DIJON VILLE,13,0.09732142857142857
MARSEILLE ST CHARLES,DIJON VILLE,14,0.09642857142857143
MARSEILLE ST CHARLES,DIJON VILLE,15,0.09607142857142857
MARSEILLE ST CHARLES,DIJON VILLE,16,0.09283154121863799
MARSEILLE ST CHARLES,DIJON VILLE,17,0.09285714285714286
MARSEILLE ST CHARLES,DIJON VILLE,18,0.09265232974910395
MARSEILLE ST CHARLES,DIJON VILLE,19,0.09298561151079138
MARSEILLE ST CHARLES,DIJON VILLE,20,0.09711191335740071
MARSEILLE ST CHARLES,DIJON VILLE,21,0.09747292418772563
MARSEILLE ST CHARLES,DIJON VILLE,22,0.09386281588447654
MARSEILLE ST CHARLES,DIJON VILLE,23,0.09365942028985508
MARSEILLE ST CHARLES,DIJON VILLE,24,0.09218181818181818
MARSEILLE ST CHARLES,DIJON VILLE,25,0.09142335766423358
MARSEILLE ST CHARLES,DIJON VILLE,26,0.08882783882783883
MARSEILLE ST CHARLES,DIJON VILLE,27,0.08841911764705883
MARSEILLE ST CHARLES,DIJON VILLE,28,0.08841911764705883
MARSEILLE ST CHARLES,DIJON VILLE,29,0.08584558823529412
MARSEILLE ST CHARLES,DIJON VILLE,30,0.012037037037037037
MARSEILLE ST CHARLES,LUXEMBOURG,0,0.45055865921787713
MARSEILLE ST CHARLES,LUXEMBOURG,1,0.46111111111111114
MARSEILLE ST CHARLES,LUXEMBOURG,2,0.47305555555555556
MARSEILLE ST CHARLES,LUXEMBOURG,3,0.4896648044692738
MARSEILLE ST CHARLES,LUXEMBOURG,4,0.2258426966292135
MARSEILLE ST CHARLES,LUXEMBOURG,5,0.21875
MARSEILLE ST CHARLES,LUXEMBOURG,6,0.2325714285714286
MARSEILLE ST CHARLES,LUXEMBOURG,7,0.25
MARSEILLE ST CHARLES,LUXEMBOURG,8,0.2553977272727273
MARSEILLE ST CHARLES,LUXEMBOURG,9,0.24034090909090908
MARSEILLE ST CHARLES,LUXEMBOURG,10,0.24885714285714283
MARSEILLE ST CHARLES,LUXEMBOURG,11,0.253448275862069
MARSEILLE ST CHARLES,LUXEMBOURG,12,0.07902298850574713
MARSEILLE ST CHARLES,LUXEMBOURG,13,0.06954022988505747
MARSEILLE ST CHARLES,LUXEMBOURG,14,0.0659090909090909
MARSEILLE ST CHARLES,LUXEMBOURG,15,0.06807909604519774
MARSEILLE ST CHARLES,LUXEMBOURG,16,0.06371428571428571
MARSEILLE ST CHARLES,LUXEMBOURG,17,0.056
MARSEILLE ST CHARLES,LUXEMBOURG,18,0.056857142857142856
MARSEILLE ST CHARLES,LUXEMBOURG,19,0.05171428571428572
MARSEILLE ST CHARLES,LUXEMBOURG,20,0.046000000000000006
MARSEILLE ST CHARLES,LUXEMBOURG,21,0.04602272727272727
MARSEILLE ST CHARLES,LUXEMBOURG,22,0.04971590909090909
MARSEILLE ST CHARLES,LUXEMBOURG,23,0.05
MARSEILLE ST CHARLES,LUXEMBOURG,24,0.04090909090909091
MARSEILLE ST CHARLES,LUXEMBOURG,25,0.03551136363636364
MARSEILLE ST CHARLES,LUXEMBOURG,26,0.034374999999999996
MARSEILLE ST CHARLES,LUXEMBOURG,27,0.03465909090909091
MARSEILLE ST CHARLES,LUXEMBOURG,28,0.03579545454545455
MARSEILLE ST CHARLES,LUXEMBOURG,29,0.03551136363636364
MARSEILLE ST CHARLES,LUXEMBOURG,30,0.0034482758620689655
MARSEILLE ST CHARLES,LYON (intramuros),0,0.4307692307692308
MARSEILLE ST CHARLES,LYON (intramuros),1,0.4526755852842809
MARSEILLE ST CHARLES,LYON (intramuros),2,0.4590301003344482
MARSEILLE ST CHARLES,LYON (intramuros),3,0.4618333333333334
MARSEILLE ST CHARLES,LYON (intramuros),4,0.1855
MARSEILLE ST CHARLES,LYON (intramuros),5,0.19429530201342282
MARSEILLE ST CHARLES,LYON (intramuros),6,0.19966329966329965
MARSEILLE ST CHARLES,LYON (intramuros),7,0.17727272727272728
MARSEILLE ST CHARLES,LYON (intramuros),8,0.17558922558922557
MARSEILLE ST CHARLES,LYON (intramuros),9,0.18181818181818182
MARSEILLE ST CHARLES,LYON (intramuros),10,0.19712837837837838
MARSEILLE ST CHARLES,LYON (intramuros),11,0.19729729729729728
MARSEILLE ST CHARLES,LYON (intramuros),12,0.1257627118644068
MARSEILLE ST CHARLES,LYON (intramuros),13,0.12040816326530612
MARSEILLE ST CHARLES,LYON (intramuros),14,0.12125850340136055
MARSEILLE ST CHARLES,LYON (intramuros),15,0.12568027210884355
MARSEILLE ST CHARLES,LYON (intramuros),16,0.12585616438356165
MARSEILLE ST CHARLES,LYON (intramuros),17,0.12184300341296929
MARSEILLE ST CHARLES,LYON (intramuros),18,0.12414383561643835
MARSEILLE ST CHARLES,LYON (intramuros),19,0.12508591065292096
MARSEILLE ST CHARLES,LYON (intramuros),20,0.12258620689655171
MARSEILLE ST CHARLES,LYON (intramuros),21,0.11775862068965516
MARSEILLE ST CHARLES,LYON (intramuros),22,0.115
MARSEILLE ST CHARLES,LYON (intramuros),23,0.11041666666666666
MARSEILLE ST CHARLES,LYON (intramuros),24,0.11149825783972125
MARSEILLE ST CHARLES,LYON (intramuros),25,0.10996503496503496
MARSEILLE ST CHARLES,LYON (intramuros),26,0.10596491228070175
MARSEILLE ST CHARLES,LYON (intramuros),27,0.1022887323943662
MARSEILLE ST CHARLES,LYON (intramuros),28,0.09929577464788732
MARSEILLE ST CHARLES,LYON (intramuros),29,0.09436619718309859
MARSEILLE ST CHARLES,LYON (intramuros),30,0.012277580071174379
MARSEILLE ST CHARLES,MACON VILLE,0,0.3450920245398773
MARSEILLE ST CHARLES,MACON VILLE,1,0.3823170731707317
MARSEILLE ST CHARLES,MACON VILLE,2,0.4269938650306748
MARSEILLE ST CHARLES,MACON VILLE,3,0.40396341463414637
MARSEILLE ST CHARLES,MACON VILLE,4,0.12652439024390244
MARSEILLE ST CHARLES,MACON VILLE,5,0.13734567901234568
MARSEILLE ST CHARLES,MACON VILLE,6,0.14285714285714285
MARSEILLE ST CHARLES,MACON VILLE,7,0.13850931677018635
MARSEILLE ST CHARLES,MACON VILLE,8,0.13975155279503104
MARSEILLE ST CHARLES,MACON VILLE,9,0.12732919254658384
MARSEILLE ST CHARLES,MACON VILLE,10,0.13117283950617284
MARSEILLE ST CHARLES,MACON VILLE,11,0.13012422360248446
MARSEILLE ST CHARLES,MACON VILLE,12,0.1365625
MARSEILLE ST CHARLES,MACON VILLE,13,0.14125000000000001
MARSEILLE ST CHARLES,MACON VILLE,14,0.138125
MARSEILLE ST CHARLES,MACON VILLE,15,0.138125
MARSEILLE ST CHARLES,MACON VILLE,16,0.13836477987421383
MARSEILLE ST CHARLES,MACON VILLE,17,0.1371875
MARSEILLE ST CHARLES,MACON VILLE,18,0.1371875
MARSEILLE ST CHARLES,MACON VILLE,19,0.14462025316455698
MARSEILLE ST CHARLES,MACON VILLE,20,0.15031645569620253
MARSEILLE ST CHARLES,MACON VILLE,21,0.14968553459119496
MARSEILLE ST CHARLES,MACON VILLE,22,0.14559748427672956
MARSEILLE ST CHARLES,MACON VILLE,23,0.1449685534591195
MARSEILLE ST CHARLES,MACON VILLE,24,0.1468354430379747
MARSEILLE ST CHARLES,MACON VILLE,25,0.14433962264150943
MARSEILLE ST CHARLES,MACON VILLE,26,0.14018987341772152
MARSEILLE ST CHARLES,MACON VILLE,27,0.13836477987421383
MARSEILLE ST CHARLES,MACON VILLE,28,0.1371069182389937
MARSEILLE ST CHARLES,MACON VILLE,29,0.13522012578616352
MARSEILLE ST CHARLES,MACON VILLE,30,0.019936708860759492
MARSEILLE ST CHARLES,MARNE LA VALLEE CHESSY,0,0.5642857142857143
MARSEILLE ST CHARLES,MARNE LA VALLEE CHESSY,1,0.5857142857142856
MARSEILLE ST CHARLES,MARNE LA VALLEE CHESSY,2,0.5785714285714285
MARSEILLE ST CHARLES,MARNE LA VALLEE CHESSY,3,0.5785714285714285
MARSEILLE ST CHARLES,MARNE LA VALLEE CHESSY,4,0.6285714285714287
MARSEILLE ST CHARLES,MARNE LA VALLEE CHESSY,5,0.6928571428571428
MARSEILLE ST CHARLES,MARNE LA VALLEE CHESSY,6,0.8357142857142856
MARSEILLE ST CHARLES,MARNE LA VALLEE CHESSY,7,0.8357142857142856
MARSEILLE ST CHARLES,MARNE LA VALLEE CHESSY,8,0.7428571428571429
MARSEILLE ST CHARLES,MARNE LA VALLEE CHESSY,9,0.7166666666666667
MARSEILLE ST CHARLES,MARNE LA VALLEE CHESSY,10,0.7999999999999999
MARSEILLE ST CHARLES,MARNE LA VALLEE CHESSY,11,0.7666666666666666
MARSEILLE ST CHARLES,MARNE LA VALLEE CHESSY,12,0.3
MARSEILLE ST CHARLES,MARNE LA VALLEE CHESSY,13,0.19999999999999998
MARSEILLE ST CHARLES,MARNE LA VALLEE CHESSY,14,0.20833333333333334
MARSEILLE ST CHARLES,MARNE LA VALLEE CHESSY,15,0.31666666666666665
MARSEILLE ST CHARLES,MARNE LA VALLEE CHESSY,16,0.4
MARSEILLE ST CHARLES,MARNE LA VALLEE CHESSY,17,0.4
MARSEILLE ST CHARLES,MARNE LA VALLEE CHESSY,18,0.41
MARSEILLE ST CHARLES,MARNE LA VALLEE CHESSY,19,0.38
MARSEILLE ST CHARLES,MARNE LA VALLEE CHESSY,20,0.24
MARSEILLE ST CHARLES,MARNE LA VALLEE CHESSY,21,0.24
MARSEILLE ST CHARLES,MARNE LA VALLEE CHESSY,22,0.37
MARSEILLE ST CHARLES,MARNE LA VALLEE CHESSY,23,0.22000000000000003
MARSEILLE ST CHARLES,MARNE LA VALLEE CHESSY,24,0.05
MARSEILLE ST CHARLES,MARNE LA VALLEE CHESSY,25,0.0
MARSEILLE ST CHARLES,MARNE LA VALLEE CHESSY,26,0.0
MARSEILLE ST CHARLES,MARNE LA VALLEE CHESSY,27,0.0
MARSEILLE ST CHARLES,MARNE LA VALLEE CHESSY,28,0.0
MARSEILLE ST CHARLES,MARNE LA VALLEE CHESSY,29,0.0
MARSEILLE ST CHARLES,MARNE LA VALLEE CHESSY,30,0.0
MARSEILLE ST CHARLES,METZ VILLE,0,0.4159919028340081
MARSEILLE ST CHARLES,METZ VILLE,1,0.43608870967741936
MARSEILLE ST CHARLES,METZ VILLE,2,0.4356854838709677
MARSEILLE ST CHARLES,METZ VILLE,3,0.43724696356275305
MARSEILLE ST CHARLES,METZ VILLE,4,0.18597560975609756
MARSEILLE ST CHARLES,METZ VILLE,5,0.1942622950819672
MARSEILLE ST CHARLES,METZ VILLE,6,0.19444444444444445
MARSEILLE ST CHARLES,METZ VILLE,7,0.19672131147540983
MARSEILLE ST CHARLES,METZ VILLE,8,0.20614754098360655
MARSEILLE ST CHARLES,METZ VILLE,9,0.1918032786885246
MARSEILLE ST CHARLES,METZ VILLE,10,0.2012396694214876
MARSEILLE ST CHARLES,METZ VILLE,11,0.21224066390041493
MARSEILLE ST CHARLES,METZ VILLE,12,0.05854166666666667
MARSEILLE ST CHARLES,METZ VILLE,13,0.048535564853556486
MARSEILLE ST CHARLES,METZ VILLE,14,0.04833333333333333
MARSEILLE ST CHARLES,METZ VILLE,15,0.05062240663900414
MARSEILLE ST CHARLES,METZ VILLE,16,0.047280334728033474
MARSEILLE ST CHARLES,METZ VILLE,17,0.043958333333333335
MARSEILLE ST CHARLES,METZ VILLE,18,0.043096234309623435
MARSEILLE ST CHARLES,METZ VILLE,19,0.0411764705882353
MARSEILLE ST CHARLES,METZ VILLE,20,0.035443037974683546
MARSEILLE ST CHARLES,METZ VILLE,21,0.03438818565400844
MARSEILLE ST CHARLES,METZ VILLE,22,0.0379746835443038
MARSEILLE ST CHARLES,METZ VILLE,23,0.037076271186440676
MARSEILLE ST CHARLES,METZ VILLE,24,0.03143459915611815
MARSEILLE ST CHARLES,METZ VILLE,25,0.02617021276595745
MARSEILLE ST CHARLES,METZ VILLE,26,0.026495726495726495
MARSEILLE ST CHARLES,METZ VILLE,27,0.027467811158798285
MARSEILLE ST CHARLES,METZ VILLE,28,0.027467811158798285
MARSEILLE ST CHARLES,METZ VILLE,29,0.026180257510729613
MARSEILLE ST CHARLES,METZ VILLE,30,0.003463203463203463
MARSEILLE ST CHARLES,MULHOUSE VILLE,0,0.4153198653198653
MARSEILLE ST CHARLES,MULHOUSE VILLE,1,0.4516835016835017
MARSEILLE ST CHARLES,MULHOUSE VILLE,2,0.4595959595959596
MARSEILLE ST CHARLES,MULHOUSE VILLE,3,0.4666107382550336
MARSEILLE ST CHARLES,MULHOUSE VILLE,4,0.17298657718120805
MARSEILLE ST CHARLES,MULHOUSE VILLE,5,0.17027027027027025
MARSEILLE ST CHARLES,MULHOUSE VILLE,6,0.1688135593220339
MARSEILLE ST CHARLES,MULHOUSE VILLE,7,0.16203389830508474
MARSEILLE ST CHARLES,MULHOUSE VILLE,8,0.1783050847457627
MARSEILLE ST CHARLES,MULHOUSE VILLE,9,0.1810810810810811
MARSEILLE ST CHARLES,MULHOUSE VILLE,10,0.1923728813559322
MARSEILLE ST CHARLES,MULHOUSE VILLE,11,0.2059322033898305
MARSEILLE ST CHARLES,MULHOUSE VILLE,12,0.09659863945578231
MARSEILLE ST CHARLES,MULHOUSE VILLE,13,0.09419795221843004
MARSEILLE ST CHARLES,MULHOUSE VILLE,14,0.09232081911262799
MARSEILLE ST CHARLES,MULHOUSE VILLE,15,0.09197952218430033
MARSEILLE ST CHARLES,MULHOUSE VILLE,16,0.08972602739726027
MARSEILLE ST CHARLES,MULHOUSE VILLE,17,0.089419795221843
MARSEILLE ST CHARLES,MULHOUSE VILLE,18,0.08955479452054795
MARSEILLE ST CHARLES,MULHOUSE VILLE,19,0.08951890034364261
MARSEILLE ST CHARLES,MULHOUSE VILLE,20,0.09293103448275862
MARSEILLE ST CHARLES,MULHOUSE VILLE,21,0.09275862068965517
MARSEILLE ST CHARLES,MULHOUSE VILLE,22,0.09051724137931035
MARSEILLE ST CHARLES,MULHOUSE VILLE,23,0.09045138888888889
MARSEILLE ST CHARLES,MULHOUSE VILLE,24,0.08832752613240419
MARSEILLE ST CHARLES,MULHOUSE VILLE,25,0.0875874125874126
MARSEILLE ST CHARLES,MULHOUSE VILLE,26,0.08578947368421053
MARSEILLE ST CHARLES,MULHOUSE VILLE,27,0.08503521126760563
MARSEILLE ST CHARLES,MULHOUSE VILLE,28,0.0846830985915493
MARSEILLE ST CHARLES,MULHOUSE VILLE,29,0.08169014084507042
MARSEILLE ST CHARLES,MULHOUSE VILLE,30,0.01085409252669039
MARSEILLE ST CHARLES,NANCY,0,0.332442748091603
MARSEILLE ST CHARLES,NANCY,1,0.384351145038168
MARSEILLE ST CHARLES,NANCY,2,0.42862595419847327
MARSEILLE ST CHARLES,NANCY,3,0.4438931297709924
MARSEILLE ST CHARLES,NANCY,4,0.1148854961832061
MARSEILLE ST CHARLES,NANCY,5,0.13653846153846153
MARSEILLE ST CHARLES,NANCY,6,0.1421875
MARSEILLE ST CHARLES,NANCY,7,0.14883720930232558
MARSEILLE ST CHARLES,NANCY,8,0.148046875
MARSEILLE ST CHARLES,NANCY,9,0.130078125
MARSEILLE ST CHARLES,NANCY,10,0.13992248062015505
MARSEILLE ST CHARLES,NANCY,11,0.154296875
MARSEILLE ST CHARLES,NANCY,12,0.14453125
MARSEILLE ST CHARLES,NANCY,13,0.1546875
MARSEILLE ST CHARLES,NANCY,14,0.157421875
MARSEILLE ST CHARLES,NANCY,15,0.157421875
MARSEILLE ST CHARLES,NANCY,16,0.15866141732283465
MARSEILLE ST CHARLES,NANCY,17,0.15703125
MARSEILLE ST CHARLES,NANCY,18,0.15859375
MARSEILLE ST CHARLES,NANCY,19,0.16587301587301587
MARSEILLE ST CHARLES,NANCY,20,0.1738095238095238
MARSEILLE ST CHARLES,NANCY,21,0.17401574803149608
MARSEILLE ST CHARLES,NANCY,22,0.17401574803149608
MARSEILLE ST CHARLES,NANCY,23,0.1748031496062992
MARSEILLE ST CHARLES,NANCY,24,0.17500000000000002
MARSEILLE ST CHARLES,NANCY,25,0.1732283464566929
MARSEILLE ST CHARLES,NANCY,26,0.1746031746031746
MARSEILLE ST CHARLES,NANCY,27,0.17401574803149608
MARSEILLE ST CHARLES,NANCY,28,0.17440944881889764
MARSEILLE ST CHARLES,NANCY,29,0.16889763779527558
MARSEILLE ST CHARLES,NANCY,30,0.023622047244094488
MARSEILLE ST CHARLES,STRASBOURG,0,0.41895973154362415
MARSEILLE ST CHARLES,STRASBOURG,1,0.44647651006711414
MARSEILLE ST CHARLES,STRASBOURG,2,0.46895973154362414
MARSEILLE ST CHARLES,STRASBOURG,3,0.47123745819397994
MARSEILLE ST CHARLES,STRASBOURG,4,0.18595317725752508
MARSEILLE ST CHARLES,STRASBOURG,5,0.18265993265993266
MARSEILLE ST CHARLES,STRASBOURG,6,0.1785472972972973
MARSEILLE ST CHARLES,STRASBOURG,7,0.1741554054054054
MARSEILLE ST CHARLES,STRASBOURG,8,0.18868243243243243
MARSEILLE ST CHARLES,STRASBOURG,9,0.18973063973063972
MARSEILLE ST CHARLES,STRASBOURG,10,0.1945945945945946
MARSEILLE ST CHARLES,STRASBOURG,11,0.216722972972973
MARSEILLE ST CHARLES,STRASBOURG,12,0.10271186440677967
MARSEILLE ST CHARLES,STRASBOURG,13,0.09693877551020408
MARSEILLE ST CHARLES,STRASBOURG,14,0.09659863945578231
MARSEILLE ST CHARLES,STRASBOURG,15,0.09863945578231292
MARSEILLE ST CHARLES,STRASBOURG,16,0.09777397260273973
MARSEILLE ST CHARLES,STRASBOURG,17,0.09658703071672355
MARSEILLE ST CHARLES,STRASBOURG,18,0.09674657534246575
MARSEILLE ST CHARLES,STRASBOURG,19,0.0958762886597938
MARSEILLE ST CHARLES,STRASBOURG,20,0.09724137931034482
MARSEILLE ST CHARLES,STRASBOURG,21,0.09637931034482758
MARSEILLE ST CHARLES,STRASBOURG,22,0.09620689655172414
MARSEILLE ST CHARLES,STRASBOURG,23,0.09635416666666667
MARSEILLE ST CHARLES,STRASBOURG,24,0.09181184668989548
MARSEILLE ST CHARLES,STRASBOURG,25,0.08776223776223777
MARSEILLE ST CHARLES,STRASBOURG,26,0.08491228070175438
MARSEILLE ST CHARLES,STRASBOURG,27,0.08433098591549296
MARSEILLE ST CHARLES,STRASBOURG,28,0.08433098591549296
MARSEILLE ST CHARLES,STRASBOURG,29,0.08327464788732394
MARSEILLE ST CHARLES,STRASBOURG,30,0.010676156583629894
MARSEILLE ST CHARLES,TBD,0,0.475
MARSEILLE ST CHARLES,TBD,1,0.5
MARSEILLE ST CHARLES,TBD,2,0.525
MARSEILLE ST CHARLES,TBD,3,0.5375
MARSEILLE ST CHARLES,TBD,4,0.25
MARSEILLE ST CHARLES,TBD,5,0.25
MARSEILLE ST CHARLES,TBD,6,0.1875
MARSEILLE ST CHARLES,TBD,7,0.05
MARSEILLE ST CHARLES,TBD,8,0.0375
MARSEILLE ST CHARLES,TBD,9,0.0875
MARSEILLE ST CHARLES,TBD,10,0.225
MARSEILLE ST CHARLES,TBD,11,0.4
MARSEILLE ST CHARLES,TBD,12,0.0125
MARSEILLE ST CHARLES,TBD,13,0.0125
MARSEILLE ST CHARLES,TBD,14,0.0
MARSEILLE ST CHARLES,TBD,15,0.0
MARSEILLE ST CHARLES,TBD,16,0.0
MARSEILLE ST CHARLES,TBD,17,0.0
MARSEILLE ST CHARLES,TBD,18,0.0
MARSEILLE ST CHARLES,TBD,19,0.0
MARSEILLE ST CHARLES,TBD,20,0.0
MARSEILLE ST CHARLES,TBD,21,0.0
MARSEILLE ST CHARLES,TBD,22,0.0
MARSEILLE ST CHARLES,TBD,23,0.0
MARSEILLE ST CHARLES,TBD,24,0.0
MARSEILLE ST CHARLES,TBD,25,0.0
MARSEILLE ST CHARLES,TBD,26,0.0
MARSEILLE ST CHARLES,TBD,27,0.0
MARSEILLE ST CHARLES,TBD,28,0.0
MARSEILLE ST CHARLES,TBD,29,0.0
MARSEILLE ST CHARLES,TBD,30,0.0
MARSEILLE ST CHARLES,THIONVILLE,0,0.44864130434782606
MARSEILLE ST CHARLES,THIONVILLE,1,0.4586486486486486
MARSEILLE ST CHARLES,THIONVILLE,2,0.47702702702702704
MARSEILLE ST CHARLES,THIONVILLE,3,0.48586956521739133
MARSEILLE ST CHARLES,THIONVILLE,4,0.22404371584699453
MARSEILLE ST CHARLES,THIONVILLE,5,0.2229281767955801
MARSEILLE ST CHARLES,THIONVILLE,6,0.2336111111111111
MARSEILLE ST CHARLES,THIONVILLE,7,0.24392265193370166
MARSEILLE ST CHARLES,THIONVILLE,8,0.24281767955801106
MARSEILLE ST CHARLES,THIONVILLE,9,0.22762430939226522
MARSEILLE ST CHARLES,THIONVILLE,10,0.2525
MARSEILLE ST CHARLES,THIONVILLE,11,0.25949720670391063
MARSEILLE ST CHARLES,THIONVILLE,12,0.07569832402234636
MARSEILLE ST CHARLES,THIONVILLE,13,0.06452513966480447
MARSEILLE ST CHARLES,THIONVILLE,14,0.061602209944751386
MARSEILLE ST CHARLES,THIONVILLE,15,0.06318681318681318
MARSEILLE ST CHARLES,THIONVILLE,16,0.059166666666666666
MARSEILLE ST CHARLES,THIONVILLE,17,0.051944444444444446
MARSEILLE ST CHARLES,THIONVILLE,18,0.05444444444444445
MARSEILLE ST CHARLES,THIONVILLE,19,0.050555555555555555
MARSEILLE ST CHARLES,THIONVILLE,20,0.04638888888888889
MARSEILLE ST CHARLES,THIONVILLE,21,0.045303867403314914
MARSEILLE ST CHARLES,THIONVILLE,22,0.04889502762430939
MARSEILLE ST CHARLES,THIONVILLE,23,0.04694444444444444
MARSEILLE ST CHARLES,THIONVILLE,24,0.04060773480662983
MARSEILLE ST CHARLES,THIONVILLE,25,0.03370165745856354
MARSEILLE ST CHARLES,THIONVILLE,26,0.034254143646408844
MARSEILLE ST CHARLES,THIONVILLE,27,0.03397790055248619
MARSEILLE ST CHARLES,THIONVILLE,28,0.034254143646408844
MARSEILLE ST CHARLES,THIONVILLE,29,0.03535911602209944
MARSEILLE ST CHARLES,THIONVILLE,30,0.002793296089385475
MARSEILLE ST CHARLES,VALENCE TGV AUVERGNE RHONE ALPES,0,0.3880859375
MARSEILLE ST CHARLES,VALENCE TGV AUVERGNE RHONE ALPES,1,0.42373540856031133
MARSEILLE ST CHARLES,VALENCE TGV AUVERGNE RHONE ALPES,2,0.427431906614786
MARSEILLE ST CHARLES,VALENCE TGV AUVERGNE RHONE ALPES,3,0.44296875
MARSEILLE ST CHARLES,VALENCE TGV AUVERGNE RHONE ALPES,4,0.15098039215686274
MARSEILLE ST CHARLES,VALENCE TGV AUVERGNE RHONE ALPES,5,0.15612648221343872
MARSEILLE ST CHARLES,VALENCE TGV AUVERGNE RHONE ALPES,6,0.1609126984126984
MARSEILLE ST CHARLES,VALENCE TGV AUVERGNE RHONE ALPES,7,0.14249011857707508
MARSEILLE ST CHARLES,VALENCE TGV AUVERGNE RHONE ALPES,8,0.1432806324110672
MARSEILLE ST CHARLES,VALENCE TGV AUVERGNE RHONE ALPES,9,0.1614624505928854
MARSEILLE ST CHARLES,VALENCE TGV AUVERGNE RHONE ALPES,10,0.1657370517928287
MARSEILLE ST CHARLES,VALENCE TGV AUVERGNE RHONE ALPES,11,0.176
MARSEILLE ST CHARLES,VALENCE TGV AUVERGNE RHONE ALPES,12,0.09196787148594376
MARSEILLE ST CHARLES,VALENCE TGV AUVERGNE RHONE ALPES,13,0.08306451612903226
MARSEILLE ST CHARLES,VALENCE TGV AUVERGNE RHONE ALPES,14,0.07991967871485943
MARSEILLE ST CHARLES,VALENCE TGV AUVERGNE RHONE ALPES,15,0.0858
MARSEILLE ST CHARLES,VALENCE TGV AUVERGNE RHONE ALPES,16,0.08346774193548387
MARSEILLE ST CHARLES,VALENCE TGV AUVERGNE RHONE ALPES,17,0.07710843373493975
MARSEILLE ST CHARLES,VALENCE TGV AUVERGNE RHONE ALPES,18,0.08004032258064517
MARSEILLE ST CHARLES,VALENCE TGV AUVERGNE RHONE ALPES,19,0.07975708502024291
MARSEILLE ST CHARLES,VALENCE TGV AUVERGNE RHONE ALPES,20,0.07296747967479675
MARSEILLE ST CHARLES,VALENCE TGV AUVERGNE RHONE ALPES,21,0.06991869918699187
MARSEILLE ST CHARLES,VALENCE TGV AUVERGNE RHONE ALPES,22,0.06951219512195123
MARSEILLE ST CHARLES,VALENCE TGV AUVERGNE RHONE ALPES,23,0.06224489795918367
MARSEILLE ST CHARLES,VALENCE TGV AUVERGNE RHONE ALPES,24,0.058367346938775516
MARSEILLE ST CHARLES,VALENCE TGV AUVERGNE RHONE ALPES,25,0.05555555555555555
MARSEILLE ST CHARLES,VALENCE TGV AUVERGNE RHONE ALPES,26,0.05764462809917355
MARSEILLE ST CHARLES,VALENCE TGV AUVERGNE RHONE ALPES,27,0.05435684647302905
MARSEILLE ST CHARLES,VALENCE TGV AUVERGNE RHONE ALPES,28,0.04771784232365145
MARSEILLE ST CHARLES,VALENCE TGV AUVERGNE RHONE ALPES,29,0.04439834024896265
MARSEILLE ST CHARLES,VALENCE TGV AUVERGNE RHONE ALPES,30,0.007740585774058577
METZ VILLE,LUXEMBOURG,0,0.5996078431372549
METZ VILLE,LUXEMBOURG,1,0.6241379310344828
METZ VILLE,LUXEMBOURG,2,0.6396551724137931
METZ VILLE,LUXEMBOURG,3,0.6644230769230769
METZ VILLE,LUXEMBOURG,4,0.29365384615384615
METZ VILLE,LUXEMBOURG,5,0.2822393822393822
METZ VILLE,LUXEMBOURG,6,0.28507751937984493
METZ VILLE,LUXEMBOURG,7,0.3063953488372093
METZ VILLE,LUXEMBOURG,8,0.29766536964980544
METZ VILLE,LUXEMBOURG,9,0.3123046875
METZ VILLE,LUXEMBOURG,10,0.3246062992125984
METZ VILLE,LUXEMBOURG,11,0.3084645669291338
METZ VILLE,LUXEMBOURG,12,0.1234251968503937
METZ VILLE,LUXEMBOURG,13,0.1141732283464567
METZ VILLE,LUXEMBOURG,14,0.11778656126482213
METZ VILLE,LUXEMBOURG,15,0.11964285714285713
METZ VILLE,LUXEMBOURG,16,0.11693227091633467
METZ VILLE,LUXEMBOURG,17,0.1152
METZ VILLE,LUXEMBOURG,18,0.114
METZ VILLE,LUXEMBOURG,19,0.11485943775100402
METZ VILLE,LUXEMBOURG,20,0.11044176706827309
METZ VILLE,LUXEMBOURG,21,0.10963855421686747
METZ VILLE,LUXEMBOURG,22,0.10423387096774193
METZ VILLE,LUXEMBOURG,23,0.10060483870967742
METZ VILLE,LUXEMBOURG,24,0.1
METZ VILLE,LUXEMBOURG,25,0.09678714859437751
METZ VILLE,LUXEMBOURG,26,0.09879518072289158
METZ VILLE,LUXEMBOURG,27,0.09294354838709677
METZ VILLE,LUXEMBOURG,28,0.09112903225806453
METZ VILLE,LUXEMBOURG,29,0.08967611336032388
METZ VILLE,LUXEMBOURG,30,0.02
METZ VILLE,THIONVILLE,0,0.590273037542662
METZ VILLE,THIONVILLE,1,0.6183946488294314
METZ VILLE,THIONVILLE,2,0.634448160535117
METZ VILLE,THIONVILLE,3,0.6379194630872483
METZ VILLE,THIONVILLE,4,0.26409395973154365
METZ VILLE,THIONVILLE,5,0.25067340067340066
METZ VILLE,THIONVILLE,6,0.25067567567567567
METZ VILLE,THIONVILLE,7,0.2670608108108108
METZ VILLE,THIONVILLE,8,0.25898305084745765
METZ VILLE,THIONVILLE,9,0.2702380952380952
METZ VILLE,THIONVILLE,10,0.28441780821917806
METZ VILLE,THIONVILLE,11,0.2753424657534247
METZ VILLE,THIONVILLE,12,0.10633561643835616
METZ VILLE,THIONVILLE,13,0.09794520547945205
METZ VILLE,THIONVILLE,14,0.10240549828178694
METZ VILLE,THIONVILLE,15,0.10086206896551723
METZ VILLE,THIONVILLE,16,0.10103806228373702
METZ VILLE,THIONVILLE,17,0.10052083333333334
METZ VILLE,THIONVILLE,18,0.1
METZ VILLE,THIONVILLE,19,0.09790940766550524
METZ VILLE,THIONVILLE,20,0.09808362369337979
METZ VILLE,THIONVILLE,21,0.09547038327526132
METZ VILLE,THIONVILLE,22,0.09090909090909091
METZ VILLE,THIONVILLE,23,0.0875874125874126
METZ VILLE,THIONVILLE,24,0.0868881118881119
METZ VILLE,THIONVILLE,25,0.08414634146341463
METZ VILLE,THIONVILLE,26,0.08588850174216027
METZ VILLE,THIONVILLE,27,0.08216783216783216
METZ VILLE,THIONVILLE,28,0.07937062937062937
METZ VILLE,THIONVILLE,29,0.07684210526315789
METZ VILLE,THIONVILLE,30,0.01607773851590106
MONTPELLIER SAINT ROCH,BELFORT MONTBELIARD TGV,0,0.4240942028985507
MONTPELLIER SAINT ROCH,BELFORT MONTBELIARD TGV,1,0.45
MONTPELLIER SAINT ROCH,BELFORT MONTBELIARD TGV,2,0.48727272727272725
MONTPELLIER SAINT ROCH,BELFORT MONTBELIARD TGV,3,0.5050909090909091
MONTPELLIER SAINT ROCH,BELFORT MONTBELIARD TGV,4,0.09764492753623188
MONTPELLIER SAINT ROCH,BELFORT MONTBELIARD TGV,5,0.09782608695652174
MONTPELLIER SAINT ROCH,BELFORT MONTBELIARD TGV,6,0.10326086956521739
MONTPELLIER SAINT ROCH,BELFORT MONTBELIARD TGV,7,0.13418181818181818
MONTPELLIER SAINT ROCH,BELFORT MONTBELIARD TGV,8,0.1436131386861314
MONTPELLIER SAINT ROCH,BELFORT MONTBELIARD TGV,9,0.16186131386861313
MONTPELLIER SAINT ROCH,BELFORT MONTBELIARD TGV,10,0.17307692307692307
MONTPELLIER SAINT ROCH,BELFORT MONTBELIARD TGV,11,0.18003663003663004
MONTPELLIER SAINT ROCH,BELFORT MONTBELIARD TGV,12,0.017830882352941176
MONTPELLIER SAINT ROCH,BELFORT MONTBELIARD TGV,13,0.01488970588235294
MONTPELLIER SAINT ROCH,BELFORT MONTBELIARD TGV,14,0.01623616236162362
MONTPELLIER SAINT ROCH,BELFORT MONTBELIARD TGV,15,0.01740740740740741
MONTPELLIER SAINT ROCH,BELFORT MONTBELIARD TGV,16,0.017843866171003718
MONTPELLIER SAINT ROCH,BELFORT MONTBELIARD TGV,17,0.010074626865671642
MONTPELLIER SAINT ROCH,BELFORT MONTBELIARD TGV,18,0.011567164179104477
MONTPELLIER SAINT ROCH,BELFORT MONTBELIARD TGV,19,0.009550561797752809
MONTPELLIER SAINT ROCH,BELFORT MONTBELIARD TGV,20,0.011423220973782771
MONTPELLIER SAINT ROCH,BELFORT MONTBELIARD TGV,21,0.011235955056179775
MONTPELLIER SAINT ROCH,BELFORT MONTBELIARD TGV,22,0.011654135338345863
MONTPELLIER SAINT ROCH,BELFORT MONTBELIARD TGV,23,0.014661654135338346
MONTPELLIER SAINT ROCH,BELFORT MONTBELIARD TGV,24,0.013157894736842105
MONTPELLIER SAINT ROCH,BELFORT MONTBELIARD TGV,25,0.011235955056179775
MONTPELLIER SAINT ROCH,BELFORT MONTBELIARD TGV,26,0.011235955056179775
MONTPELLIER SAINT ROCH,BELFORT MONTBELIARD TGV,27,0.014097744360902255
MONTPELLIER SAINT ROCH,BELFORT MONTBELIARD TGV,28,0.015789473684210527
MONTPELLIER SAINT ROCH,BELFORT MONTBELIARD TGV,29,0.015471698113207547
MONTPELLIER SAINT ROCH,BELFORT MONTBELIARD TGV,30,0.003231939163498099
MONTPELLIER SAINT ROCH,BESANCON FRANCHE COMTE TGV,0,0.3951086956521739
MONTPELLIER SAINT ROCH,BESANCON FRANCHE COMTE TGV,1,0.4261818181818182
MONTPELLIER SAINT ROCH,BESANCON FRANCHE COMTE TGV,2,0.44945454545454544
MONTPELLIER SAINT ROCH,BESANCON FRANCHE COMTE TGV,3,0.4596363636363637
MONTPELLIER SAINT ROCH,BESANCON FRANCHE COMTE TGV,4,0.08985507246376812
MONTPELLIER SAINT ROCH,BESANCON FRANCHE COMTE TGV,5,0.08387681159420289
MONTPELLIER SAINT ROCH,BESANCON FRANCHE COMTE TGV,6,0.10670289855072464
MONTPELLIER SAINT ROCH,BESANCON FRANCHE COMTE TGV,7,0.12727272727272726
MONTPELLIER SAINT ROCH,BESANCON FRANCHE COMTE TGV,8,0.13704379562043795
MONTPELLIER SAINT ROCH,BESANCON FRANCHE COMTE TGV,9,0.14452554744525548
MONTPELLIER SAINT ROCH,BESANCON FRANCHE COMTE TGV,10,0.15421245421245422
MONTPELLIER SAINT ROCH,BESANCON FRANCHE COMTE TGV,11,0.16172161172161173
MONTPELLIER SAINT ROCH,BESANCON FRANCHE COMTE TGV,12,0.013235294117647059
MONTPELLIER SAINT ROCH,BESANCON FRANCHE COMTE TGV,13,0.012316176470588235
MONTPELLIER SAINT ROCH,BESANCON FRANCHE COMTE TGV,14,0.008856088560885609
MONTPELLIER SAINT ROCH,BESANCON FRANCHE COMTE TGV,15,0.01074074074074074
MONTPELLIER SAINT ROCH,BESANCON FRANCHE COMTE TGV,16,0.01449814126394052
MONTPELLIER SAINT ROCH,BESANCON FRANCHE COMTE TGV,17,0.009328358208955223
MONTPELLIER SAINT ROCH,BESANCON FRANCHE COMTE TGV,18,0.008208955223880599
MONTPELLIER SAINT ROCH,BESANCON FRANCHE COMTE TGV,19,0.005243445692883895
MONTPELLIER SAINT ROCH,BESANCON FRANCHE COMTE TGV,20,0.007303370786516854
MONTPELLIER SAINT ROCH,BESANCON FRANCHE COMTE TGV,21,0.005056179775280899
MONTPELLIER SAINT ROCH,BESANCON FRANCHE COMTE TGV,22,0.004323308270676692
MONTPELLIER SAINT ROCH,BESANCON FRANCHE COMTE TGV,23,0.004511278195488721
MONTPELLIER SAINT ROCH,BESANCON FRANCHE COMTE TGV,24,0.0011278195488721803
MONTPELLIER SAINT ROCH,BESANCON FRANCHE COMTE TGV,25,0.0011235955056179776
MONTPELLIER SAINT ROCH,BESANCON FRANCHE COMTE TGV,26,0.0013108614232209739
MONTPELLIER SAINT ROCH,BESANCON FRANCHE COMTE TGV,27,0.004135338345864662
MONTPELLIER SAINT ROCH,BESANCON FRANCHE COMTE TGV,28,0.004887218045112782
MONTPELLIER SAINT ROCH,BESANCON FRANCHE COMTE TGV,29,0.005094339622641509
MONTPELLIER SAINT ROCH,BESANCON FRANCHE COMTE TGV,30,0.0007604562737642586
MONTPELLIER SAINT ROCH,CHALON SUR SAONE,0,0.3666666666666667
MONTPELLIER SAINT ROCH,CHALON SUR SAONE,1,0.35000000000000003
MONTPELLIER SAINT ROCH,CHALON SUR SAONE,2,0.15
MONTPELLIER SAINT ROCH,CHALON SUR SAONE,3,0.3
MONTPELLIER SAINT ROCH,CHALON SUR SAONE,4,0.016666666666666666
MONTPELLIER SAINT ROCH,CHALON SUR SAONE,5,0.0
MONTPELLIER SAINT ROCH,CHALON SUR SAONE,6,0.0
MONTPELLIER SAINT ROCH,CHALON SUR SAONE,7,0.0
MONTPELLIER SAINT ROCH,CHALON SUR SAONE,8,0.0
MONTPELLIER SAINT ROCH,CHALON SUR SAONE,9,0.03333333333333333
MONTPELLIER SAINT ROCH,CHALON SUR SAONE,10,0.0
MONTPELLIER SAINT ROCH,CHALON SUR SAONE,11,0.0
MONTPELLIER SAINT ROCH,CHALON SUR SAONE,12,0.0
MONTPELLIER SAINT ROCH,CHALON SUR SAONE,13,0.0
MONTPELLIER SAINT ROCH,CHALON SUR SAONE,14,0.0
MONTPELLIER SAINT ROCH,CHALON SUR SAONE,15,0.0
MONTPELLIER SAINT ROCH,CHALON SUR SAONE,16,0.0
MONTPELLIER SAINT ROCH,CHALON SUR SAONE,17,0.0
MONTPELLIER SAINT ROCH,CHALON SUR SAONE,18,0.0
MONTPELLIER SAINT ROCH,CHALON SUR SAONE,19,0.0
MONTPELLIER SAINT ROCH,CHALON SUR SAONE,20,0.0
MONTPELLIER SAINT ROCH,CHALON SUR SAONE,21,0.0
MONTPELLIER SAINT ROCH,CHALON SUR SAONE,22,0.0
MONTPELLIER SAINT ROCH,CHALON SUR SAONE,23,0.0
MONTPELLIER SAINT ROCH,CHALON SUR SAONE,24,0.0
MONTPELLIER SAINT ROCH,CHALON SUR SAONE,25,0.0
MONTPELLIER SAINT ROCH,CHALON SUR SAONE,26,0.0
MONTPELLIER SAINT ROCH,CHALON SUR SAONE,27,0.0
MONTPELLIER SAINT ROCH,CHALON SUR SAONE,28,0.0
MONTPELLIER SAINT ROCH,CHALON SUR SAONE,29,0.0
MONTPELLIER SAINT ROCH,CHALON SUR SAONE,30,0.0
MONTPELLIER SAINT ROCH,COLMAR,0,0.4235507246376812
MONTPELLIER SAINT ROCH,COLMAR,1,0.4552727272727273
MONTPELLIER SAINT ROCH,COLMAR,2,0.4869090909090909
MONTPELLIER SAINT ROCH,COLMAR,3,0.5105454545454545
MONTPELLIER SAINT ROCH,COLMAR,4,0.09728260869565218
MONTPELLIER SAINT ROCH,COLMAR,5,0.09746376811594203
MONTPELLIER SAINT ROCH,COLMAR,6,0.10507246376811594
MONTPELLIER SAINT ROCH,COLMAR,7,0.14109090909090907
MONTPELLIER SAINT ROCH,COLMAR,8,0.14744525547445256
MONTPELLIER SAINT ROCH,COLMAR,9,0.1625912408759124
MONTPELLIER SAINT ROCH,COLMAR,10,0.17106227106227107
MONTPELLIER SAINT ROCH,COLMAR,11,0.18003663003663004
MONTPELLIER SAINT ROCH,COLMAR,12,0.01985294117647059
MONTPELLIER SAINT ROCH,COLMAR,13,0.01488970588235294
MONTPELLIER SAINT ROCH,COLMAR,14,0.015682656826568265
MONTPELLIER SAINT ROCH,COLMAR,15,0.017222222222222222
MONTPELLIER SAINT ROCH,COLMAR,16,0.017657992565055763
MONTPELLIER SAINT ROCH,COLMAR,17,0.010074626865671642
MONTPELLIER SAINT ROCH,COLMAR,18,0.010820895522388059
MONTPELLIER SAINT ROCH,COLMAR,19,0.009550561797752809
MONTPELLIER SAINT ROCH,COLMAR,20,0.012734082397003745
MONTPELLIER SAINT ROCH,COLMAR,21,0.011423220973782771
MONTPELLIER SAINT ROCH,COLMAR,22,0.011278195488721804
MONTPELLIER SAINT ROCH,COLMAR,23,0.014473684210526316
MONTPELLIER SAINT ROCH,COLMAR,24,0.011842105263157895
MONTPELLIER SAINT ROCH,COLMAR,25,0.011423220973782771
MONTPELLIER SAINT ROCH,COLMAR,26,0.012172284644194757
MONTPELLIER SAINT ROCH,COLMAR,27,0.015225563909774436
MONTPELLIER SAINT ROCH,COLMAR,28,0.016165413533834584
MONTPELLIER SAINT ROCH,COLMAR,29,0.016037735849056604
MONTPELLIER SAINT ROCH,COLMAR,30,0.004372623574144486
MONTPELLIER SAINT ROCH,DIJON VILLE,0,0.4070652173913043
MONTPELLIER SAINT ROCH,DIJON VILLE,1,0.4310909090909091
MONTPELLIER SAINT ROCH,DIJON VILLE,2,0.45981818181818185
MONTPELLIER SAINT ROCH,DIJON VILLE,3,0.4601818181818182
MONTPELLIER SAINT ROCH,DIJON VILLE,4,0.09239130434782608
MONTPELLIER SAINT ROCH,DIJON VILLE,5,0.08731884057971015
MONTPELLIER SAINT ROCH,DIJON VILLE,6,0.10815217391304348
MONTPELLIER SAINT ROCH,DIJON VILLE,7,0.13
MONTPELLIER SAINT ROCH,DIJON VILLE,8,0.141970802919708
MONTPELLIER SAINT ROCH,DIJON VILLE,9,0.15291970802919708
MONTPELLIER SAINT ROCH,DIJON VILLE,10,0.1608058608058608
MONTPELLIER SAINT ROCH,DIJON VILLE,11,0.16941391941391942
MONTPELLIER SAINT ROCH,DIJON VILLE,12,0.016911764705882352
MONTPELLIER SAINT ROCH,DIJON VILLE,13,0.015808823529411764
MONTPELLIER SAINT ROCH,DIJON VILLE,14,0.016974169741697416
MONTPELLIER SAINT ROCH,DIJON VILLE,15,0.017222222222222222
MONTPELLIER SAINT ROCH,DIJON VILLE,16,0.01691449814126394
MONTPELLIER SAINT ROCH,DIJON VILLE,17,0.010261194029850746
MONTPELLIER SAINT ROCH,DIJON VILLE,18,0.009888059701492537
MONTPELLIER SAINT ROCH,DIJON VILLE,19,0.00898876404494382
MONTPELLIER SAINT ROCH,DIJON VILLE,20,0.011797752808988763
MONTPELLIER SAINT ROCH,DIJON VILLE,21,0.011610486891385769
MONTPELLIER SAINT ROCH,DIJON VILLE,22,0.011466165413533834
MONTPELLIER SAINT ROCH,DIJON VILLE,23,0.013909774436090224
MONTPELLIER SAINT ROCH,DIJON VILLE,24,0.011654135338345865
MONTPELLIER SAINT ROCH,DIJON VILLE,25,0.011797752808988763
MONTPELLIER SAINT ROCH,DIJON VILLE,26,0.011985018726591759
MONTPELLIER SAINT ROCH,DIJON VILLE,27,0.015601503759398498
MONTPELLIER SAINT ROCH,DIJON VILLE,28,0.014285714285714285
MONTPELLIER SAINT ROCH,DIJON VILLE,29,0.01471698113207547
MONTPELLIER SAINT ROCH,DIJON VILLE,30,0.00247148288973384
MONTPELLIER SAINT ROCH,LUXEMBOURG,0,0.3108173076923077
MONTPELLIER SAINT ROCH,LUXEMBOURG,1,0.35700483091787444
MONTPELLIER SAINT ROCH,LUXEMBOURG,2,0.392512077294686
MONTPELLIER SAINT ROCH,LUXEMBOURG,3,0.4330917874396136
MONTPELLIER SAINT ROCH,LUXEMBOURG,4,0.0889423076923077
MONTPELLIER SAINT ROCH,LUXEMBOURG,5,0.08091787439613526
MONTPELLIER SAINT ROCH,LUXEMBOURG,6,0.07560386473429952
MONTPELLIER SAINT ROCH,LUXEMBOURG,7,0.11908212560386473
MONTPELLIER SAINT ROCH,LUXEMBOURG,8,0.13737864077669903
MONTPELLIER SAINT ROCH,LUXEMBOURG,9,0.15536585365853658
MONTPELLIER SAINT ROCH,LUXEMBOURG,10,0.16666666666666666
MONTPELLIER SAINT ROCH,LUXEMBOURG,11,0.1824390243902439
MONTPELLIER SAINT ROCH,LUXEMBOURG,12,0.004679802955665025
MONTPELLIER SAINT ROCH,LUXEMBOURG,13,0.001970443349753695
MONTPELLIER SAINT ROCH,LUXEMBOURG,14,0.0009900990099009901
MONTPELLIER SAINT ROCH,LUXEMBOURG,15,0.0012437810945273632
MONTPELLIER SAINT ROCH,LUXEMBOURG,16,0.000746268656716418
MONTPELLIER SAINT ROCH,LUXEMBOURG,17,0.0007500000000000001
MONTPELLIER SAINT ROCH,LUXEMBOURG,18,0.0004975124378109454
MONTPELLIER SAINT ROCH,LUXEMBOURG,19,0.0007537688442211056
MONTPELLIER SAINT ROCH,LUXEMBOURG,20,0.0010050251256281408
MONTPELLIER SAINT ROCH,LUXEMBOURG,21,0.0015075376884422112
MONTPELLIER SAINT ROCH,LUXEMBOURG,22,0.0015151515151515154
MONTPELLIER SAINT ROCH,LUXEMBOURG,23,0.0017676767676767678
MONTPELLIER SAINT ROCH,LUXEMBOURG,24,0.0025252525252525255
MONTPELLIER SAINT ROCH,LUXEMBOURG,25,0.0007537688442211056
MONTPELLIER SAINT ROCH,LUXEMBOURG,26,0.001256281407035176
MONTPELLIER SAINT ROCH,LUXEMBOURG,27,0.0017676767676767678
MONTPELLIER SAINT ROCH,LUXEMBOURG,28,0.0012626262626262627
MONTPELLIER SAINT ROCH,LUXEMBOURG,29,0.0020304568527918783
MONTPELLIER SAINT ROCH,LUXEMBOURG,30,0.0
MONTPELLIER SAINT ROCH,LYON (intramuros),0,0.6143636363636363
MONTPELLIER SAINT ROCH,LYON (intramuros),1,0.6313868613138686
MONTPELLIER SAINT ROCH,LYON (intramuros),2,0.670985401459854
MONTPELLIER SAINT ROCH,LYON (intramuros),3,0.6677007299270072
MONTPELLIER SAINT ROCH,LYON (intramuros),4,0.31545454545454543
MONTPELLIER SAINT ROCH,LYON (intramuros),5,0.3098181818181818
MONTPELLIER SAINT ROCH,LYON (intramuros),6,0.29454545454545455
MONTPELLIER SAINT ROCH,LYON (intramuros),7,0.2956204379562044
MONTPELLIER SAINT ROCH,LYON (intramuros),8,0.29139194139194136
MONTPELLIER SAINT ROCH,LYON (intramuros),9,0.306043956043956
MONTPELLIER SAINT ROCH,LYON (intramuros),10,0.3095588235294118
MONTPELLIER SAINT ROCH,LYON (intramuros),11,0.31029411764705883
MONTPELLIER SAINT ROCH,LYON (intramuros),12,0.08800738007380074
MONTPELLIER SAINT ROCH,LYON (intramuros),13,0.08745387453874538
MONTPELLIER SAINT ROCH,LYON (intramuros),14,0.08259259259259259
MONTPELLIER SAINT ROCH,LYON (intramuros),15,0.07713754646840149
MONTPELLIER SAINT ROCH,LYON (intramuros),16,0.07742537313432836
MONTPELLIER SAINT ROCH,LYON (intramuros),17,0.07078651685393259
MONTPELLIER SAINT ROCH,LYON (intramuros),18,0.07191011235955055
MONTPELLIER SAINT ROCH,LYON (intramuros),19,0.07142857142857142
MONTPELLIER SAINT ROCH,LYON (intramuros),20,0.07293233082706767
MONTPELLIER SAINT ROCH,LYON (intramuros),21,0.06973684210526317
MONTPELLIER SAINT ROCH,LYON (intramuros),22,0.06377358490566037
MONTPELLIER SAINT ROCH,LYON (intramuros),23,0.06773584905660376
MONTPELLIER SAINT ROCH,LYON (intramuros),24,0.06716981132075472
MONTPELLIER SAINT ROCH,LYON (intramuros),25,0.07142857142857142
MONTPELLIER SAINT ROCH,LYON (intramuros),26,0.07443609022556391
MONTPELLIER SAINT ROCH,LYON (intramuros),27,0.07547169811320754
MONTPELLIER SAINT ROCH,LYON (intramuros),28,0.07301886792452829
MONTPELLIER SAINT ROCH,LYON (intramuros),29,0.07291666666666667
MONTPELLIER SAINT ROCH,LYON (intramuros),30,0.016920152091254755
MONTPELLIER SAINT ROCH,LYON ST EXUPERY TGV.,0,0.0
MONTPELLIER SAINT ROCH,LYON ST EXUPERY TGV.,1,0.0
MONTPELLIER SAINT ROCH,LYON ST EXUPERY TGV.,2,0.05
MONTPELLIER SAINT ROCH,LYON ST EXUPERY TGV.,3,0.6
MONTPELLIER SAINT ROCH,LYON ST EXUPERY TGV.,4,0.95
MONTPELLIER SAINT ROCH,LYON ST EXUPERY TGV.,5,0.95
MONTPELLIER SAINT ROCH,LYON ST EXUPERY TGV.,6,1.0
MONTPELLIER SAINT ROCH,LYON ST EXUPERY TGV.,7,0.95
MONTPELLIER SAINT ROCH,LYON ST EXUPERY TGV.,8,0.95
MONTPELLIER SAINT ROCH,LYON ST EXUPERY TGV.,9,0.8
MONTPELLIER SAINT ROCH,LYON ST EXUPERY TGV.,10,0.35
MONTPELLIER SAINT ROCH,LYON ST EXUPERY TGV.,11,0.65
MONTPELLIER SAINT ROCH,LYON ST EXUPERY TGV.,12,0.05
MONTPELLIER SAINT ROCH,LYON ST EXUPERY TGV.,13,0.05
MONTPELLIER SAINT ROCH,LYON ST EXUPERY TGV.,14,0.0
MONTPELLIER SAINT ROCH,LYON ST EXUPERY TGV.,15,0.0
MONTPELLIER SAINT ROCH,LYON ST EXUPERY TGV.,16,0.0
MONTPELLIER SAINT ROCH,LYON ST EXUPERY TGV.,17,0.0
MONTPELLIER SAINT ROCH,LYON ST EXUPERY TGV.,18,0.0
MONTPELLIER SAINT ROCH,LYON ST EXUPERY TGV.,19,0.0
MONTPELLIER SAINT ROCH,LYON ST EXUPERY TGV.,20,0.0
MONTPELLIER SAINT ROCH,LYON ST EXUPERY TGV.,21,0.0
MONTPELLIER SAINT ROCH,LYON ST EXUPERY TGV.,22,0.0
MONTPELLIER SAINT ROCH,LYON ST EXUPERY TGV.,23,0.1
MONTPELLIER SAINT ROCH,LYON ST EXUPERY TGV.,24,0.7
MONTPELLIER SAINT ROCH,LYON ST EXUPERY TGV.,25,0.9
MONTPELLIER SAINT ROCH,LYON ST EXUPERY TGV.,26,0.9
MONTPELLIER SAINT ROCH,LYON ST EXUPERY TGV.,27,0.9
MONTPELLIER SAINT ROCH,LYON ST EXUPERY TGV.,28,0.4
MONTPELLIER SAINT ROCH,LYON ST EXUPERY TGV.,29,0.3
MONTPELLIER SAINT ROCH,MACON VILLE,0,0.3375739644970414
MONTPELLIER SAINT ROCH,MACON VILLE,1,0.342603550295858
MONTPELLIER SAINT ROCH,MACON VILLE,2,0.3595238095238095
MONTPELLIER SAINT ROCH,MACON VILLE,3,0.3642857142857143
MONTPELLIER SAINT ROCH,MACON VILLE,4,0.049704142011834325
MONTPELLIER SAINT ROCH,MACON VILLE,5,0.04230769230769231
MONTPELLIER SAINT ROCH,MACON VILLE,6,0.04467455621301775
MONTPELLIER SAINT ROCH,MACON VILLE,7,0.035416666666666666
MONTPELLIER SAINT ROCH,MACON VILLE,8,0.030357142857142853
MONTPELLIER SAINT ROCH,MACON VILLE,9,0.03214285714285715
MONTPELLIER SAINT ROCH,MACON VILLE,10,0.03511904761904762
MONTPELLIER SAINT ROCH,MACON VILLE,11,0.04431137724550899
MONTPELLIER SAINT ROCH,MACON VILLE,12,0.02215568862275449
MONTPELLIER SAINT ROCH,MACON VILLE,13,0.023353293413173652
MONTPELLIER SAINT ROCH,MACON VILLE,14,0.024702380952380955
MONTPELLIER SAINT ROCH,MACON VILLE,15,0.02857142857142857
MONTPELLIER SAINT ROCH,MACON VILLE,16,0.02754491017964072
MONTPELLIER SAINT ROCH,MACON VILLE,17,0.014285714285714285
MONTPELLIER SAINT ROCH,MACON VILLE,18,0.018263473053892216
MONTPELLIER SAINT ROCH,MACON VILLE,19,0.014583333333333334
MONTPELLIER SAINT ROCH,MACON VILLE,20,0.01706586826347305
MONTPELLIER SAINT ROCH,MACON VILLE,21,0.017857142857142856
MONTPELLIER SAINT ROCH,MACON VILLE,22,0.01904761904761905
MONTPELLIER SAINT ROCH,MACON VILLE,23,0.023652694610778444
MONTPELLIER SAINT ROCH,MACON VILLE,24,0.01875
MONTPELLIER SAINT ROCH,MACON VILLE,25,0.01875
MONTPELLIER SAINT ROCH,MACON VILLE,26,0.01845238095238095
MONTPELLIER SAINT ROCH,MACON VILLE,27,0.022321428571428572
MONTPELLIER SAINT ROCH,MACON VILLE,28,0.023809523809523808
MONTPELLIER SAINT ROCH,MACON VILLE,29,0.024107142857142855
MONTPELLIER SAINT ROCH,MACON VILLE,30,0.004790419161676647
MONTPELLIER SAINT ROCH,METZ VILLE,0,0.41454545454545455
MONTPELLIER SAINT ROCH,METZ VILLE,1,0.4458029197080292
MONTPELLIER SAINT ROCH,METZ VILLE,2,0.4854014598540146
MONTPELLIER SAINT ROCH,METZ VILLE,3,0.5029197080291972
MONTPELLIER SAINT ROCH,METZ VILLE,4,0.09381818181818181
MONTPELLIER SAINT ROCH,METZ VILLE,5,0.09581818181818183
MONTPELLIER SAINT ROCH,METZ VILLE,6,0.10436363636363637
MONTPELLIER SAINT ROCH,METZ VILLE,7,0.14087591240875913
MONTPELLIER SAINT ROCH,METZ VILLE,8,0.1468864468864469
MONTPELLIER SAINT ROCH,METZ VILLE,9,0.15805860805860805
MONTPELLIER SAINT ROCH,METZ VILLE,10,0.16948529411764707
MONTPELLIER SAINT ROCH,METZ VILLE,11,0.17775735294117648
MONTPELLIER SAINT ROCH,METZ VILLE,12,0.018265682656826567
MONTPELLIER SAINT ROCH,METZ VILLE,13,0.015129151291512913
MONTPELLIER SAINT ROCH,METZ VILLE,14,0.0162962962962963
MONTPELLIER SAINT ROCH,METZ VILLE,15,0.018773234200743494
MONTPELLIER SAINT ROCH,METZ VILLE,16,0.018097014925373134
MONTPELLIER SAINT ROCH,METZ VILLE,17,0.009737827715355805
MONTPELLIER SAINT ROCH,METZ VILLE,18,0.010299625468164793
MONTPELLIER SAINT ROCH,METZ VILLE,19,0.010338345864661654
MONTPELLIER SAINT ROCH,METZ VILLE,20,0.012218045112781954
MONTPELLIER SAINT ROCH,METZ VILLE,21,0.012218045112781954
MONTPELLIER SAINT ROCH,METZ VILLE,22,0.011320754716981131
MONTPELLIER SAINT ROCH,METZ VILLE,23,0.014905660377358491
MONTPELLIER SAINT ROCH,METZ VILLE,24,0.011886792452830188
MONTPELLIER SAINT ROCH,METZ VILLE,25,0.011654135338345865
MONTPELLIER SAINT ROCH,METZ VILLE,26,0.011466165413533834
MONTPELLIER SAINT ROCH,METZ VILLE,27,0.015283018867924528
MONTPELLIER SAINT ROCH,METZ VILLE,28,0.014528301886792452
MONTPELLIER SAINT ROCH,METZ VILLE,29,0.014393939393939393
MONTPELLIER SAINT ROCH,METZ VILLE,30,0.0030534351145038168
MONTPELLIER SAINT ROCH,MULHOUSE VILLE,0,0.4266304347826087
MONTPELLIER SAINT ROCH,MULHOUSE VILLE,1,0.4572727272727273
MONTPELLIER SAINT ROCH,MULHOUSE VILLE,2,0.48381818181818187
MONTPELLIER SAINT ROCH,MULHOUSE VILLE,3,0.512909090909091
MONTPELLIER SAINT ROCH,MULHOUSE VILLE,4,0.10126811594202899
MONTPELLIER SAINT ROCH,MULHOUSE VILLE,5,0.10072463768115943
MONTPELLIER SAINT ROCH,MULHOUSE VILLE,6,0.10706521739130435
MONTPELLIER SAINT ROCH,MULHOUSE VILLE,7,0.14018181818181819
MONTPELLIER SAINT ROCH,MULHOUSE VILLE,8,0.15127737226277374
MONTPELLIER SAINT ROCH,MULHOUSE VILLE,9,0.1675182481751825
MONTPELLIER SAINT ROCH,MULHOUSE VILLE,10,0.16941391941391942
MONTPELLIER SAINT ROCH,MULHOUSE VILLE,11,0.17857142857142858
MONTPELLIER SAINT ROCH,MULHOUSE VILLE,12,0.017279411764705883
MONTPELLIER SAINT ROCH,MULHOUSE VILLE,13,0.015625
MONTPELLIER SAINT ROCH,MULHOUSE VILLE,14,0.015313653136531366
MONTPELLIER SAINT ROCH,MULHOUSE VILLE,15,0.0187037037037037
MONTPELLIER SAINT ROCH,MULHOUSE VILLE,16,0.018773234200743494
MONTPELLIER SAINT ROCH,MULHOUSE VILLE,17,0.00914179104477612
MONTPELLIER SAINT ROCH,MULHOUSE VILLE,18,0.011753731343283582
MONTPELLIER SAINT ROCH,MULHOUSE VILLE,19,0.010112359550561797
MONTPELLIER SAINT ROCH,MULHOUSE VILLE,20,0.01198501872659176
MONTPELLIER SAINT ROCH,MULHOUSE VILLE,21,0.012172284644194757
MONTPELLIER SAINT ROCH,MULHOUSE VILLE,22,0.012781954887218045
MONTPELLIER SAINT ROCH,MULHOUSE VILLE,23,0.015413533834586464
MONTPELLIER SAINT ROCH,MULHOUSE VILLE,24,0.012969924812030074
MONTPELLIER SAINT ROCH,MULHOUSE VILLE,25,0.01198501872659176
MONTPELLIER SAINT ROCH,MULHOUSE VILLE,26,0.011797752808988763
MONTPELLIER SAINT ROCH,MULHOUSE VILLE,27,0.014661654135338346
MONTPELLIER SAINT ROCH,MULHOUSE VILLE,28,0.016165413533834584
MONTPELLIER SAINT ROCH,MULHOUSE VILLE,29,0.015849056603773587
MONTPELLIER SAINT ROCH,MULHOUSE VILLE,30,0.0038022813688212928
MONTPELLIER SAINT ROCH,NIMES CENTRE,0,0.5568840579710145
MONTPELLIER SAINT ROCH,NIMES CENTRE,1,0.5770909090909091
MONTPELLIER SAINT ROCH,NIMES CENTRE,2,0.6092727272727273
MONTPELLIER SAINT ROCH,NIMES CENTRE,3,0.6210909090909091
MONTPELLIER SAINT ROCH,NIMES CENTRE,4,0.2141304347826087
MONTPELLIER SAINT ROCH,NIMES CENTRE,5,0.19619565217391305
MONTPELLIER SAINT ROCH,NIMES CENTRE,6,0.19891304347826086
MONTPELLIER SAINT ROCH,NIMES CENTRE,7,0.20854545454545456
MONTPELLIER SAINT ROCH,NIMES CENTRE,8,0.20145985401459854
MONTPELLIER SAINT ROCH,NIMES CENTRE,9,0.20821167883211678
MONTPELLIER SAINT ROCH,NIMES CENTRE,10,0.22014652014652014
MONTPELLIER SAINT ROCH,NIMES CENTRE,11,0.2272893772893773
MONTPELLIER SAINT ROCH,NIMES CENTRE,12,0.06305147058823529
MONTPELLIER SAINT ROCH,NIMES CENTRE,13,0.05827205882352941
MONTPELLIER SAINT ROCH,NIMES CENTRE,14,0.057011070110701105
MONTPELLIER SAINT ROCH,NIMES CENTRE,15,0.060925925925925925
MONTPELLIER SAINT ROCH,NIMES CENTRE,16,0.06672862453531599
MONTPELLIER SAINT ROCH,NIMES CENTRE,17,0.06921641791044776
MONTPELLIER SAINT ROCH,NIMES CENTRE,18,0.0707089552238806
MONTPELLIER SAINT ROCH,NIMES CENTRE,19,0.06610486891385767
MONTPELLIER SAINT ROCH,NIMES CENTRE,20,0.06966292134831462
MONTPELLIER SAINT ROCH,NIMES CENTRE,21,0.06666666666666667
MONTPELLIER SAINT ROCH,NIMES CENTRE,22,0.06785714285714287
MONTPELLIER SAINT ROCH,NIMES CENTRE,23,0.07030075187969924
MONTPELLIER SAINT ROCH,NIMES CENTRE,24,0.07142857142857142
MONTPELLIER SAINT ROCH,NIMES CENTRE,25,0.07359550561797752
MONTPELLIER SAINT ROCH,NIMES CENTRE,26,0.07378277153558052
MONTPELLIER SAINT ROCH,NIMES CENTRE,27,0.07406015037593985
MONTPELLIER SAINT ROCH,NIMES CENTRE,28,0.0731203007518797
MONTPELLIER SAINT ROCH,NIMES CENTRE,29,0.06867924528301887
MONTPELLIER SAINT ROCH,NIMES CENTRE,30,0.01844106463878327
MONTPELLIER SAINT ROCH,STRASBOURG,0,0.42590579710144927
MONTPELLIER SAINT ROCH,STRASBOURG,1,0.4549090909090909
MONTPELLIER SAINT ROCH,STRASBOURG,2,0.4923636363636364
MONTPELLIER SAINT ROCH,STRASBOURG,3,0.512
MONTPELLIER SAINT ROCH,STRASBOURG,4,0.09963768115942029
MONTPELLIER SAINT ROCH,STRASBOURG,5,0.09855072463768115
MONTPELLIER SAINT ROCH,STRASBOURG,6,0.10416666666666667
MONTPELLIER SAINT ROCH,STRASBOURG,7,0.14018181818181819
MONTPELLIER SAINT ROCH,STRASBOURG,8,0.1521897810218978
MONTPELLIER SAINT ROCH,STRASBOURG,9,0.16386861313868611
MONTPELLIER SAINT ROCH,STRASBOURG,10,0.1706959706959707
MONTPELLIER SAINT ROCH,STRASBOURG,11,0.176007326007326
MONTPELLIER SAINT ROCH,STRASBOURG,12,0.01764705882352941
MONTPELLIER SAINT ROCH,STRASBOURG,13,0.016176470588235296
MONTPELLIER SAINT ROCH,STRASBOURG,14,0.016605166051660517
MONTPELLIER SAINT ROCH,STRASBOURG,15,0.01814814814814815
MONTPELLIER SAINT ROCH,STRASBOURG,16,0.017657992565055763
MONTPELLIER SAINT ROCH,STRASBOURG,17,0.009701492537313432
MONTPELLIER SAINT ROCH,STRASBOURG,18,0.01007462686567164
MONTPELLIER SAINT ROCH,STRASBOURG,19,0.009176029962546815
MONTPELLIER SAINT ROCH,STRASBOURG,20,0.011235955056179775
MONTPELLIER SAINT ROCH,STRASBOURG,21,0.010861423220973783
MONTPELLIER SAINT ROCH,STRASBOURG,22,0.011278195488721804
MONTPELLIER SAINT ROCH,STRASBOURG,23,0.014473684210526314
MONTPELLIER SAINT ROCH,STRASBOURG,24,0.013533834586466165
MONTPELLIER SAINT ROCH,STRASBOURG,25,0.012734082397003745
MONTPELLIER SAINT ROCH,STRASBOURG,26,0.01198501872659176
MONTPELLIER SAINT ROCH,STRASBOURG,27,0.015037593984962405
MONTPELLIER SAINT ROCH,STRASBOURG,28,0.015225563909774436
MONTPELLIER SAINT ROCH,STRASBOURG,29,0.014905660377358491
MONTPELLIER SAINT ROCH,STRASBOURG,30,0.0032319391634980993
MONTPELLIER SAINT ROCH,THIONVILLE,0,0.35408163265306125
MONTPELLIER SAINT ROCH,THIONVILLE,1,0.38401639344262295
MONTPELLIER SAINT ROCH,THIONVILLE,2,0.4163934426229508
MONTPELLIER SAINT ROCH,THIONVILLE,3,0.45389344262295084
MONTPELLIER SAINT ROCH,THIONVILLE,4,0.0720408163265306
MONTPELLIER SAINT ROCH,THIONVILLE,5,0.07561475409836066
MONTPELLIER SAINT ROCH,THIONVILLE,6,0.0709016393442623
MONTPELLIER SAINT ROCH,THIONVILLE,7,0.10881147540983607
MONTPELLIER SAINT ROCH,THIONVILLE,8,0.12098765432098765
MONTPELLIER SAINT ROCH,THIONVILLE,9,0.13760330578512395
MONTPELLIER SAINT ROCH,THIONVILLE,10,0.14066390041493776
MONTPELLIER SAINT ROCH,THIONVILLE,11,0.15392561983471073
MONTPELLIER SAINT ROCH,THIONVILLE,12,0.004166666666666667
MONTPELLIER SAINT ROCH,THIONVILLE,13,0.0010416666666666667
MONTPELLIER SAINT ROCH,THIONVILLE,14,0.0012552301255230127
MONTPELLIER SAINT ROCH,THIONVILLE,15,0.0018907563025210084
MONTPELLIER SAINT ROCH,THIONVILLE,16,0.0016806722689075631
MONTPELLIER SAINT ROCH,THIONVILLE,17,0.0
MONTPELLIER SAINT ROCH,THIONVILLE,18,0.0016806722689075631
MONTPELLIER SAINT ROCH,THIONVILLE,19,0.001059322033898305
MONTPELLIER SAINT ROCH,THIONVILLE,20,0.0012711864406779662
MONTPELLIER SAINT ROCH,THIONVILLE,21,0.0006355932203389831
MONTPELLIER SAINT ROCH,THIONVILLE,22,0.0006382978723404256
MONTPELLIER SAINT ROCH,THIONVILLE,23,0.0012765957446808512
MONTPELLIER SAINT ROCH,THIONVILLE,24,0.0010638297872340426
MONTPELLIER SAINT ROCH,THIONVILLE,25,0.001059322033898305
MONTPELLIER SAINT ROCH,THIONVILLE,26,0.0008474576271186442
MONTPELLIER SAINT ROCH,THIONVILLE,27,0.0010638297872340426
MONTPELLIER SAINT ROCH,THIONVILLE,28,0.0019148936170212767
MONTPELLIER SAINT ROCH,THIONVILLE,29,0.002136752136752137
MONTPELLIER SAINT ROCH,THIONVILLE,30,0.0
MONTPELLIER SAINT ROCH,VALENCE TGV AUVERGNE RHONE ALPES,0,0.6018450184501845
MONTPELLIER SAINT ROCH,VALENCE TGV AUVERGNE RHONE ALPES,1,0.6283333333333333
MONTPELLIER SAINT ROCH,VALENCE TGV AUVERGNE RHONE ALPES,2,0.6637037037037037
MONTPELLIER SAINT ROCH,VALENCE TGV AUVERGNE RHONE ALPES,3,0.667962962962963
MONTPELLIER SAINT ROCH,VALENCE TGV AUVERGNE RHONE ALPES,4,0.3171586715867159
MONTPELLIER SAINT ROCH,VALENCE TGV AUVERGNE RHONE ALPES,5,0.31328413284132844
MONTPELLIER SAINT ROCH,VALENCE TGV AUVERGNE RHONE ALPES,6,0.29612546125461253
MONTPELLIER SAINT ROCH,VALENCE TGV AUVERGNE RHONE ALPES,7,0.29907407407407405
MONTPELLIER SAINT ROCH,VALENCE TGV AUVERGNE RHONE ALPES,8,0.2938661710037175
MONTPELLIER SAINT ROCH,VALENCE TGV AUVERGNE RHONE ALPES,9,0.3050185873605948
MONTPELLIER SAINT ROCH,VALENCE TGV AUVERGNE RHONE ALPES,10,0.31156716417910446
MONTPELLIER SAINT ROCH,VALENCE TGV AUVERGNE RHONE ALPES,11,0.31548507462686565
MONTPELLIER SAINT ROCH,VALENCE TGV AUVERGNE RHONE ALPES,12,0.08146067415730338
MONTPELLIER SAINT ROCH,VALENCE TGV AUVERGNE RHONE ALPES,13,0.08108614232209738
MONTPELLIER SAINT ROCH,VALENCE TGV AUVERGNE RHONE ALPES,14,0.07330827067669173
MONTPELLIER SAINT ROCH,VALENCE TGV AUVERGNE RHONE ALPES,15,0.06849056603773584
MONTPELLIER SAINT ROCH,VALENCE TGV AUVERGNE RHONE ALPES,16,0.07140151515151516
MONTPELLIER SAINT ROCH,VALENCE TGV AUVERGNE RHONE ALPES,17,0.06577946768060837
MONTPELLIER SAINT ROCH,VALENCE TGV AUVERGNE RHONE ALPES,18,0.06863117870722434
MONTPELLIER SAINT ROCH,VALENCE TGV AUVERGNE RHONE ALPES,19,0.0650763358778626
MONTPELLIER SAINT ROCH,VALENCE TGV AUVERGNE RHONE ALPES,20,0.0650763358778626
MONTPELLIER SAINT ROCH,VALENCE TGV AUVERGNE RHONE ALPES,21,0.06049618320610687
MONTPELLIER SAINT ROCH,VALENCE TGV AUVERGNE RHONE ALPES,22,0.05268199233716475
MONTPELLIER SAINT ROCH,VALENCE TGV AUVERGNE RHONE ALPES,23,0.05344827586206896
MONTPELLIER SAINT ROCH,VALENCE TGV AUVERGNE RHONE ALPES,24,0.057088122605363986
MONTPELLIER SAINT ROCH,VALENCE TGV AUVERGNE RHONE ALPES,25,0.06202290076335878
MONTPELLIER SAINT ROCH,VALENCE TGV AUVERGNE RHONE ALPES,26,0.06641221374045801
MONTPELLIER SAINT ROCH,VALENCE TGV AUVERGNE RHONE ALPES,27,0.06647509578544061
MONTPELLIER SAINT ROCH,VALENCE TGV AUVERGNE RHONE ALPES,28,0.06149425287356322
MONTPELLIER SAINT ROCH,VALENCE TGV AUVERGNE RHONE ALPES,29,0.06096153846153846
MONTPELLIER SAINT ROCH,VALENCE TGV AUVERGNE RHONE ALPES,30,0.012790697674418604
MONTPELLIER SAINT ROCH,VALENCE VILLE,0,1.0
MONTPELLIER SAINT ROCH,VALENCE VILLE,1,0.95
MONTPELLIER SAINT ROCH,VALENCE VILLE,2,0.9375
MONTPELLIER SAINT ROCH,VALENCE VILLE,3,0.75
MONTPELLIER SAINT ROCH,VALENCE VILLE,4,0.5125
MONTPELLIER SAINT ROCH,VALENCE VILLE,5,0.35
MONTPELLIER SAINT ROCH,VALENCE VILLE,6,0.4375
MONTPELLIER SAINT ROCH,VALENCE VILLE,7,0.3375
MONTPELLIER SAINT ROCH,VALENCE VILLE,8,0.2875
MONTPELLIER SAINT ROCH,VALENCE VILLE,9,0.3
MONTPELLIER SAINT ROCH,VALENCE VILLE,10,0.4625
MONTPELLIER SAINT ROCH,VALENCE VILLE,11,0.475
MONTPELLIER SAINT ROCH,VALENCE VILLE,12,0.2375
MONTPELLIER SAINT ROCH,VALENCE VILLE,13,0.275
MONTPELLIER SAINT ROCH,VALENCE VILLE,14,0.475
MONTPELLIER SAINT ROCH,VALENCE VILLE,15,0.44999999999999996
MONTPELLIER SAINT ROCH,VALENCE VILLE,16,0.25
MONTPELLIER SAINT ROCH,VALENCE VILLE,17,0.125
MONTPELLIER SAINT ROCH,VALENCE VILLE,18,0.21250000000000002
MONTPELLIER SAINT ROCH,VALENCE VILLE,19,0.275
MONTPELLIER SAINT ROCH,VALENCE VILLE,20,0.2875
MONTPELLIER SAINT ROCH,VALENCE VILLE,21,0.425
MONTPELLIER SAINT ROCH,VALENCE VILLE,22,0.5125
MONTPELLIER SAINT ROCH,VALENCE VILLE,23,0.7
MONTPELLIER SAINT ROCH,VALENCE VILLE,24,0.75
MONTPELLIER SAINT ROCH,VALENCE VILLE,25,0.75
MONTPELLIER SAINT ROCH,VALENCE VILLE,26,0.75
MONTPELLIER SAINT ROCH,VALENCE VILLE,27,0.75
MONTPELLIER SAINT ROCH,VALENCE VILLE,28,0.75
MONTPELLIER SAINT ROCH,VALENCE VILLE,29,0.725
MONTPELLIER SAINT ROCH,VALENCE VILLE,30,0.2375
MONTPELLIER SUD DE FRANCE,BELFORT MONTBELIARD TGV,0,0.025
MONTPELLIER SUD DE FRANCE,BELFORT MONTBELIARD TGV,1,0.025
MONTPELLIER SUD DE FRANCE,BELFORT MONTBELIARD TGV,2,0.0
MONTPELLIER SUD DE FRANCE,BELFORT MONTBELIARD TGV,3,0.025
MONTPELLIER SUD DE FRANCE,BELFORT MONTBELIARD TGV,4,0.0
MONTPELLIER SUD DE FRANCE,BELFORT MONTBELIARD TGV,5,0.0
MONTPELLIER SUD DE FRANCE,BELFORT MONTBELIARD TGV,6,0.0
MONTPELLIER SUD DE FRANCE,BELFORT MONTBELIARD TGV,7,0.0
MONTPELLIER SUD DE FRANCE,BELFORT MONTBELIARD TGV,8,0.0
MONTPELLIER SUD DE FRANCE,BELFORT MONTBELIARD TGV,9,0.0
MONTPELLIER SUD DE FRANCE,BELFORT MONTBELIARD TGV,10,0.0
MONTPELLIER SUD DE FRANCE,BELFORT MONTBELIARD TGV,11,0.0
MONTPELLIER SUD DE FRANCE,BELFORT MONTBELIARD TGV,12,0.0
MONTPELLIER SUD DE FRANCE,BELFORT MONTBELIARD TGV,13,0.0
MONTPELLIER SUD DE FRANCE,BELFORT MONTBELIARD TGV,14,0.0
MONTPELLIER SUD DE FRANCE,BELFORT MONTBELIARD TGV,15,0.0
MONTPELLIER SUD DE FRANCE,BELFORT MONTBELIARD TGV,16,0.0
MONTPELLIER SUD DE FRANCE,BELFORT MONTBELIARD TGV,17,0.0
MONTPELLIER SUD DE FRANCE,BELFORT MONTBELIARD TGV,18,0.0
MONTPELLIER SUD DE FRANCE,BELFORT MONTBELIARD TGV,19,0.0
MONTPELLIER SUD DE FRANCE,BELFORT MONTBELIARD TGV,20,0.0
MONTPELLIER SUD DE FRANCE,BELFORT MONTBELIARD TGV,21,0.0
MONTPELLIER SUD DE FRANCE,BELFORT MONTBELIARD TGV,22,0.0
MONTPELLIER SUD DE FRANCE,BELFORT MONTBELIARD TGV,23,0.0
MONTPELLIER SUD DE FRANCE,BELFORT MONTBELIARD TGV,24,0.0
MONTPELLIER SUD DE FRANCE,BELFORT MONTBELIARD TGV,25,0.0
MONTPELLIER SUD DE FRANCE,BELFORT MONTBELIARD TGV,26,0.0
MONTPELLIER SUD DE FRANCE,BELFORT MONTBELIARD TGV,27,0.0
MONTPELLIER SUD DE FRANCE,BELFORT MONTBELIARD TGV,28,0.0
MONTPELLIER SUD DE FRANCE,BELFORT MONTBELIARD TGV,29,0.0
MONTPELLIER SUD DE FRANCE,BELFORT MONTBELIARD TGV,30,0.0
MONTPELLIER SUD DE FRANCE,BESANCON FRANCHE COMTE TGV,0,0.0
MONTPELLIER SUD DE FRANCE,BESANCON FRANCHE COMTE TGV,1,0.025
MONTPELLIER SUD DE FRANCE,BESANCON FRANCHE COMTE TGV,2,0.0
MONTPELLIER SUD DE FRANCE,BESANCON FRANCHE COMTE TGV,3,0.0
MONTPELLIER SUD DE FRANCE,BESANCON FRANCHE COMTE TGV,4,0.0
MONTPELLIER SUD DE FRANCE,BESANCON FRANCHE COMTE TGV,5,0.0
MONTPELLIER SUD DE FRANCE,BESANCON FRANCHE COMTE TGV,6,0.0
MONTPELLIER SUD DE FRANCE,BESANCON FRANCHE COMTE TGV,7,0.0
MONTPELLIER SUD DE FRANCE,BESANCON FRANCHE COMTE TGV,8,0.0
MONTPELLIER SUD DE FRANCE,BESANCON FRANCHE COMTE TGV,9,0.0
MONTPELLIER SUD DE FRANCE,BESANCON FRANCHE COMTE TGV,10,0.0
MONTPELLIER SUD DE FRANCE,BESANCON FRANCHE COMTE TGV,11,0.0
MONTPELLIER SUD DE FRANCE,BESANCON FRANCHE COMTE TGV,12,0.0
MONTPELLIER SUD DE FRANCE,BESANCON FRANCHE COMTE TGV,13,0.0
MONTPELLIER SUD DE FRANCE,BESANCON FRANCHE COMTE TGV,14,0.0
MONTPELLIER SUD DE FRANCE,BESANCON FRANCHE COMTE TGV,15,0.0
MONTPELLIER SUD DE FRANCE,BESANCON FRANCHE COMTE TGV,16,0.0
MONTPELLIER SUD DE FRANCE,BESANCON FRANCHE COMTE TGV,17,0.0
MONTPELLIER SUD DE FRANCE,BESANCON FRANCHE COMTE TGV,18,0.0
MONTPELLIER SUD DE FRANCE,BESANCON FRANCHE COMTE TGV,19,0.0
MONTPELLIER SUD DE FRANCE,BESANCON FRANCHE COMTE TGV,20,0.0
MONTPELLIER SUD DE FRANCE,BESANCON FRANCHE COMTE TGV,21,0.0
MONTPELLIER SUD DE FRANCE,BESANCON FRANCHE COMTE TGV,22,0.0
MONTPELLIER SUD DE FRANCE,BESANCON FRANCHE COMTE TGV,23,0.0
MONTPELLIER SUD DE FRANCE,BESANCON FRANCHE COMTE TGV,24,0.0
MONTPELLIER SUD DE FRANCE,BESANCON FRANCHE COMTE TGV,25,0.0
MONTPELLIER SUD DE FRANCE,BESANCON FRANCHE COMTE TGV,26,0.0
MONTPELLIER SUD DE FRANCE,BESANCON FRANCHE COMTE TGV,27,0.0
MONTPELLIER SUD DE FRANCE,BESANCON FRANCHE COMTE TGV,28,0.0
MONTPELLIER SUD DE FRANCE,BESANCON FRANCHE COMTE TGV,29,0.0
MONTPELLIER SUD DE FRANCE,BESANCON FRANCHE COMTE TGV,30,0.0
MONTPELLIER SUD DE FRANCE,COLMAR,0,0.025
MONTPELLIER SUD DE FRANCE,COLMAR,1,0.025
MONTPELLIER SUD DE FRANCE,COLMAR,2,0.0
MONTPELLIER SUD DE FRANCE,COLMAR,3,0.0
MONTPELLIER SUD DE FRANCE,COLMAR,4,0.0
MONTPELLIER SUD DE FRANCE,COLMAR,5,0.0
MONTPELLIER SUD DE FRANCE,COLMAR,6,0.0
MONTPELLIER SUD DE FRANCE,COLMAR,7,0.0
MONTPELLIER SUD DE FRANCE,COLMAR,8,0.0
MONTPELLIER SUD DE FRANCE,COLMAR,9,0.0
MONTPELLIER SUD DE FRANCE,COLMAR,10,0.0
MONTPELLIER SUD DE FRANCE,COLMAR,11,0.0
MONTPELLIER SUD DE FRANCE,COLMAR,12,0.0
MONTPELLIER SUD DE FRANCE,COLMAR,13,0.0
MONTPELLIER SUD DE FRANCE,COLMAR,14,0.0
MONTPELLIER SUD DE FRANCE,COLMAR,15,0.0
MONTPELLIER SUD DE FRANCE,COLMAR,16,0.0
MONTPELLIER SUD DE FRANCE,COLMAR,17,0.0
MONTPELLIER SUD DE FRANCE,COLMAR,18,0.0
MONTPELLIER SUD DE FRANCE,COLMAR,19,0.0
MONTPELLIER SUD DE FRANCE,COLMAR,20,0.0
MONTPELLIER SUD DE FRANCE,COLMAR,21,0.0
MONTPELLIER SUD DE FRANCE,COLMAR,22,0.0
MONTPELLIER SUD DE FRANCE,COLMAR,23,0.0
MONTPELLIER SUD DE FRANCE,COLMAR,24,0.0
MONTPELLIER SUD DE FRANCE,COLMAR,25,0.0
MONTPELLIER SUD DE FRANCE,COLMAR,26,0.0
MONTPELLIER SUD DE FRANCE,COLMAR,27,0.0
MONTPELLIER SUD DE FRANCE,COLMAR,28,0.0
MONTPELLIER SUD DE FRANCE,COLMAR,29,0.0
MONTPELLIER SUD DE FRANCE,COLMAR,30,0.0
MONTPELLIER SUD DE FRANCE,DIJON VILLE,0,0.025
MONTPELLIER SUD DE FRANCE,DIJON VILLE,1,0.05
MONTPELLIER SUD DE FRANCE,DIJON VILLE,2,0.0
MONTPELLIER SUD DE FRANCE,DIJON VILLE,3,0.025
MONTPELLIER SUD DE FRANCE,DIJON VILLE,4,0.0
MONTPELLIER SUD DE FRANCE,DIJON VILLE,5,0.0
MONTPELLIER SUD DE FRANCE,DIJON VILLE,6,0.0
MONTPELLIER SUD DE FRANCE,DIJON VILLE,7,0.0
MONTPELLIER SUD DE FRANCE,DIJON VILLE,8,0.0
MONTPELLIER SUD DE FRANCE,DIJON VILLE,9,0.0
MONTPELLIER SUD DE FRANCE,DIJON VILLE,10,0.0
MONTPELLIER SUD DE FRANCE,DIJON VILLE,11,0.0
MONTPELLIER SUD DE FRANCE,DIJON VILLE,12,0.0
MONTPELLIER SUD DE FRANCE,DIJON VILLE,13,0.0
MONTPELLIER SUD DE FRANCE,DIJON VILLE,14,0.0
MONTPELLIER SUD DE FRANCE,DIJON VILLE,15,0.0
MONTPELLIER SUD DE FRANCE,DIJON VILLE,16,0.0
MONTPELLIER SUD DE FRANCE,DIJON VILLE,17,0.0
MONTPELLIER SUD DE FRANCE,DIJON VILLE,18,0.0
MONTPELLIER SUD DE FRANCE,DIJON VILLE,19,0.0
MONTPELLIER SUD DE FRANCE,DIJON VILLE,20,0.0
MONTPELLIER SUD DE FRANCE,DIJON VILLE,21,0.0
MONTPELLIER SUD DE FRANCE,DIJON VILLE,22,0.0
MONTPELLIER SUD DE FRANCE,DIJON VILLE,23,0.0
MONTPELLIER SUD DE FRANCE,DIJON VILLE,24,0.0
MONTPELLIER SUD DE FRANCE,DIJON VILLE,25,0.0
MONTPELLIER SUD DE FRANCE,DIJON VILLE,26,0.0
MONTPELLIER SUD DE FRANCE,DIJON VILLE,27,0.0
MONTPELLIER SUD DE FRANCE,DIJON VILLE,28,0.0
MONTPELLIER SUD DE FRANCE,DIJON VILLE,29,0.0
MONTPELLIER SUD DE FRANCE,DIJON VILLE,30,0.0
MONTPELLIER SUD DE FRANCE,LUXEMBOURG,0,0.0
MONTPELLIER SUD DE FRANCE,LUXEMBOURG,1,0.0
MONTPELLIER SUD DE FRANCE,LUXEMBOURG,2,0.0
MONTPELLIER SUD DE FRANCE,LUXEMBOURG,3,0.0
MONTPELLIER SUD DE FRANCE,LUXEMBOURG,4,0.025
MONTPELLIER SUD DE FRANCE,LUXEMBOURG,5,0.025
MONTPELLIER SUD DE FRANCE,LUXEMBOURG,6,0.0
MONTPELLIER SUD DE FRANCE,LUXEMBOURG,7,0.0
MONTPELLIER SUD DE FRANCE,LUXEMBOURG,8,0.0
MONTPELLIER SUD DE FRANCE,LUXEMBOURG,9,0.0
MONTPELLIER SUD DE FRANCE,LUXEMBOURG,10,0.0
MONTPELLIER SUD DE FRANCE,LUXEMBOURG,11,0.0
MONTPELLIER SUD DE FRANCE,LUXEMBOURG,12,0.0
MONTPELLIER SUD DE FRANCE,LUXEMBOURG,13,0.0
MONTPELLIER SUD DE FRANCE,LUXEMBOURG,14,0.0
MONTPELLIER SUD DE FRANCE,LUXEMBOURG,15,0.0
MONTPELLIER SUD DE FRANCE,LUXEMBOURG,16,0.0
MONTPELLIER SUD DE FRANCE,LUXEMBOURG,17,0.0
MONTPELLIER SUD DE FRANCE,LUXEMBOURG,18,0.0
MONTPELLIER SUD DE FRANCE,LUXEMBOURG,19,0.0
MONTPELLIER SUD DE FRANCE,LUXEMBOURG,20,0.0
MONTPELLIER SUD DE FRANCE,LUXEMBOURG,21,0.0
MONTPELLIER SUD DE FRANCE,LUXEMBOURG,22,0.0
MONTPELLIER SUD DE FRANCE,LUXEMBOURG,23,0.0
MONTPELLIER SUD DE FRANCE,LUXEMBOURG,24,0.0
MONTPELLIER SUD DE FRANCE,LUXEMBOURG,25,0.0
MONTPELLIER SUD DE FRANCE,LUXEMBOURG,26,0.0
MONTPELLIER SUD DE FRANCE,LUXEMBOURG,27,0.0
MONTPELLIER SUD DE FRANCE,LUXEMBOURG,28,0.0
MONTPELLIER SUD DE FRANCE,LUXEMBOURG,29,0.0
MONTPELLIER SUD DE FRANCE,LUXEMBOURG,30,0.0
MONTPELLIER SUD DE FRANCE,LYON (intramuros),0,0.8
MONTPELLIER SUD DE FRANCE,LYON (intramuros),1,0.925
MONTPELLIER SUD DE FRANCE,LYON (intramuros),2,0.8
MONTPELLIER SUD DE FRANCE,LYON (intramuros),3,0.475
MONTPELLIER SUD DE FRANCE,LYON (intramuros),4,0.475
MONTPELLIER SUD DE FRANCE,LYON (intramuros),5,0.5
MONTPELLIER SUD DE FRANCE,LYON (intramuros),6,0.5
MONTPELLIER SUD DE FRANCE,LYON (intramuros),7,0.475
MONTPELLIER SUD DE FRANCE,LYON (intramuros),8,0.5
MONTPELLIER SUD DE FRANCE,LYON (intramuros),9,0.475
MONTPELLIER SUD DE FRANCE,LYON (intramuros),10,0.475
MONTPELLIER SUD DE FRANCE,LYON (intramuros),11,0.425
MONTPELLIER SUD DE FRANCE,LYON (intramuros),12,0.025
MONTPELLIER SUD DE FRANCE,LYON (intramuros),13,0.025
MONTPELLIER SUD DE FRANCE,LYON (intramuros),14,0.0
MONTPELLIER SUD DE FRANCE,LYON (intramuros),15,0.0
MONTPELLIER SUD DE FRANCE,LYON (intramuros),16,0.0
MONTPELLIER SUD DE FRANCE,LYON (intramuros),17,0.0
MONTPELLIER SUD DE FRANCE,LYON (intramuros),18,0.0
MONTPELLIER SUD DE FRANCE,LYON (intramuros),19,0.0
MONTPELLIER SUD DE FRANCE,LYON (intramuros),20,0.0
MONTPELLIER SUD DE FRANCE,LYON (intramuros),21,0.0
MONTPELLIER SUD DE FRANCE,LYON (intramuros),22,0.0
MONTPELLIER SUD DE FRANCE,LYON (intramuros),23,0.0
MONTPELLIER SUD DE FRANCE,LYON (intramuros),24,0.0
MONTPELLIER SUD DE FRANCE,LYON (intramuros),25,0.0
MONTPELLIER SUD DE FRANCE,LYON (intramuros),26,0.0
MONTPELLIER SUD DE FRANCE,LYON (intramuros),27,0.0
MONTPELLIER SUD DE FRANCE,LYON (intramuros),28,0.0
MONTPELLIER SUD DE FRANCE,LYON (intramuros),29,0.0
MONTPELLIER SUD DE FRANCE,LYON (intramuros),30,0.0
MONTPELLIER SUD DE FRANCE,METZ VILLE,0,0.025
MONTPELLIER SUD DE FRANCE,METZ VILLE,1,0.0
MONTPELLIER SUD DE FRANCE,METZ VILLE,2,0.025
MONTPELLIER SUD DE FRANCE,METZ VILLE,3,0.05
MONTPELLIER SUD DE FRANCE,METZ VILLE,4,0.0
MONTPELLIER SUD DE FRANCE,METZ VILLE,5,0.0
MONTPELLIER SUD DE FRANCE,METZ VILLE,6,0.0
MONTPELLIER SUD DE FRANCE,METZ VILLE,7,0.0
MONTPELLIER SUD DE FRANCE,METZ VILLE,8,0.0
MONTPELLIER SUD DE FRANCE,METZ VILLE,9,0.0
MONTPELLIER SUD DE FRANCE,METZ VILLE,10,0.0
MONTPELLIER SUD DE FRANCE,METZ VILLE,11,0.0
MONTPELLIER SUD DE FRANCE,METZ VILLE,12,0.0
MONTPELLIER SUD DE FRANCE,METZ VILLE,13,0.0
MONTPELLIER SUD DE FRANCE,METZ VILLE,14,0.0
MONTPELLIER SUD DE FRANCE,METZ VILLE,15,0.0
MONTPELLIER SUD DE FRANCE,METZ VILLE,16,0.0
MONTPELLIER SUD DE FRANCE,METZ VILLE,17,0.0
MONTPELLIER SUD DE FRANCE,METZ VILLE,18,0.0
MONTPELLIER SUD DE FRANCE,METZ VILLE,19,0.0
MONTPELLIER SUD DE FRANCE,METZ VILLE,20,0.0
MONTPELLIER SUD DE FRANCE,METZ VILLE,21,0.0
MONTPELLIER SUD DE FRANCE,METZ VILLE,22,0.0
MONTPELLIER SUD DE FRANCE,METZ VILLE,23,0.0
MONTPELLIER SUD DE FRANCE,METZ VILLE,24,0.0
MONTPELLIER SUD DE FRANCE,METZ VILLE,25,0.0
MONTPELLIER SUD DE FRANCE,METZ VILLE,26,0.0
MONTPELLIER SUD DE FRANCE,METZ VILLE,27,0.0
MONTPELLIER SUD DE FRANCE,METZ VILLE,28,0.0
MONTPELLIER SUD DE FRANCE,METZ VILLE,29,0.0
MONTPELLIER SUD DE FRANCE,METZ VILLE,30,0.0
MONTPELLIER SUD DE FRANCE,MULHOUSE VILLE,0,0.05
MONTPELLIER SUD DE FRANCE,MULHOUSE VILLE,1,0.025
MONTPELLIER SUD DE FRANCE,MULHOUSE VILLE,2,0.0
MONTPELLIER SUD DE FRANCE,MULHOUSE VILLE,3,0.0
MONTPELLIER SUD DE FRANCE,MULHOUSE VILLE,4,0.0
MONTPELLIER SUD DE FRANCE,MULHOUSE VILLE,5,0.0
MONTPELLIER SUD DE FRANCE,MULHOUSE VILLE,6,0.0
MONTPELLIER SUD DE FRANCE,MULHOUSE VILLE,7,0.0
MONTPELLIER SUD DE FRANCE,MULHOUSE VILLE,8,0.0
MONTPELLIER SUD DE FRANCE,MULHOUSE VILLE,9,0.0
MONTPELLIER SUD DE FRANCE,MULHOUSE VILLE,10,0.0
MONTPELLIER SUD DE FRANCE,MULHOUSE VILLE,11,0.0
MONTPELLIER SUD DE FRANCE,MULHOUSE VILLE,12,0.0
MONTPELLIER SUD DE FRANCE,MULHOUSE VILLE,13,0.0
MONTPELLIER SUD DE FRANCE,MULHOUSE VILLE,14,0.0
MONTPELLIER SUD DE FRANCE,MULHOUSE VILLE,15,0.0
MONTPELLIER SUD DE FRANCE,MULHOUSE VILLE,16,0.0
MONTPELLIER SUD DE FRANCE,MULHOUSE VILLE,17,0.0
MONTPELLIER SUD DE FRANCE,MULHOUSE VILLE,18,0.0
MONTPELLIER SUD DE FRANCE,MULHOUSE VILLE,19,0.0
MONTPELLIER SUD DE FRANCE,MULHOUSE VILLE,20,0.0
MONTPELLIER SUD DE FRANCE,MULHOUSE VILLE,21,0.0
MONTPELLIER SUD DE FRANCE,MULHOUSE VILLE,22,0.0
MONTPELLIER SUD DE FRANCE,MULHOUSE VILLE,23,0.0
MONTPELLIER SUD DE FRANCE,MULHOUSE VILLE,24,0.0
MONTPELLIER SUD DE FRANCE,MULHOUSE VILLE,25,0.0
MONTPELLIER SUD DE FRANCE,MULHOUSE VILLE,26,0.0
MONTPELLIER SUD DE FRANCE,MULHOUSE VILLE,27,0.0
MONTPELLIER SUD DE FRANCE,MULHOUSE VILLE,28,0.0
MONTPELLIER SUD DE FRANCE,MULHOUSE VILLE,29,0.0
MONTPELLIER SUD DE FRANCE,MULHOUSE VILLE,30,0.0
MONTPELLIER SUD DE FRANCE,NIMES PONT DU GARD,0,0.0
MONTPELLIER SUD DE FRANCE,NIMES PONT DU GARD,1,0.0
MONTPELLIER SUD DE FRANCE,NIMES PONT DU GARD,2,0.0
MONTPELLIER SUD DE FRANCE,NIMES PONT DU GARD,3,0.0
MONTPELLIER SUD DE FRANCE,NIMES PONT DU GARD,4,0.025
MONTPELLIER SUD DE FRANCE,NIMES PONT DU GARD,5,0.0
MONTPELLIER SUD DE FRANCE,NIMES PONT DU GARD,6,0.0
MONTPELLIER SUD DE FRANCE,NIMES PONT DU GARD,7,0.0
MONTPELLIER SUD DE FRANCE,NIMES PONT DU GARD,8,0.0
MONTPELLIER SUD DE FRANCE,NIMES PONT DU GARD,9,0.0
MONTPELLIER SUD DE FRANCE,NIMES PONT DU GARD,10,0.0
MONTPELLIER SUD DE FRANCE,NIMES PONT DU GARD,11,0.0
MONTPELLIER SUD DE FRANCE,NIMES PONT DU GARD,12,0.0
MONTPELLIER SUD DE FRANCE,NIMES PONT DU GARD,13,0.0
MONTPELLIER SUD DE FRANCE,NIMES PONT DU GARD,14,0.0
MONTPELLIER SUD DE FRANCE,NIMES PONT DU GARD,15,0.0
MONTPELLIER SUD DE FRANCE,NIMES PONT DU GARD,16,0.0
MONTPELLIER SUD DE FRANCE,NIMES PONT DU GARD,17,0.0
MONTPELLIER SUD DE FRANCE,NIMES PONT DU GARD,18,0.0
MONTPELLIER SUD DE FRANCE,NIMES PONT DU GARD,19,0.0
MONTPELLIER SUD DE FRANCE,NIMES PONT DU GARD,20,0.0
MONTPELLIER SUD DE FRANCE,NIMES PONT DU GARD,21,0.0
MONTPELLIER SUD DE FRANCE,NIMES PONT DU GARD,22,0.0
MONTPELLIER SUD DE FRANCE,NIMES PONT DU GARD,23,0.0
MONTPELLIER SUD DE FRANCE,NIMES PONT DU GARD,24,0.0
MONTPELLIER SUD DE FRANCE,NIMES PONT DU GARD,25,0.0
MONTPELLIER SUD DE FRANCE,NIMES PONT DU GARD,26,0.0
MONTPELLIER SUD DE FRANCE,NIMES PONT DU GARD,27,0.0
MONTPELLIER SUD DE FRANCE,NIMES PONT DU GARD,28,0.0
MONTPELLIER SUD DE FRANCE,NIMES PONT DU GARD,29,0.0
MONTPELLIER SUD DE FRANCE,NIMES PONT DU GARD,30,0.0
MONTPELLIER SUD DE FRANCE,STRASBOURG,0,0.05
MONTPELLIER SUD DE FRANCE,STRASBOURG,1,0.05
MONTPELLIER SUD DE FRANCE,STRASBOURG,2,0.0
MONTPELLIER SUD DE FRANCE,STRASBOURG,3,0.0
MONTPELLIER SUD DE FRANCE,STRASBOURG,4,0.0
MONTPELLIER SUD DE FRANCE,STRASBOURG,5,0.0
MONTPELLIER SUD DE FRANCE,STRASBOURG,6,0.0
MONTPELLIER SUD DE FRANCE,STRASBOURG,7,0.0
MONTPELLIER SUD DE FRANCE,STRASBOURG,8,0.0
MONTPELLIER SUD DE FRANCE,STRASBOURG,9,0.0
MONTPELLIER SUD DE FRANCE,STRASBOURG,10,0.0
MONTPELLIER SUD DE FRANCE,STRASBOURG,11,0.0
MONTPELLIER SUD DE FRANCE,STRASBOURG,12,0.0
MONTPELLIER SUD DE FRANCE,STRASBOURG,13,0.0
MONTPELLIER SUD DE FRANCE,STRASBOURG,14,0.0
MONTPELLIER SUD DE FRANCE,STRASBOURG,15,0.0
MONTPELLIER SUD DE FRANCE,STRASBOURG,16,0.0
MONTPELLIER SUD DE FRANCE,STRASBOURG,17,0.0
MONTPELLIER SUD DE FRANCE,STRASBOURG,18,0.0
MONTPELLIER SUD DE FRANCE,STRASBOURG,19,0.0
MONTPELLIER SUD DE FRANCE,STRASBOURG,20,0.0
MONTPELLIER SUD DE FRANCE,STRASBOURG,21,0.0
MONTPELLIER SUD DE FRANCE,STRASBOURG,22,0.0
MONTPELLIER SUD DE FRANCE,STRASBOURG,23,0.0
MONTPELLIER SUD DE FRANCE,STRASBOURG,24,0.0
MONTPELLIER SUD DE FRANCE,STRASBOURG,25,0.0
MONTPELLIER SUD DE FRANCE,STRASBOURG,26,0.0
MONTPELLIER SUD DE FRANCE,STRASBOURG,27,0.0
MONTPELLIER SUD DE FRANCE,STRASBOURG,28,0.0
MONTPELLIER SUD DE FRANCE,STRASBOURG,29,0.0
MONTPELLIER SUD DE FRANCE,STRASBOURG,30,0.0
MONTPELLIER SUD DE FRANCE,THIONVILLE,0,0.0
MONTPELLIER SUD DE FRANCE,THIONVILLE,1,0.0
MONTPELLIER SUD DE FRANCE,THIONVILLE,2,0.0
MONTPELLIER SUD DE FRANCE,THIONVILLE,3,0.025
MONTPELLIER SUD DE FRANCE,THIONVILLE,4,0.0
MONTPELLIER SUD DE FRANCE,THIONVILLE,5,0.0
MONTPELLIER SUD DE FRANCE,THIONVILLE,6,0.0
MONTPELLIER SUD DE FRANCE,THIONVILLE,7,0.0
MONTPELLIER SUD DE FRANCE,THIONVILLE,8,0.0
MONTPELLIER SUD DE FRANCE,THIONVILLE,9,0.0
MONTPELLIER SUD DE FRANCE,THIONVILLE,10,0.0
MONTPELLIER SUD DE FRANCE,THIONVILLE,11,0.0
MONTPELLIER SUD DE FRANCE,THIONVILLE,12,0.0
MONTPELLIER SUD DE FRANCE,THIONVILLE,13,0.0
MONTPELLIER SUD DE FRANCE,THIONVILLE,14,0.0
MONTPELLIER SUD DE FRANCE,THIONVILLE,15,0.0
MONTPELLIER SUD DE FRANCE,THIONVILLE,16,0.0
MONTPELLIER SUD DE FRANCE,THIONVILLE,17,0.0
MONTPELLIER SUD DE FRANCE,THIONVILLE,18,0.0
MONTPELLIER SUD DE FRANCE,THIONVILLE,19,0.0
MONTPELLIER SUD DE FRANCE,THIONVILLE,20,0.0
MONTPELLIER SUD DE FRANCE,THIONVILLE,21,0.0
MONTPELLIER SUD DE FRANCE,THIONVILLE,22,0.0
MONTPELLIER SUD DE FRANCE,THIONVILLE,23,0.0
MONTPELLIER SUD DE FRANCE,THIONVILLE,24,0.0
MONTPELLIER SUD DE FRANCE,THIONVILLE,25,0.0
MONTPELLIER SUD DE FRANCE,THIONVILLE,26,0.0
MONTPELLIER SUD DE FRANCE,THIONVILLE,27,0.0
MONTPELLIER SUD DE FRANCE,THIONVILLE,28,0.0
MONTPELLIER SUD DE FRANCE,THIONVILLE,29,0.0
MONTPELLIER SUD DE FRANCE,THIONVILLE,30,0.0
MONTPELLIER SUD DE FRANCE,VALENCE TGV AUVERGNE RHONE ALPES,0,0.925
MONTPELLIER SUD DE FRANCE,VALENCE TGV AUVERGNE RHONE ALPES,1,0.925
MONTPELLIER SUD DE FRANCE,VALENCE TGV AUVERGNE RHONE ALPES,2,0.825
MONTPELLIER SUD DE FRANCE,VALENCE TGV AUVERGNE RHONE ALPES,3,0.425
MONTPELLIER SUD DE FRANCE,VALENCE TGV AUVERGNE RHONE ALPES,4,0.475
MONTPELLIER SUD DE FRANCE,VALENCE TGV AUVERGNE RHONE ALPES,5,0.475
MONTPELLIER SUD DE FRANCE,VALENCE TGV AUVERGNE RHONE ALPES,6,0.475
MONTPELLIER SUD DE FRANCE,VALENCE TGV AUVERGNE RHONE ALPES,7,0.5
MONTPELLIER SUD DE FRANCE,VALENCE TGV AUVERGNE RHONE ALPES,8,0.5
MONTPELLIER SUD DE FRANCE,VALENCE TGV AUVERGNE RHONE ALPES,9,0.5
MONTPELLIER SUD DE FRANCE,VALENCE TGV AUVERGNE RHONE ALPES,10,0.5
MONTPELLIER SUD DE FRANCE,VALENCE TGV AUVERGNE RHONE ALPES,11,0.5
MONTPELLIER SUD DE FRANCE,VALENCE TGV AUVERGNE RHONE ALPES,12,0.025
MONTPELLIER SUD DE FRANCE,VALENCE TGV AUVERGNE RHONE ALPES,13,0.0
MONTPELLIER SUD DE FRANCE,VALENCE TGV AUVERGNE RHONE ALPES,14,0.0
MONTPELLIER SUD DE FRANCE,VALENCE TGV AUVERGNE RHONE ALPES,15,0.0
MONTPELLIER SUD DE FRANCE,VALENCE TGV AUVERGNE RHONE ALPES,16,0.0
MONTPELLIER SUD DE FRANCE,VALENCE TGV AUVERGNE RHONE ALPES,17,0.0
MONTPELLIER SUD DE FRANCE,VALENCE TGV AUVERGNE RHONE ALPES,18,0.0
MONTPELLIER SUD DE FRANCE,VALENCE TGV AUVERGNE RHONE ALPES,19,0.0
MONTPELLIER SUD DE FRANCE,VALENCE TGV AUVERGNE RHONE ALPES,20,0.0
MONTPELLIER SUD DE FRANCE,VALENCE TGV AUVERGNE RHONE ALPES,21,0.0
MONTPELLIER SUD DE FRANCE,VALENCE TGV AUVERGNE RHONE ALPES,22,0.0
MONTPELLIER SUD DE FRANCE,VALENCE TGV AUVERGNE RHONE ALPES,23,0.0
MONTPELLIER SUD DE FRANCE,VALENCE TGV AUVERGNE RHONE ALPES,24,0.0
MONTPELLIER SUD DE FRANCE,VALENCE TGV AUVERGNE RHONE ALPES,25,0.0
MONTPELLIER SUD DE FRANCE,VALENCE TGV AUVERGNE RHONE ALPES,26,0.0
MONTPELLIER SUD DE FRANCE,VALENCE TGV AUVERGNE RHONE ALPES,27,0.0
MONTPELLIER SUD DE FRANCE,VALENCE TGV AUVERGNE RHONE ALPES,28,0.0
MONTPELLIER SUD DE FRANCE,VALENCE TGV AUVERGNE RHONE ALPES,29,0.0
MONTPELLIER SUD DE FRANCE,VALENCE TGV AUVERGNE RHONE ALPES,30,0.0
MULHOUSE VILLE,COLMAR,0,0.5551546391752578
MULHOUSE VILLE,COLMAR,1,0.5910652920962199
MULHOUSE VILLE,COLMAR,2,0.6183848797250858
MULHOUSE VILLE,COLMAR,3,0.6512027491408935
MULHOUSE VILLE,COLMAR,4,0.2243150684931507
MULHOUSE VILLE,COLMAR,5,0.211340206185567
MULHOUSE VILLE,COLMAR,6,0.22086206896551724
MULHOUSE VILLE,COLMAR,7,0.22335640138408303
MULHOUSE VILLE,COLMAR,8,0.2138888888888889
MULHOUSE VILLE,COLMAR,9,0.23038194444444443
MULHOUSE VILLE,COLMAR,10,0.23658536585365855
MULHOUSE VILLE,COLMAR,11,0.24337979094076653
MULHOUSE VILLE,COLMAR,12,0.13304195804195804
MULHOUSE VILLE,COLMAR,13,0.13333333333333333
MULHOUSE VILLE,COLMAR,14,0.1382042253521127
MULHOUSE VILLE,COLMAR,15,0.1439929328621908
MULHOUSE VILLE,COLMAR,16,0.14609929078014186
MULHOUSE VILLE,COLMAR,17,0.1516014234875445
MULHOUSE VILLE,COLMAR,18,0.150711743772242
MULHOUSE VILLE,COLMAR,19,0.14357142857142857
MULHOUSE VILLE,COLMAR,20,0.14589285714285716
MULHOUSE VILLE,COLMAR,21,0.14410714285714285
MULHOUSE VILLE,COLMAR,22,0.14408602150537636
MULHOUSE VILLE,COLMAR,23,0.1482078853046595
MULHOUSE VILLE,COLMAR,24,0.15053763440860216
MULHOUSE VILLE,COLMAR,25,0.1530357142857143
MULHOUSE VILLE,COLMAR,26,0.14731182795698924
MULHOUSE VILLE,COLMAR,27,0.14838709677419354
MULHOUSE VILLE,COLMAR,28,0.1510752688172043
MULHOUSE VILLE,COLMAR,29,0.14442446043165466
MULHOUSE VILLE,COLMAR,30,0.026992753623188405
MULHOUSE VILLE,LUXEMBOURG,0,0.5840996168582375
MULHOUSE VILLE,LUXEMBOURG,1,0.6116858237547893
MULHOUSE VILLE,LUXEMBOURG,2,0.6272030651340996
MULHOUSE VILLE,LUXEMBOURG,3,0.6436538461538461
MULHOUSE VILLE,LUXEMBOURG,4,0.2680769230769231
MULHOUSE VILLE,LUXEMBOURG,5,0.25984555984555985
MULHOUSE VILLE,LUXEMBOURG,6,0.25813953488372093
MULHOUSE VILLE,LUXEMBOURG,7,0.27461240310077517
MULHOUSE VILLE,LUXEMBOURG,8,0.2714007782101167
MULHOUSE VILLE,LUXEMBOURG,9,0.2896484375
MULHOUSE VILLE,LUXEMBOURG,10,0.2996062992125984
MULHOUSE VILLE,LUXEMBOURG,11,0.29271653543307086
MULHOUSE VILLE,LUXEMBOURG,12,0.10905511811023622
MULHOUSE VILLE,LUXEMBOURG,13,0.10374015748031497
MULHOUSE VILLE,LUXEMBOURG,14,0.10592885375494071
MULHOUSE VILLE,LUXEMBOURG,15,0.10615079365079365
MULHOUSE VILLE,LUXEMBOURG,16,0.10317460317460317
MULHOUSE VILLE,LUXEMBOURG,17,0.10458167330677291
MULHOUSE VILLE,LUXEMBOURG,18,0.10478087649402391
MULHOUSE VILLE,LUXEMBOURG,19,0.1034
MULHOUSE VILLE,LUXEMBOURG,20,0.1026
MULHOUSE VILLE,LUXEMBOURG,21,0.0986
MULHOUSE VILLE,LUXEMBOURG,22,0.09437751004016064
MULHOUSE VILLE,LUXEMBOURG,23,0.092570281124498
MULHOUSE VILLE,LUXEMBOURG,24,0.09598393574297188
MULHOUSE VILLE,LUXEMBOURG,25,0.09620000000000001
MULHOUSE VILLE,LUXEMBOURG,26,0.0986
MULHOUSE VILLE,LUXEMBOURG,27,0.09397590361445783
MULHOUSE VILLE,LUXEMBOURG,28,0.0927710843373494
MULHOUSE VILLE,LUXEMBOURG,29,0.0875
MULHOUSE VILLE,LUXEMBOURG,30,0.014227642276422764
MULHOUSE VILLE,METZ VILLE,0,0.6393518518518518
MULHOUSE VILLE,METZ VILLE,1,0.6567901234567901
MULHOUSE VILLE,METZ VILLE,2,0.6540123456790123
MULHOUSE VILLE,METZ VILLE,3,0.6753086419753087
MULHOUSE VILLE,METZ VILLE,4,0.283641975308642
MULHOUSE VILLE,METZ VILLE,5,0.2787925696594427
MULHOUSE VILLE,METZ VILLE,6,0.2770186335403727
MULHOUSE VILLE,METZ VILLE,7,0.27710280373831775
MULHOUSE VILLE,METZ VILLE,8,0.27546875000000004
MULHOUSE VILLE,METZ VILLE,9,0.2846875
MULHOUSE VILLE,METZ VILLE,10,0.29669811320754713
MULHOUSE VILLE,METZ VILLE,11,0.2894654088050314
MULHOUSE VILLE,METZ VILLE,12,0.125
MULHOUSE VILLE,METZ VILLE,13,0.11198738170347003
MULHOUSE VILLE,METZ VILLE,14,0.11503164556962026
MULHOUSE VILLE,METZ VILLE,15,0.11777777777777779
MULHOUSE VILLE,METZ VILLE,16,0.11353503184713375
MULHOUSE VILLE,METZ VILLE,17,0.11257961783439491
MULHOUSE VILLE,METZ VILLE,18,0.10942492012779553
MULHOUSE VILLE,METZ VILLE,19,0.10096153846153846
MULHOUSE VILLE,METZ VILLE,20,0.09790996784565917
MULHOUSE VILLE,METZ VILLE,21,0.09306451612903226
MULHOUSE VILLE,METZ VILLE,22,0.0889967637540453
MULHOUSE VILLE,METZ VILLE,23,0.08932038834951457
MULHOUSE VILLE,METZ VILLE,24,0.09255663430420713
MULHOUSE VILLE,METZ VILLE,25,0.09090909090909091
MULHOUSE VILLE,METZ VILLE,26,0.09283387622149837
MULHOUSE VILLE,METZ VILLE,27,0.09199346405228757
MULHOUSE VILLE,METZ VILLE,28,0.09081967213114754
MULHOUSE VILLE,METZ VILLE,29,0.08700657894736842
MULHOUSE VILLE,METZ VILLE,30,0.017218543046357615
MULHOUSE VILLE,NANCY,0,0.34097744360902255
MULHOUSE VILLE,NANCY,1,0.3586466165413534
MULHOUSE VILLE,NANCY,2,0.3988721804511278
MULHOUSE VILLE,NANCY,3,0.4368421052631579
MULHOUSE VILLE,NANCY,4,0.1473684210526316
MULHOUSE VILLE,NANCY,5,0.14962121212121213
MULHOUSE VILLE,NANCY,6,0.16346153846153846
MULHOUSE VILLE,NANCY,7,0.16450381679389314
MULHOUSE VILLE,NANCY,8,0.15461538461538463
MULHOUSE VILLE,NANCY,9,0.14076923076923079
MULHOUSE VILLE,NANCY,10,0.13931297709923665
MULHOUSE VILLE,NANCY,11,0.14653846153846153
MULHOUSE VILLE,NANCY,12,0.1726923076923077
MULHOUSE VILLE,NANCY,13,0.18346153846153848
MULHOUSE VILLE,NANCY,14,0.18576923076923077
MULHOUSE VILLE,NANCY,15,0.19153846153846152
MULHOUSE VILLE,NANCY,16,0.19534883720930232
MULHOUSE VILLE,NANCY,17,0.20038461538461538
MULHOUSE VILLE,NANCY,18,0.20076923076923078
MULHOUSE VILLE,NANCY,19,0.20390625
MULHOUSE VILLE,NANCY,20,0.2125
MULHOUSE VILLE,NANCY,21,0.21589147286821705
MULHOUSE VILLE,NANCY,22,0.21666666666666667
MULHOUSE VILLE,NANCY,23,0.2236434108527132
MULHOUSE VILLE,NANCY,24,0.23203125
MULHOUSE VILLE,NANCY,25,0.2313953488372093
MULHOUSE VILLE,NANCY,26,0.234375
MULHOUSE VILLE,NANCY,27,0.2372093023255814
MULHOUSE VILLE,NANCY,28,0.24147286821705424
MULHOUSE VILLE,NANCY,29,0.22984496124031006
MULHOUSE VILLE,NANCY,30,0.040310077519379844
MULHOUSE VILLE,STRASBOURG,0,0.6804411764705882
MULHOUSE VILLE,STRASBOURG,1,0.7036764705882353
MULHOUSE VILLE,STRASBOURG,2,0.6988235294117647
MULHOUSE VILLE,STRASBOURG,3,0.7116176470588235
MULHOUSE VILLE,STRASBOURG,4,0.369208211143695
MULHOUSE VILLE,STRASBOURG,5,0.36147058823529415
MULHOUSE VILLE,STRASBOURG,6,0.3631268436578171
MULHOUSE VILLE,STRASBOURG,7,0.357396449704142
MULHOUSE VILLE,STRASBOURG,8,0.34480712166172106
MULHOUSE VILLE,STRASBOURG,9,0.3566765578635015
MULHOUSE VILLE,STRASBOURG,10,0.3625
MULHOUSE VILLE,STRASBOURG,11,0.3507440476190476
MULHOUSE VILLE,STRASBOURG,12,0.22880597014925375
MULHOUSE VILLE,STRASBOURG,13,0.2184131736526946
MULHOUSE VILLE,STRASBOURG,14,0.221021021021021
MULHOUSE VILLE,STRASBOURG,15,0.22515060240963855
MULHOUSE VILLE,STRASBOURG,16,0.22492447129909365
MULHOUSE VILLE,STRASBOURG,17,0.22507552870090636
MULHOUSE VILLE,STRASBOURG,18,0.22099697885196376
MULHOUSE VILLE,STRASBOURG,19,0.20969696969696972
MULHOUSE VILLE,STRASBOURG,20,0.2056231003039514
MULHOUSE VILLE,STRASBOURG,21,0.19984756097560974
MULHOUSE VILLE,STRASBOURG,22,0.19755351681957184
MULHOUSE VILLE,STRASBOURG,23,0.19815950920245398
MULHOUSE VILLE,STRASBOURG,24,0.19784615384615384
MULHOUSE VILLE,STRASBOURG,25,0.1924382716049383
MULHOUSE VILLE,STRASBOURG,26,0.19102167182662538
MULHOUSE VILLE,STRASBOURG,27,0.18524844720496894
MULHOUSE VILLE,STRASBOURG,28,0.18691588785046728
MULHOUSE VILLE,STRASBOURG,29,0.17671874999999998
MULHOUSE VILLE,STRASBOURG,30,0.03522012578616352
MULHOUSE VILLE,THIONVILLE,0,0.5821070234113713
MULHOUSE VILLE,THIONVILLE,1,0.6123745819397993
MULHOUSE VILLE,THIONVILLE,2,0.6212374581939799
MULHOUSE VILLE,THIONVILLE,3,0.636744966442953
MULHOUSE VILLE,THIONVILLE,4,0.2402684563758389
MULHOUSE VILLE,THIONVILLE,5,0.2276094276094276
MULHOUSE VILLE,THIONVILLE,6,0.22837837837837835
MULHOUSE VILLE,THIONVILLE,7,0.2375
MULHOUSE VILLE,THIONVILLE,8,0.23711864406779662
MULHOUSE VILLE,THIONVILLE,9,0.2518707482993197
MULHOUSE VILLE,THIONVILLE,10,0.2616438356164384
MULHOUSE VILLE,THIONVILLE,11,0.2590753424657534
MULHOUSE VILLE,THIONVILLE,12,0.0988013698630137
MULHOUSE VILLE,THIONVILLE,13,0.09075342465753425
MULHOUSE VILLE,THIONVILLE,14,0.09226804123711341
MULHOUSE VILLE,THIONVILLE,15,0.09310344827586207
MULHOUSE VILLE,THIONVILLE,16,0.0896551724137931
MULHOUSE VILLE,THIONVILLE,17,0.08892733564013841
MULHOUSE VILLE,THIONVILLE,18,0.09048442906574394
MULHOUSE VILLE,THIONVILLE,19,0.08854166666666667
MULHOUSE VILLE,THIONVILLE,20,0.08940972222222222
MULHOUSE VILLE,THIONVILLE,21,0.08663194444444444
MULHOUSE VILLE,THIONVILLE,22,0.08310104529616726
MULHOUSE VILLE,THIONVILLE,23,0.07996515679442509
MULHOUSE VILLE,THIONVILLE,24,0.08205574912891986
MULHOUSE VILLE,THIONVILLE,25,0.08281250000000001
MULHOUSE VILLE,THIONVILLE,26,0.08402777777777777
MULHOUSE VILLE,THIONVILLE,27,0.08101045296167247
MULHOUSE VILLE,THIONVILLE,28,0.0808362369337979
MULHOUSE VILLE,THIONVILLE,29,0.07657342657342657
MULHOUSE VILLE,THIONVILLE,30,0.01267605633802817
NARBONNE,BELFORT MONTBELIARD TGV,0,0.4166666666666667
NARBONNE,BELFORT MONTBELIARD TGV,1,0.3666666666666667
NARBONNE,BELFORT MONTBELIARD TGV,2,0.10000000000000002
NARBONNE,BELFORT MONTBELIARD TGV,3,0.3666666666666667
NARBONNE,BELFORT MONTBELIARD TGV,4,0.0
NARBONNE,BELFORT MONTBELIARD TGV,5,0.0
NARBONNE,BELFORT MONTBELIARD TGV,6,0.0
NARBONNE,BELFORT MONTBELIARD TGV,7,0.0
NARBONNE,BELFORT MONTBELIARD TGV,8,0.0
NARBONNE,BELFORT MONTBELIARD TGV,9,0.0
NARBONNE,BELFORT MONTBELIARD TGV,10,0.0
NARBONNE,BELFORT MONTBELIARD TGV,11,0.0
NARBONNE,BELFORT MONTBELIARD TGV,12,0.0
NARBONNE,BELFORT MONTBELIARD TGV,13,0.0
NARBONNE,BELFORT MONTBELIARD TGV,14,0.0
NARBONNE,BELFORT MONTBELIARD TGV,15,0.0
NARBONNE,BELFORT MONTBELIARD TGV,16,0.016666666666666666
NARBONNE,BELFORT MONTBELIARD TGV,17,0.016666666666666666
NARBONNE,BELFORT MONTBELIARD TGV,18,0.016666666666666666
NARBONNE,BELFORT MONTBELIARD TGV,19,0.016666666666666666
NARBONNE,BELFORT MONTBELIARD TGV,20,0.0
NARBONNE,BELFORT MONTBELIARD TGV,21,0.0
NARBONNE,BELFORT MONTBELIARD TGV,22,0.0
NARBONNE,BELFORT MONTBELIARD TGV,23,0.0
NARBONNE,BELFORT MONTBELIARD TGV,24,0.0
NARBONNE,BELFORT MONTBELIARD TGV,25,0.0
NARBONNE,BELFORT MONTBELIARD TGV,26,0.0
NARBONNE,BELFORT MONTBELIARD TGV,27,0.0
NARBONNE,BELFORT MONTBELIARD TGV,28,0.0
NARBONNE,BELFORT MONTBELIARD TGV,29,0.0
NARBONNE,BELFORT MONTBELIARD TGV,30,0.0
NARBONNE,BESANCON FRANCHE COMTE TGV,0,0.39999999999999997
NARBONNE,BESANCON FRANCHE COMTE TGV,1,0.31666666666666665
NARBONNE,BESANCON FRANCHE COMTE TGV,2,0.11666666666666665
NARBONNE,BESANCON FRANCHE COMTE TGV,3,0.2833333333333334
NARBONNE,BESANCON FRANCHE COMTE TGV,4,0.0
NARBONNE,BESANCON FRANCHE COMTE TGV,5,0.0
NARBONNE,BESANCON FRANCHE COMTE TGV,6,0.0
NARBONNE,BESANCON FRANCHE COMTE TGV,7,0.0
NARBONNE,BESANCON FRANCHE COMTE TGV,8,0.0
NARBONNE,BESANCON FRANCHE COMTE TGV,9,0.0
NARBONNE,BESANCON FRANCHE COMTE TGV,10,0.0
NARBONNE,BESANCON FRANCHE COMTE TGV,11,0.0
NARBONNE,BESANCON FRANCHE COMTE TGV,12,0.0
NARBONNE,BESANCON FRANCHE COMTE TGV,13,0.0
NARBONNE,BESANCON FRANCHE COMTE TGV,14,0.0
NARBONNE,BESANCON FRANCHE COMTE TGV,15,0.0
NARBONNE,BESANCON FRANCHE COMTE TGV,16,0.0
NARBONNE,BESANCON FRANCHE COMTE TGV,17,0.0
NARBONNE,BESANCON FRANCHE COMTE TGV,18,0.0
NARBONNE,BESANCON FRANCHE COMTE TGV,19,0.0
NARBONNE,BESANCON FRANCHE COMTE TGV,20,0.0
NARBONNE,BESANCON FRANCHE COMTE TGV,21,0.0
NARBONNE,BESANCON FRANCHE COMTE TGV,22,0.0
NARBONNE,BESANCON FRANCHE COMTE TGV,23,0.0
NARBONNE,BESANCON FRANCHE COMTE TGV,24,0.0
NARBONNE,BESANCON FRANCHE COMTE TGV,25,0.0
NARBONNE,BESANCON FRANCHE COMTE TGV,26,0.0
NARBONNE,BESANCON FRANCHE COMTE TGV,27,0.0
NARBONNE,BESANCON FRANCHE COMTE TGV,28,0.0
NARBONNE,BESANCON FRANCHE COMTE TGV,29,0.0
NARBONNE,BESANCON FRANCHE COMTE TGV,30,0.0
NARBONNE,BEZIERS,0,0.5833333333333334
NARBONNE,BEZIERS,1,0.39999999999999997
NARBONNE,BEZIERS,2,0.08333333333333333
NARBONNE,BEZIERS,3,0.31666666666666665
NARBONNE,BEZIERS,4,0.0
NARBONNE,BEZIERS,5,0.0
NARBONNE,BEZIERS,6,0.0
NARBONNE,BEZIERS,7,0.0
NARBONNE,BEZIERS,8,0.0
NARBONNE,BEZIERS,9,0.0
NARBONNE,BEZIERS,10,0.0
NARBONNE,BEZIERS,11,0.0
NARBONNE,BEZIERS,12,0.0
NARBONNE,BEZIERS,13,0.0
NARBONNE,BEZIERS,14,0.0
NARBONNE,BEZIERS,15,0.0
NARBONNE,BEZIERS,16,0.0
NARBONNE,BEZIERS,17,0.0
NARBONNE,BEZIERS,18,0.0
NARBONNE,BEZIERS,19,0.0
NARBONNE,BEZIERS,20,0.0
NARBONNE,BEZIERS,21,0.0
NARBONNE,BEZIERS,22,0.0
NARBONNE,BEZIERS,23,0.0
NARBONNE,BEZIERS,24,0.0
NARBONNE,BEZIERS,25,0.0
NARBONNE,BEZIERS,26,0.0
NARBONNE,BEZIERS,27,0.0
NARBONNE,BEZIERS,28,0.0
NARBONNE,BEZIERS,29,0.0
NARBONNE,BEZIERS,30,0.0
NARBONNE,CHALON SUR SAONE,0,0.36666666666666664
NARBONNE,CHALON SUR SAONE,1,0.31666666666666665
NARBONNE,CHALON SUR SAONE,2,0.049999999999999996
NARBONNE,CHALON SUR SAONE,3,0.3
NARBONNE,CHALON SUR SAONE,4,0.0
NARBONNE,CHALON SUR SAONE,5,0.0
NARBONNE,CHALON SUR SAONE,6,0.0
NARBONNE,CHALON SUR SAONE,7,0.0
NARBONNE,CHALON SUR SAONE,8,0.0
NARBONNE,CHALON SUR SAONE,9,0.0
NARBONNE,CHALON SUR SAONE,10,0.0
NARBONNE,CHALON SUR SAONE,11,0.0
NARBONNE,CHALON SUR SAONE,12,0.0
NARBONNE,CHALON SUR SAONE,13,0.0
NARBONNE,CHALON SUR SAONE,14,0.0
NARBONNE,CHALON SUR SAONE,15,0.0
NARBONNE,CHALON SUR SAONE,16,0.0
NARBONNE,CHALON SUR SAONE,17,0.0
NARBONNE,CHALON SUR SAONE,18,0.0
NARBONNE,CHALON SUR SAONE,19,0.0
NARBONNE,CHALON SUR SAONE,20,0.0
NARBONNE,CHALON SUR SAONE,21,0.0
NARBONNE,CHALON SUR SAONE,22,0.0
NARBONNE,CHALON SUR SAONE,23,0.0
NARBONNE,CHALON SUR SAONE,24,0.0
NARBONNE,CHALON SUR SAONE,25,0.0
NARBONNE,CHALON SUR SAONE,26,0.0
NARBONNE,CHALON SUR SAONE,27,0.0
NARBONNE,CHALON SUR SAONE,28,0.0
NARBONNE,CHALON SUR SAONE,29,0.0
NARBONNE,CHALON SUR SAONE,30,0.0
NARBONNE,COLMAR,0,0.39999999999999997
NARBONNE,COLMAR,1,0.35000000000000003
NARBONNE,COLMAR,2,0.13333333333333333
NARBONNE,COLMAR,3,0.31666666666666665
NARBONNE,COLMAR,4,0.0
NARBONNE,COLMAR,5,0.0
NARBONNE,COLMAR,6,0.0
NARBONNE,COLMAR,7,0.0
NARBONNE,COLMAR,8,0.0
NARBONNE,COLMAR,9,0.0
NARBONNE,COLMAR,10,0.016666666666666666
NARBONNE,COLMAR,11,0.016666666666666666
NARBONNE,COLMAR,12,0.0
NARBONNE,COLMAR,13,0.0
NARBONNE,COLMAR,14,0.0
NARBONNE,COLMAR,15,0.0
NARBONNE,COLMAR,16,0.0
NARBONNE,COLMAR,17,0.0
NARBONNE,COLMAR,18,0.0
NARBONNE,COLMAR,19,0.0
NARBONNE,COLMAR,20,0.0
NARBONNE,COLMAR,21,0.0
NARBONNE,COLMAR,22,0.0
NARBONNE,COLMAR,23,0.0
NARBONNE,COLMAR,24,0.0
NARBONNE,COLMAR,25,0.0
NARBONNE,COLMAR,26,0.0
NARBONNE,COLMAR,27,0.0
NARBONNE,COLMAR,28,0.0
NARBONNE,COLMAR,29,0.0
NARBONNE,COLMAR,30,0.0
NARBONNE,DIJON VILLE,0,0.36666666666666664
NARBONNE,DIJON VILLE,1,0.3333333333333333
NARBONNE,DIJON VILLE,2,0.16666666666666666
NARBONNE,DIJON VILLE,3,0.21666666666666667
NARBONNE,DIJON VILLE,4,0.0
NARBONNE,DIJON VILLE,5,0.0
NARBONNE,DIJON VILLE,6,0.0
NARBONNE,DIJON VILLE,7,0.0
NARBONNE,DIJON VILLE,8,0.0
NARBONNE,DIJON VILLE,9,0.0
NARBONNE,DIJON VILLE,10,0.0
NARBONNE,DIJON VILLE,11,0.0
NARBONNE,DIJON VILLE,12,0.0
NARBONNE,DIJON VILLE,13,0.0
NARBONNE,DIJON VILLE,14,0.0
NARBONNE,DIJON VILLE,15,0.0
NARBONNE,DIJON VILLE,16,0.0
NARBONNE,DIJON VILLE,17,0.0
NARBONNE,DIJON VILLE,18,0.0
NARBONNE,DIJON VILLE,19,0.0
NARBONNE,DIJON VILLE,20,0.0
NARBONNE,DIJON VILLE,21,0.0
NARBONNE,DIJON VILLE,22,0.0
NARBONNE,DIJON VILLE,23,0.0
NARBONNE,DIJON VILLE,24,0.0
NARBONNE,DIJON VILLE,25,0.0
NARBONNE,DIJON VILLE,26,0.0
NARBONNE,DIJON VILLE,27,0.0
NARBONNE,DIJON VILLE,28,0.0
NARBONNE,DIJON VILLE,29,0.0
NARBONNE,DIJON VILLE,30,0.0
NARBONNE,LYON (intramuros),0,0.3833333333333333
NARBONNE,LYON (intramuros),1,0.3333333333333333
NARBONNE,LYON (intramuros),2,0.11666666666666665
NARBONNE,LYON (intramuros),3,0.31666666666666665
NARBONNE,LYON (intramuros),4,0.0
NARBONNE,LYON (intramuros),5,0.0
NARBONNE,LYON (intramuros),6,0.0
NARBONNE,LYON (intramuros),7,0.0
NARBONNE,LYON (intramuros),8,0.0
NARBONNE,LYON (intramuros),9,0.0
NARBONNE,LYON (intramuros),10,0.0
NARBONNE,LYON (intramuros),11,0.0
NARBONNE,LYON (intramuros),12,0.0
NARBONNE,LYON (intramuros),13,0.0
NARBONNE,LYON (intramuros),14,0.0
NARBONNE,LYON (intramuros),15,0.0
NARBONNE,LYON (intramuros),16,0.0
NARBONNE,LYON (intramuros),17,0.0
NARBONNE,LYON (intramuros),18,0.0
NARBONNE,LYON (intramuros),19,0.0
NARBONNE,LYON (intramuros),20,0.0
NARBONNE,LYON (intramuros),21,0.0
NARBONNE,LYON (intramuros),22,0.0
NARBONNE,LYON (intramuros),23,0.0
NARBONNE,LYON (intramuros),24,0.0
NARBONNE,LYON (intramuros),25,0.0
NARBONNE,LYON (intramuros),26,0.0
NARBONNE,LYON (intramuros),27,0.0
NARBONNE,LYON (intramuros),28,0.0
NARBONNE,LYON (intramuros),29,0.0
NARBONNE,LYON (intramuros),30,0.0
NARBONNE,MONTPELLIER SAINT ROCH,0,0.5499999999999999
NARBONNE,MONTPELLIER SAINT ROCH,1,0.35000000000000003
NARBONNE,MONTPELLIER SAINT ROCH,2,0.08333333333333333
NARBONNE,MONTPELLIER SAINT ROCH,3,0.26666666666666666
NARBONNE,MONTPELLIER SAINT ROCH,4,0.0
NARBONNE,MONTPELLIER SAINT ROCH,5,0.0
NARBONNE,MONTPELLIER SAINT ROCH,6,0.0
NARBONNE,MONTPELLIER SAINT ROCH,7,0.0
NARBONNE,MONTPELLIER SAINT ROCH,8,0.0
NARBONNE,MONTPELLIER SAINT ROCH,9,0.0
NARBONNE,MONTPELLIER SAINT ROCH,10,0.0
NARBONNE,MONTPELLIER SAINT ROCH,11,0.0
NARBONNE,MONTPELLIER SAINT ROCH,12,0.0
NARBONNE,MONTPELLIER SAINT ROCH,13,0.0
NARBONNE,MONTPELLIER SAINT ROCH,14,0.0
NARBONNE,MONTPELLIER SAINT ROCH,15,0.0
NARBONNE,MONTPELLIER SAINT ROCH,16,0.0
NARBONNE,MONTPELLIER SAINT ROCH,17,0.0
NARBONNE,MONTPELLIER SAINT ROCH,18,0.0
NARBONNE,MONTPELLIER SAINT ROCH,19,0.0
NARBONNE,MONTPELLIER SAINT ROCH,20,0.0
NARBONNE,MONTPELLIER SAINT ROCH,21,0.0
NARBONNE,MONTPELLIER SAINT ROCH,22,0.0
NARBONNE,MONTPELLIER SAINT ROCH,23,0.0
NARBONNE,MONTPELLIER SAINT ROCH,24,0.0
NARBONNE,MONTPELLIER SAINT ROCH,25,0.0
NARBONNE,MONTPELLIER SAINT ROCH,26,0.0
NARBONNE,MONTPELLIER SAINT ROCH,27,0.0
NARBONNE,MONTPELLIER SAINT ROCH,28,0.0
NARBONNE,MONTPELLIER SAINT ROCH,29,0.0
NARBONNE,MONTPELLIER SAINT ROCH,30,0.0
NARBONNE,MULHOUSE VILLE,0,0.3333333333333333
NARBONNE,MULHOUSE VILLE,1,0.3666666666666667
NARBONNE,MULHOUSE VILLE,2,0.16666666666666666
NARBONNE,MULHOUSE VILLE,3,0.35000000000000003
NARBONNE,MULHOUSE VILLE,4,0.0
NARBONNE,MULHOUSE VILLE,5,0.0
NARBONNE,MULHOUSE VILLE,6,0.0
NARBONNE,MULHOUSE VILLE,7,0.0
NARBONNE,MULHOUSE VILLE,8,0.0
NARBONNE,MULHOUSE VILLE,9,0.03333333333333333
NARBONNE,MULHOUSE VILLE,10,0.016666666666666666
NARBONNE,MULHOUSE VILLE,11,0.0
NARBONNE,MULHOUSE VILLE,12,0.0
NARBONNE,MULHOUSE VILLE,13,0.0
NARBONNE,MULHOUSE VILLE,14,0.0
NARBONNE,MULHOUSE VILLE,15,0.0
NARBONNE,MULHOUSE VILLE,16,0.0
NARBONNE,MULHOUSE VILLE,17,0.0
NARBONNE,MULHOUSE VILLE,18,0.0
NARBONNE,MULHOUSE VILLE,19,0.0
NARBONNE,MULHOUSE VILLE,20,0.0
NARBONNE,MULHOUSE VILLE,21,0.0
NARBONNE,MULHOUSE VILLE,22,0.0
NARBONNE,MULHOUSE VILLE,23,0.0
NARBONNE,MULHOUSE VILLE,24,0.0
NARBONNE,MULHOUSE VILLE,25,0.0
NARBONNE,MULHOUSE VILLE,26,0.0
NARBONNE,MULHOUSE VILLE,27,0.0
NARBONNE,MULHOUSE VILLE,28,0.0
NARBONNE,MULHOUSE VILLE,29,0.0
NARBONNE,MULHOUSE VILLE,30,0.0
NARBONNE,NIMES CENTRE,0,0.6
NARBONNE,NIMES CENTRE,1,0.3166666666666667
NARBONNE,NIMES CENTRE,2,0.06666666666666667
NARBONNE,NIMES CENTRE,3,0.2333333333333333
NARBONNE,NIMES CENTRE,4,0.0
NARBONNE,NIMES CENTRE,5,0.0
NARBONNE,NIMES CENTRE,6,0.0
NARBONNE,NIMES CENTRE,7,0.0
NARBONNE,NIMES CENTRE,8,0.0
NARBONNE,NIMES CENTRE,9,0.0
NARBONNE,NIMES CENTRE,10,0.0
NARBONNE,NIMES CENTRE,11,0.0
NARBONNE,NIMES CENTRE,12,0.0
NARBONNE,NIMES CENTRE,13,0.0
NARBONNE,NIMES CENTRE,14,0.0
NARBONNE,NIMES CENTRE,15,0.0
NARBONNE,NIMES CENTRE,16,0.0
NARBONNE,NIMES CENTRE,17,0.0
NARBONNE,NIMES CENTRE,18,0.0
NARBONNE,NIMES CENTRE,19,0.0
NARBONNE,NIMES CENTRE,20,0.0
NARBONNE,NIMES CENTRE,21,0.0
NARBONNE,NIMES CENTRE,22,0.0
NARBONNE,NIMES CENTRE,23,0.0
NARBONNE,NIMES CENTRE,24,0.0
NARBONNE,NIMES CENTRE,25,0.0
NARBONNE,NIMES CENTRE,26,0.0
NARBONNE,NIMES CENTRE,27,0.0
NARBONNE,NIMES CENTRE,28,0.0
NARBONNE,NIMES CENTRE,29,0.0
NARBONNE,NIMES CENTRE,30,0.0
NARBONNE,SETE,0,0.65
NARBONNE,SETE,1,0.3833333333333333
NARBONNE,SETE,2,0.049999999999999996
NARBONNE,SETE,3,0.2833333333333333
NARBONNE,SETE,4,0.0
NARBONNE,SETE,5,0.0
NARBONNE,SETE,6,0.0
NARBONNE,SETE,7,0.0
NARBONNE,SETE,8,0.0
NARBONNE,SETE,9,0.0
NARBONNE,SETE,10,0.0
NARBONNE,SETE,11,0.0
NARBONNE,SETE,12,0.0
NARBONNE,SETE,13,0.0
NARBONNE,SETE,14,0.0
NARBONNE,SETE,15,0.0
NARBONNE,SETE,16,0.0
NARBONNE,SETE,17,0.0
NARBONNE,SETE,18,0.0
NARBONNE,SETE,19,0.0
NARBONNE,SETE,20,0.0
NARBONNE,SETE,21,0.0
NARBONNE,SETE,22,0.0
NARBONNE,SETE,23,0.0
NARBONNE,SETE,24,0.0
NARBONNE,SETE,25,0.0
NARBONNE,SETE,26,0.0
NARBONNE,SETE,27,0.0
NARBONNE,SETE,28,0.0
NARBONNE,SETE,29,0.0
NARBONNE,SETE,30,0.0
NARBONNE,STRASBOURG,0,0.35000000000000003
NARBONNE,STRASBOURG,1,0.3666666666666667
NARBONNE,STRASBOURG,2,0.19999999999999998
NARBONNE,STRASBOURG,3,0.3
NARBONNE,STRASBOURG,4,0.016666666666666666
NARBONNE,STRASBOURG,5,0.0
NARBONNE,STRASBOURG,6,0.0
NARBONNE,STRASBOURG,7,0.016666666666666666
NARBONNE,STRASBOURG,8,0.0
NARBONNE,STRASBOURG,9,0.0
NARBONNE,STRASBOURG,10,0.016666666666666666
NARBONNE,STRASBOURG,11,0.03333333333333333
NARBONNE,STRASBOURG,12,0.0
NARBONNE,STRASBOURG,13,0.0
NARBONNE,STRASBOURG,14,0.0
NARBONNE,STRASBOURG,15,0.0
NARBONNE,STRASBOURG,16,0.0
NARBONNE,STRASBOURG,17,0.0
NARBONNE,STRASBOURG,18,0.0
NARBONNE,STRASBOURG,19,0.0
NARBONNE,STRASBOURG,20,0.0
NARBONNE,STRASBOURG,21,0.0
NARBONNE,STRASBOURG,22,0.0
NARBONNE,STRASBOURG,23,0.0
NARBONNE,STRASBOURG,24,0.0
NARBONNE,STRASBOURG,25,0.0
NARBONNE,STRASBOURG,26,0.0
NARBONNE,STRASBOURG,27,0.0
NARBONNE,STRASBOURG,28,0.0
NARBONNE,STRASBOURG,29,0.0
NARBONNE,STRASBOURG,30,0.0
NICE VILLE,AIX EN PROVENCE TGV,0,0.24834710743801652
NICE VILLE,AIX EN PROVENCE TGV,1,0.2852459016393442
NICE VILLE,AIX EN PROVENCE TGV,2,0.3202479338842975
NICE VILLE,AIX EN PROVENCE TGV,3,0.369672131147541
NICE VILLE,AIX EN PROVENCE TGV,4,0.1737704918032787
NICE VILLE,AIX EN PROVENCE TGV,5,0.15826446280991735
NICE VILLE,AIX EN PROVENCE TGV,6,0.15330578512396695
NICE VILLE,AIX EN PROVENCE TGV,7,0.13553719008264462
NICE VILLE,AIX EN PROVENCE TGV,8,0.14132231404958678
NICE VILLE,AIX EN PROVENCE TGV,9,0.14338842975206612
NICE VILLE,AIX EN PROVENCE TGV,10,0.1430327868852459
NICE VILLE,AIX EN PROVENCE TGV,11,0.1359504132231405
NICE VILLE,AIX EN PROVENCE TGV,12,0.14793388429752066
NICE VILLE,AIX EN PROVENCE TGV,13,0.15327868852459015
NICE VILLE,AIX EN PROVENCE TGV,14,0.1557377049180328
NICE VILLE,AIX EN PROVENCE TGV,15,0.1557377049180328
NICE VILLE,AIX EN PROVENCE TGV,16,0.16446280991735537
NICE VILLE,AIX EN PROVENCE TGV,17,0.1684426229508197
NICE VILLE,AIX EN PROVENCE TGV,18,0.1651639344262295
NICE VILLE,AIX EN PROVENCE TGV,19,0.16570247933884297
NICE VILLE,AIX EN PROVENCE TGV,20,0.16115702479338842
NICE VILLE,AIX EN PROVENCE TGV,21,0.1651639344262295
NICE VILLE,AIX EN PROVENCE TGV,22,0.16147540983606556
NICE VILLE,AIX EN PROVENCE TGV,23,0.1709016393442623
NICE VILLE,AIX EN PROVENCE TGV,24,0.17991803278688523
NICE VILLE,AIX EN PROVENCE TGV,25,0.18360655737704917
NICE VILLE,AIX EN PROVENCE TGV,26,0.17603305785123968
NICE VILLE,AIX EN PROVENCE TGV,27,0.17827868852459017
NICE VILLE,AIX EN PROVENCE TGV,28,0.18565573770491803
NICE VILLE,AIX EN PROVENCE TGV,29,0.17704918032786887
NICE VILLE,AIX EN PROVENCE TGV,30,0.0243801652892562
NICE VILLE,ANTIBES,0,0.25201612903225806
NICE VILLE,ANTIBES,1,0.2908
NICE VILLE,ANTIBES,2,0.3278225806451613
NICE VILLE,ANTIBES,3,0.37160000000000004
NICE VILLE,ANTIBES,4,0.166
NICE VILLE,ANTIBES,5,0.15443548387096773
NICE VILLE,ANTIBES,6,0.14677419354838708
NICE VILLE,ANTIBES,7,0.13306451612903225
NICE VILLE,ANTIBES,8,0.13548387096774195
NICE VILLE,ANTIBES,9,0.13830645161290323
NICE VILLE,ANTIBES,10,0.136
NICE VILLE,ANTIBES,11,0.132258064516129
NICE VILLE,ANTIBES,12,0.14758064516129032
NICE VILLE,ANTIBES,13,0.1504
NICE VILLE,ANTIBES,14,0.15
NICE VILLE,ANTIBES,15,0.152
NICE VILLE,ANTIBES,16,0.15685483870967742
NICE VILLE,ANTIBES,17,0.1636
NICE VILLE,ANTIBES,18,0.16040000000000001
NICE VILLE,ANTIBES,19,0.15846774193548385
NICE VILLE,ANTIBES,20,0.15443548387096773
NICE VILLE,ANTIBES,21,0.1596
NICE VILLE,ANTIBES,22,0.1584
NICE VILLE,ANTIBES,23,0.16519999999999999
NICE VILLE,ANTIBES,24,0.1752
NICE VILLE,ANTIBES,25,0.18
NICE VILLE,ANTIBES,26,0.1717741935483871
NICE VILLE,ANTIBES,27,0.1756
NICE VILLE,ANTIBES,28,0.1804
NICE VILLE,ANTIBES,29,0.1732
NICE VILLE,ANTIBES,30,0.032661290322580645
NICE VILLE,AVIGNON TGV,0,0.25
NICE VILLE,AVIGNON TGV,1,0.2889344262295082
NICE VILLE,AVIGNON TGV,2,0.32520661157024794
NICE VILLE,AVIGNON TGV,3,0.3709016393442623
NICE VILLE,AVIGNON TGV,4,0.17418032786885246
NICE VILLE,AVIGNON TGV,5,0.1586776859504132
NICE VILLE,AVIGNON TGV,6,0.15289256198347106
NICE VILLE,AVIGNON TGV,7,0.13760330578512395
NICE VILLE,AVIGNON TGV,8,0.14008264462809916
NICE VILLE,AVIGNON TGV,9,0.14132231404958678
NICE VILLE,AVIGNON TGV,10,0.1430327868852459
NICE VILLE,AVIGNON TGV,11,0.13512396694214876
NICE VILLE,AVIGNON TGV,12,0.1524793388429752
NICE VILLE,AVIGNON TGV,13,0.1545081967213115
NICE VILLE,AVIGNON TGV,14,0.15491803278688523
NICE VILLE,AVIGNON TGV,15,0.155327868852459
NICE VILLE,AVIGNON TGV,16,0.16239669421487601
NICE VILLE,AVIGNON TGV,17,0.17049180327868854
NICE VILLE,AVIGNON TGV,18,0.1668032786885246
NICE VILLE,AVIGNON TGV,19,0.16570247933884297
NICE VILLE,AVIGNON TGV,20,0.1586776859504132
NICE VILLE,AVIGNON TGV,21,0.16434426229508198
NICE VILLE,AVIGNON TGV,22,0.16147540983606556
NICE VILLE,AVIGNON TGV,23,0.17131147540983604
NICE VILLE,AVIGNON TGV,24,0.1807377049180328
NICE VILLE,AVIGNON TGV,25,0.1848360655737705
NICE VILLE,AVIGNON TGV,26,0.17809917355371901
NICE VILLE,AVIGNON TGV,27,0.17991803278688523
NICE VILLE,AVIGNON TGV,28,0.18729508196721312
NICE VILLE,AVIGNON TGV,29,0.18237704918032788
NICE VILLE,AVIGNON TGV,30,0.028099173553719006
NICE VILLE,BEAUNE,0,0.22644628099173553
NICE VILLE,BEAUNE,1,0.26680327868852455
NICE VILLE,BEAUNE,2,0.315702479338843
NICE VILLE,BEAUNE,3,0.32459016393442625
NICE VILLE,BEAUNE,4,0.12704918032786885
NICE VILLE,BEAUNE,5,0.1243801652892562
NICE VILLE,BEAUNE,6,0.12024793388429753
NICE VILLE,BEAUNE,7,0.10867768595041323
NICE VILLE,BEAUNE,8,0.10082644628099173
NICE VILLE,BEAUNE,9,0.10082644628099173
NICE VILLE,BEAUNE,10,0.0987704918032787
NICE VILLE,BEAUNE,11,0.10165289256198348
NICE VILLE,BEAUNE,12,0.11735537190082644
NICE VILLE,BEAUNE,13,0.11557377049180327
NICE VILLE,BEAUNE,14,0.10778688524590165
NICE VILLE,BEAUNE,15,0.1069672131147541
NICE VILLE,BEAUNE,16,0.10743801652892562
NICE VILLE,BEAUNE,17,0.1069672131147541
NICE VILLE,BEAUNE,18,0.10655737704918032
NICE VILLE,BEAUNE,19,0.10743801652892562
NICE VILLE,BEAUNE,20,0.10702479338842974
NICE VILLE,BEAUNE,21,0.10573770491803279
NICE VILLE,BEAUNE,22,0.0987704918032787
NICE VILLE,BEAUNE,23,0.09918032786885246
NICE VILLE,BEAUNE,24,0.09918032786885246
NICE VILLE,BEAUNE,25,0.09918032786885246
NICE VILLE,BEAUNE,26,0.09999999999999999
NICE VILLE,BEAUNE,27,0.09918032786885246
NICE VILLE,BEAUNE,28,0.09918032786885246
NICE VILLE,BEAUNE,29,0.09754098360655739
NICE VILLE,BEAUNE,30,0.004132231404958678
NICE VILLE,BELFORT MONTBELIARD TGV,0,0.2709677419354839
NICE VILLE,BELFORT MONTBELIARD TGV,1,0.3216
NICE VILLE,BELFORT MONTBELIARD TGV,2,0.35161290322580646
NICE VILLE,BELFORT MONTBELIARD TGV,3,0.38880000000000003
NICE VILLE,BELFORT MONTBELIARD TGV,4,0.1092
NICE VILLE,BELFORT MONTBELIARD TGV,5,0.10201612903225807
NICE VILLE,BELFORT MONTBELIARD TGV,6,0.11411290322580646
NICE VILLE,BELFORT MONTBELIARD TGV,7,0.10685483870967742
NICE VILLE,BELFORT MONTBELIARD TGV,8,0.10524193548387098
NICE VILLE,BELFORT MONTBELIARD TGV,9,0.10524193548387098
NICE VILLE,BELFORT MONTBELIARD TGV,10,0.0984
NICE VILLE,BELFORT MONTBELIARD TGV,11,0.10725806451612904
NICE VILLE,BELFORT MONTBELIARD TGV,12,0.11330645161290323
NICE VILLE,BELFORT MONTBELIARD TGV,13,0.1128
NICE VILLE,BELFORT MONTBELIARD TGV,14,0.106
NICE VILLE,BELFORT MONTBELIARD TGV,15,0.1044
NICE VILLE,BELFORT MONTBELIARD TGV,16,0.10483870967741936
NICE VILLE,BELFORT MONTBELIARD TGV,17,0.1044
NICE VILLE,BELFORT MONTBELIARD TGV,18,0.1044
NICE VILLE,BELFORT MONTBELIARD TGV,19,0.10483870967741936
NICE VILLE,BELFORT MONTBELIARD TGV,20,0.10564516129032257
NICE VILLE,BELFORT MONTBELIARD TGV,21,0.104
NICE VILLE,BELFORT MONTBELIARD TGV,22,0.09720000000000001
NICE VILLE,BELFORT MONTBELIARD TGV,23,0.09720000000000001
NICE VILLE,BELFORT MONTBELIARD TGV,24,0.0968
NICE VILLE,BELFORT MONTBELIARD TGV,25,0.0968
NICE VILLE,BELFORT MONTBELIARD TGV,26,0.09717741935483871
NICE VILLE,BELFORT MONTBELIARD TGV,27,0.0964
NICE VILLE,BELFORT MONTBELIARD TGV,28,0.09720000000000001
NICE VILLE,BELFORT MONTBELIARD TGV,29,0.0952
NICE VILLE,BELFORT MONTBELIARD TGV,30,0.008467741935483872
NICE VILLE,BESANCON FRANCHE COMTE TGV,0,0.24475806451612905
NICE VILLE,BESANCON FRANCHE COMTE TGV,1,0.2776
NICE VILLE,BESANCON FRANCHE COMTE TGV,2,0.31895161290322577
NICE VILLE,BESANCON FRANCHE COMTE TGV,3,0.3272
NICE VILLE,BESANCON FRANCHE COMTE TGV,4,0.12240000000000001
NICE VILLE,BESANCON FRANCHE COMTE TGV,5,0.12258064516129032
NICE VILLE,BESANCON FRANCHE COMTE TGV,6,0.12016129032258065
NICE VILLE,BESANCON FRANCHE COMTE TGV,7,0.10725806451612904
NICE VILLE,BESANCON FRANCHE COMTE TGV,8,0.10080645161290322
NICE VILLE,BESANCON FRANCHE COMTE TGV,9,0.09838709677419354
NICE VILLE,BESANCON FRANCHE COMTE TGV,10,0.098
NICE VILLE,BESANCON FRANCHE COMTE TGV,11,0.09919354838709678
NICE VILLE,BESANCON FRANCHE COMTE TGV,12,0.11330645161290323
NICE VILLE,BESANCON FRANCHE COMTE TGV,13,0.11159999999999999
NICE VILLE,BESANCON FRANCHE COMTE TGV,14,0.1052
NICE VILLE,BESANCON FRANCHE COMTE TGV,15,0.104
NICE VILLE,BESANCON FRANCHE COMTE TGV,16,0.10483870967741936
NICE VILLE,BESANCON FRANCHE COMTE TGV,17,0.104
NICE VILLE,BESANCON FRANCHE COMTE TGV,18,0.1044
NICE VILLE,BESANCON FRANCHE COMTE TGV,19,0.10524193548387098
NICE VILLE,BESANCON FRANCHE COMTE TGV,20,0.10564516129032257
NICE VILLE,BESANCON FRANCHE COMTE TGV,21,0.104
NICE VILLE,BESANCON FRANCHE COMTE TGV,22,0.0984
NICE VILLE,BESANCON FRANCHE COMTE TGV,23,0.0964
NICE VILLE,BESANCON FRANCHE COMTE TGV,24,0.0964
NICE VILLE,BESANCON FRANCHE COMTE TGV,25,0.096
NICE VILLE,BESANCON FRANCHE COMTE TGV,26,0.09637096774193547
NICE VILLE,BESANCON FRANCHE COMTE TGV,27,0.096
NICE VILLE,BESANCON FRANCHE COMTE TGV,28,0.09559999999999999
NICE VILLE,BESANCON FRANCHE COMTE TGV,29,0.0948
NICE VILLE,BESANCON FRANCHE COMTE TGV,30,0.008064516129032258
NICE VILLE,CANNES,0,0.2536290322580645
NICE VILLE,CANNES,1,0.292
NICE VILLE,CANNES,2,0.3245967741935484
NICE VILLE,CANNES,3,0.38
NICE VILLE,CANNES,4,0.1684
NICE VILLE,CANNES,5,0.1536290322580645
NICE VILLE,CANNES,6,0.1495967741935484
NICE VILLE,CANNES,7,0.13346774193548389
NICE VILLE,CANNES,8,0.13427419354838707
NICE VILLE,CANNES,9,0.13669354838709677
NICE VILLE,CANNES,10,0.1392
NICE VILLE,CANNES,11,0.13064516129032258
NICE VILLE,CANNES,12,0.14556451612903226
NICE VILLE,CANNES,13,0.14959999999999998
NICE VILLE,CANNES,14,0.152
NICE VILLE,CANNES,15,0.1504
NICE VILLE,CANNES,16,0.16008064516129034
NICE VILLE,CANNES,17,0.16440000000000002
NICE VILLE,CANNES,18,0.1608
NICE VILLE,CANNES,19,0.1616935483870968
NICE VILLE,CANNES,20,0.1560483870967742
NICE VILLE,CANNES,21,0.16
NICE VILLE,CANNES,22,0.15919999999999998
NICE VILLE,CANNES,23,0.166
NICE VILLE,CANNES,24,0.1756
NICE VILLE,CANNES,25,0.17959999999999998
NICE VILLE,CANNES,26,0.17298387096774193
NICE VILLE,CANNES,27,0.1736
NICE VILLE,CANNES,28,0.182
NICE VILLE,CANNES,29,0.1776
NICE VILLE,CANNES,30,0.025
NICE VILLE,COLMAR,0,0.2737903225806452
NICE VILLE,COLMAR,1,0.3192
NICE VILLE,COLMAR,2,0.3596774193548387
NICE VILLE,COLMAR,3,0.38160000000000005
NICE VILLE,COLMAR,4,0.11040000000000001
NICE VILLE,COLMAR,5,0.1
NICE VILLE,COLMAR,6,0.10967741935483871
NICE VILLE,COLMAR,7,0.10685483870967742
NICE VILLE,COLMAR,8,0.1064516129032258
NICE VILLE,COLMAR,9,0.10524193548387098
NICE VILLE,COLMAR,10,0.0988
NICE VILLE,COLMAR,11,0.1064516129032258
NICE VILLE,COLMAR,12,0.11249999999999999
NICE VILLE,COLMAR,13,0.112
NICE VILLE,COLMAR,14,0.10679999999999999
NICE VILLE,COLMAR,15,0.1044
NICE VILLE,COLMAR,16,0.10524193548387098
NICE VILLE,COLMAR,17,0.1036
NICE VILLE,COLMAR,18,0.104
NICE VILLE,COLMAR,19,0.10483870967741936
NICE VILLE,COLMAR,20,0.10564516129032257
NICE VILLE,COLMAR,21,0.104
NICE VILLE,COLMAR,22,0.0968
NICE VILLE,COLMAR,23,0.09720000000000001
NICE VILLE,COLMAR,24,0.0968
NICE VILLE,COLMAR,25,0.09720000000000001
NICE VILLE,COLMAR,26,0.09717741935483871
NICE VILLE,COLMAR,27,0.0984
NICE VILLE,COLMAR,28,0.0968
NICE VILLE,COLMAR,29,0.094
NICE VILLE,COLMAR,30,0.007258064516129033
NICE VILLE,DIJON VILLE,0,0.24516129032258063
NICE VILLE,DIJON VILLE,1,0.2724
NICE VILLE,DIJON VILLE,2,0.32620967741935486
NICE VILLE,DIJON VILLE,3,0.3296
NICE VILLE,DIJON VILLE,4,0.12359999999999999
NICE VILLE,DIJON VILLE,5,0.12217741935483871
NICE VILLE,DIJON VILLE,6,0.12096774193548387
NICE VILLE,DIJON VILLE,7,0.1092741935483871
NICE VILLE,DIJON VILLE,8,0.10161290322580645
NICE VILLE,DIJON VILLE,9,0.09919354838709678
NICE VILLE,DIJON VILLE,10,0.098
NICE VILLE,DIJON VILLE,11,0.09758064516129032
NICE VILLE,DIJON VILLE,12,0.11290322580645161
NICE VILLE,DIJON VILLE,13,0.1128
NICE VILLE,DIJON VILLE,14,0.106
NICE VILLE,DIJON VILLE,15,0.1044
NICE VILLE,DIJON VILLE,16,0.10564516129032257
NICE VILLE,DIJON VILLE,17,0.104
NICE VILLE,DIJON VILLE,18,0.1044
NICE VILLE,DIJON VILLE,19,0.10483870967741936
NICE VILLE,DIJON VILLE,20,0.10524193548387098
NICE VILLE,DIJON VILLE,21,0.10479999999999999
NICE VILLE,DIJON VILLE,22,0.09720000000000001
NICE VILLE,DIJON VILLE,23,0.0968
NICE VILLE,DIJON VILLE,24,0.0964
NICE VILLE,DIJON VILLE,25,0.0964
NICE VILLE,DIJON VILLE,26,0.0967741935483871
NICE VILLE,DIJON VILLE,27,0.0964
NICE VILLE,DIJON VILLE,28,0.0964
NICE VILLE,DIJON VILLE,29,0.0948
NICE VILLE,DIJON VILLE,30,0.009274193548387096
NICE VILLE,LES ARCS DRAGUIGNAN,0,0.2508064516129032
NICE VILLE,LES ARCS DRAGUIGNAN,1,0.2908
NICE VILLE,LES ARCS DRAGUIGNAN,2,0.3274193548387097
NICE VILLE,LES ARCS DRAGUIGNAN,3,0.386
NICE VILLE,LES ARCS DRAGUIGNAN,4,0.1664
NICE VILLE,LES ARCS DRAGUIGNAN,5,0.15120967741935484
NICE VILLE,LES ARCS DRAGUIGNAN,6,0.14798387096774196
NICE VILLE,LES ARCS DRAGUIGNAN,7,0.13427419354838707
NICE VILLE,LES ARCS DRAGUIGNAN,8,0.13911290322580644
NICE VILLE,LES ARCS DRAGUIGNAN,9,0.13951612903225807
NICE VILLE,LES ARCS DRAGUIGNAN,10,0.1392
NICE VILLE,LES ARCS DRAGUIGNAN,11,0.13185483870967743
NICE VILLE,LES ARCS DRAGUIGNAN,12,0.14556451612903226
NICE VILLE,LES ARCS DRAGUIGNAN,13,0.15280000000000002
NICE VILLE,LES ARCS DRAGUIGNAN,14,0.15480000000000002
NICE VILLE,LES ARCS DRAGUIGNAN,15,0.15159999999999998
NICE VILLE,LES ARCS DRAGUIGNAN,16,0.15967741935483873
NICE VILLE,LES ARCS DRAGUIGNAN,17,0.166
NICE VILLE,LES ARCS DRAGUIGNAN,18,0.1616
NICE VILLE,LES ARCS DRAGUIGNAN,19,0.15967741935483873
NICE VILLE,LES ARCS DRAGUIGNAN,20,0.15443548387096773
NICE VILLE,LES ARCS DRAGUIGNAN,21,0.1576
NICE VILLE,LES ARCS DRAGUIGNAN,22,0.1576
NICE VILLE,LES ARCS DRAGUIGNAN,23,0.1672
NICE VILLE,LES ARCS DRAGUIGNAN,24,0.1756
NICE VILLE,LES ARCS DRAGUIGNAN,25,0.17880000000000001
NICE VILLE,LES ARCS DRAGUIGNAN,26,0.17459677419354838
NICE VILLE,LES ARCS DRAGUIGNAN,27,0.176
NICE VILLE,LES ARCS DRAGUIGNAN,28,0.18080000000000002
NICE VILLE,LES ARCS DRAGUIGNAN,29,0.1768
NICE VILLE,LES ARCS DRAGUIGNAN,30,0.027016129032258064
NICE VILLE,LYON (intramuros),0,0.2709677419354839
NICE VILLE,LYON (intramuros),1,0.2836
NICE VILLE,LYON (intramuros),2,0.3084677419354839
NICE VILLE,LYON (intramuros),3,0.292
NICE VILLE,LYON (intramuros),4,0.124
NICE VILLE,LYON (intramuros),5,0.1338709677419355
NICE VILLE,LYON (intramuros),6,0.14475806451612902
NICE VILLE,LYON (intramuros),7,0.13346774193548389
NICE VILLE,LYON (intramuros),8,0.12903225806451613
NICE VILLE,LYON (intramuros),9,0.11733870967741936
NICE VILLE,LYON (intramuros),10,0.1276
NICE VILLE,LYON (intramuros),11,0.12903225806451613
NICE VILLE,LYON (intramuros),12,0.11935483870967742
NICE VILLE,LYON (intramuros),13,0.11359999999999999
NICE VILLE,LYON (intramuros),14,0.10640000000000001
NICE VILLE,LYON (intramuros),15,0.1044
NICE VILLE,LYON (intramuros),16,0.10564516129032257
NICE VILLE,LYON (intramuros),17,0.10479999999999999
NICE VILLE,LYON (intramuros),18,0.1044
NICE VILLE,LYON (intramuros),19,0.10524193548387098
NICE VILLE,LYON (intramuros),20,0.10564516129032257
NICE VILLE,LYON (intramuros),21,0.1036
NICE VILLE,LYON (intramuros),22,0.0968
NICE VILLE,LYON (intramuros),23,0.0968
NICE VILLE,LYON (intramuros),24,0.1036
NICE VILLE,LYON (intramuros),25,0.1024
NICE VILLE,LYON (intramuros),26,0.09959677419354838
NICE VILLE,LYON (intramuros),27,0.0968
NICE VILLE,LYON (intramuros),28,0.09559999999999999
NICE VILLE,LYON (intramuros),29,0.09440000000000001
NICE VILLE,LYON (intramuros),30,0.011693548387096775
NICE VILLE,MACON VILLE,0,0.23429752066115703
NICE VILLE,MACON VILLE,1,0.26967213114754096
NICE VILLE,MACON VILLE,2,0.3169421487603306
NICE VILLE,MACON VILLE,3,0.3168032786885246
NICE VILLE,MACON VILLE,4,0.125
NICE VILLE,MACON VILLE,5,0.12561983471074378
NICE VILLE,MACON VILLE,6,0.12148760330578512
NICE VILLE,MACON VILLE,7,0.10867768595041323
NICE VILLE,MACON VILLE,8,0.10454545454545455
NICE VILLE,MACON VILLE,9,0.09876033057851238
NICE VILLE,MACON VILLE,10,0.0971311475409836
NICE VILLE,MACON VILLE,11,0.09999999999999999
NICE VILLE,MACON VILLE,12,0.11446280991735537
NICE VILLE,MACON VILLE,13,0.1139344262295082
NICE VILLE,MACON VILLE,14,0.10778688524590165
NICE VILLE,MACON VILLE,15,0.10737704918032787
NICE VILLE,MACON VILLE,16,0.10743801652892562
NICE VILLE,MACON VILLE,17,0.10655737704918032
NICE VILLE,MACON VILLE,18,0.10655737704918032
NICE VILLE,MACON VILLE,19,0.10743801652892562
NICE VILLE,MACON VILLE,20,0.10743801652892562
NICE VILLE,MACON VILLE,21,0.10655737704918032
NICE VILLE,MACON VILLE,22,0.09836065573770492
NICE VILLE,MACON VILLE,23,0.09795081967213114
NICE VILLE,MACON VILLE,24,0.09836065573770492
NICE VILLE,MACON VILLE,25,0.0987704918032787
NICE VILLE,MACON VILLE,26,0.09917355371900827
NICE VILLE,MACON VILLE,27,0.0987704918032787
NICE VILLE,MACON VILLE,28,0.09836065573770492
NICE VILLE,MACON VILLE,29,0.0959016393442623
NICE VILLE,MACON VILLE,30,0.011570247933884297
NICE VILLE,MARSEILLE ST CHARLES,0,0.2516528925619835
NICE VILLE,MARSEILLE ST CHARLES,1,0.2987704918032787
NICE VILLE,MARSEILLE ST CHARLES,2,0.3396694214876033
NICE VILLE,MARSEILLE ST CHARLES,3,0.37418032786885247
NICE VILLE,MARSEILLE ST CHARLES,4,0.1680327868852459
NICE VILLE,MARSEILLE ST CHARLES,5,0.1578512396694215
NICE VILLE,MARSEILLE ST CHARLES,6,0.15123966942148762
NICE VILLE,MARSEILLE ST CHARLES,7,0.13677685950413224
NICE VILLE,MARSEILLE ST CHARLES,8,0.1396694214876033
NICE VILLE,MARSEILLE ST CHARLES,9,0.13884297520661157
NICE VILLE,MARSEILLE ST CHARLES,10,0.1418032786885246
NICE VILLE,MARSEILLE ST CHARLES,11,0.13719008264462812
NICE VILLE,MARSEILLE ST CHARLES,12,0.14793388429752066
NICE VILLE,MARSEILLE ST CHARLES,13,0.15245901639344264
NICE VILLE,MARSEILLE ST CHARLES,14,0.15491803278688523
NICE VILLE,MARSEILLE ST CHARLES,15,0.15368852459016394
NICE VILLE,MARSEILLE ST CHARLES,16,0.16239669421487601
NICE VILLE,MARSEILLE ST CHARLES,17,0.16967213114754098
NICE VILLE,MARSEILLE ST CHARLES,18,0.16352459016393442
NICE VILLE,MARSEILLE ST CHARLES,19,0.16322314049586778
NICE VILLE,MARSEILLE ST CHARLES,20,0.1590909090909091
NICE VILLE,MARSEILLE ST CHARLES,21,0.16188524590163936
NICE VILLE,MARSEILLE ST CHARLES,22,0.1627049180327869
NICE VILLE,MARSEILLE ST CHARLES,23,0.17049180327868854
NICE VILLE,MARSEILLE ST CHARLES,24,0.17827868852459017
NICE VILLE,MARSEILLE ST CHARLES,25,0.1831967213114754
NICE VILLE,MARSEILLE ST CHARLES,26,0.17603305785123968
NICE VILLE,MARSEILLE ST CHARLES,27,0.17909836065573773
NICE VILLE,MARSEILLE ST CHARLES,28,0.18565573770491803
NICE VILLE,MARSEILLE ST CHARLES,29,0.18237704918032788
NICE VILLE,MARSEILLE ST CHARLES,30,0.028925619834710745
NICE VILLE,MULHOUSE VILLE,0,0.2794354838709677
NICE VILLE,MULHOUSE VILLE,1,0.324
NICE VILLE,MULHOUSE VILLE,2,0.3536290322580645
NICE VILLE,MULHOUSE VILLE,3,0.394
NICE VILLE,MULHOUSE VILLE,4,0.11320000000000001
NICE VILLE,MULHOUSE VILLE,5,0.10685483870967742
NICE VILLE,MULHOUSE VILLE,6,0.11330645161290322
NICE VILLE,MULHOUSE VILLE,7,0.1092741935483871
NICE VILLE,MULHOUSE VILLE,8,0.10887096774193548
NICE VILLE,MULHOUSE VILLE,9,0.10564516129032257
NICE VILLE,MULHOUSE VILLE,10,0.1016
NICE VILLE,MULHOUSE VILLE,11,0.10887096774193548
NICE VILLE,MULHOUSE VILLE,12,0.11330645161290323
NICE VILLE,MULHOUSE VILLE,13,0.11159999999999999
NICE VILLE,MULHOUSE VILLE,14,0.10479999999999999
NICE VILLE,MULHOUSE VILLE,15,0.1044
NICE VILLE,MULHOUSE VILLE,16,0.10483870967741936
NICE VILLE,MULHOUSE VILLE,17,0.104
NICE VILLE,MULHOUSE VILLE,18,0.1044
NICE VILLE,MULHOUSE VILLE,19,0.10524193548387098
NICE VILLE,MULHOUSE VILLE,20,0.10524193548387098
NICE VILLE,MULHOUSE VILLE,21,0.104
NICE VILLE,MULHOUSE VILLE,22,0.09720000000000001
NICE VILLE,MULHOUSE VILLE,23,0.0964
NICE VILLE,MULHOUSE VILLE,24,0.09559999999999999
NICE VILLE,MULHOUSE VILLE,25,0.0964
NICE VILLE,MULHOUSE VILLE,26,0.0967741935483871
NICE VILLE,MULHOUSE VILLE,27,0.0968
NICE VILLE,MULHOUSE VILLE,28,0.09720000000000001
NICE VILLE,MULHOUSE VILLE,29,0.0948
NICE VILLE,MULHOUSE VILLE,30,0.00967741935483871
NICE VILLE,NANCY,0,0.26235955056179777
NICE VILLE,NANCY,1,0.29719101123595504
NICE VILLE,NANCY,2,0.3449438202247191
NICE VILLE,NANCY,3,0.3769662921348314
NICE VILLE,NANCY,4,0.10168539325842697
NICE VILLE,NANCY,5,0.11067415730337078
NICE VILLE,NANCY,6,0.11818181818181818
NICE VILLE,NANCY,7,0.12078651685393259
NICE VILLE,NANCY,8,0.11534090909090909
NICE VILLE,NANCY,9,0.08693181818181818
NICE VILLE,NANCY,10,0.08932584269662922
NICE VILLE,NANCY,11,0.1
NICE VILLE,NANCY,12,0.13068181818181818
NICE VILLE,NANCY,13,0.13651685393258428
NICE VILLE,NANCY,14,0.13820224719101123
NICE VILLE,NANCY,15,0.1353932584269663
NICE VILLE,NANCY,16,0.13693181818181818
NICE VILLE,NANCY,17,0.1348314606741573
NICE VILLE,NANCY,18,0.1348314606741573
NICE VILLE,NANCY,19,0.13693181818181818
NICE VILLE,NANCY,20,0.1380681818181818
NICE VILLE,NANCY,21,0.1353932584269663
NICE VILLE,NANCY,22,0.1348314606741573
NICE VILLE,NANCY,23,0.1353932584269663
NICE VILLE,NANCY,24,0.1348314606741573
NICE VILLE,NANCY,25,0.13707865168539324
NICE VILLE,NANCY,26,0.13749999999999998
NICE VILLE,NANCY,27,0.13651685393258428
NICE VILLE,NANCY,28,0.13707865168539324
NICE VILLE,NANCY,29,0.13426966292134832
NICE VILLE,NANCY,30,0.012359550561797755
NICE VILLE,ST RAPHAEL VALESCURE,0,0.25120967741935485
NICE VILLE,ST RAPHAEL VALESCURE,1,0.2848
NICE VILLE,ST RAPHAEL VALESCURE,2,0.32540322580645165
NICE VILLE,ST RAPHAEL VALESCURE,3,0.3792
NICE VILLE,ST RAPHAEL VALESCURE,4,0.1696
NICE VILLE,ST RAPHAEL VALESCURE,5,0.15403225806451615
NICE VILLE,ST RAPHAEL VALESCURE,6,0.1504032258064516
NICE VILLE,ST RAPHAEL VALESCURE,7,0.1338709677419355
NICE VILLE,ST RAPHAEL VALESCURE,8,0.13790322580645162
NICE VILLE,ST RAPHAEL VALESCURE,9,0.13830645161290323
NICE VILLE,ST RAPHAEL VALESCURE,10,0.1396
NICE VILLE,ST RAPHAEL VALESCURE,11,0.13306451612903225
NICE VILLE,ST RAPHAEL VALESCURE,12,0.1443548387096774
NICE VILLE,ST RAPHAEL VALESCURE,13,0.1484
NICE VILLE,ST RAPHAEL VALESCURE,14,0.1484
NICE VILLE,ST RAPHAEL VALESCURE,15,0.1524
NICE VILLE,ST RAPHAEL VALESCURE,16,0.1588709677419355
NICE VILLE,ST RAPHAEL VALESCURE,17,0.164
NICE VILLE,ST RAPHAEL VALESCURE,18,0.16240000000000002
NICE VILLE,ST RAPHAEL VALESCURE,19,0.16088709677419355
NICE VILLE,ST RAPHAEL VALESCURE,20,0.1564516129032258
NICE VILLE,ST RAPHAEL VALESCURE,21,0.1596
NICE VILLE,ST RAPHAEL VALESCURE,22,0.158
NICE VILLE,ST RAPHAEL VALESCURE,23,0.16519999999999999
NICE VILLE,ST RAPHAEL VALESCURE,24,0.1752
NICE VILLE,ST RAPHAEL VALESCURE,25,0.1804
NICE VILLE,ST RAPHAEL VALESCURE,26,0.17258064516129032
NICE VILLE,ST RAPHAEL VALESCURE,27,0.1744
NICE VILLE,ST RAPHAEL VALESCURE,28,0.1804
NICE VILLE,ST RAPHAEL VALESCURE,29,0.1768
NICE VILLE,ST RAPHAEL VALESCURE,30,0.03225806451612903
NICE VILLE,STRASBOURG,0,0.2786290322580645
NICE VILLE,STRASBOURG,1,0.316
NICE VILLE,STRASBOURG,2,0.3548387096774194
NICE VILLE,STRASBOURG,3,0.38839999999999997
NICE VILLE,STRASBOURG,4,0.11040000000000001
NICE VILLE,STRASBOURG,5,0.10403225806451613
NICE VILLE,STRASBOURG,6,0.1120967741935484
NICE VILLE,STRASBOURG,7,0.1060483870967742
NICE VILLE,STRASBOURG,8,0.1060483870967742
NICE VILLE,STRASBOURG,9,0.10403225806451613
NICE VILLE,STRASBOURG,10,0.102
NICE VILLE,STRASBOURG,11,0.1092741935483871
NICE VILLE,STRASBOURG,12,0.11411290322580646
NICE VILLE,STRASBOURG,13,0.112
NICE VILLE,STRASBOURG,14,0.10640000000000001
NICE VILLE,STRASBOURG,15,0.10479999999999999
NICE VILLE,STRASBOURG,16,0.10524193548387098
NICE VILLE,STRASBOURG,17,0.1052
NICE VILLE,STRASBOURG,18,0.104
NICE VILLE,STRASBOURG,19,0.1060483870967742
NICE VILLE,STRASBOURG,20,0.10483870967741936
NICE VILLE,STRASBOURG,21,0.1044
NICE VILLE,STRASBOURG,22,0.098
NICE VILLE,STRASBOURG,23,0.098
NICE VILLE,STRASBOURG,24,0.09720000000000001
NICE VILLE,STRASBOURG,25,0.0964
NICE VILLE,STRASBOURG,26,0.09798387096774194
NICE VILLE,STRASBOURG,27,0.098
NICE VILLE,STRASBOURG,28,0.098
NICE VILLE,STRASBOURG,29,0.0964
NICE VILLE,STRASBOURG,30,0.008467741935483872
NICE VILLE,TOULON,0,0.24637096774193548
NICE VILLE,TOULON,1,0.2872
NICE VILLE,TOULON,2,0.32056451612903225
NICE VILLE,TOULON,3,0.378
NICE VILLE,TOULON,4,0.1656
NICE VILLE,TOULON,5,0.1532258064516129
NICE VILLE,TOULON,6,0.15000000000000002
NICE VILLE,TOULON,7,0.13306451612903225
NICE VILLE,TOULON,8,0.13588709677419356
NICE VILLE,TOULON,9,0.13588709677419356
NICE VILLE,TOULON,10,0.1396
NICE VILLE,TOULON,11,0.13064516129032258
NICE VILLE,TOULON,12,0.1435483870967742
NICE VILLE,TOULON,13,0.14959999999999998
NICE VILLE,TOULON,14,0.15159999999999998
NICE VILLE,TOULON,15,0.152
NICE VILLE,TOULON,16,0.16088709677419355
NICE VILLE,TOULON,17,0.16440000000000002
NICE VILLE,TOULON,18,0.16040000000000001
NICE VILLE,TOULON,19,0.16008064516129034
NICE VILLE,TOULON,20,0.15443548387096773
NICE VILLE,TOULON,21,0.1584
NICE VILLE,TOULON,22,0.1584
NICE VILLE,TOULON,23,0.1664
NICE VILLE,TOULON,24,0.1748
NICE VILLE,TOULON,25,0.1776
NICE VILLE,TOULON,26,0.17258064516129032
NICE VILLE,TOULON,27,0.1736
NICE VILLE,TOULON,28,0.1804
NICE VILLE,TOULON,29,0.1744
NICE VILLE,TOULON,30,0.025403225806451612
NIMES CENTRE,BELFORT MONTBELIARD TGV,0,0.41793478260869565
NIMES CENTRE,BELFORT MONTBELIARD TGV,1,0.4514545454545455
NIMES CENTRE,BELFORT MONTBELIARD TGV,2,0.49290909090909096
NIMES CENTRE,BELFORT MONTBELIARD TGV,3,0.5121818181818182
NIMES CENTRE,BELFORT MONTBELIARD TGV,4,0.09818840579710146
NIMES CENTRE,BELFORT MONTBELIARD TGV,5,0.09583333333333333
NIMES CENTRE,BELFORT MONTBELIARD TGV,6,0.10416666666666667
NIMES CENTRE,BELFORT MONTBELIARD TGV,7,0.13763636363636364
NIMES CENTRE,BELFORT MONTBELIARD TGV,8,0.14817518248175182
NIMES CENTRE,BELFORT MONTBELIARD TGV,9,0.1604014598540146
NIMES CENTRE,BELFORT MONTBELIARD TGV,10,0.16996336996336997
NIMES CENTRE,BELFORT MONTBELIARD TGV,11,0.17673992673992675
NIMES CENTRE,BELFORT MONTBELIARD TGV,12,0.01875
NIMES CENTRE,BELFORT MONTBELIARD TGV,13,0.015625
NIMES CENTRE,BELFORT MONTBELIARD TGV,14,0.015313653136531366
NIMES CENTRE,BELFORT MONTBELIARD TGV,15,0.01740740740740741
NIMES CENTRE,BELFORT MONTBELIARD TGV,16,0.01747211895910781
NIMES CENTRE,BELFORT MONTBELIARD TGV,17,0.01044776119402985
NIMES CENTRE,BELFORT MONTBELIARD TGV,18,0.011007462686567165
NIMES CENTRE,BELFORT MONTBELIARD TGV,19,0.009176029962546815
NIMES CENTRE,BELFORT MONTBELIARD TGV,20,0.011797752808988763
NIMES CENTRE,BELFORT MONTBELIARD TGV,21,0.011423220973782771
NIMES CENTRE,BELFORT MONTBELIARD TGV,22,0.011278195488721804
NIMES CENTRE,BELFORT MONTBELIARD TGV,23,0.013533834586466165
NIMES CENTRE,BELFORT MONTBELIARD TGV,24,0.012218045112781954
NIMES CENTRE,BELFORT MONTBELIARD TGV,25,0.011797752808988763
NIMES CENTRE,BELFORT MONTBELIARD TGV,26,0.01198501872659176
NIMES CENTRE,BELFORT MONTBELIARD TGV,27,0.014661654135338346
NIMES CENTRE,BELFORT MONTBELIARD TGV,28,0.015225563909774436
NIMES CENTRE,BELFORT MONTBELIARD TGV,29,0.01471698113207547
NIMES CENTRE,BELFORT MONTBELIARD TGV,30,0.003231939163498099
NIMES CENTRE,BESANCON FRANCHE COMTE TGV,0,0.384963768115942
NIMES CENTRE,BESANCON FRANCHE COMTE TGV,1,0.4185454545454545
NIMES CENTRE,BESANCON FRANCHE COMTE TGV,2,0.4510909090909091
NIMES CENTRE,BESANCON FRANCHE COMTE TGV,3,0.4538181818181818
NIMES CENTRE,BESANCON FRANCHE COMTE TGV,4,0.08967391304347826
NIMES CENTRE,BESANCON FRANCHE COMTE TGV,5,0.08242753623188406
NIMES CENTRE,BESANCON FRANCHE COMTE TGV,6,0.10344202898550725
NIMES CENTRE,BESANCON FRANCHE COMTE TGV,7,0.12981818181818183
NIMES CENTRE,BESANCON FRANCHE COMTE TGV,8,0.13978102189781022
NIMES CENTRE,BESANCON FRANCHE COMTE TGV,9,0.14653284671532846
NIMES CENTRE,BESANCON FRANCHE COMTE TGV,10,0.15347985347985346
NIMES CENTRE,BESANCON FRANCHE COMTE TGV,11,0.1595238095238095
NIMES CENTRE,BESANCON FRANCHE COMTE TGV,12,0.013786764705882353
NIMES CENTRE,BESANCON FRANCHE COMTE TGV,13,0.010661764705882353
NIMES CENTRE,BESANCON FRANCHE COMTE TGV,14,0.00904059040590406
NIMES CENTRE,BESANCON FRANCHE COMTE TGV,15,0.011111111111111112
NIMES CENTRE,BESANCON FRANCHE COMTE TGV,16,0.013568773234200743
NIMES CENTRE,BESANCON FRANCHE COMTE TGV,17,0.008955223880597015
NIMES CENTRE,BESANCON FRANCHE COMTE TGV,18,0.007462686567164179
NIMES CENTRE,BESANCON FRANCHE COMTE TGV,19,0.005243445692883895
NIMES CENTRE,BESANCON FRANCHE COMTE TGV,20,0.007865168539325843
NIMES CENTRE,BESANCON FRANCHE COMTE TGV,21,0.00449438202247191
NIMES CENTRE,BESANCON FRANCHE COMTE TGV,22,0.003947368421052632
NIMES CENTRE,BESANCON FRANCHE COMTE TGV,23,0.004135338345864662
NIMES CENTRE,BESANCON FRANCHE COMTE TGV,24,0.0009398496240601503
NIMES CENTRE,BESANCON FRANCHE COMTE TGV,25,0.0009363295880149813
NIMES CENTRE,BESANCON FRANCHE COMTE TGV,26,0.0011235955056179776
NIMES CENTRE,BESANCON FRANCHE COMTE TGV,27,0.003947368421052632
NIMES CENTRE,BESANCON FRANCHE COMTE TGV,28,0.004887218045112782
NIMES CENTRE,BESANCON FRANCHE COMTE TGV,29,0.005283018867924528
NIMES CENTRE,BESANCON FRANCHE COMTE TGV,30,0.0013307984790874524
NIMES CENTRE,CHALON SUR SAONE,0,0.35000000000000003
NIMES CENTRE,CHALON SUR SAONE,1,0.3
NIMES CENTRE,CHALON SUR SAONE,2,0.13333333333333333
NIMES CENTRE,CHALON SUR SAONE,3,0.26666666666666666
NIMES CENTRE,CHALON SUR SAONE,4,0.0
NIMES CENTRE,CHALON SUR SAONE,5,0.0
NIMES CENTRE,CHALON SUR SAONE,6,0.0
NIMES CENTRE,CHALON SUR SAONE,7,0.0
NIMES CENTRE,CHALON SUR SAONE,8,0.0
NIMES CENTRE,CHALON SUR SAONE,9,0.016666666666666666
NIMES CENTRE,CHALON SUR SAONE,10,0.016666666666666666
NIMES CENTRE,CHALON SUR SAONE,11,0.016666666666666666
NIMES CENTRE,CHALON SUR SAONE,12,0.0
NIMES CENTRE,CHALON SUR SAONE,13,0.0
NIMES CENTRE,CHALON SUR SAONE,14,0.0
NIMES CENTRE,CHALON SUR SAONE,15,0.0
NIMES CENTRE,CHALON SUR SAONE,16,0.0
NIMES CENTRE,CHALON SUR SAONE,17,0.0
NIMES CENTRE,CHALON SUR SAONE,18,0.0
NIMES CENTRE,CHALON SUR SAONE,19,0.0
NIMES CENTRE,CHALON SUR SAONE,20,0.0
NIMES CENTRE,CHALON SUR SAONE,21,0.0
NIMES CENTRE,CHALON SUR SAONE,22,0.0
NIMES CENTRE,CHALON SUR SAONE,23,0.0
NIMES CENTRE,CHALON SUR SAONE,24,0.0
NIMES CENTRE,CHALON SUR SAONE,25,0.0
NIMES CENTRE,CHALON SUR SAONE,26,0.0
NIMES CENTRE,CHALON SUR SAONE,27,0.0
NIMES CENTRE,CHALON SUR SAONE,28,0.0
NIMES CENTRE,CHALON SUR SAONE,29,0.0
NIMES CENTRE,CHALON SUR SAONE,30,0.0
NIMES CENTRE,COLMAR,0,0.4177536231884058
NIMES CENTRE,COLMAR,1,0.4549090909090909
NIMES CENTRE,COLMAR,2,0.4869090909090909
NIMES CENTRE,COLMAR,3,0.5063636363636363
NIMES CENTRE,COLMAR,4,0.09818840579710146
NIMES CENTRE,COLMAR,5,0.09764492753623188
NIMES CENTRE,COLMAR,6,0.10416666666666667
NIMES CENTRE,COLMAR,7,0.14127272727272727
NIMES CENTRE,COLMAR,8,0.14416058394160583
NIMES CENTRE,COLMAR,9,0.16843065693430656
NIMES CENTRE,COLMAR,10,0.17014652014652015
NIMES CENTRE,COLMAR,11,0.17783882783882782
NIMES CENTRE,COLMAR,12,0.015073529411764704
NIMES CENTRE,COLMAR,13,0.014154411764705882
NIMES CENTRE,COLMAR,14,0.016051660516605164
NIMES CENTRE,COLMAR,15,0.0187037037037037
NIMES CENTRE,COLMAR,16,0.017286245353159854
NIMES CENTRE,COLMAR,17,0.008955223880597015
NIMES CENTRE,COLMAR,18,0.010820895522388059
NIMES CENTRE,COLMAR,19,0.009925093632958801
NIMES CENTRE,COLMAR,20,0.011610486891385769
NIMES CENTRE,COLMAR,21,0.011235955056179775
NIMES CENTRE,COLMAR,22,0.011090225563909775
NIMES CENTRE,COLMAR,23,0.014473684210526316
NIMES CENTRE,COLMAR,24,0.012406015037593985
NIMES CENTRE,COLMAR,25,0.01198501872659176
NIMES CENTRE,COLMAR,26,0.011610486891385769
NIMES CENTRE,COLMAR,27,0.014097744360902255
NIMES CENTRE,COLMAR,28,0.015225563909774436
NIMES CENTRE,COLMAR,29,0.01339622641509434
NIMES CENTRE,COLMAR,30,0.0038022813688212928
NIMES CENTRE,DIJON VILLE,0,0.40144927536231884
NIMES CENTRE,DIJON VILLE,1,0.4290909090909091
NIMES CENTRE,DIJON VILLE,2,0.45436363636363636
NIMES CENTRE,DIJON VILLE,3,0.45690909090909093
NIMES CENTRE,DIJON VILLE,4,0.08967391304347826
NIMES CENTRE,DIJON VILLE,5,0.08623188405797101
NIMES CENTRE,DIJON VILLE,6,0.1092391304347826
NIMES CENTRE,DIJON VILLE,7,0.13054545454545455
NIMES CENTRE,DIJON VILLE,8,0.13996350364963503
NIMES CENTRE,DIJON VILLE,9,0.1510948905109489
NIMES CENTRE,DIJON VILLE,10,0.15824175824175826
NIMES CENTRE,DIJON VILLE,11,0.1661172161172161
NIMES CENTRE,DIJON VILLE,12,0.01838235294117647
NIMES CENTRE,DIJON VILLE,13,0.016911764705882355
NIMES CENTRE,DIJON VILLE,14,0.016051660516605167
NIMES CENTRE,DIJON VILLE,15,0.017592592592592594
NIMES CENTRE,DIJON VILLE,16,0.01747211895910781
NIMES CENTRE,DIJON VILLE,17,0.01044776119402985
NIMES CENTRE,DIJON VILLE,18,0.010074626865671642
NIMES CENTRE,DIJON VILLE,19,0.009737827715355805
NIMES CENTRE,DIJON VILLE,20,0.011048689138576779
NIMES CENTRE,DIJON VILLE,21,0.011797752808988763
NIMES CENTRE,DIJON VILLE,22,0.011466165413533834
NIMES CENTRE,DIJON VILLE,23,0.013721804511278196
NIMES CENTRE,DIJON VILLE,24,0.011466165413533834
NIMES CENTRE,DIJON VILLE,25,0.011423220973782771
NIMES CENTRE,DIJON VILLE,26,0.011610486891385769
NIMES CENTRE,DIJON VILLE,27,0.015037593984962405
NIMES CENTRE,DIJON VILLE,28,0.015225563909774436
NIMES CENTRE,DIJON VILLE,29,0.013962264150943397
NIMES CENTRE,DIJON VILLE,30,0.004182509505703423
NIMES CENTRE,LUXEMBOURG,0,0.3088942307692308
NIMES CENTRE,LUXEMBOURG,1,0.3601449275362319
NIMES CENTRE,LUXEMBOURG,2,0.39299516908212556
NIMES CENTRE,LUXEMBOURG,3,0.43671497584541064
NIMES CENTRE,LUXEMBOURG,4,0.08509615384615385
NIMES CENTRE,LUXEMBOURG,5,0.08115942028985508
NIMES CENTRE,LUXEMBOURG,6,0.08091787439613526
NIMES CENTRE,LUXEMBOURG,7,0.1246376811594203
NIMES CENTRE,LUXEMBOURG,8,0.13810679611650484
NIMES CENTRE,LUXEMBOURG,9,0.15804878048780488
NIMES CENTRE,LUXEMBOURG,10,0.1659313725490196
NIMES CENTRE,LUXEMBOURG,11,0.1753658536585366
NIMES CENTRE,LUXEMBOURG,12,0.007389162561576354
NIMES CENTRE,LUXEMBOURG,13,0.003694581280788177
NIMES CENTRE,LUXEMBOURG,14,0.0012376237623762376
NIMES CENTRE,LUXEMBOURG,15,0.001492537313432836
NIMES CENTRE,LUXEMBOURG,16,0.001492537313432836
NIMES CENTRE,LUXEMBOURG,17,0.00125
NIMES CENTRE,LUXEMBOURG,18,0.0014925373134328358
NIMES CENTRE,LUXEMBOURG,19,0.0017587939698492463
NIMES CENTRE,LUXEMBOURG,20,0.0015075376884422112
NIMES CENTRE,LUXEMBOURG,21,0.0007537688442211056
NIMES CENTRE,LUXEMBOURG,22,0.000505050505050505
NIMES CENTRE,LUXEMBOURG,23,0.000505050505050505
NIMES CENTRE,LUXEMBOURG,24,0.000505050505050505
NIMES CENTRE,LUXEMBOURG,25,0.0005025125628140704
NIMES CENTRE,LUXEMBOURG,26,0.0007537688442211056
NIMES CENTRE,LUXEMBOURG,27,0.0007575757575757577
NIMES CENTRE,LUXEMBOURG,28,0.00202020202020202
NIMES CENTRE,LUXEMBOURG,29,0.0017766497461928937
NIMES CENTRE,LUXEMBOURG,30,0.0
NIMES CENTRE,LYON (intramuros),0,0.6021818181818182
NIMES CENTRE,LYON (intramuros),1,0.6271897810218978
NIMES CENTRE,LYON (intramuros),2,0.6702554744525547
NIMES CENTRE,LYON (intramuros),3,0.6740875912408759
NIMES CENTRE,LYON (intramuros),4,0.3109090909090909
NIMES CENTRE,LYON (intramuros),5,0.3123636363636364
NIMES CENTRE,LYON (intramuros),6,0.2943636363636364
NIMES CENTRE,LYON (intramuros),7,0.2881386861313869
NIMES CENTRE,LYON (intramuros),8,0.29413919413919415
NIMES CENTRE,LYON (intramuros),9,0.30494505494505497
NIMES CENTRE,LYON (intramuros),10,0.31286764705882353
NIMES CENTRE,LYON (intramuros),11,0.31268382352941176
NIMES CENTRE,LYON (intramuros),12,0.09095940959409593
NIMES CENTRE,LYON (intramuros),13,0.09040590405904059
NIMES CENTRE,LYON (intramuros),14,0.08296296296296296
NIMES CENTRE,LYON (intramuros),15,0.07769516728624534
NIMES CENTRE,LYON (intramuros),16,0.0787313432835821
NIMES CENTRE,LYON (intramuros),17,0.06928838951310862
NIMES CENTRE,LYON (intramuros),18,0.0704119850187266
NIMES CENTRE,LYON (intramuros),19,0.06917293233082707
NIMES CENTRE,LYON (intramuros),20,0.07518796992481203
NIMES CENTRE,LYON (intramuros),21,0.06898496240601504
NIMES CENTRE,LYON (intramuros),22,0.06452830188679246
NIMES CENTRE,LYON (intramuros),23,0.06528301886792454
NIMES CENTRE,LYON (intramuros),24,0.06867924528301887
NIMES CENTRE,LYON (intramuros),25,0.0718045112781955
NIMES CENTRE,LYON (intramuros),26,0.07537593984962407
NIMES CENTRE,LYON (intramuros),27,0.07660377358490567
NIMES CENTRE,LYON (intramuros),28,0.07283018867924529
NIMES CENTRE,LYON (intramuros),29,0.07102272727272728
NIMES CENTRE,LYON (intramuros),30,0.01730038022813688
NIMES CENTRE,LYON ST EXUPERY TGV.,0,0.0
NIMES CENTRE,LYON ST EXUPERY TGV.,1,0.0
NIMES CENTRE,LYON ST EXUPERY TGV.,2,0.05
NIMES CENTRE,LYON ST EXUPERY TGV.,3,0.8
NIMES CENTRE,LYON ST EXUPERY TGV.,4,0.95
NIMES CENTRE,LYON ST EXUPERY TGV.,5,1.0
NIMES CENTRE,LYON ST EXUPERY TGV.,6,1.0
NIMES CENTRE,LYON ST EXUPERY TGV.,7,0.9
NIMES CENTRE,LYON ST EXUPERY TGV.,8,0.9
NIMES CENTRE,LYON ST EXUPERY TGV.,9,0.85
NIMES CENTRE,LYON ST EXUPERY TGV.,10,0.2
NIMES CENTRE,LYON ST EXUPERY TGV.,11,0.8
NIMES CENTRE,LYON ST EXUPERY TGV.,12,0.1
NIMES CENTRE,LYON ST EXUPERY TGV.,13,0.05
NIMES CENTRE,LYON ST EXUPERY TGV.,14,0.0
NIMES CENTRE,LYON ST EXUPERY TGV.,15,0.0
NIMES CENTRE,LYON ST EXUPERY TGV.,16,0.0
NIMES CENTRE,LYON ST EXUPERY TGV.,17,0.0
NIMES CENTRE,LYON ST EXUPERY TGV.,18,0.0
NIMES CENTRE,LYON ST EXUPERY TGV.,19,0.0
NIMES CENTRE,LYON ST EXUPERY TGV.,20,0.0
NIMES CENTRE,LYON ST EXUPERY TGV.,21,0.0
NIMES CENTRE,LYON ST EXUPERY TGV.,22,0.0
NIMES CENTRE,LYON ST EXUPERY TGV.,23,0.15
NIMES CENTRE,LYON ST EXUPERY TGV.,24,0.85
NIMES CENTRE,LYON ST EXUPERY TGV.,25,0.95
NIMES CENTRE,LYON ST EXUPERY TGV.,26,0.95
NIMES CENTRE,LYON ST EXUPERY TGV.,27,0.75
NIMES CENTRE,LYON ST EXUPERY TGV.,28,0.15
NIMES CENTRE,LYON ST EXUPERY TGV.,29,0.0
NIMES CENTRE,MACON VILLE,0,0.31982248520710055
NIMES CENTRE,MACON VILLE,1,0.31863905325443787
NIMES CENTRE,MACON VILLE,2,0.33363095238095236
NIMES CENTRE,MACON VILLE,3,0.3550595238095238
NIMES CENTRE,MACON VILLE,4,0.03698224852071006
NIMES CENTRE,MACON VILLE,5,0.0363905325443787
NIMES CENTRE,MACON VILLE,6,0.035798816568047336
NIMES CENTRE,MACON VILLE,7,0.036904761904761905
NIMES CENTRE,MACON VILLE,8,0.03154761904761905
NIMES CENTRE,MACON VILLE,9,0.03125
NIMES CENTRE,MACON VILLE,10,0.036309523809523805
NIMES CENTRE,MACON VILLE,11,0.04401197604790419
NIMES CENTRE,MACON VILLE,12,0.020658682634730537
NIMES CENTRE,MACON VILLE,13,0.02245508982035928
NIMES CENTRE,MACON VILLE,14,0.024702380952380955
NIMES CENTRE,MACON VILLE,15,0.029166666666666667
NIMES CENTRE,MACON VILLE,16,0.02874251497005988
NIMES CENTRE,MACON VILLE,17,0.015476190476190477
NIMES CENTRE,MACON VILLE,18,0.017065868263473054
NIMES CENTRE,MACON VILLE,19,0.013988095238095239
NIMES CENTRE,MACON VILLE,20,0.017664670658682637
NIMES CENTRE,MACON VILLE,21,0.01904761904761905
NIMES CENTRE,MACON VILLE,22,0.019642857142857142
NIMES CENTRE,MACON VILLE,23,0.022754491017964073
NIMES CENTRE,MACON VILLE,24,0.019345238095238096
NIMES CENTRE,MACON VILLE,25,0.018452380952380953
NIMES CENTRE,MACON VILLE,26,0.01875
NIMES CENTRE,MACON VILLE,27,0.02291666666666667
NIMES CENTRE,MACON VILLE,28,0.024702380952380955
NIMES CENTRE,MACON VILLE,29,0.02351190476190476
NIMES CENTRE,MACON VILLE,30,0.006287425149700599
NIMES CENTRE,METZ VILLE,0,0.4143636363636364
NIMES CENTRE,METZ VILLE,1,0.45328467153284674
NIMES CENTRE,METZ VILLE,2,0.4863138686131387
NIMES CENTRE,METZ VILLE,3,0.4987226277372263
NIMES CENTRE,METZ VILLE,4,0.09581818181818183
NIMES CENTRE,METZ VILLE,5,0.09909090909090909
NIMES CENTRE,METZ VILLE,6,0.10527272727272727
NIMES CENTRE,METZ VILLE,7,0.1394160583941606
NIMES CENTRE,METZ VILLE,8,0.14725274725274726
NIMES CENTRE,METZ VILLE,9,0.1565934065934066
NIMES CENTRE,METZ VILLE,10,0.1670955882352941
NIMES CENTRE,METZ VILLE,11,0.17775735294117648
NIMES CENTRE,METZ VILLE,12,0.017712177121771217
NIMES CENTRE,METZ VILLE,13,0.016236162361623615
NIMES CENTRE,METZ VILLE,14,0.016481481481481482
NIMES CENTRE,METZ VILLE,15,0.018773234200743494
NIMES CENTRE,METZ VILLE,16,0.019029850746268655
NIMES CENTRE,METZ VILLE,17,0.009925093632958801
NIMES CENTRE,METZ VILLE,18,0.010861423220973783
NIMES CENTRE,METZ VILLE,19,0.010150375939849625
NIMES CENTRE,METZ VILLE,20,0.013345864661654135
NIMES CENTRE,METZ VILLE,21,0.011654135338345863
NIMES CENTRE,METZ VILLE,22,0.01188679245283019
NIMES CENTRE,METZ VILLE,23,0.01471698113207547
NIMES CENTRE,METZ VILLE,24,0.012452830188679244
NIMES CENTRE,METZ VILLE,25,0.011842105263157895
NIMES CENTRE,METZ VILLE,26,0.012030075187969926
NIMES CENTRE,METZ VILLE,27,0.013962264150943397
NIMES CENTRE,METZ VILLE,28,0.014905660377358491
NIMES CENTRE,METZ VILLE,29,0.014772727272727272
NIMES CENTRE,METZ VILLE,30,0.003816793893129771
NIMES CENTRE,MULHOUSE VILLE,0,0.4233695652173913
NIMES CENTRE,MULHOUSE VILLE,1,0.4572727272727273
NIMES CENTRE,MULHOUSE VILLE,2,0.4909090909090909
NIMES CENTRE,MULHOUSE VILLE,3,0.5072727272727273
NIMES CENTRE,MULHOUSE VILLE,4,0.10181159420289855
NIMES CENTRE,MULHOUSE VILLE,5,0.09710144927536232
NIMES CENTRE,MULHOUSE VILLE,6,0.10869565217391304
NIMES CENTRE,MULHOUSE VILLE,7,0.14345454545454547
NIMES CENTRE,MULHOUSE VILLE,8,0.15054744525547445
NIMES CENTRE,MULHOUSE VILLE,9,0.16003649635036496
NIMES CENTRE,MULHOUSE VILLE,10,0.16703296703296705
NIMES CENTRE,MULHOUSE VILLE,11,0.18278388278388277
NIMES CENTRE,MULHOUSE VILLE,12,0.019301470588235295
NIMES CENTRE,MULHOUSE VILLE,13,0.015625
NIMES CENTRE,MULHOUSE VILLE,14,0.016051660516605164
NIMES CENTRE,MULHOUSE VILLE,15,0.01814814814814815
NIMES CENTRE,MULHOUSE VILLE,16,0.017657992565055763
NIMES CENTRE,MULHOUSE VILLE,17,0.011380597014925373
NIMES CENTRE,MULHOUSE VILLE,18,0.011007462686567165
NIMES CENTRE,MULHOUSE VILLE,19,0.009176029962546817
NIMES CENTRE,MULHOUSE VILLE,20,0.012359550561797753
NIMES CENTRE,MULHOUSE VILLE,21,0.01198501872659176
NIMES CENTRE,MULHOUSE VILLE,22,0.011466165413533834
NIMES CENTRE,MULHOUSE VILLE,23,0.014661654135338346
NIMES CENTRE,MULHOUSE VILLE,24,0.012218045112781954
NIMES CENTRE,MULHOUSE VILLE,25,0.011797752808988763
NIMES CENTRE,MULHOUSE VILLE,26,0.011610486891385769
NIMES CENTRE,MULHOUSE VILLE,27,0.015225563909774436
NIMES CENTRE,MULHOUSE VILLE,28,0.015413533834586464
NIMES CENTRE,MULHOUSE VILLE,29,0.014339622641509434
NIMES CENTRE,MULHOUSE VILLE,30,0.0030418250950570345
NIMES CENTRE,STRASBOURG,0,0.42681159420289855
NIMES CENTRE,STRASBOURG,1,0.4550909090909091
NIMES CENTRE,STRASBOURG,2,0.49200000000000005
NIMES CENTRE,STRASBOURG,3,0.5132727272727273
NIMES CENTRE,STRASBOURG,4,0.10362318840579711
NIMES CENTRE,STRASBOURG,5,0.09746376811594203
NIMES CENTRE,STRASBOURG,6,0.10724637681159421
NIMES CENTRE,STRASBOURG,7,0.142
NIMES CENTRE,STRASBOURG,8,0.15164233576642336
NIMES CENTRE,STRASBOURG,9,0.1666058394160584
NIMES CENTRE,STRASBOURG,10,0.1706959706959707
NIMES CENTRE,STRASBOURG,11,0.17216117216117216
NIMES CENTRE,STRASBOURG,12,0.015625
NIMES CENTRE,STRASBOURG,13,0.014154411764705882
NIMES CENTRE,STRASBOURG,14,0.016974169741697416
NIMES CENTRE,STRASBOURG,15,0.01740740740740741
NIMES CENTRE,STRASBOURG,16,0.01895910780669145
NIMES CENTRE,STRASBOURG,17,0.009328358208955223
NIMES CENTRE,STRASBOURG,18,0.011007462686567165
NIMES CENTRE,STRASBOURG,19,0.009737827715355805
NIMES CENTRE,STRASBOURG,20,0.011797752808988763
NIMES CENTRE,STRASBOURG,21,0.012172284644194757
NIMES CENTRE,STRASBOURG,22,0.012030075187969926
NIMES CENTRE,STRASBOURG,23,0.014097744360902255
NIMES CENTRE,STRASBOURG,24,0.012030075187969926
NIMES CENTRE,STRASBOURG,25,0.011797752808988763
NIMES CENTRE,STRASBOURG,26,0.011423220973782771
NIMES CENTRE,STRASBOURG,27,0.014849624060150375
NIMES CENTRE,STRASBOURG,28,0.015977443609022556
NIMES CENTRE,STRASBOURG,29,0.014528301886792452
NIMES CENTRE,STRASBOURG,30,0.003612167300380228
NIMES CENTRE,THIONVILLE,0,0.35285714285714287
NIMES CENTRE,THIONVILLE,1,0.39036885245901637
NIMES CENTRE,THIONVILLE,2,0.4149590163934426
NIMES CENTRE,THIONVILLE,3,0.44979508196721313
NIMES CENTRE,THIONVILLE,4,0.07530612244897959
NIMES CENTRE,THIONVILLE,5,0.07438524590163934
NIMES CENTRE,THIONVILLE,6,0.06864754098360656
NIMES CENTRE,THIONVILLE,7,0.11024590163934425
NIMES CENTRE,THIONVILLE,8,0.11440329218106997
NIMES CENTRE,THIONVILLE,9,0.1318181818181818
NIMES CENTRE,THIONVILLE,10,0.1404564315352697
NIMES CENTRE,THIONVILLE,11,0.15392561983471073
NIMES CENTRE,THIONVILLE,12,0.006875000000000001
NIMES CENTRE,THIONVILLE,13,0.0033333333333333335
NIMES CENTRE,THIONVILLE,14,0.0012552301255230127
NIMES CENTRE,THIONVILLE,15,0.0016806722689075631
NIMES CENTRE,THIONVILLE,16,0.0008403361344537816
NIMES CENTRE,THIONVILLE,17,0.0006329113924050634
NIMES CENTRE,THIONVILLE,18,0.0008403361344537816
NIMES CENTRE,THIONVILLE,19,0.0004237288135593221
NIMES CENTRE,THIONVILLE,20,0.0006355932203389831
NIMES CENTRE,THIONVILLE,21,0.0004237288135593221
NIMES CENTRE,THIONVILLE,22,0.0006382978723404256
NIMES CENTRE,THIONVILLE,23,0.00042553191489361707
NIMES CENTRE,THIONVILLE,24,0.0006382978723404256
NIMES CENTRE,THIONVILLE,25,0.0012711864406779662
NIMES CENTRE,THIONVILLE,26,0.0004237288135593221
NIMES CENTRE,THIONVILLE,27,0.001276595744680851
NIMES CENTRE,THIONVILLE,28,0.00042553191489361707
NIMES CENTRE,THIONVILLE,29,0.0012820512820512823
NIMES CENTRE,THIONVILLE,30,0.0
NIMES CENTRE,VALENCE TGV AUVERGNE RHONE ALPES,0,0.598339483394834
NIMES CENTRE,VALENCE TGV AUVERGNE RHONE ALPES,1,0.6229629629629629
NIMES CENTRE,VALENCE TGV AUVERGNE RHONE ALPES,2,0.6657407407407407
NIMES CENTRE,VALENCE TGV AUVERGNE RHONE ALPES,3,0.6633333333333333
NIMES CENTRE,VALENCE TGV AUVERGNE RHONE ALPES,4,0.3114391143911439
NIMES CENTRE,VALENCE TGV AUVERGNE RHONE ALPES,5,0.31125461254612546
NIMES CENTRE,VALENCE TGV AUVERGNE RHONE ALPES,6,0.2955719557195572
NIMES CENTRE,VALENCE TGV AUVERGNE RHONE ALPES,7,0.29
NIMES CENTRE,VALENCE TGV AUVERGNE RHONE ALPES,8,0.29330855018587365
NIMES CENTRE,VALENCE TGV AUVERGNE RHONE ALPES,9,0.3091078066914498
NIMES CENTRE,VALENCE TGV AUVERGNE RHONE ALPES,10,0.3044776119402985
NIMES CENTRE,VALENCE TGV AUVERGNE RHONE ALPES,11,0.30783582089552236
NIMES CENTRE,VALENCE TGV AUVERGNE RHONE ALPES,12,0.08352059925093633
NIMES CENTRE,VALENCE TGV AUVERGNE RHONE ALPES,13,0.07996254681647941
NIMES CENTRE,VALENCE TGV AUVERGNE RHONE ALPES,14,0.07218045112781954
NIMES CENTRE,VALENCE TGV AUVERGNE RHONE ALPES,15,0.06792452830188679
NIMES CENTRE,VALENCE TGV AUVERGNE RHONE ALPES,16,0.07196969696969698
NIMES CENTRE,VALENCE TGV AUVERGNE RHONE ALPES,17,0.06539923954372623
NIMES CENTRE,VALENCE TGV AUVERGNE RHONE ALPES,18,0.06577946768060837
NIMES CENTRE,VALENCE TGV AUVERGNE RHONE ALPES,19,0.06603053435114505
NIMES CENTRE,VALENCE TGV AUVERGNE RHONE ALPES,20,0.06354961832061068
NIMES CENTRE,VALENCE TGV AUVERGNE RHONE ALPES,21,0.05820610687022901
NIMES CENTRE,VALENCE TGV AUVERGNE RHONE ALPES,22,0.05114942528735632
NIMES CENTRE,VALENCE TGV AUVERGNE RHONE ALPES,23,0.053065134099616856
NIMES CENTRE,VALENCE TGV AUVERGNE RHONE ALPES,24,0.05651340996168582
NIMES CENTRE,VALENCE TGV AUVERGNE RHONE ALPES,25,0.061259541984732824
NIMES CENTRE,VALENCE TGV AUVERGNE RHONE ALPES,26,0.06469465648854962
NIMES CENTRE,VALENCE TGV AUVERGNE RHONE ALPES,27,0.06417624521072797
NIMES CENTRE,VALENCE TGV AUVERGNE RHONE ALPES,28,0.05919540229885057
NIMES CENTRE,VALENCE TGV AUVERGNE RHONE ALPES,29,0.058076923076923075
NIMES CENTRE,VALENCE TGV AUVERGNE RHONE ALPES,30,0.015503875968992248
NIMES CENTRE,VALENCE VILLE,0,0.9875
NIMES CENTRE,VALENCE VILLE,1,0.9875
NIMES CENTRE,VALENCE VILLE,2,0.9625
NIMES CENTRE,VALENCE VILLE,3,0.7625
NIMES CENTRE,VALENCE VILLE,4,0.375
NIMES CENTRE,VALENCE VILLE,5,0.2625
NIMES CENTRE,VALENCE VILLE,6,0.4125
NIMES CENTRE,VALENCE VILLE,7,0.2875
NIMES CENTRE,VALENCE VILLE,8,0.25
NIMES CENTRE,VALENCE VILLE,9,0.3
NIMES CENTRE,VALENCE VILLE,10,0.425
NIMES CENTRE,VALENCE VILLE,11,0.48750000000000004
NIMES CENTRE,VALENCE VILLE,12,0.3125
NIMES CENTRE,VALENCE VILLE,13,0.25
NIMES CENTRE,VALENCE VILLE,14,0.4625
NIMES CENTRE,VALENCE VILLE,15,0.475
NIMES CENTRE,VALENCE VILLE,16,0.2625
NIMES CENTRE,VALENCE VILLE,17,0.125
NIMES CENTRE,VALENCE VILLE,18,0.2125
NIMES CENTRE,VALENCE VILLE,19,0.25
NIMES CENTRE,VALENCE VILLE,20,0.3
NIMES CENTRE,VALENCE VILLE,21,0.4875
NIMES CENTRE,VALENCE VILLE,22,0.5
NIMES CENTRE,VALENCE VILLE,23,0.7375
NIMES CENTRE,VALENCE VILLE,24,0.75
NIMES CENTRE,VALENCE VILLE,25,0.75
NIMES CENTRE,VALENCE VILLE,26,0.75
NIMES CENTRE,VALENCE VILLE,27,0.75
NIMES CENTRE,VALENCE VILLE,28,0.7375
NIMES CENTRE,VALENCE VILLE,29,0.725
NIMES CENTRE,VALENCE VILLE,30,0.2625
NIMES PONT DU GARD,BELFORT MONTBELIARD TGV,0,0.025
NIMES PONT DU GARD,BELFORT MONTBELIARD TGV,1,0.0
NIMES PONT DU GARD,BELFORT MONTBELIARD TGV,2,0.0
NIMES PONT DU GARD,BELFORT MONTBELIARD TGV,3,0.0
NIMES PONT DU GARD,BELFORT MONTBELIARD TGV,4,0.0
NIMES PONT DU GARD,BELFORT MONTBELIARD TGV,5,0.0
NIMES PONT DU GARD,BELFORT MONTBELIARD TGV,6,0.0
NIMES PONT DU GARD,BELFORT MONTBELIARD TGV,7,0.0
NIMES PONT DU GARD,BELFORT MONTBELIARD TGV,8,0.0
NIMES PONT DU GARD,BELFORT MONTBELIARD TGV,9,0.0
NIMES PONT DU GARD,BELFORT MONTBELIARD TGV,10,0.0
NIMES PONT DU GARD,BELFORT MONTBELIARD TGV,11,0.0
NIMES PONT DU GARD,BELFORT MONTBELIARD TGV,12,0.0
NIMES PONT DU GARD,BELFORT MONTBELIARD TGV,13,0.0
NIMES PONT DU GARD,BELFORT MONTBELIARD TGV,14,0.0
NIMES PONT DU GARD,BELFORT MONTBELIARD TGV,15,0.0
NIMES PONT DU GARD,BELFORT MONTBELIARD TGV,16,0.0
NIMES PONT DU GARD,BELFORT MONTBELIARD TGV,17,0.0
NIMES PONT DU GARD,BELFORT MONTBELIARD TGV,18,0.0
NIMES PONT DU GARD,BELFORT MONTBELIARD TGV,19,0.0
NIMES PONT DU GARD,BELFORT MONTBELIARD TGV,20,0.0
NIMES PONT DU GARD,BELFORT MONTBELIARD TGV,21,0.0
NIMES PONT DU GARD,BELFORT MONTBELIARD TGV,22,0.0
NIMES PONT DU GARD,BELFORT MONTBELIARD TGV,23,0.0
NIMES PONT DU GARD,BELFORT MONTBELIARD TGV,24,0.0
NIMES PONT DU GARD,BELFORT MONTBELIARD TGV,25,0.0
NIMES PONT DU GARD,BELFORT MONTBELIARD TGV,26,0.0
NIMES PONT DU GARD,BELFORT MONTBELIARD TGV,27,0.0
NIMES PONT DU GARD,BELFORT MONTBELIARD TGV,28,0.0
NIMES PONT DU GARD,BELFORT MONTBELIARD TGV,29,0.0
NIMES PONT DU GARD,BELFORT MONTBELIARD TGV,30,0.0
NIMES PONT DU GARD,BESANCON FRANCHE COMTE TGV,0,0.1
NIMES PONT DU GARD,BESANCON FRANCHE COMTE TGV,1,0.05
NIMES PONT DU GARD,BESANCON FRANCHE COMTE TGV,2,0.0
NIMES PONT DU GARD,BESANCON FRANCHE COMTE TGV,3,0.0
NIMES PONT DU GARD,BESANCON FRANCHE COMTE TGV,4,0.0
NIMES PONT DU GARD,BESANCON FRANCHE COMTE TGV,5,0.0
NIMES PONT DU GARD,BESANCON FRANCHE COMTE TGV,6,0.0
NIMES PONT DU GARD,BESANCON FRANCHE COMTE TGV,7,0.0
NIMES PONT DU GARD,BESANCON FRANCHE COMTE TGV,8,0.0
NIMES PONT DU GARD,BESANCON FRANCHE COMTE TGV,9,0.0
NIMES PONT DU GARD,BESANCON FRANCHE COMTE TGV,10,0.0
NIMES PONT DU GARD,BESANCON FRANCHE COMTE TGV,11,0.0
NIMES PONT DU GARD,BESANCON FRANCHE COMTE TGV,12,0.0
NIMES PONT DU GARD,BESANCON FRANCHE COMTE TGV,13,0.0
NIMES PONT DU GARD,BESANCON FRANCHE COMTE TGV,14,0.0
NIMES PONT DU GARD,BESANCON FRANCHE COMTE TGV,15,0.0
NIMES PONT DU GARD,BESANCON FRANCHE COMTE TGV,16,0.0
NIMES PONT DU GARD,BESANCON FRANCHE COMTE TGV,17,0.0
NIMES PONT DU GARD,BESANCON FRANCHE COMTE TGV,18,0.0
NIMES PONT DU GARD,BESANCON FRANCHE COMTE TGV,19,0.0
NIMES PONT DU GARD,BESANCON FRANCHE COMTE TGV,20,0.0
NIMES PONT DU GARD,BESANCON FRANCHE COMTE TGV,21,0.0
NIMES PONT DU GARD,BESANCON FRANCHE COMTE TGV,22,0.0
NIMES PONT DU GARD,BESANCON FRANCHE COMTE TGV,23,0.0
NIMES PONT DU GARD,BESANCON FRANCHE COMTE TGV,24,0.0
NIMES PONT DU GARD,BESANCON FRANCHE COMTE TGV,25,0.0
NIMES PONT DU GARD,BESANCON FRANCHE COMTE TGV,26,0.0
NIMES PONT DU GARD,BESANCON FRANCHE COMTE TGV,27,0.0
NIMES PONT DU GARD,BESANCON FRANCHE COMTE TGV,28,0.0
NIMES PONT DU GARD,BESANCON FRANCHE COMTE TGV,29,0.0
NIMES PONT DU GARD,BESANCON FRANCHE COMTE TGV,30,0.0
NIMES PONT DU GARD,COLMAR,0,0.175
NIMES PONT DU GARD,COLMAR,1,0.05
NIMES PONT DU GARD,COLMAR,2,0.025
NIMES PONT DU GARD,COLMAR,3,0.0
NIMES PONT DU GARD,COLMAR,4,0.0
NIMES PONT DU GARD,COLMAR,5,0.0
NIMES PONT DU GARD,COLMAR,6,0.0
NIMES PONT DU GARD,COLMAR,7,0.0
NIMES PONT DU GARD,COLMAR,8,0.0
NIMES PONT DU GARD,COLMAR,9,0.0
NIMES PONT DU GARD,COLMAR,10,0.0
NIMES PONT DU GARD,COLMAR,11,0.0
NIMES PONT DU GARD,COLMAR,12,0.0
NIMES PONT DU GARD,COLMAR,13,0.0
NIMES PONT DU GARD,COLMAR,14,0.0
NIMES PONT DU GARD,COLMAR,15,0.0
NIMES PONT DU GARD,COLMAR,16,0.0
NIMES PONT DU GARD,COLMAR,17,0.0
NIMES PONT DU GARD,COLMAR,18,0.0
NIMES PONT DU GARD,COLMAR,19,0.0
NIMES PONT DU GARD,COLMAR,20,0.0
NIMES PONT DU GARD,COLMAR,21,0.0
NIMES PONT DU GARD,COLMAR,22,0.0
NIMES PONT DU GARD,COLMAR,23,0.0
NIMES PONT DU GARD,COLMAR,24,0.0
NIMES PONT DU GARD,COLMAR,25,0.0
NIMES PONT DU GARD,COLMAR,26,0.0
NIMES PONT DU GARD,COLMAR,27,0.0
NIMES PONT DU GARD,COLMAR,28,0.0
NIMES PONT DU GARD,COLMAR,29,0.0
NIMES PONT DU GARD,COLMAR,30,0.0
NIMES PONT DU GARD,DIJON VILLE,0,0.07500000000000001
NIMES PONT DU GARD,DIJON VILLE,1,0.05
NIMES PONT DU GARD,DIJON VILLE,2,0.0
NIMES PONT DU GARD,DIJON VILLE,3,0.0
NIMES PONT DU GARD,DIJON VILLE,4,0.0
NIMES PONT DU GARD,DIJON VILLE,5,0.0
NIMES PONT DU GARD,DIJON VILLE,6,0.0
NIMES PONT DU GARD,DIJON VILLE,7,0.0
NIMES PONT DU GARD,DIJON VILLE,8,0.0
NIMES PONT DU GARD,DIJON VILLE,9,0.0
NIMES PONT DU GARD,DIJON VILLE,10,0.0
NIMES PONT DU GARD,DIJON VILLE,11,0.0
NIMES PONT DU GARD,DIJON VILLE,12,0.0
NIMES PONT DU GARD,DIJON VILLE,13,0.0
NIMES PONT DU GARD,DIJON VILLE,14,0.0
NIMES PONT DU GARD,DIJON VILLE,15,0.0
NIMES PONT DU GARD,DIJON VILLE,16,0.0
NIMES PONT DU GARD,DIJON VILLE,17,0.0
NIMES PONT DU GARD,DIJON VILLE,18,0.0
NIMES PONT DU GARD,DIJON VILLE,19,0.0
NIMES PONT DU GARD,DIJON VILLE,20,0.0
NIMES PONT DU GARD,DIJON VILLE,21,0.0
NIMES PONT DU GARD,DIJON VILLE,22,0.0
NIMES PONT DU GARD,DIJON VILLE,23,0.0
NIMES PONT DU GARD,DIJON VILLE,24,0.0
NIMES PONT DU GARD,DIJON VILLE,25,0.0
NIMES PONT DU GARD,DIJON VILLE,26,0.0
NIMES PONT DU GARD,DIJON VILLE,27,0.0
NIMES PONT DU GARD,DIJON VILLE,28,0.0
NIMES PONT DU GARD,DIJON VILLE,29,0.0
NIMES PONT DU GARD,DIJON VILLE,30,0.0
NIMES PONT DU GARD,LUXEMBOURG,0,0.025
NIMES PONT DU GARD,LUXEMBOURG,1,0.0
NIMES PONT DU GARD,LUXEMBOURG,2,0.0
NIMES PONT DU GARD,LUXEMBOURG,3,0.0
NIMES PONT DU GARD,LUXEMBOURG,4,0.0
NIMES PONT DU GARD,LUXEMBOURG,5,0.0
NIMES PONT DU GARD,LUXEMBOURG,6,0.0
NIMES PONT DU GARD,LUXEMBOURG,7,0.0
NIMES PONT DU GARD,LUXEMBOURG,8,0.0
NIMES PONT DU GARD,LUXEMBOURG,9,0.0
NIMES PONT DU GARD,LUXEMBOURG,10,0.0
NIMES PONT DU GARD,LUXEMBOURG,11,0.0
NIMES PONT DU GARD,LUXEMBOURG,12,0.0
NIMES PONT DU GARD,LUXEMBOURG,13,0.0
NIMES PONT DU GARD,LUXEMBOURG,14,0.0
NIMES PONT DU GARD,LUXEMBOURG,15,0.0
NIMES PONT DU GARD,LUXEMBOURG,16,0.0
NIMES PONT DU GARD,LUXEMBOURG,17,0.0
NIMES PONT DU GARD,LUXEMBOURG,18,0.0
NIMES PONT DU GARD,LUXEMBOURG,19,0.0
NIMES PONT DU GARD,LUXEMBOURG,20,0.0
NIMES PONT DU GARD,LUXEMBOURG,21,0.0
NIMES PONT DU GARD,LUXEMBOURG,22,0.0
NIMES PONT DU GARD,LUXEMBOURG,23,0.0
NIMES PONT DU GARD,LUXEMBOURG,24,0.0
NIMES PONT DU GARD,LUXEMBOURG,25,0.0
NIMES PONT DU GARD,LUXEMBOURG,26,0.0
NIMES PONT DU GARD,LUXEMBOURG,27,0.0
NIMES PONT DU GARD,LUXEMBOURG,28,0.0
NIMES PONT DU GARD,LUXEMBOURG,29,0.0
NIMES PONT DU GARD,LUXEMBOURG,30,0.0
NIMES PONT DU GARD,LYON (intramuros),0,0.925
NIMES PONT DU GARD,LYON (intramuros),1,0.975
NIMES PONT DU GARD,LYON (intramuros),2,0.95
NIMES PONT DU GARD,LYON (intramuros),3,0.575
NIMES PONT DU GARD,LYON (intramuros),4,0.5
NIMES PONT DU GARD,LYON (intramuros),5,0.5
NIMES PONT DU GARD,LYON (intramuros),6,0.5
NIMES PONT DU GARD,LYON (intramuros),7,0.475
NIMES PONT DU GARD,LYON (intramuros),8,0.475
NIMES PONT DU GARD,LYON (intramuros),9,0.475
NIMES PONT DU GARD,LYON (intramuros),10,0.475
NIMES PONT DU GARD,LYON (intramuros),11,0.4
NIMES PONT DU GARD,LYON (intramuros),12,0.025
NIMES PONT DU GARD,LYON (intramuros),13,0.0
NIMES PONT DU GARD,LYON (intramuros),14,0.0
NIMES PONT DU GARD,LYON (intramuros),15,0.0
NIMES PONT DU GARD,LYON (intramuros),16,0.0
NIMES PONT DU GARD,LYON (intramuros),17,0.0
NIMES PONT DU GARD,LYON (intramuros),18,0.0
NIMES PONT DU GARD,LYON (intramuros),19,0.0
NIMES PONT DU GARD,LYON (intramuros),20,0.0
NIMES PONT DU GARD,LYON (intramuros),21,0.0
NIMES PONT DU GARD,LYON (intramuros),22,0.0
NIMES PONT DU GARD,LYON (intramuros),23,0.0
NIMES PONT DU GARD,LYON (intramuros),24,0.0
NIMES PONT DU GARD,LYON (intramuros),25,0.0
NIMES PONT DU GARD,LYON (intramuros),26,0.0
NIMES PONT DU GARD,LYON (intramuros),27,0.0
NIMES PONT DU GARD,LYON (intramuros),28,0.0
NIMES PONT DU GARD,LYON (intramuros),29,0.0
NIMES PONT DU GARD,LYON (intramuros),30,0.0
NIMES PONT DU GARD,METZ VILLE,0,0.025
NIMES PONT DU GARD,METZ VILLE,1,0.025
NIMES PONT DU GARD,METZ VILLE,2,0.0
NIMES PONT DU GARD,METZ VILLE,3,0.0
NIMES PONT DU GARD,METZ VILLE,4,0.0
NIMES PONT DU GARD,METZ VILLE,5,0.0
NIMES PONT DU GARD,METZ VILLE,6,0.0
NIMES PONT DU GARD,METZ VILLE,7,0.0
NIMES PONT DU GARD,METZ VILLE,8,0.0
NIMES PONT DU GARD,METZ VILLE,9,0.0
NIMES PONT DU GARD,METZ VILLE,10,0.0
NIMES PONT DU GARD,METZ VILLE,11,0.0
NIMES PONT DU GARD,METZ VILLE,12,0.0
NIMES PONT DU GARD,METZ VILLE,13,0.0
NIMES PONT DU GARD,METZ VILLE,14,0.0
NIMES PONT DU GARD,METZ VILLE,15,0.0
NIMES PONT DU GARD,METZ VILLE,16,0.0
NIMES PONT DU GARD,METZ VILLE,17,0.0
NIMES PONT DU GARD,METZ VILLE,18,0.0
NIMES PONT DU GARD,METZ VILLE,19,0.0
NIMES PONT DU GARD,METZ VILLE,20,0.0
NIMES PONT DU GARD,METZ VILLE,21,0.0
NIMES PONT DU GARD,METZ VILLE,22,0.0
NIMES PONT DU GARD,METZ VILLE,23,0.0
NIMES PONT DU GARD,METZ VILLE,24,0.0
NIMES PONT DU GARD,METZ VILLE,25,0.0
NIMES PONT DU GARD,METZ VILLE,26,0.0
NIMES PONT DU GARD,METZ VILLE,27,0.0
NIMES PONT DU GARD,METZ VILLE,28,0.0
NIMES PONT DU GARD,METZ VILLE,29,0.0
NIMES PONT DU GARD,METZ VILLE,30,0.0
NIMES PONT DU GARD,MULHOUSE VILLE,0,0.125
NIMES PONT DU GARD,MULHOUSE VILLE,1,0.075
NIMES PONT DU GARD,MULHOUSE VILLE,2,0.0
NIMES PONT DU GARD,MULHOUSE VILLE,3,0.0
NIMES PONT DU GARD,MULHOUSE VILLE,4,0.0
NIMES PONT DU GARD,MULHOUSE VILLE,5,0.0
NIMES PONT DU GARD,MULHOUSE VILLE,6,0.0
NIMES PONT DU GARD,MULHOUSE VILLE,7,0.0
NIMES PONT DU GARD,MULHOUSE VILLE,8,0.0
NIMES PONT DU GARD,MULHOUSE VILLE,9,0.0
NIMES PONT DU GARD,MULHOUSE VILLE,10,0.0
NIMES PONT DU GARD,MULHOUSE VILLE,11,0.0
NIMES PONT DU GARD,MULHOUSE VILLE,12,0.0
NIMES PONT DU GARD,MULHOUSE VILLE,13,0.0
NIMES PONT DU GARD,MULHOUSE VILLE,14,0.0
NIMES PONT DU GARD,MULHOUSE VILLE,15,0.0
NIMES PONT DU GARD,MULHOUSE VILLE,16,0.0
NIMES PONT DU GARD,MULHOUSE VILLE,17,0.0
NIMES PONT DU GARD,MULHOUSE VILLE,18,0.0
NIMES PONT DU GARD,MULHOUSE VILLE,19,0.0
NIMES PONT DU GARD,MULHOUSE VILLE,20,0.0
NIMES PONT DU GARD,MULHOUSE VILLE,21,0.0
NIMES PONT DU GARD,MULHOUSE VILLE,22,0.0
NIMES PONT DU GARD,MULHOUSE VILLE,23,0.0
NIMES PONT DU GARD,MULHOUSE VILLE,24,0.0
NIMES PONT DU GARD,MULHOUSE VILLE,25,0.0
NIMES PONT DU GARD,MULHOUSE VILLE,26,0.0
NIMES PONT DU GARD,MULHOUSE VILLE,27,0.0
NIMES PONT DU GARD,MULHOUSE VILLE,28,0.0
NIMES PONT DU GARD,MULHOUSE VILLE,29,0.0
NIMES PONT DU GARD,MULHOUSE VILLE,30,0.0
NIMES PONT DU GARD,STRASBOURG,0,0.1
NIMES PONT DU GARD,STRASBOURG,1,0.025
NIMES PONT DU GARD,STRASBOURG,2,0.0
NIMES PONT DU GARD,STRASBOURG,3,0.0
NIMES PONT DU GARD,STRASBOURG,4,0.0
NIMES PONT DU GARD,STRASBOURG,5,0.0
NIMES PONT DU GARD,STRASBOURG,6,0.0
NIMES PONT DU GARD,STRASBOURG,7,0.0
NIMES PONT DU GARD,STRASBOURG,8,0.0
NIMES PONT DU GARD,STRASBOURG,9,0.0
NIMES PONT DU GARD,STRASBOURG,10,0.0
NIMES PONT DU GARD,STRASBOURG,11,0.0
NIMES PONT DU GARD,STRASBOURG,12,0.0
NIMES PONT DU GARD,STRASBOURG,13,0.0
NIMES PONT DU GARD,STRASBOURG,14,0.0
NIMES PONT DU GARD,STRASBOURG,15,0.0
NIMES PONT DU GARD,STRASBOURG,16,0.0
NIMES PONT DU GARD,STRASBOURG,17,0.0
NIMES PONT DU GARD,STRASBOURG,18,0.0
NIMES PONT DU GARD,STRASBOURG,19,0.0
NIMES PONT DU GARD,STRASBOURG,20,0.0
NIMES PONT DU GARD,STRASBOURG,21,0.0
NIMES PONT DU GARD,STRASBOURG,22,0.0
NIMES PONT DU GARD,STRASBOURG,23,0.0
NIMES PONT DU GARD,STRASBOURG,24,0.0
NIMES PONT DU GARD,STRASBOURG,25,0.0
NIMES PONT DU GARD,STRASBOURG,26,0.0
NIMES PONT DU GARD,STRASBOURG,27,0.0
NIMES PONT DU GARD,STRASBOURG,28,0.0
NIMES PONT DU GARD,STRASBOURG,29,0.0
NIMES PONT DU GARD,STRASBOURG,30,0.0
NIMES PONT DU GARD,THIONVILLE,0,0.05
NIMES PONT DU GARD,THIONVILLE,1,0.025
NIMES PONT DU GARD,THIONVILLE,2,0.0
NIMES PONT DU GARD,THIONVILLE,3,0.0
NIMES PONT DU GARD,THIONVILLE,4,0.0
NIMES PONT DU GARD,THIONVILLE,5,0.0
NIMES PONT DU GARD,THIONVILLE,6,0.0
NIMES PONT DU GARD,THIONVILLE,7,0.0
NIMES PONT DU GARD,THIONVILLE,8,0.0
NIMES PONT DU GARD,THIONVILLE,9,0.0
NIMES PONT DU GARD,THIONVILLE,10,0.0
NIMES PONT DU GARD,THIONVILLE,11,0.0
NIMES PONT DU GARD,THIONVILLE,12,0.0
NIMES PONT DU GARD,THIONVILLE,13,0.0
NIMES PONT DU GARD,THIONVILLE,14,0.0
NIMES PONT DU GARD,THIONVILLE,15,0.0
NIMES PONT DU GARD,THIONVILLE,16,0.0
NIMES PONT DU GARD,THIONVILLE,17,0.0
NIMES PONT DU GARD,THIONVILLE,18,0.0
NIMES PONT DU GARD,THIONVILLE,19,0.0
NIMES PONT DU GARD,THIONVILLE,20,0.0
NIMES PONT DU GARD,THIONVILLE,21,0.0
NIMES PONT DU GARD,THIONVILLE,22,0.0
NIMES PONT DU GARD,THIONVILLE,23,0.0
NIMES PONT DU GARD,THIONVILLE,24,0.0
NIMES PONT DU GARD,THIONVILLE,25,0.0
NIMES PONT DU GARD,THIONVILLE,26,0.0
NIMES PONT DU GARD,THIONVILLE,27,0.0
NIMES PONT DU GARD,THIONVILLE,28,0.0
NIMES PONT DU GARD,THIONVILLE,29,0.0
NIMES PONT DU GARD,THIONVILLE,30,0.0
NIMES PONT DU GARD,VALENCE TGV AUVERGNE RHONE ALPES,0,0.8999999999999999
NIMES PONT DU GARD,VALENCE TGV AUVERGNE RHONE ALPES,1,0.875
NIMES PONT DU GARD,VALENCE TGV AUVERGNE RHONE ALPES,2,0.8
NIMES PONT DU GARD,VALENCE TGV AUVERGNE RHONE ALPES,3,0.45
NIMES PONT DU GARD,VALENCE TGV AUVERGNE RHONE ALPES,4,0.5
NIMES PONT DU GARD,VALENCE TGV AUVERGNE RHONE ALPES,5,0.5
NIMES PONT DU GARD,VALENCE TGV AUVERGNE RHONE ALPES,6,0.5
NIMES PONT DU GARD,VALENCE TGV AUVERGNE RHONE ALPES,7,0.5
NIMES PONT DU GARD,VALENCE TGV AUVERGNE RHONE ALPES,8,0.5
NIMES PONT DU GARD,VALENCE TGV AUVERGNE RHONE ALPES,9,0.5
NIMES PONT DU GARD,VALENCE TGV AUVERGNE RHONE ALPES,10,0.5
NIMES PONT DU GARD,VALENCE TGV AUVERGNE RHONE ALPES,11,0.475
NIMES PONT DU GARD,VALENCE TGV AUVERGNE RHONE ALPES,12,0.025
NIMES PONT DU GARD,VALENCE TGV AUVERGNE RHONE ALPES,13,0.0
NIMES PONT DU GARD,VALENCE TGV AUVERGNE RHONE ALPES,14,0.0
NIMES PONT DU GARD,VALENCE TGV AUVERGNE RHONE ALPES,15,0.0
NIMES PONT DU GARD,VALENCE TGV AUVERGNE RHONE ALPES,16,0.0
NIMES PONT DU GARD,VALENCE TGV AUVERGNE RHONE ALPES,17,0.0
NIMES PONT DU GARD,VALENCE TGV AUVERGNE RHONE ALPES,18,0.0
NIMES PONT DU GARD,VALENCE TGV AUVERGNE RHONE ALPES,19,0.0
NIMES PONT DU GARD,VALENCE TGV AUVERGNE RHONE ALPES,20,0.0
NIMES PONT DU GARD,VALENCE TGV AUVERGNE RHONE ALPES,21,0.0
NIMES PONT DU GARD,VALENCE TGV AUVERGNE RHONE ALPES,22,0.0
NIMES PONT DU GARD,VALENCE TGV AUVERGNE RHONE ALPES,23,0.0
NIMES PONT DU GARD,VALENCE TGV AUVERGNE RHONE ALPES,24,0.0
NIMES PONT DU GARD,VALENCE TGV AUVERGNE RHONE ALPES,25,0.0
NIMES PONT DU GARD,VALENCE TGV AUVERGNE RHONE ALPES,26,0.0
NIMES PONT DU GARD,VALENCE TGV AUVERGNE RHONE ALPES,27,0.0
NIMES PONT DU GARD,VALENCE TGV AUVERGNE RHONE ALPES,28,0.0
NIMES PONT DU GARD,VALENCE TGV AUVERGNE RHONE ALPES,29,0.0
NIMES PONT DU GARD,VALENCE TGV AUVERGNE RHONE ALPES,30,0.0
PERPIGNAN,BELFORT MONTBELIARD TGV,0,0.35000000000000003
PERPIGNAN,BELFORT MONTBELIARD TGV,1,0.3333333333333333
PERPIGNAN,BELFORT MONTBELIARD TGV,2,0.13333333333333333
PERPIGNAN,BELFORT MONTBELIARD TGV,3,0.3833333333333333
PERPIGNAN,BELFORT MONTBELIARD TGV,4,0.0
PERPIGNAN,BELFORT MONTBELIARD TGV,5,0.0
PERPIGNAN,BELFORT MONTBELIARD TGV,6,0.0
PERPIGNAN,BELFORT MONTBELIARD TGV,7,0.0
PERPIGNAN,BELFORT MONTBELIARD TGV,8,0.0
PERPIGNAN,BELFORT MONTBELIARD TGV,9,0.0
PERPIGNAN,BELFORT MONTBELIARD TGV,10,0.0
PERPIGNAN,BELFORT MONTBELIARD TGV,11,0.0
PERPIGNAN,BELFORT MONTBELIARD TGV,12,0.0
PERPIGNAN,BELFORT MONTBELIARD TGV,13,0.0
PERPIGNAN,BELFORT MONTBELIARD TGV,14,0.0
PERPIGNAN,BELFORT MONTBELIARD TGV,15,0.0
PERPIGNAN,BELFORT MONTBELIARD TGV,16,0.016666666666666666
PERPIGNAN,BELFORT MONTBELIARD TGV,17,0.016666666666666666
PERPIGNAN,BELFORT MONTBELIARD TGV,18,0.016666666666666666
PERPIGNAN,BELFORT MONTBELIARD TGV,19,0.016666666666666666
PERPIGNAN,BELFORT MONTBELIARD TGV,20,0.0
PERPIGNAN,BELFORT MONTBELIARD TGV,21,0.0
PERPIGNAN,BELFORT MONTBELIARD TGV,22,0.0
PERPIGNAN,BELFORT MONTBELIARD TGV,23,0.0
PERPIGNAN,BELFORT MONTBELIARD TGV,24,0.0
PERPIGNAN,BELFORT MONTBELIARD TGV,25,0.0
PERPIGNAN,BELFORT MONTBELIARD TGV,26,0.0
PERPIGNAN,BELFORT MONTBELIARD TGV,27,0.0
PERPIGNAN,BELFORT MONTBELIARD TGV,28,0.0
PERPIGNAN,BELFORT MONTBELIARD TGV,29,0.0
PERPIGNAN,BELFORT MONTBELIARD TGV,30,0.0
PERPIGNAN,BESANCON FRANCHE COMTE TGV,0,0.39999999999999997
PERPIGNAN,BESANCON FRANCHE COMTE TGV,1,0.3
PERPIGNAN,BESANCON FRANCHE COMTE TGV,2,0.06666666666666667
PERPIGNAN,BESANCON FRANCHE COMTE TGV,3,0.3666666666666667
PERPIGNAN,BESANCON FRANCHE COMTE TGV,4,0.0
PERPIGNAN,BESANCON FRANCHE COMTE TGV,5,0.0
PERPIGNAN,BESANCON FRANCHE COMTE TGV,6,0.0
PERPIGNAN,BESANCON FRANCHE COMTE TGV,7,0.0
PERPIGNAN,BESANCON FRANCHE COMTE TGV,8,0.0
PERPIGNAN,BESANCON FRANCHE COMTE TGV,9,0.0
PERPIGNAN,BESANCON FRANCHE COMTE TGV,10,0.0
PERPIGNAN,BESANCON FRANCHE COMTE TGV,11,0.0
PERPIGNAN,BESANCON FRANCHE COMTE TGV,12,0.0
PERPIGNAN,BESANCON FRANCHE COMTE TGV,13,0.0
PERPIGNAN,BESANCON FRANCHE COMTE TGV,14,0.0
PERPIGNAN,BESANCON FRANCHE COMTE TGV,15,0.0
PERPIGNAN,BESANCON FRANCHE COMTE TGV,16,0.0
PERPIGNAN,BESANCON FRANCHE COMTE TGV,17,0.0
PERPIGNAN,BESANCON FRANCHE COMTE TGV,18,0.0
PERPIGNAN,BESANCON FRANCHE COMTE TGV,19,0.0
PERPIGNAN,BESANCON FRANCHE COMTE TGV,20,0.0
PERPIGNAN,BESANCON FRANCHE COMTE TGV,21,0.0
PERPIGNAN,BESANCON FRANCHE COMTE TGV,22,0.0
PERPIGNAN,BESANCON FRANCHE COMTE TGV,23,0.0
PERPIGNAN,BESANCON FRANCHE COMTE TGV,24,0.0
PERPIGNAN,BESANCON FRANCHE COMTE TGV,25,0.0
PERPIGNAN,BESANCON FRANCHE COMTE TGV,26,0.0
PERPIGNAN,BESANCON FRANCHE COMTE TGV,27,0.0
PERPIGNAN,BESANCON FRANCHE COMTE TGV,28,0.0
PERPIGNAN,BESANCON FRANCHE COMTE TGV,29,0.0
PERPIGNAN,BESANCON FRANCHE COMTE TGV,30,0.0
PERPIGNAN,BEZIERS,0,0.65
PERPIGNAN,BEZIERS,1,0.39999999999999997
PERPIGNAN,BEZIERS,2,0.08333333333333333
PERPIGNAN,BEZIERS,3,0.3
PERPIGNAN,BEZIERS,4,0.0
PERPIGNAN,BEZIERS,5,0.0
PERPIGNAN,BEZIERS,6,0.0
PERPIGNAN,BEZIERS,7,0.0
PERPIGNAN,BEZIERS,8,0.0
PERPIGNAN,BEZIERS,9,0.016666666666666666
PERPIGNAN,BEZIERS,10,0.0
PERPIGNAN,BEZIERS,11,0.0
PERPIGNAN,BEZIERS,12,0.0
PERPIGNAN,BEZIERS,13,0.0
PERPIGNAN,BEZIERS,14,0.0
PERPIGNAN,BEZIERS,15,0.0
PERPIGNAN,BEZIERS,16,0.0
PERPIGNAN,BEZIERS,17,0.0
PERPIGNAN,BEZIERS,18,0.0
PERPIGNAN,BEZIERS,19,0.0
PERPIGNAN,BEZIERS,20,0.0
PERPIGNAN,BEZIERS,21,0.0
PERPIGNAN,BEZIERS,22,0.0
PERPIGNAN,BEZIERS,23,0.0
PERPIGNAN,BEZIERS,24,0.0
PERPIGNAN,BEZIERS,25,0.0
PERPIGNAN,BEZIERS,26,0.0
PERPIGNAN,BEZIERS,27,0.0
PERPIGNAN,BEZIERS,28,0.0
PERPIGNAN,BEZIERS,29,0.0
PERPIGNAN,BEZIERS,30,0.0
PERPIGNAN,CHALON SUR SAONE,0,0.3333333333333333
PERPIGNAN,CHALON SUR SAONE,1,0.2833333333333333
PERPIGNAN,CHALON SUR SAONE,2,0.049999999999999996
PERPIGNAN,CHALON SUR SAONE,3,0.2833333333333333
PERPIGNAN,CHALON SUR SAONE,4,0.0
PERPIGNAN,CHALON SUR SAONE,5,0.0
PERPIGNAN,CHALON SUR SAONE,6,0.0
PERPIGNAN,CHALON SUR SAONE,7,0.0
PERPIGNAN,CHALON SUR SAONE,8,0.0
PERPIGNAN,CHALON SUR SAONE,9,0.0
PERPIGNAN,CHALON SUR SAONE,10,0.0
PERPIGNAN,CHALON SUR SAONE,11,0.0
PERPIGNAN,CHALON SUR SAONE,12,0.0
PERPIGNAN,CHALON SUR SAONE,13,0.0
PERPIGNAN,CHALON SUR SAONE,14,0.0
PERPIGNAN,CHALON SUR SAONE,15,0.0
PERPIGNAN,CHALON SUR SAONE,16,0.0
PERPIGNAN,CHALON SUR SAONE,17,0.0
PERPIGNAN,CHALON SUR SAONE,18,0.0
PERPIGNAN,CHALON SUR SAONE,19,0.0
PERPIGNAN,CHALON SUR SAONE,20,0.0
PERPIGNAN,CHALON SUR SAONE,21,0.0
PERPIGNAN,CHALON SUR SAONE,22,0.0
PERPIGNAN,CHALON SUR SAONE,23,0.0
PERPIGNAN,CHALON SUR SAONE,24,0.0
PERPIGNAN,CHALON SUR SAONE,25,0.0
PERPIGNAN,CHALON SUR SAONE,26,0.0
PERPIGNAN,CHALON SUR SAONE,27,0.0
PERPIGNAN,CHALON SUR SAONE,28,0.0
PERPIGNAN,CHALON SUR SAONE,29,0.0
PERPIGNAN,CHALON SUR SAONE,30,0.0
PERPIGNAN,COLMAR,0,0.35000000000000003
PERPIGNAN,COLMAR,1,0.35000000000000003
PERPIGNAN,COLMAR,2,0.05000000000000001
PERPIGNAN,COLMAR,3,0.3166666666666667
PERPIGNAN,COLMAR,4,0.0
PERPIGNAN,COLMAR,5,0.0
PERPIGNAN,COLMAR,6,0.0
PERPIGNAN,COLMAR,7,0.0
PERPIGNAN,COLMAR,8,0.0
PERPIGNAN,COLMAR,9,0.0
PERPIGNAN,COLMAR,10,0.016666666666666666
PERPIGNAN,COLMAR,11,0.016666666666666666
PERPIGNAN,COLMAR,12,0.0
PERPIGNAN,COLMAR,13,0.0
PERPIGNAN,COLMAR,14,0.0
PERPIGNAN,COLMAR,15,0.0
PERPIGNAN,COLMAR,16,0.0
PERPIGNAN,COLMAR,17,0.0
PERPIGNAN,COLMAR,18,0.0
PERPIGNAN,COLMAR,19,0.0
PERPIGNAN,COLMAR,20,0.0
PERPIGNAN,COLMAR,21,0.0
PERPIGNAN,COLMAR,22,0.0
PERPIGNAN,COLMAR,23,0.0
PERPIGNAN,COLMAR,24,0.0
PERPIGNAN,COLMAR,25,0.0
PERPIGNAN,COLMAR,26,0.0
PERPIGNAN,COLMAR,27,0.0
PERPIGNAN,COLMAR,28,0.0
PERPIGNAN,COLMAR,29,0.0
PERPIGNAN,COLMAR,30,0.0
PERPIGNAN,DIJON VILLE,0,0.3333333333333333
PERPIGNAN,DIJON VILLE,1,0.3333333333333333
PERPIGNAN,DIJON VILLE,2,0.11666666666666665
PERPIGNAN,DIJON VILLE,3,0.26666666666666666
PERPIGNAN,DIJON VILLE,4,0.0
PERPIGNAN,DIJON VILLE,5,0.0
PERPIGNAN,DIJON VILLE,6,0.0
PERPIGNAN,DIJON VILLE,7,0.0
PERPIGNAN,DIJON VILLE,8,0.0
PERPIGNAN,DIJON VILLE,9,0.0
PERPIGNAN,DIJON VILLE,10,0.0
PERPIGNAN,DIJON VILLE,11,0.0
PERPIGNAN,DIJON VILLE,12,0.0
PERPIGNAN,DIJON VILLE,13,0.0
PERPIGNAN,DIJON VILLE,14,0.0
PERPIGNAN,DIJON VILLE,15,0.0
PERPIGNAN,DIJON VILLE,16,0.0
PERPIGNAN,DIJON VILLE,17,0.0
PERPIGNAN,DIJON VILLE,18,0.0
PERPIGNAN,DIJON VILLE,19,0.0
PERPIGNAN,DIJON VILLE,20,0.0
PERPIGNAN,DIJON VILLE,21,0.0
PERPIGNAN,DIJON VILLE,22,0.0
PERPIGNAN,DIJON VILLE,23,0.0
PERPIGNAN,DIJON VILLE,24,0.0
PERPIGNAN,DIJON VILLE,25,0.0
PERPIGNAN,DIJON VILLE,26,0.0
PERPIGNAN,DIJON VILLE,27,0.0
PERPIGNAN,DIJON VILLE,28,0.0
PERPIGNAN,DIJON VILLE,29,0.0
PERPIGNAN,DIJON VILLE,30,0.0
PERPIGNAN,LYON (intramuros),0,0.3833333333333333
PERPIGNAN,LYON (intramuros),1,0.3333333333333333
PERPIGNAN,LYON (intramuros),2,0.06666666666666667
PERPIGNAN,LYON (intramuros),3,0.3333333333333333
PERPIGNAN,LYON (intramuros),4,0.0
PERPIGNAN,LYON (intramuros),5,0.0
PERPIGNAN,LYON (intramuros),6,0.0
PERPIGNAN,LYON (intramuros),7,0.0
PERPIGNAN,LYON (intramuros),8,0.0
PERPIGNAN,LYON (intramuros),9,0.0
PERPIGNAN,LYON (intramuros),10,0.0
PERPIGNAN,LYON (intramuros),11,0.0
PERPIGNAN,LYON (intramuros),12,0.0
PERPIGNAN,LYON (intramuros),13,0.0
PERPIGNAN,LYON (intramuros),14,0.0
PERPIGNAN,LYON (intramuros),15,0.0
PERPIGNAN,LYON (intramuros),16,0.0
PERPIGNAN,LYON (intramuros),17,0.0
PERPIGNAN,LYON (intramuros),18,0.0
PERPIGNAN,LYON (intramuros),19,0.0
PERPIGNAN,LYON (intramuros),20,0.0
PERPIGNAN,LYON (intramuros),21,0.0
PERPIGNAN,LYON (intramuros),22,0.0
PERPIGNAN,LYON (intramuros),23,0.0
PERPIGNAN,LYON (intramuros),24,0.0
PERPIGNAN,LYON (intramuros),25,0.0
PERPIGNAN,LYON (intramuros),26,0.0
PERPIGNAN,LYON (intramuros),27,0.0
PERPIGNAN,LYON (intramuros),28,0.0
PERPIGNAN,LYON (intramuros),29,0.0
PERPIGNAN,LYON (intramuros),30,0.0
PERPIGNAN,MONTPELLIER SAINT ROCH,0,0.5833333333333334
PERPIGNAN,MONTPELLIER SAINT ROCH,1,0.36666666666666664
PERPIGNAN,MONTPELLIER SAINT ROCH,2,0.03333333333333333
PERPIGNAN,MONTPELLIER SAINT ROCH,3,0.3
PERPIGNAN,MONTPELLIER SAINT ROCH,4,0.0
PERPIGNAN,MONTPELLIER SAINT ROCH,5,0.0
PERPIGNAN,MONTPELLIER SAINT ROCH,6,0.0
PERPIGNAN,MONTPELLIER SAINT ROCH,7,0.0
PERPIGNAN,MONTPELLIER SAINT ROCH,8,0.0
PERPIGNAN,MONTPELLIER SAINT ROCH,9,0.0
PERPIGNAN,MONTPELLIER SAINT ROCH,10,0.0
PERPIGNAN,MONTPELLIER SAINT ROCH,11,0.0
PERPIGNAN,MONTPELLIER SAINT ROCH,12,0.0
PERPIGNAN,MONTPELLIER SAINT ROCH,13,0.0
PERPIGNAN,MONTPELLIER SAINT ROCH,14,0.0
PERPIGNAN,MONTPELLIER SAINT ROCH,15,0.0
PERPIGNAN,MONTPELLIER SAINT ROCH,16,0.0
PERPIGNAN,MONTPELLIER SAINT ROCH,17,0.0
PERPIGNAN,MONTPELLIER SAINT ROCH,18,0.0
PERPIGNAN,MONTPELLIER SAINT ROCH,19,0.0
PERPIGNAN,MONTPELLIER SAINT ROCH,20,0.0
PERPIGNAN,MONTPELLIER SAINT ROCH,21,0.0
PERPIGNAN,MONTPELLIER SAINT ROCH,22,0.0
PERPIGNAN,MONTPELLIER SAINT ROCH,23,0.0
PERPIGNAN,MONTPELLIER SAINT ROCH,24,0.0
PERPIGNAN,MONTPELLIER SAINT ROCH,25,0.0
PERPIGNAN,MONTPELLIER SAINT ROCH,26,0.0
PERPIGNAN,MONTPELLIER SAINT ROCH,27,0.0
PERPIGNAN,MONTPELLIER SAINT ROCH,28,0.0
PERPIGNAN,MONTPELLIER SAINT ROCH,29,0.0
PERPIGNAN,MONTPELLIER SAINT ROCH,30,0.0
PERPIGNAN,MULHOUSE VILLE,0,0.3833333333333333
PERPIGNAN,MULHOUSE VILLE,1,0.31666666666666665
PERPIGNAN,MULHOUSE VILLE,2,0.049999999999999996
PERPIGNAN,MULHOUSE VILLE,3,0.3333333333333333
PERPIGNAN,MULHOUSE VILLE,4,0.0
PERPIGNAN,MULHOUSE VILLE,5,0.0
PERPIGNAN,MULHOUSE VILLE,6,0.0
PERPIGNAN,MULHOUSE VILLE,7,0.0
PERPIGNAN,MULHOUSE VILLE,8,0.0
PERPIGNAN,MULHOUSE VILLE,9,0.03333333333333333
PERPIGNAN,MULHOUSE VILLE,10,0.0
PERPIGNAN,MULHOUSE VILLE,11,0.0
PERPIGNAN,MULHOUSE VILLE,12,0.0
PERPIGNAN,MULHOUSE VILLE,13,0.0
PERPIGNAN,MULHOUSE VILLE,14,0.0
PERPIGNAN,MULHOUSE VILLE,15,0.0
PERPIGNAN,MULHOUSE VILLE,16,0.0
PERPIGNAN,MULHOUSE VILLE,17,0.0
PERPIGNAN,MULHOUSE VILLE,18,0.0
PERPIGNAN,MULHOUSE VILLE,19,0.0
PERPIGNAN,MULHOUSE VILLE,20,0.0
PERPIGNAN,MULHOUSE VILLE,21,0.0
PERPIGNAN,MULHOUSE VILLE,22,0.0
PERPIGNAN,MULHOUSE VILLE,23,0.0
PERPIGNAN,MULHOUSE VILLE,24,0.0
PERPIGNAN,MULHOUSE VILLE,25,0.0
PERPIGNAN,MULHOUSE VILLE,26,0.0
PERPIGNAN,MULHOUSE VILLE,27,0.0
PERPIGNAN,MULHOUSE VILLE,28,0.0
PERPIGNAN,MULHOUSE VILLE,29,0.0
PERPIGNAN,MULHOUSE VILLE,30,0.0
PERPIGNAN,NARBONNE,0,0.5666666666666667
PERPIGNAN,NARBONNE,1,0.35000000000000003
PERPIGNAN,NARBONNE,2,0.049999999999999996
PERPIGNAN,NARBONNE,3,0.26666666666666666
PERPIGNAN,NARBONNE,4,0.0
PERPIGNAN,NARBONNE,5,0.0
PERPIGNAN,NARBONNE,6,0.0
PERPIGNAN,NARBONNE,7,0.0
PERPIGNAN,NARBONNE,8,0.0
PERPIGNAN,NARBONNE,9,0.0
PERPIGNAN,NARBONNE,10,0.0
PERPIGNAN,NARBONNE,11,0.0
PERPIGNAN,NARBONNE,12,0.0
PERPIGNAN,NARBONNE,13,0.0
PERPIGNAN,NARBONNE,14,0.0
PERPIGNAN,NARBONNE,15,0.0
PERPIGNAN,NARBONNE,16,0.0
PERPIGNAN,NARBONNE,17,0.0
PERPIGNAN,NARBONNE,18,0.0
PERPIGNAN,NARBONNE,19,0.0
PERPIGNAN,NARBONNE,20,0.0
PERPIGNAN,NARBONNE,21,0.0
PERPIGNAN,NARBONNE,22,0.0
PERPIGNAN,NARBONNE,23,0.0
PERPIGNAN,NARBONNE,24,0.0
PERPIGNAN,NARBONNE,25,0.0
PERPIGNAN,NARBONNE,26,0.0
PERPIGNAN,NARBONNE,27,0.0
PERPIGNAN,NARBONNE,28,0.0
PERPIGNAN,NARBONNE,29,0.0
PERPIGNAN,NARBONNE,30,0.0
PERPIGNAN,NIMES CENTRE,0,0.5333333333333333
PERPIGNAN,NIMES CENTRE,1,0.31666666666666665
PERPIGNAN,NIMES CENTRE,2,0.05000000000000001
PERPIGNAN,NIMES CENTRE,3,0.3333333333333333
PERPIGNAN,NIMES CENTRE,4,0.0
PERPIGNAN,NIMES CENTRE,5,0.0
PERPIGNAN,NIMES CENTRE,6,0.0
PERPIGNAN,NIMES CENTRE,7,0.0
PERPIGNAN,NIMES CENTRE,8,0.0
PERPIGNAN,NIMES CENTRE,9,0.016666666666666666
PERPIGNAN,NIMES CENTRE,10,0.0
PERPIGNAN,NIMES CENTRE,11,0.0
PERPIGNAN,NIMES CENTRE,12,0.0
PERPIGNAN,NIMES CENTRE,13,0.0
PERPIGNAN,NIMES CENTRE,14,0.0
PERPIGNAN,NIMES CENTRE,15,0.0
PERPIGNAN,NIMES CENTRE,16,0.0
PERPIGNAN,NIMES CENTRE,17,0.0
PERPIGNAN,NIMES CENTRE,18,0.0
PERPIGNAN,NIMES CENTRE,19,0.0
PERPIGNAN,NIMES CENTRE,20,0.0
PERPIGNAN,NIMES CENTRE,21,0.0
PERPIGNAN,NIMES CENTRE,22,0.0
PERPIGNAN,NIMES CENTRE,23,0.0
PERPIGNAN,NIMES CENTRE,24,0.0
PERPIGNAN,NIMES CENTRE,25,0.0
PERPIGNAN,NIMES CENTRE,26,0.0
PERPIGNAN,NIMES CENTRE,27,0.0
PERPIGNAN,NIMES CENTRE,28,0.0
PERPIGNAN,NIMES CENTRE,29,0.0
PERPIGNAN,NIMES CENTRE,30,0.0
PERPIGNAN,SETE,0,0.6
PERPIGNAN,SETE,1,0.3666666666666667
PERPIGNAN,SETE,2,0.09999999999999999
PERPIGNAN,SETE,3,0.3
PERPIGNAN,SETE,4,0.0
PERPIGNAN,SETE,5,0.0
PERPIGNAN,SETE,6,0.0
PERPIGNAN,SETE,7,0.0
PERPIGNAN,SETE,8,0.0
PERPIGNAN,SETE,9,0.0
PERPIGNAN,SETE,10,0.0
PERPIGNAN,SETE,11,0.0
PERPIGNAN,SETE,12,0.0
PERPIGNAN,SETE,13,0.0
PERPIGNAN,SETE,14,0.0
PERPIGNAN,SETE,15,0.0
PERPIGNAN,SETE,16,0.0
PERPIGNAN,SETE,17,0.0
PERPIGNAN,SETE,18,0.0
PERPIGNAN,SETE,19,0.0
PERPIGNAN,SETE,20,0.0
PERPIGNAN,SETE,21,0.0
PERPIGNAN,SETE,22,0.0
PERPIGNAN,SETE,23,0.0
PERPIGNAN,SETE,24,0.0
PERPIGNAN,SETE,25,0.0
PERPIGNAN,SETE,26,0.0
PERPIGNAN,SETE,27,0.0
PERPIGNAN,SETE,28,0.0
PERPIGNAN,SETE,29,0.0
PERPIGNAN,SETE,30,0.0
PERPIGNAN,STRASBOURG,0,0.3333333333333333
PERPIGNAN,STRASBOURG,1,0.3333333333333333
PERPIGNAN,STRASBOURG,2,0.11666666666666665
PERPIGNAN,STRASBOURG,3,0.3333333333333333
PERPIGNAN,STRASBOURG,4,0.016666666666666666
PERPIGNAN,STRASBOURG,5,0.0
PERPIGNAN,STRASBOURG,6,0.0
PERPIGNAN,STRASBOURG,7,0.016666666666666666
PERPIGNAN,STRASBOURG,8,0.0
PERPIGNAN,STRASBOURG,9,0.0
PERPIGNAN,STRASBOURG,10,0.016666666666666666
PERPIGNAN,STRASBOURG,11,0.016666666666666666
PERPIGNAN,STRASBOURG,12,0.0
PERPIGNAN,STRASBOURG,13,0.0
PERPIGNAN,STRASBOURG,14,0.0
PERPIGNAN,STRASBOURG,15,0.0
PERPIGNAN,STRASBOURG,16,0.0
PERPIGNAN,STRASBOURG,17,0.0
PERPIGNAN,STRASBOURG,18,0.0
PERPIGNAN,STRASBOURG,19,0.0
PERPIGNAN,STRASBOURG,20,0.0
PERPIGNAN,STRASBOURG,21,0.0
PERPIGNAN,STRASBOURG,22,0.0
PERPIGNAN,STRASBOURG,23,0.0
PERPIGNAN,STRASBOURG,24,0.0
PERPIGNAN,STRASBOURG,25,0.0
PERPIGNAN,STRASBOURG,26,0.0
PERPIGNAN,STRASBOURG,27,0.0
PERPIGNAN,STRASBOURG,28,0.0
PERPIGNAN,STRASBOURG,29,0.0
PERPIGNAN,STRASBOURG,30,0.0
SETE,BELFORT MONTBELIARD TGV,0,0.3166666666666667
SETE,BELFORT MONTBELIARD TGV,1,0.3
SETE,BELFORT MONTBELIARD TGV,2,0.06666666666666667
SETE,BELFORT MONTBELIARD TGV,3,0.2833333333333333
SETE,BELFORT MONTBELIARD TGV,4,0.0
SETE,BELFORT MONTBELIARD TGV,5,0.0
SETE,BELFORT MONTBELIARD TGV,6,0.0
SETE,BELFORT MONTBELIARD TGV,7,0.0
SETE,BELFORT MONTBELIARD TGV,8,0.0
SETE,BELFORT MONTBELIARD TGV,9,0.0
SETE,BELFORT MONTBELIARD TGV,10,0.0
SETE,BELFORT MONTBELIARD TGV,11,0.0
SETE,BELFORT MONTBELIARD TGV,12,0.0
SETE,BELFORT MONTBELIARD TGV,13,0.0
SETE,BELFORT MONTBELIARD TGV,14,0.0
SETE,BELFORT MONTBELIARD TGV,15,0.0
SETE,BELFORT MONTBELIARD TGV,16,0.0
SETE,BELFORT MONTBELIARD TGV,17,0.0
SETE,BELFORT MONTBELIARD TGV,18,0.0
SETE,BELFORT MONTBELIARD TGV,19,0.0
SETE,BELFORT MONTBELIARD TGV,20,0.0
SETE,BELFORT MONTBELIARD TGV,21,0.0
SETE,BELFORT MONTBELIARD TGV,22,0.0
SETE,BELFORT MONTBELIARD TGV,23,0.0
SETE,BELFORT MONTBELIARD TGV,24,0.0
SETE,BELFORT MONTBELIARD TGV,25,0.0
SETE,BELFORT MONTBELIARD TGV,26,0.0
SETE,BELFORT MONTBELIARD TGV,27,0.0
SETE,BELFORT MONTBELIARD TGV,28,0.0
SETE,BELFORT MONTBELIARD TGV,29,0.0
SETE,BELFORT MONTBELIARD TGV,30,0.0
SETE,BESANCON FRANCHE COMTE TGV,0,0.3333333333333333
SETE,BESANCON FRANCHE COMTE TGV,1,0.3333333333333333
SETE,BESANCON FRANCHE COMTE TGV,2,0.049999999999999996
SETE,BESANCON FRANCHE COMTE TGV,3,0.3
SETE,BESANCON FRANCHE COMTE TGV,4,0.0
SETE,BESANCON FRANCHE COMTE TGV,5,0.0
SETE,BESANCON FRANCHE COMTE TGV,6,0.0
SETE,BESANCON FRANCHE COMTE TGV,7,0.0
SETE,BESANCON FRANCHE COMTE TGV,8,0.0
SETE,BESANCON FRANCHE COMTE TGV,9,0.0
SETE,BESANCON FRANCHE COMTE TGV,10,0.0
SETE,BESANCON FRANCHE COMTE TGV,11,0.0
SETE,BESANCON FRANCHE COMTE TGV,12,0.0
SETE,BESANCON FRANCHE COMTE TGV,13,0.0
SETE,BESANCON FRANCHE COMTE TGV,14,0.0
SETE,BESANCON FRANCHE COMTE TGV,15,0.0
SETE,BESANCON FRANCHE COMTE TGV,16,0.0
SETE,BESANCON FRANCHE COMTE TGV,17,0.0
SETE,BESANCON FRANCHE COMTE TGV,18,0.0
SETE,BESANCON FRANCHE COMTE TGV,19,0.0
SETE,BESANCON FRANCHE COMTE TGV,20,0.0
SETE,BESANCON FRANCHE COMTE TGV,21,0.0
SETE,BESANCON FRANCHE COMTE TGV,22,0.0
SETE,BESANCON FRANCHE COMTE TGV,23,0.0
SETE,BESANCON FRANCHE COMTE TGV,24,0.0
SETE,BESANCON FRANCHE COMTE TGV,25,0.0
SETE,BESANCON FRANCHE COMTE TGV,26,0.0
SETE,BESANCON FRANCHE COMTE TGV,27,0.0
SETE,BESANCON FRANCHE COMTE TGV,28,0.0
SETE,BESANCON FRANCHE COMTE TGV,29,0.0
SETE,BESANCON FRANCHE COMTE TGV,30,0.0
SETE,CHALON SUR SAONE,0,0.3
SETE,CHALON SUR SAONE,1,0.2833333333333333
SETE,CHALON SUR SAONE,2,0.03333333333333333
SETE,CHALON SUR SAONE,3,0.3
SETE,CHALON SUR SAONE,4,0.016666666666666666
SETE,CHALON SUR SAONE,5,0.0
SETE,CHALON SUR SAONE,6,0.0
SETE,CHALON SUR SAONE,7,0.0
SETE,CHALON SUR SAONE,8,0.0
SETE,CHALON SUR SAONE,9,0.0
SETE,CHALON SUR SAONE,10,0.0
SETE,CHALON SUR SAONE,11,0.0
SETE,CHALON SUR SAONE,12,0.0
SETE,CHALON SUR SAONE,13,0.0
SETE,CHALON SUR SAONE,14,0.0
SETE,CHALON SUR SAONE,15,0.0
SETE,CHALON SUR SAONE,16,0.0
SETE,CHALON SUR SAONE,17,0.0
SETE,CHALON SUR SAONE,18,0.0
SETE,CHALON SUR SAONE,19,0.0
SETE,CHALON SUR SAONE,20,0.0
SETE,CHALON SUR SAONE,21,0.0
SETE,CHALON SUR SAONE,22,0.0
SETE,CHALON SUR SAONE,23,0.0
SETE,CHALON SUR SAONE,24,0.0
SETE,CHALON SUR SAONE,25,0.0
SETE,CHALON SUR SAONE,26,0.0
SETE,CHALON SUR SAONE,27,0.0
SETE,CHALON SUR SAONE,28,0.0
SETE,CHALON SUR SAONE,29,0.0
SETE,CHALON SUR SAONE,30,0.0
SETE,COLMAR,0,0.35000000000000003
SETE,COLMAR,1,0.31666666666666665
SETE,COLMAR,2,0.11666666666666665
SETE,COLMAR,3,0.3333333333333333
SETE,COLMAR,4,0.0
SETE,COLMAR,5,0.0
SETE,COLMAR,6,0.0
SETE,COLMAR,7,0.0
SETE,COLMAR,8,0.0
SETE,COLMAR,9,0.0
SETE,COLMAR,10,0.0
SETE,COLMAR,11,0.0
SETE,COLMAR,12,0.0
SETE,COLMAR,13,0.0
SETE,COLMAR,14,0.0
SETE,COLMAR,15,0.0
SETE,COLMAR,16,0.0
SETE,COLMAR,17,0.0
SETE,COLMAR,18,0.0
SETE,COLMAR,19,0.0
SETE,COLMAR,20,0.0
SETE,COLMAR,21,0.0
SETE,COLMAR,22,0.0
SETE,COLMAR,23,0.0
SETE,COLMAR,24,0.0
SETE,COLMAR,25,0.0
SETE,COLMAR,26,0.0
SETE,COLMAR,27,0.0
SETE,COLMAR,28,0.0
SETE,COLMAR,29,0.0
SETE,COLMAR,30,0.0
SETE,DIJON VILLE,0,0.3833333333333333
SETE,DIJON VILLE,1,0.2833333333333333
SETE,DIJON VILLE,2,0.08333333333333333
SETE,DIJON VILLE,3,0.3333333333333333
SETE,DIJON VILLE,4,0.0
SETE,DIJON VILLE,5,0.0
SETE,DIJON VILLE,6,0.0
SETE,DIJON VILLE,7,0.0
SETE,DIJON VILLE,8,0.0
SETE,DIJON VILLE,9,0.0
SETE,DIJON VILLE,10,0.0
SETE,DIJON VILLE,11,0.0
SETE,DIJON VILLE,12,0.0
SETE,DIJON VILLE,13,0.0
SETE,DIJON VILLE,14,0.0
SETE,DIJON VILLE,15,0.0
SETE,DIJON VILLE,16,0.0
SETE,DIJON VILLE,17,0.0
SETE,DIJON VILLE,18,0.0
SETE,DIJON VILLE,19,0.0
SETE,DIJON VILLE,20,0.0
SETE,DIJON VILLE,21,0.0
SETE,DIJON VILLE,22,0.0
SETE,DIJON VILLE,23,0.0
SETE,DIJON VILLE,24,0.0
SETE,DIJON VILLE,25,0.0
SETE,DIJON VILLE,26,0.0
SETE,DIJON VILLE,27,0.0
SETE,DIJON VILLE,28,0.0
SETE,DIJON VILLE,29,0.0
SETE,DIJON VILLE,30,0.0
SETE,LYON (intramuros),0,0.3166666666666667
SETE,LYON (intramuros),1,0.3
SETE,LYON (intramuros),2,0.03333333333333333
SETE,LYON (intramuros),3,0.2833333333333334
SETE,LYON (intramuros),4,0.0
SETE,LYON (intramuros),5,0.0
SETE,LYON (intramuros),6,0.0
SETE,LYON (intramuros),7,0.0
SETE,LYON (intramuros),8,0.0
SETE,LYON (intramuros),9,0.0
SETE,LYON (intramuros),10,0.0
SETE,LYON (intramuros),11,0.0
SETE,LYON (intramuros),12,0.0
SETE,LYON (intramuros),13,0.0
SETE,LYON (intramuros),14,0.0
SETE,LYON (intramuros),15,0.0
SETE,LYON (intramuros),16,0.0
SETE,LYON (intramuros),17,0.0
SETE,LYON (intramuros),18,0.0
SETE,LYON (intramuros),19,0.0
SETE,LYON (intramuros),20,0.0
SETE,LYON (intramuros),21,0.0
SETE,LYON (intramuros),22,0.0
SETE,LYON (intramuros),23,0.0
SETE,LYON (intramuros),24,0.0
SETE,LYON (intramuros),25,0.0
SETE,LYON (intramuros),26,0.0
SETE,LYON (intramuros),27,0.0
SETE,LYON (intramuros),28,0.0
SETE,LYON (intramuros),29,0.0
SETE,LYON (intramuros),30,0.0
SETE,MONTPELLIER SAINT ROCH,0,0.5166666666666666
SETE,MONTPELLIER SAINT ROCH,1,0.3833333333333333
SETE,MONTPELLIER SAINT ROCH,2,0.09999999999999999
SETE,MONTPELLIER SAINT ROCH,3,0.2833333333333333
SETE,MONTPELLIER SAINT ROCH,4,0.0
SETE,MONTPELLIER SAINT ROCH,5,0.0
SETE,MONTPELLIER SAINT ROCH,6,0.0
SETE,MONTPELLIER SAINT ROCH,7,0.0
SETE,MONTPELLIER SAINT ROCH,8,0.0
SETE,MONTPELLIER SAINT ROCH,9,0.0
SETE,MONTPELLIER SAINT ROCH,10,0.0
SETE,MONTPELLIER SAINT ROCH,11,0.0
SETE,MONTPELLIER SAINT ROCH,12,0.0
SETE,MONTPELLIER SAINT ROCH,13,0.0
SETE,MONTPELLIER SAINT ROCH,14,0.0
SETE,MONTPELLIER SAINT ROCH,15,0.0
SETE,MONTPELLIER SAINT ROCH,16,0.0
SETE,MONTPELLIER SAINT ROCH,17,0.0
SETE,MONTPELLIER SAINT ROCH,18,0.0
SETE,MONTPELLIER SAINT ROCH,19,0.0
SETE,MONTPELLIER SAINT ROCH,20,0.0
SETE,MONTPELLIER SAINT ROCH,21,0.0
SETE,MONTPELLIER SAINT ROCH,22,0.0
SETE,MONTPELLIER SAINT ROCH,23,0.0
SETE,MONTPELLIER SAINT ROCH,24,0.0
SETE,MONTPELLIER SAINT ROCH,25,0.0
SETE,MONTPELLIER SAINT ROCH,26,0.0
SETE,MONTPELLIER SAINT ROCH,27,0.0
SETE,MONTPELLIER SAINT ROCH,28,0.0
SETE,MONTPELLIER SAINT ROCH,29,0.0
SETE,MONTPELLIER SAINT ROCH,30,0.0
SETE,MULHOUSE VILLE,0,0.3833333333333333
SETE,MULHOUSE VILLE,1,0.35000000000000003
SETE,MULHOUSE VILLE,2,0.08333333333333333
SETE,MULHOUSE VILLE,3,0.26666666666666666
SETE,MULHOUSE VILLE,4,0.016666666666666666
SETE,MULHOUSE VILLE,5,0.0
SETE,MULHOUSE VILLE,6,0.0
SETE,MULHOUSE VILLE,7,0.0
SETE,MULHOUSE VILLE,8,0.0
SETE,MULHOUSE VILLE,9,0.016666666666666666
SETE,MULHOUSE VILLE,10,0.016666666666666666
SETE,MULHOUSE VILLE,11,0.0
SETE,MULHOUSE VILLE,12,0.0
SETE,MULHOUSE VILLE,13,0.016666666666666666
SETE,MULHOUSE VILLE,14,0.016666666666666666
SETE,MULHOUSE VILLE,15,0.0
SETE,MULHOUSE VILLE,16,0.0
SETE,MULHOUSE VILLE,17,0.0
SETE,MULHOUSE VILLE,18,0.0
SETE,MULHOUSE VILLE,19,0.0
SETE,MULHOUSE VILLE,20,0.0
SETE,MULHOUSE VILLE,21,0.0
SETE,MULHOUSE VILLE,22,0.0
SETE,MULHOUSE VILLE,23,0.0
SETE,MULHOUSE VILLE,24,0.0
SETE,MULHOUSE VILLE,25,0.0
SETE,MULHOUSE VILLE,26,0.0
SETE,MULHOUSE VILLE,27,0.0
SETE,MULHOUSE VILLE,28,0.0
SETE,MULHOUSE VILLE,29,0.0
SETE,MULHOUSE VILLE,30,0.0
SETE,NIMES CENTRE,0,0.5666666666666668
SETE,NIMES CENTRE,1,0.31666666666666665
SETE,NIMES CENTRE,2,0.049999999999999996
SETE,NIMES CENTRE,3,0.3
SETE,NIMES CENTRE,4,0.0
SETE,NIMES CENTRE,5,0.0
SETE,NIMES CENTRE,6,0.0
SETE,NIMES CENTRE,7,0.0
SETE,NIMES CENTRE,8,0.0
SETE,NIMES CENTRE,9,0.0
SETE,NIMES CENTRE,10,0.0
SETE,NIMES CENTRE,11,0.0
SETE,NIMES CENTRE,12,0.0
SETE,NIMES CENTRE,13,0.0
SETE,NIMES CENTRE,14,0.0
SETE,NIMES CENTRE,15,0.0
SETE,NIMES CENTRE,16,0.0
SETE,NIMES CENTRE,17,0.0
SETE,NIMES CENTRE,18,0.0
SETE,NIMES CENTRE,19,0.0
SETE,NIMES CENTRE,20,0.0
SETE,NIMES CENTRE,21,0.0
SETE,NIMES CENTRE,22,0.0
SETE,NIMES CENTRE,23,0.0
SETE,NIMES CENTRE,24,0.0
SETE,NIMES CENTRE,25,0.0
SETE,NIMES CENTRE,26,0.0
SETE,NIMES CENTRE,27,0.0
SETE,NIMES CENTRE,28,0.0
SETE,NIMES CENTRE,29,0.0
SETE,NIMES CENTRE,30,0.0
SETE,STRASBOURG,0,0.3833333333333333
SETE,STRASBOURG,1,0.43333333333333335
SETE,STRASBOURG,2,0.05000000000000001
SETE,STRASBOURG,3,0.31666666666666665
SETE,STRASBOURG,4,0.0
SETE,STRASBOURG,5,0.0
SETE,STRASBOURG,6,0.0
SETE,STRASBOURG,7,0.0
SETE,STRASBOURG,8,0.0
SETE,STRASBOURG,9,0.016666666666666666
SETE,STRASBOURG,10,0.016666666666666666
SETE,STRASBOURG,11,0.0
SETE,STRASBOURG,12,0.0
SETE,STRASBOURG,13,0.0
SETE,STRASBOURG,14,0.0
SETE,STRASBOURG,15,0.0
SETE,STRASBOURG,16,0.0
SETE,STRASBOURG,17,0.0
SETE,STRASBOURG,18,0.0
SETE,STRASBOURG,19,0.0
SETE,STRASBOURG,20,0.0
SETE,STRASBOURG,21,0.0
SETE,STRASBOURG,22,0.0
SETE,STRASBOURG,23,0.0
SETE,STRASBOURG,24,0.0
SETE,STRASBOURG,25,0.0
SETE,STRASBOURG,26,0.0
SETE,STRASBOURG,27,0.0
SETE,STRASBOURG,28,0.0
SETE,STRASBOURG,29,0.0
SETE,STRASBOURG,30,0.0
ST RAPHAEL VALESCURE,AIX EN PROVENCE TGV,0,0.2471074380165289
ST RAPHAEL VALESCURE,AIX EN PROVENCE TGV,1,0.3012295081967213
ST RAPHAEL VALESCURE,AIX EN PROVENCE TGV,2,0.32355371900826446
ST RAPHAEL VALESCURE,AIX EN PROVENCE TGV,3,0.3729508196721312
ST RAPHAEL VALESCURE,AIX EN PROVENCE TGV,4,0.17131147540983604
ST RAPHAEL VALESCURE,AIX EN PROVENCE TGV,5,0.15826446280991735
ST RAPHAEL VALESCURE,AIX EN PROVENCE TGV,6,0.15206611570247933
ST RAPHAEL VALESCURE,AIX EN PROVENCE TGV,7,0.13677685950413224
ST RAPHAEL VALESCURE,AIX EN PROVENCE TGV,8,0.13677685950413224
ST RAPHAEL VALESCURE,AIX EN PROVENCE TGV,9,0.14173553719008264
ST RAPHAEL VALESCURE,AIX EN PROVENCE TGV,10,0.1430327868852459
ST RAPHAEL VALESCURE,AIX EN PROVENCE TGV,11,0.13388429752066114
ST RAPHAEL VALESCURE,AIX EN PROVENCE TGV,12,0.14834710743801652
ST RAPHAEL VALESCURE,AIX EN PROVENCE TGV,13,0.15286885245901638
ST RAPHAEL VALESCURE,AIX EN PROVENCE TGV,14,0.15491803278688523
ST RAPHAEL VALESCURE,AIX EN PROVENCE TGV,15,0.1545081967213115
ST RAPHAEL VALESCURE,AIX EN PROVENCE TGV,16,0.16239669421487601
ST RAPHAEL VALESCURE,AIX EN PROVENCE TGV,17,0.1680327868852459
ST RAPHAEL VALESCURE,AIX EN PROVENCE TGV,18,0.16475409836065574
ST RAPHAEL VALESCURE,AIX EN PROVENCE TGV,19,0.16570247933884297
ST RAPHAEL VALESCURE,AIX EN PROVENCE TGV,20,0.15826446280991735
ST RAPHAEL VALESCURE,AIX EN PROVENCE TGV,21,0.16434426229508198
ST RAPHAEL VALESCURE,AIX EN PROVENCE TGV,22,0.16311475409836065
ST RAPHAEL VALESCURE,AIX EN PROVENCE TGV,23,0.1709016393442623
ST RAPHAEL VALESCURE,AIX EN PROVENCE TGV,24,0.17950819672131146
ST RAPHAEL VALESCURE,AIX EN PROVENCE TGV,25,0.18524590163934426
ST RAPHAEL VALESCURE,AIX EN PROVENCE TGV,26,0.17727272727272728
ST RAPHAEL VALESCURE,AIX EN PROVENCE TGV,27,0.17868852459016393
ST RAPHAEL VALESCURE,AIX EN PROVENCE TGV,28,0.1848360655737705
ST RAPHAEL VALESCURE,AIX EN PROVENCE TGV,29,0.17950819672131146
ST RAPHAEL VALESCURE,AIX EN PROVENCE TGV,30,0.0256198347107438
ST RAPHAEL VALESCURE,AVIGNON TGV,0,0.24338842975206612
ST RAPHAEL VALESCURE,AVIGNON TGV,1,0.29221311475409834
ST RAPHAEL VALESCURE,AVIGNON TGV,2,0.3305785123966942
ST RAPHAEL VALESCURE,AVIGNON TGV,3,0.3721311475409836
ST RAPHAEL VALESCURE,AVIGNON TGV,4,0.1709016393442623
ST RAPHAEL VALESCURE,AVIGNON TGV,5,0.15950413223140497
ST RAPHAEL VALESCURE,AVIGNON TGV,6,0.15413223140495866
ST RAPHAEL VALESCURE,AVIGNON TGV,7,0.14049586776859505
ST RAPHAEL VALESCURE,AVIGNON TGV,8,0.14008264462809916
ST RAPHAEL VALESCURE,AVIGNON TGV,9,0.14256198347107438
ST RAPHAEL VALESCURE,AVIGNON TGV,10,0.14385245901639346
ST RAPHAEL VALESCURE,AVIGNON TGV,11,0.13388429752066114
ST RAPHAEL VALESCURE,AVIGNON TGV,12,0.14917355371900828
ST RAPHAEL VALESCURE,AVIGNON TGV,13,0.15327868852459015
ST RAPHAEL VALESCURE,AVIGNON TGV,14,0.15368852459016394
ST RAPHAEL VALESCURE,AVIGNON TGV,15,0.1557377049180328
ST RAPHAEL VALESCURE,AVIGNON TGV,16,0.1628099173553719
ST RAPHAEL VALESCURE,AVIGNON TGV,17,0.17049180327868854
ST RAPHAEL VALESCURE,AVIGNON TGV,18,0.16598360655737704
ST RAPHAEL VALESCURE,AVIGNON TGV,19,0.16487603305785123
ST RAPHAEL VALESCURE,AVIGNON TGV,20,0.15950413223140497
ST RAPHAEL VALESCURE,AVIGNON TGV,21,0.16229508196721312
ST RAPHAEL VALESCURE,AVIGNON TGV,22,0.16229508196721312
ST RAPHAEL VALESCURE,AVIGNON TGV,23,0.1733606557377049
ST RAPHAEL VALESCURE,AVIGNON TGV,24,0.17991803278688523
ST RAPHAEL VALESCURE,AVIGNON TGV,25,0.18155737704918032
ST RAPHAEL VALESCURE,AVIGNON TGV,26,0.1768595041322314
ST RAPHAEL VALESCURE,AVIGNON TGV,27,0.17827868852459017
ST RAPHAEL VALESCURE,AVIGNON TGV,28,0.18524590163934426
ST RAPHAEL VALESCURE,AVIGNON TGV,29,0.18278688524590164
ST RAPHAEL VALESCURE,AVIGNON TGV,30,0.022727272727272728
ST RAPHAEL VALESCURE,BEAUNE,0,0.2330578512396694
ST RAPHAEL VALESCURE,BEAUNE,1,0.27295081967213114
ST RAPHAEL VALESCURE,BEAUNE,2,0.32355371900826446
ST RAPHAEL VALESCURE,BEAUNE,3,0.32786885245901637
ST RAPHAEL VALESCURE,BEAUNE,4,0.1290983606557377
ST RAPHAEL VALESCURE,BEAUNE,5,0.12520661157024793
ST RAPHAEL VALESCURE,BEAUNE,6,0.12396694214876033
ST RAPHAEL VALESCURE,BEAUNE,7,0.11115702479338842
ST RAPHAEL VALESCURE,BEAUNE,8,0.1024793388429752
ST RAPHAEL VALESCURE,BEAUNE,9,0.10082644628099173
ST RAPHAEL VALESCURE,BEAUNE,10,0.09999999999999999
ST RAPHAEL VALESCURE,BEAUNE,11,0.10206611570247934
ST RAPHAEL VALESCURE,BEAUNE,12,0.11404958677685952
ST RAPHAEL VALESCURE,BEAUNE,13,0.11434426229508196
ST RAPHAEL VALESCURE,BEAUNE,14,0.10860655737704918
ST RAPHAEL VALESCURE,BEAUNE,15,0.10655737704918032
ST RAPHAEL VALESCURE,BEAUNE,16,0.10826446280991735
ST RAPHAEL VALESCURE,BEAUNE,17,0.1069672131147541
ST RAPHAEL VALESCURE,BEAUNE,18,0.1069672131147541
ST RAPHAEL VALESCURE,BEAUNE,19,0.10785123966942149
ST RAPHAEL VALESCURE,BEAUNE,20,0.10743801652892562
ST RAPHAEL VALESCURE,BEAUNE,21,0.10573770491803279
ST RAPHAEL VALESCURE,BEAUNE,22,0.09918032786885246
ST RAPHAEL VALESCURE,BEAUNE,23,0.0987704918032787
ST RAPHAEL VALESCURE,BEAUNE,24,0.09918032786885246
ST RAPHAEL VALESCURE,BEAUNE,25,0.09999999999999999
ST RAPHAEL VALESCURE,BEAUNE,26,0.09958677685950414
ST RAPHAEL VALESCURE,BEAUNE,27,0.09918032786885246
ST RAPHAEL VALESCURE,BEAUNE,28,0.09836065573770492
ST RAPHAEL VALESCURE,BEAUNE,29,0.09754098360655739
ST RAPHAEL VALESCURE,BEAUNE,30,0.009917355371900827
ST RAPHAEL VALESCURE,BELFORT MONTBELIARD TGV,0,0.2693548387096774
ST RAPHAEL VALESCURE,BELFORT MONTBELIARD TGV,1,0.3236
ST RAPHAEL VALESCURE,BELFORT MONTBELIARD TGV,2,0.3540322580645161
ST RAPHAEL VALESCURE,BELFORT MONTBELIARD TGV,3,0.3932
ST RAPHAEL VALESCURE,BELFORT MONTBELIARD TGV,4,0.10959999999999999
ST RAPHAEL VALESCURE,BELFORT MONTBELIARD TGV,5,0.10362903225806451
ST RAPHAEL VALESCURE,BELFORT MONTBELIARD TGV,6,0.11290322580645161
ST RAPHAEL VALESCURE,BELFORT MONTBELIARD TGV,7,0.10806451612903226
ST RAPHAEL VALESCURE,BELFORT MONTBELIARD TGV,8,0.1064516129032258
ST RAPHAEL VALESCURE,BELFORT MONTBELIARD TGV,9,0.1064516129032258
ST RAPHAEL VALESCURE,BELFORT MONTBELIARD TGV,10,0.1024
ST RAPHAEL VALESCURE,BELFORT MONTBELIARD TGV,11,0.10524193548387098
ST RAPHAEL VALESCURE,BELFORT MONTBELIARD TGV,12,0.11169354838709677
ST RAPHAEL VALESCURE,BELFORT MONTBELIARD TGV,13,0.11120000000000001
ST RAPHAEL VALESCURE,BELFORT MONTBELIARD TGV,14,0.106
ST RAPHAEL VALESCURE,BELFORT MONTBELIARD TGV,15,0.106
ST RAPHAEL VALESCURE,BELFORT MONTBELIARD TGV,16,0.10483870967741936
ST RAPHAEL VALESCURE,BELFORT MONTBELIARD TGV,17,0.1044
ST RAPHAEL VALESCURE,BELFORT MONTBELIARD TGV,18,0.1032
ST RAPHAEL VALESCURE,BELFORT MONTBELIARD TGV,19,0.10524193548387098
ST RAPHAEL VALESCURE,BELFORT MONTBELIARD TGV,20,0.10524193548387098
ST RAPHAEL VALESCURE,BELFORT MONTBELIARD TGV,21,0.1032
ST RAPHAEL VALESCURE,BELFORT MONTBELIARD TGV,22,0.0964
ST RAPHAEL VALESCURE,BELFORT MONTBELIARD TGV,23,0.0968
ST RAPHAEL VALESCURE,BELFORT MONTBELIARD TGV,24,0.0964
ST RAPHAEL VALESCURE,BELFORT MONTBELIARD TGV,25,0.0964
ST RAPHAEL VALESCURE,BELFORT MONTBELIARD TGV,26,0.09717741935483871
ST RAPHAEL VALESCURE,BELFORT MONTBELIARD TGV,27,0.0968
ST RAPHAEL VALESCURE,BELFORT MONTBELIARD TGV,28,0.0964
ST RAPHAEL VALESCURE,BELFORT MONTBELIARD TGV,29,0.09639999999999999
ST RAPHAEL VALESCURE,BELFORT MONTBELIARD TGV,30,0.0064516129032258064
ST RAPHAEL VALESCURE,BESANCON FRANCHE COMTE TGV,0,0.24072580645161293
ST RAPHAEL VALESCURE,BESANCON FRANCHE COMTE TGV,1,0.2836
ST RAPHAEL VALESCURE,BESANCON FRANCHE COMTE TGV,2,0.32943548387096777
ST RAPHAEL VALESCURE,BESANCON FRANCHE COMTE TGV,3,0.3316
ST RAPHAEL VALESCURE,BESANCON FRANCHE COMTE TGV,4,0.12760000000000002
ST RAPHAEL VALESCURE,BESANCON FRANCHE COMTE TGV,5,0.12298387096774194
ST RAPHAEL VALESCURE,BESANCON FRANCHE COMTE TGV,6,0.12096774193548387
ST RAPHAEL VALESCURE,BESANCON FRANCHE COMTE TGV,7,0.1060483870967742
ST RAPHAEL VALESCURE,BESANCON FRANCHE COMTE TGV,8,0.09959677419354838
ST RAPHAEL VALESCURE,BESANCON FRANCHE COMTE TGV,9,0.09758064516129032
ST RAPHAEL VALESCURE,BESANCON FRANCHE COMTE TGV,10,0.0984
ST RAPHAEL VALESCURE,BESANCON FRANCHE COMTE TGV,11,0.1
ST RAPHAEL VALESCURE,BESANCON FRANCHE COMTE TGV,12,0.11290322580645161
ST RAPHAEL VALESCURE,BESANCON FRANCHE COMTE TGV,13,0.112
ST RAPHAEL VALESCURE,BESANCON FRANCHE COMTE TGV,14,0.1044
ST RAPHAEL VALESCURE,BESANCON FRANCHE COMTE TGV,15,0.1036
ST RAPHAEL VALESCURE,BESANCON FRANCHE COMTE TGV,16,0.10483870967741936
ST RAPHAEL VALESCURE,BESANCON FRANCHE COMTE TGV,17,0.104
ST RAPHAEL VALESCURE,BESANCON FRANCHE COMTE TGV,18,0.104
ST RAPHAEL VALESCURE,BESANCON FRANCHE COMTE TGV,19,0.10564516129032257
ST RAPHAEL VALESCURE,BESANCON FRANCHE COMTE TGV,20,0.10524193548387098
ST RAPHAEL VALESCURE,BESANCON FRANCHE COMTE TGV,21,0.10479999999999999
ST RAPHAEL VALESCURE,BESANCON FRANCHE COMTE TGV,22,0.0984
ST RAPHAEL VALESCURE,BESANCON FRANCHE COMTE TGV,23,0.096
ST RAPHAEL VALESCURE,BESANCON FRANCHE COMTE TGV,24,0.096
ST RAPHAEL VALESCURE,BESANCON FRANCHE COMTE TGV,25,0.0968
ST RAPHAEL VALESCURE,BESANCON FRANCHE COMTE TGV,26,0.0967741935483871
ST RAPHAEL VALESCURE,BESANCON FRANCHE COMTE TGV,27,0.09759999999999999
ST RAPHAEL VALESCURE,BESANCON FRANCHE COMTE TGV,28,0.09720000000000001
ST RAPHAEL VALESCURE,BESANCON FRANCHE COMTE TGV,29,0.0952
ST RAPHAEL VALESCURE,BESANCON FRANCHE COMTE TGV,30,0.008064516129032258
ST RAPHAEL VALESCURE,COLMAR,0,0.2745967741935484
ST RAPHAEL VALESCURE,COLMAR,1,0.318
ST RAPHAEL VALESCURE,COLMAR,2,0.36370967741935484
ST RAPHAEL VALESCURE,COLMAR,3,0.3912
ST RAPHAEL VALESCURE,COLMAR,4,0.1052
ST RAPHAEL VALESCURE,COLMAR,5,0.09959677419354838
ST RAPHAEL VALESCURE,COLMAR,6,0.11129032258064517
ST RAPHAEL VALESCURE,COLMAR,7,0.1060483870967742
ST RAPHAEL VALESCURE,COLMAR,8,0.1064516129032258
ST RAPHAEL VALESCURE,COLMAR,9,0.10443548387096774
ST RAPHAEL VALESCURE,COLMAR,10,0.1012
ST RAPHAEL VALESCURE,COLMAR,11,0.10524193548387098
ST RAPHAEL VALESCURE,COLMAR,12,0.11330645161290323
ST RAPHAEL VALESCURE,COLMAR,13,0.1124
ST RAPHAEL VALESCURE,COLMAR,14,0.1044
ST RAPHAEL VALESCURE,COLMAR,15,0.10479999999999999
ST RAPHAEL VALESCURE,COLMAR,16,0.10564516129032257
ST RAPHAEL VALESCURE,COLMAR,17,0.106
ST RAPHAEL VALESCURE,COLMAR,18,0.1056
ST RAPHAEL VALESCURE,COLMAR,19,0.1060483870967742
ST RAPHAEL VALESCURE,COLMAR,20,0.10524193548387098
ST RAPHAEL VALESCURE,COLMAR,21,0.1044
ST RAPHAEL VALESCURE,COLMAR,22,0.0984
ST RAPHAEL VALESCURE,COLMAR,23,0.096
ST RAPHAEL VALESCURE,COLMAR,24,0.096
ST RAPHAEL VALESCURE,COLMAR,25,0.0968
ST RAPHAEL VALESCURE,COLMAR,26,0.0967741935483871
ST RAPHAEL VALESCURE,COLMAR,27,0.0964
ST RAPHAEL VALESCURE,COLMAR,28,0.09720000000000001
ST RAPHAEL VALESCURE,COLMAR,29,0.09559999999999999
ST RAPHAEL VALESCURE,COLMAR,30,0.008064516129032258
ST RAPHAEL VALESCURE,DIJON VILLE,0,0.24233870967741936
ST RAPHAEL VALESCURE,DIJON VILLE,1,0.278
ST RAPHAEL VALESCURE,DIJON VILLE,2,0.3245967741935484
ST RAPHAEL VALESCURE,DIJON VILLE,3,0.3272
ST RAPHAEL VALESCURE,DIJON VILLE,4,0.12359999999999999
ST RAPHAEL VALESCURE,DIJON VILLE,5,0.12056451612903225
ST RAPHAEL VALESCURE,DIJON VILLE,6,0.12177419354838709
ST RAPHAEL VALESCURE,DIJON VILLE,7,0.10766129032258064
ST RAPHAEL VALESCURE,DIJON VILLE,8,0.09919354838709678
ST RAPHAEL VALESCURE,DIJON VILLE,9,0.09798387096774194
ST RAPHAEL VALESCURE,DIJON VILLE,10,0.09759999999999999
ST RAPHAEL VALESCURE,DIJON VILLE,11,0.09919354838709678
ST RAPHAEL VALESCURE,DIJON VILLE,12,0.11491935483870967
ST RAPHAEL VALESCURE,DIJON VILLE,13,0.114
ST RAPHAEL VALESCURE,DIJON VILLE,14,0.10479999999999999
ST RAPHAEL VALESCURE,DIJON VILLE,15,0.1052
ST RAPHAEL VALESCURE,DIJON VILLE,16,0.10524193548387098
ST RAPHAEL VALESCURE,DIJON VILLE,17,0.1052
ST RAPHAEL VALESCURE,DIJON VILLE,18,0.106
ST RAPHAEL VALESCURE,DIJON VILLE,19,0.10564516129032257
ST RAPHAEL VALESCURE,DIJON VILLE,20,0.10483870967741936
ST RAPHAEL VALESCURE,DIJON VILLE,21,0.10479999999999999
ST RAPHAEL VALESCURE,DIJON VILLE,22,0.0968
ST RAPHAEL VALESCURE,DIJON VILLE,23,0.0968
ST RAPHAEL VALESCURE,DIJON VILLE,24,0.096
ST RAPHAEL VALESCURE,DIJON VILLE,25,0.0964
ST RAPHAEL VALESCURE,DIJON VILLE,26,0.0967741935483871
ST RAPHAEL VALESCURE,DIJON VILLE,27,0.0964
ST RAPHAEL VALESCURE,DIJON VILLE,28,0.09759999999999999
ST RAPHAEL VALESCURE,DIJON VILLE,29,0.09559999999999999
ST RAPHAEL VALESCURE,DIJON VILLE,30,0.00967741935483871
ST RAPHAEL VALESCURE,LES ARCS DRAGUIGNAN,0,0.242741935483871
ST RAPHAEL VALESCURE,LES ARCS DRAGUIGNAN,1,0.2876
ST RAPHAEL VALESCURE,LES ARCS DRAGUIGNAN,2,0.32943548387096777
ST RAPHAEL VALESCURE,LES ARCS DRAGUIGNAN,3,0.37760000000000005
ST RAPHAEL VALESCURE,LES ARCS DRAGUIGNAN,4,0.16319999999999998
ST RAPHAEL VALESCURE,LES ARCS DRAGUIGNAN,5,0.1495967741935484
ST RAPHAEL VALESCURE,LES ARCS DRAGUIGNAN,6,0.1495967741935484
ST RAPHAEL VALESCURE,LES ARCS DRAGUIGNAN,7,0.1338709677419355
ST RAPHAEL VALESCURE,LES ARCS DRAGUIGNAN,8,0.13266129032258064
ST RAPHAEL VALESCURE,LES ARCS DRAGUIGNAN,9,0.13669354838709677
ST RAPHAEL VALESCURE,LES ARCS DRAGUIGNAN,10,0.1388
ST RAPHAEL VALESCURE,LES ARCS DRAGUIGNAN,11,0.132258064516129
ST RAPHAEL VALESCURE,LES ARCS DRAGUIGNAN,12,0.14677419354838708
ST RAPHAEL VALESCURE,LES ARCS DRAGUIGNAN,13,0.14959999999999998
ST RAPHAEL VALESCURE,LES ARCS DRAGUIGNAN,14,0.15159999999999998
ST RAPHAEL VALESCURE,LES ARCS DRAGUIGNAN,15,0.15280000000000002
ST RAPHAEL VALESCURE,LES ARCS DRAGUIGNAN,16,0.16008064516129034
ST RAPHAEL VALESCURE,LES ARCS DRAGUIGNAN,17,0.1656
ST RAPHAEL VALESCURE,LES ARCS DRAGUIGNAN,18,0.16119999999999998
ST RAPHAEL VALESCURE,LES ARCS DRAGUIGNAN,19,0.16048387096774192
ST RAPHAEL VALESCURE,LES ARCS DRAGUIGNAN,20,0.15443548387096773
ST RAPHAEL VALESCURE,LES ARCS DRAGUIGNAN,21,0.16
ST RAPHAEL VALESCURE,LES ARCS DRAGUIGNAN,22,0.15880000000000002
ST RAPHAEL VALESCURE,LES ARCS DRAGUIGNAN,23,0.1668
ST RAPHAEL VALESCURE,LES ARCS DRAGUIGNAN,24,0.1748
ST RAPHAEL VALESCURE,LES ARCS DRAGUIGNAN,25,0.1784
ST RAPHAEL VALESCURE,LES ARCS DRAGUIGNAN,26,0.17137096774193547
ST RAPHAEL VALESCURE,LES ARCS DRAGUIGNAN,27,0.174
ST RAPHAEL VALESCURE,LES ARCS DRAGUIGNAN,28,0.1792
ST RAPHAEL VALESCURE,LES ARCS DRAGUIGNAN,29,0.1728
ST RAPHAEL VALESCURE,LES ARCS DRAGUIGNAN,30,0.024193548387096774
ST RAPHAEL VALESCURE,LYON (intramuros),0,0.2709677419354839
ST RAPHAEL VALESCURE,LYON (intramuros),1,0.2948
ST RAPHAEL VALESCURE,LYON (intramuros),2,0.31895161290322577
ST RAPHAEL VALESCURE,LYON (intramuros),3,0.3
ST RAPHAEL VALESCURE,LYON (intramuros),4,0.1268
ST RAPHAEL VALESCURE,LYON (intramuros),5,0.1350806451612903
ST RAPHAEL VALESCURE,LYON (intramuros),6,0.14758064516129032
ST RAPHAEL VALESCURE,LYON (intramuros),7,0.13185483870967743
ST RAPHAEL VALESCURE,LYON (intramuros),8,0.12580645161290321
ST RAPHAEL VALESCURE,LYON (intramuros),9,0.11693548387096774
ST RAPHAEL VALESCURE,LYON (intramuros),10,0.1288
ST RAPHAEL VALESCURE,LYON (intramuros),11,0.13185483870967743
ST RAPHAEL VALESCURE,LYON (intramuros),12,0.12016129032258065
ST RAPHAEL VALESCURE,LYON (intramuros),13,0.114
ST RAPHAEL VALESCURE,LYON (intramuros),14,0.10479999999999999
ST RAPHAEL VALESCURE,LYON (intramuros),15,0.10479999999999999
ST RAPHAEL VALESCURE,LYON (intramuros),16,0.10524193548387098
ST RAPHAEL VALESCURE,LYON (intramuros),17,0.1036
ST RAPHAEL VALESCURE,LYON (intramuros),18,0.104
ST RAPHAEL VALESCURE,LYON (intramuros),19,0.10483870967741936
ST RAPHAEL VALESCURE,LYON (intramuros),20,0.10483870967741936
ST RAPHAEL VALESCURE,LYON (intramuros),21,0.104
ST RAPHAEL VALESCURE,LYON (intramuros),22,0.096
ST RAPHAEL VALESCURE,LYON (intramuros),23,0.0968
ST RAPHAEL VALESCURE,LYON (intramuros),24,0.1024
ST RAPHAEL VALESCURE,LYON (intramuros),25,0.1024
ST RAPHAEL VALESCURE,LYON (intramuros),26,0.09838709677419354
ST RAPHAEL VALESCURE,LYON (intramuros),27,0.0968
ST RAPHAEL VALESCURE,LYON (intramuros),28,0.0964
ST RAPHAEL VALESCURE,LYON (intramuros),29,0.0948
ST RAPHAEL VALESCURE,LYON (intramuros),30,0.004435483870967742
ST RAPHAEL VALESCURE,MACON VILLE,0,0.23471074380165288
ST RAPHAEL VALESCURE,MACON VILLE,1,0.26188524590163936
ST RAPHAEL VALESCURE,MACON VILLE,2,0.3293388429752066
ST RAPHAEL VALESCURE,MACON VILLE,3,0.32336065573770495
ST RAPHAEL VALESCURE,MACON VILLE,4,0.12540983606557377
ST RAPHAEL VALESCURE,MACON VILLE,5,0.12355371900826445
ST RAPHAEL VALESCURE,MACON VILLE,6,0.12190082644628099
ST RAPHAEL VALESCURE,MACON VILLE,7,0.10826446280991735
ST RAPHAEL VALESCURE,MACON VILLE,8,0.09917355371900827
ST RAPHAEL VALESCURE,MACON VILLE,9,0.09917355371900827
ST RAPHAEL VALESCURE,MACON VILLE,10,0.10040983606557377
ST RAPHAEL VALESCURE,MACON VILLE,11,0.10206611570247934
ST RAPHAEL VALESCURE,MACON VILLE,12,0.11570247933884298
ST RAPHAEL VALESCURE,MACON VILLE,13,0.11475409836065574
ST RAPHAEL VALESCURE,MACON VILLE,14,0.10737704918032787
ST RAPHAEL VALESCURE,MACON VILLE,15,0.1069672131147541
ST RAPHAEL VALESCURE,MACON VILLE,16,0.10785123966942149
ST RAPHAEL VALESCURE,MACON VILLE,17,0.10614754098360656
ST RAPHAEL VALESCURE,MACON VILLE,18,0.10614754098360656
ST RAPHAEL VALESCURE,MACON VILLE,19,0.10785123966942149
ST RAPHAEL VALESCURE,MACON VILLE,20,0.10702479338842974
ST RAPHAEL VALESCURE,MACON VILLE,21,0.10778688524590165
ST RAPHAEL VALESCURE,MACON VILLE,22,0.09999999999999999
ST RAPHAEL VALESCURE,MACON VILLE,23,0.09836065573770492
ST RAPHAEL VALESCURE,MACON VILLE,24,0.09918032786885246
ST RAPHAEL VALESCURE,MACON VILLE,25,0.0987704918032787
ST RAPHAEL VALESCURE,MACON VILLE,26,0.09917355371900827
ST RAPHAEL VALESCURE,MACON VILLE,27,0.09836065573770492
ST RAPHAEL VALESCURE,MACON VILLE,28,0.09795081967213114
ST RAPHAEL VALESCURE,MACON VILLE,29,0.09672131147540984
ST RAPHAEL VALESCURE,MACON VILLE,30,0.011157024793388431
ST RAPHAEL VALESCURE,MARSEILLE ST CHARLES,0,0.24545454545454545
ST RAPHAEL VALESCURE,MARSEILLE ST CHARLES,1,0.29672131147540987
ST RAPHAEL VALESCURE,MARSEILLE ST CHARLES,2,0.3285123966942149
ST RAPHAEL VALESCURE,MARSEILLE ST CHARLES,3,0.3762295081967213
ST RAPHAEL VALESCURE,MARSEILLE ST CHARLES,4,0.1684426229508197
ST RAPHAEL VALESCURE,MARSEILLE ST CHARLES,5,0.1586776859504132
ST RAPHAEL VALESCURE,MARSEILLE ST CHARLES,6,0.15206611570247933
ST RAPHAEL VALESCURE,MARSEILLE ST CHARLES,7,0.13760330578512395
ST RAPHAEL VALESCURE,MARSEILLE ST CHARLES,8,0.1396694214876033
ST RAPHAEL VALESCURE,MARSEILLE ST CHARLES,9,0.14710743801652892
ST RAPHAEL VALESCURE,MARSEILLE ST CHARLES,10,0.14098360655737704
ST RAPHAEL VALESCURE,MARSEILLE ST CHARLES,11,0.13388429752066114
ST RAPHAEL VALESCURE,MARSEILLE ST CHARLES,12,0.1458677685950413
ST RAPHAEL VALESCURE,MARSEILLE ST CHARLES,13,0.15245901639344264
ST RAPHAEL VALESCURE,MARSEILLE ST CHARLES,14,0.155327868852459
ST RAPHAEL VALESCURE,MARSEILLE ST CHARLES,15,0.1540983606557377
ST RAPHAEL VALESCURE,MARSEILLE ST CHARLES,16,0.16404958677685952
ST RAPHAEL VALESCURE,MARSEILLE ST CHARLES,17,0.17049180327868854
ST RAPHAEL VALESCURE,MARSEILLE ST CHARLES,18,0.16598360655737704
ST RAPHAEL VALESCURE,MARSEILLE ST CHARLES,19,0.16446280991735537
ST RAPHAEL VALESCURE,MARSEILLE ST CHARLES,20,0.15950413223140497
ST RAPHAEL VALESCURE,MARSEILLE ST CHARLES,21,0.16229508196721312
ST RAPHAEL VALESCURE,MARSEILLE ST CHARLES,22,0.16065573770491803
ST RAPHAEL VALESCURE,MARSEILLE ST CHARLES,23,0.17049180327868854
ST RAPHAEL VALESCURE,MARSEILLE ST CHARLES,24,0.1774590163934426
ST RAPHAEL VALESCURE,MARSEILLE ST CHARLES,25,0.18196721311475408
ST RAPHAEL VALESCURE,MARSEILLE ST CHARLES,26,0.17520661157024792
ST RAPHAEL VALESCURE,MARSEILLE ST CHARLES,27,0.18032786885245902
ST RAPHAEL VALESCURE,MARSEILLE ST CHARLES,28,0.18688524590163935
ST RAPHAEL VALESCURE,MARSEILLE ST CHARLES,29,0.18401639344262294
ST RAPHAEL VALESCURE,MARSEILLE ST CHARLES,30,0.02975206611570248
ST RAPHAEL VALESCURE,MULHOUSE VILLE,0,0.2778225806451613
ST RAPHAEL VALESCURE,MULHOUSE VILLE,1,0.31239999999999996
ST RAPHAEL VALESCURE,MULHOUSE VILLE,2,0.35524193548387095
ST RAPHAEL VALESCURE,MULHOUSE VILLE,3,0.3916
ST RAPHAEL VALESCURE,MULHOUSE VILLE,4,0.11
ST RAPHAEL VALESCURE,MULHOUSE VILLE,5,0.10685483870967742
ST RAPHAEL VALESCURE,MULHOUSE VILLE,6,0.11370967741935484
ST RAPHAEL VALESCURE,MULHOUSE VILLE,7,0.10524193548387098
ST RAPHAEL VALESCURE,MULHOUSE VILLE,8,0.10846774193548386
ST RAPHAEL VALESCURE,MULHOUSE VILLE,9,0.10524193548387098
ST RAPHAEL VALESCURE,MULHOUSE VILLE,10,0.1012
ST RAPHAEL VALESCURE,MULHOUSE VILLE,11,0.10483870967741936
ST RAPHAEL VALESCURE,MULHOUSE VILLE,12,0.11451612903225807
ST RAPHAEL VALESCURE,MULHOUSE VILLE,13,0.1124
ST RAPHAEL VALESCURE,MULHOUSE VILLE,14,0.1056
ST RAPHAEL VALESCURE,MULHOUSE VILLE,15,0.10479999999999999
ST RAPHAEL VALESCURE,MULHOUSE VILLE,16,0.1060483870967742
ST RAPHAEL VALESCURE,MULHOUSE VILLE,17,0.104
ST RAPHAEL VALESCURE,MULHOUSE VILLE,18,0.104
ST RAPHAEL VALESCURE,MULHOUSE VILLE,19,0.10483870967741936
ST RAPHAEL VALESCURE,MULHOUSE VILLE,20,0.10443548387096774
ST RAPHAEL VALESCURE,MULHOUSE VILLE,21,0.1044
ST RAPHAEL VALESCURE,MULHOUSE VILLE,22,0.0968
ST RAPHAEL VALESCURE,MULHOUSE VILLE,23,0.0968
ST RAPHAEL VALESCURE,MULHOUSE VILLE,24,0.098
ST RAPHAEL VALESCURE,MULHOUSE VILLE,25,0.09720000000000001
ST RAPHAEL VALESCURE,MULHOUSE VILLE,26,0.09798387096774194
ST RAPHAEL VALESCURE,MULHOUSE VILLE,27,0.0984
ST RAPHAEL VALESCURE,MULHOUSE VILLE,28,0.0992
ST RAPHAEL VALESCURE,MULHOUSE VILLE,29,0.096
ST RAPHAEL VALESCURE,MULHOUSE VILLE,30,0.008064516129032258
ST RAPHAEL VALESCURE,NANCY,0,0.26348314606741574
ST RAPHAEL VALESCURE,NANCY,1,0.3061797752808989
ST RAPHAEL VALESCURE,NANCY,2,0.3382022471910113
ST RAPHAEL VALESCURE,NANCY,3,0.3792134831460674
ST RAPHAEL VALESCURE,NANCY,4,0.1050561797752809
ST RAPHAEL VALESCURE,NANCY,5,0.11123595505617978
ST RAPHAEL VALESCURE,NANCY,6,0.11704545454545455
ST RAPHAEL VALESCURE,NANCY,7,0.12191011235955056
ST RAPHAEL VALESCURE,NANCY,8,0.11704545454545455
ST RAPHAEL VALESCURE,NANCY,9,0.08693181818181818
ST RAPHAEL VALESCURE,NANCY,10,0.09213483146067415
ST RAPHAEL VALESCURE,NANCY,11,0.10340909090909091
ST RAPHAEL VALESCURE,NANCY,12,0.1318181818181818
ST RAPHAEL VALESCURE,NANCY,13,0.1353932584269663
ST RAPHAEL VALESCURE,NANCY,14,0.1353932584269663
ST RAPHAEL VALESCURE,NANCY,15,0.13595505617977527
ST RAPHAEL VALESCURE,NANCY,16,0.13749999999999998
ST RAPHAEL VALESCURE,NANCY,17,0.13595505617977527
ST RAPHAEL VALESCURE,NANCY,18,0.1353932584269663
ST RAPHAEL VALESCURE,NANCY,19,0.13636363636363635
ST RAPHAEL VALESCURE,NANCY,20,0.13693181818181818
ST RAPHAEL VALESCURE,NANCY,21,0.13595505617977527
ST RAPHAEL VALESCURE,NANCY,22,0.13595505617977527
ST RAPHAEL VALESCURE,NANCY,23,0.13707865168539324
ST RAPHAEL VALESCURE,NANCY,24,0.13595505617977527
ST RAPHAEL VALESCURE,NANCY,25,0.13426966292134832
ST RAPHAEL VALESCURE,NANCY,26,0.13693181818181818
ST RAPHAEL VALESCURE,NANCY,27,0.13595505617977527
ST RAPHAEL VALESCURE,NANCY,28,0.13651685393258428
ST RAPHAEL VALESCURE,NANCY,29,0.1348314606741573
ST RAPHAEL VALESCURE,NANCY,30,0.014044943820224719
ST RAPHAEL VALESCURE,STRASBOURG,0,0.28588709677419355
ST RAPHAEL VALESCURE,STRASBOURG,1,0.324
ST RAPHAEL VALESCURE,STRASBOURG,2,0.35201612903225804
ST RAPHAEL VALESCURE,STRASBOURG,3,0.4056
ST RAPHAEL VALESCURE,STRASBOURG,4,0.11
ST RAPHAEL VALESCURE,STRASBOURG,5,0.10080645161290322
ST RAPHAEL VALESCURE,STRASBOURG,6,0.11290322580645161
ST RAPHAEL VALESCURE,STRASBOURG,7,0.10725806451612904
ST RAPHAEL VALESCURE,STRASBOURG,8,0.10443548387096774
ST RAPHAEL VALESCURE,STRASBOURG,9,0.1064516129032258
ST RAPHAEL VALESCURE,STRASBOURG,10,0.1028
ST RAPHAEL VALESCURE,STRASBOURG,11,0.10967741935483871
ST RAPHAEL VALESCURE,STRASBOURG,12,0.11290322580645161
ST RAPHAEL VALESCURE,STRASBOURG,13,0.11159999999999999
ST RAPHAEL VALESCURE,STRASBOURG,14,0.1056
ST RAPHAEL VALESCURE,STRASBOURG,15,0.1044
ST RAPHAEL VALESCURE,STRASBOURG,16,0.10524193548387098
ST RAPHAEL VALESCURE,STRASBOURG,17,0.10479999999999999
ST RAPHAEL VALESCURE,STRASBOURG,18,0.104
ST RAPHAEL VALESCURE,STRASBOURG,19,0.10564516129032257
ST RAPHAEL VALESCURE,STRASBOURG,20,0.10483870967741936
ST RAPHAEL VALESCURE,STRASBOURG,21,0.104
ST RAPHAEL VALESCURE,STRASBOURG,22,0.09720000000000001
ST RAPHAEL VALESCURE,STRASBOURG,23,0.0964
ST RAPHAEL VALESCURE,STRASBOURG,24,0.0964
ST RAPHAEL VALESCURE,STRASBOURG,25,0.096
ST RAPHAEL VALESCURE,STRASBOURG,26,0.09798387096774194
ST RAPHAEL VALESCURE,STRASBOURG,27,0.0964
ST RAPHAEL VALESCURE,STRASBOURG,28,0.0968
ST RAPHAEL VALESCURE,STRASBOURG,29,0.09359999999999999
ST RAPHAEL VALESCURE,STRASBOURG,30,0.008064516129032258
ST RAPHAEL VALESCURE,TOULON,0,0.2439516129032258
ST RAPHAEL VALESCURE,TOULON,1,0.2888
ST RAPHAEL VALESCURE,TOULON,2,0.32096774193548383
ST RAPHAEL VALESCURE,TOULON,3,0.37560000000000004
ST RAPHAEL VALESCURE,TOULON,4,0.1668
ST RAPHAEL VALESCURE,TOULON,5,0.15524193548387097
ST RAPHAEL VALESCURE,TOULON,6,0.14879032258064515
ST RAPHAEL VALESCURE,TOULON,7,0.1338709677419355
ST RAPHAEL VALESCURE,TOULON,8,0.1375
ST RAPHAEL VALESCURE,TOULON,9,0.13991935483870968
ST RAPHAEL VALESCURE,TOULON,10,0.14
ST RAPHAEL VALESCURE,TOULON,11,0.1310483870967742
ST RAPHAEL VALESCURE,TOULON,12,0.14516129032258066
ST RAPHAEL VALESCURE,TOULON,13,0.14959999999999998
ST RAPHAEL VALESCURE,TOULON,14,0.1504
ST RAPHAEL VALESCURE,TOULON,15,0.15319999999999998
ST RAPHAEL VALESCURE,TOULON,16,0.16048387096774192
ST RAPHAEL VALESCURE,TOULON,17,0.16519999999999999
ST RAPHAEL VALESCURE,TOULON,18,0.16040000000000001
ST RAPHAEL VALESCURE,TOULON,19,0.16088709677419355
ST RAPHAEL VALESCURE,TOULON,20,0.15524193548387097
ST RAPHAEL VALESCURE,TOULON,21,0.15919999999999998
ST RAPHAEL VALESCURE,TOULON,22,0.15719999999999998
ST RAPHAEL VALESCURE,TOULON,23,0.1664
ST RAPHAEL VALESCURE,TOULON,24,0.1744
ST RAPHAEL VALESCURE,TOULON,25,0.1804
ST RAPHAEL VALESCURE,TOULON,26,0.17298387096774193
ST RAPHAEL VALESCURE,TOULON,27,0.1768
ST RAPHAEL VALESCURE,TOULON,28,0.18080000000000002
ST RAPHAEL VALESCURE,TOULON,29,0.1776
ST RAPHAEL VALESCURE,TOULON,30,0.027016129032258064
STRASBOURG,LUXEMBOURG,0,0.5906488549618321
STRASBOURG,LUXEMBOURG,1,0.6177480916030534
STRASBOURG,LUXEMBOURG,2,0.6303435114503817
STRASBOURG,LUXEMBOURG,3,0.6593869731800766
STRASBOURG,LUXEMBOURG,4,0.2840996168582376
STRASBOURG,LUXEMBOURG,5,0.2751923076923077
STRASBOURG,LUXEMBOURG,6,0.2785714285714286
STRASBOURG,LUXEMBOURG,7,0.2942084942084942
STRASBOURG,LUXEMBOURG,8,0.29147286821705426
STRASBOURG,LUXEMBOURG,9,0.3085603112840467
STRASBOURG,LUXEMBOURG,10,0.31509803921568624
STRASBOURG,LUXEMBOURG,11,0.30627450980392157
STRASBOURG,LUXEMBOURG,12,0.1192156862745098
STRASBOURG,LUXEMBOURG,13,0.11313725490196079
STRASBOURG,LUXEMBOURG,14,0.1141732283464567
STRASBOURG,LUXEMBOURG,15,0.11640316205533596
STRASBOURG,LUXEMBOURG,16,0.11468253968253968
STRASBOURG,LUXEMBOURG,17,0.11573705179282869
STRASBOURG,LUXEMBOURG,18,0.11573705179282869
STRASBOURG,LUXEMBOURG,19,0.1134
STRASBOURG,LUXEMBOURG,20,0.1118
STRASBOURG,LUXEMBOURG,21,0.108
STRASBOURG,LUXEMBOURG,22,0.10401606425702811
STRASBOURG,LUXEMBOURG,23,0.09919678714859438
STRASBOURG,LUXEMBOURG,24,0.10020080321285141
STRASBOURG,LUXEMBOURG,25,0.0974
STRASBOURG,LUXEMBOURG,26,0.09759999999999999
STRASBOURG,LUXEMBOURG,27,0.09317269076305221
STRASBOURG,LUXEMBOURG,28,0.09196787148594376
STRASBOURG,LUXEMBOURG,29,0.08729838709677419
STRASBOURG,LUXEMBOURG,30,0.014634146341463415
STRASBOURG,METZ VILLE,0,0.6427469135802469
STRASBOURG,METZ VILLE,1,0.6617283950617284
STRASBOURG,METZ VILLE,2,0.6608024691358024
STRASBOURG,METZ VILLE,3,0.6797839506172839
STRASBOURG,METZ VILLE,4,0.2998456790123457
STRASBOURG,METZ VILLE,5,0.298297213622291
STRASBOURG,METZ VILLE,6,0.29906832298136643
STRASBOURG,METZ VILLE,7,0.297196261682243
STRASBOURG,METZ VILLE,8,0.288125
STRASBOURG,METZ VILLE,9,0.2975
STRASBOURG,METZ VILLE,10,0.31477987421383646
STRASBOURG,METZ VILLE,11,0.30550314465408807
STRASBOURG,METZ VILLE,12,0.13584905660377358
STRASBOURG,METZ VILLE,13,0.11845425867507886
STRASBOURG,METZ VILLE,14,0.12405063291139241
STRASBOURG,METZ VILLE,15,0.12571428571428572
STRASBOURG,METZ VILLE,16,0.12292993630573248
STRASBOURG,METZ VILLE,17,0.12101910828025478
STRASBOURG,METZ VILLE,18,0.12252396166134186
STRASBOURG,METZ VILLE,19,0.11266025641025641
STRASBOURG,METZ VILLE,20,0.10594855305466239
STRASBOURG,METZ VILLE,21,0.10016129032258064
STRASBOURG,METZ VILLE,22,0.0964401294498382
STRASBOURG,METZ VILLE,23,0.09530744336569578
STRASBOURG,METZ VILLE,24,0.09368932038834951
STRASBOURG,METZ VILLE,25,0.09058441558441557
STRASBOURG,METZ VILLE,26,0.09185667752442997
STRASBOURG,METZ VILLE,27,0.09117647058823529
STRASBOURG,METZ VILLE,28,0.09131147540983607
STRASBOURG,METZ VILLE,29,0.08865131578947368
STRASBOURG,METZ VILLE,30,0.013576158940397353
STRASBOURG,NANCY,0,0.337218045112782
STRASBOURG,NANCY,1,0.3676691729323308
STRASBOURG,NANCY,2,0.4075187969924812
STRASBOURG,NANCY,3,0.4398496240601504
STRASBOURG,NANCY,4,0.13684210526315788
STRASBOURG,NANCY,5,0.1462121212121212
STRASBOURG,NANCY,6,0.16346153846153846
STRASBOURG,NANCY,7,0.16259541984732825
STRASBOURG,NANCY,8,0.16
STRASBOURG,NANCY,9,0.13730769230769233
STRASBOURG,NANCY,10,0.13244274809160306
STRASBOURG,NANCY,11,0.1373076923076923
STRASBOURG,NANCY,12,0.17384615384615384
STRASBOURG,NANCY,13,0.18384615384615383
STRASBOURG,NANCY,14,0.18615384615384614
STRASBOURG,NANCY,15,0.1926923076923077
STRASBOURG,NANCY,16,0.1941860465116279
STRASBOURG,NANCY,17,0.2
STRASBOURG,NANCY,18,0.20038461538461538
STRASBOURG,NANCY,19,0.204296875
STRASBOURG,NANCY,20,0.21171875
STRASBOURG,NANCY,21,0.21511627906976744
STRASBOURG,NANCY,22,0.21976744186046512
STRASBOURG,NANCY,23,0.2236434108527132
STRASBOURG,NANCY,24,0.23203125
STRASBOURG,NANCY,25,0.23217054263565892
STRASBOURG,NANCY,26,0.234765625
STRASBOURG,NANCY,27,0.24069767441860465
STRASBOURG,NANCY,28,0.24496124031007754
STRASBOURG,NANCY,29,0.22868217054263565
STRASBOURG,NANCY,30,0.03682170542635659
STRASBOURG,THIONVILLE,0,0.5903333333333333
STRASBOURG,THIONVILLE,1,0.6111666666666666
STRASBOURG,THIONVILLE,2,0.6298333333333332
STRASBOURG,THIONVILLE,3,0.6374581939799331
STRASBOURG,THIONVILLE,4,0.2496655518394649
STRASBOURG,THIONVILLE,5,0.24362416107382548
STRASBOURG,THIONVILLE,6,0.2420875420875421
STRASBOURG,THIONVILLE,7,0.2537037037037037
STRASBOURG,THIONVILLE,8,0.25219594594594597
STRASBOURG,THIONVILLE,9,0.2688135593220339
STRASBOURG,THIONVILLE,10,0.27935153583617744
STRASBOURG,THIONVILLE,11,0.27167235494880543
STRASBOURG,THIONVILLE,12,0.09897610921501707
STRASBOURG,THIONVILLE,13,0.09556313993174062
STRASBOURG,THIONVILLE,14,0.09948630136986301
STRASBOURG,THIONVILLE,15,0.10017182130584192
STRASBOURG,THIONVILLE,16,0.0996551724137931
STRASBOURG,THIONVILLE,17,0.09878892733564014
STRASBOURG,THIONVILLE,18,0.09965397923875433
STRASBOURG,THIONVILLE,19,0.09843750000000001
STRASBOURG,THIONVILLE,20,0.09618055555555555
STRASBOURG,THIONVILLE,21,0.09305555555555556
STRASBOURG,THIONVILLE,22,0.09041811846689896
STRASBOURG,THIONVILLE,23,0.08763066202090591
STRASBOURG,THIONVILLE,24,0.08658536585365854
STRASBOURG,THIONVILLE,25,0.0842013888888889
STRASBOURG,THIONVILLE,26,0.08454861111111112
STRASBOURG,THIONVILLE,27,0.08066202090592334
STRASBOURG,THIONVILLE,28,0.0789198606271777
STRASBOURG,THIONVILLE,29,0.0763986013986014
STRASBOURG,THIONVILLE,30,0.013204225352112676
TBD,TBD,15,0.0
TBD,TBD,16,0.0
TBD,TBD,17,0.0
TBD,TBD,22,0.0
TBD,TBD,23,0.0
TBD,TBD,24,0.05
TBD,TBD,29,0.05
TBD,TBD,30,0.0
THIONVILLE,LUXEMBOURG,0,0.5937254901960785
THIONVILLE,LUXEMBOURG,1,0.6233716475095785
THIONVILLE,LUXEMBOURG,2,0.6363984674329501
THIONVILLE,LUXEMBOURG,3,0.654423076923077
THIONVILLE,LUXEMBOURG,4,0.2923076923076923
THIONVILLE,LUXEMBOURG,5,0.277992277992278
THIONVILLE,LUXEMBOURG,6,0.28120155038759687
THIONVILLE,LUXEMBOURG,7,0.29980620155038756
THIONVILLE,LUXEMBOURG,8,0.29299610894941636
THIONVILLE,LUXEMBOURG,9,0.3109375
THIONVILLE,LUXEMBOURG,10,0.3181102362204724
THIONVILLE,LUXEMBOURG,11,0.3078740157480315
THIONVILLE,LUXEMBOURG,12,0.1202755905511811
THIONVILLE,LUXEMBOURG,13,0.11161417322834646
THIONVILLE,LUXEMBOURG,14,0.11620553359683794
THIONVILLE,LUXEMBOURG,15,0.11805555555555555
THIONVILLE,LUXEMBOURG,16,0.11494023904382471
THIONVILLE,LUXEMBOURG,17,0.1154
THIONVILLE,LUXEMBOURG,18,0.1148
THIONVILLE,LUXEMBOURG,19,0.1140562248995984
THIONVILLE,LUXEMBOURG,20,0.11305220883534135
THIONVILLE,LUXEMBOURG,21,0.11365461847389559
THIONVILLE,LUXEMBOURG,22,0.10564516129032257
THIONVILLE,LUXEMBOURG,23,0.10040322580645161
THIONVILLE,LUXEMBOURG,24,0.09858870967741935
THIONVILLE,LUXEMBOURG,25,0.09578313253012048
THIONVILLE,LUXEMBOURG,26,0.09859437751004016
THIONVILLE,LUXEMBOURG,27,0.0939516129032258
THIONVILLE,LUXEMBOURG,28,0.09193548387096774
THIONVILLE,LUXEMBOURG,29,0.08846153846153847
THIONVILLE,LUXEMBOURG,30,0.018367346938775512
THIONVILLE,TBD,0,0.6875
THIONVILLE,TBD,1,0.675
THIONVILLE,TBD,2,0.7375
THIONVILLE,TBD,3,0.7749999999999999
THIONVILLE,TBD,4,0.225
THIONVILLE,TBD,5,0.2375
THIONVILLE,TBD,6,0.1875
THIONVILLE,TBD,7,0.0625
THIONVILLE,TBD,8,0.025
THIONVILLE,TBD,9,0.0375
THIONVILLE,TBD,10,0.1625
THIONVILLE,TBD,11,0.1875
THIONVILLE,TBD,12,0.0
THIONVILLE,TBD,13,0.0
THIONVILLE,TBD,14,0.0
THIONVILLE,TBD,15,0.0
THIONVILLE,TBD,16,0.0
THIONVILLE,TBD,17,0.0
THIONVILLE,TBD,18,0.0
THIONVILLE,TBD,19,0.0
THIONVILLE,TBD,20,0.0
THIONVILLE,TBD,21,0.0
THIONVILLE,TBD,22,0.0
THIONVILLE,TBD,23,0.0
THIONVILLE,TBD,24,0.0
THIONVILLE,TBD,25,0.0
THIONVILLE,TBD,26,0.0
THIONVILLE,TBD,27,0.0
THIONVILLE,TBD,28,0.0
THIONVILLE,TBD,29,0.0
THIONVILLE,TBD,30,0.0
TOULON,AIX EN PROVENCE TGV,0,0.3509259259259259
TOULON,AIX EN PROVENCE TGV,1,0.4006134969325153
TOULON,AIX EN PROVENCE TGV,2,0.43333333333333335
TOULON,AIX EN PROVENCE TGV,3,0.450920245398773
TOULON,AIX EN PROVENCE TGV,4,0.1677914110429448
TOULON,AIX EN PROVENCE TGV,5,0.16273291925465838
TOULON,AIX EN PROVENCE TGV,6,0.1696875
TOULON,AIX EN PROVENCE TGV,7,0.1615625
TOULON,AIX EN PROVENCE TGV,8,0.161875
TOULON,AIX EN PROVENCE TGV,9,0.1628125
TOULON,AIX EN PROVENCE TGV,10,0.15900621118012423
TOULON,AIX EN PROVENCE TGV,11,0.15375
TOULON,AIX EN PROVENCE TGV,12,0.17264150943396225
TOULON,AIX EN PROVENCE TGV,13,0.18144654088050316
TOULON,AIX EN PROVENCE TGV,14,0.18081761006289307
TOULON,AIX EN PROVENCE TGV,15,0.1820754716981132
TOULON,AIX EN PROVENCE TGV,16,0.18734177215189873
TOULON,AIX EN PROVENCE TGV,17,0.19213836477987423
TOULON,AIX EN PROVENCE TGV,18,0.18836477987421382
TOULON,AIX EN PROVENCE TGV,19,0.19203821656050954
TOULON,AIX EN PROVENCE TGV,20,0.19203821656050954
TOULON,AIX EN PROVENCE TGV,21,0.19588607594936708
TOULON,AIX EN PROVENCE TGV,22,0.19525316455696204
TOULON,AIX EN PROVENCE TGV,23,0.20158227848101268
TOULON,AIX EN PROVENCE TGV,24,0.20727848101265822
TOULON,AIX EN PROVENCE TGV,25,0.21265822784810126
TOULON,AIX EN PROVENCE TGV,26,0.20159235668789807
TOULON,AIX EN PROVENCE TGV,27,0.20158227848101268
TOULON,AIX EN PROVENCE TGV,28,0.20664556962025316
TOULON,AIX EN PROVENCE TGV,29,0.20031645569620252
TOULON,AIX EN PROVENCE TGV,30,0.035668789808917196
TOULON,AVIGNON TGV,0,0.3589506172839506
TOULON,AVIGNON TGV,1,0.4003067484662577
TOULON,AVIGNON TGV,2,0.42623456790123454
TOULON,AVIGNON TGV,3,0.4401840490797546
TOULON,AVIGNON TGV,4,0.16748466257668712
TOULON,AVIGNON TGV,5,0.165527950310559
TOULON,AVIGNON TGV,6,0.17375000000000002
TOULON,AVIGNON TGV,7,0.168125
TOULON,AVIGNON TGV,8,0.16312500000000002
TOULON,AVIGNON TGV,9,0.1640625
TOULON,AVIGNON TGV,10,0.16149068322981366
TOULON,AVIGNON TGV,11,0.155
TOULON,AVIGNON TGV,12,0.17232704402515722
TOULON,AVIGNON TGV,13,0.18081761006289307
TOULON,AVIGNON TGV,14,0.17955974842767297
TOULON,AVIGNON TGV,15,0.179874213836478
TOULON,AVIGNON TGV,16,0.18765822784810127
TOULON,AVIGNON TGV,17,0.19150943396226414
TOULON,AVIGNON TGV,18,0.18930817610062894
TOULON,AVIGNON TGV,19,0.19044585987261145
TOULON,AVIGNON TGV,20,0.19076433121019107
TOULON,AVIGNON TGV,21,0.19556962025316454
TOULON,AVIGNON TGV,22,0.1949367088607595
TOULON,AVIGNON TGV,23,0.20063291139240505
TOULON,AVIGNON TGV,24,0.20696202531645572
TOULON,AVIGNON TGV,25,0.2091772151898734
TOULON,AVIGNON TGV,26,0.19904458598726116
TOULON,AVIGNON TGV,27,0.20031645569620252
TOULON,AVIGNON TGV,28,0.20474683544303798
TOULON,AVIGNON TGV,29,0.19968354430379748
TOULON,AVIGNON TGV,30,0.03503184713375796
TOULON,BEAUNE,0,0.31993865030674845
TOULON,BEAUNE,1,0.3670731707317073
TOULON,BEAUNE,2,0.40950920245398775
TOULON,BEAUNE,3,0.39999999999999997
TOULON,BEAUNE,4,0.12347560975609756
TOULON,BEAUNE,5,0.13487654320987655
TOULON,BEAUNE,6,0.14285714285714285
TOULON,BEAUNE,7,0.13633540372670808
TOULON,BEAUNE,8,0.13571428571428573
TOULON,BEAUNE,9,0.12732919254658384
TOULON,BEAUNE,10,0.12654320987654322
TOULON,BEAUNE,11,0.12670807453416147
TOULON,BEAUNE,12,0.1390625
TOULON,BEAUNE,13,0.1446875
TOULON,BEAUNE,14,0.138125
TOULON,BEAUNE,15,0.1378125
TOULON,BEAUNE,16,0.13836477987421383
TOULON,BEAUNE,17,0.1375
TOULON,BEAUNE,18,0.1378125
TOULON,BEAUNE,19,0.14462025316455698
TOULON,BEAUNE,20,0.1509493670886076
TOULON,BEAUNE,21,0.1509433962264151
TOULON,BEAUNE,22,0.14622641509433962
TOULON,BEAUNE,23,0.14559748427672956
TOULON,BEAUNE,24,0.14528301886792452
TOULON,BEAUNE,25,0.14433962264150943
TOULON,BEAUNE,26,0.13924050632911392
TOULON,BEAUNE,27,0.13867924528301886
TOULON,BEAUNE,28,0.13836477987421383
TOULON,BEAUNE,29,0.13459119496855346
TOULON,BEAUNE,30,0.021202531645569622
TOULON,BELFORT MONTBELIARD TGV,0,0.3460843373493976
TOULON,BELFORT MONTBELIARD TGV,1,0.40209580838323356
TOULON,BELFORT MONTBELIARD TGV,2,0.43373493975903615
TOULON,BELFORT MONTBELIARD TGV,3,0.4464071856287425
TOULON,BELFORT MONTBELIARD TGV,4,0.1188622754491018
TOULON,BELFORT MONTBELIARD TGV,5,0.12424242424242424
TOULON,BELFORT MONTBELIARD TGV,6,0.13475609756097562
TOULON,BELFORT MONTBELIARD TGV,7,0.1320121951219512
TOULON,BELFORT MONTBELIARD TGV,8,0.13719512195121952
TOULON,BELFORT MONTBELIARD TGV,9,0.13506097560975608
TOULON,BELFORT MONTBELIARD TGV,10,0.14
TOULON,BELFORT MONTBELIARD TGV,11,0.14786585365853658
TOULON,BELFORT MONTBELIARD TGV,12,0.13680981595092026
TOULON,BELFORT MONTBELIARD TGV,13,0.14049079754601226
TOULON,BELFORT MONTBELIARD TGV,14,0.13680981595092026
TOULON,BELFORT MONTBELIARD TGV,15,0.1355828220858896
TOULON,BELFORT MONTBELIARD TGV,16,0.13641975308641976
TOULON,BELFORT MONTBELIARD TGV,17,0.13588957055214723
TOULON,BELFORT MONTBELIARD TGV,18,0.1352760736196319
TOULON,BELFORT MONTBELIARD TGV,19,0.14223602484472048
TOULON,BELFORT MONTBELIARD TGV,20,0.14906832298136646
TOULON,BELFORT MONTBELIARD TGV,21,0.1478395061728395
TOULON,BELFORT MONTBELIARD TGV,22,0.1425925925925926
TOULON,BELFORT MONTBELIARD TGV,23,0.14228395061728397
TOULON,BELFORT MONTBELIARD TGV,24,0.1419753086419753
TOULON,BELFORT MONTBELIARD TGV,25,0.1425925925925926
TOULON,BELFORT MONTBELIARD TGV,26,0.1388198757763975
TOULON,BELFORT MONTBELIARD TGV,27,0.13580246913580246
TOULON,BELFORT MONTBELIARD TGV,28,0.13611111111111113
TOULON,BELFORT MONTBELIARD TGV,29,0.13333333333333333
TOULON,BELFORT MONTBELIARD TGV,30,0.016459627329192546
TOULON,BESANCON FRANCHE COMTE TGV,0,0.32861445783132526
TOULON,BESANCON FRANCHE COMTE TGV,1,0.37694610778443116
TOULON,BESANCON FRANCHE COMTE TGV,2,0.4090361445783133
TOULON,BESANCON FRANCHE COMTE TGV,3,0.4098802395209581
TOULON,BESANCON FRANCHE COMTE TGV,4,0.12335329341317366
TOULON,BESANCON FRANCHE COMTE TGV,5,0.13393939393939394
TOULON,BESANCON FRANCHE COMTE TGV,6,0.14115853658536584
TOULON,BESANCON FRANCHE COMTE TGV,7,0.13567073170731708
TOULON,BESANCON FRANCHE COMTE TGV,8,0.13506097560975608
TOULON,BESANCON FRANCHE COMTE TGV,9,0.12591463414634146
TOULON,BESANCON FRANCHE COMTE TGV,10,0.1290909090909091
TOULON,BESANCON FRANCHE COMTE TGV,11,0.1274390243902439
TOULON,BESANCON FRANCHE COMTE TGV,12,0.13650306748466257
TOULON,BESANCON FRANCHE COMTE TGV,13,0.14049079754601226
TOULON,BESANCON FRANCHE COMTE TGV,14,0.1355828220858896
TOULON,BESANCON FRANCHE COMTE TGV,15,0.13496932515337423
TOULON,BESANCON FRANCHE COMTE TGV,16,0.13611111111111113
TOULON,BESANCON FRANCHE COMTE TGV,17,0.1352760736196319
TOULON,BESANCON FRANCHE COMTE TGV,18,0.13496932515337423
TOULON,BESANCON FRANCHE COMTE TGV,19,0.14254658385093166
TOULON,BESANCON FRANCHE COMTE TGV,20,0.14875776397515528
TOULON,BESANCON FRANCHE COMTE TGV,21,0.14814814814814814
TOULON,BESANCON FRANCHE COMTE TGV,22,0.1425925925925926
TOULON,BESANCON FRANCHE COMTE TGV,23,0.14290123456790121
TOULON,BESANCON FRANCHE COMTE TGV,24,0.1419753086419753
TOULON,BESANCON FRANCHE COMTE TGV,25,0.1410493827160494
TOULON,BESANCON FRANCHE COMTE TGV,26,0.13633540372670808
TOULON,BESANCON FRANCHE COMTE TGV,27,0.13518518518518519
TOULON,BESANCON FRANCHE COMTE TGV,28,0.1345679012345679
TOULON,BESANCON FRANCHE COMTE TGV,29,0.13148148148148148
TOULON,BESANCON FRANCHE COMTE TGV,30,0.015217391304347827
TOULON,COLMAR,0,0.3460843373493976
TOULON,COLMAR,1,0.40359281437125755
TOULON,COLMAR,2,0.43614457831325304
TOULON,COLMAR,3,0.4422155688622754
TOULON,COLMAR,4,0.11916167664670659
TOULON,COLMAR,5,0.12393939393939393
TOULON,COLMAR,6,0.13414634146341464
TOULON,COLMAR,7,0.13384146341463415
TOULON,COLMAR,8,0.13384146341463415
TOULON,COLMAR,9,0.1326219512195122
TOULON,COLMAR,10,0.14
TOULON,COLMAR,11,0.14359756097560977
TOULON,COLMAR,12,0.13742331288343557
TOULON,COLMAR,13,0.14049079754601226
TOULON,COLMAR,14,0.13588957055214723
TOULON,COLMAR,15,0.13588957055214723
TOULON,COLMAR,16,0.13611111111111113
TOULON,COLMAR,17,0.1352760736196319
TOULON,COLMAR,18,0.1352760736196319
TOULON,COLMAR,19,0.14316770186335404
TOULON,COLMAR,20,0.14875776397515528
TOULON,COLMAR,21,0.14814814814814814
TOULON,COLMAR,22,0.14290123456790121
TOULON,COLMAR,23,0.14166666666666666
TOULON,COLMAR,24,0.1419753086419753
TOULON,COLMAR,25,0.1404320987654321
TOULON,COLMAR,26,0.13633540372670808
TOULON,COLMAR,27,0.13580246913580246
TOULON,COLMAR,28,0.13580246913580246
TOULON,COLMAR,29,0.13333333333333333
TOULON,COLMAR,30,0.011801242236024845
TOULON,DIJON VILLE,0,0.3292168674698795
TOULON,DIJON VILLE,1,0.37694610778443116
TOULON,DIJON VILLE,2,0.40813253012048195
TOULON,DIJON VILLE,3,0.40149700598802396
TOULON,DIJON VILLE,4,0.11916167664670659
TOULON,DIJON VILLE,5,0.1315151515151515
TOULON,DIJON VILLE,6,0.1378048780487805
TOULON,DIJON VILLE,7,0.13597560975609757
TOULON,DIJON VILLE,8,0.136890243902439
TOULON,DIJON VILLE,9,0.12682926829268293
TOULON,DIJON VILLE,10,0.1290909090909091
TOULON,DIJON VILLE,11,0.12469512195121951
TOULON,DIJON VILLE,12,0.13650306748466257
TOULON,DIJON VILLE,13,0.14049079754601226
TOULON,DIJON VILLE,14,0.13374233128834356
TOULON,DIJON VILLE,15,0.13496932515337423
TOULON,DIJON VILLE,16,0.13580246913580246
TOULON,DIJON VILLE,17,0.1355828220858896
TOULON,DIJON VILLE,18,0.1352760736196319
TOULON,DIJON VILLE,19,0.14285714285714285
TOULON,DIJON VILLE,20,0.14813664596273293
TOULON,DIJON VILLE,21,0.14753086419753086
TOULON,DIJON VILLE,22,0.14135802469135803
TOULON,DIJON VILLE,23,0.14166666666666666
TOULON,DIJON VILLE,24,0.14166666666666666
TOULON,DIJON VILLE,25,0.1410493827160494
TOULON,DIJON VILLE,26,0.1375776397515528
TOULON,DIJON VILLE,27,0.13611111111111113
TOULON,DIJON VILLE,28,0.13796296296296298
TOULON,DIJON VILLE,29,0.13425925925925927
TOULON,DIJON VILLE,30,0.02111801242236025
TOULON,LYON (intramuros),0,0.3828313253012048
TOULON,LYON (intramuros),1,0.4041916167664671
TOULON,LYON (intramuros),2,0.42259036144578316
TOULON,LYON (intramuros),3,0.40838323353293415
TOULON,LYON (intramuros),4,0.1380239520958084
TOULON,LYON (intramuros),5,0.15393939393939393
TOULON,LYON (intramuros),6,0.175609756097561
TOULON,LYON (intramuros),7,0.15823170731707317
TOULON,LYON (intramuros),8,0.15426829268292683
TOULON,LYON (intramuros),9,0.136890243902439
TOULON,LYON (intramuros),10,0.1496969696969697
TOULON,LYON (intramuros),11,0.1527439024390244
TOULON,LYON (intramuros),12,0.14171779141104296
TOULON,LYON (intramuros),13,0.14233128834355827
TOULON,LYON (intramuros),14,0.13650306748466257
TOULON,LYON (intramuros),15,0.13588957055214723
TOULON,LYON (intramuros),16,0.13580246913580246
TOULON,LYON (intramuros),17,0.13496932515337423
TOULON,LYON (intramuros),18,0.13680981595092026
TOULON,LYON (intramuros),19,0.14285714285714285
TOULON,LYON (intramuros),20,0.14813664596273293
TOULON,LYON (intramuros),21,0.14722222222222223
TOULON,LYON (intramuros),22,0.1419753086419753
TOULON,LYON (intramuros),23,0.14320987654320988
TOULON,LYON (intramuros),24,0.14629629629629629
TOULON,LYON (intramuros),25,0.14660493827160495
TOULON,LYON (intramuros),26,0.13819875776397517
TOULON,LYON (intramuros),27,0.13518518518518519
TOULON,LYON (intramuros),28,0.13487654320987655
TOULON,LYON (intramuros),29,0.13024691358024693
TOULON,LYON (intramuros),30,0.015838509316770184
TOULON,MACON VILLE,0,0.3248466257668712
TOULON,MACON VILLE,1,0.36859756097560975
TOULON,MACON VILLE,2,0.4042944785276074
TOULON,MACON VILLE,3,0.3960365853658537
TOULON,MACON VILLE,4,0.12195121951219512
TOULON,MACON VILLE,5,0.13179012345679014
TOULON,MACON VILLE,6,0.14223602484472048
TOULON,MACON VILLE,7,0.13819875776397517
TOULON,MACON VILLE,8,0.1360248447204969
TOULON,MACON VILLE,9,0.12701863354037266
TOULON,MACON VILLE,10,0.12962962962962962
TOULON,MACON VILLE,11,0.12453416149068323
TOULON,MACON VILLE,12,0.1378125
TOULON,MACON VILLE,13,0.1421875
TOULON,MACON VILLE,14,0.1375
TOULON,MACON VILLE,15,0.1375
TOULON,MACON VILLE,16,0.13836477987421383
TOULON,MACON VILLE,17,0.1371875
TOULON,MACON VILLE,18,0.1375
TOULON,MACON VILLE,19,0.14430379746835442
TOULON,MACON VILLE,20,0.15158227848101266
TOULON,MACON VILLE,21,0.1509433962264151
TOULON,MACON VILLE,22,0.14433962264150943
TOULON,MACON VILLE,23,0.14433962264150943
TOULON,MACON VILLE,24,0.14465408805031446
TOULON,MACON VILLE,25,0.14371069182389937
TOULON,MACON VILLE,26,0.14050632911392405
TOULON,MACON VILLE,27,0.13836477987421383
TOULON,MACON VILLE,28,0.13742138364779874
TOULON,MACON VILLE,29,0.13270440251572327
TOULON,MACON VILLE,30,0.019620253164556962
TOULON,MARSEILLE ST CHARLES,0,0.35306748466257665
TOULON,MARSEILLE ST CHARLES,1,0.4054878048780488
TOULON,MARSEILLE ST CHARLES,2,0.4245398773006135
TOULON,MARSEILLE ST CHARLES,3,0.4457317073170731
TOULON,MARSEILLE ST CHARLES,4,0.1628048780487805
TOULON,MARSEILLE ST CHARLES,5,0.16203703703703703
TOULON,MARSEILLE ST CHARLES,6,0.1686335403726708
TOULON,MARSEILLE ST CHARLES,7,0.16304347826086957
TOULON,MARSEILLE ST CHARLES,8,0.1608695652173913
TOULON,MARSEILLE ST CHARLES,9,0.1608695652173913
TOULON,MARSEILLE ST CHARLES,10,0.15987654320987654
TOULON,MARSEILLE ST CHARLES,11,0.15403726708074533
TOULON,MARSEILLE ST CHARLES,12,0.16999999999999998
TOULON,MARSEILLE ST CHARLES,13,0.1771875
TOULON,MARSEILLE ST CHARLES,14,0.18
TOULON,MARSEILLE ST CHARLES,15,0.18125
TOULON,MARSEILLE ST CHARLES,16,0.1871069182389937
TOULON,MARSEILLE ST CHARLES,17,0.1915625
TOULON,MARSEILLE ST CHARLES,18,0.18812500000000001
TOULON,MARSEILLE ST CHARLES,19,0.18955696202531644
TOULON,MARSEILLE ST CHARLES,20,0.19177215189873417
TOULON,MARSEILLE ST CHARLES,21,0.19559748427672957
TOULON,MARSEILLE ST CHARLES,22,0.19465408805031445
TOULON,MARSEILLE ST CHARLES,23,0.2
TOULON,MARSEILLE ST CHARLES,24,0.2059748427672956
TOULON,MARSEILLE ST CHARLES,25,0.20974842767295598
TOULON,MARSEILLE ST CHARLES,26,0.20094936708860758
TOULON,MARSEILLE ST CHARLES,27,0.20031446540880504
TOULON,MARSEILLE ST CHARLES,28,0.2050314465408805
TOULON,MARSEILLE ST CHARLES,29,0.19937106918238992
TOULON,MARSEILLE ST CHARLES,30,0.03291139240506329
TOULON,MULHOUSE VILLE,0,0.34879518072289156
TOULON,MULHOUSE VILLE,1,0.4026946107784431
TOULON,MULHOUSE VILLE,2,0.4439759036144578
TOULON,MULHOUSE VILLE,3,0.4479041916167664
TOULON,MULHOUSE VILLE,4,0.11766467065868262
TOULON,MULHOUSE VILLE,5,0.12454545454545456
TOULON,MULHOUSE VILLE,6,0.13414634146341464
TOULON,MULHOUSE VILLE,7,0.13506097560975608
TOULON,MULHOUSE VILLE,8,0.13475609756097562
TOULON,MULHOUSE VILLE,9,0.1320121951219512
TOULON,MULHOUSE VILLE,10,0.1406060606060606
TOULON,MULHOUSE VILLE,11,0.1448170731707317
TOULON,MULHOUSE VILLE,12,0.13680981595092026
TOULON,MULHOUSE VILLE,13,0.1401840490797546
TOULON,MULHOUSE VILLE,14,0.1352760736196319
TOULON,MULHOUSE VILLE,15,0.1352760736196319
TOULON,MULHOUSE VILLE,16,0.13641975308641976
TOULON,MULHOUSE VILLE,17,0.1355828220858896
TOULON,MULHOUSE VILLE,18,0.1352760736196319
TOULON,MULHOUSE VILLE,19,0.14223602484472048
TOULON,MULHOUSE VILLE,20,0.14906832298136646
TOULON,MULHOUSE VILLE,21,0.14814814814814814
TOULON,MULHOUSE VILLE,22,0.14351851851851852
TOULON,MULHOUSE VILLE,23,0.14290123456790121
TOULON,MULHOUSE VILLE,24,0.14290123456790121
TOULON,MULHOUSE VILLE,25,0.14228395061728397
TOULON,MULHOUSE VILLE,26,0.13726708074534164
TOULON,MULHOUSE VILLE,27,0.13549382716049382
TOULON,MULHOUSE VILLE,28,0.13549382716049382
TOULON,MULHOUSE VILLE,29,0.1339506172839506
TOULON,MULHOUSE VILLE,30,0.01832298136645963
TOULON,NANCY,0,0.31153846153846154
TOULON,NANCY,1,0.3719230769230769
TOULON,NANCY,2,0.4153846153846154
TOULON,NANCY,3,0.4280769230769231
TOULON,NANCY,4,0.10692307692307693
TOULON,NANCY,5,0.12674418604651164
TOULON,NANCY,6,0.13858267716535433
TOULON,NANCY,7,0.146484375
TOULON,NANCY,8,0.15118110236220472
TOULON,NANCY,9,0.12913385826771653
TOULON,NANCY,10,0.1375
TOULON,NANCY,11,0.1484251968503937
TOULON,NANCY,12,0.14763779527559054
TOULON,NANCY,13,0.15708661417322833
TOULON,NANCY,14,0.15866141732283465
TOULON,NANCY,15,0.1578740157480315
TOULON,NANCY,16,0.15912698412698414
TOULON,NANCY,17,0.1578740157480315
TOULON,NANCY,18,0.1590551181102362
TOULON,NANCY,19,0.168
TOULON,NANCY,20,0.176
TOULON,NANCY,21,0.1746031746031746
TOULON,NANCY,22,0.1746031746031746
TOULON,NANCY,23,0.1746031746031746
TOULON,NANCY,24,0.1746031746031746
TOULON,NANCY,25,0.1742063492063492
TOULON,NANCY,26,0.1752
TOULON,NANCY,27,0.17341269841269843
TOULON,NANCY,28,0.17579365079365078
TOULON,NANCY,29,0.16746031746031748
TOULON,NANCY,30,0.028174603174603175
TOULON,STRASBOURG,0,0.35361445783132534
TOULON,STRASBOURG,1,0.4050898203592815
TOULON,STRASBOURG,2,0.44367469879518073
TOULON,STRASBOURG,3,0.45838323353293414
TOULON,STRASBOURG,4,0.12035928143712575
TOULON,STRASBOURG,5,0.12484848484848486
TOULON,STRASBOURG,6,0.14207317073170733
TOULON,STRASBOURG,7,0.1375
TOULON,STRASBOURG,8,0.13567073170731708
TOULON,STRASBOURG,9,0.13567073170731708
TOULON,STRASBOURG,10,0.14
TOULON,STRASBOURG,11,0.15030487804878048
TOULON,STRASBOURG,12,0.13773006134969323
TOULON,STRASBOURG,13,0.13987730061349693
TOULON,STRASBOURG,14,0.13496932515337423
TOULON,STRASBOURG,15,0.1352760736196319
TOULON,STRASBOURG,16,0.13672839506172837
TOULON,STRASBOURG,17,0.1352760736196319
TOULON,STRASBOURG,18,0.13466257668711656
TOULON,STRASBOURG,19,0.14223602484472048
TOULON,STRASBOURG,20,0.14906832298136646
TOULON,STRASBOURG,21,0.1484567901234568
TOULON,STRASBOURG,22,0.14166666666666666
TOULON,STRASBOURG,23,0.1419753086419753
TOULON,STRASBOURG,24,0.14290123456790121
TOULON,STRASBOURG,25,0.1410493827160494
TOULON,STRASBOURG,26,0.1375776397515528
TOULON,STRASBOURG,27,0.13641975308641976
TOULON,STRASBOURG,28,0.13641975308641976
TOULON,STRASBOURG,29,0.13364197530864197
TOULON,STRASBOURG,30,0.017080745341614908
VALENCE TGV AUVERGNE RHONE ALPES,BELFORT MONTBELIARD TGV,0,0.43478260869565216
VALENCE TGV AUVERGNE RHONE ALPES,BELFORT MONTBELIARD TGV,1,0.46009316770186337
VALENCE TGV AUVERGNE RHONE ALPES,BELFORT MONTBELIARD TGV,2,0.4788819875776397
VALENCE TGV AUVERGNE RHONE ALPES,BELFORT MONTBELIARD TGV,3,0.4779503105590062
VALENCE TGV AUVERGNE RHONE ALPES,BELFORT MONTBELIARD TGV,4,0.15186335403726708
VALENCE TGV AUVERGNE RHONE ALPES,BELFORT MONTBELIARD TGV,5,0.1529595015576324
VALENCE TGV AUVERGNE RHONE ALPES,BELFORT MONTBELIARD TGV,6,0.16046875
VALENCE TGV AUVERGNE RHONE ALPES,BELFORT MONTBELIARD TGV,7,0.17758620689655172
VALENCE TGV AUVERGNE RHONE ALPES,BELFORT MONTBELIARD TGV,8,0.18459119496855347
VALENCE TGV AUVERGNE RHONE ALPES,BELFORT MONTBELIARD TGV,9,0.19009433962264152
VALENCE TGV AUVERGNE RHONE ALPES,BELFORT MONTBELIARD TGV,10,0.1916139240506329
VALENCE TGV AUVERGNE RHONE ALPES,BELFORT MONTBELIARD TGV,11,0.19193037974683544
VALENCE TGV AUVERGNE RHONE ALPES,BELFORT MONTBELIARD TGV,12,0.04699367088607595
VALENCE TGV AUVERGNE RHONE ALPES,BELFORT MONTBELIARD TGV,13,0.04238095238095238
VALENCE TGV AUVERGNE RHONE ALPES,BELFORT MONTBELIARD TGV,14,0.0393312101910828
VALENCE TGV AUVERGNE RHONE ALPES,BELFORT MONTBELIARD TGV,15,0.04009584664536742
VALENCE TGV AUVERGNE RHONE ALPES,BELFORT MONTBELIARD TGV,16,0.03669871794871795
VALENCE TGV AUVERGNE RHONE ALPES,BELFORT MONTBELIARD TGV,17,0.030769230769230767
VALENCE TGV AUVERGNE RHONE ALPES,BELFORT MONTBELIARD TGV,18,0.032636655948553056
VALENCE TGV AUVERGNE RHONE ALPES,BELFORT MONTBELIARD TGV,19,0.028064516129032255
VALENCE TGV AUVERGNE RHONE ALPES,BELFORT MONTBELIARD TGV,20,0.027831715210355986
VALENCE TGV AUVERGNE RHONE ALPES,BELFORT MONTBELIARD TGV,21,0.026461038961038963
VALENCE TGV AUVERGNE RHONE ALPES,BELFORT MONTBELIARD TGV,22,0.026221498371335507
VALENCE TGV AUVERGNE RHONE ALPES,BELFORT MONTBELIARD TGV,23,0.0255700325732899
VALENCE TGV AUVERGNE RHONE ALPES,BELFORT MONTBELIARD TGV,24,0.020915032679738564
VALENCE TGV AUVERGNE RHONE ALPES,BELFORT MONTBELIARD TGV,25,0.02
VALENCE TGV AUVERGNE RHONE ALPES,BELFORT MONTBELIARD TGV,26,0.020230263157894737
VALENCE TGV AUVERGNE RHONE ALPES,BELFORT MONTBELIARD TGV,27,0.022607260726072605
VALENCE TGV AUVERGNE RHONE ALPES,BELFORT MONTBELIARD TGV,28,0.023178807947019868
VALENCE TGV AUVERGNE RHONE ALPES,BELFORT MONTBELIARD TGV,29,0.022923588039867108
VALENCE TGV AUVERGNE RHONE ALPES,BELFORT MONTBELIARD TGV,30,0.004013377926421404
VALENCE TGV AUVERGNE RHONE ALPES,BESANCON FRANCHE COMTE TGV,0,0.43152173913043473
VALENCE TGV AUVERGNE RHONE ALPES,BESANCON FRANCHE COMTE TGV,1,0.4555900621118012
VALENCE TGV AUVERGNE RHONE ALPES,BESANCON FRANCHE COMTE TGV,2,0.4745341614906833
VALENCE TGV AUVERGNE RHONE ALPES,BESANCON FRANCHE COMTE TGV,3,0.46878881987577636
VALENCE TGV AUVERGNE RHONE ALPES,BESANCON FRANCHE COMTE TGV,4,0.15124223602484474
VALENCE TGV AUVERGNE RHONE ALPES,BESANCON FRANCHE COMTE TGV,5,0.15311526479750778
VALENCE TGV AUVERGNE RHONE ALPES,BESANCON FRANCHE COMTE TGV,6,0.16515625
VALENCE TGV AUVERGNE RHONE ALPES,BESANCON FRANCHE COMTE TGV,7,0.17805642633228838
VALENCE TGV AUVERGNE RHONE ALPES,BESANCON FRANCHE COMTE TGV,8,0.180188679245283
VALENCE TGV AUVERGNE RHONE ALPES,BESANCON FRANCHE COMTE TGV,9,0.18490566037735848
VALENCE TGV AUVERGNE RHONE ALPES,BESANCON FRANCHE COMTE TGV,10,0.19034810126582277
VALENCE TGV AUVERGNE RHONE ALPES,BESANCON FRANCHE COMTE TGV,11,0.18781645569620253
VALENCE TGV AUVERGNE RHONE ALPES,BESANCON FRANCHE COMTE TGV,12,0.04541139240506329
VALENCE TGV AUVERGNE RHONE ALPES,BESANCON FRANCHE COMTE TGV,13,0.04285714285714286
VALENCE TGV AUVERGNE RHONE ALPES,BESANCON FRANCHE COMTE TGV,14,0.0393312101910828
VALENCE TGV AUVERGNE RHONE ALPES,BESANCON FRANCHE COMTE TGV,15,0.04153354632587859
VALENCE TGV AUVERGNE RHONE ALPES,BESANCON FRANCHE COMTE TGV,16,0.0375
VALENCE TGV AUVERGNE RHONE ALPES,BESANCON FRANCHE COMTE TGV,17,0.03141025641025641
VALENCE TGV AUVERGNE RHONE ALPES,BESANCON FRANCHE COMTE TGV,18,0.033440514469453377
VALENCE TGV AUVERGNE RHONE ALPES,BESANCON FRANCHE COMTE TGV,19,0.029838709677419355
VALENCE TGV AUVERGNE RHONE ALPES,BESANCON FRANCHE COMTE TGV,20,0.027993527508090615
VALENCE TGV AUVERGNE RHONE ALPES,BESANCON FRANCHE COMTE TGV,21,0.026623376623376622
VALENCE TGV AUVERGNE RHONE ALPES,BESANCON FRANCHE COMTE TGV,22,0.025895765472312704
VALENCE TGV AUVERGNE RHONE ALPES,BESANCON FRANCHE COMTE TGV,23,0.024755700325732898
VALENCE TGV AUVERGNE RHONE ALPES,BESANCON FRANCHE COMTE TGV,24,0.020588235294117647
VALENCE TGV AUVERGNE RHONE ALPES,BESANCON FRANCHE COMTE TGV,25,0.02
VALENCE TGV AUVERGNE RHONE ALPES,BESANCON FRANCHE COMTE TGV,26,0.02006578947368421
VALENCE TGV AUVERGNE RHONE ALPES,BESANCON FRANCHE COMTE TGV,27,0.022607260726072605
VALENCE TGV AUVERGNE RHONE ALPES,BESANCON FRANCHE COMTE TGV,28,0.023344370860927152
VALENCE TGV AUVERGNE RHONE ALPES,BESANCON FRANCHE COMTE TGV,29,0.022425249169435217
VALENCE TGV AUVERGNE RHONE ALPES,BESANCON FRANCHE COMTE TGV,30,0.003678929765886288
VALENCE TGV AUVERGNE RHONE ALPES,CHALON SUR SAONE,0,0.35722891566265064
VALENCE TGV AUVERGNE RHONE ALPES,CHALON SUR SAONE,1,0.3524
VALENCE TGV AUVERGNE RHONE ALPES,CHALON SUR SAONE,2,0.3518
VALENCE TGV AUVERGNE RHONE ALPES,CHALON SUR SAONE,3,0.3186746987951807
VALENCE TGV AUVERGNE RHONE ALPES,CHALON SUR SAONE,4,0.09657258064516129
VALENCE TGV AUVERGNE RHONE ALPES,CHALON SUR SAONE,5,0.09735772357723577
VALENCE TGV AUVERGNE RHONE ALPES,CHALON SUR SAONE,6,0.11469387755102041
VALENCE TGV AUVERGNE RHONE ALPES,CHALON SUR SAONE,7,0.1315040650406504
VALENCE TGV AUVERGNE RHONE ALPES,CHALON SUR SAONE,8,0.15121951219512197
VALENCE TGV AUVERGNE RHONE ALPES,CHALON SUR SAONE,9,0.09939271255060729
VALENCE TGV AUVERGNE RHONE ALPES,CHALON SUR SAONE,10,0.060816326530612246
VALENCE TGV AUVERGNE RHONE ALPES,CHALON SUR SAONE,11,0.05430327868852459
VALENCE TGV AUVERGNE RHONE ALPES,CHALON SUR SAONE,12,0.04506172839506173
VALENCE TGV AUVERGNE RHONE ALPES,CHALON SUR SAONE,13,0.042561983471074386
VALENCE TGV AUVERGNE RHONE ALPES,CHALON SUR SAONE,14,0.040740740740740744
VALENCE TGV AUVERGNE RHONE ALPES,CHALON SUR SAONE,15,0.04036885245901639
VALENCE TGV AUVERGNE RHONE ALPES,CHALON SUR SAONE,16,0.03539094650205761
VALENCE TGV AUVERGNE RHONE ALPES,CHALON SUR SAONE,17,0.03237704918032787
VALENCE TGV AUVERGNE RHONE ALPES,CHALON SUR SAONE,18,0.029835390946502057
VALENCE TGV AUVERGNE RHONE ALPES,CHALON SUR SAONE,19,0.029132231404958676
VALENCE TGV AUVERGNE RHONE ALPES,CHALON SUR SAONE,20,0.029045643153526972
VALENCE TGV AUVERGNE RHONE ALPES,CHALON SUR SAONE,21,0.029045643153526972
VALENCE TGV AUVERGNE RHONE ALPES,CHALON SUR SAONE,22,0.025933609958506226
VALENCE TGV AUVERGNE RHONE ALPES,CHALON SUR SAONE,23,0.025416666666666664
VALENCE TGV AUVERGNE RHONE ALPES,CHALON SUR SAONE,24,0.025
VALENCE TGV AUVERGNE RHONE ALPES,CHALON SUR SAONE,25,0.025
VALENCE TGV AUVERGNE RHONE ALPES,CHALON SUR SAONE,26,0.02510548523206751
VALENCE TGV AUVERGNE RHONE ALPES,CHALON SUR SAONE,27,0.025423728813559324
VALENCE TGV AUVERGNE RHONE ALPES,CHALON SUR SAONE,28,0.025211864406779663
VALENCE TGV AUVERGNE RHONE ALPES,CHALON SUR SAONE,29,0.023940677966101696
VALENCE TGV AUVERGNE RHONE ALPES,CHALON SUR SAONE,30,0.0029914529914529912
VALENCE TGV AUVERGNE RHONE ALPES,COLMAR,0,0.4119485294117647
VALENCE TGV AUVERGNE RHONE ALPES,COLMAR,1,0.4418819188191882
VALENCE TGV AUVERGNE RHONE ALPES,COLMAR,2,0.46863468634686345
VALENCE TGV AUVERGNE RHONE ALPES,COLMAR,3,0.4935424354243542
VALENCE TGV AUVERGNE RHONE ALPES,COLMAR,4,0.06911764705882353
VALENCE TGV AUVERGNE RHONE ALPES,COLMAR,5,0.065625
VALENCE TGV AUVERGNE RHONE ALPES,COLMAR,6,0.07058823529411765
VALENCE TGV AUVERGNE RHONE ALPES,COLMAR,7,0.08062730627306273
VALENCE TGV AUVERGNE RHONE ALPES,COLMAR,8,0.10537037037037036
VALENCE TGV AUVERGNE RHONE ALPES,COLMAR,9,0.11462962962962962
VALENCE TGV AUVERGNE RHONE ALPES,COLMAR,10,0.120817843866171
VALENCE TGV AUVERGNE RHONE ALPES,COLMAR,11,0.1275092936802974
VALENCE TGV AUVERGNE RHONE ALPES,COLMAR,12,0.01417910447761194
VALENCE TGV AUVERGNE RHONE ALPES,COLMAR,13,0.012313432835820894
VALENCE TGV AUVERGNE RHONE ALPES,COLMAR,14,0.009363295880149813
VALENCE TGV AUVERGNE RHONE ALPES,COLMAR,15,0.012030075187969924
VALENCE TGV AUVERGNE RHONE ALPES,COLMAR,16,0.01339622641509434
VALENCE TGV AUVERGNE RHONE ALPES,COLMAR,17,0.008712121212121211
VALENCE TGV AUVERGNE RHONE ALPES,COLMAR,18,0.007765151515151515
VALENCE TGV AUVERGNE RHONE ALPES,COLMAR,19,0.006083650190114069
VALENCE TGV AUVERGNE RHONE ALPES,COLMAR,20,0.0064638783269961985
VALENCE TGV AUVERGNE RHONE ALPES,COLMAR,21,0.004372623574144486
VALENCE TGV AUVERGNE RHONE ALPES,COLMAR,22,0.00400763358778626
VALENCE TGV AUVERGNE RHONE ALPES,COLMAR,23,0.00400763358778626
VALENCE TGV AUVERGNE RHONE ALPES,COLMAR,24,0.0007633587786259541
VALENCE TGV AUVERGNE RHONE ALPES,COLMAR,25,0.0003802281368821293
VALENCE TGV AUVERGNE RHONE ALPES,COLMAR,26,0.000570342205323194
VALENCE TGV AUVERGNE RHONE ALPES,COLMAR,27,0.0032442748091603053
VALENCE TGV AUVERGNE RHONE ALPES,COLMAR,28,0.004007633587786259
VALENCE TGV AUVERGNE RHONE ALPES,COLMAR,29,0.0040229885057471255
VALENCE TGV AUVERGNE RHONE ALPES,COLMAR,30,0.0009652509652509653
VALENCE TGV AUVERGNE RHONE ALPES,DIJON VILLE,0,0.4139751552795031
VALENCE TGV AUVERGNE RHONE ALPES,DIJON VILLE,1,0.4225155279503106
VALENCE TGV AUVERGNE RHONE ALPES,DIJON VILLE,2,0.4576086956521739
VALENCE TGV AUVERGNE RHONE ALPES,DIJON VILLE,3,0.43742236024844716
VALENCE TGV AUVERGNE RHONE ALPES,DIJON VILLE,4,0.10667701863354037
VALENCE TGV AUVERGNE RHONE ALPES,DIJON VILLE,5,0.10747663551401869
VALENCE TGV AUVERGNE RHONE ALPES,DIJON VILLE,6,0.123125
VALENCE TGV AUVERGNE RHONE ALPES,DIJON VILLE,7,0.1427899686520376
VALENCE TGV AUVERGNE RHONE ALPES,DIJON VILLE,8,0.14952830188679245
VALENCE TGV AUVERGNE RHONE ALPES,DIJON VILLE,9,0.10251572327044026
VALENCE TGV AUVERGNE RHONE ALPES,DIJON VILLE,10,0.0661392405063291
VALENCE TGV AUVERGNE RHONE ALPES,DIJON VILLE,11,0.05284810126582278
VALENCE TGV AUVERGNE RHONE ALPES,DIJON VILLE,12,0.039873417721518985
VALENCE TGV AUVERGNE RHONE ALPES,DIJON VILLE,13,0.038571428571428576
VALENCE TGV AUVERGNE RHONE ALPES,DIJON VILLE,14,0.03805732484076433
VALENCE TGV AUVERGNE RHONE ALPES,DIJON VILLE,15,0.040255591054313096
VALENCE TGV AUVERGNE RHONE ALPES,DIJON VILLE,16,0.035096153846153846
VALENCE TGV AUVERGNE RHONE ALPES,DIJON VILLE,17,0.03012820512820513
VALENCE TGV AUVERGNE RHONE ALPES,DIJON VILLE,18,0.030707395498392284
VALENCE TGV AUVERGNE RHONE ALPES,DIJON VILLE,19,0.02725806451612903
VALENCE TGV AUVERGNE RHONE ALPES,DIJON VILLE,20,0.027993527508090615
VALENCE TGV AUVERGNE RHONE ALPES,DIJON VILLE,21,0.025487012987012985
VALENCE TGV AUVERGNE RHONE ALPES,DIJON VILLE,22,0.0241042345276873
VALENCE TGV AUVERGNE RHONE ALPES,DIJON VILLE,23,0.02280130293159609
VALENCE TGV AUVERGNE RHONE ALPES,DIJON VILLE,24,0.020098039215686276
VALENCE TGV AUVERGNE RHONE ALPES,DIJON VILLE,25,0.019508196721311474
VALENCE TGV AUVERGNE RHONE ALPES,DIJON VILLE,26,0.019736842105263157
VALENCE TGV AUVERGNE RHONE ALPES,DIJON VILLE,27,0.022607260726072605
VALENCE TGV AUVERGNE RHONE ALPES,DIJON VILLE,28,0.0228476821192053
VALENCE TGV AUVERGNE RHONE ALPES,DIJON VILLE,29,0.022093023255813953
VALENCE TGV AUVERGNE RHONE ALPES,DIJON VILLE,30,0.003846153846153846
VALENCE TGV AUVERGNE RHONE ALPES,LUXEMBOURG,0,0.43720930232558136
VALENCE TGV AUVERGNE RHONE ALPES,LUXEMBOURG,1,0.4498062015503876
VALENCE TGV AUVERGNE RHONE ALPES,LUXEMBOURG,2,0.4676356589147287
VALENCE TGV AUVERGNE RHONE ALPES,LUXEMBOURG,3,0.478988326848249
VALENCE TGV AUVERGNE RHONE ALPES,LUXEMBOURG,4,0.15019455252918287
VALENCE TGV AUVERGNE RHONE ALPES,LUXEMBOURG,5,0.150390625
VALENCE TGV AUVERGNE RHONE ALPES,LUXEMBOURG,6,0.15980392156862744
VALENCE TGV AUVERGNE RHONE ALPES,LUXEMBOURG,7,0.17137254901960786
VALENCE TGV AUVERGNE RHONE ALPES,LUXEMBOURG,8,0.18543307086614175
VALENCE TGV AUVERGNE RHONE ALPES,LUXEMBOURG,9,0.20059288537549408
VALENCE TGV AUVERGNE RHONE ALPES,LUXEMBOURG,10,0.21912350597609562
VALENCE TGV AUVERGNE RHONE ALPES,LUXEMBOURG,11,0.22669322709163345
VALENCE TGV AUVERGNE RHONE ALPES,LUXEMBOURG,12,0.054382470119521915
VALENCE TGV AUVERGNE RHONE ALPES,LUXEMBOURG,13,0.04780876494023904
VALENCE TGV AUVERGNE RHONE ALPES,LUXEMBOURG,14,0.045399999999999996
VALENCE TGV AUVERGNE RHONE ALPES,LUXEMBOURG,15,0.04738955823293173
VALENCE TGV AUVERGNE RHONE ALPES,LUXEMBOURG,16,0.04455645161290323
VALENCE TGV AUVERGNE RHONE ALPES,LUXEMBOURG,17,0.03825910931174089
VALENCE TGV AUVERGNE RHONE ALPES,LUXEMBOURG,18,0.038461538461538464
VALENCE TGV AUVERGNE RHONE ALPES,LUXEMBOURG,19,0.03638211382113821
VALENCE TGV AUVERGNE RHONE ALPES,LUXEMBOURG,20,0.032723577235772364
VALENCE TGV AUVERGNE RHONE ALPES,LUXEMBOURG,21,0.032723577235772364
VALENCE TGV AUVERGNE RHONE ALPES,LUXEMBOURG,22,0.03551020408163265
VALENCE TGV AUVERGNE RHONE ALPES,LUXEMBOURG,23,0.03571428571428571
VALENCE TGV AUVERGNE RHONE ALPES,LUXEMBOURG,24,0.02959183673469388
VALENCE TGV AUVERGNE RHONE ALPES,LUXEMBOURG,25,0.025
VALENCE TGV AUVERGNE RHONE ALPES,LUXEMBOURG,26,0.025203252032520326
VALENCE TGV AUVERGNE RHONE ALPES,LUXEMBOURG,27,0.02489795918367347
VALENCE TGV AUVERGNE RHONE ALPES,LUXEMBOURG,28,0.02489795918367347
VALENCE TGV AUVERGNE RHONE ALPES,LUXEMBOURG,29,0.023770491803278688
VALENCE TGV AUVERGNE RHONE ALPES,LUXEMBOURG,30,0.0024793388429752063
VALENCE TGV AUVERGNE RHONE ALPES,LYON (intramuros),0,0.42180685358255454
VALENCE TGV AUVERGNE RHONE ALPES,LYON (intramuros),1,0.43473520249221187
VALENCE TGV AUVERGNE RHONE ALPES,LYON (intramuros),2,0.464797507788162
VALENCE TGV AUVERGNE RHONE ALPES,LYON (intramuros),3,0.43785046728971966
VALENCE TGV AUVERGNE RHONE ALPES,LYON (intramuros),4,0.12133956386292835
VALENCE TGV AUVERGNE RHONE ALPES,LYON (intramuros),5,0.11984375
VALENCE TGV AUVERGNE RHONE ALPES,LYON (intramuros),6,0.13761755485893418
VALENCE TGV AUVERGNE RHONE ALPES,LYON (intramuros),7,0.14968553459119496
VALENCE TGV AUVERGNE RHONE ALPES,LYON (intramuros),8,0.1583596214511041
VALENCE TGV AUVERGNE RHONE ALPES,LYON (intramuros),9,0.10630914826498424
VALENCE TGV AUVERGNE RHONE ALPES,LYON (intramuros),10,0.0653968253968254
VALENCE TGV AUVERGNE RHONE ALPES,LYON (intramuros),11,0.05746031746031746
VALENCE TGV AUVERGNE RHONE ALPES,LYON (intramuros),12,0.04857142857142857
VALENCE TGV AUVERGNE RHONE ALPES,LYON (intramuros),13,0.04315286624203822
VALENCE TGV AUVERGNE RHONE ALPES,LYON (intramuros),14,0.04361022364217253
VALENCE TGV AUVERGNE RHONE ALPES,LYON (intramuros),15,0.04551282051282051
VALENCE TGV AUVERGNE RHONE ALPES,LYON (intramuros),16,0.03938906752411576
VALENCE TGV AUVERGNE RHONE ALPES,LYON (intramuros),17,0.035530546623794214
VALENCE TGV AUVERGNE RHONE ALPES,LYON (intramuros),18,0.0332258064516129
VALENCE TGV AUVERGNE RHONE ALPES,LYON (intramuros),19,0.032362459546925564
VALENCE TGV AUVERGNE RHONE ALPES,LYON (intramuros),20,0.030194805194805198
VALENCE TGV AUVERGNE RHONE ALPES,LYON (intramuros),21,0.028990228013029317
VALENCE TGV AUVERGNE RHONE ALPES,LYON (intramuros),22,0.028921568627450978
VALENCE TGV AUVERGNE RHONE ALPES,LYON (intramuros),23,0.025326797385620915
VALENCE TGV AUVERGNE RHONE ALPES,LYON (intramuros),24,0.02065573770491803
VALENCE TGV AUVERGNE RHONE ALPES,LYON (intramuros),25,0.020230263157894737
VALENCE TGV AUVERGNE RHONE ALPES,LYON (intramuros),26,0.020627062706270627
VALENCE TGV AUVERGNE RHONE ALPES,LYON (intramuros),27,0.022516556291390728
VALENCE TGV AUVERGNE RHONE ALPES,LYON (intramuros),28,0.023421926910299002
VALENCE TGV AUVERGNE RHONE ALPES,LYON (intramuros),29,0.022166666666666668
VALENCE TGV AUVERGNE RHONE ALPES,LYON (intramuros),30,0.004180602006688963
VALENCE TGV AUVERGNE RHONE ALPES,LYON ST EXUPERY TGV.,0,0.0
VALENCE TGV AUVERGNE RHONE ALPES,LYON ST EXUPERY TGV.,1,0.0
VALENCE TGV AUVERGNE RHONE ALPES,LYON ST EXUPERY TGV.,2,0.0
VALENCE TGV AUVERGNE RHONE ALPES,LYON ST EXUPERY TGV.,3,0.0
VALENCE TGV AUVERGNE RHONE ALPES,LYON ST EXUPERY TGV.,4,0.0
VALENCE TGV AUVERGNE RHONE ALPES,LYON ST EXUPERY TGV.,5,0.05
VALENCE TGV AUVERGNE RHONE ALPES,LYON ST EXUPERY TGV.,6,0.05
VALENCE TGV AUVERGNE RHONE ALPES,LYON ST EXUPERY TGV.,7,0.0
VALENCE TGV AUVERGNE RHONE ALPES,LYON ST EXUPERY TGV.,8,0.0
VALENCE TGV AUVERGNE RHONE ALPES,LYON ST EXUPERY TGV.,9,0.0
VALENCE TGV AUVERGNE RHONE ALPES,LYON ST EXUPERY TGV.,10,0.0
VALENCE TGV AUVERGNE RHONE ALPES,LYON ST EXUPERY TGV.,11,0.0
VALENCE TGV AUVERGNE RHONE ALPES,LYON ST EXUPERY TGV.,12,0.0
VALENCE TGV AUVERGNE RHONE ALPES,LYON ST EXUPERY TGV.,13,0.0
VALENCE TGV AUVERGNE RHONE ALPES,LYON ST EXUPERY TGV.,14,0.0
VALENCE TGV AUVERGNE RHONE ALPES,LYON ST EXUPERY TGV.,15,0.0
VALENCE TGV AUVERGNE RHONE ALPES,LYON ST EXUPERY TGV.,16,0.0
VALENCE TGV AUVERGNE RHONE ALPES,LYON ST EXUPERY TGV.,17,0.0
VALENCE TGV AUVERGNE RHONE ALPES,LYON ST EXUPERY TGV.,18,0.0
VALENCE TGV AUVERGNE RHONE ALPES,LYON ST EXUPERY TGV.,19,0.0
VALENCE TGV AUVERGNE RHONE ALPES,LYON ST EXUPERY TGV.,20,0.0
VALENCE TGV AUVERGNE RHONE ALPES,LYON ST EXUPERY TGV.,21,0.0
VALENCE TGV AUVERGNE RHONE ALPES,LYON ST EXUPERY TGV.,22,0.0
VALENCE TGV AUVERGNE RHONE ALPES,LYON ST EXUPERY TGV.,23,0.0
VALENCE TGV AUVERGNE RHONE ALPES,LYON ST EXUPERY TGV.,24,0.0
VALENCE TGV AUVERGNE RHONE ALPES,LYON ST EXUPERY TGV.,25,0.0
VALENCE TGV AUVERGNE RHONE ALPES,LYON ST EXUPERY TGV.,26,0.0
VALENCE TGV AUVERGNE RHONE ALPES,LYON ST EXUPERY TGV.,27,0.0
VALENCE TGV AUVERGNE RHONE ALPES,LYON ST EXUPERY TGV.,28,0.0
VALENCE TGV AUVERGNE RHONE ALPES,LYON ST EXUPERY TGV.,29,0.0
VALENCE TGV AUVERGNE RHONE ALPES,MACON VILLE,0,0.2787878787878788
VALENCE TGV AUVERGNE RHONE ALPES,MACON VILLE,1,0.2924242424242424
VALENCE TGV AUVERGNE RHONE ALPES,MACON VILLE,2,0.32164634146341464
VALENCE TGV AUVERGNE RHONE ALPES,MACON VILLE,3,0.3451219512195122
VALENCE TGV AUVERGNE RHONE ALPES,MACON VILLE,4,0.03818181818181818
VALENCE TGV AUVERGNE RHONE ALPES,MACON VILLE,5,0.03333333333333333
VALENCE TGV AUVERGNE RHONE ALPES,MACON VILLE,6,0.03575757575757576
VALENCE TGV AUVERGNE RHONE ALPES,MACON VILLE,7,0.02957317073170732
VALENCE TGV AUVERGNE RHONE ALPES,MACON VILLE,8,0.02530487804878049
VALENCE TGV AUVERGNE RHONE ALPES,MACON VILLE,9,0.020426829268292684
VALENCE TGV AUVERGNE RHONE ALPES,MACON VILLE,10,0.02774390243902439
VALENCE TGV AUVERGNE RHONE ALPES,MACON VILLE,11,0.02515337423312883
VALENCE TGV AUVERGNE RHONE ALPES,MACON VILLE,12,0.013803680981595092
VALENCE TGV AUVERGNE RHONE ALPES,MACON VILLE,13,0.013190184049079755
VALENCE TGV AUVERGNE RHONE ALPES,MACON VILLE,14,0.013719512195121951
VALENCE TGV AUVERGNE RHONE ALPES,MACON VILLE,15,0.016158536585365854
VALENCE TGV AUVERGNE RHONE ALPES,MACON VILLE,16,0.016564417177914112
VALENCE TGV AUVERGNE RHONE ALPES,MACON VILLE,17,0.007926829268292683
VALENCE TGV AUVERGNE RHONE ALPES,MACON VILLE,18,0.00736196319018405
VALENCE TGV AUVERGNE RHONE ALPES,MACON VILLE,19,0.006402439024390243
VALENCE TGV AUVERGNE RHONE ALPES,MACON VILLE,20,0.007668711656441718
VALENCE TGV AUVERGNE RHONE ALPES,MACON VILLE,21,0.007012195121951219
VALENCE TGV AUVERGNE RHONE ALPES,MACON VILLE,22,0.0067073170731707325
VALENCE TGV AUVERGNE RHONE ALPES,MACON VILLE,23,0.006748466257668713
VALENCE TGV AUVERGNE RHONE ALPES,MACON VILLE,24,0.0024390243902439024
VALENCE TGV AUVERGNE RHONE ALPES,MACON VILLE,25,0.0009146341463414636
VALENCE TGV AUVERGNE RHONE ALPES,MACON VILLE,26,0.0
VALENCE TGV AUVERGNE RHONE ALPES,MACON VILLE,27,0.005182926829268293
VALENCE TGV AUVERGNE RHONE ALPES,MACON VILLE,28,0.006402439024390244
VALENCE TGV AUVERGNE RHONE ALPES,MACON VILLE,29,0.006402439024390243
VALENCE TGV AUVERGNE RHONE ALPES,MACON VILLE,30,0.001226993865030675
VALENCE TGV AUVERGNE RHONE ALPES,MARNE LA VALLEE CHESSY,0,0.5642857142857143
VALENCE TGV AUVERGNE RHONE ALPES,MARNE LA VALLEE CHESSY,1,0.5785714285714285
VALENCE TGV AUVERGNE RHONE ALPES,MARNE LA VALLEE CHESSY,2,0.5785714285714285
VALENCE TGV AUVERGNE RHONE ALPES,MARNE LA VALLEE CHESSY,3,0.5714285714285714
VALENCE TGV AUVERGNE RHONE ALPES,MARNE LA VALLEE CHESSY,4,0.6071428571428571
VALENCE TGV AUVERGNE RHONE ALPES,MARNE LA VALLEE CHESSY,5,0.7071428571428572
VALENCE TGV AUVERGNE RHONE ALPES,MARNE LA VALLEE CHESSY,6,0.7999999999999999
VALENCE TGV AUVERGNE RHONE ALPES,MARNE LA VALLEE CHESSY,7,0.8285714285714285
VALENCE TGV AUVERGNE RHONE ALPES,MARNE LA VALLEE CHESSY,8,0.7357142857142858
VALENCE TGV AUVERGNE RHONE ALPES,MARNE LA VALLEE CHESSY,9,0.6833333333333332
VALENCE TGV AUVERGNE RHONE ALPES,MARNE LA VALLEE CHESSY,10,0.7916666666666666
VALENCE TGV AUVERGNE RHONE ALPES,MARNE LA VALLEE CHESSY,11,0.7916666666666666
VALENCE TGV AUVERGNE RHONE ALPES,MARNE LA VALLEE CHESSY,12,0.3333333333333333
VALENCE TGV AUVERGNE RHONE ALPES,MARNE LA VALLEE CHESSY,13,0.2333333333333333
VALENCE TGV AUVERGNE RHONE ALPES,MARNE LA VALLEE CHESSY,14,0.20833333333333334
VALENCE TGV AUVERGNE RHONE ALPES,MARNE LA VALLEE CHESSY,15,0.31666666666666665
VALENCE TGV AUVERGNE RHONE ALPES,MARNE LA VALLEE CHESSY,16,0.4
VALENCE TGV AUVERGNE RHONE ALPES,MARNE LA VALLEE CHESSY,17,0.4
VALENCE TGV AUVERGNE RHONE ALPES,MARNE LA VALLEE CHESSY,18,0.38
VALENCE TGV AUVERGNE RHONE ALPES,MARNE LA VALLEE CHESSY,19,0.38
VALENCE TGV AUVERGNE RHONE ALPES,MARNE LA VALLEE CHESSY,20,0.21000000000000002
VALENCE TGV AUVERGNE RHONE ALPES,MARNE LA VALLEE CHESSY,21,0.21000000000000002
VALENCE TGV AUVERGNE RHONE ALPES,MARNE LA VALLEE CHESSY,22,0.29000000000000004
VALENCE TGV AUVERGNE RHONE ALPES,MARNE LA VALLEE CHESSY,23,0.16999999999999998
VALENCE TGV AUVERGNE RHONE ALPES,MARNE LA VALLEE CHESSY,24,0.02
VALENCE TGV AUVERGNE RHONE ALPES,MARNE LA VALLEE CHESSY,25,0.0
VALENCE TGV AUVERGNE RHONE ALPES,MARNE LA VALLEE CHESSY,26,0.0
VALENCE TGV AUVERGNE RHONE ALPES,MARNE LA VALLEE CHESSY,27,0.0
VALENCE TGV AUVERGNE RHONE ALPES,MARNE LA VALLEE CHESSY,28,0.0
VALENCE TGV AUVERGNE RHONE ALPES,MARNE LA VALLEE CHESSY,29,0.0
VALENCE TGV AUVERGNE RHONE ALPES,MARNE LA VALLEE CHESSY,30,0.0
VALENCE TGV AUVERGNE RHONE ALPES,METZ VILLE,0,0.4575
VALENCE TGV AUVERGNE RHONE ALPES,METZ VILLE,1,0.4715625
VALENCE TGV AUVERGNE RHONE ALPES,METZ VILLE,2,0.4878125
VALENCE TGV AUVERGNE RHONE ALPES,METZ VILLE,3,0.495625
VALENCE TGV AUVERGNE RHONE ALPES,METZ VILLE,4,0.14781249999999999
VALENCE TGV AUVERGNE RHONE ALPES,METZ VILLE,5,0.15172413793103448
VALENCE TGV AUVERGNE RHONE ALPES,METZ VILLE,6,0.15723270440251572
VALENCE TGV AUVERGNE RHONE ALPES,METZ VILLE,7,0.16514195583596214
VALENCE TGV AUVERGNE RHONE ALPES,METZ VILLE,8,0.18354430379746836
VALENCE TGV AUVERGNE RHONE ALPES,METZ VILLE,9,0.18180379746835443
VALENCE TGV AUVERGNE RHONE ALPES,METZ VILLE,10,0.19490445859872613
VALENCE TGV AUVERGNE RHONE ALPES,METZ VILLE,11,0.20971337579617833
VALENCE TGV AUVERGNE RHONE ALPES,METZ VILLE,12,0.051273885350318474
VALENCE TGV AUVERGNE RHONE ALPES,METZ VILLE,13,0.0439297124600639
VALENCE TGV AUVERGNE RHONE ALPES,METZ VILLE,14,0.04310897435897436
VALENCE TGV AUVERGNE RHONE ALPES,METZ VILLE,15,0.04581993569131833
VALENCE TGV AUVERGNE RHONE ALPES,METZ VILLE,16,0.04387096774193548
VALENCE TGV AUVERGNE RHONE ALPES,METZ VILLE,17,0.035806451612903224
VALENCE TGV AUVERGNE RHONE ALPES,METZ VILLE,18,0.03737864077669903
VALENCE TGV AUVERGNE RHONE ALPES,METZ VILLE,19,0.0336038961038961
VALENCE TGV AUVERGNE RHONE ALPES,METZ VILLE,20,0.032410423452768726
VALENCE TGV AUVERGNE RHONE ALPES,METZ VILLE,21,0.030555555555555555
VALENCE TGV AUVERGNE RHONE ALPES,METZ VILLE,22,0.031967213114754096
VALENCE TGV AUVERGNE RHONE ALPES,METZ VILLE,23,0.03180327868852459
VALENCE TGV AUVERGNE RHONE ALPES,METZ VILLE,24,0.024098360655737703
VALENCE TGV AUVERGNE RHONE ALPES,METZ VILLE,25,0.020394736842105264
VALENCE TGV AUVERGNE RHONE ALPES,METZ VILLE,26,0.02013201320132013
VALENCE TGV AUVERGNE RHONE ALPES,METZ VILLE,27,0.023675496688741724
VALENCE TGV AUVERGNE RHONE ALPES,METZ VILLE,28,0.023754152823920266
VALENCE TGV AUVERGNE RHONE ALPES,METZ VILLE,29,0.023333333333333334
VALENCE TGV AUVERGNE RHONE ALPES,METZ VILLE,30,0.004530201342281879
VALENCE TGV AUVERGNE RHONE ALPES,MULHOUSE VILLE,0,0.4489130434782609
VALENCE TGV AUVERGNE RHONE ALPES,MULHOUSE VILLE,1,0.4717391304347826
VALENCE TGV AUVERGNE RHONE ALPES,MULHOUSE VILLE,2,0.49145962732919257
VALENCE TGV AUVERGNE RHONE ALPES,MULHOUSE VILLE,3,0.5032608695652174
VALENCE TGV AUVERGNE RHONE ALPES,MULHOUSE VILLE,4,0.14270186335403728
VALENCE TGV AUVERGNE RHONE ALPES,MULHOUSE VILLE,5,0.14579439252336449
VALENCE TGV AUVERGNE RHONE ALPES,MULHOUSE VILLE,6,0.1509375
VALENCE TGV AUVERGNE RHONE ALPES,MULHOUSE VILLE,7,0.15877742946708465
VALENCE TGV AUVERGNE RHONE ALPES,MULHOUSE VILLE,8,0.17138364779874213
VALENCE TGV AUVERGNE RHONE ALPES,MULHOUSE VILLE,9,0.17830188679245285
VALENCE TGV AUVERGNE RHONE ALPES,MULHOUSE VILLE,10,0.1893987341772152
VALENCE TGV AUVERGNE RHONE ALPES,MULHOUSE VILLE,11,0.20094936708860758
VALENCE TGV AUVERGNE RHONE ALPES,MULHOUSE VILLE,12,0.04794303797468354
VALENCE TGV AUVERGNE RHONE ALPES,MULHOUSE VILLE,13,0.040317460317460314
VALENCE TGV AUVERGNE RHONE ALPES,MULHOUSE VILLE,14,0.03901273885350318
VALENCE TGV AUVERGNE RHONE ALPES,MULHOUSE VILLE,15,0.04057507987220447
VALENCE TGV AUVERGNE RHONE ALPES,MULHOUSE VILLE,16,0.03878205128205128
VALENCE TGV AUVERGNE RHONE ALPES,MULHOUSE VILLE,17,0.030288461538461535
VALENCE TGV AUVERGNE RHONE ALPES,MULHOUSE VILLE,18,0.030707395498392284
VALENCE TGV AUVERGNE RHONE ALPES,MULHOUSE VILLE,19,0.026935483870967742
VALENCE TGV AUVERGNE RHONE ALPES,MULHOUSE VILLE,20,0.027993527508090615
VALENCE TGV AUVERGNE RHONE ALPES,MULHOUSE VILLE,21,0.02564935064935065
VALENCE TGV AUVERGNE RHONE ALPES,MULHOUSE VILLE,22,0.025895765472312704
VALENCE TGV AUVERGNE RHONE ALPES,MULHOUSE VILLE,23,0.0254071661237785
VALENCE TGV AUVERGNE RHONE ALPES,MULHOUSE VILLE,24,0.02107843137254902
VALENCE TGV AUVERGNE RHONE ALPES,MULHOUSE VILLE,25,0.02
VALENCE TGV AUVERGNE RHONE ALPES,MULHOUSE VILLE,26,0.019901315789473684
VALENCE TGV AUVERGNE RHONE ALPES,MULHOUSE VILLE,27,0.022442244224422443
VALENCE TGV AUVERGNE RHONE ALPES,MULHOUSE VILLE,28,0.023344370860927152
VALENCE TGV AUVERGNE RHONE ALPES,MULHOUSE VILLE,29,0.022757475083056478
VALENCE TGV AUVERGNE RHONE ALPES,MULHOUSE VILLE,30,0.002842809364548495
VALENCE TGV AUVERGNE RHONE ALPES,STRASBOURG,0,0.4610248447204969
VALENCE TGV AUVERGNE RHONE ALPES,STRASBOURG,1,0.4799689440993789
VALENCE TGV AUVERGNE RHONE ALPES,STRASBOURG,2,0.49472049689441
VALENCE TGV AUVERGNE RHONE ALPES,STRASBOURG,3,0.5105590062111801
VALENCE TGV AUVERGNE RHONE ALPES,STRASBOURG,4,0.15186335403726708
VALENCE TGV AUVERGNE RHONE ALPES,STRASBOURG,5,0.15327102803738318
VALENCE TGV AUVERGNE RHONE ALPES,STRASBOURG,6,0.160625
VALENCE TGV AUVERGNE RHONE ALPES,STRASBOURG,7,0.16927899686520376
VALENCE TGV AUVERGNE RHONE ALPES,STRASBOURG,8,0.1792452830188679
VALENCE TGV AUVERGNE RHONE ALPES,STRASBOURG,9,0.1889937106918239
VALENCE TGV AUVERGNE RHONE ALPES,STRASBOURG,10,0.20110759493670885
VALENCE TGV AUVERGNE RHONE ALPES,STRASBOURG,11,0.2143987341772152
VALENCE TGV AUVERGNE RHONE ALPES,STRASBOURG,12,0.05221518987341772
VALENCE TGV AUVERGNE RHONE ALPES,STRASBOURG,13,0.044126984126984126
VALENCE TGV AUVERGNE RHONE ALPES,STRASBOURG,14,0.042993630573248405
VALENCE TGV AUVERGNE RHONE ALPES,STRASBOURG,15,0.04600638977635783
VALENCE TGV AUVERGNE RHONE ALPES,STRASBOURG,16,0.04423076923076923
VALENCE TGV AUVERGNE RHONE ALPES,STRASBOURG,17,0.03733974358974359
VALENCE TGV AUVERGNE RHONE ALPES,STRASBOURG,18,0.03778135048231511
VALENCE TGV AUVERGNE RHONE ALPES,STRASBOURG,19,0.0332258064516129
VALENCE TGV AUVERGNE RHONE ALPES,STRASBOURG,20,0.03268608414239482
VALENCE TGV AUVERGNE RHONE ALPES,STRASBOURG,21,0.03051948051948052
VALENCE TGV AUVERGNE RHONE ALPES,STRASBOURG,22,0.03175895765472313
VALENCE TGV AUVERGNE RHONE ALPES,STRASBOURG,23,0.031433224755700324
VALENCE TGV AUVERGNE RHONE ALPES,STRASBOURG,24,0.025
VALENCE TGV AUVERGNE RHONE ALPES,STRASBOURG,25,0.02065573770491803
VALENCE TGV AUVERGNE RHONE ALPES,STRASBOURG,26,0.020394736842105264
VALENCE TGV AUVERGNE RHONE ALPES,STRASBOURG,27,0.022772277227722775
VALENCE TGV AUVERGNE RHONE ALPES,STRASBOURG,28,0.023675496688741724
VALENCE TGV AUVERGNE RHONE ALPES,STRASBOURG,29,0.023754152823920262
VALENCE TGV AUVERGNE RHONE ALPES,STRASBOURG,30,0.0030100334448160534
VALENCE TGV AUVERGNE RHONE ALPES,THIONVILLE,0,0.4554054054054054
VALENCE TGV AUVERGNE RHONE ALPES,THIONVILLE,1,0.46604729729729727
VALENCE TGV AUVERGNE RHONE ALPES,THIONVILLE,2,0.48124999999999996
VALENCE TGV AUVERGNE RHONE ALPES,THIONVILLE,3,0.4947457627118644
VALENCE TGV AUVERGNE RHONE ALPES,THIONVILLE,4,0.13999999999999999
VALENCE TGV AUVERGNE RHONE ALPES,THIONVILLE,5,0.13656462585034013
VALENCE TGV AUVERGNE RHONE ALPES,THIONVILLE,6,0.142320819112628
VALENCE TGV AUVERGNE RHONE ALPES,THIONVILLE,7,0.1523890784982935
VALENCE TGV AUVERGNE RHONE ALPES,THIONVILLE,8,0.16404109589041097
VALENCE TGV AUVERGNE RHONE ALPES,THIONVILLE,9,0.17422680412371136
VALENCE TGV AUVERGNE RHONE ALPES,THIONVILLE,10,0.19273356401384084
VALENCE TGV AUVERGNE RHONE ALPES,THIONVILLE,11,0.1982698961937716
VALENCE TGV AUVERGNE RHONE ALPES,THIONVILLE,12,0.048788927335640137
VALENCE TGV AUVERGNE RHONE ALPES,THIONVILLE,13,0.039619377162629754
VALENCE TGV AUVERGNE RHONE ALPES,THIONVILLE,14,0.03940972222222222
VALENCE TGV AUVERGNE RHONE ALPES,THIONVILLE,15,0.040940766550522645
VALENCE TGV AUVERGNE RHONE ALPES,THIONVILLE,16,0.03723776223776224
VALENCE TGV AUVERGNE RHONE ALPES,THIONVILLE,17,0.03245614035087719
VALENCE TGV AUVERGNE RHONE ALPES,THIONVILLE,18,0.034035087719298245
VALENCE TGV AUVERGNE RHONE ALPES,THIONVILLE,19,0.0323943661971831
VALENCE TGV AUVERGNE RHONE ALPES,THIONVILLE,20,0.02869718309859155
VALENCE TGV AUVERGNE RHONE ALPES,THIONVILLE,21,0.02852112676056338
VALENCE TGV AUVERGNE RHONE ALPES,THIONVILLE,22,0.03109540636042403
VALENCE TGV AUVERGNE RHONE ALPES,THIONVILLE,23,0.030918727915194347
VALENCE TGV AUVERGNE RHONE ALPES,THIONVILLE,24,0.02561837455830389
VALENCE TGV AUVERGNE RHONE ALPES,THIONVILLE,25,0.02183098591549296
VALENCE TGV AUVERGNE RHONE ALPES,THIONVILLE,26,0.02112676056338028
VALENCE TGV AUVERGNE RHONE ALPES,THIONVILLE,27,0.0215547703180212
VALENCE TGV AUVERGNE RHONE ALPES,THIONVILLE,28,0.0215547703180212
VALENCE TGV AUVERGNE RHONE ALPES,THIONVILLE,29,0.022163120567375887
VALENCE TGV AUVERGNE RHONE ALPES,THIONVILLE,30,0.003035714285714286
VALENCE VILLE,BELFORT MONTBELIARD TGV,0,1.0
VALENCE VILLE,BELFORT MONTBELIARD TGV,1,0.9125
VALENCE VILLE,BELFORT MONTBELIARD TGV,2,0.775
VALENCE VILLE,BELFORT MONTBELIARD TGV,3,0.6875
VALENCE VILLE,BELFORT MONTBELIARD TGV,4,0.25
VALENCE VILLE,BELFORT MONTBELIARD TGV,5,0.2875
VALENCE VILLE,BELFORT MONTBELIARD TGV,6,0.35
VALENCE VILLE,BELFORT MONTBELIARD TGV,7,0.3
VALENCE VILLE,BELFORT MONTBELIARD TGV,8,0.475
VALENCE VILLE,BELFORT MONTBELIARD TGV,9,0.525
VALENCE VILLE,BELFORT MONTBELIARD TGV,10,0.6125
VALENCE VILLE,BELFORT MONTBELIARD TGV,11,0.6625
VALENCE VILLE,BELFORT MONTBELIARD TGV,12,0.25
VALENCE VILLE,BELFORT MONTBELIARD TGV,13,0.275
VALENCE VILLE,BELFORT MONTBELIARD TGV,14,0.5
VALENCE VILLE,BELFORT MONTBELIARD TGV,15,0.4625
VALENCE VILLE,BELFORT MONTBELIARD TGV,16,0.32499999999999996
VALENCE VILLE,BELFORT MONTBELIARD TGV,17,0.11249999999999999
VALENCE VILLE,BELFORT MONTBELIARD TGV,18,0.2125
VALENCE VILLE,BELFORT MONTBELIARD TGV,19,0.25
VALENCE VILLE,BELFORT MONTBELIARD TGV,20,0.3
VALENCE VILLE,BELFORT MONTBELIARD TGV,21,0.4625
VALENCE VILLE,BELFORT MONTBELIARD TGV,22,0.4875
VALENCE VILLE,BELFORT MONTBELIARD TGV,23,0.7
VALENCE VILLE,BELFORT MONTBELIARD TGV,24,0.75
VALENCE VILLE,BELFORT MONTBELIARD TGV,25,0.7625
VALENCE VILLE,BELFORT MONTBELIARD TGV,26,0.75
VALENCE VILLE,BELFORT MONTBELIARD TGV,27,0.7375
VALENCE VILLE,BELFORT MONTBELIARD TGV,28,0.7375
VALENCE VILLE,BELFORT MONTBELIARD TGV,29,0.7
VALENCE VILLE,BELFORT MONTBELIARD TGV,30,0.2125
VALENCE VILLE,BESANCON FRANCHE COMTE TGV,0,0.05
VALENCE VILLE,BESANCON FRANCHE COMTE TGV,1,0.05
VALENCE VILLE,BESANCON FRANCHE COMTE TGV,2,0.025
VALENCE VILLE,BESANCON FRANCHE COMTE TGV,3,0.05
VALENCE VILLE,BESANCON FRANCHE COMTE TGV,4,0.0
VALENCE VILLE,BESANCON FRANCHE COMTE TGV,5,0.0125
VALENCE VILLE,BESANCON FRANCHE COMTE TGV,6,0.0125
VALENCE VILLE,BESANCON FRANCHE COMTE TGV,7,0.0
VALENCE VILLE,BESANCON FRANCHE COMTE TGV,8,0.0
VALENCE VILLE,BESANCON FRANCHE COMTE TGV,9,0.0
VALENCE VILLE,BESANCON FRANCHE COMTE TGV,10,0.0
VALENCE VILLE,BESANCON FRANCHE COMTE TGV,11,0.0
VALENCE VILLE,BESANCON FRANCHE COMTE TGV,12,0.0125
VALENCE VILLE,BESANCON FRANCHE COMTE TGV,13,0.0
VALENCE VILLE,BESANCON FRANCHE COMTE TGV,14,0.0
VALENCE VILLE,BESANCON FRANCHE COMTE TGV,15,0.0
VALENCE VILLE,BESANCON FRANCHE COMTE TGV,16,0.0
VALENCE VILLE,BESANCON FRANCHE COMTE TGV,17,0.0
VALENCE VILLE,BESANCON FRANCHE COMTE TGV,18,0.0
VALENCE VILLE,BESANCON FRANCHE COMTE TGV,19,0.016666666666666666
VALENCE VILLE,BESANCON FRANCHE COMTE TGV,20,0.0
VALENCE VILLE,BESANCON FRANCHE COMTE TGV,21,0.0
VALENCE VILLE,BESANCON FRANCHE COMTE TGV,22,0.0
VALENCE VILLE,BESANCON FRANCHE COMTE TGV,23,0.0
VALENCE VILLE,BESANCON FRANCHE COMTE TGV,24,0.0
VALENCE VILLE,BESANCON FRANCHE COMTE TGV,25,0.0
VALENCE VILLE,BESANCON FRANCHE COMTE TGV,26,0.0
VALENCE VILLE,BESANCON FRANCHE COMTE TGV,27,0.0
VALENCE VILLE,BESANCON FRANCHE COMTE TGV,28,0.0
VALENCE VILLE,BESANCON FRANCHE COMTE TGV,29,0.0
VALENCE VILLE,BESANCON FRANCHE COMTE TGV,30,0.0
VALENCE VILLE,COLMAR,0,0.975
VALENCE VILLE,COLMAR,1,0.9375
VALENCE VILLE,COLMAR,2,0.8
VALENCE VILLE,COLMAR,3,0.725
VALENCE VILLE,COLMAR,4,0.1875
VALENCE VILLE,COLMAR,5,0.2375
VALENCE VILLE,COLMAR,6,0.3625
VALENCE VILLE,COLMAR,7,0.3
VALENCE VILLE,COLMAR,8,0.475
VALENCE VILLE,COLMAR,9,0.5875
VALENCE VILLE,COLMAR,10,0.6875
VALENCE VILLE,COLMAR,11,0.7125
VALENCE VILLE,COLMAR,12,0.3
VALENCE VILLE,COLMAR,13,0.23750000000000002
VALENCE VILLE,COLMAR,14,0.4375
VALENCE VILLE,COLMAR,15,0.4625
VALENCE VILLE,COLMAR,16,0.27499999999999997
VALENCE VILLE,COLMAR,17,0.09999999999999999
VALENCE VILLE,COLMAR,18,0.2125
VALENCE VILLE,COLMAR,19,0.2375
VALENCE VILLE,COLMAR,20,0.3
VALENCE VILLE,COLMAR,21,0.4625
VALENCE VILLE,COLMAR,22,0.4875
VALENCE VILLE,COLMAR,23,0.6875
VALENCE VILLE,COLMAR,24,0.7375
VALENCE VILLE,COLMAR,25,0.7375
VALENCE VILLE,COLMAR,26,0.75
VALENCE VILLE,COLMAR,27,0.75
VALENCE VILLE,COLMAR,28,0.75
VALENCE VILLE,COLMAR,29,0.7
VALENCE VILLE,COLMAR,30,0.125
VALENCE VILLE,DIJON VILLE,0,0.8875
VALENCE VILLE,DIJON VILLE,1,0.775
VALENCE VILLE,DIJON VILLE,2,0.95
VALENCE VILLE,DIJON VILLE,3,0.7375
VALENCE VILLE,DIJON VILLE,4,0.0625
VALENCE VILLE,DIJON VILLE,5,0.19999999999999998
VALENCE VILLE,DIJON VILLE,6,0.2875
VALENCE VILLE,DIJON VILLE,7,0.1625
VALENCE VILLE,DIJON VILLE,8,0.21250000000000002
VALENCE VILLE,DIJON VILLE,9,0.35
VALENCE VILLE,DIJON VILLE,10,0.45
VALENCE VILLE,DIJON VILLE,11,0.48750000000000004
VALENCE VILLE,DIJON VILLE,12,0.3375
VALENCE VILLE,DIJON VILLE,13,0.27499999999999997
VALENCE VILLE,DIJON VILLE,14,0.5
VALENCE VILLE,DIJON VILLE,15,0.5125
VALENCE VILLE,DIJON VILLE,16,0.3125
VALENCE VILLE,DIJON VILLE,17,0.0625
VALENCE VILLE,DIJON VILLE,18,0.1875
VALENCE VILLE,DIJON VILLE,19,0.25
VALENCE VILLE,DIJON VILLE,20,0.3
VALENCE VILLE,DIJON VILLE,21,0.45
VALENCE VILLE,DIJON VILLE,22,0.475
VALENCE VILLE,DIJON VILLE,23,0.7
VALENCE VILLE,DIJON VILLE,24,0.75
VALENCE VILLE,DIJON VILLE,25,0.75
VALENCE VILLE,DIJON VILLE,26,0.75
VALENCE VILLE,DIJON VILLE,27,0.7625
VALENCE VILLE,DIJON VILLE,28,0.7375
VALENCE VILLE,DIJON VILLE,29,0.7125
VALENCE VILLE,DIJON VILLE,30,0.2625
VALENCE VILLE,LUXEMBOURG,0,0.2625
VALENCE VILLE,LUXEMBOURG,1,0.125
VALENCE VILLE,LUXEMBOURG,2,0.049999999999999996
VALENCE VILLE,LUXEMBOURG,3,0.23750000000000002
VALENCE VILLE,LUXEMBOURG,4,0.0
VALENCE VILLE,LUXEMBOURG,5,0.0
VALENCE VILLE,LUXEMBOURG,6,0.0
VALENCE VILLE,LUXEMBOURG,7,0.0
VALENCE VILLE,LUXEMBOURG,8,0.0
VALENCE VILLE,LUXEMBOURG,9,0.0
VALENCE VILLE,LUXEMBOURG,10,0.0125
VALENCE VILLE,LUXEMBOURG,11,0.0
VALENCE VILLE,LUXEMBOURG,12,0.0
VALENCE VILLE,LUXEMBOURG,13,0.0
VALENCE VILLE,LUXEMBOURG,14,0.0125
VALENCE VILLE,LUXEMBOURG,15,0.0
VALENCE VILLE,LUXEMBOURG,16,0.0
VALENCE VILLE,LUXEMBOURG,17,0.0
VALENCE VILLE,LUXEMBOURG,18,0.0
VALENCE VILLE,LUXEMBOURG,19,0.0
VALENCE VILLE,LUXEMBOURG,20,0.0
VALENCE VILLE,LUXEMBOURG,21,0.0
VALENCE VILLE,LUXEMBOURG,22,0.0
VALENCE VILLE,LUXEMBOURG,23,0.0
VALENCE VILLE,LUXEMBOURG,24,0.0
VALENCE VILLE,LUXEMBOURG,25,0.0
VALENCE VILLE,LUXEMBOURG,26,0.0
VALENCE VILLE,LUXEMBOURG,27,0.0125
VALENCE VILLE,LUXEMBOURG,28,0.0
VALENCE VILLE,LUXEMBOURG,29,0.0
VALENCE VILLE,LUXEMBOURG,30,0.0
VALENCE VILLE,LYON (intramuros),0,0.9125
VALENCE VILLE,LYON (intramuros),1,0.7875
VALENCE VILLE,LYON (intramuros),2,0.8125
VALENCE VILLE,LYON (intramuros),3,0.725
VALENCE VILLE,LYON (intramuros),4,0.0875
VALENCE VILLE,LYON (intramuros),5,0.21250000000000002
VALENCE VILLE,LYON (intramuros),6,0.32499999999999996
VALENCE VILLE,LYON (intramuros),7,0.1
VALENCE VILLE,LYON (intramuros),8,0.25
VALENCE VILLE,LYON (intramuros),9,0.27499999999999997
VALENCE VILLE,LYON (intramuros),10,0.45
VALENCE VILLE,LYON (intramuros),11,0.475
VALENCE VILLE,LYON (intramuros),12,0.2625
VALENCE VILLE,LYON (intramuros),13,0.275
VALENCE VILLE,LYON (intramuros),14,0.45
VALENCE VILLE,LYON (intramuros),15,0.4375
VALENCE VILLE,LYON (intramuros),16,0.25
VALENCE VILLE,LYON (intramuros),17,0.1
VALENCE VILLE,LYON (intramuros),18,0.2
VALENCE VILLE,LYON (intramuros),19,0.25
VALENCE VILLE,LYON (intramuros),20,0.2875
VALENCE VILLE,LYON (intramuros),21,0.45
VALENCE VILLE,LYON (intramuros),22,0.5125
VALENCE VILLE,LYON (intramuros),23,0.7
VALENCE VILLE,LYON (intramuros),24,0.75
VALENCE VILLE,LYON (intramuros),25,0.75
VALENCE VILLE,LYON (intramuros),26,0.75
VALENCE VILLE,LYON (intramuros),27,0.7375
VALENCE VILLE,LYON (intramuros),28,0.725
VALENCE VILLE,LYON (intramuros),29,0.7125
VALENCE VILLE,LYON (intramuros),30,0.2
VALENCE VILLE,MACON VILLE,0,0.9375
VALENCE VILLE,MACON VILLE,1,0.7625
VALENCE VILLE,MACON VILLE,2,0.8375
VALENCE VILLE,MACON VILLE,3,0.6625
VALENCE VILLE,MACON VILLE,4,0.1625
VALENCE VILLE,MACON VILLE,5,0.28750000000000003
VALENCE VILLE,MACON VILLE,6,0.375
VALENCE VILLE,MACON VILLE,7,0.125
VALENCE VILLE,MACON VILLE,8,0.2375
VALENCE VILLE,MACON VILLE,9,0.3
VALENCE VILLE,MACON VILLE,10,0.4625
VALENCE VILLE,MACON VILLE,11,0.48750000000000004
VALENCE VILLE,MACON VILLE,12,0.3625
VALENCE VILLE,MACON VILLE,13,0.275
VALENCE VILLE,MACON VILLE,14,0.4125
VALENCE VILLE,MACON VILLE,15,0.4125
VALENCE VILLE,MACON VILLE,16,0.21250000000000002
VALENCE VILLE,MACON VILLE,17,0.025
VALENCE VILLE,MACON VILLE,18,0.1625
VALENCE VILLE,MACON VILLE,19,0.2375
VALENCE VILLE,MACON VILLE,20,0.3
VALENCE VILLE,MACON VILLE,21,0.475
VALENCE VILLE,MACON VILLE,22,0.5
VALENCE VILLE,MACON VILLE,23,0.6875
VALENCE VILLE,MACON VILLE,24,0.7375
VALENCE VILLE,MACON VILLE,25,0.7375
VALENCE VILLE,MACON VILLE,26,0.7375
VALENCE VILLE,MACON VILLE,27,0.75
VALENCE VILLE,MACON VILLE,28,0.75
VALENCE VILLE,MACON VILLE,29,0.7375
VALENCE VILLE,MACON VILLE,30,0.25
VALENCE VILLE,METZ VILLE,0,0.9875
VALENCE VILLE,METZ VILLE,1,1.0
VALENCE VILLE,METZ VILLE,2,0.8
VALENCE VILLE,METZ VILLE,3,0.7125
VALENCE VILLE,METZ VILLE,4,0.2625
VALENCE VILLE,METZ VILLE,5,0.2375
VALENCE VILLE,METZ VILLE,6,0.4125
VALENCE VILLE,METZ VILLE,7,0.3375
VALENCE VILLE,METZ VILLE,8,0.4625
VALENCE VILLE,METZ VILLE,9,0.5625
VALENCE VILLE,METZ VILLE,10,0.75
VALENCE VILLE,METZ VILLE,11,0.6875
VALENCE VILLE,METZ VILLE,12,0.2625
VALENCE VILLE,METZ VILLE,13,0.3125
VALENCE VILLE,METZ VILLE,14,0.5
VALENCE VILLE,METZ VILLE,15,0.4625
VALENCE VILLE,METZ VILLE,16,0.2625
VALENCE VILLE,METZ VILLE,17,0.1
VALENCE VILLE,METZ VILLE,18,0.2
VALENCE VILLE,METZ VILLE,19,0.2625
VALENCE VILLE,METZ VILLE,20,0.3
VALENCE VILLE,METZ VILLE,21,0.45
VALENCE VILLE,METZ VILLE,22,0.5249999999999999
VALENCE VILLE,METZ VILLE,23,0.7125
VALENCE VILLE,METZ VILLE,24,0.75
VALENCE VILLE,METZ VILLE,25,0.75
VALENCE VILLE,METZ VILLE,26,0.75
VALENCE VILLE,METZ VILLE,27,0.7375
VALENCE VILLE,METZ VILLE,28,0.75
VALENCE VILLE,METZ VILLE,29,0.7
VALENCE VILLE,METZ VILLE,30,0.2375
VALENCE VILLE,MULHOUSE VILLE,0,0.925
VALENCE VILLE,MULHOUSE VILLE,1,0.9375
VALENCE VILLE,MULHOUSE VILLE,2,0.7375
VALENCE VILLE,MULHOUSE VILLE,3,0.7124999999999999
VALENCE VILLE,MULHOUSE VILLE,4,0.3
VALENCE VILLE,MULHOUSE VILLE,5,0.3125
VALENCE VILLE,MULHOUSE VILLE,6,0.375
VALENCE VILLE,MULHOUSE VILLE,7,0.30000000000000004
VALENCE VILLE,MULHOUSE VILLE,8,0.475
VALENCE VILLE,MULHOUSE VILLE,9,0.6
VALENCE VILLE,MULHOUSE VILLE,10,0.7125
VALENCE VILLE,MULHOUSE VILLE,11,0.7375
VALENCE VILLE,MULHOUSE VILLE,12,0.3375
VALENCE VILLE,MULHOUSE VILLE,13,0.2875
VALENCE VILLE,MULHOUSE VILLE,14,0.5
VALENCE VILLE,MULHOUSE VILLE,15,0.5
VALENCE VILLE,MULHOUSE VILLE,16,0.2875
VALENCE VILLE,MULHOUSE VILLE,17,0.15
VALENCE VILLE,MULHOUSE VILLE,18,0.2
VALENCE VILLE,MULHOUSE VILLE,19,0.25
VALENCE VILLE,MULHOUSE VILLE,20,0.325
VALENCE VILLE,MULHOUSE VILLE,21,0.45
VALENCE VILLE,MULHOUSE VILLE,22,0.5125
VALENCE VILLE,MULHOUSE VILLE,23,0.7375
VALENCE VILLE,MULHOUSE VILLE,24,0.75
VALENCE VILLE,MULHOUSE VILLE,25,0.75
VALENCE VILLE,MULHOUSE VILLE,26,0.75
VALENCE VILLE,MULHOUSE VILLE,27,0.75
VALENCE VILLE,MULHOUSE VILLE,28,0.7125
VALENCE VILLE,MULHOUSE VILLE,29,0.6875
VALENCE VILLE,MULHOUSE VILLE,30,0.2125
VALENCE VILLE,STRASBOURG,0,0.9625
VALENCE VILLE,STRASBOURG,1,0.95
VALENCE VILLE,STRASBOURG,2,0.7999999999999999
VALENCE VILLE,STRASBOURG,3,0.725
VALENCE VILLE,STRASBOURG,4,0.275
VALENCE VILLE,STRASBOURG,5,0.2
VALENCE VILLE,STRASBOURG,6,0.425
VALENCE VILLE,STRASBOURG,7,0.3375
VALENCE VILLE,STRASBOURG,8,0.475
VALENCE VILLE,STRASBOURG,9,0.5375
VALENCE VILLE,STRASBOURG,10,0.65
VALENCE VILLE,STRASBOURG,11,0.675
VALENCE VILLE,STRASBOURG,12,0.275
VALENCE VILLE,STRASBOURG,13,0.2625
VALENCE VILLE,STRASBOURG,14,0.45
VALENCE VILLE,STRASBOURG,15,0.4125
VALENCE VILLE,STRASBOURG,16,0.275
VALENCE VILLE,STRASBOURG,17,0.1375
VALENCE VILLE,STRASBOURG,18,0.2125
VALENCE VILLE,STRASBOURG,19,0.25
VALENCE VILLE,STRASBOURG,20,0.2625
VALENCE VILLE,STRASBOURG,21,0.4
VALENCE VILLE,STRASBOURG,22,0.525
VALENCE VILLE,STRASBOURG,23,0.6875
VALENCE VILLE,STRASBOURG,24,0.75
VALENCE VILLE,STRASBOURG,25,0.75
VALENCE VILLE,STRASBOURG,26,0.7375
VALENCE VILLE,STRASBOURG,27,0.75
VALENCE VILLE,STRASBOURG,28,0.75
VALENCE VILLE,STRASBOURG,29,0.6875
VALENCE VILLE,STRASBOURG,30,0.2375
VALENCE VILLE,THIONVILLE,0,0.2375
VALENCE VILLE,THIONVILLE,1,0.1
VALENCE VILLE,THIONVILLE,2,0.05
VALENCE VILLE,THIONVILLE,3,0.2
VALENCE VILLE,THIONVILLE,4,0.025
VALENCE VILLE,THIONVILLE,5,0.0
VALENCE VILLE,THIONVILLE,6,0.0
VALENCE VILLE,THIONVILLE,7,0.0
VALENCE VILLE,THIONVILLE,8,0.0
VALENCE VILLE,THIONVILLE,9,0.0125
VALENCE VILLE,THIONVILLE,10,0.025
VALENCE VILLE,THIONVILLE,11,0.0125
VALENCE VILLE,THIONVILLE,12,0.0
VALENCE VILLE,THIONVILLE,13,0.0
VALENCE VILLE,THIONVILLE,14,0.0
VALENCE VILLE,THIONVILLE,15,0.0
VALENCE VILLE,THIONVILLE,16,0.0
VALENCE VILLE,THIONVILLE,17,0.0
VALENCE VILLE,THIONVILLE,18,0.0
VALENCE VILLE,THIONVILLE,19,0.0
VALENCE VILLE,THIONVILLE,20,0.0
VALENCE VILLE,THIONVILLE,21,0.0
VALENCE VILLE,THIONVILLE,22,0.0
VALENCE VILLE,THIONVILLE,23,0.025
VALENCE VILLE,THIONVILLE,24,0.025
VALENCE VILLE,THIONVILLE,25,0.0125
VALENCE VILLE,THIONVILLE,26,0.0
VALENCE VILLE,THIONVILLE,27,0.0
VALENCE VILLE,THIONVILLE,28,0.0
VALENCE VILLE,THIONVILLE,29,0.0125
VALENCE VILLE,THIONVILLE,30,0.0
