origine,destination,delta_days,proba_open
AEROPORT ROISSY CDG 2 TGV,ARRAS,0,0.6450819672131147
AEROPORT ROISSY CDG 2 TGV,ARRAS,1,0.6379781420765027
AEROPORT ROISSY CDG 2 TGV,ARRAS,2,0.6383879781420765
AEROPORT ROISSY CDG 2 TGV,ARRAS,3,0.6441256830601093
AEROPORT ROISSY CDG 2 TGV,ARRAS,4,0.4674863387978142
AEROPORT ROISSY CDG 2 TGV,ARRAS,5,0.45259562841530054
AEROPORT ROISSY CDG 2 TGV,ARRAS,6,0.4554644808743169
AEROPORT ROISSY CDG 2 TGV,ARRAS,7,0.45300546448087436
AEROPORT ROISSY CDG 2 TGV,ARRAS,8,0.4502732240437159
AEROPORT ROISSY CDG 2 TGV,ARRAS,9,0.4580601092896175
AEROPORT ROISSY CDG 2 TGV,ARRAS,10,0.4581967213114754
AEROPORT ROISSY CDG 2 TGV,ARRAS,11,0.4415068493150685
AEROPORT ROISSY CDG 2 TGV,ARRAS,12,0.28205479452054794
AEROPORT ROISSY CDG 2 TGV,ARRAS,13,0.28060109289617485
AEROPORT ROISSY CDG 2 TGV,ARRAS,14,0.2821917808219178
AEROPORT ROISSY CDG 2 TGV,ARRAS,15,0.28013698630136985
AEROPORT ROISSY CDG 2 TGV,ARRAS,16,0.276027397260274
AEROPORT ROISSY CDG 2 TGV,ARRAS,17,0.27835616438356164
AEROPORT ROISSY CDG 2 TGV,ARRAS,18,0.28324175824175823
AEROPORT ROISSY CDG 2 TGV,ARRAS,19,0.2813186813186813
AEROPORT ROISSY CDG 2 TGV,ARRAS,20,0.2837912087912088
AEROPORT ROISSY CDG 2 TGV,ARRAS,21,0.29022038567493114
AEROPORT ROISSY CDG 2 TGV,ARRAS,22,0.27994505494505495
AEROPORT ROISSY CDG 2 TGV,ARRAS,23,0.27768595041322314
AEROPORT ROISSY CDG 2 TGV,ARRAS,24,0.28812154696132597
AEROPORT ROISSY CDG 2 TGV,ARRAS,25,0.28753462603878116
AEROPORT ROISSY CDG 2 TGV,ARRAS,26,0.2868421052631579
AEROPORT ROISSY CDG 2 TGV,ARRAS,27,0.28875
AEROPORT ROISSY CDG 2 TGV,ARRAS,28,0.2922222222222222
AEROPORT ROISSY CDG 2 TGV,ARRAS,29,0.28300835654596096
AEROPORT ROISSY CDG 2 TGV,ARRAS,30,0.03221288515406162
AEROPORT ROISSY CDG 2 TGV,BRUXELLES MIDI,0,0.7012228260869565
AEROPORT ROISSY CDG 2 TGV,BRUXELLES MIDI,1,0.7206521739130435
AEROPORT ROISSY CDG 2 TGV,BRUXELLES MIDI,2,0.7085597826086957
AEROPORT ROISSY CDG 2 TGV,BRUXELLES MIDI,3,0.6963315217391305
AEROPORT ROISSY CDG 2 TGV,BRUXELLES MIDI,4,0.4865489130434783
AEROPORT ROISSY CDG 2 TGV,BRUXELLES MIDI,5,0.46929347826086953
AEROPORT ROISSY CDG 2 TGV,BRUXELLES MIDI,6,0.4926630434782609
AEROPORT ROISSY CDG 2 TGV,BRUXELLES MIDI,7,0.4517663043478261
AEROPORT ROISSY CDG 2 TGV,BRUXELLES MIDI,8,0.4483695652173913
AEROPORT ROISSY CDG 2 TGV,BRUXELLES MIDI,9,0.43586956521739134
AEROPORT ROISSY CDG 2 TGV,BRUXELLES MIDI,10,0.4236413043478261
AEROPORT ROISSY CDG 2 TGV,BRUXELLES MIDI,11,0.41304347826086957
AEROPORT ROISSY CDG 2 TGV,BRUXELLES MIDI,12,0.31752717391304347
AEROPORT ROISSY CDG 2 TGV,BRUXELLES MIDI,13,0.29769021739130436
AEROPORT ROISSY CDG 2 TGV,BRUXELLES MIDI,14,0.2963315217391304
AEROPORT ROISSY CDG 2 TGV,BRUXELLES MIDI,15,0.2963315217391304
AEROPORT ROISSY CDG 2 TGV,BRUXELLES MIDI,16,0.30434782608695654
AEROPORT ROISSY CDG 2 TGV,BRUXELLES MIDI,17,0.30869565217391304
AEROPORT ROISSY CDG 2 TGV,BRUXELLES MIDI,18,0.3066576086956522
AEROPORT ROISSY CDG 2 TGV,BRUXELLES MIDI,19,0.2964673913043478
AEROPORT ROISSY CDG 2 TGV,BRUXELLES MIDI,20,0.28872282608695654
AEROPORT ROISSY CDG 2 TGV,BRUXELLES MIDI,21,0.27391304347826084
AEROPORT ROISSY CDG 2 TGV,BRUXELLES MIDI,22,0.2779891304347826
AEROPORT ROISSY CDG 2 TGV,BRUXELLES MIDI,23,0.28519021739130435
AEROPORT ROISSY CDG 2 TGV,BRUXELLES MIDI,24,0.28342391304347825
AEROPORT ROISSY CDG 2 TGV,BRUXELLES MIDI,25,0.2925271739130435
AEROPORT ROISSY CDG 2 TGV,BRUXELLES MIDI,26,0.29429347826086955
AEROPORT ROISSY CDG 2 TGV,BRUXELLES MIDI,27,0.2964673913043478
AEROPORT ROISSY CDG 2 TGV,BRUXELLES MIDI,28,0.2980978260869565
AEROPORT ROISSY CDG 2 TGV,BRUXELLES MIDI,29,0.2824728260869565
AEROPORT ROISSY CDG 2 TGV,BRUXELLES MIDI,30,0.05027322404371584
AEROPORT ROISSY CDG 2 TGV,DOUAI,0,0.651060606060606
AEROPORT ROISSY CDG 2 TGV,DOUAI,1,0.6448484848484849
AEROPORT ROISSY CDG 2 TGV,DOUAI,2,0.6424471299093656
AEROPORT ROISSY CDG 2 TGV,DOUAI,3,0.6450151057401813
AEROPORT ROISSY CDG 2 TGV,DOUAI,4,0.4836858006042296
AEROPORT ROISSY CDG 2 TGV,DOUAI,5,0.459214501510574
AEROPORT ROISSY CDG 2 TGV,DOUAI,6,0.4558734939759036
AEROPORT ROISSY CDG 2 TGV,DOUAI,7,0.4622356495468278
AEROPORT ROISSY CDG 2 TGV,DOUAI,8,0.45690690690690694
AEROPORT ROISSY CDG 2 TGV,DOUAI,9,0.463855421686747
AEROPORT ROISSY CDG 2 TGV,DOUAI,10,0.4690332326283988
AEROPORT ROISSY CDG 2 TGV,DOUAI,11,0.45302114803625376
AEROPORT ROISSY CDG 2 TGV,DOUAI,12,0.296048632218845
AEROPORT ROISSY CDG 2 TGV,DOUAI,13,0.2919452887537994
AEROPORT ROISSY CDG 2 TGV,DOUAI,14,0.2980243161094225
AEROPORT ROISSY CDG 2 TGV,DOUAI,15,0.2983231707317073
AEROPORT ROISSY CDG 2 TGV,DOUAI,16,0.292638036809816
AEROPORT ROISSY CDG 2 TGV,DOUAI,17,0.29159021406727825
AEROPORT ROISSY CDG 2 TGV,DOUAI,18,0.296
AEROPORT ROISSY CDG 2 TGV,DOUAI,19,0.29104938271604935
AEROPORT ROISSY CDG 2 TGV,DOUAI,20,0.2952012383900929
AEROPORT ROISSY CDG 2 TGV,DOUAI,21,0.29922360248447205
AEROPORT ROISSY CDG 2 TGV,DOUAI,22,0.2897196261682243
AEROPORT ROISSY CDG 2 TGV,DOUAI,23,0.2836448598130841
AEROPORT ROISSY CDG 2 TGV,DOUAI,24,0.28718750000000004
AEROPORT ROISSY CDG 2 TGV,DOUAI,25,0.2836990595611285
AEROPORT ROISSY CDG 2 TGV,DOUAI,26,0.2816037735849056
AEROPORT ROISSY CDG 2 TGV,DOUAI,27,0.27365930599369087
AEROPORT ROISSY CDG 2 TGV,DOUAI,28,0.2802839116719243
AEROPORT ROISSY CDG 2 TGV,DOUAI,29,0.27436708860759496
AEROPORT ROISSY CDG 2 TGV,DOUAI,30,0.0384493670886076
AEROPORT ROISSY CDG 2 TGV,LILLE (intramuros),0,0.8918478260869565
AEROPORT ROISSY CDG 2 TGV,LILLE (intramuros),1,0.8932065217391304
AEROPORT ROISSY CDG 2 TGV,LILLE (intramuros),2,0.8902173913043478
AEROPORT ROISSY CDG 2 TGV,LILLE (intramuros),3,0.8937499999999999
AEROPORT ROISSY CDG 2 TGV,LILLE (intramuros),4,0.7566576086956521
AEROPORT ROISSY CDG 2 TGV,LILLE (intramuros),5,0.7293478260869565
AEROPORT ROISSY CDG 2 TGV,LILLE (intramuros),6,0.7283967391304348
AEROPORT ROISSY CDG 2 TGV,LILLE (intramuros),7,0.7062499999999999
AEROPORT ROISSY CDG 2 TGV,LILLE (intramuros),8,0.7092391304347826
AEROPORT ROISSY CDG 2 TGV,LILLE (intramuros),9,0.7052989130434782
AEROPORT ROISSY CDG 2 TGV,LILLE (intramuros),10,0.6860054347826087
AEROPORT ROISSY CDG 2 TGV,LILLE (intramuros),11,0.6695652173913044
AEROPORT ROISSY CDG 2 TGV,LILLE (intramuros),12,0.5220108695652174
AEROPORT ROISSY CDG 2 TGV,LILLE (intramuros),13,0.5103260869565218
AEROPORT ROISSY CDG 2 TGV,LILLE (intramuros),14,0.4960597826086957
AEROPORT ROISSY CDG 2 TGV,LILLE (intramuros),15,0.496875
AEROPORT ROISSY CDG 2 TGV,LILLE (intramuros),16,0.4978260869565217
AEROPORT ROISSY CDG 2 TGV,LILLE (intramuros),17,0.4971467391304348
AEROPORT ROISSY CDG 2 TGV,LILLE (intramuros),18,0.4857336956521739
AEROPORT ROISSY CDG 2 TGV,LILLE (intramuros),19,0.4789402173913043
AEROPORT ROISSY CDG 2 TGV,LILLE (intramuros),20,0.4764945652173913
AEROPORT ROISSY CDG 2 TGV,LILLE (intramuros),21,0.4764945652173913
AEROPORT ROISSY CDG 2 TGV,LILLE (intramuros),22,0.4778532608695652
AEROPORT ROISSY CDG 2 TGV,LILLE (intramuros),23,0.47500000000000003
AEROPORT ROISSY CDG 2 TGV,LILLE (intramuros),24,0.477445652173913
AEROPORT ROISSY CDG 2 TGV,LILLE (intramuros),25,0.47513586956521736
AEROPORT ROISSY CDG 2 TGV,LILLE (intramuros),26,0.4741847826086957
AEROPORT ROISSY CDG 2 TGV,LILLE (intramuros),27,0.47282608695652173
AEROPORT ROISSY CDG 2 TGV,LILLE (intramuros),28,0.4771739130434782
AEROPORT ROISSY CDG 2 TGV,LILLE (intramuros),29,0.45149456521739134
AEROPORT ROISSY CDG 2 TGV,LILLE (intramuros),30,0.0639344262295082
AEROPORT ROISSY CDG 2 TGV,TGV HAUTE PICARDIE,0,0.6442622950819672
AEROPORT ROISSY CDG 2 TGV,TGV HAUTE PICARDIE,1,0.6262295081967213
AEROPORT ROISSY CDG 2 TGV,TGV HAUTE PICARDIE,2,0.6403005464480874
AEROPORT ROISSY CDG 2 TGV,TGV HAUTE PICARDIE,3,0.642896174863388
AEROPORT ROISSY CDG 2 TGV,TGV HAUTE PICARDIE,4,0.4700819672131148
AEROPORT ROISSY CDG 2 TGV,TGV HAUTE PICARDIE,5,0.45409836065573767
AEROPORT ROISSY CDG 2 TGV,TGV HAUTE PICARDIE,6,0.455327868852459
AEROPORT ROISSY CDG 2 TGV,TGV HAUTE PICARDIE,7,0.45204918032786884
AEROPORT ROISSY CDG 2 TGV,TGV HAUTE PICARDIE,8,0.45273224043715843
AEROPORT ROISSY CDG 2 TGV,TGV HAUTE PICARDIE,9,0.4569672131147541
AEROPORT ROISSY CDG 2 TGV,TGV HAUTE PICARDIE,10,0.46079234972677596
AEROPORT ROISSY CDG 2 TGV,TGV HAUTE PICARDIE,11,0.44753424657534246
AEROPORT ROISSY CDG 2 TGV,TGV HAUTE PICARDIE,12,0.28328767123287674
AEROPORT ROISSY CDG 2 TGV,TGV HAUTE PICARDIE,13,0.28060109289617485
AEROPORT ROISSY CDG 2 TGV,TGV HAUTE PICARDIE,14,0.28328767123287674
AEROPORT ROISSY CDG 2 TGV,TGV HAUTE PICARDIE,15,0.27917808219178086
AEROPORT ROISSY CDG 2 TGV,TGV HAUTE PICARDIE,16,0.27684931506849314
AEROPORT ROISSY CDG 2 TGV,TGV HAUTE PICARDIE,17,0.28
AEROPORT ROISSY CDG 2 TGV,TGV HAUTE PICARDIE,18,0.2839285714285714
AEROPORT ROISSY CDG 2 TGV,TGV HAUTE PICARDIE,19,0.28173076923076923
AEROPORT ROISSY CDG 2 TGV,TGV HAUTE PICARDIE,20,0.2857142857142857
AEROPORT ROISSY CDG 2 TGV,TGV HAUTE PICARDIE,21,0.29228650137741047
AEROPORT ROISSY CDG 2 TGV,TGV HAUTE PICARDIE,22,0.2824175824175824
AEROPORT ROISSY CDG 2 TGV,TGV HAUTE PICARDIE,23,0.2801652892561984
AEROPORT ROISSY CDG 2 TGV,TGV HAUTE PICARDIE,24,0.28756906077348066
AEROPORT ROISSY CDG 2 TGV,TGV HAUTE PICARDIE,25,0.2903047091412742
AEROPORT ROISSY CDG 2 TGV,TGV HAUTE PICARDIE,26,0.28462603878116344
AEROPORT ROISSY CDG 2 TGV,TGV HAUTE PICARDIE,27,0.28694444444444445
AEROPORT ROISSY CDG 2 TGV,TGV HAUTE PICARDIE,28,0.29194444444444445
AEROPORT ROISSY CDG 2 TGV,TGV HAUTE PICARDIE,29,0.28426183844011144
AEROPORT ROISSY CDG 2 TGV,TGV HAUTE PICARDIE,30,0.047759103641456586
AGDE,AEROPORT ROISSY CDG 2 TGV,0,0.23
AGDE,AEROPORT ROISSY CDG 2 TGV,1,0.16636363636363638
AGDE,AEROPORT ROISSY CDG 2 TGV,2,0.16018518518518518
AGDE,AEROPORT ROISSY CDG 2 TGV,3,0.12962962962962962
AGDE,AEROPORT ROISSY CDG 2 TGV,4,0.04727272727272727
AGDE,AEROPORT ROISSY CDG 2 TGV,5,0.008333333333333333
AGDE,AEROPORT ROISSY CDG 2 TGV,6,0.0027272727272727275
AGDE,AEROPORT ROISSY CDG 2 TGV,7,0.0027272727272727275
AGDE,AEROPORT ROISSY CDG 2 TGV,8,0.0027272727272727275
AGDE,AEROPORT ROISSY CDG 2 TGV,9,0.0028301886792452833
AGDE,AEROPORT ROISSY CDG 2 TGV,10,0.005555555555555557
AGDE,AEROPORT ROISSY CDG 2 TGV,11,0.004545454545454545
AGDE,AEROPORT ROISSY CDG 2 TGV,12,0.000925925925925926
AGDE,AEROPORT ROISSY CDG 2 TGV,13,0.0
AGDE,AEROPORT ROISSY CDG 2 TGV,14,0.0018181818181818182
AGDE,AEROPORT ROISSY CDG 2 TGV,15,0.0018181818181818182
AGDE,AEROPORT ROISSY CDG 2 TGV,16,0.001851851851851852
AGDE,AEROPORT ROISSY CDG 2 TGV,17,0.0009090909090909091
AGDE,AEROPORT ROISSY CDG 2 TGV,18,0.0018181818181818182
AGDE,AEROPORT ROISSY CDG 2 TGV,19,0.0
AGDE,AEROPORT ROISSY CDG 2 TGV,20,0.0
AGDE,AEROPORT ROISSY CDG 2 TGV,21,0.0018181818181818182
AGDE,AEROPORT ROISSY CDG 2 TGV,22,0.0
AGDE,AEROPORT ROISSY CDG 2 TGV,23,0.0
AGDE,AEROPORT ROISSY CDG 2 TGV,24,0.0
AGDE,AEROPORT ROISSY CDG 2 TGV,25,0.006363636363636363
AGDE,AEROPORT ROISSY CDG 2 TGV,26,0.016363636363636365
AGDE,AEROPORT ROISSY CDG 2 TGV,27,0.006363636363636364
AGDE,AEROPORT ROISSY CDG 2 TGV,28,0.0036363636363636364
AGDE,AEROPORT ROISSY CDG 2 TGV,29,0.0027272727272727275
AGDE,AEROPORT ROISSY CDG 2 TGV,30,0.000925925925925926
AGDE,ARRAS,0,0.13545454545454547
AGDE,ARRAS,1,0.09272727272727273
AGDE,ARRAS,2,0.11203703703703703
AGDE,ARRAS,3,0.09444444444444446
AGDE,ARRAS,4,0.03545454545454546
AGDE,ARRAS,5,0.007407407407407408
AGDE,ARRAS,6,0.004545454545454545
AGDE,ARRAS,7,0.0036363636363636364
AGDE,ARRAS,8,0.0027272727272727275
AGDE,ARRAS,9,0.0028301886792452833
AGDE,ARRAS,10,0.004629629629629629
AGDE,ARRAS,11,0.0036363636363636364
AGDE,ARRAS,12,0.000925925925925926
AGDE,ARRAS,13,0.0
AGDE,ARRAS,14,0.0
AGDE,ARRAS,15,0.0
AGDE,ARRAS,16,0.0
AGDE,ARRAS,17,0.0009090909090909091
AGDE,ARRAS,18,0.0
AGDE,ARRAS,19,0.0
AGDE,ARRAS,20,0.0
AGDE,ARRAS,21,0.0
AGDE,ARRAS,22,0.0
AGDE,ARRAS,23,0.000925925925925926
AGDE,ARRAS,24,0.0018181818181818182
AGDE,ARRAS,25,0.004545454545454545
AGDE,ARRAS,26,0.01
AGDE,ARRAS,27,0.014545454545454544
AGDE,ARRAS,28,0.005454545454545455
AGDE,ARRAS,29,0.0018181818181818182
AGDE,ARRAS,30,0.0
AGDE,BRUXELLES MIDI,0,0.12115384615384615
AGDE,BRUXELLES MIDI,1,0.09615384615384616
AGDE,BRUXELLES MIDI,2,0.12549019607843137
AGDE,BRUXELLES MIDI,3,0.09999999999999999
AGDE,BRUXELLES MIDI,4,0.035576923076923075
AGDE,BRUXELLES MIDI,5,0.011764705882352943
AGDE,BRUXELLES MIDI,6,0.0019230769230769232
AGDE,BRUXELLES MIDI,7,0.0038461538461538464
AGDE,BRUXELLES MIDI,8,0.004807692307692308
AGDE,BRUXELLES MIDI,9,0.006
AGDE,BRUXELLES MIDI,10,0.0029411764705882357
AGDE,BRUXELLES MIDI,11,0.008653846153846154
AGDE,BRUXELLES MIDI,12,0.0
AGDE,BRUXELLES MIDI,13,0.0009615384615384616
AGDE,BRUXELLES MIDI,14,0.0019230769230769232
AGDE,BRUXELLES MIDI,15,0.0038461538461538464
AGDE,BRUXELLES MIDI,16,0.000980392156862745
AGDE,BRUXELLES MIDI,17,0.0
AGDE,BRUXELLES MIDI,18,0.0
AGDE,BRUXELLES MIDI,19,0.0009615384615384616
AGDE,BRUXELLES MIDI,20,0.0
AGDE,BRUXELLES MIDI,21,0.0
AGDE,BRUXELLES MIDI,22,0.0
AGDE,BRUXELLES MIDI,23,0.0
AGDE,BRUXELLES MIDI,24,0.0
AGDE,BRUXELLES MIDI,25,0.0
AGDE,BRUXELLES MIDI,26,0.0
AGDE,BRUXELLES MIDI,27,0.0
AGDE,BRUXELLES MIDI,28,0.0009615384615384616
AGDE,BRUXELLES MIDI,29,0.0009615384615384616
AGDE,BRUXELLES MIDI,30,0.0
AGDE,LILLE (intramuros),0,0.1481818181818182
AGDE,LILLE (intramuros),1,0.09909090909090909
AGDE,LILLE (intramuros),2,0.11296296296296296
AGDE,LILLE (intramuros),3,0.08703703703703704
AGDE,LILLE (intramuros),4,0.039090909090909086
AGDE,LILLE (intramuros),5,0.006481481481481481
AGDE,LILLE (intramuros),6,0.0027272727272727275
AGDE,LILLE (intramuros),7,0.0009090909090909091
AGDE,LILLE (intramuros),8,0.0
AGDE,LILLE (intramuros),9,0.0018867924528301887
AGDE,LILLE (intramuros),10,0.001851851851851852
AGDE,LILLE (intramuros),11,0.005454545454545454
AGDE,LILLE (intramuros),12,0.004629629629629629
AGDE,LILLE (intramuros),13,0.0027272727272727275
AGDE,LILLE (intramuros),14,0.0009090909090909091
AGDE,LILLE (intramuros),15,0.0
AGDE,LILLE (intramuros),16,0.0
AGDE,LILLE (intramuros),17,0.0
AGDE,LILLE (intramuros),18,0.0009090909090909091
AGDE,LILLE (intramuros),19,0.0018181818181818182
AGDE,LILLE (intramuros),20,0.0009090909090909091
AGDE,LILLE (intramuros),21,0.0009090909090909091
AGDE,LILLE (intramuros),22,0.0009090909090909091
AGDE,LILLE (intramuros),23,0.000925925925925926
AGDE,LILLE (intramuros),24,0.0
AGDE,LILLE (intramuros),25,0.005454545454545454
AGDE,LILLE (intramuros),26,0.010909090909090908
AGDE,LILLE (intramuros),27,0.015454545454545453
AGDE,LILLE (intramuros),28,0.0
AGDE,LILLE (intramuros),29,0.0009090909090909091
AGDE,LILLE (intramuros),30,0.0
AGDE,LYON (intramuros),0,0.39
AGDE,LYON (intramuros),1,0.35090909090909095
AGDE,LYON (intramuros),2,0.36851851851851847
AGDE,LYON (intramuros),3,0.3694444444444444
AGDE,LYON (intramuros),4,0.1590909090909091
AGDE,LYON (intramuros),5,0.1675925925925926
AGDE,LYON (intramuros),6,0.16181818181818183
AGDE,LYON (intramuros),7,0.15636363636363634
AGDE,LYON (intramuros),8,0.14727272727272728
AGDE,LYON (intramuros),9,0.16603773584905662
AGDE,LYON (intramuros),10,0.14537037037037037
AGDE,LYON (intramuros),11,0.1318181818181818
AGDE,LYON (intramuros),12,0.06666666666666667
AGDE,LYON (intramuros),13,0.06727272727272726
AGDE,LYON (intramuros),14,0.09545454545454546
AGDE,LYON (intramuros),15,0.10363636363636364
AGDE,LYON (intramuros),16,0.0712962962962963
AGDE,LYON (intramuros),17,0.08272727272727272
AGDE,LYON (intramuros),18,0.0890909090909091
AGDE,LYON (intramuros),19,0.09
AGDE,LYON (intramuros),20,0.09
AGDE,LYON (intramuros),21,0.08727272727272727
AGDE,LYON (intramuros),22,0.07454545454545454
AGDE,LYON (intramuros),23,0.07685185185185185
AGDE,LYON (intramuros),24,0.07363636363636364
AGDE,LYON (intramuros),25,0.07454545454545454
AGDE,LYON (intramuros),26,0.08454545454545455
AGDE,LYON (intramuros),27,0.07363636363636364
AGDE,LYON (intramuros),28,0.05909090909090909
AGDE,LYON (intramuros),29,0.056363636363636366
AGDE,LYON (intramuros),30,0.014814814814814815
AGDE,MARNE LA VALLEE CHESSY,0,0.22272727272727272
AGDE,MARNE LA VALLEE CHESSY,1,0.16181818181818183
AGDE,MARNE LA VALLEE CHESSY,2,0.16481481481481483
AGDE,MARNE LA VALLEE CHESSY,3,0.11944444444444445
AGDE,MARNE LA VALLEE CHESSY,4,0.034545454545454546
AGDE,MARNE LA VALLEE CHESSY,5,0.010185185185185186
AGDE,MARNE LA VALLEE CHESSY,6,0.004545454545454545
AGDE,MARNE LA VALLEE CHESSY,7,0.0027272727272727275
AGDE,MARNE LA VALLEE CHESSY,8,0.0036363636363636364
AGDE,MARNE LA VALLEE CHESSY,9,0.0009433962264150943
AGDE,MARNE LA VALLEE CHESSY,10,0.003703703703703704
AGDE,MARNE LA VALLEE CHESSY,11,0.006363636363636364
AGDE,MARNE LA VALLEE CHESSY,12,0.0027777777777777783
AGDE,MARNE LA VALLEE CHESSY,13,0.0027272727272727275
AGDE,MARNE LA VALLEE CHESSY,14,0.0
AGDE,MARNE LA VALLEE CHESSY,15,0.0018181818181818182
AGDE,MARNE LA VALLEE CHESSY,16,0.0
AGDE,MARNE LA VALLEE CHESSY,17,0.0027272727272727275
AGDE,MARNE LA VALLEE CHESSY,18,0.0
AGDE,MARNE LA VALLEE CHESSY,19,0.0009090909090909091
AGDE,MARNE LA VALLEE CHESSY,20,0.0
AGDE,MARNE LA VALLEE CHESSY,21,0.0
AGDE,MARNE LA VALLEE CHESSY,22,0.0
AGDE,MARNE LA VALLEE CHESSY,23,0.0
AGDE,MARNE LA VALLEE CHESSY,24,0.0
AGDE,MARNE LA VALLEE CHESSY,25,0.002727272727272727
AGDE,MARNE LA VALLEE CHESSY,26,0.010909090909090908
AGDE,MARNE LA VALLEE CHESSY,27,0.004545454545454545
AGDE,MARNE LA VALLEE CHESSY,28,0.0027272727272727275
AGDE,MARNE LA VALLEE CHESSY,29,0.0018181818181818182
AGDE,MARNE LA VALLEE CHESSY,30,0.0
AGDE,MONTPELLIER SAINT ROCH,0,0.6722222222222222
AGDE,MONTPELLIER SAINT ROCH,1,0.6092592592592593
AGDE,MONTPELLIER SAINT ROCH,2,0.6386792452830189
AGDE,MONTPELLIER SAINT ROCH,3,0.5433962264150943
AGDE,MONTPELLIER SAINT ROCH,4,0.23055555555555554
AGDE,MONTPELLIER SAINT ROCH,5,0.20943396226415092
AGDE,MONTPELLIER SAINT ROCH,6,0.21203703703703702
AGDE,MONTPELLIER SAINT ROCH,7,0.22314814814814815
AGDE,MONTPELLIER SAINT ROCH,8,0.17777777777777778
AGDE,MONTPELLIER SAINT ROCH,9,0.17211538461538461
AGDE,MONTPELLIER SAINT ROCH,10,0.19999999999999998
AGDE,MONTPELLIER SAINT ROCH,11,0.2064814814814815
AGDE,MONTPELLIER SAINT ROCH,12,0.19056603773584904
AGDE,MONTPELLIER SAINT ROCH,13,0.2064814814814815
AGDE,MONTPELLIER SAINT ROCH,14,0.20185185185185187
AGDE,MONTPELLIER SAINT ROCH,15,0.20092592592592592
AGDE,MONTPELLIER SAINT ROCH,16,0.20188679245283017
AGDE,MONTPELLIER SAINT ROCH,17,0.18703703703703703
AGDE,MONTPELLIER SAINT ROCH,18,0.18055555555555555
AGDE,MONTPELLIER SAINT ROCH,19,0.1675925925925926
AGDE,MONTPELLIER SAINT ROCH,20,0.1638888888888889
AGDE,MONTPELLIER SAINT ROCH,21,0.16944444444444445
AGDE,MONTPELLIER SAINT ROCH,22,0.16574074074074072
AGDE,MONTPELLIER SAINT ROCH,23,0.16981132075471697
AGDE,MONTPELLIER SAINT ROCH,24,0.15185185185185185
AGDE,MONTPELLIER SAINT ROCH,25,0.14444444444444443
AGDE,MONTPELLIER SAINT ROCH,26,0.13240740740740742
AGDE,MONTPELLIER SAINT ROCH,27,0.1398148148148148
AGDE,MONTPELLIER SAINT ROCH,28,0.13055555555555556
AGDE,MONTPELLIER SAINT ROCH,29,0.11666666666666667
AGDE,MONTPELLIER SAINT ROCH,30,0.019811320754716984
AGDE,MONTPELLIER SUD DE FRANCE,0,0.0
AGDE,MONTPELLIER SUD DE FRANCE,1,0.0
AGDE,MONTPELLIER SUD DE FRANCE,2,0.0
AGDE,MONTPELLIER SUD DE FRANCE,3,0.0
AGDE,MONTPELLIER SUD DE FRANCE,4,0.0
AGDE,MONTPELLIER SUD DE FRANCE,5,0.0
AGDE,MONTPELLIER SUD DE FRANCE,6,0.0
AGDE,MONTPELLIER SUD DE FRANCE,7,0.05
AGDE,MONTPELLIER SUD DE FRANCE,8,0.05
AGDE,MONTPELLIER SUD DE FRANCE,9,0.1
AGDE,MONTPELLIER SUD DE FRANCE,10,0.85
AGDE,MONTPELLIER SUD DE FRANCE,11,0.85
AGDE,MONTPELLIER SUD DE FRANCE,12,0.0
AGDE,MONTPELLIER SUD DE FRANCE,13,0.0
AGDE,MONTPELLIER SUD DE FRANCE,14,0.0
AGDE,MONTPELLIER SUD DE FRANCE,15,0.0
AGDE,MONTPELLIER SUD DE FRANCE,16,0.0
AGDE,MONTPELLIER SUD DE FRANCE,17,0.0
AGDE,MONTPELLIER SUD DE FRANCE,18,0.0
AGDE,MONTPELLIER SUD DE FRANCE,19,0.0
AGDE,MONTPELLIER SUD DE FRANCE,20,0.0
AGDE,MONTPELLIER SUD DE FRANCE,21,0.0
AGDE,MONTPELLIER SUD DE FRANCE,22,0.0
AGDE,MONTPELLIER SUD DE FRANCE,23,0.0
AGDE,MONTPELLIER SUD DE FRANCE,24,0.0
AGDE,MONTPELLIER SUD DE FRANCE,25,0.0
AGDE,MONTPELLIER SUD DE FRANCE,26,0.0
AGDE,MONTPELLIER SUD DE FRANCE,27,0.0
AGDE,MONTPELLIER SUD DE FRANCE,28,0.0
AGDE,MONTPELLIER SUD DE FRANCE,29,0.0
AGDE,MONTPELLIER SUD DE FRANCE,30,0.0
AGDE,NIMES CENTRE,0,0.675
AGDE,NIMES CENTRE,1,0.6092592592592593
AGDE,NIMES CENTRE,2,0.6415094339622641
AGDE,NIMES CENTRE,3,0.5679245283018868
AGDE,NIMES CENTRE,4,0.24259259259259258
AGDE,NIMES CENTRE,5,0.22075471698113205
AGDE,NIMES CENTRE,6,0.2222222222222222
AGDE,NIMES CENTRE,7,0.21574074074074076
AGDE,NIMES CENTRE,8,0.1787037037037037
AGDE,NIMES CENTRE,9,0.17403846153846156
AGDE,NIMES CENTRE,10,0.1952830188679245
AGDE,NIMES CENTRE,11,0.2212962962962963
AGDE,NIMES CENTRE,12,0.1952830188679245
AGDE,NIMES CENTRE,13,0.20462962962962963
AGDE,NIMES CENTRE,14,0.20462962962962963
AGDE,NIMES CENTRE,15,0.20277777777777775
AGDE,NIMES CENTRE,16,0.19999999999999998
AGDE,NIMES CENTRE,17,0.18888888888888888
AGDE,NIMES CENTRE,18,0.1824074074074074
AGDE,NIMES CENTRE,19,0.17314814814814813
AGDE,NIMES CENTRE,20,0.1675925925925926
AGDE,NIMES CENTRE,21,0.1675925925925926
AGDE,NIMES CENTRE,22,0.16666666666666666
AGDE,NIMES CENTRE,23,0.16886792452830188
AGDE,NIMES CENTRE,24,0.15092592592592594
AGDE,NIMES CENTRE,25,0.1462962962962963
AGDE,NIMES CENTRE,26,0.13518518518518519
AGDE,NIMES CENTRE,27,0.14351851851851852
AGDE,NIMES CENTRE,28,0.13055555555555556
AGDE,NIMES CENTRE,29,0.12222222222222222
AGDE,NIMES CENTRE,30,0.03018867924528302
AGDE,NIMES PONT DU GARD,0,0.0
AGDE,NIMES PONT DU GARD,1,0.0
AGDE,NIMES PONT DU GARD,2,0.0
AGDE,NIMES PONT DU GARD,3,0.0
AGDE,NIMES PONT DU GARD,4,0.0
AGDE,NIMES PONT DU GARD,5,0.0
AGDE,NIMES PONT DU GARD,6,0.0
AGDE,NIMES PONT DU GARD,7,0.0
AGDE,NIMES PONT DU GARD,8,0.05
AGDE,NIMES PONT DU GARD,9,0.15
AGDE,NIMES PONT DU GARD,10,0.8
AGDE,NIMES PONT DU GARD,11,0.9
AGDE,NIMES PONT DU GARD,12,0.1
AGDE,NIMES PONT DU GARD,13,0.0
AGDE,NIMES PONT DU GARD,14,0.0
AGDE,NIMES PONT DU GARD,15,0.0
AGDE,NIMES PONT DU GARD,16,0.0
AGDE,NIMES PONT DU GARD,17,0.0
AGDE,NIMES PONT DU GARD,18,0.0
AGDE,NIMES PONT DU GARD,19,0.0
AGDE,NIMES PONT DU GARD,20,0.0
AGDE,NIMES PONT DU GARD,21,0.0
AGDE,NIMES PONT DU GARD,22,0.0
AGDE,NIMES PONT DU GARD,23,0.0
AGDE,NIMES PONT DU GARD,24,0.0
AGDE,NIMES PONT DU GARD,25,0.0
AGDE,NIMES PONT DU GARD,26,0.0
AGDE,NIMES PONT DU GARD,27,0.0
AGDE,NIMES PONT DU GARD,28,0.0
AGDE,NIMES PONT DU GARD,29,0.0
AGDE,NIMES PONT DU GARD,30,0.0
AGDE,SETE,0,0.6527272727272727
AGDE,SETE,1,0.5972727272727273
AGDE,SETE,2,0.6083333333333334
AGDE,SETE,3,0.5296296296296297
AGDE,SETE,4,0.21909090909090911
AGDE,SETE,5,0.2064814814814815
AGDE,SETE,6,0.21181818181818182
AGDE,SETE,7,0.20909090909090908
AGDE,SETE,8,0.17909090909090908
AGDE,SETE,9,0.1707547169811321
AGDE,SETE,10,0.20462962962962963
AGDE,SETE,11,0.21454545454545457
AGDE,SETE,12,0.18703703703703703
AGDE,SETE,13,0.20272727272727273
AGDE,SETE,14,0.19818181818181818
AGDE,SETE,15,0.19909090909090907
AGDE,SETE,16,0.19907407407407407
AGDE,SETE,17,0.18363636363636363
AGDE,SETE,18,0.17909090909090908
AGDE,SETE,19,0.16545454545454544
AGDE,SETE,20,0.16363636363636364
AGDE,SETE,21,0.16363636363636364
AGDE,SETE,22,0.16363636363636364
AGDE,SETE,23,0.1638888888888889
AGDE,SETE,24,0.14545454545454545
AGDE,SETE,25,0.14181818181818182
AGDE,SETE,26,0.13272727272727272
AGDE,SETE,27,0.13636363636363635
AGDE,SETE,28,0.12636363636363637
AGDE,SETE,29,0.12272727272727273
AGDE,SETE,30,0.021296296296296296
AGDE,TGV HAUTE PICARDIE,0,0.14727272727272728
AGDE,TGV HAUTE PICARDIE,1,0.09272727272727274
AGDE,TGV HAUTE PICARDIE,2,0.10648148148148148
AGDE,TGV HAUTE PICARDIE,3,0.0898148148148148
AGDE,TGV HAUTE PICARDIE,4,0.04
AGDE,TGV HAUTE PICARDIE,5,0.011111111111111113
AGDE,TGV HAUTE PICARDIE,6,0.0018181818181818182
AGDE,TGV HAUTE PICARDIE,7,0.005454545454545455
AGDE,TGV HAUTE PICARDIE,8,0.006363636363636364
AGDE,TGV HAUTE PICARDIE,9,0.0047169811320754715
AGDE,TGV HAUTE PICARDIE,10,0.000925925925925926
AGDE,TGV HAUTE PICARDIE,11,0.0018181818181818182
AGDE,TGV HAUTE PICARDIE,12,0.0
AGDE,TGV HAUTE PICARDIE,13,0.0
AGDE,TGV HAUTE PICARDIE,14,0.0
AGDE,TGV HAUTE PICARDIE,15,0.0009090909090909091
AGDE,TGV HAUTE PICARDIE,16,0.000925925925925926
AGDE,TGV HAUTE PICARDIE,17,0.0009090909090909091
AGDE,TGV HAUTE PICARDIE,18,0.0009090909090909091
AGDE,TGV HAUTE PICARDIE,19,0.0
AGDE,TGV HAUTE PICARDIE,20,0.0
AGDE,TGV HAUTE PICARDIE,21,0.0
AGDE,TGV HAUTE PICARDIE,22,0.0009090909090909091
AGDE,TGV HAUTE PICARDIE,23,0.0
AGDE,TGV HAUTE PICARDIE,24,0.0018181818181818182
AGDE,TGV HAUTE PICARDIE,25,0.0036363636363636364
AGDE,TGV HAUTE PICARDIE,26,0.014545454545454545
AGDE,TGV HAUTE PICARDIE,27,0.016363636363636365
AGDE,TGV HAUTE PICARDIE,28,0.005454545454545454
AGDE,TGV HAUTE PICARDIE,29,0.0018181818181818182
AGDE,TGV HAUTE PICARDIE,30,0.0
AGDE,VALENCE TGV AUVERGNE RHONE ALPES,0,0.3809090909090909
AGDE,VALENCE TGV AUVERGNE RHONE ALPES,1,0.3472727272727273
AGDE,VALENCE TGV AUVERGNE RHONE ALPES,2,0.37037037037037035
AGDE,VALENCE TGV AUVERGNE RHONE ALPES,3,0.34351851851851856
AGDE,VALENCE TGV AUVERGNE RHONE ALPES,4,0.15545454545454543
AGDE,VALENCE TGV AUVERGNE RHONE ALPES,5,0.16203703703703703
AGDE,VALENCE TGV AUVERGNE RHONE ALPES,6,0.15545454545454546
AGDE,VALENCE TGV AUVERGNE RHONE ALPES,7,0.15272727272727274
AGDE,VALENCE TGV AUVERGNE RHONE ALPES,8,0.14181818181818182
AGDE,VALENCE TGV AUVERGNE RHONE ALPES,9,0.16226415094339622
AGDE,VALENCE TGV AUVERGNE RHONE ALPES,10,0.14722222222222223
AGDE,VALENCE TGV AUVERGNE RHONE ALPES,11,0.1318181818181818
AGDE,VALENCE TGV AUVERGNE RHONE ALPES,12,0.07407407407407407
AGDE,VALENCE TGV AUVERGNE RHONE ALPES,13,0.07454545454545454
AGDE,VALENCE TGV AUVERGNE RHONE ALPES,14,0.09363636363636364
AGDE,VALENCE TGV AUVERGNE RHONE ALPES,15,0.1009090909090909
AGDE,VALENCE TGV AUVERGNE RHONE ALPES,16,0.06481481481481481
AGDE,VALENCE TGV AUVERGNE RHONE ALPES,17,0.08272727272727272
AGDE,VALENCE TGV AUVERGNE RHONE ALPES,18,0.09181818181818181
AGDE,VALENCE TGV AUVERGNE RHONE ALPES,19,0.09454545454545454
AGDE,VALENCE TGV AUVERGNE RHONE ALPES,20,0.09
AGDE,VALENCE TGV AUVERGNE RHONE ALPES,21,0.08545454545454546
AGDE,VALENCE TGV AUVERGNE RHONE ALPES,22,0.07272727272727272
AGDE,VALENCE TGV AUVERGNE RHONE ALPES,23,0.075
AGDE,VALENCE TGV AUVERGNE RHONE ALPES,24,0.07090909090909091
AGDE,VALENCE TGV AUVERGNE RHONE ALPES,25,0.07545454545454545
AGDE,VALENCE TGV AUVERGNE RHONE ALPES,26,0.08545454545454546
AGDE,VALENCE TGV AUVERGNE RHONE ALPES,27,0.07818181818181817
AGDE,VALENCE TGV AUVERGNE RHONE ALPES,28,0.061818181818181814
AGDE,VALENCE TGV AUVERGNE RHONE ALPES,29,0.056363636363636366
AGDE,VALENCE TGV AUVERGNE RHONE ALPES,30,0.012962962962962963
AIME LA PLAGNE,AEROPORT ROISSY CDG 2 TGV,0,0.5
AIME LA PLAGNE,AEROPORT ROISSY CDG 2 TGV,1,0.3772727272727273
AIME LA PLAGNE,AEROPORT ROISSY CDG 2 TGV,2,0.35454545454545455
AIME LA PLAGNE,AEROPORT ROISSY CDG 2 TGV,3,0.19545454545454544
AIME LA PLAGNE,AEROPORT ROISSY CDG 2 TGV,4,0.022727272727272728
AIME LA PLAGNE,AEROPORT ROISSY CDG 2 TGV,5,0.009090909090909092
AIME LA PLAGNE,AEROPORT ROISSY CDG 2 TGV,6,0.01363636363636364
AIME LA PLAGNE,AEROPORT ROISSY CDG 2 TGV,7,0.004545454545454546
AIME LA PLAGNE,AEROPORT ROISSY CDG 2 TGV,8,0.01363636363636364
AIME LA PLAGNE,AEROPORT ROISSY CDG 2 TGV,9,0.009090909090909092
AIME LA PLAGNE,AEROPORT ROISSY CDG 2 TGV,10,0.009090909090909092
AIME LA PLAGNE,AEROPORT ROISSY CDG 2 TGV,11,0.022727272727272728
AIME LA PLAGNE,AEROPORT ROISSY CDG 2 TGV,12,0.004545454545454546
AIME LA PLAGNE,AEROPORT ROISSY CDG 2 TGV,13,0.0
AIME LA PLAGNE,AEROPORT ROISSY CDG 2 TGV,14,0.0
AIME LA PLAGNE,AEROPORT ROISSY CDG 2 TGV,15,0.0
AIME LA PLAGNE,AEROPORT ROISSY CDG 2 TGV,16,0.009090909090909092
AIME LA PLAGNE,AEROPORT ROISSY CDG 2 TGV,17,0.004545454545454546
AIME LA PLAGNE,AEROPORT ROISSY CDG 2 TGV,18,0.004545454545454546
AIME LA PLAGNE,AEROPORT ROISSY CDG 2 TGV,19,0.0
AIME LA PLAGNE,AEROPORT ROISSY CDG 2 TGV,20,0.0
AIME LA PLAGNE,AEROPORT ROISSY CDG 2 TGV,21,0.0
AIME LA PLAGNE,AEROPORT ROISSY CDG 2 TGV,22,0.0
AIME LA PLAGNE,AEROPORT ROISSY CDG 2 TGV,23,0.0
AIME LA PLAGNE,AEROPORT ROISSY CDG 2 TGV,24,0.0
AIME LA PLAGNE,AEROPORT ROISSY CDG 2 TGV,25,0.0
AIME LA PLAGNE,AEROPORT ROISSY CDG 2 TGV,26,0.009090909090909092
AIME LA PLAGNE,AEROPORT ROISSY CDG 2 TGV,27,0.0
AIME LA PLAGNE,AEROPORT ROISSY CDG 2 TGV,28,0.0
AIME LA PLAGNE,AEROPORT ROISSY CDG 2 TGV,29,0.004545454545454546
AIME LA PLAGNE,AEROPORT ROISSY CDG 2 TGV,30,0.0
AIME LA PLAGNE,ALBERTVILLE,0,0.45909090909090905
AIME LA PLAGNE,ALBERTVILLE,1,0.45
AIME LA PLAGNE,ALBERTVILLE,2,0.3727272727272727
AIME LA PLAGNE,ALBERTVILLE,3,0.3318181818181818
AIME LA PLAGNE,ALBERTVILLE,4,0.29545454545454547
AIME LA PLAGNE,ALBERTVILLE,5,0.35000000000000003
AIME LA PLAGNE,ALBERTVILLE,6,0.35454545454545455
AIME LA PLAGNE,ALBERTVILLE,7,0.2818181818181818
AIME LA PLAGNE,ALBERTVILLE,8,0.2727272727272727
AIME LA PLAGNE,ALBERTVILLE,9,0.2727272727272727
AIME LA PLAGNE,ALBERTVILLE,10,0.25
AIME LA PLAGNE,ALBERTVILLE,11,0.21363636363636365
AIME LA PLAGNE,ALBERTVILLE,12,0.004545454545454546
AIME LA PLAGNE,ALBERTVILLE,13,0.0
AIME LA PLAGNE,ALBERTVILLE,14,0.0
AIME LA PLAGNE,ALBERTVILLE,15,0.0
AIME LA PLAGNE,ALBERTVILLE,16,0.0
AIME LA PLAGNE,ALBERTVILLE,17,0.0
AIME LA PLAGNE,ALBERTVILLE,18,0.0
AIME LA PLAGNE,ALBERTVILLE,19,0.0
AIME LA PLAGNE,ALBERTVILLE,20,0.0
AIME LA PLAGNE,ALBERTVILLE,21,0.0
AIME LA PLAGNE,ALBERTVILLE,22,0.0
AIME LA PLAGNE,ALBERTVILLE,23,0.0
AIME LA PLAGNE,ALBERTVILLE,24,0.0
AIME LA PLAGNE,ALBERTVILLE,25,0.0
AIME LA PLAGNE,ALBERTVILLE,26,0.0
AIME LA PLAGNE,ALBERTVILLE,27,0.0
AIME LA PLAGNE,ALBERTVILLE,28,0.0
AIME LA PLAGNE,ALBERTVILLE,29,0.0
AIME LA PLAGNE,ALBERTVILLE,30,0.0
AIME LA PLAGNE,ARRAS,0,0.4318181818181818
AIME LA PLAGNE,ARRAS,1,0.35000000000000003
AIME LA PLAGNE,ARRAS,2,0.33636363636363636
AIME LA PLAGNE,ARRAS,3,0.18181818181818182
AIME LA PLAGNE,ARRAS,4,0.009090909090909092
AIME LA PLAGNE,ARRAS,5,0.004545454545454546
AIME LA PLAGNE,ARRAS,6,0.004545454545454546
AIME LA PLAGNE,ARRAS,7,0.0
AIME LA PLAGNE,ARRAS,8,0.0
AIME LA PLAGNE,ARRAS,9,0.0
AIME LA PLAGNE,ARRAS,10,0.004545454545454546
AIME LA PLAGNE,ARRAS,11,0.0
AIME LA PLAGNE,ARRAS,12,0.004545454545454546
AIME LA PLAGNE,ARRAS,13,0.004545454545454546
AIME LA PLAGNE,ARRAS,14,0.0
AIME LA PLAGNE,ARRAS,15,0.0
AIME LA PLAGNE,ARRAS,16,0.0
AIME LA PLAGNE,ARRAS,17,0.0
AIME LA PLAGNE,ARRAS,18,0.0
AIME LA PLAGNE,ARRAS,19,0.0
AIME LA PLAGNE,ARRAS,20,0.0
AIME LA PLAGNE,ARRAS,21,0.0
AIME LA PLAGNE,ARRAS,22,0.0
AIME LA PLAGNE,ARRAS,23,0.0
AIME LA PLAGNE,ARRAS,24,0.004545454545454546
AIME LA PLAGNE,ARRAS,25,0.0
AIME LA PLAGNE,ARRAS,26,0.0
AIME LA PLAGNE,ARRAS,27,0.0
AIME LA PLAGNE,ARRAS,28,0.0
AIME LA PLAGNE,ARRAS,29,0.0
AIME LA PLAGNE,ARRAS,30,0.0
AIME LA PLAGNE,CHAMBERY CHALLES LES EAUX,0,0.45454545454545453
AIME LA PLAGNE,CHAMBERY CHALLES LES EAUX,1,0.45
AIME LA PLAGNE,CHAMBERY CHALLES LES EAUX,2,0.36818181818181817
AIME LA PLAGNE,CHAMBERY CHALLES LES EAUX,3,0.3409090909090909
AIME LA PLAGNE,CHAMBERY CHALLES LES EAUX,4,0.30454545454545456
AIME LA PLAGNE,CHAMBERY CHALLES LES EAUX,5,0.3409090909090909
AIME LA PLAGNE,CHAMBERY CHALLES LES EAUX,6,0.34545454545454546
AIME LA PLAGNE,CHAMBERY CHALLES LES EAUX,7,0.29545454545454547
AIME LA PLAGNE,CHAMBERY CHALLES LES EAUX,8,0.2863636363636364
AIME LA PLAGNE,CHAMBERY CHALLES LES EAUX,9,0.26818181818181813
AIME LA PLAGNE,CHAMBERY CHALLES LES EAUX,10,0.2409090909090909
AIME LA PLAGNE,CHAMBERY CHALLES LES EAUX,11,0.2
AIME LA PLAGNE,CHAMBERY CHALLES LES EAUX,12,0.004545454545454546
AIME LA PLAGNE,CHAMBERY CHALLES LES EAUX,13,0.0
AIME LA PLAGNE,CHAMBERY CHALLES LES EAUX,14,0.0
AIME LA PLAGNE,CHAMBERY CHALLES LES EAUX,15,0.0
AIME LA PLAGNE,CHAMBERY CHALLES LES EAUX,16,0.0
AIME LA PLAGNE,CHAMBERY CHALLES LES EAUX,17,0.0
AIME LA PLAGNE,CHAMBERY CHALLES LES EAUX,18,0.0
AIME LA PLAGNE,CHAMBERY CHALLES LES EAUX,19,0.0
AIME LA PLAGNE,CHAMBERY CHALLES LES EAUX,20,0.0
AIME LA PLAGNE,CHAMBERY CHALLES LES EAUX,21,0.0
AIME LA PLAGNE,CHAMBERY CHALLES LES EAUX,22,0.0
AIME LA PLAGNE,CHAMBERY CHALLES LES EAUX,23,0.0
AIME LA PLAGNE,CHAMBERY CHALLES LES EAUX,24,0.0
AIME LA PLAGNE,CHAMBERY CHALLES LES EAUX,25,0.0
AIME LA PLAGNE,CHAMBERY CHALLES LES EAUX,26,0.0
AIME LA PLAGNE,CHAMBERY CHALLES LES EAUX,27,0.0
AIME LA PLAGNE,CHAMBERY CHALLES LES EAUX,28,0.0
AIME LA PLAGNE,CHAMBERY CHALLES LES EAUX,29,0.0
AIME LA PLAGNE,CHAMBERY CHALLES LES EAUX,30,0.0
AIME LA PLAGNE,DOUAI,0,0.45909090909090905
AIME LA PLAGNE,DOUAI,1,0.3772727272727273
AIME LA PLAGNE,DOUAI,2,0.3409090909090909
AIME LA PLAGNE,DOUAI,3,0.18181818181818182
AIME LA PLAGNE,DOUAI,4,0.009090909090909092
AIME LA PLAGNE,DOUAI,5,0.004545454545454546
AIME LA PLAGNE,DOUAI,6,0.0
AIME LA PLAGNE,DOUAI,7,0.004545454545454546
AIME LA PLAGNE,DOUAI,8,0.004545454545454546
AIME LA PLAGNE,DOUAI,9,0.004545454545454546
AIME LA PLAGNE,DOUAI,10,0.0
AIME LA PLAGNE,DOUAI,11,0.0
AIME LA PLAGNE,DOUAI,12,0.0
AIME LA PLAGNE,DOUAI,13,0.0
AIME LA PLAGNE,DOUAI,14,0.0
AIME LA PLAGNE,DOUAI,15,0.0
AIME LA PLAGNE,DOUAI,16,0.0
AIME LA PLAGNE,DOUAI,17,0.0
AIME LA PLAGNE,DOUAI,18,0.0
AIME LA PLAGNE,DOUAI,19,0.0
AIME LA PLAGNE,DOUAI,20,0.0
AIME LA PLAGNE,DOUAI,21,0.0
AIME LA PLAGNE,DOUAI,22,0.0
AIME LA PLAGNE,DOUAI,23,0.0
AIME LA PLAGNE,DOUAI,24,0.0
AIME LA PLAGNE,DOUAI,25,0.0
AIME LA PLAGNE,DOUAI,26,0.0
AIME LA PLAGNE,DOUAI,27,0.0
AIME LA PLAGNE,DOUAI,28,0.0
AIME LA PLAGNE,DOUAI,29,0.0
AIME LA PLAGNE,DOUAI,30,0.0
AIME LA PLAGNE,LILLE (intramuros),0,0.44090909090909086
AIME LA PLAGNE,LILLE (intramuros),1,0.3772727272727273
AIME LA PLAGNE,LILLE (intramuros),2,0.35454545454545455
AIME LA PLAGNE,LILLE (intramuros),3,0.20454545454545456
AIME LA PLAGNE,LILLE (intramuros),4,0.022727272727272728
AIME LA PLAGNE,LILLE (intramuros),5,0.009090909090909092
AIME LA PLAGNE,LILLE (intramuros),6,0.004545454545454546
AIME LA PLAGNE,LILLE (intramuros),7,0.004545454545454546
AIME LA PLAGNE,LILLE (intramuros),8,0.004545454545454546
AIME LA PLAGNE,LILLE (intramuros),9,0.0
AIME LA PLAGNE,LILLE (intramuros),10,0.01363636363636364
AIME LA PLAGNE,LILLE (intramuros),11,0.02727272727272728
AIME LA PLAGNE,LILLE (intramuros),12,0.0
AIME LA PLAGNE,LILLE (intramuros),13,0.0
AIME LA PLAGNE,LILLE (intramuros),14,0.0
AIME LA PLAGNE,LILLE (intramuros),15,0.0
AIME LA PLAGNE,LILLE (intramuros),16,0.0
AIME LA PLAGNE,LILLE (intramuros),17,0.009090909090909092
AIME LA PLAGNE,LILLE (intramuros),18,0.0
AIME LA PLAGNE,LILLE (intramuros),19,0.0
AIME LA PLAGNE,LILLE (intramuros),20,0.0
AIME LA PLAGNE,LILLE (intramuros),21,0.0
AIME LA PLAGNE,LILLE (intramuros),22,0.0
AIME LA PLAGNE,LILLE (intramuros),23,0.0
AIME LA PLAGNE,LILLE (intramuros),24,0.0
AIME LA PLAGNE,LILLE (intramuros),25,0.0
AIME LA PLAGNE,LILLE (intramuros),26,0.004545454545454546
AIME LA PLAGNE,LILLE (intramuros),27,0.0
AIME LA PLAGNE,LILLE (intramuros),28,0.0
AIME LA PLAGNE,LILLE (intramuros),29,0.004545454545454546
AIME LA PLAGNE,LILLE (intramuros),30,0.0
AIME LA PLAGNE,MARNE LA VALLEE CHESSY,0,0.509090909090909
AIME LA PLAGNE,MARNE LA VALLEE CHESSY,1,0.36818181818181817
AIME LA PLAGNE,MARNE LA VALLEE CHESSY,2,0.34545454545454546
AIME LA PLAGNE,MARNE LA VALLEE CHESSY,3,0.2090909090909091
AIME LA PLAGNE,MARNE LA VALLEE CHESSY,4,0.01363636363636364
AIME LA PLAGNE,MARNE LA VALLEE CHESSY,5,0.004545454545454546
AIME LA PLAGNE,MARNE LA VALLEE CHESSY,6,0.004545454545454546
AIME LA PLAGNE,MARNE LA VALLEE CHESSY,7,0.004545454545454546
AIME LA PLAGNE,MARNE LA VALLEE CHESSY,8,0.004545454545454546
AIME LA PLAGNE,MARNE LA VALLEE CHESSY,9,0.004545454545454546
AIME LA PLAGNE,MARNE LA VALLEE CHESSY,10,0.009090909090909092
AIME LA PLAGNE,MARNE LA VALLEE CHESSY,11,0.01363636363636364
AIME LA PLAGNE,MARNE LA VALLEE CHESSY,12,0.004545454545454546
AIME LA PLAGNE,MARNE LA VALLEE CHESSY,13,0.004545454545454546
AIME LA PLAGNE,MARNE LA VALLEE CHESSY,14,0.0
AIME LA PLAGNE,MARNE LA VALLEE CHESSY,15,0.0
AIME LA PLAGNE,MARNE LA VALLEE CHESSY,16,0.0
AIME LA PLAGNE,MARNE LA VALLEE CHESSY,17,0.0
AIME LA PLAGNE,MARNE LA VALLEE CHESSY,18,0.0
AIME LA PLAGNE,MARNE LA VALLEE CHESSY,19,0.0
AIME LA PLAGNE,MARNE LA VALLEE CHESSY,20,0.0
AIME LA PLAGNE,MARNE LA VALLEE CHESSY,21,0.0
AIME LA PLAGNE,MARNE LA VALLEE CHESSY,22,0.0
AIME LA PLAGNE,MARNE LA VALLEE CHESSY,23,0.0
AIME LA PLAGNE,MARNE LA VALLEE CHESSY,24,0.0
AIME LA PLAGNE,MARNE LA VALLEE CHESSY,25,0.0
AIME LA PLAGNE,MARNE LA VALLEE CHESSY,26,0.0
AIME LA PLAGNE,MARNE LA VALLEE CHESSY,27,0.0
AIME LA PLAGNE,MARNE LA VALLEE CHESSY,28,0.0
AIME LA PLAGNE,MARNE LA VALLEE CHESSY,29,0.0
AIME LA PLAGNE,MARNE LA VALLEE CHESSY,30,0.0
AIME LA PLAGNE,MOUTIERS SALINS BRIDES LES BAINS,0,0.45909090909090905
AIME LA PLAGNE,MOUTIERS SALINS BRIDES LES BAINS,1,0.45
AIME LA PLAGNE,MOUTIERS SALINS BRIDES LES BAINS,2,0.36363636363636365
AIME LA PLAGNE,MOUTIERS SALINS BRIDES LES BAINS,3,0.35000000000000003
AIME LA PLAGNE,MOUTIERS SALINS BRIDES LES BAINS,4,0.3090909090909091
AIME LA PLAGNE,MOUTIERS SALINS BRIDES LES BAINS,5,0.35000000000000003
AIME LA PLAGNE,MOUTIERS SALINS BRIDES LES BAINS,6,0.35000000000000003
AIME LA PLAGNE,MOUTIERS SALINS BRIDES LES BAINS,7,0.2863636363636364
AIME LA PLAGNE,MOUTIERS SALINS BRIDES LES BAINS,8,0.2727272727272727
AIME LA PLAGNE,MOUTIERS SALINS BRIDES LES BAINS,9,0.2727272727272727
AIME LA PLAGNE,MOUTIERS SALINS BRIDES LES BAINS,10,0.2590909090909091
AIME LA PLAGNE,MOUTIERS SALINS BRIDES LES BAINS,11,0.19545454545454544
AIME LA PLAGNE,MOUTIERS SALINS BRIDES LES BAINS,12,0.004545454545454546
AIME LA PLAGNE,MOUTIERS SALINS BRIDES LES BAINS,13,0.0
AIME LA PLAGNE,MOUTIERS SALINS BRIDES LES BAINS,14,0.0
AIME LA PLAGNE,MOUTIERS SALINS BRIDES LES BAINS,15,0.0
AIME LA PLAGNE,MOUTIERS SALINS BRIDES LES BAINS,16,0.0
AIME LA PLAGNE,MOUTIERS SALINS BRIDES LES BAINS,17,0.0
AIME LA PLAGNE,MOUTIERS SALINS BRIDES LES BAINS,18,0.0
AIME LA PLAGNE,MOUTIERS SALINS BRIDES LES BAINS,19,0.0
AIME LA PLAGNE,MOUTIERS SALINS BRIDES LES BAINS,20,0.0
AIME LA PLAGNE,MOUTIERS SALINS BRIDES LES BAINS,21,0.0
AIME LA PLAGNE,MOUTIERS SALINS BRIDES LES BAINS,22,0.0
AIME LA PLAGNE,MOUTIERS SALINS BRIDES LES BAINS,23,0.0
AIME LA PLAGNE,MOUTIERS SALINS BRIDES LES BAINS,24,0.0
AIME LA PLAGNE,MOUTIERS SALINS BRIDES LES BAINS,25,0.0
AIME LA PLAGNE,MOUTIERS SALINS BRIDES LES BAINS,26,0.0
AIME LA PLAGNE,MOUTIERS SALINS BRIDES LES BAINS,27,0.0
AIME LA PLAGNE,MOUTIERS SALINS BRIDES LES BAINS,28,0.0
AIME LA PLAGNE,MOUTIERS SALINS BRIDES LES BAINS,29,0.0
AIME LA PLAGNE,MOUTIERS SALINS BRIDES LES BAINS,30,0.0
AIME LA PLAGNE,TGV HAUTE PICARDIE,0,0.4272727272727273
AIME LA PLAGNE,TGV HAUTE PICARDIE,1,0.33636363636363636
AIME LA PLAGNE,TGV HAUTE PICARDIE,2,0.35000000000000003
AIME LA PLAGNE,TGV HAUTE PICARDIE,3,0.20454545454545456
AIME LA PLAGNE,TGV HAUTE PICARDIE,4,0.04090909090909091
AIME LA PLAGNE,TGV HAUTE PICARDIE,5,0.01363636363636364
AIME LA PLAGNE,TGV HAUTE PICARDIE,6,0.01363636363636364
AIME LA PLAGNE,TGV HAUTE PICARDIE,7,0.0
AIME LA PLAGNE,TGV HAUTE PICARDIE,8,0.0
AIME LA PLAGNE,TGV HAUTE PICARDIE,9,0.0
AIME LA PLAGNE,TGV HAUTE PICARDIE,10,0.0
AIME LA PLAGNE,TGV HAUTE PICARDIE,11,0.0
AIME LA PLAGNE,TGV HAUTE PICARDIE,12,0.0
AIME LA PLAGNE,TGV HAUTE PICARDIE,13,0.0
AIME LA PLAGNE,TGV HAUTE PICARDIE,14,0.0
AIME LA PLAGNE,TGV HAUTE PICARDIE,15,0.0
AIME LA PLAGNE,TGV HAUTE PICARDIE,16,0.0
AIME LA PLAGNE,TGV HAUTE PICARDIE,17,0.0
AIME LA PLAGNE,TGV HAUTE PICARDIE,18,0.0
AIME LA PLAGNE,TGV HAUTE PICARDIE,19,0.0
AIME LA PLAGNE,TGV HAUTE PICARDIE,20,0.0
AIME LA PLAGNE,TGV HAUTE PICARDIE,21,0.0
AIME LA PLAGNE,TGV HAUTE PICARDIE,22,0.0
AIME LA PLAGNE,TGV HAUTE PICARDIE,23,0.0
AIME LA PLAGNE,TGV HAUTE PICARDIE,24,0.0
AIME LA PLAGNE,TGV HAUTE PICARDIE,25,0.0
AIME LA PLAGNE,TGV HAUTE PICARDIE,26,0.0
AIME LA PLAGNE,TGV HAUTE PICARDIE,27,0.0
AIME LA PLAGNE,TGV HAUTE PICARDIE,28,0.0
AIME LA PLAGNE,TGV HAUTE PICARDIE,29,0.0
AIME LA PLAGNE,TGV HAUTE PICARDIE,30,0.0
AIX EN PROVENCE TGV,AEROPORT ROISSY CDG 2 TGV,0,0.5408967391304348
AIX EN PROVENCE TGV,AEROPORT ROISSY CDG 2 TGV,1,0.5322010869565217
AIX EN PROVENCE TGV,AEROPORT ROISSY CDG 2 TGV,2,0.5260869565217391
AIX EN PROVENCE TGV,AEROPORT ROISSY CDG 2 TGV,3,0.5252717391304348
AIX EN PROVENCE TGV,AEROPORT ROISSY CDG 2 TGV,4,0.3604619565217391
AIX EN PROVENCE TGV,AEROPORT ROISSY CDG 2 TGV,5,0.35434782608695653
AIX EN PROVENCE TGV,AEROPORT ROISSY CDG 2 TGV,6,0.3623641304347826
AIX EN PROVENCE TGV,AEROPORT ROISSY CDG 2 TGV,7,0.3789402173913043
AIX EN PROVENCE TGV,AEROPORT ROISSY CDG 2 TGV,8,0.3615489130434783
AIX EN PROVENCE TGV,AEROPORT ROISSY CDG 2 TGV,9,0.3561141304347826
AIX EN PROVENCE TGV,AEROPORT ROISSY CDG 2 TGV,10,0.3760869565217391
AIX EN PROVENCE TGV,AEROPORT ROISSY CDG 2 TGV,11,0.3808423913043478
AIX EN PROVENCE TGV,AEROPORT ROISSY CDG 2 TGV,12,0.09483695652173912
AIX EN PROVENCE TGV,AEROPORT ROISSY CDG 2 TGV,13,0.09728260869565217
AIX EN PROVENCE TGV,AEROPORT ROISSY CDG 2 TGV,14,0.10054347826086957
AIX EN PROVENCE TGV,AEROPORT ROISSY CDG 2 TGV,15,0.10692934782608696
AIX EN PROVENCE TGV,AEROPORT ROISSY CDG 2 TGV,16,0.1077445652173913
AIX EN PROVENCE TGV,AEROPORT ROISSY CDG 2 TGV,17,0.11494565217391303
AIX EN PROVENCE TGV,AEROPORT ROISSY CDG 2 TGV,18,0.11983695652173913
AIX EN PROVENCE TGV,AEROPORT ROISSY CDG 2 TGV,19,0.12377717391304346
AIX EN PROVENCE TGV,AEROPORT ROISSY CDG 2 TGV,20,0.1358695652173913
AIX EN PROVENCE TGV,AEROPORT ROISSY CDG 2 TGV,21,0.14605978260869565
AIX EN PROVENCE TGV,AEROPORT ROISSY CDG 2 TGV,22,0.13967391304347826
AIX EN PROVENCE TGV,AEROPORT ROISSY CDG 2 TGV,23,0.1282608695652174
AIX EN PROVENCE TGV,AEROPORT ROISSY CDG 2 TGV,24,0.13926630434782608
AIX EN PROVENCE TGV,AEROPORT ROISSY CDG 2 TGV,25,0.14565217391304347
AIX EN PROVENCE TGV,AEROPORT ROISSY CDG 2 TGV,26,0.1604619565217391
AIX EN PROVENCE TGV,AEROPORT ROISSY CDG 2 TGV,27,0.17269021739130433
AIX EN PROVENCE TGV,AEROPORT ROISSY CDG 2 TGV,28,0.18029891304347825
AIX EN PROVENCE TGV,AEROPORT ROISSY CDG 2 TGV,29,0.17907608695652175
AIX EN PROVENCE TGV,AEROPORT ROISSY CDG 2 TGV,30,0.02841530054644809
AIX EN PROVENCE TGV,ARRAS,0,0.275
AIX EN PROVENCE TGV,ARRAS,1,0.315625
AIX EN PROVENCE TGV,ARRAS,2,0.29838709677419356
AIX EN PROVENCE TGV,ARRAS,3,0.27575757575757576
AIX EN PROVENCE TGV,ARRAS,4,0.09242424242424242
AIX EN PROVENCE TGV,ARRAS,5,0.07187500000000001
AIX EN PROVENCE TGV,ARRAS,6,0.06666666666666667
AIX EN PROVENCE TGV,ARRAS,7,0.06969696969696969
AIX EN PROVENCE TGV,ARRAS,8,0.0803030303030303
AIX EN PROVENCE TGV,ARRAS,9,0.1629032258064516
AIX EN PROVENCE TGV,ARRAS,10,0.19999999999999998
AIX EN PROVENCE TGV,ARRAS,11,0.18333333333333332
AIX EN PROVENCE TGV,ARRAS,12,0.0390625
AIX EN PROVENCE TGV,ARRAS,13,0.03333333333333333
AIX EN PROVENCE TGV,ARRAS,14,0.03333333333333333
AIX EN PROVENCE TGV,ARRAS,15,0.03787878787878788
AIX EN PROVENCE TGV,ARRAS,16,0.04032258064516129
AIX EN PROVENCE TGV,ARRAS,17,0.0578125
AIX EN PROVENCE TGV,ARRAS,18,0.0609375
AIX EN PROVENCE TGV,ARRAS,19,0.0609375
AIX EN PROVENCE TGV,ARRAS,20,0.0609375
AIX EN PROVENCE TGV,ARRAS,21,0.0609375
AIX EN PROVENCE TGV,ARRAS,22,0.05625
AIX EN PROVENCE TGV,ARRAS,23,0.014516129032258065
AIX EN PROVENCE TGV,ARRAS,24,0.0203125
AIX EN PROVENCE TGV,ARRAS,25,0.0296875
AIX EN PROVENCE TGV,ARRAS,26,0.0328125
AIX EN PROVENCE TGV,ARRAS,27,0.03125
AIX EN PROVENCE TGV,ARRAS,28,0.010937500000000001
AIX EN PROVENCE TGV,ARRAS,29,0.00625
AIX EN PROVENCE TGV,ARRAS,30,0.0
AIX EN PROVENCE TGV,AVIGNON TGV,0,0.9759510869565217
AIX EN PROVENCE TGV,AVIGNON TGV,1,0.9741847826086957
AIX EN PROVENCE TGV,AVIGNON TGV,2,0.9741847826086957
AIX EN PROVENCE TGV,AVIGNON TGV,3,0.9686141304347826
AIX EN PROVENCE TGV,AVIGNON TGV,4,0.950679347826087
AIX EN PROVENCE TGV,AVIGNON TGV,5,0.9455163043478261
AIX EN PROVENCE TGV,AVIGNON TGV,6,0.9459239130434783
AIX EN PROVENCE TGV,AVIGNON TGV,7,0.9375
AIX EN PROVENCE TGV,AVIGNON TGV,8,0.9249999999999999
AIX EN PROVENCE TGV,AVIGNON TGV,9,0.9078804347826087
AIX EN PROVENCE TGV,AVIGNON TGV,10,0.9099184782608696
AIX EN PROVENCE TGV,AVIGNON TGV,11,0.9019021739130434
AIX EN PROVENCE TGV,AVIGNON TGV,12,0.8271739130434782
AIX EN PROVENCE TGV,AVIGNON TGV,13,0.8203804347826086
AIX EN PROVENCE TGV,AVIGNON TGV,14,0.8115489130434782
AIX EN PROVENCE TGV,AVIGNON TGV,15,0.8052989130434783
AIX EN PROVENCE TGV,AVIGNON TGV,16,0.8002717391304348
AIX EN PROVENCE TGV,AVIGNON TGV,17,0.7989130434782609
AIX EN PROVENCE TGV,AVIGNON TGV,18,0.7879076086956521
AIX EN PROVENCE TGV,AVIGNON TGV,19,0.7880434782608695
AIX EN PROVENCE TGV,AVIGNON TGV,20,0.7817934782608695
AIX EN PROVENCE TGV,AVIGNON TGV,21,0.7841032608695653
AIX EN PROVENCE TGV,AVIGNON TGV,22,0.771875
AIX EN PROVENCE TGV,AVIGNON TGV,23,0.7641304347826087
AIX EN PROVENCE TGV,AVIGNON TGV,24,0.7516304347826087
AIX EN PROVENCE TGV,AVIGNON TGV,25,0.7415760869565217
AIX EN PROVENCE TGV,AVIGNON TGV,26,0.7297554347826087
AIX EN PROVENCE TGV,AVIGNON TGV,27,0.7167119565217391
AIX EN PROVENCE TGV,AVIGNON TGV,28,0.7142663043478261
AIX EN PROVENCE TGV,AVIGNON TGV,29,0.7009510869565218
AIX EN PROVENCE TGV,AVIGNON TGV,30,0.05136612021857924
AIX EN PROVENCE TGV,BRUXELLES MIDI,0,0.3407608695652174
AIX EN PROVENCE TGV,BRUXELLES MIDI,1,0.35122282608695654
AIX EN PROVENCE TGV,BRUXELLES MIDI,2,0.3388586956521739
AIX EN PROVENCE TGV,BRUXELLES MIDI,3,0.3235054347826087
AIX EN PROVENCE TGV,BRUXELLES MIDI,4,0.19796195652173912
AIX EN PROVENCE TGV,BRUXELLES MIDI,5,0.1956521739130435
AIX EN PROVENCE TGV,BRUXELLES MIDI,6,0.19293478260869565
AIX EN PROVENCE TGV,BRUXELLES MIDI,7,0.18519021739130437
AIX EN PROVENCE TGV,BRUXELLES MIDI,8,0.18220108695652174
AIX EN PROVENCE TGV,BRUXELLES MIDI,9,0.18410326086956522
AIX EN PROVENCE TGV,BRUXELLES MIDI,10,0.1760869565217391
AIX EN PROVENCE TGV,BRUXELLES MIDI,11,0.17785326086956524
AIX EN PROVENCE TGV,BRUXELLES MIDI,12,0.033152173913043474
AIX EN PROVENCE TGV,BRUXELLES MIDI,13,0.030842391304347825
AIX EN PROVENCE TGV,BRUXELLES MIDI,14,0.03206521739130435
AIX EN PROVENCE TGV,BRUXELLES MIDI,15,0.03288043478260869
AIX EN PROVENCE TGV,BRUXELLES MIDI,16,0.03274456521739131
AIX EN PROVENCE TGV,BRUXELLES MIDI,17,0.03260869565217391
AIX EN PROVENCE TGV,BRUXELLES MIDI,18,0.033152173913043474
AIX EN PROVENCE TGV,BRUXELLES MIDI,19,0.03301630434782609
AIX EN PROVENCE TGV,BRUXELLES MIDI,20,0.034510869565217386
AIX EN PROVENCE TGV,BRUXELLES MIDI,21,0.04116847826086956
AIX EN PROVENCE TGV,BRUXELLES MIDI,22,0.051494565217391305
AIX EN PROVENCE TGV,BRUXELLES MIDI,23,0.05298913043478261
AIX EN PROVENCE TGV,BRUXELLES MIDI,24,0.05135869565217391
AIX EN PROVENCE TGV,BRUXELLES MIDI,25,0.05720108695652174
AIX EN PROVENCE TGV,BRUXELLES MIDI,26,0.06630434782608695
AIX EN PROVENCE TGV,BRUXELLES MIDI,27,0.07336956521739131
AIX EN PROVENCE TGV,BRUXELLES MIDI,28,0.07771739130434782
AIX EN PROVENCE TGV,BRUXELLES MIDI,29,0.08369565217391305
AIX EN PROVENCE TGV,BRUXELLES MIDI,30,0.014754098360655738
AIX EN PROVENCE TGV,DOUAI,0,0.32407407407407407
AIX EN PROVENCE TGV,DOUAI,1,0.34629629629629627
AIX EN PROVENCE TGV,DOUAI,2,0.33269230769230773
AIX EN PROVENCE TGV,DOUAI,3,0.2928571428571428
AIX EN PROVENCE TGV,DOUAI,4,0.09285714285714286
AIX EN PROVENCE TGV,DOUAI,5,0.07222222222222222
AIX EN PROVENCE TGV,DOUAI,6,0.07142857142857142
AIX EN PROVENCE TGV,DOUAI,7,0.0732142857142857
AIX EN PROVENCE TGV,DOUAI,8,0.07857142857142856
AIX EN PROVENCE TGV,DOUAI,9,0.15925925925925924
AIX EN PROVENCE TGV,DOUAI,10,0.24821428571428572
AIX EN PROVENCE TGV,DOUAI,11,0.21428571428571427
AIX EN PROVENCE TGV,DOUAI,12,0.040740740740740744
AIX EN PROVENCE TGV,DOUAI,13,0.0375
AIX EN PROVENCE TGV,DOUAI,14,0.03571428571428571
AIX EN PROVENCE TGV,DOUAI,15,0.033928571428571426
AIX EN PROVENCE TGV,DOUAI,16,0.05
AIX EN PROVENCE TGV,DOUAI,17,0.07037037037037037
AIX EN PROVENCE TGV,DOUAI,18,0.07407407407407407
AIX EN PROVENCE TGV,DOUAI,19,0.07407407407407407
AIX EN PROVENCE TGV,DOUAI,20,0.07407407407407407
AIX EN PROVENCE TGV,DOUAI,21,0.07222222222222222
AIX EN PROVENCE TGV,DOUAI,22,0.07037037037037036
AIX EN PROVENCE TGV,DOUAI,23,0.028846153846153848
AIX EN PROVENCE TGV,DOUAI,24,0.03518518518518518
AIX EN PROVENCE TGV,DOUAI,25,0.040740740740740744
AIX EN PROVENCE TGV,DOUAI,26,0.03888888888888889
AIX EN PROVENCE TGV,DOUAI,27,0.03888888888888889
AIX EN PROVENCE TGV,DOUAI,28,0.011111111111111112
AIX EN PROVENCE TGV,DOUAI,29,0.007407407407407408
AIX EN PROVENCE TGV,DOUAI,30,0.001851851851851852
AIX EN PROVENCE TGV,LILLE (intramuros),0,0.4627717391304348
AIX EN PROVENCE TGV,LILLE (intramuros),1,0.47404891304347824
AIX EN PROVENCE TGV,LILLE (intramuros),2,0.4716032608695652
AIX EN PROVENCE TGV,LILLE (intramuros),3,0.4567934782608695
AIX EN PROVENCE TGV,LILLE (intramuros),4,0.280570652173913
AIX EN PROVENCE TGV,LILLE (intramuros),5,0.2808423913043478
AIX EN PROVENCE TGV,LILLE (intramuros),6,0.27676630434782606
AIX EN PROVENCE TGV,LILLE (intramuros),7,0.2745923913043478
AIX EN PROVENCE TGV,LILLE (intramuros),8,0.2638586956521739
AIX EN PROVENCE TGV,LILLE (intramuros),9,0.2764945652173913
AIX EN PROVENCE TGV,LILLE (intramuros),10,0.28369565217391307
AIX EN PROVENCE TGV,LILLE (intramuros),11,0.3021739130434783
AIX EN PROVENCE TGV,LILLE (intramuros),12,0.06480978260869566
AIX EN PROVENCE TGV,LILLE (intramuros),13,0.06358695652173912
AIX EN PROVENCE TGV,LILLE (intramuros),14,0.060733695652173916
AIX EN PROVENCE TGV,LILLE (intramuros),15,0.06209239130434783
AIX EN PROVENCE TGV,LILLE (intramuros),16,0.06195652173913044
AIX EN PROVENCE TGV,LILLE (intramuros),17,0.06644021739130435
AIX EN PROVENCE TGV,LILLE (intramuros),18,0.06983695652173913
AIX EN PROVENCE TGV,LILLE (intramuros),19,0.06576086956521739
AIX EN PROVENCE TGV,LILLE (intramuros),20,0.07214673913043479
AIX EN PROVENCE TGV,LILLE (intramuros),21,0.07744565217391304
AIX EN PROVENCE TGV,LILLE (intramuros),22,0.08369565217391305
AIX EN PROVENCE TGV,LILLE (intramuros),23,0.07989130434782608
AIX EN PROVENCE TGV,LILLE (intramuros),24,0.07921195652173912
AIX EN PROVENCE TGV,LILLE (intramuros),25,0.08845108695652174
AIX EN PROVENCE TGV,LILLE (intramuros),26,0.09823369565217391
AIX EN PROVENCE TGV,LILLE (intramuros),27,0.10855978260869566
AIX EN PROVENCE TGV,LILLE (intramuros),28,0.11168478260869566
AIX EN PROVENCE TGV,LILLE (intramuros),29,0.11453804347826087
AIX EN PROVENCE TGV,LILLE (intramuros),30,0.015710382513661202
AIX EN PROVENCE TGV,LYON (intramuros),0,0.7370923913043478
AIX EN PROVENCE TGV,LYON (intramuros),1,0.7239130434782608
AIX EN PROVENCE TGV,LYON (intramuros),2,0.7247282608695652
AIX EN PROVENCE TGV,LYON (intramuros),3,0.7346467391304349
AIX EN PROVENCE TGV,LYON (intramuros),4,0.6005434782608695
AIX EN PROVENCE TGV,LYON (intramuros),5,0.5900815217391304
AIX EN PROVENCE TGV,LYON (intramuros),6,0.5881793478260869
AIX EN PROVENCE TGV,LYON (intramuros),7,0.5771739130434783
AIX EN PROVENCE TGV,LYON (intramuros),8,0.5808423913043478
AIX EN PROVENCE TGV,LYON (intramuros),9,0.5849184782608695
AIX EN PROVENCE TGV,LYON (intramuros),10,0.5876358695652174
AIX EN PROVENCE TGV,LYON (intramuros),11,0.5904891304347827
AIX EN PROVENCE TGV,LYON (intramuros),12,0.40095108695652176
AIX EN PROVENCE TGV,LYON (intramuros),13,0.4141304347826087
AIX EN PROVENCE TGV,LYON (intramuros),14,0.42105978260869564
AIX EN PROVENCE TGV,LYON (intramuros),15,0.4190217391304348
AIX EN PROVENCE TGV,LYON (intramuros),16,0.42133152173913047
AIX EN PROVENCE TGV,LYON (intramuros),17,0.4375
AIX EN PROVENCE TGV,LYON (intramuros),18,0.44741847826086956
AIX EN PROVENCE TGV,LYON (intramuros),19,0.44864130434782606
AIX EN PROVENCE TGV,LYON (intramuros),20,0.45067934782608693
AIX EN PROVENCE TGV,LYON (intramuros),21,0.4414402173913043
AIX EN PROVENCE TGV,LYON (intramuros),22,0.44320652173913044
AIX EN PROVENCE TGV,LYON (intramuros),23,0.44565217391304346
AIX EN PROVENCE TGV,LYON (intramuros),24,0.44755434782608694
AIX EN PROVENCE TGV,LYON (intramuros),25,0.44972826086956524
AIX EN PROVENCE TGV,LYON (intramuros),26,0.45720108695652173
AIX EN PROVENCE TGV,LYON (intramuros),27,0.45285326086956523
AIX EN PROVENCE TGV,LYON (intramuros),28,0.46059782608695654
AIX EN PROVENCE TGV,LYON (intramuros),29,0.4471467391304348
AIX EN PROVENCE TGV,LYON (intramuros),30,0.051092896174863386
AIX EN PROVENCE TGV,LYON ST EXUPERY TGV.,0,1.0
AIX EN PROVENCE TGV,LYON ST EXUPERY TGV.,1,1.0
AIX EN PROVENCE TGV,LYON ST EXUPERY TGV.,2,0.95
AIX EN PROVENCE TGV,LYON ST EXUPERY TGV.,3,1.0
AIX EN PROVENCE TGV,LYON ST EXUPERY TGV.,4,1.0
AIX EN PROVENCE TGV,LYON ST EXUPERY TGV.,5,1.0
AIX EN PROVENCE TGV,LYON ST EXUPERY TGV.,6,1.0
AIX EN PROVENCE TGV,LYON ST EXUPERY TGV.,7,1.0
AIX EN PROVENCE TGV,LYON ST EXUPERY TGV.,8,1.0
AIX EN PROVENCE TGV,LYON ST EXUPERY TGV.,9,0.95
AIX EN PROVENCE TGV,LYON ST EXUPERY TGV.,10,0.95
AIX EN PROVENCE TGV,LYON ST EXUPERY TGV.,11,0.95
AIX EN PROVENCE TGV,LYON ST EXUPERY TGV.,12,0.2
AIX EN PROVENCE TGV,LYON ST EXUPERY TGV.,13,0.65
AIX EN PROVENCE TGV,LYON ST EXUPERY TGV.,14,0.05
AIX EN PROVENCE TGV,LYON ST EXUPERY TGV.,15,0.0
AIX EN PROVENCE TGV,LYON ST EXUPERY TGV.,16,0.1
AIX EN PROVENCE TGV,LYON ST EXUPERY TGV.,17,0.6
AIX EN PROVENCE TGV,LYON ST EXUPERY TGV.,18,0.4
AIX EN PROVENCE TGV,LYON ST EXUPERY TGV.,19,0.75
AIX EN PROVENCE TGV,LYON ST EXUPERY TGV.,20,0.9
AIX EN PROVENCE TGV,LYON ST EXUPERY TGV.,21,0.95
AIX EN PROVENCE TGV,LYON ST EXUPERY TGV.,22,0.7
AIX EN PROVENCE TGV,LYON ST EXUPERY TGV.,23,0.2
AIX EN PROVENCE TGV,LYON ST EXUPERY TGV.,24,0.05
AIX EN PROVENCE TGV,LYON ST EXUPERY TGV.,25,0.05
AIX EN PROVENCE TGV,LYON ST EXUPERY TGV.,26,0.0
AIX EN PROVENCE TGV,LYON ST EXUPERY TGV.,27,0.0
AIX EN PROVENCE TGV,LYON ST EXUPERY TGV.,28,0.0
AIX EN PROVENCE TGV,LYON ST EXUPERY TGV.,29,0.0
AIX EN PROVENCE TGV,MARNE LA VALLEE CHESSY,0,0.5494565217391304
AIX EN PROVENCE TGV,MARNE LA VALLEE CHESSY,1,0.5351902173913043
AIX EN PROVENCE TGV,MARNE LA VALLEE CHESSY,2,0.5309782608695652
AIX EN PROVENCE TGV,MARNE LA VALLEE CHESSY,3,0.5197010869565217
AIX EN PROVENCE TGV,MARNE LA VALLEE CHESSY,4,0.35190217391304346
AIX EN PROVENCE TGV,MARNE LA VALLEE CHESSY,5,0.34877717391304347
AIX EN PROVENCE TGV,MARNE LA VALLEE CHESSY,6,0.3607336956521739
AIX EN PROVENCE TGV,MARNE LA VALLEE CHESSY,7,0.37771739130434784
AIX EN PROVENCE TGV,MARNE LA VALLEE CHESSY,8,0.3605978260869565
AIX EN PROVENCE TGV,MARNE LA VALLEE CHESSY,9,0.3581521739130435
AIX EN PROVENCE TGV,MARNE LA VALLEE CHESSY,10,0.37513586956521744
AIX EN PROVENCE TGV,MARNE LA VALLEE CHESSY,11,0.38682065217391304
AIX EN PROVENCE TGV,MARNE LA VALLEE CHESSY,12,0.0952445652173913
AIX EN PROVENCE TGV,MARNE LA VALLEE CHESSY,13,0.09592391304347825
AIX EN PROVENCE TGV,MARNE LA VALLEE CHESSY,14,0.10163043478260869
AIX EN PROVENCE TGV,MARNE LA VALLEE CHESSY,15,0.10652173913043479
AIX EN PROVENCE TGV,MARNE LA VALLEE CHESSY,16,0.10570652173913044
AIX EN PROVENCE TGV,MARNE LA VALLEE CHESSY,17,0.11345108695652174
AIX EN PROVENCE TGV,MARNE LA VALLEE CHESSY,18,0.11956521739130435
AIX EN PROVENCE TGV,MARNE LA VALLEE CHESSY,19,0.12269021739130434
AIX EN PROVENCE TGV,MARNE LA VALLEE CHESSY,20,0.13682065217391304
AIX EN PROVENCE TGV,MARNE LA VALLEE CHESSY,21,0.14266304347826086
AIX EN PROVENCE TGV,MARNE LA VALLEE CHESSY,22,0.14116847826086956
AIX EN PROVENCE TGV,MARNE LA VALLEE CHESSY,23,0.12758152173913045
AIX EN PROVENCE TGV,MARNE LA VALLEE CHESSY,24,0.1373641304347826
AIX EN PROVENCE TGV,MARNE LA VALLEE CHESSY,25,0.1451086956521739
AIX EN PROVENCE TGV,MARNE LA VALLEE CHESSY,26,0.16019021739130435
AIX EN PROVENCE TGV,MARNE LA VALLEE CHESSY,27,0.17241847826086956
AIX EN PROVENCE TGV,MARNE LA VALLEE CHESSY,28,0.1782608695652174
AIX EN PROVENCE TGV,MARNE LA VALLEE CHESSY,29,0.1793478260869565
AIX EN PROVENCE TGV,MARNE LA VALLEE CHESSY,30,0.028688524590163935
AIX EN PROVENCE TGV,TGV HAUTE PICARDIE,0,0.25
AIX EN PROVENCE TGV,TGV HAUTE PICARDIE,1,0.2657142857142857
AIX EN PROVENCE TGV,TGV HAUTE PICARDIE,2,0.26176470588235295
AIX EN PROVENCE TGV,TGV HAUTE PICARDIE,3,0.24722222222222223
AIX EN PROVENCE TGV,TGV HAUTE PICARDIE,4,0.07083333333333335
AIX EN PROVENCE TGV,TGV HAUTE PICARDIE,5,0.060000000000000005
AIX EN PROVENCE TGV,TGV HAUTE PICARDIE,6,0.05555555555555555
AIX EN PROVENCE TGV,TGV HAUTE PICARDIE,7,0.05555555555555555
AIX EN PROVENCE TGV,TGV HAUTE PICARDIE,8,0.06388888888888888
AIX EN PROVENCE TGV,TGV HAUTE PICARDIE,9,0.13088235294117648
AIX EN PROVENCE TGV,TGV HAUTE PICARDIE,10,0.18333333333333332
AIX EN PROVENCE TGV,TGV HAUTE PICARDIE,11,0.1611111111111111
AIX EN PROVENCE TGV,TGV HAUTE PICARDIE,12,0.03285714285714286
AIX EN PROVENCE TGV,TGV HAUTE PICARDIE,13,0.029166666666666667
AIX EN PROVENCE TGV,TGV HAUTE PICARDIE,14,0.030555555555555558
AIX EN PROVENCE TGV,TGV HAUTE PICARDIE,15,0.030555555555555558
AIX EN PROVENCE TGV,TGV HAUTE PICARDIE,16,0.033823529411764704
AIX EN PROVENCE TGV,TGV HAUTE PICARDIE,17,0.045714285714285714
AIX EN PROVENCE TGV,TGV HAUTE PICARDIE,18,0.055714285714285716
AIX EN PROVENCE TGV,TGV HAUTE PICARDIE,19,0.055714285714285716
AIX EN PROVENCE TGV,TGV HAUTE PICARDIE,20,0.05714285714285714
AIX EN PROVENCE TGV,TGV HAUTE PICARDIE,21,0.05714285714285714
AIX EN PROVENCE TGV,TGV HAUTE PICARDIE,22,0.05285714285714286
AIX EN PROVENCE TGV,TGV HAUTE PICARDIE,23,0.010294117647058823
AIX EN PROVENCE TGV,TGV HAUTE PICARDIE,24,0.02
AIX EN PROVENCE TGV,TGV HAUTE PICARDIE,25,0.02857142857142857
AIX EN PROVENCE TGV,TGV HAUTE PICARDIE,26,0.02857142857142857
AIX EN PROVENCE TGV,TGV HAUTE PICARDIE,27,0.02857142857142857
AIX EN PROVENCE TGV,TGV HAUTE PICARDIE,28,0.007142857142857143
AIX EN PROVENCE TGV,TGV HAUTE PICARDIE,29,0.002857142857142857
AIX EN PROVENCE TGV,TGV HAUTE PICARDIE,30,0.0
ALBERTVILLE,AEROPORT ROISSY CDG 2 TGV,0,0.5499999999999999
ALBERTVILLE,AEROPORT ROISSY CDG 2 TGV,1,0.39545454545454545
ALBERTVILLE,AEROPORT ROISSY CDG 2 TGV,2,0.36363636363636365
ALBERTVILLE,AEROPORT ROISSY CDG 2 TGV,3,0.2318181818181818
ALBERTVILLE,AEROPORT ROISSY CDG 2 TGV,4,0.022727272727272728
ALBERTVILLE,AEROPORT ROISSY CDG 2 TGV,5,0.009090909090909092
ALBERTVILLE,AEROPORT ROISSY CDG 2 TGV,6,0.0
ALBERTVILLE,AEROPORT ROISSY CDG 2 TGV,7,0.004545454545454546
ALBERTVILLE,AEROPORT ROISSY CDG 2 TGV,8,0.0
ALBERTVILLE,AEROPORT ROISSY CDG 2 TGV,9,0.004545454545454546
ALBERTVILLE,AEROPORT ROISSY CDG 2 TGV,10,0.0
ALBERTVILLE,AEROPORT ROISSY CDG 2 TGV,11,0.004545454545454546
ALBERTVILLE,AEROPORT ROISSY CDG 2 TGV,12,0.0
ALBERTVILLE,AEROPORT ROISSY CDG 2 TGV,13,0.0
ALBERTVILLE,AEROPORT ROISSY CDG 2 TGV,14,0.0
ALBERTVILLE,AEROPORT ROISSY CDG 2 TGV,15,0.0
ALBERTVILLE,AEROPORT ROISSY CDG 2 TGV,16,0.0
ALBERTVILLE,AEROPORT ROISSY CDG 2 TGV,17,0.0
ALBERTVILLE,AEROPORT ROISSY CDG 2 TGV,18,0.004545454545454546
ALBERTVILLE,AEROPORT ROISSY CDG 2 TGV,19,0.0
ALBERTVILLE,AEROPORT ROISSY CDG 2 TGV,20,0.0
ALBERTVILLE,AEROPORT ROISSY CDG 2 TGV,21,0.0
ALBERTVILLE,AEROPORT ROISSY CDG 2 TGV,22,0.0
ALBERTVILLE,AEROPORT ROISSY CDG 2 TGV,23,0.0
ALBERTVILLE,AEROPORT ROISSY CDG 2 TGV,24,0.0
ALBERTVILLE,AEROPORT ROISSY CDG 2 TGV,25,0.0
ALBERTVILLE,AEROPORT ROISSY CDG 2 TGV,26,0.0
ALBERTVILLE,AEROPORT ROISSY CDG 2 TGV,27,0.0
ALBERTVILLE,AEROPORT ROISSY CDG 2 TGV,28,0.004545454545454546
ALBERTVILLE,AEROPORT ROISSY CDG 2 TGV,29,0.0
ALBERTVILLE,AEROPORT ROISSY CDG 2 TGV,30,0.0
ALBERTVILLE,ARRAS,0,0.45909090909090905
ALBERTVILLE,ARRAS,1,0.39545454545454545
ALBERTVILLE,ARRAS,2,0.3727272727272728
ALBERTVILLE,ARRAS,3,0.25
ALBERTVILLE,ARRAS,4,0.02727272727272728
ALBERTVILLE,ARRAS,5,0.0
ALBERTVILLE,ARRAS,6,0.0
ALBERTVILLE,ARRAS,7,0.0
ALBERTVILLE,ARRAS,8,0.004545454545454546
ALBERTVILLE,ARRAS,9,0.0
ALBERTVILLE,ARRAS,10,0.0
ALBERTVILLE,ARRAS,11,0.004545454545454546
ALBERTVILLE,ARRAS,12,0.0
ALBERTVILLE,ARRAS,13,0.0
ALBERTVILLE,ARRAS,14,0.0
ALBERTVILLE,ARRAS,15,0.0
ALBERTVILLE,ARRAS,16,0.0
ALBERTVILLE,ARRAS,17,0.0
ALBERTVILLE,ARRAS,18,0.0
ALBERTVILLE,ARRAS,19,0.0
ALBERTVILLE,ARRAS,20,0.0
ALBERTVILLE,ARRAS,21,0.0
ALBERTVILLE,ARRAS,22,0.0
ALBERTVILLE,ARRAS,23,0.0
ALBERTVILLE,ARRAS,24,0.0
ALBERTVILLE,ARRAS,25,0.0
ALBERTVILLE,ARRAS,26,0.0
ALBERTVILLE,ARRAS,27,0.0
ALBERTVILLE,ARRAS,28,0.0
ALBERTVILLE,ARRAS,29,0.0
ALBERTVILLE,ARRAS,30,0.0
ALBERTVILLE,CHAMBERY CHALLES LES EAUX,0,0.4727272727272727
ALBERTVILLE,CHAMBERY CHALLES LES EAUX,1,0.45454545454545453
ALBERTVILLE,CHAMBERY CHALLES LES EAUX,2,0.41363636363636364
ALBERTVILLE,CHAMBERY CHALLES LES EAUX,3,0.3909090909090909
ALBERTVILLE,CHAMBERY CHALLES LES EAUX,4,0.3
ALBERTVILLE,CHAMBERY CHALLES LES EAUX,5,0.35000000000000003
ALBERTVILLE,CHAMBERY CHALLES LES EAUX,6,0.33636363636363636
ALBERTVILLE,CHAMBERY CHALLES LES EAUX,7,0.2818181818181818
ALBERTVILLE,CHAMBERY CHALLES LES EAUX,8,0.2545454545454545
ALBERTVILLE,CHAMBERY CHALLES LES EAUX,9,0.2545454545454545
ALBERTVILLE,CHAMBERY CHALLES LES EAUX,10,0.2318181818181818
ALBERTVILLE,CHAMBERY CHALLES LES EAUX,11,0.18181818181818182
ALBERTVILLE,CHAMBERY CHALLES LES EAUX,12,0.0
ALBERTVILLE,CHAMBERY CHALLES LES EAUX,13,0.0
ALBERTVILLE,CHAMBERY CHALLES LES EAUX,14,0.0
ALBERTVILLE,CHAMBERY CHALLES LES EAUX,15,0.0
ALBERTVILLE,CHAMBERY CHALLES LES EAUX,16,0.0
ALBERTVILLE,CHAMBERY CHALLES LES EAUX,17,0.0
ALBERTVILLE,CHAMBERY CHALLES LES EAUX,18,0.0
ALBERTVILLE,CHAMBERY CHALLES LES EAUX,19,0.0
ALBERTVILLE,CHAMBERY CHALLES LES EAUX,20,0.0
ALBERTVILLE,CHAMBERY CHALLES LES EAUX,21,0.0
ALBERTVILLE,CHAMBERY CHALLES LES EAUX,22,0.0
ALBERTVILLE,CHAMBERY CHALLES LES EAUX,23,0.0
ALBERTVILLE,CHAMBERY CHALLES LES EAUX,24,0.0
ALBERTVILLE,CHAMBERY CHALLES LES EAUX,25,0.0
ALBERTVILLE,CHAMBERY CHALLES LES EAUX,26,0.0
ALBERTVILLE,CHAMBERY CHALLES LES EAUX,27,0.0
ALBERTVILLE,CHAMBERY CHALLES LES EAUX,28,0.0
ALBERTVILLE,CHAMBERY CHALLES LES EAUX,29,0.0
ALBERTVILLE,CHAMBERY CHALLES LES EAUX,30,0.0
ALBERTVILLE,DOUAI,0,0.4318181818181818
ALBERTVILLE,DOUAI,1,0.36363636363636365
ALBERTVILLE,DOUAI,2,0.36363636363636365
ALBERTVILLE,DOUAI,3,0.18636363636363634
ALBERTVILLE,DOUAI,4,0.018181818181818184
ALBERTVILLE,DOUAI,5,0.009090909090909092
ALBERTVILLE,DOUAI,6,0.004545454545454546
ALBERTVILLE,DOUAI,7,0.0
ALBERTVILLE,DOUAI,8,0.009090909090909092
ALBERTVILLE,DOUAI,9,0.01363636363636364
ALBERTVILLE,DOUAI,10,0.004545454545454546
ALBERTVILLE,DOUAI,11,0.009090909090909092
ALBERTVILLE,DOUAI,12,0.0
ALBERTVILLE,DOUAI,13,0.0
ALBERTVILLE,DOUAI,14,0.0
ALBERTVILLE,DOUAI,15,0.0
ALBERTVILLE,DOUAI,16,0.0
ALBERTVILLE,DOUAI,17,0.0
ALBERTVILLE,DOUAI,18,0.0
ALBERTVILLE,DOUAI,19,0.0
ALBERTVILLE,DOUAI,20,0.0
ALBERTVILLE,DOUAI,21,0.0
ALBERTVILLE,DOUAI,22,0.0
ALBERTVILLE,DOUAI,23,0.004545454545454546
ALBERTVILLE,DOUAI,24,0.004545454545454546
ALBERTVILLE,DOUAI,25,0.004545454545454546
ALBERTVILLE,DOUAI,26,0.004545454545454546
ALBERTVILLE,DOUAI,27,0.0
ALBERTVILLE,DOUAI,28,0.0
ALBERTVILLE,DOUAI,29,0.0
ALBERTVILLE,DOUAI,30,0.0
ALBERTVILLE,LILLE (intramuros),0,0.45454545454545453
ALBERTVILLE,LILLE (intramuros),1,0.36818181818181817
ALBERTVILLE,LILLE (intramuros),2,0.35000000000000003
ALBERTVILLE,LILLE (intramuros),3,0.22727272727272727
ALBERTVILLE,LILLE (intramuros),4,0.022727272727272728
ALBERTVILLE,LILLE (intramuros),5,0.009090909090909092
ALBERTVILLE,LILLE (intramuros),6,0.01363636363636364
ALBERTVILLE,LILLE (intramuros),7,0.01363636363636364
ALBERTVILLE,LILLE (intramuros),8,0.004545454545454546
ALBERTVILLE,LILLE (intramuros),9,0.018181818181818184
ALBERTVILLE,LILLE (intramuros),10,0.01363636363636364
ALBERTVILLE,LILLE (intramuros),11,0.01363636363636364
ALBERTVILLE,LILLE (intramuros),12,0.004545454545454546
ALBERTVILLE,LILLE (intramuros),13,0.004545454545454546
ALBERTVILLE,LILLE (intramuros),14,0.004545454545454546
ALBERTVILLE,LILLE (intramuros),15,0.0
ALBERTVILLE,LILLE (intramuros),16,0.0
ALBERTVILLE,LILLE (intramuros),17,0.0
ALBERTVILLE,LILLE (intramuros),18,0.0
ALBERTVILLE,LILLE (intramuros),19,0.0
ALBERTVILLE,LILLE (intramuros),20,0.004545454545454546
ALBERTVILLE,LILLE (intramuros),21,0.004545454545454546
ALBERTVILLE,LILLE (intramuros),22,0.009090909090909092
ALBERTVILLE,LILLE (intramuros),23,0.0
ALBERTVILLE,LILLE (intramuros),24,0.0
ALBERTVILLE,LILLE (intramuros),25,0.0
ALBERTVILLE,LILLE (intramuros),26,0.0
ALBERTVILLE,LILLE (intramuros),27,0.004545454545454546
ALBERTVILLE,LILLE (intramuros),28,0.0
ALBERTVILLE,LILLE (intramuros),29,0.0
ALBERTVILLE,LILLE (intramuros),30,0.0
ALBERTVILLE,MARNE LA VALLEE CHESSY,0,0.5136363636363637
ALBERTVILLE,MARNE LA VALLEE CHESSY,1,0.36363636363636365
ALBERTVILLE,MARNE LA VALLEE CHESSY,2,0.35454545454545455
ALBERTVILLE,MARNE LA VALLEE CHESSY,3,0.22272727272727275
ALBERTVILLE,MARNE LA VALLEE CHESSY,4,0.004545454545454546
ALBERTVILLE,MARNE LA VALLEE CHESSY,5,0.004545454545454546
ALBERTVILLE,MARNE LA VALLEE CHESSY,6,0.004545454545454546
ALBERTVILLE,MARNE LA VALLEE CHESSY,7,0.0
ALBERTVILLE,MARNE LA VALLEE CHESSY,8,0.0
ALBERTVILLE,MARNE LA VALLEE CHESSY,9,0.004545454545454546
ALBERTVILLE,MARNE LA VALLEE CHESSY,10,0.0
ALBERTVILLE,MARNE LA VALLEE CHESSY,11,0.0
ALBERTVILLE,MARNE LA VALLEE CHESSY,12,0.0
ALBERTVILLE,MARNE LA VALLEE CHESSY,13,0.0
ALBERTVILLE,MARNE LA VALLEE CHESSY,14,0.0
ALBERTVILLE,MARNE LA VALLEE CHESSY,15,0.0
ALBERTVILLE,MARNE LA VALLEE CHESSY,16,0.0
ALBERTVILLE,MARNE LA VALLEE CHESSY,17,0.0
ALBERTVILLE,MARNE LA VALLEE CHESSY,18,0.0
ALBERTVILLE,MARNE LA VALLEE CHESSY,19,0.0
ALBERTVILLE,MARNE LA VALLEE CHESSY,20,0.0
ALBERTVILLE,MARNE LA VALLEE CHESSY,21,0.0
ALBERTVILLE,MARNE LA VALLEE CHESSY,22,0.004545454545454546
ALBERTVILLE,MARNE LA VALLEE CHESSY,23,0.0
ALBERTVILLE,MARNE LA VALLEE CHESSY,24,0.0
ALBERTVILLE,MARNE LA VALLEE CHESSY,25,0.004545454545454546
ALBERTVILLE,MARNE LA VALLEE CHESSY,26,0.004545454545454546
ALBERTVILLE,MARNE LA VALLEE CHESSY,27,0.004545454545454546
ALBERTVILLE,MARNE LA VALLEE CHESSY,28,0.0
ALBERTVILLE,MARNE LA VALLEE CHESSY,29,0.01363636363636364
ALBERTVILLE,MARNE LA VALLEE CHESSY,30,0.0
ALBERTVILLE,TGV HAUTE PICARDIE,0,0.4636363636363636
ALBERTVILLE,TGV HAUTE PICARDIE,1,0.3772727272727272
ALBERTVILLE,TGV HAUTE PICARDIE,2,0.35454545454545455
ALBERTVILLE,TGV HAUTE PICARDIE,3,0.20909090909090908
ALBERTVILLE,TGV HAUTE PICARDIE,4,0.02727272727272727
ALBERTVILLE,TGV HAUTE PICARDIE,5,0.0
ALBERTVILLE,TGV HAUTE PICARDIE,6,0.0
ALBERTVILLE,TGV HAUTE PICARDIE,7,0.009090909090909092
ALBERTVILLE,TGV HAUTE PICARDIE,8,0.0
ALBERTVILLE,TGV HAUTE PICARDIE,9,0.0
ALBERTVILLE,TGV HAUTE PICARDIE,10,0.004545454545454546
ALBERTVILLE,TGV HAUTE PICARDIE,11,0.004545454545454546
ALBERTVILLE,TGV HAUTE PICARDIE,12,0.0
ALBERTVILLE,TGV HAUTE PICARDIE,13,0.0
ALBERTVILLE,TGV HAUTE PICARDIE,14,0.0
ALBERTVILLE,TGV HAUTE PICARDIE,15,0.0
ALBERTVILLE,TGV HAUTE PICARDIE,16,0.0
ALBERTVILLE,TGV HAUTE PICARDIE,17,0.0
ALBERTVILLE,TGV HAUTE PICARDIE,18,0.0
ALBERTVILLE,TGV HAUTE PICARDIE,19,0.0
ALBERTVILLE,TGV HAUTE PICARDIE,20,0.0
ALBERTVILLE,TGV HAUTE PICARDIE,21,0.0
ALBERTVILLE,TGV HAUTE PICARDIE,22,0.0
ALBERTVILLE,TGV HAUTE PICARDIE,23,0.0
ALBERTVILLE,TGV HAUTE PICARDIE,24,0.0
ALBERTVILLE,TGV HAUTE PICARDIE,25,0.0
ALBERTVILLE,TGV HAUTE PICARDIE,26,0.0
ALBERTVILLE,TGV HAUTE PICARDIE,27,0.0
ALBERTVILLE,TGV HAUTE PICARDIE,28,0.0
ALBERTVILLE,TGV HAUTE PICARDIE,29,0.0
ALBERTVILLE,TGV HAUTE PICARDIE,30,0.0
ARRAS,BRUXELLES MIDI,0,0.3419291338582677
ARRAS,BRUXELLES MIDI,1,0.37421875
ARRAS,BRUXELLES MIDI,2,0.39609375
ARRAS,BRUXELLES MIDI,3,0.375390625
ARRAS,BRUXELLES MIDI,4,0.19571984435797665
ARRAS,BRUXELLES MIDI,5,0.18046875
ARRAS,BRUXELLES MIDI,6,0.17704280155642024
ARRAS,BRUXELLES MIDI,7,0.1784046692607004
ARRAS,BRUXELLES MIDI,8,0.16744186046511628
ARRAS,BRUXELLES MIDI,9,0.16046511627906976
ARRAS,BRUXELLES MIDI,10,0.16718146718146717
ARRAS,BRUXELLES MIDI,11,0.16434108527131783
ARRAS,BRUXELLES MIDI,12,0.09379844961240309
ARRAS,BRUXELLES MIDI,13,0.09054054054054053
ARRAS,BRUXELLES MIDI,14,0.08185328185328185
ARRAS,BRUXELLES MIDI,15,0.0848076923076923
ARRAS,BRUXELLES MIDI,16,0.08524904214559387
ARRAS,BRUXELLES MIDI,17,0.08225190839694657
ARRAS,BRUXELLES MIDI,18,0.0793103448275862
ARRAS,BRUXELLES MIDI,19,0.07690839694656489
ARRAS,BRUXELLES MIDI,20,0.07538167938931298
ARRAS,BRUXELLES MIDI,21,0.07337164750957854
ARRAS,BRUXELLES MIDI,22,0.0726235741444867
ARRAS,BRUXELLES MIDI,23,0.07215909090909091
ARRAS,BRUXELLES MIDI,24,0.07253787878787878
ARRAS,BRUXELLES MIDI,25,0.07243346007604563
ARRAS,BRUXELLES MIDI,26,0.075
ARRAS,BRUXELLES MIDI,27,0.07897727272727273
ARRAS,BRUXELLES MIDI,28,0.08200757575757575
ARRAS,BRUXELLES MIDI,29,0.0846590909090909
ARRAS,BRUXELLES MIDI,30,0.017803030303030303
ARRAS,DOUAI,0,0.9451515151515151
ARRAS,DOUAI,1,0.9431818181818182
ARRAS,DOUAI,2,0.9425981873111783
ARRAS,DOUAI,3,0.925226586102719
ARRAS,DOUAI,4,0.8445619335347433
ARRAS,DOUAI,5,0.8009063444108762
ARRAS,DOUAI,6,0.7873493975903614
ARRAS,DOUAI,7,0.7691842900302115
ARRAS,DOUAI,8,0.7346846846846847
ARRAS,DOUAI,9,0.7141566265060241
ARRAS,DOUAI,10,0.7102719033232628
ARRAS,DOUAI,11,0.6915407854984894
ARRAS,DOUAI,12,0.4142857142857143
ARRAS,DOUAI,13,0.40167173252279637
ARRAS,DOUAI,14,0.3958966565349544
ARRAS,DOUAI,15,0.3910060975609756
ARRAS,DOUAI,16,0.37561349693251533
ARRAS,DOUAI,17,0.3701834862385321
ARRAS,DOUAI,18,0.376
ARRAS,DOUAI,19,0.36898148148148147
ARRAS,DOUAI,20,0.3594427244582043
ARRAS,DOUAI,21,0.36288819875776396
ARRAS,DOUAI,22,0.3599688473520249
ARRAS,DOUAI,23,0.3529595015576324
ARRAS,DOUAI,24,0.344375
ARRAS,DOUAI,25,0.3409090909090909
ARRAS,DOUAI,26,0.33490566037735847
ARRAS,DOUAI,27,0.3239747634069401
ARRAS,DOUAI,28,0.327602523659306
ARRAS,DOUAI,29,0.31503164556962027
ARRAS,DOUAI,30,0.048734177215189876
ARRAS,LILLE (intramuros),0,0.9707650273224044
ARRAS,LILLE (intramuros),1,0.9683060109289617
ARRAS,LILLE (intramuros),2,0.9657103825136611
ARRAS,LILLE (intramuros),3,0.9546448087431694
ARRAS,LILLE (intramuros),4,0.8991803278688525
ARRAS,LILLE (intramuros),5,0.874863387978142
ARRAS,LILLE (intramuros),6,0.8655737704918033
ARRAS,LILLE (intramuros),7,0.8422131147540983
ARRAS,LILLE (intramuros),8,0.8136612021857924
ARRAS,LILLE (intramuros),9,0.783879781420765
ARRAS,LILLE (intramuros),10,0.751775956284153
ARRAS,LILLE (intramuros),11,0.7250684931506849
ARRAS,LILLE (intramuros),12,0.45986301369863014
ARRAS,LILLE (intramuros),13,0.4551912568306011
ARRAS,LILLE (intramuros),14,0.45164383561643834
ARRAS,LILLE (intramuros),15,0.44273972602739725
ARRAS,LILLE (intramuros),16,0.4186301369863014
ARRAS,LILLE (intramuros),17,0.4145205479452055
ARRAS,LILLE (intramuros),18,0.40824175824175823
ARRAS,LILLE (intramuros),19,0.403021978021978
ARRAS,LILLE (intramuros),20,0.3950549450549451
ARRAS,LILLE (intramuros),21,0.39118457300275483
ARRAS,LILLE (intramuros),22,0.382967032967033
ARRAS,LILLE (intramuros),23,0.37837465564738293
ARRAS,LILLE (intramuros),24,0.37513812154696136
ARRAS,LILLE (intramuros),25,0.3700831024930748
ARRAS,LILLE (intramuros),26,0.3628808864265928
ARRAS,LILLE (intramuros),27,0.3526388888888889
ARRAS,LILLE (intramuros),28,0.3475
ARRAS,LILLE (intramuros),29,0.32813370473537606
ARRAS,LILLE (intramuros),30,0.05238095238095238
AVIGNON TGV,AEROPORT ROISSY CDG 2 TGV,0,0.5423913043478261
AVIGNON TGV,AEROPORT ROISSY CDG 2 TGV,1,0.5320652173913044
AVIGNON TGV,AEROPORT ROISSY CDG 2 TGV,2,0.5369565217391304
AVIGNON TGV,AEROPORT ROISSY CDG 2 TGV,3,0.5232336956521739
AVIGNON TGV,AEROPORT ROISSY CDG 2 TGV,4,0.3528532608695652
AVIGNON TGV,AEROPORT ROISSY CDG 2 TGV,5,0.35298913043478264
AVIGNON TGV,AEROPORT ROISSY CDG 2 TGV,6,0.3626358695652174
AVIGNON TGV,AEROPORT ROISSY CDG 2 TGV,7,0.3789402173913043
AVIGNON TGV,AEROPORT ROISSY CDG 2 TGV,8,0.36467391304347824
AVIGNON TGV,AEROPORT ROISSY CDG 2 TGV,9,0.35258152173913043
AVIGNON TGV,AEROPORT ROISSY CDG 2 TGV,10,0.37269021739130437
AVIGNON TGV,AEROPORT ROISSY CDG 2 TGV,11,0.37486413043478256
AVIGNON TGV,AEROPORT ROISSY CDG 2 TGV,12,0.096875
AVIGNON TGV,AEROPORT ROISSY CDG 2 TGV,13,0.09755434782608695
AVIGNON TGV,AEROPORT ROISSY CDG 2 TGV,14,0.10122282608695653
AVIGNON TGV,AEROPORT ROISSY CDG 2 TGV,15,0.10434782608695652
AVIGNON TGV,AEROPORT ROISSY CDG 2 TGV,16,0.10557065217391305
AVIGNON TGV,AEROPORT ROISSY CDG 2 TGV,17,0.11304347826086956
AVIGNON TGV,AEROPORT ROISSY CDG 2 TGV,18,0.11875000000000001
AVIGNON TGV,AEROPORT ROISSY CDG 2 TGV,19,0.12377717391304346
AVIGNON TGV,AEROPORT ROISSY CDG 2 TGV,20,0.13804347826086955
AVIGNON TGV,AEROPORT ROISSY CDG 2 TGV,21,0.14429347826086958
AVIGNON TGV,AEROPORT ROISSY CDG 2 TGV,22,0.14103260869565218
AVIGNON TGV,AEROPORT ROISSY CDG 2 TGV,23,0.12744565217391304
AVIGNON TGV,AEROPORT ROISSY CDG 2 TGV,24,0.1364130434782609
AVIGNON TGV,AEROPORT ROISSY CDG 2 TGV,25,0.14497282608695652
AVIGNON TGV,AEROPORT ROISSY CDG 2 TGV,26,0.16168478260869565
AVIGNON TGV,AEROPORT ROISSY CDG 2 TGV,27,0.17391304347826086
AVIGNON TGV,AEROPORT ROISSY CDG 2 TGV,28,0.17880434782608695
AVIGNON TGV,AEROPORT ROISSY CDG 2 TGV,29,0.1793478260869565
AVIGNON TGV,AEROPORT ROISSY CDG 2 TGV,30,0.02896174863387978
AVIGNON TGV,ARRAS,0,0.2640625
AVIGNON TGV,ARRAS,1,0.290625
AVIGNON TGV,ARRAS,2,0.27741935483870966
AVIGNON TGV,ARRAS,3,0.25757575757575757
AVIGNON TGV,ARRAS,4,0.0893939393939394
AVIGNON TGV,ARRAS,5,0.07187500000000001
AVIGNON TGV,ARRAS,6,0.06515151515151515
AVIGNON TGV,ARRAS,7,0.0696969696969697
AVIGNON TGV,ARRAS,8,0.07424242424242423
AVIGNON TGV,ARRAS,9,0.14677419354838708
AVIGNON TGV,ARRAS,10,0.19696969696969696
AVIGNON TGV,ARRAS,11,0.18484848484848485
AVIGNON TGV,ARRAS,12,0.0375
AVIGNON TGV,ARRAS,13,0.030303030303030304
AVIGNON TGV,ARRAS,14,0.03181818181818182
AVIGNON TGV,ARRAS,15,0.030303030303030304
AVIGNON TGV,ARRAS,16,0.037096774193548385
AVIGNON TGV,ARRAS,17,0.0546875
AVIGNON TGV,ARRAS,18,0.0625
AVIGNON TGV,ARRAS,19,0.0640625
AVIGNON TGV,ARRAS,20,0.0640625
AVIGNON TGV,ARRAS,21,0.0625
AVIGNON TGV,ARRAS,22,0.05625
AVIGNON TGV,ARRAS,23,0.014516129032258063
AVIGNON TGV,ARRAS,24,0.026562500000000003
AVIGNON TGV,ARRAS,25,0.0296875
AVIGNON TGV,ARRAS,26,0.0328125
AVIGNON TGV,ARRAS,27,0.03125
AVIGNON TGV,ARRAS,28,0.00625
AVIGNON TGV,ARRAS,29,0.0015625
AVIGNON TGV,ARRAS,30,0.0015625
AVIGNON TGV,BRUXELLES MIDI,0,0.33817934782608694
AVIGNON TGV,BRUXELLES MIDI,1,0.3495923913043478
AVIGNON TGV,BRUXELLES MIDI,2,0.3400815217391305
AVIGNON TGV,BRUXELLES MIDI,3,0.325
AVIGNON TGV,BRUXELLES MIDI,4,0.20203804347826085
AVIGNON TGV,BRUXELLES MIDI,5,0.196875
AVIGNON TGV,BRUXELLES MIDI,6,0.1922554347826087
AVIGNON TGV,BRUXELLES MIDI,7,0.1858695652173913
AVIGNON TGV,BRUXELLES MIDI,8,0.18383152173913045
AVIGNON TGV,BRUXELLES MIDI,9,0.1800271739130435
AVIGNON TGV,BRUXELLES MIDI,10,0.1767663043478261
AVIGNON TGV,BRUXELLES MIDI,11,0.18410326086956522
AVIGNON TGV,BRUXELLES MIDI,12,0.03247282608695652
AVIGNON TGV,BRUXELLES MIDI,13,0.030570652173913044
AVIGNON TGV,BRUXELLES MIDI,14,0.03288043478260869
AVIGNON TGV,BRUXELLES MIDI,15,0.03328804347826087
AVIGNON TGV,BRUXELLES MIDI,16,0.03301630434782609
AVIGNON TGV,BRUXELLES MIDI,17,0.033152173913043474
AVIGNON TGV,BRUXELLES MIDI,18,0.03274456521739131
AVIGNON TGV,BRUXELLES MIDI,19,0.03342391304347826
AVIGNON TGV,BRUXELLES MIDI,20,0.03410326086956522
AVIGNON TGV,BRUXELLES MIDI,21,0.041304347826086954
AVIGNON TGV,BRUXELLES MIDI,22,0.051494565217391305
AVIGNON TGV,BRUXELLES MIDI,23,0.052309782608695655
AVIGNON TGV,BRUXELLES MIDI,24,0.050815217391304346
AVIGNON TGV,BRUXELLES MIDI,25,0.05489130434782608
AVIGNON TGV,BRUXELLES MIDI,26,0.06358695652173912
AVIGNON TGV,BRUXELLES MIDI,27,0.07309782608695652
AVIGNON TGV,BRUXELLES MIDI,28,0.07540760869565218
AVIGNON TGV,BRUXELLES MIDI,29,0.08220108695652174
AVIGNON TGV,BRUXELLES MIDI,30,0.01366120218579235
AVIGNON TGV,DOUAI,0,0.32962962962962966
AVIGNON TGV,DOUAI,1,0.35370370370370374
AVIGNON TGV,DOUAI,2,0.35
AVIGNON TGV,DOUAI,3,0.3
AVIGNON TGV,DOUAI,4,0.09642857142857143
AVIGNON TGV,DOUAI,5,0.08333333333333333
AVIGNON TGV,DOUAI,6,0.0732142857142857
AVIGNON TGV,DOUAI,7,0.075
AVIGNON TGV,DOUAI,8,0.07857142857142856
AVIGNON TGV,DOUAI,9,0.16296296296296298
AVIGNON TGV,DOUAI,10,0.22678571428571428
AVIGNON TGV,DOUAI,11,0.21964285714285717
AVIGNON TGV,DOUAI,12,0.05185185185185185
AVIGNON TGV,DOUAI,13,0.04107142857142858
AVIGNON TGV,DOUAI,14,0.0375
AVIGNON TGV,DOUAI,15,0.0375
AVIGNON TGV,DOUAI,16,0.04230769230769231
AVIGNON TGV,DOUAI,17,0.06296296296296296
AVIGNON TGV,DOUAI,18,0.07407407407407407
AVIGNON TGV,DOUAI,19,0.07407407407407407
AVIGNON TGV,DOUAI,20,0.07592592592592592
AVIGNON TGV,DOUAI,21,0.07407407407407407
AVIGNON TGV,DOUAI,22,0.06851851851851852
AVIGNON TGV,DOUAI,23,0.015384615384615384
AVIGNON TGV,DOUAI,24,0.03148148148148148
AVIGNON TGV,DOUAI,25,0.037037037037037035
AVIGNON TGV,DOUAI,26,0.037037037037037035
AVIGNON TGV,DOUAI,27,0.037037037037037035
AVIGNON TGV,DOUAI,28,0.007407407407407408
AVIGNON TGV,DOUAI,29,0.007407407407407408
AVIGNON TGV,DOUAI,30,0.001851851851851852
AVIGNON TGV,LILLE (intramuros),0,0.46494565217391304
AVIGNON TGV,LILLE (intramuros),1,0.4747282608695652
AVIGNON TGV,LILLE (intramuros),2,0.4739130434782609
AVIGNON TGV,LILLE (intramuros),3,0.45
AVIGNON TGV,LILLE (intramuros),4,0.2801630434782609
AVIGNON TGV,LILLE (intramuros),5,0.2807065217391304
AVIGNON TGV,LILLE (intramuros),6,0.27201086956521736
AVIGNON TGV,LILLE (intramuros),7,0.27269021739130433
AVIGNON TGV,LILLE (intramuros),8,0.26915760869565214
AVIGNON TGV,LILLE (intramuros),9,0.2770380434782609
AVIGNON TGV,LILLE (intramuros),10,0.2892663043478261
AVIGNON TGV,LILLE (intramuros),11,0.3001358695652174
AVIGNON TGV,LILLE (intramuros),12,0.06345108695652174
AVIGNON TGV,LILLE (intramuros),13,0.06168478260869565
AVIGNON TGV,LILLE (intramuros),14,0.0608695652173913
AVIGNON TGV,LILLE (intramuros),15,0.06032608695652174
AVIGNON TGV,LILLE (intramuros),16,0.06168478260869565
AVIGNON TGV,LILLE (intramuros),17,0.06657608695652174
AVIGNON TGV,LILLE (intramuros),18,0.06834239130434783
AVIGNON TGV,LILLE (intramuros),19,0.06508152173913043
AVIGNON TGV,LILLE (intramuros),20,0.07065217391304347
AVIGNON TGV,LILLE (intramuros),21,0.07459239130434782
AVIGNON TGV,LILLE (intramuros),22,0.08233695652173913
AVIGNON TGV,LILLE (intramuros),23,0.07907608695652174
AVIGNON TGV,LILLE (intramuros),24,0.08138586956521739
AVIGNON TGV,LILLE (intramuros),25,0.08709239130434782
AVIGNON TGV,LILLE (intramuros),26,0.09347826086956522
AVIGNON TGV,LILLE (intramuros),27,0.10570652173913044
AVIGNON TGV,LILLE (intramuros),28,0.10760869565217392
AVIGNON TGV,LILLE (intramuros),29,0.11521739130434783
AVIGNON TGV,LILLE (intramuros),30,0.014754098360655738
AVIGNON TGV,LYON (intramuros),0,0.7279891304347825
AVIGNON TGV,LYON (intramuros),1,0.7278532608695653
AVIGNON TGV,LYON (intramuros),2,0.7245923913043477
AVIGNON TGV,LYON (intramuros),3,0.735733695652174
AVIGNON TGV,LYON (intramuros),4,0.6001358695652174
AVIGNON TGV,LYON (intramuros),5,0.5948369565217392
AVIGNON TGV,LYON (intramuros),6,0.5915760869565218
AVIGNON TGV,LYON (intramuros),7,0.5811141304347825
AVIGNON TGV,LYON (intramuros),8,0.5763586956521739
AVIGNON TGV,LYON (intramuros),9,0.5845108695652174
AVIGNON TGV,LYON (intramuros),10,0.5932065217391305
AVIGNON TGV,LYON (intramuros),11,0.5987771739130434
AVIGNON TGV,LYON (intramuros),12,0.40720108695652174
AVIGNON TGV,LYON (intramuros),13,0.4138586956521739
AVIGNON TGV,LYON (intramuros),14,0.4207880434782609
AVIGNON TGV,LYON (intramuros),15,0.421875
AVIGNON TGV,LYON (intramuros),16,0.42201086956521744
AVIGNON TGV,LYON (intramuros),17,0.43301630434782606
AVIGNON TGV,LYON (intramuros),18,0.44497282608695654
AVIGNON TGV,LYON (intramuros),19,0.4502717391304348
AVIGNON TGV,LYON (intramuros),20,0.4509510869565217
AVIGNON TGV,LYON (intramuros),21,0.4404891304347826
AVIGNON TGV,LYON (intramuros),22,0.4422554347826087
AVIGNON TGV,LYON (intramuros),23,0.4502717391304348
AVIGNON TGV,LYON (intramuros),24,0.4471467391304348
AVIGNON TGV,LYON (intramuros),25,0.4470108695652174
AVIGNON TGV,LYON (intramuros),26,0.4520380434782609
AVIGNON TGV,LYON (intramuros),27,0.4495923913043478
AVIGNON TGV,LYON (intramuros),28,0.45815217391304347
AVIGNON TGV,LYON (intramuros),29,0.44850543478260874
AVIGNON TGV,LYON (intramuros),30,0.056010928961748634
AVIGNON TGV,LYON ST EXUPERY TGV.,0,1.0
AVIGNON TGV,LYON ST EXUPERY TGV.,1,1.0
AVIGNON TGV,LYON ST EXUPERY TGV.,2,0.95
AVIGNON TGV,LYON ST EXUPERY TGV.,3,0.95
AVIGNON TGV,LYON ST EXUPERY TGV.,4,1.0
AVIGNON TGV,LYON ST EXUPERY TGV.,5,0.95
AVIGNON TGV,LYON ST EXUPERY TGV.,6,0.95
AVIGNON TGV,LYON ST EXUPERY TGV.,7,1.0
AVIGNON TGV,LYON ST EXUPERY TGV.,8,1.0
AVIGNON TGV,LYON ST EXUPERY TGV.,9,1.0
AVIGNON TGV,LYON ST EXUPERY TGV.,10,1.0
AVIGNON TGV,LYON ST EXUPERY TGV.,11,1.0
AVIGNON TGV,LYON ST EXUPERY TGV.,12,0.3
AVIGNON TGV,LYON ST EXUPERY TGV.,13,0.6
AVIGNON TGV,LYON ST EXUPERY TGV.,14,0.05
AVIGNON TGV,LYON ST EXUPERY TGV.,15,0.0
AVIGNON TGV,LYON ST EXUPERY TGV.,16,0.2
AVIGNON TGV,LYON ST EXUPERY TGV.,17,0.7
AVIGNON TGV,LYON ST EXUPERY TGV.,18,0.25
AVIGNON TGV,LYON ST EXUPERY TGV.,19,0.75
AVIGNON TGV,LYON ST EXUPERY TGV.,20,0.95
AVIGNON TGV,LYON ST EXUPERY TGV.,21,1.0
AVIGNON TGV,LYON ST EXUPERY TGV.,22,0.9
AVIGNON TGV,LYON ST EXUPERY TGV.,23,0.25
AVIGNON TGV,LYON ST EXUPERY TGV.,24,0.0
AVIGNON TGV,LYON ST EXUPERY TGV.,25,0.0
AVIGNON TGV,LYON ST EXUPERY TGV.,26,0.0
AVIGNON TGV,LYON ST EXUPERY TGV.,27,0.0
AVIGNON TGV,LYON ST EXUPERY TGV.,28,0.0
AVIGNON TGV,LYON ST EXUPERY TGV.,29,0.0
AVIGNON TGV,MARNE LA VALLEE CHESSY,0,0.5419836956521739
AVIGNON TGV,MARNE LA VALLEE CHESSY,1,0.5335597826086956
AVIGNON TGV,MARNE LA VALLEE CHESSY,2,0.5324728260869565
AVIGNON TGV,MARNE LA VALLEE CHESSY,3,0.5248641304347826
AVIGNON TGV,MARNE LA VALLEE CHESSY,4,0.3491847826086957
AVIGNON TGV,MARNE LA VALLEE CHESSY,5,0.3561141304347826
AVIGNON TGV,MARNE LA VALLEE CHESSY,6,0.36086956521739133
AVIGNON TGV,MARNE LA VALLEE CHESSY,7,0.37839673913043476
AVIGNON TGV,MARNE LA VALLEE CHESSY,8,0.3630434782608695
AVIGNON TGV,MARNE LA VALLEE CHESSY,9,0.35557065217391304
AVIGNON TGV,MARNE LA VALLEE CHESSY,10,0.37730978260869563
AVIGNON TGV,MARNE LA VALLEE CHESSY,11,0.38029891304347824
AVIGNON TGV,MARNE LA VALLEE CHESSY,12,0.09266304347826088
AVIGNON TGV,MARNE LA VALLEE CHESSY,13,0.0970108695652174
AVIGNON TGV,MARNE LA VALLEE CHESSY,14,0.10027173913043477
AVIGNON TGV,MARNE LA VALLEE CHESSY,15,0.10652173913043479
AVIGNON TGV,MARNE LA VALLEE CHESSY,16,0.10679347826086956
AVIGNON TGV,MARNE LA VALLEE CHESSY,17,0.11453804347826087
AVIGNON TGV,MARNE LA VALLEE CHESSY,18,0.1203804347826087
AVIGNON TGV,MARNE LA VALLEE CHESSY,19,0.12255434782608696
AVIGNON TGV,MARNE LA VALLEE CHESSY,20,0.1361413043478261
AVIGNON TGV,MARNE LA VALLEE CHESSY,21,0.14605978260869565
AVIGNON TGV,MARNE LA VALLEE CHESSY,22,0.14130434782608695
AVIGNON TGV,MARNE LA VALLEE CHESSY,23,0.12866847826086958
AVIGNON TGV,MARNE LA VALLEE CHESSY,24,0.13980978260869567
AVIGNON TGV,MARNE LA VALLEE CHESSY,25,0.14673913043478262
AVIGNON TGV,MARNE LA VALLEE CHESSY,26,0.16086956521739132
AVIGNON TGV,MARNE LA VALLEE CHESSY,27,0.17105978260869567
AVIGNON TGV,MARNE LA VALLEE CHESSY,28,0.17635869565217394
AVIGNON TGV,MARNE LA VALLEE CHESSY,29,0.18165760869565215
AVIGNON TGV,MARNE LA VALLEE CHESSY,30,0.02773224043715847
AVIGNON TGV,TGV HAUTE PICARDIE,0,0.24285714285714285
AVIGNON TGV,TGV HAUTE PICARDIE,1,0.2671428571428571
AVIGNON TGV,TGV HAUTE PICARDIE,2,0.24558823529411763
AVIGNON TGV,TGV HAUTE PICARDIE,3,0.2513888888888889
AVIGNON TGV,TGV HAUTE PICARDIE,4,0.07361111111111111
AVIGNON TGV,TGV HAUTE PICARDIE,5,0.06428571428571428
AVIGNON TGV,TGV HAUTE PICARDIE,6,0.05972222222222222
AVIGNON TGV,TGV HAUTE PICARDIE,7,0.061111111111111116
AVIGNON TGV,TGV HAUTE PICARDIE,8,0.07083333333333333
AVIGNON TGV,TGV HAUTE PICARDIE,9,0.1426470588235294
AVIGNON TGV,TGV HAUTE PICARDIE,10,0.17916666666666667
AVIGNON TGV,TGV HAUTE PICARDIE,11,0.1611111111111111
AVIGNON TGV,TGV HAUTE PICARDIE,12,0.03285714285714286
AVIGNON TGV,TGV HAUTE PICARDIE,13,0.027777777777777776
AVIGNON TGV,TGV HAUTE PICARDIE,14,0.027777777777777776
AVIGNON TGV,TGV HAUTE PICARDIE,15,0.029166666666666667
AVIGNON TGV,TGV HAUTE PICARDIE,16,0.03529411764705882
AVIGNON TGV,TGV HAUTE PICARDIE,17,0.05142857142857143
AVIGNON TGV,TGV HAUTE PICARDIE,18,0.05714285714285714
AVIGNON TGV,TGV HAUTE PICARDIE,19,0.05714285714285714
AVIGNON TGV,TGV HAUTE PICARDIE,20,0.058571428571428566
AVIGNON TGV,TGV HAUTE PICARDIE,21,0.05714285714285714
AVIGNON TGV,TGV HAUTE PICARDIE,22,0.054285714285714284
AVIGNON TGV,TGV HAUTE PICARDIE,23,0.01911764705882353
AVIGNON TGV,TGV HAUTE PICARDIE,24,0.018571428571428572
AVIGNON TGV,TGV HAUTE PICARDIE,25,0.027142857142857142
AVIGNON TGV,TGV HAUTE PICARDIE,26,0.027142857142857142
AVIGNON TGV,TGV HAUTE PICARDIE,27,0.027142857142857142
AVIGNON TGV,TGV HAUTE PICARDIE,28,0.011428571428571429
AVIGNON TGV,TGV HAUTE PICARDIE,29,0.005714285714285714
AVIGNON TGV,TGV HAUTE PICARDIE,30,0.002857142857142857
AVIGNON TGV,VALENCE TGV AUVERGNE RHONE ALPES,0,0.2
AVIGNON TGV,VALENCE TGV AUVERGNE RHONE ALPES,1,0.05
AVIGNON TGV,VALENCE TGV AUVERGNE RHONE ALPES,2,0.05
AVIGNON TGV,VALENCE TGV AUVERGNE RHONE ALPES,3,0.0
AVIGNON TGV,VALENCE TGV AUVERGNE RHONE ALPES,4,0.0
AVIGNON TGV,VALENCE TGV AUVERGNE RHONE ALPES,5,0.0
AVIGNON TGV,VALENCE TGV AUVERGNE RHONE ALPES,6,0.0
AVIGNON TGV,VALENCE TGV AUVERGNE RHONE ALPES,7,0.0
AVIGNON TGV,VALENCE TGV AUVERGNE RHONE ALPES,8,0.0
AVIGNON TGV,VALENCE TGV AUVERGNE RHONE ALPES,9,0.0
AVIGNON TGV,VALENCE TGV AUVERGNE RHONE ALPES,10,0.0
AVIGNON TGV,VALENCE TGV AUVERGNE RHONE ALPES,11,0.0
AVIGNON TGV,VALENCE TGV AUVERGNE RHONE ALPES,12,0.0
AVIGNON TGV,VALENCE TGV AUVERGNE RHONE ALPES,13,0.0
AVIGNON TGV,VALENCE TGV AUVERGNE RHONE ALPES,14,0.0
AVIGNON TGV,VALENCE TGV AUVERGNE RHONE ALPES,15,0.0
AVIGNON TGV,VALENCE TGV AUVERGNE RHONE ALPES,16,0.0
AVIGNON TGV,VALENCE TGV AUVERGNE RHONE ALPES,17,0.0
AVIGNON TGV,VALENCE TGV AUVERGNE RHONE ALPES,18,0.0
AVIGNON TGV,VALENCE TGV AUVERGNE RHONE ALPES,19,0.0
AVIGNON TGV,VALENCE TGV AUVERGNE RHONE ALPES,20,0.0
AVIGNON TGV,VALENCE TGV AUVERGNE RHONE ALPES,21,0.0
AVIGNON TGV,VALENCE TGV AUVERGNE RHONE ALPES,22,0.0
AVIGNON TGV,VALENCE TGV AUVERGNE RHONE ALPES,23,0.0
AVIGNON TGV,VALENCE TGV AUVERGNE RHONE ALPES,24,0.0
AVIGNON TGV,VALENCE TGV AUVERGNE RHONE ALPES,25,0.0
AVIGNON TGV,VALENCE TGV AUVERGNE RHONE ALPES,26,0.0
AVIGNON TGV,VALENCE TGV AUVERGNE RHONE ALPES,27,0.0
AVIGNON TGV,VALENCE TGV AUVERGNE RHONE ALPES,28,0.0
AVIGNON TGV,VALENCE TGV AUVERGNE RHONE ALPES,29,0.0
AVIGNON TGV,VALENCE TGV AUVERGNE RHONE ALPES,30,0.0
BEZIERS,AEROPORT ROISSY CDG 2 TGV,0,0.21818181818181817
BEZIERS,AEROPORT ROISSY CDG 2 TGV,1,0.17090909090909093
BEZIERS,AEROPORT ROISSY CDG 2 TGV,2,0.16203703703703703
BEZIERS,AEROPORT ROISSY CDG 2 TGV,3,0.13148148148148148
BEZIERS,AEROPORT ROISSY CDG 2 TGV,4,0.038181818181818185
BEZIERS,AEROPORT ROISSY CDG 2 TGV,5,0.014814814814814815
BEZIERS,AEROPORT ROISSY CDG 2 TGV,6,0.004545454545454545
BEZIERS,AEROPORT ROISSY CDG 2 TGV,7,0.004545454545454545
BEZIERS,AEROPORT ROISSY CDG 2 TGV,8,0.0027272727272727275
BEZIERS,AEROPORT ROISSY CDG 2 TGV,9,0.0037735849056603774
BEZIERS,AEROPORT ROISSY CDG 2 TGV,10,0.003703703703703704
BEZIERS,AEROPORT ROISSY CDG 2 TGV,11,0.005454545454545455
BEZIERS,AEROPORT ROISSY CDG 2 TGV,12,0.006481481481481482
BEZIERS,AEROPORT ROISSY CDG 2 TGV,13,0.0
BEZIERS,AEROPORT ROISSY CDG 2 TGV,14,0.0009090909090909091
BEZIERS,AEROPORT ROISSY CDG 2 TGV,15,0.0027272727272727275
BEZIERS,AEROPORT ROISSY CDG 2 TGV,16,0.000925925925925926
BEZIERS,AEROPORT ROISSY CDG 2 TGV,17,0.0009090909090909091
BEZIERS,AEROPORT ROISSY CDG 2 TGV,18,0.0009090909090909091
BEZIERS,AEROPORT ROISSY CDG 2 TGV,19,0.0
BEZIERS,AEROPORT ROISSY CDG 2 TGV,20,0.0
BEZIERS,AEROPORT ROISSY CDG 2 TGV,21,0.0009090909090909091
BEZIERS,AEROPORT ROISSY CDG 2 TGV,22,0.0009090909090909091
BEZIERS,AEROPORT ROISSY CDG 2 TGV,23,0.0
BEZIERS,AEROPORT ROISSY CDG 2 TGV,24,0.0018181818181818182
BEZIERS,AEROPORT ROISSY CDG 2 TGV,25,0.004545454545454545
BEZIERS,AEROPORT ROISSY CDG 2 TGV,26,0.014545454545454545
BEZIERS,AEROPORT ROISSY CDG 2 TGV,27,0.004545454545454545
BEZIERS,AEROPORT ROISSY CDG 2 TGV,28,0.0018181818181818182
BEZIERS,AEROPORT ROISSY CDG 2 TGV,29,0.0027272727272727275
BEZIERS,AEROPORT ROISSY CDG 2 TGV,30,0.0
BEZIERS,AGDE,0,0.6745454545454546
BEZIERS,AGDE,1,0.6081818181818183
BEZIERS,AGDE,2,0.6092592592592593
BEZIERS,AGDE,3,0.5157407407407407
BEZIERS,AGDE,4,0.24
BEZIERS,AGDE,5,0.20925925925925928
BEZIERS,AGDE,6,0.2127272727272727
BEZIERS,AGDE,7,0.20909090909090908
BEZIERS,AGDE,8,0.17363636363636364
BEZIERS,AGDE,9,0.16981132075471697
BEZIERS,AGDE,10,0.20185185185185187
BEZIERS,AGDE,11,0.21181818181818182
BEZIERS,AGDE,12,0.18425925925925923
BEZIERS,AGDE,13,0.19818181818181818
BEZIERS,AGDE,14,0.2
BEZIERS,AGDE,15,0.19909090909090907
BEZIERS,AGDE,16,0.20092592592592592
BEZIERS,AGDE,17,0.18363636363636363
BEZIERS,AGDE,18,0.18
BEZIERS,AGDE,19,0.16636363636363638
BEZIERS,AGDE,20,0.16363636363636364
BEZIERS,AGDE,21,0.16454545454545455
BEZIERS,AGDE,22,0.16545454545454544
BEZIERS,AGDE,23,0.1675925925925926
BEZIERS,AGDE,24,0.14727272727272728
BEZIERS,AGDE,25,0.14
BEZIERS,AGDE,26,0.1318181818181818
BEZIERS,AGDE,27,0.1390909090909091
BEZIERS,AGDE,28,0.12545454545454546
BEZIERS,AGDE,29,0.12
BEZIERS,AGDE,30,0.025925925925925925
BEZIERS,ARRAS,0,0.13545454545454547
BEZIERS,ARRAS,1,0.09545454545454546
BEZIERS,ARRAS,2,0.11018518518518519
BEZIERS,ARRAS,3,0.07777777777777778
BEZIERS,ARRAS,4,0.030000000000000002
BEZIERS,ARRAS,5,0.006481481481481481
BEZIERS,ARRAS,6,0.0009090909090909091
BEZIERS,ARRAS,7,0.0027272727272727275
BEZIERS,ARRAS,8,0.0
BEZIERS,ARRAS,9,0.0009433962264150943
BEZIERS,ARRAS,10,0.003703703703703704
BEZIERS,ARRAS,11,0.0036363636363636364
BEZIERS,ARRAS,12,0.003703703703703704
BEZIERS,ARRAS,13,0.0009090909090909091
BEZIERS,ARRAS,14,0.0
BEZIERS,ARRAS,15,0.0009090909090909091
BEZIERS,ARRAS,16,0.001851851851851852
BEZIERS,ARRAS,17,0.0018181818181818182
BEZIERS,ARRAS,18,0.0009090909090909091
BEZIERS,ARRAS,19,0.0
BEZIERS,ARRAS,20,0.0009090909090909091
BEZIERS,ARRAS,21,0.0009090909090909091
BEZIERS,ARRAS,22,0.0009090909090909091
BEZIERS,ARRAS,23,0.000925925925925926
BEZIERS,ARRAS,24,0.0018181818181818182
BEZIERS,ARRAS,25,0.006363636363636363
BEZIERS,ARRAS,26,0.016363636363636365
BEZIERS,ARRAS,27,0.016363636363636365
BEZIERS,ARRAS,28,0.0018181818181818182
BEZIERS,ARRAS,29,0.0
BEZIERS,ARRAS,30,0.0
BEZIERS,BRUXELLES MIDI,0,0.14519230769230768
BEZIERS,BRUXELLES MIDI,1,0.09423076923076924
BEZIERS,BRUXELLES MIDI,2,0.11862745098039215
BEZIERS,BRUXELLES MIDI,3,0.09411764705882353
BEZIERS,BRUXELLES MIDI,4,0.03942307692307692
BEZIERS,BRUXELLES MIDI,5,0.011764705882352941
BEZIERS,BRUXELLES MIDI,6,0.0038461538461538464
BEZIERS,BRUXELLES MIDI,7,0.0009615384615384616
BEZIERS,BRUXELLES MIDI,8,0.0019230769230769232
BEZIERS,BRUXELLES MIDI,9,0.001
BEZIERS,BRUXELLES MIDI,10,0.0029411764705882357
BEZIERS,BRUXELLES MIDI,11,0.0038461538461538464
BEZIERS,BRUXELLES MIDI,12,0.0029411764705882357
BEZIERS,BRUXELLES MIDI,13,0.0
BEZIERS,BRUXELLES MIDI,14,0.0
BEZIERS,BRUXELLES MIDI,15,0.0
BEZIERS,BRUXELLES MIDI,16,0.0
BEZIERS,BRUXELLES MIDI,17,0.0009615384615384616
BEZIERS,BRUXELLES MIDI,18,0.0009615384615384616
BEZIERS,BRUXELLES MIDI,19,0.0009615384615384616
BEZIERS,BRUXELLES MIDI,20,0.0009615384615384616
BEZIERS,BRUXELLES MIDI,21,0.0009615384615384616
BEZIERS,BRUXELLES MIDI,22,0.0
BEZIERS,BRUXELLES MIDI,23,0.0
BEZIERS,BRUXELLES MIDI,24,0.0
BEZIERS,BRUXELLES MIDI,25,0.0
BEZIERS,BRUXELLES MIDI,26,0.0
BEZIERS,BRUXELLES MIDI,27,0.0019230769230769232
BEZIERS,BRUXELLES MIDI,28,0.0019230769230769232
BEZIERS,BRUXELLES MIDI,29,0.0009615384615384616
BEZIERS,BRUXELLES MIDI,30,0.0
BEZIERS,LILLE (intramuros),0,0.1590909090909091
BEZIERS,LILLE (intramuros),1,0.1
BEZIERS,LILLE (intramuros),2,0.12037037037037036
BEZIERS,LILLE (intramuros),3,0.09999999999999999
BEZIERS,LILLE (intramuros),4,0.04090909090909091
BEZIERS,LILLE (intramuros),5,0.013888888888888888
BEZIERS,LILLE (intramuros),6,0.004545454545454545
BEZIERS,LILLE (intramuros),7,0.0018181818181818182
BEZIERS,LILLE (intramuros),8,0.0018181818181818182
BEZIERS,LILLE (intramuros),9,0.0018867924528301887
BEZIERS,LILLE (intramuros),10,0.005555555555555556
BEZIERS,LILLE (intramuros),11,0.004545454545454545
BEZIERS,LILLE (intramuros),12,0.007407407407407408
BEZIERS,LILLE (intramuros),13,0.0009090909090909091
BEZIERS,LILLE (intramuros),14,0.0009090909090909091
BEZIERS,LILLE (intramuros),15,0.0018181818181818182
BEZIERS,LILLE (intramuros),16,0.000925925925925926
BEZIERS,LILLE (intramuros),17,0.0
BEZIERS,LILLE (intramuros),18,0.0018181818181818182
BEZIERS,LILLE (intramuros),19,0.0027272727272727275
BEZIERS,LILLE (intramuros),20,0.0
BEZIERS,LILLE (intramuros),21,0.0
BEZIERS,LILLE (intramuros),22,0.0009090909090909091
BEZIERS,LILLE (intramuros),23,0.0027777777777777783
BEZIERS,LILLE (intramuros),24,0.0009090909090909091
BEZIERS,LILLE (intramuros),25,0.006363636363636363
BEZIERS,LILLE (intramuros),26,0.013636363636363636
BEZIERS,LILLE (intramuros),27,0.016363636363636365
BEZIERS,LILLE (intramuros),28,0.005454545454545455
BEZIERS,LILLE (intramuros),29,0.0018181818181818182
BEZIERS,LILLE (intramuros),30,0.000925925925925926
BEZIERS,LYON (intramuros),0,0.40181818181818185
BEZIERS,LYON (intramuros),1,0.36272727272727273
BEZIERS,LYON (intramuros),2,0.36574074074074076
BEZIERS,LYON (intramuros),3,0.36759259259259264
BEZIERS,LYON (intramuros),4,0.1763636363636364
BEZIERS,LYON (intramuros),5,0.17222222222222225
BEZIERS,LYON (intramuros),6,0.17090909090909093
BEZIERS,LYON (intramuros),7,0.16272727272727272
BEZIERS,LYON (intramuros),8,0.1572727272727273
BEZIERS,LYON (intramuros),9,0.16886792452830188
BEZIERS,LYON (intramuros),10,0.14537037037037037
BEZIERS,LYON (intramuros),11,0.14363636363636362
BEZIERS,LYON (intramuros),12,0.06759259259259259
BEZIERS,LYON (intramuros),13,0.07090909090909091
BEZIERS,LYON (intramuros),14,0.09363636363636364
BEZIERS,LYON (intramuros),15,0.09909090909090909
BEZIERS,LYON (intramuros),16,0.0712962962962963
BEZIERS,LYON (intramuros),17,0.09090909090909091
BEZIERS,LYON (intramuros),18,0.09454545454545454
BEZIERS,LYON (intramuros),19,0.09181818181818181
BEZIERS,LYON (intramuros),20,0.09090909090909091
BEZIERS,LYON (intramuros),21,0.08818181818181818
BEZIERS,LYON (intramuros),22,0.07636363636363637
BEZIERS,LYON (intramuros),23,0.07685185185185185
BEZIERS,LYON (intramuros),24,0.07454545454545454
BEZIERS,LYON (intramuros),25,0.07727272727272727
BEZIERS,LYON (intramuros),26,0.08727272727272727
BEZIERS,LYON (intramuros),27,0.07818181818181817
BEZIERS,LYON (intramuros),28,0.05818181818181818
BEZIERS,LYON (intramuros),29,0.05454545454545454
BEZIERS,LYON (intramuros),30,0.011111111111111112
BEZIERS,MARNE LA VALLEE CHESSY,0,0.21363636363636362
BEZIERS,MARNE LA VALLEE CHESSY,1,0.1609090909090909
BEZIERS,MARNE LA VALLEE CHESSY,2,0.1638888888888889
BEZIERS,MARNE LA VALLEE CHESSY,3,0.1259259259259259
BEZIERS,MARNE LA VALLEE CHESSY,4,0.03727272727272728
BEZIERS,MARNE LA VALLEE CHESSY,5,0.011111111111111112
BEZIERS,MARNE LA VALLEE CHESSY,6,0.006363636363636364
BEZIERS,MARNE LA VALLEE CHESSY,7,0.0036363636363636364
BEZIERS,MARNE LA VALLEE CHESSY,8,0.0036363636363636364
BEZIERS,MARNE LA VALLEE CHESSY,9,0.0018867924528301887
BEZIERS,MARNE LA VALLEE CHESSY,10,0.000925925925925926
BEZIERS,MARNE LA VALLEE CHESSY,11,0.006363636363636364
BEZIERS,MARNE LA VALLEE CHESSY,12,0.001851851851851852
BEZIERS,MARNE LA VALLEE CHESSY,13,0.0018181818181818182
BEZIERS,MARNE LA VALLEE CHESSY,14,0.0018181818181818182
BEZIERS,MARNE LA VALLEE CHESSY,15,0.0009090909090909091
BEZIERS,MARNE LA VALLEE CHESSY,16,0.000925925925925926
BEZIERS,MARNE LA VALLEE CHESSY,17,0.0009090909090909091
BEZIERS,MARNE LA VALLEE CHESSY,18,0.0009090909090909091
BEZIERS,MARNE LA VALLEE CHESSY,19,0.0
BEZIERS,MARNE LA VALLEE CHESSY,20,0.0009090909090909091
BEZIERS,MARNE LA VALLEE CHESSY,21,0.0018181818181818182
BEZIERS,MARNE LA VALLEE CHESSY,22,0.0009090909090909091
BEZIERS,MARNE LA VALLEE CHESSY,23,0.0
BEZIERS,MARNE LA VALLEE CHESSY,24,0.0
BEZIERS,MARNE LA VALLEE CHESSY,25,0.0027272727272727275
BEZIERS,MARNE LA VALLEE CHESSY,26,0.01
BEZIERS,MARNE LA VALLEE CHESSY,27,0.006363636363636364
BEZIERS,MARNE LA VALLEE CHESSY,28,0.0018181818181818182
BEZIERS,MARNE LA VALLEE CHESSY,29,0.0027272727272727275
BEZIERS,MARNE LA VALLEE CHESSY,30,0.0
BEZIERS,MONTPELLIER SAINT ROCH,0,0.6648148148148147
BEZIERS,MONTPELLIER SAINT ROCH,1,0.6046296296296296
BEZIERS,MONTPELLIER SAINT ROCH,2,0.6226415094339622
BEZIERS,MONTPELLIER SAINT ROCH,3,0.5462264150943396
BEZIERS,MONTPELLIER SAINT ROCH,4,0.23333333333333334
BEZIERS,MONTPELLIER SAINT ROCH,5,0.20943396226415092
BEZIERS,MONTPELLIER SAINT ROCH,6,0.21481481481481482
BEZIERS,MONTPELLIER SAINT ROCH,7,0.2175925925925926
BEZIERS,MONTPELLIER SAINT ROCH,8,0.17407407407407408
BEZIERS,MONTPELLIER SAINT ROCH,9,0.16634615384615387
BEZIERS,MONTPELLIER SAINT ROCH,10,0.19433962264150945
BEZIERS,MONTPELLIER SAINT ROCH,11,0.2074074074074074
BEZIERS,MONTPELLIER SAINT ROCH,12,0.1849056603773585
BEZIERS,MONTPELLIER SAINT ROCH,13,0.20185185185185187
BEZIERS,MONTPELLIER SAINT ROCH,14,0.20185185185185187
BEZIERS,MONTPELLIER SAINT ROCH,15,0.20092592592592592
BEZIERS,MONTPELLIER SAINT ROCH,16,0.2028301886792453
BEZIERS,MONTPELLIER SAINT ROCH,17,0.18981481481481483
BEZIERS,MONTPELLIER SAINT ROCH,18,0.1814814814814815
BEZIERS,MONTPELLIER SAINT ROCH,19,0.16666666666666666
BEZIERS,MONTPELLIER SAINT ROCH,20,0.16666666666666666
BEZIERS,MONTPELLIER SAINT ROCH,21,0.16666666666666666
BEZIERS,MONTPELLIER SAINT ROCH,22,0.16666666666666666
BEZIERS,MONTPELLIER SAINT ROCH,23,0.16886792452830188
BEZIERS,MONTPELLIER SAINT ROCH,24,0.15092592592592594
BEZIERS,MONTPELLIER SAINT ROCH,25,0.14537037037037037
BEZIERS,MONTPELLIER SAINT ROCH,26,0.13796296296296295
BEZIERS,MONTPELLIER SAINT ROCH,27,0.14444444444444443
BEZIERS,MONTPELLIER SAINT ROCH,28,0.1277777777777778
BEZIERS,MONTPELLIER SAINT ROCH,29,0.12222222222222222
BEZIERS,MONTPELLIER SAINT ROCH,30,0.017924528301886792
BEZIERS,MONTPELLIER SUD DE FRANCE,0,0.0
BEZIERS,MONTPELLIER SUD DE FRANCE,1,0.0
BEZIERS,MONTPELLIER SUD DE FRANCE,2,0.0
BEZIERS,MONTPELLIER SUD DE FRANCE,3,0.0
BEZIERS,MONTPELLIER SUD DE FRANCE,4,0.0
BEZIERS,MONTPELLIER SUD DE FRANCE,5,0.0
BEZIERS,MONTPELLIER SUD DE FRANCE,6,0.0
BEZIERS,MONTPELLIER SUD DE FRANCE,7,0.0
BEZIERS,MONTPELLIER SUD DE FRANCE,8,0.0
BEZIERS,MONTPELLIER SUD DE FRANCE,9,0.05
BEZIERS,MONTPELLIER SUD DE FRANCE,10,0.75
BEZIERS,MONTPELLIER SUD DE FRANCE,11,0.8
BEZIERS,MONTPELLIER SUD DE FRANCE,12,0.05
BEZIERS,MONTPELLIER SUD DE FRANCE,13,0.0
BEZIERS,MONTPELLIER SUD DE FRANCE,14,0.0
BEZIERS,MONTPELLIER SUD DE FRANCE,15,0.0
BEZIERS,MONTPELLIER SUD DE FRANCE,16,0.0
BEZIERS,MONTPELLIER SUD DE FRANCE,17,0.0
BEZIERS,MONTPELLIER SUD DE FRANCE,18,0.0
BEZIERS,MONTPELLIER SUD DE FRANCE,19,0.0
BEZIERS,MONTPELLIER SUD DE FRANCE,20,0.0
BEZIERS,MONTPELLIER SUD DE FRANCE,21,0.0
BEZIERS,MONTPELLIER SUD DE FRANCE,22,0.0
BEZIERS,MONTPELLIER SUD DE FRANCE,23,0.0
BEZIERS,MONTPELLIER SUD DE FRANCE,24,0.0
BEZIERS,MONTPELLIER SUD DE FRANCE,25,0.0
BEZIERS,MONTPELLIER SUD DE FRANCE,26,0.0
BEZIERS,MONTPELLIER SUD DE FRANCE,27,0.0
BEZIERS,MONTPELLIER SUD DE FRANCE,28,0.0
BEZIERS,MONTPELLIER SUD DE FRANCE,29,0.0
BEZIERS,MONTPELLIER SUD DE FRANCE,30,0.0
BEZIERS,NIMES CENTRE,0,0.6629629629629629
BEZIERS,NIMES CENTRE,1,0.6185185185185185
BEZIERS,NIMES CENTRE,2,0.6160377358490565
BEZIERS,NIMES CENTRE,3,0.5556603773584905
BEZIERS,NIMES CENTRE,4,0.24814814814814815
BEZIERS,NIMES CENTRE,5,0.2169811320754717
BEZIERS,NIMES CENTRE,6,0.2138888888888889
BEZIERS,NIMES CENTRE,7,0.21203703703703702
BEZIERS,NIMES CENTRE,8,0.1787037037037037
BEZIERS,NIMES CENTRE,9,0.17115384615384616
BEZIERS,NIMES CENTRE,10,0.19811320754716982
BEZIERS,NIMES CENTRE,11,0.21574074074074076
BEZIERS,NIMES CENTRE,12,0.19150943396226416
BEZIERS,NIMES CENTRE,13,0.20277777777777775
BEZIERS,NIMES CENTRE,14,0.2037037037037037
BEZIERS,NIMES CENTRE,15,0.20092592592592592
BEZIERS,NIMES CENTRE,16,0.2009433962264151
BEZIERS,NIMES CENTRE,17,0.1925925925925926
BEZIERS,NIMES CENTRE,18,0.18055555555555555
BEZIERS,NIMES CENTRE,19,0.1685185185185185
BEZIERS,NIMES CENTRE,20,0.16666666666666666
BEZIERS,NIMES CENTRE,21,0.1675925925925926
BEZIERS,NIMES CENTRE,22,0.16481481481481483
BEZIERS,NIMES CENTRE,23,0.16981132075471697
BEZIERS,NIMES CENTRE,24,0.15
BEZIERS,NIMES CENTRE,25,0.14537037037037037
BEZIERS,NIMES CENTRE,26,0.13240740740740742
BEZIERS,NIMES CENTRE,27,0.14166666666666666
BEZIERS,NIMES CENTRE,28,0.12962962962962962
BEZIERS,NIMES CENTRE,29,0.12407407407407407
BEZIERS,NIMES CENTRE,30,0.03018867924528302
BEZIERS,NIMES PONT DU GARD,0,0.0
BEZIERS,NIMES PONT DU GARD,1,0.0
BEZIERS,NIMES PONT DU GARD,2,0.0
BEZIERS,NIMES PONT DU GARD,3,0.0
BEZIERS,NIMES PONT DU GARD,4,0.0
BEZIERS,NIMES PONT DU GARD,5,0.0
BEZIERS,NIMES PONT DU GARD,6,0.0
BEZIERS,NIMES PONT DU GARD,7,0.0
BEZIERS,NIMES PONT DU GARD,8,0.0
BEZIERS,NIMES PONT DU GARD,9,0.05
BEZIERS,NIMES PONT DU GARD,10,0.75
BEZIERS,NIMES PONT DU GARD,11,0.8
BEZIERS,NIMES PONT DU GARD,12,0.0
BEZIERS,NIMES PONT DU GARD,13,0.0
BEZIERS,NIMES PONT DU GARD,14,0.0
BEZIERS,NIMES PONT DU GARD,15,0.0
BEZIERS,NIMES PONT DU GARD,16,0.0
BEZIERS,NIMES PONT DU GARD,17,0.0
BEZIERS,NIMES PONT DU GARD,18,0.0
BEZIERS,NIMES PONT DU GARD,19,0.0
BEZIERS,NIMES PONT DU GARD,20,0.0
BEZIERS,NIMES PONT DU GARD,21,0.0
BEZIERS,NIMES PONT DU GARD,22,0.0
BEZIERS,NIMES PONT DU GARD,23,0.0
BEZIERS,NIMES PONT DU GARD,24,0.0
BEZIERS,NIMES PONT DU GARD,25,0.0
BEZIERS,NIMES PONT DU GARD,26,0.0
BEZIERS,NIMES PONT DU GARD,27,0.0
BEZIERS,NIMES PONT DU GARD,28,0.0
BEZIERS,NIMES PONT DU GARD,29,0.0
BEZIERS,NIMES PONT DU GARD,30,0.0
BEZIERS,SETE,0,0.6545454545454545
BEZIERS,SETE,1,0.6054545454545454
BEZIERS,SETE,2,0.6083333333333334
BEZIERS,SETE,3,0.5342592592592593
BEZIERS,SETE,4,0.23727272727272727
BEZIERS,SETE,5,0.2037037037037037
BEZIERS,SETE,6,0.21000000000000002
BEZIERS,SETE,7,0.20727272727272728
BEZIERS,SETE,8,0.17181818181818181
BEZIERS,SETE,9,0.1679245283018868
BEZIERS,SETE,10,0.20092592592592592
BEZIERS,SETE,11,0.21727272727272726
BEZIERS,SETE,12,0.1824074074074074
BEZIERS,SETE,13,0.19727272727272727
BEZIERS,SETE,14,0.2018181818181818
BEZIERS,SETE,15,0.20090909090909093
BEZIERS,SETE,16,0.19907407407407407
BEZIERS,SETE,17,0.18272727272727274
BEZIERS,SETE,18,0.1781818181818182
BEZIERS,SETE,19,0.16545454545454544
BEZIERS,SETE,20,0.1609090909090909
BEZIERS,SETE,21,0.16363636363636364
BEZIERS,SETE,22,0.16181818181818183
BEZIERS,SETE,23,0.1638888888888889
BEZIERS,SETE,24,0.14909090909090908
BEZIERS,SETE,25,0.1409090909090909
BEZIERS,SETE,26,0.13363636363636364
BEZIERS,SETE,27,0.14363636363636365
BEZIERS,SETE,28,0.1290909090909091
BEZIERS,SETE,29,0.12181818181818181
BEZIERS,SETE,30,0.026851851851851852
BEZIERS,TGV HAUTE PICARDIE,0,0.12363636363636363
BEZIERS,TGV HAUTE PICARDIE,1,0.09363636363636364
BEZIERS,TGV HAUTE PICARDIE,2,0.1111111111111111
BEZIERS,TGV HAUTE PICARDIE,3,0.08333333333333333
BEZIERS,TGV HAUTE PICARDIE,4,0.04181818181818182
BEZIERS,TGV HAUTE PICARDIE,5,0.011111111111111112
BEZIERS,TGV HAUTE PICARDIE,6,0.0018181818181818182
BEZIERS,TGV HAUTE PICARDIE,7,0.0
BEZIERS,TGV HAUTE PICARDIE,8,0.0
BEZIERS,TGV HAUTE PICARDIE,9,0.0009433962264150943
BEZIERS,TGV HAUTE PICARDIE,10,0.000925925925925926
BEZIERS,TGV HAUTE PICARDIE,11,0.0027272727272727275
BEZIERS,TGV HAUTE PICARDIE,12,0.000925925925925926
BEZIERS,TGV HAUTE PICARDIE,13,0.0
BEZIERS,TGV HAUTE PICARDIE,14,0.0009090909090909091
BEZIERS,TGV HAUTE PICARDIE,15,0.0
BEZIERS,TGV HAUTE PICARDIE,16,0.0
BEZIERS,TGV HAUTE PICARDIE,17,0.0
BEZIERS,TGV HAUTE PICARDIE,18,0.0
BEZIERS,TGV HAUTE PICARDIE,19,0.0
BEZIERS,TGV HAUTE PICARDIE,20,0.0
BEZIERS,TGV HAUTE PICARDIE,21,0.0
BEZIERS,TGV HAUTE PICARDIE,22,0.0
BEZIERS,TGV HAUTE PICARDIE,23,0.0
BEZIERS,TGV HAUTE PICARDIE,24,0.0
BEZIERS,TGV HAUTE PICARDIE,25,0.0009090909090909091
BEZIERS,TGV HAUTE PICARDIE,26,0.014545454545454544
BEZIERS,TGV HAUTE PICARDIE,27,0.012727272727272726
BEZIERS,TGV HAUTE PICARDIE,28,0.0018181818181818182
BEZIERS,TGV HAUTE PICARDIE,29,0.0027272727272727275
BEZIERS,TGV HAUTE PICARDIE,30,0.0
BEZIERS,VALENCE TGV AUVERGNE RHONE ALPES,0,0.3781818181818182
BEZIERS,VALENCE TGV AUVERGNE RHONE ALPES,1,0.3463636363636364
BEZIERS,VALENCE TGV AUVERGNE RHONE ALPES,2,0.3638888888888889
BEZIERS,VALENCE TGV AUVERGNE RHONE ALPES,3,0.3444444444444445
BEZIERS,VALENCE TGV AUVERGNE RHONE ALPES,4,0.16636363636363638
BEZIERS,VALENCE TGV AUVERGNE RHONE ALPES,5,0.1574074074074074
BEZIERS,VALENCE TGV AUVERGNE RHONE ALPES,6,0.15818181818181817
BEZIERS,VALENCE TGV AUVERGNE RHONE ALPES,7,0.15999999999999998
BEZIERS,VALENCE TGV AUVERGNE RHONE ALPES,8,0.15
BEZIERS,VALENCE TGV AUVERGNE RHONE ALPES,9,0.1650943396226415
BEZIERS,VALENCE TGV AUVERGNE RHONE ALPES,10,0.1398148148148148
BEZIERS,VALENCE TGV AUVERGNE RHONE ALPES,11,0.12727272727272726
BEZIERS,VALENCE TGV AUVERGNE RHONE ALPES,12,0.06851851851851852
BEZIERS,VALENCE TGV AUVERGNE RHONE ALPES,13,0.07363636363636364
BEZIERS,VALENCE TGV AUVERGNE RHONE ALPES,14,0.08727272727272727
BEZIERS,VALENCE TGV AUVERGNE RHONE ALPES,15,0.09818181818181819
BEZIERS,VALENCE TGV AUVERGNE RHONE ALPES,16,0.07037037037037036
BEZIERS,VALENCE TGV AUVERGNE RHONE ALPES,17,0.08272727272727272
BEZIERS,VALENCE TGV AUVERGNE RHONE ALPES,18,0.09090909090909091
BEZIERS,VALENCE TGV AUVERGNE RHONE ALPES,19,0.0890909090909091
BEZIERS,VALENCE TGV AUVERGNE RHONE ALPES,20,0.08818181818181818
BEZIERS,VALENCE TGV AUVERGNE RHONE ALPES,21,0.08818181818181818
BEZIERS,VALENCE TGV AUVERGNE RHONE ALPES,22,0.07727272727272727
BEZIERS,VALENCE TGV AUVERGNE RHONE ALPES,23,0.07592592592592592
BEZIERS,VALENCE TGV AUVERGNE RHONE ALPES,24,0.07363636363636364
BEZIERS,VALENCE TGV AUVERGNE RHONE ALPES,25,0.07454545454545454
BEZIERS,VALENCE TGV AUVERGNE RHONE ALPES,26,0.08636363636363636
BEZIERS,VALENCE TGV AUVERGNE RHONE ALPES,27,0.07454545454545454
BEZIERS,VALENCE TGV AUVERGNE RHONE ALPES,28,0.058181818181818175
BEZIERS,VALENCE TGV AUVERGNE RHONE ALPES,29,0.05909090909090909
BEZIERS,VALENCE TGV AUVERGNE RHONE ALPES,30,0.01944444444444444
BOURG SAINT MAURICE,AEROPORT ROISSY CDG 2 TGV,0,0.5136363636363637
BOURG SAINT MAURICE,AEROPORT ROISSY CDG 2 TGV,1,0.38181818181818183
BOURG SAINT MAURICE,AEROPORT ROISSY CDG 2 TGV,2,0.3590909090909091
BOURG SAINT MAURICE,AEROPORT ROISSY CDG 2 TGV,3,0.22727272727272727
BOURG SAINT MAURICE,AEROPORT ROISSY CDG 2 TGV,4,0.018181818181818184
BOURG SAINT MAURICE,AEROPORT ROISSY CDG 2 TGV,5,0.009090909090909092
BOURG SAINT MAURICE,AEROPORT ROISSY CDG 2 TGV,6,0.0
BOURG SAINT MAURICE,AEROPORT ROISSY CDG 2 TGV,7,0.01363636363636364
BOURG SAINT MAURICE,AEROPORT ROISSY CDG 2 TGV,8,0.0
BOURG SAINT MAURICE,AEROPORT ROISSY CDG 2 TGV,9,0.009090909090909092
BOURG SAINT MAURICE,AEROPORT ROISSY CDG 2 TGV,10,0.0
BOURG SAINT MAURICE,AEROPORT ROISSY CDG 2 TGV,11,0.0
BOURG SAINT MAURICE,AEROPORT ROISSY CDG 2 TGV,12,0.004545454545454546
BOURG SAINT MAURICE,AEROPORT ROISSY CDG 2 TGV,13,0.004545454545454546
BOURG SAINT MAURICE,AEROPORT ROISSY CDG 2 TGV,14,0.0
BOURG SAINT MAURICE,AEROPORT ROISSY CDG 2 TGV,15,0.0
BOURG SAINT MAURICE,AEROPORT ROISSY CDG 2 TGV,16,0.0
BOURG SAINT MAURICE,AEROPORT ROISSY CDG 2 TGV,17,0.0
BOURG SAINT MAURICE,AEROPORT ROISSY CDG 2 TGV,18,0.0
BOURG SAINT MAURICE,AEROPORT ROISSY CDG 2 TGV,19,0.0
BOURG SAINT MAURICE,AEROPORT ROISSY CDG 2 TGV,20,0.0
BOURG SAINT MAURICE,AEROPORT ROISSY CDG 2 TGV,21,0.0
BOURG SAINT MAURICE,AEROPORT ROISSY CDG 2 TGV,22,0.0
BOURG SAINT MAURICE,AEROPORT ROISSY CDG 2 TGV,23,0.0
BOURG SAINT MAURICE,AEROPORT ROISSY CDG 2 TGV,24,0.0
BOURG SAINT MAURICE,AEROPORT ROISSY CDG 2 TGV,25,0.0
BOURG SAINT MAURICE,AEROPORT ROISSY CDG 2 TGV,26,0.0
BOURG SAINT MAURICE,AEROPORT ROISSY CDG 2 TGV,27,0.0
BOURG SAINT MAURICE,AEROPORT ROISSY CDG 2 TGV,28,0.0
BOURG SAINT MAURICE,AEROPORT ROISSY CDG 2 TGV,29,0.004545454545454546
BOURG SAINT MAURICE,AEROPORT ROISSY CDG 2 TGV,30,0.0
BOURG SAINT MAURICE,AIME LA PLAGNE,0,0.4227272727272728
BOURG SAINT MAURICE,AIME LA PLAGNE,1,0.4318181818181818
BOURG SAINT MAURICE,AIME LA PLAGNE,2,0.36818181818181817
BOURG SAINT MAURICE,AIME LA PLAGNE,3,0.34545454545454546
BOURG SAINT MAURICE,AIME LA PLAGNE,4,0.3
BOURG SAINT MAURICE,AIME LA PLAGNE,5,0.34545454545454546
BOURG SAINT MAURICE,AIME LA PLAGNE,6,0.36818181818181817
BOURG SAINT MAURICE,AIME LA PLAGNE,7,0.2863636363636364
BOURG SAINT MAURICE,AIME LA PLAGNE,8,0.2772727272727273
BOURG SAINT MAURICE,AIME LA PLAGNE,9,0.2772727272727273
BOURG SAINT MAURICE,AIME LA PLAGNE,10,0.2545454545454545
BOURG SAINT MAURICE,AIME LA PLAGNE,11,0.19545454545454544
BOURG SAINT MAURICE,AIME LA PLAGNE,12,0.0
BOURG SAINT MAURICE,AIME LA PLAGNE,13,0.0
BOURG SAINT MAURICE,AIME LA PLAGNE,14,0.0
BOURG SAINT MAURICE,AIME LA PLAGNE,15,0.0
BOURG SAINT MAURICE,AIME LA PLAGNE,16,0.0
BOURG SAINT MAURICE,AIME LA PLAGNE,17,0.0
BOURG SAINT MAURICE,AIME LA PLAGNE,18,0.0
BOURG SAINT MAURICE,AIME LA PLAGNE,19,0.0
BOURG SAINT MAURICE,AIME LA PLAGNE,20,0.0
BOURG SAINT MAURICE,AIME LA PLAGNE,21,0.0
BOURG SAINT MAURICE,AIME LA PLAGNE,22,0.0
BOURG SAINT MAURICE,AIME LA PLAGNE,23,0.0
BOURG SAINT MAURICE,AIME LA PLAGNE,24,0.0
BOURG SAINT MAURICE,AIME LA PLAGNE,25,0.0
BOURG SAINT MAURICE,AIME LA PLAGNE,26,0.0
BOURG SAINT MAURICE,AIME LA PLAGNE,27,0.0
BOURG SAINT MAURICE,AIME LA PLAGNE,28,0.0
BOURG SAINT MAURICE,AIME LA PLAGNE,29,0.0
BOURG SAINT MAURICE,AIME LA PLAGNE,30,0.0
BOURG SAINT MAURICE,ALBERTVILLE,0,0.4727272727272727
BOURG SAINT MAURICE,ALBERTVILLE,1,0.44090909090909086
BOURG SAINT MAURICE,ALBERTVILLE,2,0.3909090909090909
BOURG SAINT MAURICE,ALBERTVILLE,3,0.34545454545454546
BOURG SAINT MAURICE,ALBERTVILLE,4,0.30454545454545456
BOURG SAINT MAURICE,ALBERTVILLE,5,0.3409090909090909
BOURG SAINT MAURICE,ALBERTVILLE,6,0.3409090909090909
BOURG SAINT MAURICE,ALBERTVILLE,7,0.26818181818181813
BOURG SAINT MAURICE,ALBERTVILLE,8,0.2727272727272727
BOURG SAINT MAURICE,ALBERTVILLE,9,0.2727272727272727
BOURG SAINT MAURICE,ALBERTVILLE,10,0.2590909090909091
BOURG SAINT MAURICE,ALBERTVILLE,11,0.2
BOURG SAINT MAURICE,ALBERTVILLE,12,0.0
BOURG SAINT MAURICE,ALBERTVILLE,13,0.004545454545454546
BOURG SAINT MAURICE,ALBERTVILLE,14,0.0
BOURG SAINT MAURICE,ALBERTVILLE,15,0.0
BOURG SAINT MAURICE,ALBERTVILLE,16,0.0
BOURG SAINT MAURICE,ALBERTVILLE,17,0.0
BOURG SAINT MAURICE,ALBERTVILLE,18,0.0
BOURG SAINT MAURICE,ALBERTVILLE,19,0.0
BOURG SAINT MAURICE,ALBERTVILLE,20,0.0
BOURG SAINT MAURICE,ALBERTVILLE,21,0.0
BOURG SAINT MAURICE,ALBERTVILLE,22,0.0
BOURG SAINT MAURICE,ALBERTVILLE,23,0.0
BOURG SAINT MAURICE,ALBERTVILLE,24,0.0
BOURG SAINT MAURICE,ALBERTVILLE,25,0.0
BOURG SAINT MAURICE,ALBERTVILLE,26,0.0
BOURG SAINT MAURICE,ALBERTVILLE,27,0.0
BOURG SAINT MAURICE,ALBERTVILLE,28,0.0
BOURG SAINT MAURICE,ALBERTVILLE,29,0.0
BOURG SAINT MAURICE,ALBERTVILLE,30,0.0
BOURG SAINT MAURICE,ARRAS,0,0.4272727272727273
BOURG SAINT MAURICE,ARRAS,1,0.39545454545454545
BOURG SAINT MAURICE,ARRAS,2,0.35000000000000003
BOURG SAINT MAURICE,ARRAS,3,0.20909090909090908
BOURG SAINT MAURICE,ARRAS,4,0.02727272727272727
BOURG SAINT MAURICE,ARRAS,5,0.004545454545454546
BOURG SAINT MAURICE,ARRAS,6,0.0
BOURG SAINT MAURICE,ARRAS,7,0.0
BOURG SAINT MAURICE,ARRAS,8,0.0
BOURG SAINT MAURICE,ARRAS,9,0.0
BOURG SAINT MAURICE,ARRAS,10,0.0
BOURG SAINT MAURICE,ARRAS,11,0.0
BOURG SAINT MAURICE,ARRAS,12,0.0
BOURG SAINT MAURICE,ARRAS,13,0.0
BOURG SAINT MAURICE,ARRAS,14,0.0
BOURG SAINT MAURICE,ARRAS,15,0.0
BOURG SAINT MAURICE,ARRAS,16,0.0
BOURG SAINT MAURICE,ARRAS,17,0.0
BOURG SAINT MAURICE,ARRAS,18,0.0
BOURG SAINT MAURICE,ARRAS,19,0.0
BOURG SAINT MAURICE,ARRAS,20,0.0
BOURG SAINT MAURICE,ARRAS,21,0.0
BOURG SAINT MAURICE,ARRAS,22,0.0
BOURG SAINT MAURICE,ARRAS,23,0.0
BOURG SAINT MAURICE,ARRAS,24,0.0
BOURG SAINT MAURICE,ARRAS,25,0.0
BOURG SAINT MAURICE,ARRAS,26,0.0
BOURG SAINT MAURICE,ARRAS,27,0.0
BOURG SAINT MAURICE,ARRAS,28,0.0
BOURG SAINT MAURICE,ARRAS,29,0.0
BOURG SAINT MAURICE,ARRAS,30,0.0
BOURG SAINT MAURICE,CHAMBERY CHALLES LES EAUX,0,0.45454545454545453
BOURG SAINT MAURICE,CHAMBERY CHALLES LES EAUX,1,0.45
BOURG SAINT MAURICE,CHAMBERY CHALLES LES EAUX,2,0.38636363636363635
BOURG SAINT MAURICE,CHAMBERY CHALLES LES EAUX,3,0.35000000000000003
BOURG SAINT MAURICE,CHAMBERY CHALLES LES EAUX,4,0.29090909090909095
BOURG SAINT MAURICE,CHAMBERY CHALLES LES EAUX,5,0.32727272727272727
BOURG SAINT MAURICE,CHAMBERY CHALLES LES EAUX,6,0.33636363636363636
BOURG SAINT MAURICE,CHAMBERY CHALLES LES EAUX,7,0.26818181818181813
BOURG SAINT MAURICE,CHAMBERY CHALLES LES EAUX,8,0.2636363636363636
BOURG SAINT MAURICE,CHAMBERY CHALLES LES EAUX,9,0.2727272727272727
BOURG SAINT MAURICE,CHAMBERY CHALLES LES EAUX,10,0.2590909090909091
BOURG SAINT MAURICE,CHAMBERY CHALLES LES EAUX,11,0.17727272727272728
BOURG SAINT MAURICE,CHAMBERY CHALLES LES EAUX,12,0.004545454545454546
BOURG SAINT MAURICE,CHAMBERY CHALLES LES EAUX,13,0.0
BOURG SAINT MAURICE,CHAMBERY CHALLES LES EAUX,14,0.0
BOURG SAINT MAURICE,CHAMBERY CHALLES LES EAUX,15,0.0
BOURG SAINT MAURICE,CHAMBERY CHALLES LES EAUX,16,0.0
BOURG SAINT MAURICE,CHAMBERY CHALLES LES EAUX,17,0.0
BOURG SAINT MAURICE,CHAMBERY CHALLES LES EAUX,18,0.0
BOURG SAINT MAURICE,CHAMBERY CHALLES LES EAUX,19,0.0
BOURG SAINT MAURICE,CHAMBERY CHALLES LES EAUX,20,0.0
BOURG SAINT MAURICE,CHAMBERY CHALLES LES EAUX,21,0.0
BOURG SAINT MAURICE,CHAMBERY CHALLES LES EAUX,22,0.0
BOURG SAINT MAURICE,CHAMBERY CHALLES LES EAUX,23,0.0
BOURG SAINT MAURICE,CHAMBERY CHALLES LES EAUX,24,0.0
BOURG SAINT MAURICE,CHAMBERY CHALLES LES EAUX,25,0.0
BOURG SAINT MAURICE,CHAMBERY CHALLES LES EAUX,26,0.0
BOURG SAINT MAURICE,CHAMBERY CHALLES LES EAUX,27,0.0
BOURG SAINT MAURICE,CHAMBERY CHALLES LES EAUX,28,0.0
BOURG SAINT MAURICE,CHAMBERY CHALLES LES EAUX,29,0.0
BOURG SAINT MAURICE,CHAMBERY CHALLES LES EAUX,30,0.0
BOURG SAINT MAURICE,DOUAI,0,0.4227272727272728
BOURG SAINT MAURICE,DOUAI,1,0.3590909090909091
BOURG SAINT MAURICE,DOUAI,2,0.36363636363636365
BOURG SAINT MAURICE,DOUAI,3,0.20454545454545456
BOURG SAINT MAURICE,DOUAI,4,0.009090909090909092
BOURG SAINT MAURICE,DOUAI,5,0.0
BOURG SAINT MAURICE,DOUAI,6,0.0
BOURG SAINT MAURICE,DOUAI,7,0.0
BOURG SAINT MAURICE,DOUAI,8,0.0
BOURG SAINT MAURICE,DOUAI,9,0.0
BOURG SAINT MAURICE,DOUAI,10,0.004545454545454546
BOURG SAINT MAURICE,DOUAI,11,0.009090909090909092
BOURG SAINT MAURICE,DOUAI,12,0.0
BOURG SAINT MAURICE,DOUAI,13,0.0
BOURG SAINT MAURICE,DOUAI,14,0.0
BOURG SAINT MAURICE,DOUAI,15,0.0
BOURG SAINT MAURICE,DOUAI,16,0.0
BOURG SAINT MAURICE,DOUAI,17,0.0
BOURG SAINT MAURICE,DOUAI,18,0.0
BOURG SAINT MAURICE,DOUAI,19,0.0
BOURG SAINT MAURICE,DOUAI,20,0.0
BOURG SAINT MAURICE,DOUAI,21,0.0
BOURG SAINT MAURICE,DOUAI,22,0.0
BOURG SAINT MAURICE,DOUAI,23,0.0
BOURG SAINT MAURICE,DOUAI,24,0.0
BOURG SAINT MAURICE,DOUAI,25,0.0
BOURG SAINT MAURICE,DOUAI,26,0.0
BOURG SAINT MAURICE,DOUAI,27,0.0
BOURG SAINT MAURICE,DOUAI,28,0.0
BOURG SAINT MAURICE,DOUAI,29,0.0
BOURG SAINT MAURICE,DOUAI,30,0.0
BOURG SAINT MAURICE,LANDRY,0,0.43636363636363634
BOURG SAINT MAURICE,LANDRY,1,0.4318181818181818
BOURG SAINT MAURICE,LANDRY,2,0.39545454545454545
BOURG SAINT MAURICE,LANDRY,3,0.32727272727272727
BOURG SAINT MAURICE,LANDRY,4,0.3181818181818182
BOURG SAINT MAURICE,LANDRY,5,0.33636363636363636
BOURG SAINT MAURICE,LANDRY,6,0.3590909090909091
BOURG SAINT MAURICE,LANDRY,7,0.30454545454545456
BOURG SAINT MAURICE,LANDRY,8,0.2727272727272727
BOURG SAINT MAURICE,LANDRY,9,0.2636363636363636
BOURG SAINT MAURICE,LANDRY,10,0.2409090909090909
BOURG SAINT MAURICE,LANDRY,11,0.19545454545454544
BOURG SAINT MAURICE,LANDRY,12,0.0
BOURG SAINT MAURICE,LANDRY,13,0.0
BOURG SAINT MAURICE,LANDRY,14,0.0
BOURG SAINT MAURICE,LANDRY,15,0.0
BOURG SAINT MAURICE,LANDRY,16,0.0
BOURG SAINT MAURICE,LANDRY,17,0.0
BOURG SAINT MAURICE,LANDRY,18,0.0
BOURG SAINT MAURICE,LANDRY,19,0.0
BOURG SAINT MAURICE,LANDRY,20,0.0
BOURG SAINT MAURICE,LANDRY,21,0.0
BOURG SAINT MAURICE,LANDRY,22,0.0
BOURG SAINT MAURICE,LANDRY,23,0.0
BOURG SAINT MAURICE,LANDRY,24,0.0
BOURG SAINT MAURICE,LANDRY,25,0.0
BOURG SAINT MAURICE,LANDRY,26,0.0
BOURG SAINT MAURICE,LANDRY,27,0.0
BOURG SAINT MAURICE,LANDRY,28,0.0
BOURG SAINT MAURICE,LANDRY,29,0.0
BOURG SAINT MAURICE,LANDRY,30,0.0
BOURG SAINT MAURICE,LILLE (intramuros),0,0.40454545454545454
BOURG SAINT MAURICE,LILLE (intramuros),1,0.36818181818181817
BOURG SAINT MAURICE,LILLE (intramuros),2,0.33636363636363636
BOURG SAINT MAURICE,LILLE (intramuros),3,0.24545454545454548
BOURG SAINT MAURICE,LILLE (intramuros),4,0.031818181818181815
BOURG SAINT MAURICE,LILLE (intramuros),5,0.009090909090909092
BOURG SAINT MAURICE,LILLE (intramuros),6,0.0
BOURG SAINT MAURICE,LILLE (intramuros),7,0.0
BOURG SAINT MAURICE,LILLE (intramuros),8,0.0
BOURG SAINT MAURICE,LILLE (intramuros),9,0.009090909090909092
BOURG SAINT MAURICE,LILLE (intramuros),10,0.004545454545454546
BOURG SAINT MAURICE,LILLE (intramuros),11,0.009090909090909092
BOURG SAINT MAURICE,LILLE (intramuros),12,0.0
BOURG SAINT MAURICE,LILLE (intramuros),13,0.004545454545454546
BOURG SAINT MAURICE,LILLE (intramuros),14,0.0
BOURG SAINT MAURICE,LILLE (intramuros),15,0.0
BOURG SAINT MAURICE,LILLE (intramuros),16,0.0
BOURG SAINT MAURICE,LILLE (intramuros),17,0.004545454545454546
BOURG SAINT MAURICE,LILLE (intramuros),18,0.004545454545454546
BOURG SAINT MAURICE,LILLE (intramuros),19,0.004545454545454546
BOURG SAINT MAURICE,LILLE (intramuros),20,0.0
BOURG SAINT MAURICE,LILLE (intramuros),21,0.0
BOURG SAINT MAURICE,LILLE (intramuros),22,0.0
BOURG SAINT MAURICE,LILLE (intramuros),23,0.0
BOURG SAINT MAURICE,LILLE (intramuros),24,0.0
BOURG SAINT MAURICE,LILLE (intramuros),25,0.0
BOURG SAINT MAURICE,LILLE (intramuros),26,0.0
BOURG SAINT MAURICE,LILLE (intramuros),27,0.0
BOURG SAINT MAURICE,LILLE (intramuros),28,0.0
BOURG SAINT MAURICE,LILLE (intramuros),29,0.004545454545454546
BOURG SAINT MAURICE,LILLE (intramuros),30,0.0
BOURG SAINT MAURICE,MARNE LA VALLEE CHESSY,0,0.4954545454545455
BOURG SAINT MAURICE,MARNE LA VALLEE CHESSY,1,0.3772727272727273
BOURG SAINT MAURICE,MARNE LA VALLEE CHESSY,2,0.3409090909090909
BOURG SAINT MAURICE,MARNE LA VALLEE CHESSY,3,0.20454545454545456
BOURG SAINT MAURICE,MARNE LA VALLEE CHESSY,4,0.02727272727272728
BOURG SAINT MAURICE,MARNE LA VALLEE CHESSY,5,0.01363636363636364
BOURG SAINT MAURICE,MARNE LA VALLEE CHESSY,6,0.0
BOURG SAINT MAURICE,MARNE LA VALLEE CHESSY,7,0.004545454545454546
BOURG SAINT MAURICE,MARNE LA VALLEE CHESSY,8,0.0
BOURG SAINT MAURICE,MARNE LA VALLEE CHESSY,9,0.004545454545454546
BOURG SAINT MAURICE,MARNE LA VALLEE CHESSY,10,0.009090909090909092
BOURG SAINT MAURICE,MARNE LA VALLEE CHESSY,11,0.0
BOURG SAINT MAURICE,MARNE LA VALLEE CHESSY,12,0.0
BOURG SAINT MAURICE,MARNE LA VALLEE CHESSY,13,0.0
BOURG SAINT MAURICE,MARNE LA VALLEE CHESSY,14,0.0
BOURG SAINT MAURICE,MARNE LA VALLEE CHESSY,15,0.0
BOURG SAINT MAURICE,MARNE LA VALLEE CHESSY,16,0.0
BOURG SAINT MAURICE,MARNE LA VALLEE CHESSY,17,0.0
BOURG SAINT MAURICE,MARNE LA VALLEE CHESSY,18,0.0
BOURG SAINT MAURICE,MARNE LA VALLEE CHESSY,19,0.0
BOURG SAINT MAURICE,MARNE LA VALLEE CHESSY,20,0.0
BOURG SAINT MAURICE,MARNE LA VALLEE CHESSY,21,0.0
BOURG SAINT MAURICE,MARNE LA VALLEE CHESSY,22,0.0
BOURG SAINT MAURICE,MARNE LA VALLEE CHESSY,23,0.0
BOURG SAINT MAURICE,MARNE LA VALLEE CHESSY,24,0.0
BOURG SAINT MAURICE,MARNE LA VALLEE CHESSY,25,0.0
BOURG SAINT MAURICE,MARNE LA VALLEE CHESSY,26,0.0
BOURG SAINT MAURICE,MARNE LA VALLEE CHESSY,27,0.0
BOURG SAINT MAURICE,MARNE LA VALLEE CHESSY,28,0.0
BOURG SAINT MAURICE,MARNE LA VALLEE CHESSY,29,0.004545454545454546
BOURG SAINT MAURICE,MARNE LA VALLEE CHESSY,30,0.0
BOURG SAINT MAURICE,MOUTIERS SALINS BRIDES LES BAINS,0,0.4727272727272727
BOURG SAINT MAURICE,MOUTIERS SALINS BRIDES LES BAINS,1,0.45454545454545453
BOURG SAINT MAURICE,MOUTIERS SALINS BRIDES LES BAINS,2,0.39545454545454545
BOURG SAINT MAURICE,MOUTIERS SALINS BRIDES LES BAINS,3,0.36363636363636365
BOURG SAINT MAURICE,MOUTIERS SALINS BRIDES LES BAINS,4,0.3181818181818182
BOURG SAINT MAURICE,MOUTIERS SALINS BRIDES LES BAINS,5,0.35000000000000003
BOURG SAINT MAURICE,MOUTIERS SALINS BRIDES LES BAINS,6,0.35454545454545455
BOURG SAINT MAURICE,MOUTIERS SALINS BRIDES LES BAINS,7,0.2863636363636364
BOURG SAINT MAURICE,MOUTIERS SALINS BRIDES LES BAINS,8,0.2727272727272727
BOURG SAINT MAURICE,MOUTIERS SALINS BRIDES LES BAINS,9,0.2727272727272727
BOURG SAINT MAURICE,MOUTIERS SALINS BRIDES LES BAINS,10,0.2590909090909091
BOURG SAINT MAURICE,MOUTIERS SALINS BRIDES LES BAINS,11,0.20454545454545456
BOURG SAINT MAURICE,MOUTIERS SALINS BRIDES LES BAINS,12,0.009090909090909092
BOURG SAINT MAURICE,MOUTIERS SALINS BRIDES LES BAINS,13,0.0
BOURG SAINT MAURICE,MOUTIERS SALINS BRIDES LES BAINS,14,0.0
BOURG SAINT MAURICE,MOUTIERS SALINS BRIDES LES BAINS,15,0.0
BOURG SAINT MAURICE,MOUTIERS SALINS BRIDES LES BAINS,16,0.0
BOURG SAINT MAURICE,MOUTIERS SALINS BRIDES LES BAINS,17,0.0
BOURG SAINT MAURICE,MOUTIERS SALINS BRIDES LES BAINS,18,0.0
BOURG SAINT MAURICE,MOUTIERS SALINS BRIDES LES BAINS,19,0.0
BOURG SAINT MAURICE,MOUTIERS SALINS BRIDES LES BAINS,20,0.0
BOURG SAINT MAURICE,MOUTIERS SALINS BRIDES LES BAINS,21,0.0
BOURG SAINT MAURICE,MOUTIERS SALINS BRIDES LES BAINS,22,0.0
BOURG SAINT MAURICE,MOUTIERS SALINS BRIDES LES BAINS,23,0.0
BOURG SAINT MAURICE,MOUTIERS SALINS BRIDES LES BAINS,24,0.0
BOURG SAINT MAURICE,MOUTIERS SALINS BRIDES LES BAINS,25,0.0
BOURG SAINT MAURICE,MOUTIERS SALINS BRIDES LES BAINS,26,0.0
BOURG SAINT MAURICE,MOUTIERS SALINS BRIDES LES BAINS,27,0.0
BOURG SAINT MAURICE,MOUTIERS SALINS BRIDES LES BAINS,28,0.0
BOURG SAINT MAURICE,MOUTIERS SALINS BRIDES LES BAINS,29,0.0
BOURG SAINT MAURICE,MOUTIERS SALINS BRIDES LES BAINS,30,0.0
BOURG SAINT MAURICE,TGV HAUTE PICARDIE,0,0.4090909090909091
BOURG SAINT MAURICE,TGV HAUTE PICARDIE,1,0.36363636363636365
BOURG SAINT MAURICE,TGV HAUTE PICARDIE,2,0.3409090909090909
BOURG SAINT MAURICE,TGV HAUTE PICARDIE,3,0.19090909090909092
BOURG SAINT MAURICE,TGV HAUTE PICARDIE,4,0.01363636363636364
BOURG SAINT MAURICE,TGV HAUTE PICARDIE,5,0.004545454545454546
BOURG SAINT MAURICE,TGV HAUTE PICARDIE,6,0.004545454545454546
BOURG SAINT MAURICE,TGV HAUTE PICARDIE,7,0.0
BOURG SAINT MAURICE,TGV HAUTE PICARDIE,8,0.0
BOURG SAINT MAURICE,TGV HAUTE PICARDIE,9,0.0
BOURG SAINT MAURICE,TGV HAUTE PICARDIE,10,0.004545454545454546
BOURG SAINT MAURICE,TGV HAUTE PICARDIE,11,0.0
BOURG SAINT MAURICE,TGV HAUTE PICARDIE,12,0.0
BOURG SAINT MAURICE,TGV HAUTE PICARDIE,13,0.0
BOURG SAINT MAURICE,TGV HAUTE PICARDIE,14,0.0
BOURG SAINT MAURICE,TGV HAUTE PICARDIE,15,0.0
BOURG SAINT MAURICE,TGV HAUTE PICARDIE,16,0.0
BOURG SAINT MAURICE,TGV HAUTE PICARDIE,17,0.0
BOURG SAINT MAURICE,TGV HAUTE PICARDIE,18,0.0
BOURG SAINT MAURICE,TGV HAUTE PICARDIE,19,0.0
BOURG SAINT MAURICE,TGV HAUTE PICARDIE,20,0.0
BOURG SAINT MAURICE,TGV HAUTE PICARDIE,21,0.0
BOURG SAINT MAURICE,TGV HAUTE PICARDIE,22,0.0
BOURG SAINT MAURICE,TGV HAUTE PICARDIE,23,0.0
BOURG SAINT MAURICE,TGV HAUTE PICARDIE,24,0.0
BOURG SAINT MAURICE,TGV HAUTE PICARDIE,25,0.0
BOURG SAINT MAURICE,TGV HAUTE PICARDIE,26,0.0
BOURG SAINT MAURICE,TGV HAUTE PICARDIE,27,0.0
BOURG SAINT MAURICE,TGV HAUTE PICARDIE,28,0.0
BOURG SAINT MAURICE,TGV HAUTE PICARDIE,29,0.0
BOURG SAINT MAURICE,TGV HAUTE PICARDIE,30,0.0
CHAMBERY CHALLES LES EAUX,AEROPORT ROISSY CDG 2 TGV,0,0.5
CHAMBERY CHALLES LES EAUX,AEROPORT ROISSY CDG 2 TGV,1,0.3666666666666667
CHAMBERY CHALLES LES EAUX,AEROPORT ROISSY CDG 2 TGV,2,0.3625
CHAMBERY CHALLES LES EAUX,AEROPORT ROISSY CDG 2 TGV,3,0.20416666666666664
CHAMBERY CHALLES LES EAUX,AEROPORT ROISSY CDG 2 TGV,4,0.012500000000000002
CHAMBERY CHALLES LES EAUX,AEROPORT ROISSY CDG 2 TGV,5,0.004166666666666667
CHAMBERY CHALLES LES EAUX,AEROPORT ROISSY CDG 2 TGV,6,0.004166666666666667
CHAMBERY CHALLES LES EAUX,AEROPORT ROISSY CDG 2 TGV,7,0.004166666666666667
CHAMBERY CHALLES LES EAUX,AEROPORT ROISSY CDG 2 TGV,8,0.004166666666666667
CHAMBERY CHALLES LES EAUX,AEROPORT ROISSY CDG 2 TGV,9,0.004166666666666667
CHAMBERY CHALLES LES EAUX,AEROPORT ROISSY CDG 2 TGV,10,0.008333333333333333
CHAMBERY CHALLES LES EAUX,AEROPORT ROISSY CDG 2 TGV,11,0.008333333333333333
CHAMBERY CHALLES LES EAUX,AEROPORT ROISSY CDG 2 TGV,12,0.004166666666666667
CHAMBERY CHALLES LES EAUX,AEROPORT ROISSY CDG 2 TGV,13,0.0
CHAMBERY CHALLES LES EAUX,AEROPORT ROISSY CDG 2 TGV,14,0.0
CHAMBERY CHALLES LES EAUX,AEROPORT ROISSY CDG 2 TGV,15,0.004166666666666667
CHAMBERY CHALLES LES EAUX,AEROPORT ROISSY CDG 2 TGV,16,0.004166666666666667
CHAMBERY CHALLES LES EAUX,AEROPORT ROISSY CDG 2 TGV,17,0.0
CHAMBERY CHALLES LES EAUX,AEROPORT ROISSY CDG 2 TGV,18,0.008333333333333333
CHAMBERY CHALLES LES EAUX,AEROPORT ROISSY CDG 2 TGV,19,0.004166666666666667
CHAMBERY CHALLES LES EAUX,AEROPORT ROISSY CDG 2 TGV,20,0.004166666666666667
CHAMBERY CHALLES LES EAUX,AEROPORT ROISSY CDG 2 TGV,21,0.004166666666666667
CHAMBERY CHALLES LES EAUX,AEROPORT ROISSY CDG 2 TGV,22,0.004166666666666667
CHAMBERY CHALLES LES EAUX,AEROPORT ROISSY CDG 2 TGV,23,0.004166666666666667
CHAMBERY CHALLES LES EAUX,AEROPORT ROISSY CDG 2 TGV,24,0.0
CHAMBERY CHALLES LES EAUX,AEROPORT ROISSY CDG 2 TGV,25,0.0
CHAMBERY CHALLES LES EAUX,AEROPORT ROISSY CDG 2 TGV,26,0.004166666666666667
CHAMBERY CHALLES LES EAUX,AEROPORT ROISSY CDG 2 TGV,27,0.004166666666666667
CHAMBERY CHALLES LES EAUX,AEROPORT ROISSY CDG 2 TGV,28,0.012500000000000002
CHAMBERY CHALLES LES EAUX,AEROPORT ROISSY CDG 2 TGV,29,0.016666666666666666
CHAMBERY CHALLES LES EAUX,AEROPORT ROISSY CDG 2 TGV,30,0.0
CHAMBERY CHALLES LES EAUX,ARRAS,0,0.41250000000000003
CHAMBERY CHALLES LES EAUX,ARRAS,1,0.3541666666666667
CHAMBERY CHALLES LES EAUX,ARRAS,2,0.3458333333333334
CHAMBERY CHALLES LES EAUX,ARRAS,3,0.20833333333333334
CHAMBERY CHALLES LES EAUX,ARRAS,4,0.029166666666666664
CHAMBERY CHALLES LES EAUX,ARRAS,5,0.008333333333333333
CHAMBERY CHALLES LES EAUX,ARRAS,6,0.004166666666666667
CHAMBERY CHALLES LES EAUX,ARRAS,7,0.004166666666666667
CHAMBERY CHALLES LES EAUX,ARRAS,8,0.0
CHAMBERY CHALLES LES EAUX,ARRAS,9,0.0
CHAMBERY CHALLES LES EAUX,ARRAS,10,0.0
CHAMBERY CHALLES LES EAUX,ARRAS,11,0.0
CHAMBERY CHALLES LES EAUX,ARRAS,12,0.0
CHAMBERY CHALLES LES EAUX,ARRAS,13,0.0
CHAMBERY CHALLES LES EAUX,ARRAS,14,0.0
CHAMBERY CHALLES LES EAUX,ARRAS,15,0.0
CHAMBERY CHALLES LES EAUX,ARRAS,16,0.0
CHAMBERY CHALLES LES EAUX,ARRAS,17,0.0
CHAMBERY CHALLES LES EAUX,ARRAS,18,0.0
CHAMBERY CHALLES LES EAUX,ARRAS,19,0.0
CHAMBERY CHALLES LES EAUX,ARRAS,20,0.0
CHAMBERY CHALLES LES EAUX,ARRAS,21,0.0
CHAMBERY CHALLES LES EAUX,ARRAS,22,0.004166666666666667
CHAMBERY CHALLES LES EAUX,ARRAS,23,0.0
CHAMBERY CHALLES LES EAUX,ARRAS,24,0.0
CHAMBERY CHALLES LES EAUX,ARRAS,25,0.0
CHAMBERY CHALLES LES EAUX,ARRAS,26,0.0
CHAMBERY CHALLES LES EAUX,ARRAS,27,0.0
CHAMBERY CHALLES LES EAUX,ARRAS,28,0.0
CHAMBERY CHALLES LES EAUX,ARRAS,29,0.0
CHAMBERY CHALLES LES EAUX,ARRAS,30,0.0
CHAMBERY CHALLES LES EAUX,DOUAI,0,0.4083333333333334
CHAMBERY CHALLES LES EAUX,DOUAI,1,0.35833333333333334
CHAMBERY CHALLES LES EAUX,DOUAI,2,0.3333333333333333
CHAMBERY CHALLES LES EAUX,DOUAI,3,0.17500000000000002
CHAMBERY CHALLES LES EAUX,DOUAI,4,0.016666666666666666
CHAMBERY CHALLES LES EAUX,DOUAI,5,0.0
CHAMBERY CHALLES LES EAUX,DOUAI,6,0.0
CHAMBERY CHALLES LES EAUX,DOUAI,7,0.0
CHAMBERY CHALLES LES EAUX,DOUAI,8,0.0
CHAMBERY CHALLES LES EAUX,DOUAI,9,0.0
CHAMBERY CHALLES LES EAUX,DOUAI,10,0.0
CHAMBERY CHALLES LES EAUX,DOUAI,11,0.004166666666666667
CHAMBERY CHALLES LES EAUX,DOUAI,12,0.0
CHAMBERY CHALLES LES EAUX,DOUAI,13,0.0
CHAMBERY CHALLES LES EAUX,DOUAI,14,0.0
CHAMBERY CHALLES LES EAUX,DOUAI,15,0.0
CHAMBERY CHALLES LES EAUX,DOUAI,16,0.0
CHAMBERY CHALLES LES EAUX,DOUAI,17,0.0
CHAMBERY CHALLES LES EAUX,DOUAI,18,0.0
CHAMBERY CHALLES LES EAUX,DOUAI,19,0.0
CHAMBERY CHALLES LES EAUX,DOUAI,20,0.0
CHAMBERY CHALLES LES EAUX,DOUAI,21,0.0
CHAMBERY CHALLES LES EAUX,DOUAI,22,0.0
CHAMBERY CHALLES LES EAUX,DOUAI,23,0.0
CHAMBERY CHALLES LES EAUX,DOUAI,24,0.0
CHAMBERY CHALLES LES EAUX,DOUAI,25,0.0
CHAMBERY CHALLES LES EAUX,DOUAI,26,0.0
CHAMBERY CHALLES LES EAUX,DOUAI,27,0.0
CHAMBERY CHALLES LES EAUX,DOUAI,28,0.0
CHAMBERY CHALLES LES EAUX,DOUAI,29,0.0
CHAMBERY CHALLES LES EAUX,DOUAI,30,0.0
CHAMBERY CHALLES LES EAUX,LILLE (intramuros),0,0.41250000000000003
CHAMBERY CHALLES LES EAUX,LILLE (intramuros),1,0.375
CHAMBERY CHALLES LES EAUX,LILLE (intramuros),2,0.3333333333333333
CHAMBERY CHALLES LES EAUX,LILLE (intramuros),3,0.19999999999999998
CHAMBERY CHALLES LES EAUX,LILLE (intramuros),4,0.016666666666666666
CHAMBERY CHALLES LES EAUX,LILLE (intramuros),5,0.0
CHAMBERY CHALLES LES EAUX,LILLE (intramuros),6,0.0
CHAMBERY CHALLES LES EAUX,LILLE (intramuros),7,0.004166666666666667
CHAMBERY CHALLES LES EAUX,LILLE (intramuros),8,0.0
CHAMBERY CHALLES LES EAUX,LILLE (intramuros),9,0.0
CHAMBERY CHALLES LES EAUX,LILLE (intramuros),10,0.008333333333333333
CHAMBERY CHALLES LES EAUX,LILLE (intramuros),11,0.016666666666666666
CHAMBERY CHALLES LES EAUX,LILLE (intramuros),12,0.0
CHAMBERY CHALLES LES EAUX,LILLE (intramuros),13,0.004166666666666667
CHAMBERY CHALLES LES EAUX,LILLE (intramuros),14,0.004166666666666667
CHAMBERY CHALLES LES EAUX,LILLE (intramuros),15,0.0
CHAMBERY CHALLES LES EAUX,LILLE (intramuros),16,0.0
CHAMBERY CHALLES LES EAUX,LILLE (intramuros),17,0.0
CHAMBERY CHALLES LES EAUX,LILLE (intramuros),18,0.0
CHAMBERY CHALLES LES EAUX,LILLE (intramuros),19,0.004166666666666667
CHAMBERY CHALLES LES EAUX,LILLE (intramuros),20,0.0
CHAMBERY CHALLES LES EAUX,LILLE (intramuros),21,0.0
CHAMBERY CHALLES LES EAUX,LILLE (intramuros),22,0.004166666666666667
CHAMBERY CHALLES LES EAUX,LILLE (intramuros),23,0.004166666666666667
CHAMBERY CHALLES LES EAUX,LILLE (intramuros),24,0.0
CHAMBERY CHALLES LES EAUX,LILLE (intramuros),25,0.0
CHAMBERY CHALLES LES EAUX,LILLE (intramuros),26,0.004166666666666667
CHAMBERY CHALLES LES EAUX,LILLE (intramuros),27,0.0
CHAMBERY CHALLES LES EAUX,LILLE (intramuros),28,0.004166666666666667
CHAMBERY CHALLES LES EAUX,LILLE (intramuros),29,0.004166666666666667
CHAMBERY CHALLES LES EAUX,LILLE (intramuros),30,0.0
CHAMBERY CHALLES LES EAUX,MARNE LA VALLEE CHESSY,0,0.4875
CHAMBERY CHALLES LES EAUX,MARNE LA VALLEE CHESSY,1,0.35833333333333334
CHAMBERY CHALLES LES EAUX,MARNE LA VALLEE CHESSY,2,0.32083333333333336
CHAMBERY CHALLES LES EAUX,MARNE LA VALLEE CHESSY,3,0.17500000000000002
CHAMBERY CHALLES LES EAUX,MARNE LA VALLEE CHESSY,4,0.02916666666666667
CHAMBERY CHALLES LES EAUX,MARNE LA VALLEE CHESSY,5,0.016666666666666666
CHAMBERY CHALLES LES EAUX,MARNE LA VALLEE CHESSY,6,0.012500000000000002
CHAMBERY CHALLES LES EAUX,MARNE LA VALLEE CHESSY,7,0.0
CHAMBERY CHALLES LES EAUX,MARNE LA VALLEE CHESSY,8,0.0
CHAMBERY CHALLES LES EAUX,MARNE LA VALLEE CHESSY,9,0.004166666666666667
CHAMBERY CHALLES LES EAUX,MARNE LA VALLEE CHESSY,10,0.012500000000000002
CHAMBERY CHALLES LES EAUX,MARNE LA VALLEE CHESSY,11,0.012500000000000002
CHAMBERY CHALLES LES EAUX,MARNE LA VALLEE CHESSY,12,0.0
CHAMBERY CHALLES LES EAUX,MARNE LA VALLEE CHESSY,13,0.0
CHAMBERY CHALLES LES EAUX,MARNE LA VALLEE CHESSY,14,0.0
CHAMBERY CHALLES LES EAUX,MARNE LA VALLEE CHESSY,15,0.0
CHAMBERY CHALLES LES EAUX,MARNE LA VALLEE CHESSY,16,0.0
CHAMBERY CHALLES LES EAUX,MARNE LA VALLEE CHESSY,17,0.0
CHAMBERY CHALLES LES EAUX,MARNE LA VALLEE CHESSY,18,0.0
CHAMBERY CHALLES LES EAUX,MARNE LA VALLEE CHESSY,19,0.0
CHAMBERY CHALLES LES EAUX,MARNE LA VALLEE CHESSY,20,0.0
CHAMBERY CHALLES LES EAUX,MARNE LA VALLEE CHESSY,21,0.0
CHAMBERY CHALLES LES EAUX,MARNE LA VALLEE CHESSY,22,0.0
CHAMBERY CHALLES LES EAUX,MARNE LA VALLEE CHESSY,23,0.004166666666666667
CHAMBERY CHALLES LES EAUX,MARNE LA VALLEE CHESSY,24,0.004166666666666667
CHAMBERY CHALLES LES EAUX,MARNE LA VALLEE CHESSY,25,0.004166666666666667
CHAMBERY CHALLES LES EAUX,MARNE LA VALLEE CHESSY,26,0.0
CHAMBERY CHALLES LES EAUX,MARNE LA VALLEE CHESSY,27,0.0
CHAMBERY CHALLES LES EAUX,MARNE LA VALLEE CHESSY,28,0.0
CHAMBERY CHALLES LES EAUX,MARNE LA VALLEE CHESSY,29,0.004166666666666667
CHAMBERY CHALLES LES EAUX,MARNE LA VALLEE CHESSY,30,0.0
CHAMBERY CHALLES LES EAUX,TGV HAUTE PICARDIE,0,0.37083333333333335
CHAMBERY CHALLES LES EAUX,TGV HAUTE PICARDIE,1,0.3416666666666666
CHAMBERY CHALLES LES EAUX,TGV HAUTE PICARDIE,2,0.3125
CHAMBERY CHALLES LES EAUX,TGV HAUTE PICARDIE,3,0.19583333333333333
CHAMBERY CHALLES LES EAUX,TGV HAUTE PICARDIE,4,0.016666666666666666
CHAMBERY CHALLES LES EAUX,TGV HAUTE PICARDIE,5,0.0
CHAMBERY CHALLES LES EAUX,TGV HAUTE PICARDIE,6,0.0
CHAMBERY CHALLES LES EAUX,TGV HAUTE PICARDIE,7,0.0
CHAMBERY CHALLES LES EAUX,TGV HAUTE PICARDIE,8,0.0
CHAMBERY CHALLES LES EAUX,TGV HAUTE PICARDIE,9,0.0
CHAMBERY CHALLES LES EAUX,TGV HAUTE PICARDIE,10,0.0
CHAMBERY CHALLES LES EAUX,TGV HAUTE PICARDIE,11,0.0
CHAMBERY CHALLES LES EAUX,TGV HAUTE PICARDIE,12,0.0
CHAMBERY CHALLES LES EAUX,TGV HAUTE PICARDIE,13,0.0
CHAMBERY CHALLES LES EAUX,TGV HAUTE PICARDIE,14,0.0
CHAMBERY CHALLES LES EAUX,TGV HAUTE PICARDIE,15,0.0
CHAMBERY CHALLES LES EAUX,TGV HAUTE PICARDIE,16,0.0
CHAMBERY CHALLES LES EAUX,TGV HAUTE PICARDIE,17,0.0
CHAMBERY CHALLES LES EAUX,TGV HAUTE PICARDIE,18,0.0
CHAMBERY CHALLES LES EAUX,TGV HAUTE PICARDIE,19,0.0
CHAMBERY CHALLES LES EAUX,TGV HAUTE PICARDIE,20,0.0
CHAMBERY CHALLES LES EAUX,TGV HAUTE PICARDIE,21,0.0
CHAMBERY CHALLES LES EAUX,TGV HAUTE PICARDIE,22,0.0
CHAMBERY CHALLES LES EAUX,TGV HAUTE PICARDIE,23,0.0
CHAMBERY CHALLES LES EAUX,TGV HAUTE PICARDIE,24,0.0
CHAMBERY CHALLES LES EAUX,TGV HAUTE PICARDIE,25,0.0
CHAMBERY CHALLES LES EAUX,TGV HAUTE PICARDIE,26,0.0
CHAMBERY CHALLES LES EAUX,TGV HAUTE PICARDIE,27,0.0
CHAMBERY CHALLES LES EAUX,TGV HAUTE PICARDIE,28,0.0
CHAMBERY CHALLES LES EAUX,TGV HAUTE PICARDIE,29,0.0
CHAMBERY CHALLES LES EAUX,TGV HAUTE PICARDIE,30,0.0
DOUAI,LILLE (intramuros),0,0.9415151515151515
DOUAI,LILLE (intramuros),1,0.943030303030303
DOUAI,LILLE (intramuros),2,0.9427492447129909
DOUAI,LILLE (intramuros),3,0.9270392749244714
DOUAI,LILLE (intramuros),4,0.8358006042296072
DOUAI,LILLE (intramuros),5,0.7962235649546828
DOUAI,LILLE (intramuros),6,0.7832831325301205
DOUAI,LILLE (intramuros),7,0.7693353474320241
DOUAI,LILLE (intramuros),8,0.7393393393393393
DOUAI,LILLE (intramuros),9,0.7200301204819277
DOUAI,LILLE (intramuros),10,0.7074018126888217
DOUAI,LILLE (intramuros),11,0.6941087613293051
DOUAI,LILLE (intramuros),12,0.41018237082066866
DOUAI,LILLE (intramuros),13,0.3993920972644377
DOUAI,LILLE (intramuros),14,0.3981762917933131
DOUAI,LILLE (intramuros),15,0.3910060975609756
DOUAI,LILLE (intramuros),16,0.37607361963190183
DOUAI,LILLE (intramuros),17,0.3714067278287462
DOUAI,LILLE (intramuros),18,0.36953846153846154
DOUAI,LILLE (intramuros),19,0.3632716049382716
DOUAI,LILLE (intramuros),20,0.35990712074303405
DOUAI,LILLE (intramuros),21,0.36335403726708076
DOUAI,LILLE (intramuros),22,0.3585669781931464
DOUAI,LILLE (intramuros),23,0.35233644859813085
DOUAI,LILLE (intramuros),24,0.34765625
DOUAI,LILLE (intramuros),25,0.3407523510971787
DOUAI,LILLE (intramuros),26,0.3369496855345912
DOUAI,LILLE (intramuros),27,0.32555205047318614
DOUAI,LILLE (intramuros),28,0.32208201892744476
DOUAI,LILLE (intramuros),29,0.30886075949367087
DOUAI,LILLE (intramuros),30,0.052531645569620256
LANDRY,AEROPORT ROISSY CDG 2 TGV,0,0.5318181818181819
LANDRY,AEROPORT ROISSY CDG 2 TGV,1,0.3909090909090909
LANDRY,AEROPORT ROISSY CDG 2 TGV,2,0.36363636363636365
LANDRY,AEROPORT ROISSY CDG 2 TGV,3,0.21818181818181817
LANDRY,AEROPORT ROISSY CDG 2 TGV,4,0.01363636363636364
LANDRY,AEROPORT ROISSY CDG 2 TGV,5,0.004545454545454546
LANDRY,AEROPORT ROISSY CDG 2 TGV,6,0.01363636363636364
LANDRY,AEROPORT ROISSY CDG 2 TGV,7,0.004545454545454546
LANDRY,AEROPORT ROISSY CDG 2 TGV,8,0.0
LANDRY,AEROPORT ROISSY CDG 2 TGV,9,0.009090909090909092
LANDRY,AEROPORT ROISSY CDG 2 TGV,10,0.004545454545454546
LANDRY,AEROPORT ROISSY CDG 2 TGV,11,0.004545454545454546
LANDRY,AEROPORT ROISSY CDG 2 TGV,12,0.0
LANDRY,AEROPORT ROISSY CDG 2 TGV,13,0.004545454545454546
LANDRY,AEROPORT ROISSY CDG 2 TGV,14,0.0
LANDRY,AEROPORT ROISSY CDG 2 TGV,15,0.0
LANDRY,AEROPORT ROISSY CDG 2 TGV,16,0.0
LANDRY,AEROPORT ROISSY CDG 2 TGV,17,0.0
LANDRY,AEROPORT ROISSY CDG 2 TGV,18,0.009090909090909092
LANDRY,AEROPORT ROISSY CDG 2 TGV,19,0.0
LANDRY,AEROPORT ROISSY CDG 2 TGV,20,0.0
LANDRY,AEROPORT ROISSY CDG 2 TGV,21,0.004545454545454546
LANDRY,AEROPORT ROISSY CDG 2 TGV,22,0.004545454545454546
LANDRY,AEROPORT ROISSY CDG 2 TGV,23,0.0
LANDRY,AEROPORT ROISSY CDG 2 TGV,24,0.004545454545454546
LANDRY,AEROPORT ROISSY CDG 2 TGV,25,0.004545454545454546
LANDRY,AEROPORT ROISSY CDG 2 TGV,26,0.004545454545454546
LANDRY,AEROPORT ROISSY CDG 2 TGV,27,0.009090909090909092
LANDRY,AEROPORT ROISSY CDG 2 TGV,28,0.009090909090909092
LANDRY,AEROPORT ROISSY CDG 2 TGV,29,0.0
LANDRY,AEROPORT ROISSY CDG 2 TGV,30,0.0
LANDRY,AIME LA PLAGNE,0,0.43636363636363634
LANDRY,AIME LA PLAGNE,1,0.44090909090909086
LANDRY,AIME LA PLAGNE,2,0.36363636363636365
LANDRY,AIME LA PLAGNE,3,0.3590909090909091
LANDRY,AIME LA PLAGNE,4,0.2863636363636364
LANDRY,AIME LA PLAGNE,5,0.32727272727272727
LANDRY,AIME LA PLAGNE,6,0.36363636363636365
LANDRY,AIME LA PLAGNE,7,0.2863636363636364
LANDRY,AIME LA PLAGNE,8,0.2772727272727273
LANDRY,AIME LA PLAGNE,9,0.2727272727272727
LANDRY,AIME LA PLAGNE,10,0.2590909090909091
LANDRY,AIME LA PLAGNE,11,0.18636363636363634
LANDRY,AIME LA PLAGNE,12,0.004545454545454546
LANDRY,AIME LA PLAGNE,13,0.0
LANDRY,AIME LA PLAGNE,14,0.0
LANDRY,AIME LA PLAGNE,15,0.0
LANDRY,AIME LA PLAGNE,16,0.0
LANDRY,AIME LA PLAGNE,17,0.0
LANDRY,AIME LA PLAGNE,18,0.0
LANDRY,AIME LA PLAGNE,19,0.0
LANDRY,AIME LA PLAGNE,20,0.0
LANDRY,AIME LA PLAGNE,21,0.0
LANDRY,AIME LA PLAGNE,22,0.0
LANDRY,AIME LA PLAGNE,23,0.0
LANDRY,AIME LA PLAGNE,24,0.0
LANDRY,AIME LA PLAGNE,25,0.0
LANDRY,AIME LA PLAGNE,26,0.0
LANDRY,AIME LA PLAGNE,27,0.0
LANDRY,AIME LA PLAGNE,28,0.0
LANDRY,AIME LA PLAGNE,29,0.0
LANDRY,AIME LA PLAGNE,30,0.0
LANDRY,ALBERTVILLE,0,0.45
LANDRY,ALBERTVILLE,1,0.4454545454545455
LANDRY,ALBERTVILLE,2,0.3727272727272727
LANDRY,ALBERTVILLE,3,0.3727272727272727
LANDRY,ALBERTVILLE,4,0.30454545454545456
LANDRY,ALBERTVILLE,5,0.34545454545454546
LANDRY,ALBERTVILLE,6,0.35454545454545455
LANDRY,ALBERTVILLE,7,0.2818181818181818
LANDRY,ALBERTVILLE,8,0.2681818181818182
LANDRY,ALBERTVILLE,9,0.2681818181818182
LANDRY,ALBERTVILLE,10,0.2590909090909091
LANDRY,ALBERTVILLE,11,0.19545454545454544
LANDRY,ALBERTVILLE,12,0.0
LANDRY,ALBERTVILLE,13,0.0
LANDRY,ALBERTVILLE,14,0.0
LANDRY,ALBERTVILLE,15,0.0
LANDRY,ALBERTVILLE,16,0.0
LANDRY,ALBERTVILLE,17,0.0
LANDRY,ALBERTVILLE,18,0.0
LANDRY,ALBERTVILLE,19,0.0
LANDRY,ALBERTVILLE,20,0.0
LANDRY,ALBERTVILLE,21,0.0
LANDRY,ALBERTVILLE,22,0.0
LANDRY,ALBERTVILLE,23,0.0
LANDRY,ALBERTVILLE,24,0.0
LANDRY,ALBERTVILLE,25,0.0
LANDRY,ALBERTVILLE,26,0.0
LANDRY,ALBERTVILLE,27,0.0
LANDRY,ALBERTVILLE,28,0.0
LANDRY,ALBERTVILLE,29,0.0
LANDRY,ALBERTVILLE,30,0.0
LANDRY,ARRAS,0,0.4227272727272727
LANDRY,ARRAS,1,0.36818181818181817
LANDRY,ARRAS,2,0.35454545454545455
LANDRY,ARRAS,3,0.20454545454545456
LANDRY,ARRAS,4,0.022727272727272728
LANDRY,ARRAS,5,0.004545454545454546
LANDRY,ARRAS,6,0.01363636363636364
LANDRY,ARRAS,7,0.009090909090909092
LANDRY,ARRAS,8,0.0
LANDRY,ARRAS,9,0.0
LANDRY,ARRAS,10,0.0
LANDRY,ARRAS,11,0.004545454545454546
LANDRY,ARRAS,12,0.0
LANDRY,ARRAS,13,0.0
LANDRY,ARRAS,14,0.0
LANDRY,ARRAS,15,0.0
LANDRY,ARRAS,16,0.0
LANDRY,ARRAS,17,0.0
LANDRY,ARRAS,18,0.0
LANDRY,ARRAS,19,0.0
LANDRY,ARRAS,20,0.0
LANDRY,ARRAS,21,0.0
LANDRY,ARRAS,22,0.0
LANDRY,ARRAS,23,0.0
LANDRY,ARRAS,24,0.0
LANDRY,ARRAS,25,0.0
LANDRY,ARRAS,26,0.0
LANDRY,ARRAS,27,0.0
LANDRY,ARRAS,28,0.004545454545454546
LANDRY,ARRAS,29,0.004545454545454546
LANDRY,ARRAS,30,0.0
LANDRY,CHAMBERY CHALLES LES EAUX,0,0.4681818181818182
LANDRY,CHAMBERY CHALLES LES EAUX,1,0.43636363636363634
LANDRY,CHAMBERY CHALLES LES EAUX,2,0.36818181818181817
LANDRY,CHAMBERY CHALLES LES EAUX,3,0.35454545454545455
LANDRY,CHAMBERY CHALLES LES EAUX,4,0.2863636363636364
LANDRY,CHAMBERY CHALLES LES EAUX,5,0.31363636363636366
LANDRY,CHAMBERY CHALLES LES EAUX,6,0.35000000000000003
LANDRY,CHAMBERY CHALLES LES EAUX,7,0.2772727272727273
LANDRY,CHAMBERY CHALLES LES EAUX,8,0.2636363636363636
LANDRY,CHAMBERY CHALLES LES EAUX,9,0.2636363636363636
LANDRY,CHAMBERY CHALLES LES EAUX,10,0.2590909090909091
LANDRY,CHAMBERY CHALLES LES EAUX,11,0.18181818181818182
LANDRY,CHAMBERY CHALLES LES EAUX,12,0.0
LANDRY,CHAMBERY CHALLES LES EAUX,13,0.0
LANDRY,CHAMBERY CHALLES LES EAUX,14,0.0
LANDRY,CHAMBERY CHALLES LES EAUX,15,0.0
LANDRY,CHAMBERY CHALLES LES EAUX,16,0.0
LANDRY,CHAMBERY CHALLES LES EAUX,17,0.0
LANDRY,CHAMBERY CHALLES LES EAUX,18,0.0
LANDRY,CHAMBERY CHALLES LES EAUX,19,0.0
LANDRY,CHAMBERY CHALLES LES EAUX,20,0.0
LANDRY,CHAMBERY CHALLES LES EAUX,21,0.0
LANDRY,CHAMBERY CHALLES LES EAUX,22,0.0
LANDRY,CHAMBERY CHALLES LES EAUX,23,0.0
LANDRY,CHAMBERY CHALLES LES EAUX,24,0.0
LANDRY,CHAMBERY CHALLES LES EAUX,25,0.0
LANDRY,CHAMBERY CHALLES LES EAUX,26,0.0
LANDRY,CHAMBERY CHALLES LES EAUX,27,0.0
LANDRY,CHAMBERY CHALLES LES EAUX,28,0.0
LANDRY,CHAMBERY CHALLES LES EAUX,29,0.0
LANDRY,CHAMBERY CHALLES LES EAUX,30,0.0
LANDRY,DOUAI,0,0.44090909090909086
LANDRY,DOUAI,1,0.3318181818181818
LANDRY,DOUAI,2,0.33181818181818185
LANDRY,DOUAI,3,0.1863636363636364
LANDRY,DOUAI,4,0.01363636363636364
LANDRY,DOUAI,5,0.0
LANDRY,DOUAI,6,0.0
LANDRY,DOUAI,7,0.0
LANDRY,DOUAI,8,0.0
LANDRY,DOUAI,9,0.004545454545454546
LANDRY,DOUAI,10,0.0
LANDRY,DOUAI,11,0.0
LANDRY,DOUAI,12,0.0
LANDRY,DOUAI,13,0.0
LANDRY,DOUAI,14,0.0
LANDRY,DOUAI,15,0.0
LANDRY,DOUAI,16,0.0
LANDRY,DOUAI,17,0.0
LANDRY,DOUAI,18,0.0
LANDRY,DOUAI,19,0.0
LANDRY,DOUAI,20,0.0
LANDRY,DOUAI,21,0.0
LANDRY,DOUAI,22,0.0
LANDRY,DOUAI,23,0.0
LANDRY,DOUAI,24,0.0
LANDRY,DOUAI,25,0.0
LANDRY,DOUAI,26,0.0
LANDRY,DOUAI,27,0.0
LANDRY,DOUAI,28,0.0
LANDRY,DOUAI,29,0.0
LANDRY,DOUAI,30,0.0
LANDRY,LILLE (intramuros),0,0.4272727272727273
LANDRY,LILLE (intramuros),1,0.38636363636363635
LANDRY,LILLE (intramuros),2,0.3727272727272727
LANDRY,LILLE (intramuros),3,0.20454545454545456
LANDRY,LILLE (intramuros),4,0.049999999999999996
LANDRY,LILLE (intramuros),5,0.022727272727272728
LANDRY,LILLE (intramuros),6,0.018181818181818184
LANDRY,LILLE (intramuros),7,0.0
LANDRY,LILLE (intramuros),8,0.004545454545454546
LANDRY,LILLE (intramuros),9,0.022727272727272728
LANDRY,LILLE (intramuros),10,0.02727272727272728
LANDRY,LILLE (intramuros),11,0.06363636363636364
LANDRY,LILLE (intramuros),12,0.0
LANDRY,LILLE (intramuros),13,0.0
LANDRY,LILLE (intramuros),14,0.0
LANDRY,LILLE (intramuros),15,0.0
LANDRY,LILLE (intramuros),16,0.0
LANDRY,LILLE (intramuros),17,0.0
LANDRY,LILLE (intramuros),18,0.0
LANDRY,LILLE (intramuros),19,0.0
LANDRY,LILLE (intramuros),20,0.0
LANDRY,LILLE (intramuros),21,0.0
LANDRY,LILLE (intramuros),22,0.0
LANDRY,LILLE (intramuros),23,0.0
LANDRY,LILLE (intramuros),24,0.0
LANDRY,LILLE (intramuros),25,0.0
LANDRY,LILLE (intramuros),26,0.0
LANDRY,LILLE (intramuros),27,0.0
LANDRY,LILLE (intramuros),28,0.0
LANDRY,LILLE (intramuros),29,0.0
LANDRY,LILLE (intramuros),30,0.0
LANDRY,MARNE LA VALLEE CHESSY,0,0.5272727272727272
LANDRY,MARNE LA VALLEE CHESSY,1,0.3727272727272727
LANDRY,MARNE LA VALLEE CHESSY,2,0.36363636363636365
LANDRY,MARNE LA VALLEE CHESSY,3,0.20454545454545456
LANDRY,MARNE LA VALLEE CHESSY,4,0.02727272727272728
LANDRY,MARNE LA VALLEE CHESSY,5,0.01363636363636364
LANDRY,MARNE LA VALLEE CHESSY,6,0.009090909090909092
LANDRY,MARNE LA VALLEE CHESSY,7,0.009090909090909092
LANDRY,MARNE LA VALLEE CHESSY,8,0.0
LANDRY,MARNE LA VALLEE CHESSY,9,0.0
LANDRY,MARNE LA VALLEE CHESSY,10,0.004545454545454546
LANDRY,MARNE LA VALLEE CHESSY,11,0.004545454545454546
LANDRY,MARNE LA VALLEE CHESSY,12,0.0
LANDRY,MARNE LA VALLEE CHESSY,13,0.0
LANDRY,MARNE LA VALLEE CHESSY,14,0.0
LANDRY,MARNE LA VALLEE CHESSY,15,0.0
LANDRY,MARNE LA VALLEE CHESSY,16,0.0
LANDRY,MARNE LA VALLEE CHESSY,17,0.0
LANDRY,MARNE LA VALLEE CHESSY,18,0.0
LANDRY,MARNE LA VALLEE CHESSY,19,0.0
LANDRY,MARNE LA VALLEE CHESSY,20,0.0
LANDRY,MARNE LA VALLEE CHESSY,21,0.004545454545454546
LANDRY,MARNE LA VALLEE CHESSY,22,0.0
LANDRY,MARNE LA VALLEE CHESSY,23,0.0
LANDRY,MARNE LA VALLEE CHESSY,24,0.004545454545454546
LANDRY,MARNE LA VALLEE CHESSY,25,0.004545454545454546
LANDRY,MARNE LA VALLEE CHESSY,26,0.0
LANDRY,MARNE LA VALLEE CHESSY,27,0.0
LANDRY,MARNE LA VALLEE CHESSY,28,0.0
LANDRY,MARNE LA VALLEE CHESSY,29,0.0
LANDRY,MARNE LA VALLEE CHESSY,30,0.0
LANDRY,MOUTIERS SALINS BRIDES LES BAINS,0,0.4681818181818182
LANDRY,MOUTIERS SALINS BRIDES LES BAINS,1,0.4681818181818182
LANDRY,MOUTIERS SALINS BRIDES LES BAINS,2,0.38636363636363635
LANDRY,MOUTIERS SALINS BRIDES LES BAINS,3,0.35000000000000003
LANDRY,MOUTIERS SALINS BRIDES LES BAINS,4,0.3090909090909091
LANDRY,MOUTIERS SALINS BRIDES LES BAINS,5,0.34545454545454546
LANDRY,MOUTIERS SALINS BRIDES LES BAINS,6,0.35454545454545455
LANDRY,MOUTIERS SALINS BRIDES LES BAINS,7,0.2681818181818182
LANDRY,MOUTIERS SALINS BRIDES LES BAINS,8,0.2681818181818182
LANDRY,MOUTIERS SALINS BRIDES LES BAINS,9,0.2681818181818182
LANDRY,MOUTIERS SALINS BRIDES LES BAINS,10,0.2636363636363636
LANDRY,MOUTIERS SALINS BRIDES LES BAINS,11,0.18636363636363634
LANDRY,MOUTIERS SALINS BRIDES LES BAINS,12,0.009090909090909092
LANDRY,MOUTIERS SALINS BRIDES LES BAINS,13,0.0
LANDRY,MOUTIERS SALINS BRIDES LES BAINS,14,0.0
LANDRY,MOUTIERS SALINS BRIDES LES BAINS,15,0.0
LANDRY,MOUTIERS SALINS BRIDES LES BAINS,16,0.0
LANDRY,MOUTIERS SALINS BRIDES LES BAINS,17,0.0
LANDRY,MOUTIERS SALINS BRIDES LES BAINS,18,0.0
LANDRY,MOUTIERS SALINS BRIDES LES BAINS,19,0.0
LANDRY,MOUTIERS SALINS BRIDES LES BAINS,20,0.0
LANDRY,MOUTIERS SALINS BRIDES LES BAINS,21,0.0
LANDRY,MOUTIERS SALINS BRIDES LES BAINS,22,0.0
LANDRY,MOUTIERS SALINS BRIDES LES BAINS,23,0.0
LANDRY,MOUTIERS SALINS BRIDES LES BAINS,24,0.0
LANDRY,MOUTIERS SALINS BRIDES LES BAINS,25,0.0
LANDRY,MOUTIERS SALINS BRIDES LES BAINS,26,0.0
LANDRY,MOUTIERS SALINS BRIDES LES BAINS,27,0.0
LANDRY,MOUTIERS SALINS BRIDES LES BAINS,28,0.0
LANDRY,MOUTIERS SALINS BRIDES LES BAINS,29,0.0
LANDRY,MOUTIERS SALINS BRIDES LES BAINS,30,0.0
LANDRY,TGV HAUTE PICARDIE,0,0.44090909090909086
LANDRY,TGV HAUTE PICARDIE,1,0.36363636363636365
LANDRY,TGV HAUTE PICARDIE,2,0.34545454545454546
LANDRY,TGV HAUTE PICARDIE,3,0.21363636363636365
LANDRY,TGV HAUTE PICARDIE,4,0.01818181818181818
LANDRY,TGV HAUTE PICARDIE,5,0.004545454545454546
LANDRY,TGV HAUTE PICARDIE,6,0.0
LANDRY,TGV HAUTE PICARDIE,7,0.0
LANDRY,TGV HAUTE PICARDIE,8,0.0
LANDRY,TGV HAUTE PICARDIE,9,0.0
LANDRY,TGV HAUTE PICARDIE,10,0.0
LANDRY,TGV HAUTE PICARDIE,11,0.0
LANDRY,TGV HAUTE PICARDIE,12,0.0
LANDRY,TGV HAUTE PICARDIE,13,0.0
LANDRY,TGV HAUTE PICARDIE,14,0.0
LANDRY,TGV HAUTE PICARDIE,15,0.0
LANDRY,TGV HAUTE PICARDIE,16,0.0
LANDRY,TGV HAUTE PICARDIE,17,0.0
LANDRY,TGV HAUTE PICARDIE,18,0.0
LANDRY,TGV HAUTE PICARDIE,19,0.0
LANDRY,TGV HAUTE PICARDIE,20,0.0
LANDRY,TGV HAUTE PICARDIE,21,0.0
LANDRY,TGV HAUTE PICARDIE,22,0.0
LANDRY,TGV HAUTE PICARDIE,23,0.0
LANDRY,TGV HAUTE PICARDIE,24,0.0
LANDRY,TGV HAUTE PICARDIE,25,0.0
LANDRY,TGV HAUTE PICARDIE,26,0.0
LANDRY,TGV HAUTE PICARDIE,27,0.0
LANDRY,TGV HAUTE PICARDIE,28,0.0
LANDRY,TGV HAUTE PICARDIE,29,0.0
LANDRY,TGV HAUTE PICARDIE,30,0.0
LE CREUSOT MONTCEAU MONTCHANIN,AEROPORT ROISSY CDG 2 TGV,0,0.4946058091286307
LE CREUSOT MONTCEAU MONTCHANIN,AEROPORT ROISSY CDG 2 TGV,1,0.5117768595041322
LE CREUSOT MONTCEAU MONTCHANIN,AEROPORT ROISSY CDG 2 TGV,2,0.5292181069958848
LE CREUSOT MONTCEAU MONTCHANIN,AEROPORT ROISSY CDG 2 TGV,3,0.49224489795918364
LE CREUSOT MONTCEAU MONTCHANIN,AEROPORT ROISSY CDG 2 TGV,4,0.3061475409836066
LE CREUSOT MONTCEAU MONTCHANIN,AEROPORT ROISSY CDG 2 TGV,5,0.29285714285714287
LE CREUSOT MONTCEAU MONTCHANIN,AEROPORT ROISSY CDG 2 TGV,6,0.2874493927125506
LE CREUSOT MONTCEAU MONTCHANIN,AEROPORT ROISSY CDG 2 TGV,7,0.2975708502024291
LE CREUSOT MONTCEAU MONTCHANIN,AEROPORT ROISSY CDG 2 TGV,8,0.3118951612903226
LE CREUSOT MONTCEAU MONTCHANIN,AEROPORT ROISSY CDG 2 TGV,9,0.31485943775100406
LE CREUSOT MONTCEAU MONTCHANIN,AEROPORT ROISSY CDG 2 TGV,10,0.3065737051792829
LE CREUSOT MONTCEAU MONTCHANIN,AEROPORT ROISSY CDG 2 TGV,11,0.305
LE CREUSOT MONTCEAU MONTCHANIN,AEROPORT ROISSY CDG 2 TGV,12,0.1012
LE CREUSOT MONTCEAU MONTCHANIN,AEROPORT ROISSY CDG 2 TGV,13,0.09206349206349206
LE CREUSOT MONTCEAU MONTCHANIN,AEROPORT ROISSY CDG 2 TGV,14,0.0884920634920635
LE CREUSOT MONTCEAU MONTCHANIN,AEROPORT ROISSY CDG 2 TGV,15,0.08784860557768924
LE CREUSOT MONTCEAU MONTCHANIN,AEROPORT ROISSY CDG 2 TGV,16,0.08968253968253968
LE CREUSOT MONTCEAU MONTCHANIN,AEROPORT ROISSY CDG 2 TGV,17,0.08735177865612649
LE CREUSOT MONTCEAU MONTCHANIN,AEROPORT ROISSY CDG 2 TGV,18,0.08968253968253968
LE CREUSOT MONTCEAU MONTCHANIN,AEROPORT ROISSY CDG 2 TGV,19,0.09110671936758893
LE CREUSOT MONTCEAU MONTCHANIN,AEROPORT ROISSY CDG 2 TGV,20,0.09229249011857708
LE CREUSOT MONTCEAU MONTCHANIN,AEROPORT ROISSY CDG 2 TGV,21,0.09682539682539681
LE CREUSOT MONTCEAU MONTCHANIN,AEROPORT ROISSY CDG 2 TGV,22,0.09980314960629921
LE CREUSOT MONTCEAU MONTCHANIN,AEROPORT ROISSY CDG 2 TGV,23,0.09960629921259843
LE CREUSOT MONTCEAU MONTCHANIN,AEROPORT ROISSY CDG 2 TGV,24,0.10354330708661418
LE CREUSOT MONTCEAU MONTCHANIN,AEROPORT ROISSY CDG 2 TGV,25,0.11377952755905511
LE CREUSOT MONTCEAU MONTCHANIN,AEROPORT ROISSY CDG 2 TGV,26,0.12066929133858267
LE CREUSOT MONTCEAU MONTCHANIN,AEROPORT ROISSY CDG 2 TGV,27,0.1267716535433071
LE CREUSOT MONTCEAU MONTCHANIN,AEROPORT ROISSY CDG 2 TGV,28,0.1311023622047244
LE CREUSOT MONTCEAU MONTCHANIN,AEROPORT ROISSY CDG 2 TGV,29,0.13208661417322834
LE CREUSOT MONTCEAU MONTCHANIN,AEROPORT ROISSY CDG 2 TGV,30,0.018700787401574805
LE CREUSOT MONTCEAU MONTCHANIN,BRUXELLES MIDI,0,0.4782157676348548
LE CREUSOT MONTCEAU MONTCHANIN,BRUXELLES MIDI,1,0.49607438016528926
LE CREUSOT MONTCEAU MONTCHANIN,BRUXELLES MIDI,2,0.5096707818930041
LE CREUSOT MONTCEAU MONTCHANIN,BRUXELLES MIDI,3,0.4761224489795919
LE CREUSOT MONTCEAU MONTCHANIN,BRUXELLES MIDI,4,0.3184426229508197
LE CREUSOT MONTCEAU MONTCHANIN,BRUXELLES MIDI,5,0.2953061224489796
LE CREUSOT MONTCEAU MONTCHANIN,BRUXELLES MIDI,6,0.28927125506072876
LE CREUSOT MONTCEAU MONTCHANIN,BRUXELLES MIDI,7,0.2991902834008097
LE CREUSOT MONTCEAU MONTCHANIN,BRUXELLES MIDI,8,0.30604838709677423
LE CREUSOT MONTCEAU MONTCHANIN,BRUXELLES MIDI,9,0.3070281124497992
LE CREUSOT MONTCEAU MONTCHANIN,BRUXELLES MIDI,10,0.300796812749004
LE CREUSOT MONTCEAU MONTCHANIN,BRUXELLES MIDI,11,0.2988
LE CREUSOT MONTCEAU MONTCHANIN,BRUXELLES MIDI,12,0.096
LE CREUSOT MONTCEAU MONTCHANIN,BRUXELLES MIDI,13,0.0873015873015873
LE CREUSOT MONTCEAU MONTCHANIN,BRUXELLES MIDI,14,0.08392857142857142
LE CREUSOT MONTCEAU MONTCHANIN,BRUXELLES MIDI,15,0.0846613545816733
LE CREUSOT MONTCEAU MONTCHANIN,BRUXELLES MIDI,16,0.0876984126984127
LE CREUSOT MONTCEAU MONTCHANIN,BRUXELLES MIDI,17,0.08735177865612649
LE CREUSOT MONTCEAU MONTCHANIN,BRUXELLES MIDI,18,0.08968253968253968
LE CREUSOT MONTCEAU MONTCHANIN,BRUXELLES MIDI,19,0.08932806324110673
LE CREUSOT MONTCEAU MONTCHANIN,BRUXELLES MIDI,20,0.08853754940711461
LE CREUSOT MONTCEAU MONTCHANIN,BRUXELLES MIDI,21,0.09404761904761905
LE CREUSOT MONTCEAU MONTCHANIN,BRUXELLES MIDI,22,0.09645669291338582
LE CREUSOT MONTCEAU MONTCHANIN,BRUXELLES MIDI,23,0.09803149606299212
LE CREUSOT MONTCEAU MONTCHANIN,BRUXELLES MIDI,24,0.10334645669291338
LE CREUSOT MONTCEAU MONTCHANIN,BRUXELLES MIDI,25,0.11377952755905511
LE CREUSOT MONTCEAU MONTCHANIN,BRUXELLES MIDI,26,0.11594488188976378
LE CREUSOT MONTCEAU MONTCHANIN,BRUXELLES MIDI,27,0.12283464566929134
LE CREUSOT MONTCEAU MONTCHANIN,BRUXELLES MIDI,28,0.13070866141732285
LE CREUSOT MONTCEAU MONTCHANIN,BRUXELLES MIDI,29,0.12913385826771653
LE CREUSOT MONTCEAU MONTCHANIN,BRUXELLES MIDI,30,0.01889763779527559
LE CREUSOT MONTCEAU MONTCHANIN,LILLE (intramuros),0,0.4939834024896265
LE CREUSOT MONTCEAU MONTCHANIN,LILLE (intramuros),1,0.5117768595041322
LE CREUSOT MONTCEAU MONTCHANIN,LILLE (intramuros),2,0.5179012345679012
LE CREUSOT MONTCEAU MONTCHANIN,LILLE (intramuros),3,0.4857142857142857
LE CREUSOT MONTCEAU MONTCHANIN,LILLE (intramuros),4,0.31618852459016394
LE CREUSOT MONTCEAU MONTCHANIN,LILLE (intramuros),5,0.2963265306122449
LE CREUSOT MONTCEAU MONTCHANIN,LILLE (intramuros),6,0.28522267206477736
LE CREUSOT MONTCEAU MONTCHANIN,LILLE (intramuros),7,0.2925101214574899
LE CREUSOT MONTCEAU MONTCHANIN,LILLE (intramuros),8,0.3082661290322581
LE CREUSOT MONTCEAU MONTCHANIN,LILLE (intramuros),9,0.31345381526104416
LE CREUSOT MONTCEAU MONTCHANIN,LILLE (intramuros),10,0.3029880478087649
LE CREUSOT MONTCEAU MONTCHANIN,LILLE (intramuros),11,0.307
LE CREUSOT MONTCEAU MONTCHANIN,LILLE (intramuros),12,0.099
LE CREUSOT MONTCEAU MONTCHANIN,LILLE (intramuros),13,0.08888888888888888
LE CREUSOT MONTCEAU MONTCHANIN,LILLE (intramuros),14,0.0865079365079365
LE CREUSOT MONTCEAU MONTCHANIN,LILLE (intramuros),15,0.0850597609561753
LE CREUSOT MONTCEAU MONTCHANIN,LILLE (intramuros),16,0.0884920634920635
LE CREUSOT MONTCEAU MONTCHANIN,LILLE (intramuros),17,0.08735177865612649
LE CREUSOT MONTCEAU MONTCHANIN,LILLE (intramuros),18,0.09007936507936508
LE CREUSOT MONTCEAU MONTCHANIN,LILLE (intramuros),19,0.08952569169960474
LE CREUSOT MONTCEAU MONTCHANIN,LILLE (intramuros),20,0.09249011857707509
LE CREUSOT MONTCEAU MONTCHANIN,LILLE (intramuros),21,0.09603174603174602
LE CREUSOT MONTCEAU MONTCHANIN,LILLE (intramuros),22,0.0984251968503937
LE CREUSOT MONTCEAU MONTCHANIN,LILLE (intramuros),23,0.09999999999999999
LE CREUSOT MONTCEAU MONTCHANIN,LILLE (intramuros),24,0.10255905511811024
LE CREUSOT MONTCEAU MONTCHANIN,LILLE (intramuros),25,0.11456692913385827
LE CREUSOT MONTCEAU MONTCHANIN,LILLE (intramuros),26,0.11850393700787402
LE CREUSOT MONTCEAU MONTCHANIN,LILLE (intramuros),27,0.1261811023622047
LE CREUSOT MONTCEAU MONTCHANIN,LILLE (intramuros),28,0.13228346456692913
LE CREUSOT MONTCEAU MONTCHANIN,LILLE (intramuros),29,0.13602362204724408
LE CREUSOT MONTCEAU MONTCHANIN,LILLE (intramuros),30,0.022440944881889763
LE CREUSOT MONTCEAU MONTCHANIN,MARNE LA VALLEE CHESSY,0,0.5149377593360995
LE CREUSOT MONTCEAU MONTCHANIN,MARNE LA VALLEE CHESSY,1,0.518595041322314
LE CREUSOT MONTCEAU MONTCHANIN,MARNE LA VALLEE CHESSY,2,0.5304526748971193
LE CREUSOT MONTCEAU MONTCHANIN,MARNE LA VALLEE CHESSY,3,0.48918367346938774
LE CREUSOT MONTCEAU MONTCHANIN,MARNE LA VALLEE CHESSY,4,0.30881147540983606
LE CREUSOT MONTCEAU MONTCHANIN,MARNE LA VALLEE CHESSY,5,0.3024489795918367
LE CREUSOT MONTCEAU MONTCHANIN,MARNE LA VALLEE CHESSY,6,0.28663967611336033
LE CREUSOT MONTCEAU MONTCHANIN,MARNE LA VALLEE CHESSY,7,0.29048582995951416
LE CREUSOT MONTCEAU MONTCHANIN,MARNE LA VALLEE CHESSY,8,0.30786290322580645
LE CREUSOT MONTCEAU MONTCHANIN,MARNE LA VALLEE CHESSY,9,0.30803212851405626
LE CREUSOT MONTCEAU MONTCHANIN,MARNE LA VALLEE CHESSY,10,0.29960159362549804
LE CREUSOT MONTCEAU MONTCHANIN,MARNE LA VALLEE CHESSY,11,0.30560000000000004
LE CREUSOT MONTCEAU MONTCHANIN,MARNE LA VALLEE CHESSY,12,0.0948
LE CREUSOT MONTCEAU MONTCHANIN,MARNE LA VALLEE CHESSY,13,0.09107142857142857
LE CREUSOT MONTCEAU MONTCHANIN,MARNE LA VALLEE CHESSY,14,0.0884920634920635
LE CREUSOT MONTCEAU MONTCHANIN,MARNE LA VALLEE CHESSY,15,0.08864541832669323
LE CREUSOT MONTCEAU MONTCHANIN,MARNE LA VALLEE CHESSY,16,0.08888888888888888
LE CREUSOT MONTCEAU MONTCHANIN,MARNE LA VALLEE CHESSY,17,0.08814229249011858
LE CREUSOT MONTCEAU MONTCHANIN,MARNE LA VALLEE CHESSY,18,0.09067460317460319
LE CREUSOT MONTCEAU MONTCHANIN,MARNE LA VALLEE CHESSY,19,0.09051383399209485
LE CREUSOT MONTCEAU MONTCHANIN,MARNE LA VALLEE CHESSY,20,0.09110671936758893
LE CREUSOT MONTCEAU MONTCHANIN,MARNE LA VALLEE CHESSY,21,0.09464285714285715
LE CREUSOT MONTCEAU MONTCHANIN,MARNE LA VALLEE CHESSY,22,0.09724409448818898
LE CREUSOT MONTCEAU MONTCHANIN,MARNE LA VALLEE CHESSY,23,0.09763779527559055
LE CREUSOT MONTCEAU MONTCHANIN,MARNE LA VALLEE CHESSY,24,0.10374015748031497
LE CREUSOT MONTCEAU MONTCHANIN,MARNE LA VALLEE CHESSY,25,0.11476377952755905
LE CREUSOT MONTCEAU MONTCHANIN,MARNE LA VALLEE CHESSY,26,0.1202755905511811
LE CREUSOT MONTCEAU MONTCHANIN,MARNE LA VALLEE CHESSY,27,0.12539370078740156
LE CREUSOT MONTCEAU MONTCHANIN,MARNE LA VALLEE CHESSY,28,0.13267716535433072
LE CREUSOT MONTCEAU MONTCHANIN,MARNE LA VALLEE CHESSY,29,0.13326771653543307
LE CREUSOT MONTCEAU MONTCHANIN,MARNE LA VALLEE CHESSY,30,0.016929133858267716
LILLE (intramuros),BRUXELLES MIDI,0,0.9494565217391304
LILLE (intramuros),BRUXELLES MIDI,1,0.9612771739130435
LILLE (intramuros),BRUXELLES MIDI,2,0.9671195652173913
LILLE (intramuros),BRUXELLES MIDI,3,0.9698369565217391
LILLE (intramuros),BRUXELLES MIDI,4,0.9648097826086957
LILLE (intramuros),BRUXELLES MIDI,5,0.9717391304347827
LILLE (intramuros),BRUXELLES MIDI,6,0.9820652173913043
LILLE (intramuros),BRUXELLES MIDI,7,0.9858695652173913
LILLE (intramuros),BRUXELLES MIDI,8,0.9876358695652173
LILLE (intramuros),BRUXELLES MIDI,9,0.9869565217391304
LILLE (intramuros),BRUXELLES MIDI,10,0.9862771739130435
LILLE (intramuros),BRUXELLES MIDI,11,0.9853260869565218
LILLE (intramuros),BRUXELLES MIDI,12,0.9645380434782609
LILLE (intramuros),BRUXELLES MIDI,13,0.959375
LILLE (intramuros),BRUXELLES MIDI,14,0.950679347826087
LILLE (intramuros),BRUXELLES MIDI,15,0.9498641304347827
LILLE (intramuros),BRUXELLES MIDI,16,0.9447010869565217
LILLE (intramuros),BRUXELLES MIDI,17,0.9451086956521739
LILLE (intramuros),BRUXELLES MIDI,18,0.9368206521739131
LILLE (intramuros),BRUXELLES MIDI,19,0.9381793478260869
LILLE (intramuros),BRUXELLES MIDI,20,0.9317934782608696
LILLE (intramuros),BRUXELLES MIDI,21,0.9259510869565217
LILLE (intramuros),BRUXELLES MIDI,22,0.9221467391304349
LILLE (intramuros),BRUXELLES MIDI,23,0.9199728260869565
LILLE (intramuros),BRUXELLES MIDI,24,0.914945652173913
LILLE (intramuros),BRUXELLES MIDI,25,0.9021739130434783
LILLE (intramuros),BRUXELLES MIDI,26,0.8951086956521739
LILLE (intramuros),BRUXELLES MIDI,27,0.8891304347826087
LILLE (intramuros),BRUXELLES MIDI,28,0.8831521739130435
LILLE (intramuros),BRUXELLES MIDI,29,0.8630434782608696
LILLE (intramuros),BRUXELLES MIDI,30,0.05737704918032787
LYON (intramuros),AEROPORT ROISSY CDG 2 TGV,0,0.7682065217391304
LYON (intramuros),AEROPORT ROISSY CDG 2 TGV,1,0.782608695652174
LYON (intramuros),AEROPORT ROISSY CDG 2 TGV,2,0.7832880434782609
LYON (intramuros),AEROPORT ROISSY CDG 2 TGV,3,0.7904891304347825
LYON (intramuros),AEROPORT ROISSY CDG 2 TGV,4,0.6880434782608695
LYON (intramuros),AEROPORT ROISSY CDG 2 TGV,5,0.6737771739130435
LYON (intramuros),AEROPORT ROISSY CDG 2 TGV,6,0.6737771739130435
LYON (intramuros),AEROPORT ROISSY CDG 2 TGV,7,0.6771739130434782
LYON (intramuros),AEROPORT ROISSY CDG 2 TGV,8,0.6769021739130434
LYON (intramuros),AEROPORT ROISSY CDG 2 TGV,9,0.6673913043478261
LYON (intramuros),AEROPORT ROISSY CDG 2 TGV,10,0.6872282608695652
LYON (intramuros),AEROPORT ROISSY CDG 2 TGV,11,0.7089673913043477
LYON (intramuros),AEROPORT ROISSY CDG 2 TGV,12,0.37336956521739134
LYON (intramuros),AEROPORT ROISSY CDG 2 TGV,13,0.3658967391304348
LYON (intramuros),AEROPORT ROISSY CDG 2 TGV,14,0.3619565217391304
LYON (intramuros),AEROPORT ROISSY CDG 2 TGV,15,0.36616847826086957
LYON (intramuros),AEROPORT ROISSY CDG 2 TGV,16,0.35407608695652176
LYON (intramuros),AEROPORT ROISSY CDG 2 TGV,17,0.3622282608695652
LYON (intramuros),AEROPORT ROISSY CDG 2 TGV,18,0.3605978260869565
LYON (intramuros),AEROPORT ROISSY CDG 2 TGV,19,0.3554347826086957
LYON (intramuros),AEROPORT ROISSY CDG 2 TGV,20,0.36603260869565213
LYON (intramuros),AEROPORT ROISSY CDG 2 TGV,21,0.3690217391304348
LYON (intramuros),AEROPORT ROISSY CDG 2 TGV,22,0.3581521739130435
LYON (intramuros),AEROPORT ROISSY CDG 2 TGV,23,0.3533967391304348
LYON (intramuros),AEROPORT ROISSY CDG 2 TGV,24,0.37119565217391304
LYON (intramuros),AEROPORT ROISSY CDG 2 TGV,25,0.37880434782608696
LYON (intramuros),AEROPORT ROISSY CDG 2 TGV,26,0.383695652173913
LYON (intramuros),AEROPORT ROISSY CDG 2 TGV,27,0.38532608695652176
LYON (intramuros),AEROPORT ROISSY CDG 2 TGV,28,0.4032608695652174
LYON (intramuros),AEROPORT ROISSY CDG 2 TGV,29,0.3945652173913043
LYON (intramuros),AEROPORT ROISSY CDG 2 TGV,30,0.057240437158469944
LYON (intramuros),ARRAS,0,0.544672131147541
LYON (intramuros),ARRAS,1,0.5601092896174863
LYON (intramuros),ARRAS,2,0.5780054644808743
LYON (intramuros),ARRAS,3,0.5841530054644809
LYON (intramuros),ARRAS,4,0.4632513661202186
LYON (intramuros),ARRAS,5,0.44221311475409836
LYON (intramuros),ARRAS,6,0.4385245901639344
LYON (intramuros),ARRAS,7,0.4248633879781421
LYON (intramuros),ARRAS,8,0.42650273224043717
LYON (intramuros),ARRAS,9,0.4245901639344262
LYON (intramuros),ARRAS,10,0.44030054644808747
LYON (intramuros),ARRAS,11,0.45986301369863014
LYON (intramuros),ARRAS,12,0.19698630136986303
LYON (intramuros),ARRAS,13,0.1957650273224044
LYON (intramuros),ARRAS,14,0.20246575342465756
LYON (intramuros),ARRAS,15,0.20082191780821917
LYON (intramuros),ARRAS,16,0.1954794520547945
LYON (intramuros),ARRAS,17,0.1958904109589041
LYON (intramuros),ARRAS,18,0.19821428571428573
LYON (intramuros),ARRAS,19,0.1899725274725275
LYON (intramuros),ARRAS,20,0.19903846153846155
LYON (intramuros),ARRAS,21,0.2034435261707989
LYON (intramuros),ARRAS,22,0.19862637362637361
LYON (intramuros),ARRAS,23,0.19269972451790635
LYON (intramuros),ARRAS,24,0.2012430939226519
LYON (intramuros),ARRAS,25,0.19833795013850414
LYON (intramuros),ARRAS,26,0.19986149584487536
LYON (intramuros),ARRAS,27,0.20027777777777775
LYON (intramuros),ARRAS,28,0.2086111111111111
LYON (intramuros),ARRAS,29,0.20139275766016712
LYON (intramuros),ARRAS,30,0.03235294117647059
LYON (intramuros),BRUXELLES MIDI,0,0.6425271739130435
LYON (intramuros),BRUXELLES MIDI,1,0.6710597826086956
LYON (intramuros),BRUXELLES MIDI,2,0.6828804347826087
LYON (intramuros),BRUXELLES MIDI,3,0.66875
LYON (intramuros),BRUXELLES MIDI,4,0.49144021739130433
LYON (intramuros),BRUXELLES MIDI,5,0.46345108695652176
LYON (intramuros),BRUXELLES MIDI,6,0.45869565217391306
LYON (intramuros),BRUXELLES MIDI,7,0.4436141304347826
LYON (intramuros),BRUXELLES MIDI,8,0.43722826086956523
LYON (intramuros),BRUXELLES MIDI,9,0.4315217391304348
LYON (intramuros),BRUXELLES MIDI,10,0.43002717391304346
LYON (intramuros),BRUXELLES MIDI,11,0.4355978260869566
LYON (intramuros),BRUXELLES MIDI,12,0.19334239130434785
LYON (intramuros),BRUXELLES MIDI,13,0.17595108695652173
LYON (intramuros),BRUXELLES MIDI,14,0.1688858695652174
LYON (intramuros),BRUXELLES MIDI,15,0.1673913043478261
LYON (intramuros),BRUXELLES MIDI,16,0.16793478260869565
LYON (intramuros),BRUXELLES MIDI,17,0.16942934782608696
LYON (intramuros),BRUXELLES MIDI,18,0.16576086956521738
LYON (intramuros),BRUXELLES MIDI,19,0.16358695652173913
LYON (intramuros),BRUXELLES MIDI,20,0.1595108695652174
LYON (intramuros),BRUXELLES MIDI,21,0.16127717391304347
LYON (intramuros),BRUXELLES MIDI,22,0.17527173913043478
LYON (intramuros),BRUXELLES MIDI,23,0.18057065217391305
LYON (intramuros),BRUXELLES MIDI,24,0.17472826086956522
LYON (intramuros),BRUXELLES MIDI,25,0.18220108695652174
LYON (intramuros),BRUXELLES MIDI,26,0.18505434782608693
LYON (intramuros),BRUXELLES MIDI,27,0.1938858695652174
LYON (intramuros),BRUXELLES MIDI,28,0.1907608695652174
LYON (intramuros),BRUXELLES MIDI,29,0.19538043478260872
LYON (intramuros),BRUXELLES MIDI,30,0.036202185792349725
LYON (intramuros),DOUAI,0,0.5970125786163522
LYON (intramuros),DOUAI,1,0.6047169811320755
LYON (intramuros),DOUAI,2,0.6095611285266457
LYON (intramuros),DOUAI,3,0.6199059561128527
LYON (intramuros),DOUAI,4,0.49796238244514107
LYON (intramuros),DOUAI,5,0.48040752351097177
LYON (intramuros),DOUAI,6,0.47265625
LYON (intramuros),DOUAI,7,0.46739811912225704
LYON (intramuros),DOUAI,8,0.4638629283489097
LYON (intramuros),DOUAI,9,0.4571875
LYON (intramuros),DOUAI,10,0.4827586206896552
LYON (intramuros),DOUAI,11,0.5023510971786834
LYON (intramuros),DOUAI,12,0.22870662460567823
LYON (intramuros),DOUAI,13,0.217192429022082
LYON (intramuros),DOUAI,14,0.222397476340694
LYON (intramuros),DOUAI,15,0.22072784810126583
LYON (intramuros),DOUAI,16,0.21528662420382164
LYON (intramuros),DOUAI,17,0.21603174603174602
LYON (intramuros),DOUAI,18,0.22124600638977635
LYON (intramuros),DOUAI,19,0.21442307692307694
LYON (intramuros),DOUAI,20,0.22057877813504823
LYON (intramuros),DOUAI,21,0.22451612903225804
LYON (intramuros),DOUAI,22,0.21860841423948218
LYON (intramuros),DOUAI,23,0.21407766990291263
LYON (intramuros),DOUAI,24,0.21428571428571427
LYON (intramuros),DOUAI,25,0.21465798045602608
LYON (intramuros),DOUAI,26,0.21372549019607845
LYON (intramuros),DOUAI,27,0.20639344262295084
LYON (intramuros),DOUAI,28,0.22262295081967215
LYON (intramuros),DOUAI,29,0.22532894736842105
LYON (intramuros),DOUAI,30,0.032730263157894735
LYON (intramuros),LE CREUSOT MONTCEAU MONTCHANIN,0,0.758298755186722
LYON (intramuros),LE CREUSOT MONTCEAU MONTCHANIN,1,0.7603305785123967
LYON (intramuros),LE CREUSOT MONTCEAU MONTCHANIN,2,0.7524691358024691
LYON (intramuros),LE CREUSOT MONTCEAU MONTCHANIN,3,0.6775510204081633
LYON (intramuros),LE CREUSOT MONTCEAU MONTCHANIN,4,0.2483606557377049
LYON (intramuros),LE CREUSOT MONTCEAU MONTCHANIN,5,0.2236734693877551
LYON (intramuros),LE CREUSOT MONTCEAU MONTCHANIN,6,0.2174089068825911
LYON (intramuros),LE CREUSOT MONTCEAU MONTCHANIN,7,0.2117408906882591
LYON (intramuros),LE CREUSOT MONTCEAU MONTCHANIN,8,0.22318548387096776
LYON (intramuros),LE CREUSOT MONTCEAU MONTCHANIN,9,0.21967871485943777
LYON (intramuros),LE CREUSOT MONTCEAU MONTCHANIN,10,0.21872509960159361
LYON (intramuros),LE CREUSOT MONTCEAU MONTCHANIN,11,0.214
LYON (intramuros),LE CREUSOT MONTCEAU MONTCHANIN,12,0.1658
LYON (intramuros),LE CREUSOT MONTCEAU MONTCHANIN,13,0.1521825396825397
LYON (intramuros),LE CREUSOT MONTCEAU MONTCHANIN,14,0.15833333333333333
LYON (intramuros),LE CREUSOT MONTCEAU MONTCHANIN,15,0.16095617529880477
LYON (intramuros),LE CREUSOT MONTCEAU MONTCHANIN,16,0.16686507936507936
LYON (intramuros),LE CREUSOT MONTCEAU MONTCHANIN,17,0.16699604743083005
LYON (intramuros),LE CREUSOT MONTCEAU MONTCHANIN,18,0.17579365079365078
LYON (intramuros),LE CREUSOT MONTCEAU MONTCHANIN,19,0.1760869565217391
LYON (intramuros),LE CREUSOT MONTCEAU MONTCHANIN,20,0.17687747035573123
LYON (intramuros),LE CREUSOT MONTCEAU MONTCHANIN,21,0.18293650793650795
LYON (intramuros),LE CREUSOT MONTCEAU MONTCHANIN,22,0.18523622047244093
LYON (intramuros),LE CREUSOT MONTCEAU MONTCHANIN,23,0.1858267716535433
LYON (intramuros),LE CREUSOT MONTCEAU MONTCHANIN,24,0.1889763779527559
LYON (intramuros),LE CREUSOT MONTCEAU MONTCHANIN,25,0.19960629921259843
LYON (intramuros),LE CREUSOT MONTCEAU MONTCHANIN,26,0.2035433070866142
LYON (intramuros),LE CREUSOT MONTCEAU MONTCHANIN,27,0.20885826771653543
LYON (intramuros),LE CREUSOT MONTCEAU MONTCHANIN,28,0.21181102362204723
LYON (intramuros),LE CREUSOT MONTCEAU MONTCHANIN,29,0.20964566929133857
LYON (intramuros),LE CREUSOT MONTCEAU MONTCHANIN,30,0.03307086614173228
LYON (intramuros),LILLE (intramuros),0,0.7463315217391304
LYON (intramuros),LILLE (intramuros),1,0.7627717391304347
LYON (intramuros),LILLE (intramuros),2,0.7677989130434782
LYON (intramuros),LILLE (intramuros),3,0.7762228260869565
LYON (intramuros),LILLE (intramuros),4,0.649320652173913
LYON (intramuros),LILLE (intramuros),5,0.64375
LYON (intramuros),LILLE (intramuros),6,0.6495923913043479
LYON (intramuros),LILLE (intramuros),7,0.6275815217391304
LYON (intramuros),LILLE (intramuros),8,0.623641304347826
LYON (intramuros),LILLE (intramuros),9,0.6230978260869565
LYON (intramuros),LILLE (intramuros),10,0.6453804347826086
LYON (intramuros),LILLE (intramuros),11,0.6603260869565217
LYON (intramuros),LILLE (intramuros),12,0.33546195652173916
LYON (intramuros),LILLE (intramuros),13,0.32839673913043477
LYON (intramuros),LILLE (intramuros),14,0.32595108695652175
LYON (intramuros),LILLE (intramuros),15,0.3270380434782609
LYON (intramuros),LILLE (intramuros),16,0.325
LYON (intramuros),LILLE (intramuros),17,0.3262228260869565
LYON (intramuros),LILLE (intramuros),18,0.3296195652173913
LYON (intramuros),LILLE (intramuros),19,0.3203804347826087
LYON (intramuros),LILLE (intramuros),20,0.3228260869565217
LYON (intramuros),LILLE (intramuros),21,0.3262228260869565
LYON (intramuros),LILLE (intramuros),22,0.327445652173913
LYON (intramuros),LILLE (intramuros),23,0.32717391304347826
LYON (intramuros),LILLE (intramuros),24,0.3370923913043478
LYON (intramuros),LILLE (intramuros),25,0.3385869565217391
LYON (intramuros),LILLE (intramuros),26,0.3404891304347826
LYON (intramuros),LILLE (intramuros),27,0.34144021739130437
LYON (intramuros),LILLE (intramuros),28,0.3554347826086957
LYON (intramuros),LILLE (intramuros),29,0.3451086956521739
LYON (intramuros),LILLE (intramuros),30,0.04494535519125683
LYON (intramuros),LYON (intramuros),0,0.9316109422492401
LYON (intramuros),LYON (intramuros),1,0.9343465045592705
LYON (intramuros),LYON (intramuros),2,0.9449848024316109
LYON (intramuros),LYON (intramuros),3,0.9247720364741642
LYON (intramuros),LYON (intramuros),4,0.8359090909090909
LYON (intramuros),LYON (intramuros),5,0.7995454545454546
LYON (intramuros),LYON (intramuros),6,0.797878787878788
LYON (intramuros),LYON (intramuros),7,0.7874242424242425
LYON (intramuros),LYON (intramuros),8,0.781969696969697
LYON (intramuros),LYON (intramuros),9,0.7642424242424242
LYON (intramuros),LYON (intramuros),10,0.7542424242424243
LYON (intramuros),LYON (intramuros),11,0.7457575757575757
LYON (intramuros),LYON (intramuros),12,0.5179331306990882
LYON (intramuros),LYON (intramuros),13,0.5036474164133738
LYON (intramuros),LYON (intramuros),14,0.5015151515151515
LYON (intramuros),LYON (intramuros),15,0.49679878048780485
LYON (intramuros),LYON (intramuros),16,0.4801223241590214
LYON (intramuros),LYON (intramuros),17,0.4709480122324159
LYON (intramuros),LYON (intramuros),18,0.4807339449541284
LYON (intramuros),LYON (intramuros),19,0.4792048929663608
LYON (intramuros),LYON (intramuros),20,0.4724615384615385
LYON (intramuros),LYON (intramuros),21,0.4751543209876543
LYON (intramuros),LYON (intramuros),22,0.46553846153846157
LYON (intramuros),LYON (intramuros),23,0.4572530864197531
LYON (intramuros),LYON (intramuros),24,0.45062111801242233
LYON (intramuros),LYON (intramuros),25,0.4461300309597523
LYON (intramuros),LYON (intramuros),26,0.4385093167701863
LYON (intramuros),LYON (intramuros),27,0.42734375
LYON (intramuros),LYON (intramuros),28,0.4320872274143302
LYON (intramuros),LYON (intramuros),29,0.41640625
LYON (intramuros),LYON (intramuros),30,0.056624605678233436
LYON (intramuros),MARNE LA VALLEE CHESSY,0,0.7752717391304348
LYON (intramuros),MARNE LA VALLEE CHESSY,1,0.7777173913043478
LYON (intramuros),MARNE LA VALLEE CHESSY,2,0.7835597826086957
LYON (intramuros),MARNE LA VALLEE CHESSY,3,0.7963315217391305
LYON (intramuros),MARNE LA VALLEE CHESSY,4,0.6921195652173913
LYON (intramuros),MARNE LA VALLEE CHESSY,5,0.6722826086956522
LYON (intramuros),MARNE LA VALLEE CHESSY,6,0.6728260869565217
LYON (intramuros),MARNE LA VALLEE CHESSY,7,0.6830163043478261
LYON (intramuros),MARNE LA VALLEE CHESSY,8,0.680163043478261
LYON (intramuros),MARNE LA VALLEE CHESSY,9,0.6676630434782609
LYON (intramuros),MARNE LA VALLEE CHESSY,10,0.6885869565217392
LYON (intramuros),MARNE LA VALLEE CHESSY,11,0.710461956521739
LYON (intramuros),MARNE LA VALLEE CHESSY,12,0.37038043478260874
LYON (intramuros),MARNE LA VALLEE CHESSY,13,0.3672554347826087
LYON (intramuros),MARNE LA VALLEE CHESSY,14,0.35842391304347826
LYON (intramuros),MARNE LA VALLEE CHESSY,15,0.3641304347826087
LYON (intramuros),MARNE LA VALLEE CHESSY,16,0.3532608695652174
LYON (intramuros),MARNE LA VALLEE CHESSY,17,0.3615489130434783
LYON (intramuros),MARNE LA VALLEE CHESSY,18,0.36100543478260866
LYON (intramuros),MARNE LA VALLEE CHESSY,19,0.35692934782608693
LYON (intramuros),MARNE LA VALLEE CHESSY,20,0.3671195652173913
LYON (intramuros),MARNE LA VALLEE CHESSY,21,0.3702445652173913
LYON (intramuros),MARNE LA VALLEE CHESSY,22,0.35991847826086953
LYON (intramuros),MARNE LA VALLEE CHESSY,23,0.35692934782608693
LYON (intramuros),MARNE LA VALLEE CHESSY,24,0.3706521739130435
LYON (intramuros),MARNE LA VALLEE CHESSY,25,0.37961956521739126
LYON (intramuros),MARNE LA VALLEE CHESSY,26,0.3870923913043478
LYON (intramuros),MARNE LA VALLEE CHESSY,27,0.3870923913043478
LYON (intramuros),MARNE LA VALLEE CHESSY,28,0.4019021739130435
LYON (intramuros),MARNE LA VALLEE CHESSY,29,0.389945652173913
LYON (intramuros),MARNE LA VALLEE CHESSY,30,0.062431693989071044
LYON (intramuros),TGV HAUTE PICARDIE,0,0.5476775956284152
LYON (intramuros),TGV HAUTE PICARDIE,1,0.5639344262295082
LYON (intramuros),TGV HAUTE PICARDIE,2,0.5815573770491803
LYON (intramuros),TGV HAUTE PICARDIE,3,0.5784153005464481
LYON (intramuros),TGV HAUTE PICARDIE,4,0.4614754098360656
LYON (intramuros),TGV HAUTE PICARDIE,5,0.4443989071038251
LYON (intramuros),TGV HAUTE PICARDIE,6,0.43797814207650276
LYON (intramuros),TGV HAUTE PICARDIE,7,0.42568306010928963
LYON (intramuros),TGV HAUTE PICARDIE,8,0.42513661202185793
LYON (intramuros),TGV HAUTE PICARDIE,9,0.4237704918032787
LYON (intramuros),TGV HAUTE PICARDIE,10,0.44275956284153006
LYON (intramuros),TGV HAUTE PICARDIE,11,0.4693150684931507
LYON (intramuros),TGV HAUTE PICARDIE,12,0.2045205479452055
LYON (intramuros),TGV HAUTE PICARDIE,13,0.19781420765027324
LYON (intramuros),TGV HAUTE PICARDIE,14,0.2021917808219178
LYON (intramuros),TGV HAUTE PICARDIE,15,0.20013698630136986
LYON (intramuros),TGV HAUTE PICARDIE,16,0.1956164383561644
LYON (intramuros),TGV HAUTE PICARDIE,17,0.1978082191780822
LYON (intramuros),TGV HAUTE PICARDIE,18,0.19917582417582416
LYON (intramuros),TGV HAUTE PICARDIE,19,0.19162087912087913
LYON (intramuros),TGV HAUTE PICARDIE,20,0.19697802197802197
LYON (intramuros),TGV HAUTE PICARDIE,21,0.20578512396694215
LYON (intramuros),TGV HAUTE PICARDIE,22,0.19656593406593406
LYON (intramuros),TGV HAUTE PICARDIE,23,0.19049586776859506
LYON (intramuros),TGV HAUTE PICARDIE,24,0.19917127071823204
LYON (intramuros),TGV HAUTE PICARDIE,25,0.1981994459833795
LYON (intramuros),TGV HAUTE PICARDIE,26,0.1990304709141274
LYON (intramuros),TGV HAUTE PICARDIE,27,0.19972222222222225
LYON (intramuros),TGV HAUTE PICARDIE,28,0.20944444444444446
LYON (intramuros),TGV HAUTE PICARDIE,29,0.20598885793871868
LYON (intramuros),TGV HAUTE PICARDIE,30,0.03823529411764706
LYON ST EXUPERY TGV.,AEROPORT ROISSY CDG 2 TGV,0,0.95
LYON ST EXUPERY TGV.,AEROPORT ROISSY CDG 2 TGV,1,0.9
LYON ST EXUPERY TGV.,AEROPORT ROISSY CDG 2 TGV,2,0.95
LYON ST EXUPERY TGV.,AEROPORT ROISSY CDG 2 TGV,3,1.0
LYON ST EXUPERY TGV.,AEROPORT ROISSY CDG 2 TGV,4,1.0
LYON ST EXUPERY TGV.,AEROPORT ROISSY CDG 2 TGV,5,1.0
LYON ST EXUPERY TGV.,AEROPORT ROISSY CDG 2 TGV,6,1.0
LYON ST EXUPERY TGV.,AEROPORT ROISSY CDG 2 TGV,7,1.0
LYON ST EXUPERY TGV.,AEROPORT ROISSY CDG 2 TGV,8,1.0
LYON ST EXUPERY TGV.,AEROPORT ROISSY CDG 2 TGV,9,1.0
LYON ST EXUPERY TGV.,AEROPORT ROISSY CDG 2 TGV,10,0.95
LYON ST EXUPERY TGV.,AEROPORT ROISSY CDG 2 TGV,11,0.9
LYON ST EXUPERY TGV.,AEROPORT ROISSY CDG 2 TGV,12,1.0
LYON ST EXUPERY TGV.,AEROPORT ROISSY CDG 2 TGV,13,1.0
LYON ST EXUPERY TGV.,AEROPORT ROISSY CDG 2 TGV,14,0.95
LYON ST EXUPERY TGV.,AEROPORT ROISSY CDG 2 TGV,15,0.95
LYON ST EXUPERY TGV.,AEROPORT ROISSY CDG 2 TGV,16,1.0
LYON ST EXUPERY TGV.,AEROPORT ROISSY CDG 2 TGV,17,1.0
LYON ST EXUPERY TGV.,AEROPORT ROISSY CDG 2 TGV,18,1.0
LYON ST EXUPERY TGV.,AEROPORT ROISSY CDG 2 TGV,19,1.0
LYON ST EXUPERY TGV.,AEROPORT ROISSY CDG 2 TGV,20,1.0
LYON ST EXUPERY TGV.,AEROPORT ROISSY CDG 2 TGV,21,1.0
LYON ST EXUPERY TGV.,AEROPORT ROISSY CDG 2 TGV,22,0.95
LYON ST EXUPERY TGV.,AEROPORT ROISSY CDG 2 TGV,23,0.35
LYON ST EXUPERY TGV.,AEROPORT ROISSY CDG 2 TGV,24,0.0
LYON ST EXUPERY TGV.,AEROPORT ROISSY CDG 2 TGV,25,0.0
LYON ST EXUPERY TGV.,AEROPORT ROISSY CDG 2 TGV,26,0.0
LYON ST EXUPERY TGV.,AEROPORT ROISSY CDG 2 TGV,27,0.0
LYON ST EXUPERY TGV.,AEROPORT ROISSY CDG 2 TGV,28,0.0
LYON ST EXUPERY TGV.,AEROPORT ROISSY CDG 2 TGV,29,0.0
LYON ST EXUPERY TGV.,BRUXELLES MIDI,0,0.0
LYON ST EXUPERY TGV.,BRUXELLES MIDI,1,0.0
LYON ST EXUPERY TGV.,BRUXELLES MIDI,2,0.0
LYON ST EXUPERY TGV.,BRUXELLES MIDI,3,0.0
LYON ST EXUPERY TGV.,BRUXELLES MIDI,4,0.05
LYON ST EXUPERY TGV.,BRUXELLES MIDI,5,0.0
LYON ST EXUPERY TGV.,BRUXELLES MIDI,6,0.0
LYON ST EXUPERY TGV.,BRUXELLES MIDI,7,0.0
LYON ST EXUPERY TGV.,BRUXELLES MIDI,8,0.0
LYON ST EXUPERY TGV.,BRUXELLES MIDI,9,0.05
LYON ST EXUPERY TGV.,BRUXELLES MIDI,10,0.05
LYON ST EXUPERY TGV.,BRUXELLES MIDI,11,0.15
LYON ST EXUPERY TGV.,BRUXELLES MIDI,12,0.05
LYON ST EXUPERY TGV.,BRUXELLES MIDI,13,0.0
LYON ST EXUPERY TGV.,BRUXELLES MIDI,14,0.0
LYON ST EXUPERY TGV.,BRUXELLES MIDI,15,0.0
LYON ST EXUPERY TGV.,BRUXELLES MIDI,16,0.0
LYON ST EXUPERY TGV.,BRUXELLES MIDI,17,0.0
LYON ST EXUPERY TGV.,BRUXELLES MIDI,18,0.0
LYON ST EXUPERY TGV.,BRUXELLES MIDI,19,0.0
LYON ST EXUPERY TGV.,BRUXELLES MIDI,20,0.0
LYON ST EXUPERY TGV.,BRUXELLES MIDI,21,0.0
LYON ST EXUPERY TGV.,BRUXELLES MIDI,22,0.0
LYON ST EXUPERY TGV.,BRUXELLES MIDI,23,0.0
LYON ST EXUPERY TGV.,BRUXELLES MIDI,24,0.0
LYON ST EXUPERY TGV.,BRUXELLES MIDI,25,0.0
LYON ST EXUPERY TGV.,BRUXELLES MIDI,26,0.0
LYON ST EXUPERY TGV.,BRUXELLES MIDI,27,0.0
LYON ST EXUPERY TGV.,BRUXELLES MIDI,28,0.0
LYON ST EXUPERY TGV.,BRUXELLES MIDI,29,0.0
LYON ST EXUPERY TGV.,LILLE (intramuros),0,0.0
LYON ST EXUPERY TGV.,LILLE (intramuros),1,0.0
LYON ST EXUPERY TGV.,LILLE (intramuros),2,0.0
LYON ST EXUPERY TGV.,LILLE (intramuros),3,0.0
LYON ST EXUPERY TGV.,LILLE (intramuros),4,0.0
LYON ST EXUPERY TGV.,LILLE (intramuros),5,0.05
LYON ST EXUPERY TGV.,LILLE (intramuros),6,0.05
LYON ST EXUPERY TGV.,LILLE (intramuros),7,0.05
LYON ST EXUPERY TGV.,LILLE (intramuros),8,0.0
LYON ST EXUPERY TGV.,LILLE (intramuros),9,0.05
LYON ST EXUPERY TGV.,LILLE (intramuros),10,0.0
LYON ST EXUPERY TGV.,LILLE (intramuros),11,0.0
LYON ST EXUPERY TGV.,LILLE (intramuros),12,0.0
LYON ST EXUPERY TGV.,LILLE (intramuros),13,0.0
LYON ST EXUPERY TGV.,LILLE (intramuros),14,0.0
LYON ST EXUPERY TGV.,LILLE (intramuros),15,0.0
LYON ST EXUPERY TGV.,LILLE (intramuros),16,0.0
LYON ST EXUPERY TGV.,LILLE (intramuros),17,0.0
LYON ST EXUPERY TGV.,LILLE (intramuros),18,0.0
LYON ST EXUPERY TGV.,LILLE (intramuros),19,0.0
LYON ST EXUPERY TGV.,LILLE (intramuros),20,0.0
LYON ST EXUPERY TGV.,LILLE (intramuros),21,0.0
LYON ST EXUPERY TGV.,LILLE (intramuros),22,0.0
LYON ST EXUPERY TGV.,LILLE (intramuros),23,0.0
LYON ST EXUPERY TGV.,LILLE (intramuros),24,0.0
LYON ST EXUPERY TGV.,LILLE (intramuros),25,0.0
LYON ST EXUPERY TGV.,LILLE (intramuros),26,0.0
LYON ST EXUPERY TGV.,LILLE (intramuros),27,0.0
LYON ST EXUPERY TGV.,LILLE (intramuros),28,0.0
LYON ST EXUPERY TGV.,LILLE (intramuros),29,0.0
LYON ST EXUPERY TGV.,MARNE LA VALLEE CHESSY,0,0.9
LYON ST EXUPERY TGV.,MARNE LA VALLEE CHESSY,1,1.0
LYON ST EXUPERY TGV.,MARNE LA VALLEE CHESSY,2,1.0
LYON ST EXUPERY TGV.,MARNE LA VALLEE CHESSY,3,0.95
LYON ST EXUPERY TGV.,MARNE LA VALLEE CHESSY,4,0.95
LYON ST EXUPERY TGV.,MARNE LA VALLEE CHESSY,5,1.0
LYON ST EXUPERY TGV.,MARNE LA VALLEE CHESSY,6,0.95
LYON ST EXUPERY TGV.,MARNE LA VALLEE CHESSY,7,1.0
LYON ST EXUPERY TGV.,MARNE LA VALLEE CHESSY,8,1.0
LYON ST EXUPERY TGV.,MARNE LA VALLEE CHESSY,9,1.0
LYON ST EXUPERY TGV.,MARNE LA VALLEE CHESSY,10,1.0
LYON ST EXUPERY TGV.,MARNE LA VALLEE CHESSY,11,1.0
LYON ST EXUPERY TGV.,MARNE LA VALLEE CHESSY,12,1.0
LYON ST EXUPERY TGV.,MARNE LA VALLEE CHESSY,13,1.0
LYON ST EXUPERY TGV.,MARNE LA VALLEE CHESSY,14,1.0
LYON ST EXUPERY TGV.,MARNE LA VALLEE CHESSY,15,1.0
LYON ST EXUPERY TGV.,MARNE LA VALLEE CHESSY,16,1.0
LYON ST EXUPERY TGV.,MARNE LA VALLEE CHESSY,17,1.0
LYON ST EXUPERY TGV.,MARNE LA VALLEE CHESSY,18,1.0
LYON ST EXUPERY TGV.,MARNE LA VALLEE CHESSY,19,1.0
LYON ST EXUPERY TGV.,MARNE LA VALLEE CHESSY,20,1.0
LYON ST EXUPERY TGV.,MARNE LA VALLEE CHESSY,21,1.0
LYON ST EXUPERY TGV.,MARNE LA VALLEE CHESSY,22,1.0
LYON ST EXUPERY TGV.,MARNE LA VALLEE CHESSY,23,0.2
LYON ST EXUPERY TGV.,MARNE LA VALLEE CHESSY,24,0.0
LYON ST EXUPERY TGV.,MARNE LA VALLEE CHESSY,25,0.0
LYON ST EXUPERY TGV.,MARNE LA VALLEE CHESSY,26,0.0
LYON ST EXUPERY TGV.,MARNE LA VALLEE CHESSY,27,0.0
LYON ST EXUPERY TGV.,MARNE LA VALLEE CHESSY,28,0.0
LYON ST EXUPERY TGV.,MARNE LA VALLEE CHESSY,29,0.0
MARNE LA VALLEE CHESSY,AEROPORT ROISSY CDG 2 TGV,0,0.8279891304347826
MARNE LA VALLEE CHESSY,AEROPORT ROISSY CDG 2 TGV,1,0.8414402173913043
MARNE LA VALLEE CHESSY,AEROPORT ROISSY CDG 2 TGV,2,0.8380434782608696
MARNE LA VALLEE CHESSY,AEROPORT ROISSY CDG 2 TGV,3,0.8167119565217391
MARNE LA VALLEE CHESSY,AEROPORT ROISSY CDG 2 TGV,4,0.6255434782608695
MARNE LA VALLEE CHESSY,AEROPORT ROISSY CDG 2 TGV,5,0.5978260869565217
MARNE LA VALLEE CHESSY,AEROPORT ROISSY CDG 2 TGV,6,0.6005434782608695
MARNE LA VALLEE CHESSY,AEROPORT ROISSY CDG 2 TGV,7,0.5929347826086956
MARNE LA VALLEE CHESSY,AEROPORT ROISSY CDG 2 TGV,8,0.58125
MARNE LA VALLEE CHESSY,AEROPORT ROISSY CDG 2 TGV,9,0.5644021739130435
MARNE LA VALLEE CHESSY,AEROPORT ROISSY CDG 2 TGV,10,0.5565217391304348
MARNE LA VALLEE CHESSY,AEROPORT ROISSY CDG 2 TGV,11,0.5483695652173913
MARNE LA VALLEE CHESSY,AEROPORT ROISSY CDG 2 TGV,12,0.44864130434782606
MARNE LA VALLEE CHESSY,AEROPORT ROISSY CDG 2 TGV,13,0.43192934782608694
MARNE LA VALLEE CHESSY,AEROPORT ROISSY CDG 2 TGV,14,0.42201086956521744
MARNE LA VALLEE CHESSY,AEROPORT ROISSY CDG 2 TGV,15,0.41942934782608693
MARNE LA VALLEE CHESSY,AEROPORT ROISSY CDG 2 TGV,16,0.4139945652173913
MARNE LA VALLEE CHESSY,AEROPORT ROISSY CDG 2 TGV,17,0.41847826086956524
MARNE LA VALLEE CHESSY,AEROPORT ROISSY CDG 2 TGV,18,0.4097826086956522
MARNE LA VALLEE CHESSY,AEROPORT ROISSY CDG 2 TGV,19,0.40203804347826083
MARNE LA VALLEE CHESSY,AEROPORT ROISSY CDG 2 TGV,20,0.38682065217391304
MARNE LA VALLEE CHESSY,AEROPORT ROISSY CDG 2 TGV,21,0.3823369565217391
MARNE LA VALLEE CHESSY,AEROPORT ROISSY CDG 2 TGV,22,0.3771739130434783
MARNE LA VALLEE CHESSY,AEROPORT ROISSY CDG 2 TGV,23,0.3669836956521739
MARNE LA VALLEE CHESSY,AEROPORT ROISSY CDG 2 TGV,24,0.3684782608695652
MARNE LA VALLEE CHESSY,AEROPORT ROISSY CDG 2 TGV,25,0.37092391304347827
MARNE LA VALLEE CHESSY,AEROPORT ROISSY CDG 2 TGV,26,0.3658967391304348
MARNE LA VALLEE CHESSY,AEROPORT ROISSY CDG 2 TGV,27,0.35855978260869564
MARNE LA VALLEE CHESSY,AEROPORT ROISSY CDG 2 TGV,28,0.35366847826086956
MARNE LA VALLEE CHESSY,AEROPORT ROISSY CDG 2 TGV,29,0.3347826086956522
MARNE LA VALLEE CHESSY,AEROPORT ROISSY CDG 2 TGV,30,0.04672131147540984
MARNE LA VALLEE CHESSY,ARRAS,0,0.6362021857923497
MARNE LA VALLEE CHESSY,ARRAS,1,0.6318306010928961
MARNE LA VALLEE CHESSY,ARRAS,2,0.6434426229508197
MARNE LA VALLEE CHESSY,ARRAS,3,0.6424863387978142
MARNE LA VALLEE CHESSY,ARRAS,4,0.4704918032786885
MARNE LA VALLEE CHESSY,ARRAS,5,0.45109289617486337
MARNE LA VALLEE CHESSY,ARRAS,6,0.45642076502732243
MARNE LA VALLEE CHESSY,ARRAS,7,0.4546448087431694
MARNE LA VALLEE CHESSY,ARRAS,8,0.4501366120218579
MARNE LA VALLEE CHESSY,ARRAS,9,0.45874316939890714
MARNE LA VALLEE CHESSY,ARRAS,10,0.46010928961748637
MARNE LA VALLEE CHESSY,ARRAS,11,0.4491780821917808
MARNE LA VALLEE CHESSY,ARRAS,12,0.2863013698630137
MARNE LA VALLEE CHESSY,ARRAS,13,0.28032786885245903
MARNE LA VALLEE CHESSY,ARRAS,14,0.28136986301369865
MARNE LA VALLEE CHESSY,ARRAS,15,0.27904109589041093
MARNE LA VALLEE CHESSY,ARRAS,16,0.2747945205479452
MARNE LA VALLEE CHESSY,ARRAS,17,0.28027397260273973
MARNE LA VALLEE CHESSY,ARRAS,18,0.28447802197802197
MARNE LA VALLEE CHESSY,ARRAS,19,0.28035714285714286
MARNE LA VALLEE CHESSY,ARRAS,20,0.2826923076923077
MARNE LA VALLEE CHESSY,ARRAS,21,0.2895316804407713
MARNE LA VALLEE CHESSY,ARRAS,22,0.28035714285714286
MARNE LA VALLEE CHESSY,ARRAS,23,0.27548209366391185
MARNE LA VALLEE CHESSY,ARRAS,24,0.28687845303867404
MARNE LA VALLEE CHESSY,ARRAS,25,0.28490304709141273
MARNE LA VALLEE CHESSY,ARRAS,26,0.28614958448753464
MARNE LA VALLEE CHESSY,ARRAS,27,0.28444444444444444
MARNE LA VALLEE CHESSY,ARRAS,28,0.2926388888888889
MARNE LA VALLEE CHESSY,ARRAS,29,0.28105849582172704
MARNE LA VALLEE CHESSY,ARRAS,30,0.043137254901960784
MARNE LA VALLEE CHESSY,BRUXELLES MIDI,0,0.7025815217391305
MARNE LA VALLEE CHESSY,BRUXELLES MIDI,1,0.7180706521739131
MARNE LA VALLEE CHESSY,BRUXELLES MIDI,2,0.7131793478260869
MARNE LA VALLEE CHESSY,BRUXELLES MIDI,3,0.6995923913043478
MARNE LA VALLEE CHESSY,BRUXELLES MIDI,4,0.48817934782608696
MARNE LA VALLEE CHESSY,BRUXELLES MIDI,5,0.471875
MARNE LA VALLEE CHESSY,BRUXELLES MIDI,6,0.4887228260869565
MARNE LA VALLEE CHESSY,BRUXELLES MIDI,7,0.45366847826086953
MARNE LA VALLEE CHESSY,BRUXELLES MIDI,8,0.44904891304347827
MARNE LA VALLEE CHESSY,BRUXELLES MIDI,9,0.43342391304347827
MARNE LA VALLEE CHESSY,BRUXELLES MIDI,10,0.4179347826086957
MARNE LA VALLEE CHESSY,BRUXELLES MIDI,11,0.41263586956521736
MARNE LA VALLEE CHESSY,BRUXELLES MIDI,12,0.31698369565217394
MARNE LA VALLEE CHESSY,BRUXELLES MIDI,13,0.29769021739130436
MARNE LA VALLEE CHESSY,BRUXELLES MIDI,14,0.297554347826087
MARNE LA VALLEE CHESSY,BRUXELLES MIDI,15,0.2956521739130435
MARNE LA VALLEE CHESSY,BRUXELLES MIDI,16,0.30502717391304346
MARNE LA VALLEE CHESSY,BRUXELLES MIDI,17,0.3092391304347826
MARNE LA VALLEE CHESSY,BRUXELLES MIDI,18,0.3040760869565218
MARNE LA VALLEE CHESSY,BRUXELLES MIDI,19,0.2964673913043478
MARNE LA VALLEE CHESSY,BRUXELLES MIDI,20,0.28573369565217394
MARNE LA VALLEE CHESSY,BRUXELLES MIDI,21,0.27445652173913043
MARNE LA VALLEE CHESSY,BRUXELLES MIDI,22,0.27377717391304346
MARNE LA VALLEE CHESSY,BRUXELLES MIDI,23,0.2841032608695652
MARNE LA VALLEE CHESSY,BRUXELLES MIDI,24,0.28695652173913044
MARNE LA VALLEE CHESSY,BRUXELLES MIDI,25,0.29293478260869565
MARNE LA VALLEE CHESSY,BRUXELLES MIDI,26,0.2956521739130435
MARNE LA VALLEE CHESSY,BRUXELLES MIDI,27,0.2974184782608696
MARNE LA VALLEE CHESSY,BRUXELLES MIDI,28,0.29769021739130436
MARNE LA VALLEE CHESSY,BRUXELLES MIDI,29,0.2817934782608696
MARNE LA VALLEE CHESSY,BRUXELLES MIDI,30,0.05163934426229508
MARNE LA VALLEE CHESSY,DOUAI,0,0.6424242424242425
MARNE LA VALLEE CHESSY,DOUAI,1,0.645
MARNE LA VALLEE CHESSY,DOUAI,2,0.6395770392749245
MARNE LA VALLEE CHESSY,DOUAI,3,0.6350453172205438
MARNE LA VALLEE CHESSY,DOUAI,4,0.48081570996978856
MARNE LA VALLEE CHESSY,DOUAI,5,0.4601208459214502
MARNE LA VALLEE CHESSY,DOUAI,6,0.45225903614457835
MARNE LA VALLEE CHESSY,DOUAI,7,0.46042296072507555
MARNE LA VALLEE CHESSY,DOUAI,8,0.4542042042042042
MARNE LA VALLEE CHESSY,DOUAI,9,0.4629518072289156
MARNE LA VALLEE CHESSY,DOUAI,10,0.4700906344410876
MARNE LA VALLEE CHESSY,DOUAI,11,0.45513595166163145
MARNE LA VALLEE CHESSY,DOUAI,12,0.2952887537993921
MARNE LA VALLEE CHESSY,DOUAI,13,0.29316109422492403
MARNE LA VALLEE CHESSY,DOUAI,14,0.2966565349544073
MARNE LA VALLEE CHESSY,DOUAI,15,0.29771341463414636
MARNE LA VALLEE CHESSY,DOUAI,16,0.2937116564417178
MARNE LA VALLEE CHESSY,DOUAI,17,0.29434250764525993
MARNE LA VALLEE CHESSY,DOUAI,18,0.29707692307692307
MARNE LA VALLEE CHESSY,DOUAI,19,0.29182098765432096
MARNE LA VALLEE CHESSY,DOUAI,20,0.2952012383900929
MARNE LA VALLEE CHESSY,DOUAI,21,0.3001552795031056
MARNE LA VALLEE CHESSY,DOUAI,22,0.2922118380062305
MARNE LA VALLEE CHESSY,DOUAI,23,0.28473520249221185
MARNE LA VALLEE CHESSY,DOUAI,24,0.28484375
MARNE LA VALLEE CHESSY,DOUAI,25,0.28322884012539185
MARNE LA VALLEE CHESSY,DOUAI,26,0.28144654088050314
MARNE LA VALLEE CHESSY,DOUAI,27,0.27208201892744477
MARNE LA VALLEE CHESSY,DOUAI,28,0.27712933753943214
MARNE LA VALLEE CHESSY,DOUAI,29,0.27610759493670883
MARNE LA VALLEE CHESSY,DOUAI,30,0.0379746835443038
MARNE LA VALLEE CHESSY,LILLE (intramuros),0,0.8828804347826086
MARNE LA VALLEE CHESSY,LILLE (intramuros),1,0.8883152173913043
MARNE LA VALLEE CHESSY,LILLE (intramuros),2,0.8907608695652174
MARNE LA VALLEE CHESSY,LILLE (intramuros),3,0.8925271739130435
MARNE LA VALLEE CHESSY,LILLE (intramuros),4,0.757336956521739
MARNE LA VALLEE CHESSY,LILLE (intramuros),5,0.736141304347826
MARNE LA VALLEE CHESSY,LILLE (intramuros),6,0.727445652173913
MARNE LA VALLEE CHESSY,LILLE (intramuros),7,0.7101902173913044
MARNE LA VALLEE CHESSY,LILLE (intramuros),8,0.7099184782608695
MARNE LA VALLEE CHESSY,LILLE (intramuros),9,0.704891304347826
MARNE LA VALLEE CHESSY,LILLE (intramuros),10,0.6816576086956522
MARNE LA VALLEE CHESSY,LILLE (intramuros),11,0.6725543478260869
MARNE LA VALLEE CHESSY,LILLE (intramuros),12,0.5176630434782609
MARNE LA VALLEE CHESSY,LILLE (intramuros),13,0.5108695652173914
MARNE LA VALLEE CHESSY,LILLE (intramuros),14,0.4964673913043478
MARNE LA VALLEE CHESSY,LILLE (intramuros),15,0.49510869565217386
MARNE LA VALLEE CHESSY,LILLE (intramuros),16,0.49986413043478256
MARNE LA VALLEE CHESSY,LILLE (intramuros),17,0.4982336956521739
MARNE LA VALLEE CHESSY,LILLE (intramuros),18,0.48709239130434784
MARNE LA VALLEE CHESSY,LILLE (intramuros),19,0.4789402173913043
MARNE LA VALLEE CHESSY,LILLE (intramuros),20,0.4792119565217391
MARNE LA VALLEE CHESSY,LILLE (intramuros),21,0.4766304347826087
MARNE LA VALLEE CHESSY,LILLE (intramuros),22,0.47377717391304347
MARNE LA VALLEE CHESSY,LILLE (intramuros),23,0.47038043478260866
MARNE LA VALLEE CHESSY,LILLE (intramuros),24,0.47500000000000003
MARNE LA VALLEE CHESSY,LILLE (intramuros),25,0.47812499999999997
MARNE LA VALLEE CHESSY,LILLE (intramuros),26,0.47758152173913043
MARNE LA VALLEE CHESSY,LILLE (intramuros),27,0.4717391304347826
MARNE LA VALLEE CHESSY,LILLE (intramuros),28,0.4796195652173913
MARNE LA VALLEE CHESSY,LILLE (intramuros),29,0.45285326086956523
MARNE LA VALLEE CHESSY,LILLE (intramuros),30,0.0685792349726776
MARNE LA VALLEE CHESSY,TGV HAUTE PICARDIE,0,0.6394808743169399
MARNE LA VALLEE CHESSY,TGV HAUTE PICARDIE,1,0.6342896174863388
MARNE LA VALLEE CHESSY,TGV HAUTE PICARDIE,2,0.6445355191256831
MARNE LA VALLEE CHESSY,TGV HAUTE PICARDIE,3,0.6420765027322405
MARNE LA VALLEE CHESSY,TGV HAUTE PICARDIE,4,0.46939890710382515
MARNE LA VALLEE CHESSY,TGV HAUTE PICARDIE,5,0.45573770491803284
MARNE LA VALLEE CHESSY,TGV HAUTE PICARDIE,6,0.4571038251366121
MARNE LA VALLEE CHESSY,TGV HAUTE PICARDIE,7,0.455327868852459
MARNE LA VALLEE CHESSY,TGV HAUTE PICARDIE,8,0.4532786885245902
MARNE LA VALLEE CHESSY,TGV HAUTE PICARDIE,9,0.45874316939890714
MARNE LA VALLEE CHESSY,TGV HAUTE PICARDIE,10,0.46284153005464485
MARNE LA VALLEE CHESSY,TGV HAUTE PICARDIE,11,0.4489041095890411
MARNE LA VALLEE CHESSY,TGV HAUTE PICARDIE,12,0.2808219178082192
MARNE LA VALLEE CHESSY,TGV HAUTE PICARDIE,13,0.2815573770491803
MARNE LA VALLEE CHESSY,TGV HAUTE PICARDIE,14,0.28205479452054794
MARNE LA VALLEE CHESSY,TGV HAUTE PICARDIE,15,0.27808219178082194
MARNE LA VALLEE CHESSY,TGV HAUTE PICARDIE,16,0.2745205479452055
MARNE LA VALLEE CHESSY,TGV HAUTE PICARDIE,17,0.27657534246575344
MARNE LA VALLEE CHESSY,TGV HAUTE PICARDIE,18,0.28337912087912087
MARNE LA VALLEE CHESSY,TGV HAUTE PICARDIE,19,0.27815934065934067
MARNE LA VALLEE CHESSY,TGV HAUTE PICARDIE,20,0.2842032967032967
MARNE LA VALLEE CHESSY,TGV HAUTE PICARDIE,21,0.287465564738292
MARNE LA VALLEE CHESSY,TGV HAUTE PICARDIE,22,0.2793956043956044
MARNE LA VALLEE CHESSY,TGV HAUTE PICARDIE,23,0.2775482093663912
MARNE LA VALLEE CHESSY,TGV HAUTE PICARDIE,24,0.28812154696132597
MARNE LA VALLEE CHESSY,TGV HAUTE PICARDIE,25,0.2898891966759003
MARNE LA VALLEE CHESSY,TGV HAUTE PICARDIE,26,0.2865650969529086
MARNE LA VALLEE CHESSY,TGV HAUTE PICARDIE,27,0.285
MARNE LA VALLEE CHESSY,TGV HAUTE PICARDIE,28,0.2901388888888889
MARNE LA VALLEE CHESSY,TGV HAUTE PICARDIE,29,0.2823119777158774
MARNE LA VALLEE CHESSY,TGV HAUTE PICARDIE,30,0.04327731092436975
MARSEILLE ST CHARLES,AEROPORT ROISSY CDG 2 TGV,0,0.543070652173913
MARSEILLE ST CHARLES,AEROPORT ROISSY CDG 2 TGV,1,0.5355978260869565
MARSEILLE ST CHARLES,AEROPORT ROISSY CDG 2 TGV,2,0.5302989130434783
MARSEILLE ST CHARLES,AEROPORT ROISSY CDG 2 TGV,3,0.5213315217391304
MARSEILLE ST CHARLES,AEROPORT ROISSY CDG 2 TGV,4,0.3567934782608696
MARSEILLE ST CHARLES,AEROPORT ROISSY CDG 2 TGV,5,0.3565217391304348
MARSEILLE ST CHARLES,AEROPORT ROISSY CDG 2 TGV,6,0.36467391304347824
MARSEILLE ST CHARLES,AEROPORT ROISSY CDG 2 TGV,7,0.381929347826087
MARSEILLE ST CHARLES,AEROPORT ROISSY CDG 2 TGV,8,0.35923913043478256
MARSEILLE ST CHARLES,AEROPORT ROISSY CDG 2 TGV,9,0.35081521739130433
MARSEILLE ST CHARLES,AEROPORT ROISSY CDG 2 TGV,10,0.37730978260869563
MARSEILLE ST CHARLES,AEROPORT ROISSY CDG 2 TGV,11,0.3845108695652174
MARSEILLE ST CHARLES,AEROPORT ROISSY CDG 2 TGV,12,0.09565217391304348
MARSEILLE ST CHARLES,AEROPORT ROISSY CDG 2 TGV,13,0.09904891304347826
MARSEILLE ST CHARLES,AEROPORT ROISSY CDG 2 TGV,14,0.10339673913043478
MARSEILLE ST CHARLES,AEROPORT ROISSY CDG 2 TGV,15,0.10815217391304346
MARSEILLE ST CHARLES,AEROPORT ROISSY CDG 2 TGV,16,0.10692934782608696
MARSEILLE ST CHARLES,AEROPORT ROISSY CDG 2 TGV,17,0.11467391304347826
MARSEILLE ST CHARLES,AEROPORT ROISSY CDG 2 TGV,18,0.11983695652173913
MARSEILLE ST CHARLES,AEROPORT ROISSY CDG 2 TGV,19,0.12201086956521738
MARSEILLE ST CHARLES,AEROPORT ROISSY CDG 2 TGV,20,0.13451086956521738
MARSEILLE ST CHARLES,AEROPORT ROISSY CDG 2 TGV,21,0.14334239130434784
MARSEILLE ST CHARLES,AEROPORT ROISSY CDG 2 TGV,22,0.140625
MARSEILLE ST CHARLES,AEROPORT ROISSY CDG 2 TGV,23,0.12853260869565217
MARSEILLE ST CHARLES,AEROPORT ROISSY CDG 2 TGV,24,0.13926630434782608
MARSEILLE ST CHARLES,AEROPORT ROISSY CDG 2 TGV,25,0.1455163043478261
MARSEILLE ST CHARLES,AEROPORT ROISSY CDG 2 TGV,26,0.15855978260869566
MARSEILLE ST CHARLES,AEROPORT ROISSY CDG 2 TGV,27,0.17241847826086956
MARSEILLE ST CHARLES,AEROPORT ROISSY CDG 2 TGV,28,0.17798913043478262
MARSEILLE ST CHARLES,AEROPORT ROISSY CDG 2 TGV,29,0.18125
MARSEILLE ST CHARLES,AEROPORT ROISSY CDG 2 TGV,30,0.030327868852459014
MARSEILLE ST CHARLES,AIX EN PROVENCE TGV,0,0.9719435736677117
MARSEILLE ST CHARLES,AIX EN PROVENCE TGV,1,0.9714733542319749
MARSEILLE ST CHARLES,AIX EN PROVENCE TGV,2,0.9681818181818183
MARSEILLE ST CHARLES,AIX EN PROVENCE TGV,3,0.9608150470219435
MARSEILLE ST CHARLES,AIX EN PROVENCE TGV,4,0.94109375
MARSEILLE ST CHARLES,AIX EN PROVENCE TGV,5,0.9362068965517241
MARSEILLE ST CHARLES,AIX EN PROVENCE TGV,6,0.9349529780564263
MARSEILLE ST CHARLES,AIX EN PROVENCE TGV,7,0.9302507836990596
MARSEILLE ST CHARLES,AIX EN PROVENCE TGV,8,0.9167711598746081
MARSEILLE ST CHARLES,AIX EN PROVENCE TGV,9,0.8956250000000001
MARSEILLE ST CHARLES,AIX EN PROVENCE TGV,10,0.8959374999999999
MARSEILLE ST CHARLES,AIX EN PROVENCE TGV,11,0.8859375
MARSEILLE ST CHARLES,AIX EN PROVENCE TGV,12,0.820219435736677
MARSEILLE ST CHARLES,AIX EN PROVENCE TGV,13,0.80234375
MARSEILLE ST CHARLES,AIX EN PROVENCE TGV,14,0.79796875
MARSEILLE ST CHARLES,AIX EN PROVENCE TGV,15,0.7943749999999999
MARSEILLE ST CHARLES,AIX EN PROVENCE TGV,16,0.79375
MARSEILLE ST CHARLES,AIX EN PROVENCE TGV,17,0.78734375
MARSEILLE ST CHARLES,AIX EN PROVENCE TGV,18,0.77890625
MARSEILLE ST CHARLES,AIX EN PROVENCE TGV,19,0.77421875
MARSEILLE ST CHARLES,AIX EN PROVENCE TGV,20,0.76734375
MARSEILLE ST CHARLES,AIX EN PROVENCE TGV,21,0.7709374999999999
MARSEILLE ST CHARLES,AIX EN PROVENCE TGV,22,0.760625
MARSEILLE ST CHARLES,AIX EN PROVENCE TGV,23,0.7515625
MARSEILLE ST CHARLES,AIX EN PROVENCE TGV,24,0.73625
MARSEILLE ST CHARLES,AIX EN PROVENCE TGV,25,0.716875
MARSEILLE ST CHARLES,AIX EN PROVENCE TGV,26,0.71984375
MARSEILLE ST CHARLES,AIX EN PROVENCE TGV,27,0.7009375
MARSEILLE ST CHARLES,AIX EN PROVENCE TGV,28,0.69203125
MARSEILLE ST CHARLES,AIX EN PROVENCE TGV,29,0.6775
MARSEILLE ST CHARLES,AIX EN PROVENCE TGV,30,0.0559748427672956
MARSEILLE ST CHARLES,ARRAS,0,0.2609375
MARSEILLE ST CHARLES,ARRAS,1,0.303125
MARSEILLE ST CHARLES,ARRAS,2,0.29516129032258065
MARSEILLE ST CHARLES,ARRAS,3,0.26666666666666666
MARSEILLE ST CHARLES,ARRAS,4,0.08333333333333333
MARSEILLE ST CHARLES,ARRAS,5,0.0640625
MARSEILLE ST CHARLES,ARRAS,6,0.06060606060606061
MARSEILLE ST CHARLES,ARRAS,7,0.06212121212121212
MARSEILLE ST CHARLES,ARRAS,8,0.0696969696969697
MARSEILLE ST CHARLES,ARRAS,9,0.15967741935483873
MARSEILLE ST CHARLES,ARRAS,10,0.2090909090909091
MARSEILLE ST CHARLES,ARRAS,11,0.17878787878787877
MARSEILLE ST CHARLES,ARRAS,12,0.0390625
MARSEILLE ST CHARLES,ARRAS,13,0.030303030303030304
MARSEILLE ST CHARLES,ARRAS,14,0.030303030303030304
MARSEILLE ST CHARLES,ARRAS,15,0.03181818181818182
MARSEILLE ST CHARLES,ARRAS,16,0.035483870967741936
MARSEILLE ST CHARLES,ARRAS,17,0.0546875
MARSEILLE ST CHARLES,ARRAS,18,0.059375
MARSEILLE ST CHARLES,ARRAS,19,0.0625
MARSEILLE ST CHARLES,ARRAS,20,0.0609375
MARSEILLE ST CHARLES,ARRAS,21,0.0625
MARSEILLE ST CHARLES,ARRAS,22,0.0578125
MARSEILLE ST CHARLES,ARRAS,23,0.02903225806451613
MARSEILLE ST CHARLES,ARRAS,24,0.028125
MARSEILLE ST CHARLES,ARRAS,25,0.0296875
MARSEILLE ST CHARLES,ARRAS,26,0.03125
MARSEILLE ST CHARLES,ARRAS,27,0.028125
MARSEILLE ST CHARLES,ARRAS,28,0.00625
MARSEILLE ST CHARLES,ARRAS,29,0.003125
MARSEILLE ST CHARLES,ARRAS,30,0.0
MARSEILLE ST CHARLES,AVIGNON TGV,0,0.9758152173913044
MARSEILLE ST CHARLES,AVIGNON TGV,1,0.9758152173913044
MARSEILLE ST CHARLES,AVIGNON TGV,2,0.9747282608695652
MARSEILLE ST CHARLES,AVIGNON TGV,3,0.966304347826087
MARSEILLE ST CHARLES,AVIGNON TGV,4,0.9476902173913043
MARSEILLE ST CHARLES,AVIGNON TGV,5,0.9419836956521739
MARSEILLE ST CHARLES,AVIGNON TGV,6,0.9453804347826086
MARSEILLE ST CHARLES,AVIGNON TGV,7,0.9403532608695653
MARSEILLE ST CHARLES,AVIGNON TGV,8,0.928125
MARSEILLE ST CHARLES,AVIGNON TGV,9,0.9107336956521739
MARSEILLE ST CHARLES,AVIGNON TGV,10,0.9089673913043478
MARSEILLE ST CHARLES,AVIGNON TGV,11,0.9033967391304347
MARSEILLE ST CHARLES,AVIGNON TGV,12,0.8289402173913044
MARSEILLE ST CHARLES,AVIGNON TGV,13,0.8179347826086957
MARSEILLE ST CHARLES,AVIGNON TGV,14,0.8112771739130435
MARSEILLE ST CHARLES,AVIGNON TGV,15,0.8044836956521739
MARSEILLE ST CHARLES,AVIGNON TGV,16,0.8006793478260869
MARSEILLE ST CHARLES,AVIGNON TGV,17,0.7971467391304349
MARSEILLE ST CHARLES,AVIGNON TGV,18,0.7888586956521739
MARSEILLE ST CHARLES,AVIGNON TGV,19,0.7877717391304347
MARSEILLE ST CHARLES,AVIGNON TGV,20,0.7817934782608695
MARSEILLE ST CHARLES,AVIGNON TGV,21,0.7854619565217391
MARSEILLE ST CHARLES,AVIGNON TGV,22,0.7748641304347825
MARSEILLE ST CHARLES,AVIGNON TGV,23,0.7660326086956522
MARSEILLE ST CHARLES,AVIGNON TGV,24,0.7548913043478261
MARSEILLE ST CHARLES,AVIGNON TGV,25,0.7419836956521739
MARSEILLE ST CHARLES,AVIGNON TGV,26,0.7317934782608696
MARSEILLE ST CHARLES,AVIGNON TGV,27,0.7209239130434782
MARSEILLE ST CHARLES,AVIGNON TGV,28,0.7161684782608696
MARSEILLE ST CHARLES,AVIGNON TGV,29,0.6980978260869565
MARSEILLE ST CHARLES,AVIGNON TGV,30,0.0592896174863388
MARSEILLE ST CHARLES,BRUXELLES MIDI,0,0.3383152173913043
MARSEILLE ST CHARLES,BRUXELLES MIDI,1,0.3513586956521739
MARSEILLE ST CHARLES,BRUXELLES MIDI,2,0.33817934782608694
MARSEILLE ST CHARLES,BRUXELLES MIDI,3,0.33029891304347825
MARSEILLE ST CHARLES,BRUXELLES MIDI,4,0.20095108695652175
MARSEILLE ST CHARLES,BRUXELLES MIDI,5,0.19646739130434782
MARSEILLE ST CHARLES,BRUXELLES MIDI,6,0.19198369565217394
MARSEILLE ST CHARLES,BRUXELLES MIDI,7,0.18668478260869567
MARSEILLE ST CHARLES,BRUXELLES MIDI,8,0.1832880434782609
MARSEILLE ST CHARLES,BRUXELLES MIDI,9,0.18233695652173912
MARSEILLE ST CHARLES,BRUXELLES MIDI,10,0.17798913043478262
MARSEILLE ST CHARLES,BRUXELLES MIDI,11,0.18885869565217392
MARSEILLE ST CHARLES,BRUXELLES MIDI,12,0.03247282608695652
MARSEILLE ST CHARLES,BRUXELLES MIDI,13,0.030570652173913044
MARSEILLE ST CHARLES,BRUXELLES MIDI,14,0.03274456521739131
MARSEILLE ST CHARLES,BRUXELLES MIDI,15,0.03260869565217391
MARSEILLE ST CHARLES,BRUXELLES MIDI,16,0.03301630434782609
MARSEILLE ST CHARLES,BRUXELLES MIDI,17,0.03355978260869565
MARSEILLE ST CHARLES,BRUXELLES MIDI,18,0.033152173913043474
MARSEILLE ST CHARLES,BRUXELLES MIDI,19,0.03288043478260869
MARSEILLE ST CHARLES,BRUXELLES MIDI,20,0.03355978260869565
MARSEILLE ST CHARLES,BRUXELLES MIDI,21,0.03967391304347826
MARSEILLE ST CHARLES,BRUXELLES MIDI,22,0.050679347826086955
MARSEILLE ST CHARLES,BRUXELLES MIDI,23,0.05353260869565217
MARSEILLE ST CHARLES,BRUXELLES MIDI,24,0.05054347826086957
MARSEILLE ST CHARLES,BRUXELLES MIDI,25,0.05584239130434783
MARSEILLE ST CHARLES,BRUXELLES MIDI,26,0.06684782608695652
MARSEILLE ST CHARLES,BRUXELLES MIDI,27,0.07364130434782609
MARSEILLE ST CHARLES,BRUXELLES MIDI,28,0.07622282608695652
MARSEILLE ST CHARLES,BRUXELLES MIDI,29,0.08111413043478262
MARSEILLE ST CHARLES,BRUXELLES MIDI,30,0.016120218579234975
MARSEILLE ST CHARLES,DOUAI,0,0.3185185185185185
MARSEILLE ST CHARLES,DOUAI,1,0.35370370370370374
MARSEILLE ST CHARLES,DOUAI,2,0.3288461538461539
MARSEILLE ST CHARLES,DOUAI,3,0.28928571428571426
MARSEILLE ST CHARLES,DOUAI,4,0.10535714285714286
MARSEILLE ST CHARLES,DOUAI,5,0.08333333333333333
MARSEILLE ST CHARLES,DOUAI,6,0.08035714285714286
MARSEILLE ST CHARLES,DOUAI,7,0.07678571428571428
MARSEILLE ST CHARLES,DOUAI,8,0.08392857142857144
MARSEILLE ST CHARLES,DOUAI,9,0.16296296296296298
MARSEILLE ST CHARLES,DOUAI,10,0.22321428571428573
MARSEILLE ST CHARLES,DOUAI,11,0.225
MARSEILLE ST CHARLES,DOUAI,12,0.05555555555555555
MARSEILLE ST CHARLES,DOUAI,13,0.04285714285714286
MARSEILLE ST CHARLES,DOUAI,14,0.03928571428571429
MARSEILLE ST CHARLES,DOUAI,15,0.0375
MARSEILLE ST CHARLES,DOUAI,16,0.04230769230769231
MARSEILLE ST CHARLES,DOUAI,17,0.06666666666666667
MARSEILLE ST CHARLES,DOUAI,18,0.07407407407407407
MARSEILLE ST CHARLES,DOUAI,19,0.07592592592592592
MARSEILLE ST CHARLES,DOUAI,20,0.07592592592592592
MARSEILLE ST CHARLES,DOUAI,21,0.07407407407407407
MARSEILLE ST CHARLES,DOUAI,22,0.07037037037037036
MARSEILLE ST CHARLES,DOUAI,23,0.021153846153846155
MARSEILLE ST CHARLES,DOUAI,24,0.027777777777777776
MARSEILLE ST CHARLES,DOUAI,25,0.040740740740740744
MARSEILLE ST CHARLES,DOUAI,26,0.03888888888888889
MARSEILLE ST CHARLES,DOUAI,27,0.03333333333333333
MARSEILLE ST CHARLES,DOUAI,28,0.009259259259259259
MARSEILLE ST CHARLES,DOUAI,29,0.003703703703703704
MARSEILLE ST CHARLES,DOUAI,30,0.0
MARSEILLE ST CHARLES,LILLE (intramuros),0,0.469429347826087
MARSEILLE ST CHARLES,LILLE (intramuros),1,0.48233695652173914
MARSEILLE ST CHARLES,LILLE (intramuros),2,0.47866847826086956
MARSEILLE ST CHARLES,LILLE (intramuros),3,0.4472826086956522
MARSEILLE ST CHARLES,LILLE (intramuros),4,0.2797554347826087
MARSEILLE ST CHARLES,LILLE (intramuros),5,0.2801630434782609
MARSEILLE ST CHARLES,LILLE (intramuros),6,0.275
MARSEILLE ST CHARLES,LILLE (intramuros),7,0.27296195652173916
MARSEILLE ST CHARLES,LILLE (intramuros),8,0.2668478260869565
MARSEILLE ST CHARLES,LILLE (intramuros),9,0.27418478260869567
MARSEILLE ST CHARLES,LILLE (intramuros),10,0.2823369565217391
MARSEILLE ST CHARLES,LILLE (intramuros),11,0.2967391304347826
MARSEILLE ST CHARLES,LILLE (intramuros),12,0.06752717391304348
MARSEILLE ST CHARLES,LILLE (intramuros),13,0.0626358695652174
MARSEILLE ST CHARLES,LILLE (intramuros),14,0.06127717391304348
MARSEILLE ST CHARLES,LILLE (intramuros),15,0.06127717391304348
MARSEILLE ST CHARLES,LILLE (intramuros),16,0.06236413043478261
MARSEILLE ST CHARLES,LILLE (intramuros),17,0.06616847826086956
MARSEILLE ST CHARLES,LILLE (intramuros),18,0.07024456521739131
MARSEILLE ST CHARLES,LILLE (intramuros),19,0.06603260869565218
MARSEILLE ST CHARLES,LILLE (intramuros),20,0.07201086956521739
MARSEILLE ST CHARLES,LILLE (intramuros),21,0.07608695652173914
MARSEILLE ST CHARLES,LILLE (intramuros),22,0.08192934782608695
MARSEILLE ST CHARLES,LILLE (intramuros),23,0.07717391304347826
MARSEILLE ST CHARLES,LILLE (intramuros),24,0.0797554347826087
MARSEILLE ST CHARLES,LILLE (intramuros),25,0.08831521739130435
MARSEILLE ST CHARLES,LILLE (intramuros),26,0.09619565217391304
MARSEILLE ST CHARLES,LILLE (intramuros),27,0.10828804347826088
MARSEILLE ST CHARLES,LILLE (intramuros),28,0.11168478260869566
MARSEILLE ST CHARLES,LILLE (intramuros),29,0.11535326086956522
MARSEILLE ST CHARLES,LILLE (intramuros),30,0.02076502732240437
MARSEILLE ST CHARLES,LYON (intramuros),0,0.732608695652174
MARSEILLE ST CHARLES,LYON (intramuros),1,0.7236413043478261
MARSEILLE ST CHARLES,LYON (intramuros),2,0.7203804347826087
MARSEILLE ST CHARLES,LYON (intramuros),3,0.7292119565217392
MARSEILLE ST CHARLES,LYON (intramuros),4,0.5982336956521739
MARSEILLE ST CHARLES,LYON (intramuros),5,0.5857336956521739
MARSEILLE ST CHARLES,LYON (intramuros),6,0.5876358695652174
MARSEILLE ST CHARLES,LYON (intramuros),7,0.5826086956521739
MARSEILLE ST CHARLES,LYON (intramuros),8,0.5760869565217391
MARSEILLE ST CHARLES,LYON (intramuros),9,0.5872282608695653
MARSEILLE ST CHARLES,LYON (intramuros),10,0.5952445652173913
MARSEILLE ST CHARLES,LYON (intramuros),11,0.5967391304347825
MARSEILLE ST CHARLES,LYON (intramuros),12,0.4084239130434783
MARSEILLE ST CHARLES,LYON (intramuros),13,0.41508152173913043
MARSEILLE ST CHARLES,LYON (intramuros),14,0.4230978260869565
MARSEILLE ST CHARLES,LYON (intramuros),15,0.4247282608695652
MARSEILLE ST CHARLES,LYON (intramuros),16,0.42432065217391307
MARSEILLE ST CHARLES,LYON (intramuros),17,0.43546195652173914
MARSEILLE ST CHARLES,LYON (intramuros),18,0.44646739130434787
MARSEILLE ST CHARLES,LYON (intramuros),19,0.4498641304347826
MARSEILLE ST CHARLES,LYON (intramuros),20,0.45366847826086953
MARSEILLE ST CHARLES,LYON (intramuros),21,0.4433423913043478
MARSEILLE ST CHARLES,LYON (intramuros),22,0.43953804347826086
MARSEILLE ST CHARLES,LYON (intramuros),23,0.44755434782608694
MARSEILLE ST CHARLES,LYON (intramuros),24,0.44687499999999997
MARSEILLE ST CHARLES,LYON (intramuros),25,0.44850543478260874
MARSEILLE ST CHARLES,LYON (intramuros),26,0.45733695652173917
MARSEILLE ST CHARLES,LYON (intramuros),27,0.4585597826086957
MARSEILLE ST CHARLES,LYON (intramuros),28,0.461820652173913
MARSEILLE ST CHARLES,LYON (intramuros),29,0.44782608695652176
MARSEILLE ST CHARLES,LYON (intramuros),30,0.06871584699453552
MARSEILLE ST CHARLES,LYON ST EXUPERY TGV.,0,1.0
MARSEILLE ST CHARLES,LYON ST EXUPERY TGV.,1,1.0
MARSEILLE ST CHARLES,LYON ST EXUPERY TGV.,2,1.0
MARSEILLE ST CHARLES,LYON ST EXUPERY TGV.,3,0.95
MARSEILLE ST CHARLES,LYON ST EXUPERY TGV.,4,1.0
MARSEILLE ST CHARLES,LYON ST EXUPERY TGV.,5,1.0
MARSEILLE ST CHARLES,LYON ST EXUPERY TGV.,6,1.0
MARSEILLE ST CHARLES,LYON ST EXUPERY TGV.,7,1.0
MARSEILLE ST CHARLES,LYON ST EXUPERY TGV.,8,1.0
MARSEILLE ST CHARLES,LYON ST EXUPERY TGV.,9,1.0
MARSEILLE ST CHARLES,LYON ST EXUPERY TGV.,10,0.95
MARSEILLE ST CHARLES,LYON ST EXUPERY TGV.,11,0.9
MARSEILLE ST CHARLES,LYON ST EXUPERY TGV.,12,0.3
MARSEILLE ST CHARLES,LYON ST EXUPERY TGV.,13,0.65
MARSEILLE ST CHARLES,LYON ST EXUPERY TGV.,14,0.1
MARSEILLE ST CHARLES,LYON ST EXUPERY TGV.,15,0.0
MARSEILLE ST CHARLES,LYON ST EXUPERY TGV.,16,0.25
MARSEILLE ST CHARLES,LYON ST EXUPERY TGV.,17,0.75
MARSEILLE ST CHARLES,LYON ST EXUPERY TGV.,18,0.45
MARSEILLE ST CHARLES,LYON ST EXUPERY TGV.,19,0.85
MARSEILLE ST CHARLES,LYON ST EXUPERY TGV.,20,1.0
MARSEILLE ST CHARLES,LYON ST EXUPERY TGV.,21,1.0
MARSEILLE ST CHARLES,LYON ST EXUPERY TGV.,22,0.85
MARSEILLE ST CHARLES,LYON ST EXUPERY TGV.,23,0.35
MARSEILLE ST CHARLES,LYON ST EXUPERY TGV.,24,0.0
MARSEILLE ST CHARLES,LYON ST EXUPERY TGV.,25,0.0
MARSEILLE ST CHARLES,LYON ST EXUPERY TGV.,26,0.0
MARSEILLE ST CHARLES,LYON ST EXUPERY TGV.,27,0.0
MARSEILLE ST CHARLES,LYON ST EXUPERY TGV.,28,0.0
MARSEILLE ST CHARLES,LYON ST EXUPERY TGV.,29,0.0
MARSEILLE ST CHARLES,MARNE LA VALLEE CHESSY,0,0.5413043478260869
MARSEILLE ST CHARLES,MARNE LA VALLEE CHESSY,1,0.5375
MARSEILLE ST CHARLES,MARNE LA VALLEE CHESSY,2,0.5296195652173913
MARSEILLE ST CHARLES,MARNE LA VALLEE CHESSY,3,0.5247282608695653
MARSEILLE ST CHARLES,MARNE LA VALLEE CHESSY,4,0.352445652173913
MARSEILLE ST CHARLES,MARNE LA VALLEE CHESSY,5,0.35733695652173914
MARSEILLE ST CHARLES,MARNE LA VALLEE CHESSY,6,0.3645380434782609
MARSEILLE ST CHARLES,MARNE LA VALLEE CHESSY,7,0.37880434782608696
MARSEILLE ST CHARLES,MARNE LA VALLEE CHESSY,8,0.3645380434782609
MARSEILLE ST CHARLES,MARNE LA VALLEE CHESSY,9,0.3510869565217391
MARSEILLE ST CHARLES,MARNE LA VALLEE CHESSY,10,0.3739130434782609
MARSEILLE ST CHARLES,MARNE LA VALLEE CHESSY,11,0.37445652173913047
MARSEILLE ST CHARLES,MARNE LA VALLEE CHESSY,12,0.09307065217391304
MARSEILLE ST CHARLES,MARNE LA VALLEE CHESSY,13,0.096875
MARSEILLE ST CHARLES,MARNE LA VALLEE CHESSY,14,0.10054347826086957
MARSEILLE ST CHARLES,MARNE LA VALLEE CHESSY,15,0.10679347826086956
MARSEILLE ST CHARLES,MARNE LA VALLEE CHESSY,16,0.10543478260869564
MARSEILLE ST CHARLES,MARNE LA VALLEE CHESSY,17,0.11345108695652174
MARSEILLE ST CHARLES,MARNE LA VALLEE CHESSY,18,0.11847826086956523
MARSEILLE ST CHARLES,MARNE LA VALLEE CHESSY,19,0.12201086956521738
MARSEILLE ST CHARLES,MARNE LA VALLEE CHESSY,20,0.13695652173913042
MARSEILLE ST CHARLES,MARNE LA VALLEE CHESSY,21,0.1448369565217391
MARSEILLE ST CHARLES,MARNE LA VALLEE CHESSY,22,0.14103260869565218
MARSEILLE ST CHARLES,MARNE LA VALLEE CHESSY,23,0.12771739130434784
MARSEILLE ST CHARLES,MARNE LA VALLEE CHESSY,24,0.13845108695652175
MARSEILLE ST CHARLES,MARNE LA VALLEE CHESSY,25,0.14660326086956524
MARSEILLE ST CHARLES,MARNE LA VALLEE CHESSY,26,0.15991847826086958
MARSEILLE ST CHARLES,MARNE LA VALLEE CHESSY,27,0.17146739130434782
MARSEILLE ST CHARLES,MARNE LA VALLEE CHESSY,28,0.178125
MARSEILLE ST CHARLES,MARNE LA VALLEE CHESSY,29,0.18220108695652174
MARSEILLE ST CHARLES,MARNE LA VALLEE CHESSY,30,0.03387978142076503
MARSEILLE ST CHARLES,TGV HAUTE PICARDIE,0,0.23714285714285716
MARSEILLE ST CHARLES,TGV HAUTE PICARDIE,1,0.25142857142857145
MARSEILLE ST CHARLES,TGV HAUTE PICARDIE,2,0.2514705882352941
MARSEILLE ST CHARLES,TGV HAUTE PICARDIE,3,0.2361111111111111
MARSEILLE ST CHARLES,TGV HAUTE PICARDIE,4,0.0763888888888889
MARSEILLE ST CHARLES,TGV HAUTE PICARDIE,5,0.06285714285714286
MARSEILLE ST CHARLES,TGV HAUTE PICARDIE,6,0.058333333333333334
MARSEILLE ST CHARLES,TGV HAUTE PICARDIE,7,0.05972222222222222
MARSEILLE ST CHARLES,TGV HAUTE PICARDIE,8,0.06666666666666667
MARSEILLE ST CHARLES,TGV HAUTE PICARDIE,9,0.12794117647058822
MARSEILLE ST CHARLES,TGV HAUTE PICARDIE,10,0.18194444444444444
MARSEILLE ST CHARLES,TGV HAUTE PICARDIE,11,0.1597222222222222
MARSEILLE ST CHARLES,TGV HAUTE PICARDIE,12,0.037142857142857144
MARSEILLE ST CHARLES,TGV HAUTE PICARDIE,13,0.03194444444444445
MARSEILLE ST CHARLES,TGV HAUTE PICARDIE,14,0.029166666666666667
MARSEILLE ST CHARLES,TGV HAUTE PICARDIE,15,0.026388888888888892
MARSEILLE ST CHARLES,TGV HAUTE PICARDIE,16,0.029411764705882353
MARSEILLE ST CHARLES,TGV HAUTE PICARDIE,17,0.05142857142857143
MARSEILLE ST CHARLES,TGV HAUTE PICARDIE,18,0.058571428571428566
MARSEILLE ST CHARLES,TGV HAUTE PICARDIE,19,0.05714285714285714
MARSEILLE ST CHARLES,TGV HAUTE PICARDIE,20,0.05714285714285714
MARSEILLE ST CHARLES,TGV HAUTE PICARDIE,21,0.05714285714285714
MARSEILLE ST CHARLES,TGV HAUTE PICARDIE,22,0.05285714285714286
MARSEILLE ST CHARLES,TGV HAUTE PICARDIE,23,0.01911764705882353
MARSEILLE ST CHARLES,TGV HAUTE PICARDIE,24,0.025714285714285714
MARSEILLE ST CHARLES,TGV HAUTE PICARDIE,25,0.02857142857142857
MARSEILLE ST CHARLES,TGV HAUTE PICARDIE,26,0.025714285714285714
MARSEILLE ST CHARLES,TGV HAUTE PICARDIE,27,0.022857142857142857
MARSEILLE ST CHARLES,TGV HAUTE PICARDIE,28,0.004285714285714286
MARSEILLE ST CHARLES,TGV HAUTE PICARDIE,29,0.0014285714285714286
MARSEILLE ST CHARLES,TGV HAUTE PICARDIE,30,0.0014285714285714286
MODANE,AEROPORT ROISSY CDG 2 TGV,0,0.0
MODANE,AEROPORT ROISSY CDG 2 TGV,1,0.0
MODANE,AEROPORT ROISSY CDG 2 TGV,2,0.0
MODANE,AEROPORT ROISSY CDG 2 TGV,3,0.0
MODANE,AEROPORT ROISSY CDG 2 TGV,4,0.0
MODANE,AEROPORT ROISSY CDG 2 TGV,5,0.0
MODANE,AEROPORT ROISSY CDG 2 TGV,6,0.0
MODANE,AEROPORT ROISSY CDG 2 TGV,7,0.0
MODANE,AEROPORT ROISSY CDG 2 TGV,8,0.0
MODANE,AEROPORT ROISSY CDG 2 TGV,9,0.05
MODANE,AEROPORT ROISSY CDG 2 TGV,10,0.05
MODANE,AEROPORT ROISSY CDG 2 TGV,11,0.05
MODANE,AEROPORT ROISSY CDG 2 TGV,12,0.0
MODANE,AEROPORT ROISSY CDG 2 TGV,13,0.0
MODANE,AEROPORT ROISSY CDG 2 TGV,14,0.0
MODANE,AEROPORT ROISSY CDG 2 TGV,15,0.0
MODANE,AEROPORT ROISSY CDG 2 TGV,16,0.0
MODANE,AEROPORT ROISSY CDG 2 TGV,17,0.0
MODANE,AEROPORT ROISSY CDG 2 TGV,18,0.0
MODANE,AEROPORT ROISSY CDG 2 TGV,19,0.0
MODANE,AEROPORT ROISSY CDG 2 TGV,20,0.0
MODANE,AEROPORT ROISSY CDG 2 TGV,21,0.0
MODANE,AEROPORT ROISSY CDG 2 TGV,22,0.0
MODANE,AEROPORT ROISSY CDG 2 TGV,23,0.0
MODANE,AEROPORT ROISSY CDG 2 TGV,24,0.0
MODANE,AEROPORT ROISSY CDG 2 TGV,25,0.0
MODANE,AEROPORT ROISSY CDG 2 TGV,26,0.0
MODANE,AEROPORT ROISSY CDG 2 TGV,27,0.0
MODANE,AEROPORT ROISSY CDG 2 TGV,28,0.0
MODANE,AEROPORT ROISSY CDG 2 TGV,29,0.0
MODANE,AEROPORT ROISSY CDG 2 TGV,30,0.0
MODANE,ARRAS,0,0.0
MODANE,ARRAS,1,0.0
MODANE,ARRAS,2,0.0
MODANE,ARRAS,3,0.0
MODANE,ARRAS,4,0.0
MODANE,ARRAS,5,0.0
MODANE,ARRAS,6,0.0
MODANE,ARRAS,7,0.0
MODANE,ARRAS,8,0.0
MODANE,ARRAS,9,0.0
MODANE,ARRAS,10,0.0
MODANE,ARRAS,11,0.0
MODANE,ARRAS,12,0.0
MODANE,ARRAS,13,0.0
MODANE,ARRAS,14,0.0
MODANE,ARRAS,15,0.0
MODANE,ARRAS,16,0.0
MODANE,ARRAS,17,0.0
MODANE,ARRAS,18,0.0
MODANE,ARRAS,19,0.0
MODANE,ARRAS,20,0.0
MODANE,ARRAS,21,0.0
MODANE,ARRAS,22,0.0
MODANE,ARRAS,23,0.0
MODANE,ARRAS,24,0.0
MODANE,ARRAS,25,0.0
MODANE,ARRAS,26,0.0
MODANE,ARRAS,27,0.0
MODANE,ARRAS,28,0.0
MODANE,ARRAS,29,0.0
MODANE,ARRAS,30,0.0
MODANE,CHAMBERY CHALLES LES EAUX,0,0.0
MODANE,CHAMBERY CHALLES LES EAUX,1,0.0
MODANE,CHAMBERY CHALLES LES EAUX,2,0.0
MODANE,CHAMBERY CHALLES LES EAUX,3,0.0
MODANE,CHAMBERY CHALLES LES EAUX,4,0.0
MODANE,CHAMBERY CHALLES LES EAUX,5,0.0
MODANE,CHAMBERY CHALLES LES EAUX,6,0.0
MODANE,CHAMBERY CHALLES LES EAUX,7,0.0
MODANE,CHAMBERY CHALLES LES EAUX,8,0.0
MODANE,CHAMBERY CHALLES LES EAUX,9,0.0
MODANE,CHAMBERY CHALLES LES EAUX,10,0.0
MODANE,CHAMBERY CHALLES LES EAUX,11,0.0
MODANE,CHAMBERY CHALLES LES EAUX,12,0.0
MODANE,CHAMBERY CHALLES LES EAUX,13,0.0
MODANE,CHAMBERY CHALLES LES EAUX,14,0.0
MODANE,CHAMBERY CHALLES LES EAUX,15,0.0
MODANE,CHAMBERY CHALLES LES EAUX,16,0.0
MODANE,CHAMBERY CHALLES LES EAUX,17,0.0
MODANE,CHAMBERY CHALLES LES EAUX,18,0.0
MODANE,CHAMBERY CHALLES LES EAUX,19,0.0
MODANE,CHAMBERY CHALLES LES EAUX,20,0.0
MODANE,CHAMBERY CHALLES LES EAUX,21,0.0
MODANE,CHAMBERY CHALLES LES EAUX,22,0.0
MODANE,CHAMBERY CHALLES LES EAUX,23,0.0
MODANE,CHAMBERY CHALLES LES EAUX,24,0.0
MODANE,CHAMBERY CHALLES LES EAUX,25,0.0
MODANE,CHAMBERY CHALLES LES EAUX,26,0.0
MODANE,CHAMBERY CHALLES LES EAUX,27,0.0
MODANE,CHAMBERY CHALLES LES EAUX,28,0.0
MODANE,CHAMBERY CHALLES LES EAUX,29,0.0
MODANE,CHAMBERY CHALLES LES EAUX,30,0.0
MODANE,DOUAI,0,0.0
MODANE,DOUAI,1,0.0
MODANE,DOUAI,2,0.0
MODANE,DOUAI,3,0.0
MODANE,DOUAI,4,0.0
MODANE,DOUAI,5,0.0
MODANE,DOUAI,6,0.0
MODANE,DOUAI,7,0.0
MODANE,DOUAI,8,0.0
MODANE,DOUAI,9,0.0
MODANE,DOUAI,10,0.0
MODANE,DOUAI,11,0.0
MODANE,DOUAI,12,0.0
MODANE,DOUAI,13,0.0
MODANE,DOUAI,14,0.0
MODANE,DOUAI,15,0.0
MODANE,DOUAI,16,0.0
MODANE,DOUAI,17,0.0
MODANE,DOUAI,18,0.0
MODANE,DOUAI,19,0.0
MODANE,DOUAI,20,0.0
MODANE,DOUAI,21,0.0
MODANE,DOUAI,22,0.0
MODANE,DOUAI,23,0.0
MODANE,DOUAI,24,0.0
MODANE,DOUAI,25,0.0
MODANE,DOUAI,26,0.0
MODANE,DOUAI,27,0.0
MODANE,DOUAI,28,0.0
MODANE,DOUAI,29,0.0
MODANE,DOUAI,30,0.0
MODANE,LILLE (intramuros),0,0.0
MODANE,LILLE (intramuros),1,0.1
MODANE,LILLE (intramuros),2,0.05
MODANE,LILLE (intramuros),3,0.0
MODANE,LILLE (intramuros),4,0.0
MODANE,LILLE (intramuros),5,0.0
MODANE,LILLE (intramuros),6,0.0
MODANE,LILLE (intramuros),7,0.05
MODANE,LILLE (intramuros),8,0.0
MODANE,LILLE (intramuros),9,0.0
MODANE,LILLE (intramuros),10,0.0
MODANE,LILLE (intramuros),11,0.0
MODANE,LILLE (intramuros),12,0.0
MODANE,LILLE (intramuros),13,0.0
MODANE,LILLE (intramuros),14,0.0
MODANE,LILLE (intramuros),15,0.0
MODANE,LILLE (intramuros),16,0.0
MODANE,LILLE (intramuros),17,0.0
MODANE,LILLE (intramuros),18,0.0
MODANE,LILLE (intramuros),19,0.0
MODANE,LILLE (intramuros),20,0.0
MODANE,LILLE (intramuros),21,0.0
MODANE,LILLE (intramuros),22,0.0
MODANE,LILLE (intramuros),23,0.0
MODANE,LILLE (intramuros),24,0.0
MODANE,LILLE (intramuros),25,0.0
MODANE,LILLE (intramuros),26,0.0
MODANE,LILLE (intramuros),27,0.0
MODANE,LILLE (intramuros),28,0.0
MODANE,LILLE (intramuros),29,0.0
MODANE,LILLE (intramuros),30,0.0
MODANE,MARNE LA VALLEE CHESSY,0,0.0
MODANE,MARNE LA VALLEE CHESSY,1,0.0
MODANE,MARNE LA VALLEE CHESSY,2,0.0
MODANE,MARNE LA VALLEE CHESSY,3,0.05
MODANE,MARNE LA VALLEE CHESSY,4,0.05
MODANE,MARNE LA VALLEE CHESSY,5,0.05
MODANE,MARNE LA VALLEE CHESSY,6,0.0
MODANE,MARNE LA VALLEE CHESSY,7,0.0
MODANE,MARNE LA VALLEE CHESSY,8,0.0
MODANE,MARNE LA VALLEE CHESSY,9,0.0
MODANE,MARNE LA VALLEE CHESSY,10,0.05
MODANE,MARNE LA VALLEE CHESSY,11,0.0
MODANE,MARNE LA VALLEE CHESSY,12,0.0
MODANE,MARNE LA VALLEE CHESSY,13,0.0
MODANE,MARNE LA VALLEE CHESSY,14,0.0
MODANE,MARNE LA VALLEE CHESSY,15,0.0
MODANE,MARNE LA VALLEE CHESSY,16,0.0
MODANE,MARNE LA VALLEE CHESSY,17,0.0
MODANE,MARNE LA VALLEE CHESSY,18,0.0
MODANE,MARNE LA VALLEE CHESSY,19,0.0
MODANE,MARNE LA VALLEE CHESSY,20,0.0
MODANE,MARNE LA VALLEE CHESSY,21,0.0
MODANE,MARNE LA VALLEE CHESSY,22,0.0
MODANE,MARNE LA VALLEE CHESSY,23,0.0
MODANE,MARNE LA VALLEE CHESSY,24,0.0
MODANE,MARNE LA VALLEE CHESSY,25,0.0
MODANE,MARNE LA VALLEE CHESSY,26,0.0
MODANE,MARNE LA VALLEE CHESSY,27,0.0
MODANE,MARNE LA VALLEE CHESSY,28,0.0
MODANE,MARNE LA VALLEE CHESSY,29,0.0
MODANE,MARNE LA VALLEE CHESSY,30,0.0
MODANE,SAINT AVRE LA CHAMBRE,0,0.0
MODANE,SAINT AVRE LA CHAMBRE,1,0.0
MODANE,SAINT AVRE LA CHAMBRE,2,0.0
MODANE,SAINT AVRE LA CHAMBRE,3,0.0
MODANE,SAINT AVRE LA CHAMBRE,4,0.0
MODANE,SAINT AVRE LA CHAMBRE,5,0.0
MODANE,SAINT AVRE LA CHAMBRE,6,0.0
MODANE,SAINT AVRE LA CHAMBRE,7,0.0
MODANE,SAINT AVRE LA CHAMBRE,8,0.0
MODANE,SAINT AVRE LA CHAMBRE,9,0.0
MODANE,SAINT AVRE LA CHAMBRE,10,0.0
MODANE,SAINT AVRE LA CHAMBRE,11,0.0
MODANE,SAINT AVRE LA CHAMBRE,12,0.0
MODANE,SAINT AVRE LA CHAMBRE,13,0.0
MODANE,SAINT AVRE LA CHAMBRE,14,0.0
MODANE,SAINT AVRE LA CHAMBRE,15,0.0
MODANE,SAINT AVRE LA CHAMBRE,16,0.0
MODANE,SAINT AVRE LA CHAMBRE,17,0.0
MODANE,SAINT AVRE LA CHAMBRE,18,0.0
MODANE,SAINT AVRE LA CHAMBRE,19,0.0
MODANE,SAINT AVRE LA CHAMBRE,20,0.0
MODANE,SAINT AVRE LA CHAMBRE,21,0.0
MODANE,SAINT AVRE LA CHAMBRE,22,0.0
MODANE,SAINT AVRE LA CHAMBRE,23,0.0
MODANE,SAINT AVRE LA CHAMBRE,24,0.0
MODANE,SAINT AVRE LA CHAMBRE,25,0.0
MODANE,SAINT AVRE LA CHAMBRE,26,0.0
MODANE,SAINT AVRE LA CHAMBRE,27,0.0
MODANE,SAINT AVRE LA CHAMBRE,28,0.0
MODANE,SAINT AVRE LA CHAMBRE,29,0.0
MODANE,SAINT AVRE LA CHAMBRE,30,0.0
MODANE,ST JEAN DE MAURIENNE ARVAN,0,0.0
MODANE,ST JEAN DE MAURIENNE ARVAN,1,0.0
MODANE,ST JEAN DE MAURIENNE ARVAN,2,0.0
MODANE,ST JEAN DE MAURIENNE ARVAN,3,0.0
MODANE,ST JEAN DE MAURIENNE ARVAN,4,0.0
MODANE,ST JEAN DE MAURIENNE ARVAN,5,0.0
MODANE,ST JEAN DE MAURIENNE ARVAN,6,0.0
MODANE,ST JEAN DE MAURIENNE ARVAN,7,0.0
MODANE,ST JEAN DE MAURIENNE ARVAN,8,0.0
MODANE,ST JEAN DE MAURIENNE ARVAN,9,0.0
MODANE,ST JEAN DE MAURIENNE ARVAN,10,0.0
MODANE,ST JEAN DE MAURIENNE ARVAN,11,0.0
MODANE,ST JEAN DE MAURIENNE ARVAN,12,0.0
MODANE,ST JEAN DE MAURIENNE ARVAN,13,0.0
MODANE,ST JEAN DE MAURIENNE ARVAN,14,0.0
MODANE,ST JEAN DE MAURIENNE ARVAN,15,0.0
MODANE,ST JEAN DE MAURIENNE ARVAN,16,0.0
MODANE,ST JEAN DE MAURIENNE ARVAN,17,0.0
MODANE,ST JEAN DE MAURIENNE ARVAN,18,0.0
MODANE,ST JEAN DE MAURIENNE ARVAN,19,0.0
MODANE,ST JEAN DE MAURIENNE ARVAN,20,0.0
MODANE,ST JEAN DE MAURIENNE ARVAN,21,0.0
MODANE,ST JEAN DE MAURIENNE ARVAN,22,0.0
MODANE,ST JEAN DE MAURIENNE ARVAN,23,0.0
MODANE,ST JEAN DE MAURIENNE ARVAN,24,0.0
MODANE,ST JEAN DE MAURIENNE ARVAN,25,0.0
MODANE,ST JEAN DE MAURIENNE ARVAN,26,0.0
MODANE,ST JEAN DE MAURIENNE ARVAN,27,0.0
MODANE,ST JEAN DE MAURIENNE ARVAN,28,0.0
MODANE,ST JEAN DE MAURIENNE ARVAN,29,0.0
MODANE,ST JEAN DE MAURIENNE ARVAN,30,0.0
MODANE,ST MICHEL VALLOIRE,0,0.0
MODANE,ST MICHEL VALLOIRE,1,0.0
MODANE,ST MICHEL VALLOIRE,2,0.0
MODANE,ST MICHEL VALLOIRE,3,0.0
MODANE,ST MICHEL VALLOIRE,4,0.0
MODANE,ST MICHEL VALLOIRE,5,0.0
MODANE,ST MICHEL VALLOIRE,6,0.0
MODANE,ST MICHEL VALLOIRE,7,0.0
MODANE,ST MICHEL VALLOIRE,8,0.0
MODANE,ST MICHEL VALLOIRE,9,0.0
MODANE,ST MICHEL VALLOIRE,10,0.0
MODANE,ST MICHEL VALLOIRE,11,0.0
MODANE,ST MICHEL VALLOIRE,12,0.0
MODANE,ST MICHEL VALLOIRE,13,0.0
MODANE,ST MICHEL VALLOIRE,14,0.0
MODANE,ST MICHEL VALLOIRE,15,0.0
MODANE,ST MICHEL VALLOIRE,16,0.0
MODANE,ST MICHEL VALLOIRE,17,0.0
MODANE,ST MICHEL VALLOIRE,18,0.0
MODANE,ST MICHEL VALLOIRE,19,0.0
MODANE,ST MICHEL VALLOIRE,20,0.0
MODANE,ST MICHEL VALLOIRE,21,0.0
MODANE,ST MICHEL VALLOIRE,22,0.0
MODANE,ST MICHEL VALLOIRE,23,0.0
MODANE,ST MICHEL VALLOIRE,24,0.0
MODANE,ST MICHEL VALLOIRE,25,0.0
MODANE,ST MICHEL VALLOIRE,26,0.0
MODANE,ST MICHEL VALLOIRE,27,0.0
MODANE,ST MICHEL VALLOIRE,28,0.0
MODANE,ST MICHEL VALLOIRE,29,0.0
MODANE,ST MICHEL VALLOIRE,30,0.0
MODANE,TGV HAUTE PICARDIE,0,0.0
MODANE,TGV HAUTE PICARDIE,1,0.0
MODANE,TGV HAUTE PICARDIE,2,0.0
MODANE,TGV HAUTE PICARDIE,3,0.0
MODANE,TGV HAUTE PICARDIE,4,0.0
MODANE,TGV HAUTE PICARDIE,5,0.0
MODANE,TGV HAUTE PICARDIE,6,0.0
MODANE,TGV HAUTE PICARDIE,7,0.0
MODANE,TGV HAUTE PICARDIE,8,0.0
MODANE,TGV HAUTE PICARDIE,9,0.0
MODANE,TGV HAUTE PICARDIE,10,0.0
MODANE,TGV HAUTE PICARDIE,11,0.0
MODANE,TGV HAUTE PICARDIE,12,0.0
MODANE,TGV HAUTE PICARDIE,13,0.0
MODANE,TGV HAUTE PICARDIE,14,0.0
MODANE,TGV HAUTE PICARDIE,15,0.0
MODANE,TGV HAUTE PICARDIE,16,0.0
MODANE,TGV HAUTE PICARDIE,17,0.0
MODANE,TGV HAUTE PICARDIE,18,0.0
MODANE,TGV HAUTE PICARDIE,19,0.0
MODANE,TGV HAUTE PICARDIE,20,0.0
MODANE,TGV HAUTE PICARDIE,21,0.0
MODANE,TGV HAUTE PICARDIE,22,0.0
MODANE,TGV HAUTE PICARDIE,23,0.0
MODANE,TGV HAUTE PICARDIE,24,0.0
MODANE,TGV HAUTE PICARDIE,25,0.0
MODANE,TGV HAUTE PICARDIE,26,0.0
MODANE,TGV HAUTE PICARDIE,27,0.0
MODANE,TGV HAUTE PICARDIE,28,0.0
MODANE,TGV HAUTE PICARDIE,29,0.0
MODANE,TGV HAUTE PICARDIE,30,0.0
MONTPELLIER SAINT ROCH,AEROPORT ROISSY CDG 2 TGV,0,0.2106267029972752
MONTPELLIER SAINT ROCH,AEROPORT ROISSY CDG 2 TGV,1,0.2068306010928962
MONTPELLIER SAINT ROCH,AEROPORT ROISSY CDG 2 TGV,2,0.20669398907103825
MONTPELLIER SAINT ROCH,AEROPORT ROISSY CDG 2 TGV,3,0.1813351498637602
MONTPELLIER SAINT ROCH,AEROPORT ROISSY CDG 2 TGV,4,0.0681198910081744
MONTPELLIER SAINT ROCH,AEROPORT ROISSY CDG 2 TGV,5,0.0561307901907357
MONTPELLIER SAINT ROCH,AEROPORT ROISSY CDG 2 TGV,6,0.05435967302452316
MONTPELLIER SAINT ROCH,AEROPORT ROISSY CDG 2 TGV,7,0.05354223433242507
MONTPELLIER SAINT ROCH,AEROPORT ROISSY CDG 2 TGV,8,0.051775956284153005
MONTPELLIER SAINT ROCH,AEROPORT ROISSY CDG 2 TGV,9,0.051092896174863386
MONTPELLIER SAINT ROCH,AEROPORT ROISSY CDG 2 TGV,10,0.05653950953678474
MONTPELLIER SAINT ROCH,AEROPORT ROISSY CDG 2 TGV,11,0.06566757493188011
MONTPELLIER SAINT ROCH,AEROPORT ROISSY CDG 2 TGV,12,0.008855585831062671
MONTPELLIER SAINT ROCH,AEROPORT ROISSY CDG 2 TGV,13,0.006403269754768392
MONTPELLIER SAINT ROCH,AEROPORT ROISSY CDG 2 TGV,14,0.006130790190735695
MONTPELLIER SAINT ROCH,AEROPORT ROISSY CDG 2 TGV,15,0.005994550408719347
MONTPELLIER SAINT ROCH,AEROPORT ROISSY CDG 2 TGV,16,0.006130790190735695
MONTPELLIER SAINT ROCH,AEROPORT ROISSY CDG 2 TGV,17,0.005722070844686649
MONTPELLIER SAINT ROCH,AEROPORT ROISSY CDG 2 TGV,18,0.005585831062670299
MONTPELLIER SAINT ROCH,AEROPORT ROISSY CDG 2 TGV,19,0.005722070844686649
MONTPELLIER SAINT ROCH,AEROPORT ROISSY CDG 2 TGV,20,0.006130790190735695
MONTPELLIER SAINT ROCH,AEROPORT ROISSY CDG 2 TGV,21,0.005994550408719347
MONTPELLIER SAINT ROCH,AEROPORT ROISSY CDG 2 TGV,22,0.008038147138964578
MONTPELLIER SAINT ROCH,AEROPORT ROISSY CDG 2 TGV,23,0.009809264305177113
MONTPELLIER SAINT ROCH,AEROPORT ROISSY CDG 2 TGV,24,0.008174386920980926
MONTPELLIER SAINT ROCH,AEROPORT ROISSY CDG 2 TGV,25,0.006403269754768392
MONTPELLIER SAINT ROCH,AEROPORT ROISSY CDG 2 TGV,26,0.010081743869209809
MONTPELLIER SAINT ROCH,AEROPORT ROISSY CDG 2 TGV,27,0.008991825613079018
MONTPELLIER SAINT ROCH,AEROPORT ROISSY CDG 2 TGV,28,0.011307901907356949
MONTPELLIER SAINT ROCH,AEROPORT ROISSY CDG 2 TGV,29,0.010899182561307902
MONTPELLIER SAINT ROCH,AEROPORT ROISSY CDG 2 TGV,30,0.0009589041095890411
MONTPELLIER SAINT ROCH,ARRAS,0,0.13787878787878788
MONTPELLIER SAINT ROCH,ARRAS,1,0.14696969696969697
MONTPELLIER SAINT ROCH,ARRAS,2,0.18350515463917527
MONTPELLIER SAINT ROCH,ARRAS,3,0.17577319587628867
MONTPELLIER SAINT ROCH,ARRAS,4,0.05606060606060606
MONTPELLIER SAINT ROCH,ARRAS,5,0.036734693877551024
MONTPELLIER SAINT ROCH,ARRAS,6,0.034693877551020415
MONTPELLIER SAINT ROCH,ARRAS,7,0.031818181818181815
MONTPELLIER SAINT ROCH,ARRAS,8,0.027272727272727275
MONTPELLIER SAINT ROCH,ARRAS,9,0.0211340206185567
MONTPELLIER SAINT ROCH,ARRAS,10,0.021134020618556702
MONTPELLIER SAINT ROCH,ARRAS,11,0.04285714285714286
MONTPELLIER SAINT ROCH,ARRAS,12,0.0010309278350515464
MONTPELLIER SAINT ROCH,ARRAS,13,0.0005102040816326531
MONTPELLIER SAINT ROCH,ARRAS,14,0.0010204081632653062
MONTPELLIER SAINT ROCH,ARRAS,15,0.0
MONTPELLIER SAINT ROCH,ARRAS,16,0.0
MONTPELLIER SAINT ROCH,ARRAS,17,0.0005208333333333333
MONTPELLIER SAINT ROCH,ARRAS,18,0.0
MONTPELLIER SAINT ROCH,ARRAS,19,0.0
MONTPELLIER SAINT ROCH,ARRAS,20,0.0
MONTPELLIER SAINT ROCH,ARRAS,21,0.0
MONTPELLIER SAINT ROCH,ARRAS,22,0.0010309278350515464
MONTPELLIER SAINT ROCH,ARRAS,23,0.0005263157894736842
MONTPELLIER SAINT ROCH,ARRAS,24,0.0
MONTPELLIER SAINT ROCH,ARRAS,25,0.002105263157894737
MONTPELLIER SAINT ROCH,ARRAS,26,0.00631578947368421
MONTPELLIER SAINT ROCH,ARRAS,27,0.009473684210526316
MONTPELLIER SAINT ROCH,ARRAS,28,0.002631578947368421
MONTPELLIER SAINT ROCH,ARRAS,29,0.0
MONTPELLIER SAINT ROCH,ARRAS,30,0.0
MONTPELLIER SAINT ROCH,BRUXELLES MIDI,0,0.10530726256983242
MONTPELLIER SAINT ROCH,BRUXELLES MIDI,1,0.09385474860335195
MONTPELLIER SAINT ROCH,BRUXELLES MIDI,2,0.08156424581005586
MONTPELLIER SAINT ROCH,BRUXELLES MIDI,3,0.06354748603351955
MONTPELLIER SAINT ROCH,BRUXELLES MIDI,4,0.018435754189944135
MONTPELLIER SAINT ROCH,BRUXELLES MIDI,5,0.007122905027932962
MONTPELLIER SAINT ROCH,BRUXELLES MIDI,6,0.005307262569832403
MONTPELLIER SAINT ROCH,BRUXELLES MIDI,7,0.004329608938547486
MONTPELLIER SAINT ROCH,BRUXELLES MIDI,8,0.0030726256983240226
MONTPELLIER SAINT ROCH,BRUXELLES MIDI,9,0.0026536312849162014
MONTPELLIER SAINT ROCH,BRUXELLES MIDI,10,0.0037709497206703914
MONTPELLIER SAINT ROCH,BRUXELLES MIDI,11,0.0047486033519553075
MONTPELLIER SAINT ROCH,BRUXELLES MIDI,12,0.0006983240223463687
MONTPELLIER SAINT ROCH,BRUXELLES MIDI,13,0.000558659217877095
MONTPELLIER SAINT ROCH,BRUXELLES MIDI,14,0.0004189944134078213
MONTPELLIER SAINT ROCH,BRUXELLES MIDI,15,0.0004189944134078213
MONTPELLIER SAINT ROCH,BRUXELLES MIDI,16,0.0009749303621169917
MONTPELLIER SAINT ROCH,BRUXELLES MIDI,17,0.0006963788300835655
MONTPELLIER SAINT ROCH,BRUXELLES MIDI,18,0.0004178272980501393
MONTPELLIER SAINT ROCH,BRUXELLES MIDI,19,0.0002785515320334262
MONTPELLIER SAINT ROCH,BRUXELLES MIDI,20,0.0
MONTPELLIER SAINT ROCH,BRUXELLES MIDI,21,0.0001392757660167131
MONTPELLIER SAINT ROCH,BRUXELLES MIDI,22,0.0018105849582172706
MONTPELLIER SAINT ROCH,BRUXELLES MIDI,23,0.002924791086350975
MONTPELLIER SAINT ROCH,BRUXELLES MIDI,24,0.0025069637883008357
MONTPELLIER SAINT ROCH,BRUXELLES MIDI,25,0.001392757660167131
MONTPELLIER SAINT ROCH,BRUXELLES MIDI,26,0.002785515320334262
MONTPELLIER SAINT ROCH,BRUXELLES MIDI,27,0.0036211699164345407
MONTPELLIER SAINT ROCH,BRUXELLES MIDI,28,0.0038997214484679664
MONTPELLIER SAINT ROCH,BRUXELLES MIDI,29,0.003481894150417827
MONTPELLIER SAINT ROCH,BRUXELLES MIDI,30,0.0008379888268156424
MONTPELLIER SAINT ROCH,LILLE (intramuros),0,0.20585831062670298
MONTPELLIER SAINT ROCH,LILLE (intramuros),1,0.2065573770491803
MONTPELLIER SAINT ROCH,LILLE (intramuros),2,0.20368852459016393
MONTPELLIER SAINT ROCH,LILLE (intramuros),3,0.18705722070844688
MONTPELLIER SAINT ROCH,LILLE (intramuros),4,0.07261580381471389
MONTPELLIER SAINT ROCH,LILLE (intramuros),5,0.06130790190735695
MONTPELLIER SAINT ROCH,LILLE (intramuros),6,0.05912806539509537
MONTPELLIER SAINT ROCH,LILLE (intramuros),7,0.054087193460490464
MONTPELLIER SAINT ROCH,LILLE (intramuros),8,0.0459016393442623
MONTPELLIER SAINT ROCH,LILLE (intramuros),9,0.04439890710382514
MONTPELLIER SAINT ROCH,LILLE (intramuros),10,0.04904632152588556
MONTPELLIER SAINT ROCH,LILLE (intramuros),11,0.06171662125340599
MONTPELLIER SAINT ROCH,LILLE (intramuros),12,0.007084468664850137
MONTPELLIER SAINT ROCH,LILLE (intramuros),13,0.004632152588555859
MONTPELLIER SAINT ROCH,LILLE (intramuros),14,0.003678474114441417
MONTPELLIER SAINT ROCH,LILLE (intramuros),15,0.0032697547683923703
MONTPELLIER SAINT ROCH,LILLE (intramuros),16,0.0035422343324250684
MONTPELLIER SAINT ROCH,LILLE (intramuros),17,0.003678474114441417
MONTPELLIER SAINT ROCH,LILLE (intramuros),18,0.0032697547683923703
MONTPELLIER SAINT ROCH,LILLE (intramuros),19,0.0035422343324250684
MONTPELLIER SAINT ROCH,LILLE (intramuros),20,0.003678474114441417
MONTPELLIER SAINT ROCH,LILLE (intramuros),21,0.004359673024523161
MONTPELLIER SAINT ROCH,LILLE (intramuros),22,0.007493188010899182
MONTPELLIER SAINT ROCH,LILLE (intramuros),23,0.00994550408719346
MONTPELLIER SAINT ROCH,LILLE (intramuros),24,0.008855585831062671
MONTPELLIER SAINT ROCH,LILLE (intramuros),25,0.007493188010899182
MONTPELLIER SAINT ROCH,LILLE (intramuros),26,0.010081743869209809
MONTPELLIER SAINT ROCH,LILLE (intramuros),27,0.010899182561307902
MONTPELLIER SAINT ROCH,LILLE (intramuros),28,0.010354223433242507
MONTPELLIER SAINT ROCH,LILLE (intramuros),29,0.009400544959128065
MONTPELLIER SAINT ROCH,LILLE (intramuros),30,0.0017808219178082193
MONTPELLIER SAINT ROCH,LYON (intramuros),0,0.4329700272479564
MONTPELLIER SAINT ROCH,LYON (intramuros),1,0.44221311475409836
MONTPELLIER SAINT ROCH,LYON (intramuros),2,0.4423497267759563
MONTPELLIER SAINT ROCH,LYON (intramuros),3,0.45449591280653956
MONTPELLIER SAINT ROCH,LYON (intramuros),4,0.2775204359673024
MONTPELLIER SAINT ROCH,LYON (intramuros),5,0.25708446866485013
MONTPELLIER SAINT ROCH,LYON (intramuros),6,0.25381471389645777
MONTPELLIER SAINT ROCH,LYON (intramuros),7,0.2471389645776567
MONTPELLIER SAINT ROCH,LYON (intramuros),8,0.22827868852459016
MONTPELLIER SAINT ROCH,LYON (intramuros),9,0.23510928961748634
MONTPELLIER SAINT ROCH,LYON (intramuros),10,0.2505449591280654
MONTPELLIER SAINT ROCH,LYON (intramuros),11,0.23991825613079018
MONTPELLIER SAINT ROCH,LYON (intramuros),12,0.12983651226158038
MONTPELLIER SAINT ROCH,LYON (intramuros),13,0.13269754768392372
MONTPELLIER SAINT ROCH,LYON (intramuros),14,0.14523160762942777
MONTPELLIER SAINT ROCH,LYON (intramuros),15,0.14604904632152588
MONTPELLIER SAINT ROCH,LYON (intramuros),16,0.1542234332425068
MONTPELLIER SAINT ROCH,LYON (intramuros),17,0.16444141689373298
MONTPELLIER SAINT ROCH,LYON (intramuros),18,0.17561307901907358
MONTPELLIER SAINT ROCH,LYON (intramuros),19,0.176566757493188
MONTPELLIER SAINT ROCH,LYON (intramuros),20,0.18283378746594003
MONTPELLIER SAINT ROCH,LYON (intramuros),21,0.18814713896457766
MONTPELLIER SAINT ROCH,LYON (intramuros),22,0.19005449591280654
MONTPELLIER SAINT ROCH,LYON (intramuros),23,0.20177111716621252
MONTPELLIER SAINT ROCH,LYON (intramuros),24,0.19918256130790188
MONTPELLIER SAINT ROCH,LYON (intramuros),25,0.19918256130790188
MONTPELLIER SAINT ROCH,LYON (intramuros),26,0.20790190735694822
MONTPELLIER SAINT ROCH,LYON (intramuros),27,0.21226158038147142
MONTPELLIER SAINT ROCH,LYON (intramuros),28,0.21607629427792915
MONTPELLIER SAINT ROCH,LYON (intramuros),29,0.20735694822888281
MONTPELLIER SAINT ROCH,LYON (intramuros),30,0.04
MONTPELLIER SAINT ROCH,MARNE LA VALLEE CHESSY,0,0.20858310626702997
MONTPELLIER SAINT ROCH,MARNE LA VALLEE CHESSY,1,0.21379781420765026
MONTPELLIER SAINT ROCH,MARNE LA VALLEE CHESSY,2,0.2062841530054645
MONTPELLIER SAINT ROCH,MARNE LA VALLEE CHESSY,3,0.182425068119891
MONTPELLIER SAINT ROCH,MARNE LA VALLEE CHESSY,4,0.07098092643051772
MONTPELLIER SAINT ROCH,MARNE LA VALLEE CHESSY,5,0.05476839237057221
MONTPELLIER SAINT ROCH,MARNE LA VALLEE CHESSY,6,0.05694822888283378
MONTPELLIER SAINT ROCH,MARNE LA VALLEE CHESSY,7,0.05354223433242507
MONTPELLIER SAINT ROCH,MARNE LA VALLEE CHESSY,8,0.05027322404371584
MONTPELLIER SAINT ROCH,MARNE LA VALLEE CHESSY,9,0.0459016393442623
MONTPELLIER SAINT ROCH,MARNE LA VALLEE CHESSY,10,0.055585831062670295
MONTPELLIER SAINT ROCH,MARNE LA VALLEE CHESSY,11,0.06403269754768393
MONTPELLIER SAINT ROCH,MARNE LA VALLEE CHESSY,12,0.008855585831062671
MONTPELLIER SAINT ROCH,MARNE LA VALLEE CHESSY,13,0.007084468664850137
MONTPELLIER SAINT ROCH,MARNE LA VALLEE CHESSY,14,0.005994550408719347
MONTPELLIER SAINT ROCH,MARNE LA VALLEE CHESSY,15,0.005994550408719347
MONTPELLIER SAINT ROCH,MARNE LA VALLEE CHESSY,16,0.006267029972752043
MONTPELLIER SAINT ROCH,MARNE LA VALLEE CHESSY,17,0.005585831062670301
MONTPELLIER SAINT ROCH,MARNE LA VALLEE CHESSY,18,0.005585831062670299
MONTPELLIER SAINT ROCH,MARNE LA VALLEE CHESSY,19,0.005585831062670299
MONTPELLIER SAINT ROCH,MARNE LA VALLEE CHESSY,20,0.006811989100817439
MONTPELLIER SAINT ROCH,MARNE LA VALLEE CHESSY,21,0.006403269754768392
MONTPELLIER SAINT ROCH,MARNE LA VALLEE CHESSY,22,0.008310626702997275
MONTPELLIER SAINT ROCH,MARNE LA VALLEE CHESSY,23,0.010762942779291554
MONTPELLIER SAINT ROCH,MARNE LA VALLEE CHESSY,24,0.008583106267029973
MONTPELLIER SAINT ROCH,MARNE LA VALLEE CHESSY,25,0.007629427792915531
MONTPELLIER SAINT ROCH,MARNE LA VALLEE CHESSY,26,0.010899182561307902
MONTPELLIER SAINT ROCH,MARNE LA VALLEE CHESSY,27,0.008310626702997275
MONTPELLIER SAINT ROCH,MARNE LA VALLEE CHESSY,28,0.008855585831062671
MONTPELLIER SAINT ROCH,MARNE LA VALLEE CHESSY,29,0.010354223433242507
MONTPELLIER SAINT ROCH,MARNE LA VALLEE CHESSY,30,0.000821917808219178
MONTPELLIER SAINT ROCH,NIMES CENTRE,0,0.9732970027247956
MONTPELLIER SAINT ROCH,NIMES CENTRE,1,0.9815573770491803
MONTPELLIER SAINT ROCH,NIMES CENTRE,2,0.982103825136612
MONTPELLIER SAINT ROCH,NIMES CENTRE,3,0.9780653950953678
MONTPELLIER SAINT ROCH,NIMES CENTRE,4,0.9651226158038146
MONTPELLIER SAINT ROCH,NIMES CENTRE,5,0.9613079019073569
MONTPELLIER SAINT ROCH,NIMES CENTRE,6,0.9592643051771117
MONTPELLIER SAINT ROCH,NIMES CENTRE,7,0.9534059945504086
MONTPELLIER SAINT ROCH,NIMES CENTRE,8,0.950136612021858
MONTPELLIER SAINT ROCH,NIMES CENTRE,9,0.9434426229508197
MONTPELLIER SAINT ROCH,NIMES CENTRE,10,0.9284741144414169
MONTPELLIER SAINT ROCH,NIMES CENTRE,11,0.9128065395095368
MONTPELLIER SAINT ROCH,NIMES CENTRE,12,0.7137602179836512
MONTPELLIER SAINT ROCH,NIMES CENTRE,13,0.7126702997275205
MONTPELLIER SAINT ROCH,NIMES CENTRE,14,0.7021798365122616
MONTPELLIER SAINT ROCH,NIMES CENTRE,15,0.6994550408719346
MONTPELLIER SAINT ROCH,NIMES CENTRE,16,0.705858310626703
MONTPELLIER SAINT ROCH,NIMES CENTRE,17,0.6995912806539509
MONTPELLIER SAINT ROCH,NIMES CENTRE,18,0.6946866485013624
MONTPELLIER SAINT ROCH,NIMES CENTRE,19,0.6946866485013624
MONTPELLIER SAINT ROCH,NIMES CENTRE,20,0.6916893732970028
MONTPELLIER SAINT ROCH,NIMES CENTRE,21,0.6922343324250682
MONTPELLIER SAINT ROCH,NIMES CENTRE,22,0.6884196185286103
MONTPELLIER SAINT ROCH,NIMES CENTRE,23,0.6826975476839238
MONTPELLIER SAINT ROCH,NIMES CENTRE,24,0.6730245231607629
MONTPELLIER SAINT ROCH,NIMES CENTRE,25,0.656267029972752
MONTPELLIER SAINT ROCH,NIMES CENTRE,26,0.6622615803814714
MONTPELLIER SAINT ROCH,NIMES CENTRE,27,0.6414168937329701
MONTPELLIER SAINT ROCH,NIMES CENTRE,28,0.6212534059945504
MONTPELLIER SAINT ROCH,NIMES CENTRE,29,0.5985013623978201
MONTPELLIER SAINT ROCH,NIMES CENTRE,30,0.06547945205479452
MONTPELLIER SAINT ROCH,TGV HAUTE PICARDIE,0,0.13383838383838384
MONTPELLIER SAINT ROCH,TGV HAUTE PICARDIE,1,0.13737373737373737
MONTPELLIER SAINT ROCH,TGV HAUTE PICARDIE,2,0.18298969072164947
MONTPELLIER SAINT ROCH,TGV HAUTE PICARDIE,3,0.16958762886597936
MONTPELLIER SAINT ROCH,TGV HAUTE PICARDIE,4,0.05656565656565656
MONTPELLIER SAINT ROCH,TGV HAUTE PICARDIE,5,0.03163265306122449
MONTPELLIER SAINT ROCH,TGV HAUTE PICARDIE,6,0.03469387755102041
MONTPELLIER SAINT ROCH,TGV HAUTE PICARDIE,7,0.031818181818181815
MONTPELLIER SAINT ROCH,TGV HAUTE PICARDIE,8,0.02929292929292929
MONTPELLIER SAINT ROCH,TGV HAUTE PICARDIE,9,0.025257731958762887
MONTPELLIER SAINT ROCH,TGV HAUTE PICARDIE,10,0.020103092783505156
MONTPELLIER SAINT ROCH,TGV HAUTE PICARDIE,11,0.041326530612244894
MONTPELLIER SAINT ROCH,TGV HAUTE PICARDIE,12,0.002061855670103093
MONTPELLIER SAINT ROCH,TGV HAUTE PICARDIE,13,0.0005102040816326531
MONTPELLIER SAINT ROCH,TGV HAUTE PICARDIE,14,0.0005102040816326531
MONTPELLIER SAINT ROCH,TGV HAUTE PICARDIE,15,0.0
MONTPELLIER SAINT ROCH,TGV HAUTE PICARDIE,16,0.0
MONTPELLIER SAINT ROCH,TGV HAUTE PICARDIE,17,0.0
MONTPELLIER SAINT ROCH,TGV HAUTE PICARDIE,18,0.0005154639175257732
MONTPELLIER SAINT ROCH,TGV HAUTE PICARDIE,19,0.0005208333333333333
MONTPELLIER SAINT ROCH,TGV HAUTE PICARDIE,20,0.0
MONTPELLIER SAINT ROCH,TGV HAUTE PICARDIE,21,0.0
MONTPELLIER SAINT ROCH,TGV HAUTE PICARDIE,22,0.0015463917525773197
MONTPELLIER SAINT ROCH,TGV HAUTE PICARDIE,23,0.0
MONTPELLIER SAINT ROCH,TGV HAUTE PICARDIE,24,0.001595744680851064
MONTPELLIER SAINT ROCH,TGV HAUTE PICARDIE,25,0.002105263157894737
MONTPELLIER SAINT ROCH,TGV HAUTE PICARDIE,26,0.009473684210526316
MONTPELLIER SAINT ROCH,TGV HAUTE PICARDIE,27,0.010526315789473684
MONTPELLIER SAINT ROCH,TGV HAUTE PICARDIE,28,0.0015789473684210528
MONTPELLIER SAINT ROCH,TGV HAUTE PICARDIE,29,0.0010526315789473684
MONTPELLIER SAINT ROCH,TGV HAUTE PICARDIE,30,0.0005376344086021505
MONTPELLIER SAINT ROCH,VALENCE TGV AUVERGNE RHONE ALPES,0,0.4362258953168044
MONTPELLIER SAINT ROCH,VALENCE TGV AUVERGNE RHONE ALPES,1,0.44201101928374653
MONTPELLIER SAINT ROCH,VALENCE TGV AUVERGNE RHONE ALPES,2,0.44035812672176305
MONTPELLIER SAINT ROCH,VALENCE TGV AUVERGNE RHONE ALPES,3,0.4556473829201102
MONTPELLIER SAINT ROCH,VALENCE TGV AUVERGNE RHONE ALPES,4,0.27465564738292014
MONTPELLIER SAINT ROCH,VALENCE TGV AUVERGNE RHONE ALPES,5,0.2577134986225895
MONTPELLIER SAINT ROCH,VALENCE TGV AUVERGNE RHONE ALPES,6,0.25330578512396695
MONTPELLIER SAINT ROCH,VALENCE TGV AUVERGNE RHONE ALPES,7,0.24738292011019283
MONTPELLIER SAINT ROCH,VALENCE TGV AUVERGNE RHONE ALPES,8,0.22933884297520662
MONTPELLIER SAINT ROCH,VALENCE TGV AUVERGNE RHONE ALPES,9,0.23360881542699724
MONTPELLIER SAINT ROCH,VALENCE TGV AUVERGNE RHONE ALPES,10,0.2522038567493113
MONTPELLIER SAINT ROCH,VALENCE TGV AUVERGNE RHONE ALPES,11,0.24022038567493115
MONTPELLIER SAINT ROCH,VALENCE TGV AUVERGNE RHONE ALPES,12,0.12699724517906336
MONTPELLIER SAINT ROCH,VALENCE TGV AUVERGNE RHONE ALPES,13,0.1330578512396694
MONTPELLIER SAINT ROCH,VALENCE TGV AUVERGNE RHONE ALPES,14,0.14628099173553719
MONTPELLIER SAINT ROCH,VALENCE TGV AUVERGNE RHONE ALPES,15,0.14917355371900826
MONTPELLIER SAINT ROCH,VALENCE TGV AUVERGNE RHONE ALPES,16,0.15482093663911847
MONTPELLIER SAINT ROCH,VALENCE TGV AUVERGNE RHONE ALPES,17,0.1628099173553719
MONTPELLIER SAINT ROCH,VALENCE TGV AUVERGNE RHONE ALPES,18,0.17988980716253442
MONTPELLIER SAINT ROCH,VALENCE TGV AUVERGNE RHONE ALPES,19,0.17892561983471075
MONTPELLIER SAINT ROCH,VALENCE TGV AUVERGNE RHONE ALPES,20,0.18319559228650137
MONTPELLIER SAINT ROCH,VALENCE TGV AUVERGNE RHONE ALPES,21,0.18856749311294765
MONTPELLIER SAINT ROCH,VALENCE TGV AUVERGNE RHONE ALPES,22,0.18994490358126723
MONTPELLIER SAINT ROCH,VALENCE TGV AUVERGNE RHONE ALPES,23,0.20716253443526172
MONTPELLIER SAINT ROCH,VALENCE TGV AUVERGNE RHONE ALPES,24,0.20303030303030303
MONTPELLIER SAINT ROCH,VALENCE TGV AUVERGNE RHONE ALPES,25,0.2009641873278237
MONTPELLIER SAINT ROCH,VALENCE TGV AUVERGNE RHONE ALPES,26,0.21363636363636362
MONTPELLIER SAINT ROCH,VALENCE TGV AUVERGNE RHONE ALPES,27,0.21556473829201103
MONTPELLIER SAINT ROCH,VALENCE TGV AUVERGNE RHONE ALPES,28,0.21707988980716253
MONTPELLIER SAINT ROCH,VALENCE TGV AUVERGNE RHONE ALPES,29,0.20509641873278237
MONTPELLIER SAINT ROCH,VALENCE TGV AUVERGNE RHONE ALPES,30,0.03975069252077562
MONTPELLIER SAINT ROCH,VALENCE VILLE,0,0.05
MONTPELLIER SAINT ROCH,VALENCE VILLE,4,0.0
MONTPELLIER SAINT ROCH,VALENCE VILLE,5,0.0
MONTPELLIER SAINT ROCH,VALENCE VILLE,6,0.0
MONTPELLIER SAINT ROCH,VALENCE VILLE,7,0.0
MONTPELLIER SUD DE FRANCE,AEROPORT ROISSY CDG 2 TGV,0,0.424931129476584
MONTPELLIER SUD DE FRANCE,AEROPORT ROISSY CDG 2 TGV,1,0.44201101928374653
MONTPELLIER SUD DE FRANCE,AEROPORT ROISSY CDG 2 TGV,2,0.4396694214876033
MONTPELLIER SUD DE FRANCE,AEROPORT ROISSY CDG 2 TGV,3,0.41776859504132235
MONTPELLIER SUD DE FRANCE,AEROPORT ROISSY CDG 2 TGV,4,0.2866391184573003
MONTPELLIER SUD DE FRANCE,AEROPORT ROISSY CDG 2 TGV,5,0.2815426997245179
MONTPELLIER SUD DE FRANCE,AEROPORT ROISSY CDG 2 TGV,6,0.2807162534435262
MONTPELLIER SUD DE FRANCE,AEROPORT ROISSY CDG 2 TGV,7,0.287603305785124
MONTPELLIER SUD DE FRANCE,AEROPORT ROISSY CDG 2 TGV,8,0.2709366391184573
MONTPELLIER SUD DE FRANCE,AEROPORT ROISSY CDG 2 TGV,9,0.27603305785123966
MONTPELLIER SUD DE FRANCE,AEROPORT ROISSY CDG 2 TGV,10,0.2734159779614325
MONTPELLIER SUD DE FRANCE,AEROPORT ROISSY CDG 2 TGV,11,0.28236914600550966
MONTPELLIER SUD DE FRANCE,AEROPORT ROISSY CDG 2 TGV,12,0.11487603305785125
MONTPELLIER SUD DE FRANCE,AEROPORT ROISSY CDG 2 TGV,13,0.11336088154269972
MONTPELLIER SUD DE FRANCE,AEROPORT ROISSY CDG 2 TGV,14,0.11749311294765839
MONTPELLIER SUD DE FRANCE,AEROPORT ROISSY CDG 2 TGV,15,0.1184573002754821
MONTPELLIER SUD DE FRANCE,AEROPORT ROISSY CDG 2 TGV,16,0.11680440771349862
MONTPELLIER SUD DE FRANCE,AEROPORT ROISSY CDG 2 TGV,17,0.12058011049723756
MONTPELLIER SUD DE FRANCE,AEROPORT ROISSY CDG 2 TGV,18,0.12113259668508287
MONTPELLIER SUD DE FRANCE,AEROPORT ROISSY CDG 2 TGV,19,0.1246556473829201
MONTPELLIER SUD DE FRANCE,AEROPORT ROISSY CDG 2 TGV,20,0.1272099447513812
MONTPELLIER SUD DE FRANCE,AEROPORT ROISSY CDG 2 TGV,21,0.13701657458563538
MONTPELLIER SUD DE FRANCE,AEROPORT ROISSY CDG 2 TGV,22,0.14005524861878454
MONTPELLIER SUD DE FRANCE,AEROPORT ROISSY CDG 2 TGV,23,0.14516574585635358
MONTPELLIER SUD DE FRANCE,AEROPORT ROISSY CDG 2 TGV,24,0.15512465373961218
MONTPELLIER SUD DE FRANCE,AEROPORT ROISSY CDG 2 TGV,25,0.15805555555555556
MONTPELLIER SUD DE FRANCE,AEROPORT ROISSY CDG 2 TGV,26,0.15944444444444444
MONTPELLIER SUD DE FRANCE,AEROPORT ROISSY CDG 2 TGV,27,0.17047353760445683
MONTPELLIER SUD DE FRANCE,AEROPORT ROISSY CDG 2 TGV,28,0.17402234636871508
MONTPELLIER SUD DE FRANCE,AEROPORT ROISSY CDG 2 TGV,29,0.17731092436974788
MONTPELLIER SUD DE FRANCE,AEROPORT ROISSY CDG 2 TGV,30,0.023380281690140847
MONTPELLIER SUD DE FRANCE,ARRAS,0,0.33208333333333334
MONTPELLIER SUD DE FRANCE,ARRAS,1,0.3462655601659751
MONTPELLIER SUD DE FRANCE,ARRAS,2,0.34588477366255144
MONTPELLIER SUD DE FRANCE,ARRAS,3,0.3325102880658436
MONTPELLIER SUD DE FRANCE,ARRAS,4,0.20082987551867218
MONTPELLIER SUD DE FRANCE,ARRAS,5,0.18347107438016527
MONTPELLIER SUD DE FRANCE,ARRAS,6,0.18347107438016527
MONTPELLIER SUD DE FRANCE,ARRAS,7,0.1657676348547718
MONTPELLIER SUD DE FRANCE,ARRAS,8,0.16797520661157025
MONTPELLIER SUD DE FRANCE,ARRAS,9,0.1694672131147541
MONTPELLIER SUD DE FRANCE,ARRAS,10,0.15778688524590165
MONTPELLIER SUD DE FRANCE,ARRAS,11,0.17045454545454544
MONTPELLIER SUD DE FRANCE,ARRAS,12,0.04691358024691358
MONTPELLIER SUD DE FRANCE,ARRAS,13,0.04670781893004115
MONTPELLIER SUD DE FRANCE,ARRAS,14,0.047325102880658436
MONTPELLIER SUD DE FRANCE,ARRAS,15,0.05040983606557377
MONTPELLIER SUD DE FRANCE,ARRAS,16,0.055284552845528454
MONTPELLIER SUD DE FRANCE,ARRAS,17,0.05386178861788618
MONTPELLIER SUD DE FRANCE,ARRAS,18,0.055327868852459015
MONTPELLIER SUD DE FRANCE,ARRAS,19,0.05467479674796748
MONTPELLIER SUD DE FRANCE,ARRAS,20,0.061991869918699184
MONTPELLIER SUD DE FRANCE,ARRAS,21,0.06666666666666667
MONTPELLIER SUD DE FRANCE,ARRAS,22,0.06935483870967742
MONTPELLIER SUD DE FRANCE,ARRAS,23,0.07108433734939759
MONTPELLIER SUD DE FRANCE,ARRAS,24,0.07590361445783132
MONTPELLIER SUD DE FRANCE,ARRAS,25,0.07489878542510121
MONTPELLIER SUD DE FRANCE,ARRAS,26,0.0810483870967742
MONTPELLIER SUD DE FRANCE,ARRAS,27,0.08951612903225806
MONTPELLIER SUD DE FRANCE,ARRAS,28,0.0939516129032258
MONTPELLIER SUD DE FRANCE,ARRAS,29,0.09334677419354838
MONTPELLIER SUD DE FRANCE,ARRAS,30,0.011244979919678716
MONTPELLIER SUD DE FRANCE,BRUXELLES MIDI,0,0.21776649746192892
MONTPELLIER SUD DE FRANCE,BRUXELLES MIDI,1,0.2201005025125628
MONTPELLIER SUD DE FRANCE,BRUXELLES MIDI,2,0.22875
MONTPELLIER SUD DE FRANCE,BRUXELLES MIDI,3,0.22175
MONTPELLIER SUD DE FRANCE,BRUXELLES MIDI,4,0.098
MONTPELLIER SUD DE FRANCE,BRUXELLES MIDI,5,0.092
MONTPELLIER SUD DE FRANCE,BRUXELLES MIDI,6,0.09275
MONTPELLIER SUD DE FRANCE,BRUXELLES MIDI,7,0.0855
MONTPELLIER SUD DE FRANCE,BRUXELLES MIDI,8,0.0736318407960199
MONTPELLIER SUD DE FRANCE,BRUXELLES MIDI,9,0.06995073891625615
MONTPELLIER SUD DE FRANCE,BRUXELLES MIDI,10,0.07192118226600985
MONTPELLIER SUD DE FRANCE,BRUXELLES MIDI,11,0.07711442786069651
MONTPELLIER SUD DE FRANCE,BRUXELLES MIDI,12,0.006188118811881188
MONTPELLIER SUD DE FRANCE,BRUXELLES MIDI,13,0.0029702970297029708
MONTPELLIER SUD DE FRANCE,BRUXELLES MIDI,14,0.0019801980198019802
MONTPELLIER SUD DE FRANCE,BRUXELLES MIDI,15,0.0014778325123152713
MONTPELLIER SUD DE FRANCE,BRUXELLES MIDI,16,0.004878048780487805
MONTPELLIER SUD DE FRANCE,BRUXELLES MIDI,17,0.004878048780487805
MONTPELLIER SUD DE FRANCE,BRUXELLES MIDI,18,0.004901960784313725
MONTPELLIER SUD DE FRANCE,BRUXELLES MIDI,19,0.005121951219512195
MONTPELLIER SUD DE FRANCE,BRUXELLES MIDI,20,0.005609756097560975
MONTPELLIER SUD DE FRANCE,BRUXELLES MIDI,21,0.006372549019607843
MONTPELLIER SUD DE FRANCE,BRUXELLES MIDI,22,0.009951456310679613
MONTPELLIER SUD DE FRANCE,BRUXELLES MIDI,23,0.010817307692307692
MONTPELLIER SUD DE FRANCE,BRUXELLES MIDI,24,0.011835748792270532
MONTPELLIER SUD DE FRANCE,BRUXELLES MIDI,25,0.01771844660194175
MONTPELLIER SUD DE FRANCE,BRUXELLES MIDI,26,0.021014492753623187
MONTPELLIER SUD DE FRANCE,BRUXELLES MIDI,27,0.026086956521739132
MONTPELLIER SUD DE FRANCE,BRUXELLES MIDI,28,0.031159420289855074
MONTPELLIER SUD DE FRANCE,BRUXELLES MIDI,29,0.03188405797101449
MONTPELLIER SUD DE FRANCE,BRUXELLES MIDI,30,0.0070048309178743955
MONTPELLIER SUD DE FRANCE,LILLE (intramuros),0,0.41597796143250687
MONTPELLIER SUD DE FRANCE,LILLE (intramuros),1,0.4232782369146006
MONTPELLIER SUD DE FRANCE,LILLE (intramuros),2,0.4258953168044077
MONTPELLIER SUD DE FRANCE,LILLE (intramuros),3,0.4181818181818182
MONTPELLIER SUD DE FRANCE,LILLE (intramuros),4,0.29366391184573
MONTPELLIER SUD DE FRANCE,LILLE (intramuros),5,0.2869146005509642
MONTPELLIER SUD DE FRANCE,LILLE (intramuros),6,0.28388429752066113
MONTPELLIER SUD DE FRANCE,LILLE (intramuros),7,0.2858126721763085
MONTPELLIER SUD DE FRANCE,LILLE (intramuros),8,0.2721763085399449
MONTPELLIER SUD DE FRANCE,LILLE (intramuros),9,0.28140495867768595
MONTPELLIER SUD DE FRANCE,LILLE (intramuros),10,0.2775482093663912
MONTPELLIER SUD DE FRANCE,LILLE (intramuros),11,0.28539944903581266
MONTPELLIER SUD DE FRANCE,LILLE (intramuros),12,0.11983471074380166
MONTPELLIER SUD DE FRANCE,LILLE (intramuros),13,0.11556473829201103
MONTPELLIER SUD DE FRANCE,LILLE (intramuros),14,0.11735537190082646
MONTPELLIER SUD DE FRANCE,LILLE (intramuros),15,0.11707988980716254
MONTPELLIER SUD DE FRANCE,LILLE (intramuros),16,0.11570247933884298
MONTPELLIER SUD DE FRANCE,LILLE (intramuros),17,0.12209944751381216
MONTPELLIER SUD DE FRANCE,LILLE (intramuros),18,0.12002762430939228
MONTPELLIER SUD DE FRANCE,LILLE (intramuros),19,0.12396694214876033
MONTPELLIER SUD DE FRANCE,LILLE (intramuros),20,0.12651933701657458
MONTPELLIER SUD DE FRANCE,LILLE (intramuros),21,0.1341160220994475
MONTPELLIER SUD DE FRANCE,LILLE (intramuros),22,0.1393646408839779
MONTPELLIER SUD DE FRANCE,LILLE (intramuros),23,0.14668508287292817
MONTPELLIER SUD DE FRANCE,LILLE (intramuros),24,0.1580332409972299
MONTPELLIER SUD DE FRANCE,LILLE (intramuros),25,0.15861111111111112
MONTPELLIER SUD DE FRANCE,LILLE (intramuros),26,0.16111111111111112
MONTPELLIER SUD DE FRANCE,LILLE (intramuros),27,0.17103064066852366
MONTPELLIER SUD DE FRANCE,LILLE (intramuros),28,0.17625698324022346
MONTPELLIER SUD DE FRANCE,LILLE (intramuros),29,0.17633053221288517
MONTPELLIER SUD DE FRANCE,LILLE (intramuros),30,0.0247887323943662
MONTPELLIER SUD DE FRANCE,LYON (intramuros),0,0.5487603305785124
MONTPELLIER SUD DE FRANCE,LYON (intramuros),1,0.5719008264462809
MONTPELLIER SUD DE FRANCE,LYON (intramuros),2,0.5741046831955923
MONTPELLIER SUD DE FRANCE,LYON (intramuros),3,0.5710743801652893
MONTPELLIER SUD DE FRANCE,LYON (intramuros),4,0.42988980716253444
MONTPELLIER SUD DE FRANCE,LYON (intramuros),5,0.4221763085399449
MONTPELLIER SUD DE FRANCE,LYON (intramuros),6,0.41088154269972454
MONTPELLIER SUD DE FRANCE,LYON (intramuros),7,0.4056473829201102
MONTPELLIER SUD DE FRANCE,LYON (intramuros),8,0.3957300275482094
MONTPELLIER SUD DE FRANCE,LYON (intramuros),9,0.40413223140495863
MONTPELLIER SUD DE FRANCE,LYON (intramuros),10,0.4121212121212121
MONTPELLIER SUD DE FRANCE,LYON (intramuros),11,0.4081267217630854
MONTPELLIER SUD DE FRANCE,LYON (intramuros),12,0.2943526170798898
MONTPELLIER SUD DE FRANCE,LYON (intramuros),13,0.29862258953168047
MONTPELLIER SUD DE FRANCE,LYON (intramuros),14,0.29118457300275485
MONTPELLIER SUD DE FRANCE,LYON (intramuros),15,0.2884297520661157
MONTPELLIER SUD DE FRANCE,LYON (intramuros),16,0.3012396694214876
MONTPELLIER SUD DE FRANCE,LYON (intramuros),17,0.29737569060773483
MONTPELLIER SUD DE FRANCE,LYON (intramuros),18,0.2929558011049724
MONTPELLIER SUD DE FRANCE,LYON (intramuros),19,0.2987603305785124
MONTPELLIER SUD DE FRANCE,LYON (intramuros),20,0.3103591160220994
MONTPELLIER SUD DE FRANCE,LYON (intramuros),21,0.31339779005524865
MONTPELLIER SUD DE FRANCE,LYON (intramuros),22,0.3095303867403315
MONTPELLIER SUD DE FRANCE,LYON (intramuros),23,0.3191988950276243
MONTPELLIER SUD DE FRANCE,LYON (intramuros),24,0.3256232686980609
MONTPELLIER SUD DE FRANCE,LYON (intramuros),25,0.33305555555555555
MONTPELLIER SUD DE FRANCE,LYON (intramuros),26,0.33499999999999996
MONTPELLIER SUD DE FRANCE,LYON (intramuros),27,0.3466573816155989
MONTPELLIER SUD DE FRANCE,LYON (intramuros),28,0.3445530726256983
MONTPELLIER SUD DE FRANCE,LYON (intramuros),29,0.33403361344537813
MONTPELLIER SUD DE FRANCE,LYON (intramuros),30,0.04591549295774648
MONTPELLIER SUD DE FRANCE,MARNE LA VALLEE CHESSY,0,0.4318181818181818
MONTPELLIER SUD DE FRANCE,MARNE LA VALLEE CHESSY,1,0.45013774104683196
MONTPELLIER SUD DE FRANCE,MARNE LA VALLEE CHESSY,2,0.44104683195592287
MONTPELLIER SUD DE FRANCE,MARNE LA VALLEE CHESSY,3,0.4169421487603306
MONTPELLIER SUD DE FRANCE,MARNE LA VALLEE CHESSY,4,0.28484848484848485
MONTPELLIER SUD DE FRANCE,MARNE LA VALLEE CHESSY,5,0.28209366391184576
MONTPELLIER SUD DE FRANCE,MARNE LA VALLEE CHESSY,6,0.281267217630854
MONTPELLIER SUD DE FRANCE,MARNE LA VALLEE CHESSY,7,0.28705234159779613
MONTPELLIER SUD DE FRANCE,MARNE LA VALLEE CHESSY,8,0.2730027548209366
MONTPELLIER SUD DE FRANCE,MARNE LA VALLEE CHESSY,9,0.2768595041322314
MONTPELLIER SUD DE FRANCE,MARNE LA VALLEE CHESSY,10,0.2724517906336088
MONTPELLIER SUD DE FRANCE,MARNE LA VALLEE CHESSY,11,0.2783746556473829
MONTPELLIER SUD DE FRANCE,MARNE LA VALLEE CHESSY,12,0.11363636363636363
MONTPELLIER SUD DE FRANCE,MARNE LA VALLEE CHESSY,13,0.11212121212121214
MONTPELLIER SUD DE FRANCE,MARNE LA VALLEE CHESSY,14,0.11666666666666667
MONTPELLIER SUD DE FRANCE,MARNE LA VALLEE CHESSY,15,0.11721763085399449
MONTPELLIER SUD DE FRANCE,MARNE LA VALLEE CHESSY,16,0.11818181818181818
MONTPELLIER SUD DE FRANCE,MARNE LA VALLEE CHESSY,17,0.12002762430939228
MONTPELLIER SUD DE FRANCE,MARNE LA VALLEE CHESSY,18,0.12058011049723756
MONTPELLIER SUD DE FRANCE,MARNE LA VALLEE CHESSY,19,0.12314049586776861
MONTPELLIER SUD DE FRANCE,MARNE LA VALLEE CHESSY,20,0.12790055248618784
MONTPELLIER SUD DE FRANCE,MARNE LA VALLEE CHESSY,21,0.13494475138121548
MONTPELLIER SUD DE FRANCE,MARNE LA VALLEE CHESSY,22,0.13756906077348066
MONTPELLIER SUD DE FRANCE,MARNE LA VALLEE CHESSY,23,0.14861878453038674
MONTPELLIER SUD DE FRANCE,MARNE LA VALLEE CHESSY,24,0.15900277008310248
MONTPELLIER SUD DE FRANCE,MARNE LA VALLEE CHESSY,25,0.15930555555555556
MONTPELLIER SUD DE FRANCE,MARNE LA VALLEE CHESSY,26,0.16152777777777777
MONTPELLIER SUD DE FRANCE,MARNE LA VALLEE CHESSY,27,0.17311977715877436
MONTPELLIER SUD DE FRANCE,MARNE LA VALLEE CHESSY,28,0.17444134078212292
MONTPELLIER SUD DE FRANCE,MARNE LA VALLEE CHESSY,29,0.17422969187675072
MONTPELLIER SUD DE FRANCE,MARNE LA VALLEE CHESSY,30,0.027887323943661974
MONTPELLIER SUD DE FRANCE,NIMES PONT DU GARD,0,0.9896694214876033
MONTPELLIER SUD DE FRANCE,NIMES PONT DU GARD,1,0.9932506887052341
MONTPELLIER SUD DE FRANCE,NIMES PONT DU GARD,2,0.9928374655647382
MONTPELLIER SUD DE FRANCE,NIMES PONT DU GARD,3,0.9881542699724517
MONTPELLIER SUD DE FRANCE,NIMES PONT DU GARD,4,0.9742424242424241
MONTPELLIER SUD DE FRANCE,NIMES PONT DU GARD,5,0.9705234159779614
MONTPELLIER SUD DE FRANCE,NIMES PONT DU GARD,6,0.9607438016528925
MONTPELLIER SUD DE FRANCE,NIMES PONT DU GARD,7,0.9477961432506887
MONTPELLIER SUD DE FRANCE,NIMES PONT DU GARD,8,0.9303030303030303
MONTPELLIER SUD DE FRANCE,NIMES PONT DU GARD,9,0.9155647382920111
MONTPELLIER SUD DE FRANCE,NIMES PONT DU GARD,10,0.8870523415977961
MONTPELLIER SUD DE FRANCE,NIMES PONT DU GARD,11,0.8695592286501377
MONTPELLIER SUD DE FRANCE,NIMES PONT DU GARD,12,0.671900826446281
MONTPELLIER SUD DE FRANCE,NIMES PONT DU GARD,13,0.6398071625344353
MONTPELLIER SUD DE FRANCE,NIMES PONT DU GARD,14,0.6093663911845729
MONTPELLIER SUD DE FRANCE,NIMES PONT DU GARD,15,0.60633608815427
MONTPELLIER SUD DE FRANCE,NIMES PONT DU GARD,16,0.5903581267217631
MONTPELLIER SUD DE FRANCE,NIMES PONT DU GARD,17,0.5772099447513812
MONTPELLIER SUD DE FRANCE,NIMES PONT DU GARD,18,0.5628453038674033
MONTPELLIER SUD DE FRANCE,NIMES PONT DU GARD,19,0.5497245179063361
MONTPELLIER SUD DE FRANCE,NIMES PONT DU GARD,20,0.5276243093922652
MONTPELLIER SUD DE FRANCE,NIMES PONT DU GARD,21,0.5187845303867403
MONTPELLIER SUD DE FRANCE,NIMES PONT DU GARD,22,0.5064917127071823
MONTPELLIER SUD DE FRANCE,NIMES PONT DU GARD,23,0.48646408839779004
MONTPELLIER SUD DE FRANCE,NIMES PONT DU GARD,24,0.48504155124653736
MONTPELLIER SUD DE FRANCE,NIMES PONT DU GARD,25,0.4723611111111111
MONTPELLIER SUD DE FRANCE,NIMES PONT DU GARD,26,0.46416666666666667
MONTPELLIER SUD DE FRANCE,NIMES PONT DU GARD,27,0.46211699164345404
MONTPELLIER SUD DE FRANCE,NIMES PONT DU GARD,28,0.4460893854748603
MONTPELLIER SUD DE FRANCE,NIMES PONT DU GARD,29,0.4148459383753501
MONTPELLIER SUD DE FRANCE,NIMES PONT DU GARD,30,0.046338028169014084
MONTPELLIER SUD DE FRANCE,TGV HAUTE PICARDIE,0,0.33
MONTPELLIER SUD DE FRANCE,TGV HAUTE PICARDIE,1,0.3354771784232365
MONTPELLIER SUD DE FRANCE,TGV HAUTE PICARDIE,2,0.3351851851851852
MONTPELLIER SUD DE FRANCE,TGV HAUTE PICARDIE,3,0.3238683127572017
MONTPELLIER SUD DE FRANCE,TGV HAUTE PICARDIE,4,0.19688796680497928
MONTPELLIER SUD DE FRANCE,TGV HAUTE PICARDIE,5,0.17727272727272728
MONTPELLIER SUD DE FRANCE,TGV HAUTE PICARDIE,6,0.18326446280991737
MONTPELLIER SUD DE FRANCE,TGV HAUTE PICARDIE,7,0.16721991701244812
MONTPELLIER SUD DE FRANCE,TGV HAUTE PICARDIE,8,0.16342975206611568
MONTPELLIER SUD DE FRANCE,TGV HAUTE PICARDIE,9,0.17151639344262296
MONTPELLIER SUD DE FRANCE,TGV HAUTE PICARDIE,10,0.1584016393442623
MONTPELLIER SUD DE FRANCE,TGV HAUTE PICARDIE,11,0.17086776859504132
MONTPELLIER SUD DE FRANCE,TGV HAUTE PICARDIE,12,0.04773662551440329
MONTPELLIER SUD DE FRANCE,TGV HAUTE PICARDIE,13,0.04670781893004115
MONTPELLIER SUD DE FRANCE,TGV HAUTE PICARDIE,14,0.047325102880658436
MONTPELLIER SUD DE FRANCE,TGV HAUTE PICARDIE,15,0.04918032786885246
MONTPELLIER SUD DE FRANCE,TGV HAUTE PICARDIE,16,0.05345528455284553
MONTPELLIER SUD DE FRANCE,TGV HAUTE PICARDIE,17,0.053252032520325204
MONTPELLIER SUD DE FRANCE,TGV HAUTE PICARDIE,18,0.05368852459016393
MONTPELLIER SUD DE FRANCE,TGV HAUTE PICARDIE,19,0.05406504065040651
MONTPELLIER SUD DE FRANCE,TGV HAUTE PICARDIE,20,0.05894308943089431
MONTPELLIER SUD DE FRANCE,TGV HAUTE PICARDIE,21,0.06585365853658537
MONTPELLIER SUD DE FRANCE,TGV HAUTE PICARDIE,22,0.06814516129032258
MONTPELLIER SUD DE FRANCE,TGV HAUTE PICARDIE,23,0.06987951807228915
MONTPELLIER SUD DE FRANCE,TGV HAUTE PICARDIE,24,0.07530120481927711
MONTPELLIER SUD DE FRANCE,TGV HAUTE PICARDIE,25,0.07267206477732793
MONTPELLIER SUD DE FRANCE,TGV HAUTE PICARDIE,26,0.07661290322580645
MONTPELLIER SUD DE FRANCE,TGV HAUTE PICARDIE,27,0.08830645161290322
MONTPELLIER SUD DE FRANCE,TGV HAUTE PICARDIE,28,0.09314516129032259
MONTPELLIER SUD DE FRANCE,TGV HAUTE PICARDIE,29,0.09133064516129032
MONTPELLIER SUD DE FRANCE,TGV HAUTE PICARDIE,30,0.013855421686746989
MONTPELLIER SUD DE FRANCE,VALENCE TGV AUVERGNE RHONE ALPES,0,0.5269452449567723
MONTPELLIER SUD DE FRANCE,VALENCE TGV AUVERGNE RHONE ALPES,1,0.5551873198847262
MONTPELLIER SUD DE FRANCE,VALENCE TGV AUVERGNE RHONE ALPES,2,0.5511527377521613
MONTPELLIER SUD DE FRANCE,VALENCE TGV AUVERGNE RHONE ALPES,3,0.5347262247838617
MONTPELLIER SUD DE FRANCE,VALENCE TGV AUVERGNE RHONE ALPES,4,0.38703170028818445
MONTPELLIER SUD DE FRANCE,VALENCE TGV AUVERGNE RHONE ALPES,5,0.3795389048991354
MONTPELLIER SUD DE FRANCE,VALENCE TGV AUVERGNE RHONE ALPES,6,0.3707492795389049
MONTPELLIER SUD DE FRANCE,VALENCE TGV AUVERGNE RHONE ALPES,7,0.3630057803468208
MONTPELLIER SUD DE FRANCE,VALENCE TGV AUVERGNE RHONE ALPES,8,0.3541907514450867
MONTPELLIER SUD DE FRANCE,VALENCE TGV AUVERGNE RHONE ALPES,9,0.359393063583815
MONTPELLIER SUD DE FRANCE,VALENCE TGV AUVERGNE RHONE ALPES,10,0.3735549132947977
MONTPELLIER SUD DE FRANCE,VALENCE TGV AUVERGNE RHONE ALPES,11,0.36531791907514455
MONTPELLIER SUD DE FRANCE,VALENCE TGV AUVERGNE RHONE ALPES,12,0.2651734104046243
MONTPELLIER SUD DE FRANCE,VALENCE TGV AUVERGNE RHONE ALPES,13,0.2705202312138728
MONTPELLIER SUD DE FRANCE,VALENCE TGV AUVERGNE RHONE ALPES,14,0.27210982658959537
MONTPELLIER SUD DE FRANCE,VALENCE TGV AUVERGNE RHONE ALPES,15,0.27109826589595376
MONTPELLIER SUD DE FRANCE,VALENCE TGV AUVERGNE RHONE ALPES,16,0.2838150289017341
MONTPELLIER SUD DE FRANCE,VALENCE TGV AUVERGNE RHONE ALPES,17,0.2778260869565217
MONTPELLIER SUD DE FRANCE,VALENCE TGV AUVERGNE RHONE ALPES,18,0.27855072463768116
MONTPELLIER SUD DE FRANCE,VALENCE TGV AUVERGNE RHONE ALPES,19,0.2861271676300578
MONTPELLIER SUD DE FRANCE,VALENCE TGV AUVERGNE RHONE ALPES,20,0.29376811594202895
MONTPELLIER SUD DE FRANCE,VALENCE TGV AUVERGNE RHONE ALPES,21,0.2917391304347826
MONTPELLIER SUD DE FRANCE,VALENCE TGV AUVERGNE RHONE ALPES,22,0.29376811594202895
MONTPELLIER SUD DE FRANCE,VALENCE TGV AUVERGNE RHONE ALPES,23,0.30521739130434783
MONTPELLIER SUD DE FRANCE,VALENCE TGV AUVERGNE RHONE ALPES,24,0.3063953488372093
MONTPELLIER SUD DE FRANCE,VALENCE TGV AUVERGNE RHONE ALPES,25,0.3202623906705539
MONTPELLIER SUD DE FRANCE,VALENCE TGV AUVERGNE RHONE ALPES,26,0.32259475218658895
MONTPELLIER SUD DE FRANCE,VALENCE TGV AUVERGNE RHONE ALPES,27,0.33669590643274855
MONTPELLIER SUD DE FRANCE,VALENCE TGV AUVERGNE RHONE ALPES,28,0.3309384164222874
MONTPELLIER SUD DE FRANCE,VALENCE TGV AUVERGNE RHONE ALPES,29,0.32941176470588235
MONTPELLIER SUD DE FRANCE,VALENCE TGV AUVERGNE RHONE ALPES,30,0.04230769230769231
MOUTIERS SALINS BRIDES LES BAINS,AEROPORT ROISSY CDG 2 TGV,0,0.4863636363636364
MOUTIERS SALINS BRIDES LES BAINS,AEROPORT ROISSY CDG 2 TGV,1,0.35909090909090907
MOUTIERS SALINS BRIDES LES BAINS,AEROPORT ROISSY CDG 2 TGV,2,0.3318181818181818
MOUTIERS SALINS BRIDES LES BAINS,AEROPORT ROISSY CDG 2 TGV,3,0.21363636363636365
MOUTIERS SALINS BRIDES LES BAINS,AEROPORT ROISSY CDG 2 TGV,4,0.009090909090909092
MOUTIERS SALINS BRIDES LES BAINS,AEROPORT ROISSY CDG 2 TGV,5,0.01363636363636364
MOUTIERS SALINS BRIDES LES BAINS,AEROPORT ROISSY CDG 2 TGV,6,0.01363636363636364
MOUTIERS SALINS BRIDES LES BAINS,AEROPORT ROISSY CDG 2 TGV,7,0.009090909090909092
MOUTIERS SALINS BRIDES LES BAINS,AEROPORT ROISSY CDG 2 TGV,8,0.0
MOUTIERS SALINS BRIDES LES BAINS,AEROPORT ROISSY CDG 2 TGV,9,0.009090909090909092
MOUTIERS SALINS BRIDES LES BAINS,AEROPORT ROISSY CDG 2 TGV,10,0.03181818181818182
MOUTIERS SALINS BRIDES LES BAINS,AEROPORT ROISSY CDG 2 TGV,11,0.022727272727272728
MOUTIERS SALINS BRIDES LES BAINS,AEROPORT ROISSY CDG 2 TGV,12,0.004545454545454546
MOUTIERS SALINS BRIDES LES BAINS,AEROPORT ROISSY CDG 2 TGV,13,0.0
MOUTIERS SALINS BRIDES LES BAINS,AEROPORT ROISSY CDG 2 TGV,14,0.0
MOUTIERS SALINS BRIDES LES BAINS,AEROPORT ROISSY CDG 2 TGV,15,0.0
MOUTIERS SALINS BRIDES LES BAINS,AEROPORT ROISSY CDG 2 TGV,16,0.0
MOUTIERS SALINS BRIDES LES BAINS,AEROPORT ROISSY CDG 2 TGV,17,0.0
MOUTIERS SALINS BRIDES LES BAINS,AEROPORT ROISSY CDG 2 TGV,18,0.0
MOUTIERS SALINS BRIDES LES BAINS,AEROPORT ROISSY CDG 2 TGV,19,0.0
MOUTIERS SALINS BRIDES LES BAINS,AEROPORT ROISSY CDG 2 TGV,20,0.0
MOUTIERS SALINS BRIDES LES BAINS,AEROPORT ROISSY CDG 2 TGV,21,0.0
MOUTIERS SALINS BRIDES LES BAINS,AEROPORT ROISSY CDG 2 TGV,22,0.0
MOUTIERS SALINS BRIDES LES BAINS,AEROPORT ROISSY CDG 2 TGV,23,0.0
MOUTIERS SALINS BRIDES LES BAINS,AEROPORT ROISSY CDG 2 TGV,24,0.0
MOUTIERS SALINS BRIDES LES BAINS,AEROPORT ROISSY CDG 2 TGV,25,0.0
MOUTIERS SALINS BRIDES LES BAINS,AEROPORT ROISSY CDG 2 TGV,26,0.004545454545454546
MOUTIERS SALINS BRIDES LES BAINS,AEROPORT ROISSY CDG 2 TGV,27,0.004545454545454546
MOUTIERS SALINS BRIDES LES BAINS,AEROPORT ROISSY CDG 2 TGV,28,0.0
MOUTIERS SALINS BRIDES LES BAINS,AEROPORT ROISSY CDG 2 TGV,29,0.004545454545454546
MOUTIERS SALINS BRIDES LES BAINS,AEROPORT ROISSY CDG 2 TGV,30,0.0
MOUTIERS SALINS BRIDES LES BAINS,ALBERTVILLE,0,0.4454545454545455
MOUTIERS SALINS BRIDES LES BAINS,ALBERTVILLE,1,0.4227272727272728
MOUTIERS SALINS BRIDES LES BAINS,ALBERTVILLE,2,0.36818181818181817
MOUTIERS SALINS BRIDES LES BAINS,ALBERTVILLE,3,0.35454545454545455
MOUTIERS SALINS BRIDES LES BAINS,ALBERTVILLE,4,0.29090909090909095
MOUTIERS SALINS BRIDES LES BAINS,ALBERTVILLE,5,0.33636363636363636
MOUTIERS SALINS BRIDES LES BAINS,ALBERTVILLE,6,0.3409090909090909
MOUTIERS SALINS BRIDES LES BAINS,ALBERTVILLE,7,0.29545454545454547
MOUTIERS SALINS BRIDES LES BAINS,ALBERTVILLE,8,0.2772727272727273
MOUTIERS SALINS BRIDES LES BAINS,ALBERTVILLE,9,0.2727272727272727
MOUTIERS SALINS BRIDES LES BAINS,ALBERTVILLE,10,0.24545454545454548
MOUTIERS SALINS BRIDES LES BAINS,ALBERTVILLE,11,0.18636363636363634
MOUTIERS SALINS BRIDES LES BAINS,ALBERTVILLE,12,0.004545454545454546
MOUTIERS SALINS BRIDES LES BAINS,ALBERTVILLE,13,0.0
MOUTIERS SALINS BRIDES LES BAINS,ALBERTVILLE,14,0.0
MOUTIERS SALINS BRIDES LES BAINS,ALBERTVILLE,15,0.0
MOUTIERS SALINS BRIDES LES BAINS,ALBERTVILLE,16,0.0
MOUTIERS SALINS BRIDES LES BAINS,ALBERTVILLE,17,0.0
MOUTIERS SALINS BRIDES LES BAINS,ALBERTVILLE,18,0.0
MOUTIERS SALINS BRIDES LES BAINS,ALBERTVILLE,19,0.0
MOUTIERS SALINS BRIDES LES BAINS,ALBERTVILLE,20,0.0
MOUTIERS SALINS BRIDES LES BAINS,ALBERTVILLE,21,0.0
MOUTIERS SALINS BRIDES LES BAINS,ALBERTVILLE,22,0.0
MOUTIERS SALINS BRIDES LES BAINS,ALBERTVILLE,23,0.0
MOUTIERS SALINS BRIDES LES BAINS,ALBERTVILLE,24,0.0
MOUTIERS SALINS BRIDES LES BAINS,ALBERTVILLE,25,0.0
MOUTIERS SALINS BRIDES LES BAINS,ALBERTVILLE,26,0.0
MOUTIERS SALINS BRIDES LES BAINS,ALBERTVILLE,27,0.0
MOUTIERS SALINS BRIDES LES BAINS,ALBERTVILLE,28,0.0
MOUTIERS SALINS BRIDES LES BAINS,ALBERTVILLE,29,0.0
MOUTIERS SALINS BRIDES LES BAINS,ALBERTVILLE,30,0.0
MOUTIERS SALINS BRIDES LES BAINS,ARRAS,0,0.41818181818181815
MOUTIERS SALINS BRIDES LES BAINS,ARRAS,1,0.4090909090909091
MOUTIERS SALINS BRIDES LES BAINS,ARRAS,2,0.38181818181818183
MOUTIERS SALINS BRIDES LES BAINS,ARRAS,3,0.22272727272727275
MOUTIERS SALINS BRIDES LES BAINS,ARRAS,4,0.022727272727272728
MOUTIERS SALINS BRIDES LES BAINS,ARRAS,5,0.009090909090909092
MOUTIERS SALINS BRIDES LES BAINS,ARRAS,6,0.01363636363636364
MOUTIERS SALINS BRIDES LES BAINS,ARRAS,7,0.0
MOUTIERS SALINS BRIDES LES BAINS,ARRAS,8,0.0
MOUTIERS SALINS BRIDES LES BAINS,ARRAS,9,0.0
MOUTIERS SALINS BRIDES LES BAINS,ARRAS,10,0.0
MOUTIERS SALINS BRIDES LES BAINS,ARRAS,11,0.0
MOUTIERS SALINS BRIDES LES BAINS,ARRAS,12,0.0
MOUTIERS SALINS BRIDES LES BAINS,ARRAS,13,0.0
MOUTIERS SALINS BRIDES LES BAINS,ARRAS,14,0.0
MOUTIERS SALINS BRIDES LES BAINS,ARRAS,15,0.0
MOUTIERS SALINS BRIDES LES BAINS,ARRAS,16,0.0
MOUTIERS SALINS BRIDES LES BAINS,ARRAS,17,0.0
MOUTIERS SALINS BRIDES LES BAINS,ARRAS,18,0.0
MOUTIERS SALINS BRIDES LES BAINS,ARRAS,19,0.0
MOUTIERS SALINS BRIDES LES BAINS,ARRAS,20,0.0
MOUTIERS SALINS BRIDES LES BAINS,ARRAS,21,0.0
MOUTIERS SALINS BRIDES LES BAINS,ARRAS,22,0.0
MOUTIERS SALINS BRIDES LES BAINS,ARRAS,23,0.0
MOUTIERS SALINS BRIDES LES BAINS,ARRAS,24,0.0
MOUTIERS SALINS BRIDES LES BAINS,ARRAS,25,0.0
MOUTIERS SALINS BRIDES LES BAINS,ARRAS,26,0.0
MOUTIERS SALINS BRIDES LES BAINS,ARRAS,27,0.0
MOUTIERS SALINS BRIDES LES BAINS,ARRAS,28,0.0
MOUTIERS SALINS BRIDES LES BAINS,ARRAS,29,0.0
MOUTIERS SALINS BRIDES LES BAINS,ARRAS,30,0.0
MOUTIERS SALINS BRIDES LES BAINS,CHAMBERY CHALLES LES EAUX,0,0.4681818181818182
MOUTIERS SALINS BRIDES LES BAINS,CHAMBERY CHALLES LES EAUX,1,0.45454545454545453
MOUTIERS SALINS BRIDES LES BAINS,CHAMBERY CHALLES LES EAUX,2,0.38636363636363635
MOUTIERS SALINS BRIDES LES BAINS,CHAMBERY CHALLES LES EAUX,3,0.3727272727272727
MOUTIERS SALINS BRIDES LES BAINS,CHAMBERY CHALLES LES EAUX,4,0.2772727272727273
MOUTIERS SALINS BRIDES LES BAINS,CHAMBERY CHALLES LES EAUX,5,0.3409090909090909
MOUTIERS SALINS BRIDES LES BAINS,CHAMBERY CHALLES LES EAUX,6,0.3409090909090909
MOUTIERS SALINS BRIDES LES BAINS,CHAMBERY CHALLES LES EAUX,7,0.2772727272727273
MOUTIERS SALINS BRIDES LES BAINS,CHAMBERY CHALLES LES EAUX,8,0.2681818181818182
MOUTIERS SALINS BRIDES LES BAINS,CHAMBERY CHALLES LES EAUX,9,0.2681818181818182
MOUTIERS SALINS BRIDES LES BAINS,CHAMBERY CHALLES LES EAUX,10,0.24545454545454548
MOUTIERS SALINS BRIDES LES BAINS,CHAMBERY CHALLES LES EAUX,11,0.17727272727272728
MOUTIERS SALINS BRIDES LES BAINS,CHAMBERY CHALLES LES EAUX,12,0.004545454545454546
MOUTIERS SALINS BRIDES LES BAINS,CHAMBERY CHALLES LES EAUX,13,0.0
MOUTIERS SALINS BRIDES LES BAINS,CHAMBERY CHALLES LES EAUX,14,0.0
MOUTIERS SALINS BRIDES LES BAINS,CHAMBERY CHALLES LES EAUX,15,0.0
MOUTIERS SALINS BRIDES LES BAINS,CHAMBERY CHALLES LES EAUX,16,0.0
MOUTIERS SALINS BRIDES LES BAINS,CHAMBERY CHALLES LES EAUX,17,0.0
MOUTIERS SALINS BRIDES LES BAINS,CHAMBERY CHALLES LES EAUX,18,0.0
MOUTIERS SALINS BRIDES LES BAINS,CHAMBERY CHALLES LES EAUX,19,0.0
MOUTIERS SALINS BRIDES LES BAINS,CHAMBERY CHALLES LES EAUX,20,0.0
MOUTIERS SALINS BRIDES LES BAINS,CHAMBERY CHALLES LES EAUX,21,0.0
MOUTIERS SALINS BRIDES LES BAINS,CHAMBERY CHALLES LES EAUX,22,0.0
MOUTIERS SALINS BRIDES LES BAINS,CHAMBERY CHALLES LES EAUX,23,0.0
MOUTIERS SALINS BRIDES LES BAINS,CHAMBERY CHALLES LES EAUX,24,0.0
MOUTIERS SALINS BRIDES LES BAINS,CHAMBERY CHALLES LES EAUX,25,0.0
MOUTIERS SALINS BRIDES LES BAINS,CHAMBERY CHALLES LES EAUX,26,0.0
MOUTIERS SALINS BRIDES LES BAINS,CHAMBERY CHALLES LES EAUX,27,0.0
MOUTIERS SALINS BRIDES LES BAINS,CHAMBERY CHALLES LES EAUX,28,0.0
MOUTIERS SALINS BRIDES LES BAINS,CHAMBERY CHALLES LES EAUX,29,0.0
MOUTIERS SALINS BRIDES LES BAINS,CHAMBERY CHALLES LES EAUX,30,0.0
MOUTIERS SALINS BRIDES LES BAINS,DOUAI,0,0.4454545454545455
MOUTIERS SALINS BRIDES LES BAINS,DOUAI,1,0.3772727272727273
MOUTIERS SALINS BRIDES LES BAINS,DOUAI,2,0.36363636363636365
MOUTIERS SALINS BRIDES LES BAINS,DOUAI,3,0.19999999999999998
MOUTIERS SALINS BRIDES LES BAINS,DOUAI,4,0.009090909090909092
MOUTIERS SALINS BRIDES LES BAINS,DOUAI,5,0.004545454545454546
MOUTIERS SALINS BRIDES LES BAINS,DOUAI,6,0.009090909090909092
MOUTIERS SALINS BRIDES LES BAINS,DOUAI,7,0.004545454545454546
MOUTIERS SALINS BRIDES LES BAINS,DOUAI,8,0.004545454545454546
MOUTIERS SALINS BRIDES LES BAINS,DOUAI,9,0.004545454545454546
MOUTIERS SALINS BRIDES LES BAINS,DOUAI,10,0.004545454545454546
MOUTIERS SALINS BRIDES LES BAINS,DOUAI,11,0.004545454545454546
MOUTIERS SALINS BRIDES LES BAINS,DOUAI,12,0.0
MOUTIERS SALINS BRIDES LES BAINS,DOUAI,13,0.0
MOUTIERS SALINS BRIDES LES BAINS,DOUAI,14,0.0
MOUTIERS SALINS BRIDES LES BAINS,DOUAI,15,0.0
MOUTIERS SALINS BRIDES LES BAINS,DOUAI,16,0.0
MOUTIERS SALINS BRIDES LES BAINS,DOUAI,17,0.0
MOUTIERS SALINS BRIDES LES BAINS,DOUAI,18,0.0
MOUTIERS SALINS BRIDES LES BAINS,DOUAI,19,0.0
MOUTIERS SALINS BRIDES LES BAINS,DOUAI,20,0.0
MOUTIERS SALINS BRIDES LES BAINS,DOUAI,21,0.0
MOUTIERS SALINS BRIDES LES BAINS,DOUAI,22,0.0
MOUTIERS SALINS BRIDES LES BAINS,DOUAI,23,0.0
MOUTIERS SALINS BRIDES LES BAINS,DOUAI,24,0.0
MOUTIERS SALINS BRIDES LES BAINS,DOUAI,25,0.0
MOUTIERS SALINS BRIDES LES BAINS,DOUAI,26,0.0
MOUTIERS SALINS BRIDES LES BAINS,DOUAI,27,0.0
MOUTIERS SALINS BRIDES LES BAINS,DOUAI,28,0.0
MOUTIERS SALINS BRIDES LES BAINS,DOUAI,29,0.0
MOUTIERS SALINS BRIDES LES BAINS,DOUAI,30,0.0
MOUTIERS SALINS BRIDES LES BAINS,LILLE (intramuros),0,0.4090909090909091
MOUTIERS SALINS BRIDES LES BAINS,LILLE (intramuros),1,0.3590909090909091
MOUTIERS SALINS BRIDES LES BAINS,LILLE (intramuros),2,0.34545454545454546
MOUTIERS SALINS BRIDES LES BAINS,LILLE (intramuros),3,0.22272727272727275
MOUTIERS SALINS BRIDES LES BAINS,LILLE (intramuros),4,0.040909090909090916
MOUTIERS SALINS BRIDES LES BAINS,LILLE (intramuros),5,0.01363636363636364
MOUTIERS SALINS BRIDES LES BAINS,LILLE (intramuros),6,0.004545454545454546
MOUTIERS SALINS BRIDES LES BAINS,LILLE (intramuros),7,0.0
MOUTIERS SALINS BRIDES LES BAINS,LILLE (intramuros),8,0.004545454545454546
MOUTIERS SALINS BRIDES LES BAINS,LILLE (intramuros),9,0.004545454545454546
MOUTIERS SALINS BRIDES LES BAINS,LILLE (intramuros),10,0.0
MOUTIERS SALINS BRIDES LES BAINS,LILLE (intramuros),11,0.009090909090909092
MOUTIERS SALINS BRIDES LES BAINS,LILLE (intramuros),12,0.004545454545454546
MOUTIERS SALINS BRIDES LES BAINS,LILLE (intramuros),13,0.0
MOUTIERS SALINS BRIDES LES BAINS,LILLE (intramuros),14,0.0
MOUTIERS SALINS BRIDES LES BAINS,LILLE (intramuros),15,0.0
MOUTIERS SALINS BRIDES LES BAINS,LILLE (intramuros),16,0.0
MOUTIERS SALINS BRIDES LES BAINS,LILLE (intramuros),17,0.0
MOUTIERS SALINS BRIDES LES BAINS,LILLE (intramuros),18,0.0
MOUTIERS SALINS BRIDES LES BAINS,LILLE (intramuros),19,0.0
MOUTIERS SALINS BRIDES LES BAINS,LILLE (intramuros),20,0.0
MOUTIERS SALINS BRIDES LES BAINS,LILLE (intramuros),21,0.0
MOUTIERS SALINS BRIDES LES BAINS,LILLE (intramuros),22,0.0
MOUTIERS SALINS BRIDES LES BAINS,LILLE (intramuros),23,0.0
MOUTIERS SALINS BRIDES LES BAINS,LILLE (intramuros),24,0.0
MOUTIERS SALINS BRIDES LES BAINS,LILLE (intramuros),25,0.0
MOUTIERS SALINS BRIDES LES BAINS,LILLE (intramuros),26,0.0
MOUTIERS SALINS BRIDES LES BAINS,LILLE (intramuros),27,0.004545454545454546
MOUTIERS SALINS BRIDES LES BAINS,LILLE (intramuros),28,0.0
MOUTIERS SALINS BRIDES LES BAINS,LILLE (intramuros),29,0.0
MOUTIERS SALINS BRIDES LES BAINS,LILLE (intramuros),30,0.0
MOUTIERS SALINS BRIDES LES BAINS,MARNE LA VALLEE CHESSY,0,0.5136363636363637
MOUTIERS SALINS BRIDES LES BAINS,MARNE LA VALLEE CHESSY,1,0.38636363636363635
MOUTIERS SALINS BRIDES LES BAINS,MARNE LA VALLEE CHESSY,2,0.38636363636363635
MOUTIERS SALINS BRIDES LES BAINS,MARNE LA VALLEE CHESSY,3,0.20454545454545456
MOUTIERS SALINS BRIDES LES BAINS,MARNE LA VALLEE CHESSY,4,0.02727272727272728
MOUTIERS SALINS BRIDES LES BAINS,MARNE LA VALLEE CHESSY,5,0.01363636363636364
MOUTIERS SALINS BRIDES LES BAINS,MARNE LA VALLEE CHESSY,6,0.018181818181818184
MOUTIERS SALINS BRIDES LES BAINS,MARNE LA VALLEE CHESSY,7,0.004545454545454546
MOUTIERS SALINS BRIDES LES BAINS,MARNE LA VALLEE CHESSY,8,0.0
MOUTIERS SALINS BRIDES LES BAINS,MARNE LA VALLEE CHESSY,9,0.004545454545454546
MOUTIERS SALINS BRIDES LES BAINS,MARNE LA VALLEE CHESSY,10,0.009090909090909092
MOUTIERS SALINS BRIDES LES BAINS,MARNE LA VALLEE CHESSY,11,0.009090909090909092
MOUTIERS SALINS BRIDES LES BAINS,MARNE LA VALLEE CHESSY,12,0.0
MOUTIERS SALINS BRIDES LES BAINS,MARNE LA VALLEE CHESSY,13,0.004545454545454546
MOUTIERS SALINS BRIDES LES BAINS,MARNE LA VALLEE CHESSY,14,0.0
MOUTIERS SALINS BRIDES LES BAINS,MARNE LA VALLEE CHESSY,15,0.0
MOUTIERS SALINS BRIDES LES BAINS,MARNE LA VALLEE CHESSY,16,0.0
MOUTIERS SALINS BRIDES LES BAINS,MARNE LA VALLEE CHESSY,17,0.0
MOUTIERS SALINS BRIDES LES BAINS,MARNE LA VALLEE CHESSY,18,0.0
MOUTIERS SALINS BRIDES LES BAINS,MARNE LA VALLEE CHESSY,19,0.0
MOUTIERS SALINS BRIDES LES BAINS,MARNE LA VALLEE CHESSY,20,0.0
MOUTIERS SALINS BRIDES LES BAINS,MARNE LA VALLEE CHESSY,21,0.0
MOUTIERS SALINS BRIDES LES BAINS,MARNE LA VALLEE CHESSY,22,0.0
MOUTIERS SALINS BRIDES LES BAINS,MARNE LA VALLEE CHESSY,23,0.0
MOUTIERS SALINS BRIDES LES BAINS,MARNE LA VALLEE CHESSY,24,0.0
MOUTIERS SALINS BRIDES LES BAINS,MARNE LA VALLEE CHESSY,25,0.004545454545454546
MOUTIERS SALINS BRIDES LES BAINS,MARNE LA VALLEE CHESSY,26,0.0
MOUTIERS SALINS BRIDES LES BAINS,MARNE LA VALLEE CHESSY,27,0.0
MOUTIERS SALINS BRIDES LES BAINS,MARNE LA VALLEE CHESSY,28,0.0
MOUTIERS SALINS BRIDES LES BAINS,MARNE LA VALLEE CHESSY,29,0.004545454545454546
MOUTIERS SALINS BRIDES LES BAINS,MARNE LA VALLEE CHESSY,30,0.0
MOUTIERS SALINS BRIDES LES BAINS,TGV HAUTE PICARDIE,0,0.4727272727272727
MOUTIERS SALINS BRIDES LES BAINS,TGV HAUTE PICARDIE,1,0.35909090909090907
MOUTIERS SALINS BRIDES LES BAINS,TGV HAUTE PICARDIE,2,0.35454545454545455
MOUTIERS SALINS BRIDES LES BAINS,TGV HAUTE PICARDIE,3,0.18636363636363634
MOUTIERS SALINS BRIDES LES BAINS,TGV HAUTE PICARDIE,4,0.01363636363636364
MOUTIERS SALINS BRIDES LES BAINS,TGV HAUTE PICARDIE,5,0.009090909090909092
MOUTIERS SALINS BRIDES LES BAINS,TGV HAUTE PICARDIE,6,0.004545454545454546
MOUTIERS SALINS BRIDES LES BAINS,TGV HAUTE PICARDIE,7,0.0
MOUTIERS SALINS BRIDES LES BAINS,TGV HAUTE PICARDIE,8,0.0
MOUTIERS SALINS BRIDES LES BAINS,TGV HAUTE PICARDIE,9,0.0
MOUTIERS SALINS BRIDES LES BAINS,TGV HAUTE PICARDIE,10,0.0
MOUTIERS SALINS BRIDES LES BAINS,TGV HAUTE PICARDIE,11,0.0
MOUTIERS SALINS BRIDES LES BAINS,TGV HAUTE PICARDIE,12,0.0
MOUTIERS SALINS BRIDES LES BAINS,TGV HAUTE PICARDIE,13,0.0
MOUTIERS SALINS BRIDES LES BAINS,TGV HAUTE PICARDIE,14,0.0
MOUTIERS SALINS BRIDES LES BAINS,TGV HAUTE PICARDIE,15,0.0
MOUTIERS SALINS BRIDES LES BAINS,TGV HAUTE PICARDIE,16,0.0
MOUTIERS SALINS BRIDES LES BAINS,TGV HAUTE PICARDIE,17,0.0
MOUTIERS SALINS BRIDES LES BAINS,TGV HAUTE PICARDIE,18,0.0
MOUTIERS SALINS BRIDES LES BAINS,TGV HAUTE PICARDIE,19,0.0
MOUTIERS SALINS BRIDES LES BAINS,TGV HAUTE PICARDIE,20,0.0
MOUTIERS SALINS BRIDES LES BAINS,TGV HAUTE PICARDIE,21,0.0
MOUTIERS SALINS BRIDES LES BAINS,TGV HAUTE PICARDIE,22,0.0
MOUTIERS SALINS BRIDES LES BAINS,TGV HAUTE PICARDIE,23,0.0
MOUTIERS SALINS BRIDES LES BAINS,TGV HAUTE PICARDIE,24,0.0
MOUTIERS SALINS BRIDES LES BAINS,TGV HAUTE PICARDIE,25,0.0
MOUTIERS SALINS BRIDES LES BAINS,TGV HAUTE PICARDIE,26,0.0
MOUTIERS SALINS BRIDES LES BAINS,TGV HAUTE PICARDIE,27,0.0
MOUTIERS SALINS BRIDES LES BAINS,TGV HAUTE PICARDIE,28,0.0
MOUTIERS SALINS BRIDES LES BAINS,TGV HAUTE PICARDIE,29,0.0
MOUTIERS SALINS BRIDES LES BAINS,TGV HAUTE PICARDIE,30,0.0
NARBONNE,AEROPORT ROISSY CDG 2 TGV,0,0.21363636363636362
NARBONNE,AEROPORT ROISSY CDG 2 TGV,1,0.16636363636363638
NARBONNE,AEROPORT ROISSY CDG 2 TGV,2,0.1675925925925926
NARBONNE,AEROPORT ROISSY CDG 2 TGV,3,0.13703703703703704
NARBONNE,AEROPORT ROISSY CDG 2 TGV,4,0.03363636363636363
NARBONNE,AEROPORT ROISSY CDG 2 TGV,5,0.006481481481481481
NARBONNE,AEROPORT ROISSY CDG 2 TGV,6,0.0
NARBONNE,AEROPORT ROISSY CDG 2 TGV,7,0.0027272727272727275
NARBONNE,AEROPORT ROISSY CDG 2 TGV,8,0.0027272727272727275
NARBONNE,AEROPORT ROISSY CDG 2 TGV,9,0.0028301886792452833
NARBONNE,AEROPORT ROISSY CDG 2 TGV,10,0.003703703703703704
NARBONNE,AEROPORT ROISSY CDG 2 TGV,11,0.007272727272727273
NARBONNE,AEROPORT ROISSY CDG 2 TGV,12,0.007407407407407408
NARBONNE,AEROPORT ROISSY CDG 2 TGV,13,0.0027272727272727275
NARBONNE,AEROPORT ROISSY CDG 2 TGV,14,0.0009090909090909091
NARBONNE,AEROPORT ROISSY CDG 2 TGV,15,0.0027272727272727275
NARBONNE,AEROPORT ROISSY CDG 2 TGV,16,0.000925925925925926
NARBONNE,AEROPORT ROISSY CDG 2 TGV,17,0.0009090909090909091
NARBONNE,AEROPORT ROISSY CDG 2 TGV,18,0.0018181818181818182
NARBONNE,AEROPORT ROISSY CDG 2 TGV,19,0.0009090909090909091
NARBONNE,AEROPORT ROISSY CDG 2 TGV,20,0.0009090909090909091
NARBONNE,AEROPORT ROISSY CDG 2 TGV,21,0.0009090909090909091
NARBONNE,AEROPORT ROISSY CDG 2 TGV,22,0.0018181818181818182
NARBONNE,AEROPORT ROISSY CDG 2 TGV,23,0.0027777777777777783
NARBONNE,AEROPORT ROISSY CDG 2 TGV,24,0.0018181818181818182
NARBONNE,AEROPORT ROISSY CDG 2 TGV,25,0.0036363636363636364
NARBONNE,AEROPORT ROISSY CDG 2 TGV,26,0.013636363636363636
NARBONNE,AEROPORT ROISSY CDG 2 TGV,27,0.006363636363636363
NARBONNE,AEROPORT ROISSY CDG 2 TGV,28,0.0027272727272727275
NARBONNE,AEROPORT ROISSY CDG 2 TGV,29,0.0036363636363636364
NARBONNE,AEROPORT ROISSY CDG 2 TGV,30,0.000925925925925926
NARBONNE,AGDE,0,0.6572727272727272
NARBONNE,AGDE,1,0.6163636363636363
NARBONNE,AGDE,2,0.6120370370370369
NARBONNE,AGDE,3,0.5444444444444444
NARBONNE,AGDE,4,0.23727272727272727
NARBONNE,AGDE,5,0.20833333333333334
NARBONNE,AGDE,6,0.2127272727272727
NARBONNE,AGDE,7,0.20818181818181816
NARBONNE,AGDE,8,0.17272727272727273
NARBONNE,AGDE,9,0.17264150943396228
NARBONNE,AGDE,10,0.20925925925925928
NARBONNE,AGDE,11,0.23545454545454544
NARBONNE,AGDE,12,0.18703703703703703
NARBONNE,AGDE,13,0.19909090909090907
NARBONNE,AGDE,14,0.19636363636363638
NARBONNE,AGDE,15,0.2
NARBONNE,AGDE,16,0.20092592592592592
NARBONNE,AGDE,17,0.18454545454545454
NARBONNE,AGDE,18,0.1809090909090909
NARBONNE,AGDE,19,0.16545454545454544
NARBONNE,AGDE,20,0.16363636363636364
NARBONNE,AGDE,21,0.16272727272727272
NARBONNE,AGDE,22,0.16363636363636364
NARBONNE,AGDE,23,0.1638888888888889
NARBONNE,AGDE,24,0.14727272727272728
NARBONNE,AGDE,25,0.14181818181818182
NARBONNE,AGDE,26,0.13454545454545455
NARBONNE,AGDE,27,0.13727272727272727
NARBONNE,AGDE,28,0.13
NARBONNE,AGDE,29,0.12363636363636363
NARBONNE,AGDE,30,0.020370370370370372
NARBONNE,ARRAS,0,0.12363636363636363
NARBONNE,ARRAS,1,0.10181818181818181
NARBONNE,ARRAS,2,0.11481481481481481
NARBONNE,ARRAS,3,0.08333333333333333
NARBONNE,ARRAS,4,0.03
NARBONNE,ARRAS,5,0.010185185185185184
NARBONNE,ARRAS,6,0.004545454545454545
NARBONNE,ARRAS,7,0.004545454545454545
NARBONNE,ARRAS,8,0.0027272727272727275
NARBONNE,ARRAS,9,0.0028301886792452833
NARBONNE,ARRAS,10,0.006481481481481482
NARBONNE,ARRAS,11,0.008181818181818182
NARBONNE,ARRAS,12,0.0
NARBONNE,ARRAS,13,0.0018181818181818182
NARBONNE,ARRAS,14,0.0018181818181818182
NARBONNE,ARRAS,15,0.0009090909090909091
NARBONNE,ARRAS,16,0.0
NARBONNE,ARRAS,17,0.0
NARBONNE,ARRAS,18,0.0
NARBONNE,ARRAS,19,0.0009090909090909091
NARBONNE,ARRAS,20,0.0018181818181818182
NARBONNE,ARRAS,21,0.0009090909090909091
NARBONNE,ARRAS,22,0.0036363636363636364
NARBONNE,ARRAS,23,0.003703703703703704
NARBONNE,ARRAS,24,0.0036363636363636364
NARBONNE,ARRAS,25,0.0036363636363636364
NARBONNE,ARRAS,26,0.016363636363636365
NARBONNE,ARRAS,27,0.016363636363636365
NARBONNE,ARRAS,28,0.005454545454545454
NARBONNE,ARRAS,29,0.0027272727272727275
NARBONNE,ARRAS,30,0.000925925925925926
NARBONNE,BEZIERS,0,0.6472727272727273
NARBONNE,BEZIERS,1,0.6054545454545454
NARBONNE,BEZIERS,2,0.6138888888888888
NARBONNE,BEZIERS,3,0.5268518518518518
NARBONNE,BEZIERS,4,0.22545454545454546
NARBONNE,BEZIERS,5,0.20833333333333334
NARBONNE,BEZIERS,6,0.21000000000000002
NARBONNE,BEZIERS,7,0.21000000000000002
NARBONNE,BEZIERS,8,0.17636363636363636
NARBONNE,BEZIERS,9,0.16981132075471697
NARBONNE,BEZIERS,10,0.20925925925925928
NARBONNE,BEZIERS,11,0.22
NARBONNE,BEZIERS,12,0.18425925925925923
NARBONNE,BEZIERS,13,0.2018181818181818
NARBONNE,BEZIERS,14,0.2
NARBONNE,BEZIERS,15,0.19636363636363638
NARBONNE,BEZIERS,16,0.20092592592592592
NARBONNE,BEZIERS,17,0.18181818181818182
NARBONNE,BEZIERS,18,0.1781818181818182
NARBONNE,BEZIERS,19,0.16454545454545455
NARBONNE,BEZIERS,20,0.16545454545454544
NARBONNE,BEZIERS,21,0.16363636363636364
NARBONNE,BEZIERS,22,0.1609090909090909
NARBONNE,BEZIERS,23,0.16481481481481483
NARBONNE,BEZIERS,24,0.1463636363636364
NARBONNE,BEZIERS,25,0.13545454545454547
NARBONNE,BEZIERS,26,0.13
NARBONNE,BEZIERS,27,0.14363636363636365
NARBONNE,BEZIERS,28,0.13090909090909092
NARBONNE,BEZIERS,29,0.12272727272727273
NARBONNE,BEZIERS,30,0.02592592592592593
NARBONNE,BRUXELLES MIDI,0,0.13365384615384615
NARBONNE,BRUXELLES MIDI,1,0.09807692307692308
NARBONNE,BRUXELLES MIDI,2,0.09509803921568627
NARBONNE,BRUXELLES MIDI,3,0.0892156862745098
NARBONNE,BRUXELLES MIDI,4,0.031730769230769236
NARBONNE,BRUXELLES MIDI,5,0.012745098039215686
NARBONNE,BRUXELLES MIDI,6,0.00576923076923077
NARBONNE,BRUXELLES MIDI,7,0.002884615384615385
NARBONNE,BRUXELLES MIDI,8,0.0
NARBONNE,BRUXELLES MIDI,9,0.002
NARBONNE,BRUXELLES MIDI,10,0.0029411764705882357
NARBONNE,BRUXELLES MIDI,11,0.008653846153846154
NARBONNE,BRUXELLES MIDI,12,0.0
NARBONNE,BRUXELLES MIDI,13,0.002884615384615385
NARBONNE,BRUXELLES MIDI,14,0.0009615384615384616
NARBONNE,BRUXELLES MIDI,15,0.0009615384615384616
NARBONNE,BRUXELLES MIDI,16,0.000980392156862745
NARBONNE,BRUXELLES MIDI,17,0.0009615384615384616
NARBONNE,BRUXELLES MIDI,18,0.0
NARBONNE,BRUXELLES MIDI,19,0.0
NARBONNE,BRUXELLES MIDI,20,0.0
NARBONNE,BRUXELLES MIDI,21,0.0
NARBONNE,BRUXELLES MIDI,22,0.0
NARBONNE,BRUXELLES MIDI,23,0.000980392156862745
NARBONNE,BRUXELLES MIDI,24,0.0019230769230769232
NARBONNE,BRUXELLES MIDI,25,0.0
NARBONNE,BRUXELLES MIDI,26,0.0
NARBONNE,BRUXELLES MIDI,27,0.0
NARBONNE,BRUXELLES MIDI,28,0.0
NARBONNE,BRUXELLES MIDI,29,0.0009615384615384616
NARBONNE,BRUXELLES MIDI,30,0.0
NARBONNE,LILLE (intramuros),0,0.14454545454545456
NARBONNE,LILLE (intramuros),1,0.1
NARBONNE,LILLE (intramuros),2,0.12037037037037036
NARBONNE,LILLE (intramuros),3,0.1
NARBONNE,LILLE (intramuros),4,0.04272727272727273
NARBONNE,LILLE (intramuros),5,0.010185185185185186
NARBONNE,LILLE (intramuros),6,0.004545454545454545
NARBONNE,LILLE (intramuros),7,0.0027272727272727275
NARBONNE,LILLE (intramuros),8,0.0009090909090909091
NARBONNE,LILLE (intramuros),9,0.0037735849056603774
NARBONNE,LILLE (intramuros),10,0.006481481481481482
NARBONNE,LILLE (intramuros),11,0.014545454545454545
NARBONNE,LILLE (intramuros),12,0.003703703703703704
NARBONNE,LILLE (intramuros),13,0.0018181818181818182
NARBONNE,LILLE (intramuros),14,0.0009090909090909091
NARBONNE,LILLE (intramuros),15,0.0
NARBONNE,LILLE (intramuros),16,0.000925925925925926
NARBONNE,LILLE (intramuros),17,0.0
NARBONNE,LILLE (intramuros),18,0.0018181818181818182
NARBONNE,LILLE (intramuros),19,0.0009090909090909091
NARBONNE,LILLE (intramuros),20,0.0009090909090909091
NARBONNE,LILLE (intramuros),21,0.0
NARBONNE,LILLE (intramuros),22,0.0
NARBONNE,LILLE (intramuros),23,0.0
NARBONNE,LILLE (intramuros),24,0.0
NARBONNE,LILLE (intramuros),25,0.002727272727272727
NARBONNE,LILLE (intramuros),26,0.014545454545454545
NARBONNE,LILLE (intramuros),27,0.016363636363636365
NARBONNE,LILLE (intramuros),28,0.0036363636363636364
NARBONNE,LILLE (intramuros),29,0.0018181818181818182
NARBONNE,LILLE (intramuros),30,0.0
NARBONNE,LYON (intramuros),0,0.39090909090909093
NARBONNE,LYON (intramuros),1,0.3618181818181818
NARBONNE,LYON (intramuros),2,0.37222222222222223
NARBONNE,LYON (intramuros),3,0.3666666666666667
NARBONNE,LYON (intramuros),4,0.16636363636363638
NARBONNE,LYON (intramuros),5,0.16296296296296298
NARBONNE,LYON (intramuros),6,0.15363636363636363
NARBONNE,LYON (intramuros),7,0.16
NARBONNE,LYON (intramuros),8,0.14909090909090908
NARBONNE,LYON (intramuros),9,0.16226415094339622
NARBONNE,LYON (intramuros),10,0.14537037037037037
NARBONNE,LYON (intramuros),11,0.13363636363636364
NARBONNE,LYON (intramuros),12,0.06944444444444445
NARBONNE,LYON (intramuros),13,0.07818181818181817
NARBONNE,LYON (intramuros),14,0.09272727272727273
NARBONNE,LYON (intramuros),15,0.1
NARBONNE,LYON (intramuros),16,0.06574074074074074
NARBONNE,LYON (intramuros),17,0.08
NARBONNE,LYON (intramuros),18,0.09090909090909091
NARBONNE,LYON (intramuros),19,0.09090909090909091
NARBONNE,LYON (intramuros),20,0.09
NARBONNE,LYON (intramuros),21,0.09
NARBONNE,LYON (intramuros),22,0.07727272727272727
NARBONNE,LYON (intramuros),23,0.075
NARBONNE,LYON (intramuros),24,0.07454545454545454
NARBONNE,LYON (intramuros),25,0.07636363636363637
NARBONNE,LYON (intramuros),26,0.08636363636363636
NARBONNE,LYON (intramuros),27,0.07636363636363637
NARBONNE,LYON (intramuros),28,0.06272727272727273
NARBONNE,LYON (intramuros),29,0.058181818181818175
NARBONNE,LYON (intramuros),30,0.009259259259259259
NARBONNE,MARNE LA VALLEE CHESSY,0,0.22636363636363635
NARBONNE,MARNE LA VALLEE CHESSY,1,0.16818181818181818
NARBONNE,MARNE LA VALLEE CHESSY,2,0.16296296296296298
NARBONNE,MARNE LA VALLEE CHESSY,3,0.13055555555555556
NARBONNE,MARNE LA VALLEE CHESSY,4,0.039090909090909086
NARBONNE,MARNE LA VALLEE CHESSY,5,0.010185185185185186
NARBONNE,MARNE LA VALLEE CHESSY,6,0.007272727272727273
NARBONNE,MARNE LA VALLEE CHESSY,7,0.0036363636363636364
NARBONNE,MARNE LA VALLEE CHESSY,8,0.006363636363636364
NARBONNE,MARNE LA VALLEE CHESSY,9,0.0009433962264150943
NARBONNE,MARNE LA VALLEE CHESSY,10,0.007407407407407408
NARBONNE,MARNE LA VALLEE CHESSY,11,0.01090909090909091
NARBONNE,MARNE LA VALLEE CHESSY,12,0.001851851851851852
NARBONNE,MARNE LA VALLEE CHESSY,13,0.0018181818181818182
NARBONNE,MARNE LA VALLEE CHESSY,14,0.0
NARBONNE,MARNE LA VALLEE CHESSY,15,0.0018181818181818182
NARBONNE,MARNE LA VALLEE CHESSY,16,0.001851851851851852
NARBONNE,MARNE LA VALLEE CHESSY,17,0.0018181818181818182
NARBONNE,MARNE LA VALLEE CHESSY,18,0.0036363636363636364
NARBONNE,MARNE LA VALLEE CHESSY,19,0.0027272727272727275
NARBONNE,MARNE LA VALLEE CHESSY,20,0.0036363636363636364
NARBONNE,MARNE LA VALLEE CHESSY,21,0.0036363636363636364
NARBONNE,MARNE LA VALLEE CHESSY,22,0.0009090909090909091
NARBONNE,MARNE LA VALLEE CHESSY,23,0.0
NARBONNE,MARNE LA VALLEE CHESSY,24,0.0
NARBONNE,MARNE LA VALLEE CHESSY,25,0.0027272727272727275
NARBONNE,MARNE LA VALLEE CHESSY,26,0.014545454545454545
NARBONNE,MARNE LA VALLEE CHESSY,27,0.006363636363636364
NARBONNE,MARNE LA VALLEE CHESSY,28,0.0018181818181818182
NARBONNE,MARNE LA VALLEE CHESSY,29,0.0027272727272727275
NARBONNE,MARNE LA VALLEE CHESSY,30,0.0
NARBONNE,MONTPELLIER SAINT ROCH,0,0.6712962962962963
NARBONNE,MONTPELLIER SAINT ROCH,1,0.5972222222222222
NARBONNE,MONTPELLIER SAINT ROCH,2,0.6141509433962263
NARBONNE,MONTPELLIER SAINT ROCH,3,0.540566037735849
NARBONNE,MONTPELLIER SAINT ROCH,4,0.23518518518518516
NARBONNE,MONTPELLIER SAINT ROCH,5,0.21037735849056605
NARBONNE,MONTPELLIER SAINT ROCH,6,0.21851851851851853
NARBONNE,MONTPELLIER SAINT ROCH,7,0.20925925925925928
NARBONNE,MONTPELLIER SAINT ROCH,8,0.17222222222222225
NARBONNE,MONTPELLIER SAINT ROCH,9,0.16923076923076924
NARBONNE,MONTPELLIER SAINT ROCH,10,0.19056603773584904
NARBONNE,MONTPELLIER SAINT ROCH,11,0.2064814814814815
NARBONNE,MONTPELLIER SAINT ROCH,12,0.19245283018867923
NARBONNE,MONTPELLIER SAINT ROCH,13,0.2064814814814815
NARBONNE,MONTPELLIER SAINT ROCH,14,0.2037037037037037
NARBONNE,MONTPELLIER SAINT ROCH,15,0.20092592592592592
NARBONNE,MONTPELLIER SAINT ROCH,16,0.2028301886792453
NARBONNE,MONTPELLIER SAINT ROCH,17,0.18796296296296297
NARBONNE,MONTPELLIER SAINT ROCH,18,0.18611111111111112
NARBONNE,MONTPELLIER SAINT ROCH,19,0.17037037037037037
NARBONNE,MONTPELLIER SAINT ROCH,20,0.1685185185185185
NARBONNE,MONTPELLIER SAINT ROCH,21,0.16574074074074072
NARBONNE,MONTPELLIER SAINT ROCH,22,0.16574074074074072
NARBONNE,MONTPELLIER SAINT ROCH,23,0.16981132075471697
NARBONNE,MONTPELLIER SAINT ROCH,24,0.1537037037037037
NARBONNE,MONTPELLIER SAINT ROCH,25,0.14444444444444443
NARBONNE,MONTPELLIER SAINT ROCH,26,0.13333333333333333
NARBONNE,MONTPELLIER SAINT ROCH,27,0.14074074074074072
NARBONNE,MONTPELLIER SAINT ROCH,28,0.1277777777777778
NARBONNE,MONTPELLIER SAINT ROCH,29,0.12129629629629629
NARBONNE,MONTPELLIER SAINT ROCH,30,0.029245283018867925
NARBONNE,MONTPELLIER SUD DE FRANCE,0,0.0
NARBONNE,MONTPELLIER SUD DE FRANCE,1,0.0
NARBONNE,MONTPELLIER SUD DE FRANCE,2,0.0
NARBONNE,MONTPELLIER SUD DE FRANCE,3,0.0
NARBONNE,MONTPELLIER SUD DE FRANCE,4,0.0
NARBONNE,MONTPELLIER SUD DE FRANCE,5,0.0
NARBONNE,MONTPELLIER SUD DE FRANCE,6,0.0
NARBONNE,MONTPELLIER SUD DE FRANCE,7,0.0
NARBONNE,MONTPELLIER SUD DE FRANCE,8,0.0
NARBONNE,MONTPELLIER SUD DE FRANCE,9,0.05
NARBONNE,MONTPELLIER SUD DE FRANCE,10,0.85
NARBONNE,MONTPELLIER SUD DE FRANCE,11,0.85
NARBONNE,MONTPELLIER SUD DE FRANCE,12,0.0
NARBONNE,MONTPELLIER SUD DE FRANCE,13,0.0
NARBONNE,MONTPELLIER SUD DE FRANCE,14,0.0
NARBONNE,MONTPELLIER SUD DE FRANCE,15,0.0
NARBONNE,MONTPELLIER SUD DE FRANCE,16,0.0
NARBONNE,MONTPELLIER SUD DE FRANCE,17,0.0
NARBONNE,MONTPELLIER SUD DE FRANCE,18,0.0
NARBONNE,MONTPELLIER SUD DE FRANCE,19,0.0
NARBONNE,MONTPELLIER SUD DE FRANCE,20,0.0
NARBONNE,MONTPELLIER SUD DE FRANCE,21,0.0
NARBONNE,MONTPELLIER SUD DE FRANCE,22,0.0
NARBONNE,MONTPELLIER SUD DE FRANCE,23,0.0
NARBONNE,MONTPELLIER SUD DE FRANCE,24,0.0
NARBONNE,MONTPELLIER SUD DE FRANCE,25,0.0
NARBONNE,MONTPELLIER SUD DE FRANCE,26,0.0
NARBONNE,MONTPELLIER SUD DE FRANCE,27,0.0
NARBONNE,MONTPELLIER SUD DE FRANCE,28,0.0
NARBONNE,MONTPELLIER SUD DE FRANCE,29,0.0
NARBONNE,MONTPELLIER SUD DE FRANCE,30,0.0
NARBONNE,NIMES CENTRE,0,0.686111111111111
NARBONNE,NIMES CENTRE,1,0.6259259259259259
NARBONNE,NIMES CENTRE,2,0.6
NARBONNE,NIMES CENTRE,3,0.5349056603773585
NARBONNE,NIMES CENTRE,4,0.24166666666666667
NARBONNE,NIMES CENTRE,5,0.21509433962264152
NARBONNE,NIMES CENTRE,6,0.2212962962962963
NARBONNE,NIMES CENTRE,7,0.21851851851851853
NARBONNE,NIMES CENTRE,8,0.1814814814814815
NARBONNE,NIMES CENTRE,9,0.1673076923076923
NARBONNE,NIMES CENTRE,10,0.1952830188679245
NARBONNE,NIMES CENTRE,11,0.21018518518518517
NARBONNE,NIMES CENTRE,12,0.18773584905660376
NARBONNE,NIMES CENTRE,13,0.20092592592592592
NARBONNE,NIMES CENTRE,14,0.2064814814814815
NARBONNE,NIMES CENTRE,15,0.2
NARBONNE,NIMES CENTRE,16,0.20188679245283017
NARBONNE,NIMES CENTRE,17,0.18611111111111112
NARBONNE,NIMES CENTRE,18,0.18333333333333335
NARBONNE,NIMES CENTRE,19,0.17037037037037037
NARBONNE,NIMES CENTRE,20,0.16666666666666666
NARBONNE,NIMES CENTRE,21,0.16666666666666666
NARBONNE,NIMES CENTRE,22,0.16574074074074072
NARBONNE,NIMES CENTRE,23,0.1707547169811321
NARBONNE,NIMES CENTRE,24,0.1527777777777778
NARBONNE,NIMES CENTRE,25,0.14722222222222223
NARBONNE,NIMES CENTRE,26,0.13148148148148148
NARBONNE,NIMES CENTRE,27,0.1398148148148148
NARBONNE,NIMES CENTRE,28,0.1324074074074074
NARBONNE,NIMES CENTRE,29,0.11944444444444445
NARBONNE,NIMES CENTRE,30,0.02358490566037736
NARBONNE,NIMES PONT DU GARD,0,0.0
NARBONNE,NIMES PONT DU GARD,1,0.0
NARBONNE,NIMES PONT DU GARD,2,0.0
NARBONNE,NIMES PONT DU GARD,3,0.0
NARBONNE,NIMES PONT DU GARD,4,0.0
NARBONNE,NIMES PONT DU GARD,5,0.0
NARBONNE,NIMES PONT DU GARD,6,0.0
NARBONNE,NIMES PONT DU GARD,7,0.0
NARBONNE,NIMES PONT DU GARD,8,0.0
NARBONNE,NIMES PONT DU GARD,9,0.05
NARBONNE,NIMES PONT DU GARD,10,0.9
NARBONNE,NIMES PONT DU GARD,11,0.95
NARBONNE,NIMES PONT DU GARD,12,0.05
NARBONNE,NIMES PONT DU GARD,13,0.0
NARBONNE,NIMES PONT DU GARD,14,0.0
NARBONNE,NIMES PONT DU GARD,15,0.0
NARBONNE,NIMES PONT DU GARD,16,0.0
NARBONNE,NIMES PONT DU GARD,17,0.0
NARBONNE,NIMES PONT DU GARD,18,0.0
NARBONNE,NIMES PONT DU GARD,19,0.0
NARBONNE,NIMES PONT DU GARD,20,0.0
NARBONNE,NIMES PONT DU GARD,21,0.0
NARBONNE,NIMES PONT DU GARD,22,0.0
NARBONNE,NIMES PONT DU GARD,23,0.0
NARBONNE,NIMES PONT DU GARD,24,0.0
NARBONNE,NIMES PONT DU GARD,25,0.0
NARBONNE,NIMES PONT DU GARD,26,0.0
NARBONNE,NIMES PONT DU GARD,27,0.0
NARBONNE,NIMES PONT DU GARD,28,0.0
NARBONNE,NIMES PONT DU GARD,29,0.0
NARBONNE,NIMES PONT DU GARD,30,0.0
NARBONNE,SETE,0,0.6527272727272727
NARBONNE,SETE,1,0.6045454545454545
NARBONNE,SETE,2,0.612962962962963
NARBONNE,SETE,3,0.5435185185185185
NARBONNE,SETE,4,0.2309090909090909
NARBONNE,SETE,5,0.21296296296296297
NARBONNE,SETE,6,0.21181818181818182
NARBONNE,SETE,7,0.2127272727272727
NARBONNE,SETE,8,0.18
NARBONNE,SETE,9,0.17830188679245282
NARBONNE,SETE,10,0.21018518518518517
NARBONNE,SETE,11,0.21909090909090906
NARBONNE,SETE,12,0.1824074074074074
NARBONNE,SETE,13,0.20090909090909093
NARBONNE,SETE,14,0.2
NARBONNE,SETE,15,0.19727272727272727
NARBONNE,SETE,16,0.1953703703703704
NARBONNE,SETE,17,0.18181818181818182
NARBONNE,SETE,18,0.17727272727272728
NARBONNE,SETE,19,0.16545454545454544
NARBONNE,SETE,20,0.16272727272727272
NARBONNE,SETE,21,0.16272727272727272
NARBONNE,SETE,22,0.1609090909090909
NARBONNE,SETE,23,0.16481481481481483
NARBONNE,SETE,24,0.1481818181818182
NARBONNE,SETE,25,0.1409090909090909
NARBONNE,SETE,26,0.13090909090909092
NARBONNE,SETE,27,0.13727272727272727
NARBONNE,SETE,28,0.12727272727272726
NARBONNE,SETE,29,0.11272727272727273
NARBONNE,SETE,30,0.023148148148148147
NARBONNE,TGV HAUTE PICARDIE,0,0.1318181818181818
NARBONNE,TGV HAUTE PICARDIE,1,0.10545454545454545
NARBONNE,TGV HAUTE PICARDIE,2,0.12222222222222222
NARBONNE,TGV HAUTE PICARDIE,3,0.08333333333333333
NARBONNE,TGV HAUTE PICARDIE,4,0.025454545454545455
NARBONNE,TGV HAUTE PICARDIE,5,0.004629629629629629
NARBONNE,TGV HAUTE PICARDIE,6,0.0027272727272727275
NARBONNE,TGV HAUTE PICARDIE,7,0.0036363636363636364
NARBONNE,TGV HAUTE PICARDIE,8,0.0009090909090909091
NARBONNE,TGV HAUTE PICARDIE,9,0.0037735849056603774
NARBONNE,TGV HAUTE PICARDIE,10,0.0027777777777777783
NARBONNE,TGV HAUTE PICARDIE,11,0.004545454545454545
NARBONNE,TGV HAUTE PICARDIE,12,0.0
NARBONNE,TGV HAUTE PICARDIE,13,0.0
NARBONNE,TGV HAUTE PICARDIE,14,0.0018181818181818182
NARBONNE,TGV HAUTE PICARDIE,15,0.0009090909090909091
NARBONNE,TGV HAUTE PICARDIE,16,0.000925925925925926
NARBONNE,TGV HAUTE PICARDIE,17,0.0009090909090909091
NARBONNE,TGV HAUTE PICARDIE,18,0.0
NARBONNE,TGV HAUTE PICARDIE,19,0.0009090909090909091
NARBONNE,TGV HAUTE PICARDIE,20,0.0018181818181818182
NARBONNE,TGV HAUTE PICARDIE,21,0.0
NARBONNE,TGV HAUTE PICARDIE,22,0.0
NARBONNE,TGV HAUTE PICARDIE,23,0.0
NARBONNE,TGV HAUTE PICARDIE,24,0.0009090909090909091
NARBONNE,TGV HAUTE PICARDIE,25,0.0009090909090909091
NARBONNE,TGV HAUTE PICARDIE,26,0.015454545454545457
NARBONNE,TGV HAUTE PICARDIE,27,0.02090909090909091
NARBONNE,TGV HAUTE PICARDIE,28,0.002727272727272727
NARBONNE,TGV HAUTE PICARDIE,29,0.0036363636363636364
NARBONNE,TGV HAUTE PICARDIE,30,0.002777777777777778
NARBONNE,VALENCE TGV AUVERGNE RHONE ALPES,0,0.39454545454545453
NARBONNE,VALENCE TGV AUVERGNE RHONE ALPES,1,0.34818181818181815
NARBONNE,VALENCE TGV AUVERGNE RHONE ALPES,2,0.36203703703703705
NARBONNE,VALENCE TGV AUVERGNE RHONE ALPES,3,0.36203703703703705
NARBONNE,VALENCE TGV AUVERGNE RHONE ALPES,4,0.1609090909090909
NARBONNE,VALENCE TGV AUVERGNE RHONE ALPES,5,0.1611111111111111
NARBONNE,VALENCE TGV AUVERGNE RHONE ALPES,6,0.15818181818181817
NARBONNE,VALENCE TGV AUVERGNE RHONE ALPES,7,0.16363636363636364
NARBONNE,VALENCE TGV AUVERGNE RHONE ALPES,8,0.14272727272727273
NARBONNE,VALENCE TGV AUVERGNE RHONE ALPES,9,0.1641509433962264
NARBONNE,VALENCE TGV AUVERGNE RHONE ALPES,10,0.1398148148148148
NARBONNE,VALENCE TGV AUVERGNE RHONE ALPES,11,0.13272727272727272
NARBONNE,VALENCE TGV AUVERGNE RHONE ALPES,12,0.05648148148148148
NARBONNE,VALENCE TGV AUVERGNE RHONE ALPES,13,0.06818181818181818
NARBONNE,VALENCE TGV AUVERGNE RHONE ALPES,14,0.09636363636363636
NARBONNE,VALENCE TGV AUVERGNE RHONE ALPES,15,0.10363636363636364
NARBONNE,VALENCE TGV AUVERGNE RHONE ALPES,16,0.07129629629629629
NARBONNE,VALENCE TGV AUVERGNE RHONE ALPES,17,0.08090909090909092
NARBONNE,VALENCE TGV AUVERGNE RHONE ALPES,18,0.0890909090909091
NARBONNE,VALENCE TGV AUVERGNE RHONE ALPES,19,0.09
NARBONNE,VALENCE TGV AUVERGNE RHONE ALPES,20,0.09090909090909091
NARBONNE,VALENCE TGV AUVERGNE RHONE ALPES,21,0.08090909090909092
NARBONNE,VALENCE TGV AUVERGNE RHONE ALPES,22,0.07363636363636364
NARBONNE,VALENCE TGV AUVERGNE RHONE ALPES,23,0.07777777777777778
NARBONNE,VALENCE TGV AUVERGNE RHONE ALPES,24,0.07545454545454545
NARBONNE,VALENCE TGV AUVERGNE RHONE ALPES,25,0.07545454545454545
NARBONNE,VALENCE TGV AUVERGNE RHONE ALPES,26,0.08545454545454546
NARBONNE,VALENCE TGV AUVERGNE RHONE ALPES,27,0.07363636363636364
NARBONNE,VALENCE TGV AUVERGNE RHONE ALPES,28,0.060909090909090906
NARBONNE,VALENCE TGV AUVERGNE RHONE ALPES,29,0.058181818181818175
NARBONNE,VALENCE TGV AUVERGNE RHONE ALPES,30,0.012037037037037037
NIMES CENTRE,AEROPORT ROISSY CDG 2 TGV,0,0.2021798365122616
NIMES CENTRE,AEROPORT ROISSY CDG 2 TGV,1,0.2032786885245902
NIMES CENTRE,AEROPORT ROISSY CDG 2 TGV,2,0.20150273224043716
NIMES CENTRE,AEROPORT ROISSY CDG 2 TGV,3,0.1807901907356948
NIMES CENTRE,AEROPORT ROISSY CDG 2 TGV,4,0.06920980926430517
NIMES CENTRE,AEROPORT ROISSY CDG 2 TGV,5,0.05476839237057221
NIMES CENTRE,AEROPORT ROISSY CDG 2 TGV,6,0.05531335149863761
NIMES CENTRE,AEROPORT ROISSY CDG 2 TGV,7,0.05599455040871935
NIMES CENTRE,AEROPORT ROISSY CDG 2 TGV,8,0.05013661202185793
NIMES CENTRE,AEROPORT ROISSY CDG 2 TGV,9,0.04535519125683061
NIMES CENTRE,AEROPORT ROISSY CDG 2 TGV,10,0.05299727520435967
NIMES CENTRE,AEROPORT ROISSY CDG 2 TGV,11,0.06280653950953678
NIMES CENTRE,AEROPORT ROISSY CDG 2 TGV,12,0.008719346049046322
NIMES CENTRE,AEROPORT ROISSY CDG 2 TGV,13,0.0066757493188010905
NIMES CENTRE,AEROPORT ROISSY CDG 2 TGV,14,0.0065395095367847406
NIMES CENTRE,AEROPORT ROISSY CDG 2 TGV,15,0.006267029972752043
NIMES CENTRE,AEROPORT ROISSY CDG 2 TGV,16,0.006130790190735695
NIMES CENTRE,AEROPORT ROISSY CDG 2 TGV,17,0.006130790190735695
NIMES CENTRE,AEROPORT ROISSY CDG 2 TGV,18,0.005994550408719347
NIMES CENTRE,AEROPORT ROISSY CDG 2 TGV,19,0.005858310626702998
NIMES CENTRE,AEROPORT ROISSY CDG 2 TGV,20,0.005585831062670299
NIMES CENTRE,AEROPORT ROISSY CDG 2 TGV,21,0.006403269754768392
NIMES CENTRE,AEROPORT ROISSY CDG 2 TGV,22,0.007629427792915531
NIMES CENTRE,AEROPORT ROISSY CDG 2 TGV,23,0.010081743869209809
NIMES CENTRE,AEROPORT ROISSY CDG 2 TGV,24,0.008446866485013624
NIMES CENTRE,AEROPORT ROISSY CDG 2 TGV,25,0.007356948228882834
NIMES CENTRE,AEROPORT ROISSY CDG 2 TGV,26,0.010899182561307902
NIMES CENTRE,AEROPORT ROISSY CDG 2 TGV,27,0.008446866485013624
NIMES CENTRE,AEROPORT ROISSY CDG 2 TGV,28,0.008991825613079018
NIMES CENTRE,AEROPORT ROISSY CDG 2 TGV,29,0.00994550408719346
NIMES CENTRE,AEROPORT ROISSY CDG 2 TGV,30,0.0013698630136986301
NIMES CENTRE,ARRAS,0,0.1388888888888889
NIMES CENTRE,ARRAS,1,0.1393939393939394
NIMES CENTRE,ARRAS,2,0.17525773195876287
NIMES CENTRE,ARRAS,3,0.17783505154639176
NIMES CENTRE,ARRAS,4,0.05606060606060606
NIMES CENTRE,ARRAS,5,0.030612244897959183
NIMES CENTRE,ARRAS,6,0.03214285714285715
NIMES CENTRE,ARRAS,7,0.030303030303030304
NIMES CENTRE,ARRAS,8,0.031818181818181815
NIMES CENTRE,ARRAS,9,0.02371134020618557
NIMES CENTRE,ARRAS,10,0.02577319587628866
NIMES CENTRE,ARRAS,11,0.04897959183673469
NIMES CENTRE,ARRAS,12,0.002061855670103093
NIMES CENTRE,ARRAS,13,0.0005102040816326531
NIMES CENTRE,ARRAS,14,0.0010204081632653062
NIMES CENTRE,ARRAS,15,0.0005102040816326531
NIMES CENTRE,ARRAS,16,0.0005208333333333333
NIMES CENTRE,ARRAS,17,0.0005208333333333333
NIMES CENTRE,ARRAS,18,0.0005154639175257732
NIMES CENTRE,ARRAS,19,0.0005208333333333333
NIMES CENTRE,ARRAS,20,0.0
NIMES CENTRE,ARRAS,21,0.0
NIMES CENTRE,ARRAS,22,0.0
NIMES CENTRE,ARRAS,23,0.0
NIMES CENTRE,ARRAS,24,0.0005319148936170213
NIMES CENTRE,ARRAS,25,0.0010526315789473684
NIMES CENTRE,ARRAS,26,0.008421052631578947
NIMES CENTRE,ARRAS,27,0.008947368421052631
NIMES CENTRE,ARRAS,28,0.0036842105263157894
NIMES CENTRE,ARRAS,29,0.0015789473684210526
NIMES CENTRE,ARRAS,30,0.0005376344086021505
NIMES CENTRE,BRUXELLES MIDI,0,0.10628491620111731
NIMES CENTRE,BRUXELLES MIDI,1,0.09441340782122905
NIMES CENTRE,BRUXELLES MIDI,2,0.07988826815642458
NIMES CENTRE,BRUXELLES MIDI,3,0.06201117318435754
NIMES CENTRE,BRUXELLES MIDI,4,0.016340782122905028
NIMES CENTRE,BRUXELLES MIDI,5,0.005446927374301676
NIMES CENTRE,BRUXELLES MIDI,6,0.004189944134078212
NIMES CENTRE,BRUXELLES MIDI,7,0.004329608938547486
NIMES CENTRE,BRUXELLES MIDI,8,0.003910614525139665
NIMES CENTRE,BRUXELLES MIDI,9,0.0030726256983240226
NIMES CENTRE,BRUXELLES MIDI,10,0.0019553072625698325
NIMES CENTRE,BRUXELLES MIDI,11,0.003910614525139665
NIMES CENTRE,BRUXELLES MIDI,12,0.002094972067039106
NIMES CENTRE,BRUXELLES MIDI,13,0.00111731843575419
NIMES CENTRE,BRUXELLES MIDI,14,0.0008379888268156426
NIMES CENTRE,BRUXELLES MIDI,15,0.0006983240223463687
NIMES CENTRE,BRUXELLES MIDI,16,0.0002785515320334262
NIMES CENTRE,BRUXELLES MIDI,17,0.0
NIMES CENTRE,BRUXELLES MIDI,18,0.0001392757660167131
NIMES CENTRE,BRUXELLES MIDI,19,0.0001392757660167131
NIMES CENTRE,BRUXELLES MIDI,20,0.0002785515320334262
NIMES CENTRE,BRUXELLES MIDI,21,0.0011142061281337048
NIMES CENTRE,BRUXELLES MIDI,22,0.0032033426183844015
NIMES CENTRE,BRUXELLES MIDI,23,0.0030640668523676884
NIMES CENTRE,BRUXELLES MIDI,24,0.0025069637883008357
NIMES CENTRE,BRUXELLES MIDI,25,0.0006963788300835655
NIMES CENTRE,BRUXELLES MIDI,26,0.0019498607242339834
NIMES CENTRE,BRUXELLES MIDI,27,0.0025069637883008357
NIMES CENTRE,BRUXELLES MIDI,28,0.0032033426183844015
NIMES CENTRE,BRUXELLES MIDI,29,0.003481894150417827
NIMES CENTRE,BRUXELLES MIDI,30,0.000558659217877095
NIMES CENTRE,LILLE (intramuros),0,0.20177111716621252
NIMES CENTRE,LILLE (intramuros),1,0.20150273224043716
NIMES CENTRE,LILLE (intramuros),2,0.19740437158469945
NIMES CENTRE,LILLE (intramuros),3,0.17888283378746594
NIMES CENTRE,LILLE (intramuros),4,0.07057220708446867
NIMES CENTRE,LILLE (intramuros),5,0.055722070844686646
NIMES CENTRE,LILLE (intramuros),6,0.056811989100817445
NIMES CENTRE,LILLE (intramuros),7,0.05068119891008175
NIMES CENTRE,LILLE (intramuros),8,0.04248633879781421
NIMES CENTRE,LILLE (intramuros),9,0.039071038251366125
NIMES CENTRE,LILLE (intramuros),10,0.04495912806539509
NIMES CENTRE,LILLE (intramuros),11,0.05790190735694823
NIMES CENTRE,LILLE (intramuros),12,0.006267029972752043
NIMES CENTRE,LILLE (intramuros),13,0.003950953678474115
NIMES CENTRE,LILLE (intramuros),14,0.003133514986376022
NIMES CENTRE,LILLE (intramuros),15,0.003678474114441417
NIMES CENTRE,LILLE (intramuros),16,0.0034059945504087193
NIMES CENTRE,LILLE (intramuros),17,0.0034059945504087193
NIMES CENTRE,LILLE (intramuros),18,0.003133514986376022
NIMES CENTRE,LILLE (intramuros),19,0.003133514986376022
NIMES CENTRE,LILLE (intramuros),20,0.0029972752043596735
NIMES CENTRE,LILLE (intramuros),21,0.0032697547683923703
NIMES CENTRE,LILLE (intramuros),22,0.00776566757493188
NIMES CENTRE,LILLE (intramuros),23,0.010217983651226158
NIMES CENTRE,LILLE (intramuros),24,0.008583106267029973
NIMES CENTRE,LILLE (intramuros),25,0.005858310626702997
NIMES CENTRE,LILLE (intramuros),26,0.010762942779291554
NIMES CENTRE,LILLE (intramuros),27,0.010354223433242507
NIMES CENTRE,LILLE (intramuros),28,0.009264305177111716
NIMES CENTRE,LILLE (intramuros),29,0.00994550408719346
NIMES CENTRE,LILLE (intramuros),30,0.002054794520547945
NIMES CENTRE,LYON (intramuros),0,0.43637602179836515
NIMES CENTRE,LYON (intramuros),1,0.43811475409836065
NIMES CENTRE,LYON (intramuros),2,0.43866120218579235
NIMES CENTRE,LYON (intramuros),3,0.45599455040871933
NIMES CENTRE,LYON (intramuros),4,0.27615803814713896
NIMES CENTRE,LYON (intramuros),5,0.255449591280654
NIMES CENTRE,LYON (intramuros),6,0.24972752043596733
NIMES CENTRE,LYON (intramuros),7,0.24741144414168936
NIMES CENTRE,LYON (intramuros),8,0.22827868852459016
NIMES CENTRE,LYON (intramuros),9,0.2336065573770492
NIMES CENTRE,LYON (intramuros),10,0.24482288828337873
NIMES CENTRE,LYON (intramuros),11,0.23760217983651227
NIMES CENTRE,LYON (intramuros),12,0.13201634877384197
NIMES CENTRE,LYON (intramuros),13,0.13269754768392372
NIMES CENTRE,LYON (intramuros),14,0.14564032697547685
NIMES CENTRE,LYON (intramuros),15,0.1444141689373297
NIMES CENTRE,LYON (intramuros),16,0.15190735694822888
NIMES CENTRE,LYON (intramuros),17,0.16062670299727522
NIMES CENTRE,LYON (intramuros),18,0.17438692098092642
NIMES CENTRE,LYON (intramuros),19,0.1760217983651226
NIMES CENTRE,LYON (intramuros),20,0.18106267029972753
NIMES CENTRE,LYON (intramuros),21,0.18773841961852863
NIMES CENTRE,LYON (intramuros),22,0.18882833787465939
NIMES CENTRE,LYON (intramuros),23,0.20095367847411444
NIMES CENTRE,LYON (intramuros),24,0.19850136239782015
NIMES CENTRE,LYON (intramuros),25,0.19373297002724793
NIMES CENTRE,LYON (intramuros),26,0.20790190735694822
NIMES CENTRE,LYON (intramuros),27,0.21226158038147142
NIMES CENTRE,LYON (intramuros),28,0.21634877384196186
NIMES CENTRE,LYON (intramuros),29,0.20585831062670298
NIMES CENTRE,LYON (intramuros),30,0.03945205479452055
NIMES CENTRE,MARNE LA VALLEE CHESSY,0,0.20326975476839235
NIMES CENTRE,MARNE LA VALLEE CHESSY,1,0.20724043715846993
NIMES CENTRE,MARNE LA VALLEE CHESSY,2,0.2065573770491803
NIMES CENTRE,MARNE LA VALLEE CHESSY,3,0.1790190735694823
NIMES CENTRE,MARNE LA VALLEE CHESSY,4,0.07002724795640326
NIMES CENTRE,MARNE LA VALLEE CHESSY,5,0.05722070844686648
NIMES CENTRE,MARNE LA VALLEE CHESSY,6,0.05640326975476839
NIMES CENTRE,MARNE LA VALLEE CHESSY,7,0.05422343324250681
NIMES CENTRE,MARNE LA VALLEE CHESSY,8,0.04945355191256831
NIMES CENTRE,MARNE LA VALLEE CHESSY,9,0.04617486338797814
NIMES CENTRE,MARNE LA VALLEE CHESSY,10,0.05381471389645776
NIMES CENTRE,MARNE LA VALLEE CHESSY,11,0.06362397820163489
NIMES CENTRE,MARNE LA VALLEE CHESSY,12,0.009536784741144414
NIMES CENTRE,MARNE LA VALLEE CHESSY,13,0.006948228882833787
NIMES CENTRE,MARNE LA VALLEE CHESSY,14,0.006130790190735695
NIMES CENTRE,MARNE LA VALLEE CHESSY,15,0.005722070844686649
NIMES CENTRE,MARNE LA VALLEE CHESSY,16,0.005585831062670299
NIMES CENTRE,MARNE LA VALLEE CHESSY,17,0.005585831062670299
NIMES CENTRE,MARNE LA VALLEE CHESSY,18,0.005585831062670299
NIMES CENTRE,MARNE LA VALLEE CHESSY,19,0.005722070844686649
NIMES CENTRE,MARNE LA VALLEE CHESSY,20,0.005858310626702997
NIMES CENTRE,MARNE LA VALLEE CHESSY,21,0.006403269754768392
NIMES CENTRE,MARNE LA VALLEE CHESSY,22,0.008038147138964578
NIMES CENTRE,MARNE LA VALLEE CHESSY,23,0.009809264305177113
NIMES CENTRE,MARNE LA VALLEE CHESSY,24,0.009400544959128065
NIMES CENTRE,MARNE LA VALLEE CHESSY,25,0.007493188010899182
NIMES CENTRE,MARNE LA VALLEE CHESSY,26,0.01103542234332425
NIMES CENTRE,MARNE LA VALLEE CHESSY,27,0.008038147138964578
NIMES CENTRE,MARNE LA VALLEE CHESSY,28,0.008855585831062671
NIMES CENTRE,MARNE LA VALLEE CHESSY,29,0.010490463215258856
NIMES CENTRE,MARNE LA VALLEE CHESSY,30,0.0021917808219178085
NIMES CENTRE,TGV HAUTE PICARDIE,0,0.13787878787878788
NIMES CENTRE,TGV HAUTE PICARDIE,1,0.14191919191919192
NIMES CENTRE,TGV HAUTE PICARDIE,2,0.17268041237113402
NIMES CENTRE,TGV HAUTE PICARDIE,3,0.17216494845360825
NIMES CENTRE,TGV HAUTE PICARDIE,4,0.062121212121212126
NIMES CENTRE,TGV HAUTE PICARDIE,5,0.03520408163265306
NIMES CENTRE,TGV HAUTE PICARDIE,6,0.036224489795918365
NIMES CENTRE,TGV HAUTE PICARDIE,7,0.030303030303030304
NIMES CENTRE,TGV HAUTE PICARDIE,8,0.02575757575757576
NIMES CENTRE,TGV HAUTE PICARDIE,9,0.021649484536082474
NIMES CENTRE,TGV HAUTE PICARDIE,10,0.01907216494845361
NIMES CENTRE,TGV HAUTE PICARDIE,11,0.03979591836734694
NIMES CENTRE,TGV HAUTE PICARDIE,12,0.0015463917525773197
NIMES CENTRE,TGV HAUTE PICARDIE,13,0.0010204081632653062
NIMES CENTRE,TGV HAUTE PICARDIE,14,0.0010204081632653062
NIMES CENTRE,TGV HAUTE PICARDIE,15,0.0005102040816326531
NIMES CENTRE,TGV HAUTE PICARDIE,16,0.0
NIMES CENTRE,TGV HAUTE PICARDIE,17,0.0005208333333333333
NIMES CENTRE,TGV HAUTE PICARDIE,18,0.0
NIMES CENTRE,TGV HAUTE PICARDIE,19,0.0
NIMES CENTRE,TGV HAUTE PICARDIE,20,0.0
NIMES CENTRE,TGV HAUTE PICARDIE,21,0.0
NIMES CENTRE,TGV HAUTE PICARDIE,22,0.0
NIMES CENTRE,TGV HAUTE PICARDIE,23,0.0
NIMES CENTRE,TGV HAUTE PICARDIE,24,0.0
NIMES CENTRE,TGV HAUTE PICARDIE,25,0.0005263157894736842
NIMES CENTRE,TGV HAUTE PICARDIE,26,0.006842105263157895
NIMES CENTRE,TGV HAUTE PICARDIE,27,0.008421052631578947
NIMES CENTRE,TGV HAUTE PICARDIE,28,0.003157894736842105
NIMES CENTRE,TGV HAUTE PICARDIE,29,0.0005263157894736842
NIMES CENTRE,TGV HAUTE PICARDIE,30,0.0005376344086021505
NIMES CENTRE,VALENCE TGV AUVERGNE RHONE ALPES,0,0.4300275482093664
NIMES CENTRE,VALENCE TGV AUVERGNE RHONE ALPES,1,0.4377410468319559
NIMES CENTRE,VALENCE TGV AUVERGNE RHONE ALPES,2,0.4353994490358127
NIMES CENTRE,VALENCE TGV AUVERGNE RHONE ALPES,3,0.45977961432506886
NIMES CENTRE,VALENCE TGV AUVERGNE RHONE ALPES,4,0.2775482093663912
NIMES CENTRE,VALENCE TGV AUVERGNE RHONE ALPES,5,0.26170798898071623
NIMES CENTRE,VALENCE TGV AUVERGNE RHONE ALPES,6,0.25606060606060604
NIMES CENTRE,VALENCE TGV AUVERGNE RHONE ALPES,7,0.25206611570247933
NIMES CENTRE,VALENCE TGV AUVERGNE RHONE ALPES,8,0.23292011019283745
NIMES CENTRE,VALENCE TGV AUVERGNE RHONE ALPES,9,0.23415977961432508
NIMES CENTRE,VALENCE TGV AUVERGNE RHONE ALPES,10,0.24986225895316805
NIMES CENTRE,VALENCE TGV AUVERGNE RHONE ALPES,11,0.2443526170798898
NIMES CENTRE,VALENCE TGV AUVERGNE RHONE ALPES,12,0.1271349862258953
NIMES CENTRE,VALENCE TGV AUVERGNE RHONE ALPES,13,0.13333333333333333
NIMES CENTRE,VALENCE TGV AUVERGNE RHONE ALPES,14,0.14490358126721764
NIMES CENTRE,VALENCE TGV AUVERGNE RHONE ALPES,15,0.14628099173553719
NIMES CENTRE,VALENCE TGV AUVERGNE RHONE ALPES,16,0.15330578512396695
NIMES CENTRE,VALENCE TGV AUVERGNE RHONE ALPES,17,0.16418732782369147
NIMES CENTRE,VALENCE TGV AUVERGNE RHONE ALPES,18,0.17727272727272725
NIMES CENTRE,VALENCE TGV AUVERGNE RHONE ALPES,19,0.17768595041322313
NIMES CENTRE,VALENCE TGV AUVERGNE RHONE ALPES,20,0.18512396694214878
NIMES CENTRE,VALENCE TGV AUVERGNE RHONE ALPES,21,0.19132231404958677
NIMES CENTRE,VALENCE TGV AUVERGNE RHONE ALPES,22,0.18884297520661156
NIMES CENTRE,VALENCE TGV AUVERGNE RHONE ALPES,23,0.20550964187327822
NIMES CENTRE,VALENCE TGV AUVERGNE RHONE ALPES,24,0.20068870523415977
NIMES CENTRE,VALENCE TGV AUVERGNE RHONE ALPES,25,0.1984848484848485
NIMES CENTRE,VALENCE TGV AUVERGNE RHONE ALPES,26,0.21184573002754822
NIMES CENTRE,VALENCE TGV AUVERGNE RHONE ALPES,27,0.21556473829201103
NIMES CENTRE,VALENCE TGV AUVERGNE RHONE ALPES,28,0.21418732782369146
NIMES CENTRE,VALENCE TGV AUVERGNE RHONE ALPES,29,0.20385674931129477
NIMES CENTRE,VALENCE TGV AUVERGNE RHONE ALPES,30,0.038088642659279776
NIMES CENTRE,VALENCE VILLE,0,0.0
NIMES CENTRE,VALENCE VILLE,4,0.0
NIMES CENTRE,VALENCE VILLE,5,0.0
NIMES CENTRE,VALENCE VILLE,6,0.0
NIMES CENTRE,VALENCE VILLE,7,0.0
NIMES PONT DU GARD,AEROPORT ROISSY CDG 2 TGV,0,0.428099173553719
NIMES PONT DU GARD,AEROPORT ROISSY CDG 2 TGV,1,0.4414600550964187
NIMES PONT DU GARD,AEROPORT ROISSY CDG 2 TGV,2,0.4409090909090909
NIMES PONT DU GARD,AEROPORT ROISSY CDG 2 TGV,3,0.4216253443526171
NIMES PONT DU GARD,AEROPORT ROISSY CDG 2 TGV,4,0.28595041322314046
NIMES PONT DU GARD,AEROPORT ROISSY CDG 2 TGV,5,0.2815426997245179
NIMES PONT DU GARD,AEROPORT ROISSY CDG 2 TGV,6,0.2803030303030303
NIMES PONT DU GARD,AEROPORT ROISSY CDG 2 TGV,7,0.28457300275482095
NIMES PONT DU GARD,AEROPORT ROISSY CDG 2 TGV,8,0.27258953168044076
NIMES PONT DU GARD,AEROPORT ROISSY CDG 2 TGV,9,0.2758953168044077
NIMES PONT DU GARD,AEROPORT ROISSY CDG 2 TGV,10,0.2695592286501377
NIMES PONT DU GARD,AEROPORT ROISSY CDG 2 TGV,11,0.2768595041322314
NIMES PONT DU GARD,AEROPORT ROISSY CDG 2 TGV,12,0.11363636363636363
NIMES PONT DU GARD,AEROPORT ROISSY CDG 2 TGV,13,0.11267217630853994
NIMES PONT DU GARD,AEROPORT ROISSY CDG 2 TGV,14,0.11501377410468319
NIMES PONT DU GARD,AEROPORT ROISSY CDG 2 TGV,15,0.11804407713498623
NIMES PONT DU GARD,AEROPORT ROISSY CDG 2 TGV,16,0.11680440771349862
NIMES PONT DU GARD,AEROPORT ROISSY CDG 2 TGV,17,0.11892265193370165
NIMES PONT DU GARD,AEROPORT ROISSY CDG 2 TGV,18,0.11988950276243093
NIMES PONT DU GARD,AEROPORT ROISSY CDG 2 TGV,19,0.12286501377410469
NIMES PONT DU GARD,AEROPORT ROISSY CDG 2 TGV,20,0.1270718232044199
NIMES PONT DU GARD,AEROPORT ROISSY CDG 2 TGV,21,0.1361878453038674
NIMES PONT DU GARD,AEROPORT ROISSY CDG 2 TGV,22,0.1399171270718232
NIMES PONT DU GARD,AEROPORT ROISSY CDG 2 TGV,23,0.14613259668508288
NIMES PONT DU GARD,AEROPORT ROISSY CDG 2 TGV,24,0.15526315789473683
NIMES PONT DU GARD,AEROPORT ROISSY CDG 2 TGV,25,0.15819444444444444
NIMES PONT DU GARD,AEROPORT ROISSY CDG 2 TGV,26,0.16111111111111112
NIMES PONT DU GARD,AEROPORT ROISSY CDG 2 TGV,27,0.17270194986072424
NIMES PONT DU GARD,AEROPORT ROISSY CDG 2 TGV,28,0.17458100558659218
NIMES PONT DU GARD,AEROPORT ROISSY CDG 2 TGV,29,0.17492997198879554
NIMES PONT DU GARD,AEROPORT ROISSY CDG 2 TGV,30,0.027464788732394368
NIMES PONT DU GARD,ARRAS,0,0.3333333333333333
NIMES PONT DU GARD,ARRAS,1,0.3390041493775934
NIMES PONT DU GARD,ARRAS,2,0.34135802469135806
NIMES PONT DU GARD,ARRAS,3,0.32695473251028806
NIMES PONT DU GARD,ARRAS,4,0.19730290456431535
NIMES PONT DU GARD,ARRAS,5,0.17892561983471073
NIMES PONT DU GARD,ARRAS,6,0.18409090909090908
NIMES PONT DU GARD,ARRAS,7,0.16182572614107885
NIMES PONT DU GARD,ARRAS,8,0.1621900826446281
NIMES PONT DU GARD,ARRAS,9,0.1694672131147541
NIMES PONT DU GARD,ARRAS,10,0.1545081967213115
NIMES PONT DU GARD,ARRAS,11,0.1696280991735537
NIMES PONT DU GARD,ARRAS,12,0.044032921810699586
NIMES PONT DU GARD,ARRAS,13,0.046296296296296294
NIMES PONT DU GARD,ARRAS,14,0.047325102880658436
NIMES PONT DU GARD,ARRAS,15,0.04959016393442623
NIMES PONT DU GARD,ARRAS,16,0.05264227642276423
NIMES PONT DU GARD,ARRAS,17,0.053048780487804884
NIMES PONT DU GARD,ARRAS,18,0.05430327868852459
NIMES PONT DU GARD,ARRAS,19,0.05406504065040651
NIMES PONT DU GARD,ARRAS,20,0.06016260162601626
NIMES PONT DU GARD,ARRAS,21,0.06544715447154473
NIMES PONT DU GARD,ARRAS,22,0.06693548387096775
NIMES PONT DU GARD,ARRAS,23,0.06947791164658634
NIMES PONT DU GARD,ARRAS,24,0.07409638554216867
NIMES PONT DU GARD,ARRAS,25,0.07105263157894737
NIMES PONT DU GARD,ARRAS,26,0.07762096774193548
NIMES PONT DU GARD,ARRAS,27,0.08649193548387096
NIMES PONT DU GARD,ARRAS,28,0.09334677419354838
NIMES PONT DU GARD,ARRAS,29,0.09032258064516129
NIMES PONT DU GARD,ARRAS,30,0.011847389558232932
NIMES PONT DU GARD,BRUXELLES MIDI,0,0.2251269035532995
NIMES PONT DU GARD,BRUXELLES MIDI,1,0.22060301507537688
NIMES PONT DU GARD,BRUXELLES MIDI,2,0.2235
NIMES PONT DU GARD,BRUXELLES MIDI,3,0.2145
NIMES PONT DU GARD,BRUXELLES MIDI,4,0.09625
NIMES PONT DU GARD,BRUXELLES MIDI,5,0.08775000000000001
NIMES PONT DU GARD,BRUXELLES MIDI,6,0.0925
NIMES PONT DU GARD,BRUXELLES MIDI,7,0.08074999999999999
NIMES PONT DU GARD,BRUXELLES MIDI,8,0.07512437810945273
NIMES PONT DU GARD,BRUXELLES MIDI,9,0.0687192118226601
NIMES PONT DU GARD,BRUXELLES MIDI,10,0.0706896551724138
NIMES PONT DU GARD,BRUXELLES MIDI,11,0.07835820895522388
NIMES PONT DU GARD,BRUXELLES MIDI,12,0.005940594059405941
NIMES PONT DU GARD,BRUXELLES MIDI,13,0.001732673267326733
NIMES PONT DU GARD,BRUXELLES MIDI,14,0.0012376237623762376
NIMES PONT DU GARD,BRUXELLES MIDI,15,0.001970443349753695
NIMES PONT DU GARD,BRUXELLES MIDI,16,0.004634146341463415
NIMES PONT DU GARD,BRUXELLES MIDI,17,0.005365853658536586
NIMES PONT DU GARD,BRUXELLES MIDI,18,0.0058823529411764705
NIMES PONT DU GARD,BRUXELLES MIDI,19,0.006097560975609756
NIMES PONT DU GARD,BRUXELLES MIDI,20,0.005609756097560975
NIMES PONT DU GARD,BRUXELLES MIDI,21,0.00661764705882353
NIMES PONT DU GARD,BRUXELLES MIDI,22,0.008737864077669903
NIMES PONT DU GARD,BRUXELLES MIDI,23,0.010336538461538461
NIMES PONT DU GARD,BRUXELLES MIDI,24,0.012077294685990338
NIMES PONT DU GARD,BRUXELLES MIDI,25,0.017475728155339806
NIMES PONT DU GARD,BRUXELLES MIDI,26,0.020531400966183576
NIMES PONT DU GARD,BRUXELLES MIDI,27,0.024396135265700482
NIMES PONT DU GARD,BRUXELLES MIDI,28,0.030676328502415456
NIMES PONT DU GARD,BRUXELLES MIDI,29,0.03091787439613527
NIMES PONT DU GARD,BRUXELLES MIDI,30,0.006038647342995169
NIMES PONT DU GARD,LILLE (intramuros),0,0.4112947658402204
NIMES PONT DU GARD,LILLE (intramuros),1,0.4214876033057851
NIMES PONT DU GARD,LILLE (intramuros),2,0.42382920110192834
NIMES PONT DU GARD,LILLE (intramuros),3,0.4212121212121212
NIMES PONT DU GARD,LILLE (intramuros),4,0.287603305785124
NIMES PONT DU GARD,LILLE (intramuros),5,0.2849862258953168
NIMES PONT DU GARD,LILLE (intramuros),6,0.2827823691460055
NIMES PONT DU GARD,LILLE (intramuros),7,0.28884297520661156
NIMES PONT DU GARD,LILLE (intramuros),8,0.2738292011019284
NIMES PONT DU GARD,LILLE (intramuros),9,0.2796143250688705
NIMES PONT DU GARD,LILLE (intramuros),10,0.2771349862258953
NIMES PONT DU GARD,LILLE (intramuros),11,0.2900826446280992
NIMES PONT DU GARD,LILLE (intramuros),12,0.11707988980716254
NIMES PONT DU GARD,LILLE (intramuros),13,0.11542699724517906
NIMES PONT DU GARD,LILLE (intramuros),14,0.1165289256198347
NIMES PONT DU GARD,LILLE (intramuros),15,0.11873278236914601
NIMES PONT DU GARD,LILLE (intramuros),16,0.11707988980716254
NIMES PONT DU GARD,LILLE (intramuros),17,0.1207182320441989
NIMES PONT DU GARD,LILLE (intramuros),18,0.12099447513812153
NIMES PONT DU GARD,LILLE (intramuros),19,0.12382920110192838
NIMES PONT DU GARD,LILLE (intramuros),20,0.12831491712707183
NIMES PONT DU GARD,LILLE (intramuros),21,0.1361878453038674
NIMES PONT DU GARD,LILLE (intramuros),22,0.14102209944751382
NIMES PONT DU GARD,LILLE (intramuros),23,0.1505524861878453
NIMES PONT DU GARD,LILLE (intramuros),24,0.15900277008310248
NIMES PONT DU GARD,LILLE (intramuros),25,0.15833333333333333
NIMES PONT DU GARD,LILLE (intramuros),26,0.1626388888888889
NIMES PONT DU GARD,LILLE (intramuros),27,0.17298050139275767
NIMES PONT DU GARD,LILLE (intramuros),28,0.17430167597765361
NIMES PONT DU GARD,LILLE (intramuros),29,0.17633053221288517
NIMES PONT DU GARD,LILLE (intramuros),30,0.02690140845070423
NIMES PONT DU GARD,LYON (intramuros),0,0.5505509641873279
NIMES PONT DU GARD,LYON (intramuros),1,0.5696969696969697
NIMES PONT DU GARD,LYON (intramuros),2,0.578099173553719
NIMES PONT DU GARD,LYON (intramuros),3,0.574793388429752
NIMES PONT DU GARD,LYON (intramuros),4,0.4260330578512397
NIMES PONT DU GARD,LYON (intramuros),5,0.4198347107438017
NIMES PONT DU GARD,LYON (intramuros),6,0.4112947658402204
NIMES PONT DU GARD,LYON (intramuros),7,0.41019283746556473
NIMES PONT DU GARD,LYON (intramuros),8,0.39325068870523416
NIMES PONT DU GARD,LYON (intramuros),9,0.3986225895316804
NIMES PONT DU GARD,LYON (intramuros),10,0.415564738292011
NIMES PONT DU GARD,LYON (intramuros),11,0.4121212121212121
NIMES PONT DU GARD,LYON (intramuros),12,0.2909090909090909
NIMES PONT DU GARD,LYON (intramuros),13,0.296831955922865
NIMES PONT DU GARD,LYON (intramuros),14,0.29366391184573
NIMES PONT DU GARD,LYON (intramuros),15,0.29022038567493114
NIMES PONT DU GARD,LYON (intramuros),16,0.3002754820936639
NIMES PONT DU GARD,LYON (intramuros),17,0.2937845303867403
NIMES PONT DU GARD,LYON (intramuros),18,0.2929558011049724
NIMES PONT DU GARD,LYON (intramuros),19,0.3012396694214876
NIMES PONT DU GARD,LYON (intramuros),20,0.3096685082872928
NIMES PONT DU GARD,LYON (intramuros),21,0.3111878453038674
NIMES PONT DU GARD,LYON (intramuros),22,0.31160220994475135
NIMES PONT DU GARD,LYON (intramuros),23,0.32044198895027626
NIMES PONT DU GARD,LYON (intramuros),24,0.32465373961218835
NIMES PONT DU GARD,LYON (intramuros),25,0.3338888888888889
NIMES PONT DU GARD,LYON (intramuros),26,0.3308333333333333
NIMES PONT DU GARD,LYON (intramuros),27,0.34972144846796654
NIMES PONT DU GARD,LYON (intramuros),28,0.3463687150837989
NIMES PONT DU GARD,LYON (intramuros),29,0.3365546218487395
NIMES PONT DU GARD,LYON (intramuros),30,0.0404225352112676
NIMES PONT DU GARD,MARNE LA VALLEE CHESSY,0,0.42741046831955926
NIMES PONT DU GARD,MARNE LA VALLEE CHESSY,1,0.44393939393939397
NIMES PONT DU GARD,MARNE LA VALLEE CHESSY,2,0.43746556473829207
NIMES PONT DU GARD,MARNE LA VALLEE CHESSY,3,0.41763085399449035
NIMES PONT DU GARD,MARNE LA VALLEE CHESSY,4,0.28815426997245175
NIMES PONT DU GARD,MARNE LA VALLEE CHESSY,5,0.2818181818181818
NIMES PONT DU GARD,MARNE LA VALLEE CHESSY,6,0.2841597796143251
NIMES PONT DU GARD,MARNE LA VALLEE CHESSY,7,0.2862258953168044
NIMES PONT DU GARD,MARNE LA VALLEE CHESSY,8,0.2709366391184573
NIMES PONT DU GARD,MARNE LA VALLEE CHESSY,9,0.2768595041322314
NIMES PONT DU GARD,MARNE LA VALLEE CHESSY,10,0.2665289256198347
NIMES PONT DU GARD,MARNE LA VALLEE CHESSY,11,0.27741046831955923
NIMES PONT DU GARD,MARNE LA VALLEE CHESSY,12,0.11418732782369147
NIMES PONT DU GARD,MARNE LA VALLEE CHESSY,13,0.11418732782369147
NIMES PONT DU GARD,MARNE LA VALLEE CHESSY,14,0.11515151515151514
NIMES PONT DU GARD,MARNE LA VALLEE CHESSY,15,0.11666666666666667
NIMES PONT DU GARD,MARNE LA VALLEE CHESSY,16,0.11584022038567493
NIMES PONT DU GARD,MARNE LA VALLEE CHESSY,17,0.11961325966850828
NIMES PONT DU GARD,MARNE LA VALLEE CHESSY,18,0.11933701657458565
NIMES PONT DU GARD,MARNE LA VALLEE CHESSY,19,0.12300275482093663
NIMES PONT DU GARD,MARNE LA VALLEE CHESSY,20,0.1270718232044199
NIMES PONT DU GARD,MARNE LA VALLEE CHESSY,21,0.13439226519337016
NIMES PONT DU GARD,MARNE LA VALLEE CHESSY,22,0.13812154696132597
NIMES PONT DU GARD,MARNE LA VALLEE CHESSY,23,0.14654696132596684
NIMES PONT DU GARD,MARNE LA VALLEE CHESSY,24,0.1587257617728532
NIMES PONT DU GARD,MARNE LA VALLEE CHESSY,25,0.15819444444444444
NIMES PONT DU GARD,MARNE LA VALLEE CHESSY,26,0.16180555555555556
NIMES PONT DU GARD,MARNE LA VALLEE CHESSY,27,0.17311977715877436
NIMES PONT DU GARD,MARNE LA VALLEE CHESSY,28,0.17248603351955308
NIMES PONT DU GARD,MARNE LA VALLEE CHESSY,29,0.17605042016806724
NIMES PONT DU GARD,MARNE LA VALLEE CHESSY,30,0.027605633802816904
NIMES PONT DU GARD,TGV HAUTE PICARDIE,0,0.3302083333333333
NIMES PONT DU GARD,TGV HAUTE PICARDIE,1,0.33879668049792533
NIMES PONT DU GARD,TGV HAUTE PICARDIE,2,0.33456790123456787
NIMES PONT DU GARD,TGV HAUTE PICARDIE,3,0.3281893004115226
NIMES PONT DU GARD,TGV HAUTE PICARDIE,4,0.19688796680497928
NIMES PONT DU GARD,TGV HAUTE PICARDIE,5,0.17706611570247935
NIMES PONT DU GARD,TGV HAUTE PICARDIE,6,0.1793388429752066
NIMES PONT DU GARD,TGV HAUTE PICARDIE,7,0.16721991701244812
NIMES PONT DU GARD,TGV HAUTE PICARDIE,8,0.1628099173553719
NIMES PONT DU GARD,TGV HAUTE PICARDIE,9,0.1709016393442623
NIMES PONT DU GARD,TGV HAUTE PICARDIE,10,0.1594262295081967
NIMES PONT DU GARD,TGV HAUTE PICARDIE,11,0.16983471074380166
NIMES PONT DU GARD,TGV HAUTE PICARDIE,12,0.043621399176954734
NIMES PONT DU GARD,TGV HAUTE PICARDIE,13,0.046296296296296294
NIMES PONT DU GARD,TGV HAUTE PICARDIE,14,0.04691358024691358
NIMES PONT DU GARD,TGV HAUTE PICARDIE,15,0.04979508196721311
NIMES PONT DU GARD,TGV HAUTE PICARDIE,16,0.053252032520325204
NIMES PONT DU GARD,TGV HAUTE PICARDIE,17,0.053048780487804884
NIMES PONT DU GARD,TGV HAUTE PICARDIE,18,0.05430327868852459
NIMES PONT DU GARD,TGV HAUTE PICARDIE,19,0.05406504065040651
NIMES PONT DU GARD,TGV HAUTE PICARDIE,20,0.060365853658536583
NIMES PONT DU GARD,TGV HAUTE PICARDIE,21,0.0638211382113821
NIMES PONT DU GARD,TGV HAUTE PICARDIE,22,0.06814516129032258
NIMES PONT DU GARD,TGV HAUTE PICARDIE,23,0.06827309236947791
NIMES PONT DU GARD,TGV HAUTE PICARDIE,24,0.07349397590361446
NIMES PONT DU GARD,TGV HAUTE PICARDIE,25,0.07004048582995952
NIMES PONT DU GARD,TGV HAUTE PICARDIE,26,0.0752016129032258
NIMES PONT DU GARD,TGV HAUTE PICARDIE,27,0.08830645161290324
NIMES PONT DU GARD,TGV HAUTE PICARDIE,28,0.09334677419354838
NIMES PONT DU GARD,TGV HAUTE PICARDIE,29,0.08911290322580646
NIMES PONT DU GARD,TGV HAUTE PICARDIE,30,0.017469879518072287
NIMES PONT DU GARD,VALENCE TGV AUVERGNE RHONE ALPES,0,0.5257925072046109
NIMES PONT DU GARD,VALENCE TGV AUVERGNE RHONE ALPES,1,0.5474063400576369
NIMES PONT DU GARD,VALENCE TGV AUVERGNE RHONE ALPES,2,0.5508645533141211
NIMES PONT DU GARD,VALENCE TGV AUVERGNE RHONE ALPES,3,0.5345821325648416
NIMES PONT DU GARD,VALENCE TGV AUVERGNE RHONE ALPES,4,0.38587896253602305
NIMES PONT DU GARD,VALENCE TGV AUVERGNE RHONE ALPES,5,0.3796829971181556
NIMES PONT DU GARD,VALENCE TGV AUVERGNE RHONE ALPES,6,0.36613832853025935
NIMES PONT DU GARD,VALENCE TGV AUVERGNE RHONE ALPES,7,0.36054913294797686
NIMES PONT DU GARD,VALENCE TGV AUVERGNE RHONE ALPES,8,0.35361271676300576
NIMES PONT DU GARD,VALENCE TGV AUVERGNE RHONE ALPES,9,0.35852601156069364
NIMES PONT DU GARD,VALENCE TGV AUVERGNE RHONE ALPES,10,0.3657514450867052
NIMES PONT DU GARD,VALENCE TGV AUVERGNE RHONE ALPES,11,0.36690751445086706
NIMES PONT DU GARD,VALENCE TGV AUVERGNE RHONE ALPES,12,0.2654624277456647
NIMES PONT DU GARD,VALENCE TGV AUVERGNE RHONE ALPES,13,0.2718208092485549
NIMES PONT DU GARD,VALENCE TGV AUVERGNE RHONE ALPES,14,0.27398843930635836
NIMES PONT DU GARD,VALENCE TGV AUVERGNE RHONE ALPES,15,0.271242774566474
NIMES PONT DU GARD,VALENCE TGV AUVERGNE RHONE ALPES,16,0.2852601156069364
NIMES PONT DU GARD,VALENCE TGV AUVERGNE RHONE ALPES,17,0.28043478260869564
NIMES PONT DU GARD,VALENCE TGV AUVERGNE RHONE ALPES,18,0.27855072463768116
NIMES PONT DU GARD,VALENCE TGV AUVERGNE RHONE ALPES,19,0.28540462427745666
NIMES PONT DU GARD,VALENCE TGV AUVERGNE RHONE ALPES,20,0.2931884057971015
NIMES PONT DU GARD,VALENCE TGV AUVERGNE RHONE ALPES,21,0.29594202898550726
NIMES PONT DU GARD,VALENCE TGV AUVERGNE RHONE ALPES,22,0.296231884057971
NIMES PONT DU GARD,VALENCE TGV AUVERGNE RHONE ALPES,23,0.3047826086956522
NIMES PONT DU GARD,VALENCE TGV AUVERGNE RHONE ALPES,24,0.30886627906976744
NIMES PONT DU GARD,VALENCE TGV AUVERGNE RHONE ALPES,25,0.3237609329446064
NIMES PONT DU GARD,VALENCE TGV AUVERGNE RHONE ALPES,26,0.32521865889212825
NIMES PONT DU GARD,VALENCE TGV AUVERGNE RHONE ALPES,27,0.3369883040935672
NIMES PONT DU GARD,VALENCE TGV AUVERGNE RHONE ALPES,28,0.33064516129032256
NIMES PONT DU GARD,VALENCE TGV AUVERGNE RHONE ALPES,29,0.3255882352941177
NIMES PONT DU GARD,VALENCE TGV AUVERGNE RHONE ALPES,30,0.05355029585798817
PERPIGNAN,AEROPORT ROISSY CDG 2 TGV,0,0.21545454545454545
PERPIGNAN,AEROPORT ROISSY CDG 2 TGV,1,0.17454545454545453
PERPIGNAN,AEROPORT ROISSY CDG 2 TGV,2,0.16296296296296298
PERPIGNAN,AEROPORT ROISSY CDG 2 TGV,3,0.13518518518518519
PERPIGNAN,AEROPORT ROISSY CDG 2 TGV,4,0.038181818181818185
PERPIGNAN,AEROPORT ROISSY CDG 2 TGV,5,0.003703703703703704
PERPIGNAN,AEROPORT ROISSY CDG 2 TGV,6,0.0018181818181818182
PERPIGNAN,AEROPORT ROISSY CDG 2 TGV,7,0.0018181818181818182
PERPIGNAN,AEROPORT ROISSY CDG 2 TGV,8,0.0009090909090909091
PERPIGNAN,AEROPORT ROISSY CDG 2 TGV,9,0.0028301886792452833
PERPIGNAN,AEROPORT ROISSY CDG 2 TGV,10,0.0027777777777777783
PERPIGNAN,AEROPORT ROISSY CDG 2 TGV,11,0.00909090909090909
PERPIGNAN,AEROPORT ROISSY CDG 2 TGV,12,0.005555555555555556
PERPIGNAN,AEROPORT ROISSY CDG 2 TGV,13,0.0036363636363636364
PERPIGNAN,AEROPORT ROISSY CDG 2 TGV,14,0.0027272727272727275
PERPIGNAN,AEROPORT ROISSY CDG 2 TGV,15,0.0027272727272727275
PERPIGNAN,AEROPORT ROISSY CDG 2 TGV,16,0.002777777777777778
PERPIGNAN,AEROPORT ROISSY CDG 2 TGV,17,0.0009090909090909091
PERPIGNAN,AEROPORT ROISSY CDG 2 TGV,18,0.0009090909090909091
PERPIGNAN,AEROPORT ROISSY CDG 2 TGV,19,0.0018181818181818182
PERPIGNAN,AEROPORT ROISSY CDG 2 TGV,20,0.0018181818181818182
PERPIGNAN,AEROPORT ROISSY CDG 2 TGV,21,0.0
PERPIGNAN,AEROPORT ROISSY CDG 2 TGV,22,0.0009090909090909091
PERPIGNAN,AEROPORT ROISSY CDG 2 TGV,23,0.0
PERPIGNAN,AEROPORT ROISSY CDG 2 TGV,24,0.0018181818181818182
PERPIGNAN,AEROPORT ROISSY CDG 2 TGV,25,0.0027272727272727275
PERPIGNAN,AEROPORT ROISSY CDG 2 TGV,26,0.011818181818181818
PERPIGNAN,AEROPORT ROISSY CDG 2 TGV,27,0.004545454545454545
PERPIGNAN,AEROPORT ROISSY CDG 2 TGV,28,0.004545454545454545
PERPIGNAN,AEROPORT ROISSY CDG 2 TGV,29,0.005454545454545455
PERPIGNAN,AEROPORT ROISSY CDG 2 TGV,30,0.0
PERPIGNAN,AGDE,0,0.6654545454545455
PERPIGNAN,AGDE,1,0.6154545454545455
PERPIGNAN,AGDE,2,0.6055555555555556
PERPIGNAN,AGDE,3,0.5351851851851852
PERPIGNAN,AGDE,4,0.22727272727272727
PERPIGNAN,AGDE,5,0.2074074074074074
PERPIGNAN,AGDE,6,0.21181818181818182
PERPIGNAN,AGDE,7,0.20909090909090908
PERPIGNAN,AGDE,8,0.17272727272727273
PERPIGNAN,AGDE,9,0.17547169811320756
PERPIGNAN,AGDE,10,0.20277777777777775
PERPIGNAN,AGDE,11,0.21545454545454545
PERPIGNAN,AGDE,12,0.1824074074074074
PERPIGNAN,AGDE,13,0.19454545454545452
PERPIGNAN,AGDE,14,0.19818181818181818
PERPIGNAN,AGDE,15,0.19909090909090907
PERPIGNAN,AGDE,16,0.19907407407407407
PERPIGNAN,AGDE,17,0.18272727272727274
PERPIGNAN,AGDE,18,0.1781818181818182
PERPIGNAN,AGDE,19,0.16636363636363638
PERPIGNAN,AGDE,20,0.16363636363636364
PERPIGNAN,AGDE,21,0.16363636363636364
PERPIGNAN,AGDE,22,0.16272727272727272
PERPIGNAN,AGDE,23,0.16574074074074072
PERPIGNAN,AGDE,24,0.14727272727272728
PERPIGNAN,AGDE,25,0.14
PERPIGNAN,AGDE,26,0.1290909090909091
PERPIGNAN,AGDE,27,0.13818181818181818
PERPIGNAN,AGDE,28,0.12636363636363637
PERPIGNAN,AGDE,29,0.12181818181818183
PERPIGNAN,AGDE,30,0.023148148148148147
PERPIGNAN,ARRAS,0,0.1463636363636364
PERPIGNAN,ARRAS,1,0.09909090909090909
PERPIGNAN,ARRAS,2,0.12407407407407407
PERPIGNAN,ARRAS,3,0.09537037037037038
PERPIGNAN,ARRAS,4,0.03636363636363636
PERPIGNAN,ARRAS,5,0.011111111111111112
PERPIGNAN,ARRAS,6,0.005454545454545455
PERPIGNAN,ARRAS,7,0.0036363636363636364
PERPIGNAN,ARRAS,8,0.0009090909090909091
PERPIGNAN,ARRAS,9,0.0009433962264150943
PERPIGNAN,ARRAS,10,0.000925925925925926
PERPIGNAN,ARRAS,11,0.007272727272727273
PERPIGNAN,ARRAS,12,0.0
PERPIGNAN,ARRAS,13,0.0
PERPIGNAN,ARRAS,14,0.0009090909090909091
PERPIGNAN,ARRAS,15,0.0
PERPIGNAN,ARRAS,16,0.0
PERPIGNAN,ARRAS,17,0.0
PERPIGNAN,ARRAS,18,0.0
PERPIGNAN,ARRAS,19,0.0
PERPIGNAN,ARRAS,20,0.0
PERPIGNAN,ARRAS,21,0.0009090909090909091
PERPIGNAN,ARRAS,22,0.0
PERPIGNAN,ARRAS,23,0.0
PERPIGNAN,ARRAS,24,0.0009090909090909091
PERPIGNAN,ARRAS,25,0.0036363636363636364
PERPIGNAN,ARRAS,26,0.01818181818181818
PERPIGNAN,ARRAS,27,0.017272727272727273
PERPIGNAN,ARRAS,28,0.0027272727272727275
PERPIGNAN,ARRAS,29,0.0027272727272727275
PERPIGNAN,ARRAS,30,0.0
PERPIGNAN,BEZIERS,0,0.6554545454545454
PERPIGNAN,BEZIERS,1,0.6090909090909091
PERPIGNAN,BEZIERS,2,0.6120370370370369
PERPIGNAN,BEZIERS,3,0.5499999999999999
PERPIGNAN,BEZIERS,4,0.2290909090909091
PERPIGNAN,BEZIERS,5,0.21574074074074076
PERPIGNAN,BEZIERS,6,0.2109090909090909
PERPIGNAN,BEZIERS,7,0.20727272727272728
PERPIGNAN,BEZIERS,8,0.16818181818181818
PERPIGNAN,BEZIERS,9,0.1707547169811321
PERPIGNAN,BEZIERS,10,0.2074074074074074
PERPIGNAN,BEZIERS,11,0.22454545454545455
PERPIGNAN,BEZIERS,12,0.18611111111111112
PERPIGNAN,BEZIERS,13,0.19818181818181818
PERPIGNAN,BEZIERS,14,0.19818181818181818
PERPIGNAN,BEZIERS,15,0.19909090909090907
PERPIGNAN,BEZIERS,16,0.19907407407407407
PERPIGNAN,BEZIERS,17,0.18454545454545454
PERPIGNAN,BEZIERS,18,0.17727272727272728
PERPIGNAN,BEZIERS,19,0.16363636363636364
PERPIGNAN,BEZIERS,20,0.16272727272727272
PERPIGNAN,BEZIERS,21,0.1609090909090909
PERPIGNAN,BEZIERS,22,0.16181818181818183
PERPIGNAN,BEZIERS,23,0.16574074074074072
PERPIGNAN,BEZIERS,24,0.1481818181818182
PERPIGNAN,BEZIERS,25,0.1409090909090909
PERPIGNAN,BEZIERS,26,0.12999999999999998
PERPIGNAN,BEZIERS,27,0.13818181818181818
PERPIGNAN,BEZIERS,28,0.1290909090909091
PERPIGNAN,BEZIERS,29,0.12181818181818183
PERPIGNAN,BEZIERS,30,0.025
PERPIGNAN,BRUXELLES MIDI,0,0.13653846153846153
PERPIGNAN,BRUXELLES MIDI,1,0.11250000000000002
PERPIGNAN,BRUXELLES MIDI,2,0.11960784313725491
PERPIGNAN,BRUXELLES MIDI,3,0.10098039215686275
PERPIGNAN,BRUXELLES MIDI,4,0.03942307692307692
PERPIGNAN,BRUXELLES MIDI,5,0.010784313725490198
PERPIGNAN,BRUXELLES MIDI,6,0.0038461538461538464
PERPIGNAN,BRUXELLES MIDI,7,0.0038461538461538464
PERPIGNAN,BRUXELLES MIDI,8,0.0038461538461538464
PERPIGNAN,BRUXELLES MIDI,9,0.0030000000000000005
PERPIGNAN,BRUXELLES MIDI,10,0.004901960784313725
PERPIGNAN,BRUXELLES MIDI,11,0.00576923076923077
PERPIGNAN,BRUXELLES MIDI,12,0.00392156862745098
PERPIGNAN,BRUXELLES MIDI,13,0.002884615384615385
PERPIGNAN,BRUXELLES MIDI,14,0.004807692307692308
PERPIGNAN,BRUXELLES MIDI,15,0.0019230769230769232
PERPIGNAN,BRUXELLES MIDI,16,0.00196078431372549
PERPIGNAN,BRUXELLES MIDI,17,0.0
PERPIGNAN,BRUXELLES MIDI,18,0.0
PERPIGNAN,BRUXELLES MIDI,19,0.0
PERPIGNAN,BRUXELLES MIDI,20,0.0009615384615384616
PERPIGNAN,BRUXELLES MIDI,21,0.0
PERPIGNAN,BRUXELLES MIDI,22,0.0
PERPIGNAN,BRUXELLES MIDI,23,0.0
PERPIGNAN,BRUXELLES MIDI,24,0.0
PERPIGNAN,BRUXELLES MIDI,25,0.0009615384615384616
PERPIGNAN,BRUXELLES MIDI,26,0.0009615384615384616
PERPIGNAN,BRUXELLES MIDI,27,0.0019230769230769232
PERPIGNAN,BRUXELLES MIDI,28,0.0009615384615384616
PERPIGNAN,BRUXELLES MIDI,29,0.004807692307692308
PERPIGNAN,BRUXELLES MIDI,30,0.0
PERPIGNAN,LILLE (intramuros),0,0.13636363636363635
PERPIGNAN,LILLE (intramuros),1,0.10363636363636364
PERPIGNAN,LILLE (intramuros),2,0.11574074074074074
PERPIGNAN,LILLE (intramuros),3,0.10185185185185185
PERPIGNAN,LILLE (intramuros),4,0.04272727272727273
PERPIGNAN,LILLE (intramuros),5,0.012037037037037037
PERPIGNAN,LILLE (intramuros),6,0.004545454545454545
PERPIGNAN,LILLE (intramuros),7,0.0027272727272727275
PERPIGNAN,LILLE (intramuros),8,0.0036363636363636364
PERPIGNAN,LILLE (intramuros),9,0.0047169811320754715
PERPIGNAN,LILLE (intramuros),10,0.007407407407407408
PERPIGNAN,LILLE (intramuros),11,0.01
PERPIGNAN,LILLE (intramuros),12,0.003703703703703704
PERPIGNAN,LILLE (intramuros),13,0.0
PERPIGNAN,LILLE (intramuros),14,0.0009090909090909091
PERPIGNAN,LILLE (intramuros),15,0.0018181818181818182
PERPIGNAN,LILLE (intramuros),16,0.0
PERPIGNAN,LILLE (intramuros),17,0.0036363636363636364
PERPIGNAN,LILLE (intramuros),18,0.004545454545454545
PERPIGNAN,LILLE (intramuros),19,0.0
PERPIGNAN,LILLE (intramuros),20,0.0009090909090909091
PERPIGNAN,LILLE (intramuros),21,0.0
PERPIGNAN,LILLE (intramuros),22,0.0009090909090909091
PERPIGNAN,LILLE (intramuros),23,0.000925925925925926
PERPIGNAN,LILLE (intramuros),24,0.0009090909090909091
PERPIGNAN,LILLE (intramuros),25,0.00818181818181818
PERPIGNAN,LILLE (intramuros),26,0.02
PERPIGNAN,LILLE (intramuros),27,0.02090909090909091
PERPIGNAN,LILLE (intramuros),28,0.005454545454545455
PERPIGNAN,LILLE (intramuros),29,0.005454545454545455
PERPIGNAN,LILLE (intramuros),30,0.0
PERPIGNAN,LYON (intramuros),0,0.39909090909090905
PERPIGNAN,LYON (intramuros),1,0.35181818181818186
PERPIGNAN,LYON (intramuros),2,0.3694444444444444
PERPIGNAN,LYON (intramuros),3,0.35648148148148145
PERPIGNAN,LYON (intramuros),4,0.16272727272727272
PERPIGNAN,LYON (intramuros),5,0.16574074074074072
PERPIGNAN,LYON (intramuros),6,0.1690909090909091
PERPIGNAN,LYON (intramuros),7,0.16454545454545455
PERPIGNAN,LYON (intramuros),8,0.15545454545454546
PERPIGNAN,LYON (intramuros),9,0.15849056603773587
PERPIGNAN,LYON (intramuros),10,0.14814814814814814
PERPIGNAN,LYON (intramuros),11,0.13272727272727272
PERPIGNAN,LYON (intramuros),12,0.07037037037037036
PERPIGNAN,LYON (intramuros),13,0.07636363636363637
PERPIGNAN,LYON (intramuros),14,0.09181818181818181
PERPIGNAN,LYON (intramuros),15,0.09272727272727273
PERPIGNAN,LYON (intramuros),16,0.06851851851851852
PERPIGNAN,LYON (intramuros),17,0.09
PERPIGNAN,LYON (intramuros),18,0.09272727272727273
PERPIGNAN,LYON (intramuros),19,0.09272727272727273
PERPIGNAN,LYON (intramuros),20,0.09090909090909091
PERPIGNAN,LYON (intramuros),21,0.09
PERPIGNAN,LYON (intramuros),22,0.07727272727272727
PERPIGNAN,LYON (intramuros),23,0.075
PERPIGNAN,LYON (intramuros),24,0.07363636363636364
PERPIGNAN,LYON (intramuros),25,0.07181818181818182
PERPIGNAN,LYON (intramuros),26,0.08363636363636363
PERPIGNAN,LYON (intramuros),27,0.07545454545454545
PERPIGNAN,LYON (intramuros),28,0.06363636363636363
PERPIGNAN,LYON (intramuros),29,0.06
PERPIGNAN,LYON (intramuros),30,0.009259259259259259
PERPIGNAN,MARNE LA VALLEE CHESSY,0,0.21363636363636362
PERPIGNAN,MARNE LA VALLEE CHESSY,1,0.17272727272727273
PERPIGNAN,MARNE LA VALLEE CHESSY,2,0.1685185185185185
PERPIGNAN,MARNE LA VALLEE CHESSY,3,0.13148148148148148
PERPIGNAN,MARNE LA VALLEE CHESSY,4,0.04
PERPIGNAN,MARNE LA VALLEE CHESSY,5,0.011111111111111112
PERPIGNAN,MARNE LA VALLEE CHESSY,6,0.006363636363636364
PERPIGNAN,MARNE LA VALLEE CHESSY,7,0.0018181818181818182
PERPIGNAN,MARNE LA VALLEE CHESSY,8,0.0027272727272727275
PERPIGNAN,MARNE LA VALLEE CHESSY,9,0.0047169811320754715
PERPIGNAN,MARNE LA VALLEE CHESSY,10,0.001851851851851852
PERPIGNAN,MARNE LA VALLEE CHESSY,11,0.006363636363636364
PERPIGNAN,MARNE LA VALLEE CHESSY,12,0.0027777777777777783
PERPIGNAN,MARNE LA VALLEE CHESSY,13,0.0018181818181818182
PERPIGNAN,MARNE LA VALLEE CHESSY,14,0.0027272727272727275
PERPIGNAN,MARNE LA VALLEE CHESSY,15,0.0018181818181818182
PERPIGNAN,MARNE LA VALLEE CHESSY,16,0.001851851851851852
PERPIGNAN,MARNE LA VALLEE CHESSY,17,0.0027272727272727275
PERPIGNAN,MARNE LA VALLEE CHESSY,18,0.0009090909090909091
PERPIGNAN,MARNE LA VALLEE CHESSY,19,0.0018181818181818182
PERPIGNAN,MARNE LA VALLEE CHESSY,20,0.0
PERPIGNAN,MARNE LA VALLEE CHESSY,21,0.0009090909090909091
PERPIGNAN,MARNE LA VALLEE CHESSY,22,0.0
PERPIGNAN,MARNE LA VALLEE CHESSY,23,0.000925925925925926
PERPIGNAN,MARNE LA VALLEE CHESSY,24,0.0
PERPIGNAN,MARNE LA VALLEE CHESSY,25,0.005454545454545454
PERPIGNAN,MARNE LA VALLEE CHESSY,26,0.011818181818181818
PERPIGNAN,MARNE LA VALLEE CHESSY,27,0.004545454545454545
PERPIGNAN,MARNE LA VALLEE CHESSY,28,0.0
PERPIGNAN,MARNE LA VALLEE CHESSY,29,0.0027272727272727275
PERPIGNAN,MARNE LA VALLEE CHESSY,30,0.0
PERPIGNAN,MONTPELLIER SAINT ROCH,0,0.6629629629629629
PERPIGNAN,MONTPELLIER SAINT ROCH,1,0.6083333333333334
PERPIGNAN,MONTPELLIER SAINT ROCH,2,0.6245283018867924
PERPIGNAN,MONTPELLIER SAINT ROCH,3,0.5556603773584905
PERPIGNAN,MONTPELLIER SAINT ROCH,4,0.22592592592592592
PERPIGNAN,MONTPELLIER SAINT ROCH,5,0.20943396226415092
PERPIGNAN,MONTPELLIER SAINT ROCH,6,0.21296296296296297
PERPIGNAN,MONTPELLIER SAINT ROCH,7,0.2138888888888889
PERPIGNAN,MONTPELLIER SAINT ROCH,8,0.17222222222222225
PERPIGNAN,MONTPELLIER SAINT ROCH,9,0.16442307692307695
PERPIGNAN,MONTPELLIER SAINT ROCH,10,0.18584905660377357
PERPIGNAN,MONTPELLIER SAINT ROCH,11,0.21018518518518517
PERPIGNAN,MONTPELLIER SAINT ROCH,12,0.18584905660377357
PERPIGNAN,MONTPELLIER SAINT ROCH,13,0.20277777777777775
PERPIGNAN,MONTPELLIER SAINT ROCH,14,0.20277777777777775
PERPIGNAN,MONTPELLIER SAINT ROCH,15,0.20185185185185187
PERPIGNAN,MONTPELLIER SAINT ROCH,16,0.2028301886792453
PERPIGNAN,MONTPELLIER SAINT ROCH,17,0.18611111111111112
PERPIGNAN,MONTPELLIER SAINT ROCH,18,0.1824074074074074
PERPIGNAN,MONTPELLIER SAINT ROCH,19,0.1685185185185185
PERPIGNAN,MONTPELLIER SAINT ROCH,20,0.16574074074074072
PERPIGNAN,MONTPELLIER SAINT ROCH,21,0.1675925925925926
PERPIGNAN,MONTPELLIER SAINT ROCH,22,0.16574074074074072
PERPIGNAN,MONTPELLIER SAINT ROCH,23,0.16886792452830188
PERPIGNAN,MONTPELLIER SAINT ROCH,24,0.1537037037037037
PERPIGNAN,MONTPELLIER SAINT ROCH,25,0.14722222222222223
PERPIGNAN,MONTPELLIER SAINT ROCH,26,0.13425925925925927
PERPIGNAN,MONTPELLIER SAINT ROCH,27,0.1425925925925926
PERPIGNAN,MONTPELLIER SAINT ROCH,28,0.1287037037037037
PERPIGNAN,MONTPELLIER SAINT ROCH,29,0.12222222222222222
PERPIGNAN,MONTPELLIER SAINT ROCH,30,0.018867924528301886
PERPIGNAN,MONTPELLIER SUD DE FRANCE,0,0.0
PERPIGNAN,MONTPELLIER SUD DE FRANCE,1,0.0
PERPIGNAN,MONTPELLIER SUD DE FRANCE,2,0.0
PERPIGNAN,MONTPELLIER SUD DE FRANCE,3,0.0
PERPIGNAN,MONTPELLIER SUD DE FRANCE,4,0.0
PERPIGNAN,MONTPELLIER SUD DE FRANCE,5,0.0
PERPIGNAN,MONTPELLIER SUD DE FRANCE,6,0.0
PERPIGNAN,MONTPELLIER SUD DE FRANCE,7,0.0
PERPIGNAN,MONTPELLIER SUD DE FRANCE,8,0.0
PERPIGNAN,MONTPELLIER SUD DE FRANCE,9,0.0
PERPIGNAN,MONTPELLIER SUD DE FRANCE,10,0.85
PERPIGNAN,MONTPELLIER SUD DE FRANCE,11,0.9
PERPIGNAN,MONTPELLIER SUD DE FRANCE,12,0.0
PERPIGNAN,MONTPELLIER SUD DE FRANCE,13,0.0
PERPIGNAN,MONTPELLIER SUD DE FRANCE,14,0.0
PERPIGNAN,MONTPELLIER SUD DE FRANCE,15,0.0
PERPIGNAN,MONTPELLIER SUD DE FRANCE,16,0.0
PERPIGNAN,MONTPELLIER SUD DE FRANCE,17,0.0
PERPIGNAN,MONTPELLIER SUD DE FRANCE,18,0.0
PERPIGNAN,MONTPELLIER SUD DE FRANCE,19,0.0
PERPIGNAN,MONTPELLIER SUD DE FRANCE,20,0.0
PERPIGNAN,MONTPELLIER SUD DE FRANCE,21,0.0
PERPIGNAN,MONTPELLIER SUD DE FRANCE,22,0.0
PERPIGNAN,MONTPELLIER SUD DE FRANCE,23,0.0
PERPIGNAN,MONTPELLIER SUD DE FRANCE,24,0.0
PERPIGNAN,MONTPELLIER SUD DE FRANCE,25,0.0
PERPIGNAN,MONTPELLIER SUD DE FRANCE,26,0.0
PERPIGNAN,MONTPELLIER SUD DE FRANCE,27,0.0
PERPIGNAN,MONTPELLIER SUD DE FRANCE,28,0.0
PERPIGNAN,MONTPELLIER SUD DE FRANCE,29,0.0
PERPIGNAN,MONTPELLIER SUD DE FRANCE,30,0.0
PERPIGNAN,NARBONNE,0,0.6572727272727272
PERPIGNAN,NARBONNE,1,0.6118181818181818
PERPIGNAN,NARBONNE,2,0.6157407407407407
PERPIGNAN,NARBONNE,3,0.5499999999999999
PERPIGNAN,NARBONNE,4,0.22545454545454546
PERPIGNAN,NARBONNE,5,0.2138888888888889
PERPIGNAN,NARBONNE,6,0.2109090909090909
PERPIGNAN,NARBONNE,7,0.20727272727272728
PERPIGNAN,NARBONNE,8,0.17727272727272728
PERPIGNAN,NARBONNE,9,0.17358490566037735
PERPIGNAN,NARBONNE,10,0.20925925925925928
PERPIGNAN,NARBONNE,11,0.22
PERPIGNAN,NARBONNE,12,0.18518518518518517
PERPIGNAN,NARBONNE,13,0.19545454545454546
PERPIGNAN,NARBONNE,14,0.19727272727272727
PERPIGNAN,NARBONNE,15,0.19727272727272727
PERPIGNAN,NARBONNE,16,0.1953703703703704
PERPIGNAN,NARBONNE,17,0.18454545454545454
PERPIGNAN,NARBONNE,18,0.1781818181818182
PERPIGNAN,NARBONNE,19,0.16727272727272727
PERPIGNAN,NARBONNE,20,0.16363636363636364
PERPIGNAN,NARBONNE,21,0.16272727272727272
PERPIGNAN,NARBONNE,22,0.16272727272727272
PERPIGNAN,NARBONNE,23,0.16574074074074072
PERPIGNAN,NARBONNE,24,0.1481818181818182
PERPIGNAN,NARBONNE,25,0.14454545454545456
PERPIGNAN,NARBONNE,26,0.13454545454545452
PERPIGNAN,NARBONNE,27,0.1409090909090909
PERPIGNAN,NARBONNE,28,0.1290909090909091
PERPIGNAN,NARBONNE,29,0.12454545454545454
PERPIGNAN,NARBONNE,30,0.025925925925925925
PERPIGNAN,NIMES CENTRE,0,0.6796296296296297
PERPIGNAN,NIMES CENTRE,1,0.6185185185185185
PERPIGNAN,NIMES CENTRE,2,0.6245283018867924
PERPIGNAN,NIMES CENTRE,3,0.540566037735849
PERPIGNAN,NIMES CENTRE,4,0.24351851851851852
PERPIGNAN,NIMES CENTRE,5,0.22547169811320752
PERPIGNAN,NIMES CENTRE,6,0.21851851851851853
PERPIGNAN,NIMES CENTRE,7,0.21481481481481482
PERPIGNAN,NIMES CENTRE,8,0.18055555555555555
PERPIGNAN,NIMES CENTRE,9,0.175
PERPIGNAN,NIMES CENTRE,10,0.19811320754716982
PERPIGNAN,NIMES CENTRE,11,0.21296296296296297
PERPIGNAN,NIMES CENTRE,12,0.19056603773584904
PERPIGNAN,NIMES CENTRE,13,0.20185185185185187
PERPIGNAN,NIMES CENTRE,14,0.20092592592592592
PERPIGNAN,NIMES CENTRE,15,0.20185185185185187
PERPIGNAN,NIMES CENTRE,16,0.20188679245283017
PERPIGNAN,NIMES CENTRE,17,0.18333333333333335
PERPIGNAN,NIMES CENTRE,18,0.1814814814814815
PERPIGNAN,NIMES CENTRE,19,0.17037037037037037
PERPIGNAN,NIMES CENTRE,20,0.16666666666666666
PERPIGNAN,NIMES CENTRE,21,0.16666666666666666
PERPIGNAN,NIMES CENTRE,22,0.16666666666666666
PERPIGNAN,NIMES CENTRE,23,0.16981132075471697
PERPIGNAN,NIMES CENTRE,24,0.15185185185185185
PERPIGNAN,NIMES CENTRE,25,0.14537037037037037
PERPIGNAN,NIMES CENTRE,26,0.13148148148148148
PERPIGNAN,NIMES CENTRE,27,0.13703703703703704
PERPIGNAN,NIMES CENTRE,28,0.12685185185185185
PERPIGNAN,NIMES CENTRE,29,0.11851851851851852
PERPIGNAN,NIMES CENTRE,30,0.031132075471698113
PERPIGNAN,NIMES PONT DU GARD,0,0.0
PERPIGNAN,NIMES PONT DU GARD,1,0.0
PERPIGNAN,NIMES PONT DU GARD,2,0.0
PERPIGNAN,NIMES PONT DU GARD,3,0.0
PERPIGNAN,NIMES PONT DU GARD,4,0.0
PERPIGNAN,NIMES PONT DU GARD,5,0.0
PERPIGNAN,NIMES PONT DU GARD,6,0.0
PERPIGNAN,NIMES PONT DU GARD,7,0.0
PERPIGNAN,NIMES PONT DU GARD,8,0.05
PERPIGNAN,NIMES PONT DU GARD,9,0.1
PERPIGNAN,NIMES PONT DU GARD,10,0.85
PERPIGNAN,NIMES PONT DU GARD,11,0.9
PERPIGNAN,NIMES PONT DU GARD,12,0.1
PERPIGNAN,NIMES PONT DU GARD,13,0.0
PERPIGNAN,NIMES PONT DU GARD,14,0.0
PERPIGNAN,NIMES PONT DU GARD,15,0.0
PERPIGNAN,NIMES PONT DU GARD,16,0.0
PERPIGNAN,NIMES PONT DU GARD,17,0.0
PERPIGNAN,NIMES PONT DU GARD,18,0.0
PERPIGNAN,NIMES PONT DU GARD,19,0.0
PERPIGNAN,NIMES PONT DU GARD,20,0.0
PERPIGNAN,NIMES PONT DU GARD,21,0.0
PERPIGNAN,NIMES PONT DU GARD,22,0.0
PERPIGNAN,NIMES PONT DU GARD,23,0.0
PERPIGNAN,NIMES PONT DU GARD,24,0.0
PERPIGNAN,NIMES PONT DU GARD,25,0.0
PERPIGNAN,NIMES PONT DU GARD,26,0.0
PERPIGNAN,NIMES PONT DU GARD,27,0.0
PERPIGNAN,NIMES PONT DU GARD,28,0.0
PERPIGNAN,NIMES PONT DU GARD,29,0.0
PERPIGNAN,NIMES PONT DU GARD,30,0.0
PERPIGNAN,SETE,0,0.6681818181818182
PERPIGNAN,SETE,1,0.6045454545454545
PERPIGNAN,SETE,2,0.6083333333333334
PERPIGNAN,SETE,3,0.5453703703703704
PERPIGNAN,SETE,4,0.22454545454545455
PERPIGNAN,SETE,5,0.2074074074074074
PERPIGNAN,SETE,6,0.2109090909090909
PERPIGNAN,SETE,7,0.2109090909090909
PERPIGNAN,SETE,8,0.17545454545454547
PERPIGNAN,SETE,9,0.17264150943396228
PERPIGNAN,SETE,10,0.2
PERPIGNAN,SETE,11,0.2218181818181818
PERPIGNAN,SETE,12,0.19074074074074077
PERPIGNAN,SETE,13,0.2
PERPIGNAN,SETE,14,0.19909090909090907
PERPIGNAN,SETE,15,0.19909090909090907
PERPIGNAN,SETE,16,0.19722222222222222
PERPIGNAN,SETE,17,0.18454545454545454
PERPIGNAN,SETE,18,0.17727272727272728
PERPIGNAN,SETE,19,0.16545454545454544
PERPIGNAN,SETE,20,0.16272727272727272
PERPIGNAN,SETE,21,0.16272727272727272
PERPIGNAN,SETE,22,0.16272727272727272
PERPIGNAN,SETE,23,0.16574074074074072
PERPIGNAN,SETE,24,0.14545454545454545
PERPIGNAN,SETE,25,0.14272727272727273
PERPIGNAN,SETE,26,0.13090909090909092
PERPIGNAN,SETE,27,0.14272727272727273
PERPIGNAN,SETE,28,0.12818181818181817
PERPIGNAN,SETE,29,0.11636363636363636
PERPIGNAN,SETE,30,0.019444444444444445
PERPIGNAN,TGV HAUTE PICARDIE,0,0.13272727272727272
PERPIGNAN,TGV HAUTE PICARDIE,1,0.10272727272727272
PERPIGNAN,TGV HAUTE PICARDIE,2,0.12129629629629629
PERPIGNAN,TGV HAUTE PICARDIE,3,0.09074074074074075
PERPIGNAN,TGV HAUTE PICARDIE,4,0.035454545454545454
PERPIGNAN,TGV HAUTE PICARDIE,5,0.005555555555555557
PERPIGNAN,TGV HAUTE PICARDIE,6,0.0036363636363636364
PERPIGNAN,TGV HAUTE PICARDIE,7,0.0036363636363636364
PERPIGNAN,TGV HAUTE PICARDIE,8,0.0
PERPIGNAN,TGV HAUTE PICARDIE,9,0.0018867924528301887
PERPIGNAN,TGV HAUTE PICARDIE,10,0.0027777777777777783
PERPIGNAN,TGV HAUTE PICARDIE,11,0.0036363636363636364
PERPIGNAN,TGV HAUTE PICARDIE,12,0.000925925925925926
PERPIGNAN,TGV HAUTE PICARDIE,13,0.0009090909090909091
PERPIGNAN,TGV HAUTE PICARDIE,14,0.0009090909090909091
PERPIGNAN,TGV HAUTE PICARDIE,15,0.0
PERPIGNAN,TGV HAUTE PICARDIE,16,0.0
PERPIGNAN,TGV HAUTE PICARDIE,17,0.0
PERPIGNAN,TGV HAUTE PICARDIE,18,0.0
PERPIGNAN,TGV HAUTE PICARDIE,19,0.0009090909090909091
PERPIGNAN,TGV HAUTE PICARDIE,20,0.0018181818181818182
PERPIGNAN,TGV HAUTE PICARDIE,21,0.0018181818181818182
PERPIGNAN,TGV HAUTE PICARDIE,22,0.0027272727272727275
PERPIGNAN,TGV HAUTE PICARDIE,23,0.0027777777777777783
PERPIGNAN,TGV HAUTE PICARDIE,24,0.0009090909090909091
PERPIGNAN,TGV HAUTE PICARDIE,25,0.004545454545454545
PERPIGNAN,TGV HAUTE PICARDIE,26,0.01818181818181818
PERPIGNAN,TGV HAUTE PICARDIE,27,0.019090909090909092
PERPIGNAN,TGV HAUTE PICARDIE,28,0.006363636363636363
PERPIGNAN,TGV HAUTE PICARDIE,29,0.004545454545454545
PERPIGNAN,TGV HAUTE PICARDIE,30,0.000925925925925926
PERPIGNAN,VALENCE TGV AUVERGNE RHONE ALPES,0,0.38818181818181813
PERPIGNAN,VALENCE TGV AUVERGNE RHONE ALPES,1,0.35727272727272724
PERPIGNAN,VALENCE TGV AUVERGNE RHONE ALPES,2,0.35370370370370374
PERPIGNAN,VALENCE TGV AUVERGNE RHONE ALPES,3,0.362962962962963
PERPIGNAN,VALENCE TGV AUVERGNE RHONE ALPES,4,0.1609090909090909
PERPIGNAN,VALENCE TGV AUVERGNE RHONE ALPES,5,0.1675925925925926
PERPIGNAN,VALENCE TGV AUVERGNE RHONE ALPES,6,0.1572727272727273
PERPIGNAN,VALENCE TGV AUVERGNE RHONE ALPES,7,0.16
PERPIGNAN,VALENCE TGV AUVERGNE RHONE ALPES,8,0.1481818181818182
PERPIGNAN,VALENCE TGV AUVERGNE RHONE ALPES,9,0.1669811320754717
PERPIGNAN,VALENCE TGV AUVERGNE RHONE ALPES,10,0.15
PERPIGNAN,VALENCE TGV AUVERGNE RHONE ALPES,11,0.13545454545454547
PERPIGNAN,VALENCE TGV AUVERGNE RHONE ALPES,12,0.06666666666666667
PERPIGNAN,VALENCE TGV AUVERGNE RHONE ALPES,13,0.07909090909090909
PERPIGNAN,VALENCE TGV AUVERGNE RHONE ALPES,14,0.09636363636363636
PERPIGNAN,VALENCE TGV AUVERGNE RHONE ALPES,15,0.10636363636363637
PERPIGNAN,VALENCE TGV AUVERGNE RHONE ALPES,16,0.06759259259259259
PERPIGNAN,VALENCE TGV AUVERGNE RHONE ALPES,17,0.08727272727272727
PERPIGNAN,VALENCE TGV AUVERGNE RHONE ALPES,18,0.09181818181818181
PERPIGNAN,VALENCE TGV AUVERGNE RHONE ALPES,19,0.09
PERPIGNAN,VALENCE TGV AUVERGNE RHONE ALPES,20,0.09181818181818181
PERPIGNAN,VALENCE TGV AUVERGNE RHONE ALPES,21,0.09181818181818181
PERPIGNAN,VALENCE TGV AUVERGNE RHONE ALPES,22,0.07727272727272727
PERPIGNAN,VALENCE TGV AUVERGNE RHONE ALPES,23,0.07685185185185185
PERPIGNAN,VALENCE TGV AUVERGNE RHONE ALPES,24,0.07272727272727272
PERPIGNAN,VALENCE TGV AUVERGNE RHONE ALPES,25,0.07545454545454545
PERPIGNAN,VALENCE TGV AUVERGNE RHONE ALPES,26,0.08818181818181818
PERPIGNAN,VALENCE TGV AUVERGNE RHONE ALPES,27,0.07363636363636364
PERPIGNAN,VALENCE TGV AUVERGNE RHONE ALPES,28,0.06363636363636363
PERPIGNAN,VALENCE TGV AUVERGNE RHONE ALPES,29,0.05545454545454545
PERPIGNAN,VALENCE TGV AUVERGNE RHONE ALPES,30,0.008333333333333333
SAINT AVRE LA CHAMBRE,AEROPORT ROISSY CDG 2 TGV,0,0.0
SAINT AVRE LA CHAMBRE,AEROPORT ROISSY CDG 2 TGV,1,0.05
SAINT AVRE LA CHAMBRE,AEROPORT ROISSY CDG 2 TGV,2,0.05
SAINT AVRE LA CHAMBRE,AEROPORT ROISSY CDG 2 TGV,3,0.05
SAINT AVRE LA CHAMBRE,AEROPORT ROISSY CDG 2 TGV,4,0.0
SAINT AVRE LA CHAMBRE,AEROPORT ROISSY CDG 2 TGV,5,0.0
SAINT AVRE LA CHAMBRE,AEROPORT ROISSY CDG 2 TGV,6,0.0
SAINT AVRE LA CHAMBRE,AEROPORT ROISSY CDG 2 TGV,7,0.0
SAINT AVRE LA CHAMBRE,AEROPORT ROISSY CDG 2 TGV,8,0.0
SAINT AVRE LA CHAMBRE,AEROPORT ROISSY CDG 2 TGV,9,0.0
SAINT AVRE LA CHAMBRE,AEROPORT ROISSY CDG 2 TGV,10,0.0
SAINT AVRE LA CHAMBRE,AEROPORT ROISSY CDG 2 TGV,11,0.0
SAINT AVRE LA CHAMBRE,AEROPORT ROISSY CDG 2 TGV,12,0.0
SAINT AVRE LA CHAMBRE,AEROPORT ROISSY CDG 2 TGV,13,0.0
SAINT AVRE LA CHAMBRE,AEROPORT ROISSY CDG 2 TGV,14,0.0
SAINT AVRE LA CHAMBRE,AEROPORT ROISSY CDG 2 TGV,15,0.0
SAINT AVRE LA CHAMBRE,AEROPORT ROISSY CDG 2 TGV,16,0.0
SAINT AVRE LA CHAMBRE,AEROPORT ROISSY CDG 2 TGV,17,0.0
SAINT AVRE LA CHAMBRE,AEROPORT ROISSY CDG 2 TGV,18,0.0
SAINT AVRE LA CHAMBRE,AEROPORT ROISSY CDG 2 TGV,19,0.0
SAINT AVRE LA CHAMBRE,AEROPORT ROISSY CDG 2 TGV,20,0.0
SAINT AVRE LA CHAMBRE,AEROPORT ROISSY CDG 2 TGV,21,0.0
SAINT AVRE LA CHAMBRE,AEROPORT ROISSY CDG 2 TGV,22,0.0
SAINT AVRE LA CHAMBRE,AEROPORT ROISSY CDG 2 TGV,23,0.0
SAINT AVRE LA CHAMBRE,AEROPORT ROISSY CDG 2 TGV,24,0.0
SAINT AVRE LA CHAMBRE,AEROPORT ROISSY CDG 2 TGV,25,0.0
SAINT AVRE LA CHAMBRE,AEROPORT ROISSY CDG 2 TGV,26,0.0
SAINT AVRE LA CHAMBRE,AEROPORT ROISSY CDG 2 TGV,27,0.0
SAINT AVRE LA CHAMBRE,AEROPORT ROISSY CDG 2 TGV,28,0.0
SAINT AVRE LA CHAMBRE,AEROPORT ROISSY CDG 2 TGV,29,0.0
SAINT AVRE LA CHAMBRE,AEROPORT ROISSY CDG 2 TGV,30,0.0
SAINT AVRE LA CHAMBRE,ARRAS,0,0.0
SAINT AVRE LA CHAMBRE,ARRAS,1,0.0
SAINT AVRE LA CHAMBRE,ARRAS,2,0.0
SAINT AVRE LA CHAMBRE,ARRAS,3,0.0
SAINT AVRE LA CHAMBRE,ARRAS,4,0.0
SAINT AVRE LA CHAMBRE,ARRAS,5,0.0
SAINT AVRE LA CHAMBRE,ARRAS,6,0.0
SAINT AVRE LA CHAMBRE,ARRAS,7,0.0
SAINT AVRE LA CHAMBRE,ARRAS,8,0.0
SAINT AVRE LA CHAMBRE,ARRAS,9,0.0
SAINT AVRE LA CHAMBRE,ARRAS,10,0.0
SAINT AVRE LA CHAMBRE,ARRAS,11,0.0
SAINT AVRE LA CHAMBRE,ARRAS,12,0.0
SAINT AVRE LA CHAMBRE,ARRAS,13,0.0
SAINT AVRE LA CHAMBRE,ARRAS,14,0.0
SAINT AVRE LA CHAMBRE,ARRAS,15,0.0
SAINT AVRE LA CHAMBRE,ARRAS,16,0.0
SAINT AVRE LA CHAMBRE,ARRAS,17,0.0
SAINT AVRE LA CHAMBRE,ARRAS,18,0.0
SAINT AVRE LA CHAMBRE,ARRAS,19,0.0
SAINT AVRE LA CHAMBRE,ARRAS,20,0.0
SAINT AVRE LA CHAMBRE,ARRAS,21,0.0
SAINT AVRE LA CHAMBRE,ARRAS,22,0.0
SAINT AVRE LA CHAMBRE,ARRAS,23,0.0
SAINT AVRE LA CHAMBRE,ARRAS,24,0.0
SAINT AVRE LA CHAMBRE,ARRAS,25,0.0
SAINT AVRE LA CHAMBRE,ARRAS,26,0.0
SAINT AVRE LA CHAMBRE,ARRAS,27,0.0
SAINT AVRE LA CHAMBRE,ARRAS,28,0.0
SAINT AVRE LA CHAMBRE,ARRAS,29,0.0
SAINT AVRE LA CHAMBRE,ARRAS,30,0.0
SAINT AVRE LA CHAMBRE,CHAMBERY CHALLES LES EAUX,0,0.0
SAINT AVRE LA CHAMBRE,CHAMBERY CHALLES LES EAUX,1,0.0
SAINT AVRE LA CHAMBRE,CHAMBERY CHALLES LES EAUX,2,0.0
SAINT AVRE LA CHAMBRE,CHAMBERY CHALLES LES EAUX,3,0.0
SAINT AVRE LA CHAMBRE,CHAMBERY CHALLES LES EAUX,4,0.0
SAINT AVRE LA CHAMBRE,CHAMBERY CHALLES LES EAUX,5,0.0
SAINT AVRE LA CHAMBRE,CHAMBERY CHALLES LES EAUX,6,0.0
SAINT AVRE LA CHAMBRE,CHAMBERY CHALLES LES EAUX,7,0.0
SAINT AVRE LA CHAMBRE,CHAMBERY CHALLES LES EAUX,8,0.0
SAINT AVRE LA CHAMBRE,CHAMBERY CHALLES LES EAUX,9,0.0
SAINT AVRE LA CHAMBRE,CHAMBERY CHALLES LES EAUX,10,0.0
SAINT AVRE LA CHAMBRE,CHAMBERY CHALLES LES EAUX,11,0.0
SAINT AVRE LA CHAMBRE,CHAMBERY CHALLES LES EAUX,12,0.0
SAINT AVRE LA CHAMBRE,CHAMBERY CHALLES LES EAUX,13,0.0
SAINT AVRE LA CHAMBRE,CHAMBERY CHALLES LES EAUX,14,0.0
SAINT AVRE LA CHAMBRE,CHAMBERY CHALLES LES EAUX,15,0.0
SAINT AVRE LA CHAMBRE,CHAMBERY CHALLES LES EAUX,16,0.0
SAINT AVRE LA CHAMBRE,CHAMBERY CHALLES LES EAUX,17,0.0
SAINT AVRE LA CHAMBRE,CHAMBERY CHALLES LES EAUX,18,0.0
SAINT AVRE LA CHAMBRE,CHAMBERY CHALLES LES EAUX,19,0.0
SAINT AVRE LA CHAMBRE,CHAMBERY CHALLES LES EAUX,20,0.0
SAINT AVRE LA CHAMBRE,CHAMBERY CHALLES LES EAUX,21,0.0
SAINT AVRE LA CHAMBRE,CHAMBERY CHALLES LES EAUX,22,0.0
SAINT AVRE LA CHAMBRE,CHAMBERY CHALLES LES EAUX,23,0.0
SAINT AVRE LA CHAMBRE,CHAMBERY CHALLES LES EAUX,24,0.0
SAINT AVRE LA CHAMBRE,CHAMBERY CHALLES LES EAUX,25,0.0
SAINT AVRE LA CHAMBRE,CHAMBERY CHALLES LES EAUX,26,0.0
SAINT AVRE LA CHAMBRE,CHAMBERY CHALLES LES EAUX,27,0.0
SAINT AVRE LA CHAMBRE,CHAMBERY CHALLES LES EAUX,28,0.0
SAINT AVRE LA CHAMBRE,CHAMBERY CHALLES LES EAUX,29,0.0
SAINT AVRE LA CHAMBRE,CHAMBERY CHALLES LES EAUX,30,0.0
SAINT AVRE LA CHAMBRE,DOUAI,0,0.0
SAINT AVRE LA CHAMBRE,DOUAI,1,0.0
SAINT AVRE LA CHAMBRE,DOUAI,2,0.0
SAINT AVRE LA CHAMBRE,DOUAI,3,0.0
SAINT AVRE LA CHAMBRE,DOUAI,4,0.0
SAINT AVRE LA CHAMBRE,DOUAI,5,0.0
SAINT AVRE LA CHAMBRE,DOUAI,6,0.0
SAINT AVRE LA CHAMBRE,DOUAI,7,0.0
SAINT AVRE LA CHAMBRE,DOUAI,8,0.0
SAINT AVRE LA CHAMBRE,DOUAI,9,0.0
SAINT AVRE LA CHAMBRE,DOUAI,10,0.0
SAINT AVRE LA CHAMBRE,DOUAI,11,0.0
SAINT AVRE LA CHAMBRE,DOUAI,12,0.0
SAINT AVRE LA CHAMBRE,DOUAI,13,0.0
SAINT AVRE LA CHAMBRE,DOUAI,14,0.0
SAINT AVRE LA CHAMBRE,DOUAI,15,0.0
SAINT AVRE LA CHAMBRE,DOUAI,16,0.0
SAINT AVRE LA CHAMBRE,DOUAI,17,0.0
SAINT AVRE LA CHAMBRE,DOUAI,18,0.0
SAINT AVRE LA CHAMBRE,DOUAI,19,0.0
SAINT AVRE LA CHAMBRE,DOUAI,20,0.0
SAINT AVRE LA CHAMBRE,DOUAI,21,0.0
SAINT AVRE LA CHAMBRE,DOUAI,22,0.0
SAINT AVRE LA CHAMBRE,DOUAI,23,0.0
SAINT AVRE LA CHAMBRE,DOUAI,24,0.0
SAINT AVRE LA CHAMBRE,DOUAI,25,0.0
SAINT AVRE LA CHAMBRE,DOUAI,26,0.0
SAINT AVRE LA CHAMBRE,DOUAI,27,0.0
SAINT AVRE LA CHAMBRE,DOUAI,28,0.0
SAINT AVRE LA CHAMBRE,DOUAI,29,0.0
SAINT AVRE LA CHAMBRE,DOUAI,30,0.0
SAINT AVRE LA CHAMBRE,LILLE (intramuros),0,0.0
SAINT AVRE LA CHAMBRE,LILLE (intramuros),1,0.0
SAINT AVRE LA CHAMBRE,LILLE (intramuros),2,0.05
SAINT AVRE LA CHAMBRE,LILLE (intramuros),3,0.0
SAINT AVRE LA CHAMBRE,LILLE (intramuros),4,0.0
SAINT AVRE LA CHAMBRE,LILLE (intramuros),5,0.0
SAINT AVRE LA CHAMBRE,LILLE (intramuros),6,0.0
SAINT AVRE LA CHAMBRE,LILLE (intramuros),7,0.0
SAINT AVRE LA CHAMBRE,LILLE (intramuros),8,0.0
SAINT AVRE LA CHAMBRE,LILLE (intramuros),9,0.05
SAINT AVRE LA CHAMBRE,LILLE (intramuros),10,0.0
SAINT AVRE LA CHAMBRE,LILLE (intramuros),11,0.0
SAINT AVRE LA CHAMBRE,LILLE (intramuros),12,0.0
SAINT AVRE LA CHAMBRE,LILLE (intramuros),13,0.0
SAINT AVRE LA CHAMBRE,LILLE (intramuros),14,0.0
SAINT AVRE LA CHAMBRE,LILLE (intramuros),15,0.0
SAINT AVRE LA CHAMBRE,LILLE (intramuros),16,0.0
SAINT AVRE LA CHAMBRE,LILLE (intramuros),17,0.0
SAINT AVRE LA CHAMBRE,LILLE (intramuros),18,0.0
SAINT AVRE LA CHAMBRE,LILLE (intramuros),19,0.0
SAINT AVRE LA CHAMBRE,LILLE (intramuros),20,0.0
SAINT AVRE LA CHAMBRE,LILLE (intramuros),21,0.0
SAINT AVRE LA CHAMBRE,LILLE (intramuros),22,0.0
SAINT AVRE LA CHAMBRE,LILLE (intramuros),23,0.0
SAINT AVRE LA CHAMBRE,LILLE (intramuros),24,0.0
SAINT AVRE LA CHAMBRE,LILLE (intramuros),25,0.0
SAINT AVRE LA CHAMBRE,LILLE (intramuros),26,0.0
SAINT AVRE LA CHAMBRE,LILLE (intramuros),27,0.0
SAINT AVRE LA CHAMBRE,LILLE (intramuros),28,0.0
SAINT AVRE LA CHAMBRE,LILLE (intramuros),29,0.0
SAINT AVRE LA CHAMBRE,LILLE (intramuros),30,0.0
SAINT AVRE LA CHAMBRE,MARNE LA VALLEE CHESSY,0,0.0
SAINT AVRE LA CHAMBRE,MARNE LA VALLEE CHESSY,1,0.0
SAINT AVRE LA CHAMBRE,MARNE LA VALLEE CHESSY,2,0.0
SAINT AVRE LA CHAMBRE,MARNE LA VALLEE CHESSY,3,0.0
SAINT AVRE LA CHAMBRE,MARNE LA VALLEE CHESSY,4,0.05
SAINT AVRE LA CHAMBRE,MARNE LA VALLEE CHESSY,5,0.05
SAINT AVRE LA CHAMBRE,MARNE LA VALLEE CHESSY,6,0.0
SAINT AVRE LA CHAMBRE,MARNE LA VALLEE CHESSY,7,0.05
SAINT AVRE LA CHAMBRE,MARNE LA VALLEE CHESSY,8,0.0
SAINT AVRE LA CHAMBRE,MARNE LA VALLEE CHESSY,9,0.0
SAINT AVRE LA CHAMBRE,MARNE LA VALLEE CHESSY,10,0.0
SAINT AVRE LA CHAMBRE,MARNE LA VALLEE CHESSY,11,0.0
SAINT AVRE LA CHAMBRE,MARNE LA VALLEE CHESSY,12,0.0
SAINT AVRE LA CHAMBRE,MARNE LA VALLEE CHESSY,13,0.0
SAINT AVRE LA CHAMBRE,MARNE LA VALLEE CHESSY,14,0.0
SAINT AVRE LA CHAMBRE,MARNE LA VALLEE CHESSY,15,0.0
SAINT AVRE LA CHAMBRE,MARNE LA VALLEE CHESSY,16,0.0
SAINT AVRE LA CHAMBRE,MARNE LA VALLEE CHESSY,17,0.0
SAINT AVRE LA CHAMBRE,MARNE LA VALLEE CHESSY,18,0.0
SAINT AVRE LA CHAMBRE,MARNE LA VALLEE CHESSY,19,0.0
SAINT AVRE LA CHAMBRE,MARNE LA VALLEE CHESSY,20,0.0
SAINT AVRE LA CHAMBRE,MARNE LA VALLEE CHESSY,21,0.0
SAINT AVRE LA CHAMBRE,MARNE LA VALLEE CHESSY,22,0.0
SAINT AVRE LA CHAMBRE,MARNE LA VALLEE CHESSY,23,0.0
SAINT AVRE LA CHAMBRE,MARNE LA VALLEE CHESSY,24,0.0
SAINT AVRE LA CHAMBRE,MARNE LA VALLEE CHESSY,25,0.0
SAINT AVRE LA CHAMBRE,MARNE LA VALLEE CHESSY,26,0.0
SAINT AVRE LA CHAMBRE,MARNE LA VALLEE CHESSY,27,0.0
SAINT AVRE LA CHAMBRE,MARNE LA VALLEE CHESSY,28,0.0
SAINT AVRE LA CHAMBRE,MARNE LA VALLEE CHESSY,29,0.0
SAINT AVRE LA CHAMBRE,MARNE LA VALLEE CHESSY,30,0.0
SAINT AVRE LA CHAMBRE,TGV HAUTE PICARDIE,0,0.0
SAINT AVRE LA CHAMBRE,TGV HAUTE PICARDIE,1,0.0
SAINT AVRE LA CHAMBRE,TGV HAUTE PICARDIE,2,0.0
SAINT AVRE LA CHAMBRE,TGV HAUTE PICARDIE,3,0.0
SAINT AVRE LA CHAMBRE,TGV HAUTE PICARDIE,4,0.0
SAINT AVRE LA CHAMBRE,TGV HAUTE PICARDIE,5,0.0
SAINT AVRE LA CHAMBRE,TGV HAUTE PICARDIE,6,0.0
SAINT AVRE LA CHAMBRE,TGV HAUTE PICARDIE,7,0.0
SAINT AVRE LA CHAMBRE,TGV HAUTE PICARDIE,8,0.0
SAINT AVRE LA CHAMBRE,TGV HAUTE PICARDIE,9,0.0
SAINT AVRE LA CHAMBRE,TGV HAUTE PICARDIE,10,0.0
SAINT AVRE LA CHAMBRE,TGV HAUTE PICARDIE,11,0.0
SAINT AVRE LA CHAMBRE,TGV HAUTE PICARDIE,12,0.0
SAINT AVRE LA CHAMBRE,TGV HAUTE PICARDIE,13,0.0
SAINT AVRE LA CHAMBRE,TGV HAUTE PICARDIE,14,0.0
SAINT AVRE LA CHAMBRE,TGV HAUTE PICARDIE,15,0.0
SAINT AVRE LA CHAMBRE,TGV HAUTE PICARDIE,16,0.0
SAINT AVRE LA CHAMBRE,TGV HAUTE PICARDIE,17,0.0
SAINT AVRE LA CHAMBRE,TGV HAUTE PICARDIE,18,0.0
SAINT AVRE LA CHAMBRE,TGV HAUTE PICARDIE,19,0.0
SAINT AVRE LA CHAMBRE,TGV HAUTE PICARDIE,20,0.0
SAINT AVRE LA CHAMBRE,TGV HAUTE PICARDIE,21,0.0
SAINT AVRE LA CHAMBRE,TGV HAUTE PICARDIE,22,0.0
SAINT AVRE LA CHAMBRE,TGV HAUTE PICARDIE,23,0.0
SAINT AVRE LA CHAMBRE,TGV HAUTE PICARDIE,24,0.0
SAINT AVRE LA CHAMBRE,TGV HAUTE PICARDIE,25,0.0
SAINT AVRE LA CHAMBRE,TGV HAUTE PICARDIE,26,0.0
SAINT AVRE LA CHAMBRE,TGV HAUTE PICARDIE,27,0.0
SAINT AVRE LA CHAMBRE,TGV HAUTE PICARDIE,28,0.0
SAINT AVRE LA CHAMBRE,TGV HAUTE PICARDIE,29,0.0
SAINT AVRE LA CHAMBRE,TGV HAUTE PICARDIE,30,0.0
SETE,AEROPORT ROISSY CDG 2 TGV,0,0.21727272727272726
SETE,AEROPORT ROISSY CDG 2 TGV,1,0.16363636363636364
SETE,AEROPORT ROISSY CDG 2 TGV,2,0.1537037037037037
SETE,AEROPORT ROISSY CDG 2 TGV,3,0.125
SETE,AEROPORT ROISSY CDG 2 TGV,4,0.039090909090909086
SETE,AEROPORT ROISSY CDG 2 TGV,5,0.007407407407407408
SETE,AEROPORT ROISSY CDG 2 TGV,6,0.0018181818181818182
SETE,AEROPORT ROISSY CDG 2 TGV,7,0.0036363636363636364
SETE,AEROPORT ROISSY CDG 2 TGV,8,0.0009090909090909091
SETE,AEROPORT ROISSY CDG 2 TGV,9,0.0009433962264150943
SETE,AEROPORT ROISSY CDG 2 TGV,10,0.0
SETE,AEROPORT ROISSY CDG 2 TGV,11,0.004545454545454545
SETE,AEROPORT ROISSY CDG 2 TGV,12,0.001851851851851852
SETE,AEROPORT ROISSY CDG 2 TGV,13,0.0018181818181818182
SETE,AEROPORT ROISSY CDG 2 TGV,14,0.0009090909090909091
SETE,AEROPORT ROISSY CDG 2 TGV,15,0.0009090909090909091
SETE,AEROPORT ROISSY CDG 2 TGV,16,0.0027777777777777783
SETE,AEROPORT ROISSY CDG 2 TGV,17,0.0009090909090909091
SETE,AEROPORT ROISSY CDG 2 TGV,18,0.0009090909090909091
SETE,AEROPORT ROISSY CDG 2 TGV,19,0.0018181818181818182
SETE,AEROPORT ROISSY CDG 2 TGV,20,0.0
SETE,AEROPORT ROISSY CDG 2 TGV,21,0.0
SETE,AEROPORT ROISSY CDG 2 TGV,22,0.0
SETE,AEROPORT ROISSY CDG 2 TGV,23,0.0
SETE,AEROPORT ROISSY CDG 2 TGV,24,0.0
SETE,AEROPORT ROISSY CDG 2 TGV,25,0.004545454545454545
SETE,AEROPORT ROISSY CDG 2 TGV,26,0.014545454545454545
SETE,AEROPORT ROISSY CDG 2 TGV,27,0.01
SETE,AEROPORT ROISSY CDG 2 TGV,28,0.004545454545454545
SETE,AEROPORT ROISSY CDG 2 TGV,29,0.005454545454545455
SETE,AEROPORT ROISSY CDG 2 TGV,30,0.0
SETE,ARRAS,0,0.13545454545454547
SETE,ARRAS,1,0.09454545454545454
SETE,ARRAS,2,0.10740740740740741
SETE,ARRAS,3,0.08703703703703704
SETE,ARRAS,4,0.03272727272727273
SETE,ARRAS,5,0.007407407407407408
SETE,ARRAS,6,0.0018181818181818182
SETE,ARRAS,7,0.0
SETE,ARRAS,8,0.0018181818181818182
SETE,ARRAS,9,0.0009433962264150943
SETE,ARRAS,10,0.001851851851851852
SETE,ARRAS,11,0.0027272727272727275
SETE,ARRAS,12,0.0027777777777777783
SETE,ARRAS,13,0.0
SETE,ARRAS,14,0.0009090909090909091
SETE,ARRAS,15,0.0009090909090909091
SETE,ARRAS,16,0.0
SETE,ARRAS,17,0.0009090909090909091
SETE,ARRAS,18,0.0009090909090909091
SETE,ARRAS,19,0.0009090909090909091
SETE,ARRAS,20,0.0009090909090909091
SETE,ARRAS,21,0.0009090909090909091
SETE,ARRAS,22,0.0009090909090909091
SETE,ARRAS,23,0.000925925925925926
SETE,ARRAS,24,0.0018181818181818182
SETE,ARRAS,25,0.006363636363636363
SETE,ARRAS,26,0.016363636363636365
SETE,ARRAS,27,0.01818181818181818
SETE,ARRAS,28,0.005454545454545454
SETE,ARRAS,29,0.0036363636363636364
SETE,ARRAS,30,0.000925925925925926
SETE,BRUXELLES MIDI,0,0.12884615384615386
SETE,BRUXELLES MIDI,1,0.08653846153846154
SETE,BRUXELLES MIDI,2,0.11274509803921569
SETE,BRUXELLES MIDI,3,0.0911764705882353
SETE,BRUXELLES MIDI,4,0.04326923076923077
SETE,BRUXELLES MIDI,5,0.00392156862745098
SETE,BRUXELLES MIDI,6,0.0
SETE,BRUXELLES MIDI,7,0.0009615384615384616
SETE,BRUXELLES MIDI,8,0.002884615384615385
SETE,BRUXELLES MIDI,9,0.0030000000000000005
SETE,BRUXELLES MIDI,10,0.00392156862745098
SETE,BRUXELLES MIDI,11,0.006730769230769231
SETE,BRUXELLES MIDI,12,0.0
SETE,BRUXELLES MIDI,13,0.0019230769230769232
SETE,BRUXELLES MIDI,14,0.0
SETE,BRUXELLES MIDI,15,0.0009615384615384616
SETE,BRUXELLES MIDI,16,0.000980392156862745
SETE,BRUXELLES MIDI,17,0.0009615384615384616
SETE,BRUXELLES MIDI,18,0.0009615384615384616
SETE,BRUXELLES MIDI,19,0.0009615384615384616
SETE,BRUXELLES MIDI,20,0.0009615384615384616
SETE,BRUXELLES MIDI,21,0.0
SETE,BRUXELLES MIDI,22,0.0
SETE,BRUXELLES MIDI,23,0.0
SETE,BRUXELLES MIDI,24,0.0
SETE,BRUXELLES MIDI,25,0.0
SETE,BRUXELLES MIDI,26,0.0009615384615384616
SETE,BRUXELLES MIDI,27,0.0019230769230769232
SETE,BRUXELLES MIDI,28,0.0009615384615384616
SETE,BRUXELLES MIDI,29,0.0
SETE,BRUXELLES MIDI,30,0.0
SETE,LILLE (intramuros),0,0.14454545454545456
SETE,LILLE (intramuros),1,0.09272727272727273
SETE,LILLE (intramuros),2,0.09722222222222222
SETE,LILLE (intramuros),3,0.09166666666666667
SETE,LILLE (intramuros),4,0.035454545454545454
SETE,LILLE (intramuros),5,0.006481481481481482
SETE,LILLE (intramuros),6,0.004545454545454545
SETE,LILLE (intramuros),7,0.006363636363636364
SETE,LILLE (intramuros),8,0.0027272727272727275
SETE,LILLE (intramuros),9,0.0056603773584905665
SETE,LILLE (intramuros),10,0.006481481481481482
SETE,LILLE (intramuros),11,0.005454545454545455
SETE,LILLE (intramuros),12,0.005555555555555557
SETE,LILLE (intramuros),13,0.0009090909090909091
SETE,LILLE (intramuros),14,0.0009090909090909091
SETE,LILLE (intramuros),15,0.0009090909090909091
SETE,LILLE (intramuros),16,0.0
SETE,LILLE (intramuros),17,0.0018181818181818182
SETE,LILLE (intramuros),18,0.0009090909090909091
SETE,LILLE (intramuros),19,0.0
SETE,LILLE (intramuros),20,0.0
SETE,LILLE (intramuros),21,0.0
SETE,LILLE (intramuros),22,0.0009090909090909091
SETE,LILLE (intramuros),23,0.000925925925925926
SETE,LILLE (intramuros),24,0.0018181818181818182
SETE,LILLE (intramuros),25,0.004545454545454545
SETE,LILLE (intramuros),26,0.013636363636363636
SETE,LILLE (intramuros),27,0.016363636363636365
SETE,LILLE (intramuros),28,0.004545454545454545
SETE,LILLE (intramuros),29,0.0036363636363636364
SETE,LILLE (intramuros),30,0.0
SETE,LYON (intramuros),0,0.40636363636363637
SETE,LYON (intramuros),1,0.37999999999999995
SETE,LYON (intramuros),2,0.37962962962962965
SETE,LYON (intramuros),3,0.3472222222222222
SETE,LYON (intramuros),4,0.17363636363636364
SETE,LYON (intramuros),5,0.16018518518518518
SETE,LYON (intramuros),6,0.16454545454545452
SETE,LYON (intramuros),7,0.15999999999999998
SETE,LYON (intramuros),8,0.14909090909090908
SETE,LYON (intramuros),9,0.1679245283018868
SETE,LYON (intramuros),10,0.14537037037037037
SETE,LYON (intramuros),11,0.13363636363636364
SETE,LYON (intramuros),12,0.06851851851851852
SETE,LYON (intramuros),13,0.07454545454545454
SETE,LYON (intramuros),14,0.09
SETE,LYON (intramuros),15,0.1009090909090909
SETE,LYON (intramuros),16,0.06666666666666667
SETE,LYON (intramuros),17,0.08363636363636363
SETE,LYON (intramuros),18,0.09
SETE,LYON (intramuros),19,0.09181818181818181
SETE,LYON (intramuros),20,0.09181818181818181
SETE,LYON (intramuros),21,0.08636363636363636
SETE,LYON (intramuros),22,0.07545454545454545
SETE,LYON (intramuros),23,0.07407407407407407
SETE,LYON (intramuros),24,0.07363636363636364
SETE,LYON (intramuros),25,0.07727272727272727
SETE,LYON (intramuros),26,0.08727272727272727
SETE,LYON (intramuros),27,0.07545454545454545
SETE,LYON (intramuros),28,0.06272727272727273
SETE,LYON (intramuros),29,0.05636363636363636
SETE,LYON (intramuros),30,0.013888888888888888
SETE,MARNE LA VALLEE CHESSY,0,0.21000000000000002
SETE,MARNE LA VALLEE CHESSY,1,0.16454545454545455
SETE,MARNE LA VALLEE CHESSY,2,0.1638888888888889
SETE,MARNE LA VALLEE CHESSY,3,0.11203703703703703
SETE,MARNE LA VALLEE CHESSY,4,0.03636363636363636
SETE,MARNE LA VALLEE CHESSY,5,0.008333333333333333
SETE,MARNE LA VALLEE CHESSY,6,0.007272727272727273
SETE,MARNE LA VALLEE CHESSY,7,0.0036363636363636364
SETE,MARNE LA VALLEE CHESSY,8,0.0018181818181818182
SETE,MARNE LA VALLEE CHESSY,9,0.0
SETE,MARNE LA VALLEE CHESSY,10,0.0027777777777777783
SETE,MARNE LA VALLEE CHESSY,11,0.005454545454545455
SETE,MARNE LA VALLEE CHESSY,12,0.001851851851851852
SETE,MARNE LA VALLEE CHESSY,13,0.0
SETE,MARNE LA VALLEE CHESSY,14,0.0009090909090909091
SETE,MARNE LA VALLEE CHESSY,15,0.0009090909090909091
SETE,MARNE LA VALLEE CHESSY,16,0.000925925925925926
SETE,MARNE LA VALLEE CHESSY,17,0.0
SETE,MARNE LA VALLEE CHESSY,18,0.0009090909090909091
SETE,MARNE LA VALLEE CHESSY,19,0.0
SETE,MARNE LA VALLEE CHESSY,20,0.0
SETE,MARNE LA VALLEE CHESSY,21,0.0
SETE,MARNE LA VALLEE CHESSY,22,0.0
SETE,MARNE LA VALLEE CHESSY,23,0.0
SETE,MARNE LA VALLEE CHESSY,24,0.0
SETE,MARNE LA VALLEE CHESSY,25,0.0027272727272727275
SETE,MARNE LA VALLEE CHESSY,26,0.011818181818181818
SETE,MARNE LA VALLEE CHESSY,27,0.006363636363636364
SETE,MARNE LA VALLEE CHESSY,28,0.0027272727272727275
SETE,MARNE LA VALLEE CHESSY,29,0.004545454545454545
SETE,MARNE LA VALLEE CHESSY,30,0.0
SETE,MONTPELLIER SAINT ROCH,0,0.6675925925925925
SETE,MONTPELLIER SAINT ROCH,1,0.6037037037037037
SETE,MONTPELLIER SAINT ROCH,2,0.619811320754717
SETE,MONTPELLIER SAINT ROCH,3,0.5547169811320755
SETE,MONTPELLIER SAINT ROCH,4,0.23055555555555554
SETE,MONTPELLIER SAINT ROCH,5,0.21509433962264152
SETE,MONTPELLIER SAINT ROCH,6,0.2212962962962963
SETE,MONTPELLIER SAINT ROCH,7,0.21944444444444444
SETE,MONTPELLIER SAINT ROCH,8,0.18055555555555555
SETE,MONTPELLIER SAINT ROCH,9,0.17596153846153847
SETE,MONTPELLIER SAINT ROCH,10,0.19245283018867923
SETE,MONTPELLIER SAINT ROCH,11,0.19814814814814813
SETE,MONTPELLIER SAINT ROCH,12,0.1849056603773585
SETE,MONTPELLIER SAINT ROCH,13,0.2
SETE,MONTPELLIER SAINT ROCH,14,0.19907407407407407
SETE,MONTPELLIER SAINT ROCH,15,0.1953703703703704
SETE,MONTPELLIER SAINT ROCH,16,0.19622641509433963
SETE,MONTPELLIER SAINT ROCH,17,0.18518518518518517
SETE,MONTPELLIER SAINT ROCH,18,0.18425925925925923
SETE,MONTPELLIER SAINT ROCH,19,0.17037037037037037
SETE,MONTPELLIER SAINT ROCH,20,0.16666666666666666
SETE,MONTPELLIER SAINT ROCH,21,0.16666666666666666
SETE,MONTPELLIER SAINT ROCH,22,0.16666666666666666
SETE,MONTPELLIER SAINT ROCH,23,0.16981132075471697
SETE,MONTPELLIER SAINT ROCH,24,0.15092592592592594
SETE,MONTPELLIER SAINT ROCH,25,0.1388888888888889
SETE,MONTPELLIER SAINT ROCH,26,0.13055555555555556
SETE,MONTPELLIER SAINT ROCH,27,0.1425925925925926
SETE,MONTPELLIER SAINT ROCH,28,0.1277777777777778
SETE,MONTPELLIER SAINT ROCH,29,0.12314814814814813
SETE,MONTPELLIER SAINT ROCH,30,0.03207547169811321
SETE,MONTPELLIER SUD DE FRANCE,0,0.0
SETE,MONTPELLIER SUD DE FRANCE,1,0.0
SETE,MONTPELLIER SUD DE FRANCE,2,0.0
SETE,MONTPELLIER SUD DE FRANCE,3,0.0
SETE,MONTPELLIER SUD DE FRANCE,4,0.0
SETE,MONTPELLIER SUD DE FRANCE,5,0.0
SETE,MONTPELLIER SUD DE FRANCE,6,0.0
SETE,MONTPELLIER SUD DE FRANCE,7,0.0
SETE,MONTPELLIER SUD DE FRANCE,8,0.1
SETE,MONTPELLIER SUD DE FRANCE,9,0.1
SETE,MONTPELLIER SUD DE FRANCE,10,0.85
SETE,MONTPELLIER SUD DE FRANCE,11,0.9
SETE,MONTPELLIER SUD DE FRANCE,12,0.0
SETE,MONTPELLIER SUD DE FRANCE,13,0.0
SETE,MONTPELLIER SUD DE FRANCE,14,0.0
SETE,MONTPELLIER SUD DE FRANCE,15,0.0
SETE,MONTPELLIER SUD DE FRANCE,16,0.0
SETE,MONTPELLIER SUD DE FRANCE,17,0.0
SETE,MONTPELLIER SUD DE FRANCE,18,0.0
SETE,MONTPELLIER SUD DE FRANCE,19,0.0
SETE,MONTPELLIER SUD DE FRANCE,20,0.0
SETE,MONTPELLIER SUD DE FRANCE,21,0.0
SETE,MONTPELLIER SUD DE FRANCE,22,0.0
SETE,MONTPELLIER SUD DE FRANCE,23,0.0
SETE,MONTPELLIER SUD DE FRANCE,24,0.0
SETE,MONTPELLIER SUD DE FRANCE,25,0.0
SETE,MONTPELLIER SUD DE FRANCE,26,0.0
SETE,MONTPELLIER SUD DE FRANCE,27,0.0
SETE,MONTPELLIER SUD DE FRANCE,28,0.0
SETE,MONTPELLIER SUD DE FRANCE,29,0.0
SETE,MONTPELLIER SUD DE FRANCE,30,0.0
SETE,NIMES CENTRE,0,0.6842592592592592
SETE,NIMES CENTRE,1,0.6222222222222222
SETE,NIMES CENTRE,2,0.6264150943396227
SETE,NIMES CENTRE,3,0.5216981132075471
SETE,NIMES CENTRE,4,0.23518518518518516
SETE,NIMES CENTRE,5,0.2179245283018868
SETE,NIMES CENTRE,6,0.2212962962962963
SETE,NIMES CENTRE,7,0.21296296296296297
SETE,NIMES CENTRE,8,0.1814814814814815
SETE,NIMES CENTRE,9,0.1701923076923077
SETE,NIMES CENTRE,10,0.19339622641509435
SETE,NIMES CENTRE,11,0.20833333333333334
SETE,NIMES CENTRE,12,0.1952830188679245
SETE,NIMES CENTRE,13,0.2037037037037037
SETE,NIMES CENTRE,14,0.20555555555555555
SETE,NIMES CENTRE,15,0.20277777777777775
SETE,NIMES CENTRE,16,0.20188679245283017
SETE,NIMES CENTRE,17,0.18981481481481483
SETE,NIMES CENTRE,18,0.18055555555555555
SETE,NIMES CENTRE,19,0.1712962962962963
SETE,NIMES CENTRE,20,0.16666666666666666
SETE,NIMES CENTRE,21,0.16666666666666666
SETE,NIMES CENTRE,22,0.16481481481481483
SETE,NIMES CENTRE,23,0.1679245283018868
SETE,NIMES CENTRE,24,0.1537037037037037
SETE,NIMES CENTRE,25,0.1462962962962963
SETE,NIMES CENTRE,26,0.13333333333333333
SETE,NIMES CENTRE,27,0.14351851851851852
SETE,NIMES CENTRE,28,0.1287037037037037
SETE,NIMES CENTRE,29,0.1259259259259259
SETE,NIMES CENTRE,30,0.033962264150943396
SETE,NIMES PONT DU GARD,0,0.05
SETE,NIMES PONT DU GARD,1,0.05
SETE,NIMES PONT DU GARD,2,0.0
SETE,NIMES PONT DU GARD,3,0.0
SETE,NIMES PONT DU GARD,4,0.0
SETE,NIMES PONT DU GARD,5,0.0
SETE,NIMES PONT DU GARD,6,0.0
SETE,NIMES PONT DU GARD,7,0.0
SETE,NIMES PONT DU GARD,8,0.0
SETE,NIMES PONT DU GARD,9,0.05
SETE,NIMES PONT DU GARD,10,0.95
SETE,NIMES PONT DU GARD,11,0.95
SETE,NIMES PONT DU GARD,12,0.05
SETE,NIMES PONT DU GARD,13,0.0
SETE,NIMES PONT DU GARD,14,0.0
SETE,NIMES PONT DU GARD,15,0.0
SETE,NIMES PONT DU GARD,16,0.0
SETE,NIMES PONT DU GARD,17,0.0
SETE,NIMES PONT DU GARD,18,0.0
SETE,NIMES PONT DU GARD,19,0.0
SETE,NIMES PONT DU GARD,20,0.0
SETE,NIMES PONT DU GARD,21,0.0
SETE,NIMES PONT DU GARD,22,0.0
SETE,NIMES PONT DU GARD,23,0.0
SETE,NIMES PONT DU GARD,24,0.0
SETE,NIMES PONT DU GARD,25,0.0
SETE,NIMES PONT DU GARD,26,0.0
SETE,NIMES PONT DU GARD,27,0.0
SETE,NIMES PONT DU GARD,28,0.0
SETE,NIMES PONT DU GARD,29,0.0
SETE,NIMES PONT DU GARD,30,0.0
SETE,TGV HAUTE PICARDIE,0,0.1290909090909091
SETE,TGV HAUTE PICARDIE,1,0.09363636363636364
SETE,TGV HAUTE PICARDIE,2,0.10462962962962964
SETE,TGV HAUTE PICARDIE,3,0.0898148148148148
SETE,TGV HAUTE PICARDIE,4,0.030909090909090914
SETE,TGV HAUTE PICARDIE,5,0.007407407407407408
SETE,TGV HAUTE PICARDIE,6,0.0027272727272727275
SETE,TGV HAUTE PICARDIE,7,0.0009090909090909091
SETE,TGV HAUTE PICARDIE,8,0.0018181818181818182
SETE,TGV HAUTE PICARDIE,9,0.0047169811320754715
SETE,TGV HAUTE PICARDIE,10,0.0027777777777777783
SETE,TGV HAUTE PICARDIE,11,0.0009090909090909091
SETE,TGV HAUTE PICARDIE,12,0.0
SETE,TGV HAUTE PICARDIE,13,0.0
SETE,TGV HAUTE PICARDIE,14,0.0009090909090909091
SETE,TGV HAUTE PICARDIE,15,0.0009090909090909091
SETE,TGV HAUTE PICARDIE,16,0.0
SETE,TGV HAUTE PICARDIE,17,0.0
SETE,TGV HAUTE PICARDIE,18,0.0
SETE,TGV HAUTE PICARDIE,19,0.0009090909090909091
SETE,TGV HAUTE PICARDIE,20,0.0
SETE,TGV HAUTE PICARDIE,21,0.0
SETE,TGV HAUTE PICARDIE,22,0.0009090909090909091
SETE,TGV HAUTE PICARDIE,23,0.0
SETE,TGV HAUTE PICARDIE,24,0.0009090909090909091
SETE,TGV HAUTE PICARDIE,25,0.0018181818181818182
SETE,TGV HAUTE PICARDIE,26,0.016363636363636365
SETE,TGV HAUTE PICARDIE,27,0.017272727272727273
SETE,TGV HAUTE PICARDIE,28,0.0018181818181818182
SETE,TGV HAUTE PICARDIE,29,0.004545454545454545
SETE,TGV HAUTE PICARDIE,30,0.000925925925925926
SETE,VALENCE TGV AUVERGNE RHONE ALPES,0,0.39454545454545453
SETE,VALENCE TGV AUVERGNE RHONE ALPES,1,0.35363636363636364
SETE,VALENCE TGV AUVERGNE RHONE ALPES,2,0.3666666666666667
SETE,VALENCE TGV AUVERGNE RHONE ALPES,3,0.36018518518518516
SETE,VALENCE TGV AUVERGNE RHONE ALPES,4,0.16545454545454544
SETE,VALENCE TGV AUVERGNE RHONE ALPES,5,0.16203703703703703
SETE,VALENCE TGV AUVERGNE RHONE ALPES,6,0.15545454545454546
SETE,VALENCE TGV AUVERGNE RHONE ALPES,7,0.1590909090909091
SETE,VALENCE TGV AUVERGNE RHONE ALPES,8,0.15
SETE,VALENCE TGV AUVERGNE RHONE ALPES,9,0.15660377358490568
SETE,VALENCE TGV AUVERGNE RHONE ALPES,10,0.13796296296296295
SETE,VALENCE TGV AUVERGNE RHONE ALPES,11,0.12272727272727273
SETE,VALENCE TGV AUVERGNE RHONE ALPES,12,0.07037037037037036
SETE,VALENCE TGV AUVERGNE RHONE ALPES,13,0.06909090909090909
SETE,VALENCE TGV AUVERGNE RHONE ALPES,14,0.09272727272727273
SETE,VALENCE TGV AUVERGNE RHONE ALPES,15,0.09909090909090909
SETE,VALENCE TGV AUVERGNE RHONE ALPES,16,0.06666666666666667
SETE,VALENCE TGV AUVERGNE RHONE ALPES,17,0.07909090909090909
SETE,VALENCE TGV AUVERGNE RHONE ALPES,18,0.09090909090909091
SETE,VALENCE TGV AUVERGNE RHONE ALPES,19,0.09272727272727273
SETE,VALENCE TGV AUVERGNE RHONE ALPES,20,0.09181818181818181
SETE,VALENCE TGV AUVERGNE RHONE ALPES,21,0.09090909090909091
SETE,VALENCE TGV AUVERGNE RHONE ALPES,22,0.07727272727272727
SETE,VALENCE TGV AUVERGNE RHONE ALPES,23,0.07407407407407407
SETE,VALENCE TGV AUVERGNE RHONE ALPES,24,0.07272727272727272
SETE,VALENCE TGV AUVERGNE RHONE ALPES,25,0.07454545454545454
SETE,VALENCE TGV AUVERGNE RHONE ALPES,26,0.0890909090909091
SETE,VALENCE TGV AUVERGNE RHONE ALPES,27,0.07636363636363637
SETE,VALENCE TGV AUVERGNE RHONE ALPES,28,0.060909090909090906
SETE,VALENCE TGV AUVERGNE RHONE ALPES,29,0.06
SETE,VALENCE TGV AUVERGNE RHONE ALPES,30,0.009259259259259259
ST JEAN DE MAURIENNE ARVAN,AEROPORT ROISSY CDG 2 TGV,0,0.0
ST JEAN DE MAURIENNE ARVAN,AEROPORT ROISSY CDG 2 TGV,1,0.0
ST JEAN DE MAURIENNE ARVAN,AEROPORT ROISSY CDG 2 TGV,2,0.05
ST JEAN DE MAURIENNE ARVAN,AEROPORT ROISSY CDG 2 TGV,3,0.0
ST JEAN DE MAURIENNE ARVAN,AEROPORT ROISSY CDG 2 TGV,4,0.0
ST JEAN DE MAURIENNE ARVAN,AEROPORT ROISSY CDG 2 TGV,5,0.0
ST JEAN DE MAURIENNE ARVAN,AEROPORT ROISSY CDG 2 TGV,6,0.0
ST JEAN DE MAURIENNE ARVAN,AEROPORT ROISSY CDG 2 TGV,7,0.0
ST JEAN DE MAURIENNE ARVAN,AEROPORT ROISSY CDG 2 TGV,8,0.0
ST JEAN DE MAURIENNE ARVAN,AEROPORT ROISSY CDG 2 TGV,9,0.0
ST JEAN DE MAURIENNE ARVAN,AEROPORT ROISSY CDG 2 TGV,10,0.05
ST JEAN DE MAURIENNE ARVAN,AEROPORT ROISSY CDG 2 TGV,11,0.0
ST JEAN DE MAURIENNE ARVAN,AEROPORT ROISSY CDG 2 TGV,12,0.0
ST JEAN DE MAURIENNE ARVAN,AEROPORT ROISSY CDG 2 TGV,13,0.0
ST JEAN DE MAURIENNE ARVAN,AEROPORT ROISSY CDG 2 TGV,14,0.0
ST JEAN DE MAURIENNE ARVAN,AEROPORT ROISSY CDG 2 TGV,15,0.0
ST JEAN DE MAURIENNE ARVAN,AEROPORT ROISSY CDG 2 TGV,16,0.0
ST JEAN DE MAURIENNE ARVAN,AEROPORT ROISSY CDG 2 TGV,17,0.0
ST JEAN DE MAURIENNE ARVAN,AEROPORT ROISSY CDG 2 TGV,18,0.0
ST JEAN DE MAURIENNE ARVAN,AEROPORT ROISSY CDG 2 TGV,19,0.0
ST JEAN DE MAURIENNE ARVAN,AEROPORT ROISSY CDG 2 TGV,20,0.0
ST JEAN DE MAURIENNE ARVAN,AEROPORT ROISSY CDG 2 TGV,21,0.0
ST JEAN DE MAURIENNE ARVAN,AEROPORT ROISSY CDG 2 TGV,22,0.0
ST JEAN DE MAURIENNE ARVAN,AEROPORT ROISSY CDG 2 TGV,23,0.0
ST JEAN DE MAURIENNE ARVAN,AEROPORT ROISSY CDG 2 TGV,24,0.0
ST JEAN DE MAURIENNE ARVAN,AEROPORT ROISSY CDG 2 TGV,25,0.0
ST JEAN DE MAURIENNE ARVAN,AEROPORT ROISSY CDG 2 TGV,26,0.0
ST JEAN DE MAURIENNE ARVAN,AEROPORT ROISSY CDG 2 TGV,27,0.0
ST JEAN DE MAURIENNE ARVAN,AEROPORT ROISSY CDG 2 TGV,28,0.0
ST JEAN DE MAURIENNE ARVAN,AEROPORT ROISSY CDG 2 TGV,29,0.0
ST JEAN DE MAURIENNE ARVAN,AEROPORT ROISSY CDG 2 TGV,30,0.0
ST JEAN DE MAURIENNE ARVAN,ARRAS,0,0.0
ST JEAN DE MAURIENNE ARVAN,ARRAS,1,0.0
ST JEAN DE MAURIENNE ARVAN,ARRAS,2,0.0
ST JEAN DE MAURIENNE ARVAN,ARRAS,3,0.0
ST JEAN DE MAURIENNE ARVAN,ARRAS,4,0.0
ST JEAN DE MAURIENNE ARVAN,ARRAS,5,0.0
ST JEAN DE MAURIENNE ARVAN,ARRAS,6,0.0
ST JEAN DE MAURIENNE ARVAN,ARRAS,7,0.0
ST JEAN DE MAURIENNE ARVAN,ARRAS,8,0.0
ST JEAN DE MAURIENNE ARVAN,ARRAS,9,0.0
ST JEAN DE MAURIENNE ARVAN,ARRAS,10,0.0
ST JEAN DE MAURIENNE ARVAN,ARRAS,11,0.0
ST JEAN DE MAURIENNE ARVAN,ARRAS,12,0.0
ST JEAN DE MAURIENNE ARVAN,ARRAS,13,0.0
ST JEAN DE MAURIENNE ARVAN,ARRAS,14,0.0
ST JEAN DE MAURIENNE ARVAN,ARRAS,15,0.0
ST JEAN DE MAURIENNE ARVAN,ARRAS,16,0.0
ST JEAN DE MAURIENNE ARVAN,ARRAS,17,0.0
ST JEAN DE MAURIENNE ARVAN,ARRAS,18,0.0
ST JEAN DE MAURIENNE ARVAN,ARRAS,19,0.0
ST JEAN DE MAURIENNE ARVAN,ARRAS,20,0.0
ST JEAN DE MAURIENNE ARVAN,ARRAS,21,0.0
ST JEAN DE MAURIENNE ARVAN,ARRAS,22,0.0
ST JEAN DE MAURIENNE ARVAN,ARRAS,23,0.0
ST JEAN DE MAURIENNE ARVAN,ARRAS,24,0.0
ST JEAN DE MAURIENNE ARVAN,ARRAS,25,0.0
ST JEAN DE MAURIENNE ARVAN,ARRAS,26,0.0
ST JEAN DE MAURIENNE ARVAN,ARRAS,27,0.0
ST JEAN DE MAURIENNE ARVAN,ARRAS,28,0.0
ST JEAN DE MAURIENNE ARVAN,ARRAS,29,0.0
ST JEAN DE MAURIENNE ARVAN,ARRAS,30,0.0
ST JEAN DE MAURIENNE ARVAN,CHAMBERY CHALLES LES EAUX,0,0.0
ST JEAN DE MAURIENNE ARVAN,CHAMBERY CHALLES LES EAUX,1,0.0
ST JEAN DE MAURIENNE ARVAN,CHAMBERY CHALLES LES EAUX,2,0.0
ST JEAN DE MAURIENNE ARVAN,CHAMBERY CHALLES LES EAUX,3,0.0
ST JEAN DE MAURIENNE ARVAN,CHAMBERY CHALLES LES EAUX,4,0.0
ST JEAN DE MAURIENNE ARVAN,CHAMBERY CHALLES LES EAUX,5,0.0
ST JEAN DE MAURIENNE ARVAN,CHAMBERY CHALLES LES EAUX,6,0.0
ST JEAN DE MAURIENNE ARVAN,CHAMBERY CHALLES LES EAUX,7,0.0
ST JEAN DE MAURIENNE ARVAN,CHAMBERY CHALLES LES EAUX,8,0.0
ST JEAN DE MAURIENNE ARVAN,CHAMBERY CHALLES LES EAUX,9,0.0
ST JEAN DE MAURIENNE ARVAN,CHAMBERY CHALLES LES EAUX,10,0.0
ST JEAN DE MAURIENNE ARVAN,CHAMBERY CHALLES LES EAUX,11,0.0
ST JEAN DE MAURIENNE ARVAN,CHAMBERY CHALLES LES EAUX,12,0.0
ST JEAN DE MAURIENNE ARVAN,CHAMBERY CHALLES LES EAUX,13,0.0
ST JEAN DE MAURIENNE ARVAN,CHAMBERY CHALLES LES EAUX,14,0.0
ST JEAN DE MAURIENNE ARVAN,CHAMBERY CHALLES LES EAUX,15,0.0
ST JEAN DE MAURIENNE ARVAN,CHAMBERY CHALLES LES EAUX,16,0.0
ST JEAN DE MAURIENNE ARVAN,CHAMBERY CHALLES LES EAUX,17,0.0
ST JEAN DE MAURIENNE ARVAN,CHAMBERY CHALLES LES EAUX,18,0.0
ST JEAN DE MAURIENNE ARVAN,CHAMBERY CHALLES LES EAUX,19,0.0
ST JEAN DE MAURIENNE ARVAN,CHAMBERY CHALLES LES EAUX,20,0.0
ST JEAN DE MAURIENNE ARVAN,CHAMBERY CHALLES LES EAUX,21,0.0
ST JEAN DE MAURIENNE ARVAN,CHAMBERY CHALLES LES EAUX,22,0.0
ST JEAN DE MAURIENNE ARVAN,CHAMBERY CHALLES LES EAUX,23,0.0
ST JEAN DE MAURIENNE ARVAN,CHAMBERY CHALLES LES EAUX,24,0.0
ST JEAN DE MAURIENNE ARVAN,CHAMBERY CHALLES LES EAUX,25,0.0
ST JEAN DE MAURIENNE ARVAN,CHAMBERY CHALLES LES EAUX,26,0.0
ST JEAN DE MAURIENNE ARVAN,CHAMBERY CHALLES LES EAUX,27,0.0
ST JEAN DE MAURIENNE ARVAN,CHAMBERY CHALLES LES EAUX,28,0.0
ST JEAN DE MAURIENNE ARVAN,CHAMBERY CHALLES LES EAUX,29,0.0
ST JEAN DE MAURIENNE ARVAN,CHAMBERY CHALLES LES EAUX,30,0.0
ST JEAN DE MAURIENNE ARVAN,DOUAI,0,0.0
ST JEAN DE MAURIENNE ARVAN,DOUAI,1,0.0
ST JEAN DE MAURIENNE ARVAN,DOUAI,2,0.05
ST JEAN DE MAURIENNE ARVAN,DOUAI,3,0.0
ST JEAN DE MAURIENNE ARVAN,DOUAI,4,0.0
ST JEAN DE MAURIENNE ARVAN,DOUAI,5,0.0
ST JEAN DE MAURIENNE ARVAN,DOUAI,6,0.0
ST JEAN DE MAURIENNE ARVAN,DOUAI,7,0.0
ST JEAN DE MAURIENNE ARVAN,DOUAI,8,0.0
ST JEAN DE MAURIENNE ARVAN,DOUAI,9,0.0
ST JEAN DE MAURIENNE ARVAN,DOUAI,10,0.0
ST JEAN DE MAURIENNE ARVAN,DOUAI,11,0.0
ST JEAN DE MAURIENNE ARVAN,DOUAI,12,0.0
ST JEAN DE MAURIENNE ARVAN,DOUAI,13,0.0
ST JEAN DE MAURIENNE ARVAN,DOUAI,14,0.0
ST JEAN DE MAURIENNE ARVAN,DOUAI,15,0.0
ST JEAN DE MAURIENNE ARVAN,DOUAI,16,0.0
ST JEAN DE MAURIENNE ARVAN,DOUAI,17,0.0
ST JEAN DE MAURIENNE ARVAN,DOUAI,18,0.0
ST JEAN DE MAURIENNE ARVAN,DOUAI,19,0.0
ST JEAN DE MAURIENNE ARVAN,DOUAI,20,0.0
ST JEAN DE MAURIENNE ARVAN,DOUAI,21,0.0
ST JEAN DE MAURIENNE ARVAN,DOUAI,22,0.0
ST JEAN DE MAURIENNE ARVAN,DOUAI,23,0.0
ST JEAN DE MAURIENNE ARVAN,DOUAI,24,0.0
ST JEAN DE MAURIENNE ARVAN,DOUAI,25,0.0
ST JEAN DE MAURIENNE ARVAN,DOUAI,26,0.0
ST JEAN DE MAURIENNE ARVAN,DOUAI,27,0.0
ST JEAN DE MAURIENNE ARVAN,DOUAI,28,0.0
ST JEAN DE MAURIENNE ARVAN,DOUAI,29,0.0
ST JEAN DE MAURIENNE ARVAN,DOUAI,30,0.0
ST JEAN DE MAURIENNE ARVAN,LILLE (intramuros),0,0.0
ST JEAN DE MAURIENNE ARVAN,LILLE (intramuros),1,0.0
ST JEAN DE MAURIENNE ARVAN,LILLE (intramuros),2,0.0
ST JEAN DE MAURIENNE ARVAN,LILLE (intramuros),3,0.0
ST JEAN DE MAURIENNE ARVAN,LILLE (intramuros),4,0.0
ST JEAN DE MAURIENNE ARVAN,LILLE (intramuros),5,0.0
ST JEAN DE MAURIENNE ARVAN,LILLE (intramuros),6,0.0
ST JEAN DE MAURIENNE ARVAN,LILLE (intramuros),7,0.0
ST JEAN DE MAURIENNE ARVAN,LILLE (intramuros),8,0.0
ST JEAN DE MAURIENNE ARVAN,LILLE (intramuros),9,0.0
ST JEAN DE MAURIENNE ARVAN,LILLE (intramuros),10,0.0
ST JEAN DE MAURIENNE ARVAN,LILLE (intramuros),11,0.0
ST JEAN DE MAURIENNE ARVAN,LILLE (intramuros),12,0.0
ST JEAN DE MAURIENNE ARVAN,LILLE (intramuros),13,0.0
ST JEAN DE MAURIENNE ARVAN,LILLE (intramuros),14,0.0
ST JEAN DE MAURIENNE ARVAN,LILLE (intramuros),15,0.0
ST JEAN DE MAURIENNE ARVAN,LILLE (intramuros),16,0.0
ST JEAN DE MAURIENNE ARVAN,LILLE (intramuros),17,0.0
ST JEAN DE MAURIENNE ARVAN,LILLE (intramuros),18,0.0
ST JEAN DE MAURIENNE ARVAN,LILLE (intramuros),19,0.0
ST JEAN DE MAURIENNE ARVAN,LILLE (intramuros),20,0.0
ST JEAN DE MAURIENNE ARVAN,LILLE (intramuros),21,0.0
ST JEAN DE MAURIENNE ARVAN,LILLE (intramuros),22,0.0
ST JEAN DE MAURIENNE ARVAN,LILLE (intramuros),23,0.0
ST JEAN DE MAURIENNE ARVAN,LILLE (intramuros),24,0.0
ST JEAN DE MAURIENNE ARVAN,LILLE (intramuros),25,0.0
ST JEAN DE MAURIENNE ARVAN,LILLE (intramuros),26,0.0
ST JEAN DE MAURIENNE ARVAN,LILLE (intramuros),27,0.0
ST JEAN DE MAURIENNE ARVAN,LILLE (intramuros),28,0.0
ST JEAN DE MAURIENNE ARVAN,LILLE (intramuros),29,0.0
ST JEAN DE MAURIENNE ARVAN,LILLE (intramuros),30,0.0
ST JEAN DE MAURIENNE ARVAN,MARNE LA VALLEE CHESSY,0,0.0
ST JEAN DE MAURIENNE ARVAN,MARNE LA VALLEE CHESSY,1,0.0
ST JEAN DE MAURIENNE ARVAN,MARNE LA VALLEE CHESSY,2,0.0
ST JEAN DE MAURIENNE ARVAN,MARNE LA VALLEE CHESSY,3,0.05
ST JEAN DE MAURIENNE ARVAN,MARNE LA VALLEE CHESSY,4,0.0
ST JEAN DE MAURIENNE ARVAN,MARNE LA VALLEE CHESSY,5,0.0
ST JEAN DE MAURIENNE ARVAN,MARNE LA VALLEE CHESSY,6,0.0
ST JEAN DE MAURIENNE ARVAN,MARNE LA VALLEE CHESSY,7,0.0
ST JEAN DE MAURIENNE ARVAN,MARNE LA VALLEE CHESSY,8,0.0
ST JEAN DE MAURIENNE ARVAN,MARNE LA VALLEE CHESSY,9,0.0
ST JEAN DE MAURIENNE ARVAN,MARNE LA VALLEE CHESSY,10,0.0
ST JEAN DE MAURIENNE ARVAN,MARNE LA VALLEE CHESSY,11,0.05
ST JEAN DE MAURIENNE ARVAN,MARNE LA VALLEE CHESSY,12,0.0
ST JEAN DE MAURIENNE ARVAN,MARNE LA VALLEE CHESSY,13,0.0
ST JEAN DE MAURIENNE ARVAN,MARNE LA VALLEE CHESSY,14,0.0
ST JEAN DE MAURIENNE ARVAN,MARNE LA VALLEE CHESSY,15,0.0
ST JEAN DE MAURIENNE ARVAN,MARNE LA VALLEE CHESSY,16,0.0
ST JEAN DE MAURIENNE ARVAN,MARNE LA VALLEE CHESSY,17,0.0
ST JEAN DE MAURIENNE ARVAN,MARNE LA VALLEE CHESSY,18,0.0
ST JEAN DE MAURIENNE ARVAN,MARNE LA VALLEE CHESSY,19,0.0
ST JEAN DE MAURIENNE ARVAN,MARNE LA VALLEE CHESSY,20,0.0
ST JEAN DE MAURIENNE ARVAN,MARNE LA VALLEE CHESSY,21,0.0
ST JEAN DE MAURIENNE ARVAN,MARNE LA VALLEE CHESSY,22,0.0
ST JEAN DE MAURIENNE ARVAN,MARNE LA VALLEE CHESSY,23,0.0
ST JEAN DE MAURIENNE ARVAN,MARNE LA VALLEE CHESSY,24,0.0
ST JEAN DE MAURIENNE ARVAN,MARNE LA VALLEE CHESSY,25,0.0
ST JEAN DE MAURIENNE ARVAN,MARNE LA VALLEE CHESSY,26,0.0
ST JEAN DE MAURIENNE ARVAN,MARNE LA VALLEE CHESSY,27,0.0
ST JEAN DE MAURIENNE ARVAN,MARNE LA VALLEE CHESSY,28,0.0
ST JEAN DE MAURIENNE ARVAN,MARNE LA VALLEE CHESSY,29,0.0
ST JEAN DE MAURIENNE ARVAN,MARNE LA VALLEE CHESSY,30,0.0
ST JEAN DE MAURIENNE ARVAN,SAINT AVRE LA CHAMBRE,0,0.0
ST JEAN DE MAURIENNE ARVAN,SAINT AVRE LA CHAMBRE,1,0.0
ST JEAN DE MAURIENNE ARVAN,SAINT AVRE LA CHAMBRE,2,0.0
ST JEAN DE MAURIENNE ARVAN,SAINT AVRE LA CHAMBRE,3,0.0
ST JEAN DE MAURIENNE ARVAN,SAINT AVRE LA CHAMBRE,4,0.0
ST JEAN DE MAURIENNE ARVAN,SAINT AVRE LA CHAMBRE,5,0.0
ST JEAN DE MAURIENNE ARVAN,SAINT AVRE LA CHAMBRE,6,0.0
ST JEAN DE MAURIENNE ARVAN,SAINT AVRE LA CHAMBRE,7,0.0
ST JEAN DE MAURIENNE ARVAN,SAINT AVRE LA CHAMBRE,8,0.0
ST JEAN DE MAURIENNE ARVAN,SAINT AVRE LA CHAMBRE,9,0.0
ST JEAN DE MAURIENNE ARVAN,SAINT AVRE LA CHAMBRE,10,0.0
ST JEAN DE MAURIENNE ARVAN,SAINT AVRE LA CHAMBRE,11,0.0
ST JEAN DE MAURIENNE ARVAN,SAINT AVRE LA CHAMBRE,12,0.0
ST JEAN DE MAURIENNE ARVAN,SAINT AVRE LA CHAMBRE,13,0.0
ST JEAN DE MAURIENNE ARVAN,SAINT AVRE LA CHAMBRE,14,0.0
ST JEAN DE MAURIENNE ARVAN,SAINT AVRE LA CHAMBRE,15,0.0
ST JEAN DE MAURIENNE ARVAN,SAINT AVRE LA CHAMBRE,16,0.0
ST JEAN DE MAURIENNE ARVAN,SAINT AVRE LA CHAMBRE,17,0.0
ST JEAN DE MAURIENNE ARVAN,SAINT AVRE LA CHAMBRE,18,0.0
ST JEAN DE MAURIENNE ARVAN,SAINT AVRE LA CHAMBRE,19,0.0
ST JEAN DE MAURIENNE ARVAN,SAINT AVRE LA CHAMBRE,20,0.0
ST JEAN DE MAURIENNE ARVAN,SAINT AVRE LA CHAMBRE,21,0.0
ST JEAN DE MAURIENNE ARVAN,SAINT AVRE LA CHAMBRE,22,0.0
ST JEAN DE MAURIENNE ARVAN,SAINT AVRE LA CHAMBRE,23,0.0
ST JEAN DE MAURIENNE ARVAN,SAINT AVRE LA CHAMBRE,24,0.0
ST JEAN DE MAURIENNE ARVAN,SAINT AVRE LA CHAMBRE,25,0.0
ST JEAN DE MAURIENNE ARVAN,SAINT AVRE LA CHAMBRE,26,0.0
ST JEAN DE MAURIENNE ARVAN,SAINT AVRE LA CHAMBRE,27,0.0
ST JEAN DE MAURIENNE ARVAN,SAINT AVRE LA CHAMBRE,28,0.0
ST JEAN DE MAURIENNE ARVAN,SAINT AVRE LA CHAMBRE,29,0.0
ST JEAN DE MAURIENNE ARVAN,SAINT AVRE LA CHAMBRE,30,0.0
ST JEAN DE MAURIENNE ARVAN,TGV HAUTE PICARDIE,0,0.0
ST JEAN DE MAURIENNE ARVAN,TGV HAUTE PICARDIE,1,0.0
ST JEAN DE MAURIENNE ARVAN,TGV HAUTE PICARDIE,2,0.0
ST JEAN DE MAURIENNE ARVAN,TGV HAUTE PICARDIE,3,0.0
ST JEAN DE MAURIENNE ARVAN,TGV HAUTE PICARDIE,4,0.0
ST JEAN DE MAURIENNE ARVAN,TGV HAUTE PICARDIE,5,0.0
ST JEAN DE MAURIENNE ARVAN,TGV HAUTE PICARDIE,6,0.0
ST JEAN DE MAURIENNE ARVAN,TGV HAUTE PICARDIE,7,0.0
ST JEAN DE MAURIENNE ARVAN,TGV HAUTE PICARDIE,8,0.0
ST JEAN DE MAURIENNE ARVAN,TGV HAUTE PICARDIE,9,0.0
ST JEAN DE MAURIENNE ARVAN,TGV HAUTE PICARDIE,10,0.0
ST JEAN DE MAURIENNE ARVAN,TGV HAUTE PICARDIE,11,0.0
ST JEAN DE MAURIENNE ARVAN,TGV HAUTE PICARDIE,12,0.0
ST JEAN DE MAURIENNE ARVAN,TGV HAUTE PICARDIE,13,0.0
ST JEAN DE MAURIENNE ARVAN,TGV HAUTE PICARDIE,14,0.0
ST JEAN DE MAURIENNE ARVAN,TGV HAUTE PICARDIE,15,0.0
ST JEAN DE MAURIENNE ARVAN,TGV HAUTE PICARDIE,16,0.0
ST JEAN DE MAURIENNE ARVAN,TGV HAUTE PICARDIE,17,0.0
ST JEAN DE MAURIENNE ARVAN,TGV HAUTE PICARDIE,18,0.0
ST JEAN DE MAURIENNE ARVAN,TGV HAUTE PICARDIE,19,0.0
ST JEAN DE MAURIENNE ARVAN,TGV HAUTE PICARDIE,20,0.0
ST JEAN DE MAURIENNE ARVAN,TGV HAUTE PICARDIE,21,0.0
ST JEAN DE MAURIENNE ARVAN,TGV HAUTE PICARDIE,22,0.0
ST JEAN DE MAURIENNE ARVAN,TGV HAUTE PICARDIE,23,0.0
ST JEAN DE MAURIENNE ARVAN,TGV HAUTE PICARDIE,24,0.0
ST JEAN DE MAURIENNE ARVAN,TGV HAUTE PICARDIE,25,0.0
ST JEAN DE MAURIENNE ARVAN,TGV HAUTE PICARDIE,26,0.0
ST JEAN DE MAURIENNE ARVAN,TGV HAUTE PICARDIE,27,0.0
ST JEAN DE MAURIENNE ARVAN,TGV HAUTE PICARDIE,28,0.0
ST JEAN DE MAURIENNE ARVAN,TGV HAUTE PICARDIE,29,0.0
ST JEAN DE MAURIENNE ARVAN,TGV HAUTE PICARDIE,30,0.0
ST MICHEL VALLOIRE,AEROPORT ROISSY CDG 2 TGV,0,0.0
ST MICHEL VALLOIRE,AEROPORT ROISSY CDG 2 TGV,1,0.0
ST MICHEL VALLOIRE,AEROPORT ROISSY CDG 2 TGV,2,0.0
ST MICHEL VALLOIRE,AEROPORT ROISSY CDG 2 TGV,3,0.0
ST MICHEL VALLOIRE,AEROPORT ROISSY CDG 2 TGV,4,0.0
ST MICHEL VALLOIRE,AEROPORT ROISSY CDG 2 TGV,5,0.0
ST MICHEL VALLOIRE,AEROPORT ROISSY CDG 2 TGV,6,0.0
ST MICHEL VALLOIRE,AEROPORT ROISSY CDG 2 TGV,7,0.0
ST MICHEL VALLOIRE,AEROPORT ROISSY CDG 2 TGV,8,0.0
ST MICHEL VALLOIRE,AEROPORT ROISSY CDG 2 TGV,9,0.0
ST MICHEL VALLOIRE,AEROPORT ROISSY CDG 2 TGV,10,0.0
ST MICHEL VALLOIRE,AEROPORT ROISSY CDG 2 TGV,11,0.0
ST MICHEL VALLOIRE,AEROPORT ROISSY CDG 2 TGV,12,0.0
ST MICHEL VALLOIRE,AEROPORT ROISSY CDG 2 TGV,13,0.0
ST MICHEL VALLOIRE,AEROPORT ROISSY CDG 2 TGV,14,0.0
ST MICHEL VALLOIRE,AEROPORT ROISSY CDG 2 TGV,15,0.0
ST MICHEL VALLOIRE,AEROPORT ROISSY CDG 2 TGV,16,0.0
ST MICHEL VALLOIRE,AEROPORT ROISSY CDG 2 TGV,17,0.0
ST MICHEL VALLOIRE,AEROPORT ROISSY CDG 2 TGV,18,0.0
ST MICHEL VALLOIRE,AEROPORT ROISSY CDG 2 TGV,19,0.0
ST MICHEL VALLOIRE,AEROPORT ROISSY CDG 2 TGV,20,0.0
ST MICHEL VALLOIRE,AEROPORT ROISSY CDG 2 TGV,21,0.05
ST MICHEL VALLOIRE,AEROPORT ROISSY CDG 2 TGV,22,0.0
ST MICHEL VALLOIRE,AEROPORT ROISSY CDG 2 TGV,23,0.0
ST MICHEL VALLOIRE,AEROPORT ROISSY CDG 2 TGV,24,0.0
ST MICHEL VALLOIRE,AEROPORT ROISSY CDG 2 TGV,25,0.0
ST MICHEL VALLOIRE,AEROPORT ROISSY CDG 2 TGV,26,0.0
ST MICHEL VALLOIRE,AEROPORT ROISSY CDG 2 TGV,27,0.0
ST MICHEL VALLOIRE,AEROPORT ROISSY CDG 2 TGV,28,0.0
ST MICHEL VALLOIRE,AEROPORT ROISSY CDG 2 TGV,29,0.0
ST MICHEL VALLOIRE,AEROPORT ROISSY CDG 2 TGV,30,0.0
ST MICHEL VALLOIRE,ARRAS,0,0.0
ST MICHEL VALLOIRE,ARRAS,1,0.0
ST MICHEL VALLOIRE,ARRAS,2,0.0
ST MICHEL VALLOIRE,ARRAS,3,0.0
ST MICHEL VALLOIRE,ARRAS,4,0.0
ST MICHEL VALLOIRE,ARRAS,5,0.0
ST MICHEL VALLOIRE,ARRAS,6,0.0
ST MICHEL VALLOIRE,ARRAS,7,0.0
ST MICHEL VALLOIRE,ARRAS,8,0.0
ST MICHEL VALLOIRE,ARRAS,9,0.0
ST MICHEL VALLOIRE,ARRAS,10,0.0
ST MICHEL VALLOIRE,ARRAS,11,0.0
ST MICHEL VALLOIRE,ARRAS,12,0.0
ST MICHEL VALLOIRE,ARRAS,13,0.0
ST MICHEL VALLOIRE,ARRAS,14,0.0
ST MICHEL VALLOIRE,ARRAS,15,0.0
ST MICHEL VALLOIRE,ARRAS,16,0.0
ST MICHEL VALLOIRE,ARRAS,17,0.0
ST MICHEL VALLOIRE,ARRAS,18,0.0
ST MICHEL VALLOIRE,ARRAS,19,0.0
ST MICHEL VALLOIRE,ARRAS,20,0.0
ST MICHEL VALLOIRE,ARRAS,21,0.0
ST MICHEL VALLOIRE,ARRAS,22,0.0
ST MICHEL VALLOIRE,ARRAS,23,0.0
ST MICHEL VALLOIRE,ARRAS,24,0.0
ST MICHEL VALLOIRE,ARRAS,25,0.0
ST MICHEL VALLOIRE,ARRAS,26,0.0
ST MICHEL VALLOIRE,ARRAS,27,0.0
ST MICHEL VALLOIRE,ARRAS,28,0.0
ST MICHEL VALLOIRE,ARRAS,29,0.0
ST MICHEL VALLOIRE,ARRAS,30,0.0
ST MICHEL VALLOIRE,CHAMBERY CHALLES LES EAUX,0,0.0
ST MICHEL VALLOIRE,CHAMBERY CHALLES LES EAUX,1,0.0
ST MICHEL VALLOIRE,CHAMBERY CHALLES LES EAUX,2,0.0
ST MICHEL VALLOIRE,CHAMBERY CHALLES LES EAUX,3,0.0
ST MICHEL VALLOIRE,CHAMBERY CHALLES LES EAUX,4,0.0
ST MICHEL VALLOIRE,CHAMBERY CHALLES LES EAUX,5,0.0
ST MICHEL VALLOIRE,CHAMBERY CHALLES LES EAUX,6,0.0
ST MICHEL VALLOIRE,CHAMBERY CHALLES LES EAUX,7,0.0
ST MICHEL VALLOIRE,CHAMBERY CHALLES LES EAUX,8,0.0
ST MICHEL VALLOIRE,CHAMBERY CHALLES LES EAUX,9,0.0
ST MICHEL VALLOIRE,CHAMBERY CHALLES LES EAUX,10,0.0
ST MICHEL VALLOIRE,CHAMBERY CHALLES LES EAUX,11,0.0
ST MICHEL VALLOIRE,CHAMBERY CHALLES LES EAUX,12,0.0
ST MICHEL VALLOIRE,CHAMBERY CHALLES LES EAUX,13,0.0
ST MICHEL VALLOIRE,CHAMBERY CHALLES LES EAUX,14,0.0
ST MICHEL VALLOIRE,CHAMBERY CHALLES LES EAUX,15,0.0
ST MICHEL VALLOIRE,CHAMBERY CHALLES LES EAUX,16,0.0
ST MICHEL VALLOIRE,CHAMBERY CHALLES LES EAUX,17,0.0
ST MICHEL VALLOIRE,CHAMBERY CHALLES LES EAUX,18,0.0
ST MICHEL VALLOIRE,CHAMBERY CHALLES LES EAUX,19,0.0
ST MICHEL VALLOIRE,CHAMBERY CHALLES LES EAUX,20,0.0
ST MICHEL VALLOIRE,CHAMBERY CHALLES LES EAUX,21,0.0
ST MICHEL VALLOIRE,CHAMBERY CHALLES LES EAUX,22,0.0
ST MICHEL VALLOIRE,CHAMBERY CHALLES LES EAUX,23,0.0
ST MICHEL VALLOIRE,CHAMBERY CHALLES LES EAUX,24,0.0
ST MICHEL VALLOIRE,CHAMBERY CHALLES LES EAUX,25,0.0
ST MICHEL VALLOIRE,CHAMBERY CHALLES LES EAUX,26,0.0
ST MICHEL VALLOIRE,CHAMBERY CHALLES LES EAUX,27,0.0
ST MICHEL VALLOIRE,CHAMBERY CHALLES LES EAUX,28,0.0
ST MICHEL VALLOIRE,CHAMBERY CHALLES LES EAUX,29,0.0
ST MICHEL VALLOIRE,CHAMBERY CHALLES LES EAUX,30,0.0
ST MICHEL VALLOIRE,DOUAI,0,0.0
ST MICHEL VALLOIRE,DOUAI,1,0.0
ST MICHEL VALLOIRE,DOUAI,2,0.05
ST MICHEL VALLOIRE,DOUAI,3,0.0
ST MICHEL VALLOIRE,DOUAI,4,0.0
ST MICHEL VALLOIRE,DOUAI,5,0.0
ST MICHEL VALLOIRE,DOUAI,6,0.0
ST MICHEL VALLOIRE,DOUAI,7,0.0
ST MICHEL VALLOIRE,DOUAI,8,0.0
ST MICHEL VALLOIRE,DOUAI,9,0.0
ST MICHEL VALLOIRE,DOUAI,10,0.0
ST MICHEL VALLOIRE,DOUAI,11,0.0
ST MICHEL VALLOIRE,DOUAI,12,0.0
ST MICHEL VALLOIRE,DOUAI,13,0.0
ST MICHEL VALLOIRE,DOUAI,14,0.0
ST MICHEL VALLOIRE,DOUAI,15,0.0
ST MICHEL VALLOIRE,DOUAI,16,0.0
ST MICHEL VALLOIRE,DOUAI,17,0.0
ST MICHEL VALLOIRE,DOUAI,18,0.0
ST MICHEL VALLOIRE,DOUAI,19,0.0
ST MICHEL VALLOIRE,DOUAI,20,0.0
ST MICHEL VALLOIRE,DOUAI,21,0.0
ST MICHEL VALLOIRE,DOUAI,22,0.0
ST MICHEL VALLOIRE,DOUAI,23,0.0
ST MICHEL VALLOIRE,DOUAI,24,0.0
ST MICHEL VALLOIRE,DOUAI,25,0.0
ST MICHEL VALLOIRE,DOUAI,26,0.0
ST MICHEL VALLOIRE,DOUAI,27,0.0
ST MICHEL VALLOIRE,DOUAI,28,0.0
ST MICHEL VALLOIRE,DOUAI,29,0.0
ST MICHEL VALLOIRE,DOUAI,30,0.0
ST MICHEL VALLOIRE,LILLE (intramuros),0,0.0
ST MICHEL VALLOIRE,LILLE (intramuros),1,0.0
ST MICHEL VALLOIRE,LILLE (intramuros),2,0.0
ST MICHEL VALLOIRE,LILLE (intramuros),3,0.0
ST MICHEL VALLOIRE,LILLE (intramuros),4,0.0
ST MICHEL VALLOIRE,LILLE (intramuros),5,0.0
ST MICHEL VALLOIRE,LILLE (intramuros),6,0.05
ST MICHEL VALLOIRE,LILLE (intramuros),7,0.0
ST MICHEL VALLOIRE,LILLE (intramuros),8,0.0
ST MICHEL VALLOIRE,LILLE (intramuros),9,0.0
ST MICHEL VALLOIRE,LILLE (intramuros),10,0.0
ST MICHEL VALLOIRE,LILLE (intramuros),11,0.0
ST MICHEL VALLOIRE,LILLE (intramuros),12,0.0
ST MICHEL VALLOIRE,LILLE (intramuros),13,0.0
ST MICHEL VALLOIRE,LILLE (intramuros),14,0.0
ST MICHEL VALLOIRE,LILLE (intramuros),15,0.0
ST MICHEL VALLOIRE,LILLE (intramuros),16,0.0
ST MICHEL VALLOIRE,LILLE (intramuros),17,0.0
ST MICHEL VALLOIRE,LILLE (intramuros),18,0.0
ST MICHEL VALLOIRE,LILLE (intramuros),19,0.0
ST MICHEL VALLOIRE,LILLE (intramuros),20,0.0
ST MICHEL VALLOIRE,LILLE (intramuros),21,0.0
ST MICHEL VALLOIRE,LILLE (intramuros),22,0.0
ST MICHEL VALLOIRE,LILLE (intramuros),23,0.0
ST MICHEL VALLOIRE,LILLE (intramuros),24,0.0
ST MICHEL VALLOIRE,LILLE (intramuros),25,0.0
ST MICHEL VALLOIRE,LILLE (intramuros),26,0.0
ST MICHEL VALLOIRE,LILLE (intramuros),27,0.0
ST MICHEL VALLOIRE,LILLE (intramuros),28,0.0
ST MICHEL VALLOIRE,LILLE (intramuros),29,0.0
ST MICHEL VALLOIRE,LILLE (intramuros),30,0.0
ST MICHEL VALLOIRE,MARNE LA VALLEE CHESSY,0,0.05
ST MICHEL VALLOIRE,MARNE LA VALLEE CHESSY,1,0.0
ST MICHEL VALLOIRE,MARNE LA VALLEE CHESSY,2,0.0
ST MICHEL VALLOIRE,MARNE LA VALLEE CHESSY,3,0.0
ST MICHEL VALLOIRE,MARNE LA VALLEE CHESSY,4,0.0
ST MICHEL VALLOIRE,MARNE LA VALLEE CHESSY,5,0.0
ST MICHEL VALLOIRE,MARNE LA VALLEE CHESSY,6,0.0
ST MICHEL VALLOIRE,MARNE LA VALLEE CHESSY,7,0.0
ST MICHEL VALLOIRE,MARNE LA VALLEE CHESSY,8,0.0
ST MICHEL VALLOIRE,MARNE LA VALLEE CHESSY,9,0.0
ST MICHEL VALLOIRE,MARNE LA VALLEE CHESSY,10,0.0
ST MICHEL VALLOIRE,MARNE LA VALLEE CHESSY,11,0.05
ST MICHEL VALLOIRE,MARNE LA VALLEE CHESSY,12,0.0
ST MICHEL VALLOIRE,MARNE LA VALLEE CHESSY,13,0.0
ST MICHEL VALLOIRE,MARNE LA VALLEE CHESSY,14,0.0
ST MICHEL VALLOIRE,MARNE LA VALLEE CHESSY,15,0.0
ST MICHEL VALLOIRE,MARNE LA VALLEE CHESSY,16,0.0
ST MICHEL VALLOIRE,MARNE LA VALLEE CHESSY,17,0.0
ST MICHEL VALLOIRE,MARNE LA VALLEE CHESSY,18,0.0
ST MICHEL VALLOIRE,MARNE LA VALLEE CHESSY,19,0.0
ST MICHEL VALLOIRE,MARNE LA VALLEE CHESSY,20,0.0
ST MICHEL VALLOIRE,MARNE LA VALLEE CHESSY,21,0.0
ST MICHEL VALLOIRE,MARNE LA VALLEE CHESSY,22,0.0
ST MICHEL VALLOIRE,MARNE LA VALLEE CHESSY,23,0.0
ST MICHEL VALLOIRE,MARNE LA VALLEE CHESSY,24,0.0
ST MICHEL VALLOIRE,MARNE LA VALLEE CHESSY,25,0.0
ST MICHEL VALLOIRE,MARNE LA VALLEE CHESSY,26,0.0
ST MICHEL VALLOIRE,MARNE LA VALLEE CHESSY,27,0.0
ST MICHEL VALLOIRE,MARNE LA VALLEE CHESSY,28,0.0
ST MICHEL VALLOIRE,MARNE LA VALLEE CHESSY,29,0.0
ST MICHEL VALLOIRE,MARNE LA VALLEE CHESSY,30,0.0
ST MICHEL VALLOIRE,SAINT AVRE LA CHAMBRE,0,0.0
ST MICHEL VALLOIRE,SAINT AVRE LA CHAMBRE,1,0.0
ST MICHEL VALLOIRE,SAINT AVRE LA CHAMBRE,2,0.0
ST MICHEL VALLOIRE,SAINT AVRE LA CHAMBRE,3,0.0
ST MICHEL VALLOIRE,SAINT AVRE LA CHAMBRE,4,0.0
ST MICHEL VALLOIRE,SAINT AVRE LA CHAMBRE,5,0.0
ST MICHEL VALLOIRE,SAINT AVRE LA CHAMBRE,6,0.0
ST MICHEL VALLOIRE,SAINT AVRE LA CHAMBRE,7,0.0
ST MICHEL VALLOIRE,SAINT AVRE LA CHAMBRE,8,0.0
ST MICHEL VALLOIRE,SAINT AVRE LA CHAMBRE,9,0.0
ST MICHEL VALLOIRE,SAINT AVRE LA CHAMBRE,10,0.0
ST MICHEL VALLOIRE,SAINT AVRE LA CHAMBRE,11,0.0
ST MICHEL VALLOIRE,SAINT AVRE LA CHAMBRE,12,0.0
ST MICHEL VALLOIRE,SAINT AVRE LA CHAMBRE,13,0.0
ST MICHEL VALLOIRE,SAINT AVRE LA CHAMBRE,14,0.0
ST MICHEL VALLOIRE,SAINT AVRE LA CHAMBRE,15,0.0
ST MICHEL VALLOIRE,SAINT AVRE LA CHAMBRE,16,0.0
ST MICHEL VALLOIRE,SAINT AVRE LA CHAMBRE,17,0.0
ST MICHEL VALLOIRE,SAINT AVRE LA CHAMBRE,18,0.0
ST MICHEL VALLOIRE,SAINT AVRE LA CHAMBRE,19,0.0
ST MICHEL VALLOIRE,SAINT AVRE LA CHAMBRE,20,0.0
ST MICHEL VALLOIRE,SAINT AVRE LA CHAMBRE,21,0.0
ST MICHEL VALLOIRE,SAINT AVRE LA CHAMBRE,22,0.0
ST MICHEL VALLOIRE,SAINT AVRE LA CHAMBRE,23,0.0
ST MICHEL VALLOIRE,SAINT AVRE LA CHAMBRE,24,0.0
ST MICHEL VALLOIRE,SAINT AVRE LA CHAMBRE,25,0.0
ST MICHEL VALLOIRE,SAINT AVRE LA CHAMBRE,26,0.0
ST MICHEL VALLOIRE,SAINT AVRE LA CHAMBRE,27,0.0
ST MICHEL VALLOIRE,SAINT AVRE LA CHAMBRE,28,0.0
ST MICHEL VALLOIRE,SAINT AVRE LA CHAMBRE,29,0.0
ST MICHEL VALLOIRE,SAINT AVRE LA CHAMBRE,30,0.0
ST MICHEL VALLOIRE,ST JEAN DE MAURIENNE ARVAN,0,0.0
ST MICHEL VALLOIRE,ST JEAN DE MAURIENNE ARVAN,1,0.0
ST MICHEL VALLOIRE,ST JEAN DE MAURIENNE ARVAN,2,0.0
ST MICHEL VALLOIRE,ST JEAN DE MAURIENNE ARVAN,3,0.0
ST MICHEL VALLOIRE,ST JEAN DE MAURIENNE ARVAN,4,0.0
ST MICHEL VALLOIRE,ST JEAN DE MAURIENNE ARVAN,5,0.0
ST MICHEL VALLOIRE,ST JEAN DE MAURIENNE ARVAN,6,0.0
ST MICHEL VALLOIRE,ST JEAN DE MAURIENNE ARVAN,7,0.0
ST MICHEL VALLOIRE,ST JEAN DE MAURIENNE ARVAN,8,0.0
ST MICHEL VALLOIRE,ST JEAN DE MAURIENNE ARVAN,9,0.0
ST MICHEL VALLOIRE,ST JEAN DE MAURIENNE ARVAN,10,0.0
ST MICHEL VALLOIRE,ST JEAN DE MAURIENNE ARVAN,11,0.0
ST MICHEL VALLOIRE,ST JEAN DE MAURIENNE ARVAN,12,0.0
ST MICHEL VALLOIRE,ST JEAN DE MAURIENNE ARVAN,13,0.0
ST MICHEL VALLOIRE,ST JEAN DE MAURIENNE ARVAN,14,0.0
ST MICHEL VALLOIRE,ST JEAN DE MAURIENNE ARVAN,15,0.0
ST MICHEL VALLOIRE,ST JEAN DE MAURIENNE ARVAN,16,0.0
ST MICHEL VALLOIRE,ST JEAN DE MAURIENNE ARVAN,17,0.0
ST MICHEL VALLOIRE,ST JEAN DE MAURIENNE ARVAN,18,0.0
ST MICHEL VALLOIRE,ST JEAN DE MAURIENNE ARVAN,19,0.0
ST MICHEL VALLOIRE,ST JEAN DE MAURIENNE ARVAN,20,0.0
ST MICHEL VALLOIRE,ST JEAN DE MAURIENNE ARVAN,21,0.0
ST MICHEL VALLOIRE,ST JEAN DE MAURIENNE ARVAN,22,0.0
ST MICHEL VALLOIRE,ST JEAN DE MAURIENNE ARVAN,23,0.0
ST MICHEL VALLOIRE,ST JEAN DE MAURIENNE ARVAN,24,0.0
ST MICHEL VALLOIRE,ST JEAN DE MAURIENNE ARVAN,25,0.0
ST MICHEL VALLOIRE,ST JEAN DE MAURIENNE ARVAN,26,0.0
ST MICHEL VALLOIRE,ST JEAN DE MAURIENNE ARVAN,27,0.0
ST MICHEL VALLOIRE,ST JEAN DE MAURIENNE ARVAN,28,0.0
ST MICHEL VALLOIRE,ST JEAN DE MAURIENNE ARVAN,29,0.0
ST MICHEL VALLOIRE,ST JEAN DE MAURIENNE ARVAN,30,0.0
ST MICHEL VALLOIRE,TGV HAUTE PICARDIE,0,0.0
ST MICHEL VALLOIRE,TGV HAUTE PICARDIE,1,0.0
ST MICHEL VALLOIRE,TGV HAUTE PICARDIE,2,0.0
ST MICHEL VALLOIRE,TGV HAUTE PICARDIE,3,0.0
ST MICHEL VALLOIRE,TGV HAUTE PICARDIE,4,0.0
ST MICHEL VALLOIRE,TGV HAUTE PICARDIE,5,0.0
ST MICHEL VALLOIRE,TGV HAUTE PICARDIE,6,0.0
ST MICHEL VALLOIRE,TGV HAUTE PICARDIE,7,0.0
ST MICHEL VALLOIRE,TGV HAUTE PICARDIE,8,0.0
ST MICHEL VALLOIRE,TGV HAUTE PICARDIE,9,0.0
ST MICHEL VALLOIRE,TGV HAUTE PICARDIE,10,0.0
ST MICHEL VALLOIRE,TGV HAUTE PICARDIE,11,0.0
ST MICHEL VALLOIRE,TGV HAUTE PICARDIE,12,0.0
ST MICHEL VALLOIRE,TGV HAUTE PICARDIE,13,0.0
ST MICHEL VALLOIRE,TGV HAUTE PICARDIE,14,0.0
ST MICHEL VALLOIRE,TGV HAUTE PICARDIE,15,0.0
ST MICHEL VALLOIRE,TGV HAUTE PICARDIE,16,0.0
ST MICHEL VALLOIRE,TGV HAUTE PICARDIE,17,0.0
ST MICHEL VALLOIRE,TGV HAUTE PICARDIE,18,0.0
ST MICHEL VALLOIRE,TGV HAUTE PICARDIE,19,0.0
ST MICHEL VALLOIRE,TGV HAUTE PICARDIE,20,0.0
ST MICHEL VALLOIRE,TGV HAUTE PICARDIE,21,0.0
ST MICHEL VALLOIRE,TGV HAUTE PICARDIE,22,0.0
ST MICHEL VALLOIRE,TGV HAUTE PICARDIE,23,0.0
ST MICHEL VALLOIRE,TGV HAUTE PICARDIE,24,0.0
ST MICHEL VALLOIRE,TGV HAUTE PICARDIE,25,0.0
ST MICHEL VALLOIRE,TGV HAUTE PICARDIE,26,0.0
ST MICHEL VALLOIRE,TGV HAUTE PICARDIE,27,0.0
ST MICHEL VALLOIRE,TGV HAUTE PICARDIE,28,0.0
ST MICHEL VALLOIRE,TGV HAUTE PICARDIE,29,0.0
ST MICHEL VALLOIRE,TGV HAUTE PICARDIE,30,0.0
TGV HAUTE PICARDIE,ARRAS,0,0.9729508196721313
TGV HAUTE PICARDIE,ARRAS,1,0.9691256830601093
TGV HAUTE PICARDIE,ARRAS,2,0.966120218579235
TGV HAUTE PICARDIE,ARRAS,3,0.9580601092896174
TGV HAUTE PICARDIE,ARRAS,4,0.9083333333333333
TGV HAUTE PICARDIE,ARRAS,5,0.8807377049180328
TGV HAUTE PICARDIE,ARRAS,6,0.8710382513661202
TGV HAUTE PICARDIE,ARRAS,7,0.8460382513661202
TGV HAUTE PICARDIE,ARRAS,8,0.8199453551912569
TGV HAUTE PICARDIE,ARRAS,9,0.7922131147540983
TGV HAUTE PICARDIE,ARRAS,10,0.7476775956284153
TGV HAUTE PICARDIE,ARRAS,11,0.7197260273972602
TGV HAUTE PICARDIE,ARRAS,12,0.459041095890411
TGV HAUTE PICARDIE,ARRAS,13,0.4474043715846995
TGV HAUTE PICARDIE,ARRAS,14,0.44342465753424654
TGV HAUTE PICARDIE,ARRAS,15,0.44315068493150683
TGV HAUTE PICARDIE,ARRAS,16,0.42424657534246574
TGV HAUTE PICARDIE,ARRAS,17,0.41479452054794524
TGV HAUTE PICARDIE,ARRAS,18,0.40865384615384615
TGV HAUTE PICARDIE,ARRAS,19,0.4054945054945055
TGV HAUTE PICARDIE,ARRAS,20,0.3957417582417583
TGV HAUTE PICARDIE,ARRAS,21,0.39338842975206617
TGV HAUTE PICARDIE,ARRAS,22,0.38392857142857145
TGV HAUTE PICARDIE,ARRAS,23,0.3776859504132231
TGV HAUTE PICARDIE,ARRAS,24,0.37762430939226516
TGV HAUTE PICARDIE,ARRAS,25,0.371606648199446
TGV HAUTE PICARDIE,ARRAS,26,0.36786703601108034
TGV HAUTE PICARDIE,ARRAS,27,0.35305555555555557
TGV HAUTE PICARDIE,ARRAS,28,0.34805555555555556
TGV HAUTE PICARDIE,ARRAS,29,0.32729805013927576
TGV HAUTE PICARDIE,ARRAS,30,0.04565826330532213
TGV HAUTE PICARDIE,BRUXELLES MIDI,0,0.35000000000000003
TGV HAUTE PICARDIE,BRUXELLES MIDI,1,0.37625482625482626
TGV HAUTE PICARDIE,BRUXELLES MIDI,2,0.3926640926640927
TGV HAUTE PICARDIE,BRUXELLES MIDI,3,0.3861003861003861
TGV HAUTE PICARDIE,BRUXELLES MIDI,4,0.19634615384615384
TGV HAUTE PICARDIE,BRUXELLES MIDI,5,0.18243243243243243
TGV HAUTE PICARDIE,BRUXELLES MIDI,6,0.17519230769230767
TGV HAUTE PICARDIE,BRUXELLES MIDI,7,0.17384615384615384
TGV HAUTE PICARDIE,BRUXELLES MIDI,8,0.16475095785440613
TGV HAUTE PICARDIE,BRUXELLES MIDI,9,0.15766283524904215
TGV HAUTE PICARDIE,BRUXELLES MIDI,10,0.16450381679389314
TGV HAUTE PICARDIE,BRUXELLES MIDI,11,0.1674329501915709
TGV HAUTE PICARDIE,BRUXELLES MIDI,12,0.09693486590038314
TGV HAUTE PICARDIE,BRUXELLES MIDI,13,0.09370229007633588
TGV HAUTE PICARDIE,BRUXELLES MIDI,14,0.08377862595419847
TGV HAUTE PICARDIE,BRUXELLES MIDI,15,0.08555133079847908
TGV HAUTE PICARDIE,BRUXELLES MIDI,16,0.08560606060606062
TGV HAUTE PICARDIE,BRUXELLES MIDI,17,0.08113207547169811
TGV HAUTE PICARDIE,BRUXELLES MIDI,18,0.0778409090909091
TGV HAUTE PICARDIE,BRUXELLES MIDI,19,0.07679245283018868
TGV HAUTE PICARDIE,BRUXELLES MIDI,20,0.0750943396226415
TGV HAUTE PICARDIE,BRUXELLES MIDI,21,0.07253787878787878
TGV HAUTE PICARDIE,BRUXELLES MIDI,22,0.07199248120300751
TGV HAUTE PICARDIE,BRUXELLES MIDI,23,0.07191011235955055
TGV HAUTE PICARDIE,BRUXELLES MIDI,24,0.07134831460674157
TGV HAUTE PICARDIE,BRUXELLES MIDI,25,0.07255639097744361
TGV HAUTE PICARDIE,BRUXELLES MIDI,26,0.07584269662921349
TGV HAUTE PICARDIE,BRUXELLES MIDI,27,0.07865168539325842
TGV HAUTE PICARDIE,BRUXELLES MIDI,28,0.08370786516853933
TGV HAUTE PICARDIE,BRUXELLES MIDI,29,0.08782771535580525
TGV HAUTE PICARDIE,BRUXELLES MIDI,30,0.014794007490636705
TGV HAUTE PICARDIE,DOUAI,0,0.9468181818181818
TGV HAUTE PICARDIE,DOUAI,1,0.9477272727272728
TGV HAUTE PICARDIE,DOUAI,2,0.9441087613293051
TGV HAUTE PICARDIE,DOUAI,3,0.9305135951661632
TGV HAUTE PICARDIE,DOUAI,4,0.8457703927492447
TGV HAUTE PICARDIE,DOUAI,5,0.7957703927492447
TGV HAUTE PICARDIE,DOUAI,6,0.7879518072289158
TGV HAUTE PICARDIE,DOUAI,7,0.7661631419939577
TGV HAUTE PICARDIE,DOUAI,8,0.7408408408408408
TGV HAUTE PICARDIE,DOUAI,9,0.7207831325301205
TGV HAUTE PICARDIE,DOUAI,10,0.7075528700906344
TGV HAUTE PICARDIE,DOUAI,11,0.6871601208459214
TGV HAUTE PICARDIE,DOUAI,12,0.4106382978723404
TGV HAUTE PICARDIE,DOUAI,13,0.3981762917933131
TGV HAUTE PICARDIE,DOUAI,14,0.396048632218845
TGV HAUTE PICARDIE,DOUAI,15,0.3929878048780488
TGV HAUTE PICARDIE,DOUAI,16,0.3763803680981595
TGV HAUTE PICARDIE,DOUAI,17,0.37155963302752293
TGV HAUTE PICARDIE,DOUAI,18,0.37246153846153846
TGV HAUTE PICARDIE,DOUAI,19,0.36574074074074076
TGV HAUTE PICARDIE,DOUAI,20,0.35557275541795663
TGV HAUTE PICARDIE,DOUAI,21,0.36288819875776396
TGV HAUTE PICARDIE,DOUAI,22,0.35950155763239877
TGV HAUTE PICARDIE,DOUAI,23,0.35046728971962615
TGV HAUTE PICARDIE,DOUAI,24,0.3465625
TGV HAUTE PICARDIE,DOUAI,25,0.3431034482758621
TGV HAUTE PICARDIE,DOUAI,26,0.33820754716981133
TGV HAUTE PICARDIE,DOUAI,27,0.32318611987381707
TGV HAUTE PICARDIE,DOUAI,28,0.3285488958990537
TGV HAUTE PICARDIE,DOUAI,29,0.31471518987341773
TGV HAUTE PICARDIE,DOUAI,30,0.041297468354430385
TGV HAUTE PICARDIE,LILLE (intramuros),0,0.9717213114754097
TGV HAUTE PICARDIE,LILLE (intramuros),1,0.9689890710382513
TGV HAUTE PICARDIE,LILLE (intramuros),2,0.9672131147540983
TGV HAUTE PICARDIE,LILLE (intramuros),3,0.9590163934426229
TGV HAUTE PICARDIE,LILLE (intramuros),4,0.9027322404371584
TGV HAUTE PICARDIE,LILLE (intramuros),5,0.8793715846994536
TGV HAUTE PICARDIE,LILLE (intramuros),6,0.8673497267759562
TGV HAUTE PICARDIE,LILLE (intramuros),7,0.841120218579235
TGV HAUTE PICARDIE,LILLE (intramuros),8,0.8125683060109289
TGV HAUTE PICARDIE,LILLE (intramuros),9,0.7901639344262295
TGV HAUTE PICARDIE,LILLE (intramuros),10,0.7471311475409835
TGV HAUTE PICARDIE,LILLE (intramuros),11,0.7153424657534247
TGV HAUTE PICARDIE,LILLE (intramuros),12,0.46095890410958906
TGV HAUTE PICARDIE,LILLE (intramuros),13,0.44959016393442625
TGV HAUTE PICARDIE,LILLE (intramuros),14,0.4457534246575342
TGV HAUTE PICARDIE,LILLE (intramuros),15,0.44164383561643833
TGV HAUTE PICARDIE,LILLE (intramuros),16,0.42424657534246574
TGV HAUTE PICARDIE,LILLE (intramuros),17,0.41657534246575345
TGV HAUTE PICARDIE,LILLE (intramuros),18,0.40837912087912087
TGV HAUTE PICARDIE,LILLE (intramuros),19,0.3993131868131868
TGV HAUTE PICARDIE,LILLE (intramuros),20,0.3942307692307692
TGV HAUTE PICARDIE,LILLE (intramuros),21,0.3924242424242424
TGV HAUTE PICARDIE,LILLE (intramuros),22,0.38392857142857145
TGV HAUTE PICARDIE,LILLE (intramuros),23,0.3790633608815427
TGV HAUTE PICARDIE,LILLE (intramuros),24,0.37596685082872927
TGV HAUTE PICARDIE,LILLE (intramuros),25,0.3702216066481995
TGV HAUTE PICARDIE,LILLE (intramuros),26,0.36343490304709136
TGV HAUTE PICARDIE,LILLE (intramuros),27,0.3541666666666667
TGV HAUTE PICARDIE,LILLE (intramuros),28,0.3486111111111111
TGV HAUTE PICARDIE,LILLE (intramuros),29,0.32966573816155986
TGV HAUTE PICARDIE,LILLE (intramuros),30,0.05126050420168068
VALENCE TGV AUVERGNE RHONE ALPES,AEROPORT ROISSY CDG 2 TGV,0,0.44217032967032965
VALENCE TGV AUVERGNE RHONE ALPES,AEROPORT ROISSY CDG 2 TGV,1,0.4684065934065934
VALENCE TGV AUVERGNE RHONE ALPES,AEROPORT ROISSY CDG 2 TGV,2,0.4793956043956044
VALENCE TGV AUVERGNE RHONE ALPES,AEROPORT ROISSY CDG 2 TGV,3,0.45879120879120877
VALENCE TGV AUVERGNE RHONE ALPES,AEROPORT ROISSY CDG 2 TGV,4,0.2940934065934066
VALENCE TGV AUVERGNE RHONE ALPES,AEROPORT ROISSY CDG 2 TGV,5,0.27472527472527475
VALENCE TGV AUVERGNE RHONE ALPES,AEROPORT ROISSY CDG 2 TGV,6,0.2642857142857143
VALENCE TGV AUVERGNE RHONE ALPES,AEROPORT ROISSY CDG 2 TGV,7,0.25920329670329667
VALENCE TGV AUVERGNE RHONE ALPES,AEROPORT ROISSY CDG 2 TGV,8,0.2508241758241758
VALENCE TGV AUVERGNE RHONE ALPES,AEROPORT ROISSY CDG 2 TGV,9,0.26085164835164837
VALENCE TGV AUVERGNE RHONE ALPES,AEROPORT ROISSY CDG 2 TGV,10,0.265521978021978
VALENCE TGV AUVERGNE RHONE ALPES,AEROPORT ROISSY CDG 2 TGV,11,0.27953296703296704
VALENCE TGV AUVERGNE RHONE ALPES,AEROPORT ROISSY CDG 2 TGV,12,0.09271978021978022
VALENCE TGV AUVERGNE RHONE ALPES,AEROPORT ROISSY CDG 2 TGV,13,0.09395604395604397
VALENCE TGV AUVERGNE RHONE ALPES,AEROPORT ROISSY CDG 2 TGV,14,0.09436813186813187
VALENCE TGV AUVERGNE RHONE ALPES,AEROPORT ROISSY CDG 2 TGV,15,0.09725274725274725
VALENCE TGV AUVERGNE RHONE ALPES,AEROPORT ROISSY CDG 2 TGV,16,0.09903846153846153
VALENCE TGV AUVERGNE RHONE ALPES,AEROPORT ROISSY CDG 2 TGV,17,0.09862637362637362
VALENCE TGV AUVERGNE RHONE ALPES,AEROPORT ROISSY CDG 2 TGV,18,0.09931318681318681
VALENCE TGV AUVERGNE RHONE ALPES,AEROPORT ROISSY CDG 2 TGV,19,0.10370879120879122
VALENCE TGV AUVERGNE RHONE ALPES,AEROPORT ROISSY CDG 2 TGV,20,0.10741758241758242
VALENCE TGV AUVERGNE RHONE ALPES,AEROPORT ROISSY CDG 2 TGV,21,0.11373626373626373
VALENCE TGV AUVERGNE RHONE ALPES,AEROPORT ROISSY CDG 2 TGV,22,0.12032967032967032
VALENCE TGV AUVERGNE RHONE ALPES,AEROPORT ROISSY CDG 2 TGV,23,0.13186813186813187
VALENCE TGV AUVERGNE RHONE ALPES,AEROPORT ROISSY CDG 2 TGV,24,0.1385989010989011
VALENCE TGV AUVERGNE RHONE ALPES,AEROPORT ROISSY CDG 2 TGV,25,0.1396978021978022
VALENCE TGV AUVERGNE RHONE ALPES,AEROPORT ROISSY CDG 2 TGV,26,0.14601648351648353
VALENCE TGV AUVERGNE RHONE ALPES,AEROPORT ROISSY CDG 2 TGV,27,0.15467032967032968
VALENCE TGV AUVERGNE RHONE ALPES,AEROPORT ROISSY CDG 2 TGV,28,0.15673076923076923
VALENCE TGV AUVERGNE RHONE ALPES,AEROPORT ROISSY CDG 2 TGV,29,0.1565934065934066
VALENCE TGV AUVERGNE RHONE ALPES,AEROPORT ROISSY CDG 2 TGV,30,0.029834254143646412
VALENCE TGV AUVERGNE RHONE ALPES,ARRAS,0,0.27418879056047196
VALENCE TGV AUVERGNE RHONE ALPES,ARRAS,1,0.2785294117647059
VALENCE TGV AUVERGNE RHONE ALPES,ARRAS,2,0.2836764705882353
VALENCE TGV AUVERGNE RHONE ALPES,ARRAS,3,0.27338235294117647
VALENCE TGV AUVERGNE RHONE ALPES,ARRAS,4,0.15308823529411764
VALENCE TGV AUVERGNE RHONE ALPES,ARRAS,5,0.13720588235294118
VALENCE TGV AUVERGNE RHONE ALPES,ARRAS,6,0.14161764705882351
VALENCE TGV AUVERGNE RHONE ALPES,ARRAS,7,0.12955882352941175
VALENCE TGV AUVERGNE RHONE ALPES,ARRAS,8,0.12991202346041056
VALENCE TGV AUVERGNE RHONE ALPES,ARRAS,9,0.13299120234604106
VALENCE TGV AUVERGNE RHONE ALPES,ARRAS,10,0.11964809384164223
VALENCE TGV AUVERGNE RHONE ALPES,ARRAS,11,0.13176470588235292
VALENCE TGV AUVERGNE RHONE ALPES,ARRAS,12,0.03308823529411765
VALENCE TGV AUVERGNE RHONE ALPES,ARRAS,13,0.03313782991202346
VALENCE TGV AUVERGNE RHONE ALPES,ARRAS,14,0.03328445747800587
VALENCE TGV AUVERGNE RHONE ALPES,ARRAS,15,0.03494152046783625
VALENCE TGV AUVERGNE RHONE ALPES,ARRAS,16,0.037719298245614034
VALENCE TGV AUVERGNE RHONE ALPES,ARRAS,17,0.038011695906432746
VALENCE TGV AUVERGNE RHONE ALPES,ARRAS,18,0.03856304985337244
VALENCE TGV AUVERGNE RHONE ALPES,ARRAS,19,0.03888888888888889
VALENCE TGV AUVERGNE RHONE ALPES,ARRAS,20,0.04256559766763848
VALENCE TGV AUVERGNE RHONE ALPES,ARRAS,21,0.04635568513119533
VALENCE TGV AUVERGNE RHONE ALPES,ARRAS,22,0.04869565217391304
VALENCE TGV AUVERGNE RHONE ALPES,ARRAS,23,0.0505813953488372
VALENCE TGV AUVERGNE RHONE ALPES,ARRAS,24,0.054373177842565595
VALENCE TGV AUVERGNE RHONE ALPES,ARRAS,25,0.051900584795321635
VALENCE TGV AUVERGNE RHONE ALPES,ARRAS,26,0.056851311953352766
VALENCE TGV AUVERGNE RHONE ALPES,ARRAS,27,0.06530612244897958
VALENCE TGV AUVERGNE RHONE ALPES,ARRAS,28,0.06559766763848396
VALENCE TGV AUVERGNE RHONE ALPES,ARRAS,29,0.06384839650145772
VALENCE TGV AUVERGNE RHONE ALPES,ARRAS,30,0.009941520467836256
VALENCE TGV AUVERGNE RHONE ALPES,BRUXELLES MIDI,0,0.16246537396121882
VALENCE TGV AUVERGNE RHONE ALPES,BRUXELLES MIDI,1,0.15512465373961218
VALENCE TGV AUVERGNE RHONE ALPES,BRUXELLES MIDI,2,0.15318559556786704
VALENCE TGV AUVERGNE RHONE ALPES,BRUXELLES MIDI,3,0.1458448753462604
VALENCE TGV AUVERGNE RHONE ALPES,BRUXELLES MIDI,4,0.062188365650969524
VALENCE TGV AUVERGNE RHONE ALPES,BRUXELLES MIDI,5,0.054709141274238225
VALENCE TGV AUVERGNE RHONE ALPES,BRUXELLES MIDI,6,0.05346260387811635
VALENCE TGV AUVERGNE RHONE ALPES,BRUXELLES MIDI,7,0.051523545706371195
VALENCE TGV AUVERGNE RHONE ALPES,BRUXELLES MIDI,8,0.045706371191135735
VALENCE TGV AUVERGNE RHONE ALPES,BRUXELLES MIDI,9,0.041689750692520774
VALENCE TGV AUVERGNE RHONE ALPES,BRUXELLES MIDI,10,0.0407202216066482
VALENCE TGV AUVERGNE RHONE ALPES,BRUXELLES MIDI,11,0.04459833795013851
VALENCE TGV AUVERGNE RHONE ALPES,BRUXELLES MIDI,12,0.0034626038781163434
VALENCE TGV AUVERGNE RHONE ALPES,BRUXELLES MIDI,13,0.0018005540166204986
VALENCE TGV AUVERGNE RHONE ALPES,BRUXELLES MIDI,14,0.0009695290858725763
VALENCE TGV AUVERGNE RHONE ALPES,BRUXELLES MIDI,15,0.0009695290858725763
VALENCE TGV AUVERGNE RHONE ALPES,BRUXELLES MIDI,16,0.0027624309392265192
VALENCE TGV AUVERGNE RHONE ALPES,BRUXELLES MIDI,17,0.0029005524861878454
VALENCE TGV AUVERGNE RHONE ALPES,BRUXELLES MIDI,18,0.0031767955801104975
VALENCE TGV AUVERGNE RHONE ALPES,BRUXELLES MIDI,19,0.003453038674033149
VALENCE TGV AUVERGNE RHONE ALPES,BRUXELLES MIDI,20,0.0037292817679558015
VALENCE TGV AUVERGNE RHONE ALPES,BRUXELLES MIDI,21,0.0033149171270718237
VALENCE TGV AUVERGNE RHONE ALPES,BRUXELLES MIDI,22,0.005662983425414364
VALENCE TGV AUVERGNE RHONE ALPES,BRUXELLES MIDI,23,0.006353591160220994
VALENCE TGV AUVERGNE RHONE ALPES,BRUXELLES MIDI,24,0.006353591160220995
VALENCE TGV AUVERGNE RHONE ALPES,BRUXELLES MIDI,25,0.009530386740331492
VALENCE TGV AUVERGNE RHONE ALPES,BRUXELLES MIDI,26,0.013950276243093923
VALENCE TGV AUVERGNE RHONE ALPES,BRUXELLES MIDI,27,0.017127071823204422
VALENCE TGV AUVERGNE RHONE ALPES,BRUXELLES MIDI,28,0.01947513812154696
VALENCE TGV AUVERGNE RHONE ALPES,BRUXELLES MIDI,29,0.01947513812154696
VALENCE TGV AUVERGNE RHONE ALPES,BRUXELLES MIDI,30,0.0038888888888888888
VALENCE TGV AUVERGNE RHONE ALPES,LILLE (intramuros),0,0.42376373626373626
VALENCE TGV AUVERGNE RHONE ALPES,LILLE (intramuros),1,0.44065934065934065
VALENCE TGV AUVERGNE RHONE ALPES,LILLE (intramuros),2,0.4679945054945055
VALENCE TGV AUVERGNE RHONE ALPES,LILLE (intramuros),3,0.4646978021978022
VALENCE TGV AUVERGNE RHONE ALPES,LILLE (intramuros),4,0.30508241758241755
VALENCE TGV AUVERGNE RHONE ALPES,LILLE (intramuros),5,0.28983516483516486
VALENCE TGV AUVERGNE RHONE ALPES,LILLE (intramuros),6,0.27321428571428574
VALENCE TGV AUVERGNE RHONE ALPES,LILLE (intramuros),7,0.25810439560439563
VALENCE TGV AUVERGNE RHONE ALPES,LILLE (intramuros),8,0.24024725274725275
VALENCE TGV AUVERGNE RHONE ALPES,LILLE (intramuros),9,0.26043956043956046
VALENCE TGV AUVERGNE RHONE ALPES,LILLE (intramuros),10,0.2603021978021978
VALENCE TGV AUVERGNE RHONE ALPES,LILLE (intramuros),11,0.2688186813186813
VALENCE TGV AUVERGNE RHONE ALPES,LILLE (intramuros),12,0.07843406593406593
VALENCE TGV AUVERGNE RHONE ALPES,LILLE (intramuros),13,0.08173076923076923
VALENCE TGV AUVERGNE RHONE ALPES,LILLE (intramuros),14,0.08750000000000001
VALENCE TGV AUVERGNE RHONE ALPES,LILLE (intramuros),15,0.09464285714285715
VALENCE TGV AUVERGNE RHONE ALPES,LILLE (intramuros),16,0.09615384615384616
VALENCE TGV AUVERGNE RHONE ALPES,LILLE (intramuros),17,0.09862637362637362
VALENCE TGV AUVERGNE RHONE ALPES,LILLE (intramuros),18,0.1004120879120879
VALENCE TGV AUVERGNE RHONE ALPES,LILLE (intramuros),19,0.10425824175824176
VALENCE TGV AUVERGNE RHONE ALPES,LILLE (intramuros),20,0.1076923076923077
VALENCE TGV AUVERGNE RHONE ALPES,LILLE (intramuros),21,0.1142857142857143
VALENCE TGV AUVERGNE RHONE ALPES,LILLE (intramuros),22,0.12197802197802197
VALENCE TGV AUVERGNE RHONE ALPES,LILLE (intramuros),23,0.13241758241758242
VALENCE TGV AUVERGNE RHONE ALPES,LILLE (intramuros),24,0.13791208791208792
VALENCE TGV AUVERGNE RHONE ALPES,LILLE (intramuros),25,0.14175824175824175
VALENCE TGV AUVERGNE RHONE ALPES,LILLE (intramuros),26,0.14656593406593407
VALENCE TGV AUVERGNE RHONE ALPES,LILLE (intramuros),27,0.151510989010989
VALENCE TGV AUVERGNE RHONE ALPES,LILLE (intramuros),28,0.1548076923076923
VALENCE TGV AUVERGNE RHONE ALPES,LILLE (intramuros),29,0.16332417582417583
VALENCE TGV AUVERGNE RHONE ALPES,LILLE (intramuros),30,0.025414364640883976
VALENCE TGV AUVERGNE RHONE ALPES,LYON (intramuros),0,0.6384615384615385
VALENCE TGV AUVERGNE RHONE ALPES,LYON (intramuros),1,0.6454670329670329
VALENCE TGV AUVERGNE RHONE ALPES,LYON (intramuros),2,0.6548076923076923
VALENCE TGV AUVERGNE RHONE ALPES,LYON (intramuros),3,0.6381868131868133
VALENCE TGV AUVERGNE RHONE ALPES,LYON (intramuros),4,0.43049450549450546
VALENCE TGV AUVERGNE RHONE ALPES,LYON (intramuros),5,0.40343406593406594
VALENCE TGV AUVERGNE RHONE ALPES,LYON (intramuros),6,0.38063186813186817
VALENCE TGV AUVERGNE RHONE ALPES,LYON (intramuros),7,0.36085164835164835
VALENCE TGV AUVERGNE RHONE ALPES,LYON (intramuros),8,0.34464285714285714
VALENCE TGV AUVERGNE RHONE ALPES,LYON (intramuros),9,0.3460164835164835
VALENCE TGV AUVERGNE RHONE ALPES,LYON (intramuros),10,0.34354395604395604
VALENCE TGV AUVERGNE RHONE ALPES,LYON (intramuros),11,0.3445054945054945
VALENCE TGV AUVERGNE RHONE ALPES,LYON (intramuros),12,0.21593406593406592
VALENCE TGV AUVERGNE RHONE ALPES,LYON (intramuros),13,0.21346153846153848
VALENCE TGV AUVERGNE RHONE ALPES,LYON (intramuros),14,0.21524725274725273
VALENCE TGV AUVERGNE RHONE ALPES,LYON (intramuros),15,0.2208791208791209
VALENCE TGV AUVERGNE RHONE ALPES,LYON (intramuros),16,0.22747252747252747
VALENCE TGV AUVERGNE RHONE ALPES,LYON (intramuros),17,0.2282967032967033
VALENCE TGV AUVERGNE RHONE ALPES,LYON (intramuros),18,0.23104395604395603
VALENCE TGV AUVERGNE RHONE ALPES,LYON (intramuros),19,0.23214285714285715
VALENCE TGV AUVERGNE RHONE ALPES,LYON (intramuros),20,0.23763736263736263
VALENCE TGV AUVERGNE RHONE ALPES,LYON (intramuros),21,0.2381868131868132
VALENCE TGV AUVERGNE RHONE ALPES,LYON (intramuros),22,0.24546703296703296
VALENCE TGV AUVERGNE RHONE ALPES,LYON (intramuros),23,0.24917582417582418
VALENCE TGV AUVERGNE RHONE ALPES,LYON (intramuros),24,0.24656593406593408
VALENCE TGV AUVERGNE RHONE ALPES,LYON (intramuros),25,0.24903846153846154
VALENCE TGV AUVERGNE RHONE ALPES,LYON (intramuros),26,0.2534340659340659
VALENCE TGV AUVERGNE RHONE ALPES,LYON (intramuros),27,0.2614010989010989
VALENCE TGV AUVERGNE RHONE ALPES,LYON (intramuros),28,0.2730769230769231
VALENCE TGV AUVERGNE RHONE ALPES,LYON (intramuros),29,0.2681318681318681
VALENCE TGV AUVERGNE RHONE ALPES,LYON (intramuros),30,0.04046961325966851
VALENCE TGV AUVERGNE RHONE ALPES,MARNE LA VALLEE CHESSY,0,0.43914835164835164
VALENCE TGV AUVERGNE RHONE ALPES,MARNE LA VALLEE CHESSY,1,0.4641483516483516
VALENCE TGV AUVERGNE RHONE ALPES,MARNE LA VALLEE CHESSY,2,0.4798076923076923
VALENCE TGV AUVERGNE RHONE ALPES,MARNE LA VALLEE CHESSY,3,0.4611263736263736
VALENCE TGV AUVERGNE RHONE ALPES,MARNE LA VALLEE CHESSY,4,0.28997252747252744
VALENCE TGV AUVERGNE RHONE ALPES,MARNE LA VALLEE CHESSY,5,0.2728021978021978
VALENCE TGV AUVERGNE RHONE ALPES,MARNE LA VALLEE CHESSY,6,0.2688186813186813
VALENCE TGV AUVERGNE RHONE ALPES,MARNE LA VALLEE CHESSY,7,0.2619505494505494
VALENCE TGV AUVERGNE RHONE ALPES,MARNE LA VALLEE CHESSY,8,0.25206043956043955
VALENCE TGV AUVERGNE RHONE ALPES,MARNE LA VALLEE CHESSY,9,0.26085164835164837
VALENCE TGV AUVERGNE RHONE ALPES,MARNE LA VALLEE CHESSY,10,0.2666208791208791
VALENCE TGV AUVERGNE RHONE ALPES,MARNE LA VALLEE CHESSY,11,0.27815934065934067
VALENCE TGV AUVERGNE RHONE ALPES,MARNE LA VALLEE CHESSY,12,0.09285714285714285
VALENCE TGV AUVERGNE RHONE ALPES,MARNE LA VALLEE CHESSY,13,0.09258241758241759
VALENCE TGV AUVERGNE RHONE ALPES,MARNE LA VALLEE CHESSY,14,0.09532967032967034
VALENCE TGV AUVERGNE RHONE ALPES,MARNE LA VALLEE CHESSY,15,0.09766483516483515
VALENCE TGV AUVERGNE RHONE ALPES,MARNE LA VALLEE CHESSY,16,0.0989010989010989
VALENCE TGV AUVERGNE RHONE ALPES,MARNE LA VALLEE CHESSY,17,0.09958791208791208
VALENCE TGV AUVERGNE RHONE ALPES,MARNE LA VALLEE CHESSY,18,0.10151098901098903
VALENCE TGV AUVERGNE RHONE ALPES,MARNE LA VALLEE CHESSY,19,0.10357142857142858
VALENCE TGV AUVERGNE RHONE ALPES,MARNE LA VALLEE CHESSY,20,0.10659340659340659
VALENCE TGV AUVERGNE RHONE ALPES,MARNE LA VALLEE CHESSY,21,0.11373626373626373
VALENCE TGV AUVERGNE RHONE ALPES,MARNE LA VALLEE CHESSY,22,0.12074175824175824
VALENCE TGV AUVERGNE RHONE ALPES,MARNE LA VALLEE CHESSY,23,0.1311813186813187
VALENCE TGV AUVERGNE RHONE ALPES,MARNE LA VALLEE CHESSY,24,0.13818681318681317
VALENCE TGV AUVERGNE RHONE ALPES,MARNE LA VALLEE CHESSY,25,0.1392857142857143
VALENCE TGV AUVERGNE RHONE ALPES,MARNE LA VALLEE CHESSY,26,0.1447802197802198
VALENCE TGV AUVERGNE RHONE ALPES,MARNE LA VALLEE CHESSY,27,0.1526098901098901
VALENCE TGV AUVERGNE RHONE ALPES,MARNE LA VALLEE CHESSY,28,0.15494505494505495
VALENCE TGV AUVERGNE RHONE ALPES,MARNE LA VALLEE CHESSY,29,0.15934065934065933
VALENCE TGV AUVERGNE RHONE ALPES,MARNE LA VALLEE CHESSY,30,0.027624309392265192
VALENCE TGV AUVERGNE RHONE ALPES,TGV HAUTE PICARDIE,0,0.2718289085545723
VALENCE TGV AUVERGNE RHONE ALPES,TGV HAUTE PICARDIE,1,0.27602941176470586
VALENCE TGV AUVERGNE RHONE ALPES,TGV HAUTE PICARDIE,2,0.2786764705882353
VALENCE TGV AUVERGNE RHONE ALPES,TGV HAUTE PICARDIE,3,0.2725
VALENCE TGV AUVERGNE RHONE ALPES,TGV HAUTE PICARDIE,4,0.1563235294117647
VALENCE TGV AUVERGNE RHONE ALPES,TGV HAUTE PICARDIE,5,0.13352941176470587
VALENCE TGV AUVERGNE RHONE ALPES,TGV HAUTE PICARDIE,6,0.1376470588235294
VALENCE TGV AUVERGNE RHONE ALPES,TGV HAUTE PICARDIE,7,0.12926470588235295
VALENCE TGV AUVERGNE RHONE ALPES,TGV HAUTE PICARDIE,8,0.12653958944281524
VALENCE TGV AUVERGNE RHONE ALPES,TGV HAUTE PICARDIE,9,0.1312316715542522
VALENCE TGV AUVERGNE RHONE ALPES,TGV HAUTE PICARDIE,10,0.11700879765395894
VALENCE TGV AUVERGNE RHONE ALPES,TGV HAUTE PICARDIE,11,0.1311764705882353
VALENCE TGV AUVERGNE RHONE ALPES,TGV HAUTE PICARDIE,12,0.0325
VALENCE TGV AUVERGNE RHONE ALPES,TGV HAUTE PICARDIE,13,0.033577712609970674
VALENCE TGV AUVERGNE RHONE ALPES,TGV HAUTE PICARDIE,14,0.03401759530791789
VALENCE TGV AUVERGNE RHONE ALPES,TGV HAUTE PICARDIE,15,0.03523391812865497
VALENCE TGV AUVERGNE RHONE ALPES,TGV HAUTE PICARDIE,16,0.037573099415204675
VALENCE TGV AUVERGNE RHONE ALPES,TGV HAUTE PICARDIE,17,0.038157894736842106
VALENCE TGV AUVERGNE RHONE ALPES,TGV HAUTE PICARDIE,18,0.038709677419354833
VALENCE TGV AUVERGNE RHONE ALPES,TGV HAUTE PICARDIE,19,0.03888888888888889
VALENCE TGV AUVERGNE RHONE ALPES,TGV HAUTE PICARDIE,20,0.0424198250728863
VALENCE TGV AUVERGNE RHONE ALPES,TGV HAUTE PICARDIE,21,0.04591836734693878
VALENCE TGV AUVERGNE RHONE ALPES,TGV HAUTE PICARDIE,22,0.049130434782608694
VALENCE TGV AUVERGNE RHONE ALPES,TGV HAUTE PICARDIE,23,0.0501453488372093
VALENCE TGV AUVERGNE RHONE ALPES,TGV HAUTE PICARDIE,24,0.05481049562682216
VALENCE TGV AUVERGNE RHONE ALPES,TGV HAUTE PICARDIE,25,0.051900584795321635
VALENCE TGV AUVERGNE RHONE ALPES,TGV HAUTE PICARDIE,26,0.056268221574344024
VALENCE TGV AUVERGNE RHONE ALPES,TGV HAUTE PICARDIE,27,0.06282798833819242
VALENCE TGV AUVERGNE RHONE ALPES,TGV HAUTE PICARDIE,28,0.06618075801749271
VALENCE TGV AUVERGNE RHONE ALPES,TGV HAUTE PICARDIE,29,0.06253644314868805
VALENCE TGV AUVERGNE RHONE ALPES,TGV HAUTE PICARDIE,30,0.013011695906432749
VALENCE VILLE,AEROPORT ROISSY CDG 2 TGV,0,0.1
VALENCE VILLE,AEROPORT ROISSY CDG 2 TGV,4,0.05
VALENCE VILLE,AEROPORT ROISSY CDG 2 TGV,5,0.05
VALENCE VILLE,AEROPORT ROISSY CDG 2 TGV,6,0.0
VALENCE VILLE,AEROPORT ROISSY CDG 2 TGV,7,0.0
VALENCE VILLE,LILLE (intramuros),0,0.15
VALENCE VILLE,LILLE (intramuros),4,0.0
VALENCE VILLE,LILLE (intramuros),5,0.0
VALENCE VILLE,LILLE (intramuros),6,0.0
VALENCE VILLE,LILLE (intramuros),7,0.05
VALENCE VILLE,LYON (intramuros),0,0.15
VALENCE VILLE,LYON (intramuros),4,0.0
VALENCE VILLE,LYON (intramuros),5,0.0
VALENCE VILLE,LYON (intramuros),6,0.0
VALENCE VILLE,LYON (intramuros),7,0.0
VALENCE VILLE,MARNE LA VALLEE CHESSY,0,0.0
VALENCE VILLE,MARNE LA VALLEE CHESSY,4,0.0
VALENCE VILLE,MARNE LA VALLEE CHESSY,5,0.0
VALENCE VILLE,MARNE LA VALLEE CHESSY,6,0.0
VALENCE VILLE,MARNE LA VALLEE CHESSY,7,0.0
