origine,destination,delta_days,proba_open
AIME LA PLAGNE,ALBERTVILLE,0,0.7777777777777778
AIME LA PLAGNE,ALBERTVILLE,1,0.7722222222222223
AIME LA PLAGNE,ALBERTVILLE,2,0.7777777777777778
AIME LA PLAGNE,ALBERTVILLE,3,0.7722222222222223
AIME LA PLAGNE,ALBERTVILLE,4,0.5611111111111111
AIME LA PLAGNE,ALBERTVILLE,5,0.5611111111111111
AIME LA PLAGNE,ALBERTVILLE,6,0.5555555555555556
AIME LA PLAGNE,ALBERTVILLE,7,0.5555555555555556
AIME LA PLAGNE,ALBERTVILLE,8,0.55
AIME LA PLAGNE,ALBERTVILLE,9,0.55
AIME LA PLAGNE,ALBERTVILLE,10,0.55
AIME LA PLAGNE,ALBERTVILLE,11,0.55
AIME LA PLAGNE,ALBERTVILLE,12,0.4444444444444444
AIME LA PLAGNE,ALBERTVILLE,13,0.44999999999999996
AIME LA PLAGNE,ALBERTVILLE,14,0.4166666666666667
AIME LA PLAGNE,ALBERTVILLE,15,0.3611111111111111
AIME LA PLAGNE,ALBERTVILLE,16,0.4444444444444444
AIME LA PLAGNE,ALBERTVILLE,17,0.43333333333333335
AIME LA PLAGNE,ALBERTVILLE,18,0.44999999999999996
AIME LA PLAGNE,ALBERTVILLE,19,0.4555555555555555
AIME LA PLAGNE,ALBERTVILLE,20,0.4444444444444444
AIME LA PLAGNE,ALBERTVILLE,21,0.4444444444444444
AIME LA PLAGNE,ALBERTVILLE,22,0.4444444444444444
AIME LA PLAGNE,ALBERTVILLE,23,0.4444444444444444
AIME LA PLAGNE,ALBERTVILLE,24,0.33888888888888885
AIME LA PLAGNE,ALBERTVILLE,25,0.33888888888888885
AIME LA PLAGNE,ALBERTVILLE,26,0.33888888888888885
AIME LA PLAGNE,ALBERTVILLE,27,0.33888888888888885
AIME LA PLAGNE,ALBERTVILLE,28,0.29444444444444445
AIME LA PLAGNE,ALBERTVILLE,29,0.17777777777777778
AIME LA PLAGNE,ALBERTVILLE,30,0.03333333333333334
AIME LA PLAGNE,ANGERS SAINT LAUD,0,0.7555555555555555
AIME LA PLAGNE,ANGERS SAINT LAUD,1,0.6722222222222222
AIME LA PLAGNE,ANGERS SAINT LAUD,2,0.6666666666666666
AIME LA PLAGNE,ANGERS SAINT LAUD,3,0.6555555555555556
AIME LA PLAGNE,ANGERS SAINT LAUD,4,0.46111111111111114
AIME LA PLAGNE,ANGERS SAINT LAUD,5,0.4444444444444444
AIME LA PLAGNE,ANGERS SAINT LAUD,6,0.4444444444444444
AIME LA PLAGNE,ANGERS SAINT LAUD,7,0.4444444444444444
AIME LA PLAGNE,ANGERS SAINT LAUD,8,0.4388888888888889
AIME LA PLAGNE,ANGERS SAINT LAUD,9,0.44999999999999996
AIME LA PLAGNE,ANGERS SAINT LAUD,10,0.44999999999999996
AIME LA PLAGNE,ANGERS SAINT LAUD,11,0.4444444444444444
AIME LA PLAGNE,ANGERS SAINT LAUD,12,0.3222222222222222
AIME LA PLAGNE,ANGERS SAINT LAUD,13,0.3111111111111111
AIME LA PLAGNE,ANGERS SAINT LAUD,14,0.23888888888888887
AIME LA PLAGNE,ANGERS SAINT LAUD,15,0.23888888888888887
AIME LA PLAGNE,ANGERS SAINT LAUD,16,0.30000000000000004
AIME LA PLAGNE,ANGERS SAINT LAUD,17,0.21666666666666667
AIME LA PLAGNE,ANGERS SAINT LAUD,18,0.1388888888888889
AIME LA PLAGNE,ANGERS SAINT LAUD,19,0.27222222222222225
AIME LA PLAGNE,ANGERS SAINT LAUD,20,0.2833333333333333
AIME LA PLAGNE,ANGERS SAINT LAUD,21,0.25
AIME LA PLAGNE,ANGERS SAINT LAUD,22,0.3222222222222222
AIME LA PLAGNE,ANGERS SAINT LAUD,23,0.33888888888888885
AIME LA PLAGNE,ANGERS SAINT LAUD,24,0.27222222222222225
AIME LA PLAGNE,ANGERS SAINT LAUD,25,0.12777777777777777
AIME LA PLAGNE,ANGERS SAINT LAUD,26,0.13333333333333333
AIME LA PLAGNE,ANGERS SAINT LAUD,27,0.21666666666666667
AIME LA PLAGNE,ANGERS SAINT LAUD,28,0.2777777777777778
AIME LA PLAGNE,ANGERS SAINT LAUD,29,0.15000000000000002
AIME LA PLAGNE,ANGERS SAINT LAUD,30,0.022222222222222223
AIME LA PLAGNE,CHAMBERY CHALLES LES EAUX,0,0.7722222222222223
AIME LA PLAGNE,CHAMBERY CHALLES LES EAUX,1,0.7722222222222223
AIME LA PLAGNE,CHAMBERY CHALLES LES EAUX,2,0.7833333333333333
AIME LA PLAGNE,CHAMBERY CHALLES LES EAUX,3,0.7666666666666667
AIME LA PLAGNE,CHAMBERY CHALLES LES EAUX,4,0.5555555555555556
AIME LA PLAGNE,CHAMBERY CHALLES LES EAUX,5,0.5555555555555556
AIME LA PLAGNE,CHAMBERY CHALLES LES EAUX,6,0.5388888888888889
AIME LA PLAGNE,CHAMBERY CHALLES LES EAUX,7,0.5444444444444445
AIME LA PLAGNE,CHAMBERY CHALLES LES EAUX,8,0.55
AIME LA PLAGNE,CHAMBERY CHALLES LES EAUX,9,0.5555555555555556
AIME LA PLAGNE,CHAMBERY CHALLES LES EAUX,10,0.55
AIME LA PLAGNE,CHAMBERY CHALLES LES EAUX,11,0.5388888888888889
AIME LA PLAGNE,CHAMBERY CHALLES LES EAUX,12,0.4388888888888889
AIME LA PLAGNE,CHAMBERY CHALLES LES EAUX,13,0.4444444444444444
AIME LA PLAGNE,CHAMBERY CHALLES LES EAUX,14,0.4222222222222222
AIME LA PLAGNE,CHAMBERY CHALLES LES EAUX,15,0.3888888888888889
AIME LA PLAGNE,CHAMBERY CHALLES LES EAUX,16,0.43333333333333335
AIME LA PLAGNE,CHAMBERY CHALLES LES EAUX,17,0.4388888888888889
AIME LA PLAGNE,CHAMBERY CHALLES LES EAUX,18,0.4388888888888889
AIME LA PLAGNE,CHAMBERY CHALLES LES EAUX,19,0.4444444444444444
AIME LA PLAGNE,CHAMBERY CHALLES LES EAUX,20,0.4444444444444444
AIME LA PLAGNE,CHAMBERY CHALLES LES EAUX,21,0.44999999999999996
AIME LA PLAGNE,CHAMBERY CHALLES LES EAUX,22,0.4444444444444444
AIME LA PLAGNE,CHAMBERY CHALLES LES EAUX,23,0.4277777777777778
AIME LA PLAGNE,CHAMBERY CHALLES LES EAUX,24,0.35555555555555557
AIME LA PLAGNE,CHAMBERY CHALLES LES EAUX,25,0.33888888888888885
AIME LA PLAGNE,CHAMBERY CHALLES LES EAUX,26,0.3277777777777778
AIME LA PLAGNE,CHAMBERY CHALLES LES EAUX,27,0.3277777777777778
AIME LA PLAGNE,CHAMBERY CHALLES LES EAUX,28,0.3055555555555556
AIME LA PLAGNE,CHAMBERY CHALLES LES EAUX,29,0.16666666666666666
AIME LA PLAGNE,CHAMBERY CHALLES LES EAUX,30,0.03333333333333334
AIME LA PLAGNE,LE MANS,0,0.7277777777777777
AIME LA PLAGNE,LE MANS,1,0.6666666666666666
AIME LA PLAGNE,LE MANS,2,0.6666666666666666
AIME LA PLAGNE,LE MANS,3,0.6611111111111111
AIME LA PLAGNE,LE MANS,4,0.47777777777777775
AIME LA PLAGNE,LE MANS,5,0.46111111111111114
AIME LA PLAGNE,LE MANS,6,0.4555555555555555
AIME LA PLAGNE,LE MANS,7,0.4388888888888889
AIME LA PLAGNE,LE MANS,8,0.4444444444444444
AIME LA PLAGNE,LE MANS,9,0.4444444444444444
AIME LA PLAGNE,LE MANS,10,0.44999999999999996
AIME LA PLAGNE,LE MANS,11,0.4444444444444444
AIME LA PLAGNE,LE MANS,12,0.3055555555555556
AIME LA PLAGNE,LE MANS,13,0.32222222222222224
AIME LA PLAGNE,LE MANS,14,0.23888888888888887
AIME LA PLAGNE,LE MANS,15,0.2222222222222222
AIME LA PLAGNE,LE MANS,16,0.30000000000000004
AIME LA PLAGNE,LE MANS,17,0.25555555555555554
AIME LA PLAGNE,LE MANS,18,0.3333333333333333
AIME LA PLAGNE,LE MANS,19,0.33888888888888885
AIME LA PLAGNE,LE MANS,20,0.3333333333333333
AIME LA PLAGNE,LE MANS,21,0.34444444444444444
AIME LA PLAGNE,LE MANS,22,0.43333333333333335
AIME LA PLAGNE,LE MANS,23,0.4388888888888889
AIME LA PLAGNE,LE MANS,24,0.3222222222222222
AIME LA PLAGNE,LE MANS,25,0.13333333333333333
AIME LA PLAGNE,LE MANS,26,0.1388888888888889
AIME LA PLAGNE,LE MANS,27,0.20555555555555557
AIME LA PLAGNE,LE MANS,28,0.2611111111111111
AIME LA PLAGNE,LE MANS,29,0.14444444444444443
AIME LA PLAGNE,LE MANS,30,0.011111111111111112
AIME LA PLAGNE,MASSY TGV,0,0.7444444444444445
AIME LA PLAGNE,MASSY TGV,1,0.6666666666666666
AIME LA PLAGNE,MASSY TGV,2,0.6555555555555556
AIME LA PLAGNE,MASSY TGV,3,0.6555555555555556
AIME LA PLAGNE,MASSY TGV,4,0.4666666666666667
AIME LA PLAGNE,MASSY TGV,5,0.4555555555555555
AIME LA PLAGNE,MASSY TGV,6,0.4444444444444444
AIME LA PLAGNE,MASSY TGV,7,0.4444444444444444
AIME LA PLAGNE,MASSY TGV,8,0.4444444444444444
AIME LA PLAGNE,MASSY TGV,9,0.4444444444444444
AIME LA PLAGNE,MASSY TGV,10,0.44999999999999996
AIME LA PLAGNE,MASSY TGV,11,0.4444444444444444
AIME LA PLAGNE,MASSY TGV,12,0.4277777777777778
AIME LA PLAGNE,MASSY TGV,13,0.43333333333333335
AIME LA PLAGNE,MASSY TGV,14,0.3333333333333333
AIME LA PLAGNE,MASSY TGV,15,0.3277777777777778
AIME LA PLAGNE,MASSY TGV,16,0.3888888888888889
AIME LA PLAGNE,MASSY TGV,17,0.35
AIME LA PLAGNE,MASSY TGV,18,0.3333333333333333
AIME LA PLAGNE,MASSY TGV,19,0.38333333333333336
AIME LA PLAGNE,MASSY TGV,20,0.4444444444444444
AIME LA PLAGNE,MASSY TGV,21,0.4444444444444444
AIME LA PLAGNE,MASSY TGV,22,0.4444444444444444
AIME LA PLAGNE,MASSY TGV,23,0.4444444444444444
AIME LA PLAGNE,MASSY TGV,24,0.34444444444444444
AIME LA PLAGNE,MASSY TGV,25,0.3333333333333333
AIME LA PLAGNE,MASSY TGV,26,0.3277777777777778
AIME LA PLAGNE,MASSY TGV,27,0.3277777777777778
AIME LA PLAGNE,MASSY TGV,28,0.3055555555555556
AIME LA PLAGNE,MASSY TGV,29,0.13333333333333333
AIME LA PLAGNE,MASSY TGV,30,0.044444444444444446
AIME LA PLAGNE,MOUTIERS SALINS BRIDES LES BAINS,0,0.7777777777777778
AIME LA PLAGNE,MOUTIERS SALINS BRIDES LES BAINS,1,0.7777777777777778
AIME LA PLAGNE,MOUTIERS SALINS BRIDES LES BAINS,2,0.7777777777777778
AIME LA PLAGNE,MOUTIERS SALINS BRIDES LES BAINS,3,0.7777777777777778
AIME LA PLAGNE,MOUTIERS SALINS BRIDES LES BAINS,4,0.5611111111111111
AIME LA PLAGNE,MOUTIERS SALINS BRIDES LES BAINS,5,0.55
AIME LA PLAGNE,MOUTIERS SALINS BRIDES LES BAINS,6,0.5555555555555556
AIME LA PLAGNE,MOUTIERS SALINS BRIDES LES BAINS,7,0.5555555555555556
AIME LA PLAGNE,MOUTIERS SALINS BRIDES LES BAINS,8,0.55
AIME LA PLAGNE,MOUTIERS SALINS BRIDES LES BAINS,9,0.55
AIME LA PLAGNE,MOUTIERS SALINS BRIDES LES BAINS,10,0.55
AIME LA PLAGNE,MOUTIERS SALINS BRIDES LES BAINS,11,0.55
AIME LA PLAGNE,MOUTIERS SALINS BRIDES LES BAINS,12,0.4444444444444444
AIME LA PLAGNE,MOUTIERS SALINS BRIDES LES BAINS,13,0.4388888888888889
AIME LA PLAGNE,MOUTIERS SALINS BRIDES LES BAINS,14,0.40555555555555556
AIME LA PLAGNE,MOUTIERS SALINS BRIDES LES BAINS,15,0.3611111111111111
AIME LA PLAGNE,MOUTIERS SALINS BRIDES LES BAINS,16,0.4277777777777778
AIME LA PLAGNE,MOUTIERS SALINS BRIDES LES BAINS,17,0.4388888888888889
AIME LA PLAGNE,MOUTIERS SALINS BRIDES LES BAINS,18,0.4444444444444444
AIME LA PLAGNE,MOUTIERS SALINS BRIDES LES BAINS,19,0.4388888888888889
AIME LA PLAGNE,MOUTIERS SALINS BRIDES LES BAINS,20,0.4388888888888889
AIME LA PLAGNE,MOUTIERS SALINS BRIDES LES BAINS,21,0.4388888888888889
AIME LA PLAGNE,MOUTIERS SALINS BRIDES LES BAINS,22,0.4388888888888889
AIME LA PLAGNE,MOUTIERS SALINS BRIDES LES BAINS,23,0.43333333333333335
AIME LA PLAGNE,MOUTIERS SALINS BRIDES LES BAINS,24,0.3611111111111111
AIME LA PLAGNE,MOUTIERS SALINS BRIDES LES BAINS,25,0.33888888888888885
AIME LA PLAGNE,MOUTIERS SALINS BRIDES LES BAINS,26,0.3222222222222222
AIME LA PLAGNE,MOUTIERS SALINS BRIDES LES BAINS,27,0.3222222222222222
AIME LA PLAGNE,MOUTIERS SALINS BRIDES LES BAINS,28,0.2777777777777778
AIME LA PLAGNE,MOUTIERS SALINS BRIDES LES BAINS,29,0.1611111111111111
AIME LA PLAGNE,MOUTIERS SALINS BRIDES LES BAINS,30,0.011111111111111112
AIME LA PLAGNE,NANTES,0,0.7722222222222223
AIME LA PLAGNE,NANTES,1,0.6888888888888889
AIME LA PLAGNE,NANTES,2,0.6555555555555556
AIME LA PLAGNE,NANTES,3,0.6388888888888888
AIME LA PLAGNE,NANTES,4,0.4555555555555555
AIME LA PLAGNE,NANTES,5,0.4444444444444444
AIME LA PLAGNE,NANTES,6,0.44999999999999996
AIME LA PLAGNE,NANTES,7,0.4444444444444444
AIME LA PLAGNE,NANTES,8,0.4444444444444444
AIME LA PLAGNE,NANTES,9,0.4444444444444444
AIME LA PLAGNE,NANTES,10,0.4444444444444444
AIME LA PLAGNE,NANTES,11,0.4444444444444444
AIME LA PLAGNE,NANTES,12,0.3111111111111111
AIME LA PLAGNE,NANTES,13,0.3111111111111111
AIME LA PLAGNE,NANTES,14,0.23333333333333334
AIME LA PLAGNE,NANTES,15,0.23888888888888887
AIME LA PLAGNE,NANTES,16,0.2888888888888889
AIME LA PLAGNE,NANTES,17,0.22777777777777775
AIME LA PLAGNE,NANTES,18,0.1611111111111111
AIME LA PLAGNE,NANTES,19,0.27222222222222225
AIME LA PLAGNE,NANTES,20,0.30000000000000004
AIME LA PLAGNE,NANTES,21,0.26111111111111107
AIME LA PLAGNE,NANTES,22,0.3277777777777778
AIME LA PLAGNE,NANTES,23,0.3222222222222222
AIME LA PLAGNE,NANTES,24,0.2222222222222222
AIME LA PLAGNE,NANTES,25,0.14444444444444446
AIME LA PLAGNE,NANTES,26,0.11666666666666667
AIME LA PLAGNE,NANTES,27,0.2
AIME LA PLAGNE,NANTES,28,0.26666666666666666
AIME LA PLAGNE,NANTES,29,0.1611111111111111
AIME LA PLAGNE,NANTES,30,0.03333333333333334
AIME LA PLAGNE,RENNES,0,0.6555555555555556
AIME LA PLAGNE,RENNES,1,0.6055555555555556
AIME LA PLAGNE,RENNES,2,0.5555555555555556
AIME LA PLAGNE,RENNES,3,0.5
AIME LA PLAGNE,RENNES,4,0.35555555555555557
AIME LA PLAGNE,RENNES,5,0.33888888888888885
AIME LA PLAGNE,RENNES,6,0.3333333333333333
AIME LA PLAGNE,RENNES,7,0.33888888888888885
AIME LA PLAGNE,RENNES,8,0.33888888888888885
AIME LA PLAGNE,RENNES,9,0.33888888888888885
AIME LA PLAGNE,RENNES,10,0.33888888888888885
AIME LA PLAGNE,RENNES,11,0.34444444444444444
AIME LA PLAGNE,RENNES,12,0.2222222222222222
AIME LA PLAGNE,RENNES,13,0.2222222222222222
AIME LA PLAGNE,RENNES,14,0.2222222222222222
AIME LA PLAGNE,RENNES,15,0.2222222222222222
AIME LA PLAGNE,RENNES,16,0.2
AIME LA PLAGNE,RENNES,17,0.1388888888888889
AIME LA PLAGNE,RENNES,18,0.21666666666666667
AIME LA PLAGNE,RENNES,19,0.2222222222222222
AIME LA PLAGNE,RENNES,20,0.23333333333333334
AIME LA PLAGNE,RENNES,21,0.22777777777777775
AIME LA PLAGNE,RENNES,22,0.2611111111111111
AIME LA PLAGNE,RENNES,23,0.31666666666666665
AIME LA PLAGNE,RENNES,24,0.3111111111111111
AIME LA PLAGNE,RENNES,25,0.12222222222222223
AIME LA PLAGNE,RENNES,26,0.1111111111111111
AIME LA PLAGNE,RENNES,27,0.11666666666666667
AIME LA PLAGNE,RENNES,28,0.15555555555555556
AIME LA PLAGNE,RENNES,29,0.1111111111111111
AIME LA PLAGNE,RENNES,30,0.03333333333333333
AIX EN PROVENCE TGV,ANGERS SAINT LAUD,0,0.50625
AIX EN PROVENCE TGV,ANGERS SAINT LAUD,1,0.50625
AIX EN PROVENCE TGV,ANGERS SAINT LAUD,2,0.5125
AIX EN PROVENCE TGV,ANGERS SAINT LAUD,3,0.5125
AIX EN PROVENCE TGV,ANGERS SAINT LAUD,4,0.5125
AIX EN PROVENCE TGV,ANGERS SAINT LAUD,5,0.475
AIX EN PROVENCE TGV,ANGERS SAINT LAUD,6,0.4125
AIX EN PROVENCE TGV,ANGERS SAINT LAUD,7,0.375
AIX EN PROVENCE TGV,ANGERS SAINT LAUD,8,0.35625
AIX EN PROVENCE TGV,ANGERS SAINT LAUD,9,0.2875
AIX EN PROVENCE TGV,ANGERS SAINT LAUD,10,0.34375
AIX EN PROVENCE TGV,ANGERS SAINT LAUD,11,0.35624999999999996
AIX EN PROVENCE TGV,ANGERS SAINT LAUD,12,0.018750000000000003
AIX EN PROVENCE TGV,ANGERS SAINT LAUD,13,0.018750000000000003
AIX EN PROVENCE TGV,ANGERS SAINT LAUD,14,0.0125
AIX EN PROVENCE TGV,ANGERS SAINT LAUD,15,0.03125
AIX EN PROVENCE TGV,ANGERS SAINT LAUD,16,0.125
AIX EN PROVENCE TGV,ANGERS SAINT LAUD,17,0.125
AIX EN PROVENCE TGV,ANGERS SAINT LAUD,18,0.125
AIX EN PROVENCE TGV,ANGERS SAINT LAUD,19,0.125
AIX EN PROVENCE TGV,ANGERS SAINT LAUD,20,0.125
AIX EN PROVENCE TGV,ANGERS SAINT LAUD,21,0.125
AIX EN PROVENCE TGV,ANGERS SAINT LAUD,22,0.125
AIX EN PROVENCE TGV,ANGERS SAINT LAUD,23,0.125
AIX EN PROVENCE TGV,ANGERS SAINT LAUD,24,0.125
AIX EN PROVENCE TGV,ANGERS SAINT LAUD,25,0.125
AIX EN PROVENCE TGV,ANGERS SAINT LAUD,26,0.11875
AIX EN PROVENCE TGV,ANGERS SAINT LAUD,27,0.11875
AIX EN PROVENCE TGV,ANGERS SAINT LAUD,28,0.1
AIX EN PROVENCE TGV,ANGERS SAINT LAUD,29,0.01875
AIX EN PROVENCE TGV,ANGERS SAINT LAUD,30,0.0
AIX EN PROVENCE TGV,AVIGNON TGV,0,0.6786885245901639
AIX EN PROVENCE TGV,AVIGNON TGV,1,0.6881578947368421
AIX EN PROVENCE TGV,AVIGNON TGV,2,0.6973770491803278
AIX EN PROVENCE TGV,AVIGNON TGV,3,0.7009836065573771
AIX EN PROVENCE TGV,AVIGNON TGV,4,0.5839344262295082
AIX EN PROVENCE TGV,AVIGNON TGV,5,0.5603618421052632
AIX EN PROVENCE TGV,AVIGNON TGV,6,0.5506578947368421
AIX EN PROVENCE TGV,AVIGNON TGV,7,0.5226973684210526
AIX EN PROVENCE TGV,AVIGNON TGV,8,0.5258169934640523
AIX EN PROVENCE TGV,AVIGNON TGV,9,0.5124183006535948
AIX EN PROVENCE TGV,AVIGNON TGV,10,0.477124183006536
AIX EN PROVENCE TGV,AVIGNON TGV,11,0.45800653594771246
AIX EN PROVENCE TGV,AVIGNON TGV,12,0.31721311475409836
AIX EN PROVENCE TGV,AVIGNON TGV,13,0.3120065789473684
AIX EN PROVENCE TGV,AVIGNON TGV,14,0.28766447368421055
AIX EN PROVENCE TGV,AVIGNON TGV,15,0.2879934210526316
AIX EN PROVENCE TGV,AVIGNON TGV,16,0.2973684210526316
AIX EN PROVENCE TGV,AVIGNON TGV,17,0.30066006600660067
AIX EN PROVENCE TGV,AVIGNON TGV,18,0.2846026490066225
AIX EN PROVENCE TGV,AVIGNON TGV,19,0.27516666666666667
AIX EN PROVENCE TGV,AVIGNON TGV,20,0.2555369127516779
AIX EN PROVENCE TGV,AVIGNON TGV,21,0.2389261744966443
AIX EN PROVENCE TGV,AVIGNON TGV,22,0.23451178451178453
AIX EN PROVENCE TGV,AVIGNON TGV,23,0.22702702702702704
AIX EN PROVENCE TGV,AVIGNON TGV,24,0.233843537414966
AIX EN PROVENCE TGV,AVIGNON TGV,25,0.22585616438356165
AIX EN PROVENCE TGV,AVIGNON TGV,26,0.21689655172413794
AIX EN PROVENCE TGV,AVIGNON TGV,27,0.2083044982698962
AIX EN PROVENCE TGV,AVIGNON TGV,28,0.18871527777777777
AIX EN PROVENCE TGV,AVIGNON TGV,29,0.16590909090909092
AIX EN PROVENCE TGV,AVIGNON TGV,30,0.03961267605633803
AIX EN PROVENCE TGV,LAVAL,0,0.13754208754208755
AIX EN PROVENCE TGV,LAVAL,1,0.14847972972972973
AIX EN PROVENCE TGV,LAVAL,2,0.14797297297297296
AIX EN PROVENCE TGV,LAVAL,3,0.14189189189189189
AIX EN PROVENCE TGV,LAVAL,4,0.06266891891891892
AIX EN PROVENCE TGV,LAVAL,5,0.06165540540540541
AIX EN PROVENCE TGV,LAVAL,6,0.06672297297297297
AIX EN PROVENCE TGV,LAVAL,7,0.07043918918918919
AIX EN PROVENCE TGV,LAVAL,8,0.07785234899328859
AIX EN PROVENCE TGV,LAVAL,9,0.07567114093959731
AIX EN PROVENCE TGV,LAVAL,10,0.07332214765100671
AIX EN PROVENCE TGV,LAVAL,11,0.0726510067114094
AIX EN PROVENCE TGV,LAVAL,12,0.007744107744107743
AIX EN PROVENCE TGV,LAVAL,13,0.004391891891891891
AIX EN PROVENCE TGV,LAVAL,14,0.0054237288135593215
AIX EN PROVENCE TGV,LAVAL,15,0.004421768707482994
AIX EN PROVENCE TGV,LAVAL,16,0.0020477815699658708
AIX EN PROVENCE TGV,LAVAL,17,0.0035958904109589036
AIX EN PROVENCE TGV,LAVAL,18,0.004467353951890034
AIX EN PROVENCE TGV,LAVAL,19,0.0055363321799307965
AIX EN PROVENCE TGV,LAVAL,20,0.0038327526132404185
AIX EN PROVENCE TGV,LAVAL,21,0.0038461538461538464
AIX EN PROVENCE TGV,LAVAL,22,0.003873239436619719
AIX EN PROVENCE TGV,LAVAL,23,0.0038869257950530037
AIX EN PROVENCE TGV,LAVAL,24,0.004270462633451957
AIX EN PROVENCE TGV,LAVAL,25,0.00985663082437276
AIX EN PROVENCE TGV,LAVAL,26,0.008812949640287771
AIX EN PROVENCE TGV,LAVAL,27,0.010830324909747292
AIX EN PROVENCE TGV,LAVAL,28,0.0125
AIX EN PROVENCE TGV,LAVAL,29,0.010583941605839416
AIX EN PROVENCE TGV,LAVAL,30,0.0022058823529411764
AIX EN PROVENCE TGV,LE MANS,0,0.14095394736842107
AIX EN PROVENCE TGV,LE MANS,1,0.14653465346534653
AIX EN PROVENCE TGV,LE MANS,2,0.1455592105263158
AIX EN PROVENCE TGV,LE MANS,3,0.13930921052631579
AIX EN PROVENCE TGV,LE MANS,4,0.07121710526315789
AIX EN PROVENCE TGV,LE MANS,5,0.0665016501650165
AIX EN PROVENCE TGV,LE MANS,6,0.0698019801980198
AIX EN PROVENCE TGV,LE MANS,7,0.07227722772277227
AIX EN PROVENCE TGV,LE MANS,8,0.07737704918032787
AIX EN PROVENCE TGV,LE MANS,9,0.07934426229508197
AIX EN PROVENCE TGV,LE MANS,10,0.07622950819672131
AIX EN PROVENCE TGV,LE MANS,11,0.07885245901639344
AIX EN PROVENCE TGV,LE MANS,12,0.004769736842105264
AIX EN PROVENCE TGV,LE MANS,13,0.0023102310231023103
AIX EN PROVENCE TGV,LE MANS,14,0.004125412541254125
AIX EN PROVENCE TGV,LE MANS,15,0.0046204620462046205
AIX EN PROVENCE TGV,LE MANS,16,0.0059210526315789476
AIX EN PROVENCE TGV,LE MANS,17,0.008112582781456955
AIX EN PROVENCE TGV,LE MANS,18,0.008471760797342192
AIX EN PROVENCE TGV,LE MANS,19,0.01036789297658863
AIX EN PROVENCE TGV,LE MANS,20,0.007070707070707071
AIX EN PROVENCE TGV,LE MANS,21,0.006902356902356902
AIX EN PROVENCE TGV,LE MANS,22,0.006756756756756757
AIX EN PROVENCE TGV,LE MANS,23,0.007118644067796611
AIX EN PROVENCE TGV,LE MANS,24,0.005290102389078498
AIX EN PROVENCE TGV,LE MANS,25,0.009106529209621992
AIX EN PROVENCE TGV,LE MANS,26,0.00865051903114187
AIX EN PROVENCE TGV,LE MANS,27,0.010416666666666666
AIX EN PROVENCE TGV,LE MANS,28,0.011672473867595819
AIX EN PROVENCE TGV,LE MANS,29,0.011052631578947368
AIX EN PROVENCE TGV,LE MANS,30,0.0030035335689045936
AIX EN PROVENCE TGV,LYON (intramuros),0,0.34540983606557374
AIX EN PROVENCE TGV,LYON (intramuros),1,0.3705592105263158
AIX EN PROVENCE TGV,LYON (intramuros),2,0.40377049180327873
AIX EN PROVENCE TGV,LYON (intramuros),3,0.40590163934426227
AIX EN PROVENCE TGV,LYON (intramuros),4,0.2875409836065574
AIX EN PROVENCE TGV,LYON (intramuros),5,0.2837171052631579
AIX EN PROVENCE TGV,LYON (intramuros),6,0.27779605263157897
AIX EN PROVENCE TGV,LYON (intramuros),7,0.27171052631578946
AIX EN PROVENCE TGV,LYON (intramuros),8,0.2784313725490196
AIX EN PROVENCE TGV,LYON (intramuros),9,0.2751633986928105
AIX EN PROVENCE TGV,LYON (intramuros),10,0.25931372549019605
AIX EN PROVENCE TGV,LYON (intramuros),11,0.24673202614379086
AIX EN PROVENCE TGV,LYON (intramuros),12,0.14901639344262296
AIX EN PROVENCE TGV,LYON (intramuros),13,0.14720394736842105
AIX EN PROVENCE TGV,LYON (intramuros),14,0.14194078947368421
AIX EN PROVENCE TGV,LYON (intramuros),15,0.12911184210526316
AIX EN PROVENCE TGV,LYON (intramuros),16,0.1305921052631579
AIX EN PROVENCE TGV,LYON (intramuros),17,0.12722772277227723
AIX EN PROVENCE TGV,LYON (intramuros),18,0.1291390728476821
AIX EN PROVENCE TGV,LYON (intramuros),19,0.129
AIX EN PROVENCE TGV,LYON (intramuros),20,0.12114093959731544
AIX EN PROVENCE TGV,LYON (intramuros),21,0.10956375838926175
AIX EN PROVENCE TGV,LYON (intramuros),22,0.10808080808080808
AIX EN PROVENCE TGV,LYON (intramuros),23,0.11047297297297298
AIX EN PROVENCE TGV,LYON (intramuros),24,0.11054421768707483
AIX EN PROVENCE TGV,LYON (intramuros),25,0.11284246575342467
AIX EN PROVENCE TGV,LYON (intramuros),26,0.11241379310344828
AIX EN PROVENCE TGV,LYON (intramuros),27,0.11020761245674741
AIX EN PROVENCE TGV,LYON (intramuros),28,0.10277777777777777
AIX EN PROVENCE TGV,LYON (intramuros),29,0.09370629370629371
AIX EN PROVENCE TGV,LYON (intramuros),30,0.01936619718309859
AIX EN PROVENCE TGV,MASSY PALAISEAU,0,0.6583333333333333
AIX EN PROVENCE TGV,MASSY PALAISEAU,1,0.65
AIX EN PROVENCE TGV,MASSY PALAISEAU,2,0.6749999999999999
AIX EN PROVENCE TGV,MASSY PALAISEAU,3,0.6916666666666668
AIX EN PROVENCE TGV,MASSY PALAISEAU,4,0.48333333333333334
AIX EN PROVENCE TGV,MASSY PALAISEAU,5,0.5
AIX EN PROVENCE TGV,MASSY PALAISEAU,6,0.5083333333333333
AIX EN PROVENCE TGV,MASSY PALAISEAU,7,0.5083333333333333
AIX EN PROVENCE TGV,MASSY PALAISEAU,8,0.4916666666666667
AIX EN PROVENCE TGV,MASSY PALAISEAU,9,0.39166666666666666
AIX EN PROVENCE TGV,MASSY PALAISEAU,10,0.47500000000000003
AIX EN PROVENCE TGV,MASSY PALAISEAU,11,0.5
AIX EN PROVENCE TGV,MASSY PALAISEAU,12,0.03333333333333333
AIX EN PROVENCE TGV,MASSY PALAISEAU,13,0.016666666666666666
AIX EN PROVENCE TGV,MASSY PALAISEAU,14,0.008333333333333333
AIX EN PROVENCE TGV,MASSY PALAISEAU,15,0.016666666666666666
AIX EN PROVENCE TGV,MASSY PALAISEAU,16,0.16666666666666666
AIX EN PROVENCE TGV,MASSY PALAISEAU,17,0.16666666666666666
AIX EN PROVENCE TGV,MASSY PALAISEAU,18,0.15833333333333335
AIX EN PROVENCE TGV,MASSY PALAISEAU,19,0.16666666666666666
AIX EN PROVENCE TGV,MASSY PALAISEAU,20,0.16666666666666666
AIX EN PROVENCE TGV,MASSY PALAISEAU,21,0.16666666666666666
AIX EN PROVENCE TGV,MASSY PALAISEAU,22,0.16666666666666666
AIX EN PROVENCE TGV,MASSY PALAISEAU,23,0.17500000000000002
AIX EN PROVENCE TGV,MASSY PALAISEAU,24,0.19166666666666668
AIX EN PROVENCE TGV,MASSY PALAISEAU,25,0.26666666666666666
AIX EN PROVENCE TGV,MASSY PALAISEAU,26,0.19166666666666665
AIX EN PROVENCE TGV,MASSY PALAISEAU,27,0.17500000000000002
AIX EN PROVENCE TGV,MASSY PALAISEAU,28,0.11666666666666668
AIX EN PROVENCE TGV,MASSY PALAISEAU,29,0.05833333333333333
AIX EN PROVENCE TGV,MASSY PALAISEAU,30,0.008333333333333333
AIX EN PROVENCE TGV,MASSY TGV,0,0.15
AIX EN PROVENCE TGV,MASSY TGV,1,0.15320945945945946
AIX EN PROVENCE TGV,MASSY TGV,2,0.1505050505050505
AIX EN PROVENCE TGV,MASSY TGV,3,0.14915824915824916
AIX EN PROVENCE TGV,MASSY TGV,4,0.06750841750841752
AIX EN PROVENCE TGV,MASSY TGV,5,0.07077702702702703
AIX EN PROVENCE TGV,MASSY TGV,6,0.07635135135135136
AIX EN PROVENCE TGV,MASSY TGV,7,0.07314189189189188
AIX EN PROVENCE TGV,MASSY TGV,8,0.07701342281879195
AIX EN PROVENCE TGV,MASSY TGV,9,0.0785234899328859
AIX EN PROVENCE TGV,MASSY TGV,10,0.07533557046979865
AIX EN PROVENCE TGV,MASSY TGV,11,0.07869127516778524
AIX EN PROVENCE TGV,MASSY TGV,12,0.007912457912457913
AIX EN PROVENCE TGV,MASSY TGV,13,0.005067567567567568
AIX EN PROVENCE TGV,MASSY TGV,14,0.006587837837837837
AIX EN PROVENCE TGV,MASSY TGV,15,0.004222972972972973
AIX EN PROVENCE TGV,MASSY TGV,16,0.0013513513513513514
AIX EN PROVENCE TGV,MASSY TGV,17,0.00576271186440678
AIX EN PROVENCE TGV,MASSY TGV,18,0.006802721088435374
AIX EN PROVENCE TGV,MASSY TGV,19,0.008904109589041096
AIX EN PROVENCE TGV,MASSY TGV,20,0.007586206896551725
AIX EN PROVENCE TGV,MASSY TGV,21,0.007241379310344828
AIX EN PROVENCE TGV,MASSY TGV,22,0.007785467128027681
AIX EN PROVENCE TGV,MASSY TGV,23,0.0076388888888888895
AIX EN PROVENCE TGV,MASSY TGV,24,0.00506993006993007
AIX EN PROVENCE TGV,MASSY TGV,25,0.007394366197183099
AIX EN PROVENCE TGV,MASSY TGV,26,0.007446808510638298
AIX EN PROVENCE TGV,MASSY TGV,27,0.009786476868327402
AIX EN PROVENCE TGV,MASSY TGV,28,0.01125
AIX EN PROVENCE TGV,MASSY TGV,29,0.008812949640287771
AIX EN PROVENCE TGV,MASSY TGV,30,0.0036231884057971015
AIX EN PROVENCE TGV,NANTES,0,0.53125
AIX EN PROVENCE TGV,NANTES,1,0.51875
AIX EN PROVENCE TGV,NANTES,2,0.525
AIX EN PROVENCE TGV,NANTES,3,0.5125
AIX EN PROVENCE TGV,NANTES,4,0.50625
AIX EN PROVENCE TGV,NANTES,5,0.46875
AIX EN PROVENCE TGV,NANTES,6,0.40625
AIX EN PROVENCE TGV,NANTES,7,0.39375
AIX EN PROVENCE TGV,NANTES,8,0.35625
AIX EN PROVENCE TGV,NANTES,9,0.25625
AIX EN PROVENCE TGV,NANTES,10,0.375
AIX EN PROVENCE TGV,NANTES,11,0.38125
AIX EN PROVENCE TGV,NANTES,12,0.0125
AIX EN PROVENCE TGV,NANTES,13,0.018750000000000003
AIX EN PROVENCE TGV,NANTES,14,0.018750000000000003
AIX EN PROVENCE TGV,NANTES,15,0.0125
AIX EN PROVENCE TGV,NANTES,16,0.10625
AIX EN PROVENCE TGV,NANTES,17,0.125
AIX EN PROVENCE TGV,NANTES,18,0.125
AIX EN PROVENCE TGV,NANTES,19,0.125
AIX EN PROVENCE TGV,NANTES,20,0.13125
AIX EN PROVENCE TGV,NANTES,21,0.125
AIX EN PROVENCE TGV,NANTES,22,0.125
AIX EN PROVENCE TGV,NANTES,23,0.125
AIX EN PROVENCE TGV,NANTES,24,0.125
AIX EN PROVENCE TGV,NANTES,25,0.125
AIX EN PROVENCE TGV,NANTES,26,0.125
AIX EN PROVENCE TGV,NANTES,27,0.125
AIX EN PROVENCE TGV,NANTES,28,0.06875
AIX EN PROVENCE TGV,NANTES,29,0.03125
AIX EN PROVENCE TGV,NANTES,30,0.0
AIX EN PROVENCE TGV,RENNES,0,0.14819672131147543
AIX EN PROVENCE TGV,RENNES,1,0.15345394736842105
AIX EN PROVENCE TGV,RENNES,2,0.15065573770491805
AIX EN PROVENCE TGV,RENNES,3,0.15327868852459017
AIX EN PROVENCE TGV,RENNES,4,0.06278688524590163
AIX EN PROVENCE TGV,RENNES,5,0.06924342105263158
AIX EN PROVENCE TGV,RENNES,6,0.07417763157894737
AIX EN PROVENCE TGV,RENNES,7,0.0768092105263158
AIX EN PROVENCE TGV,RENNES,8,0.0803921568627451
AIX EN PROVENCE TGV,RENNES,9,0.0834967320261438
AIX EN PROVENCE TGV,RENNES,10,0.07941176470588235
AIX EN PROVENCE TGV,RENNES,11,0.08366013071895426
AIX EN PROVENCE TGV,RENNES,12,0.008360655737704918
AIX EN PROVENCE TGV,RENNES,13,0.005592105263157895
AIX EN PROVENCE TGV,RENNES,14,0.006414473684210526
AIX EN PROVENCE TGV,RENNES,15,0.004769736842105264
AIX EN PROVENCE TGV,RENNES,16,0.002796052631578948
AIX EN PROVENCE TGV,RENNES,17,0.006270627062706271
AIX EN PROVENCE TGV,RENNES,18,0.0074503311258278145
AIX EN PROVENCE TGV,RENNES,19,0.009499999999999998
AIX EN PROVENCE TGV,RENNES,20,0.006879194630872483
AIX EN PROVENCE TGV,RENNES,21,0.007382550335570471
AIX EN PROVENCE TGV,RENNES,22,0.007407407407407408
AIX EN PROVENCE TGV,RENNES,23,0.007094594594594595
AIX EN PROVENCE TGV,RENNES,24,0.00510204081632653
AIX EN PROVENCE TGV,RENNES,25,0.00976027397260274
AIX EN PROVENCE TGV,RENNES,26,0.008448275862068966
AIX EN PROVENCE TGV,RENNES,27,0.008823529411764706
AIX EN PROVENCE TGV,RENNES,28,0.011631944444444445
AIX EN PROVENCE TGV,RENNES,29,0.010664335664335663
AIX EN PROVENCE TGV,RENNES,30,0.0019366197183098594
AIX EN PROVENCE TGV,VALENCE TGV AUVERGNE RHONE ALPES,0,0.99375
AIX EN PROVENCE TGV,VALENCE TGV AUVERGNE RHONE ALPES,1,0.99375
AIX EN PROVENCE TGV,VALENCE TGV AUVERGNE RHONE ALPES,2,0.98125
AIX EN PROVENCE TGV,VALENCE TGV AUVERGNE RHONE ALPES,3,0.98125
AIX EN PROVENCE TGV,VALENCE TGV AUVERGNE RHONE ALPES,4,0.89375
AIX EN PROVENCE TGV,VALENCE TGV AUVERGNE RHONE ALPES,5,0.975
AIX EN PROVENCE TGV,VALENCE TGV AUVERGNE RHONE ALPES,6,0.99375
AIX EN PROVENCE TGV,VALENCE TGV AUVERGNE RHONE ALPES,7,0.99375
AIX EN PROVENCE TGV,VALENCE TGV AUVERGNE RHONE ALPES,8,0.98125
AIX EN PROVENCE TGV,VALENCE TGV AUVERGNE RHONE ALPES,9,0.89375
AIX EN PROVENCE TGV,VALENCE TGV AUVERGNE RHONE ALPES,10,0.8624999999999999
AIX EN PROVENCE TGV,VALENCE TGV AUVERGNE RHONE ALPES,11,0.95
AIX EN PROVENCE TGV,VALENCE TGV AUVERGNE RHONE ALPES,12,0.6375
AIX EN PROVENCE TGV,VALENCE TGV AUVERGNE RHONE ALPES,13,0.64375
AIX EN PROVENCE TGV,VALENCE TGV AUVERGNE RHONE ALPES,14,0.625
AIX EN PROVENCE TGV,VALENCE TGV AUVERGNE RHONE ALPES,15,0.66875
AIX EN PROVENCE TGV,VALENCE TGV AUVERGNE RHONE ALPES,16,0.7375
AIX EN PROVENCE TGV,VALENCE TGV AUVERGNE RHONE ALPES,17,0.71875
AIX EN PROVENCE TGV,VALENCE TGV AUVERGNE RHONE ALPES,18,0.59375
AIX EN PROVENCE TGV,VALENCE TGV AUVERGNE RHONE ALPES,19,0.525
AIX EN PROVENCE TGV,VALENCE TGV AUVERGNE RHONE ALPES,20,0.50625
AIX EN PROVENCE TGV,VALENCE TGV AUVERGNE RHONE ALPES,21,0.525
AIX EN PROVENCE TGV,VALENCE TGV AUVERGNE RHONE ALPES,22,0.53125
AIX EN PROVENCE TGV,VALENCE TGV AUVERGNE RHONE ALPES,23,0.53125
AIX EN PROVENCE TGV,VALENCE TGV AUVERGNE RHONE ALPES,24,0.55625
AIX EN PROVENCE TGV,VALENCE TGV AUVERGNE RHONE ALPES,25,0.6625
AIX EN PROVENCE TGV,VALENCE TGV AUVERGNE RHONE ALPES,26,0.5874999999999999
AIX EN PROVENCE TGV,VALENCE TGV AUVERGNE RHONE ALPES,27,0.5875
AIX EN PROVENCE TGV,VALENCE TGV AUVERGNE RHONE ALPES,28,0.5875
AIX EN PROVENCE TGV,VALENCE TGV AUVERGNE RHONE ALPES,29,0.55625
AIX EN PROVENCE TGV,VALENCE TGV AUVERGNE RHONE ALPES,30,0.1
AIX EN PROVENCE TGV,VERSAILLES CHANTIERS,0,0.6666666666666666
AIX EN PROVENCE TGV,VERSAILLES CHANTIERS,1,0.48333333333333334
AIX EN PROVENCE TGV,VERSAILLES CHANTIERS,2,0.65
AIX EN PROVENCE TGV,VERSAILLES CHANTIERS,3,0.6666666666666666
AIX EN PROVENCE TGV,VERSAILLES CHANTIERS,4,0.39999999999999997
AIX EN PROVENCE TGV,VERSAILLES CHANTIERS,5,0.26666666666666666
AIX EN PROVENCE TGV,VERSAILLES CHANTIERS,6,0.11666666666666665
AIX EN PROVENCE TGV,VERSAILLES CHANTIERS,7,0.15
AIX EN PROVENCE TGV,VERSAILLES CHANTIERS,8,0.26666666666666666
AIX EN PROVENCE TGV,VERSAILLES CHANTIERS,9,0.03333333333333333
AIX EN PROVENCE TGV,VERSAILLES CHANTIERS,10,0.016666666666666666
AIX EN PROVENCE TGV,VERSAILLES CHANTIERS,11,0.05000000000000001
AIX EN PROVENCE TGV,VERSAILLES CHANTIERS,12,0.016666666666666666
AIX EN PROVENCE TGV,VERSAILLES CHANTIERS,13,0.016666666666666666
AIX EN PROVENCE TGV,VERSAILLES CHANTIERS,14,0.016666666666666666
AIX EN PROVENCE TGV,VERSAILLES CHANTIERS,15,0.0
AIX EN PROVENCE TGV,VERSAILLES CHANTIERS,16,0.0
AIX EN PROVENCE TGV,VERSAILLES CHANTIERS,17,0.0
AIX EN PROVENCE TGV,VERSAILLES CHANTIERS,18,0.0
AIX EN PROVENCE TGV,VERSAILLES CHANTIERS,19,0.0
AIX EN PROVENCE TGV,VERSAILLES CHANTIERS,20,0.0
AIX EN PROVENCE TGV,VERSAILLES CHANTIERS,21,0.0
AIX EN PROVENCE TGV,VERSAILLES CHANTIERS,22,0.0
AIX EN PROVENCE TGV,VERSAILLES CHANTIERS,23,0.0
AIX EN PROVENCE TGV,VERSAILLES CHANTIERS,24,0.0
AIX EN PROVENCE TGV,VERSAILLES CHANTIERS,25,0.0
AIX EN PROVENCE TGV,VERSAILLES CHANTIERS,26,0.0
AIX EN PROVENCE TGV,VERSAILLES CHANTIERS,27,0.0
AIX EN PROVENCE TGV,VERSAILLES CHANTIERS,28,0.06666666666666667
AIX EN PROVENCE TGV,VERSAILLES CHANTIERS,29,0.19999999999999998
AIX EN PROVENCE TGV,VERSAILLES CHANTIERS,30,0.049999999999999996
ALBERTVILLE,ANGERS SAINT LAUD,0,0.7444444444444445
ALBERTVILLE,ANGERS SAINT LAUD,1,0.6777777777777777
ALBERTVILLE,ANGERS SAINT LAUD,2,0.6499999999999999
ALBERTVILLE,ANGERS SAINT LAUD,3,0.6499999999999999
ALBERTVILLE,ANGERS SAINT LAUD,4,0.4666666666666667
ALBERTVILLE,ANGERS SAINT LAUD,5,0.4444444444444444
ALBERTVILLE,ANGERS SAINT LAUD,6,0.4444444444444444
ALBERTVILLE,ANGERS SAINT LAUD,7,0.4444444444444444
ALBERTVILLE,ANGERS SAINT LAUD,8,0.4388888888888889
ALBERTVILLE,ANGERS SAINT LAUD,9,0.4444444444444444
ALBERTVILLE,ANGERS SAINT LAUD,10,0.4444444444444444
ALBERTVILLE,ANGERS SAINT LAUD,11,0.4444444444444444
ALBERTVILLE,ANGERS SAINT LAUD,12,0.3277777777777778
ALBERTVILLE,ANGERS SAINT LAUD,13,0.31666666666666665
ALBERTVILLE,ANGERS SAINT LAUD,14,0.22777777777777775
ALBERTVILLE,ANGERS SAINT LAUD,15,0.22777777777777775
ALBERTVILLE,ANGERS SAINT LAUD,16,0.29444444444444445
ALBERTVILLE,ANGERS SAINT LAUD,17,0.23333333333333334
ALBERTVILLE,ANGERS SAINT LAUD,18,0.1888888888888889
ALBERTVILLE,ANGERS SAINT LAUD,19,0.27222222222222225
ALBERTVILLE,ANGERS SAINT LAUD,20,0.3055555555555556
ALBERTVILLE,ANGERS SAINT LAUD,21,0.24444444444444446
ALBERTVILLE,ANGERS SAINT LAUD,22,0.3222222222222222
ALBERTVILLE,ANGERS SAINT LAUD,23,0.31666666666666665
ALBERTVILLE,ANGERS SAINT LAUD,24,0.2222222222222222
ALBERTVILLE,ANGERS SAINT LAUD,25,0.11666666666666667
ALBERTVILLE,ANGERS SAINT LAUD,26,0.12222222222222223
ALBERTVILLE,ANGERS SAINT LAUD,27,0.20555555555555555
ALBERTVILLE,ANGERS SAINT LAUD,28,0.28888888888888886
ALBERTVILLE,ANGERS SAINT LAUD,29,0.15555555555555556
ALBERTVILLE,ANGERS SAINT LAUD,30,0.02222222222222222
ALBERTVILLE,CHAMBERY CHALLES LES EAUX,0,0.7777777777777778
ALBERTVILLE,CHAMBERY CHALLES LES EAUX,1,0.7777777777777778
ALBERTVILLE,CHAMBERY CHALLES LES EAUX,2,0.7777777777777778
ALBERTVILLE,CHAMBERY CHALLES LES EAUX,3,0.7444444444444445
ALBERTVILLE,CHAMBERY CHALLES LES EAUX,4,0.5777777777777778
ALBERTVILLE,CHAMBERY CHALLES LES EAUX,5,0.5555555555555556
ALBERTVILLE,CHAMBERY CHALLES LES EAUX,6,0.5555555555555556
ALBERTVILLE,CHAMBERY CHALLES LES EAUX,7,0.55
ALBERTVILLE,CHAMBERY CHALLES LES EAUX,8,0.55
ALBERTVILLE,CHAMBERY CHALLES LES EAUX,9,0.5555555555555556
ALBERTVILLE,CHAMBERY CHALLES LES EAUX,10,0.5611111111111111
ALBERTVILLE,CHAMBERY CHALLES LES EAUX,11,0.5611111111111111
ALBERTVILLE,CHAMBERY CHALLES LES EAUX,12,0.4444444444444444
ALBERTVILLE,CHAMBERY CHALLES LES EAUX,13,0.4444444444444444
ALBERTVILLE,CHAMBERY CHALLES LES EAUX,14,0.41111111111111115
ALBERTVILLE,CHAMBERY CHALLES LES EAUX,15,0.37222222222222223
ALBERTVILLE,CHAMBERY CHALLES LES EAUX,16,0.4222222222222222
ALBERTVILLE,CHAMBERY CHALLES LES EAUX,17,0.4388888888888889
ALBERTVILLE,CHAMBERY CHALLES LES EAUX,18,0.4444444444444444
ALBERTVILLE,CHAMBERY CHALLES LES EAUX,19,0.44999999999999996
ALBERTVILLE,CHAMBERY CHALLES LES EAUX,20,0.4444444444444444
ALBERTVILLE,CHAMBERY CHALLES LES EAUX,21,0.4444444444444444
ALBERTVILLE,CHAMBERY CHALLES LES EAUX,22,0.4444444444444444
ALBERTVILLE,CHAMBERY CHALLES LES EAUX,23,0.4388888888888889
ALBERTVILLE,CHAMBERY CHALLES LES EAUX,24,0.33888888888888885
ALBERTVILLE,CHAMBERY CHALLES LES EAUX,25,0.33888888888888885
ALBERTVILLE,CHAMBERY CHALLES LES EAUX,26,0.33888888888888885
ALBERTVILLE,CHAMBERY CHALLES LES EAUX,27,0.33888888888888885
ALBERTVILLE,CHAMBERY CHALLES LES EAUX,28,0.30000000000000004
ALBERTVILLE,CHAMBERY CHALLES LES EAUX,29,0.1611111111111111
ALBERTVILLE,CHAMBERY CHALLES LES EAUX,30,0.044444444444444446
ALBERTVILLE,LE MANS,0,0.7333333333333333
ALBERTVILLE,LE MANS,1,0.6611111111111111
ALBERTVILLE,LE MANS,2,0.6555555555555556
ALBERTVILLE,LE MANS,3,0.6444444444444444
ALBERTVILLE,LE MANS,4,0.46111111111111114
ALBERTVILLE,LE MANS,5,0.4444444444444444
ALBERTVILLE,LE MANS,6,0.4444444444444444
ALBERTVILLE,LE MANS,7,0.4444444444444444
ALBERTVILLE,LE MANS,8,0.4444444444444444
ALBERTVILLE,LE MANS,9,0.4444444444444444
ALBERTVILLE,LE MANS,10,0.4444444444444444
ALBERTVILLE,LE MANS,11,0.4444444444444444
ALBERTVILLE,LE MANS,12,0.3277777777777778
ALBERTVILLE,LE MANS,13,0.3222222222222222
ALBERTVILLE,LE MANS,14,0.22777777777777775
ALBERTVILLE,LE MANS,15,0.22777777777777775
ALBERTVILLE,LE MANS,16,0.30000000000000004
ALBERTVILLE,LE MANS,17,0.23333333333333334
ALBERTVILLE,LE MANS,18,0.3222222222222222
ALBERTVILLE,LE MANS,19,0.3277777777777778
ALBERTVILLE,LE MANS,20,0.33888888888888885
ALBERTVILLE,LE MANS,21,0.35555555555555557
ALBERTVILLE,LE MANS,22,0.4277777777777778
ALBERTVILLE,LE MANS,23,0.43333333333333335
ALBERTVILLE,LE MANS,24,0.33888888888888885
ALBERTVILLE,LE MANS,25,0.12777777777777777
ALBERTVILLE,LE MANS,26,0.12777777777777777
ALBERTVILLE,LE MANS,27,0.17777777777777778
ALBERTVILLE,LE MANS,28,0.26666666666666666
ALBERTVILLE,LE MANS,29,0.15555555555555556
ALBERTVILLE,LE MANS,30,0.022222222222222223
ALBERTVILLE,MASSY TGV,0,0.75
ALBERTVILLE,MASSY TGV,1,0.6666666666666666
ALBERTVILLE,MASSY TGV,2,0.6666666666666666
ALBERTVILLE,MASSY TGV,3,0.65
ALBERTVILLE,MASSY TGV,4,0.46111111111111114
ALBERTVILLE,MASSY TGV,5,0.44999999999999996
ALBERTVILLE,MASSY TGV,6,0.44999999999999996
ALBERTVILLE,MASSY TGV,7,0.44999999999999996
ALBERTVILLE,MASSY TGV,8,0.4444444444444444
ALBERTVILLE,MASSY TGV,9,0.4444444444444444
ALBERTVILLE,MASSY TGV,10,0.4388888888888889
ALBERTVILLE,MASSY TGV,11,0.4444444444444444
ALBERTVILLE,MASSY TGV,12,0.4166666666666667
ALBERTVILLE,MASSY TGV,13,0.4222222222222222
ALBERTVILLE,MASSY TGV,14,0.33888888888888885
ALBERTVILLE,MASSY TGV,15,0.33888888888888885
ALBERTVILLE,MASSY TGV,16,0.4277777777777778
ALBERTVILLE,MASSY TGV,17,0.37222222222222223
ALBERTVILLE,MASSY TGV,18,0.36666666666666664
ALBERTVILLE,MASSY TGV,19,0.43333333333333335
ALBERTVILLE,MASSY TGV,20,0.44999999999999996
ALBERTVILLE,MASSY TGV,21,0.44999999999999996
ALBERTVILLE,MASSY TGV,22,0.4444444444444444
ALBERTVILLE,MASSY TGV,23,0.4388888888888889
ALBERTVILLE,MASSY TGV,24,0.33888888888888885
ALBERTVILLE,MASSY TGV,25,0.3333333333333333
ALBERTVILLE,MASSY TGV,26,0.3333333333333333
ALBERTVILLE,MASSY TGV,27,0.3277777777777778
ALBERTVILLE,MASSY TGV,28,0.29444444444444445
ALBERTVILLE,MASSY TGV,29,0.15555555555555556
ALBERTVILLE,MASSY TGV,30,0.02222222222222222
ALBERTVILLE,NANTES,0,0.7611111111111111
ALBERTVILLE,NANTES,1,0.6888888888888889
ALBERTVILLE,NANTES,2,0.6611111111111111
ALBERTVILLE,NANTES,3,0.6611111111111111
ALBERTVILLE,NANTES,4,0.4722222222222222
ALBERTVILLE,NANTES,5,0.4444444444444444
ALBERTVILLE,NANTES,6,0.4444444444444444
ALBERTVILLE,NANTES,7,0.4444444444444444
ALBERTVILLE,NANTES,8,0.4444444444444444
ALBERTVILLE,NANTES,9,0.4444444444444444
ALBERTVILLE,NANTES,10,0.4444444444444444
ALBERTVILLE,NANTES,11,0.4444444444444444
ALBERTVILLE,NANTES,12,0.3333333333333333
ALBERTVILLE,NANTES,13,0.3222222222222222
ALBERTVILLE,NANTES,14,0.23888888888888887
ALBERTVILLE,NANTES,15,0.23333333333333334
ALBERTVILLE,NANTES,16,0.3222222222222222
ALBERTVILLE,NANTES,17,0.23888888888888887
ALBERTVILLE,NANTES,18,0.17222222222222222
ALBERTVILLE,NANTES,19,0.3055555555555556
ALBERTVILLE,NANTES,20,0.31666666666666665
ALBERTVILLE,NANTES,21,0.25
ALBERTVILLE,NANTES,22,0.3277777777777778
ALBERTVILLE,NANTES,23,0.3277777777777778
ALBERTVILLE,NANTES,24,0.22777777777777775
ALBERTVILLE,NANTES,25,0.1111111111111111
ALBERTVILLE,NANTES,26,0.1111111111111111
ALBERTVILLE,NANTES,27,0.20555555555555557
ALBERTVILLE,NANTES,28,0.2611111111111111
ALBERTVILLE,NANTES,29,0.14444444444444446
ALBERTVILLE,NANTES,30,0.02222222222222222
ALBERTVILLE,RENNES,0,0.6333333333333333
ALBERTVILLE,RENNES,1,0.5777777777777778
ALBERTVILLE,RENNES,2,0.5222222222222223
ALBERTVILLE,RENNES,3,0.4666666666666667
ALBERTVILLE,RENNES,4,0.36666666666666664
ALBERTVILLE,RENNES,5,0.34444444444444444
ALBERTVILLE,RENNES,6,0.35
ALBERTVILLE,RENNES,7,0.3277777777777778
ALBERTVILLE,RENNES,8,0.3333333333333333
ALBERTVILLE,RENNES,9,0.3333333333333333
ALBERTVILLE,RENNES,10,0.34444444444444444
ALBERTVILLE,RENNES,11,0.3277777777777778
ALBERTVILLE,RENNES,12,0.2222222222222222
ALBERTVILLE,RENNES,13,0.2222222222222222
ALBERTVILLE,RENNES,14,0.22777777777777775
ALBERTVILLE,RENNES,15,0.23333333333333334
ALBERTVILLE,RENNES,16,0.2
ALBERTVILLE,RENNES,17,0.14444444444444446
ALBERTVILLE,RENNES,18,0.2222222222222222
ALBERTVILLE,RENNES,19,0.22777777777777775
ALBERTVILLE,RENNES,20,0.22777777777777775
ALBERTVILLE,RENNES,21,0.22777777777777775
ALBERTVILLE,RENNES,22,0.23888888888888887
ALBERTVILLE,RENNES,23,0.29444444444444445
ALBERTVILLE,RENNES,24,0.3111111111111111
ALBERTVILLE,RENNES,25,0.15000000000000002
ALBERTVILLE,RENNES,26,0.1388888888888889
ALBERTVILLE,RENNES,27,0.12777777777777777
ALBERTVILLE,RENNES,28,0.2
ALBERTVILLE,RENNES,29,0.1388888888888889
ALBERTVILLE,RENNES,30,0.005555555555555556
ANGERS SAINT LAUD,AURAY,0,0.95
ANGERS SAINT LAUD,AURAY,1,0.9
ANGERS SAINT LAUD,AURAY,2,0.85
ANGERS SAINT LAUD,AURAY,3,0.2
ANGERS SAINT LAUD,AURAY,4,0.1
ANGERS SAINT LAUD,AURAY,5,0.05
ANGERS SAINT LAUD,AURAY,6,0.0
ANGERS SAINT LAUD,AURAY,7,0.05
ANGERS SAINT LAUD,AURAY,8,0.05
ANGERS SAINT LAUD,AURAY,9,0.0
ANGERS SAINT LAUD,AURAY,10,0.0
ANGERS SAINT LAUD,AURAY,11,0.05
ANGERS SAINT LAUD,AURAY,12,0.0
ANGERS SAINT LAUD,AURAY,13,0.0
ANGERS SAINT LAUD,AURAY,14,0.0
ANGERS SAINT LAUD,AURAY,15,0.0
ANGERS SAINT LAUD,AURAY,16,0.0
ANGERS SAINT LAUD,AURAY,17,0.0
ANGERS SAINT LAUD,AURAY,18,0.0
ANGERS SAINT LAUD,AURAY,19,0.05
ANGERS SAINT LAUD,AURAY,20,0.0
ANGERS SAINT LAUD,AURAY,21,0.0
ANGERS SAINT LAUD,AURAY,22,0.0
ANGERS SAINT LAUD,AURAY,23,0.0
ANGERS SAINT LAUD,AURAY,24,0.0
ANGERS SAINT LAUD,AURAY,25,0.0
ANGERS SAINT LAUD,AURAY,26,0.0
ANGERS SAINT LAUD,AURAY,27,0.0
ANGERS SAINT LAUD,AURAY,28,0.0
ANGERS SAINT LAUD,AURAY,29,0.0
ANGERS SAINT LAUD,AURAY,30,0.0
ANGERS SAINT LAUD,LORIENT,0,1.0
ANGERS SAINT LAUD,LORIENT,1,1.0
ANGERS SAINT LAUD,LORIENT,2,0.95
ANGERS SAINT LAUD,LORIENT,3,0.25
ANGERS SAINT LAUD,LORIENT,4,0.05
ANGERS SAINT LAUD,LORIENT,5,0.0
ANGERS SAINT LAUD,LORIENT,6,0.0
ANGERS SAINT LAUD,LORIENT,7,0.05
ANGERS SAINT LAUD,LORIENT,8,0.0
ANGERS SAINT LAUD,LORIENT,9,0.0
ANGERS SAINT LAUD,LORIENT,10,0.0
ANGERS SAINT LAUD,LORIENT,11,0.0
ANGERS SAINT LAUD,LORIENT,12,0.0
ANGERS SAINT LAUD,LORIENT,13,0.0
ANGERS SAINT LAUD,LORIENT,14,0.0
ANGERS SAINT LAUD,LORIENT,15,0.0
ANGERS SAINT LAUD,LORIENT,16,0.0
ANGERS SAINT LAUD,LORIENT,17,0.0
ANGERS SAINT LAUD,LORIENT,18,0.0
ANGERS SAINT LAUD,LORIENT,19,0.0
ANGERS SAINT LAUD,LORIENT,20,0.0
ANGERS SAINT LAUD,LORIENT,21,0.0
ANGERS SAINT LAUD,LORIENT,22,0.0
ANGERS SAINT LAUD,LORIENT,23,0.0
ANGERS SAINT LAUD,LORIENT,24,0.0
ANGERS SAINT LAUD,LORIENT,25,0.0
ANGERS SAINT LAUD,LORIENT,26,0.0
ANGERS SAINT LAUD,LORIENT,27,0.0
ANGERS SAINT LAUD,LORIENT,28,0.0
ANGERS SAINT LAUD,LORIENT,29,0.0
ANGERS SAINT LAUD,LORIENT,30,0.0
ANGERS SAINT LAUD,NANTES,0,0.9867403314917127
ANGERS SAINT LAUD,NANTES,1,0.9879834254143646
ANGERS SAINT LAUD,NANTES,2,0.9869146005509641
ANGERS SAINT LAUD,NANTES,3,0.9878787878787879
ANGERS SAINT LAUD,NANTES,4,0.9911845730027549
ANGERS SAINT LAUD,NANTES,5,0.9889807162534435
ANGERS SAINT LAUD,NANTES,6,0.9863636363636364
ANGERS SAINT LAUD,NANTES,7,0.9841597796143251
ANGERS SAINT LAUD,NANTES,8,0.9820936639118457
ANGERS SAINT LAUD,NANTES,9,0.9760330578512397
ANGERS SAINT LAUD,NANTES,10,0.9768595041322314
ANGERS SAINT LAUD,NANTES,11,0.9644628099173554
ANGERS SAINT LAUD,NANTES,12,0.8593663911845729
ANGERS SAINT LAUD,NANTES,13,0.8530303030303029
ANGERS SAINT LAUD,NANTES,14,0.8426997245179063
ANGERS SAINT LAUD,NANTES,15,0.8319559228650137
ANGERS SAINT LAUD,NANTES,16,0.8134986225895318
ANGERS SAINT LAUD,NANTES,17,0.809366391184573
ANGERS SAINT LAUD,NANTES,18,0.8059228650137741
ANGERS SAINT LAUD,NANTES,19,0.8015151515151515
ANGERS SAINT LAUD,NANTES,20,0.784573002754821
ANGERS SAINT LAUD,NANTES,21,0.7820936639118456
ANGERS SAINT LAUD,NANTES,22,0.7756198347107438
ANGERS SAINT LAUD,NANTES,23,0.7661157024793389
ANGERS SAINT LAUD,NANTES,24,0.7537190082644629
ANGERS SAINT LAUD,NANTES,25,0.7511019283746556
ANGERS SAINT LAUD,NANTES,26,0.7495867768595041
ANGERS SAINT LAUD,NANTES,27,0.7542699724517906
ANGERS SAINT LAUD,NANTES,28,0.74366391184573
ANGERS SAINT LAUD,NANTES,29,0.7293388429752066
ANGERS SAINT LAUD,NANTES,30,0.05734072022160665
ANGERS SAINT LAUD,QUIMPER,0,1.0
ANGERS SAINT LAUD,QUIMPER,1,1.0
ANGERS SAINT LAUD,QUIMPER,2,0.85
ANGERS SAINT LAUD,QUIMPER,3,0.05
ANGERS SAINT LAUD,QUIMPER,4,0.05
ANGERS SAINT LAUD,QUIMPER,5,0.05
ANGERS SAINT LAUD,QUIMPER,6,0.0
ANGERS SAINT LAUD,QUIMPER,7,0.05
ANGERS SAINT LAUD,QUIMPER,8,0.05
ANGERS SAINT LAUD,QUIMPER,9,0.0
ANGERS SAINT LAUD,QUIMPER,10,0.0
ANGERS SAINT LAUD,QUIMPER,11,0.0
ANGERS SAINT LAUD,QUIMPER,12,0.0
ANGERS SAINT LAUD,QUIMPER,13,0.0
ANGERS SAINT LAUD,QUIMPER,14,0.0
ANGERS SAINT LAUD,QUIMPER,15,0.0
ANGERS SAINT LAUD,QUIMPER,16,0.0
ANGERS SAINT LAUD,QUIMPER,17,0.0
ANGERS SAINT LAUD,QUIMPER,18,0.0
ANGERS SAINT LAUD,QUIMPER,19,0.0
ANGERS SAINT LAUD,QUIMPER,20,0.0
ANGERS SAINT LAUD,QUIMPER,21,0.0
ANGERS SAINT LAUD,QUIMPER,22,0.0
ANGERS SAINT LAUD,QUIMPER,23,0.0
ANGERS SAINT LAUD,QUIMPER,24,0.0
ANGERS SAINT LAUD,QUIMPER,25,0.0
ANGERS SAINT LAUD,QUIMPER,26,0.0
ANGERS SAINT LAUD,QUIMPER,27,0.0
ANGERS SAINT LAUD,QUIMPER,28,0.0
ANGERS SAINT LAUD,QUIMPER,29,0.0
ANGERS SAINT LAUD,QUIMPER,30,0.0
ANGERS SAINT LAUD,REDON,0,0.9
ANGERS SAINT LAUD,REDON,1,0.9
ANGERS SAINT LAUD,REDON,2,0.65
ANGERS SAINT LAUD,REDON,3,0.15
ANGERS SAINT LAUD,REDON,4,0.05
ANGERS SAINT LAUD,REDON,5,0.05
ANGERS SAINT LAUD,REDON,6,0.0
ANGERS SAINT LAUD,REDON,7,0.05
ANGERS SAINT LAUD,REDON,8,0.05
ANGERS SAINT LAUD,REDON,9,0.0
ANGERS SAINT LAUD,REDON,10,0.0
ANGERS SAINT LAUD,REDON,11,0.05
ANGERS SAINT LAUD,REDON,12,0.0
ANGERS SAINT LAUD,REDON,13,0.0
ANGERS SAINT LAUD,REDON,14,0.0
ANGERS SAINT LAUD,REDON,15,0.0
ANGERS SAINT LAUD,REDON,16,0.0
ANGERS SAINT LAUD,REDON,17,0.0
ANGERS SAINT LAUD,REDON,18,0.0
ANGERS SAINT LAUD,REDON,19,0.0
ANGERS SAINT LAUD,REDON,20,0.0
ANGERS SAINT LAUD,REDON,21,0.0
ANGERS SAINT LAUD,REDON,22,0.0
ANGERS SAINT LAUD,REDON,23,0.0
ANGERS SAINT LAUD,REDON,24,0.0
ANGERS SAINT LAUD,REDON,25,0.0
ANGERS SAINT LAUD,REDON,26,0.0
ANGERS SAINT LAUD,REDON,27,0.0
ANGERS SAINT LAUD,REDON,28,0.0
ANGERS SAINT LAUD,REDON,29,0.0
ANGERS SAINT LAUD,REDON,30,0.0
ANGERS SAINT LAUD,RENNES,0,1.0
ANGERS SAINT LAUD,RENNES,1,1.0
ANGERS SAINT LAUD,RENNES,2,1.0
ANGERS SAINT LAUD,RENNES,3,0.95
ANGERS SAINT LAUD,RENNES,4,0.95
ANGERS SAINT LAUD,RENNES,5,0.95
ANGERS SAINT LAUD,RENNES,6,1.0
ANGERS SAINT LAUD,RENNES,7,1.0
ANGERS SAINT LAUD,RENNES,8,0.8
ANGERS SAINT LAUD,RENNES,9,0.1
ANGERS SAINT LAUD,RENNES,10,0.05
ANGERS SAINT LAUD,RENNES,11,0.05
ANGERS SAINT LAUD,RENNES,12,0.0
ANGERS SAINT LAUD,RENNES,13,0.0
ANGERS SAINT LAUD,RENNES,14,0.0
ANGERS SAINT LAUD,RENNES,15,0.0
ANGERS SAINT LAUD,RENNES,16,0.0
ANGERS SAINT LAUD,RENNES,17,0.0
ANGERS SAINT LAUD,RENNES,18,0.0
ANGERS SAINT LAUD,RENNES,19,0.0
ANGERS SAINT LAUD,RENNES,20,0.0
ANGERS SAINT LAUD,RENNES,21,0.0
ANGERS SAINT LAUD,RENNES,22,0.0
ANGERS SAINT LAUD,RENNES,23,0.0
ANGERS SAINT LAUD,RENNES,24,0.0
ANGERS SAINT LAUD,RENNES,25,0.0
ANGERS SAINT LAUD,RENNES,26,0.0
ANGERS SAINT LAUD,RENNES,27,0.0
ANGERS SAINT LAUD,RENNES,28,0.0
ANGERS SAINT LAUD,RENNES,29,0.0
ANGERS SAINT LAUD,RENNES,30,0.0
ANGERS SAINT LAUD,VANNES,0,0.95
ANGERS SAINT LAUD,VANNES,1,0.95
ANGERS SAINT LAUD,VANNES,2,0.85
ANGERS SAINT LAUD,VANNES,3,0.2
ANGERS SAINT LAUD,VANNES,4,0.0
ANGERS SAINT LAUD,VANNES,5,0.0
ANGERS SAINT LAUD,VANNES,6,0.0
ANGERS SAINT LAUD,VANNES,7,0.0
ANGERS SAINT LAUD,VANNES,8,0.0
ANGERS SAINT LAUD,VANNES,9,0.0
ANGERS SAINT LAUD,VANNES,10,0.0
ANGERS SAINT LAUD,VANNES,11,0.0
ANGERS SAINT LAUD,VANNES,12,0.0
ANGERS SAINT LAUD,VANNES,13,0.0
ANGERS SAINT LAUD,VANNES,14,0.0
ANGERS SAINT LAUD,VANNES,15,0.0
ANGERS SAINT LAUD,VANNES,16,0.0
ANGERS SAINT LAUD,VANNES,17,0.0
ANGERS SAINT LAUD,VANNES,18,0.0
ANGERS SAINT LAUD,VANNES,19,0.0
ANGERS SAINT LAUD,VANNES,20,0.0
ANGERS SAINT LAUD,VANNES,21,0.0
ANGERS SAINT LAUD,VANNES,22,0.0
ANGERS SAINT LAUD,VANNES,23,0.0
ANGERS SAINT LAUD,VANNES,24,0.0
ANGERS SAINT LAUD,VANNES,25,0.0
ANGERS SAINT LAUD,VANNES,26,0.0
ANGERS SAINT LAUD,VANNES,27,0.0
ANGERS SAINT LAUD,VANNES,28,0.0
ANGERS SAINT LAUD,VANNES,29,0.0
ANGERS SAINT LAUD,VANNES,30,0.0
AURAY,LORIENT,0,1.0
AURAY,LORIENT,1,0.95
AURAY,LORIENT,2,0.85
AURAY,LORIENT,3,0.15
AURAY,LORIENT,4,0.0
AURAY,LORIENT,5,0.0
AURAY,LORIENT,6,0.0
AURAY,LORIENT,7,0.0
AURAY,LORIENT,8,0.0
AURAY,LORIENT,9,0.0
AURAY,LORIENT,10,0.0
AURAY,LORIENT,11,0.0
AURAY,LORIENT,12,0.0
AURAY,LORIENT,13,0.0
AURAY,LORIENT,14,0.0
AURAY,LORIENT,15,0.0
AURAY,LORIENT,16,0.0
AURAY,LORIENT,17,0.0
AURAY,LORIENT,18,0.0
AURAY,LORIENT,19,0.0
AURAY,LORIENT,20,0.0
AURAY,LORIENT,21,0.0
AURAY,LORIENT,22,0.0
AURAY,LORIENT,23,0.0
AURAY,LORIENT,24,0.0
AURAY,LORIENT,25,0.0
AURAY,LORIENT,26,0.0
AURAY,LORIENT,27,0.0
AURAY,LORIENT,28,0.0
AURAY,LORIENT,29,0.0
AURAY,LORIENT,30,0.0
AURAY,QUIMPER,0,1.0
AURAY,QUIMPER,1,1.0
AURAY,QUIMPER,2,0.75
AURAY,QUIMPER,3,0.05
AURAY,QUIMPER,4,0.0
AURAY,QUIMPER,5,0.0
AURAY,QUIMPER,6,0.0
AURAY,QUIMPER,7,0.0
AURAY,QUIMPER,8,0.0
AURAY,QUIMPER,9,0.0
AURAY,QUIMPER,10,0.0
AURAY,QUIMPER,11,0.0
AURAY,QUIMPER,12,0.0
AURAY,QUIMPER,13,0.0
AURAY,QUIMPER,14,0.0
AURAY,QUIMPER,15,0.0
AURAY,QUIMPER,16,0.0
AURAY,QUIMPER,17,0.0
AURAY,QUIMPER,18,0.0
AURAY,QUIMPER,19,0.0
AURAY,QUIMPER,20,0.0
AURAY,QUIMPER,21,0.0
AURAY,QUIMPER,22,0.0
AURAY,QUIMPER,23,0.0
AURAY,QUIMPER,24,0.0
AURAY,QUIMPER,25,0.0
AURAY,QUIMPER,26,0.0
AURAY,QUIMPER,27,0.0
AURAY,QUIMPER,28,0.0
AURAY,QUIMPER,29,0.0
AURAY,QUIMPER,30,0.0
AVIGNON TGV,ANGERS SAINT LAUD,0,0.23958333333333334
AVIGNON TGV,ANGERS SAINT LAUD,1,0.22916666666666666
AVIGNON TGV,ANGERS SAINT LAUD,2,0.3
AVIGNON TGV,ANGERS SAINT LAUD,3,0.29791666666666666
AVIGNON TGV,ANGERS SAINT LAUD,4,0.22291666666666665
AVIGNON TGV,ANGERS SAINT LAUD,5,0.19583333333333333
AVIGNON TGV,ANGERS SAINT LAUD,6,0.18541666666666667
AVIGNON TGV,ANGERS SAINT LAUD,7,0.2333333333333333
AVIGNON TGV,ANGERS SAINT LAUD,8,0.18333333333333335
AVIGNON TGV,ANGERS SAINT LAUD,9,0.1875
AVIGNON TGV,ANGERS SAINT LAUD,10,0.2041666666666667
AVIGNON TGV,ANGERS SAINT LAUD,11,0.23958333333333334
AVIGNON TGV,ANGERS SAINT LAUD,12,0.04791666666666666
AVIGNON TGV,ANGERS SAINT LAUD,13,0.041666666666666664
AVIGNON TGV,ANGERS SAINT LAUD,14,0.02916666666666667
AVIGNON TGV,ANGERS SAINT LAUD,15,0.012499999999999999
AVIGNON TGV,ANGERS SAINT LAUD,16,0.043478260869565216
AVIGNON TGV,ANGERS SAINT LAUD,17,0.04565217391304348
AVIGNON TGV,ANGERS SAINT LAUD,18,0.041666666666666664
AVIGNON TGV,ANGERS SAINT LAUD,19,0.043750000000000004
AVIGNON TGV,ANGERS SAINT LAUD,20,0.041666666666666664
AVIGNON TGV,ANGERS SAINT LAUD,21,0.041666666666666664
AVIGNON TGV,ANGERS SAINT LAUD,22,0.04583333333333334
AVIGNON TGV,ANGERS SAINT LAUD,23,0.04782608695652174
AVIGNON TGV,ANGERS SAINT LAUD,24,0.04565217391304348
AVIGNON TGV,ANGERS SAINT LAUD,25,0.075
AVIGNON TGV,ANGERS SAINT LAUD,26,0.075
AVIGNON TGV,ANGERS SAINT LAUD,27,0.07708333333333334
AVIGNON TGV,ANGERS SAINT LAUD,28,0.06458333333333333
AVIGNON TGV,ANGERS SAINT LAUD,29,0.043750000000000004
AVIGNON TGV,ANGERS SAINT LAUD,30,0.018181818181818184
AVIGNON TGV,LAVAL,0,0.14040404040404042
AVIGNON TGV,LAVAL,1,0.14864864864864866
AVIGNON TGV,LAVAL,2,0.15101351351351353
AVIGNON TGV,LAVAL,3,0.14510135135135135
AVIGNON TGV,LAVAL,4,0.06148648648648648
AVIGNON TGV,LAVAL,5,0.06097972972972973
AVIGNON TGV,LAVAL,6,0.06689189189189189
AVIGNON TGV,LAVAL,7,0.07381756756756758
AVIGNON TGV,LAVAL,8,0.0773489932885906
AVIGNON TGV,LAVAL,9,0.07432885906040268
AVIGNON TGV,LAVAL,10,0.07214765100671142
AVIGNON TGV,LAVAL,11,0.07080536912751678
AVIGNON TGV,LAVAL,12,0.008249158249158249
AVIGNON TGV,LAVAL,13,0.005236486486486487
AVIGNON TGV,LAVAL,14,0.006949152542372881
AVIGNON TGV,LAVAL,15,0.004761904761904762
AVIGNON TGV,LAVAL,16,0.0013651877133105802
AVIGNON TGV,LAVAL,17,0.003938356164383561
AVIGNON TGV,LAVAL,18,0.004123711340206186
AVIGNON TGV,LAVAL,19,0.006228373702422145
AVIGNON TGV,LAVAL,20,0.004355400696864111
AVIGNON TGV,LAVAL,21,0.0036713286713286717
AVIGNON TGV,LAVAL,22,0.004049295774647887
AVIGNON TGV,LAVAL,23,0.0038869257950530037
AVIGNON TGV,LAVAL,24,0.004626334519572954
AVIGNON TGV,LAVAL,25,0.009318996415770608
AVIGNON TGV,LAVAL,26,0.008633093525179856
AVIGNON TGV,LAVAL,27,0.011010830324909746
AVIGNON TGV,LAVAL,28,0.011231884057971014
AVIGNON TGV,LAVAL,29,0.011496350364963503
AVIGNON TGV,LAVAL,30,0.0011029411764705882
AVIGNON TGV,LE HAVRE,0,0.3038062283737024
AVIGNON TGV,LE HAVRE,1,0.32534722222222223
AVIGNON TGV,LE HAVRE,2,0.32534722222222223
AVIGNON TGV,LE HAVRE,3,0.32934027777777775
AVIGNON TGV,LE HAVRE,4,0.17934027777777778
AVIGNON TGV,LE HAVRE,5,0.17804878048780487
AVIGNON TGV,LE HAVRE,6,0.19041811846689896
AVIGNON TGV,LE HAVRE,7,0.21097560975609755
AVIGNON TGV,LE HAVRE,8,0.21468531468531468
AVIGNON TGV,LE HAVRE,9,0.2102787456445993
AVIGNON TGV,LE HAVRE,10,0.22152777777777777
AVIGNON TGV,LE HAVRE,11,0.22725694444444444
AVIGNON TGV,LE HAVRE,12,0.03885017421602788
AVIGNON TGV,LE HAVRE,13,0.03496503496503497
AVIGNON TGV,LE HAVRE,14,0.04265734265734265
AVIGNON TGV,LE HAVRE,15,0.03986013986013986
AVIGNON TGV,LE HAVRE,16,0.043531468531468526
AVIGNON TGV,LE HAVRE,17,0.04423076923076923
AVIGNON TGV,LE HAVRE,18,0.04421052631578947
AVIGNON TGV,LE HAVRE,19,0.03767605633802817
AVIGNON TGV,LE HAVRE,20,0.0375
AVIGNON TGV,LE HAVRE,21,0.04014084507042254
AVIGNON TGV,LE HAVRE,22,0.05193661971830986
AVIGNON TGV,LE HAVRE,23,0.052464788732394366
AVIGNON TGV,LE HAVRE,24,0.05299295774647887
AVIGNON TGV,LE HAVRE,25,0.05565371024734982
AVIGNON TGV,LE HAVRE,26,0.061879432624113474
AVIGNON TGV,LE HAVRE,27,0.05992907801418439
AVIGNON TGV,LE HAVRE,28,0.049468085106382974
AVIGNON TGV,LE HAVRE,29,0.04840425531914894
AVIGNON TGV,LE HAVRE,30,0.011209964412811387
AVIGNON TGV,LE MANS,0,0.14737704918032787
AVIGNON TGV,LE MANS,1,0.15625
AVIGNON TGV,LE MANS,2,0.15032786885245902
AVIGNON TGV,LE MANS,3,0.14655737704918034
AVIGNON TGV,LE MANS,4,0.06967213114754098
AVIGNON TGV,LE MANS,5,0.07039473684210526
AVIGNON TGV,LE MANS,6,0.07894736842105263
AVIGNON TGV,LE MANS,7,0.07976973684210527
AVIGNON TGV,LE MANS,8,0.08202614379084966
AVIGNON TGV,LE MANS,9,0.08496732026143791
AVIGNON TGV,LE MANS,10,0.08398692810457516
AVIGNON TGV,LE MANS,11,0.08725490196078431
AVIGNON TGV,LE MANS,12,0.009180327868852459
AVIGNON TGV,LE MANS,13,0.005263157894736842
AVIGNON TGV,LE MANS,14,0.005921052631578947
AVIGNON TGV,LE MANS,15,0.0042763157894736845
AVIGNON TGV,LE MANS,16,0.005263157894736842
AVIGNON TGV,LE MANS,17,0.008910891089108912
AVIGNON TGV,LE MANS,18,0.00728476821192053
AVIGNON TGV,LE MANS,19,0.009333333333333334
AVIGNON TGV,LE MANS,20,0.00721476510067114
AVIGNON TGV,LE MANS,21,0.007046979865771812
AVIGNON TGV,LE MANS,22,0.0065656565656565654
AVIGNON TGV,LE MANS,23,0.007094594594594595
AVIGNON TGV,LE MANS,24,0.0054421768707483
AVIGNON TGV,LE MANS,25,0.010616438356164383
AVIGNON TGV,LE MANS,26,0.01103448275862069
AVIGNON TGV,LE MANS,27,0.012975778546712802
AVIGNON TGV,LE MANS,28,0.013715277777777778
AVIGNON TGV,LE MANS,29,0.013636363636363636
AVIGNON TGV,LE MANS,30,0.002640845070422535
AVIGNON TGV,LYON (intramuros),0,0.47
AVIGNON TGV,LYON (intramuros),1,0.4966101694915255
AVIGNON TGV,LYON (intramuros),2,0.507768361581921
AVIGNON TGV,LYON (intramuros),3,0.5097733711048158
AVIGNON TGV,LYON (intramuros),4,0.3970254957507082
AVIGNON TGV,LYON (intramuros),5,0.38286118980169975
AVIGNON TGV,LYON (intramuros),6,0.393342776203966
AVIGNON TGV,LYON (intramuros),7,0.38243626062322944
AVIGNON TGV,LYON (intramuros),8,0.3845609065155807
AVIGNON TGV,LYON (intramuros),9,0.38781869688385273
AVIGNON TGV,LYON (intramuros),10,0.39263456090651555
AVIGNON TGV,LYON (intramuros),11,0.3909348441926346
AVIGNON TGV,LYON (intramuros),12,0.219971671388102
AVIGNON TGV,LYON (intramuros),13,0.20991501416430594
AVIGNON TGV,LYON (intramuros),14,0.21827195467422095
AVIGNON TGV,LYON (intramuros),15,0.20411931818181817
AVIGNON TGV,LYON (intramuros),16,0.21292613636363636
AVIGNON TGV,LYON (intramuros),17,0.21605113636363635
AVIGNON TGV,LYON (intramuros),18,0.2184659090909091
AVIGNON TGV,LYON (intramuros),19,0.21931818181818183
AVIGNON TGV,LYON (intramuros),20,0.22215909090909092
AVIGNON TGV,LYON (intramuros),21,0.2113636363636364
AVIGNON TGV,LYON (intramuros),22,0.21410256410256412
AVIGNON TGV,LYON (intramuros),23,0.21396011396011394
AVIGNON TGV,LYON (intramuros),24,0.21866096866096865
AVIGNON TGV,LYON (intramuros),25,0.22457142857142856
AVIGNON TGV,LYON (intramuros),26,0.22142857142857142
AVIGNON TGV,LYON (intramuros),27,0.2124285714285714
AVIGNON TGV,LYON (intramuros),28,0.19971428571428573
AVIGNON TGV,LYON (intramuros),29,0.19255014326647565
AVIGNON TGV,LYON (intramuros),30,0.03515850144092219
AVIGNON TGV,LYON ST EXUPERY TGV.,0,0.0
AVIGNON TGV,LYON ST EXUPERY TGV.,1,0.0
AVIGNON TGV,LYON ST EXUPERY TGV.,2,0.0
AVIGNON TGV,LYON ST EXUPERY TGV.,3,0.0
AVIGNON TGV,LYON ST EXUPERY TGV.,4,0.0
AVIGNON TGV,LYON ST EXUPERY TGV.,5,0.0
AVIGNON TGV,LYON ST EXUPERY TGV.,6,0.0
AVIGNON TGV,LYON ST EXUPERY TGV.,7,0.0
AVIGNON TGV,LYON ST EXUPERY TGV.,8,0.0
AVIGNON TGV,LYON ST EXUPERY TGV.,9,0.0
AVIGNON TGV,LYON ST EXUPERY TGV.,10,0.0
AVIGNON TGV,LYON ST EXUPERY TGV.,11,0.0
AVIGNON TGV,LYON ST EXUPERY TGV.,12,0.0
AVIGNON TGV,LYON ST EXUPERY TGV.,13,0.0
AVIGNON TGV,LYON ST EXUPERY TGV.,14,0.0
AVIGNON TGV,LYON ST EXUPERY TGV.,15,0.0
AVIGNON TGV,LYON ST EXUPERY TGV.,16,0.0
AVIGNON TGV,LYON ST EXUPERY TGV.,17,0.0
AVIGNON TGV,LYON ST EXUPERY TGV.,18,0.0
AVIGNON TGV,LYON ST EXUPERY TGV.,19,0.0
AVIGNON TGV,LYON ST EXUPERY TGV.,20,0.0
AVIGNON TGV,LYON ST EXUPERY TGV.,21,0.0
AVIGNON TGV,LYON ST EXUPERY TGV.,22,0.0
AVIGNON TGV,LYON ST EXUPERY TGV.,23,0.0
AVIGNON TGV,LYON ST EXUPERY TGV.,24,0.0
AVIGNON TGV,LYON ST EXUPERY TGV.,25,0.0
AVIGNON TGV,LYON ST EXUPERY TGV.,26,0.0
AVIGNON TGV,LYON ST EXUPERY TGV.,27,0.0
AVIGNON TGV,LYON ST EXUPERY TGV.,28,0.0
AVIGNON TGV,LYON ST EXUPERY TGV.,29,0.0
AVIGNON TGV,MANTES LA JOLIE,0,0.29658703071672354
AVIGNON TGV,MANTES LA JOLIE,1,0.32380136986301367
AVIGNON TGV,MANTES LA JOLIE,2,0.32517123287671235
AVIGNON TGV,MANTES LA JOLIE,3,0.32431506849315067
AVIGNON TGV,MANTES LA JOLIE,4,0.18082191780821916
AVIGNON TGV,MANTES LA JOLIE,5,0.1754295532646048
AVIGNON TGV,MANTES LA JOLIE,6,0.18642611683848798
AVIGNON TGV,MANTES LA JOLIE,7,0.21305841924398625
AVIGNON TGV,MANTES LA JOLIE,8,0.21448275862068966
AVIGNON TGV,MANTES LA JOLIE,9,0.21769759450171822
AVIGNON TGV,MANTES LA JOLIE,10,0.21986301369863015
AVIGNON TGV,MANTES LA JOLIE,11,0.2227739726027397
AVIGNON TGV,MANTES LA JOLIE,12,0.03969072164948454
AVIGNON TGV,MANTES LA JOLIE,13,0.03431034482758621
AVIGNON TGV,MANTES LA JOLIE,14,0.03862068965517241
AVIGNON TGV,MANTES LA JOLIE,15,0.038275862068965515
AVIGNON TGV,MANTES LA JOLIE,16,0.042068965517241375
AVIGNON TGV,MANTES LA JOLIE,17,0.043620689655172414
AVIGNON TGV,MANTES LA JOLIE,18,0.04325259515570934
AVIGNON TGV,MANTES LA JOLIE,19,0.03628472222222222
AVIGNON TGV,MANTES LA JOLIE,20,0.036111111111111115
AVIGNON TGV,MANTES LA JOLIE,21,0.03784722222222223
AVIGNON TGV,MANTES LA JOLIE,22,0.050868055555555555
AVIGNON TGV,MANTES LA JOLIE,23,0.052256944444444446
AVIGNON TGV,MANTES LA JOLIE,24,0.05295138888888889
AVIGNON TGV,MANTES LA JOLIE,25,0.055226480836236935
AVIGNON TGV,MANTES LA JOLIE,26,0.06153846153846154
AVIGNON TGV,MANTES LA JOLIE,27,0.057167832167832174
AVIGNON TGV,MANTES LA JOLIE,28,0.05034965034965035
AVIGNON TGV,MANTES LA JOLIE,29,0.0493006993006993
AVIGNON TGV,MANTES LA JOLIE,30,0.012456140350877193
AVIGNON TGV,MASSY PALAISEAU,0,0.30474576271186443
AVIGNON TGV,MASSY PALAISEAU,1,0.3306122448979592
AVIGNON TGV,MASSY PALAISEAU,2,0.3324829931972789
AVIGNON TGV,MASSY PALAISEAU,3,0.32125850340136053
AVIGNON TGV,MASSY PALAISEAU,4,0.18027210884353742
AVIGNON TGV,MASSY PALAISEAU,5,0.1764505119453925
AVIGNON TGV,MASSY PALAISEAU,6,0.18805460750853242
AVIGNON TGV,MASSY PALAISEAU,7,0.2129692832764505
AVIGNON TGV,MASSY PALAISEAU,8,0.21797945205479452
AVIGNON TGV,MASSY PALAISEAU,9,0.2151877133105802
AVIGNON TGV,MASSY PALAISEAU,10,0.22295918367346937
AVIGNON TGV,MASSY PALAISEAU,11,0.22227891156462584
AVIGNON TGV,MASSY PALAISEAU,12,0.039419795221843
AVIGNON TGV,MASSY PALAISEAU,13,0.03356164383561644
AVIGNON TGV,MASSY PALAISEAU,14,0.04058219178082192
AVIGNON TGV,MASSY PALAISEAU,15,0.03835616438356164
AVIGNON TGV,MASSY PALAISEAU,16,0.04400684931506849
AVIGNON TGV,MASSY PALAISEAU,17,0.04657534246575342
AVIGNON TGV,MASSY PALAISEAU,18,0.045189003436426116
AVIGNON TGV,MASSY PALAISEAU,19,0.039655172413793106
AVIGNON TGV,MASSY PALAISEAU,20,0.03948275862068965
AVIGNON TGV,MASSY PALAISEAU,21,0.0406896551724138
AVIGNON TGV,MASSY PALAISEAU,22,0.05344827586206897
AVIGNON TGV,MASSY PALAISEAU,23,0.054310344827586204
AVIGNON TGV,MASSY PALAISEAU,24,0.05517241379310345
AVIGNON TGV,MASSY PALAISEAU,25,0.06055363321799308
AVIGNON TGV,MASSY PALAISEAU,26,0.06475694444444444
AVIGNON TGV,MASSY PALAISEAU,27,0.059375000000000004
AVIGNON TGV,MASSY PALAISEAU,28,0.05190972222222222
AVIGNON TGV,MASSY PALAISEAU,29,0.04739583333333333
AVIGNON TGV,MASSY PALAISEAU,30,0.009407665505226481
AVIGNON TGV,MASSY TGV,0,0.1468013468013468
AVIGNON TGV,MASSY TGV,1,0.16097972972972974
AVIGNON TGV,MASSY TGV,2,0.15
AVIGNON TGV,MASSY TGV,3,0.14915824915824916
AVIGNON TGV,MASSY TGV,4,0.06616161616161616
AVIGNON TGV,MASSY TGV,5,0.06706081081081082
AVIGNON TGV,MASSY TGV,6,0.07449324324324325
AVIGNON TGV,MASSY TGV,7,0.07347972972972973
AVIGNON TGV,MASSY TGV,8,0.07550335570469799
AVIGNON TGV,MASSY TGV,9,0.07802013422818792
AVIGNON TGV,MASSY TGV,10,0.07298657718120806
AVIGNON TGV,MASSY TGV,11,0.0773489932885906
AVIGNON TGV,MASSY TGV,12,0.012962962962962963
AVIGNON TGV,MASSY TGV,13,0.009459459459459458
AVIGNON TGV,MASSY TGV,14,0.010135135135135136
AVIGNON TGV,MASSY TGV,15,0.005405405405405406
AVIGNON TGV,MASSY TGV,16,0.0015202702702702704
AVIGNON TGV,MASSY TGV,17,0.005932203389830509
AVIGNON TGV,MASSY TGV,18,0.007482993197278912
AVIGNON TGV,MASSY TGV,19,0.010102739726027397
AVIGNON TGV,MASSY TGV,20,0.007241379310344828
AVIGNON TGV,MASSY TGV,21,0.007241379310344826
AVIGNON TGV,MASSY TGV,22,0.00726643598615917
AVIGNON TGV,MASSY TGV,23,0.0071180555555555546
AVIGNON TGV,MASSY TGV,24,0.00541958041958042
AVIGNON TGV,MASSY TGV,25,0.010211267605633803
AVIGNON TGV,MASSY TGV,26,0.01099290780141844
AVIGNON TGV,MASSY TGV,27,0.015658362989323844
AVIGNON TGV,MASSY TGV,28,0.015178571428571428
AVIGNON TGV,MASSY TGV,29,0.01276978417266187
AVIGNON TGV,MASSY TGV,30,0.002898550724637681
AVIGNON TGV,NANTES,0,0.22083333333333333
AVIGNON TGV,NANTES,1,0.22708333333333333
AVIGNON TGV,NANTES,2,0.28958333333333336
AVIGNON TGV,NANTES,3,0.3104166666666667
AVIGNON TGV,NANTES,4,0.2354166666666667
AVIGNON TGV,NANTES,5,0.20625000000000002
AVIGNON TGV,NANTES,6,0.18541666666666667
AVIGNON TGV,NANTES,7,0.22916666666666666
AVIGNON TGV,NANTES,8,0.1875
AVIGNON TGV,NANTES,9,0.18541666666666667
AVIGNON TGV,NANTES,10,0.21458333333333335
AVIGNON TGV,NANTES,11,0.23124999999999998
AVIGNON TGV,NANTES,12,0.04791666666666666
AVIGNON TGV,NANTES,13,0.0375
AVIGNON TGV,NANTES,14,0.0375
AVIGNON TGV,NANTES,15,0.004166666666666667
AVIGNON TGV,NANTES,16,0.03695652173913044
AVIGNON TGV,NANTES,17,0.043478260869565216
AVIGNON TGV,NANTES,18,0.043750000000000004
AVIGNON TGV,NANTES,19,0.04583333333333334
AVIGNON TGV,NANTES,20,0.043750000000000004
AVIGNON TGV,NANTES,21,0.041666666666666664
AVIGNON TGV,NANTES,22,0.043750000000000004
AVIGNON TGV,NANTES,23,0.043478260869565216
AVIGNON TGV,NANTES,24,0.05434782608695652
AVIGNON TGV,NANTES,25,0.07708333333333334
AVIGNON TGV,NANTES,26,0.07708333333333334
AVIGNON TGV,NANTES,27,0.08125
AVIGNON TGV,NANTES,28,0.07708333333333334
AVIGNON TGV,NANTES,29,0.043750000000000004
AVIGNON TGV,NANTES,30,0.013636363636363636
AVIGNON TGV,RENNES,0,0.1495081967213115
AVIGNON TGV,RENNES,1,0.15296052631578946
AVIGNON TGV,RENNES,2,0.1519672131147541
AVIGNON TGV,RENNES,3,0.1501639344262295
AVIGNON TGV,RENNES,4,0.0680327868852459
AVIGNON TGV,RENNES,5,0.0680921052631579
AVIGNON TGV,RENNES,6,0.07401315789473684
AVIGNON TGV,RENNES,7,0.07532894736842105
AVIGNON TGV,RENNES,8,0.0815359477124183
AVIGNON TGV,RENNES,9,0.0826797385620915
AVIGNON TGV,RENNES,10,0.0826797385620915
AVIGNON TGV,RENNES,11,0.08300653594771241
AVIGNON TGV,RENNES,12,0.00819672131147541
AVIGNON TGV,RENNES,13,0.0044407894736842105
AVIGNON TGV,RENNES,14,0.006578947368421052
AVIGNON TGV,RENNES,15,0.005263157894736842
AVIGNON TGV,RENNES,16,0.0018092105263157897
AVIGNON TGV,RENNES,17,0.006270627062706271
AVIGNON TGV,RENNES,18,0.007781456953642385
AVIGNON TGV,RENNES,19,0.008833333333333334
AVIGNON TGV,RENNES,20,0.007718120805369127
AVIGNON TGV,RENNES,21,0.00721476510067114
AVIGNON TGV,RENNES,22,0.007070707070707071
AVIGNON TGV,RENNES,23,0.006756756756756757
AVIGNON TGV,RENNES,24,0.004081632653061224
AVIGNON TGV,RENNES,25,0.009760273972602738
AVIGNON TGV,RENNES,26,0.008448275862068966
AVIGNON TGV,RENNES,27,0.009515570934256055
AVIGNON TGV,RENNES,28,0.010416666666666666
AVIGNON TGV,RENNES,29,0.011713286713286713
AVIGNON TGV,RENNES,30,0.0017605633802816902
AVIGNON TGV,ROUEN RIVE DROITE,0,0.2962457337883959
AVIGNON TGV,ROUEN RIVE DROITE,1,0.3316780821917808
AVIGNON TGV,ROUEN RIVE DROITE,2,0.3309931506849315
AVIGNON TGV,ROUEN RIVE DROITE,3,0.33116438356164385
AVIGNON TGV,ROUEN RIVE DROITE,4,0.17602739726027397
AVIGNON TGV,ROUEN RIVE DROITE,5,0.17371134020618556
AVIGNON TGV,ROUEN RIVE DROITE,6,0.1859106529209622
AVIGNON TGV,ROUEN RIVE DROITE,7,0.20652920962199314
AVIGNON TGV,ROUEN RIVE DROITE,8,0.21310344827586206
AVIGNON TGV,ROUEN RIVE DROITE,9,0.211340206185567
AVIGNON TGV,ROUEN RIVE DROITE,10,0.21815068493150686
AVIGNON TGV,ROUEN RIVE DROITE,11,0.2220890410958904
AVIGNON TGV,ROUEN RIVE DROITE,12,0.03986254295532646
AVIGNON TGV,ROUEN RIVE DROITE,13,0.032413793103448274
AVIGNON TGV,ROUEN RIVE DROITE,14,0.03913793103448276
AVIGNON TGV,ROUEN RIVE DROITE,15,0.03862068965517241
AVIGNON TGV,ROUEN RIVE DROITE,16,0.041379310344827586
AVIGNON TGV,ROUEN RIVE DROITE,17,0.04586206896551724
AVIGNON TGV,ROUEN RIVE DROITE,18,0.042906574394463666
AVIGNON TGV,ROUEN RIVE DROITE,19,0.03680555555555556
AVIGNON TGV,ROUEN RIVE DROITE,20,0.035763888888888894
AVIGNON TGV,ROUEN RIVE DROITE,21,0.03871527777777778
AVIGNON TGV,ROUEN RIVE DROITE,22,0.05
AVIGNON TGV,ROUEN RIVE DROITE,23,0.051736111111111115
AVIGNON TGV,ROUEN RIVE DROITE,24,0.05190972222222222
AVIGNON TGV,ROUEN RIVE DROITE,25,0.05331010452961673
AVIGNON TGV,ROUEN RIVE DROITE,26,0.06136363636363636
AVIGNON TGV,ROUEN RIVE DROITE,27,0.05734265734265734
AVIGNON TGV,ROUEN RIVE DROITE,28,0.049650349650349646
AVIGNON TGV,ROUEN RIVE DROITE,29,0.049825174825174824
AVIGNON TGV,ROUEN RIVE DROITE,30,0.00982456140350877
AVIGNON TGV,VALENCE TGV AUVERGNE RHONE ALPES,0,0.42142857142857143
AVIGNON TGV,VALENCE TGV AUVERGNE RHONE ALPES,1,0.43375796178343945
AVIGNON TGV,VALENCE TGV AUVERGNE RHONE ALPES,2,0.42691082802547775
AVIGNON TGV,VALENCE TGV AUVERGNE RHONE ALPES,3,0.4332802547770701
AVIGNON TGV,VALENCE TGV AUVERGNE RHONE ALPES,4,0.2840764331210191
AVIGNON TGV,VALENCE TGV AUVERGNE RHONE ALPES,5,0.27140575079872203
AVIGNON TGV,VALENCE TGV AUVERGNE RHONE ALPES,6,0.29233226837060705
AVIGNON TGV,VALENCE TGV AUVERGNE RHONE ALPES,7,0.2781150159744409
AVIGNON TGV,VALENCE TGV AUVERGNE RHONE ALPES,8,0.27548076923076925
AVIGNON TGV,VALENCE TGV AUVERGNE RHONE ALPES,9,0.2889776357827476
AVIGNON TGV,VALENCE TGV AUVERGNE RHONE ALPES,10,0.2976114649681529
AVIGNON TGV,VALENCE TGV AUVERGNE RHONE ALPES,11,0.30254777070063693
AVIGNON TGV,VALENCE TGV AUVERGNE RHONE ALPES,12,0.1546325878594249
AVIGNON TGV,VALENCE TGV AUVERGNE RHONE ALPES,13,0.14903846153846154
AVIGNON TGV,VALENCE TGV AUVERGNE RHONE ALPES,14,0.15977564102564104
AVIGNON TGV,VALENCE TGV AUVERGNE RHONE ALPES,15,0.1519230769230769
AVIGNON TGV,VALENCE TGV AUVERGNE RHONE ALPES,16,0.1697749196141479
AVIGNON TGV,VALENCE TGV AUVERGNE RHONE ALPES,17,0.17282958199356913
AVIGNON TGV,VALENCE TGV AUVERGNE RHONE ALPES,18,0.17717041800643088
AVIGNON TGV,VALENCE TGV AUVERGNE RHONE ALPES,19,0.17580645161290323
AVIGNON TGV,VALENCE TGV AUVERGNE RHONE ALPES,20,0.1753225806451613
AVIGNON TGV,VALENCE TGV AUVERGNE RHONE ALPES,21,0.17322580645161292
AVIGNON TGV,VALENCE TGV AUVERGNE RHONE ALPES,22,0.17951612903225805
AVIGNON TGV,VALENCE TGV AUVERGNE RHONE ALPES,23,0.17459546925566344
AVIGNON TGV,VALENCE TGV AUVERGNE RHONE ALPES,24,0.17508090614886732
AVIGNON TGV,VALENCE TGV AUVERGNE RHONE ALPES,25,0.1838187702265372
AVIGNON TGV,VALENCE TGV AUVERGNE RHONE ALPES,26,0.18214285714285713
AVIGNON TGV,VALENCE TGV AUVERGNE RHONE ALPES,27,0.1767857142857143
AVIGNON TGV,VALENCE TGV AUVERGNE RHONE ALPES,28,0.16915584415584417
AVIGNON TGV,VALENCE TGV AUVERGNE RHONE ALPES,29,0.16347402597402597
AVIGNON TGV,VALENCE TGV AUVERGNE RHONE ALPES,30,0.039180327868852456
AVIGNON TGV,VERSAILLES CHANTIERS,0,0.30102389078498293
AVIGNON TGV,VERSAILLES CHANTIERS,1,0.32808219178082193
AVIGNON TGV,VERSAILLES CHANTIERS,2,0.3273972602739726
AVIGNON TGV,VERSAILLES CHANTIERS,3,0.3236301369863014
AVIGNON TGV,VERSAILLES CHANTIERS,4,0.18099315068493152
AVIGNON TGV,VERSAILLES CHANTIERS,5,0.1718213058419244
AVIGNON TGV,VERSAILLES CHANTIERS,6,0.18161512027491408
AVIGNON TGV,VERSAILLES CHANTIERS,7,0.20790378006872853
AVIGNON TGV,VERSAILLES CHANTIERS,8,0.21448275862068966
AVIGNON TGV,VERSAILLES CHANTIERS,9,0.21580756013745703
AVIGNON TGV,VERSAILLES CHANTIERS,10,0.2226027397260274
AVIGNON TGV,VERSAILLES CHANTIERS,11,0.2231164383561644
AVIGNON TGV,VERSAILLES CHANTIERS,12,0.037800687285223365
AVIGNON TGV,VERSAILLES CHANTIERS,13,0.03327586206896552
AVIGNON TGV,VERSAILLES CHANTIERS,14,0.04017241379310345
AVIGNON TGV,VERSAILLES CHANTIERS,15,0.03862068965517241
AVIGNON TGV,VERSAILLES CHANTIERS,16,0.04172413793103448
AVIGNON TGV,VERSAILLES CHANTIERS,17,0.04448275862068966
AVIGNON TGV,VERSAILLES CHANTIERS,18,0.042733564013840826
AVIGNON TGV,VERSAILLES CHANTIERS,19,0.03680555555555556
AVIGNON TGV,VERSAILLES CHANTIERS,20,0.035763888888888894
AVIGNON TGV,VERSAILLES CHANTIERS,21,0.03836805555555556
AVIGNON TGV,VERSAILLES CHANTIERS,22,0.051388888888888894
AVIGNON TGV,VERSAILLES CHANTIERS,23,0.052083333333333336
AVIGNON TGV,VERSAILLES CHANTIERS,24,0.052256944444444446
AVIGNON TGV,VERSAILLES CHANTIERS,25,0.05662020905923345
AVIGNON TGV,VERSAILLES CHANTIERS,26,0.06153846153846154
AVIGNON TGV,VERSAILLES CHANTIERS,27,0.05734265734265734
AVIGNON TGV,VERSAILLES CHANTIERS,28,0.05104895104895105
AVIGNON TGV,VERSAILLES CHANTIERS,29,0.05104895104895105
AVIGNON TGV,VERSAILLES CHANTIERS,30,0.010701754385964914
BOURG SAINT MAURICE,AIME LA PLAGNE,0,0.7777777777777778
BOURG SAINT MAURICE,AIME LA PLAGNE,1,0.7777777777777778
BOURG SAINT MAURICE,AIME LA PLAGNE,2,0.7722222222222223
BOURG SAINT MAURICE,AIME LA PLAGNE,3,0.7611111111111111
BOURG SAINT MAURICE,AIME LA PLAGNE,4,0.5555555555555556
BOURG SAINT MAURICE,AIME LA PLAGNE,5,0.5555555555555556
BOURG SAINT MAURICE,AIME LA PLAGNE,6,0.55
BOURG SAINT MAURICE,AIME LA PLAGNE,7,0.5555555555555556
BOURG SAINT MAURICE,AIME LA PLAGNE,8,0.5555555555555556
BOURG SAINT MAURICE,AIME LA PLAGNE,9,0.5555555555555556
BOURG SAINT MAURICE,AIME LA PLAGNE,10,0.5555555555555556
BOURG SAINT MAURICE,AIME LA PLAGNE,11,0.55
BOURG SAINT MAURICE,AIME LA PLAGNE,12,0.4444444444444444
BOURG SAINT MAURICE,AIME LA PLAGNE,13,0.4277777777777778
BOURG SAINT MAURICE,AIME LA PLAGNE,14,0.3888888888888889
BOURG SAINT MAURICE,AIME LA PLAGNE,15,0.3611111111111111
BOURG SAINT MAURICE,AIME LA PLAGNE,16,0.4444444444444444
BOURG SAINT MAURICE,AIME LA PLAGNE,17,0.4444444444444444
BOURG SAINT MAURICE,AIME LA PLAGNE,18,0.4444444444444444
BOURG SAINT MAURICE,AIME LA PLAGNE,19,0.44999999999999996
BOURG SAINT MAURICE,AIME LA PLAGNE,20,0.44999999999999996
BOURG SAINT MAURICE,AIME LA PLAGNE,21,0.44999999999999996
BOURG SAINT MAURICE,AIME LA PLAGNE,22,0.43333333333333335
BOURG SAINT MAURICE,AIME LA PLAGNE,23,0.4277777777777778
BOURG SAINT MAURICE,AIME LA PLAGNE,24,0.34444444444444444
BOURG SAINT MAURICE,AIME LA PLAGNE,25,0.3333333333333333
BOURG SAINT MAURICE,AIME LA PLAGNE,26,0.3333333333333333
BOURG SAINT MAURICE,AIME LA PLAGNE,27,0.3333333333333333
BOURG SAINT MAURICE,AIME LA PLAGNE,28,0.3055555555555556
BOURG SAINT MAURICE,AIME LA PLAGNE,29,0.1388888888888889
BOURG SAINT MAURICE,AIME LA PLAGNE,30,0.027777777777777776
BOURG SAINT MAURICE,ALBERTVILLE,0,0.7777777777777778
BOURG SAINT MAURICE,ALBERTVILLE,1,0.7722222222222223
BOURG SAINT MAURICE,ALBERTVILLE,2,0.7777777777777778
BOURG SAINT MAURICE,ALBERTVILLE,3,0.7666666666666667
BOURG SAINT MAURICE,ALBERTVILLE,4,0.5611111111111111
BOURG SAINT MAURICE,ALBERTVILLE,5,0.55
BOURG SAINT MAURICE,ALBERTVILLE,6,0.5555555555555556
BOURG SAINT MAURICE,ALBERTVILLE,7,0.5555555555555556
BOURG SAINT MAURICE,ALBERTVILLE,8,0.5555555555555556
BOURG SAINT MAURICE,ALBERTVILLE,9,0.5555555555555556
BOURG SAINT MAURICE,ALBERTVILLE,10,0.5555555555555556
BOURG SAINT MAURICE,ALBERTVILLE,11,0.5555555555555556
BOURG SAINT MAURICE,ALBERTVILLE,12,0.4444444444444444
BOURG SAINT MAURICE,ALBERTVILLE,13,0.4444444444444444
BOURG SAINT MAURICE,ALBERTVILLE,14,0.4277777777777778
BOURG SAINT MAURICE,ALBERTVILLE,15,0.37222222222222223
BOURG SAINT MAURICE,ALBERTVILLE,16,0.4444444444444444
BOURG SAINT MAURICE,ALBERTVILLE,17,0.4444444444444444
BOURG SAINT MAURICE,ALBERTVILLE,18,0.4444444444444444
BOURG SAINT MAURICE,ALBERTVILLE,19,0.4444444444444444
BOURG SAINT MAURICE,ALBERTVILLE,20,0.4444444444444444
BOURG SAINT MAURICE,ALBERTVILLE,21,0.4444444444444444
BOURG SAINT MAURICE,ALBERTVILLE,22,0.4444444444444444
BOURG SAINT MAURICE,ALBERTVILLE,23,0.4444444444444444
BOURG SAINT MAURICE,ALBERTVILLE,24,0.33888888888888885
BOURG SAINT MAURICE,ALBERTVILLE,25,0.33888888888888885
BOURG SAINT MAURICE,ALBERTVILLE,26,0.33888888888888885
BOURG SAINT MAURICE,ALBERTVILLE,27,0.3277777777777778
BOURG SAINT MAURICE,ALBERTVILLE,28,0.3055555555555556
BOURG SAINT MAURICE,ALBERTVILLE,29,0.14444444444444443
BOURG SAINT MAURICE,ALBERTVILLE,30,0.02222222222222222
BOURG SAINT MAURICE,ANGERS SAINT LAUD,0,0.7666666666666667
BOURG SAINT MAURICE,ANGERS SAINT LAUD,1,0.6888888888888889
BOURG SAINT MAURICE,ANGERS SAINT LAUD,2,0.6777777777777777
BOURG SAINT MAURICE,ANGERS SAINT LAUD,3,0.6722222222222222
BOURG SAINT MAURICE,ANGERS SAINT LAUD,4,0.47777777777777775
BOURG SAINT MAURICE,ANGERS SAINT LAUD,5,0.4444444444444444
BOURG SAINT MAURICE,ANGERS SAINT LAUD,6,0.4444444444444444
BOURG SAINT MAURICE,ANGERS SAINT LAUD,7,0.4444444444444444
BOURG SAINT MAURICE,ANGERS SAINT LAUD,8,0.4444444444444444
BOURG SAINT MAURICE,ANGERS SAINT LAUD,9,0.4388888888888889
BOURG SAINT MAURICE,ANGERS SAINT LAUD,10,0.4555555555555555
BOURG SAINT MAURICE,ANGERS SAINT LAUD,11,0.44999999999999996
BOURG SAINT MAURICE,ANGERS SAINT LAUD,12,0.3277777777777778
BOURG SAINT MAURICE,ANGERS SAINT LAUD,13,0.3222222222222222
BOURG SAINT MAURICE,ANGERS SAINT LAUD,14,0.24444444444444446
BOURG SAINT MAURICE,ANGERS SAINT LAUD,15,0.23333333333333328
BOURG SAINT MAURICE,ANGERS SAINT LAUD,16,0.29444444444444445
BOURG SAINT MAURICE,ANGERS SAINT LAUD,17,0.23333333333333334
BOURG SAINT MAURICE,ANGERS SAINT LAUD,18,0.15555555555555556
BOURG SAINT MAURICE,ANGERS SAINT LAUD,19,0.30000000000000004
BOURG SAINT MAURICE,ANGERS SAINT LAUD,20,0.30000000000000004
BOURG SAINT MAURICE,ANGERS SAINT LAUD,21,0.22777777777777775
BOURG SAINT MAURICE,ANGERS SAINT LAUD,22,0.3111111111111111
BOURG SAINT MAURICE,ANGERS SAINT LAUD,23,0.3333333333333333
BOURG SAINT MAURICE,ANGERS SAINT LAUD,24,0.25
BOURG SAINT MAURICE,ANGERS SAINT LAUD,25,0.13333333333333333
BOURG SAINT MAURICE,ANGERS SAINT LAUD,26,0.14444444444444446
BOURG SAINT MAURICE,ANGERS SAINT LAUD,27,0.21666666666666667
BOURG SAINT MAURICE,ANGERS SAINT LAUD,28,0.27222222222222225
BOURG SAINT MAURICE,ANGERS SAINT LAUD,29,0.15555555555555556
BOURG SAINT MAURICE,ANGERS SAINT LAUD,30,0.02222222222222222
BOURG SAINT MAURICE,CHAMBERY CHALLES LES EAUX,0,0.7833333333333333
BOURG SAINT MAURICE,CHAMBERY CHALLES LES EAUX,1,0.7777777777777778
BOURG SAINT MAURICE,CHAMBERY CHALLES LES EAUX,2,0.7777777777777778
BOURG SAINT MAURICE,CHAMBERY CHALLES LES EAUX,3,0.7666666666666667
BOURG SAINT MAURICE,CHAMBERY CHALLES LES EAUX,4,0.5611111111111111
BOURG SAINT MAURICE,CHAMBERY CHALLES LES EAUX,5,0.5555555555555556
BOURG SAINT MAURICE,CHAMBERY CHALLES LES EAUX,6,0.5555555555555556
BOURG SAINT MAURICE,CHAMBERY CHALLES LES EAUX,7,0.5555555555555556
BOURG SAINT MAURICE,CHAMBERY CHALLES LES EAUX,8,0.5555555555555556
BOURG SAINT MAURICE,CHAMBERY CHALLES LES EAUX,9,0.5555555555555556
BOURG SAINT MAURICE,CHAMBERY CHALLES LES EAUX,10,0.5555555555555556
BOURG SAINT MAURICE,CHAMBERY CHALLES LES EAUX,11,0.5555555555555556
BOURG SAINT MAURICE,CHAMBERY CHALLES LES EAUX,12,0.44999999999999996
BOURG SAINT MAURICE,CHAMBERY CHALLES LES EAUX,13,0.4388888888888889
BOURG SAINT MAURICE,CHAMBERY CHALLES LES EAUX,14,0.4
BOURG SAINT MAURICE,CHAMBERY CHALLES LES EAUX,15,0.3611111111111111
BOURG SAINT MAURICE,CHAMBERY CHALLES LES EAUX,16,0.4388888888888889
BOURG SAINT MAURICE,CHAMBERY CHALLES LES EAUX,17,0.4444444444444444
BOURG SAINT MAURICE,CHAMBERY CHALLES LES EAUX,18,0.4444444444444444
BOURG SAINT MAURICE,CHAMBERY CHALLES LES EAUX,19,0.4444444444444444
BOURG SAINT MAURICE,CHAMBERY CHALLES LES EAUX,20,0.4444444444444444
BOURG SAINT MAURICE,CHAMBERY CHALLES LES EAUX,21,0.4444444444444444
BOURG SAINT MAURICE,CHAMBERY CHALLES LES EAUX,22,0.4444444444444444
BOURG SAINT MAURICE,CHAMBERY CHALLES LES EAUX,23,0.43333333333333335
BOURG SAINT MAURICE,CHAMBERY CHALLES LES EAUX,24,0.33888888888888885
BOURG SAINT MAURICE,CHAMBERY CHALLES LES EAUX,25,0.33888888888888885
BOURG SAINT MAURICE,CHAMBERY CHALLES LES EAUX,26,0.3333333333333333
BOURG SAINT MAURICE,CHAMBERY CHALLES LES EAUX,27,0.3333333333333333
BOURG SAINT MAURICE,CHAMBERY CHALLES LES EAUX,28,0.30000000000000004
BOURG SAINT MAURICE,CHAMBERY CHALLES LES EAUX,29,0.13333333333333333
BOURG SAINT MAURICE,CHAMBERY CHALLES LES EAUX,30,0.016666666666666666
BOURG SAINT MAURICE,LANDRY,0,0.7722222222222223
BOURG SAINT MAURICE,LANDRY,1,0.7833333333333333
BOURG SAINT MAURICE,LANDRY,2,0.7722222222222223
BOURG SAINT MAURICE,LANDRY,3,0.7722222222222223
BOURG SAINT MAURICE,LANDRY,4,0.55
BOURG SAINT MAURICE,LANDRY,5,0.5555555555555556
BOURG SAINT MAURICE,LANDRY,6,0.5444444444444445
BOURG SAINT MAURICE,LANDRY,7,0.5555555555555556
BOURG SAINT MAURICE,LANDRY,8,0.5555555555555556
BOURG SAINT MAURICE,LANDRY,9,0.5555555555555556
BOURG SAINT MAURICE,LANDRY,10,0.5555555555555556
BOURG SAINT MAURICE,LANDRY,11,0.55
BOURG SAINT MAURICE,LANDRY,12,0.4388888888888889
BOURG SAINT MAURICE,LANDRY,13,0.43333333333333335
BOURG SAINT MAURICE,LANDRY,14,0.43333333333333335
BOURG SAINT MAURICE,LANDRY,15,0.38333333333333336
BOURG SAINT MAURICE,LANDRY,16,0.43333333333333335
BOURG SAINT MAURICE,LANDRY,17,0.4388888888888889
BOURG SAINT MAURICE,LANDRY,18,0.4444444444444444
BOURG SAINT MAURICE,LANDRY,19,0.4444444444444444
BOURG SAINT MAURICE,LANDRY,20,0.4444444444444444
BOURG SAINT MAURICE,LANDRY,21,0.4444444444444444
BOURG SAINT MAURICE,LANDRY,22,0.4444444444444444
BOURG SAINT MAURICE,LANDRY,23,0.4444444444444444
BOURG SAINT MAURICE,LANDRY,24,0.33888888888888885
BOURG SAINT MAURICE,LANDRY,25,0.34444444444444444
BOURG SAINT MAURICE,LANDRY,26,0.34444444444444444
BOURG SAINT MAURICE,LANDRY,27,0.34444444444444444
BOURG SAINT MAURICE,LANDRY,28,0.3222222222222222
BOURG SAINT MAURICE,LANDRY,29,0.1388888888888889
BOURG SAINT MAURICE,LANDRY,30,0.03333333333333333
BOURG SAINT MAURICE,LE MANS,0,0.7388888888888889
BOURG SAINT MAURICE,LE MANS,1,0.6833333333333333
BOURG SAINT MAURICE,LE MANS,2,0.6722222222222222
BOURG SAINT MAURICE,LE MANS,3,0.6777777777777777
BOURG SAINT MAURICE,LE MANS,4,0.44999999999999996
BOURG SAINT MAURICE,LE MANS,5,0.44999999999999996
BOURG SAINT MAURICE,LE MANS,6,0.44999999999999996
BOURG SAINT MAURICE,LE MANS,7,0.44999999999999996
BOURG SAINT MAURICE,LE MANS,8,0.4444444444444444
BOURG SAINT MAURICE,LE MANS,9,0.44999999999999996
BOURG SAINT MAURICE,LE MANS,10,0.44999999999999996
BOURG SAINT MAURICE,LE MANS,11,0.4388888888888889
BOURG SAINT MAURICE,LE MANS,12,0.33888888888888885
BOURG SAINT MAURICE,LE MANS,13,0.3111111111111111
BOURG SAINT MAURICE,LE MANS,14,0.23888888888888887
BOURG SAINT MAURICE,LE MANS,15,0.23888888888888887
BOURG SAINT MAURICE,LE MANS,16,0.3111111111111111
BOURG SAINT MAURICE,LE MANS,17,0.25
BOURG SAINT MAURICE,LE MANS,18,0.3277777777777778
BOURG SAINT MAURICE,LE MANS,19,0.3333333333333333
BOURG SAINT MAURICE,LE MANS,20,0.3333333333333333
BOURG SAINT MAURICE,LE MANS,21,0.33888888888888885
BOURG SAINT MAURICE,LE MANS,22,0.4222222222222222
BOURG SAINT MAURICE,LE MANS,23,0.4222222222222222
BOURG SAINT MAURICE,LE MANS,24,0.3333333333333333
BOURG SAINT MAURICE,LE MANS,25,0.1388888888888889
BOURG SAINT MAURICE,LE MANS,26,0.12777777777777777
BOURG SAINT MAURICE,LE MANS,27,0.2111111111111111
BOURG SAINT MAURICE,LE MANS,28,0.27222222222222225
BOURG SAINT MAURICE,LE MANS,29,0.13333333333333333
BOURG SAINT MAURICE,LE MANS,30,0.027777777777777776
BOURG SAINT MAURICE,MASSY TGV,0,0.7611111111111111
BOURG SAINT MAURICE,MASSY TGV,1,0.6666666666666666
BOURG SAINT MAURICE,MASSY TGV,2,0.6611111111111111
BOURG SAINT MAURICE,MASSY TGV,3,0.6555555555555556
BOURG SAINT MAURICE,MASSY TGV,4,0.4555555555555555
BOURG SAINT MAURICE,MASSY TGV,5,0.4555555555555555
BOURG SAINT MAURICE,MASSY TGV,6,0.4444444444444444
BOURG SAINT MAURICE,MASSY TGV,7,0.4444444444444444
BOURG SAINT MAURICE,MASSY TGV,8,0.44999999999999996
BOURG SAINT MAURICE,MASSY TGV,9,0.4444444444444444
BOURG SAINT MAURICE,MASSY TGV,10,0.4444444444444444
BOURG SAINT MAURICE,MASSY TGV,11,0.4388888888888889
BOURG SAINT MAURICE,MASSY TGV,12,0.4222222222222222
BOURG SAINT MAURICE,MASSY TGV,13,0.4277777777777778
BOURG SAINT MAURICE,MASSY TGV,14,0.36666666666666664
BOURG SAINT MAURICE,MASSY TGV,15,0.35555555555555557
BOURG SAINT MAURICE,MASSY TGV,16,0.4277777777777778
BOURG SAINT MAURICE,MASSY TGV,17,0.36666666666666664
BOURG SAINT MAURICE,MASSY TGV,18,0.37222222222222223
BOURG SAINT MAURICE,MASSY TGV,19,0.41111111111111115
BOURG SAINT MAURICE,MASSY TGV,20,0.4444444444444444
BOURG SAINT MAURICE,MASSY TGV,21,0.4444444444444444
BOURG SAINT MAURICE,MASSY TGV,22,0.4444444444444444
BOURG SAINT MAURICE,MASSY TGV,23,0.4444444444444444
BOURG SAINT MAURICE,MASSY TGV,24,0.34444444444444444
BOURG SAINT MAURICE,MASSY TGV,25,0.3333333333333333
BOURG SAINT MAURICE,MASSY TGV,26,0.33888888888888885
BOURG SAINT MAURICE,MASSY TGV,27,0.3333333333333333
BOURG SAINT MAURICE,MASSY TGV,28,0.30000000000000004
BOURG SAINT MAURICE,MASSY TGV,29,0.13333333333333336
BOURG SAINT MAURICE,MASSY TGV,30,0.02222222222222222
BOURG SAINT MAURICE,MOUTIERS SALINS BRIDES LES BAINS,0,0.7666666666666667
BOURG SAINT MAURICE,MOUTIERS SALINS BRIDES LES BAINS,1,0.7611111111111111
BOURG SAINT MAURICE,MOUTIERS SALINS BRIDES LES BAINS,2,0.7666666666666667
BOURG SAINT MAURICE,MOUTIERS SALINS BRIDES LES BAINS,3,0.7555555555555555
BOURG SAINT MAURICE,MOUTIERS SALINS BRIDES LES BAINS,4,0.5611111111111111
BOURG SAINT MAURICE,MOUTIERS SALINS BRIDES LES BAINS,5,0.5555555555555556
BOURG SAINT MAURICE,MOUTIERS SALINS BRIDES LES BAINS,6,0.5555555555555556
BOURG SAINT MAURICE,MOUTIERS SALINS BRIDES LES BAINS,7,0.5555555555555556
BOURG SAINT MAURICE,MOUTIERS SALINS BRIDES LES BAINS,8,0.5555555555555556
BOURG SAINT MAURICE,MOUTIERS SALINS BRIDES LES BAINS,9,0.5555555555555556
BOURG SAINT MAURICE,MOUTIERS SALINS BRIDES LES BAINS,10,0.55
BOURG SAINT MAURICE,MOUTIERS SALINS BRIDES LES BAINS,11,0.55
BOURG SAINT MAURICE,MOUTIERS SALINS BRIDES LES BAINS,12,0.4388888888888889
BOURG SAINT MAURICE,MOUTIERS SALINS BRIDES LES BAINS,13,0.4388888888888889
BOURG SAINT MAURICE,MOUTIERS SALINS BRIDES LES BAINS,14,0.4222222222222222
BOURG SAINT MAURICE,MOUTIERS SALINS BRIDES LES BAINS,15,0.37222222222222223
BOURG SAINT MAURICE,MOUTIERS SALINS BRIDES LES BAINS,16,0.4444444444444444
BOURG SAINT MAURICE,MOUTIERS SALINS BRIDES LES BAINS,17,0.43333333333333335
BOURG SAINT MAURICE,MOUTIERS SALINS BRIDES LES BAINS,18,0.43333333333333335
BOURG SAINT MAURICE,MOUTIERS SALINS BRIDES LES BAINS,19,0.4444444444444444
BOURG SAINT MAURICE,MOUTIERS SALINS BRIDES LES BAINS,20,0.4444444444444444
BOURG SAINT MAURICE,MOUTIERS SALINS BRIDES LES BAINS,21,0.4444444444444444
BOURG SAINT MAURICE,MOUTIERS SALINS BRIDES LES BAINS,22,0.4444444444444444
BOURG SAINT MAURICE,MOUTIERS SALINS BRIDES LES BAINS,23,0.4444444444444444
BOURG SAINT MAURICE,MOUTIERS SALINS BRIDES LES BAINS,24,0.33888888888888885
BOURG SAINT MAURICE,MOUTIERS SALINS BRIDES LES BAINS,25,0.35000000000000003
BOURG SAINT MAURICE,MOUTIERS SALINS BRIDES LES BAINS,26,0.34444444444444444
BOURG SAINT MAURICE,MOUTIERS SALINS BRIDES LES BAINS,27,0.3333333333333333
BOURG SAINT MAURICE,MOUTIERS SALINS BRIDES LES BAINS,28,0.2888888888888889
BOURG SAINT MAURICE,MOUTIERS SALINS BRIDES LES BAINS,29,0.1388888888888889
BOURG SAINT MAURICE,MOUTIERS SALINS BRIDES LES BAINS,30,0.011111111111111112
BOURG SAINT MAURICE,NANTES,0,0.7555555555555555
BOURG SAINT MAURICE,NANTES,1,0.6833333333333333
BOURG SAINT MAURICE,NANTES,2,0.6555555555555556
BOURG SAINT MAURICE,NANTES,3,0.6499999999999999
BOURG SAINT MAURICE,NANTES,4,0.46111111111111114
BOURG SAINT MAURICE,NANTES,5,0.4444444444444444
BOURG SAINT MAURICE,NANTES,6,0.4444444444444444
BOURG SAINT MAURICE,NANTES,7,0.4388888888888889
BOURG SAINT MAURICE,NANTES,8,0.44999999999999996
BOURG SAINT MAURICE,NANTES,9,0.44999999999999996
BOURG SAINT MAURICE,NANTES,10,0.4444444444444444
BOURG SAINT MAURICE,NANTES,11,0.4444444444444444
BOURG SAINT MAURICE,NANTES,12,0.31666666666666665
BOURG SAINT MAURICE,NANTES,13,0.3222222222222222
BOURG SAINT MAURICE,NANTES,14,0.24444444444444446
BOURG SAINT MAURICE,NANTES,15,0.24444444444444446
BOURG SAINT MAURICE,NANTES,16,0.25555555555555554
BOURG SAINT MAURICE,NANTES,17,0.22777777777777775
BOURG SAINT MAURICE,NANTES,18,0.17777777777777778
BOURG SAINT MAURICE,NANTES,19,0.29444444444444445
BOURG SAINT MAURICE,NANTES,20,0.30000000000000004
BOURG SAINT MAURICE,NANTES,21,0.25555555555555554
BOURG SAINT MAURICE,NANTES,22,0.29444444444444445
BOURG SAINT MAURICE,NANTES,23,0.3277777777777778
BOURG SAINT MAURICE,NANTES,24,0.23888888888888887
BOURG SAINT MAURICE,NANTES,25,0.13333333333333333
BOURG SAINT MAURICE,NANTES,26,0.12777777777777777
BOURG SAINT MAURICE,NANTES,27,0.20555555555555557
BOURG SAINT MAURICE,NANTES,28,0.2611111111111111
BOURG SAINT MAURICE,NANTES,29,0.15555555555555556
BOURG SAINT MAURICE,NANTES,30,0.01666666666666667
BOURG SAINT MAURICE,RENNES,0,0.6444444444444444
BOURG SAINT MAURICE,RENNES,1,0.5777777777777778
BOURG SAINT MAURICE,RENNES,2,0.5611111111111111
BOURG SAINT MAURICE,RENNES,3,0.48888888888888893
BOURG SAINT MAURICE,RENNES,4,0.3611111111111111
BOURG SAINT MAURICE,RENNES,5,0.34444444444444444
BOURG SAINT MAURICE,RENNES,6,0.33888888888888885
BOURG SAINT MAURICE,RENNES,7,0.33888888888888885
BOURG SAINT MAURICE,RENNES,8,0.3333333333333333
BOURG SAINT MAURICE,RENNES,9,0.33888888888888885
BOURG SAINT MAURICE,RENNES,10,0.33888888888888885
BOURG SAINT MAURICE,RENNES,11,0.34444444444444444
BOURG SAINT MAURICE,RENNES,12,0.23888888888888887
BOURG SAINT MAURICE,RENNES,13,0.22777777777777775
BOURG SAINT MAURICE,RENNES,14,0.22777777777777775
BOURG SAINT MAURICE,RENNES,15,0.2111111111111111
BOURG SAINT MAURICE,RENNES,16,0.18333333333333332
BOURG SAINT MAURICE,RENNES,17,0.12777777777777777
BOURG SAINT MAURICE,RENNES,18,0.22777777777777775
BOURG SAINT MAURICE,RENNES,19,0.22777777777777775
BOURG SAINT MAURICE,RENNES,20,0.2222222222222222
BOURG SAINT MAURICE,RENNES,21,0.2222222222222222
BOURG SAINT MAURICE,RENNES,22,0.24444444444444446
BOURG SAINT MAURICE,RENNES,23,0.30000000000000004
BOURG SAINT MAURICE,RENNES,24,0.3055555555555556
BOURG SAINT MAURICE,RENNES,25,0.13333333333333333
BOURG SAINT MAURICE,RENNES,26,0.13333333333333333
BOURG SAINT MAURICE,RENNES,27,0.13333333333333333
BOURG SAINT MAURICE,RENNES,28,0.19444444444444445
BOURG SAINT MAURICE,RENNES,29,0.13333333333333336
BOURG SAINT MAURICE,RENNES,30,0.011111111111111112
CHAMBERY CHALLES LES EAUX,ANGERS SAINT LAUD,0,0.7666666666666667
CHAMBERY CHALLES LES EAUX,ANGERS SAINT LAUD,1,0.6777777777777777
CHAMBERY CHALLES LES EAUX,ANGERS SAINT LAUD,2,0.6666666666666666
CHAMBERY CHALLES LES EAUX,ANGERS SAINT LAUD,3,0.6555555555555556
CHAMBERY CHALLES LES EAUX,ANGERS SAINT LAUD,4,0.46111111111111114
CHAMBERY CHALLES LES EAUX,ANGERS SAINT LAUD,5,0.4444444444444444
CHAMBERY CHALLES LES EAUX,ANGERS SAINT LAUD,6,0.4444444444444444
CHAMBERY CHALLES LES EAUX,ANGERS SAINT LAUD,7,0.4277777777777778
CHAMBERY CHALLES LES EAUX,ANGERS SAINT LAUD,8,0.4388888888888889
CHAMBERY CHALLES LES EAUX,ANGERS SAINT LAUD,9,0.44999999999999996
CHAMBERY CHALLES LES EAUX,ANGERS SAINT LAUD,10,0.4444444444444444
CHAMBERY CHALLES LES EAUX,ANGERS SAINT LAUD,11,0.4444444444444444
CHAMBERY CHALLES LES EAUX,ANGERS SAINT LAUD,12,0.3222222222222222
CHAMBERY CHALLES LES EAUX,ANGERS SAINT LAUD,13,0.31666666666666665
CHAMBERY CHALLES LES EAUX,ANGERS SAINT LAUD,14,0.22777777777777775
CHAMBERY CHALLES LES EAUX,ANGERS SAINT LAUD,15,0.21666666666666667
CHAMBERY CHALLES LES EAUX,ANGERS SAINT LAUD,16,0.31666666666666665
CHAMBERY CHALLES LES EAUX,ANGERS SAINT LAUD,17,0.22777777777777775
CHAMBERY CHALLES LES EAUX,ANGERS SAINT LAUD,18,0.18333333333333332
CHAMBERY CHALLES LES EAUX,ANGERS SAINT LAUD,19,0.29444444444444445
CHAMBERY CHALLES LES EAUX,ANGERS SAINT LAUD,20,0.31666666666666665
CHAMBERY CHALLES LES EAUX,ANGERS SAINT LAUD,21,0.25
CHAMBERY CHALLES LES EAUX,ANGERS SAINT LAUD,22,0.3222222222222222
CHAMBERY CHALLES LES EAUX,ANGERS SAINT LAUD,23,0.3222222222222222
CHAMBERY CHALLES LES EAUX,ANGERS SAINT LAUD,24,0.25
CHAMBERY CHALLES LES EAUX,ANGERS SAINT LAUD,25,0.12777777777777777
CHAMBERY CHALLES LES EAUX,ANGERS SAINT LAUD,26,0.12222222222222223
CHAMBERY CHALLES LES EAUX,ANGERS SAINT LAUD,27,0.19444444444444445
CHAMBERY CHALLES LES EAUX,ANGERS SAINT LAUD,28,0.25
CHAMBERY CHALLES LES EAUX,ANGERS SAINT LAUD,29,0.15000000000000002
CHAMBERY CHALLES LES EAUX,ANGERS SAINT LAUD,30,0.011111111111111112
CHAMBERY CHALLES LES EAUX,AURAY,0,0.0
CHAMBERY CHALLES LES EAUX,AURAY,1,0.0
CHAMBERY CHALLES LES EAUX,AURAY,2,0.05
CHAMBERY CHALLES LES EAUX,AURAY,3,0.0
CHAMBERY CHALLES LES EAUX,AURAY,4,0.0
CHAMBERY CHALLES LES EAUX,AURAY,5,0.0
CHAMBERY CHALLES LES EAUX,AURAY,6,0.0
CHAMBERY CHALLES LES EAUX,AURAY,7,0.0
CHAMBERY CHALLES LES EAUX,AURAY,8,0.0
CHAMBERY CHALLES LES EAUX,AURAY,9,0.0
CHAMBERY CHALLES LES EAUX,AURAY,10,0.0
CHAMBERY CHALLES LES EAUX,AURAY,11,0.0
CHAMBERY CHALLES LES EAUX,AURAY,12,0.0
CHAMBERY CHALLES LES EAUX,AURAY,13,0.0
CHAMBERY CHALLES LES EAUX,AURAY,14,0.0
CHAMBERY CHALLES LES EAUX,AURAY,15,0.0
CHAMBERY CHALLES LES EAUX,AURAY,16,0.0
CHAMBERY CHALLES LES EAUX,AURAY,17,0.0
CHAMBERY CHALLES LES EAUX,AURAY,18,0.0
CHAMBERY CHALLES LES EAUX,AURAY,19,0.0
CHAMBERY CHALLES LES EAUX,AURAY,20,0.0
CHAMBERY CHALLES LES EAUX,AURAY,21,0.0
CHAMBERY CHALLES LES EAUX,AURAY,22,0.0
CHAMBERY CHALLES LES EAUX,AURAY,23,0.0
CHAMBERY CHALLES LES EAUX,AURAY,24,0.0
CHAMBERY CHALLES LES EAUX,AURAY,25,0.0
CHAMBERY CHALLES LES EAUX,AURAY,26,0.0
CHAMBERY CHALLES LES EAUX,AURAY,27,0.0
CHAMBERY CHALLES LES EAUX,AURAY,28,0.0
CHAMBERY CHALLES LES EAUX,AURAY,29,0.0
CHAMBERY CHALLES LES EAUX,AURAY,30,0.0
CHAMBERY CHALLES LES EAUX,LE MANS,0,0.75
CHAMBERY CHALLES LES EAUX,LE MANS,1,0.6611111111111111
CHAMBERY CHALLES LES EAUX,LE MANS,2,0.6666666666666666
CHAMBERY CHALLES LES EAUX,LE MANS,3,0.6499999999999999
CHAMBERY CHALLES LES EAUX,LE MANS,4,0.46111111111111114
CHAMBERY CHALLES LES EAUX,LE MANS,5,0.44999999999999996
CHAMBERY CHALLES LES EAUX,LE MANS,6,0.44999999999999996
CHAMBERY CHALLES LES EAUX,LE MANS,7,0.4444444444444444
CHAMBERY CHALLES LES EAUX,LE MANS,8,0.4388888888888889
CHAMBERY CHALLES LES EAUX,LE MANS,9,0.4444444444444444
CHAMBERY CHALLES LES EAUX,LE MANS,10,0.4444444444444444
CHAMBERY CHALLES LES EAUX,LE MANS,11,0.4444444444444444
CHAMBERY CHALLES LES EAUX,LE MANS,12,0.3277777777777778
CHAMBERY CHALLES LES EAUX,LE MANS,13,0.3222222222222222
CHAMBERY CHALLES LES EAUX,LE MANS,14,0.23888888888888887
CHAMBERY CHALLES LES EAUX,LE MANS,15,0.23888888888888887
CHAMBERY CHALLES LES EAUX,LE MANS,16,0.3222222222222222
CHAMBERY CHALLES LES EAUX,LE MANS,17,0.27222222222222225
CHAMBERY CHALLES LES EAUX,LE MANS,18,0.3277777777777778
CHAMBERY CHALLES LES EAUX,LE MANS,19,0.3277777777777778
CHAMBERY CHALLES LES EAUX,LE MANS,20,0.3333333333333333
CHAMBERY CHALLES LES EAUX,LE MANS,21,0.3333333333333333
CHAMBERY CHALLES LES EAUX,LE MANS,22,0.43333333333333335
CHAMBERY CHALLES LES EAUX,LE MANS,23,0.4388888888888889
CHAMBERY CHALLES LES EAUX,LE MANS,24,0.35
CHAMBERY CHALLES LES EAUX,LE MANS,25,0.12222222222222223
CHAMBERY CHALLES LES EAUX,LE MANS,26,0.12222222222222223
CHAMBERY CHALLES LES EAUX,LE MANS,27,0.2111111111111111
CHAMBERY CHALLES LES EAUX,LE MANS,28,0.27222222222222225
CHAMBERY CHALLES LES EAUX,LE MANS,29,0.15000000000000002
CHAMBERY CHALLES LES EAUX,LE MANS,30,0.005555555555555556
CHAMBERY CHALLES LES EAUX,LORIENT,0,0.05
CHAMBERY CHALLES LES EAUX,LORIENT,1,0.05
CHAMBERY CHALLES LES EAUX,LORIENT,2,0.15
CHAMBERY CHALLES LES EAUX,LORIENT,3,0.05
CHAMBERY CHALLES LES EAUX,LORIENT,4,0.0
CHAMBERY CHALLES LES EAUX,LORIENT,5,0.0
CHAMBERY CHALLES LES EAUX,LORIENT,6,0.0
CHAMBERY CHALLES LES EAUX,LORIENT,7,0.0
CHAMBERY CHALLES LES EAUX,LORIENT,8,0.0
CHAMBERY CHALLES LES EAUX,LORIENT,9,0.0
CHAMBERY CHALLES LES EAUX,LORIENT,10,0.0
CHAMBERY CHALLES LES EAUX,LORIENT,11,0.0
CHAMBERY CHALLES LES EAUX,LORIENT,12,0.0
CHAMBERY CHALLES LES EAUX,LORIENT,13,0.0
CHAMBERY CHALLES LES EAUX,LORIENT,14,0.0
CHAMBERY CHALLES LES EAUX,LORIENT,15,0.0
CHAMBERY CHALLES LES EAUX,LORIENT,16,0.0
CHAMBERY CHALLES LES EAUX,LORIENT,17,0.0
CHAMBERY CHALLES LES EAUX,LORIENT,18,0.0
CHAMBERY CHALLES LES EAUX,LORIENT,19,0.0
CHAMBERY CHALLES LES EAUX,LORIENT,20,0.0
CHAMBERY CHALLES LES EAUX,LORIENT,21,0.0
CHAMBERY CHALLES LES EAUX,LORIENT,22,0.0
CHAMBERY CHALLES LES EAUX,LORIENT,23,0.0
CHAMBERY CHALLES LES EAUX,LORIENT,24,0.0
CHAMBERY CHALLES LES EAUX,LORIENT,25,0.0
CHAMBERY CHALLES LES EAUX,LORIENT,26,0.0
CHAMBERY CHALLES LES EAUX,LORIENT,27,0.0
CHAMBERY CHALLES LES EAUX,LORIENT,28,0.0
CHAMBERY CHALLES LES EAUX,LORIENT,29,0.0
CHAMBERY CHALLES LES EAUX,LORIENT,30,0.0
CHAMBERY CHALLES LES EAUX,MASSY TGV,0,0.7333333333333333
CHAMBERY CHALLES LES EAUX,MASSY TGV,1,0.6777777777777777
CHAMBERY CHALLES LES EAUX,MASSY TGV,2,0.6555555555555556
CHAMBERY CHALLES LES EAUX,MASSY TGV,3,0.6444444444444444
CHAMBERY CHALLES LES EAUX,MASSY TGV,4,0.4666666666666667
CHAMBERY CHALLES LES EAUX,MASSY TGV,5,0.4444444444444444
CHAMBERY CHALLES LES EAUX,MASSY TGV,6,0.4388888888888889
CHAMBERY CHALLES LES EAUX,MASSY TGV,7,0.4444444444444444
CHAMBERY CHALLES LES EAUX,MASSY TGV,8,0.4444444444444444
CHAMBERY CHALLES LES EAUX,MASSY TGV,9,0.44999999999999996
CHAMBERY CHALLES LES EAUX,MASSY TGV,10,0.44999999999999996
CHAMBERY CHALLES LES EAUX,MASSY TGV,11,0.44999999999999996
CHAMBERY CHALLES LES EAUX,MASSY TGV,12,0.43333333333333335
CHAMBERY CHALLES LES EAUX,MASSY TGV,13,0.4388888888888889
CHAMBERY CHALLES LES EAUX,MASSY TGV,14,0.35
CHAMBERY CHALLES LES EAUX,MASSY TGV,15,0.35
CHAMBERY CHALLES LES EAUX,MASSY TGV,16,0.41111111111111115
CHAMBERY CHALLES LES EAUX,MASSY TGV,17,0.37222222222222223
CHAMBERY CHALLES LES EAUX,MASSY TGV,18,0.37222222222222223
CHAMBERY CHALLES LES EAUX,MASSY TGV,19,0.4166666666666667
CHAMBERY CHALLES LES EAUX,MASSY TGV,20,0.4444444444444444
CHAMBERY CHALLES LES EAUX,MASSY TGV,21,0.4444444444444444
CHAMBERY CHALLES LES EAUX,MASSY TGV,22,0.4388888888888889
CHAMBERY CHALLES LES EAUX,MASSY TGV,23,0.4388888888888889
CHAMBERY CHALLES LES EAUX,MASSY TGV,24,0.35
CHAMBERY CHALLES LES EAUX,MASSY TGV,25,0.3333333333333333
CHAMBERY CHALLES LES EAUX,MASSY TGV,26,0.3277777777777778
CHAMBERY CHALLES LES EAUX,MASSY TGV,27,0.31666666666666665
CHAMBERY CHALLES LES EAUX,MASSY TGV,28,0.30000000000000004
CHAMBERY CHALLES LES EAUX,MASSY TGV,29,0.14444444444444443
CHAMBERY CHALLES LES EAUX,MASSY TGV,30,0.022222222222222223
CHAMBERY CHALLES LES EAUX,NANTES,0,0.75
CHAMBERY CHALLES LES EAUX,NANTES,1,0.6666666666666666
CHAMBERY CHALLES LES EAUX,NANTES,2,0.6499999999999999
CHAMBERY CHALLES LES EAUX,NANTES,3,0.6388888888888888
CHAMBERY CHALLES LES EAUX,NANTES,4,0.44999999999999996
CHAMBERY CHALLES LES EAUX,NANTES,5,0.4444444444444444
CHAMBERY CHALLES LES EAUX,NANTES,6,0.44999999999999996
CHAMBERY CHALLES LES EAUX,NANTES,7,0.4444444444444444
CHAMBERY CHALLES LES EAUX,NANTES,8,0.4444444444444444
CHAMBERY CHALLES LES EAUX,NANTES,9,0.4444444444444444
CHAMBERY CHALLES LES EAUX,NANTES,10,0.44999999999999996
CHAMBERY CHALLES LES EAUX,NANTES,11,0.4444444444444444
CHAMBERY CHALLES LES EAUX,NANTES,12,0.3333333333333333
CHAMBERY CHALLES LES EAUX,NANTES,13,0.32222222222222224
CHAMBERY CHALLES LES EAUX,NANTES,14,0.23888888888888887
CHAMBERY CHALLES LES EAUX,NANTES,15,0.23333333333333334
CHAMBERY CHALLES LES EAUX,NANTES,16,0.3222222222222222
CHAMBERY CHALLES LES EAUX,NANTES,17,0.24444444444444446
CHAMBERY CHALLES LES EAUX,NANTES,18,0.18333333333333332
CHAMBERY CHALLES LES EAUX,NANTES,19,0.2777777777777778
CHAMBERY CHALLES LES EAUX,NANTES,20,0.29444444444444445
CHAMBERY CHALLES LES EAUX,NANTES,21,0.2611111111111111
CHAMBERY CHALLES LES EAUX,NANTES,22,0.3277777777777778
CHAMBERY CHALLES LES EAUX,NANTES,23,0.3277777777777778
CHAMBERY CHALLES LES EAUX,NANTES,24,0.22777777777777775
CHAMBERY CHALLES LES EAUX,NANTES,25,0.13333333333333333
CHAMBERY CHALLES LES EAUX,NANTES,26,0.13333333333333333
CHAMBERY CHALLES LES EAUX,NANTES,27,0.2111111111111111
CHAMBERY CHALLES LES EAUX,NANTES,28,0.3055555555555556
CHAMBERY CHALLES LES EAUX,NANTES,29,0.1611111111111111
CHAMBERY CHALLES LES EAUX,NANTES,30,0.005555555555555556
CHAMBERY CHALLES LES EAUX,QUIMPER,0,0.0
CHAMBERY CHALLES LES EAUX,QUIMPER,1,0.05
CHAMBERY CHALLES LES EAUX,QUIMPER,2,0.05
CHAMBERY CHALLES LES EAUX,QUIMPER,3,0.05
CHAMBERY CHALLES LES EAUX,QUIMPER,4,0.0
CHAMBERY CHALLES LES EAUX,QUIMPER,5,0.0
CHAMBERY CHALLES LES EAUX,QUIMPER,6,0.0
CHAMBERY CHALLES LES EAUX,QUIMPER,7,0.0
CHAMBERY CHALLES LES EAUX,QUIMPER,8,0.0
CHAMBERY CHALLES LES EAUX,QUIMPER,9,0.0
CHAMBERY CHALLES LES EAUX,QUIMPER,10,0.0
CHAMBERY CHALLES LES EAUX,QUIMPER,11,0.0
CHAMBERY CHALLES LES EAUX,QUIMPER,12,0.0
CHAMBERY CHALLES LES EAUX,QUIMPER,13,0.0
CHAMBERY CHALLES LES EAUX,QUIMPER,14,0.0
CHAMBERY CHALLES LES EAUX,QUIMPER,15,0.0
CHAMBERY CHALLES LES EAUX,QUIMPER,16,0.0
CHAMBERY CHALLES LES EAUX,QUIMPER,17,0.0
CHAMBERY CHALLES LES EAUX,QUIMPER,18,0.0
CHAMBERY CHALLES LES EAUX,QUIMPER,19,0.0
CHAMBERY CHALLES LES EAUX,QUIMPER,20,0.0
CHAMBERY CHALLES LES EAUX,QUIMPER,21,0.0
CHAMBERY CHALLES LES EAUX,QUIMPER,22,0.0
CHAMBERY CHALLES LES EAUX,QUIMPER,23,0.0
CHAMBERY CHALLES LES EAUX,QUIMPER,24,0.0
CHAMBERY CHALLES LES EAUX,QUIMPER,25,0.0
CHAMBERY CHALLES LES EAUX,QUIMPER,26,0.0
CHAMBERY CHALLES LES EAUX,QUIMPER,27,0.0
CHAMBERY CHALLES LES EAUX,QUIMPER,28,0.0
CHAMBERY CHALLES LES EAUX,QUIMPER,29,0.0
CHAMBERY CHALLES LES EAUX,QUIMPER,30,0.0
CHAMBERY CHALLES LES EAUX,REDON,0,0.0
CHAMBERY CHALLES LES EAUX,REDON,1,0.0
CHAMBERY CHALLES LES EAUX,REDON,2,0.05
CHAMBERY CHALLES LES EAUX,REDON,3,0.05
CHAMBERY CHALLES LES EAUX,REDON,4,0.0
CHAMBERY CHALLES LES EAUX,REDON,5,0.0
CHAMBERY CHALLES LES EAUX,REDON,6,0.0
CHAMBERY CHALLES LES EAUX,REDON,7,0.0
CHAMBERY CHALLES LES EAUX,REDON,8,0.0
CHAMBERY CHALLES LES EAUX,REDON,9,0.0
CHAMBERY CHALLES LES EAUX,REDON,10,0.0
CHAMBERY CHALLES LES EAUX,REDON,11,0.0
CHAMBERY CHALLES LES EAUX,REDON,12,0.0
CHAMBERY CHALLES LES EAUX,REDON,13,0.0
CHAMBERY CHALLES LES EAUX,REDON,14,0.0
CHAMBERY CHALLES LES EAUX,REDON,15,0.0
CHAMBERY CHALLES LES EAUX,REDON,16,0.0
CHAMBERY CHALLES LES EAUX,REDON,17,0.0
CHAMBERY CHALLES LES EAUX,REDON,18,0.0
CHAMBERY CHALLES LES EAUX,REDON,19,0.0
CHAMBERY CHALLES LES EAUX,REDON,20,0.0
CHAMBERY CHALLES LES EAUX,REDON,21,0.0
CHAMBERY CHALLES LES EAUX,REDON,22,0.0
CHAMBERY CHALLES LES EAUX,REDON,23,0.0
CHAMBERY CHALLES LES EAUX,REDON,24,0.0
CHAMBERY CHALLES LES EAUX,REDON,25,0.0
CHAMBERY CHALLES LES EAUX,REDON,26,0.0
CHAMBERY CHALLES LES EAUX,REDON,27,0.0
CHAMBERY CHALLES LES EAUX,REDON,28,0.0
CHAMBERY CHALLES LES EAUX,REDON,29,0.0
CHAMBERY CHALLES LES EAUX,REDON,30,0.0
CHAMBERY CHALLES LES EAUX,RENNES,0,0.6722222222222222
CHAMBERY CHALLES LES EAUX,RENNES,1,0.5777777777777778
CHAMBERY CHALLES LES EAUX,RENNES,2,0.55
CHAMBERY CHALLES LES EAUX,RENNES,3,0.4833333333333333
CHAMBERY CHALLES LES EAUX,RENNES,4,0.3444444444444444
CHAMBERY CHALLES LES EAUX,RENNES,5,0.3333333333333333
CHAMBERY CHALLES LES EAUX,RENNES,6,0.3333333333333333
CHAMBERY CHALLES LES EAUX,RENNES,7,0.3333333333333333
CHAMBERY CHALLES LES EAUX,RENNES,8,0.3333333333333333
CHAMBERY CHALLES LES EAUX,RENNES,9,0.33888888888888885
CHAMBERY CHALLES LES EAUX,RENNES,10,0.33888888888888885
CHAMBERY CHALLES LES EAUX,RENNES,11,0.3333333333333333
CHAMBERY CHALLES LES EAUX,RENNES,12,0.21666666666666667
CHAMBERY CHALLES LES EAUX,RENNES,13,0.22777777777777775
CHAMBERY CHALLES LES EAUX,RENNES,14,0.22777777777777775
CHAMBERY CHALLES LES EAUX,RENNES,15,0.2222222222222222
CHAMBERY CHALLES LES EAUX,RENNES,16,0.2
CHAMBERY CHALLES LES EAUX,RENNES,17,0.13333333333333333
CHAMBERY CHALLES LES EAUX,RENNES,18,0.2111111111111111
CHAMBERY CHALLES LES EAUX,RENNES,19,0.2222222222222222
CHAMBERY CHALLES LES EAUX,RENNES,20,0.2222222222222222
CHAMBERY CHALLES LES EAUX,RENNES,21,0.22777777777777775
CHAMBERY CHALLES LES EAUX,RENNES,22,0.21666666666666667
CHAMBERY CHALLES LES EAUX,RENNES,23,0.2777777777777778
CHAMBERY CHALLES LES EAUX,RENNES,24,0.3055555555555556
CHAMBERY CHALLES LES EAUX,RENNES,25,0.13333333333333333
CHAMBERY CHALLES LES EAUX,RENNES,26,0.12222222222222223
CHAMBERY CHALLES LES EAUX,RENNES,27,0.12222222222222223
CHAMBERY CHALLES LES EAUX,RENNES,28,0.19444444444444445
CHAMBERY CHALLES LES EAUX,RENNES,29,0.1388888888888889
CHAMBERY CHALLES LES EAUX,RENNES,30,0.02222222222222222
CHAMBERY CHALLES LES EAUX,VANNES,0,0.0
CHAMBERY CHALLES LES EAUX,VANNES,1,0.05
CHAMBERY CHALLES LES EAUX,VANNES,2,0.0
CHAMBERY CHALLES LES EAUX,VANNES,3,0.0
CHAMBERY CHALLES LES EAUX,VANNES,4,0.0
CHAMBERY CHALLES LES EAUX,VANNES,5,0.0
CHAMBERY CHALLES LES EAUX,VANNES,6,0.0
CHAMBERY CHALLES LES EAUX,VANNES,7,0.0
CHAMBERY CHALLES LES EAUX,VANNES,8,0.0
CHAMBERY CHALLES LES EAUX,VANNES,9,0.0
CHAMBERY CHALLES LES EAUX,VANNES,10,0.0
CHAMBERY CHALLES LES EAUX,VANNES,11,0.0
CHAMBERY CHALLES LES EAUX,VANNES,12,0.0
CHAMBERY CHALLES LES EAUX,VANNES,13,0.0
CHAMBERY CHALLES LES EAUX,VANNES,14,0.0
CHAMBERY CHALLES LES EAUX,VANNES,15,0.0
CHAMBERY CHALLES LES EAUX,VANNES,16,0.0
CHAMBERY CHALLES LES EAUX,VANNES,17,0.0
CHAMBERY CHALLES LES EAUX,VANNES,18,0.0
CHAMBERY CHALLES LES EAUX,VANNES,19,0.0
CHAMBERY CHALLES LES EAUX,VANNES,20,0.0
CHAMBERY CHALLES LES EAUX,VANNES,21,0.0
CHAMBERY CHALLES LES EAUX,VANNES,22,0.0
CHAMBERY CHALLES LES EAUX,VANNES,23,0.0
CHAMBERY CHALLES LES EAUX,VANNES,24,0.0
CHAMBERY CHALLES LES EAUX,VANNES,25,0.0
CHAMBERY CHALLES LES EAUX,VANNES,26,0.0
CHAMBERY CHALLES LES EAUX,VANNES,27,0.0
CHAMBERY CHALLES LES EAUX,VANNES,28,0.0
CHAMBERY CHALLES LES EAUX,VANNES,29,0.0
CHAMBERY CHALLES LES EAUX,VANNES,30,0.0
CLUSES (HAUTE SAVOIE),LE MANS,0,0.0
CLUSES (HAUTE SAVOIE),LE MANS,1,0.025
CLUSES (HAUTE SAVOIE),LE MANS,2,0.0
CLUSES (HAUTE SAVOIE),LE MANS,3,0.025
CLUSES (HAUTE SAVOIE),LE MANS,4,0.0
CLUSES (HAUTE SAVOIE),LE MANS,5,0.0
CLUSES (HAUTE SAVOIE),LE MANS,6,0.0
CLUSES (HAUTE SAVOIE),LE MANS,7,0.0
CLUSES (HAUTE SAVOIE),LE MANS,8,0.0
CLUSES (HAUTE SAVOIE),LE MANS,9,0.0
CLUSES (HAUTE SAVOIE),LE MANS,10,0.0
CLUSES (HAUTE SAVOIE),LE MANS,11,0.0
CLUSES (HAUTE SAVOIE),LE MANS,12,0.0
CLUSES (HAUTE SAVOIE),LE MANS,13,0.0
CLUSES (HAUTE SAVOIE),LE MANS,14,0.0
CLUSES (HAUTE SAVOIE),LE MANS,15,0.0
CLUSES (HAUTE SAVOIE),LE MANS,16,0.0
CLUSES (HAUTE SAVOIE),LE MANS,17,0.0
CLUSES (HAUTE SAVOIE),LE MANS,18,0.0
CLUSES (HAUTE SAVOIE),LE MANS,19,0.0
CLUSES (HAUTE SAVOIE),LE MANS,20,0.0
CLUSES (HAUTE SAVOIE),LE MANS,21,0.0
CLUSES (HAUTE SAVOIE),LE MANS,22,0.0
CLUSES (HAUTE SAVOIE),LE MANS,23,0.0
CLUSES (HAUTE SAVOIE),LE MANS,24,0.0
CLUSES (HAUTE SAVOIE),LE MANS,25,0.0
CLUSES (HAUTE SAVOIE),LE MANS,26,0.0
CLUSES (HAUTE SAVOIE),LE MANS,27,0.0
CLUSES (HAUTE SAVOIE),LE MANS,28,0.0
CLUSES (HAUTE SAVOIE),LE MANS,29,0.0
CLUSES (HAUTE SAVOIE),LE MANS,30,0.0
CLUSES (HAUTE SAVOIE),MASSY TGV,0,0.05
CLUSES (HAUTE SAVOIE),MASSY TGV,1,0.0
CLUSES (HAUTE SAVOIE),MASSY TGV,2,0.0
CLUSES (HAUTE SAVOIE),MASSY TGV,3,0.0
CLUSES (HAUTE SAVOIE),MASSY TGV,4,0.0
CLUSES (HAUTE SAVOIE),MASSY TGV,5,0.0
CLUSES (HAUTE SAVOIE),MASSY TGV,6,0.0
CLUSES (HAUTE SAVOIE),MASSY TGV,7,0.0
CLUSES (HAUTE SAVOIE),MASSY TGV,8,0.0
CLUSES (HAUTE SAVOIE),MASSY TGV,9,0.0
CLUSES (HAUTE SAVOIE),MASSY TGV,10,0.0
CLUSES (HAUTE SAVOIE),MASSY TGV,11,0.0
CLUSES (HAUTE SAVOIE),MASSY TGV,12,0.0
CLUSES (HAUTE SAVOIE),MASSY TGV,13,0.0
CLUSES (HAUTE SAVOIE),MASSY TGV,14,0.0
CLUSES (HAUTE SAVOIE),MASSY TGV,15,0.0
CLUSES (HAUTE SAVOIE),MASSY TGV,16,0.0
CLUSES (HAUTE SAVOIE),MASSY TGV,17,0.0
CLUSES (HAUTE SAVOIE),MASSY TGV,18,0.0
CLUSES (HAUTE SAVOIE),MASSY TGV,19,0.0
CLUSES (HAUTE SAVOIE),MASSY TGV,20,0.0
CLUSES (HAUTE SAVOIE),MASSY TGV,21,0.0
CLUSES (HAUTE SAVOIE),MASSY TGV,22,0.0
CLUSES (HAUTE SAVOIE),MASSY TGV,23,0.0
CLUSES (HAUTE SAVOIE),MASSY TGV,24,0.0
CLUSES (HAUTE SAVOIE),MASSY TGV,25,0.0
CLUSES (HAUTE SAVOIE),MASSY TGV,26,0.0
CLUSES (HAUTE SAVOIE),MASSY TGV,27,0.0
CLUSES (HAUTE SAVOIE),MASSY TGV,28,0.0
CLUSES (HAUTE SAVOIE),MASSY TGV,29,0.0
CLUSES (HAUTE SAVOIE),MASSY TGV,30,0.0
CLUSES (HAUTE SAVOIE),NANTES,0,0.025
CLUSES (HAUTE SAVOIE),NANTES,1,0.0
CLUSES (HAUTE SAVOIE),NANTES,2,0.0
CLUSES (HAUTE SAVOIE),NANTES,3,0.0
CLUSES (HAUTE SAVOIE),NANTES,4,0.0
CLUSES (HAUTE SAVOIE),NANTES,5,0.0
CLUSES (HAUTE SAVOIE),NANTES,6,0.0
CLUSES (HAUTE SAVOIE),NANTES,7,0.0
CLUSES (HAUTE SAVOIE),NANTES,8,0.0
CLUSES (HAUTE SAVOIE),NANTES,9,0.0
CLUSES (HAUTE SAVOIE),NANTES,10,0.0
CLUSES (HAUTE SAVOIE),NANTES,11,0.0
CLUSES (HAUTE SAVOIE),NANTES,12,0.0
CLUSES (HAUTE SAVOIE),NANTES,13,0.0
CLUSES (HAUTE SAVOIE),NANTES,14,0.0
CLUSES (HAUTE SAVOIE),NANTES,15,0.0
CLUSES (HAUTE SAVOIE),NANTES,16,0.0
CLUSES (HAUTE SAVOIE),NANTES,17,0.0
CLUSES (HAUTE SAVOIE),NANTES,18,0.0
CLUSES (HAUTE SAVOIE),NANTES,19,0.0
CLUSES (HAUTE SAVOIE),NANTES,20,0.0
CLUSES (HAUTE SAVOIE),NANTES,21,0.0
CLUSES (HAUTE SAVOIE),NANTES,22,0.0
CLUSES (HAUTE SAVOIE),NANTES,23,0.0
CLUSES (HAUTE SAVOIE),NANTES,24,0.0
CLUSES (HAUTE SAVOIE),NANTES,25,0.0
CLUSES (HAUTE SAVOIE),NANTES,26,0.0
CLUSES (HAUTE SAVOIE),NANTES,27,0.0
CLUSES (HAUTE SAVOIE),NANTES,28,0.0
CLUSES (HAUTE SAVOIE),NANTES,29,0.0
CLUSES (HAUTE SAVOIE),NANTES,30,0.0
CLUSES (HAUTE SAVOIE),RENNES,0,0.0
CLUSES (HAUTE SAVOIE),RENNES,1,0.0
CLUSES (HAUTE SAVOIE),RENNES,2,0.0
CLUSES (HAUTE SAVOIE),RENNES,3,0.0
CLUSES (HAUTE SAVOIE),RENNES,4,0.0
CLUSES (HAUTE SAVOIE),RENNES,5,0.0
CLUSES (HAUTE SAVOIE),RENNES,6,0.0
CLUSES (HAUTE SAVOIE),RENNES,7,0.0
CLUSES (HAUTE SAVOIE),RENNES,8,0.025
CLUSES (HAUTE SAVOIE),RENNES,9,0.0
CLUSES (HAUTE SAVOIE),RENNES,10,0.0
CLUSES (HAUTE SAVOIE),RENNES,11,0.0
CLUSES (HAUTE SAVOIE),RENNES,12,0.0
CLUSES (HAUTE SAVOIE),RENNES,13,0.0
CLUSES (HAUTE SAVOIE),RENNES,14,0.0
CLUSES (HAUTE SAVOIE),RENNES,15,0.0
CLUSES (HAUTE SAVOIE),RENNES,16,0.0
CLUSES (HAUTE SAVOIE),RENNES,17,0.0
CLUSES (HAUTE SAVOIE),RENNES,18,0.0
CLUSES (HAUTE SAVOIE),RENNES,19,0.0
CLUSES (HAUTE SAVOIE),RENNES,20,0.0
CLUSES (HAUTE SAVOIE),RENNES,21,0.0
CLUSES (HAUTE SAVOIE),RENNES,22,0.0
CLUSES (HAUTE SAVOIE),RENNES,23,0.0
CLUSES (HAUTE SAVOIE),RENNES,24,0.0
CLUSES (HAUTE SAVOIE),RENNES,25,0.0
CLUSES (HAUTE SAVOIE),RENNES,26,0.0
CLUSES (HAUTE SAVOIE),RENNES,27,0.0
CLUSES (HAUTE SAVOIE),RENNES,28,0.0
CLUSES (HAUTE SAVOIE),RENNES,29,0.0
CLUSES (HAUTE SAVOIE),RENNES,30,0.0
GRENOBLE,ANGERS SAINT LAUD,0,0.5
GRENOBLE,ANGERS SAINT LAUD,1,0.5
GRENOBLE,ANGERS SAINT LAUD,2,0.5
GRENOBLE,ANGERS SAINT LAUD,3,0.475
GRENOBLE,ANGERS SAINT LAUD,4,0.07500000000000001
GRENOBLE,ANGERS SAINT LAUD,5,0.0
GRENOBLE,ANGERS SAINT LAUD,6,0.0
GRENOBLE,ANGERS SAINT LAUD,7,0.0
GRENOBLE,ANGERS SAINT LAUD,8,0.0
GRENOBLE,ANGERS SAINT LAUD,9,0.025
GRENOBLE,ANGERS SAINT LAUD,10,0.025
GRENOBLE,ANGERS SAINT LAUD,11,0.025
GRENOBLE,ANGERS SAINT LAUD,12,0.0
GRENOBLE,ANGERS SAINT LAUD,13,0.0
GRENOBLE,ANGERS SAINT LAUD,14,0.0
GRENOBLE,ANGERS SAINT LAUD,15,0.0
GRENOBLE,ANGERS SAINT LAUD,16,0.0
GRENOBLE,ANGERS SAINT LAUD,17,0.0
GRENOBLE,ANGERS SAINT LAUD,18,0.0
GRENOBLE,ANGERS SAINT LAUD,19,0.0
GRENOBLE,ANGERS SAINT LAUD,20,0.0
GRENOBLE,ANGERS SAINT LAUD,21,0.0
GRENOBLE,ANGERS SAINT LAUD,22,0.0
GRENOBLE,ANGERS SAINT LAUD,23,0.0
GRENOBLE,ANGERS SAINT LAUD,24,0.0
GRENOBLE,ANGERS SAINT LAUD,25,0.0
GRENOBLE,ANGERS SAINT LAUD,26,0.0
GRENOBLE,ANGERS SAINT LAUD,27,0.025
GRENOBLE,ANGERS SAINT LAUD,28,0.025
GRENOBLE,ANGERS SAINT LAUD,29,0.0
GRENOBLE,ANGERS SAINT LAUD,30,0.0
GRENOBLE,LAVAL,0,0.4
GRENOBLE,LAVAL,1,0.05
GRENOBLE,LAVAL,2,0.0
GRENOBLE,LAVAL,3,0.05
GRENOBLE,LAVAL,4,0.0
GRENOBLE,LAVAL,5,0.0
GRENOBLE,LAVAL,6,0.0
GRENOBLE,LAVAL,7,0.0
GRENOBLE,LAVAL,8,0.0
GRENOBLE,LAVAL,9,0.0
GRENOBLE,LAVAL,10,0.0
GRENOBLE,LAVAL,11,0.0
GRENOBLE,LAVAL,12,0.0
GRENOBLE,LAVAL,13,0.0
GRENOBLE,LAVAL,14,0.0
GRENOBLE,LAVAL,15,0.0
GRENOBLE,LAVAL,16,0.0
GRENOBLE,LAVAL,17,0.0
GRENOBLE,LAVAL,18,0.0
GRENOBLE,LAVAL,19,0.0
GRENOBLE,LAVAL,20,0.0
GRENOBLE,LAVAL,21,0.0
GRENOBLE,LAVAL,22,0.0
GRENOBLE,LAVAL,23,0.0
GRENOBLE,LAVAL,24,0.0
GRENOBLE,LAVAL,25,0.0
GRENOBLE,LAVAL,26,0.0
GRENOBLE,LAVAL,27,0.0
GRENOBLE,LAVAL,28,0.0
GRENOBLE,LAVAL,29,0.0
GRENOBLE,LAVAL,30,0.0
GRENOBLE,LE MANS,0,0.475
GRENOBLE,LE MANS,1,0.475
GRENOBLE,LE MANS,2,0.45
GRENOBLE,LE MANS,3,0.475
GRENOBLE,LE MANS,4,0.0
GRENOBLE,LE MANS,5,0.0
GRENOBLE,LE MANS,6,0.0
GRENOBLE,LE MANS,7,0.0
GRENOBLE,LE MANS,8,0.0
GRENOBLE,LE MANS,9,0.0
GRENOBLE,LE MANS,10,0.0
GRENOBLE,LE MANS,11,0.0
GRENOBLE,LE MANS,12,0.0
GRENOBLE,LE MANS,13,0.0
GRENOBLE,LE MANS,14,0.0
GRENOBLE,LE MANS,15,0.0
GRENOBLE,LE MANS,16,0.0
GRENOBLE,LE MANS,17,0.0
GRENOBLE,LE MANS,18,0.0
GRENOBLE,LE MANS,19,0.0
GRENOBLE,LE MANS,20,0.0
GRENOBLE,LE MANS,21,0.0
GRENOBLE,LE MANS,22,0.0
GRENOBLE,LE MANS,23,0.0
GRENOBLE,LE MANS,24,0.0
GRENOBLE,LE MANS,25,0.0
GRENOBLE,LE MANS,26,0.0
GRENOBLE,LE MANS,27,0.0
GRENOBLE,LE MANS,28,0.0
GRENOBLE,LE MANS,29,0.0
GRENOBLE,LE MANS,30,0.0
GRENOBLE,LYON (intramuros),0,0.95
GRENOBLE,LYON (intramuros),1,0.975
GRENOBLE,LYON (intramuros),2,0.975
GRENOBLE,LYON (intramuros),3,0.95
GRENOBLE,LYON (intramuros),4,1.0
GRENOBLE,LYON (intramuros),5,1.0
GRENOBLE,LYON (intramuros),6,1.0
GRENOBLE,LYON (intramuros),7,1.0
GRENOBLE,LYON (intramuros),8,1.0
GRENOBLE,LYON (intramuros),9,1.0
GRENOBLE,LYON (intramuros),10,0.975
GRENOBLE,LYON (intramuros),11,0.525
GRENOBLE,LYON (intramuros),12,0.45
GRENOBLE,LYON (intramuros),13,0.45
GRENOBLE,LYON (intramuros),14,0.15
GRENOBLE,LYON (intramuros),15,0.05
GRENOBLE,LYON (intramuros),16,0.025
GRENOBLE,LYON (intramuros),17,0.0
GRENOBLE,LYON (intramuros),18,0.0
GRENOBLE,LYON (intramuros),19,0.0
GRENOBLE,LYON (intramuros),20,0.0
GRENOBLE,LYON (intramuros),21,0.0
GRENOBLE,LYON (intramuros),22,0.0
GRENOBLE,LYON (intramuros),23,0.0
GRENOBLE,LYON (intramuros),24,0.0
GRENOBLE,LYON (intramuros),25,0.0
GRENOBLE,LYON (intramuros),26,0.0
GRENOBLE,LYON (intramuros),27,0.0
GRENOBLE,LYON (intramuros),28,0.025
GRENOBLE,LYON (intramuros),29,0.025
GRENOBLE,LYON (intramuros),30,0.0
GRENOBLE,MASSY TGV,0,0.45
GRENOBLE,MASSY TGV,1,0.475
GRENOBLE,MASSY TGV,2,0.47500000000000003
GRENOBLE,MASSY TGV,3,0.42500000000000004
GRENOBLE,MASSY TGV,4,0.05
GRENOBLE,MASSY TGV,5,0.0
GRENOBLE,MASSY TGV,6,0.0
GRENOBLE,MASSY TGV,7,0.0
GRENOBLE,MASSY TGV,8,0.0
GRENOBLE,MASSY TGV,9,0.0
GRENOBLE,MASSY TGV,10,0.0
GRENOBLE,MASSY TGV,11,0.0
GRENOBLE,MASSY TGV,12,0.0
GRENOBLE,MASSY TGV,13,0.0
GRENOBLE,MASSY TGV,14,0.0
GRENOBLE,MASSY TGV,15,0.0
GRENOBLE,MASSY TGV,16,0.0
GRENOBLE,MASSY TGV,17,0.0
GRENOBLE,MASSY TGV,18,0.0
GRENOBLE,MASSY TGV,19,0.0
GRENOBLE,MASSY TGV,20,0.0
GRENOBLE,MASSY TGV,21,0.0
GRENOBLE,MASSY TGV,22,0.0
GRENOBLE,MASSY TGV,23,0.0
GRENOBLE,MASSY TGV,24,0.0
GRENOBLE,MASSY TGV,25,0.0
GRENOBLE,MASSY TGV,26,0.0
GRENOBLE,MASSY TGV,27,0.0
GRENOBLE,MASSY TGV,28,0.0
GRENOBLE,MASSY TGV,29,0.0
GRENOBLE,MASSY TGV,30,0.0
GRENOBLE,NANTES,0,0.525
GRENOBLE,NANTES,1,0.525
GRENOBLE,NANTES,2,0.475
GRENOBLE,NANTES,3,0.5
GRENOBLE,NANTES,4,0.1
GRENOBLE,NANTES,5,0.0
GRENOBLE,NANTES,6,0.0
GRENOBLE,NANTES,7,0.0
GRENOBLE,NANTES,8,0.0
GRENOBLE,NANTES,9,0.0
GRENOBLE,NANTES,10,0.0
GRENOBLE,NANTES,11,0.0
GRENOBLE,NANTES,12,0.025
GRENOBLE,NANTES,13,0.0
GRENOBLE,NANTES,14,0.0
GRENOBLE,NANTES,15,0.0
GRENOBLE,NANTES,16,0.0
GRENOBLE,NANTES,17,0.0
GRENOBLE,NANTES,18,0.0
GRENOBLE,NANTES,19,0.0
GRENOBLE,NANTES,20,0.0
GRENOBLE,NANTES,21,0.0
GRENOBLE,NANTES,22,0.0
GRENOBLE,NANTES,23,0.0
GRENOBLE,NANTES,24,0.0
GRENOBLE,NANTES,25,0.0
GRENOBLE,NANTES,26,0.0
GRENOBLE,NANTES,27,0.0
GRENOBLE,NANTES,28,0.0
GRENOBLE,NANTES,29,0.0
GRENOBLE,NANTES,30,0.0
GRENOBLE,RENNES,0,0.425
GRENOBLE,RENNES,1,0.075
GRENOBLE,RENNES,2,0.0
GRENOBLE,RENNES,3,0.025
GRENOBLE,RENNES,4,0.025
GRENOBLE,RENNES,5,0.025
GRENOBLE,RENNES,6,0.0
GRENOBLE,RENNES,7,0.0
GRENOBLE,RENNES,8,0.025
GRENOBLE,RENNES,9,0.0
GRENOBLE,RENNES,10,0.0
GRENOBLE,RENNES,11,0.0
GRENOBLE,RENNES,12,0.0
GRENOBLE,RENNES,13,0.0
GRENOBLE,RENNES,14,0.0
GRENOBLE,RENNES,15,0.0
GRENOBLE,RENNES,16,0.0
GRENOBLE,RENNES,17,0.0
GRENOBLE,RENNES,18,0.0
GRENOBLE,RENNES,19,0.0
GRENOBLE,RENNES,20,0.0
GRENOBLE,RENNES,21,0.0
GRENOBLE,RENNES,22,0.0
GRENOBLE,RENNES,23,0.0
GRENOBLE,RENNES,24,0.0
GRENOBLE,RENNES,25,0.0
GRENOBLE,RENNES,26,0.0
GRENOBLE,RENNES,27,0.0
GRENOBLE,RENNES,28,0.0
GRENOBLE,RENNES,29,0.0
GRENOBLE,RENNES,30,0.0
LANDRY,AIME LA PLAGNE,0,0.7833333333333333
LANDRY,AIME LA PLAGNE,1,0.7833333333333333
LANDRY,AIME LA PLAGNE,2,0.7888888888888889
LANDRY,AIME LA PLAGNE,3,0.7777777777777778
LANDRY,AIME LA PLAGNE,4,0.5722222222222223
LANDRY,AIME LA PLAGNE,5,0.5611111111111111
LANDRY,AIME LA PLAGNE,6,0.5555555555555556
LANDRY,AIME LA PLAGNE,7,0.5555555555555556
LANDRY,AIME LA PLAGNE,8,0.5555555555555556
LANDRY,AIME LA PLAGNE,9,0.5555555555555556
LANDRY,AIME LA PLAGNE,10,0.55
LANDRY,AIME LA PLAGNE,11,0.55
LANDRY,AIME LA PLAGNE,12,0.44999999999999996
LANDRY,AIME LA PLAGNE,13,0.4444444444444444
LANDRY,AIME LA PLAGNE,14,0.3888888888888889
LANDRY,AIME LA PLAGNE,15,0.35
LANDRY,AIME LA PLAGNE,16,0.43333333333333335
LANDRY,AIME LA PLAGNE,17,0.4444444444444444
LANDRY,AIME LA PLAGNE,18,0.4444444444444444
LANDRY,AIME LA PLAGNE,19,0.4444444444444444
LANDRY,AIME LA PLAGNE,20,0.4444444444444444
LANDRY,AIME LA PLAGNE,21,0.4444444444444444
LANDRY,AIME LA PLAGNE,22,0.4388888888888889
LANDRY,AIME LA PLAGNE,23,0.4277777777777778
LANDRY,AIME LA PLAGNE,24,0.35
LANDRY,AIME LA PLAGNE,25,0.34444444444444444
LANDRY,AIME LA PLAGNE,26,0.3333333333333333
LANDRY,AIME LA PLAGNE,27,0.33888888888888885
LANDRY,AIME LA PLAGNE,28,0.3055555555555556
LANDRY,AIME LA PLAGNE,29,0.15000000000000002
LANDRY,AIME LA PLAGNE,30,0.03888888888888889
LANDRY,ALBERTVILLE,0,0.7777777777777778
LANDRY,ALBERTVILLE,1,0.7777777777777778
LANDRY,ALBERTVILLE,2,0.7777777777777778
LANDRY,ALBERTVILLE,3,0.7722222222222223
LANDRY,ALBERTVILLE,4,0.5722222222222223
LANDRY,ALBERTVILLE,5,0.5555555555555556
LANDRY,ALBERTVILLE,6,0.5555555555555556
LANDRY,ALBERTVILLE,7,0.5555555555555556
LANDRY,ALBERTVILLE,8,0.55
LANDRY,ALBERTVILLE,9,0.55
LANDRY,ALBERTVILLE,10,0.5611111111111111
LANDRY,ALBERTVILLE,11,0.5555555555555556
LANDRY,ALBERTVILLE,12,0.44999999999999996
LANDRY,ALBERTVILLE,13,0.44999999999999996
LANDRY,ALBERTVILLE,14,0.41111111111111115
LANDRY,ALBERTVILLE,15,0.37222222222222223
LANDRY,ALBERTVILLE,16,0.43333333333333335
LANDRY,ALBERTVILLE,17,0.4444444444444444
LANDRY,ALBERTVILLE,18,0.4444444444444444
LANDRY,ALBERTVILLE,19,0.4444444444444444
LANDRY,ALBERTVILLE,20,0.4444444444444444
LANDRY,ALBERTVILLE,21,0.4444444444444444
LANDRY,ALBERTVILLE,22,0.4444444444444444
LANDRY,ALBERTVILLE,23,0.4444444444444444
LANDRY,ALBERTVILLE,24,0.3333333333333333
LANDRY,ALBERTVILLE,25,0.3333333333333333
LANDRY,ALBERTVILLE,26,0.3277777777777778
LANDRY,ALBERTVILLE,27,0.3333333333333333
LANDRY,ALBERTVILLE,28,0.30000000000000004
LANDRY,ALBERTVILLE,29,0.13333333333333333
LANDRY,ALBERTVILLE,30,0.03333333333333333
LANDRY,ANGERS SAINT LAUD,0,0.7333333333333333
LANDRY,ANGERS SAINT LAUD,1,0.6944444444444444
LANDRY,ANGERS SAINT LAUD,2,0.6611111111111111
LANDRY,ANGERS SAINT LAUD,3,0.6611111111111111
LANDRY,ANGERS SAINT LAUD,4,0.4722222222222222
LANDRY,ANGERS SAINT LAUD,5,0.4444444444444444
LANDRY,ANGERS SAINT LAUD,6,0.4444444444444444
LANDRY,ANGERS SAINT LAUD,7,0.4444444444444444
LANDRY,ANGERS SAINT LAUD,8,0.4444444444444444
LANDRY,ANGERS SAINT LAUD,9,0.4444444444444444
LANDRY,ANGERS SAINT LAUD,10,0.4444444444444444
LANDRY,ANGERS SAINT LAUD,11,0.4388888888888889
LANDRY,ANGERS SAINT LAUD,12,0.3277777777777778
LANDRY,ANGERS SAINT LAUD,13,0.3111111111111111
LANDRY,ANGERS SAINT LAUD,14,0.23333333333333334
LANDRY,ANGERS SAINT LAUD,15,0.22777777777777775
LANDRY,ANGERS SAINT LAUD,16,0.2777777777777778
LANDRY,ANGERS SAINT LAUD,17,0.23333333333333334
LANDRY,ANGERS SAINT LAUD,18,0.16666666666666666
LANDRY,ANGERS SAINT LAUD,19,0.30000000000000004
LANDRY,ANGERS SAINT LAUD,20,0.3
LANDRY,ANGERS SAINT LAUD,21,0.2444444444444444
LANDRY,ANGERS SAINT LAUD,22,0.30000000000000004
LANDRY,ANGERS SAINT LAUD,23,0.3055555555555556
LANDRY,ANGERS SAINT LAUD,24,0.23888888888888887
LANDRY,ANGERS SAINT LAUD,25,0.12777777777777777
LANDRY,ANGERS SAINT LAUD,26,0.13333333333333333
LANDRY,ANGERS SAINT LAUD,27,0.19444444444444445
LANDRY,ANGERS SAINT LAUD,28,0.2777777777777778
LANDRY,ANGERS SAINT LAUD,29,0.15555555555555556
LANDRY,ANGERS SAINT LAUD,30,0.03333333333333333
LANDRY,CHAMBERY CHALLES LES EAUX,0,0.7722222222222223
LANDRY,CHAMBERY CHALLES LES EAUX,1,0.7777777777777778
LANDRY,CHAMBERY CHALLES LES EAUX,2,0.7777777777777778
LANDRY,CHAMBERY CHALLES LES EAUX,3,0.7611111111111111
LANDRY,CHAMBERY CHALLES LES EAUX,4,0.5611111111111111
LANDRY,CHAMBERY CHALLES LES EAUX,5,0.5666666666666667
LANDRY,CHAMBERY CHALLES LES EAUX,6,0.5555555555555556
LANDRY,CHAMBERY CHALLES LES EAUX,7,0.5555555555555556
LANDRY,CHAMBERY CHALLES LES EAUX,8,0.5555555555555556
LANDRY,CHAMBERY CHALLES LES EAUX,9,0.5555555555555556
LANDRY,CHAMBERY CHALLES LES EAUX,10,0.5555555555555556
LANDRY,CHAMBERY CHALLES LES EAUX,11,0.5555555555555556
LANDRY,CHAMBERY CHALLES LES EAUX,12,0.44999999999999996
LANDRY,CHAMBERY CHALLES LES EAUX,13,0.4444444444444444
LANDRY,CHAMBERY CHALLES LES EAUX,14,0.4166666666666667
LANDRY,CHAMBERY CHALLES LES EAUX,15,0.3611111111111111
LANDRY,CHAMBERY CHALLES LES EAUX,16,0.41111111111111115
LANDRY,CHAMBERY CHALLES LES EAUX,17,0.4388888888888889
LANDRY,CHAMBERY CHALLES LES EAUX,18,0.4444444444444444
LANDRY,CHAMBERY CHALLES LES EAUX,19,0.4388888888888889
LANDRY,CHAMBERY CHALLES LES EAUX,20,0.4444444444444444
LANDRY,CHAMBERY CHALLES LES EAUX,21,0.4444444444444444
LANDRY,CHAMBERY CHALLES LES EAUX,22,0.4388888888888889
LANDRY,CHAMBERY CHALLES LES EAUX,23,0.43333333333333335
LANDRY,CHAMBERY CHALLES LES EAUX,24,0.35555555555555557
LANDRY,CHAMBERY CHALLES LES EAUX,25,0.3277777777777778
LANDRY,CHAMBERY CHALLES LES EAUX,26,0.3277777777777778
LANDRY,CHAMBERY CHALLES LES EAUX,27,0.3333333333333333
LANDRY,CHAMBERY CHALLES LES EAUX,28,0.29444444444444445
LANDRY,CHAMBERY CHALLES LES EAUX,29,0.15555555555555556
LANDRY,CHAMBERY CHALLES LES EAUX,30,0.03888888888888889
LANDRY,LE MANS,0,0.75
LANDRY,LE MANS,1,0.6611111111111111
LANDRY,LE MANS,2,0.6611111111111111
LANDRY,LE MANS,3,0.6666666666666666
LANDRY,LE MANS,4,0.4444444444444444
LANDRY,LE MANS,5,0.4388888888888889
LANDRY,LE MANS,6,0.44999999999999996
LANDRY,LE MANS,7,0.4444444444444444
LANDRY,LE MANS,8,0.4444444444444444
LANDRY,LE MANS,9,0.4444444444444444
LANDRY,LE MANS,10,0.46111111111111114
LANDRY,LE MANS,11,0.4444444444444444
LANDRY,LE MANS,12,0.3277777777777778
LANDRY,LE MANS,13,0.3277777777777778
LANDRY,LE MANS,14,0.24444444444444446
LANDRY,LE MANS,15,0.23888888888888887
LANDRY,LE MANS,16,0.3055555555555556
LANDRY,LE MANS,17,0.25
LANDRY,LE MANS,18,0.3222222222222222
LANDRY,LE MANS,19,0.3222222222222222
LANDRY,LE MANS,20,0.3333333333333333
LANDRY,LE MANS,21,0.34444444444444444
LANDRY,LE MANS,22,0.4222222222222222
LANDRY,LE MANS,23,0.4277777777777778
LANDRY,LE MANS,24,0.31666666666666665
LANDRY,LE MANS,25,0.13333333333333333
LANDRY,LE MANS,26,0.12222222222222223
LANDRY,LE MANS,27,0.1888888888888889
LANDRY,LE MANS,28,0.2611111111111111
LANDRY,LE MANS,29,0.1611111111111111
LANDRY,LE MANS,30,0.027777777777777776
LANDRY,MASSY TGV,0,0.7555555555555555
LANDRY,MASSY TGV,1,0.6666666666666666
LANDRY,MASSY TGV,2,0.6611111111111111
LANDRY,MASSY TGV,3,0.6333333333333333
LANDRY,MASSY TGV,4,0.44999999999999996
LANDRY,MASSY TGV,5,0.4388888888888889
LANDRY,MASSY TGV,6,0.4444444444444444
LANDRY,MASSY TGV,7,0.4388888888888889
LANDRY,MASSY TGV,8,0.4388888888888889
LANDRY,MASSY TGV,9,0.4444444444444444
LANDRY,MASSY TGV,10,0.4444444444444444
LANDRY,MASSY TGV,11,0.4444444444444444
LANDRY,MASSY TGV,12,0.4222222222222222
LANDRY,MASSY TGV,13,0.43333333333333335
LANDRY,MASSY TGV,14,0.3611111111111111
LANDRY,MASSY TGV,15,0.35555555555555557
LANDRY,MASSY TGV,16,0.4166666666666667
LANDRY,MASSY TGV,17,0.35555555555555557
LANDRY,MASSY TGV,18,0.35
LANDRY,MASSY TGV,19,0.40555555555555556
LANDRY,MASSY TGV,20,0.4388888888888889
LANDRY,MASSY TGV,21,0.4444444444444444
LANDRY,MASSY TGV,22,0.4388888888888889
LANDRY,MASSY TGV,23,0.4277777777777778
LANDRY,MASSY TGV,24,0.3333333333333333
LANDRY,MASSY TGV,25,0.3333333333333333
LANDRY,MASSY TGV,26,0.3333333333333333
LANDRY,MASSY TGV,27,0.3333333333333333
LANDRY,MASSY TGV,28,0.29444444444444445
LANDRY,MASSY TGV,29,0.13333333333333333
LANDRY,MASSY TGV,30,0.011111111111111112
LANDRY,MOUTIERS SALINS BRIDES LES BAINS,0,0.7777777777777778
LANDRY,MOUTIERS SALINS BRIDES LES BAINS,1,0.7777777777777778
LANDRY,MOUTIERS SALINS BRIDES LES BAINS,2,0.7777777777777778
LANDRY,MOUTIERS SALINS BRIDES LES BAINS,3,0.7666666666666667
LANDRY,MOUTIERS SALINS BRIDES LES BAINS,4,0.5666666666666667
LANDRY,MOUTIERS SALINS BRIDES LES BAINS,5,0.5555555555555556
LANDRY,MOUTIERS SALINS BRIDES LES BAINS,6,0.5555555555555556
LANDRY,MOUTIERS SALINS BRIDES LES BAINS,7,0.5555555555555556
LANDRY,MOUTIERS SALINS BRIDES LES BAINS,8,0.5555555555555556
LANDRY,MOUTIERS SALINS BRIDES LES BAINS,9,0.5555555555555556
LANDRY,MOUTIERS SALINS BRIDES LES BAINS,10,0.5444444444444445
LANDRY,MOUTIERS SALINS BRIDES LES BAINS,11,0.5611111111111111
LANDRY,MOUTIERS SALINS BRIDES LES BAINS,12,0.4388888888888889
LANDRY,MOUTIERS SALINS BRIDES LES BAINS,13,0.4388888888888889
LANDRY,MOUTIERS SALINS BRIDES LES BAINS,14,0.41111111111111115
LANDRY,MOUTIERS SALINS BRIDES LES BAINS,15,0.35555555555555557
LANDRY,MOUTIERS SALINS BRIDES LES BAINS,16,0.43333333333333335
LANDRY,MOUTIERS SALINS BRIDES LES BAINS,17,0.4444444444444444
LANDRY,MOUTIERS SALINS BRIDES LES BAINS,18,0.4444444444444444
LANDRY,MOUTIERS SALINS BRIDES LES BAINS,19,0.4444444444444444
LANDRY,MOUTIERS SALINS BRIDES LES BAINS,20,0.4444444444444444
LANDRY,MOUTIERS SALINS BRIDES LES BAINS,21,0.4444444444444444
LANDRY,MOUTIERS SALINS BRIDES LES BAINS,22,0.4444444444444444
LANDRY,MOUTIERS SALINS BRIDES LES BAINS,23,0.4444444444444444
LANDRY,MOUTIERS SALINS BRIDES LES BAINS,24,0.34444444444444444
LANDRY,MOUTIERS SALINS BRIDES LES BAINS,25,0.33888888888888885
LANDRY,MOUTIERS SALINS BRIDES LES BAINS,26,0.33888888888888885
LANDRY,MOUTIERS SALINS BRIDES LES BAINS,27,0.3333333333333333
LANDRY,MOUTIERS SALINS BRIDES LES BAINS,28,0.27222222222222225
LANDRY,MOUTIERS SALINS BRIDES LES BAINS,29,0.15000000000000002
LANDRY,MOUTIERS SALINS BRIDES LES BAINS,30,0.02222222222222222
LANDRY,NANTES,0,0.7555555555555555
LANDRY,NANTES,1,0.6833333333333333
LANDRY,NANTES,2,0.6666666666666666
LANDRY,NANTES,3,0.6611111111111111
LANDRY,NANTES,4,0.46111111111111114
LANDRY,NANTES,5,0.4444444444444444
LANDRY,NANTES,6,0.4444444444444444
LANDRY,NANTES,7,0.4444444444444444
LANDRY,NANTES,8,0.4444444444444444
LANDRY,NANTES,9,0.4444444444444444
LANDRY,NANTES,10,0.4444444444444444
LANDRY,NANTES,11,0.4444444444444444
LANDRY,NANTES,12,0.3333333333333333
LANDRY,NANTES,13,0.3277777777777777
LANDRY,NANTES,14,0.23888888888888887
LANDRY,NANTES,15,0.23333333333333328
LANDRY,NANTES,16,0.29444444444444445
LANDRY,NANTES,17,0.25
LANDRY,NANTES,18,0.16666666666666666
LANDRY,NANTES,19,0.30000000000000004
LANDRY,NANTES,20,0.3055555555555556
LANDRY,NANTES,21,0.2777777777777778
LANDRY,NANTES,22,0.3277777777777778
LANDRY,NANTES,23,0.31666666666666665
LANDRY,NANTES,24,0.22777777777777775
LANDRY,NANTES,25,0.1111111111111111
LANDRY,NANTES,26,0.11666666666666667
LANDRY,NANTES,27,0.1888888888888889
LANDRY,NANTES,28,0.2888888888888889
LANDRY,NANTES,29,0.14444444444444443
LANDRY,NANTES,30,0.027777777777777776
LANDRY,RENNES,0,0.6444444444444444
LANDRY,RENNES,1,0.55
LANDRY,RENNES,2,0.5166666666666667
LANDRY,RENNES,3,0.4444444444444444
LANDRY,RENNES,4,0.33888888888888885
LANDRY,RENNES,5,0.3333333333333333
LANDRY,RENNES,6,0.3333333333333333
LANDRY,RENNES,7,0.3333333333333333
LANDRY,RENNES,8,0.33888888888888885
LANDRY,RENNES,9,0.33888888888888885
LANDRY,RENNES,10,0.34444444444444444
LANDRY,RENNES,11,0.33888888888888885
LANDRY,RENNES,12,0.2222222222222222
LANDRY,RENNES,13,0.2222222222222222
LANDRY,RENNES,14,0.2222222222222222
LANDRY,RENNES,15,0.22777777777777775
LANDRY,RENNES,16,0.21666666666666667
LANDRY,RENNES,17,0.12777777777777777
LANDRY,RENNES,18,0.20555555555555557
LANDRY,RENNES,19,0.2111111111111111
LANDRY,RENNES,20,0.21666666666666667
LANDRY,RENNES,21,0.2222222222222222
LANDRY,RENNES,22,0.23888888888888887
LANDRY,RENNES,23,0.2888888888888889
LANDRY,RENNES,24,0.2833333333333333
LANDRY,RENNES,25,0.1388888888888889
LANDRY,RENNES,26,0.12222222222222223
LANDRY,RENNES,27,0.11666666666666667
LANDRY,RENNES,28,0.17222222222222222
LANDRY,RENNES,29,0.12777777777777777
LANDRY,RENNES,30,0.016666666666666666
LAVAL,RENNES,0,0.9493112947658403
LAVAL,RENNES,1,0.9486225895316805
LAVAL,RENNES,2,0.9440771349862259
LAVAL,RENNES,3,0.9491735537190082
LAVAL,RENNES,4,0.9212121212121211
LAVAL,RENNES,5,0.9115702479338842
LAVAL,RENNES,6,0.9154269972451791
LAVAL,RENNES,7,0.9019283746556473
LAVAL,RENNES,8,0.8882920110192837
LAVAL,RENNES,9,0.8812672176308539
LAVAL,RENNES,10,0.8630853994490358
LAVAL,RENNES,11,0.8362258953168045
LAVAL,RENNES,12,0.6706611570247933
LAVAL,RENNES,13,0.6615702479338843
LAVAL,RENNES,14,0.66267217630854
LAVAL,RENNES,15,0.6600550964187327
LAVAL,RENNES,16,0.6450413223140496
LAVAL,RENNES,17,0.6439393939393939
LAVAL,RENNES,18,0.6451790633608815
LAVAL,RENNES,19,0.6330578512396694
LAVAL,RENNES,20,0.6154269972451791
LAVAL,RENNES,21,0.6015151515151514
LAVAL,RENNES,22,0.5917355371900826
LAVAL,RENNES,23,0.5825068870523415
LAVAL,RENNES,24,0.568457300275482
LAVAL,RENNES,25,0.5542699724517905
LAVAL,RENNES,26,0.5498618784530387
LAVAL,RENNES,27,0.5497237569060773
LAVAL,RENNES,28,0.5378116343490305
LAVAL,RENNES,29,0.5375
LAVAL,RENNES,30,0.04315642458100559
LE MANS,ANGERS SAINT LAUD,0,0.8530470914127424
LE MANS,ANGERS SAINT LAUD,1,0.8450138504155125
LE MANS,ANGERS SAINT LAUD,2,0.850414364640884
LE MANS,ANGERS SAINT LAUD,3,0.8406077348066299
LE MANS,ANGERS SAINT LAUD,4,0.6534530386740331
LE MANS,ANGERS SAINT LAUD,5,0.6363259668508288
LE MANS,ANGERS SAINT LAUD,6,0.6310773480662983
LE MANS,ANGERS SAINT LAUD,7,0.6189226519337017
LE MANS,ANGERS SAINT LAUD,8,0.605524861878453
LE MANS,ANGERS SAINT LAUD,9,0.5814917127071824
LE MANS,ANGERS SAINT LAUD,10,0.5785911602209944
LE MANS,ANGERS SAINT LAUD,11,0.5683701657458563
LE MANS,ANGERS SAINT LAUD,12,0.3469613259668508
LE MANS,ANGERS SAINT LAUD,13,0.3451657458563536
LE MANS,ANGERS SAINT LAUD,14,0.34157458563535914
LE MANS,ANGERS SAINT LAUD,15,0.3435082872928177
LE MANS,ANGERS SAINT LAUD,16,0.3540055248618785
LE MANS,ANGERS SAINT LAUD,17,0.35773480662983426
LE MANS,ANGERS SAINT LAUD,18,0.3607734806629834
LE MANS,ANGERS SAINT LAUD,19,0.3607734806629834
LE MANS,ANGERS SAINT LAUD,20,0.362707182320442
LE MANS,ANGERS SAINT LAUD,21,0.36616022099447515
LE MANS,ANGERS SAINT LAUD,22,0.36381215469613254
LE MANS,ANGERS SAINT LAUD,23,0.3665745856353591
LE MANS,ANGERS SAINT LAUD,24,0.3632596685082873
LE MANS,ANGERS SAINT LAUD,25,0.35939226519337014
LE MANS,ANGERS SAINT LAUD,26,0.35897790055248613
LE MANS,ANGERS SAINT LAUD,27,0.36146408839779004
LE MANS,ANGERS SAINT LAUD,28,0.3468232044198895
LE MANS,ANGERS SAINT LAUD,29,0.3397790055248619
LE MANS,ANGERS SAINT LAUD,30,0.043213296398891966
LE MANS,AURAY,0,0.95
LE MANS,AURAY,1,0.95
LE MANS,AURAY,2,0.8
LE MANS,AURAY,3,0.05
LE MANS,AURAY,4,0.05
LE MANS,AURAY,5,0.05
LE MANS,AURAY,6,0.05
LE MANS,AURAY,7,0.0
LE MANS,AURAY,8,0.0
LE MANS,AURAY,9,0.0
LE MANS,AURAY,10,0.0
LE MANS,AURAY,11,0.0
LE MANS,AURAY,12,0.0
LE MANS,AURAY,13,0.0
LE MANS,AURAY,14,0.0
LE MANS,AURAY,15,0.0
LE MANS,AURAY,16,0.0
LE MANS,AURAY,17,0.0
LE MANS,AURAY,18,0.0
LE MANS,AURAY,19,0.0
LE MANS,AURAY,20,0.0
LE MANS,AURAY,21,0.0
LE MANS,AURAY,22,0.0
LE MANS,AURAY,23,0.0
LE MANS,AURAY,24,0.0
LE MANS,AURAY,25,0.0
LE MANS,AURAY,26,0.0
LE MANS,AURAY,27,0.0
LE MANS,AURAY,28,0.0
LE MANS,AURAY,29,0.0
LE MANS,AURAY,30,0.0
LE MANS,LAVAL,0,0.9462707182320442
LE MANS,LAVAL,1,0.9470994475138123
LE MANS,LAVAL,2,0.9469613259668509
LE MANS,LAVAL,3,0.9465469613259668
LE MANS,LAVAL,4,0.9227900552486188
LE MANS,LAVAL,5,0.9129834254143646
LE MANS,LAVAL,6,0.9149171270718232
LE MANS,LAVAL,7,0.9060773480662984
LE MANS,LAVAL,8,0.8899171270718231
LE MANS,LAVAL,9,0.8827348066298343
LE MANS,LAVAL,10,0.8620165745856354
LE MANS,LAVAL,11,0.8337016574585636
LE MANS,LAVAL,12,0.6732044198895027
LE MANS,LAVAL,13,0.6625690607734807
LE MANS,LAVAL,14,0.6592541436464089
LE MANS,LAVAL,15,0.6621546961325967
LE MANS,LAVAL,16,0.6491735537190083
LE MANS,LAVAL,17,0.6466850828729281
LE MANS,LAVAL,18,0.6454419889502763
LE MANS,LAVAL,19,0.630524861878453
LE MANS,LAVAL,20,0.6160220994475138
LE MANS,LAVAL,21,0.6011049723756906
LE MANS,LAVAL,22,0.5955801104972376
LE MANS,LAVAL,23,0.5832872928176795
LE MANS,LAVAL,24,0.5669889502762431
LE MANS,LAVAL,25,0.5552486187845304
LE MANS,LAVAL,26,0.5495844875346261
LE MANS,LAVAL,27,0.5506925207756233
LE MANS,LAVAL,28,0.5416666666666666
LE MANS,LAVAL,29,0.5423398328690807
LE MANS,LAVAL,30,0.04145658263305323
LE MANS,LORIENT,0,0.9
LE MANS,LORIENT,1,0.9
LE MANS,LORIENT,2,0.8
LE MANS,LORIENT,3,0.05
LE MANS,LORIENT,4,0.0
LE MANS,LORIENT,5,0.0
LE MANS,LORIENT,6,0.0
LE MANS,LORIENT,7,0.05
LE MANS,LORIENT,8,0.05
LE MANS,LORIENT,9,0.0
LE MANS,LORIENT,10,0.0
LE MANS,LORIENT,11,0.0
LE MANS,LORIENT,12,0.0
LE MANS,LORIENT,13,0.0
LE MANS,LORIENT,14,0.0
LE MANS,LORIENT,15,0.0
LE MANS,LORIENT,16,0.0
LE MANS,LORIENT,17,0.0
LE MANS,LORIENT,18,0.0
LE MANS,LORIENT,19,0.0
LE MANS,LORIENT,20,0.0
LE MANS,LORIENT,21,0.0
LE MANS,LORIENT,22,0.0
LE MANS,LORIENT,23,0.0
LE MANS,LORIENT,24,0.0
LE MANS,LORIENT,25,0.0
LE MANS,LORIENT,26,0.0
LE MANS,LORIENT,27,0.0
LE MANS,LORIENT,28,0.0
LE MANS,LORIENT,29,0.0
LE MANS,LORIENT,30,0.0
LE MANS,NANTES,0,0.8512465373961219
LE MANS,NANTES,1,0.845983379501385
LE MANS,NANTES,2,0.8430939226519337
LE MANS,NANTES,3,0.8303867403314917
LE MANS,NANTES,4,0.6653314917127071
LE MANS,NANTES,5,0.637707182320442
LE MANS,NANTES,6,0.6323204419889503
LE MANS,NANTES,7,0.6179558011049724
LE MANS,NANTES,8,0.6031767955801105
LE MANS,NANTES,9,0.5788674033149172
LE MANS,NANTES,10,0.5748618784530387
LE MANS,NANTES,11,0.5694751381215469
LE MANS,NANTES,12,0.3430939226519337
LE MANS,NANTES,13,0.3441988950276243
LE MANS,NANTES,14,0.3366022099447514
LE MANS,NANTES,15,0.3410220994475138
LE MANS,NANTES,16,0.35027624309392263
LE MANS,NANTES,17,0.35607734806629837
LE MANS,NANTES,18,0.3624309392265193
LE MANS,NANTES,19,0.3592541436464089
LE MANS,NANTES,20,0.36132596685082874
LE MANS,NANTES,21,0.36381215469613254
LE MANS,NANTES,22,0.36215469613259665
LE MANS,NANTES,23,0.3668508287292818
LE MANS,NANTES,24,0.3620165745856354
LE MANS,NANTES,25,0.36049723756906077
LE MANS,NANTES,26,0.36049723756906077
LE MANS,NANTES,27,0.35911602209944754
LE MANS,NANTES,28,0.34599447513812154
LE MANS,NANTES,29,0.3403314917127072
LE MANS,NANTES,30,0.04653739612188366
LE MANS,QUIMPER,0,0.95
LE MANS,QUIMPER,1,0.95
LE MANS,QUIMPER,2,0.85
LE MANS,QUIMPER,3,0.25
LE MANS,QUIMPER,4,0.05
LE MANS,QUIMPER,5,0.0
LE MANS,QUIMPER,6,0.0
LE MANS,QUIMPER,7,0.0
LE MANS,QUIMPER,8,0.0
LE MANS,QUIMPER,9,0.0
LE MANS,QUIMPER,10,0.0
LE MANS,QUIMPER,11,0.0
LE MANS,QUIMPER,12,0.0
LE MANS,QUIMPER,13,0.0
LE MANS,QUIMPER,14,0.0
LE MANS,QUIMPER,15,0.0
LE MANS,QUIMPER,16,0.0
LE MANS,QUIMPER,17,0.0
LE MANS,QUIMPER,18,0.0
LE MANS,QUIMPER,19,0.0
LE MANS,QUIMPER,20,0.0
LE MANS,QUIMPER,21,0.0
LE MANS,QUIMPER,22,0.0
LE MANS,QUIMPER,23,0.0
LE MANS,QUIMPER,24,0.0
LE MANS,QUIMPER,25,0.0
LE MANS,QUIMPER,26,0.0
LE MANS,QUIMPER,27,0.0
LE MANS,QUIMPER,28,0.0
LE MANS,QUIMPER,29,0.0
LE MANS,QUIMPER,30,0.0
LE MANS,REDON,0,1.0
LE MANS,REDON,1,1.0
LE MANS,REDON,2,0.9
LE MANS,REDON,3,0.25
LE MANS,REDON,4,0.0
LE MANS,REDON,5,0.0
LE MANS,REDON,6,0.0
LE MANS,REDON,7,0.05
LE MANS,REDON,8,0.05
LE MANS,REDON,9,0.0
LE MANS,REDON,10,0.0
LE MANS,REDON,11,0.0
LE MANS,REDON,12,0.0
LE MANS,REDON,13,0.0
LE MANS,REDON,14,0.0
LE MANS,REDON,15,0.0
LE MANS,REDON,16,0.0
LE MANS,REDON,17,0.0
LE MANS,REDON,18,0.0
LE MANS,REDON,19,0.0
LE MANS,REDON,20,0.0
LE MANS,REDON,21,0.0
LE MANS,REDON,22,0.0
LE MANS,REDON,23,0.0
LE MANS,REDON,24,0.0
LE MANS,REDON,25,0.0
LE MANS,REDON,26,0.0
LE MANS,REDON,27,0.0
LE MANS,REDON,28,0.0
LE MANS,REDON,29,0.0
LE MANS,REDON,30,0.0
LE MANS,RENNES,0,0.9479281767955801
LE MANS,RENNES,1,0.9487569060773481
LE MANS,RENNES,2,0.9484806629834255
LE MANS,RENNES,3,0.9505524861878454
LE MANS,RENNES,4,0.9284530386740332
LE MANS,RENNES,5,0.9233425414364641
LE MANS,RENNES,6,0.9247237569060773
LE MANS,RENNES,7,0.9064917127071822
LE MANS,RENNES,8,0.8912983425414364
LE MANS,RENNES,9,0.8820441988950276
LE MANS,RENNES,10,0.8575966850828729
LE MANS,RENNES,11,0.8407458563535912
LE MANS,RENNES,12,0.6714088397790056
LE MANS,RENNES,13,0.663121546961326
LE MANS,RENNES,14,0.6616022099447514
LE MANS,RENNES,15,0.6578729281767955
LE MANS,RENNES,16,0.6480716253443526
LE MANS,RENNES,17,0.6424033149171271
LE MANS,RENNES,18,0.6446132596685082
LE MANS,RENNES,19,0.6345303867403315
LE MANS,RENNES,20,0.6211325966850828
LE MANS,RENNES,21,0.6107734806629834
LE MANS,RENNES,22,0.5977900552486188
LE MANS,RENNES,23,0.5848066298342541
LE MANS,RENNES,24,0.5709944751381215
LE MANS,RENNES,25,0.5604972375690608
LE MANS,RENNES,26,0.5482044198895027
LE MANS,RENNES,27,0.5487569060773481
LE MANS,RENNES,28,0.5389502762430939
LE MANS,RENNES,29,0.5390883977900552
LE MANS,RENNES,30,0.05430555555555556
LE MANS,VANNES,0,1.0
LE MANS,VANNES,1,1.0
LE MANS,VANNES,2,0.95
LE MANS,VANNES,3,0.2
LE MANS,VANNES,4,0.0
LE MANS,VANNES,5,0.0
LE MANS,VANNES,6,0.0
LE MANS,VANNES,7,0.0
LE MANS,VANNES,8,0.0
LE MANS,VANNES,9,0.0
LE MANS,VANNES,10,0.0
LE MANS,VANNES,11,0.0
LE MANS,VANNES,12,0.0
LE MANS,VANNES,13,0.0
LE MANS,VANNES,14,0.0
LE MANS,VANNES,15,0.0
LE MANS,VANNES,16,0.0
LE MANS,VANNES,17,0.0
LE MANS,VANNES,18,0.0
LE MANS,VANNES,19,0.0
LE MANS,VANNES,20,0.0
LE MANS,VANNES,21,0.0
LE MANS,VANNES,22,0.0
LE MANS,VANNES,23,0.0
LE MANS,VANNES,24,0.0
LE MANS,VANNES,25,0.0
LE MANS,VANNES,26,0.0
LE MANS,VANNES,27,0.0
LE MANS,VANNES,28,0.0
LE MANS,VANNES,29,0.0
LE MANS,VANNES,30,0.0
LORIENT,QUIMPER,0,1.0
LORIENT,QUIMPER,1,1.0
LORIENT,QUIMPER,2,0.8
LORIENT,QUIMPER,3,0.2
LORIENT,QUIMPER,4,0.0
LORIENT,QUIMPER,5,0.0
LORIENT,QUIMPER,6,0.0
LORIENT,QUIMPER,7,0.0
LORIENT,QUIMPER,8,0.0
LORIENT,QUIMPER,9,0.0
LORIENT,QUIMPER,10,0.0
LORIENT,QUIMPER,11,0.0
LORIENT,QUIMPER,12,0.0
LORIENT,QUIMPER,13,0.0
LORIENT,QUIMPER,14,0.0
LORIENT,QUIMPER,15,0.0
LORIENT,QUIMPER,16,0.0
LORIENT,QUIMPER,17,0.0
LORIENT,QUIMPER,18,0.0
LORIENT,QUIMPER,19,0.0
LORIENT,QUIMPER,20,0.0
LORIENT,QUIMPER,21,0.0
LORIENT,QUIMPER,22,0.0
LORIENT,QUIMPER,23,0.0
LORIENT,QUIMPER,24,0.0
LORIENT,QUIMPER,25,0.0
LORIENT,QUIMPER,26,0.0
LORIENT,QUIMPER,27,0.0
LORIENT,QUIMPER,28,0.0
LORIENT,QUIMPER,29,0.0
LORIENT,QUIMPER,30,0.0
LYON (intramuros),ANGERS SAINT LAUD,0,0.7488950276243095
LYON (intramuros),ANGERS SAINT LAUD,1,0.7429558011049724
LYON (intramuros),ANGERS SAINT LAUD,2,0.7636363636363636
LYON (intramuros),ANGERS SAINT LAUD,3,0.7701101928374656
LYON (intramuros),ANGERS SAINT LAUD,4,0.6913223140495868
LYON (intramuros),ANGERS SAINT LAUD,5,0.7071625344352617
LYON (intramuros),ANGERS SAINT LAUD,6,0.709504132231405
LYON (intramuros),ANGERS SAINT LAUD,7,0.7097796143250688
LYON (intramuros),ANGERS SAINT LAUD,8,0.7077134986225895
LYON (intramuros),ANGERS SAINT LAUD,9,0.7184573002754822
LYON (intramuros),ANGERS SAINT LAUD,10,0.7254820936639119
LYON (intramuros),ANGERS SAINT LAUD,11,0.756198347107438
LYON (intramuros),ANGERS SAINT LAUD,12,0.5601928374655647
LYON (intramuros),ANGERS SAINT LAUD,13,0.5646005509641873
LYON (intramuros),ANGERS SAINT LAUD,14,0.5768595041322314
LYON (intramuros),ANGERS SAINT LAUD,15,0.5863636363636363
LYON (intramuros),ANGERS SAINT LAUD,16,0.5837465564738292
LYON (intramuros),ANGERS SAINT LAUD,17,0.5887052341597796
LYON (intramuros),ANGERS SAINT LAUD,18,0.6130853994490358
LYON (intramuros),ANGERS SAINT LAUD,19,0.6196969696969696
LYON (intramuros),ANGERS SAINT LAUD,20,0.6267217630853994
LYON (intramuros),ANGERS SAINT LAUD,21,0.634435261707989
LYON (intramuros),ANGERS SAINT LAUD,22,0.6287878787878788
LYON (intramuros),ANGERS SAINT LAUD,23,0.6274104683195593
LYON (intramuros),ANGERS SAINT LAUD,24,0.6265840220385674
LYON (intramuros),ANGERS SAINT LAUD,25,0.6319559228650138
LYON (intramuros),ANGERS SAINT LAUD,26,0.6381542699724518
LYON (intramuros),ANGERS SAINT LAUD,27,0.646969696969697
LYON (intramuros),ANGERS SAINT LAUD,28,0.65
LYON (intramuros),ANGERS SAINT LAUD,29,0.6380165289256198
LYON (intramuros),ANGERS SAINT LAUD,30,0.04556786703601108
LYON (intramuros),LAVAL,0,0.7261707988980717
LYON (intramuros),LAVAL,1,0.7243801652892562
LYON (intramuros),LAVAL,2,0.7224517906336089
LYON (intramuros),LAVAL,3,0.7378787878787879
LYON (intramuros),LAVAL,4,0.6371900826446282
LYON (intramuros),LAVAL,5,0.6410468319559228
LYON (intramuros),LAVAL,6,0.6512396694214876
LYON (intramuros),LAVAL,7,0.6337465564738293
LYON (intramuros),LAVAL,8,0.6367768595041322
LYON (intramuros),LAVAL,9,0.6586776859504132
LYON (intramuros),LAVAL,10,0.6761707988980716
LYON (intramuros),LAVAL,11,0.678374655647383
LYON (intramuros),LAVAL,12,0.4347107438016529
LYON (intramuros),LAVAL,13,0.4322314049586777
LYON (intramuros),LAVAL,14,0.43526170798898073
LYON (intramuros),LAVAL,15,0.4465564738292011
LYON (intramuros),LAVAL,16,0.44710743801652897
LYON (intramuros),LAVAL,17,0.4588154269972452
LYON (intramuros),LAVAL,18,0.45977961432506886
LYON (intramuros),LAVAL,19,0.45206611570247934
LYON (intramuros),LAVAL,20,0.45853994490358124
LYON (intramuros),LAVAL,21,0.4541322314049587
LYON (intramuros),LAVAL,22,0.4564738292011019
LYON (intramuros),LAVAL,23,0.4573002754820937
LYON (intramuros),LAVAL,24,0.44352617079889806
LYON (intramuros),LAVAL,25,0.4476584022038568
LYON (intramuros),LAVAL,26,0.4468232044198895
LYON (intramuros),LAVAL,27,0.45828729281767955
LYON (intramuros),LAVAL,28,0.46094182825484764
LYON (intramuros),LAVAL,29,0.4691666666666667
LYON (intramuros),LAVAL,30,0.032262569832402235
LYON (intramuros),LE HAVRE,0,0.3055172413793103
LYON (intramuros),LE HAVRE,1,0.3387543252595156
LYON (intramuros),LE HAVRE,2,0.3427335640138408
LYON (intramuros),LE HAVRE,3,0.3463667820069204
LYON (intramuros),LE HAVRE,4,0.19792387543252596
LYON (intramuros),LE HAVRE,5,0.19149305555555554
LYON (intramuros),LE HAVRE,6,0.20364583333333333
LYON (intramuros),LE HAVRE,7,0.21927083333333333
LYON (intramuros),LE HAVRE,8,0.221602787456446
LYON (intramuros),LE HAVRE,9,0.2230902777777778
LYON (intramuros),LE HAVRE,10,0.2342560553633218
LYON (intramuros),LE HAVRE,11,0.23667820069204154
LYON (intramuros),LE HAVRE,12,0.04809027777777777
LYON (intramuros),LE HAVRE,13,0.041811846689895474
LYON (intramuros),LE HAVRE,14,0.047038327526132406
LYON (intramuros),LE HAVRE,15,0.04651567944250871
LYON (intramuros),LE HAVRE,16,0.050348432055749126
LYON (intramuros),LE HAVRE,17,0.050522648083623695
LYON (intramuros),LE HAVRE,18,0.050699300699300696
LYON (intramuros),LE HAVRE,19,0.04666666666666667
LYON (intramuros),LE HAVRE,20,0.043859649122807015
LYON (intramuros),LE HAVRE,21,0.047017543859649125
LYON (intramuros),LE HAVRE,22,0.058596491228070174
LYON (intramuros),LE HAVRE,23,0.059298245614035086
LYON (intramuros),LE HAVRE,24,0.05982456140350877
LYON (intramuros),LE HAVRE,25,0.06426056338028169
LYON (intramuros),LE HAVRE,26,0.07084805653710248
LYON (intramuros),LE HAVRE,27,0.06660777385159011
LYON (intramuros),LE HAVRE,28,0.05459363957597173
LYON (intramuros),LE HAVRE,29,0.05547703180212014
LYON (intramuros),LE HAVRE,30,0.011484098939929329
LYON (intramuros),LE MANS,0,0.7444903581267218
LYON (intramuros),LE MANS,1,0.7471074380165289
LYON (intramuros),LE MANS,2,0.7512396694214876
LYON (intramuros),LE MANS,3,0.7670798898071625
LYON (intramuros),LE MANS,4,0.6570247933884298
LYON (intramuros),LE MANS,5,0.6599173553719009
LYON (intramuros),LE MANS,6,0.6677685950413224
LYON (intramuros),LE MANS,7,0.6662534435261708
LYON (intramuros),LE MANS,8,0.6636363636363637
LYON (intramuros),LE MANS,9,0.6834710743801653
LYON (intramuros),LE MANS,10,0.6910468319559229
LYON (intramuros),LE MANS,11,0.7067493112947659
LYON (intramuros),LE MANS,12,0.45206611570247934
LYON (intramuros),LE MANS,13,0.45550964187327825
LYON (intramuros),LE MANS,14,0.46184573002754825
LYON (intramuros),LE MANS,15,0.46859504132231405
LYON (intramuros),LE MANS,16,0.4822314049586777
LYON (intramuros),LE MANS,17,0.4884297520661157
LYON (intramuros),LE MANS,18,0.4962809917355372
LYON (intramuros),LE MANS,19,0.49049586776859505
LYON (intramuros),LE MANS,20,0.49779614325068866
LYON (intramuros),LE MANS,21,0.4986225895316804
LYON (intramuros),LE MANS,22,0.5004132231404959
LYON (intramuros),LE MANS,23,0.5057851239669421
LYON (intramuros),LE MANS,24,0.49586776859504134
LYON (intramuros),LE MANS,25,0.4932506887052342
LYON (intramuros),LE MANS,26,0.48760330578512395
LYON (intramuros),LE MANS,27,0.4971074380165289
LYON (intramuros),LE MANS,28,0.4983471074380165
LYON (intramuros),LE MANS,29,0.5026170798898071
LYON (intramuros),LE MANS,30,0.031301939058171746
LYON (intramuros),LYON (intramuros),0,0.9871428571428571
LYON (intramuros),LYON (intramuros),1,0.9902857142857143
LYON (intramuros),LYON (intramuros),2,0.9905714285714285
LYON (intramuros),LYON (intramuros),3,0.9924285714285715
LYON (intramuros),LYON (intramuros),4,0.995
LYON (intramuros),LYON (intramuros),5,0.9962857142857142
LYON (intramuros),LYON (intramuros),6,0.9958571428571429
LYON (intramuros),LYON (intramuros),7,0.9964285714285714
LYON (intramuros),LYON (intramuros),8,0.998
LYON (intramuros),LYON (intramuros),9,0.9961428571428571
LYON (intramuros),LYON (intramuros),10,0.9944285714285714
LYON (intramuros),LYON (intramuros),11,0.9927142857142857
LYON (intramuros),LYON (intramuros),12,0.9784285714285714
LYON (intramuros),LYON (intramuros),13,0.9792857142857143
LYON (intramuros),LYON (intramuros),14,0.9810000000000001
LYON (intramuros),LYON (intramuros),15,0.9812857142857142
LYON (intramuros),LYON (intramuros),16,0.9821428571428571
LYON (intramuros),LYON (intramuros),17,0.9818571428571428
LYON (intramuros),LYON (intramuros),18,0.9815714285714287
LYON (intramuros),LYON (intramuros),19,0.9817142857142858
LYON (intramuros),LYON (intramuros),20,0.9810000000000001
LYON (intramuros),LYON (intramuros),21,0.9812857142857142
LYON (intramuros),LYON (intramuros),22,0.9825714285714285
LYON (intramuros),LYON (intramuros),23,0.9827142857142857
LYON (intramuros),LYON (intramuros),24,0.9821428571428571
LYON (intramuros),LYON (intramuros),25,0.9792857142857143
LYON (intramuros),LYON (intramuros),26,0.9787142857142858
LYON (intramuros),LYON (intramuros),27,0.9782857142857142
LYON (intramuros),LYON (intramuros),28,0.9725714285714285
LYON (intramuros),LYON (intramuros),29,0.9610000000000001
LYON (intramuros),LYON (intramuros),30,0.055603448275862076
LYON (intramuros),MANTES LA JOLIE,0,0.3142857142857143
LYON (intramuros),MANTES LA JOLIE,1,0.33549488054607507
LYON (intramuros),MANTES LA JOLIE,2,0.33976109215017064
LYON (intramuros),MANTES LA JOLIE,3,0.3361774744027304
LYON (intramuros),MANTES LA JOLIE,4,0.1955631399317406
LYON (intramuros),MANTES LA JOLIE,5,0.18013698630136987
LYON (intramuros),MANTES LA JOLIE,6,0.1934931506849315
LYON (intramuros),MANTES LA JOLIE,7,0.21575342465753425
LYON (intramuros),MANTES LA JOLIE,8,0.21958762886597938
LYON (intramuros),MANTES LA JOLIE,9,0.21969178082191781
LYON (intramuros),MANTES LA JOLIE,10,0.2341296928327645
LYON (intramuros),MANTES LA JOLIE,11,0.23378839590443687
LYON (intramuros),MANTES LA JOLIE,12,0.04417808219178082
LYON (intramuros),MANTES LA JOLIE,13,0.04106529209621993
LYON (intramuros),MANTES LA JOLIE,14,0.047594501718213056
LYON (intramuros),MANTES LA JOLIE,15,0.04501718213058419
LYON (intramuros),MANTES LA JOLIE,16,0.04828178694158076
LYON (intramuros),MANTES LA JOLIE,17,0.05137457044673539
LYON (intramuros),MANTES LA JOLIE,18,0.04913793103448276
LYON (intramuros),MANTES LA JOLIE,19,0.04377162629757786
LYON (intramuros),MANTES LA JOLIE,20,0.04169550173010381
LYON (intramuros),MANTES LA JOLIE,21,0.04515570934256056
LYON (intramuros),MANTES LA JOLIE,22,0.058477508650519025
LYON (intramuros),MANTES LA JOLIE,23,0.05934256055363321
LYON (intramuros),MANTES LA JOLIE,24,0.06055363321799308
LYON (intramuros),MANTES LA JOLIE,25,0.060069444444444446
LYON (intramuros),MANTES LA JOLIE,26,0.06724738675958189
LYON (intramuros),MANTES LA JOLIE,27,0.06428571428571428
LYON (intramuros),MANTES LA JOLIE,28,0.05679442508710802
LYON (intramuros),MANTES LA JOLIE,29,0.055226480836236935
LYON (intramuros),MANTES LA JOLIE,30,0.010104529616724738
LYON (intramuros),MASSY PALAISEAU,0,0.30270270270270266
LYON (intramuros),MASSY PALAISEAU,1,0.3376271186440678
LYON (intramuros),MASSY PALAISEAU,2,0.34915254237288135
LYON (intramuros),MASSY PALAISEAU,3,0.33508474576271186
LYON (intramuros),MASSY PALAISEAU,4,0.2
LYON (intramuros),MASSY PALAISEAU,5,0.19183673469387755
LYON (intramuros),MASSY PALAISEAU,6,0.2011904761904762
LYON (intramuros),MASSY PALAISEAU,7,0.22346938775510206
LYON (intramuros),MASSY PALAISEAU,8,0.2349829351535836
LYON (intramuros),MASSY PALAISEAU,9,0.2318027210884354
LYON (intramuros),MASSY PALAISEAU,10,0.23559322033898306
LYON (intramuros),MASSY PALAISEAU,11,0.24135593220338983
LYON (intramuros),MASSY PALAISEAU,12,0.05680272108843537
LYON (intramuros),MASSY PALAISEAU,13,0.04948805460750853
LYON (intramuros),MASSY PALAISEAU,14,0.05307167235494881
LYON (intramuros),MASSY PALAISEAU,15,0.052389078498293516
LYON (intramuros),MASSY PALAISEAU,16,0.05580204778156997
LYON (intramuros),MASSY PALAISEAU,17,0.05563139931740615
LYON (intramuros),MASSY PALAISEAU,18,0.054452054794520546
LYON (intramuros),MASSY PALAISEAU,19,0.051890034364261164
LYON (intramuros),MASSY PALAISEAU,20,0.05120274914089347
LYON (intramuros),MASSY PALAISEAU,21,0.05257731958762887
LYON (intramuros),MASSY PALAISEAU,22,0.06202749140893471
LYON (intramuros),MASSY PALAISEAU,23,0.06735395189003437
LYON (intramuros),MASSY PALAISEAU,24,0.06426116838487972
LYON (intramuros),MASSY PALAISEAU,25,0.06827586206896552
LYON (intramuros),MASSY PALAISEAU,26,0.07352941176470588
LYON (intramuros),MASSY PALAISEAU,27,0.07093425605536333
LYON (intramuros),MASSY PALAISEAU,28,0.05934256055363321
LYON (intramuros),MASSY PALAISEAU,29,0.05570934256055364
LYON (intramuros),MASSY PALAISEAU,30,0.009342560553633219
LYON (intramuros),MASSY TGV,0,0.8594366197183099
LYON (intramuros),MASSY TGV,1,0.8498591549295774
LYON (intramuros),MASSY TGV,2,0.8532394366197182
LYON (intramuros),MASSY TGV,3,0.858169014084507
LYON (intramuros),MASSY TGV,4,0.7691549295774648
LYON (intramuros),MASSY TGV,5,0.7764788732394365
LYON (intramuros),MASSY TGV,6,0.7853521126760564
LYON (intramuros),MASSY TGV,7,0.792112676056338
LYON (intramuros),MASSY TGV,8,0.7895774647887325
LYON (intramuros),MASSY TGV,9,0.7880281690140845
LYON (intramuros),MASSY TGV,10,0.7959154929577466
LYON (intramuros),MASSY TGV,11,0.8097183098591549
LYON (intramuros),MASSY TGV,12,0.614225352112676
LYON (intramuros),MASSY TGV,13,0.6205633802816902
LYON (intramuros),MASSY TGV,14,0.625492957746479
LYON (intramuros),MASSY TGV,15,0.6392957746478873
LYON (intramuros),MASSY TGV,16,0.6319718309859155
LYON (intramuros),MASSY TGV,17,0.6459154929577465
LYON (intramuros),MASSY TGV,18,0.6719718309859155
LYON (intramuros),MASSY TGV,19,0.6761971830985916
LYON (intramuros),MASSY TGV,20,0.676056338028169
LYON (intramuros),MASSY TGV,21,0.6826760563380282
LYON (intramuros),MASSY TGV,22,0.6788732394366197
LYON (intramuros),MASSY TGV,23,0.6763380281690141
LYON (intramuros),MASSY TGV,24,0.6694366197183099
LYON (intramuros),MASSY TGV,25,0.6707042253521127
LYON (intramuros),MASSY TGV,26,0.6733802816901409
LYON (intramuros),MASSY TGV,27,0.6857746478873239
LYON (intramuros),MASSY TGV,28,0.6863380281690141
LYON (intramuros),MASSY TGV,29,0.6814084507042254
LYON (intramuros),MASSY TGV,30,0.05481586402266289
LYON (intramuros),NANTES,0,0.7393646408839778
LYON (intramuros),NANTES,1,0.7422651933701657
LYON (intramuros),NANTES,2,0.7617079889807162
LYON (intramuros),NANTES,3,0.7688705234159781
LYON (intramuros),NANTES,4,0.6896694214876032
LYON (intramuros),NANTES,5,0.703168044077135
LYON (intramuros),NANTES,6,0.7115702479338843
LYON (intramuros),NANTES,7,0.7121212121212122
LYON (intramuros),NANTES,8,0.7085399449035812
LYON (intramuros),NANTES,9,0.7185950413223141
LYON (intramuros),NANTES,10,0.7263085399449035
LYON (intramuros),NANTES,11,0.762396694214876
LYON (intramuros),NANTES,12,0.5600550964187329
LYON (intramuros),NANTES,13,0.5629476584022038
LYON (intramuros),NANTES,14,0.5730027548209367
LYON (intramuros),NANTES,15,0.5826446280991735
LYON (intramuros),NANTES,16,0.5796143250688706
LYON (intramuros),NANTES,17,0.5871900826446281
LYON (intramuros),NANTES,18,0.6088154269972452
LYON (intramuros),NANTES,19,0.6206611570247934
LYON (intramuros),NANTES,20,0.6247933884297521
LYON (intramuros),NANTES,21,0.634435261707989
LYON (intramuros),NANTES,22,0.6294765840220385
LYON (intramuros),NANTES,23,0.6307162534435261
LYON (intramuros),NANTES,24,0.6289256198347107
LYON (intramuros),NANTES,25,0.6337465564738293
LYON (intramuros),NANTES,26,0.6395316804407714
LYON (intramuros),NANTES,27,0.6517906336088154
LYON (intramuros),NANTES,28,0.6488980716253444
LYON (intramuros),NANTES,29,0.6409090909090909
LYON (intramuros),NANTES,30,0.053739612188365656
LYON (intramuros),RENNES,0,0.7352617079889806
LYON (intramuros),RENNES,1,0.734435261707989
LYON (intramuros),RENNES,2,0.7323691460055097
LYON (intramuros),RENNES,3,0.7526170798898071
LYON (intramuros),RENNES,4,0.6424242424242423
LYON (intramuros),RENNES,5,0.6403581267217631
LYON (intramuros),RENNES,6,0.6542699724517906
LYON (intramuros),RENNES,7,0.6348484848484848
LYON (intramuros),RENNES,8,0.6326446280991735
LYON (intramuros),RENNES,9,0.6585399449035813
LYON (intramuros),RENNES,10,0.672038567493113
LYON (intramuros),RENNES,11,0.681129476584022
LYON (intramuros),RENNES,12,0.4261707988980716
LYON (intramuros),RENNES,13,0.4318181818181818
LYON (intramuros),RENNES,14,0.43553719008264463
LYON (intramuros),RENNES,15,0.44724517906336086
LYON (intramuros),RENNES,16,0.44517906336088153
LYON (intramuros),RENNES,17,0.45468319559228654
LYON (intramuros),RENNES,18,0.46129476584022033
LYON (intramuros),RENNES,19,0.453030303030303
LYON (intramuros),RENNES,20,0.45840220385674935
LYON (intramuros),RENNES,21,0.4578512396694215
LYON (intramuros),RENNES,22,0.46294765840220387
LYON (intramuros),RENNES,23,0.45743801652892563
LYON (intramuros),RENNES,24,0.44490358126721763
LYON (intramuros),RENNES,25,0.4490358126721763
LYON (intramuros),RENNES,26,0.4428374655647383
LYON (intramuros),RENNES,27,0.45468319559228654
LYON (intramuros),RENNES,28,0.45812672176308544
LYON (intramuros),RENNES,29,0.4626721763085399
LYON (intramuros),RENNES,30,0.042382271468144044
LYON (intramuros),ROUEN RIVE DROITE,0,0.3052721088435374
LYON (intramuros),ROUEN RIVE DROITE,1,0.336518771331058
LYON (intramuros),ROUEN RIVE DROITE,2,0.34283276450511946
LYON (intramuros),ROUEN RIVE DROITE,3,0.3395904436860068
LYON (intramuros),ROUEN RIVE DROITE,4,0.1993174061433447
LYON (intramuros),ROUEN RIVE DROITE,5,0.19366438356164384
LYON (intramuros),ROUEN RIVE DROITE,6,0.20239726027397262
LYON (intramuros),ROUEN RIVE DROITE,7,0.21626712328767123
LYON (intramuros),ROUEN RIVE DROITE,8,0.22010309278350515
LYON (intramuros),ROUEN RIVE DROITE,9,0.21986301369863015
LYON (intramuros),ROUEN RIVE DROITE,10,0.23515358361774746
LYON (intramuros),ROUEN RIVE DROITE,11,0.2370307167235495
LYON (intramuros),ROUEN RIVE DROITE,12,0.050684931506849315
LYON (intramuros),ROUEN RIVE DROITE,13,0.04209621993127148
LYON (intramuros),ROUEN RIVE DROITE,14,0.047079037800687284
LYON (intramuros),ROUEN RIVE DROITE,15,0.04673539518900344
LYON (intramuros),ROUEN RIVE DROITE,16,0.0506872852233677
LYON (intramuros),ROUEN RIVE DROITE,17,0.052920962199312714
LYON (intramuros),ROUEN RIVE DROITE,18,0.05103448275862069
LYON (intramuros),ROUEN RIVE DROITE,19,0.04498269896193772
LYON (intramuros),ROUEN RIVE DROITE,20,0.04204152249134948
LYON (intramuros),ROUEN RIVE DROITE,21,0.047231833910034604
LYON (intramuros),ROUEN RIVE DROITE,22,0.06003460207612457
LYON (intramuros),ROUEN RIVE DROITE,23,0.06072664359861592
LYON (intramuros),ROUEN RIVE DROITE,24,0.0602076124567474
LYON (intramuros),ROUEN RIVE DROITE,25,0.06371527777777779
LYON (intramuros),ROUEN RIVE DROITE,26,0.06933797909407664
LYON (intramuros),ROUEN RIVE DROITE,27,0.06428571428571428
LYON (intramuros),ROUEN RIVE DROITE,28,0.055226480836236935
LYON (intramuros),ROUEN RIVE DROITE,29,0.05679442508710802
LYON (intramuros),ROUEN RIVE DROITE,30,0.008885017421602788
LYON (intramuros),SAUMUR,0,0.21180758017492712
LYON (intramuros),SAUMUR,1,0.23236151603498542
LYON (intramuros),SAUMUR,2,0.2130813953488372
LYON (intramuros),SAUMUR,3,0.21395348837209302
LYON (intramuros),SAUMUR,4,0.1313953488372093
LYON (intramuros),SAUMUR,5,0.14709302325581397
LYON (intramuros),SAUMUR,6,0.15784883720930232
LYON (intramuros),SAUMUR,7,0.16511627906976745
LYON (intramuros),SAUMUR,8,0.16395348837209303
LYON (intramuros),SAUMUR,9,0.1565406976744186
LYON (intramuros),SAUMUR,10,0.15886627906976744
LYON (intramuros),SAUMUR,11,0.1799418604651163
LYON (intramuros),SAUMUR,12,0.046511627906976744
LYON (intramuros),SAUMUR,13,0.046511627906976744
LYON (intramuros),SAUMUR,14,0.040697674418604654
LYON (intramuros),SAUMUR,15,0.038517441860465115
LYON (intramuros),SAUMUR,16,0.03343023255813953
LYON (intramuros),SAUMUR,17,0.03502906976744186
LYON (intramuros),SAUMUR,18,0.03688046647230321
LYON (intramuros),SAUMUR,19,0.035672514619883036
LYON (intramuros),SAUMUR,20,0.041935483870967745
LYON (intramuros),SAUMUR,21,0.049852941176470586
LYON (intramuros),SAUMUR,22,0.047499999999999994
LYON (intramuros),SAUMUR,23,0.05088495575221239
LYON (intramuros),SAUMUR,24,0.0504424778761062
LYON (intramuros),SAUMUR,25,0.05103550295857988
LYON (intramuros),SAUMUR,26,0.045252225519287835
LYON (intramuros),SAUMUR,27,0.03898809523809524
LYON (intramuros),SAUMUR,28,0.039850746268656714
LYON (intramuros),SAUMUR,29,0.04
LYON (intramuros),SAUMUR,30,0.006456456456456456
LYON (intramuros),ST PIERRE DES CORPS,0,0.657528409090909
LYON (intramuros),ST PIERRE DES CORPS,1,0.6612215909090909
LYON (intramuros),ST PIERRE DES CORPS,2,0.6609065155807365
LYON (intramuros),ST PIERRE DES CORPS,3,0.6749291784702549
LYON (intramuros),ST PIERRE DES CORPS,4,0.5936260623229462
LYON (intramuros),ST PIERRE DES CORPS,5,0.6202549575070821
LYON (intramuros),ST PIERRE DES CORPS,6,0.6274787535410765
LYON (intramuros),ST PIERRE DES CORPS,7,0.6342776203966006
LYON (intramuros),ST PIERRE DES CORPS,8,0.6223796033994334
LYON (intramuros),ST PIERRE DES CORPS,9,0.6352691218130312
LYON (intramuros),ST PIERRE DES CORPS,10,0.6432011331444759
LYON (intramuros),ST PIERRE DES CORPS,11,0.6671388101983002
LYON (intramuros),ST PIERRE DES CORPS,12,0.480028328611898
LYON (intramuros),ST PIERRE DES CORPS,13,0.48144475920679886
LYON (intramuros),ST PIERRE DES CORPS,14,0.48512747875354106
LYON (intramuros),ST PIERRE DES CORPS,15,0.4924929178470255
LYON (intramuros),ST PIERRE DES CORPS,16,0.48144475920679886
LYON (intramuros),ST PIERRE DES CORPS,17,0.48526912181303117
LYON (intramuros),ST PIERRE DES CORPS,18,0.5063739376770539
LYON (intramuros),ST PIERRE DES CORPS,19,0.5103399433427762
LYON (intramuros),ST PIERRE DES CORPS,20,0.5179886685552407
LYON (intramuros),ST PIERRE DES CORPS,21,0.5307365439093484
LYON (intramuros),ST PIERRE DES CORPS,22,0.5202549575070822
LYON (intramuros),ST PIERRE DES CORPS,23,0.5134560906515581
LYON (intramuros),ST PIERRE DES CORPS,24,0.5172804532577904
LYON (intramuros),ST PIERRE DES CORPS,25,0.5236543909348442
LYON (intramuros),ST PIERRE DES CORPS,26,0.5274787535410764
LYON (intramuros),ST PIERRE DES CORPS,27,0.5356534090909091
LYON (intramuros),ST PIERRE DES CORPS,28,0.5401988636363636
LYON (intramuros),ST PIERRE DES CORPS,29,0.5308238636363636
LYON (intramuros),ST PIERRE DES CORPS,30,0.05285714285714286
LYON (intramuros),VERSAILLES CHANTIERS,0,0.30833333333333335
LYON (intramuros),VERSAILLES CHANTIERS,1,0.3395904436860068
LYON (intramuros),VERSAILLES CHANTIERS,2,0.33600682593856657
LYON (intramuros),VERSAILLES CHANTIERS,3,0.3372013651877133
LYON (intramuros),VERSAILLES CHANTIERS,4,0.1892491467576792
LYON (intramuros),VERSAILLES CHANTIERS,5,0.18784246575342467
LYON (intramuros),VERSAILLES CHANTIERS,6,0.19400684931506848
LYON (intramuros),VERSAILLES CHANTIERS,7,0.21746575342465754
LYON (intramuros),VERSAILLES CHANTIERS,8,0.22577319587628866
LYON (intramuros),VERSAILLES CHANTIERS,9,0.2184931506849315
LYON (intramuros),VERSAILLES CHANTIERS,10,0.2308873720136519
LYON (intramuros),VERSAILLES CHANTIERS,11,0.2368600682593857
LYON (intramuros),VERSAILLES CHANTIERS,12,0.04691780821917808
LYON (intramuros),VERSAILLES CHANTIERS,13,0.040721649484536084
LYON (intramuros),VERSAILLES CHANTIERS,14,0.04639175257731959
LYON (intramuros),VERSAILLES CHANTIERS,15,0.04587628865979381
LYON (intramuros),VERSAILLES CHANTIERS,16,0.05
LYON (intramuros),VERSAILLES CHANTIERS,17,0.05120274914089347
LYON (intramuros),VERSAILLES CHANTIERS,18,0.05103448275862069
LYON (intramuros),VERSAILLES CHANTIERS,19,0.045674740484429065
LYON (intramuros),VERSAILLES CHANTIERS,20,0.04169550173010381
LYON (intramuros),VERSAILLES CHANTIERS,21,0.04550173010380623
LYON (intramuros),VERSAILLES CHANTIERS,22,0.058477508650519025
LYON (intramuros),VERSAILLES CHANTIERS,23,0.058996539792387545
LYON (intramuros),VERSAILLES CHANTIERS,24,0.05951557093425605
LYON (intramuros),VERSAILLES CHANTIERS,25,0.06267361111111111
LYON (intramuros),VERSAILLES CHANTIERS,26,0.06968641114982578
LYON (intramuros),VERSAILLES CHANTIERS,27,0.0637630662020906
LYON (intramuros),VERSAILLES CHANTIERS,28,0.05557491289198606
LYON (intramuros),VERSAILLES CHANTIERS,29,0.05574912891986063
LYON (intramuros),VERSAILLES CHANTIERS,30,0.010452961672473868
LYON ST EXUPERY TGV.,LE HAVRE,0,0.0
LYON ST EXUPERY TGV.,LE HAVRE,1,0.0
LYON ST EXUPERY TGV.,LE HAVRE,2,0.0
LYON ST EXUPERY TGV.,LE HAVRE,3,0.0
LYON ST EXUPERY TGV.,LE HAVRE,4,0.0
LYON ST EXUPERY TGV.,LE HAVRE,5,0.0
LYON ST EXUPERY TGV.,LE HAVRE,6,0.0
LYON ST EXUPERY TGV.,LE HAVRE,7,0.0
LYON ST EXUPERY TGV.,LE HAVRE,8,0.05
LYON ST EXUPERY TGV.,LE HAVRE,9,0.0
LYON ST EXUPERY TGV.,LE HAVRE,10,0.0
LYON ST EXUPERY TGV.,LE HAVRE,11,0.0
LYON ST EXUPERY TGV.,LE HAVRE,12,0.0
LYON ST EXUPERY TGV.,LE HAVRE,13,0.0
LYON ST EXUPERY TGV.,LE HAVRE,14,0.0
LYON ST EXUPERY TGV.,LE HAVRE,15,0.0
LYON ST EXUPERY TGV.,LE HAVRE,16,0.0
LYON ST EXUPERY TGV.,LE HAVRE,17,0.0
LYON ST EXUPERY TGV.,LE HAVRE,18,0.0
LYON ST EXUPERY TGV.,LE HAVRE,19,0.0
LYON ST EXUPERY TGV.,LE HAVRE,20,0.0
LYON ST EXUPERY TGV.,LE HAVRE,21,0.0
LYON ST EXUPERY TGV.,LE HAVRE,22,0.0
LYON ST EXUPERY TGV.,LE HAVRE,23,0.0
LYON ST EXUPERY TGV.,LE HAVRE,24,0.0
LYON ST EXUPERY TGV.,LE HAVRE,25,0.0
LYON ST EXUPERY TGV.,LE HAVRE,26,0.0
LYON ST EXUPERY TGV.,LE HAVRE,27,0.0
LYON ST EXUPERY TGV.,LE HAVRE,28,0.0
LYON ST EXUPERY TGV.,LE HAVRE,29,0.0
LYON ST EXUPERY TGV.,MANTES LA JOLIE,0,0.0
LYON ST EXUPERY TGV.,MANTES LA JOLIE,1,0.0
LYON ST EXUPERY TGV.,MANTES LA JOLIE,2,0.0
LYON ST EXUPERY TGV.,MANTES LA JOLIE,3,0.0
LYON ST EXUPERY TGV.,MANTES LA JOLIE,4,0.0
LYON ST EXUPERY TGV.,MANTES LA JOLIE,5,0.0
LYON ST EXUPERY TGV.,MANTES LA JOLIE,6,0.0
LYON ST EXUPERY TGV.,MANTES LA JOLIE,7,0.0
LYON ST EXUPERY TGV.,MANTES LA JOLIE,8,0.0
LYON ST EXUPERY TGV.,MANTES LA JOLIE,9,0.0
LYON ST EXUPERY TGV.,MANTES LA JOLIE,10,0.0
LYON ST EXUPERY TGV.,MANTES LA JOLIE,11,0.0
LYON ST EXUPERY TGV.,MANTES LA JOLIE,12,0.0
LYON ST EXUPERY TGV.,MANTES LA JOLIE,13,0.0
LYON ST EXUPERY TGV.,MANTES LA JOLIE,14,0.0
LYON ST EXUPERY TGV.,MANTES LA JOLIE,15,0.0
LYON ST EXUPERY TGV.,MANTES LA JOLIE,16,0.0
LYON ST EXUPERY TGV.,MANTES LA JOLIE,17,0.0
LYON ST EXUPERY TGV.,MANTES LA JOLIE,18,0.0
LYON ST EXUPERY TGV.,MANTES LA JOLIE,19,0.0
LYON ST EXUPERY TGV.,MANTES LA JOLIE,20,0.0
LYON ST EXUPERY TGV.,MANTES LA JOLIE,21,0.0
LYON ST EXUPERY TGV.,MANTES LA JOLIE,22,0.0
LYON ST EXUPERY TGV.,MANTES LA JOLIE,23,0.0
LYON ST EXUPERY TGV.,MANTES LA JOLIE,24,0.0
LYON ST EXUPERY TGV.,MANTES LA JOLIE,25,0.0
LYON ST EXUPERY TGV.,MANTES LA JOLIE,26,0.0
LYON ST EXUPERY TGV.,MANTES LA JOLIE,27,0.0
LYON ST EXUPERY TGV.,MANTES LA JOLIE,28,0.0
LYON ST EXUPERY TGV.,MANTES LA JOLIE,29,0.0
LYON ST EXUPERY TGV.,MASSY PALAISEAU,0,0.0
LYON ST EXUPERY TGV.,MASSY PALAISEAU,1,0.0
LYON ST EXUPERY TGV.,MASSY PALAISEAU,2,0.0
LYON ST EXUPERY TGV.,MASSY PALAISEAU,3,0.0
LYON ST EXUPERY TGV.,MASSY PALAISEAU,4,0.0
LYON ST EXUPERY TGV.,MASSY PALAISEAU,5,0.0
LYON ST EXUPERY TGV.,MASSY PALAISEAU,6,0.0
LYON ST EXUPERY TGV.,MASSY PALAISEAU,7,0.0
LYON ST EXUPERY TGV.,MASSY PALAISEAU,8,0.0
LYON ST EXUPERY TGV.,MASSY PALAISEAU,9,0.0
LYON ST EXUPERY TGV.,MASSY PALAISEAU,10,0.0
LYON ST EXUPERY TGV.,MASSY PALAISEAU,11,0.0
LYON ST EXUPERY TGV.,MASSY PALAISEAU,12,0.0
LYON ST EXUPERY TGV.,MASSY PALAISEAU,13,0.0
LYON ST EXUPERY TGV.,MASSY PALAISEAU,14,0.0
LYON ST EXUPERY TGV.,MASSY PALAISEAU,15,0.0
LYON ST EXUPERY TGV.,MASSY PALAISEAU,16,0.0
LYON ST EXUPERY TGV.,MASSY PALAISEAU,17,0.0
LYON ST EXUPERY TGV.,MASSY PALAISEAU,18,0.0
LYON ST EXUPERY TGV.,MASSY PALAISEAU,19,0.0
LYON ST EXUPERY TGV.,MASSY PALAISEAU,20,0.0
LYON ST EXUPERY TGV.,MASSY PALAISEAU,21,0.0
LYON ST EXUPERY TGV.,MASSY PALAISEAU,22,0.0
LYON ST EXUPERY TGV.,MASSY PALAISEAU,23,0.0
LYON ST EXUPERY TGV.,MASSY PALAISEAU,24,0.0
LYON ST EXUPERY TGV.,MASSY PALAISEAU,25,0.0
LYON ST EXUPERY TGV.,MASSY PALAISEAU,26,0.0
LYON ST EXUPERY TGV.,MASSY PALAISEAU,27,0.0
LYON ST EXUPERY TGV.,MASSY PALAISEAU,28,0.0
LYON ST EXUPERY TGV.,MASSY PALAISEAU,29,0.0
LYON ST EXUPERY TGV.,ROUEN RIVE DROITE,0,0.0
LYON ST EXUPERY TGV.,ROUEN RIVE DROITE,1,0.05
LYON ST EXUPERY TGV.,ROUEN RIVE DROITE,2,0.0
LYON ST EXUPERY TGV.,ROUEN RIVE DROITE,3,0.0
LYON ST EXUPERY TGV.,ROUEN RIVE DROITE,4,0.0
LYON ST EXUPERY TGV.,ROUEN RIVE DROITE,5,0.0
LYON ST EXUPERY TGV.,ROUEN RIVE DROITE,6,0.0
LYON ST EXUPERY TGV.,ROUEN RIVE DROITE,7,0.05
LYON ST EXUPERY TGV.,ROUEN RIVE DROITE,8,0.0
LYON ST EXUPERY TGV.,ROUEN RIVE DROITE,9,0.0
LYON ST EXUPERY TGV.,ROUEN RIVE DROITE,10,0.0
LYON ST EXUPERY TGV.,ROUEN RIVE DROITE,11,0.0
LYON ST EXUPERY TGV.,ROUEN RIVE DROITE,12,0.0
LYON ST EXUPERY TGV.,ROUEN RIVE DROITE,13,0.0
LYON ST EXUPERY TGV.,ROUEN RIVE DROITE,14,0.0
LYON ST EXUPERY TGV.,ROUEN RIVE DROITE,15,0.0
LYON ST EXUPERY TGV.,ROUEN RIVE DROITE,16,0.0
LYON ST EXUPERY TGV.,ROUEN RIVE DROITE,17,0.0
LYON ST EXUPERY TGV.,ROUEN RIVE DROITE,18,0.0
LYON ST EXUPERY TGV.,ROUEN RIVE DROITE,19,0.0
LYON ST EXUPERY TGV.,ROUEN RIVE DROITE,20,0.0
LYON ST EXUPERY TGV.,ROUEN RIVE DROITE,21,0.0
LYON ST EXUPERY TGV.,ROUEN RIVE DROITE,22,0.0
LYON ST EXUPERY TGV.,ROUEN RIVE DROITE,23,0.0
LYON ST EXUPERY TGV.,ROUEN RIVE DROITE,24,0.0
LYON ST EXUPERY TGV.,ROUEN RIVE DROITE,25,0.0
LYON ST EXUPERY TGV.,ROUEN RIVE DROITE,26,0.0
LYON ST EXUPERY TGV.,ROUEN RIVE DROITE,27,0.0
LYON ST EXUPERY TGV.,ROUEN RIVE DROITE,28,0.0
LYON ST EXUPERY TGV.,ROUEN RIVE DROITE,29,0.0
LYON ST EXUPERY TGV.,VERSAILLES CHANTIERS,0,0.0
LYON ST EXUPERY TGV.,VERSAILLES CHANTIERS,1,0.0
LYON ST EXUPERY TGV.,VERSAILLES CHANTIERS,2,0.0
LYON ST EXUPERY TGV.,VERSAILLES CHANTIERS,3,0.0
LYON ST EXUPERY TGV.,VERSAILLES CHANTIERS,4,0.0
LYON ST EXUPERY TGV.,VERSAILLES CHANTIERS,5,0.0
LYON ST EXUPERY TGV.,VERSAILLES CHANTIERS,6,0.0
LYON ST EXUPERY TGV.,VERSAILLES CHANTIERS,7,0.05
LYON ST EXUPERY TGV.,VERSAILLES CHANTIERS,8,0.0
LYON ST EXUPERY TGV.,VERSAILLES CHANTIERS,9,0.0
LYON ST EXUPERY TGV.,VERSAILLES CHANTIERS,10,0.0
LYON ST EXUPERY TGV.,VERSAILLES CHANTIERS,11,0.0
LYON ST EXUPERY TGV.,VERSAILLES CHANTIERS,12,0.0
LYON ST EXUPERY TGV.,VERSAILLES CHANTIERS,13,0.0
LYON ST EXUPERY TGV.,VERSAILLES CHANTIERS,14,0.0
LYON ST EXUPERY TGV.,VERSAILLES CHANTIERS,15,0.0
LYON ST EXUPERY TGV.,VERSAILLES CHANTIERS,16,0.0
LYON ST EXUPERY TGV.,VERSAILLES CHANTIERS,17,0.0
LYON ST EXUPERY TGV.,VERSAILLES CHANTIERS,18,0.0
LYON ST EXUPERY TGV.,VERSAILLES CHANTIERS,19,0.0
LYON ST EXUPERY TGV.,VERSAILLES CHANTIERS,20,0.0
LYON ST EXUPERY TGV.,VERSAILLES CHANTIERS,21,0.0
LYON ST EXUPERY TGV.,VERSAILLES CHANTIERS,22,0.0
LYON ST EXUPERY TGV.,VERSAILLES CHANTIERS,23,0.0
LYON ST EXUPERY TGV.,VERSAILLES CHANTIERS,24,0.0
LYON ST EXUPERY TGV.,VERSAILLES CHANTIERS,25,0.0
LYON ST EXUPERY TGV.,VERSAILLES CHANTIERS,26,0.0
LYON ST EXUPERY TGV.,VERSAILLES CHANTIERS,27,0.0
LYON ST EXUPERY TGV.,VERSAILLES CHANTIERS,28,0.0
LYON ST EXUPERY TGV.,VERSAILLES CHANTIERS,29,0.0
MANTES LA JOLIE,LE HAVRE,0,0.8280068728522336
MANTES LA JOLIE,LE HAVRE,1,0.8181034482758621
MANTES LA JOLIE,LE HAVRE,2,0.7975862068965518
MANTES LA JOLIE,LE HAVRE,3,0.7729310344827587
MANTES LA JOLIE,LE HAVRE,4,0.5401724137931034
MANTES LA JOLIE,LE HAVRE,5,0.5048442906574395
MANTES LA JOLIE,LE HAVRE,6,0.5140138408304499
MANTES LA JOLIE,LE HAVRE,7,0.4930795847750865
MANTES LA JOLIE,LE HAVRE,8,0.4696180555555556
MANTES LA JOLIE,LE HAVRE,9,0.43858131487889274
MANTES LA JOLIE,LE HAVRE,10,0.4286206896551724
MANTES LA JOLIE,LE HAVRE,11,0.416896551724138
MANTES LA JOLIE,LE HAVRE,12,0.21972318339100347
MANTES LA JOLIE,LE HAVRE,13,0.20538194444444444
MANTES LA JOLIE,LE HAVRE,14,0.19409722222222223
MANTES LA JOLIE,LE HAVRE,15,0.18524305555555556
MANTES LA JOLIE,LE HAVRE,16,0.18888888888888888
MANTES LA JOLIE,LE HAVRE,17,0.19253472222222223
MANTES LA JOLIE,LE HAVRE,18,0.19912891986062717
MANTES LA JOLIE,LE HAVRE,19,0.19248251748251746
MANTES LA JOLIE,LE HAVRE,20,0.18216783216783217
MANTES LA JOLIE,LE HAVRE,21,0.18286713286713285
MANTES LA JOLIE,LE HAVRE,22,0.1896853146853147
MANTES LA JOLIE,LE HAVRE,23,0.1861888111888112
MANTES LA JOLIE,LE HAVRE,24,0.1797202797202797
MANTES LA JOLIE,LE HAVRE,25,0.17964912280701756
MANTES LA JOLIE,LE HAVRE,26,0.18151408450704223
MANTES LA JOLIE,LE HAVRE,27,0.17517605633802816
MANTES LA JOLIE,LE HAVRE,28,0.16161971830985916
MANTES LA JOLIE,LE HAVRE,29,0.16690140845070423
MANTES LA JOLIE,LE HAVRE,30,0.02420494699646643
MANTES LA JOLIE,ROUEN RIVE DROITE,0,0.8276271186440678
MANTES LA JOLIE,ROUEN RIVE DROITE,1,0.8198979591836735
MANTES LA JOLIE,ROUEN RIVE DROITE,2,0.7957482993197279
MANTES LA JOLIE,ROUEN RIVE DROITE,3,0.7724489795918367
MANTES LA JOLIE,ROUEN RIVE DROITE,4,0.5462585034013605
MANTES LA JOLIE,ROUEN RIVE DROITE,5,0.5085324232081911
MANTES LA JOLIE,ROUEN RIVE DROITE,6,0.5117747440273037
MANTES LA JOLIE,ROUEN RIVE DROITE,7,0.4834470989761092
MANTES LA JOLIE,ROUEN RIVE DROITE,8,0.4616438356164384
MANTES LA JOLIE,ROUEN RIVE DROITE,9,0.4327645051194539
MANTES LA JOLIE,ROUEN RIVE DROITE,10,0.42142857142857143
MANTES LA JOLIE,ROUEN RIVE DROITE,11,0.41377551020408165
MANTES LA JOLIE,ROUEN RIVE DROITE,12,0.2165529010238908
MANTES LA JOLIE,ROUEN RIVE DROITE,13,0.2030821917808219
MANTES LA JOLIE,ROUEN RIVE DROITE,14,0.19297945205479453
MANTES LA JOLIE,ROUEN RIVE DROITE,15,0.18047945205479454
MANTES LA JOLIE,ROUEN RIVE DROITE,16,0.18441780821917808
MANTES LA JOLIE,ROUEN RIVE DROITE,17,0.19195205479452054
MANTES LA JOLIE,ROUEN RIVE DROITE,18,0.19347079037800685
MANTES LA JOLIE,ROUEN RIVE DROITE,19,0.18810344827586206
MANTES LA JOLIE,ROUEN RIVE DROITE,20,0.18051724137931036
MANTES LA JOLIE,ROUEN RIVE DROITE,21,0.18000000000000002
MANTES LA JOLIE,ROUEN RIVE DROITE,22,0.1860344827586207
MANTES LA JOLIE,ROUEN RIVE DROITE,23,0.18310344827586209
MANTES LA JOLIE,ROUEN RIVE DROITE,24,0.18000000000000002
MANTES LA JOLIE,ROUEN RIVE DROITE,25,0.1768166089965398
MANTES LA JOLIE,ROUEN RIVE DROITE,26,0.17916666666666667
MANTES LA JOLIE,ROUEN RIVE DROITE,27,0.17430555555555557
MANTES LA JOLIE,ROUEN RIVE DROITE,28,0.15954861111111113
MANTES LA JOLIE,ROUEN RIVE DROITE,29,0.1640625
MANTES LA JOLIE,ROUEN RIVE DROITE,30,0.024041811846689895
MARSEILLE BLANCARDE,AIX EN PROVENCE TGV,0,0.0
MARSEILLE BLANCARDE,AIX EN PROVENCE TGV,1,0.0
MARSEILLE BLANCARDE,AIX EN PROVENCE TGV,2,0.0
MARSEILLE BLANCARDE,AIX EN PROVENCE TGV,3,0.0
MARSEILLE BLANCARDE,AIX EN PROVENCE TGV,4,0.0
MARSEILLE BLANCARDE,AIX EN PROVENCE TGV,5,0.0
MARSEILLE BLANCARDE,AIX EN PROVENCE TGV,6,0.0
MARSEILLE BLANCARDE,AIX EN PROVENCE TGV,7,0.0
MARSEILLE BLANCARDE,AIX EN PROVENCE TGV,8,0.0
MARSEILLE BLANCARDE,AIX EN PROVENCE TGV,9,0.0
MARSEILLE BLANCARDE,AIX EN PROVENCE TGV,10,0.0
MARSEILLE BLANCARDE,AIX EN PROVENCE TGV,11,0.0
MARSEILLE BLANCARDE,AIX EN PROVENCE TGV,12,0.0
MARSEILLE BLANCARDE,AIX EN PROVENCE TGV,13,0.0
MARSEILLE BLANCARDE,AIX EN PROVENCE TGV,14,0.0
MARSEILLE BLANCARDE,AIX EN PROVENCE TGV,15,0.0
MARSEILLE BLANCARDE,AIX EN PROVENCE TGV,16,0.0
MARSEILLE BLANCARDE,AIX EN PROVENCE TGV,17,0.0
MARSEILLE BLANCARDE,AIX EN PROVENCE TGV,18,0.0
MARSEILLE BLANCARDE,AIX EN PROVENCE TGV,19,0.0
MARSEILLE BLANCARDE,AIX EN PROVENCE TGV,20,0.0
MARSEILLE BLANCARDE,AIX EN PROVENCE TGV,21,0.0
MARSEILLE BLANCARDE,AIX EN PROVENCE TGV,22,0.0
MARSEILLE BLANCARDE,AIX EN PROVENCE TGV,23,0.0
MARSEILLE BLANCARDE,AIX EN PROVENCE TGV,24,0.0
MARSEILLE BLANCARDE,AIX EN PROVENCE TGV,25,0.0
MARSEILLE BLANCARDE,AIX EN PROVENCE TGV,26,0.0
MARSEILLE BLANCARDE,AIX EN PROVENCE TGV,27,0.0
MARSEILLE BLANCARDE,AIX EN PROVENCE TGV,28,0.0
MARSEILLE BLANCARDE,AIX EN PROVENCE TGV,29,0.0
MARSEILLE BLANCARDE,AIX EN PROVENCE TGV,30,0.0
MARSEILLE BLANCARDE,AVIGNON TGV,0,0.0
MARSEILLE BLANCARDE,AVIGNON TGV,1,0.0
MARSEILLE BLANCARDE,AVIGNON TGV,2,0.0
MARSEILLE BLANCARDE,AVIGNON TGV,3,0.0
MARSEILLE BLANCARDE,AVIGNON TGV,4,0.0
MARSEILLE BLANCARDE,AVIGNON TGV,5,0.0
MARSEILLE BLANCARDE,AVIGNON TGV,6,0.0
MARSEILLE BLANCARDE,AVIGNON TGV,7,0.0
MARSEILLE BLANCARDE,AVIGNON TGV,8,0.0
MARSEILLE BLANCARDE,AVIGNON TGV,9,0.0
MARSEILLE BLANCARDE,AVIGNON TGV,10,0.0
MARSEILLE BLANCARDE,AVIGNON TGV,11,0.0
MARSEILLE BLANCARDE,AVIGNON TGV,12,0.0
MARSEILLE BLANCARDE,AVIGNON TGV,13,0.0
MARSEILLE BLANCARDE,AVIGNON TGV,14,0.0
MARSEILLE BLANCARDE,AVIGNON TGV,15,0.0
MARSEILLE BLANCARDE,AVIGNON TGV,16,0.0
MARSEILLE BLANCARDE,AVIGNON TGV,17,0.0
MARSEILLE BLANCARDE,AVIGNON TGV,18,0.0
MARSEILLE BLANCARDE,AVIGNON TGV,19,0.0
MARSEILLE BLANCARDE,AVIGNON TGV,20,0.0
MARSEILLE BLANCARDE,AVIGNON TGV,21,0.0
MARSEILLE BLANCARDE,AVIGNON TGV,22,0.0
MARSEILLE BLANCARDE,AVIGNON TGV,23,0.0
MARSEILLE BLANCARDE,AVIGNON TGV,24,0.0
MARSEILLE BLANCARDE,AVIGNON TGV,25,0.0
MARSEILLE BLANCARDE,AVIGNON TGV,26,0.0
MARSEILLE BLANCARDE,AVIGNON TGV,27,0.0
MARSEILLE BLANCARDE,AVIGNON TGV,28,0.0
MARSEILLE BLANCARDE,AVIGNON TGV,29,0.0
MARSEILLE BLANCARDE,AVIGNON TGV,30,0.0
MARSEILLE BLANCARDE,LE MANS,0,0.0
MARSEILLE BLANCARDE,LE MANS,1,0.0
MARSEILLE BLANCARDE,LE MANS,2,0.0
MARSEILLE BLANCARDE,LE MANS,3,0.0
MARSEILLE BLANCARDE,LE MANS,4,0.0
MARSEILLE BLANCARDE,LE MANS,5,0.0
MARSEILLE BLANCARDE,LE MANS,6,0.0
MARSEILLE BLANCARDE,LE MANS,7,0.0
MARSEILLE BLANCARDE,LE MANS,8,0.0
MARSEILLE BLANCARDE,LE MANS,9,0.0
MARSEILLE BLANCARDE,LE MANS,10,0.0
MARSEILLE BLANCARDE,LE MANS,11,0.05
MARSEILLE BLANCARDE,LE MANS,12,0.0
MARSEILLE BLANCARDE,LE MANS,13,0.0
MARSEILLE BLANCARDE,LE MANS,14,0.0
MARSEILLE BLANCARDE,LE MANS,15,0.0
MARSEILLE BLANCARDE,LE MANS,16,0.0
MARSEILLE BLANCARDE,LE MANS,17,0.0
MARSEILLE BLANCARDE,LE MANS,18,0.0
MARSEILLE BLANCARDE,LE MANS,19,0.0
MARSEILLE BLANCARDE,LE MANS,20,0.0
MARSEILLE BLANCARDE,LE MANS,21,0.0
MARSEILLE BLANCARDE,LE MANS,22,0.0
MARSEILLE BLANCARDE,LE MANS,23,0.0
MARSEILLE BLANCARDE,LE MANS,24,0.0
MARSEILLE BLANCARDE,LE MANS,25,0.0
MARSEILLE BLANCARDE,LE MANS,26,0.0
MARSEILLE BLANCARDE,LE MANS,27,0.0
MARSEILLE BLANCARDE,LE MANS,28,0.0
MARSEILLE BLANCARDE,LE MANS,29,0.0
MARSEILLE BLANCARDE,LE MANS,30,0.0
MARSEILLE BLANCARDE,LYON (intramuros),0,0.0
MARSEILLE BLANCARDE,LYON (intramuros),1,0.05
MARSEILLE BLANCARDE,LYON (intramuros),2,0.05
MARSEILLE BLANCARDE,LYON (intramuros),3,0.05
MARSEILLE BLANCARDE,LYON (intramuros),4,0.0
MARSEILLE BLANCARDE,LYON (intramuros),5,0.0
MARSEILLE BLANCARDE,LYON (intramuros),6,0.05
MARSEILLE BLANCARDE,LYON (intramuros),7,0.0
MARSEILLE BLANCARDE,LYON (intramuros),8,0.0
MARSEILLE BLANCARDE,LYON (intramuros),9,0.0
MARSEILLE BLANCARDE,LYON (intramuros),10,0.0
MARSEILLE BLANCARDE,LYON (intramuros),11,0.0
MARSEILLE BLANCARDE,LYON (intramuros),12,0.0
MARSEILLE BLANCARDE,LYON (intramuros),13,0.0
MARSEILLE BLANCARDE,LYON (intramuros),14,0.0
MARSEILLE BLANCARDE,LYON (intramuros),15,0.0
MARSEILLE BLANCARDE,LYON (intramuros),16,0.0
MARSEILLE BLANCARDE,LYON (intramuros),17,0.0
MARSEILLE BLANCARDE,LYON (intramuros),18,0.0
MARSEILLE BLANCARDE,LYON (intramuros),19,0.0
MARSEILLE BLANCARDE,LYON (intramuros),20,0.0
MARSEILLE BLANCARDE,LYON (intramuros),21,0.0
MARSEILLE BLANCARDE,LYON (intramuros),22,0.0
MARSEILLE BLANCARDE,LYON (intramuros),23,0.0
MARSEILLE BLANCARDE,LYON (intramuros),24,0.0
MARSEILLE BLANCARDE,LYON (intramuros),25,0.0
MARSEILLE BLANCARDE,LYON (intramuros),26,0.0
MARSEILLE BLANCARDE,LYON (intramuros),27,0.0
MARSEILLE BLANCARDE,LYON (intramuros),28,0.0
MARSEILLE BLANCARDE,LYON (intramuros),29,0.0
MARSEILLE BLANCARDE,LYON (intramuros),30,0.0
MARSEILLE BLANCARDE,MASSY TGV,0,0.0
MARSEILLE BLANCARDE,MASSY TGV,1,0.0
MARSEILLE BLANCARDE,MASSY TGV,2,0.0
MARSEILLE BLANCARDE,MASSY TGV,3,0.0
MARSEILLE BLANCARDE,MASSY TGV,4,0.0
MARSEILLE BLANCARDE,MASSY TGV,5,0.0
MARSEILLE BLANCARDE,MASSY TGV,6,0.0
MARSEILLE BLANCARDE,MASSY TGV,7,0.0
MARSEILLE BLANCARDE,MASSY TGV,8,0.0
MARSEILLE BLANCARDE,MASSY TGV,9,0.0
MARSEILLE BLANCARDE,MASSY TGV,10,0.0
MARSEILLE BLANCARDE,MASSY TGV,11,0.0
MARSEILLE BLANCARDE,MASSY TGV,12,0.0
MARSEILLE BLANCARDE,MASSY TGV,13,0.0
MARSEILLE BLANCARDE,MASSY TGV,14,0.0
MARSEILLE BLANCARDE,MASSY TGV,15,0.0
MARSEILLE BLANCARDE,MASSY TGV,16,0.0
MARSEILLE BLANCARDE,MASSY TGV,17,0.0
MARSEILLE BLANCARDE,MASSY TGV,18,0.0
MARSEILLE BLANCARDE,MASSY TGV,19,0.0
MARSEILLE BLANCARDE,MASSY TGV,20,0.0
MARSEILLE BLANCARDE,MASSY TGV,21,0.0
MARSEILLE BLANCARDE,MASSY TGV,22,0.0
MARSEILLE BLANCARDE,MASSY TGV,23,0.0
MARSEILLE BLANCARDE,MASSY TGV,24,0.0
MARSEILLE BLANCARDE,MASSY TGV,25,0.0
MARSEILLE BLANCARDE,MASSY TGV,26,0.0
MARSEILLE BLANCARDE,MASSY TGV,27,0.0
MARSEILLE BLANCARDE,MASSY TGV,28,0.0
MARSEILLE BLANCARDE,MASSY TGV,29,0.0
MARSEILLE BLANCARDE,MASSY TGV,30,0.0
MARSEILLE BLANCARDE,RENNES,0,0.0
MARSEILLE BLANCARDE,RENNES,1,0.0
MARSEILLE BLANCARDE,RENNES,2,0.05
MARSEILLE BLANCARDE,RENNES,3,0.05
MARSEILLE BLANCARDE,RENNES,4,0.0
MARSEILLE BLANCARDE,RENNES,5,0.0
MARSEILLE BLANCARDE,RENNES,6,0.0
MARSEILLE BLANCARDE,RENNES,7,0.0
MARSEILLE BLANCARDE,RENNES,8,0.0
MARSEILLE BLANCARDE,RENNES,9,0.0
MARSEILLE BLANCARDE,RENNES,10,0.0
MARSEILLE BLANCARDE,RENNES,11,0.0
MARSEILLE BLANCARDE,RENNES,12,0.0
MARSEILLE BLANCARDE,RENNES,13,0.0
MARSEILLE BLANCARDE,RENNES,14,0.0
MARSEILLE BLANCARDE,RENNES,15,0.0
MARSEILLE BLANCARDE,RENNES,16,0.0
MARSEILLE BLANCARDE,RENNES,17,0.0
MARSEILLE BLANCARDE,RENNES,18,0.0
MARSEILLE BLANCARDE,RENNES,19,0.0
MARSEILLE BLANCARDE,RENNES,20,0.0
MARSEILLE BLANCARDE,RENNES,21,0.0
MARSEILLE BLANCARDE,RENNES,22,0.0
MARSEILLE BLANCARDE,RENNES,23,0.0
MARSEILLE BLANCARDE,RENNES,24,0.0
MARSEILLE BLANCARDE,RENNES,25,0.0
MARSEILLE BLANCARDE,RENNES,26,0.0
MARSEILLE BLANCARDE,RENNES,27,0.0
MARSEILLE BLANCARDE,RENNES,28,0.0
MARSEILLE BLANCARDE,RENNES,29,0.0
MARSEILLE BLANCARDE,RENNES,30,0.0
MARSEILLE ST CHARLES,AIX EN PROVENCE TGV,0,0.6827868852459016
MARSEILLE ST CHARLES,AIX EN PROVENCE TGV,1,0.6875
MARSEILLE ST CHARLES,AIX EN PROVENCE TGV,2,0.6949180327868852
MARSEILLE ST CHARLES,AIX EN PROVENCE TGV,3,0.6947540983606557
MARSEILLE ST CHARLES,AIX EN PROVENCE TGV,4,0.5867213114754098
MARSEILLE ST CHARLES,AIX EN PROVENCE TGV,5,0.5662828947368421
MARSEILLE ST CHARLES,AIX EN PROVENCE TGV,6,0.5523026315789474
MARSEILLE ST CHARLES,AIX EN PROVENCE TGV,7,0.5286184210526316
MARSEILLE ST CHARLES,AIX EN PROVENCE TGV,8,0.5277777777777778
MARSEILLE ST CHARLES,AIX EN PROVENCE TGV,9,0.5101307189542483
MARSEILLE ST CHARLES,AIX EN PROVENCE TGV,10,0.475
MARSEILLE ST CHARLES,AIX EN PROVENCE TGV,11,0.467483660130719
MARSEILLE ST CHARLES,AIX EN PROVENCE TGV,12,0.3188524590163934
MARSEILLE ST CHARLES,AIX EN PROVENCE TGV,13,0.315625
MARSEILLE ST CHARLES,AIX EN PROVENCE TGV,14,0.29046052631578945
MARSEILLE ST CHARLES,AIX EN PROVENCE TGV,15,0.28980263157894737
MARSEILLE ST CHARLES,AIX EN PROVENCE TGV,16,0.29835526315789473
MARSEILLE ST CHARLES,AIX EN PROVENCE TGV,17,0.3031353135313531
MARSEILLE ST CHARLES,AIX EN PROVENCE TGV,18,0.2897350993377483
MARSEILLE ST CHARLES,AIX EN PROVENCE TGV,19,0.27666666666666667
MARSEILLE ST CHARLES,AIX EN PROVENCE TGV,20,0.2552013422818792
MARSEILLE ST CHARLES,AIX EN PROVENCE TGV,21,0.23993288590604026
MARSEILLE ST CHARLES,AIX EN PROVENCE TGV,22,0.23771043771043768
MARSEILLE ST CHARLES,AIX EN PROVENCE TGV,23,0.22820945945945945
MARSEILLE ST CHARLES,AIX EN PROVENCE TGV,24,0.23418367346938773
MARSEILLE ST CHARLES,AIX EN PROVENCE TGV,25,0.22551369863013696
MARSEILLE ST CHARLES,AIX EN PROVENCE TGV,26,0.21827586206896551
MARSEILLE ST CHARLES,AIX EN PROVENCE TGV,27,0.21072664359861593
MARSEILLE ST CHARLES,AIX EN PROVENCE TGV,28,0.1876736111111111
MARSEILLE ST CHARLES,AIX EN PROVENCE TGV,29,0.16905594405594407
MARSEILLE ST CHARLES,AIX EN PROVENCE TGV,30,0.044190140845070426
MARSEILLE ST CHARLES,ANGERS SAINT LAUD,0,0.24791666666666667
MARSEILLE ST CHARLES,ANGERS SAINT LAUD,1,0.2354166666666667
MARSEILLE ST CHARLES,ANGERS SAINT LAUD,2,0.3020833333333333
MARSEILLE ST CHARLES,ANGERS SAINT LAUD,3,0.30833333333333335
MARSEILLE ST CHARLES,ANGERS SAINT LAUD,4,0.23958333333333334
MARSEILLE ST CHARLES,ANGERS SAINT LAUD,5,0.20833333333333334
MARSEILLE ST CHARLES,ANGERS SAINT LAUD,6,0.17708333333333334
MARSEILLE ST CHARLES,ANGERS SAINT LAUD,7,0.2354166666666667
MARSEILLE ST CHARLES,ANGERS SAINT LAUD,8,0.19166666666666665
MARSEILLE ST CHARLES,ANGERS SAINT LAUD,9,0.17708333333333334
MARSEILLE ST CHARLES,ANGERS SAINT LAUD,10,0.2041666666666667
MARSEILLE ST CHARLES,ANGERS SAINT LAUD,11,0.23124999999999998
MARSEILLE ST CHARLES,ANGERS SAINT LAUD,12,0.05625
MARSEILLE ST CHARLES,ANGERS SAINT LAUD,13,0.043750000000000004
MARSEILLE ST CHARLES,ANGERS SAINT LAUD,14,0.025000000000000005
MARSEILLE ST CHARLES,ANGERS SAINT LAUD,15,0.006250000000000001
MARSEILLE ST CHARLES,ANGERS SAINT LAUD,16,0.034782608695652174
MARSEILLE ST CHARLES,ANGERS SAINT LAUD,17,0.041304347826086954
MARSEILLE ST CHARLES,ANGERS SAINT LAUD,18,0.04583333333333334
MARSEILLE ST CHARLES,ANGERS SAINT LAUD,19,0.041666666666666664
MARSEILLE ST CHARLES,ANGERS SAINT LAUD,20,0.041666666666666664
MARSEILLE ST CHARLES,ANGERS SAINT LAUD,21,0.0375
MARSEILLE ST CHARLES,ANGERS SAINT LAUD,22,0.04583333333333334
MARSEILLE ST CHARLES,ANGERS SAINT LAUD,23,0.04565217391304348
MARSEILLE ST CHARLES,ANGERS SAINT LAUD,24,0.05
MARSEILLE ST CHARLES,ANGERS SAINT LAUD,25,0.08125
MARSEILLE ST CHARLES,ANGERS SAINT LAUD,26,0.07916666666666666
MARSEILLE ST CHARLES,ANGERS SAINT LAUD,27,0.07916666666666666
MARSEILLE ST CHARLES,ANGERS SAINT LAUD,28,0.07916666666666666
MARSEILLE ST CHARLES,ANGERS SAINT LAUD,29,0.04791666666666666
MARSEILLE ST CHARLES,ANGERS SAINT LAUD,30,0.015909090909090907
MARSEILLE ST CHARLES,AVIGNON TGV,0,0.6750704225352113
MARSEILLE ST CHARLES,AVIGNON TGV,1,0.6909604519774011
MARSEILLE ST CHARLES,AVIGNON TGV,2,0.7043785310734463
MARSEILLE ST CHARLES,AVIGNON TGV,3,0.7024079320113314
MARSEILLE ST CHARLES,AVIGNON TGV,4,0.611756373937677
MARSEILLE ST CHARLES,AVIGNON TGV,5,0.5924929178470255
MARSEILLE ST CHARLES,AVIGNON TGV,6,0.6007082152974504
MARSEILLE ST CHARLES,AVIGNON TGV,7,0.5711048158640226
MARSEILLE ST CHARLES,AVIGNON TGV,8,0.5728045325779036
MARSEILLE ST CHARLES,AVIGNON TGV,9,0.5729461756373938
MARSEILLE ST CHARLES,AVIGNON TGV,10,0.5616147308781869
MARSEILLE ST CHARLES,AVIGNON TGV,11,0.5548158640226629
MARSEILLE ST CHARLES,AVIGNON TGV,12,0.3777620396600566
MARSEILLE ST CHARLES,AVIGNON TGV,13,0.3701133144475921
MARSEILLE ST CHARLES,AVIGNON TGV,14,0.3553824362606232
MARSEILLE ST CHARLES,AVIGNON TGV,15,0.3450284090909091
MARSEILLE ST CHARLES,AVIGNON TGV,16,0.3606534090909091
MARSEILLE ST CHARLES,AVIGNON TGV,17,0.35781250000000003
MARSEILLE ST CHARLES,AVIGNON TGV,18,0.34417613636363636
MARSEILLE ST CHARLES,AVIGNON TGV,19,0.33579545454545456
MARSEILLE ST CHARLES,AVIGNON TGV,20,0.32045454545454544
MARSEILLE ST CHARLES,AVIGNON TGV,21,0.3151988636363636
MARSEILLE ST CHARLES,AVIGNON TGV,22,0.3173789173789174
MARSEILLE ST CHARLES,AVIGNON TGV,23,0.3071225071225071
MARSEILLE ST CHARLES,AVIGNON TGV,24,0.30754985754985753
MARSEILLE ST CHARLES,AVIGNON TGV,25,0.3048571428571429
MARSEILLE ST CHARLES,AVIGNON TGV,26,0.29957142857142854
MARSEILLE ST CHARLES,AVIGNON TGV,27,0.2887142857142857
MARSEILLE ST CHARLES,AVIGNON TGV,28,0.2711428571428572
MARSEILLE ST CHARLES,AVIGNON TGV,29,0.2511461318051576
MARSEILLE ST CHARLES,AVIGNON TGV,30,0.04985590778097983
MARSEILLE ST CHARLES,LAVAL,0,0.13939393939393938
MARSEILLE ST CHARLES,LAVAL,1,0.1508445945945946
MARSEILLE ST CHARLES,LAVAL,2,0.1483108108108108
MARSEILLE ST CHARLES,LAVAL,3,0.14155405405405405
MARSEILLE ST CHARLES,LAVAL,4,0.06300675675675675
MARSEILLE ST CHARLES,LAVAL,5,0.06402027027027027
MARSEILLE ST CHARLES,LAVAL,6,0.06739864864864864
MARSEILLE ST CHARLES,LAVAL,7,0.07162162162162163
MARSEILLE ST CHARLES,LAVAL,8,0.07885906040268456
MARSEILLE ST CHARLES,LAVAL,9,0.0785234899328859
MARSEILLE ST CHARLES,LAVAL,10,0.07432885906040268
MARSEILLE ST CHARLES,LAVAL,11,0.07802013422818792
MARSEILLE ST CHARLES,LAVAL,12,0.010101010101010102
MARSEILLE ST CHARLES,LAVAL,13,0.005405405405405406
MARSEILLE ST CHARLES,LAVAL,14,0.005932203389830509
MARSEILLE ST CHARLES,LAVAL,15,0.003741496598639456
MARSEILLE ST CHARLES,LAVAL,16,0.0011945392491467578
MARSEILLE ST CHARLES,LAVAL,17,0.00410958904109589
MARSEILLE ST CHARLES,LAVAL,18,0.00429553264604811
MARSEILLE ST CHARLES,LAVAL,19,0.00657439446366782
MARSEILLE ST CHARLES,LAVAL,20,0.004529616724738676
MARSEILLE ST CHARLES,LAVAL,21,0.0036713286713286717
MARSEILLE ST CHARLES,LAVAL,22,0.004049295774647887
MARSEILLE ST CHARLES,LAVAL,23,0.0037102473498233216
MARSEILLE ST CHARLES,LAVAL,24,0.004092526690391458
MARSEILLE ST CHARLES,LAVAL,25,0.009677419354838708
MARSEILLE ST CHARLES,LAVAL,26,0.007733812949640287
MARSEILLE ST CHARLES,LAVAL,27,0.009747292418772565
MARSEILLE ST CHARLES,LAVAL,28,0.01105072463768116
MARSEILLE ST CHARLES,LAVAL,29,0.010401459854014599
MARSEILLE ST CHARLES,LAVAL,30,0.003492647058823529
MARSEILLE ST CHARLES,LE HAVRE,0,0.29672413793103447
MARSEILLE ST CHARLES,LE HAVRE,1,0.33304498269896193
MARSEILLE ST CHARLES,LE HAVRE,2,0.33217993079584773
MARSEILLE ST CHARLES,LE HAVRE,3,0.33598615916955016
MARSEILLE ST CHARLES,LE HAVRE,4,0.18598615916955016
MARSEILLE ST CHARLES,LE HAVRE,5,0.17725694444444443
MARSEILLE ST CHARLES,LE HAVRE,6,0.19149305555555554
MARSEILLE ST CHARLES,LE HAVRE,7,0.21180555555555555
MARSEILLE ST CHARLES,LE HAVRE,8,0.21689895470383275
MARSEILLE ST CHARLES,LE HAVRE,9,0.2138888888888889
MARSEILLE ST CHARLES,LE HAVRE,10,0.2231833910034602
MARSEILLE ST CHARLES,LE HAVRE,11,0.23044982698961936
MARSEILLE ST CHARLES,LE HAVRE,12,0.043055555555555555
MARSEILLE ST CHARLES,LE HAVRE,13,0.03902439024390244
MARSEILLE ST CHARLES,LE HAVRE,14,0.04494773519163763
MARSEILLE ST CHARLES,LE HAVRE,15,0.04355400696864112
MARSEILLE ST CHARLES,LE HAVRE,16,0.04651567944250871
MARSEILLE ST CHARLES,LE HAVRE,17,0.04878048780487805
MARSEILLE ST CHARLES,LE HAVRE,18,0.04755244755244755
MARSEILLE ST CHARLES,LE HAVRE,19,0.04
MARSEILLE ST CHARLES,LE HAVRE,20,0.039649122807017545
MARSEILLE ST CHARLES,LE HAVRE,21,0.04298245614035088
MARSEILLE ST CHARLES,LE HAVRE,22,0.05403508771929825
MARSEILLE ST CHARLES,LE HAVRE,23,0.05578947368421053
MARSEILLE ST CHARLES,LE HAVRE,24,0.05578947368421053
MARSEILLE ST CHARLES,LE HAVRE,25,0.05880281690140845
MARSEILLE ST CHARLES,LE HAVRE,26,0.06766784452296819
MARSEILLE ST CHARLES,LE HAVRE,27,0.05918727915194346
MARSEILLE ST CHARLES,LE HAVRE,28,0.04893992932862191
MARSEILLE ST CHARLES,LE HAVRE,29,0.0519434628975265
MARSEILLE ST CHARLES,LE HAVRE,30,0.01046099290780142
MARSEILLE ST CHARLES,LE MANS,0,0.15377049180327867
MARSEILLE ST CHARLES,LE MANS,1,0.1536184210526316
MARSEILLE ST CHARLES,LE MANS,2,0.1555737704918033
MARSEILLE ST CHARLES,LE MANS,3,0.15081967213114755
MARSEILLE ST CHARLES,LE MANS,4,0.07049180327868852
MARSEILLE ST CHARLES,LE MANS,5,0.07121710526315789
MARSEILLE ST CHARLES,LE MANS,6,0.07779605263157895
MARSEILLE ST CHARLES,LE MANS,7,0.08042763157894736
MARSEILLE ST CHARLES,LE MANS,8,0.08251633986928104
MARSEILLE ST CHARLES,LE MANS,9,0.08398692810457516
MARSEILLE ST CHARLES,LE MANS,10,0.08022875816993465
MARSEILLE ST CHARLES,LE MANS,11,0.08496732026143791
MARSEILLE ST CHARLES,LE MANS,12,0.009672131147540983
MARSEILLE ST CHARLES,LE MANS,13,0.005263157894736842
MARSEILLE ST CHARLES,LE MANS,14,0.0077302631578947375
MARSEILLE ST CHARLES,LE MANS,15,0.005263157894736842
MARSEILLE ST CHARLES,LE MANS,16,0.005427631578947368
MARSEILLE ST CHARLES,LE MANS,17,0.007755775577557756
MARSEILLE ST CHARLES,LE MANS,18,0.007615894039735099
MARSEILLE ST CHARLES,LE MANS,19,0.009333333333333334
MARSEILLE ST CHARLES,LE MANS,20,0.00721476510067114
MARSEILLE ST CHARLES,LE MANS,21,0.006543624161073826
MARSEILLE ST CHARLES,LE MANS,22,0.007070707070707071
MARSEILLE ST CHARLES,LE MANS,23,0.006756756756756757
MARSEILLE ST CHARLES,LE MANS,24,0.0052721088435374154
MARSEILLE ST CHARLES,LE MANS,25,0.012671232876712329
MARSEILLE ST CHARLES,LE MANS,26,0.01103448275862069
MARSEILLE ST CHARLES,LE MANS,27,0.013321799307958479
MARSEILLE ST CHARLES,LE MANS,28,0.013194444444444444
MARSEILLE ST CHARLES,LE MANS,29,0.013111888111888112
MARSEILLE ST CHARLES,LE MANS,30,0.002464788732394366
MARSEILLE ST CHARLES,LYON (intramuros),0,0.4777464788732394
MARSEILLE ST CHARLES,LYON (intramuros),1,0.49759887005649717
MARSEILLE ST CHARLES,LYON (intramuros),2,0.5045197740112994
MARSEILLE ST CHARLES,LYON (intramuros),3,0.5167138810198301
MARSEILLE ST CHARLES,LYON (intramuros),4,0.3991501416430595
MARSEILLE ST CHARLES,LYON (intramuros),5,0.38696883852691216
MARSEILLE ST CHARLES,LYON (intramuros),6,0.40141643059490084
MARSEILLE ST CHARLES,LYON (intramuros),7,0.38767705382436257
MARSEILLE ST CHARLES,LYON (intramuros),8,0.3825779036827196
MARSEILLE ST CHARLES,LYON (intramuros),9,0.3889518413597734
MARSEILLE ST CHARLES,LYON (intramuros),10,0.3956090651558074
MARSEILLE ST CHARLES,LYON (intramuros),11,0.3934844192634561
MARSEILLE ST CHARLES,LYON (intramuros),12,0.22691218130311613
MARSEILLE ST CHARLES,LYON (intramuros),13,0.21416430594900848
MARSEILLE ST CHARLES,LYON (intramuros),14,0.2206798866855524
MARSEILLE ST CHARLES,LYON (intramuros),15,0.2035511363636364
MARSEILLE ST CHARLES,LYON (intramuros),16,0.2171875
MARSEILLE ST CHARLES,LYON (intramuros),17,0.21946022727272727
MARSEILLE ST CHARLES,LYON (intramuros),18,0.22244318181818182
MARSEILLE ST CHARLES,LYON (intramuros),19,0.2213068181818182
MARSEILLE ST CHARLES,LYON (intramuros),20,0.22286931818181818
MARSEILLE ST CHARLES,LYON (intramuros),21,0.21661931818181818
MARSEILLE ST CHARLES,LYON (intramuros),22,0.21823361823361823
MARSEILLE ST CHARLES,LYON (intramuros),23,0.21723646723646722
MARSEILLE ST CHARLES,LYON (intramuros),24,0.21851851851851853
MARSEILLE ST CHARLES,LYON (intramuros),25,0.22685714285714287
MARSEILLE ST CHARLES,LYON (intramuros),26,0.227
MARSEILLE ST CHARLES,LYON (intramuros),27,0.21814285714285714
MARSEILLE ST CHARLES,LYON (intramuros),28,0.20314285714285713
MARSEILLE ST CHARLES,LYON (intramuros),29,0.19527220630372494
MARSEILLE ST CHARLES,LYON (intramuros),30,0.03155619596541787
MARSEILLE ST CHARLES,LYON ST EXUPERY TGV.,0,0.0
MARSEILLE ST CHARLES,LYON ST EXUPERY TGV.,1,0.0
MARSEILLE ST CHARLES,LYON ST EXUPERY TGV.,2,0.0
MARSEILLE ST CHARLES,LYON ST EXUPERY TGV.,3,0.0
MARSEILLE ST CHARLES,LYON ST EXUPERY TGV.,4,0.0
MARSEILLE ST CHARLES,LYON ST EXUPERY TGV.,5,0.0
MARSEILLE ST CHARLES,LYON ST EXUPERY TGV.,6,0.0
MARSEILLE ST CHARLES,LYON ST EXUPERY TGV.,7,0.0
MARSEILLE ST CHARLES,LYON ST EXUPERY TGV.,8,0.0
MARSEILLE ST CHARLES,LYON ST EXUPERY TGV.,9,0.0
MARSEILLE ST CHARLES,LYON ST EXUPERY TGV.,10,0.0
MARSEILLE ST CHARLES,LYON ST EXUPERY TGV.,11,0.0
MARSEILLE ST CHARLES,LYON ST EXUPERY TGV.,12,0.0
MARSEILLE ST CHARLES,LYON ST EXUPERY TGV.,13,0.0
MARSEILLE ST CHARLES,LYON ST EXUPERY TGV.,14,0.0
MARSEILLE ST CHARLES,LYON ST EXUPERY TGV.,15,0.0
MARSEILLE ST CHARLES,LYON ST EXUPERY TGV.,16,0.0
MARSEILLE ST CHARLES,LYON ST EXUPERY TGV.,17,0.0
MARSEILLE ST CHARLES,LYON ST EXUPERY TGV.,18,0.0
MARSEILLE ST CHARLES,LYON ST EXUPERY TGV.,19,0.0
MARSEILLE ST CHARLES,LYON ST EXUPERY TGV.,20,0.0
MARSEILLE ST CHARLES,LYON ST EXUPERY TGV.,21,0.0
MARSEILLE ST CHARLES,LYON ST EXUPERY TGV.,22,0.0
MARSEILLE ST CHARLES,LYON ST EXUPERY TGV.,23,0.0
MARSEILLE ST CHARLES,LYON ST EXUPERY TGV.,24,0.0
MARSEILLE ST CHARLES,LYON ST EXUPERY TGV.,25,0.0
MARSEILLE ST CHARLES,LYON ST EXUPERY TGV.,26,0.0
MARSEILLE ST CHARLES,LYON ST EXUPERY TGV.,27,0.0
MARSEILLE ST CHARLES,LYON ST EXUPERY TGV.,28,0.0
MARSEILLE ST CHARLES,LYON ST EXUPERY TGV.,29,0.0
MARSEILLE ST CHARLES,MANTES LA JOLIE,0,0.30391156462585034
MARSEILLE ST CHARLES,MANTES LA JOLIE,1,0.32627986348122867
MARSEILLE ST CHARLES,MANTES LA JOLIE,2,0.3291808873720137
MARSEILLE ST CHARLES,MANTES LA JOLIE,3,0.32525597269624573
MARSEILLE ST CHARLES,MANTES LA JOLIE,4,0.18361774744027304
MARSEILLE ST CHARLES,MANTES LA JOLIE,5,0.1797945205479452
MARSEILLE ST CHARLES,MANTES LA JOLIE,6,0.18904109589041096
MARSEILLE ST CHARLES,MANTES LA JOLIE,7,0.21198630136986302
MARSEILLE ST CHARLES,MANTES LA JOLIE,8,0.21580756013745703
MARSEILLE ST CHARLES,MANTES LA JOLIE,9,0.21763698630136985
MARSEILLE ST CHARLES,MANTES LA JOLIE,10,0.22235494880546078
MARSEILLE ST CHARLES,MANTES LA JOLIE,11,0.22730375426621158
MARSEILLE ST CHARLES,MANTES LA JOLIE,12,0.04126712328767124
MARSEILLE ST CHARLES,MANTES LA JOLIE,13,0.037800687285223365
MARSEILLE ST CHARLES,MANTES LA JOLIE,14,0.043127147766323023
MARSEILLE ST CHARLES,MANTES LA JOLIE,15,0.0415807560137457
MARSEILLE ST CHARLES,MANTES LA JOLIE,16,0.045189003436426116
MARSEILLE ST CHARLES,MANTES LA JOLIE,17,0.04690721649484536
MARSEILLE ST CHARLES,MANTES LA JOLIE,18,0.04551724137931034
MARSEILLE ST CHARLES,MANTES LA JOLIE,19,0.04031141868512111
MARSEILLE ST CHARLES,MANTES LA JOLIE,20,0.03823529411764706
MARSEILLE ST CHARLES,MANTES LA JOLIE,21,0.042733564013840826
MARSEILLE ST CHARLES,MANTES LA JOLIE,22,0.05397923875432526
MARSEILLE ST CHARLES,MANTES LA JOLIE,23,0.055882352941176466
MARSEILLE ST CHARLES,MANTES LA JOLIE,24,0.05501730103806229
MARSEILLE ST CHARLES,MANTES LA JOLIE,25,0.05972222222222222
MARSEILLE ST CHARLES,MANTES LA JOLIE,26,0.06585365853658535
MARSEILLE ST CHARLES,MANTES LA JOLIE,27,0.06062717770034843
MARSEILLE ST CHARLES,MANTES LA JOLIE,28,0.04895470383275262
MARSEILLE ST CHARLES,MANTES LA JOLIE,29,0.04738675958188153
MARSEILLE ST CHARLES,MANTES LA JOLIE,30,0.009265734265734266
MARSEILLE ST CHARLES,MASSY PALAISEAU,0,0.30844594594594593
MARSEILLE ST CHARLES,MASSY PALAISEAU,1,0.33084745762711865
MARSEILLE ST CHARLES,MASSY PALAISEAU,2,0.33576271186440676
MARSEILLE ST CHARLES,MASSY PALAISEAU,3,0.32186440677966105
MARSEILLE ST CHARLES,MASSY PALAISEAU,4,0.18711864406779663
MARSEILLE ST CHARLES,MASSY PALAISEAU,5,0.1770408163265306
MARSEILLE ST CHARLES,MASSY PALAISEAU,6,0.1925170068027211
MARSEILLE ST CHARLES,MASSY PALAISEAU,7,0.2139455782312925
MARSEILLE ST CHARLES,MASSY PALAISEAU,8,0.21979522184300343
MARSEILLE ST CHARLES,MASSY PALAISEAU,9,0.21581632653061225
MARSEILLE ST CHARLES,MASSY PALAISEAU,10,0.22169491525423732
MARSEILLE ST CHARLES,MASSY PALAISEAU,11,0.2228813559322034
MARSEILLE ST CHARLES,MASSY PALAISEAU,12,0.041666666666666664
MARSEILLE ST CHARLES,MASSY PALAISEAU,13,0.03754266211604096
MARSEILLE ST CHARLES,MASSY PALAISEAU,14,0.0431740614334471
MARSEILLE ST CHARLES,MASSY PALAISEAU,15,0.042320819112627986
MARSEILLE ST CHARLES,MASSY PALAISEAU,16,0.04744027303754266
MARSEILLE ST CHARLES,MASSY PALAISEAU,17,0.051023890784982935
MARSEILLE ST CHARLES,MASSY PALAISEAU,18,0.049999999999999996
MARSEILLE ST CHARLES,MASSY PALAISEAU,19,0.04553264604810996
MARSEILLE ST CHARLES,MASSY PALAISEAU,20,0.04243986254295533
MARSEILLE ST CHARLES,MASSY PALAISEAU,21,0.04587628865979381
MARSEILLE ST CHARLES,MASSY PALAISEAU,22,0.0563573883161512
MARSEILLE ST CHARLES,MASSY PALAISEAU,23,0.0577319587628866
MARSEILLE ST CHARLES,MASSY PALAISEAU,24,0.05859106529209622
MARSEILLE ST CHARLES,MASSY PALAISEAU,25,0.06258620689655171
MARSEILLE ST CHARLES,MASSY PALAISEAU,26,0.06851211072664361
MARSEILLE ST CHARLES,MASSY PALAISEAU,27,0.06384083044982698
MARSEILLE ST CHARLES,MASSY PALAISEAU,28,0.05259515570934256
MARSEILLE ST CHARLES,MASSY PALAISEAU,29,0.04844290657439446
MARSEILLE ST CHARLES,MASSY PALAISEAU,30,0.0109375
MARSEILLE ST CHARLES,MASSY TGV,0,0.14511784511784512
MARSEILLE ST CHARLES,MASSY TGV,1,0.1579391891891892
MARSEILLE ST CHARLES,MASSY TGV,2,0.15454545454545454
MARSEILLE ST CHARLES,MASSY TGV,3,0.14966329966329966
MARSEILLE ST CHARLES,MASSY TGV,4,0.06683501683501684
MARSEILLE ST CHARLES,MASSY TGV,5,0.06942567567567567
MARSEILLE ST CHARLES,MASSY TGV,6,0.07618243243243243
MARSEILLE ST CHARLES,MASSY TGV,7,0.07347972972972973
MARSEILLE ST CHARLES,MASSY TGV,8,0.07768456375838925
MARSEILLE ST CHARLES,MASSY TGV,9,0.07835570469798658
MARSEILLE ST CHARLES,MASSY TGV,10,0.07835570469798658
MARSEILLE ST CHARLES,MASSY TGV,11,0.08473154362416108
MARSEILLE ST CHARLES,MASSY TGV,12,0.012626262626262626
MARSEILLE ST CHARLES,MASSY TGV,13,0.008783783783783784
MARSEILLE ST CHARLES,MASSY TGV,14,0.008952702702702703
MARSEILLE ST CHARLES,MASSY TGV,15,0.004898648648648649
MARSEILLE ST CHARLES,MASSY TGV,16,0.0018581081081081082
MARSEILLE ST CHARLES,MASSY TGV,17,0.005932203389830509
MARSEILLE ST CHARLES,MASSY TGV,18,0.007482993197278912
MARSEILLE ST CHARLES,MASSY TGV,19,0.009246575342465754
MARSEILLE ST CHARLES,MASSY TGV,20,0.008275862068965517
MARSEILLE ST CHARLES,MASSY TGV,21,0.007413793103448275
MARSEILLE ST CHARLES,MASSY TGV,22,0.007612456747404845
MARSEILLE ST CHARLES,MASSY TGV,23,0.007465277777777777
MARSEILLE ST CHARLES,MASSY TGV,24,0.00472027972027972
MARSEILLE ST CHARLES,MASSY TGV,25,0.010387323943661972
MARSEILLE ST CHARLES,MASSY TGV,26,0.01152482269503546
MARSEILLE ST CHARLES,MASSY TGV,27,0.013701067615658364
MARSEILLE ST CHARLES,MASSY TGV,28,0.014464285714285714
MARSEILLE ST CHARLES,MASSY TGV,29,0.012949640287769784
MARSEILLE ST CHARLES,MASSY TGV,30,0.002717391304347826
MARSEILLE ST CHARLES,NANTES,0,0.21458333333333335
MARSEILLE ST CHARLES,NANTES,1,0.22083333333333333
MARSEILLE ST CHARLES,NANTES,2,0.28958333333333336
MARSEILLE ST CHARLES,NANTES,3,0.29791666666666666
MARSEILLE ST CHARLES,NANTES,4,0.225
MARSEILLE ST CHARLES,NANTES,5,0.2125
MARSEILLE ST CHARLES,NANTES,6,0.19583333333333333
MARSEILLE ST CHARLES,NANTES,7,0.22291666666666665
MARSEILLE ST CHARLES,NANTES,8,0.18958333333333333
MARSEILLE ST CHARLES,NANTES,9,0.17916666666666667
MARSEILLE ST CHARLES,NANTES,10,0.2020833333333333
MARSEILLE ST CHARLES,NANTES,11,0.2354166666666667
MARSEILLE ST CHARLES,NANTES,12,0.04791666666666667
MARSEILLE ST CHARLES,NANTES,13,0.043750000000000004
MARSEILLE ST CHARLES,NANTES,14,0.0375
MARSEILLE ST CHARLES,NANTES,15,0.020833333333333332
MARSEILLE ST CHARLES,NANTES,16,0.03695652173913044
MARSEILLE ST CHARLES,NANTES,17,0.041304347826086954
MARSEILLE ST CHARLES,NANTES,18,0.043750000000000004
MARSEILLE ST CHARLES,NANTES,19,0.041666666666666664
MARSEILLE ST CHARLES,NANTES,20,0.043750000000000004
MARSEILLE ST CHARLES,NANTES,21,0.041666666666666664
MARSEILLE ST CHARLES,NANTES,22,0.043750000000000004
MARSEILLE ST CHARLES,NANTES,23,0.04565217391304348
MARSEILLE ST CHARLES,NANTES,24,0.05
MARSEILLE ST CHARLES,NANTES,25,0.07916666666666668
MARSEILLE ST CHARLES,NANTES,26,0.07916666666666666
MARSEILLE ST CHARLES,NANTES,27,0.08333333333333333
MARSEILLE ST CHARLES,NANTES,28,0.07708333333333334
MARSEILLE ST CHARLES,NANTES,29,0.05416666666666667
MARSEILLE ST CHARLES,NANTES,30,0.015909090909090907
MARSEILLE ST CHARLES,RENNES,0,0.14573770491803278
MARSEILLE ST CHARLES,RENNES,1,0.15476973684210527
MARSEILLE ST CHARLES,RENNES,2,0.15131147540983605
MARSEILLE ST CHARLES,RENNES,3,0.14754098360655737
MARSEILLE ST CHARLES,RENNES,4,0.06786885245901639
MARSEILLE ST CHARLES,RENNES,5,0.07072368421052631
MARSEILLE ST CHARLES,RENNES,6,0.07384868421052632
MARSEILLE ST CHARLES,RENNES,7,0.08009868421052632
MARSEILLE ST CHARLES,RENNES,8,0.08104575163398693
MARSEILLE ST CHARLES,RENNES,9,0.08398692810457516
MARSEILLE ST CHARLES,RENNES,10,0.07941176470588235
MARSEILLE ST CHARLES,RENNES,11,0.0826797385620915
MARSEILLE ST CHARLES,RENNES,12,0.010163934426229508
MARSEILLE ST CHARLES,RENNES,13,0.0059210526315789476
MARSEILLE ST CHARLES,RENNES,14,0.006578947368421052
MARSEILLE ST CHARLES,RENNES,15,0.005427631578947368
MARSEILLE ST CHARLES,RENNES,16,0.0029605263157894738
MARSEILLE ST CHARLES,RENNES,17,0.006435643564356435
MARSEILLE ST CHARLES,RENNES,18,0.008278145695364239
MARSEILLE ST CHARLES,RENNES,19,0.01
MARSEILLE ST CHARLES,RENNES,20,0.007550335570469799
MARSEILLE ST CHARLES,RENNES,21,0.00721476510067114
MARSEILLE ST CHARLES,RENNES,22,0.006902356902356902
MARSEILLE ST CHARLES,RENNES,23,0.006925675675675675
MARSEILLE ST CHARLES,RENNES,24,0.0052721088435374154
MARSEILLE ST CHARLES,RENNES,25,0.008561643835616438
MARSEILLE ST CHARLES,RENNES,26,0.007586206896551725
MARSEILLE ST CHARLES,RENNES,27,0.009688581314878892
MARSEILLE ST CHARLES,RENNES,28,0.01111111111111111
MARSEILLE ST CHARLES,RENNES,29,0.011363636363636364
MARSEILLE ST CHARLES,RENNES,30,0.002288732394366197
MARSEILLE ST CHARLES,ROUEN RIVE DROITE,0,0.302891156462585
MARSEILLE ST CHARLES,ROUEN RIVE DROITE,1,0.3302047781569966
MARSEILLE ST CHARLES,ROUEN RIVE DROITE,2,0.33088737201365187
MARSEILLE ST CHARLES,ROUEN RIVE DROITE,3,0.3296928327645051
MARSEILLE ST CHARLES,ROUEN RIVE DROITE,4,0.18122866894197953
MARSEILLE ST CHARLES,ROUEN RIVE DROITE,5,0.17773972602739727
MARSEILLE ST CHARLES,ROUEN RIVE DROITE,6,0.18630136986301368
MARSEILLE ST CHARLES,ROUEN RIVE DROITE,7,0.20941780821917808
MARSEILLE ST CHARLES,ROUEN RIVE DROITE,8,0.21666666666666665
MARSEILLE ST CHARLES,ROUEN RIVE DROITE,9,0.2202054794520548
MARSEILLE ST CHARLES,ROUEN RIVE DROITE,10,0.22303754266211603
MARSEILLE ST CHARLES,ROUEN RIVE DROITE,11,0.22986348122866893
MARSEILLE ST CHARLES,ROUEN RIVE DROITE,12,0.04195205479452055
MARSEILLE ST CHARLES,ROUEN RIVE DROITE,13,0.03711340206185567
MARSEILLE ST CHARLES,ROUEN RIVE DROITE,14,0.04329896907216495
MARSEILLE ST CHARLES,ROUEN RIVE DROITE,15,0.042783505154639176
MARSEILLE ST CHARLES,ROUEN RIVE DROITE,16,0.04621993127147766
MARSEILLE ST CHARLES,ROUEN RIVE DROITE,17,0.04896907216494845
MARSEILLE ST CHARLES,ROUEN RIVE DROITE,18,0.04689655172413793
MARSEILLE ST CHARLES,ROUEN RIVE DROITE,19,0.04013840830449827
MARSEILLE ST CHARLES,ROUEN RIVE DROITE,20,0.039792387543252594
MARSEILLE ST CHARLES,ROUEN RIVE DROITE,21,0.04204152249134948
MARSEILLE ST CHARLES,ROUEN RIVE DROITE,22,0.054498269896193774
MARSEILLE ST CHARLES,ROUEN RIVE DROITE,23,0.0555363321799308
MARSEILLE ST CHARLES,ROUEN RIVE DROITE,24,0.05570934256055364
MARSEILLE ST CHARLES,ROUEN RIVE DROITE,25,0.059027777777777776
MARSEILLE ST CHARLES,ROUEN RIVE DROITE,26,0.06515679442508711
MARSEILLE ST CHARLES,ROUEN RIVE DROITE,27,0.06167247386759581
MARSEILLE ST CHARLES,ROUEN RIVE DROITE,28,0.05069686411149826
MARSEILLE ST CHARLES,ROUEN RIVE DROITE,29,0.051567944250871085
MARSEILLE ST CHARLES,ROUEN RIVE DROITE,30,0.011363636363636364
MARSEILLE ST CHARLES,VALENCE TGV AUVERGNE RHONE ALPES,0,0.4185126582278481
MARSEILLE ST CHARLES,VALENCE TGV AUVERGNE RHONE ALPES,1,0.42999999999999994
MARSEILLE ST CHARLES,VALENCE TGV AUVERGNE RHONE ALPES,2,0.4350793650793651
MARSEILLE ST CHARLES,VALENCE TGV AUVERGNE RHONE ALPES,3,0.4384126984126984
MARSEILLE ST CHARLES,VALENCE TGV AUVERGNE RHONE ALPES,4,0.286984126984127
MARSEILLE ST CHARLES,VALENCE TGV AUVERGNE RHONE ALPES,5,0.27611464968152866
MARSEILLE ST CHARLES,VALENCE TGV AUVERGNE RHONE ALPES,6,0.2921974522292994
MARSEILLE ST CHARLES,VALENCE TGV AUVERGNE RHONE ALPES,7,0.2843949044585987
MARSEILLE ST CHARLES,VALENCE TGV AUVERGNE RHONE ALPES,8,0.2814696485623003
MARSEILLE ST CHARLES,VALENCE TGV AUVERGNE RHONE ALPES,9,0.2917197452229299
MARSEILLE ST CHARLES,VALENCE TGV AUVERGNE RHONE ALPES,10,0.2984126984126984
MARSEILLE ST CHARLES,VALENCE TGV AUVERGNE RHONE ALPES,11,0.309047619047619
MARSEILLE ST CHARLES,VALENCE TGV AUVERGNE RHONE ALPES,12,0.15907643312101913
MARSEILLE ST CHARLES,VALENCE TGV AUVERGNE RHONE ALPES,13,0.14824281150159743
MARSEILLE ST CHARLES,VALENCE TGV AUVERGNE RHONE ALPES,14,0.16134185303514376
MARSEILLE ST CHARLES,VALENCE TGV AUVERGNE RHONE ALPES,15,0.15527156549520768
MARSEILLE ST CHARLES,VALENCE TGV AUVERGNE RHONE ALPES,16,0.17067307692307693
MARSEILLE ST CHARLES,VALENCE TGV AUVERGNE RHONE ALPES,17,0.17371794871794874
MARSEILLE ST CHARLES,VALENCE TGV AUVERGNE RHONE ALPES,18,0.17836538461538462
MARSEILLE ST CHARLES,VALENCE TGV AUVERGNE RHONE ALPES,19,0.17684887459807075
MARSEILLE ST CHARLES,VALENCE TGV AUVERGNE RHONE ALPES,20,0.1752411575562701
MARSEILLE ST CHARLES,VALENCE TGV AUVERGNE RHONE ALPES,21,0.17684887459807075
MARSEILLE ST CHARLES,VALENCE TGV AUVERGNE RHONE ALPES,22,0.182475884244373
MARSEILLE ST CHARLES,VALENCE TGV AUVERGNE RHONE ALPES,23,0.1788709677419355
MARSEILLE ST CHARLES,VALENCE TGV AUVERGNE RHONE ALPES,24,0.17919354838709675
MARSEILLE ST CHARLES,VALENCE TGV AUVERGNE RHONE ALPES,25,0.1896774193548387
MARSEILLE ST CHARLES,VALENCE TGV AUVERGNE RHONE ALPES,26,0.1865695792880259
MARSEILLE ST CHARLES,VALENCE TGV AUVERGNE RHONE ALPES,27,0.17831715210355986
MARSEILLE ST CHARLES,VALENCE TGV AUVERGNE RHONE ALPES,28,0.16488673139158577
MARSEILLE ST CHARLES,VALENCE TGV AUVERGNE RHONE ALPES,29,0.15776699029126215
MARSEILLE ST CHARLES,VALENCE TGV AUVERGNE RHONE ALPES,30,0.02908496732026144
MARSEILLE ST CHARLES,VERSAILLES CHANTIERS,0,0.29863945578231293
MARSEILLE ST CHARLES,VERSAILLES CHANTIERS,1,0.3341296928327645
MARSEILLE ST CHARLES,VERSAILLES CHANTIERS,2,0.33225255972696244
MARSEILLE ST CHARLES,VERSAILLES CHANTIERS,3,0.3218430034129693
MARSEILLE ST CHARLES,VERSAILLES CHANTIERS,4,0.18122866894197953
MARSEILLE ST CHARLES,VERSAILLES CHANTIERS,5,0.1779109589041096
MARSEILLE ST CHARLES,VERSAILLES CHANTIERS,6,0.18801369863013698
MARSEILLE ST CHARLES,VERSAILLES CHANTIERS,7,0.21352739726027398
MARSEILLE ST CHARLES,VERSAILLES CHANTIERS,8,0.22371134020618555
MARSEILLE ST CHARLES,VERSAILLES CHANTIERS,9,0.21986301369863015
MARSEILLE ST CHARLES,VERSAILLES CHANTIERS,10,0.22696245733788395
MARSEILLE ST CHARLES,VERSAILLES CHANTIERS,11,0.22832764505119457
MARSEILLE ST CHARLES,VERSAILLES CHANTIERS,12,0.04366438356164384
MARSEILLE ST CHARLES,VERSAILLES CHANTIERS,13,0.03711340206185567
MARSEILLE ST CHARLES,VERSAILLES CHANTIERS,14,0.04175257731958763
MARSEILLE ST CHARLES,VERSAILLES CHANTIERS,15,0.04209621993127148
MARSEILLE ST CHARLES,VERSAILLES CHANTIERS,16,0.044501718213058414
MARSEILLE ST CHARLES,VERSAILLES CHANTIERS,17,0.04656357388316151
MARSEILLE ST CHARLES,VERSAILLES CHANTIERS,18,0.04482758620689655
MARSEILLE ST CHARLES,VERSAILLES CHANTIERS,19,0.039619377162629754
MARSEILLE ST CHARLES,VERSAILLES CHANTIERS,20,0.03892733564013841
MARSEILLE ST CHARLES,VERSAILLES CHANTIERS,21,0.042733564013840826
MARSEILLE ST CHARLES,VERSAILLES CHANTIERS,22,0.0541522491349481
MARSEILLE ST CHARLES,VERSAILLES CHANTIERS,23,0.056055363321799306
MARSEILLE ST CHARLES,VERSAILLES CHANTIERS,24,0.054671280276816614
MARSEILLE ST CHARLES,VERSAILLES CHANTIERS,25,0.057986111111111106
MARSEILLE ST CHARLES,VERSAILLES CHANTIERS,26,0.06411149825783971
MARSEILLE ST CHARLES,VERSAILLES CHANTIERS,27,0.05993031358885017
MARSEILLE ST CHARLES,VERSAILLES CHANTIERS,28,0.04860627177700348
MARSEILLE ST CHARLES,VERSAILLES CHANTIERS,29,0.04878048780487805
MARSEILLE ST CHARLES,VERSAILLES CHANTIERS,30,0.010664335664335663
MASSY PALAISEAU,ANGERS SAINT LAUD,0,0.9333333333333332
MASSY PALAISEAU,ANGERS SAINT LAUD,1,0.875
MASSY PALAISEAU,ANGERS SAINT LAUD,2,0.85
MASSY PALAISEAU,ANGERS SAINT LAUD,3,0.9666666666666667
MASSY PALAISEAU,ANGERS SAINT LAUD,4,0.725
MASSY PALAISEAU,ANGERS SAINT LAUD,5,0.7083333333333334
MASSY PALAISEAU,ANGERS SAINT LAUD,6,0.8250000000000001
MASSY PALAISEAU,ANGERS SAINT LAUD,7,0.9249999999999999
MASSY PALAISEAU,ANGERS SAINT LAUD,8,0.6833333333333332
MASSY PALAISEAU,ANGERS SAINT LAUD,9,0.5499999999999999
MASSY PALAISEAU,ANGERS SAINT LAUD,10,0.65
MASSY PALAISEAU,ANGERS SAINT LAUD,11,0.6916666666666668
MASSY PALAISEAU,ANGERS SAINT LAUD,12,0.016666666666666666
MASSY PALAISEAU,ANGERS SAINT LAUD,13,0.008333333333333333
MASSY PALAISEAU,ANGERS SAINT LAUD,14,0.008333333333333333
MASSY PALAISEAU,ANGERS SAINT LAUD,15,0.0
MASSY PALAISEAU,ANGERS SAINT LAUD,16,0.16666666666666666
MASSY PALAISEAU,ANGERS SAINT LAUD,17,0.16666666666666666
MASSY PALAISEAU,ANGERS SAINT LAUD,18,0.16666666666666666
MASSY PALAISEAU,ANGERS SAINT LAUD,19,0.17500000000000002
MASSY PALAISEAU,ANGERS SAINT LAUD,20,0.15833333333333333
MASSY PALAISEAU,ANGERS SAINT LAUD,21,0.19166666666666665
MASSY PALAISEAU,ANGERS SAINT LAUD,22,0.16666666666666666
MASSY PALAISEAU,ANGERS SAINT LAUD,23,0.16666666666666666
MASSY PALAISEAU,ANGERS SAINT LAUD,24,0.16666666666666666
MASSY PALAISEAU,ANGERS SAINT LAUD,25,0.16666666666666666
MASSY PALAISEAU,ANGERS SAINT LAUD,26,0.15833333333333333
MASSY PALAISEAU,ANGERS SAINT LAUD,27,0.15
MASSY PALAISEAU,ANGERS SAINT LAUD,28,0.1416666666666667
MASSY PALAISEAU,ANGERS SAINT LAUD,29,0.05833333333333333
MASSY PALAISEAU,ANGERS SAINT LAUD,30,0.025000000000000005
MASSY PALAISEAU,LAVAL,0,0.86875
MASSY PALAISEAU,LAVAL,1,0.86875
MASSY PALAISEAU,LAVAL,2,0.8625
MASSY PALAISEAU,LAVAL,3,0.85625
MASSY PALAISEAU,LAVAL,4,0.6749999999999999
MASSY PALAISEAU,LAVAL,5,0.73125
MASSY PALAISEAU,LAVAL,6,0.75625
MASSY PALAISEAU,LAVAL,7,0.825
MASSY PALAISEAU,LAVAL,8,0.74375
MASSY PALAISEAU,LAVAL,9,0.61875
MASSY PALAISEAU,LAVAL,10,0.60625
MASSY PALAISEAU,LAVAL,11,0.6
MASSY PALAISEAU,LAVAL,12,0.38125
MASSY PALAISEAU,LAVAL,13,0.36875
MASSY PALAISEAU,LAVAL,14,0.28125
MASSY PALAISEAU,LAVAL,15,0.25625
MASSY PALAISEAU,LAVAL,16,0.2375
MASSY PALAISEAU,LAVAL,17,0.25
MASSY PALAISEAU,LAVAL,18,0.25
MASSY PALAISEAU,LAVAL,19,0.25
MASSY PALAISEAU,LAVAL,20,0.25
MASSY PALAISEAU,LAVAL,21,0.25625
MASSY PALAISEAU,LAVAL,22,0.2875
MASSY PALAISEAU,LAVAL,23,0.325
MASSY PALAISEAU,LAVAL,24,0.2
MASSY PALAISEAU,LAVAL,25,0.14375
MASSY PALAISEAU,LAVAL,26,0.08750000000000001
MASSY PALAISEAU,LAVAL,27,0.05
MASSY PALAISEAU,LAVAL,28,0.08750000000000001
MASSY PALAISEAU,LAVAL,29,0.04375
MASSY PALAISEAU,LAVAL,30,0.0125
MASSY PALAISEAU,LE HAVRE,0,0.8242268041237113
MASSY PALAISEAU,LE HAVRE,1,0.8198275862068966
MASSY PALAISEAU,LE HAVRE,2,0.7993103448275862
MASSY PALAISEAU,LE HAVRE,3,0.7753448275862069
MASSY PALAISEAU,LE HAVRE,4,0.544655172413793
MASSY PALAISEAU,LE HAVRE,5,0.5105536332179931
MASSY PALAISEAU,LE HAVRE,6,0.5122837370242215
MASSY PALAISEAU,LE HAVRE,7,0.4847750865051903
MASSY PALAISEAU,LE HAVRE,8,0.4652777777777778
MASSY PALAISEAU,LE HAVRE,9,0.4378892733564014
MASSY PALAISEAU,LE HAVRE,10,0.4262068965517241
MASSY PALAISEAU,LE HAVRE,11,0.41982758620689653
MASSY PALAISEAU,LE HAVRE,12,0.22387543252595157
MASSY PALAISEAU,LE HAVRE,13,0.2074652777777778
MASSY PALAISEAU,LE HAVRE,14,0.1953125
MASSY PALAISEAU,LE HAVRE,15,0.18385416666666668
MASSY PALAISEAU,LE HAVRE,16,0.18697916666666667
MASSY PALAISEAU,LE HAVRE,17,0.19270833333333334
MASSY PALAISEAU,LE HAVRE,18,0.1965156794425087
MASSY PALAISEAU,LE HAVRE,19,0.1916083916083916
MASSY PALAISEAU,LE HAVRE,20,0.18444055944055945
MASSY PALAISEAU,LE HAVRE,21,0.1833916083916084
MASSY PALAISEAU,LE HAVRE,22,0.1888111888111888
MASSY PALAISEAU,LE HAVRE,23,0.1853146853146853
MASSY PALAISEAU,LE HAVRE,24,0.181993006993007
MASSY PALAISEAU,LE HAVRE,25,0.1812280701754386
MASSY PALAISEAU,LE HAVRE,26,0.18397887323943662
MASSY PALAISEAU,LE HAVRE,27,0.17693661971830985
MASSY PALAISEAU,LE HAVRE,28,0.16214788732394364
MASSY PALAISEAU,LE HAVRE,29,0.1658450704225352
MASSY PALAISEAU,LE HAVRE,30,0.026148409893992933
MASSY PALAISEAU,LE MANS,0,0.88125
MASSY PALAISEAU,LE MANS,1,0.88125
MASSY PALAISEAU,LE MANS,2,0.86875
MASSY PALAISEAU,LE MANS,3,0.85
MASSY PALAISEAU,LE MANS,4,0.76875
MASSY PALAISEAU,LE MANS,5,0.75625
MASSY PALAISEAU,LE MANS,6,0.75625
MASSY PALAISEAU,LE MANS,7,0.8375
MASSY PALAISEAU,LE MANS,8,0.725
MASSY PALAISEAU,LE MANS,9,0.65625
MASSY PALAISEAU,LE MANS,10,0.725
MASSY PALAISEAU,LE MANS,11,0.7375
MASSY PALAISEAU,LE MANS,12,0.36875
MASSY PALAISEAU,LE MANS,13,0.33125
MASSY PALAISEAU,LE MANS,14,0.26875
MASSY PALAISEAU,LE MANS,15,0.25
MASSY PALAISEAU,LE MANS,16,0.325
MASSY PALAISEAU,LE MANS,17,0.36875
MASSY PALAISEAU,LE MANS,18,0.36875
MASSY PALAISEAU,LE MANS,19,0.375
MASSY PALAISEAU,LE MANS,20,0.375
MASSY PALAISEAU,LE MANS,21,0.375
MASSY PALAISEAU,LE MANS,22,0.425
MASSY PALAISEAU,LE MANS,23,0.475
MASSY PALAISEAU,LE MANS,24,0.275
MASSY PALAISEAU,LE MANS,25,0.23125
MASSY PALAISEAU,LE MANS,26,0.225
MASSY PALAISEAU,LE MANS,27,0.175
MASSY PALAISEAU,LE MANS,28,0.175
MASSY PALAISEAU,LE MANS,29,0.037500000000000006
MASSY PALAISEAU,LE MANS,30,0.0125
MASSY PALAISEAU,MANTES LA JOLIE,0,0.8305084745762712
MASSY PALAISEAU,MANTES LA JOLIE,1,0.8232993197278912
MASSY PALAISEAU,MANTES LA JOLIE,2,0.8032312925170069
MASSY PALAISEAU,MANTES LA JOLIE,3,0.7756802721088436
MASSY PALAISEAU,MANTES LA JOLIE,4,0.5496598639455782
MASSY PALAISEAU,MANTES LA JOLIE,5,0.5174061433447099
MASSY PALAISEAU,MANTES LA JOLIE,6,0.5160409556313993
MASSY PALAISEAU,MANTES LA JOLIE,7,0.48464163822525597
MASSY PALAISEAU,MANTES LA JOLIE,8,0.4686643835616438
MASSY PALAISEAU,MANTES LA JOLIE,9,0.43532423208191123
MASSY PALAISEAU,MANTES LA JOLIE,10,0.42210884353741496
MASSY PALAISEAU,MANTES LA JOLIE,11,0.4164965986394558
MASSY PALAISEAU,MANTES LA JOLIE,12,0.2226962457337884
MASSY PALAISEAU,MANTES LA JOLIE,13,0.2095890410958904
MASSY PALAISEAU,MANTES LA JOLIE,14,0.19674657534246576
MASSY PALAISEAU,MANTES LA JOLIE,15,0.1816780821917808
MASSY PALAISEAU,MANTES LA JOLIE,16,0.18476027397260275
MASSY PALAISEAU,MANTES LA JOLIE,17,0.19041095890410958
MASSY PALAISEAU,MANTES LA JOLIE,18,0.19398625429553265
MASSY PALAISEAU,MANTES LA JOLIE,19,0.19051724137931034
MASSY PALAISEAU,MANTES LA JOLIE,20,0.18155172413793103
MASSY PALAISEAU,MANTES LA JOLIE,21,0.18051724137931036
MASSY PALAISEAU,MANTES LA JOLIE,22,0.18775862068965518
MASSY PALAISEAU,MANTES LA JOLIE,23,0.18517241379310345
MASSY PALAISEAU,MANTES LA JOLIE,24,0.17827586206896553
MASSY PALAISEAU,MANTES LA JOLIE,25,0.17750865051903114
MASSY PALAISEAU,MANTES LA JOLIE,26,0.17881944444444445
MASSY PALAISEAU,MANTES LA JOLIE,27,0.17309027777777777
MASSY PALAISEAU,MANTES LA JOLIE,28,0.16267361111111112
MASSY PALAISEAU,MANTES LA JOLIE,29,0.1611111111111111
MASSY PALAISEAU,MANTES LA JOLIE,30,0.023519163763066203
MASSY PALAISEAU,NANTES,0,0.9083333333333333
MASSY PALAISEAU,NANTES,1,0.8583333333333334
MASSY PALAISEAU,NANTES,2,0.8416666666666667
MASSY PALAISEAU,NANTES,3,0.9333333333333332
MASSY PALAISEAU,NANTES,4,0.725
MASSY PALAISEAU,NANTES,5,0.7416666666666667
MASSY PALAISEAU,NANTES,6,0.8250000000000001
MASSY PALAISEAU,NANTES,7,0.9333333333333332
MASSY PALAISEAU,NANTES,8,0.725
MASSY PALAISEAU,NANTES,9,0.5416666666666666
MASSY PALAISEAU,NANTES,10,0.6333333333333333
MASSY PALAISEAU,NANTES,11,0.65
MASSY PALAISEAU,NANTES,12,0.016666666666666666
MASSY PALAISEAU,NANTES,13,0.016666666666666666
MASSY PALAISEAU,NANTES,14,0.008333333333333333
MASSY PALAISEAU,NANTES,15,0.024999999999999998
MASSY PALAISEAU,NANTES,16,0.14166666666666666
MASSY PALAISEAU,NANTES,17,0.16666666666666666
MASSY PALAISEAU,NANTES,18,0.16666666666666666
MASSY PALAISEAU,NANTES,19,0.16666666666666666
MASSY PALAISEAU,NANTES,20,0.17500000000000002
MASSY PALAISEAU,NANTES,21,0.16666666666666666
MASSY PALAISEAU,NANTES,22,0.16666666666666666
MASSY PALAISEAU,NANTES,23,0.16666666666666666
MASSY PALAISEAU,NANTES,24,0.16666666666666666
MASSY PALAISEAU,NANTES,25,0.16666666666666666
MASSY PALAISEAU,NANTES,26,0.16666666666666666
MASSY PALAISEAU,NANTES,27,0.15833333333333333
MASSY PALAISEAU,NANTES,28,0.13333333333333333
MASSY PALAISEAU,NANTES,29,0.06666666666666667
MASSY PALAISEAU,NANTES,30,0.0
MASSY PALAISEAU,RENNES,0,0.875
MASSY PALAISEAU,RENNES,1,0.88125
MASSY PALAISEAU,RENNES,2,0.88125
MASSY PALAISEAU,RENNES,3,0.875
MASSY PALAISEAU,RENNES,4,0.7375
MASSY PALAISEAU,RENNES,5,0.73125
MASSY PALAISEAU,RENNES,6,0.7625
MASSY PALAISEAU,RENNES,7,0.825
MASSY PALAISEAU,RENNES,8,0.75625
MASSY PALAISEAU,RENNES,9,0.64375
MASSY PALAISEAU,RENNES,10,0.6375
MASSY PALAISEAU,RENNES,11,0.63125
MASSY PALAISEAU,RENNES,12,0.35
MASSY PALAISEAU,RENNES,13,0.34375
MASSY PALAISEAU,RENNES,14,0.24375
MASSY PALAISEAU,RENNES,15,0.25
MASSY PALAISEAU,RENNES,16,0.25
MASSY PALAISEAU,RENNES,17,0.25
MASSY PALAISEAU,RENNES,18,0.25
MASSY PALAISEAU,RENNES,19,0.25
MASSY PALAISEAU,RENNES,20,0.25
MASSY PALAISEAU,RENNES,21,0.2625
MASSY PALAISEAU,RENNES,22,0.2625
MASSY PALAISEAU,RENNES,23,0.29375
MASSY PALAISEAU,RENNES,24,0.14375000000000002
MASSY PALAISEAU,RENNES,25,0.09375
MASSY PALAISEAU,RENNES,26,0.10625
MASSY PALAISEAU,RENNES,27,0.05
MASSY PALAISEAU,RENNES,28,0.09375
MASSY PALAISEAU,RENNES,29,0.049999999999999996
MASSY PALAISEAU,RENNES,30,0.0
MASSY PALAISEAU,ROUEN RIVE DROITE,0,0.8310169491525424
MASSY PALAISEAU,ROUEN RIVE DROITE,1,0.8207482993197279
MASSY PALAISEAU,ROUEN RIVE DROITE,2,0.8020408163265307
MASSY PALAISEAU,ROUEN RIVE DROITE,3,0.7734693877551021
MASSY PALAISEAU,ROUEN RIVE DROITE,4,0.5357142857142857
MASSY PALAISEAU,ROUEN RIVE DROITE,5,0.5090443686006826
MASSY PALAISEAU,ROUEN RIVE DROITE,6,0.514334470989761
MASSY PALAISEAU,ROUEN RIVE DROITE,7,0.48737201365187716
MASSY PALAISEAU,ROUEN RIVE DROITE,8,0.461986301369863
MASSY PALAISEAU,ROUEN RIVE DROITE,9,0.43617747440273036
MASSY PALAISEAU,ROUEN RIVE DROITE,10,0.42142857142857143
MASSY PALAISEAU,ROUEN RIVE DROITE,11,0.41496598639455784
MASSY PALAISEAU,ROUEN RIVE DROITE,12,0.22030716723549487
MASSY PALAISEAU,ROUEN RIVE DROITE,13,0.2054794520547945
MASSY PALAISEAU,ROUEN RIVE DROITE,14,0.19554794520547947
MASSY PALAISEAU,ROUEN RIVE DROITE,15,0.18287671232876712
MASSY PALAISEAU,ROUEN RIVE DROITE,16,0.18493150684931506
MASSY PALAISEAU,ROUEN RIVE DROITE,17,0.1892123287671233
MASSY PALAISEAU,ROUEN RIVE DROITE,18,0.1943298969072165
MASSY PALAISEAU,ROUEN RIVE DROITE,19,0.1896551724137931
MASSY PALAISEAU,ROUEN RIVE DROITE,20,0.18000000000000002
MASSY PALAISEAU,ROUEN RIVE DROITE,21,0.17862068965517242
MASSY PALAISEAU,ROUEN RIVE DROITE,22,0.18724137931034482
MASSY PALAISEAU,ROUEN RIVE DROITE,23,0.1832758620689655
MASSY PALAISEAU,ROUEN RIVE DROITE,24,0.1789655172413793
MASSY PALAISEAU,ROUEN RIVE DROITE,25,0.1771626297577855
MASSY PALAISEAU,ROUEN RIVE DROITE,26,0.1814236111111111
MASSY PALAISEAU,ROUEN RIVE DROITE,27,0.17291666666666666
MASSY PALAISEAU,ROUEN RIVE DROITE,28,0.16163194444444443
MASSY PALAISEAU,ROUEN RIVE DROITE,29,0.16336805555555556
MASSY PALAISEAU,ROUEN RIVE DROITE,30,0.02839721254355401
MASSY PALAISEAU,VERSAILLES CHANTIERS,0,0.8277966101694915
MASSY PALAISEAU,VERSAILLES CHANTIERS,1,0.8202380952380952
MASSY PALAISEAU,VERSAILLES CHANTIERS,2,0.8051020408163265
MASSY PALAISEAU,VERSAILLES CHANTIERS,3,0.7770408163265305
MASSY PALAISEAU,VERSAILLES CHANTIERS,4,0.5477891156462585
MASSY PALAISEAU,VERSAILLES CHANTIERS,5,0.5133105802047782
MASSY PALAISEAU,VERSAILLES CHANTIERS,6,0.5146757679180888
MASSY PALAISEAU,VERSAILLES CHANTIERS,7,0.48737201365187716
MASSY PALAISEAU,VERSAILLES CHANTIERS,8,0.46678082191780823
MASSY PALAISEAU,VERSAILLES CHANTIERS,9,0.4319112627986348
MASSY PALAISEAU,VERSAILLES CHANTIERS,10,0.4173469387755102
MASSY PALAISEAU,VERSAILLES CHANTIERS,11,0.408843537414966
MASSY PALAISEAU,VERSAILLES CHANTIERS,12,0.22081911262798637
MASSY PALAISEAU,VERSAILLES CHANTIERS,13,0.20599315068493151
MASSY PALAISEAU,VERSAILLES CHANTIERS,14,0.1969178082191781
MASSY PALAISEAU,VERSAILLES CHANTIERS,15,0.18047945205479454
MASSY PALAISEAU,VERSAILLES CHANTIERS,16,0.1857876712328767
MASSY PALAISEAU,VERSAILLES CHANTIERS,17,0.19023972602739725
MASSY PALAISEAU,VERSAILLES CHANTIERS,18,0.19381443298969073
MASSY PALAISEAU,VERSAILLES CHANTIERS,19,0.1879310344827586
MASSY PALAISEAU,VERSAILLES CHANTIERS,20,0.17913793103448278
MASSY PALAISEAU,VERSAILLES CHANTIERS,21,0.17982758620689654
MASSY PALAISEAU,VERSAILLES CHANTIERS,22,0.18741379310344827
MASSY PALAISEAU,VERSAILLES CHANTIERS,23,0.18310344827586209
MASSY PALAISEAU,VERSAILLES CHANTIERS,24,0.17982758620689654
MASSY PALAISEAU,VERSAILLES CHANTIERS,25,0.1771626297577855
MASSY PALAISEAU,VERSAILLES CHANTIERS,26,0.18020833333333333
MASSY PALAISEAU,VERSAILLES CHANTIERS,27,0.17291666666666666
MASSY PALAISEAU,VERSAILLES CHANTIERS,28,0.1605902777777778
MASSY PALAISEAU,VERSAILLES CHANTIERS,29,0.1657986111111111
MASSY PALAISEAU,VERSAILLES CHANTIERS,30,0.03484320557491289
MASSY TGV,ANGERS SAINT LAUD,0,0.8652542372881357
MASSY TGV,ANGERS SAINT LAUD,1,0.8615819209039548
MASSY TGV,ANGERS SAINT LAUD,2,0.8680281690140844
MASSY TGV,ANGERS SAINT LAUD,3,0.8742253521126762
MASSY TGV,ANGERS SAINT LAUD,4,0.8174647887323944
MASSY TGV,ANGERS SAINT LAUD,5,0.8149295774647888
MASSY TGV,ANGERS SAINT LAUD,6,0.8185915492957747
MASSY TGV,ANGERS SAINT LAUD,7,0.8212676056338029
MASSY TGV,ANGERS SAINT LAUD,8,0.815774647887324
MASSY TGV,ANGERS SAINT LAUD,9,0.7973239436619719
MASSY TGV,ANGERS SAINT LAUD,10,0.8023943661971832
MASSY TGV,ANGERS SAINT LAUD,11,0.8219718309859155
MASSY TGV,ANGERS SAINT LAUD,12,0.6442253521126761
MASSY TGV,ANGERS SAINT LAUD,13,0.6374647887323944
MASSY TGV,ANGERS SAINT LAUD,14,0.642112676056338
MASSY TGV,ANGERS SAINT LAUD,15,0.6490140845070422
MASSY TGV,ANGERS SAINT LAUD,16,0.6373239436619719
MASSY TGV,ANGERS SAINT LAUD,17,0.6456338028169014
MASSY TGV,ANGERS SAINT LAUD,18,0.6680281690140846
MASSY TGV,ANGERS SAINT LAUD,19,0.6678873239436619
MASSY TGV,ANGERS SAINT LAUD,20,0.6766197183098591
MASSY TGV,ANGERS SAINT LAUD,21,0.6876056338028169
MASSY TGV,ANGERS SAINT LAUD,22,0.6842253521126761
MASSY TGV,ANGERS SAINT LAUD,23,0.6767605633802817
MASSY TGV,ANGERS SAINT LAUD,24,0.6704225352112676
MASSY TGV,ANGERS SAINT LAUD,25,0.6730985915492957
MASSY TGV,ANGERS SAINT LAUD,26,0.6761971830985916
MASSY TGV,ANGERS SAINT LAUD,27,0.6864788732394366
MASSY TGV,ANGERS SAINT LAUD,28,0.6850704225352112
MASSY TGV,ANGERS SAINT LAUD,29,0.6749295774647888
MASSY TGV,ANGERS SAINT LAUD,30,0.05099150141643059
MASSY TGV,AURAY,0,0.05
MASSY TGV,AURAY,1,0.05
MASSY TGV,AURAY,2,0.05
MASSY TGV,AURAY,3,0.0
MASSY TGV,AURAY,4,0.0
MASSY TGV,AURAY,5,0.0
MASSY TGV,AURAY,6,0.0
MASSY TGV,AURAY,7,0.0
MASSY TGV,AURAY,8,0.0
MASSY TGV,AURAY,9,0.0
MASSY TGV,AURAY,10,0.0
MASSY TGV,AURAY,11,0.0
MASSY TGV,AURAY,12,0.0
MASSY TGV,AURAY,13,0.0
MASSY TGV,AURAY,14,0.0
MASSY TGV,AURAY,15,0.0
MASSY TGV,AURAY,16,0.0
MASSY TGV,AURAY,17,0.0
MASSY TGV,AURAY,18,0.0
MASSY TGV,AURAY,19,0.0
MASSY TGV,AURAY,20,0.0
MASSY TGV,AURAY,21,0.0
MASSY TGV,AURAY,22,0.0
MASSY TGV,AURAY,23,0.0
MASSY TGV,AURAY,24,0.0
MASSY TGV,AURAY,25,0.0
MASSY TGV,AURAY,26,0.0
MASSY TGV,AURAY,27,0.0
MASSY TGV,AURAY,28,0.0
MASSY TGV,AURAY,29,0.0
MASSY TGV,AURAY,30,0.0
MASSY TGV,LAVAL,0,0.7636619718309859
MASSY TGV,LAVAL,1,0.7729577464788732
MASSY TGV,LAVAL,2,0.760281690140845
MASSY TGV,LAVAL,3,0.7783098591549296
MASSY TGV,LAVAL,4,0.6518309859154929
MASSY TGV,LAVAL,5,0.6618309859154929
MASSY TGV,LAVAL,6,0.6692957746478873
MASSY TGV,LAVAL,7,0.6550704225352113
MASSY TGV,LAVAL,8,0.6461971830985915
MASSY TGV,LAVAL,9,0.6649295774647888
MASSY TGV,LAVAL,10,0.6774647887323944
MASSY TGV,LAVAL,11,0.6650704225352112
MASSY TGV,LAVAL,12,0.46169014084507043
MASSY TGV,LAVAL,13,0.4576056338028169
MASSY TGV,LAVAL,14,0.4657746478873239
MASSY TGV,LAVAL,15,0.478169014084507
MASSY TGV,LAVAL,16,0.47746478873239434
MASSY TGV,LAVAL,17,0.4842253521126761
MASSY TGV,LAVAL,18,0.48887323943661976
MASSY TGV,LAVAL,19,0.4798591549295774
MASSY TGV,LAVAL,20,0.47873239436619713
MASSY TGV,LAVAL,21,0.47633802816901405
MASSY TGV,LAVAL,22,0.47802816901408446
MASSY TGV,LAVAL,23,0.47760563380281695
MASSY TGV,LAVAL,24,0.46492957746478875
MASSY TGV,LAVAL,25,0.4715492957746479
MASSY TGV,LAVAL,26,0.46864406779661016
MASSY TGV,LAVAL,27,0.47994350282485876
MASSY TGV,LAVAL,28,0.47988668555240793
MASSY TGV,LAVAL,29,0.4899147727272727
MASSY TGV,LAVAL,30,0.03642857142857143
MASSY TGV,LE MANS,0,0.7943661971830986
MASSY TGV,LE MANS,1,0.7966197183098592
MASSY TGV,LE MANS,2,0.7915492957746478
MASSY TGV,LE MANS,3,0.8033802816901409
MASSY TGV,LE MANS,4,0.6878873239436619
MASSY TGV,LE MANS,5,0.6883098591549296
MASSY TGV,LE MANS,6,0.6956338028169013
MASSY TGV,LE MANS,7,0.6916901408450704
MASSY TGV,LE MANS,8,0.6833802816901409
MASSY TGV,LE MANS,9,0.6967605633802817
MASSY TGV,LE MANS,10,0.6985915492957746
MASSY TGV,LE MANS,11,0.6966197183098591
MASSY TGV,LE MANS,12,0.4987323943661972
MASSY TGV,LE MANS,13,0.5046478873239437
MASSY TGV,LE MANS,14,0.5114084507042254
MASSY TGV,LE MANS,15,0.5180281690140845
MASSY TGV,LE MANS,16,0.5228169014084507
MASSY TGV,LE MANS,17,0.5249295774647887
MASSY TGV,LE MANS,18,0.5285915492957747
MASSY TGV,LE MANS,19,0.5233802816901408
MASSY TGV,LE MANS,20,0.5254929577464789
MASSY TGV,LE MANS,21,0.5276056338028169
MASSY TGV,LE MANS,22,0.53
MASSY TGV,LE MANS,23,0.5402816901408451
MASSY TGV,LE MANS,24,0.5270422535211268
MASSY TGV,LE MANS,25,0.5284507042253521
MASSY TGV,LE MANS,26,0.5246478873239436
MASSY TGV,LE MANS,27,0.5388732394366198
MASSY TGV,LE MANS,28,0.533943661971831
MASSY TGV,LE MANS,29,0.5332394366197183
MASSY TGV,LE MANS,30,0.04603399433427762
MASSY TGV,LORIENT,0,0.0
MASSY TGV,LORIENT,1,0.0
MASSY TGV,LORIENT,2,0.05
MASSY TGV,LORIENT,3,0.05
MASSY TGV,LORIENT,4,0.0
MASSY TGV,LORIENT,5,0.0
MASSY TGV,LORIENT,6,0.0
MASSY TGV,LORIENT,7,0.0
MASSY TGV,LORIENT,8,0.0
MASSY TGV,LORIENT,9,0.0
MASSY TGV,LORIENT,10,0.0
MASSY TGV,LORIENT,11,0.0
MASSY TGV,LORIENT,12,0.0
MASSY TGV,LORIENT,13,0.0
MASSY TGV,LORIENT,14,0.0
MASSY TGV,LORIENT,15,0.0
MASSY TGV,LORIENT,16,0.0
MASSY TGV,LORIENT,17,0.0
MASSY TGV,LORIENT,18,0.0
MASSY TGV,LORIENT,19,0.0
MASSY TGV,LORIENT,20,0.0
MASSY TGV,LORIENT,21,0.0
MASSY TGV,LORIENT,22,0.0
MASSY TGV,LORIENT,23,0.0
MASSY TGV,LORIENT,24,0.0
MASSY TGV,LORIENT,25,0.0
MASSY TGV,LORIENT,26,0.0
MASSY TGV,LORIENT,27,0.0
MASSY TGV,LORIENT,28,0.0
MASSY TGV,LORIENT,29,0.0
MASSY TGV,LORIENT,30,0.0
MASSY TGV,NANTES,0,0.8716101694915255
MASSY TGV,NANTES,1,0.865819209039548
MASSY TGV,NANTES,2,0.8705633802816902
MASSY TGV,NANTES,3,0.8770422535211269
MASSY TGV,NANTES,4,0.8209859154929577
MASSY TGV,NANTES,5,0.8146478873239437
MASSY TGV,NANTES,6,0.8232394366197183
MASSY TGV,NANTES,7,0.8214084507042254
MASSY TGV,NANTES,8,0.8145070422535211
MASSY TGV,NANTES,9,0.7959154929577466
MASSY TGV,NANTES,10,0.7998591549295775
MASSY TGV,NANTES,11,0.8235211267605634
MASSY TGV,NANTES,12,0.6412676056338028
MASSY TGV,NANTES,13,0.6370422535211268
MASSY TGV,NANTES,14,0.6453521126760563
MASSY TGV,NANTES,15,0.6512676056338028
MASSY TGV,NANTES,16,0.6404225352112676
MASSY TGV,NANTES,17,0.6471830985915493
MASSY TGV,NANTES,18,0.6690140845070423
MASSY TGV,NANTES,19,0.6711267605633803
MASSY TGV,NANTES,20,0.6805633802816902
MASSY TGV,NANTES,21,0.6870422535211268
MASSY TGV,NANTES,22,0.6814084507042254
MASSY TGV,NANTES,23,0.6783098591549296
MASSY TGV,NANTES,24,0.6719718309859155
MASSY TGV,NANTES,25,0.671830985915493
MASSY TGV,NANTES,26,0.6753521126760563
MASSY TGV,NANTES,27,0.6854929577464789
MASSY TGV,NANTES,28,0.6863380281690141
MASSY TGV,NANTES,29,0.6756338028169014
MASSY TGV,NANTES,30,0.04660056657223796
MASSY TGV,QUIMPER,0,0.0
MASSY TGV,QUIMPER,1,0.0
MASSY TGV,QUIMPER,2,0.0
MASSY TGV,QUIMPER,3,0.0
MASSY TGV,QUIMPER,4,0.0
MASSY TGV,QUIMPER,5,0.0
MASSY TGV,QUIMPER,6,0.0
MASSY TGV,QUIMPER,7,0.0
MASSY TGV,QUIMPER,8,0.0
MASSY TGV,QUIMPER,9,0.0
MASSY TGV,QUIMPER,10,0.0
MASSY TGV,QUIMPER,11,0.0
MASSY TGV,QUIMPER,12,0.0
MASSY TGV,QUIMPER,13,0.0
MASSY TGV,QUIMPER,14,0.0
MASSY TGV,QUIMPER,15,0.0
MASSY TGV,QUIMPER,16,0.0
MASSY TGV,QUIMPER,17,0.0
MASSY TGV,QUIMPER,18,0.0
MASSY TGV,QUIMPER,19,0.0
MASSY TGV,QUIMPER,20,0.0
MASSY TGV,QUIMPER,21,0.0
MASSY TGV,QUIMPER,22,0.0
MASSY TGV,QUIMPER,23,0.0
MASSY TGV,QUIMPER,24,0.0
MASSY TGV,QUIMPER,25,0.0
MASSY TGV,QUIMPER,26,0.0
MASSY TGV,QUIMPER,27,0.0
MASSY TGV,QUIMPER,28,0.0
MASSY TGV,QUIMPER,29,0.0
MASSY TGV,QUIMPER,30,0.0
MASSY TGV,REDON,0,0.0
MASSY TGV,REDON,1,0.0
MASSY TGV,REDON,2,0.0
MASSY TGV,REDON,3,0.0
MASSY TGV,REDON,4,0.0
MASSY TGV,REDON,5,0.0
MASSY TGV,REDON,6,0.0
MASSY TGV,REDON,7,0.0
MASSY TGV,REDON,8,0.0
MASSY TGV,REDON,9,0.0
MASSY TGV,REDON,10,0.0
MASSY TGV,REDON,11,0.0
MASSY TGV,REDON,12,0.0
MASSY TGV,REDON,13,0.0
MASSY TGV,REDON,14,0.0
MASSY TGV,REDON,15,0.0
MASSY TGV,REDON,16,0.0
MASSY TGV,REDON,17,0.0
MASSY TGV,REDON,18,0.0
MASSY TGV,REDON,19,0.0
MASSY TGV,REDON,20,0.0
MASSY TGV,REDON,21,0.0
MASSY TGV,REDON,22,0.0
MASSY TGV,REDON,23,0.0
MASSY TGV,REDON,24,0.0
MASSY TGV,REDON,25,0.0
MASSY TGV,REDON,26,0.0
MASSY TGV,REDON,27,0.0
MASSY TGV,REDON,28,0.0
MASSY TGV,REDON,29,0.0
MASSY TGV,REDON,30,0.0
MASSY TGV,RENNES,0,0.7759154929577464
MASSY TGV,RENNES,1,0.7805633802816903
MASSY TGV,RENNES,2,0.772394366197183
MASSY TGV,RENNES,3,0.7899999999999999
MASSY TGV,RENNES,4,0.6635211267605634
MASSY TGV,RENNES,5,0.6625352112676056
MASSY TGV,RENNES,6,0.6674647887323943
MASSY TGV,RENNES,7,0.6554929577464789
MASSY TGV,RENNES,8,0.6504225352112676
MASSY TGV,RENNES,9,0.6676056338028169
MASSY TGV,RENNES,10,0.6764788732394367
MASSY TGV,RENNES,11,0.6699999999999999
MASSY TGV,RENNES,12,0.4687323943661972
MASSY TGV,RENNES,13,0.46661971830985915
MASSY TGV,RENNES,14,0.47802816901408446
MASSY TGV,RENNES,15,0.49056338028169016
MASSY TGV,RENNES,16,0.48394366197183103
MASSY TGV,RENNES,17,0.4909859154929578
MASSY TGV,RENNES,18,0.4932394366197183
MASSY TGV,RENNES,19,0.4838028169014085
MASSY TGV,RENNES,20,0.4826760563380281
MASSY TGV,RENNES,21,0.4853521126760564
MASSY TGV,RENNES,22,0.48859154929577464
MASSY TGV,RENNES,23,0.4857746478873239
MASSY TGV,RENNES,24,0.4753521126760563
MASSY TGV,RENNES,25,0.477887323943662
MASSY TGV,RENNES,26,0.47647887323943666
MASSY TGV,RENNES,27,0.4894366197183099
MASSY TGV,RENNES,28,0.4863380281690141
MASSY TGV,RENNES,29,0.4915492957746479
MASSY TGV,RENNES,30,0.05453257790368272
MASSY TGV,SAUMUR,0,0.6072886297376093
MASSY TGV,SAUMUR,1,0.6236151603498542
MASSY TGV,SAUMUR,2,0.6113372093023256
MASSY TGV,SAUMUR,3,0.6045058139534883
MASSY TGV,SAUMUR,4,0.4337209302325581
MASSY TGV,SAUMUR,5,0.42674418604651165
MASSY TGV,SAUMUR,6,0.41395348837209306
MASSY TGV,SAUMUR,7,0.40261627906976744
MASSY TGV,SAUMUR,8,0.39825581395348836
MASSY TGV,SAUMUR,9,0.3579941860465116
MASSY TGV,SAUMUR,10,0.3472383720930233
MASSY TGV,SAUMUR,11,0.3546511627906977
MASSY TGV,SAUMUR,12,0.1638081395348837
MASSY TGV,SAUMUR,13,0.1571220930232558
MASSY TGV,SAUMUR,14,0.14549418604651163
MASSY TGV,SAUMUR,15,0.14680232558139536
MASSY TGV,SAUMUR,16,0.13517441860465115
MASSY TGV,SAUMUR,17,0.1325581395348837
MASSY TGV,SAUMUR,18,0.13192419825072887
MASSY TGV,SAUMUR,19,0.1267543859649123
MASSY TGV,SAUMUR,20,0.1310850439882698
MASSY TGV,SAUMUR,21,0.13794117647058823
MASSY TGV,SAUMUR,22,0.13823529411764707
MASSY TGV,SAUMUR,23,0.14129793510324484
MASSY TGV,SAUMUR,24,0.13805309734513274
MASSY TGV,SAUMUR,25,0.13979289940828402
MASSY TGV,SAUMUR,26,0.13427299703264095
MASSY TGV,SAUMUR,27,0.12589285714285714
MASSY TGV,SAUMUR,28,0.12552238805970148
MASSY TGV,SAUMUR,29,0.12268656716417911
MASSY TGV,SAUMUR,30,0.01816816816816817
MASSY TGV,ST PIERRE DES CORPS,0,0.812784090909091
MASSY TGV,ST PIERRE DES CORPS,1,0.8123579545454546
MASSY TGV,ST PIERRE DES CORPS,2,0.8239376770538245
MASSY TGV,ST PIERRE DES CORPS,3,0.8294617563739377
MASSY TGV,ST PIERRE DES CORPS,4,0.7521246458923513
MASSY TGV,ST PIERRE DES CORPS,5,0.7441926345609065
MASSY TGV,ST PIERRE DES CORPS,6,0.7447592067988668
MASSY TGV,ST PIERRE DES CORPS,7,0.7532577903682719
MASSY TGV,ST PIERRE DES CORPS,8,0.7407932011331445
MASSY TGV,ST PIERRE DES CORPS,9,0.7185552407932011
MASSY TGV,ST PIERRE DES CORPS,10,0.7220963172804533
MASSY TGV,ST PIERRE DES CORPS,11,0.7339943342776205
MASSY TGV,ST PIERRE DES CORPS,12,0.5464589235127479
MASSY TGV,ST PIERRE DES CORPS,13,0.5427762039660057
MASSY TGV,ST PIERRE DES CORPS,14,0.5426345609065156
MASSY TGV,ST PIERRE DES CORPS,15,0.5464589235127479
MASSY TGV,ST PIERRE DES CORPS,16,0.5287535410764873
MASSY TGV,ST PIERRE DES CORPS,17,0.5358356940509915
MASSY TGV,ST PIERRE DES CORPS,18,0.5464589235127479
MASSY TGV,ST PIERRE DES CORPS,19,0.5464589235127479
MASSY TGV,ST PIERRE DES CORPS,20,0.5567988668555242
MASSY TGV,ST PIERRE DES CORPS,21,0.563314447592068
MASSY TGV,ST PIERRE DES CORPS,22,0.558215297450425
MASSY TGV,ST PIERRE DES CORPS,23,0.5521246458923513
MASSY TGV,ST PIERRE DES CORPS,24,0.5420679886685552
MASSY TGV,ST PIERRE DES CORPS,25,0.5468838526912182
MASSY TGV,ST PIERRE DES CORPS,26,0.5490084985835695
MASSY TGV,ST PIERRE DES CORPS,27,0.5553977272727273
MASSY TGV,ST PIERRE DES CORPS,28,0.5606534090909091
MASSY TGV,ST PIERRE DES CORPS,29,0.5556818181818182
MASSY TGV,ST PIERRE DES CORPS,30,0.04428571428571428
MASSY TGV,VANNES,0,0.05
MASSY TGV,VANNES,1,0.0
MASSY TGV,VANNES,2,0.0
MASSY TGV,VANNES,3,0.05
MASSY TGV,VANNES,4,0.0
MASSY TGV,VANNES,5,0.0
MASSY TGV,VANNES,6,0.0
MASSY TGV,VANNES,7,0.0
MASSY TGV,VANNES,8,0.0
MASSY TGV,VANNES,9,0.0
MASSY TGV,VANNES,10,0.0
MASSY TGV,VANNES,11,0.0
MASSY TGV,VANNES,12,0.0
MASSY TGV,VANNES,13,0.0
MASSY TGV,VANNES,14,0.0
MASSY TGV,VANNES,15,0.0
MASSY TGV,VANNES,16,0.0
MASSY TGV,VANNES,17,0.0
MASSY TGV,VANNES,18,0.0
MASSY TGV,VANNES,19,0.0
MASSY TGV,VANNES,20,0.0
MASSY TGV,VANNES,21,0.0
MASSY TGV,VANNES,22,0.0
MASSY TGV,VANNES,23,0.0
MASSY TGV,VANNES,24,0.0
MASSY TGV,VANNES,25,0.0
MASSY TGV,VANNES,26,0.0
MASSY TGV,VANNES,27,0.0
MASSY TGV,VANNES,28,0.0
MASSY TGV,VANNES,29,0.0
MASSY TGV,VANNES,30,0.0
MODANE,ANGERS SAINT LAUD,0,0.0
MODANE,ANGERS SAINT LAUD,1,0.0
MODANE,ANGERS SAINT LAUD,2,0.0
MODANE,ANGERS SAINT LAUD,3,0.0
MODANE,ANGERS SAINT LAUD,4,0.0
MODANE,ANGERS SAINT LAUD,5,0.0
MODANE,ANGERS SAINT LAUD,6,0.0
MODANE,ANGERS SAINT LAUD,7,0.0
MODANE,ANGERS SAINT LAUD,8,0.0
MODANE,ANGERS SAINT LAUD,9,0.0
MODANE,ANGERS SAINT LAUD,10,0.0
MODANE,ANGERS SAINT LAUD,11,0.0
MODANE,ANGERS SAINT LAUD,12,0.0
MODANE,ANGERS SAINT LAUD,13,0.0
MODANE,ANGERS SAINT LAUD,14,0.0
MODANE,ANGERS SAINT LAUD,15,0.0
MODANE,ANGERS SAINT LAUD,16,0.0
MODANE,ANGERS SAINT LAUD,17,0.0
MODANE,ANGERS SAINT LAUD,18,0.0
MODANE,ANGERS SAINT LAUD,19,0.0
MODANE,ANGERS SAINT LAUD,20,0.0
MODANE,ANGERS SAINT LAUD,21,0.0
MODANE,ANGERS SAINT LAUD,22,0.0
MODANE,ANGERS SAINT LAUD,23,0.0
MODANE,ANGERS SAINT LAUD,24,0.0
MODANE,ANGERS SAINT LAUD,25,0.0
MODANE,ANGERS SAINT LAUD,26,0.0
MODANE,ANGERS SAINT LAUD,27,0.0
MODANE,ANGERS SAINT LAUD,28,0.0
MODANE,ANGERS SAINT LAUD,29,0.0
MODANE,ANGERS SAINT LAUD,30,0.0
MODANE,AURAY,0,0.0
MODANE,AURAY,1,0.0
MODANE,AURAY,2,0.0
MODANE,AURAY,3,0.0
MODANE,AURAY,4,0.0
MODANE,AURAY,5,0.0
MODANE,AURAY,6,0.0
MODANE,AURAY,7,0.0
MODANE,AURAY,8,0.0
MODANE,AURAY,9,0.0
MODANE,AURAY,10,0.0
MODANE,AURAY,11,0.0
MODANE,AURAY,12,0.0
MODANE,AURAY,13,0.0
MODANE,AURAY,14,0.0
MODANE,AURAY,15,0.0
MODANE,AURAY,16,0.0
MODANE,AURAY,17,0.0
MODANE,AURAY,18,0.0
MODANE,AURAY,19,0.0
MODANE,AURAY,20,0.0
MODANE,AURAY,21,0.0
MODANE,AURAY,22,0.0
MODANE,AURAY,23,0.0
MODANE,AURAY,24,0.0
MODANE,AURAY,25,0.0
MODANE,AURAY,26,0.0
MODANE,AURAY,27,0.0
MODANE,AURAY,28,0.0
MODANE,AURAY,29,0.0
MODANE,AURAY,30,0.0
MODANE,CHAMBERY CHALLES LES EAUX,0,0.05
MODANE,CHAMBERY CHALLES LES EAUX,1,0.0
MODANE,CHAMBERY CHALLES LES EAUX,2,0.0
MODANE,CHAMBERY CHALLES LES EAUX,3,0.0
MODANE,CHAMBERY CHALLES LES EAUX,4,0.0
MODANE,CHAMBERY CHALLES LES EAUX,5,0.0
MODANE,CHAMBERY CHALLES LES EAUX,6,0.0
MODANE,CHAMBERY CHALLES LES EAUX,7,0.0
MODANE,CHAMBERY CHALLES LES EAUX,8,0.0
MODANE,CHAMBERY CHALLES LES EAUX,9,0.0
MODANE,CHAMBERY CHALLES LES EAUX,10,0.0
MODANE,CHAMBERY CHALLES LES EAUX,11,0.0
MODANE,CHAMBERY CHALLES LES EAUX,12,0.0
MODANE,CHAMBERY CHALLES LES EAUX,13,0.0
MODANE,CHAMBERY CHALLES LES EAUX,14,0.0
MODANE,CHAMBERY CHALLES LES EAUX,15,0.0
MODANE,CHAMBERY CHALLES LES EAUX,16,0.0
MODANE,CHAMBERY CHALLES LES EAUX,17,0.0
MODANE,CHAMBERY CHALLES LES EAUX,18,0.0
MODANE,CHAMBERY CHALLES LES EAUX,19,0.0
MODANE,CHAMBERY CHALLES LES EAUX,20,0.0
MODANE,CHAMBERY CHALLES LES EAUX,21,0.0
MODANE,CHAMBERY CHALLES LES EAUX,22,0.0
MODANE,CHAMBERY CHALLES LES EAUX,23,0.0
MODANE,CHAMBERY CHALLES LES EAUX,24,0.0
MODANE,CHAMBERY CHALLES LES EAUX,25,0.0
MODANE,CHAMBERY CHALLES LES EAUX,26,0.0
MODANE,CHAMBERY CHALLES LES EAUX,27,0.0
MODANE,CHAMBERY CHALLES LES EAUX,28,0.0
MODANE,CHAMBERY CHALLES LES EAUX,29,0.0
MODANE,CHAMBERY CHALLES LES EAUX,30,0.0
MODANE,LE MANS,0,0.0
MODANE,LE MANS,1,0.0
MODANE,LE MANS,2,0.05
MODANE,LE MANS,3,0.15
MODANE,LE MANS,4,0.0
MODANE,LE MANS,5,0.0
MODANE,LE MANS,6,0.0
MODANE,LE MANS,7,0.0
MODANE,LE MANS,8,0.0
MODANE,LE MANS,9,0.0
MODANE,LE MANS,10,0.0
MODANE,LE MANS,11,0.0
MODANE,LE MANS,12,0.0
MODANE,LE MANS,13,0.0
MODANE,LE MANS,14,0.0
MODANE,LE MANS,15,0.0
MODANE,LE MANS,16,0.0
MODANE,LE MANS,17,0.0
MODANE,LE MANS,18,0.0
MODANE,LE MANS,19,0.0
MODANE,LE MANS,20,0.0
MODANE,LE MANS,21,0.0
MODANE,LE MANS,22,0.0
MODANE,LE MANS,23,0.0
MODANE,LE MANS,24,0.0
MODANE,LE MANS,25,0.0
MODANE,LE MANS,26,0.0
MODANE,LE MANS,27,0.0
MODANE,LE MANS,28,0.0
MODANE,LE MANS,29,0.0
MODANE,LE MANS,30,0.0
MODANE,LORIENT,0,0.0
MODANE,LORIENT,1,0.0
MODANE,LORIENT,2,0.0
MODANE,LORIENT,3,0.0
MODANE,LORIENT,4,0.0
MODANE,LORIENT,5,0.0
MODANE,LORIENT,6,0.0
MODANE,LORIENT,7,0.0
MODANE,LORIENT,8,0.0
MODANE,LORIENT,9,0.0
MODANE,LORIENT,10,0.0
MODANE,LORIENT,11,0.0
MODANE,LORIENT,12,0.0
MODANE,LORIENT,13,0.0
MODANE,LORIENT,14,0.0
MODANE,LORIENT,15,0.0
MODANE,LORIENT,16,0.0
MODANE,LORIENT,17,0.0
MODANE,LORIENT,18,0.0
MODANE,LORIENT,19,0.0
MODANE,LORIENT,20,0.0
MODANE,LORIENT,21,0.0
MODANE,LORIENT,22,0.0
MODANE,LORIENT,23,0.0
MODANE,LORIENT,24,0.0
MODANE,LORIENT,25,0.0
MODANE,LORIENT,26,0.0
MODANE,LORIENT,27,0.0
MODANE,LORIENT,28,0.0
MODANE,LORIENT,29,0.0
MODANE,LORIENT,30,0.0
MODANE,MASSY TGV,0,0.0
MODANE,MASSY TGV,1,0.0
MODANE,MASSY TGV,2,0.0
MODANE,MASSY TGV,3,0.05
MODANE,MASSY TGV,4,0.0
MODANE,MASSY TGV,5,0.0
MODANE,MASSY TGV,6,0.0
MODANE,MASSY TGV,7,0.0
MODANE,MASSY TGV,8,0.0
MODANE,MASSY TGV,9,0.0
MODANE,MASSY TGV,10,0.0
MODANE,MASSY TGV,11,0.0
MODANE,MASSY TGV,12,0.0
MODANE,MASSY TGV,13,0.0
MODANE,MASSY TGV,14,0.0
MODANE,MASSY TGV,15,0.0
MODANE,MASSY TGV,16,0.0
MODANE,MASSY TGV,17,0.0
MODANE,MASSY TGV,18,0.0
MODANE,MASSY TGV,19,0.0
MODANE,MASSY TGV,20,0.0
MODANE,MASSY TGV,21,0.0
MODANE,MASSY TGV,22,0.0
MODANE,MASSY TGV,23,0.0
MODANE,MASSY TGV,24,0.0
MODANE,MASSY TGV,25,0.0
MODANE,MASSY TGV,26,0.0
MODANE,MASSY TGV,27,0.0
MODANE,MASSY TGV,28,0.0
MODANE,MASSY TGV,29,0.0
MODANE,MASSY TGV,30,0.0
MODANE,NANTES,0,0.05
MODANE,NANTES,1,0.0
MODANE,NANTES,2,0.0
MODANE,NANTES,3,0.05
MODANE,NANTES,4,0.0
MODANE,NANTES,5,0.0
MODANE,NANTES,6,0.0
MODANE,NANTES,7,0.05
MODANE,NANTES,8,0.0
MODANE,NANTES,9,0.0
MODANE,NANTES,10,0.0
MODANE,NANTES,11,0.0
MODANE,NANTES,12,0.0
MODANE,NANTES,13,0.0
MODANE,NANTES,14,0.0
MODANE,NANTES,15,0.0
MODANE,NANTES,16,0.0
MODANE,NANTES,17,0.0
MODANE,NANTES,18,0.0
MODANE,NANTES,19,0.0
MODANE,NANTES,20,0.0
MODANE,NANTES,21,0.0
MODANE,NANTES,22,0.0
MODANE,NANTES,23,0.0
MODANE,NANTES,24,0.0
MODANE,NANTES,25,0.0
MODANE,NANTES,26,0.0
MODANE,NANTES,27,0.0
MODANE,NANTES,28,0.0
MODANE,NANTES,29,0.0
MODANE,NANTES,30,0.0
MODANE,QUIMPER,0,0.0
MODANE,QUIMPER,1,0.0
MODANE,QUIMPER,2,0.0
MODANE,QUIMPER,3,0.0
MODANE,QUIMPER,4,0.0
MODANE,QUIMPER,5,0.0
MODANE,QUIMPER,6,0.0
MODANE,QUIMPER,7,0.0
MODANE,QUIMPER,8,0.0
MODANE,QUIMPER,9,0.0
MODANE,QUIMPER,10,0.0
MODANE,QUIMPER,11,0.0
MODANE,QUIMPER,12,0.0
MODANE,QUIMPER,13,0.0
MODANE,QUIMPER,14,0.0
MODANE,QUIMPER,15,0.0
MODANE,QUIMPER,16,0.0
MODANE,QUIMPER,17,0.0
MODANE,QUIMPER,18,0.0
MODANE,QUIMPER,19,0.0
MODANE,QUIMPER,20,0.0
MODANE,QUIMPER,21,0.0
MODANE,QUIMPER,22,0.0
MODANE,QUIMPER,23,0.0
MODANE,QUIMPER,24,0.0
MODANE,QUIMPER,25,0.0
MODANE,QUIMPER,26,0.0
MODANE,QUIMPER,27,0.0
MODANE,QUIMPER,28,0.0
MODANE,QUIMPER,29,0.0
MODANE,QUIMPER,30,0.0
MODANE,REDON,0,0.0
MODANE,REDON,1,0.0
MODANE,REDON,2,0.0
MODANE,REDON,3,0.0
MODANE,REDON,4,0.0
MODANE,REDON,5,0.0
MODANE,REDON,6,0.0
MODANE,REDON,7,0.0
MODANE,REDON,8,0.0
MODANE,REDON,9,0.0
MODANE,REDON,10,0.0
MODANE,REDON,11,0.0
MODANE,REDON,12,0.0
MODANE,REDON,13,0.0
MODANE,REDON,14,0.0
MODANE,REDON,15,0.0
MODANE,REDON,16,0.0
MODANE,REDON,17,0.0
MODANE,REDON,18,0.0
MODANE,REDON,19,0.0
MODANE,REDON,20,0.0
MODANE,REDON,21,0.0
MODANE,REDON,22,0.0
MODANE,REDON,23,0.0
MODANE,REDON,24,0.0
MODANE,REDON,25,0.0
MODANE,REDON,26,0.0
MODANE,REDON,27,0.0
MODANE,REDON,28,0.0
MODANE,REDON,29,0.0
MODANE,REDON,30,0.0
MODANE,RENNES,0,0.0
MODANE,RENNES,1,0.0
MODANE,RENNES,2,0.0
MODANE,RENNES,3,0.0
MODANE,RENNES,4,0.0
MODANE,RENNES,5,0.0
MODANE,RENNES,6,0.0
MODANE,RENNES,7,0.0
MODANE,RENNES,8,0.1
MODANE,RENNES,9,0.0
MODANE,RENNES,10,0.0
MODANE,RENNES,11,0.0
MODANE,RENNES,12,0.0
MODANE,RENNES,13,0.0
MODANE,RENNES,14,0.0
MODANE,RENNES,15,0.0
MODANE,RENNES,16,0.0
MODANE,RENNES,17,0.0
MODANE,RENNES,18,0.0
MODANE,RENNES,19,0.0
MODANE,RENNES,20,0.0
MODANE,RENNES,21,0.0
MODANE,RENNES,22,0.0
MODANE,RENNES,23,0.0
MODANE,RENNES,24,0.0
MODANE,RENNES,25,0.0
MODANE,RENNES,26,0.0
MODANE,RENNES,27,0.0
MODANE,RENNES,28,0.0
MODANE,RENNES,29,0.0
MODANE,RENNES,30,0.0
MODANE,SAINT AVRE LA CHAMBRE,0,0.0
MODANE,SAINT AVRE LA CHAMBRE,1,0.0
MODANE,SAINT AVRE LA CHAMBRE,2,0.0
MODANE,SAINT AVRE LA CHAMBRE,3,0.0
MODANE,SAINT AVRE LA CHAMBRE,4,0.0
MODANE,SAINT AVRE LA CHAMBRE,5,0.0
MODANE,SAINT AVRE LA CHAMBRE,6,0.0
MODANE,SAINT AVRE LA CHAMBRE,7,0.0
MODANE,SAINT AVRE LA CHAMBRE,8,0.0
MODANE,SAINT AVRE LA CHAMBRE,9,0.0
MODANE,SAINT AVRE LA CHAMBRE,10,0.0
MODANE,SAINT AVRE LA CHAMBRE,11,0.0
MODANE,SAINT AVRE LA CHAMBRE,12,0.0
MODANE,SAINT AVRE LA CHAMBRE,13,0.0
MODANE,SAINT AVRE LA CHAMBRE,14,0.0
MODANE,SAINT AVRE LA CHAMBRE,15,0.0
MODANE,SAINT AVRE LA CHAMBRE,16,0.0
MODANE,SAINT AVRE LA CHAMBRE,17,0.0
MODANE,SAINT AVRE LA CHAMBRE,18,0.0
MODANE,SAINT AVRE LA CHAMBRE,19,0.0
MODANE,SAINT AVRE LA CHAMBRE,20,0.0
MODANE,SAINT AVRE LA CHAMBRE,21,0.0
MODANE,SAINT AVRE LA CHAMBRE,22,0.0
MODANE,SAINT AVRE LA CHAMBRE,23,0.0
MODANE,SAINT AVRE LA CHAMBRE,24,0.0
MODANE,SAINT AVRE LA CHAMBRE,25,0.0
MODANE,SAINT AVRE LA CHAMBRE,26,0.0
MODANE,SAINT AVRE LA CHAMBRE,27,0.0
MODANE,SAINT AVRE LA CHAMBRE,28,0.0
MODANE,SAINT AVRE LA CHAMBRE,29,0.0
MODANE,SAINT AVRE LA CHAMBRE,30,0.0
MODANE,ST JEAN DE MAURIENNE ARVAN,0,0.0
MODANE,ST JEAN DE MAURIENNE ARVAN,1,0.0
MODANE,ST JEAN DE MAURIENNE ARVAN,2,0.0
MODANE,ST JEAN DE MAURIENNE ARVAN,3,0.0
MODANE,ST JEAN DE MAURIENNE ARVAN,4,0.0
MODANE,ST JEAN DE MAURIENNE ARVAN,5,0.0
MODANE,ST JEAN DE MAURIENNE ARVAN,6,0.0
MODANE,ST JEAN DE MAURIENNE ARVAN,7,0.0
MODANE,ST JEAN DE MAURIENNE ARVAN,8,0.0
MODANE,ST JEAN DE MAURIENNE ARVAN,9,0.0
MODANE,ST JEAN DE MAURIENNE ARVAN,10,0.0
MODANE,ST JEAN DE MAURIENNE ARVAN,11,0.0
MODANE,ST JEAN DE MAURIENNE ARVAN,12,0.0
MODANE,ST JEAN DE MAURIENNE ARVAN,13,0.0
MODANE,ST JEAN DE MAURIENNE ARVAN,14,0.0
MODANE,ST JEAN DE MAURIENNE ARVAN,15,0.0
MODANE,ST JEAN DE MAURIENNE ARVAN,16,0.0
MODANE,ST JEAN DE MAURIENNE ARVAN,17,0.0
MODANE,ST JEAN DE MAURIENNE ARVAN,18,0.0
MODANE,ST JEAN DE MAURIENNE ARVAN,19,0.0
MODANE,ST JEAN DE MAURIENNE ARVAN,20,0.0
MODANE,ST JEAN DE MAURIENNE ARVAN,21,0.0
MODANE,ST JEAN DE MAURIENNE ARVAN,22,0.0
MODANE,ST JEAN DE MAURIENNE ARVAN,23,0.0
MODANE,ST JEAN DE MAURIENNE ARVAN,24,0.0
MODANE,ST JEAN DE MAURIENNE ARVAN,25,0.0
MODANE,ST JEAN DE MAURIENNE ARVAN,26,0.0
MODANE,ST JEAN DE MAURIENNE ARVAN,27,0.0
MODANE,ST JEAN DE MAURIENNE ARVAN,28,0.0
MODANE,ST JEAN DE MAURIENNE ARVAN,29,0.0
MODANE,ST JEAN DE MAURIENNE ARVAN,30,0.0
MODANE,ST MICHEL VALLOIRE,0,0.0
MODANE,ST MICHEL VALLOIRE,1,0.0
MODANE,ST MICHEL VALLOIRE,2,0.0
MODANE,ST MICHEL VALLOIRE,3,0.0
MODANE,ST MICHEL VALLOIRE,4,0.0
MODANE,ST MICHEL VALLOIRE,5,0.0
MODANE,ST MICHEL VALLOIRE,6,0.0
MODANE,ST MICHEL VALLOIRE,7,0.0
MODANE,ST MICHEL VALLOIRE,8,0.0
MODANE,ST MICHEL VALLOIRE,9,0.0
MODANE,ST MICHEL VALLOIRE,10,0.0
MODANE,ST MICHEL VALLOIRE,11,0.0
MODANE,ST MICHEL VALLOIRE,12,0.0
MODANE,ST MICHEL VALLOIRE,13,0.0
MODANE,ST MICHEL VALLOIRE,14,0.0
MODANE,ST MICHEL VALLOIRE,15,0.0
MODANE,ST MICHEL VALLOIRE,16,0.0
MODANE,ST MICHEL VALLOIRE,17,0.0
MODANE,ST MICHEL VALLOIRE,18,0.0
MODANE,ST MICHEL VALLOIRE,19,0.0
MODANE,ST MICHEL VALLOIRE,20,0.0
MODANE,ST MICHEL VALLOIRE,21,0.0
MODANE,ST MICHEL VALLOIRE,22,0.0
MODANE,ST MICHEL VALLOIRE,23,0.0
MODANE,ST MICHEL VALLOIRE,24,0.0
MODANE,ST MICHEL VALLOIRE,25,0.0
MODANE,ST MICHEL VALLOIRE,26,0.0
MODANE,ST MICHEL VALLOIRE,27,0.0
MODANE,ST MICHEL VALLOIRE,28,0.0
MODANE,ST MICHEL VALLOIRE,29,0.0
MODANE,ST MICHEL VALLOIRE,30,0.0
MODANE,VANNES,0,0.0
MODANE,VANNES,1,0.0
MODANE,VANNES,2,0.0
MODANE,VANNES,3,0.0
MODANE,VANNES,4,0.0
MODANE,VANNES,5,0.0
MODANE,VANNES,6,0.0
MODANE,VANNES,7,0.0
MODANE,VANNES,8,0.0
MODANE,VANNES,9,0.0
MODANE,VANNES,10,0.0
MODANE,VANNES,11,0.0
MODANE,VANNES,12,0.0
MODANE,VANNES,13,0.0
MODANE,VANNES,14,0.0
MODANE,VANNES,15,0.0
MODANE,VANNES,16,0.0
MODANE,VANNES,17,0.0
MODANE,VANNES,18,0.0
MODANE,VANNES,19,0.0
MODANE,VANNES,20,0.0
MODANE,VANNES,21,0.0
MODANE,VANNES,22,0.0
MODANE,VANNES,23,0.0
MODANE,VANNES,24,0.0
MODANE,VANNES,25,0.0
MODANE,VANNES,26,0.0
MODANE,VANNES,27,0.0
MODANE,VANNES,28,0.0
MODANE,VANNES,29,0.0
MODANE,VANNES,30,0.0
MONTPELLIER SAINT ROCH,LAVAL,0,0.375
MONTPELLIER SAINT ROCH,LAVAL,1,0.45
MONTPELLIER SAINT ROCH,LAVAL,2,0.5
MONTPELLIER SAINT ROCH,LAVAL,3,0.5
MONTPELLIER SAINT ROCH,LAVAL,4,0.3375
MONTPELLIER SAINT ROCH,LAVAL,5,0.275
MONTPELLIER SAINT ROCH,LAVAL,6,0.2625
MONTPELLIER SAINT ROCH,LAVAL,7,0.44999999999999996
MONTPELLIER SAINT ROCH,LAVAL,8,0.1625
MONTPELLIER SAINT ROCH,LAVAL,9,0.25
MONTPELLIER SAINT ROCH,LAVAL,10,0.275
MONTPELLIER SAINT ROCH,LAVAL,11,0.075
MONTPELLIER SAINT ROCH,LAVAL,12,0.0125
MONTPELLIER SAINT ROCH,LAVAL,13,0.0
MONTPELLIER SAINT ROCH,LAVAL,14,0.0
MONTPELLIER SAINT ROCH,LAVAL,15,0.0
MONTPELLIER SAINT ROCH,LAVAL,16,0.0
MONTPELLIER SAINT ROCH,LAVAL,17,0.0
MONTPELLIER SAINT ROCH,LAVAL,18,0.0
MONTPELLIER SAINT ROCH,LAVAL,19,0.0
MONTPELLIER SAINT ROCH,LAVAL,20,0.0
MONTPELLIER SAINT ROCH,LAVAL,21,0.0
MONTPELLIER SAINT ROCH,LAVAL,22,0.0
MONTPELLIER SAINT ROCH,LAVAL,23,0.0
MONTPELLIER SAINT ROCH,LAVAL,24,0.0
MONTPELLIER SAINT ROCH,LAVAL,25,0.0
MONTPELLIER SAINT ROCH,LAVAL,26,0.0
MONTPELLIER SAINT ROCH,LAVAL,27,0.0
MONTPELLIER SAINT ROCH,LAVAL,28,0.0
MONTPELLIER SAINT ROCH,LAVAL,29,0.0
MONTPELLIER SAINT ROCH,LAVAL,30,0.0
MONTPELLIER SAINT ROCH,LE MANS,0,0.35000000000000003
MONTPELLIER SAINT ROCH,LE MANS,1,0.4625
MONTPELLIER SAINT ROCH,LE MANS,2,0.5125
MONTPELLIER SAINT ROCH,LE MANS,3,0.5125
MONTPELLIER SAINT ROCH,LE MANS,4,0.3
MONTPELLIER SAINT ROCH,LE MANS,5,0.2625
MONTPELLIER SAINT ROCH,LE MANS,6,0.2875
MONTPELLIER SAINT ROCH,LE MANS,7,0.4125
MONTPELLIER SAINT ROCH,LE MANS,8,0.175
MONTPELLIER SAINT ROCH,LE MANS,9,0.25
MONTPELLIER SAINT ROCH,LE MANS,10,0.2625
MONTPELLIER SAINT ROCH,LE MANS,11,0.09999999999999999
MONTPELLIER SAINT ROCH,LE MANS,12,0.0
MONTPELLIER SAINT ROCH,LE MANS,13,0.0
MONTPELLIER SAINT ROCH,LE MANS,14,0.0
MONTPELLIER SAINT ROCH,LE MANS,15,0.0
MONTPELLIER SAINT ROCH,LE MANS,16,0.0
MONTPELLIER SAINT ROCH,LE MANS,17,0.0
MONTPELLIER SAINT ROCH,LE MANS,18,0.0
MONTPELLIER SAINT ROCH,LE MANS,19,0.0
MONTPELLIER SAINT ROCH,LE MANS,20,0.0
MONTPELLIER SAINT ROCH,LE MANS,21,0.0
MONTPELLIER SAINT ROCH,LE MANS,22,0.0
MONTPELLIER SAINT ROCH,LE MANS,23,0.0
MONTPELLIER SAINT ROCH,LE MANS,24,0.0
MONTPELLIER SAINT ROCH,LE MANS,25,0.0
MONTPELLIER SAINT ROCH,LE MANS,26,0.0
MONTPELLIER SAINT ROCH,LE MANS,27,0.0
MONTPELLIER SAINT ROCH,LE MANS,28,0.0125
MONTPELLIER SAINT ROCH,LE MANS,29,0.0125
MONTPELLIER SAINT ROCH,LE MANS,30,0.0
MONTPELLIER SAINT ROCH,LYON (intramuros),0,0.9875
MONTPELLIER SAINT ROCH,LYON (intramuros),1,1.0
MONTPELLIER SAINT ROCH,LYON (intramuros),2,1.0
MONTPELLIER SAINT ROCH,LYON (intramuros),3,1.0
MONTPELLIER SAINT ROCH,LYON (intramuros),4,0.9875
MONTPELLIER SAINT ROCH,LYON (intramuros),5,1.0
MONTPELLIER SAINT ROCH,LYON (intramuros),6,1.0
MONTPELLIER SAINT ROCH,LYON (intramuros),7,0.975
MONTPELLIER SAINT ROCH,LYON (intramuros),8,0.8125
MONTPELLIER SAINT ROCH,LYON (intramuros),9,0.975
MONTPELLIER SAINT ROCH,LYON (intramuros),10,0.975
MONTPELLIER SAINT ROCH,LYON (intramuros),11,0.8
MONTPELLIER SAINT ROCH,LYON (intramuros),12,0.7625
MONTPELLIER SAINT ROCH,LYON (intramuros),13,0.7875
MONTPELLIER SAINT ROCH,LYON (intramuros),14,0.7625
MONTPELLIER SAINT ROCH,LYON (intramuros),15,0.7375
MONTPELLIER SAINT ROCH,LYON (intramuros),16,0.7375
MONTPELLIER SAINT ROCH,LYON (intramuros),17,0.75
MONTPELLIER SAINT ROCH,LYON (intramuros),18,0.75
MONTPELLIER SAINT ROCH,LYON (intramuros),19,0.75
MONTPELLIER SAINT ROCH,LYON (intramuros),20,0.7625
MONTPELLIER SAINT ROCH,LYON (intramuros),21,0.7625
MONTPELLIER SAINT ROCH,LYON (intramuros),22,0.7625
MONTPELLIER SAINT ROCH,LYON (intramuros),23,0.7625
MONTPELLIER SAINT ROCH,LYON (intramuros),24,0.75
MONTPELLIER SAINT ROCH,LYON (intramuros),25,0.75
MONTPELLIER SAINT ROCH,LYON (intramuros),26,0.7375
MONTPELLIER SAINT ROCH,LYON (intramuros),27,0.725
MONTPELLIER SAINT ROCH,LYON (intramuros),28,0.5375
MONTPELLIER SAINT ROCH,LYON (intramuros),29,0.5249999999999999
MONTPELLIER SAINT ROCH,LYON (intramuros),30,0.125
MONTPELLIER SAINT ROCH,MASSY PALAISEAU,0,0.3625
MONTPELLIER SAINT ROCH,MASSY PALAISEAU,1,0.4875
MONTPELLIER SAINT ROCH,MASSY PALAISEAU,2,0.525
MONTPELLIER SAINT ROCH,MASSY PALAISEAU,3,0.5
MONTPELLIER SAINT ROCH,MASSY PALAISEAU,4,0.3375
MONTPELLIER SAINT ROCH,MASSY PALAISEAU,5,0.2875
MONTPELLIER SAINT ROCH,MASSY PALAISEAU,6,0.3
MONTPELLIER SAINT ROCH,MASSY PALAISEAU,7,0.4
MONTPELLIER SAINT ROCH,MASSY PALAISEAU,8,0.125
MONTPELLIER SAINT ROCH,MASSY PALAISEAU,9,0.2625
MONTPELLIER SAINT ROCH,MASSY PALAISEAU,10,0.2625
MONTPELLIER SAINT ROCH,MASSY PALAISEAU,11,0.0625
MONTPELLIER SAINT ROCH,MASSY PALAISEAU,12,0.0
MONTPELLIER SAINT ROCH,MASSY PALAISEAU,13,0.0
MONTPELLIER SAINT ROCH,MASSY PALAISEAU,14,0.0
MONTPELLIER SAINT ROCH,MASSY PALAISEAU,15,0.0
MONTPELLIER SAINT ROCH,MASSY PALAISEAU,16,0.0
MONTPELLIER SAINT ROCH,MASSY PALAISEAU,17,0.0
MONTPELLIER SAINT ROCH,MASSY PALAISEAU,18,0.0
MONTPELLIER SAINT ROCH,MASSY PALAISEAU,19,0.0
MONTPELLIER SAINT ROCH,MASSY PALAISEAU,20,0.0
MONTPELLIER SAINT ROCH,MASSY PALAISEAU,21,0.0
MONTPELLIER SAINT ROCH,MASSY PALAISEAU,22,0.0
MONTPELLIER SAINT ROCH,MASSY PALAISEAU,23,0.0
MONTPELLIER SAINT ROCH,MASSY PALAISEAU,24,0.0
MONTPELLIER SAINT ROCH,MASSY PALAISEAU,25,0.0
MONTPELLIER SAINT ROCH,MASSY PALAISEAU,26,0.0
MONTPELLIER SAINT ROCH,MASSY PALAISEAU,27,0.0
MONTPELLIER SAINT ROCH,MASSY PALAISEAU,28,0.0
MONTPELLIER SAINT ROCH,MASSY PALAISEAU,29,0.0
MONTPELLIER SAINT ROCH,MASSY PALAISEAU,30,0.0
MONTPELLIER SAINT ROCH,NIMES CENTRE,0,0.95
MONTPELLIER SAINT ROCH,NIMES CENTRE,1,0.975
MONTPELLIER SAINT ROCH,NIMES CENTRE,2,0.9875
MONTPELLIER SAINT ROCH,NIMES CENTRE,3,0.9625
MONTPELLIER SAINT ROCH,NIMES CENTRE,4,0.9624999999999999
MONTPELLIER SAINT ROCH,NIMES CENTRE,5,0.975
MONTPELLIER SAINT ROCH,NIMES CENTRE,6,0.9875
MONTPELLIER SAINT ROCH,NIMES CENTRE,7,0.95
MONTPELLIER SAINT ROCH,NIMES CENTRE,8,0.8125
MONTPELLIER SAINT ROCH,NIMES CENTRE,9,0.9625
MONTPELLIER SAINT ROCH,NIMES CENTRE,10,0.9625
MONTPELLIER SAINT ROCH,NIMES CENTRE,11,0.775
MONTPELLIER SAINT ROCH,NIMES CENTRE,12,0.75
MONTPELLIER SAINT ROCH,NIMES CENTRE,13,0.75
MONTPELLIER SAINT ROCH,NIMES CENTRE,14,0.75
MONTPELLIER SAINT ROCH,NIMES CENTRE,15,0.75
MONTPELLIER SAINT ROCH,NIMES CENTRE,16,0.7375
MONTPELLIER SAINT ROCH,NIMES CENTRE,17,0.7375
MONTPELLIER SAINT ROCH,NIMES CENTRE,18,0.7625
MONTPELLIER SAINT ROCH,NIMES CENTRE,19,0.7625
MONTPELLIER SAINT ROCH,NIMES CENTRE,20,0.7625
MONTPELLIER SAINT ROCH,NIMES CENTRE,21,0.75
MONTPELLIER SAINT ROCH,NIMES CENTRE,22,0.75
MONTPELLIER SAINT ROCH,NIMES CENTRE,23,0.75
MONTPELLIER SAINT ROCH,NIMES CENTRE,24,0.75
MONTPELLIER SAINT ROCH,NIMES CENTRE,25,0.75
MONTPELLIER SAINT ROCH,NIMES CENTRE,26,0.75
MONTPELLIER SAINT ROCH,NIMES CENTRE,27,0.75
MONTPELLIER SAINT ROCH,NIMES CENTRE,28,0.5125
MONTPELLIER SAINT ROCH,NIMES CENTRE,29,0.45
MONTPELLIER SAINT ROCH,NIMES CENTRE,30,0.0625
MONTPELLIER SAINT ROCH,RENNES,0,0.3875
MONTPELLIER SAINT ROCH,RENNES,1,0.4625
MONTPELLIER SAINT ROCH,RENNES,2,0.5125
MONTPELLIER SAINT ROCH,RENNES,3,0.525
MONTPELLIER SAINT ROCH,RENNES,4,0.2625
MONTPELLIER SAINT ROCH,RENNES,5,0.25
MONTPELLIER SAINT ROCH,RENNES,6,0.2875
MONTPELLIER SAINT ROCH,RENNES,7,0.375
MONTPELLIER SAINT ROCH,RENNES,8,0.1625
MONTPELLIER SAINT ROCH,RENNES,9,0.2
MONTPELLIER SAINT ROCH,RENNES,10,0.21250000000000002
MONTPELLIER SAINT ROCH,RENNES,11,0.125
MONTPELLIER SAINT ROCH,RENNES,12,0.025
MONTPELLIER SAINT ROCH,RENNES,13,0.0
MONTPELLIER SAINT ROCH,RENNES,14,0.0
MONTPELLIER SAINT ROCH,RENNES,15,0.0
MONTPELLIER SAINT ROCH,RENNES,16,0.0
MONTPELLIER SAINT ROCH,RENNES,17,0.0
MONTPELLIER SAINT ROCH,RENNES,18,0.0
MONTPELLIER SAINT ROCH,RENNES,19,0.0
MONTPELLIER SAINT ROCH,RENNES,20,0.0
MONTPELLIER SAINT ROCH,RENNES,21,0.0
MONTPELLIER SAINT ROCH,RENNES,22,0.0
MONTPELLIER SAINT ROCH,RENNES,23,0.0
MONTPELLIER SAINT ROCH,RENNES,24,0.0
MONTPELLIER SAINT ROCH,RENNES,25,0.0
MONTPELLIER SAINT ROCH,RENNES,26,0.0
MONTPELLIER SAINT ROCH,RENNES,27,0.0
MONTPELLIER SAINT ROCH,RENNES,28,0.0
MONTPELLIER SAINT ROCH,RENNES,29,0.0
MONTPELLIER SAINT ROCH,RENNES,30,0.0
MONTPELLIER SAINT ROCH,VALENCE TGV AUVERGNE RHONE ALPES,0,0.95
MONTPELLIER SAINT ROCH,VALENCE TGV AUVERGNE RHONE ALPES,1,0.9875
MONTPELLIER SAINT ROCH,VALENCE TGV AUVERGNE RHONE ALPES,2,1.0
MONTPELLIER SAINT ROCH,VALENCE TGV AUVERGNE RHONE ALPES,3,0.9875
MONTPELLIER SAINT ROCH,VALENCE TGV AUVERGNE RHONE ALPES,4,1.0
MONTPELLIER SAINT ROCH,VALENCE TGV AUVERGNE RHONE ALPES,5,1.0
MONTPELLIER SAINT ROCH,VALENCE TGV AUVERGNE RHONE ALPES,6,1.0
MONTPELLIER SAINT ROCH,VALENCE TGV AUVERGNE RHONE ALPES,7,0.95
MONTPELLIER SAINT ROCH,VALENCE TGV AUVERGNE RHONE ALPES,8,0.7875
MONTPELLIER SAINT ROCH,VALENCE TGV AUVERGNE RHONE ALPES,9,0.9375
MONTPELLIER SAINT ROCH,VALENCE TGV AUVERGNE RHONE ALPES,10,0.9375
MONTPELLIER SAINT ROCH,VALENCE TGV AUVERGNE RHONE ALPES,11,0.7875
MONTPELLIER SAINT ROCH,VALENCE TGV AUVERGNE RHONE ALPES,12,0.725
MONTPELLIER SAINT ROCH,VALENCE TGV AUVERGNE RHONE ALPES,13,0.75
MONTPELLIER SAINT ROCH,VALENCE TGV AUVERGNE RHONE ALPES,14,0.75
MONTPELLIER SAINT ROCH,VALENCE TGV AUVERGNE RHONE ALPES,15,0.7375
MONTPELLIER SAINT ROCH,VALENCE TGV AUVERGNE RHONE ALPES,16,0.7375
MONTPELLIER SAINT ROCH,VALENCE TGV AUVERGNE RHONE ALPES,17,0.75
MONTPELLIER SAINT ROCH,VALENCE TGV AUVERGNE RHONE ALPES,18,0.75
MONTPELLIER SAINT ROCH,VALENCE TGV AUVERGNE RHONE ALPES,19,0.75
MONTPELLIER SAINT ROCH,VALENCE TGV AUVERGNE RHONE ALPES,20,0.7375
MONTPELLIER SAINT ROCH,VALENCE TGV AUVERGNE RHONE ALPES,21,0.75
MONTPELLIER SAINT ROCH,VALENCE TGV AUVERGNE RHONE ALPES,22,0.75
MONTPELLIER SAINT ROCH,VALENCE TGV AUVERGNE RHONE ALPES,23,0.75
MONTPELLIER SAINT ROCH,VALENCE TGV AUVERGNE RHONE ALPES,24,0.75
MONTPELLIER SAINT ROCH,VALENCE TGV AUVERGNE RHONE ALPES,25,0.75
MONTPELLIER SAINT ROCH,VALENCE TGV AUVERGNE RHONE ALPES,26,0.75
MONTPELLIER SAINT ROCH,VALENCE TGV AUVERGNE RHONE ALPES,27,0.75
MONTPELLIER SAINT ROCH,VALENCE TGV AUVERGNE RHONE ALPES,28,0.5
MONTPELLIER SAINT ROCH,VALENCE TGV AUVERGNE RHONE ALPES,29,0.475
MONTPELLIER SAINT ROCH,VALENCE TGV AUVERGNE RHONE ALPES,30,0.0625
MONTPELLIER SUD DE FRANCE,ANGERS SAINT LAUD,0,0.22302259887005652
MONTPELLIER SUD DE FRANCE,ANGERS SAINT LAUD,1,0.23757062146892655
MONTPELLIER SUD DE FRANCE,ANGERS SAINT LAUD,2,0.2228169014084507
MONTPELLIER SUD DE FRANCE,ANGERS SAINT LAUD,3,0.222112676056338
MONTPELLIER SUD DE FRANCE,ANGERS SAINT LAUD,4,0.13971830985915493
MONTPELLIER SUD DE FRANCE,ANGERS SAINT LAUD,5,0.15112676056338029
MONTPELLIER SUD DE FRANCE,ANGERS SAINT LAUD,6,0.16028169014084506
MONTPELLIER SUD DE FRANCE,ANGERS SAINT LAUD,7,0.1880281690140845
MONTPELLIER SUD DE FRANCE,ANGERS SAINT LAUD,8,0.19
MONTPELLIER SUD DE FRANCE,ANGERS SAINT LAUD,9,0.17647887323943662
MONTPELLIER SUD DE FRANCE,ANGERS SAINT LAUD,10,0.17577464788732394
MONTPELLIER SUD DE FRANCE,ANGERS SAINT LAUD,11,0.19901408450704228
MONTPELLIER SUD DE FRANCE,ANGERS SAINT LAUD,12,0.04929577464788732
MONTPELLIER SUD DE FRANCE,ANGERS SAINT LAUD,13,0.04971830985915492
MONTPELLIER SUD DE FRANCE,ANGERS SAINT LAUD,14,0.043943661971830986
MONTPELLIER SUD DE FRANCE,ANGERS SAINT LAUD,15,0.03971830985915493
MONTPELLIER SUD DE FRANCE,ANGERS SAINT LAUD,16,0.03535211267605634
MONTPELLIER SUD DE FRANCE,ANGERS SAINT LAUD,17,0.03774647887323944
MONTPELLIER SUD DE FRANCE,ANGERS SAINT LAUD,18,0.04067796610169492
MONTPELLIER SUD DE FRANCE,ANGERS SAINT LAUD,19,0.03994334277620396
MONTPELLIER SUD DE FRANCE,ANGERS SAINT LAUD,20,0.046875
MONTPELLIER SUD DE FRANCE,ANGERS SAINT LAUD,21,0.05441595441595442
MONTPELLIER SUD DE FRANCE,ANGERS SAINT LAUD,22,0.05754985754985755
MONTPELLIER SUD DE FRANCE,ANGERS SAINT LAUD,23,0.060714285714285714
MONTPELLIER SUD DE FRANCE,ANGERS SAINT LAUD,24,0.060714285714285714
MONTPELLIER SUD DE FRANCE,ANGERS SAINT LAUD,25,0.05974212034383954
MONTPELLIER SUD DE FRANCE,ANGERS SAINT LAUD,26,0.05474137931034483
MONTPELLIER SUD DE FRANCE,ANGERS SAINT LAUD,27,0.0494236311239193
MONTPELLIER SUD DE FRANCE,ANGERS SAINT LAUD,28,0.04884393063583815
MONTPELLIER SUD DE FRANCE,ANGERS SAINT LAUD,29,0.04667630057803468
MONTPELLIER SUD DE FRANCE,ANGERS SAINT LAUD,30,0.013808139534883721
MONTPELLIER SUD DE FRANCE,LE MANS,0,0.15
MONTPELLIER SUD DE FRANCE,LE MANS,1,0.2
MONTPELLIER SUD DE FRANCE,LE MANS,2,0.8
MONTPELLIER SUD DE FRANCE,LE MANS,3,0.85
MONTPELLIER SUD DE FRANCE,LE MANS,4,0.15
MONTPELLIER SUD DE FRANCE,LE MANS,5,0.0
MONTPELLIER SUD DE FRANCE,LE MANS,6,0.0
MONTPELLIER SUD DE FRANCE,LE MANS,7,0.0
MONTPELLIER SUD DE FRANCE,LE MANS,8,0.0
MONTPELLIER SUD DE FRANCE,LE MANS,9,0.0
MONTPELLIER SUD DE FRANCE,LE MANS,10,0.15
MONTPELLIER SUD DE FRANCE,LE MANS,11,0.7
MONTPELLIER SUD DE FRANCE,LE MANS,12,0.0
MONTPELLIER SUD DE FRANCE,LE MANS,13,0.0
MONTPELLIER SUD DE FRANCE,LE MANS,14,0.0
MONTPELLIER SUD DE FRANCE,LE MANS,15,0.0
MONTPELLIER SUD DE FRANCE,LE MANS,16,0.0
MONTPELLIER SUD DE FRANCE,LE MANS,17,0.0
MONTPELLIER SUD DE FRANCE,LE MANS,18,0.0
MONTPELLIER SUD DE FRANCE,LE MANS,19,0.0
MONTPELLIER SUD DE FRANCE,LE MANS,20,0.0
MONTPELLIER SUD DE FRANCE,LE MANS,21,0.1
MONTPELLIER SUD DE FRANCE,LE MANS,22,0.95
MONTPELLIER SUD DE FRANCE,LE MANS,23,0.95
MONTPELLIER SUD DE FRANCE,LE MANS,24,1.0
MONTPELLIER SUD DE FRANCE,LE MANS,25,1.0
MONTPELLIER SUD DE FRANCE,LE MANS,26,1.0
MONTPELLIER SUD DE FRANCE,LE MANS,27,1.0
MONTPELLIER SUD DE FRANCE,LE MANS,28,1.0
MONTPELLIER SUD DE FRANCE,LE MANS,29,1.0
MONTPELLIER SUD DE FRANCE,LE MANS,30,0.2
MONTPELLIER SUD DE FRANCE,LYON (intramuros),0,0.5859116022099448
MONTPELLIER SUD DE FRANCE,LYON (intramuros),1,0.6017955801104973
MONTPELLIER SUD DE FRANCE,LYON (intramuros),2,0.6084022038567493
MONTPELLIER SUD DE FRANCE,LYON (intramuros),3,0.6174931129476584
MONTPELLIER SUD DE FRANCE,LYON (intramuros),4,0.5410468319559228
MONTPELLIER SUD DE FRANCE,LYON (intramuros),5,0.5385674931129476
MONTPELLIER SUD DE FRANCE,LYON (intramuros),6,0.5272727272727273
MONTPELLIER SUD DE FRANCE,LYON (intramuros),7,0.5274104683195592
MONTPELLIER SUD DE FRANCE,LYON (intramuros),8,0.528236914600551
MONTPELLIER SUD DE FRANCE,LYON (intramuros),9,0.5137741046831956
MONTPELLIER SUD DE FRANCE,LYON (intramuros),10,0.521900826446281
MONTPELLIER SUD DE FRANCE,LYON (intramuros),11,0.518732782369146
MONTPELLIER SUD DE FRANCE,LYON (intramuros),12,0.3009641873278237
MONTPELLIER SUD DE FRANCE,LYON (intramuros),13,0.2914600550964187
MONTPELLIER SUD DE FRANCE,LYON (intramuros),14,0.28044077134986223
MONTPELLIER SUD DE FRANCE,LYON (intramuros),15,0.2768595041322314
MONTPELLIER SUD DE FRANCE,LYON (intramuros),16,0.271900826446281
MONTPELLIER SUD DE FRANCE,LYON (intramuros),17,0.2734159779614325
MONTPELLIER SUD DE FRANCE,LYON (intramuros),18,0.27679558011049726
MONTPELLIER SUD DE FRANCE,LYON (intramuros),19,0.26509695290858726
MONTPELLIER SUD DE FRANCE,LYON (intramuros),20,0.2663888888888889
MONTPELLIER SUD DE FRANCE,LYON (intramuros),21,0.2721448467966574
MONTPELLIER SUD DE FRANCE,LYON (intramuros),22,0.2562674094707521
MONTPELLIER SUD DE FRANCE,LYON (intramuros),23,0.2543296089385475
MONTPELLIER SUD DE FRANCE,LYON (intramuros),24,0.24986033519553075
MONTPELLIER SUD DE FRANCE,LYON (intramuros),25,0.24299719887955182
MONTPELLIER SUD DE FRANCE,LYON (intramuros),26,0.2360955056179775
MONTPELLIER SUD DE FRANCE,LYON (intramuros),27,0.21070422535211267
MONTPELLIER SUD DE FRANCE,LYON (intramuros),28,0.20141242937853107
MONTPELLIER SUD DE FRANCE,LYON (intramuros),29,0.19265536723163842
MONTPELLIER SUD DE FRANCE,LYON (intramuros),30,0.03451704545454545
MONTPELLIER SUD DE FRANCE,MASSY TGV,0,0.21709039548022596
MONTPELLIER SUD DE FRANCE,MASSY TGV,1,0.24265536723163844
MONTPELLIER SUD DE FRANCE,MASSY TGV,2,0.22338028169014085
MONTPELLIER SUD DE FRANCE,MASSY TGV,3,0.22535211267605634
MONTPELLIER SUD DE FRANCE,MASSY TGV,4,0.14098591549295775
MONTPELLIER SUD DE FRANCE,MASSY TGV,5,0.1443661971830986
MONTPELLIER SUD DE FRANCE,MASSY TGV,6,0.1564788732394366
MONTPELLIER SUD DE FRANCE,MASSY TGV,7,0.18492957746478875
MONTPELLIER SUD DE FRANCE,MASSY TGV,8,0.18971830985915492
MONTPELLIER SUD DE FRANCE,MASSY TGV,9,0.18253521126760563
MONTPELLIER SUD DE FRANCE,MASSY TGV,10,0.18169014084507043
MONTPELLIER SUD DE FRANCE,MASSY TGV,11,0.1932394366197183
MONTPELLIER SUD DE FRANCE,MASSY TGV,12,0.04661971830985916
MONTPELLIER SUD DE FRANCE,MASSY TGV,13,0.04647887323943662
MONTPELLIER SUD DE FRANCE,MASSY TGV,14,0.04098591549295775
MONTPELLIER SUD DE FRANCE,MASSY TGV,15,0.04
MONTPELLIER SUD DE FRANCE,MASSY TGV,16,0.03450704225352113
MONTPELLIER SUD DE FRANCE,MASSY TGV,17,0.03774647887323944
MONTPELLIER SUD DE FRANCE,MASSY TGV,18,0.039406779661016945
MONTPELLIER SUD DE FRANCE,MASSY TGV,19,0.03994334277620396
MONTPELLIER SUD DE FRANCE,MASSY TGV,20,0.04673295454545454
MONTPELLIER SUD DE FRANCE,MASSY TGV,21,0.05413105413105413
MONTPELLIER SUD DE FRANCE,MASSY TGV,22,0.05626780626780627
MONTPELLIER SUD DE FRANCE,MASSY TGV,23,0.05971428571428571
MONTPELLIER SUD DE FRANCE,MASSY TGV,24,0.060142857142857144
MONTPELLIER SUD DE FRANCE,MASSY TGV,25,0.059742120343839536
MONTPELLIER SUD DE FRANCE,MASSY TGV,26,0.05387931034482758
MONTPELLIER SUD DE FRANCE,MASSY TGV,27,0.049567723342939476
MONTPELLIER SUD DE FRANCE,MASSY TGV,28,0.04927745664739885
MONTPELLIER SUD DE FRANCE,MASSY TGV,29,0.047832369942196536
MONTPELLIER SUD DE FRANCE,MASSY TGV,30,0.012209302325581395
MONTPELLIER SUD DE FRANCE,NANTES,0,0.21497175141242936
MONTPELLIER SUD DE FRANCE,NANTES,1,0.23700564971751414
MONTPELLIER SUD DE FRANCE,NANTES,2,0.22070422535211265
MONTPELLIER SUD DE FRANCE,NANTES,3,0.21521126760563383
MONTPELLIER SUD DE FRANCE,NANTES,4,0.1384507042253521
MONTPELLIER SUD DE FRANCE,NANTES,5,0.14873239436619717
MONTPELLIER SUD DE FRANCE,NANTES,6,0.1608450704225352
MONTPELLIER SUD DE FRANCE,NANTES,7,0.18690140845070422
MONTPELLIER SUD DE FRANCE,NANTES,8,0.18732394366197183
MONTPELLIER SUD DE FRANCE,NANTES,9,0.17647887323943662
MONTPELLIER SUD DE FRANCE,NANTES,10,0.17338028169014083
MONTPELLIER SUD DE FRANCE,NANTES,11,0.19140845070422535
MONTPELLIER SUD DE FRANCE,NANTES,12,0.05211267605633803
MONTPELLIER SUD DE FRANCE,NANTES,13,0.04873239436619718
MONTPELLIER SUD DE FRANCE,NANTES,14,0.04380281690140845
MONTPELLIER SUD DE FRANCE,NANTES,15,0.04112676056338028
MONTPELLIER SUD DE FRANCE,NANTES,16,0.03563380281690141
MONTPELLIER SUD DE FRANCE,NANTES,17,0.03830985915492958
MONTPELLIER SUD DE FRANCE,NANTES,18,0.04110169491525424
MONTPELLIER SUD DE FRANCE,NANTES,19,0.04164305949008498
MONTPELLIER SUD DE FRANCE,NANTES,20,0.04758522727272727
MONTPELLIER SUD DE FRANCE,NANTES,21,0.054843304843304845
MONTPELLIER SUD DE FRANCE,NANTES,22,0.05641025641025641
MONTPELLIER SUD DE FRANCE,NANTES,23,0.05942857142857143
MONTPELLIER SUD DE FRANCE,NANTES,24,0.060714285714285714
MONTPELLIER SUD DE FRANCE,NANTES,25,0.06088825214899714
MONTPELLIER SUD DE FRANCE,NANTES,26,0.055028735632183905
MONTPELLIER SUD DE FRANCE,NANTES,27,0.04927953890489914
MONTPELLIER SUD DE FRANCE,NANTES,28,0.04826589595375722
MONTPELLIER SUD DE FRANCE,NANTES,29,0.04826589595375722
MONTPELLIER SUD DE FRANCE,NANTES,30,0.006686046511627907
MONTPELLIER SUD DE FRANCE,NIMES PONT DU GARD,0,0.6164364640883978
MONTPELLIER SUD DE FRANCE,NIMES PONT DU GARD,1,0.6386740331491713
MONTPELLIER SUD DE FRANCE,NIMES PONT DU GARD,2,0.6662534435261708
MONTPELLIER SUD DE FRANCE,NIMES PONT DU GARD,3,0.6776859504132231
MONTPELLIER SUD DE FRANCE,NIMES PONT DU GARD,4,0.5867768595041323
MONTPELLIER SUD DE FRANCE,NIMES PONT DU GARD,5,0.5888429752066116
MONTPELLIER SUD DE FRANCE,NIMES PONT DU GARD,6,0.5775482093663912
MONTPELLIER SUD DE FRANCE,NIMES PONT DU GARD,7,0.5881542699724518
MONTPELLIER SUD DE FRANCE,NIMES PONT DU GARD,8,0.5792011019283747
MONTPELLIER SUD DE FRANCE,NIMES PONT DU GARD,9,0.5512396694214876
MONTPELLIER SUD DE FRANCE,NIMES PONT DU GARD,10,0.546694214876033
MONTPELLIER SUD DE FRANCE,NIMES PONT DU GARD,11,0.5462809917355372
MONTPELLIER SUD DE FRANCE,NIMES PONT DU GARD,12,0.30385674931129475
MONTPELLIER SUD DE FRANCE,NIMES PONT DU GARD,13,0.2975206611570248
MONTPELLIER SUD DE FRANCE,NIMES PONT DU GARD,14,0.2862258953168044
MONTPELLIER SUD DE FRANCE,NIMES PONT DU GARD,15,0.2849862258953168
MONTPELLIER SUD DE FRANCE,NIMES PONT DU GARD,16,0.278099173553719
MONTPELLIER SUD DE FRANCE,NIMES PONT DU GARD,17,0.2769972451790634
MONTPELLIER SUD DE FRANCE,NIMES PONT DU GARD,18,0.28107734806629836
MONTPELLIER SUD DE FRANCE,NIMES PONT DU GARD,19,0.26869806094182824
MONTPELLIER SUD DE FRANCE,NIMES PONT DU GARD,20,0.2679166666666667
MONTPELLIER SUD DE FRANCE,NIMES PONT DU GARD,21,0.2686629526462396
MONTPELLIER SUD DE FRANCE,NIMES PONT DU GARD,22,0.2559888579387187
MONTPELLIER SUD DE FRANCE,NIMES PONT DU GARD,23,0.2565642458100558
MONTPELLIER SUD DE FRANCE,NIMES PONT DU GARD,24,0.24748603351955306
MONTPELLIER SUD DE FRANCE,NIMES PONT DU GARD,25,0.24117647058823527
MONTPELLIER SUD DE FRANCE,NIMES PONT DU GARD,26,0.23412921348314605
MONTPELLIER SUD DE FRANCE,NIMES PONT DU GARD,27,0.2123943661971831
MONTPELLIER SUD DE FRANCE,NIMES PONT DU GARD,28,0.2033898305084746
MONTPELLIER SUD DE FRANCE,NIMES PONT DU GARD,29,0.19279661016949154
MONTPELLIER SUD DE FRANCE,NIMES PONT DU GARD,30,0.033238636363636366
MONTPELLIER SUD DE FRANCE,SAUMUR,0,0.21253644314868805
MONTPELLIER SUD DE FRANCE,SAUMUR,1,0.23265306122448978
MONTPELLIER SUD DE FRANCE,SAUMUR,2,0.2123546511627907
MONTPELLIER SUD DE FRANCE,SAUMUR,3,0.21220930232558138
MONTPELLIER SUD DE FRANCE,SAUMUR,4,0.1309593023255814
MONTPELLIER SUD DE FRANCE,SAUMUR,5,0.14709302325581397
MONTPELLIER SUD DE FRANCE,SAUMUR,6,0.15494186046511627
MONTPELLIER SUD DE FRANCE,SAUMUR,7,0.1875
MONTPELLIER SUD DE FRANCE,SAUMUR,8,0.18590116279069768
MONTPELLIER SUD DE FRANCE,SAUMUR,9,0.1694767441860465
MONTPELLIER SUD DE FRANCE,SAUMUR,10,0.17093023255813952
MONTPELLIER SUD DE FRANCE,SAUMUR,11,0.1883720930232558
MONTPELLIER SUD DE FRANCE,SAUMUR,12,0.04578488372093023
MONTPELLIER SUD DE FRANCE,SAUMUR,13,0.04622093023255814
MONTPELLIER SUD DE FRANCE,SAUMUR,14,0.04040697674418605
MONTPELLIER SUD DE FRANCE,SAUMUR,15,0.03997093023255814
MONTPELLIER SUD DE FRANCE,SAUMUR,16,0.03401162790697674
MONTPELLIER SUD DE FRANCE,SAUMUR,17,0.035755813953488376
MONTPELLIER SUD DE FRANCE,SAUMUR,18,0.038483965014577265
MONTPELLIER SUD DE FRANCE,SAUMUR,19,0.035818713450292396
MONTPELLIER SUD DE FRANCE,SAUMUR,20,0.04032258064516129
MONTPELLIER SUD DE FRANCE,SAUMUR,21,0.04632352941176471
MONTPELLIER SUD DE FRANCE,SAUMUR,22,0.04838235294117647
MONTPELLIER SUD DE FRANCE,SAUMUR,23,0.049115044247787606
MONTPELLIER SUD DE FRANCE,SAUMUR,24,0.05058997050147492
MONTPELLIER SUD DE FRANCE,SAUMUR,25,0.049704142011834325
MONTPELLIER SUD DE FRANCE,SAUMUR,26,0.04421364985163205
MONTPELLIER SUD DE FRANCE,SAUMUR,27,0.038392857142857145
MONTPELLIER SUD DE FRANCE,SAUMUR,28,0.03686567164179105
MONTPELLIER SUD DE FRANCE,SAUMUR,29,0.03805970149253731
MONTPELLIER SUD DE FRANCE,SAUMUR,30,0.008858858858858858
MONTPELLIER SUD DE FRANCE,ST PIERRE DES CORPS,0,0.21151603498542274
MONTPELLIER SUD DE FRANCE,ST PIERRE DES CORPS,1,0.23658892128279885
MONTPELLIER SUD DE FRANCE,ST PIERRE DES CORPS,2,0.21104651162790697
MONTPELLIER SUD DE FRANCE,ST PIERRE DES CORPS,3,0.21540697674418602
MONTPELLIER SUD DE FRANCE,ST PIERRE DES CORPS,4,0.13531976744186044
MONTPELLIER SUD DE FRANCE,ST PIERRE DES CORPS,5,0.1447674418604651
MONTPELLIER SUD DE FRANCE,ST PIERRE DES CORPS,6,0.15377906976744185
MONTPELLIER SUD DE FRANCE,ST PIERRE DES CORPS,7,0.18372093023255814
MONTPELLIER SUD DE FRANCE,ST PIERRE DES CORPS,8,0.18604651162790697
MONTPELLIER SUD DE FRANCE,ST PIERRE DES CORPS,9,0.17819767441860465
MONTPELLIER SUD DE FRANCE,ST PIERRE DES CORPS,10,0.17078488372093023
MONTPELLIER SUD DE FRANCE,ST PIERRE DES CORPS,11,0.1933139534883721
MONTPELLIER SUD DE FRANCE,ST PIERRE DES CORPS,12,0.04636627906976744
MONTPELLIER SUD DE FRANCE,ST PIERRE DES CORPS,13,0.04854651162790698
MONTPELLIER SUD DE FRANCE,ST PIERRE DES CORPS,14,0.04127906976744186
MONTPELLIER SUD DE FRANCE,ST PIERRE DES CORPS,15,0.0377906976744186
MONTPELLIER SUD DE FRANCE,ST PIERRE DES CORPS,16,0.03226744186046512
MONTPELLIER SUD DE FRANCE,ST PIERRE DES CORPS,17,0.035029069767441856
MONTPELLIER SUD DE FRANCE,ST PIERRE DES CORPS,18,0.037317784256559766
MONTPELLIER SUD DE FRANCE,ST PIERRE DES CORPS,19,0.035526315789473684
MONTPELLIER SUD DE FRANCE,ST PIERRE DES CORPS,20,0.04105571847507331
MONTPELLIER SUD DE FRANCE,ST PIERRE DES CORPS,21,0.04764705882352941
MONTPELLIER SUD DE FRANCE,ST PIERRE DES CORPS,22,0.04779411764705882
MONTPELLIER SUD DE FRANCE,ST PIERRE DES CORPS,23,0.050294985250737466
MONTPELLIER SUD DE FRANCE,ST PIERRE DES CORPS,24,0.05235988200589971
MONTPELLIER SUD DE FRANCE,ST PIERRE DES CORPS,25,0.051775147928994084
MONTPELLIER SUD DE FRANCE,ST PIERRE DES CORPS,26,0.044807121661721065
MONTPELLIER SUD DE FRANCE,ST PIERRE DES CORPS,27,0.03958333333333334
MONTPELLIER SUD DE FRANCE,ST PIERRE DES CORPS,28,0.03835820895522388
MONTPELLIER SUD DE FRANCE,ST PIERRE DES CORPS,29,0.03805970149253731
MONTPELLIER SUD DE FRANCE,ST PIERRE DES CORPS,30,0.005855855855855856
MONTPELLIER SUD DE FRANCE,VALENCE TGV AUVERGNE RHONE ALPES,0,0.5920391061452513
MONTPELLIER SUD DE FRANCE,VALENCE TGV AUVERGNE RHONE ALPES,1,0.5949720670391061
MONTPELLIER SUD DE FRANCE,VALENCE TGV AUVERGNE RHONE ALPES,2,0.60974930362117
MONTPELLIER SUD DE FRANCE,VALENCE TGV AUVERGNE RHONE ALPES,3,0.6178272980501394
MONTPELLIER SUD DE FRANCE,VALENCE TGV AUVERGNE RHONE ALPES,4,0.5420612813370473
MONTPELLIER SUD DE FRANCE,VALENCE TGV AUVERGNE RHONE ALPES,5,0.5466573816155988
MONTPELLIER SUD DE FRANCE,VALENCE TGV AUVERGNE RHONE ALPES,6,0.5337047353760446
MONTPELLIER SUD DE FRANCE,VALENCE TGV AUVERGNE RHONE ALPES,7,0.5327298050139275
MONTPELLIER SUD DE FRANCE,VALENCE TGV AUVERGNE RHONE ALPES,8,0.5306406685236769
MONTPELLIER SUD DE FRANCE,VALENCE TGV AUVERGNE RHONE ALPES,9,0.5162952646239554
MONTPELLIER SUD DE FRANCE,VALENCE TGV AUVERGNE RHONE ALPES,10,0.523259052924791
MONTPELLIER SUD DE FRANCE,VALENCE TGV AUVERGNE RHONE ALPES,11,0.5245125348189416
MONTPELLIER SUD DE FRANCE,VALENCE TGV AUVERGNE RHONE ALPES,12,0.3061281337047354
MONTPELLIER SUD DE FRANCE,VALENCE TGV AUVERGNE RHONE ALPES,13,0.2981894150417827
MONTPELLIER SUD DE FRANCE,VALENCE TGV AUVERGNE RHONE ALPES,14,0.28245125348189415
MONTPELLIER SUD DE FRANCE,VALENCE TGV AUVERGNE RHONE ALPES,15,0.27910863509749306
MONTPELLIER SUD DE FRANCE,VALENCE TGV AUVERGNE RHONE ALPES,16,0.2733983286908078
MONTPELLIER SUD DE FRANCE,VALENCE TGV AUVERGNE RHONE ALPES,17,0.27298050139275765
MONTPELLIER SUD DE FRANCE,VALENCE TGV AUVERGNE RHONE ALPES,18,0.28156424581005585
MONTPELLIER SUD DE FRANCE,VALENCE TGV AUVERGNE RHONE ALPES,19,0.26904761904761904
MONTPELLIER SUD DE FRANCE,VALENCE TGV AUVERGNE RHONE ALPES,20,0.2671348314606741
MONTPELLIER SUD DE FRANCE,VALENCE TGV AUVERGNE RHONE ALPES,21,0.2676056338028169
MONTPELLIER SUD DE FRANCE,VALENCE TGV AUVERGNE RHONE ALPES,22,0.25380281690140843
MONTPELLIER SUD DE FRANCE,VALENCE TGV AUVERGNE RHONE ALPES,23,0.2536723163841808
MONTPELLIER SUD DE FRANCE,VALENCE TGV AUVERGNE RHONE ALPES,24,0.2457627118644068
MONTPELLIER SUD DE FRANCE,VALENCE TGV AUVERGNE RHONE ALPES,25,0.24079320113314448
MONTPELLIER SUD DE FRANCE,VALENCE TGV AUVERGNE RHONE ALPES,26,0.23252840909090908
MONTPELLIER SUD DE FRANCE,VALENCE TGV AUVERGNE RHONE ALPES,27,0.20911680911680913
MONTPELLIER SUD DE FRANCE,VALENCE TGV AUVERGNE RHONE ALPES,28,0.1992857142857143
MONTPELLIER SUD DE FRANCE,VALENCE TGV AUVERGNE RHONE ALPES,29,0.18842857142857145
MONTPELLIER SUD DE FRANCE,VALENCE TGV AUVERGNE RHONE ALPES,30,0.03577586206896551
MONTPELLIER SUD DE FRANCE,VALENCE VILLE,0,0.4875
MONTPELLIER SUD DE FRANCE,VALENCE VILLE,1,0.3125
MONTPELLIER SUD DE FRANCE,VALENCE VILLE,2,0.45
MONTPELLIER SUD DE FRANCE,VALENCE VILLE,3,0.4625
MONTPELLIER SUD DE FRANCE,VALENCE VILLE,4,0.15
MONTPELLIER SUD DE FRANCE,VALENCE VILLE,5,0.025
MONTPELLIER SUD DE FRANCE,VALENCE VILLE,6,0.025
MONTPELLIER SUD DE FRANCE,VALENCE VILLE,7,0.175
MONTPELLIER SUD DE FRANCE,VALENCE VILLE,8,0.0875
MONTPELLIER SUD DE FRANCE,VALENCE VILLE,9,0.23750000000000002
MONTPELLIER SUD DE FRANCE,VALENCE VILLE,10,0.25
MONTPELLIER SUD DE FRANCE,VALENCE VILLE,11,0.275
MONTPELLIER SUD DE FRANCE,VALENCE VILLE,12,0.0
MONTPELLIER SUD DE FRANCE,VALENCE VILLE,13,0.0
MONTPELLIER SUD DE FRANCE,VALENCE VILLE,14,0.0
MONTPELLIER SUD DE FRANCE,VALENCE VILLE,15,0.0
MONTPELLIER SUD DE FRANCE,VALENCE VILLE,16,0.0
MONTPELLIER SUD DE FRANCE,VALENCE VILLE,17,0.0
MONTPELLIER SUD DE FRANCE,VALENCE VILLE,18,0.0125
MONTPELLIER SUD DE FRANCE,VALENCE VILLE,19,0.025
MONTPELLIER SUD DE FRANCE,VALENCE VILLE,20,0.2375
MONTPELLIER SUD DE FRANCE,VALENCE VILLE,21,0.3125
MONTPELLIER SUD DE FRANCE,VALENCE VILLE,22,0.44999999999999996
MONTPELLIER SUD DE FRANCE,VALENCE VILLE,23,0.475
MONTPELLIER SUD DE FRANCE,VALENCE VILLE,24,0.525
MONTPELLIER SUD DE FRANCE,VALENCE VILLE,25,0.5
MONTPELLIER SUD DE FRANCE,VALENCE VILLE,26,0.4875
MONTPELLIER SUD DE FRANCE,VALENCE VILLE,27,0.475
MONTPELLIER SUD DE FRANCE,VALENCE VILLE,28,0.475
MONTPELLIER SUD DE FRANCE,VALENCE VILLE,29,0.5
MONTPELLIER SUD DE FRANCE,VALENCE VILLE,30,0.11249999999999999
MOUTIERS SALINS BRIDES LES BAINS,ALBERTVILLE,0,0.7722222222222223
MOUTIERS SALINS BRIDES LES BAINS,ALBERTVILLE,1,0.7833333333333333
MOUTIERS SALINS BRIDES LES BAINS,ALBERTVILLE,2,0.7833333333333333
MOUTIERS SALINS BRIDES LES BAINS,ALBERTVILLE,3,0.7722222222222223
MOUTIERS SALINS BRIDES LES BAINS,ALBERTVILLE,4,0.5611111111111111
MOUTIERS SALINS BRIDES LES BAINS,ALBERTVILLE,5,0.5555555555555556
MOUTIERS SALINS BRIDES LES BAINS,ALBERTVILLE,6,0.55
MOUTIERS SALINS BRIDES LES BAINS,ALBERTVILLE,7,0.5555555555555556
MOUTIERS SALINS BRIDES LES BAINS,ALBERTVILLE,8,0.5611111111111111
MOUTIERS SALINS BRIDES LES BAINS,ALBERTVILLE,9,0.5555555555555556
MOUTIERS SALINS BRIDES LES BAINS,ALBERTVILLE,10,0.5555555555555556
MOUTIERS SALINS BRIDES LES BAINS,ALBERTVILLE,11,0.5555555555555556
MOUTIERS SALINS BRIDES LES BAINS,ALBERTVILLE,12,0.4444444444444444
MOUTIERS SALINS BRIDES LES BAINS,ALBERTVILLE,13,0.4444444444444444
MOUTIERS SALINS BRIDES LES BAINS,ALBERTVILLE,14,0.40555555555555556
MOUTIERS SALINS BRIDES LES BAINS,ALBERTVILLE,15,0.37222222222222223
MOUTIERS SALINS BRIDES LES BAINS,ALBERTVILLE,16,0.4444444444444444
MOUTIERS SALINS BRIDES LES BAINS,ALBERTVILLE,17,0.44999999999999996
MOUTIERS SALINS BRIDES LES BAINS,ALBERTVILLE,18,0.4388888888888889
MOUTIERS SALINS BRIDES LES BAINS,ALBERTVILLE,19,0.4388888888888889
MOUTIERS SALINS BRIDES LES BAINS,ALBERTVILLE,20,0.4444444444444444
MOUTIERS SALINS BRIDES LES BAINS,ALBERTVILLE,21,0.4444444444444444
MOUTIERS SALINS BRIDES LES BAINS,ALBERTVILLE,22,0.4444444444444444
MOUTIERS SALINS BRIDES LES BAINS,ALBERTVILLE,23,0.43333333333333335
MOUTIERS SALINS BRIDES LES BAINS,ALBERTVILLE,24,0.35555555555555557
MOUTIERS SALINS BRIDES LES BAINS,ALBERTVILLE,25,0.3277777777777778
MOUTIERS SALINS BRIDES LES BAINS,ALBERTVILLE,26,0.3333333333333333
MOUTIERS SALINS BRIDES LES BAINS,ALBERTVILLE,27,0.3277777777777778
MOUTIERS SALINS BRIDES LES BAINS,ALBERTVILLE,28,0.30000000000000004
MOUTIERS SALINS BRIDES LES BAINS,ALBERTVILLE,29,0.15555555555555556
MOUTIERS SALINS BRIDES LES BAINS,ALBERTVILLE,30,0.03333333333333333
MOUTIERS SALINS BRIDES LES BAINS,ANGERS SAINT LAUD,0,0.7333333333333333
MOUTIERS SALINS BRIDES LES BAINS,ANGERS SAINT LAUD,1,0.6777777777777777
MOUTIERS SALINS BRIDES LES BAINS,ANGERS SAINT LAUD,2,0.6555555555555556
MOUTIERS SALINS BRIDES LES BAINS,ANGERS SAINT LAUD,3,0.6499999999999999
MOUTIERS SALINS BRIDES LES BAINS,ANGERS SAINT LAUD,4,0.46111111111111114
MOUTIERS SALINS BRIDES LES BAINS,ANGERS SAINT LAUD,5,0.44999999999999996
MOUTIERS SALINS BRIDES LES BAINS,ANGERS SAINT LAUD,6,0.4444444444444444
MOUTIERS SALINS BRIDES LES BAINS,ANGERS SAINT LAUD,7,0.4555555555555555
MOUTIERS SALINS BRIDES LES BAINS,ANGERS SAINT LAUD,8,0.44999999999999996
MOUTIERS SALINS BRIDES LES BAINS,ANGERS SAINT LAUD,9,0.44999999999999996
MOUTIERS SALINS BRIDES LES BAINS,ANGERS SAINT LAUD,10,0.4388888888888889
MOUTIERS SALINS BRIDES LES BAINS,ANGERS SAINT LAUD,11,0.4444444444444444
MOUTIERS SALINS BRIDES LES BAINS,ANGERS SAINT LAUD,12,0.3222222222222222
MOUTIERS SALINS BRIDES LES BAINS,ANGERS SAINT LAUD,13,0.3222222222222222
MOUTIERS SALINS BRIDES LES BAINS,ANGERS SAINT LAUD,14,0.23888888888888887
MOUTIERS SALINS BRIDES LES BAINS,ANGERS SAINT LAUD,15,0.23333333333333328
MOUTIERS SALINS BRIDES LES BAINS,ANGERS SAINT LAUD,16,0.3222222222222222
MOUTIERS SALINS BRIDES LES BAINS,ANGERS SAINT LAUD,17,0.23333333333333334
MOUTIERS SALINS BRIDES LES BAINS,ANGERS SAINT LAUD,18,0.17777777777777778
MOUTIERS SALINS BRIDES LES BAINS,ANGERS SAINT LAUD,19,0.2888888888888889
MOUTIERS SALINS BRIDES LES BAINS,ANGERS SAINT LAUD,20,0.3277777777777778
MOUTIERS SALINS BRIDES LES BAINS,ANGERS SAINT LAUD,21,0.2777777777777778
MOUTIERS SALINS BRIDES LES BAINS,ANGERS SAINT LAUD,22,0.3333333333333333
MOUTIERS SALINS BRIDES LES BAINS,ANGERS SAINT LAUD,23,0.3277777777777778
MOUTIERS SALINS BRIDES LES BAINS,ANGERS SAINT LAUD,24,0.24444444444444446
MOUTIERS SALINS BRIDES LES BAINS,ANGERS SAINT LAUD,25,0.13333333333333333
MOUTIERS SALINS BRIDES LES BAINS,ANGERS SAINT LAUD,26,0.12777777777777777
MOUTIERS SALINS BRIDES LES BAINS,ANGERS SAINT LAUD,27,0.22777777777777775
MOUTIERS SALINS BRIDES LES BAINS,ANGERS SAINT LAUD,28,0.2833333333333333
MOUTIERS SALINS BRIDES LES BAINS,ANGERS SAINT LAUD,29,0.15555555555555556
MOUTIERS SALINS BRIDES LES BAINS,ANGERS SAINT LAUD,30,0.0
MOUTIERS SALINS BRIDES LES BAINS,CHAMBERY CHALLES LES EAUX,0,0.7666666666666667
MOUTIERS SALINS BRIDES LES BAINS,CHAMBERY CHALLES LES EAUX,1,0.7777777777777778
MOUTIERS SALINS BRIDES LES BAINS,CHAMBERY CHALLES LES EAUX,2,0.7722222222222223
MOUTIERS SALINS BRIDES LES BAINS,CHAMBERY CHALLES LES EAUX,3,0.7555555555555555
MOUTIERS SALINS BRIDES LES BAINS,CHAMBERY CHALLES LES EAUX,4,0.5777777777777778
MOUTIERS SALINS BRIDES LES BAINS,CHAMBERY CHALLES LES EAUX,5,0.5666666666666667
MOUTIERS SALINS BRIDES LES BAINS,CHAMBERY CHALLES LES EAUX,6,0.55
MOUTIERS SALINS BRIDES LES BAINS,CHAMBERY CHALLES LES EAUX,7,0.5555555555555556
MOUTIERS SALINS BRIDES LES BAINS,CHAMBERY CHALLES LES EAUX,8,0.5555555555555556
MOUTIERS SALINS BRIDES LES BAINS,CHAMBERY CHALLES LES EAUX,9,0.5555555555555556
MOUTIERS SALINS BRIDES LES BAINS,CHAMBERY CHALLES LES EAUX,10,0.5555555555555556
MOUTIERS SALINS BRIDES LES BAINS,CHAMBERY CHALLES LES EAUX,11,0.5555555555555556
MOUTIERS SALINS BRIDES LES BAINS,CHAMBERY CHALLES LES EAUX,12,0.4444444444444444
MOUTIERS SALINS BRIDES LES BAINS,CHAMBERY CHALLES LES EAUX,13,0.4388888888888889
MOUTIERS SALINS BRIDES LES BAINS,CHAMBERY CHALLES LES EAUX,14,0.4222222222222222
MOUTIERS SALINS BRIDES LES BAINS,CHAMBERY CHALLES LES EAUX,15,0.3888888888888889
MOUTIERS SALINS BRIDES LES BAINS,CHAMBERY CHALLES LES EAUX,16,0.4444444444444444
MOUTIERS SALINS BRIDES LES BAINS,CHAMBERY CHALLES LES EAUX,17,0.4444444444444444
MOUTIERS SALINS BRIDES LES BAINS,CHAMBERY CHALLES LES EAUX,18,0.4444444444444444
MOUTIERS SALINS BRIDES LES BAINS,CHAMBERY CHALLES LES EAUX,19,0.4444444444444444
MOUTIERS SALINS BRIDES LES BAINS,CHAMBERY CHALLES LES EAUX,20,0.4444444444444444
MOUTIERS SALINS BRIDES LES BAINS,CHAMBERY CHALLES LES EAUX,21,0.4444444444444444
MOUTIERS SALINS BRIDES LES BAINS,CHAMBERY CHALLES LES EAUX,22,0.44999999999999996
MOUTIERS SALINS BRIDES LES BAINS,CHAMBERY CHALLES LES EAUX,23,0.4444444444444444
MOUTIERS SALINS BRIDES LES BAINS,CHAMBERY CHALLES LES EAUX,24,0.34444444444444444
MOUTIERS SALINS BRIDES LES BAINS,CHAMBERY CHALLES LES EAUX,25,0.3333333333333333
MOUTIERS SALINS BRIDES LES BAINS,CHAMBERY CHALLES LES EAUX,26,0.3333333333333333
MOUTIERS SALINS BRIDES LES BAINS,CHAMBERY CHALLES LES EAUX,27,0.3277777777777778
MOUTIERS SALINS BRIDES LES BAINS,CHAMBERY CHALLES LES EAUX,28,0.2833333333333333
MOUTIERS SALINS BRIDES LES BAINS,CHAMBERY CHALLES LES EAUX,29,0.13333333333333333
MOUTIERS SALINS BRIDES LES BAINS,CHAMBERY CHALLES LES EAUX,30,0.049999999999999996
MOUTIERS SALINS BRIDES LES BAINS,LE MANS,0,0.7388888888888889
MOUTIERS SALINS BRIDES LES BAINS,LE MANS,1,0.6722222222222222
MOUTIERS SALINS BRIDES LES BAINS,LE MANS,2,0.6666666666666666
MOUTIERS SALINS BRIDES LES BAINS,LE MANS,3,0.6555555555555556
MOUTIERS SALINS BRIDES LES BAINS,LE MANS,4,0.4388888888888889
MOUTIERS SALINS BRIDES LES BAINS,LE MANS,5,0.43333333333333335
MOUTIERS SALINS BRIDES LES BAINS,LE MANS,6,0.43333333333333335
MOUTIERS SALINS BRIDES LES BAINS,LE MANS,7,0.4388888888888889
MOUTIERS SALINS BRIDES LES BAINS,LE MANS,8,0.4444444444444444
MOUTIERS SALINS BRIDES LES BAINS,LE MANS,9,0.4444444444444444
MOUTIERS SALINS BRIDES LES BAINS,LE MANS,10,0.44999999999999996
MOUTIERS SALINS BRIDES LES BAINS,LE MANS,11,0.4444444444444444
MOUTIERS SALINS BRIDES LES BAINS,LE MANS,12,0.33888888888888885
MOUTIERS SALINS BRIDES LES BAINS,LE MANS,13,0.3277777777777778
MOUTIERS SALINS BRIDES LES BAINS,LE MANS,14,0.2222222222222222
MOUTIERS SALINS BRIDES LES BAINS,LE MANS,15,0.2222222222222222
MOUTIERS SALINS BRIDES LES BAINS,LE MANS,16,0.3055555555555556
MOUTIERS SALINS BRIDES LES BAINS,LE MANS,17,0.25
MOUTIERS SALINS BRIDES LES BAINS,LE MANS,18,0.3111111111111111
MOUTIERS SALINS BRIDES LES BAINS,LE MANS,19,0.3277777777777778
MOUTIERS SALINS BRIDES LES BAINS,LE MANS,20,0.3277777777777778
MOUTIERS SALINS BRIDES LES BAINS,LE MANS,21,0.35555555555555557
MOUTIERS SALINS BRIDES LES BAINS,LE MANS,22,0.4388888888888889
MOUTIERS SALINS BRIDES LES BAINS,LE MANS,23,0.43333333333333335
MOUTIERS SALINS BRIDES LES BAINS,LE MANS,24,0.3333333333333333
MOUTIERS SALINS BRIDES LES BAINS,LE MANS,25,0.12222222222222223
MOUTIERS SALINS BRIDES LES BAINS,LE MANS,26,0.12222222222222223
MOUTIERS SALINS BRIDES LES BAINS,LE MANS,27,0.20555555555555557
MOUTIERS SALINS BRIDES LES BAINS,LE MANS,28,0.25
MOUTIERS SALINS BRIDES LES BAINS,LE MANS,29,0.1388888888888889
MOUTIERS SALINS BRIDES LES BAINS,LE MANS,30,0.027777777777777776
MOUTIERS SALINS BRIDES LES BAINS,MASSY TGV,0,0.7444444444444445
MOUTIERS SALINS BRIDES LES BAINS,MASSY TGV,1,0.6666666666666666
MOUTIERS SALINS BRIDES LES BAINS,MASSY TGV,2,0.6555555555555556
MOUTIERS SALINS BRIDES LES BAINS,MASSY TGV,3,0.6388888888888888
MOUTIERS SALINS BRIDES LES BAINS,MASSY TGV,4,0.44999999999999996
MOUTIERS SALINS BRIDES LES BAINS,MASSY TGV,5,0.4388888888888889
MOUTIERS SALINS BRIDES LES BAINS,MASSY TGV,6,0.4444444444444444
MOUTIERS SALINS BRIDES LES BAINS,MASSY TGV,7,0.44999999999999996
MOUTIERS SALINS BRIDES LES BAINS,MASSY TGV,8,0.4444444444444444
MOUTIERS SALINS BRIDES LES BAINS,MASSY TGV,9,0.4444444444444444
MOUTIERS SALINS BRIDES LES BAINS,MASSY TGV,10,0.4277777777777778
MOUTIERS SALINS BRIDES LES BAINS,MASSY TGV,11,0.42777777777777776
MOUTIERS SALINS BRIDES LES BAINS,MASSY TGV,12,0.4166666666666667
MOUTIERS SALINS BRIDES LES BAINS,MASSY TGV,13,0.4222222222222222
MOUTIERS SALINS BRIDES LES BAINS,MASSY TGV,14,0.34444444444444444
MOUTIERS SALINS BRIDES LES BAINS,MASSY TGV,15,0.3333333333333333
MOUTIERS SALINS BRIDES LES BAINS,MASSY TGV,16,0.4166666666666667
MOUTIERS SALINS BRIDES LES BAINS,MASSY TGV,17,0.3611111111111111
MOUTIERS SALINS BRIDES LES BAINS,MASSY TGV,18,0.35555555555555557
MOUTIERS SALINS BRIDES LES BAINS,MASSY TGV,19,0.4166666666666667
MOUTIERS SALINS BRIDES LES BAINS,MASSY TGV,20,0.4444444444444444
MOUTIERS SALINS BRIDES LES BAINS,MASSY TGV,21,0.4388888888888889
MOUTIERS SALINS BRIDES LES BAINS,MASSY TGV,22,0.4444444444444444
MOUTIERS SALINS BRIDES LES BAINS,MASSY TGV,23,0.44999999999999996
MOUTIERS SALINS BRIDES LES BAINS,MASSY TGV,24,0.3333333333333333
MOUTIERS SALINS BRIDES LES BAINS,MASSY TGV,25,0.3277777777777778
MOUTIERS SALINS BRIDES LES BAINS,MASSY TGV,26,0.3333333333333333
MOUTIERS SALINS BRIDES LES BAINS,MASSY TGV,27,0.3277777777777778
MOUTIERS SALINS BRIDES LES BAINS,MASSY TGV,28,0.29444444444444445
MOUTIERS SALINS BRIDES LES BAINS,MASSY TGV,29,0.14444444444444446
MOUTIERS SALINS BRIDES LES BAINS,MASSY TGV,30,0.03333333333333333
MOUTIERS SALINS BRIDES LES BAINS,NANTES,0,0.7555555555555555
MOUTIERS SALINS BRIDES LES BAINS,NANTES,1,0.6722222222222222
MOUTIERS SALINS BRIDES LES BAINS,NANTES,2,0.6666666666666666
MOUTIERS SALINS BRIDES LES BAINS,NANTES,3,0.6555555555555556
MOUTIERS SALINS BRIDES LES BAINS,NANTES,4,0.49444444444444446
MOUTIERS SALINS BRIDES LES BAINS,NANTES,5,0.4555555555555555
MOUTIERS SALINS BRIDES LES BAINS,NANTES,6,0.4388888888888889
MOUTIERS SALINS BRIDES LES BAINS,NANTES,7,0.4444444444444444
MOUTIERS SALINS BRIDES LES BAINS,NANTES,8,0.4444444444444444
MOUTIERS SALINS BRIDES LES BAINS,NANTES,9,0.4388888888888889
MOUTIERS SALINS BRIDES LES BAINS,NANTES,10,0.4388888888888889
MOUTIERS SALINS BRIDES LES BAINS,NANTES,11,0.43333333333333335
MOUTIERS SALINS BRIDES LES BAINS,NANTES,12,0.33888888888888885
MOUTIERS SALINS BRIDES LES BAINS,NANTES,13,0.31666666666666665
MOUTIERS SALINS BRIDES LES BAINS,NANTES,14,0.23333333333333334
MOUTIERS SALINS BRIDES LES BAINS,NANTES,15,0.2222222222222222
MOUTIERS SALINS BRIDES LES BAINS,NANTES,16,0.2777777777777778
MOUTIERS SALINS BRIDES LES BAINS,NANTES,17,0.23333333333333334
MOUTIERS SALINS BRIDES LES BAINS,NANTES,18,0.17777777777777778
MOUTIERS SALINS BRIDES LES BAINS,NANTES,19,0.2611111111111111
MOUTIERS SALINS BRIDES LES BAINS,NANTES,20,0.3111111111111111
MOUTIERS SALINS BRIDES LES BAINS,NANTES,21,0.2666666666666667
MOUTIERS SALINS BRIDES LES BAINS,NANTES,22,0.3333333333333333
MOUTIERS SALINS BRIDES LES BAINS,NANTES,23,0.31666666666666665
MOUTIERS SALINS BRIDES LES BAINS,NANTES,24,0.24444444444444446
MOUTIERS SALINS BRIDES LES BAINS,NANTES,25,0.12222222222222223
MOUTIERS SALINS BRIDES LES BAINS,NANTES,26,0.11666666666666667
MOUTIERS SALINS BRIDES LES BAINS,NANTES,27,0.20555555555555557
MOUTIERS SALINS BRIDES LES BAINS,NANTES,28,0.2777777777777778
MOUTIERS SALINS BRIDES LES BAINS,NANTES,29,0.15000000000000002
MOUTIERS SALINS BRIDES LES BAINS,NANTES,30,0.011111111111111112
MOUTIERS SALINS BRIDES LES BAINS,RENNES,0,0.6499999999999999
MOUTIERS SALINS BRIDES LES BAINS,RENNES,1,0.5833333333333334
MOUTIERS SALINS BRIDES LES BAINS,RENNES,2,0.5388888888888889
MOUTIERS SALINS BRIDES LES BAINS,RENNES,3,0.48888888888888893
MOUTIERS SALINS BRIDES LES BAINS,RENNES,4,0.3611111111111111
MOUTIERS SALINS BRIDES LES BAINS,RENNES,5,0.35000000000000003
MOUTIERS SALINS BRIDES LES BAINS,RENNES,6,0.34444444444444444
MOUTIERS SALINS BRIDES LES BAINS,RENNES,7,0.34444444444444444
MOUTIERS SALINS BRIDES LES BAINS,RENNES,8,0.33888888888888885
MOUTIERS SALINS BRIDES LES BAINS,RENNES,9,0.3333333333333333
MOUTIERS SALINS BRIDES LES BAINS,RENNES,10,0.35
MOUTIERS SALINS BRIDES LES BAINS,RENNES,11,0.33888888888888885
MOUTIERS SALINS BRIDES LES BAINS,RENNES,12,0.22777777777777775
MOUTIERS SALINS BRIDES LES BAINS,RENNES,13,0.2222222222222222
MOUTIERS SALINS BRIDES LES BAINS,RENNES,14,0.2222222222222222
MOUTIERS SALINS BRIDES LES BAINS,RENNES,15,0.21666666666666667
MOUTIERS SALINS BRIDES LES BAINS,RENNES,16,0.20555555555555557
MOUTIERS SALINS BRIDES LES BAINS,RENNES,17,0.12777777777777777
MOUTIERS SALINS BRIDES LES BAINS,RENNES,18,0.20555555555555557
MOUTIERS SALINS BRIDES LES BAINS,RENNES,19,0.2111111111111111
MOUTIERS SALINS BRIDES LES BAINS,RENNES,20,0.21666666666666667
MOUTIERS SALINS BRIDES LES BAINS,RENNES,21,0.2222222222222222
MOUTIERS SALINS BRIDES LES BAINS,RENNES,22,0.24444444444444446
MOUTIERS SALINS BRIDES LES BAINS,RENNES,23,0.3111111111111111
MOUTIERS SALINS BRIDES LES BAINS,RENNES,24,0.3055555555555556
MOUTIERS SALINS BRIDES LES BAINS,RENNES,25,0.11666666666666667
MOUTIERS SALINS BRIDES LES BAINS,RENNES,26,0.1111111111111111
MOUTIERS SALINS BRIDES LES BAINS,RENNES,27,0.12222222222222223
MOUTIERS SALINS BRIDES LES BAINS,RENNES,28,0.18888888888888888
MOUTIERS SALINS BRIDES LES BAINS,RENNES,29,0.12777777777777777
MOUTIERS SALINS BRIDES LES BAINS,RENNES,30,0.005555555555555556
NANTES,AURAY,0,0.95
NANTES,AURAY,1,0.95
NANTES,AURAY,2,0.9
NANTES,AURAY,3,0.15
NANTES,AURAY,4,0.0
NANTES,AURAY,5,0.0
NANTES,AURAY,6,0.0
NANTES,AURAY,7,0.0
NANTES,AURAY,8,0.0
NANTES,AURAY,9,0.0
NANTES,AURAY,10,0.0
NANTES,AURAY,11,0.0
NANTES,AURAY,12,0.0
NANTES,AURAY,13,0.0
NANTES,AURAY,14,0.0
NANTES,AURAY,15,0.0
NANTES,AURAY,16,0.0
NANTES,AURAY,17,0.0
NANTES,AURAY,18,0.0
NANTES,AURAY,19,0.0
NANTES,AURAY,20,0.0
NANTES,AURAY,21,0.0
NANTES,AURAY,22,0.0
NANTES,AURAY,23,0.0
NANTES,AURAY,24,0.0
NANTES,AURAY,25,0.0
NANTES,AURAY,26,0.0
NANTES,AURAY,27,0.0
NANTES,AURAY,28,0.0
NANTES,AURAY,29,0.0
NANTES,AURAY,30,0.0
NANTES,LORIENT,0,0.95
NANTES,LORIENT,1,0.95
NANTES,LORIENT,2,0.85
NANTES,LORIENT,3,0.15
NANTES,LORIENT,4,0.0
NANTES,LORIENT,5,0.0
NANTES,LORIENT,6,0.0
NANTES,LORIENT,7,0.0
NANTES,LORIENT,8,0.0
NANTES,LORIENT,9,0.0
NANTES,LORIENT,10,0.0
NANTES,LORIENT,11,0.0
NANTES,LORIENT,12,0.0
NANTES,LORIENT,13,0.0
NANTES,LORIENT,14,0.0
NANTES,LORIENT,15,0.0
NANTES,LORIENT,16,0.0
NANTES,LORIENT,17,0.0
NANTES,LORIENT,18,0.0
NANTES,LORIENT,19,0.0
NANTES,LORIENT,20,0.0
NANTES,LORIENT,21,0.0
NANTES,LORIENT,22,0.0
NANTES,LORIENT,23,0.0
NANTES,LORIENT,24,0.0
NANTES,LORIENT,25,0.0
NANTES,LORIENT,26,0.0
NANTES,LORIENT,27,0.0
NANTES,LORIENT,28,0.0
NANTES,LORIENT,29,0.0
NANTES,LORIENT,30,0.0
NANTES,QUIMPER,0,1.0
NANTES,QUIMPER,1,1.0
NANTES,QUIMPER,2,0.85
NANTES,QUIMPER,3,0.15
NANTES,QUIMPER,4,0.0
NANTES,QUIMPER,5,0.0
NANTES,QUIMPER,6,0.0
NANTES,QUIMPER,7,0.0
NANTES,QUIMPER,8,0.0
NANTES,QUIMPER,9,0.0
NANTES,QUIMPER,10,0.0
NANTES,QUIMPER,11,0.0
NANTES,QUIMPER,12,0.0
NANTES,QUIMPER,13,0.0
NANTES,QUIMPER,14,0.0
NANTES,QUIMPER,15,0.0
NANTES,QUIMPER,16,0.0
NANTES,QUIMPER,17,0.0
NANTES,QUIMPER,18,0.0
NANTES,QUIMPER,19,0.0
NANTES,QUIMPER,20,0.0
NANTES,QUIMPER,21,0.0
NANTES,QUIMPER,22,0.0
NANTES,QUIMPER,23,0.0
NANTES,QUIMPER,24,0.0
NANTES,QUIMPER,25,0.0
NANTES,QUIMPER,26,0.0
NANTES,QUIMPER,27,0.0
NANTES,QUIMPER,28,0.0
NANTES,QUIMPER,29,0.0
NANTES,QUIMPER,30,0.0
NANTES,REDON,0,0.8
NANTES,REDON,1,0.95
NANTES,REDON,2,0.8
NANTES,REDON,3,0.3
NANTES,REDON,4,0.0
NANTES,REDON,5,0.0
NANTES,REDON,6,0.0
NANTES,REDON,7,0.0
NANTES,REDON,8,0.0
NANTES,REDON,9,0.0
NANTES,REDON,10,0.0
NANTES,REDON,11,0.0
NANTES,REDON,12,0.0
NANTES,REDON,13,0.0
NANTES,REDON,14,0.0
NANTES,REDON,15,0.0
NANTES,REDON,16,0.0
NANTES,REDON,17,0.0
NANTES,REDON,18,0.0
NANTES,REDON,19,0.0
NANTES,REDON,20,0.0
NANTES,REDON,21,0.0
NANTES,REDON,22,0.0
NANTES,REDON,23,0.0
NANTES,REDON,24,0.0
NANTES,REDON,25,0.0
NANTES,REDON,26,0.0
NANTES,REDON,27,0.0
NANTES,REDON,28,0.0
NANTES,REDON,29,0.0
NANTES,REDON,30,0.0
NANTES,RENNES,0,0.95
NANTES,RENNES,1,1.0
NANTES,RENNES,2,1.0
NANTES,RENNES,3,0.9
NANTES,RENNES,4,0.95
NANTES,RENNES,5,0.95
NANTES,RENNES,6,0.9
NANTES,RENNES,7,0.85
NANTES,RENNES,8,0.8
NANTES,RENNES,9,0.2
NANTES,RENNES,10,0.1
NANTES,RENNES,11,0.1
NANTES,RENNES,12,0.0
NANTES,RENNES,13,0.0
NANTES,RENNES,14,0.0
NANTES,RENNES,15,0.0
NANTES,RENNES,16,0.0
NANTES,RENNES,17,0.0
NANTES,RENNES,18,0.0
NANTES,RENNES,19,0.0
NANTES,RENNES,20,0.0
NANTES,RENNES,21,0.0
NANTES,RENNES,22,0.0
NANTES,RENNES,23,0.0
NANTES,RENNES,24,0.0
NANTES,RENNES,25,0.0
NANTES,RENNES,26,0.0
NANTES,RENNES,27,0.0
NANTES,RENNES,28,0.0
NANTES,RENNES,29,0.0
NANTES,RENNES,30,0.0
NANTES,VANNES,0,0.95
NANTES,VANNES,1,0.95
NANTES,VANNES,2,0.85
NANTES,VANNES,3,0.2
NANTES,VANNES,4,0.0
NANTES,VANNES,5,0.0
NANTES,VANNES,6,0.0
NANTES,VANNES,7,0.0
NANTES,VANNES,8,0.0
NANTES,VANNES,9,0.0
NANTES,VANNES,10,0.0
NANTES,VANNES,11,0.0
NANTES,VANNES,12,0.0
NANTES,VANNES,13,0.0
NANTES,VANNES,14,0.0
NANTES,VANNES,15,0.0
NANTES,VANNES,16,0.0
NANTES,VANNES,17,0.0
NANTES,VANNES,18,0.0
NANTES,VANNES,19,0.0
NANTES,VANNES,20,0.0
NANTES,VANNES,21,0.0
NANTES,VANNES,22,0.0
NANTES,VANNES,23,0.0
NANTES,VANNES,24,0.0
NANTES,VANNES,25,0.0
NANTES,VANNES,26,0.0
NANTES,VANNES,27,0.0
NANTES,VANNES,28,0.0
NANTES,VANNES,29,0.0
NANTES,VANNES,30,0.0
NIMES CENTRE,LAVAL,0,0.3875
NIMES CENTRE,LAVAL,1,0.47500000000000003
NIMES CENTRE,LAVAL,2,0.5
NIMES CENTRE,LAVAL,3,0.5125
NIMES CENTRE,LAVAL,4,0.2875
NIMES CENTRE,LAVAL,5,0.26249999999999996
NIMES CENTRE,LAVAL,6,0.26249999999999996
NIMES CENTRE,LAVAL,7,0.325
NIMES CENTRE,LAVAL,8,0.1375
NIMES CENTRE,LAVAL,9,0.2125
NIMES CENTRE,LAVAL,10,0.225
NIMES CENTRE,LAVAL,11,0.049999999999999996
NIMES CENTRE,LAVAL,12,0.025
NIMES CENTRE,LAVAL,13,0.0
NIMES CENTRE,LAVAL,14,0.0
NIMES CENTRE,LAVAL,15,0.0
NIMES CENTRE,LAVAL,16,0.0
NIMES CENTRE,LAVAL,17,0.0
NIMES CENTRE,LAVAL,18,0.0
NIMES CENTRE,LAVAL,19,0.0
NIMES CENTRE,LAVAL,20,0.0
NIMES CENTRE,LAVAL,21,0.0
NIMES CENTRE,LAVAL,22,0.0
NIMES CENTRE,LAVAL,23,0.0
NIMES CENTRE,LAVAL,24,0.0
NIMES CENTRE,LAVAL,25,0.0
NIMES CENTRE,LAVAL,26,0.0
NIMES CENTRE,LAVAL,27,0.0
NIMES CENTRE,LAVAL,28,0.0125
NIMES CENTRE,LAVAL,29,0.025
NIMES CENTRE,LAVAL,30,0.0
NIMES CENTRE,LE MANS,0,0.36250000000000004
NIMES CENTRE,LE MANS,1,0.4625
NIMES CENTRE,LE MANS,2,0.475
NIMES CENTRE,LE MANS,3,0.48750000000000004
NIMES CENTRE,LE MANS,4,0.3125
NIMES CENTRE,LE MANS,5,0.2875
NIMES CENTRE,LE MANS,6,0.2875
NIMES CENTRE,LE MANS,7,0.375
NIMES CENTRE,LE MANS,8,0.1375
NIMES CENTRE,LE MANS,9,0.2125
NIMES CENTRE,LE MANS,10,0.2375
NIMES CENTRE,LE MANS,11,0.0625
NIMES CENTRE,LE MANS,12,0.0
NIMES CENTRE,LE MANS,13,0.0
NIMES CENTRE,LE MANS,14,0.0
NIMES CENTRE,LE MANS,15,0.0
NIMES CENTRE,LE MANS,16,0.0
NIMES CENTRE,LE MANS,17,0.0
NIMES CENTRE,LE MANS,18,0.0
NIMES CENTRE,LE MANS,19,0.0
NIMES CENTRE,LE MANS,20,0.0
NIMES CENTRE,LE MANS,21,0.0
NIMES CENTRE,LE MANS,22,0.0
NIMES CENTRE,LE MANS,23,0.0
NIMES CENTRE,LE MANS,24,0.0
NIMES CENTRE,LE MANS,25,0.0
NIMES CENTRE,LE MANS,26,0.0
NIMES CENTRE,LE MANS,27,0.0
NIMES CENTRE,LE MANS,28,0.0
NIMES CENTRE,LE MANS,29,0.0125
NIMES CENTRE,LE MANS,30,0.0
NIMES CENTRE,LYON (intramuros),0,0.975
NIMES CENTRE,LYON (intramuros),1,0.9875
NIMES CENTRE,LYON (intramuros),2,1.0
NIMES CENTRE,LYON (intramuros),3,1.0
NIMES CENTRE,LYON (intramuros),4,0.9875
NIMES CENTRE,LYON (intramuros),5,0.9875
NIMES CENTRE,LYON (intramuros),6,0.9875
NIMES CENTRE,LYON (intramuros),7,0.95
NIMES CENTRE,LYON (intramuros),8,0.8125
NIMES CENTRE,LYON (intramuros),9,0.9375
NIMES CENTRE,LYON (intramuros),10,0.9375
NIMES CENTRE,LYON (intramuros),11,0.775
NIMES CENTRE,LYON (intramuros),12,0.7375
NIMES CENTRE,LYON (intramuros),13,0.7625
NIMES CENTRE,LYON (intramuros),14,0.75
NIMES CENTRE,LYON (intramuros),15,0.75
NIMES CENTRE,LYON (intramuros),16,0.7375
NIMES CENTRE,LYON (intramuros),17,0.75
NIMES CENTRE,LYON (intramuros),18,0.75
NIMES CENTRE,LYON (intramuros),19,0.7375
NIMES CENTRE,LYON (intramuros),20,0.75
NIMES CENTRE,LYON (intramuros),21,0.75
NIMES CENTRE,LYON (intramuros),22,0.75
NIMES CENTRE,LYON (intramuros),23,0.75
NIMES CENTRE,LYON (intramuros),24,0.75
NIMES CENTRE,LYON (intramuros),25,0.75
NIMES CENTRE,LYON (intramuros),26,0.7375
NIMES CENTRE,LYON (intramuros),27,0.6875
NIMES CENTRE,LYON (intramuros),28,0.5125
NIMES CENTRE,LYON (intramuros),29,0.475
NIMES CENTRE,LYON (intramuros),30,0.0625
NIMES CENTRE,MASSY PALAISEAU,0,0.32499999999999996
NIMES CENTRE,MASSY PALAISEAU,1,0.4375
NIMES CENTRE,MASSY PALAISEAU,2,0.5
NIMES CENTRE,MASSY PALAISEAU,3,0.4625
NIMES CENTRE,MASSY PALAISEAU,4,0.3375
NIMES CENTRE,MASSY PALAISEAU,5,0.3
NIMES CENTRE,MASSY PALAISEAU,6,0.325
NIMES CENTRE,MASSY PALAISEAU,7,0.375
NIMES CENTRE,MASSY PALAISEAU,8,0.15
NIMES CENTRE,MASSY PALAISEAU,9,0.25
NIMES CENTRE,MASSY PALAISEAU,10,0.21250000000000002
NIMES CENTRE,MASSY PALAISEAU,11,0.0875
NIMES CENTRE,MASSY PALAISEAU,12,0.0
NIMES CENTRE,MASSY PALAISEAU,13,0.0
NIMES CENTRE,MASSY PALAISEAU,14,0.0
NIMES CENTRE,MASSY PALAISEAU,15,0.0
NIMES CENTRE,MASSY PALAISEAU,16,0.0
NIMES CENTRE,MASSY PALAISEAU,17,0.0
NIMES CENTRE,MASSY PALAISEAU,18,0.0
NIMES CENTRE,MASSY PALAISEAU,19,0.0
NIMES CENTRE,MASSY PALAISEAU,20,0.0
NIMES CENTRE,MASSY PALAISEAU,21,0.0
NIMES CENTRE,MASSY PALAISEAU,22,0.0
NIMES CENTRE,MASSY PALAISEAU,23,0.0
NIMES CENTRE,MASSY PALAISEAU,24,0.0
NIMES CENTRE,MASSY PALAISEAU,25,0.0
NIMES CENTRE,MASSY PALAISEAU,26,0.0
NIMES CENTRE,MASSY PALAISEAU,27,0.0
NIMES CENTRE,MASSY PALAISEAU,28,0.0
NIMES CENTRE,MASSY PALAISEAU,29,0.0
NIMES CENTRE,MASSY PALAISEAU,30,0.0
NIMES CENTRE,RENNES,0,0.33749999999999997
NIMES CENTRE,RENNES,1,0.4375
NIMES CENTRE,RENNES,2,0.5125
NIMES CENTRE,RENNES,3,0.5375
NIMES CENTRE,RENNES,4,0.2625
NIMES CENTRE,RENNES,5,0.25
NIMES CENTRE,RENNES,6,0.2625
NIMES CENTRE,RENNES,7,0.375
NIMES CENTRE,RENNES,8,0.09999999999999999
NIMES CENTRE,RENNES,9,0.25
NIMES CENTRE,RENNES,10,0.25
NIMES CENTRE,RENNES,11,0.1125
NIMES CENTRE,RENNES,12,0.0
NIMES CENTRE,RENNES,13,0.0
NIMES CENTRE,RENNES,14,0.0
NIMES CENTRE,RENNES,15,0.0
NIMES CENTRE,RENNES,16,0.0
NIMES CENTRE,RENNES,17,0.0
NIMES CENTRE,RENNES,18,0.0
NIMES CENTRE,RENNES,19,0.0
NIMES CENTRE,RENNES,20,0.0
NIMES CENTRE,RENNES,21,0.0
NIMES CENTRE,RENNES,22,0.0
NIMES CENTRE,RENNES,23,0.0
NIMES CENTRE,RENNES,24,0.0
NIMES CENTRE,RENNES,25,0.0
NIMES CENTRE,RENNES,26,0.0
NIMES CENTRE,RENNES,27,0.0
NIMES CENTRE,RENNES,28,0.0
NIMES CENTRE,RENNES,29,0.0
NIMES CENTRE,RENNES,30,0.0
NIMES CENTRE,VALENCE TGV AUVERGNE RHONE ALPES,0,1.0
NIMES CENTRE,VALENCE TGV AUVERGNE RHONE ALPES,1,1.0
NIMES CENTRE,VALENCE TGV AUVERGNE RHONE ALPES,2,1.0
NIMES CENTRE,VALENCE TGV AUVERGNE RHONE ALPES,3,0.9875
NIMES CENTRE,VALENCE TGV AUVERGNE RHONE ALPES,4,1.0
NIMES CENTRE,VALENCE TGV AUVERGNE RHONE ALPES,5,1.0
NIMES CENTRE,VALENCE TGV AUVERGNE RHONE ALPES,6,0.9875
NIMES CENTRE,VALENCE TGV AUVERGNE RHONE ALPES,7,0.9375
NIMES CENTRE,VALENCE TGV AUVERGNE RHONE ALPES,8,0.8375
NIMES CENTRE,VALENCE TGV AUVERGNE RHONE ALPES,9,0.9875
NIMES CENTRE,VALENCE TGV AUVERGNE RHONE ALPES,10,0.9875
NIMES CENTRE,VALENCE TGV AUVERGNE RHONE ALPES,11,0.8125
NIMES CENTRE,VALENCE TGV AUVERGNE RHONE ALPES,12,0.75
NIMES CENTRE,VALENCE TGV AUVERGNE RHONE ALPES,13,0.7625
NIMES CENTRE,VALENCE TGV AUVERGNE RHONE ALPES,14,0.75
NIMES CENTRE,VALENCE TGV AUVERGNE RHONE ALPES,15,0.75
NIMES CENTRE,VALENCE TGV AUVERGNE RHONE ALPES,16,0.75
NIMES CENTRE,VALENCE TGV AUVERGNE RHONE ALPES,17,0.75
NIMES CENTRE,VALENCE TGV AUVERGNE RHONE ALPES,18,0.75
NIMES CENTRE,VALENCE TGV AUVERGNE RHONE ALPES,19,0.75
NIMES CENTRE,VALENCE TGV AUVERGNE RHONE ALPES,20,0.75
NIMES CENTRE,VALENCE TGV AUVERGNE RHONE ALPES,21,0.75
NIMES CENTRE,VALENCE TGV AUVERGNE RHONE ALPES,22,0.75
NIMES CENTRE,VALENCE TGV AUVERGNE RHONE ALPES,23,0.75
NIMES CENTRE,VALENCE TGV AUVERGNE RHONE ALPES,24,0.75
NIMES CENTRE,VALENCE TGV AUVERGNE RHONE ALPES,25,0.75
NIMES CENTRE,VALENCE TGV AUVERGNE RHONE ALPES,26,0.7375
NIMES CENTRE,VALENCE TGV AUVERGNE RHONE ALPES,27,0.675
NIMES CENTRE,VALENCE TGV AUVERGNE RHONE ALPES,28,0.525
NIMES CENTRE,VALENCE TGV AUVERGNE RHONE ALPES,29,0.525
NIMES CENTRE,VALENCE TGV AUVERGNE RHONE ALPES,30,0.07500000000000001
NIMES PONT DU GARD,ANGERS SAINT LAUD,0,0.2199152542372881
NIMES PONT DU GARD,ANGERS SAINT LAUD,1,0.24265536723163844
NIMES PONT DU GARD,ANGERS SAINT LAUD,2,0.2228169014084507
NIMES PONT DU GARD,ANGERS SAINT LAUD,3,0.21943661971830988
NIMES PONT DU GARD,ANGERS SAINT LAUD,4,0.14084507042253522
NIMES PONT DU GARD,ANGERS SAINT LAUD,5,0.14887323943661973
NIMES PONT DU GARD,ANGERS SAINT LAUD,6,0.16014084507042253
NIMES PONT DU GARD,ANGERS SAINT LAUD,7,0.18591549295774648
NIMES PONT DU GARD,ANGERS SAINT LAUD,8,0.19028169014084506
NIMES PONT DU GARD,ANGERS SAINT LAUD,9,0.17619718309859153
NIMES PONT DU GARD,ANGERS SAINT LAUD,10,0.1735211267605634
NIMES PONT DU GARD,ANGERS SAINT LAUD,11,0.19112676056338027
NIMES PONT DU GARD,ANGERS SAINT LAUD,12,0.049154929577464784
NIMES PONT DU GARD,ANGERS SAINT LAUD,13,0.048873239436619725
NIMES PONT DU GARD,ANGERS SAINT LAUD,14,0.043521126760563376
NIMES PONT DU GARD,ANGERS SAINT LAUD,15,0.04014084507042254
NIMES PONT DU GARD,ANGERS SAINT LAUD,16,0.03380281690140845
NIMES PONT DU GARD,ANGERS SAINT LAUD,17,0.03690140845070423
NIMES PONT DU GARD,ANGERS SAINT LAUD,18,0.03912429378531073
NIMES PONT DU GARD,ANGERS SAINT LAUD,19,0.03994334277620396
NIMES PONT DU GARD,ANGERS SAINT LAUD,20,0.047159090909090914
NIMES PONT DU GARD,ANGERS SAINT LAUD,21,0.055270655270655264
NIMES PONT DU GARD,ANGERS SAINT LAUD,22,0.05669515669515669
NIMES PONT DU GARD,ANGERS SAINT LAUD,23,0.06271428571428571
NIMES PONT DU GARD,ANGERS SAINT LAUD,24,0.06142857142857143
NIMES PONT DU GARD,ANGERS SAINT LAUD,25,0.062034383954154726
NIMES PONT DU GARD,ANGERS SAINT LAUD,26,0.056465517241379305
NIMES PONT DU GARD,ANGERS SAINT LAUD,27,0.05129682997118156
NIMES PONT DU GARD,ANGERS SAINT LAUD,28,0.05028901734104046
NIMES PONT DU GARD,ANGERS SAINT LAUD,29,0.04869942196531792
NIMES PONT DU GARD,ANGERS SAINT LAUD,30,0.00944767441860465
NIMES PONT DU GARD,LE MANS,0,0.05
NIMES PONT DU GARD,LE MANS,1,0.1
NIMES PONT DU GARD,LE MANS,2,0.9
NIMES PONT DU GARD,LE MANS,3,0.9
NIMES PONT DU GARD,LE MANS,4,0.15
NIMES PONT DU GARD,LE MANS,5,0.05
NIMES PONT DU GARD,LE MANS,6,0.05
NIMES PONT DU GARD,LE MANS,7,0.0
NIMES PONT DU GARD,LE MANS,8,0.0
NIMES PONT DU GARD,LE MANS,9,0.0
NIMES PONT DU GARD,LE MANS,10,0.0
NIMES PONT DU GARD,LE MANS,11,0.7
NIMES PONT DU GARD,LE MANS,12,0.05
NIMES PONT DU GARD,LE MANS,13,0.0
NIMES PONT DU GARD,LE MANS,14,0.0
NIMES PONT DU GARD,LE MANS,15,0.0
NIMES PONT DU GARD,LE MANS,16,0.0
NIMES PONT DU GARD,LE MANS,17,0.0
NIMES PONT DU GARD,LE MANS,18,0.0
NIMES PONT DU GARD,LE MANS,19,0.0
NIMES PONT DU GARD,LE MANS,20,0.0
NIMES PONT DU GARD,LE MANS,21,0.0
NIMES PONT DU GARD,LE MANS,22,0.9
NIMES PONT DU GARD,LE MANS,23,1.0
NIMES PONT DU GARD,LE MANS,24,1.0
NIMES PONT DU GARD,LE MANS,25,1.0
NIMES PONT DU GARD,LE MANS,26,1.0
NIMES PONT DU GARD,LE MANS,27,1.0
NIMES PONT DU GARD,LE MANS,28,0.95
NIMES PONT DU GARD,LE MANS,29,0.85
NIMES PONT DU GARD,LE MANS,30,0.2
NIMES PONT DU GARD,LYON (intramuros),0,0.5901933701657459
NIMES PONT DU GARD,LYON (intramuros),1,0.6030386740331493
NIMES PONT DU GARD,LYON (intramuros),2,0.6134986225895317
NIMES PONT DU GARD,LYON (intramuros),3,0.6137741046831956
NIMES PONT DU GARD,LYON (intramuros),4,0.543939393939394
NIMES PONT DU GARD,LYON (intramuros),5,0.5370523415977961
NIMES PONT DU GARD,LYON (intramuros),6,0.5258953168044077
NIMES PONT DU GARD,LYON (intramuros),7,0.5286501377410469
NIMES PONT DU GARD,LYON (intramuros),8,0.5257575757575758
NIMES PONT DU GARD,LYON (intramuros),9,0.5134986225895317
NIMES PONT DU GARD,LYON (intramuros),10,0.5203856749311295
NIMES PONT DU GARD,LYON (intramuros),11,0.5176308539944904
NIMES PONT DU GARD,LYON (intramuros),12,0.30633608815427
NIMES PONT DU GARD,LYON (intramuros),13,0.2953168044077135
NIMES PONT DU GARD,LYON (intramuros),14,0.2796143250688705
NIMES PONT DU GARD,LYON (intramuros),15,0.27479338842975204
NIMES PONT DU GARD,LYON (intramuros),16,0.27121212121212124
NIMES PONT DU GARD,LYON (intramuros),17,0.2724517906336088
NIMES PONT DU GARD,LYON (intramuros),18,0.27693370165745856
NIMES PONT DU GARD,LYON (intramuros),19,0.26301939058171747
NIMES PONT DU GARD,LYON (intramuros),20,0.2661111111111111
NIMES PONT DU GARD,LYON (intramuros),21,0.26768802228412253
NIMES PONT DU GARD,LYON (intramuros),22,0.25459610027855156
NIMES PONT DU GARD,LYON (intramuros),23,0.25614525139664807
NIMES PONT DU GARD,LYON (intramuros),24,0.24804469273743016
NIMES PONT DU GARD,LYON (intramuros),25,0.24397759103641456
NIMES PONT DU GARD,LYON (intramuros),26,0.2360955056179775
NIMES PONT DU GARD,LYON (intramuros),27,0.2123943661971831
NIMES PONT DU GARD,LYON (intramuros),28,0.2016949152542373
NIMES PONT DU GARD,LYON (intramuros),29,0.1888418079096045
NIMES PONT DU GARD,LYON (intramuros),30,0.04190340909090909
NIMES PONT DU GARD,MASSY TGV,0,0.2153954802259887
NIMES PONT DU GARD,MASSY TGV,1,0.24025423728813558
NIMES PONT DU GARD,MASSY TGV,2,0.22830985915492957
NIMES PONT DU GARD,MASSY TGV,3,0.2228169014084507
NIMES PONT DU GARD,MASSY TGV,4,0.14309859154929577
NIMES PONT DU GARD,MASSY TGV,5,0.14563380281690141
NIMES PONT DU GARD,MASSY TGV,6,0.15619718309859157
NIMES PONT DU GARD,MASSY TGV,7,0.18704225352112677
NIMES PONT DU GARD,MASSY TGV,8,0.19253521126760562
NIMES PONT DU GARD,MASSY TGV,9,0.1815492957746479
NIMES PONT DU GARD,MASSY TGV,10,0.17887323943661973
NIMES PONT DU GARD,MASSY TGV,11,0.1916901408450704
NIMES PONT DU GARD,MASSY TGV,12,0.048873239436619725
NIMES PONT DU GARD,MASSY TGV,13,0.047183098591549295
NIMES PONT DU GARD,MASSY TGV,14,0.0428169014084507
NIMES PONT DU GARD,MASSY TGV,15,0.03971830985915493
NIMES PONT DU GARD,MASSY TGV,16,0.034647887323943666
NIMES PONT DU GARD,MASSY TGV,17,0.036619718309859155
NIMES PONT DU GARD,MASSY TGV,18,0.039265536723163845
NIMES PONT DU GARD,MASSY TGV,19,0.03881019830028328
NIMES PONT DU GARD,MASSY TGV,20,0.04857954545454546
NIMES PONT DU GARD,MASSY TGV,21,0.054273504273504275
NIMES PONT DU GARD,MASSY TGV,22,0.05641025641025641
NIMES PONT DU GARD,MASSY TGV,23,0.05971428571428572
NIMES PONT DU GARD,MASSY TGV,24,0.061285714285714284
NIMES PONT DU GARD,MASSY TGV,25,0.06074498567335243
NIMES PONT DU GARD,MASSY TGV,26,0.05488505747126437
NIMES PONT DU GARD,MASSY TGV,27,0.049567723342939476
NIMES PONT DU GARD,MASSY TGV,28,0.04841040462427745
NIMES PONT DU GARD,MASSY TGV,29,0.04667630057803468
NIMES PONT DU GARD,MASSY TGV,30,0.009156976744186047
NIMES PONT DU GARD,NANTES,0,0.21807909604519773
NIMES PONT DU GARD,NANTES,1,0.24350282485875707
NIMES PONT DU GARD,NANTES,2,0.22366197183098593
NIMES PONT DU GARD,NANTES,3,0.21915492957746477
NIMES PONT DU GARD,NANTES,4,0.14014084507042254
NIMES PONT DU GARD,NANTES,5,0.15056338028169014
NIMES PONT DU GARD,NANTES,6,0.15985915492957747
NIMES PONT DU GARD,NANTES,7,0.1871830985915493
NIMES PONT DU GARD,NANTES,8,0.1904225352112676
NIMES PONT DU GARD,NANTES,9,0.1784507042253521
NIMES PONT DU GARD,NANTES,10,0.1756338028169014
NIMES PONT DU GARD,NANTES,11,0.1932394366197183
NIMES PONT DU GARD,NANTES,12,0.048591549295774646
NIMES PONT DU GARD,NANTES,13,0.04873239436619718
NIMES PONT DU GARD,NANTES,14,0.04323943661971831
NIMES PONT DU GARD,NANTES,15,0.03901408450704225
NIMES PONT DU GARD,NANTES,16,0.03408450704225352
NIMES PONT DU GARD,NANTES,17,0.03549295774647887
NIMES PONT DU GARD,NANTES,18,0.040395480225988704
NIMES PONT DU GARD,NANTES,19,0.03895184135977337
NIMES PONT DU GARD,NANTES,20,0.049005681818181816
NIMES PONT DU GARD,NANTES,21,0.056552706552706555
NIMES PONT DU GARD,NANTES,22,0.05783475783475784
NIMES PONT DU GARD,NANTES,23,0.06085714285714286
NIMES PONT DU GARD,NANTES,24,0.06114285714285714
NIMES PONT DU GARD,NANTES,25,0.06088825214899714
NIMES PONT DU GARD,NANTES,26,0.05445402298850575
NIMES PONT DU GARD,NANTES,27,0.04783861671469741
NIMES PONT DU GARD,NANTES,28,0.04812138728323699
NIMES PONT DU GARD,NANTES,29,0.046531791907514455
NIMES PONT DU GARD,NANTES,30,0.012063953488372093
NIMES PONT DU GARD,SAUMUR,0,0.2173469387755102
NIMES PONT DU GARD,SAUMUR,1,0.23586005830903792
NIMES PONT DU GARD,SAUMUR,2,0.21438953488372092
NIMES PONT DU GARD,SAUMUR,3,0.21584302325581395
NIMES PONT DU GARD,SAUMUR,4,0.13372093023255813
NIMES PONT DU GARD,SAUMUR,5,0.14549418604651163
NIMES PONT DU GARD,SAUMUR,6,0.15436046511627907
NIMES PONT DU GARD,SAUMUR,7,0.1828488372093023
NIMES PONT DU GARD,SAUMUR,8,0.18880813953488373
NIMES PONT DU GARD,SAUMUR,9,0.17500000000000002
NIMES PONT DU GARD,SAUMUR,10,0.17078488372093023
NIMES PONT DU GARD,SAUMUR,11,0.19171511627906979
NIMES PONT DU GARD,SAUMUR,12,0.043750000000000004
NIMES PONT DU GARD,SAUMUR,13,0.04578488372093023
NIMES PONT DU GARD,SAUMUR,14,0.04040697674418605
NIMES PONT DU GARD,SAUMUR,15,0.037063953488372096
NIMES PONT DU GARD,SAUMUR,16,0.032848837209302324
NIMES PONT DU GARD,SAUMUR,17,0.036337209302325583
NIMES PONT DU GARD,SAUMUR,18,0.037317784256559766
NIMES PONT DU GARD,SAUMUR,19,0.035380116959064324
NIMES PONT DU GARD,SAUMUR,20,0.04002932551319648
NIMES PONT DU GARD,SAUMUR,21,0.04764705882352941
NIMES PONT DU GARD,SAUMUR,22,0.046764705882352944
NIMES PONT DU GARD,SAUMUR,23,0.05058997050147492
NIMES PONT DU GARD,SAUMUR,24,0.051179941002949855
NIMES PONT DU GARD,SAUMUR,25,0.05103550295857988
NIMES PONT DU GARD,SAUMUR,26,0.04391691394658754
NIMES PONT DU GARD,SAUMUR,27,0.039285714285714285
NIMES PONT DU GARD,SAUMUR,28,0.037910447761194024
NIMES PONT DU GARD,SAUMUR,29,0.037014925373134326
NIMES PONT DU GARD,SAUMUR,30,0.006906906906906906
NIMES PONT DU GARD,ST PIERRE DES CORPS,0,0.20962099125364433
NIMES PONT DU GARD,ST PIERRE DES CORPS,1,0.23396501457725946
NIMES PONT DU GARD,ST PIERRE DES CORPS,2,0.21453488372093021
NIMES PONT DU GARD,ST PIERRE DES CORPS,3,0.21337209302325583
NIMES PONT DU GARD,ST PIERRE DES CORPS,4,0.13953488372093023
NIMES PONT DU GARD,ST PIERRE DES CORPS,5,0.14665697674418607
NIMES PONT DU GARD,ST PIERRE DES CORPS,6,0.15406976744186046
NIMES PONT DU GARD,ST PIERRE DES CORPS,7,0.18343023255813953
NIMES PONT DU GARD,ST PIERRE DES CORPS,8,0.18938953488372096
NIMES PONT DU GARD,ST PIERRE DES CORPS,9,0.17383720930232557
NIMES PONT DU GARD,ST PIERRE DES CORPS,10,0.1690406976744186
NIMES PONT DU GARD,ST PIERRE DES CORPS,11,0.19186046511627908
NIMES PONT DU GARD,ST PIERRE DES CORPS,12,0.046075581395348834
NIMES PONT DU GARD,ST PIERRE DES CORPS,13,0.04665697674418605
NIMES PONT DU GARD,ST PIERRE DES CORPS,14,0.041133720930232556
NIMES PONT DU GARD,ST PIERRE DES CORPS,15,0.03662790697674419
NIMES PONT DU GARD,ST PIERRE DES CORPS,16,0.03241279069767442
NIMES PONT DU GARD,ST PIERRE DES CORPS,17,0.035755813953488376
NIMES PONT DU GARD,ST PIERRE DES CORPS,18,0.037900874635568516
NIMES PONT DU GARD,ST PIERRE DES CORPS,19,0.03464912280701754
NIMES PONT DU GARD,ST PIERRE DES CORPS,20,0.04032258064516129
NIMES PONT DU GARD,ST PIERRE DES CORPS,21,0.04617647058823529
NIMES PONT DU GARD,ST PIERRE DES CORPS,22,0.04838235294117647
NIMES PONT DU GARD,ST PIERRE DES CORPS,23,0.05176991150442478
NIMES PONT DU GARD,ST PIERRE DES CORPS,24,0.05265486725663717
NIMES PONT DU GARD,ST PIERRE DES CORPS,25,0.050739644970414194
NIMES PONT DU GARD,ST PIERRE DES CORPS,26,0.044807121661721065
NIMES PONT DU GARD,ST PIERRE DES CORPS,27,0.038392857142857145
NIMES PONT DU GARD,ST PIERRE DES CORPS,28,0.0382089552238806
NIMES PONT DU GARD,ST PIERRE DES CORPS,29,0.03686567164179105
NIMES PONT DU GARD,ST PIERRE DES CORPS,30,0.006456456456456456
NIMES PONT DU GARD,VALENCE TGV AUVERGNE RHONE ALPES,0,0.5937150837988827
NIMES PONT DU GARD,VALENCE TGV AUVERGNE RHONE ALPES,1,0.6026536312849162
NIMES PONT DU GARD,VALENCE TGV AUVERGNE RHONE ALPES,2,0.6079387186629527
NIMES PONT DU GARD,VALENCE TGV AUVERGNE RHONE ALPES,3,0.6196378830083565
NIMES PONT DU GARD,VALENCE TGV AUVERGNE RHONE ALPES,4,0.5473537604456824
NIMES PONT DU GARD,VALENCE TGV AUVERGNE RHONE ALPES,5,0.5406685236768802
NIMES PONT DU GARD,VALENCE TGV AUVERGNE RHONE ALPES,6,0.5323119777158775
NIMES PONT DU GARD,VALENCE TGV AUVERGNE RHONE ALPES,7,0.5282729805013928
NIMES PONT DU GARD,VALENCE TGV AUVERGNE RHONE ALPES,8,0.532033426183844
NIMES PONT DU GARD,VALENCE TGV AUVERGNE RHONE ALPES,9,0.5176880222841226
NIMES PONT DU GARD,VALENCE TGV AUVERGNE RHONE ALPES,10,0.5278551532033426
NIMES PONT DU GARD,VALENCE TGV AUVERGNE RHONE ALPES,11,0.5190807799442897
NIMES PONT DU GARD,VALENCE TGV AUVERGNE RHONE ALPES,12,0.30389972144846794
NIMES PONT DU GARD,VALENCE TGV AUVERGNE RHONE ALPES,13,0.2917827298050139
NIMES PONT DU GARD,VALENCE TGV AUVERGNE RHONE ALPES,14,0.2823119777158774
NIMES PONT DU GARD,VALENCE TGV AUVERGNE RHONE ALPES,15,0.28064066852367686
NIMES PONT DU GARD,VALENCE TGV AUVERGNE RHONE ALPES,16,0.27479108635097493
NIMES PONT DU GARD,VALENCE TGV AUVERGNE RHONE ALPES,17,0.27660167130919217
NIMES PONT DU GARD,VALENCE TGV AUVERGNE RHONE ALPES,18,0.2775139664804469
NIMES PONT DU GARD,VALENCE TGV AUVERGNE RHONE ALPES,19,0.265406162464986
NIMES PONT DU GARD,VALENCE TGV AUVERGNE RHONE ALPES,20,0.26769662921348314
NIMES PONT DU GARD,VALENCE TGV AUVERGNE RHONE ALPES,21,0.2697183098591549
NIMES PONT DU GARD,VALENCE TGV AUVERGNE RHONE ALPES,22,0.25028169014084506
NIMES PONT DU GARD,VALENCE TGV AUVERGNE RHONE ALPES,23,0.24929378531073446
NIMES PONT DU GARD,VALENCE TGV AUVERGNE RHONE ALPES,24,0.24703389830508476
NIMES PONT DU GARD,VALENCE TGV AUVERGNE RHONE ALPES,25,0.2406515580736544
NIMES PONT DU GARD,VALENCE TGV AUVERGNE RHONE ALPES,26,0.23366477272727273
NIMES PONT DU GARD,VALENCE TGV AUVERGNE RHONE ALPES,27,0.20712250712250713
NIMES PONT DU GARD,VALENCE TGV AUVERGNE RHONE ALPES,28,0.194
NIMES PONT DU GARD,VALENCE TGV AUVERGNE RHONE ALPES,29,0.18342857142857144
NIMES PONT DU GARD,VALENCE TGV AUVERGNE RHONE ALPES,30,0.034482758620689655
NIMES PONT DU GARD,VALENCE VILLE,0,0.3875
NIMES PONT DU GARD,VALENCE VILLE,1,0.275
NIMES PONT DU GARD,VALENCE VILLE,2,0.4625
NIMES PONT DU GARD,VALENCE VILLE,3,0.4625
NIMES PONT DU GARD,VALENCE VILLE,4,0.25
NIMES PONT DU GARD,VALENCE VILLE,5,0.1125
NIMES PONT DU GARD,VALENCE VILLE,6,0.1125
NIMES PONT DU GARD,VALENCE VILLE,7,0.2
NIMES PONT DU GARD,VALENCE VILLE,8,0.1
NIMES PONT DU GARD,VALENCE VILLE,9,0.2125
NIMES PONT DU GARD,VALENCE VILLE,10,0.2625
NIMES PONT DU GARD,VALENCE VILLE,11,0.2375
NIMES PONT DU GARD,VALENCE VILLE,12,0.0125
NIMES PONT DU GARD,VALENCE VILLE,13,0.0
NIMES PONT DU GARD,VALENCE VILLE,14,0.0
NIMES PONT DU GARD,VALENCE VILLE,15,0.0
NIMES PONT DU GARD,VALENCE VILLE,16,0.0
NIMES PONT DU GARD,VALENCE VILLE,17,0.0
NIMES PONT DU GARD,VALENCE VILLE,18,0.0
NIMES PONT DU GARD,VALENCE VILLE,19,0.0125
NIMES PONT DU GARD,VALENCE VILLE,20,0.225
NIMES PONT DU GARD,VALENCE VILLE,21,0.25
NIMES PONT DU GARD,VALENCE VILLE,22,0.4625
NIMES PONT DU GARD,VALENCE VILLE,23,0.4875
NIMES PONT DU GARD,VALENCE VILLE,24,0.5
NIMES PONT DU GARD,VALENCE VILLE,25,0.5
NIMES PONT DU GARD,VALENCE VILLE,26,0.5
NIMES PONT DU GARD,VALENCE VILLE,27,0.5
NIMES PONT DU GARD,VALENCE VILLE,28,0.5
NIMES PONT DU GARD,VALENCE VILLE,29,0.475
NIMES PONT DU GARD,VALENCE VILLE,30,0.15
REDON,AURAY,0,0.85
REDON,AURAY,1,0.9
REDON,AURAY,2,0.8
REDON,AURAY,3,0.25
REDON,AURAY,4,0.0
REDON,AURAY,5,0.0
REDON,AURAY,6,0.0
REDON,AURAY,7,0.0
REDON,AURAY,8,0.0
REDON,AURAY,9,0.0
REDON,AURAY,10,0.0
REDON,AURAY,11,0.0
REDON,AURAY,12,0.0
REDON,AURAY,13,0.0
REDON,AURAY,14,0.0
REDON,AURAY,15,0.0
REDON,AURAY,16,0.0
REDON,AURAY,17,0.0
REDON,AURAY,18,0.0
REDON,AURAY,19,0.0
REDON,AURAY,20,0.0
REDON,AURAY,21,0.0
REDON,AURAY,22,0.0
REDON,AURAY,23,0.0
REDON,AURAY,24,0.0
REDON,AURAY,25,0.0
REDON,AURAY,26,0.0
REDON,AURAY,27,0.0
REDON,AURAY,28,0.0
REDON,AURAY,29,0.0
REDON,AURAY,30,0.0
REDON,LORIENT,0,0.95
REDON,LORIENT,1,0.9
REDON,LORIENT,2,0.85
REDON,LORIENT,3,0.3
REDON,LORIENT,4,0.0
REDON,LORIENT,5,0.0
REDON,LORIENT,6,0.0
REDON,LORIENT,7,0.0
REDON,LORIENT,8,0.0
REDON,LORIENT,9,0.0
REDON,LORIENT,10,0.0
REDON,LORIENT,11,0.0
REDON,LORIENT,12,0.0
REDON,LORIENT,13,0.0
REDON,LORIENT,14,0.0
REDON,LORIENT,15,0.0
REDON,LORIENT,16,0.0
REDON,LORIENT,17,0.0
REDON,LORIENT,18,0.0
REDON,LORIENT,19,0.0
REDON,LORIENT,20,0.0
REDON,LORIENT,21,0.0
REDON,LORIENT,22,0.0
REDON,LORIENT,23,0.0
REDON,LORIENT,24,0.0
REDON,LORIENT,25,0.0
REDON,LORIENT,26,0.0
REDON,LORIENT,27,0.0
REDON,LORIENT,28,0.0
REDON,LORIENT,29,0.0
REDON,LORIENT,30,0.0
REDON,QUIMPER,0,0.9
REDON,QUIMPER,1,0.9
REDON,QUIMPER,2,0.9
REDON,QUIMPER,3,0.2
REDON,QUIMPER,4,0.0
REDON,QUIMPER,5,0.0
REDON,QUIMPER,6,0.0
REDON,QUIMPER,7,0.0
REDON,QUIMPER,8,0.0
REDON,QUIMPER,9,0.0
REDON,QUIMPER,10,0.0
REDON,QUIMPER,11,0.0
REDON,QUIMPER,12,0.0
REDON,QUIMPER,13,0.0
REDON,QUIMPER,14,0.0
REDON,QUIMPER,15,0.0
REDON,QUIMPER,16,0.0
REDON,QUIMPER,17,0.0
REDON,QUIMPER,18,0.0
REDON,QUIMPER,19,0.0
REDON,QUIMPER,20,0.0
REDON,QUIMPER,21,0.0
REDON,QUIMPER,22,0.0
REDON,QUIMPER,23,0.0
REDON,QUIMPER,24,0.0
REDON,QUIMPER,25,0.0
REDON,QUIMPER,26,0.0
REDON,QUIMPER,27,0.0
REDON,QUIMPER,28,0.0
REDON,QUIMPER,29,0.0
REDON,QUIMPER,30,0.0
REDON,VANNES,0,0.9
REDON,VANNES,1,0.9
REDON,VANNES,2,0.8
REDON,VANNES,3,0.1
REDON,VANNES,4,0.0
REDON,VANNES,5,0.0
REDON,VANNES,6,0.0
REDON,VANNES,7,0.0
REDON,VANNES,8,0.0
REDON,VANNES,9,0.0
REDON,VANNES,10,0.0
REDON,VANNES,11,0.0
REDON,VANNES,12,0.0
REDON,VANNES,13,0.0
REDON,VANNES,14,0.0
REDON,VANNES,15,0.0
REDON,VANNES,16,0.0
REDON,VANNES,17,0.0
REDON,VANNES,18,0.0
REDON,VANNES,19,0.0
REDON,VANNES,20,0.0
REDON,VANNES,21,0.0
REDON,VANNES,22,0.0
REDON,VANNES,23,0.0
REDON,VANNES,24,0.0
REDON,VANNES,25,0.0
REDON,VANNES,26,0.0
REDON,VANNES,27,0.0
REDON,VANNES,28,0.0
REDON,VANNES,29,0.0
REDON,VANNES,30,0.0
RENNES,NANTES,0,0.025
RENNES,NANTES,1,0.0
RENNES,NANTES,2,0.05
RENNES,NANTES,3,0.07500000000000001
RENNES,NANTES,4,0.0
RENNES,NANTES,5,0.025
RENNES,NANTES,6,0.0
RENNES,NANTES,7,0.025
RENNES,NANTES,8,0.0
RENNES,NANTES,9,0.0
RENNES,NANTES,10,0.0
RENNES,NANTES,11,0.0
RENNES,NANTES,12,0.0
RENNES,NANTES,13,0.0
RENNES,NANTES,14,0.0
RENNES,NANTES,15,0.0
RENNES,NANTES,16,0.0
RENNES,NANTES,17,0.0
RENNES,NANTES,18,0.0
RENNES,NANTES,19,0.0
RENNES,NANTES,20,0.0
RENNES,NANTES,21,0.0
RENNES,NANTES,22,0.0
RENNES,NANTES,23,0.0
RENNES,NANTES,24,0.0
RENNES,NANTES,25,0.0
RENNES,NANTES,26,0.0
RENNES,NANTES,27,0.0
RENNES,NANTES,28,0.0
RENNES,NANTES,29,0.0
RENNES,NANTES,30,0.0
ROUEN RIVE DROITE,LE HAVRE,0,0.9946735395189003
ROUEN RIVE DROITE,LE HAVRE,1,0.9960344827586207
ROUEN RIVE DROITE,LE HAVRE,2,0.9958620689655173
ROUEN RIVE DROITE,LE HAVRE,3,0.9944827586206896
ROUEN RIVE DROITE,LE HAVRE,4,0.9977586206896553
ROUEN RIVE DROITE,LE HAVRE,5,0.9986159169550174
ROUEN RIVE DROITE,LE HAVRE,6,0.998961937716263
ROUEN RIVE DROITE,LE HAVRE,7,0.9987889273356401
ROUEN RIVE DROITE,LE HAVRE,8,0.9986111111111112
ROUEN RIVE DROITE,LE HAVRE,9,0.9955017301038062
ROUEN RIVE DROITE,LE HAVRE,10,0.9943103448275863
ROUEN RIVE DROITE,LE HAVRE,11,0.9905172413793103
ROUEN RIVE DROITE,LE HAVRE,12,0.7982698961937715
ROUEN RIVE DROITE,LE HAVRE,13,0.7732638888888889
ROUEN RIVE DROITE,LE HAVRE,14,0.7532986111111111
ROUEN RIVE DROITE,LE HAVRE,15,0.7364583333333333
ROUEN RIVE DROITE,LE HAVRE,16,0.7310763888888889
ROUEN RIVE DROITE,LE HAVRE,17,0.7329861111111111
ROUEN RIVE DROITE,LE HAVRE,18,0.7139372822299652
ROUEN RIVE DROITE,LE HAVRE,19,0.6924825174825175
ROUEN RIVE DROITE,LE HAVRE,20,0.6613636363636364
ROUEN RIVE DROITE,LE HAVRE,21,0.6489510489510489
ROUEN RIVE DROITE,LE HAVRE,22,0.6256993006993007
ROUEN RIVE DROITE,LE HAVRE,23,0.6190559440559441
ROUEN RIVE DROITE,LE HAVRE,24,0.5986013986013986
ROUEN RIVE DROITE,LE HAVRE,25,0.5798245614035088
ROUEN RIVE DROITE,LE HAVRE,26,0.5681338028169014
ROUEN RIVE DROITE,LE HAVRE,27,0.5477112676056338
ROUEN RIVE DROITE,LE HAVRE,28,0.5109154929577464
ROUEN RIVE DROITE,LE HAVRE,29,0.4924295774647887
ROUEN RIVE DROITE,LE HAVRE,30,0.04240282685512368
SAINT AVRE LA CHAMBRE,ANGERS SAINT LAUD,0,0.0
SAINT AVRE LA CHAMBRE,ANGERS SAINT LAUD,1,0.0
SAINT AVRE LA CHAMBRE,ANGERS SAINT LAUD,2,0.0
SAINT AVRE LA CHAMBRE,ANGERS SAINT LAUD,3,0.05
SAINT AVRE LA CHAMBRE,ANGERS SAINT LAUD,4,0.0
SAINT AVRE LA CHAMBRE,ANGERS SAINT LAUD,5,0.0
SAINT AVRE LA CHAMBRE,ANGERS SAINT LAUD,6,0.0
SAINT AVRE LA CHAMBRE,ANGERS SAINT LAUD,7,0.0
SAINT AVRE LA CHAMBRE,ANGERS SAINT LAUD,8,0.0
SAINT AVRE LA CHAMBRE,ANGERS SAINT LAUD,9,0.0
SAINT AVRE LA CHAMBRE,ANGERS SAINT LAUD,10,0.0
SAINT AVRE LA CHAMBRE,ANGERS SAINT LAUD,11,0.0
SAINT AVRE LA CHAMBRE,ANGERS SAINT LAUD,12,0.0
SAINT AVRE LA CHAMBRE,ANGERS SAINT LAUD,13,0.0
SAINT AVRE LA CHAMBRE,ANGERS SAINT LAUD,14,0.0
SAINT AVRE LA CHAMBRE,ANGERS SAINT LAUD,15,0.0
SAINT AVRE LA CHAMBRE,ANGERS SAINT LAUD,16,0.0
SAINT AVRE LA CHAMBRE,ANGERS SAINT LAUD,17,0.0
SAINT AVRE LA CHAMBRE,ANGERS SAINT LAUD,18,0.0
SAINT AVRE LA CHAMBRE,ANGERS SAINT LAUD,19,0.0
SAINT AVRE LA CHAMBRE,ANGERS SAINT LAUD,20,0.0
SAINT AVRE LA CHAMBRE,ANGERS SAINT LAUD,21,0.0
SAINT AVRE LA CHAMBRE,ANGERS SAINT LAUD,22,0.0
SAINT AVRE LA CHAMBRE,ANGERS SAINT LAUD,23,0.0
SAINT AVRE LA CHAMBRE,ANGERS SAINT LAUD,24,0.0
SAINT AVRE LA CHAMBRE,ANGERS SAINT LAUD,25,0.0
SAINT AVRE LA CHAMBRE,ANGERS SAINT LAUD,26,0.0
SAINT AVRE LA CHAMBRE,ANGERS SAINT LAUD,27,0.0
SAINT AVRE LA CHAMBRE,ANGERS SAINT LAUD,28,0.0
SAINT AVRE LA CHAMBRE,ANGERS SAINT LAUD,29,0.0
SAINT AVRE LA CHAMBRE,ANGERS SAINT LAUD,30,0.0
SAINT AVRE LA CHAMBRE,AURAY,0,0.0
SAINT AVRE LA CHAMBRE,AURAY,1,0.0
SAINT AVRE LA CHAMBRE,AURAY,2,0.0
SAINT AVRE LA CHAMBRE,AURAY,3,0.0
SAINT AVRE LA CHAMBRE,AURAY,4,0.0
SAINT AVRE LA CHAMBRE,AURAY,5,0.0
SAINT AVRE LA CHAMBRE,AURAY,6,0.0
SAINT AVRE LA CHAMBRE,AURAY,7,0.0
SAINT AVRE LA CHAMBRE,AURAY,8,0.0
SAINT AVRE LA CHAMBRE,AURAY,9,0.0
SAINT AVRE LA CHAMBRE,AURAY,10,0.0
SAINT AVRE LA CHAMBRE,AURAY,11,0.0
SAINT AVRE LA CHAMBRE,AURAY,12,0.0
SAINT AVRE LA CHAMBRE,AURAY,13,0.0
SAINT AVRE LA CHAMBRE,AURAY,14,0.0
SAINT AVRE LA CHAMBRE,AURAY,15,0.0
SAINT AVRE LA CHAMBRE,AURAY,16,0.0
SAINT AVRE LA CHAMBRE,AURAY,17,0.0
SAINT AVRE LA CHAMBRE,AURAY,18,0.0
SAINT AVRE LA CHAMBRE,AURAY,19,0.0
SAINT AVRE LA CHAMBRE,AURAY,20,0.0
SAINT AVRE LA CHAMBRE,AURAY,21,0.0
SAINT AVRE LA CHAMBRE,AURAY,22,0.0
SAINT AVRE LA CHAMBRE,AURAY,23,0.0
SAINT AVRE LA CHAMBRE,AURAY,24,0.0
SAINT AVRE LA CHAMBRE,AURAY,25,0.0
SAINT AVRE LA CHAMBRE,AURAY,26,0.0
SAINT AVRE LA CHAMBRE,AURAY,27,0.0
SAINT AVRE LA CHAMBRE,AURAY,28,0.0
SAINT AVRE LA CHAMBRE,AURAY,29,0.0
SAINT AVRE LA CHAMBRE,AURAY,30,0.0
SAINT AVRE LA CHAMBRE,CHAMBERY CHALLES LES EAUX,0,0.1
SAINT AVRE LA CHAMBRE,CHAMBERY CHALLES LES EAUX,1,0.0
SAINT AVRE LA CHAMBRE,CHAMBERY CHALLES LES EAUX,2,0.05
SAINT AVRE LA CHAMBRE,CHAMBERY CHALLES LES EAUX,3,0.0
SAINT AVRE LA CHAMBRE,CHAMBERY CHALLES LES EAUX,4,0.0
SAINT AVRE LA CHAMBRE,CHAMBERY CHALLES LES EAUX,5,0.0
SAINT AVRE LA CHAMBRE,CHAMBERY CHALLES LES EAUX,6,0.0
SAINT AVRE LA CHAMBRE,CHAMBERY CHALLES LES EAUX,7,0.0
SAINT AVRE LA CHAMBRE,CHAMBERY CHALLES LES EAUX,8,0.0
SAINT AVRE LA CHAMBRE,CHAMBERY CHALLES LES EAUX,9,0.0
SAINT AVRE LA CHAMBRE,CHAMBERY CHALLES LES EAUX,10,0.0
SAINT AVRE LA CHAMBRE,CHAMBERY CHALLES LES EAUX,11,0.0
SAINT AVRE LA CHAMBRE,CHAMBERY CHALLES LES EAUX,12,0.0
SAINT AVRE LA CHAMBRE,CHAMBERY CHALLES LES EAUX,13,0.0
SAINT AVRE LA CHAMBRE,CHAMBERY CHALLES LES EAUX,14,0.0
SAINT AVRE LA CHAMBRE,CHAMBERY CHALLES LES EAUX,15,0.0
SAINT AVRE LA CHAMBRE,CHAMBERY CHALLES LES EAUX,16,0.0
SAINT AVRE LA CHAMBRE,CHAMBERY CHALLES LES EAUX,17,0.0
SAINT AVRE LA CHAMBRE,CHAMBERY CHALLES LES EAUX,18,0.0
SAINT AVRE LA CHAMBRE,CHAMBERY CHALLES LES EAUX,19,0.0
SAINT AVRE LA CHAMBRE,CHAMBERY CHALLES LES EAUX,20,0.0
SAINT AVRE LA CHAMBRE,CHAMBERY CHALLES LES EAUX,21,0.0
SAINT AVRE LA CHAMBRE,CHAMBERY CHALLES LES EAUX,22,0.0
SAINT AVRE LA CHAMBRE,CHAMBERY CHALLES LES EAUX,23,0.0
SAINT AVRE LA CHAMBRE,CHAMBERY CHALLES LES EAUX,24,0.0
SAINT AVRE LA CHAMBRE,CHAMBERY CHALLES LES EAUX,25,0.0
SAINT AVRE LA CHAMBRE,CHAMBERY CHALLES LES EAUX,26,0.0
SAINT AVRE LA CHAMBRE,CHAMBERY CHALLES LES EAUX,27,0.0
SAINT AVRE LA CHAMBRE,CHAMBERY CHALLES LES EAUX,28,0.0
SAINT AVRE LA CHAMBRE,CHAMBERY CHALLES LES EAUX,29,0.0
SAINT AVRE LA CHAMBRE,CHAMBERY CHALLES LES EAUX,30,0.0
SAINT AVRE LA CHAMBRE,LE MANS,0,0.05
SAINT AVRE LA CHAMBRE,LE MANS,1,0.05
SAINT AVRE LA CHAMBRE,LE MANS,2,0.05
SAINT AVRE LA CHAMBRE,LE MANS,3,0.05
SAINT AVRE LA CHAMBRE,LE MANS,4,0.0
SAINT AVRE LA CHAMBRE,LE MANS,5,0.0
SAINT AVRE LA CHAMBRE,LE MANS,6,0.0
SAINT AVRE LA CHAMBRE,LE MANS,7,0.0
SAINT AVRE LA CHAMBRE,LE MANS,8,0.0
SAINT AVRE LA CHAMBRE,LE MANS,9,0.0
SAINT AVRE LA CHAMBRE,LE MANS,10,0.0
SAINT AVRE LA CHAMBRE,LE MANS,11,0.0
SAINT AVRE LA CHAMBRE,LE MANS,12,0.0
SAINT AVRE LA CHAMBRE,LE MANS,13,0.0
SAINT AVRE LA CHAMBRE,LE MANS,14,0.0
SAINT AVRE LA CHAMBRE,LE MANS,15,0.0
SAINT AVRE LA CHAMBRE,LE MANS,16,0.0
SAINT AVRE LA CHAMBRE,LE MANS,17,0.0
SAINT AVRE LA CHAMBRE,LE MANS,18,0.0
SAINT AVRE LA CHAMBRE,LE MANS,19,0.0
SAINT AVRE LA CHAMBRE,LE MANS,20,0.0
SAINT AVRE LA CHAMBRE,LE MANS,21,0.0
SAINT AVRE LA CHAMBRE,LE MANS,22,0.0
SAINT AVRE LA CHAMBRE,LE MANS,23,0.0
SAINT AVRE LA CHAMBRE,LE MANS,24,0.0
SAINT AVRE LA CHAMBRE,LE MANS,25,0.0
SAINT AVRE LA CHAMBRE,LE MANS,26,0.0
SAINT AVRE LA CHAMBRE,LE MANS,27,0.0
SAINT AVRE LA CHAMBRE,LE MANS,28,0.0
SAINT AVRE LA CHAMBRE,LE MANS,29,0.0
SAINT AVRE LA CHAMBRE,LE MANS,30,0.0
SAINT AVRE LA CHAMBRE,LORIENT,0,0.1
SAINT AVRE LA CHAMBRE,LORIENT,1,0.05
SAINT AVRE LA CHAMBRE,LORIENT,2,0.05
SAINT AVRE LA CHAMBRE,LORIENT,3,0.0
SAINT AVRE LA CHAMBRE,LORIENT,4,0.0
SAINT AVRE LA CHAMBRE,LORIENT,5,0.0
SAINT AVRE LA CHAMBRE,LORIENT,6,0.0
SAINT AVRE LA CHAMBRE,LORIENT,7,0.0
SAINT AVRE LA CHAMBRE,LORIENT,8,0.0
SAINT AVRE LA CHAMBRE,LORIENT,9,0.0
SAINT AVRE LA CHAMBRE,LORIENT,10,0.0
SAINT AVRE LA CHAMBRE,LORIENT,11,0.0
SAINT AVRE LA CHAMBRE,LORIENT,12,0.0
SAINT AVRE LA CHAMBRE,LORIENT,13,0.0
SAINT AVRE LA CHAMBRE,LORIENT,14,0.0
SAINT AVRE LA CHAMBRE,LORIENT,15,0.0
SAINT AVRE LA CHAMBRE,LORIENT,16,0.0
SAINT AVRE LA CHAMBRE,LORIENT,17,0.0
SAINT AVRE LA CHAMBRE,LORIENT,18,0.0
SAINT AVRE LA CHAMBRE,LORIENT,19,0.0
SAINT AVRE LA CHAMBRE,LORIENT,20,0.0
SAINT AVRE LA CHAMBRE,LORIENT,21,0.0
SAINT AVRE LA CHAMBRE,LORIENT,22,0.0
SAINT AVRE LA CHAMBRE,LORIENT,23,0.0
SAINT AVRE LA CHAMBRE,LORIENT,24,0.0
SAINT AVRE LA CHAMBRE,LORIENT,25,0.0
SAINT AVRE LA CHAMBRE,LORIENT,26,0.0
SAINT AVRE LA CHAMBRE,LORIENT,27,0.0
SAINT AVRE LA CHAMBRE,LORIENT,28,0.0
SAINT AVRE LA CHAMBRE,LORIENT,29,0.0
SAINT AVRE LA CHAMBRE,LORIENT,30,0.0
SAINT AVRE LA CHAMBRE,MASSY TGV,0,0.0
SAINT AVRE LA CHAMBRE,MASSY TGV,1,0.05
SAINT AVRE LA CHAMBRE,MASSY TGV,2,0.0
SAINT AVRE LA CHAMBRE,MASSY TGV,3,0.0
SAINT AVRE LA CHAMBRE,MASSY TGV,4,0.0
SAINT AVRE LA CHAMBRE,MASSY TGV,5,0.0
SAINT AVRE LA CHAMBRE,MASSY TGV,6,0.0
SAINT AVRE LA CHAMBRE,MASSY TGV,7,0.0
SAINT AVRE LA CHAMBRE,MASSY TGV,8,0.0
SAINT AVRE LA CHAMBRE,MASSY TGV,9,0.0
SAINT AVRE LA CHAMBRE,MASSY TGV,10,0.0
SAINT AVRE LA CHAMBRE,MASSY TGV,11,0.0
SAINT AVRE LA CHAMBRE,MASSY TGV,12,0.0
SAINT AVRE LA CHAMBRE,MASSY TGV,13,0.0
SAINT AVRE LA CHAMBRE,MASSY TGV,14,0.0
SAINT AVRE LA CHAMBRE,MASSY TGV,15,0.0
SAINT AVRE LA CHAMBRE,MASSY TGV,16,0.0
SAINT AVRE LA CHAMBRE,MASSY TGV,17,0.0
SAINT AVRE LA CHAMBRE,MASSY TGV,18,0.0
SAINT AVRE LA CHAMBRE,MASSY TGV,19,0.0
SAINT AVRE LA CHAMBRE,MASSY TGV,20,0.0
SAINT AVRE LA CHAMBRE,MASSY TGV,21,0.0
SAINT AVRE LA CHAMBRE,MASSY TGV,22,0.0
SAINT AVRE LA CHAMBRE,MASSY TGV,23,0.0
SAINT AVRE LA CHAMBRE,MASSY TGV,24,0.0
SAINT AVRE LA CHAMBRE,MASSY TGV,25,0.0
SAINT AVRE LA CHAMBRE,MASSY TGV,26,0.0
SAINT AVRE LA CHAMBRE,MASSY TGV,27,0.0
SAINT AVRE LA CHAMBRE,MASSY TGV,28,0.0
SAINT AVRE LA CHAMBRE,MASSY TGV,29,0.0
SAINT AVRE LA CHAMBRE,MASSY TGV,30,0.0
SAINT AVRE LA CHAMBRE,NANTES,0,0.1
SAINT AVRE LA CHAMBRE,NANTES,1,0.05
SAINT AVRE LA CHAMBRE,NANTES,2,0.0
SAINT AVRE LA CHAMBRE,NANTES,3,0.0
SAINT AVRE LA CHAMBRE,NANTES,4,0.0
SAINT AVRE LA CHAMBRE,NANTES,5,0.0
SAINT AVRE LA CHAMBRE,NANTES,6,0.0
SAINT AVRE LA CHAMBRE,NANTES,7,0.0
SAINT AVRE LA CHAMBRE,NANTES,8,0.0
SAINT AVRE LA CHAMBRE,NANTES,9,0.0
SAINT AVRE LA CHAMBRE,NANTES,10,0.0
SAINT AVRE LA CHAMBRE,NANTES,11,0.0
SAINT AVRE LA CHAMBRE,NANTES,12,0.0
SAINT AVRE LA CHAMBRE,NANTES,13,0.0
SAINT AVRE LA CHAMBRE,NANTES,14,0.0
SAINT AVRE LA CHAMBRE,NANTES,15,0.0
SAINT AVRE LA CHAMBRE,NANTES,16,0.0
SAINT AVRE LA CHAMBRE,NANTES,17,0.0
SAINT AVRE LA CHAMBRE,NANTES,18,0.0
SAINT AVRE LA CHAMBRE,NANTES,19,0.0
SAINT AVRE LA CHAMBRE,NANTES,20,0.0
SAINT AVRE LA CHAMBRE,NANTES,21,0.0
SAINT AVRE LA CHAMBRE,NANTES,22,0.0
SAINT AVRE LA CHAMBRE,NANTES,23,0.0
SAINT AVRE LA CHAMBRE,NANTES,24,0.0
SAINT AVRE LA CHAMBRE,NANTES,25,0.0
SAINT AVRE LA CHAMBRE,NANTES,26,0.0
SAINT AVRE LA CHAMBRE,NANTES,27,0.0
SAINT AVRE LA CHAMBRE,NANTES,28,0.0
SAINT AVRE LA CHAMBRE,NANTES,29,0.0
SAINT AVRE LA CHAMBRE,NANTES,30,0.0
SAINT AVRE LA CHAMBRE,QUIMPER,0,0.1
SAINT AVRE LA CHAMBRE,QUIMPER,1,0.05
SAINT AVRE LA CHAMBRE,QUIMPER,2,0.1
SAINT AVRE LA CHAMBRE,QUIMPER,3,0.0
SAINT AVRE LA CHAMBRE,QUIMPER,4,0.0
SAINT AVRE LA CHAMBRE,QUIMPER,5,0.0
SAINT AVRE LA CHAMBRE,QUIMPER,6,0.0
SAINT AVRE LA CHAMBRE,QUIMPER,7,0.0
SAINT AVRE LA CHAMBRE,QUIMPER,8,0.0
SAINT AVRE LA CHAMBRE,QUIMPER,9,0.0
SAINT AVRE LA CHAMBRE,QUIMPER,10,0.0
SAINT AVRE LA CHAMBRE,QUIMPER,11,0.0
SAINT AVRE LA CHAMBRE,QUIMPER,12,0.0
SAINT AVRE LA CHAMBRE,QUIMPER,13,0.0
SAINT AVRE LA CHAMBRE,QUIMPER,14,0.0
SAINT AVRE LA CHAMBRE,QUIMPER,15,0.0
SAINT AVRE LA CHAMBRE,QUIMPER,16,0.0
SAINT AVRE LA CHAMBRE,QUIMPER,17,0.0
SAINT AVRE LA CHAMBRE,QUIMPER,18,0.0
SAINT AVRE LA CHAMBRE,QUIMPER,19,0.0
SAINT AVRE LA CHAMBRE,QUIMPER,20,0.0
SAINT AVRE LA CHAMBRE,QUIMPER,21,0.0
SAINT AVRE LA CHAMBRE,QUIMPER,22,0.0
SAINT AVRE LA CHAMBRE,QUIMPER,23,0.0
SAINT AVRE LA CHAMBRE,QUIMPER,24,0.0
SAINT AVRE LA CHAMBRE,QUIMPER,25,0.0
SAINT AVRE LA CHAMBRE,QUIMPER,26,0.0
SAINT AVRE LA CHAMBRE,QUIMPER,27,0.0
SAINT AVRE LA CHAMBRE,QUIMPER,28,0.0
SAINT AVRE LA CHAMBRE,QUIMPER,29,0.0
SAINT AVRE LA CHAMBRE,QUIMPER,30,0.0
SAINT AVRE LA CHAMBRE,REDON,0,0.05
SAINT AVRE LA CHAMBRE,REDON,1,0.05
SAINT AVRE LA CHAMBRE,REDON,2,0.05
SAINT AVRE LA CHAMBRE,REDON,3,0.0
SAINT AVRE LA CHAMBRE,REDON,4,0.0
SAINT AVRE LA CHAMBRE,REDON,5,0.0
SAINT AVRE LA CHAMBRE,REDON,6,0.0
SAINT AVRE LA CHAMBRE,REDON,7,0.0
SAINT AVRE LA CHAMBRE,REDON,8,0.0
SAINT AVRE LA CHAMBRE,REDON,9,0.0
SAINT AVRE LA CHAMBRE,REDON,10,0.0
SAINT AVRE LA CHAMBRE,REDON,11,0.0
SAINT AVRE LA CHAMBRE,REDON,12,0.0
SAINT AVRE LA CHAMBRE,REDON,13,0.0
SAINT AVRE LA CHAMBRE,REDON,14,0.0
SAINT AVRE LA CHAMBRE,REDON,15,0.0
SAINT AVRE LA CHAMBRE,REDON,16,0.0
SAINT AVRE LA CHAMBRE,REDON,17,0.0
SAINT AVRE LA CHAMBRE,REDON,18,0.0
SAINT AVRE LA CHAMBRE,REDON,19,0.0
SAINT AVRE LA CHAMBRE,REDON,20,0.0
SAINT AVRE LA CHAMBRE,REDON,21,0.0
SAINT AVRE LA CHAMBRE,REDON,22,0.0
SAINT AVRE LA CHAMBRE,REDON,23,0.0
SAINT AVRE LA CHAMBRE,REDON,24,0.0
SAINT AVRE LA CHAMBRE,REDON,25,0.0
SAINT AVRE LA CHAMBRE,REDON,26,0.0
SAINT AVRE LA CHAMBRE,REDON,27,0.0
SAINT AVRE LA CHAMBRE,REDON,28,0.0
SAINT AVRE LA CHAMBRE,REDON,29,0.0
SAINT AVRE LA CHAMBRE,REDON,30,0.0
SAINT AVRE LA CHAMBRE,RENNES,0,0.05
SAINT AVRE LA CHAMBRE,RENNES,1,0.0
SAINT AVRE LA CHAMBRE,RENNES,2,0.0
SAINT AVRE LA CHAMBRE,RENNES,3,0.0
SAINT AVRE LA CHAMBRE,RENNES,4,0.0
SAINT AVRE LA CHAMBRE,RENNES,5,0.0
SAINT AVRE LA CHAMBRE,RENNES,6,0.0
SAINT AVRE LA CHAMBRE,RENNES,7,0.0
SAINT AVRE LA CHAMBRE,RENNES,8,0.0
SAINT AVRE LA CHAMBRE,RENNES,9,0.0
SAINT AVRE LA CHAMBRE,RENNES,10,0.0
SAINT AVRE LA CHAMBRE,RENNES,11,0.0
SAINT AVRE LA CHAMBRE,RENNES,12,0.0
SAINT AVRE LA CHAMBRE,RENNES,13,0.0
SAINT AVRE LA CHAMBRE,RENNES,14,0.0
SAINT AVRE LA CHAMBRE,RENNES,15,0.0
SAINT AVRE LA CHAMBRE,RENNES,16,0.0
SAINT AVRE LA CHAMBRE,RENNES,17,0.0
SAINT AVRE LA CHAMBRE,RENNES,18,0.0
SAINT AVRE LA CHAMBRE,RENNES,19,0.0
SAINT AVRE LA CHAMBRE,RENNES,20,0.0
SAINT AVRE LA CHAMBRE,RENNES,21,0.0
SAINT AVRE LA CHAMBRE,RENNES,22,0.0
SAINT AVRE LA CHAMBRE,RENNES,23,0.0
SAINT AVRE LA CHAMBRE,RENNES,24,0.0
SAINT AVRE LA CHAMBRE,RENNES,25,0.0
SAINT AVRE LA CHAMBRE,RENNES,26,0.0
SAINT AVRE LA CHAMBRE,RENNES,27,0.0
SAINT AVRE LA CHAMBRE,RENNES,28,0.0
SAINT AVRE LA CHAMBRE,RENNES,29,0.0
SAINT AVRE LA CHAMBRE,RENNES,30,0.0
SAINT AVRE LA CHAMBRE,VANNES,0,0.0
SAINT AVRE LA CHAMBRE,VANNES,1,0.0
SAINT AVRE LA CHAMBRE,VANNES,2,0.0
SAINT AVRE LA CHAMBRE,VANNES,3,0.0
SAINT AVRE LA CHAMBRE,VANNES,4,0.0
SAINT AVRE LA CHAMBRE,VANNES,5,0.0
SAINT AVRE LA CHAMBRE,VANNES,6,0.0
SAINT AVRE LA CHAMBRE,VANNES,7,0.0
SAINT AVRE LA CHAMBRE,VANNES,8,0.0
SAINT AVRE LA CHAMBRE,VANNES,9,0.0
SAINT AVRE LA CHAMBRE,VANNES,10,0.0
SAINT AVRE LA CHAMBRE,VANNES,11,0.0
SAINT AVRE LA CHAMBRE,VANNES,12,0.0
SAINT AVRE LA CHAMBRE,VANNES,13,0.0
SAINT AVRE LA CHAMBRE,VANNES,14,0.0
SAINT AVRE LA CHAMBRE,VANNES,15,0.0
SAINT AVRE LA CHAMBRE,VANNES,16,0.0
SAINT AVRE LA CHAMBRE,VANNES,17,0.0
SAINT AVRE LA CHAMBRE,VANNES,18,0.0
SAINT AVRE LA CHAMBRE,VANNES,19,0.0
SAINT AVRE LA CHAMBRE,VANNES,20,0.0
SAINT AVRE LA CHAMBRE,VANNES,21,0.0
SAINT AVRE LA CHAMBRE,VANNES,22,0.0
SAINT AVRE LA CHAMBRE,VANNES,23,0.0
SAINT AVRE LA CHAMBRE,VANNES,24,0.0
SAINT AVRE LA CHAMBRE,VANNES,25,0.0
SAINT AVRE LA CHAMBRE,VANNES,26,0.0
SAINT AVRE LA CHAMBRE,VANNES,27,0.0
SAINT AVRE LA CHAMBRE,VANNES,28,0.0
SAINT AVRE LA CHAMBRE,VANNES,29,0.0
SAINT AVRE LA CHAMBRE,VANNES,30,0.0
SALLANCHES COMBLOUX MEGEVE,CLUSES (HAUTE SAVOIE),0,1.0
SALLANCHES COMBLOUX MEGEVE,CLUSES (HAUTE SAVOIE),1,1.0
SALLANCHES COMBLOUX MEGEVE,CLUSES (HAUTE SAVOIE),2,1.0
SALLANCHES COMBLOUX MEGEVE,CLUSES (HAUTE SAVOIE),3,1.0
SALLANCHES COMBLOUX MEGEVE,CLUSES (HAUTE SAVOIE),4,1.0
SALLANCHES COMBLOUX MEGEVE,CLUSES (HAUTE SAVOIE),5,1.0
SALLANCHES COMBLOUX MEGEVE,CLUSES (HAUTE SAVOIE),6,1.0
SALLANCHES COMBLOUX MEGEVE,CLUSES (HAUTE SAVOIE),7,1.0
SALLANCHES COMBLOUX MEGEVE,CLUSES (HAUTE SAVOIE),8,1.0
SALLANCHES COMBLOUX MEGEVE,CLUSES (HAUTE SAVOIE),9,1.0
SALLANCHES COMBLOUX MEGEVE,CLUSES (HAUTE SAVOIE),10,1.0
SALLANCHES COMBLOUX MEGEVE,CLUSES (HAUTE SAVOIE),11,0.975
SALLANCHES COMBLOUX MEGEVE,CLUSES (HAUTE SAVOIE),12,1.0
SALLANCHES COMBLOUX MEGEVE,CLUSES (HAUTE SAVOIE),13,1.0
SALLANCHES COMBLOUX MEGEVE,CLUSES (HAUTE SAVOIE),14,1.0
SALLANCHES COMBLOUX MEGEVE,CLUSES (HAUTE SAVOIE),15,1.0
SALLANCHES COMBLOUX MEGEVE,CLUSES (HAUTE SAVOIE),16,1.0
SALLANCHES COMBLOUX MEGEVE,CLUSES (HAUTE SAVOIE),17,1.0
SALLANCHES COMBLOUX MEGEVE,CLUSES (HAUTE SAVOIE),18,1.0
SALLANCHES COMBLOUX MEGEVE,CLUSES (HAUTE SAVOIE),19,1.0
SALLANCHES COMBLOUX MEGEVE,CLUSES (HAUTE SAVOIE),20,1.0
SALLANCHES COMBLOUX MEGEVE,CLUSES (HAUTE SAVOIE),21,1.0
SALLANCHES COMBLOUX MEGEVE,CLUSES (HAUTE SAVOIE),22,1.0
SALLANCHES COMBLOUX MEGEVE,CLUSES (HAUTE SAVOIE),23,1.0
SALLANCHES COMBLOUX MEGEVE,CLUSES (HAUTE SAVOIE),24,1.0
SALLANCHES COMBLOUX MEGEVE,CLUSES (HAUTE SAVOIE),25,1.0
SALLANCHES COMBLOUX MEGEVE,CLUSES (HAUTE SAVOIE),26,1.0
SALLANCHES COMBLOUX MEGEVE,CLUSES (HAUTE SAVOIE),27,0.95
SALLANCHES COMBLOUX MEGEVE,CLUSES (HAUTE SAVOIE),28,0.45
SALLANCHES COMBLOUX MEGEVE,CLUSES (HAUTE SAVOIE),29,0.15
SALLANCHES COMBLOUX MEGEVE,CLUSES (HAUTE SAVOIE),30,0.025
SALLANCHES COMBLOUX MEGEVE,LE MANS,0,0.0
SALLANCHES COMBLOUX MEGEVE,LE MANS,1,0.0
SALLANCHES COMBLOUX MEGEVE,LE MANS,2,0.025
SALLANCHES COMBLOUX MEGEVE,LE MANS,3,0.025
SALLANCHES COMBLOUX MEGEVE,LE MANS,4,0.0
SALLANCHES COMBLOUX MEGEVE,LE MANS,5,0.0
SALLANCHES COMBLOUX MEGEVE,LE MANS,6,0.0
SALLANCHES COMBLOUX MEGEVE,LE MANS,7,0.0
SALLANCHES COMBLOUX MEGEVE,LE MANS,8,0.0
SALLANCHES COMBLOUX MEGEVE,LE MANS,9,0.0
SALLANCHES COMBLOUX MEGEVE,LE MANS,10,0.0
SALLANCHES COMBLOUX MEGEVE,LE MANS,11,0.05
SALLANCHES COMBLOUX MEGEVE,LE MANS,12,0.0
SALLANCHES COMBLOUX MEGEVE,LE MANS,13,0.0
SALLANCHES COMBLOUX MEGEVE,LE MANS,14,0.0
SALLANCHES COMBLOUX MEGEVE,LE MANS,15,0.0
SALLANCHES COMBLOUX MEGEVE,LE MANS,16,0.0
SALLANCHES COMBLOUX MEGEVE,LE MANS,17,0.0
SALLANCHES COMBLOUX MEGEVE,LE MANS,18,0.0
SALLANCHES COMBLOUX MEGEVE,LE MANS,19,0.0
SALLANCHES COMBLOUX MEGEVE,LE MANS,20,0.0
SALLANCHES COMBLOUX MEGEVE,LE MANS,21,0.0
SALLANCHES COMBLOUX MEGEVE,LE MANS,22,0.0
SALLANCHES COMBLOUX MEGEVE,LE MANS,23,0.0
SALLANCHES COMBLOUX MEGEVE,LE MANS,24,0.0
SALLANCHES COMBLOUX MEGEVE,LE MANS,25,0.0
SALLANCHES COMBLOUX MEGEVE,LE MANS,26,0.0
SALLANCHES COMBLOUX MEGEVE,LE MANS,27,0.0
SALLANCHES COMBLOUX MEGEVE,LE MANS,28,0.0
SALLANCHES COMBLOUX MEGEVE,LE MANS,29,0.0
SALLANCHES COMBLOUX MEGEVE,LE MANS,30,0.0
SALLANCHES COMBLOUX MEGEVE,MASSY TGV,0,0.025
SALLANCHES COMBLOUX MEGEVE,MASSY TGV,1,0.0
SALLANCHES COMBLOUX MEGEVE,MASSY TGV,2,0.0
SALLANCHES COMBLOUX MEGEVE,MASSY TGV,3,0.025
SALLANCHES COMBLOUX MEGEVE,MASSY TGV,4,0.025
SALLANCHES COMBLOUX MEGEVE,MASSY TGV,5,0.0
SALLANCHES COMBLOUX MEGEVE,MASSY TGV,6,0.0
SALLANCHES COMBLOUX MEGEVE,MASSY TGV,7,0.0
SALLANCHES COMBLOUX MEGEVE,MASSY TGV,8,0.0
SALLANCHES COMBLOUX MEGEVE,MASSY TGV,9,0.0
SALLANCHES COMBLOUX MEGEVE,MASSY TGV,10,0.0
SALLANCHES COMBLOUX MEGEVE,MASSY TGV,11,0.0
SALLANCHES COMBLOUX MEGEVE,MASSY TGV,12,0.0
SALLANCHES COMBLOUX MEGEVE,MASSY TGV,13,0.0
SALLANCHES COMBLOUX MEGEVE,MASSY TGV,14,0.0
SALLANCHES COMBLOUX MEGEVE,MASSY TGV,15,0.0
SALLANCHES COMBLOUX MEGEVE,MASSY TGV,16,0.0
SALLANCHES COMBLOUX MEGEVE,MASSY TGV,17,0.0
SALLANCHES COMBLOUX MEGEVE,MASSY TGV,18,0.0
SALLANCHES COMBLOUX MEGEVE,MASSY TGV,19,0.0
SALLANCHES COMBLOUX MEGEVE,MASSY TGV,20,0.0
SALLANCHES COMBLOUX MEGEVE,MASSY TGV,21,0.0
SALLANCHES COMBLOUX MEGEVE,MASSY TGV,22,0.0
SALLANCHES COMBLOUX MEGEVE,MASSY TGV,23,0.0
SALLANCHES COMBLOUX MEGEVE,MASSY TGV,24,0.0
SALLANCHES COMBLOUX MEGEVE,MASSY TGV,25,0.0
SALLANCHES COMBLOUX MEGEVE,MASSY TGV,26,0.0
SALLANCHES COMBLOUX MEGEVE,MASSY TGV,27,0.0
SALLANCHES COMBLOUX MEGEVE,MASSY TGV,28,0.0
SALLANCHES COMBLOUX MEGEVE,MASSY TGV,29,0.0
SALLANCHES COMBLOUX MEGEVE,MASSY TGV,30,0.0
SALLANCHES COMBLOUX MEGEVE,NANTES,0,0.05
SALLANCHES COMBLOUX MEGEVE,NANTES,1,0.025
SALLANCHES COMBLOUX MEGEVE,NANTES,2,0.025
SALLANCHES COMBLOUX MEGEVE,NANTES,3,0.0
SALLANCHES COMBLOUX MEGEVE,NANTES,4,0.025
SALLANCHES COMBLOUX MEGEVE,NANTES,5,0.05
SALLANCHES COMBLOUX MEGEVE,NANTES,6,0.025
SALLANCHES COMBLOUX MEGEVE,NANTES,7,0.0
SALLANCHES COMBLOUX MEGEVE,NANTES,8,0.0
SALLANCHES COMBLOUX MEGEVE,NANTES,9,0.0
SALLANCHES COMBLOUX MEGEVE,NANTES,10,0.0
SALLANCHES COMBLOUX MEGEVE,NANTES,11,0.025
SALLANCHES COMBLOUX MEGEVE,NANTES,12,0.0
SALLANCHES COMBLOUX MEGEVE,NANTES,13,0.0
SALLANCHES COMBLOUX MEGEVE,NANTES,14,0.0
SALLANCHES COMBLOUX MEGEVE,NANTES,15,0.0
SALLANCHES COMBLOUX MEGEVE,NANTES,16,0.0
SALLANCHES COMBLOUX MEGEVE,NANTES,17,0.0
SALLANCHES COMBLOUX MEGEVE,NANTES,18,0.0
SALLANCHES COMBLOUX MEGEVE,NANTES,19,0.0
SALLANCHES COMBLOUX MEGEVE,NANTES,20,0.0
SALLANCHES COMBLOUX MEGEVE,NANTES,21,0.0
SALLANCHES COMBLOUX MEGEVE,NANTES,22,0.0
SALLANCHES COMBLOUX MEGEVE,NANTES,23,0.0
SALLANCHES COMBLOUX MEGEVE,NANTES,24,0.0
SALLANCHES COMBLOUX MEGEVE,NANTES,25,0.0
SALLANCHES COMBLOUX MEGEVE,NANTES,26,0.0
SALLANCHES COMBLOUX MEGEVE,NANTES,27,0.0
SALLANCHES COMBLOUX MEGEVE,NANTES,28,0.0
SALLANCHES COMBLOUX MEGEVE,NANTES,29,0.0
SALLANCHES COMBLOUX MEGEVE,NANTES,30,0.0
SALLANCHES COMBLOUX MEGEVE,RENNES,0,0.0
SALLANCHES COMBLOUX MEGEVE,RENNES,1,0.05
SALLANCHES COMBLOUX MEGEVE,RENNES,2,0.05
SALLANCHES COMBLOUX MEGEVE,RENNES,3,0.07500000000000001
SALLANCHES COMBLOUX MEGEVE,RENNES,4,0.0
SALLANCHES COMBLOUX MEGEVE,RENNES,5,0.0
SALLANCHES COMBLOUX MEGEVE,RENNES,6,0.0
SALLANCHES COMBLOUX MEGEVE,RENNES,7,0.0
SALLANCHES COMBLOUX MEGEVE,RENNES,8,0.025
SALLANCHES COMBLOUX MEGEVE,RENNES,9,0.0
SALLANCHES COMBLOUX MEGEVE,RENNES,10,0.0
SALLANCHES COMBLOUX MEGEVE,RENNES,11,0.0
SALLANCHES COMBLOUX MEGEVE,RENNES,12,0.0
SALLANCHES COMBLOUX MEGEVE,RENNES,13,0.0
SALLANCHES COMBLOUX MEGEVE,RENNES,14,0.0
SALLANCHES COMBLOUX MEGEVE,RENNES,15,0.0
SALLANCHES COMBLOUX MEGEVE,RENNES,16,0.0
SALLANCHES COMBLOUX MEGEVE,RENNES,17,0.0
SALLANCHES COMBLOUX MEGEVE,RENNES,18,0.0
SALLANCHES COMBLOUX MEGEVE,RENNES,19,0.0
SALLANCHES COMBLOUX MEGEVE,RENNES,20,0.0
SALLANCHES COMBLOUX MEGEVE,RENNES,21,0.0
SALLANCHES COMBLOUX MEGEVE,RENNES,22,0.0
SALLANCHES COMBLOUX MEGEVE,RENNES,23,0.0
SALLANCHES COMBLOUX MEGEVE,RENNES,24,0.0
SALLANCHES COMBLOUX MEGEVE,RENNES,25,0.0
SALLANCHES COMBLOUX MEGEVE,RENNES,26,0.0
SALLANCHES COMBLOUX MEGEVE,RENNES,27,0.0
SALLANCHES COMBLOUX MEGEVE,RENNES,28,0.0
SALLANCHES COMBLOUX MEGEVE,RENNES,29,0.0
SALLANCHES COMBLOUX MEGEVE,RENNES,30,0.0
SAUMUR,ANGERS SAINT LAUD,0,0.9542274052478135
SAUMUR,ANGERS SAINT LAUD,1,0.9584548104956269
SAUMUR,ANGERS SAINT LAUD,2,0.9534883720930233
SAUMUR,ANGERS SAINT LAUD,3,0.9597383720930232
SAUMUR,ANGERS SAINT LAUD,4,0.9469476744186046
SAUMUR,ANGERS SAINT LAUD,5,0.9457848837209303
SAUMUR,ANGERS SAINT LAUD,6,0.9517441860465116
SAUMUR,ANGERS SAINT LAUD,7,0.9338662790697675
SAUMUR,ANGERS SAINT LAUD,8,0.9220930232558139
SAUMUR,ANGERS SAINT LAUD,9,0.9119186046511628
SAUMUR,ANGERS SAINT LAUD,10,0.8832848837209303
SAUMUR,ANGERS SAINT LAUD,11,0.8697674418604651
SAUMUR,ANGERS SAINT LAUD,12,0.5187499999999999
SAUMUR,ANGERS SAINT LAUD,13,0.48343023255813955
SAUMUR,ANGERS SAINT LAUD,14,0.4518895348837209
SAUMUR,ANGERS SAINT LAUD,15,0.42005813953488375
SAUMUR,ANGERS SAINT LAUD,16,0.39476744186046514
SAUMUR,ANGERS SAINT LAUD,17,0.3838662790697675
SAUMUR,ANGERS SAINT LAUD,18,0.3750728862973761
SAUMUR,ANGERS SAINT LAUD,19,0.3600877192982456
SAUMUR,ANGERS SAINT LAUD,20,0.3350439882697947
SAUMUR,ANGERS SAINT LAUD,21,0.32294117647058823
SAUMUR,ANGERS SAINT LAUD,22,0.29397058823529415
SAUMUR,ANGERS SAINT LAUD,23,0.29056047197640117
SAUMUR,ANGERS SAINT LAUD,24,0.27713864306784664
SAUMUR,ANGERS SAINT LAUD,25,0.2686390532544379
SAUMUR,ANGERS SAINT LAUD,26,0.26201780415430265
SAUMUR,ANGERS SAINT LAUD,27,0.24360119047619047
SAUMUR,ANGERS SAINT LAUD,28,0.22776119402985073
SAUMUR,ANGERS SAINT LAUD,29,0.21641791044776118
SAUMUR,ANGERS SAINT LAUD,30,0.035735735735735734
SAUMUR,NANTES,0,0.9529154518950438
SAUMUR,NANTES,1,0.9616618075801749
SAUMUR,NANTES,2,0.9584302325581395
SAUMUR,NANTES,3,0.9616279069767443
SAUMUR,NANTES,4,0.9479651162790699
SAUMUR,NANTES,5,0.945639534883721
SAUMUR,NANTES,6,0.9514534883720931
SAUMUR,NANTES,7,0.9319767441860466
SAUMUR,NANTES,8,0.9194767441860465
SAUMUR,NANTES,9,0.9084302325581395
SAUMUR,NANTES,10,0.8906976744186046
SAUMUR,NANTES,11,0.8665697674418605
SAUMUR,NANTES,12,0.5168604651162791
SAUMUR,NANTES,13,0.4866279069767442
SAUMUR,NANTES,14,0.4504360465116279
SAUMUR,NANTES,15,0.4258720930232558
SAUMUR,NANTES,16,0.3960755813953488
SAUMUR,NANTES,17,0.3885174418604651
SAUMUR,NANTES,18,0.3766763848396501
SAUMUR,NANTES,19,0.3567251461988304
SAUMUR,NANTES,20,0.33475073313782994
SAUMUR,NANTES,21,0.32279411764705884
SAUMUR,NANTES,22,0.2923529411764706
SAUMUR,NANTES,23,0.2907079646017699
SAUMUR,NANTES,24,0.2827433628318584
SAUMUR,NANTES,25,0.27411242603550295
SAUMUR,NANTES,26,0.25949554896142435
SAUMUR,NANTES,27,0.2425595238095238
SAUMUR,NANTES,28,0.2225373134328358
SAUMUR,NANTES,29,0.2117910447761194
SAUMUR,NANTES,30,0.04144144144144144
ST GERVAIS LES BAINS LE FAYET,CLUSES (HAUTE SAVOIE),0,0.95
ST GERVAIS LES BAINS LE FAYET,CLUSES (HAUTE SAVOIE),1,0.95
ST GERVAIS LES BAINS LE FAYET,CLUSES (HAUTE SAVOIE),2,0.95
ST GERVAIS LES BAINS LE FAYET,CLUSES (HAUTE SAVOIE),3,1.0
ST GERVAIS LES BAINS LE FAYET,CLUSES (HAUTE SAVOIE),4,0.95
ST GERVAIS LES BAINS LE FAYET,CLUSES (HAUTE SAVOIE),5,0.95
ST GERVAIS LES BAINS LE FAYET,CLUSES (HAUTE SAVOIE),6,0.975
ST GERVAIS LES BAINS LE FAYET,CLUSES (HAUTE SAVOIE),7,1.0
ST GERVAIS LES BAINS LE FAYET,CLUSES (HAUTE SAVOIE),8,1.0
ST GERVAIS LES BAINS LE FAYET,CLUSES (HAUTE SAVOIE),9,0.975
ST GERVAIS LES BAINS LE FAYET,CLUSES (HAUTE SAVOIE),10,0.975
ST GERVAIS LES BAINS LE FAYET,CLUSES (HAUTE SAVOIE),11,0.95
ST GERVAIS LES BAINS LE FAYET,CLUSES (HAUTE SAVOIE),12,0.975
ST GERVAIS LES BAINS LE FAYET,CLUSES (HAUTE SAVOIE),13,0.975
ST GERVAIS LES BAINS LE FAYET,CLUSES (HAUTE SAVOIE),14,0.975
ST GERVAIS LES BAINS LE FAYET,CLUSES (HAUTE SAVOIE),15,1.0
ST GERVAIS LES BAINS LE FAYET,CLUSES (HAUTE SAVOIE),16,0.95
ST GERVAIS LES BAINS LE FAYET,CLUSES (HAUTE SAVOIE),17,1.0
ST GERVAIS LES BAINS LE FAYET,CLUSES (HAUTE SAVOIE),18,1.0
ST GERVAIS LES BAINS LE FAYET,CLUSES (HAUTE SAVOIE),19,1.0
ST GERVAIS LES BAINS LE FAYET,CLUSES (HAUTE SAVOIE),20,1.0
ST GERVAIS LES BAINS LE FAYET,CLUSES (HAUTE SAVOIE),21,1.0
ST GERVAIS LES BAINS LE FAYET,CLUSES (HAUTE SAVOIE),22,1.0
ST GERVAIS LES BAINS LE FAYET,CLUSES (HAUTE SAVOIE),23,1.0
ST GERVAIS LES BAINS LE FAYET,CLUSES (HAUTE SAVOIE),24,1.0
ST GERVAIS LES BAINS LE FAYET,CLUSES (HAUTE SAVOIE),25,1.0
ST GERVAIS LES BAINS LE FAYET,CLUSES (HAUTE SAVOIE),26,1.0
ST GERVAIS LES BAINS LE FAYET,CLUSES (HAUTE SAVOIE),27,0.925
ST GERVAIS LES BAINS LE FAYET,CLUSES (HAUTE SAVOIE),28,0.47500000000000003
ST GERVAIS LES BAINS LE FAYET,CLUSES (HAUTE SAVOIE),29,0.2
ST GERVAIS LES BAINS LE FAYET,CLUSES (HAUTE SAVOIE),30,0.025
ST GERVAIS LES BAINS LE FAYET,LE MANS,0,0.025
ST GERVAIS LES BAINS LE FAYET,LE MANS,1,0.0
ST GERVAIS LES BAINS LE FAYET,LE MANS,2,0.0
ST GERVAIS LES BAINS LE FAYET,LE MANS,3,0.0
ST GERVAIS LES BAINS LE FAYET,LE MANS,4,0.0
ST GERVAIS LES BAINS LE FAYET,LE MANS,5,0.0
ST GERVAIS LES BAINS LE FAYET,LE MANS,6,0.0
ST GERVAIS LES BAINS LE FAYET,LE MANS,7,0.0
ST GERVAIS LES BAINS LE FAYET,LE MANS,8,0.025
ST GERVAIS LES BAINS LE FAYET,LE MANS,9,0.0
ST GERVAIS LES BAINS LE FAYET,LE MANS,10,0.0
ST GERVAIS LES BAINS LE FAYET,LE MANS,11,0.025
ST GERVAIS LES BAINS LE FAYET,LE MANS,12,0.0
ST GERVAIS LES BAINS LE FAYET,LE MANS,13,0.0
ST GERVAIS LES BAINS LE FAYET,LE MANS,14,0.0
ST GERVAIS LES BAINS LE FAYET,LE MANS,15,0.0
ST GERVAIS LES BAINS LE FAYET,LE MANS,16,0.0
ST GERVAIS LES BAINS LE FAYET,LE MANS,17,0.0
ST GERVAIS LES BAINS LE FAYET,LE MANS,18,0.0
ST GERVAIS LES BAINS LE FAYET,LE MANS,19,0.0
ST GERVAIS LES BAINS LE FAYET,LE MANS,20,0.0
ST GERVAIS LES BAINS LE FAYET,LE MANS,21,0.0
ST GERVAIS LES BAINS LE FAYET,LE MANS,22,0.0
ST GERVAIS LES BAINS LE FAYET,LE MANS,23,0.0
ST GERVAIS LES BAINS LE FAYET,LE MANS,24,0.0
ST GERVAIS LES BAINS LE FAYET,LE MANS,25,0.0
ST GERVAIS LES BAINS LE FAYET,LE MANS,26,0.0
ST GERVAIS LES BAINS LE FAYET,LE MANS,27,0.0
ST GERVAIS LES BAINS LE FAYET,LE MANS,28,0.0
ST GERVAIS LES BAINS LE FAYET,LE MANS,29,0.0
ST GERVAIS LES BAINS LE FAYET,LE MANS,30,0.0
ST GERVAIS LES BAINS LE FAYET,MASSY TGV,0,0.1
ST GERVAIS LES BAINS LE FAYET,MASSY TGV,1,0.025
ST GERVAIS LES BAINS LE FAYET,MASSY TGV,2,0.0
ST GERVAIS LES BAINS LE FAYET,MASSY TGV,3,0.05
ST GERVAIS LES BAINS LE FAYET,MASSY TGV,4,0.0
ST GERVAIS LES BAINS LE FAYET,MASSY TGV,5,0.0
ST GERVAIS LES BAINS LE FAYET,MASSY TGV,6,0.025
ST GERVAIS LES BAINS LE FAYET,MASSY TGV,7,0.0
ST GERVAIS LES BAINS LE FAYET,MASSY TGV,8,0.025
ST GERVAIS LES BAINS LE FAYET,MASSY TGV,9,0.0
ST GERVAIS LES BAINS LE FAYET,MASSY TGV,10,0.0
ST GERVAIS LES BAINS LE FAYET,MASSY TGV,11,0.025
ST GERVAIS LES BAINS LE FAYET,MASSY TGV,12,0.0
ST GERVAIS LES BAINS LE FAYET,MASSY TGV,13,0.0
ST GERVAIS LES BAINS LE FAYET,MASSY TGV,14,0.0
ST GERVAIS LES BAINS LE FAYET,MASSY TGV,15,0.025
ST GERVAIS LES BAINS LE FAYET,MASSY TGV,16,0.0
ST GERVAIS LES BAINS LE FAYET,MASSY TGV,17,0.0
ST GERVAIS LES BAINS LE FAYET,MASSY TGV,18,0.0
ST GERVAIS LES BAINS LE FAYET,MASSY TGV,19,0.0
ST GERVAIS LES BAINS LE FAYET,MASSY TGV,20,0.0
ST GERVAIS LES BAINS LE FAYET,MASSY TGV,21,0.0
ST GERVAIS LES BAINS LE FAYET,MASSY TGV,22,0.0
ST GERVAIS LES BAINS LE FAYET,MASSY TGV,23,0.0
ST GERVAIS LES BAINS LE FAYET,MASSY TGV,24,0.0
ST GERVAIS LES BAINS LE FAYET,MASSY TGV,25,0.0
ST GERVAIS LES BAINS LE FAYET,MASSY TGV,26,0.0
ST GERVAIS LES BAINS LE FAYET,MASSY TGV,27,0.0
ST GERVAIS LES BAINS LE FAYET,MASSY TGV,28,0.025
ST GERVAIS LES BAINS LE FAYET,MASSY TGV,29,0.0
ST GERVAIS LES BAINS LE FAYET,MASSY TGV,30,0.0
ST GERVAIS LES BAINS LE FAYET,NANTES,0,0.05
ST GERVAIS LES BAINS LE FAYET,NANTES,1,0.0
ST GERVAIS LES BAINS LE FAYET,NANTES,2,0.0
ST GERVAIS LES BAINS LE FAYET,NANTES,3,0.025
ST GERVAIS LES BAINS LE FAYET,NANTES,4,0.025
ST GERVAIS LES BAINS LE FAYET,NANTES,5,0.0
ST GERVAIS LES BAINS LE FAYET,NANTES,6,0.0
ST GERVAIS LES BAINS LE FAYET,NANTES,7,0.0
ST GERVAIS LES BAINS LE FAYET,NANTES,8,0.0
ST GERVAIS LES BAINS LE FAYET,NANTES,9,0.0
ST GERVAIS LES BAINS LE FAYET,NANTES,10,0.0
ST GERVAIS LES BAINS LE FAYET,NANTES,11,0.025
ST GERVAIS LES BAINS LE FAYET,NANTES,12,0.025
ST GERVAIS LES BAINS LE FAYET,NANTES,13,0.025
ST GERVAIS LES BAINS LE FAYET,NANTES,14,0.0
ST GERVAIS LES BAINS LE FAYET,NANTES,15,0.0
ST GERVAIS LES BAINS LE FAYET,NANTES,16,0.0
ST GERVAIS LES BAINS LE FAYET,NANTES,17,0.0
ST GERVAIS LES BAINS LE FAYET,NANTES,18,0.0
ST GERVAIS LES BAINS LE FAYET,NANTES,19,0.0
ST GERVAIS LES BAINS LE FAYET,NANTES,20,0.025
ST GERVAIS LES BAINS LE FAYET,NANTES,21,0.0
ST GERVAIS LES BAINS LE FAYET,NANTES,22,0.0
ST GERVAIS LES BAINS LE FAYET,NANTES,23,0.0
ST GERVAIS LES BAINS LE FAYET,NANTES,24,0.0
ST GERVAIS LES BAINS LE FAYET,NANTES,25,0.0
ST GERVAIS LES BAINS LE FAYET,NANTES,26,0.0
ST GERVAIS LES BAINS LE FAYET,NANTES,27,0.0
ST GERVAIS LES BAINS LE FAYET,NANTES,28,0.0
ST GERVAIS LES BAINS LE FAYET,NANTES,29,0.0
ST GERVAIS LES BAINS LE FAYET,NANTES,30,0.0
ST GERVAIS LES BAINS LE FAYET,RENNES,0,0.0
ST GERVAIS LES BAINS LE FAYET,RENNES,1,0.0
ST GERVAIS LES BAINS LE FAYET,RENNES,2,0.0
ST GERVAIS LES BAINS LE FAYET,RENNES,3,0.0
ST GERVAIS LES BAINS LE FAYET,RENNES,4,0.0
ST GERVAIS LES BAINS LE FAYET,RENNES,5,0.0
ST GERVAIS LES BAINS LE FAYET,RENNES,6,0.0
ST GERVAIS LES BAINS LE FAYET,RENNES,7,0.0
ST GERVAIS LES BAINS LE FAYET,RENNES,8,0.0
ST GERVAIS LES BAINS LE FAYET,RENNES,9,0.0
ST GERVAIS LES BAINS LE FAYET,RENNES,10,0.0
ST GERVAIS LES BAINS LE FAYET,RENNES,11,0.0
ST GERVAIS LES BAINS LE FAYET,RENNES,12,0.0
ST GERVAIS LES BAINS LE FAYET,RENNES,13,0.0
ST GERVAIS LES BAINS LE FAYET,RENNES,14,0.0
ST GERVAIS LES BAINS LE FAYET,RENNES,15,0.0
ST GERVAIS LES BAINS LE FAYET,RENNES,16,0.0
ST GERVAIS LES BAINS LE FAYET,RENNES,17,0.0
ST GERVAIS LES BAINS LE FAYET,RENNES,18,0.0
ST GERVAIS LES BAINS LE FAYET,RENNES,19,0.0
ST GERVAIS LES BAINS LE FAYET,RENNES,20,0.0
ST GERVAIS LES BAINS LE FAYET,RENNES,21,0.0
ST GERVAIS LES BAINS LE FAYET,RENNES,22,0.0
ST GERVAIS LES BAINS LE FAYET,RENNES,23,0.0
ST GERVAIS LES BAINS LE FAYET,RENNES,24,0.0
ST GERVAIS LES BAINS LE FAYET,RENNES,25,0.0
ST GERVAIS LES BAINS LE FAYET,RENNES,26,0.0
ST GERVAIS LES BAINS LE FAYET,RENNES,27,0.0
ST GERVAIS LES BAINS LE FAYET,RENNES,28,0.0
ST GERVAIS LES BAINS LE FAYET,RENNES,29,0.0
ST GERVAIS LES BAINS LE FAYET,RENNES,30,0.0
ST GERVAIS LES BAINS LE FAYET,SALLANCHES COMBLOUX MEGEVE,0,0.95
ST GERVAIS LES BAINS LE FAYET,SALLANCHES COMBLOUX MEGEVE,1,0.95
ST GERVAIS LES BAINS LE FAYET,SALLANCHES COMBLOUX MEGEVE,2,0.925
ST GERVAIS LES BAINS LE FAYET,SALLANCHES COMBLOUX MEGEVE,3,0.85
ST GERVAIS LES BAINS LE FAYET,SALLANCHES COMBLOUX MEGEVE,4,0.9
ST GERVAIS LES BAINS LE FAYET,SALLANCHES COMBLOUX MEGEVE,5,0.925
ST GERVAIS LES BAINS LE FAYET,SALLANCHES COMBLOUX MEGEVE,6,0.925
ST GERVAIS LES BAINS LE FAYET,SALLANCHES COMBLOUX MEGEVE,7,0.95
ST GERVAIS LES BAINS LE FAYET,SALLANCHES COMBLOUX MEGEVE,8,1.0
ST GERVAIS LES BAINS LE FAYET,SALLANCHES COMBLOUX MEGEVE,9,1.0
ST GERVAIS LES BAINS LE FAYET,SALLANCHES COMBLOUX MEGEVE,10,1.0
ST GERVAIS LES BAINS LE FAYET,SALLANCHES COMBLOUX MEGEVE,11,0.975
ST GERVAIS LES BAINS LE FAYET,SALLANCHES COMBLOUX MEGEVE,12,0.975
ST GERVAIS LES BAINS LE FAYET,SALLANCHES COMBLOUX MEGEVE,13,1.0
ST GERVAIS LES BAINS LE FAYET,SALLANCHES COMBLOUX MEGEVE,14,0.975
ST GERVAIS LES BAINS LE FAYET,SALLANCHES COMBLOUX MEGEVE,15,1.0
ST GERVAIS LES BAINS LE FAYET,SALLANCHES COMBLOUX MEGEVE,16,0.975
ST GERVAIS LES BAINS LE FAYET,SALLANCHES COMBLOUX MEGEVE,17,0.975
ST GERVAIS LES BAINS LE FAYET,SALLANCHES COMBLOUX MEGEVE,18,1.0
ST GERVAIS LES BAINS LE FAYET,SALLANCHES COMBLOUX MEGEVE,19,1.0
ST GERVAIS LES BAINS LE FAYET,SALLANCHES COMBLOUX MEGEVE,20,1.0
ST GERVAIS LES BAINS LE FAYET,SALLANCHES COMBLOUX MEGEVE,21,1.0
ST GERVAIS LES BAINS LE FAYET,SALLANCHES COMBLOUX MEGEVE,22,1.0
ST GERVAIS LES BAINS LE FAYET,SALLANCHES COMBLOUX MEGEVE,23,1.0
ST GERVAIS LES BAINS LE FAYET,SALLANCHES COMBLOUX MEGEVE,24,1.0
ST GERVAIS LES BAINS LE FAYET,SALLANCHES COMBLOUX MEGEVE,25,1.0
ST GERVAIS LES BAINS LE FAYET,SALLANCHES COMBLOUX MEGEVE,26,0.95
ST GERVAIS LES BAINS LE FAYET,SALLANCHES COMBLOUX MEGEVE,27,0.925
ST GERVAIS LES BAINS LE FAYET,SALLANCHES COMBLOUX MEGEVE,28,0.425
ST GERVAIS LES BAINS LE FAYET,SALLANCHES COMBLOUX MEGEVE,29,0.125
ST GERVAIS LES BAINS LE FAYET,SALLANCHES COMBLOUX MEGEVE,30,0.025
ST JEAN DE MAURIENNE ARVAN,ANGERS SAINT LAUD,0,0.05
ST JEAN DE MAURIENNE ARVAN,ANGERS SAINT LAUD,1,0.0
ST JEAN DE MAURIENNE ARVAN,ANGERS SAINT LAUD,2,0.0
ST JEAN DE MAURIENNE ARVAN,ANGERS SAINT LAUD,3,0.0
ST JEAN DE MAURIENNE ARVAN,ANGERS SAINT LAUD,4,0.0
ST JEAN DE MAURIENNE ARVAN,ANGERS SAINT LAUD,5,0.0
ST JEAN DE MAURIENNE ARVAN,ANGERS SAINT LAUD,6,0.0
ST JEAN DE MAURIENNE ARVAN,ANGERS SAINT LAUD,7,0.0
ST JEAN DE MAURIENNE ARVAN,ANGERS SAINT LAUD,8,0.0
ST JEAN DE MAURIENNE ARVAN,ANGERS SAINT LAUD,9,0.0
ST JEAN DE MAURIENNE ARVAN,ANGERS SAINT LAUD,10,0.0
ST JEAN DE MAURIENNE ARVAN,ANGERS SAINT LAUD,11,0.0
ST JEAN DE MAURIENNE ARVAN,ANGERS SAINT LAUD,12,0.0
ST JEAN DE MAURIENNE ARVAN,ANGERS SAINT LAUD,13,0.0
ST JEAN DE MAURIENNE ARVAN,ANGERS SAINT LAUD,14,0.0
ST JEAN DE MAURIENNE ARVAN,ANGERS SAINT LAUD,15,0.0
ST JEAN DE MAURIENNE ARVAN,ANGERS SAINT LAUD,16,0.0
ST JEAN DE MAURIENNE ARVAN,ANGERS SAINT LAUD,17,0.0
ST JEAN DE MAURIENNE ARVAN,ANGERS SAINT LAUD,18,0.0
ST JEAN DE MAURIENNE ARVAN,ANGERS SAINT LAUD,19,0.0
ST JEAN DE MAURIENNE ARVAN,ANGERS SAINT LAUD,20,0.0
ST JEAN DE MAURIENNE ARVAN,ANGERS SAINT LAUD,21,0.0
ST JEAN DE MAURIENNE ARVAN,ANGERS SAINT LAUD,22,0.0
ST JEAN DE MAURIENNE ARVAN,ANGERS SAINT LAUD,23,0.0
ST JEAN DE MAURIENNE ARVAN,ANGERS SAINT LAUD,24,0.0
ST JEAN DE MAURIENNE ARVAN,ANGERS SAINT LAUD,25,0.0
ST JEAN DE MAURIENNE ARVAN,ANGERS SAINT LAUD,26,0.0
ST JEAN DE MAURIENNE ARVAN,ANGERS SAINT LAUD,27,0.0
ST JEAN DE MAURIENNE ARVAN,ANGERS SAINT LAUD,28,0.0
ST JEAN DE MAURIENNE ARVAN,ANGERS SAINT LAUD,29,0.0
ST JEAN DE MAURIENNE ARVAN,ANGERS SAINT LAUD,30,0.0
ST JEAN DE MAURIENNE ARVAN,AURAY,0,0.0
ST JEAN DE MAURIENNE ARVAN,AURAY,1,0.0
ST JEAN DE MAURIENNE ARVAN,AURAY,2,0.0
ST JEAN DE MAURIENNE ARVAN,AURAY,3,0.0
ST JEAN DE MAURIENNE ARVAN,AURAY,4,0.0
ST JEAN DE MAURIENNE ARVAN,AURAY,5,0.0
ST JEAN DE MAURIENNE ARVAN,AURAY,6,0.0
ST JEAN DE MAURIENNE ARVAN,AURAY,7,0.0
ST JEAN DE MAURIENNE ARVAN,AURAY,8,0.0
ST JEAN DE MAURIENNE ARVAN,AURAY,9,0.0
ST JEAN DE MAURIENNE ARVAN,AURAY,10,0.0
ST JEAN DE MAURIENNE ARVAN,AURAY,11,0.0
ST JEAN DE MAURIENNE ARVAN,AURAY,12,0.0
ST JEAN DE MAURIENNE ARVAN,AURAY,13,0.0
ST JEAN DE MAURIENNE ARVAN,AURAY,14,0.0
ST JEAN DE MAURIENNE ARVAN,AURAY,15,0.0
ST JEAN DE MAURIENNE ARVAN,AURAY,16,0.0
ST JEAN DE MAURIENNE ARVAN,AURAY,17,0.0
ST JEAN DE MAURIENNE ARVAN,AURAY,18,0.0
ST JEAN DE MAURIENNE ARVAN,AURAY,19,0.0
ST JEAN DE MAURIENNE ARVAN,AURAY,20,0.0
ST JEAN DE MAURIENNE ARVAN,AURAY,21,0.0
ST JEAN DE MAURIENNE ARVAN,AURAY,22,0.0
ST JEAN DE MAURIENNE ARVAN,AURAY,23,0.0
ST JEAN DE MAURIENNE ARVAN,AURAY,24,0.0
ST JEAN DE MAURIENNE ARVAN,AURAY,25,0.0
ST JEAN DE MAURIENNE ARVAN,AURAY,26,0.0
ST JEAN DE MAURIENNE ARVAN,AURAY,27,0.0
ST JEAN DE MAURIENNE ARVAN,AURAY,28,0.0
ST JEAN DE MAURIENNE ARVAN,AURAY,29,0.0
ST JEAN DE MAURIENNE ARVAN,AURAY,30,0.0
ST JEAN DE MAURIENNE ARVAN,CHAMBERY CHALLES LES EAUX,0,0.05
ST JEAN DE MAURIENNE ARVAN,CHAMBERY CHALLES LES EAUX,1,0.0
ST JEAN DE MAURIENNE ARVAN,CHAMBERY CHALLES LES EAUX,2,0.05
ST JEAN DE MAURIENNE ARVAN,CHAMBERY CHALLES LES EAUX,3,0.0
ST JEAN DE MAURIENNE ARVAN,CHAMBERY CHALLES LES EAUX,4,0.0
ST JEAN DE MAURIENNE ARVAN,CHAMBERY CHALLES LES EAUX,5,0.0
ST JEAN DE MAURIENNE ARVAN,CHAMBERY CHALLES LES EAUX,6,0.0
ST JEAN DE MAURIENNE ARVAN,CHAMBERY CHALLES LES EAUX,7,0.0
ST JEAN DE MAURIENNE ARVAN,CHAMBERY CHALLES LES EAUX,8,0.0
ST JEAN DE MAURIENNE ARVAN,CHAMBERY CHALLES LES EAUX,9,0.0
ST JEAN DE MAURIENNE ARVAN,CHAMBERY CHALLES LES EAUX,10,0.0
ST JEAN DE MAURIENNE ARVAN,CHAMBERY CHALLES LES EAUX,11,0.0
ST JEAN DE MAURIENNE ARVAN,CHAMBERY CHALLES LES EAUX,12,0.0
ST JEAN DE MAURIENNE ARVAN,CHAMBERY CHALLES LES EAUX,13,0.0
ST JEAN DE MAURIENNE ARVAN,CHAMBERY CHALLES LES EAUX,14,0.0
ST JEAN DE MAURIENNE ARVAN,CHAMBERY CHALLES LES EAUX,15,0.0
ST JEAN DE MAURIENNE ARVAN,CHAMBERY CHALLES LES EAUX,16,0.0
ST JEAN DE MAURIENNE ARVAN,CHAMBERY CHALLES LES EAUX,17,0.0
ST JEAN DE MAURIENNE ARVAN,CHAMBERY CHALLES LES EAUX,18,0.0
ST JEAN DE MAURIENNE ARVAN,CHAMBERY CHALLES LES EAUX,19,0.0
ST JEAN DE MAURIENNE ARVAN,CHAMBERY CHALLES LES EAUX,20,0.0
ST JEAN DE MAURIENNE ARVAN,CHAMBERY CHALLES LES EAUX,21,0.0
ST JEAN DE MAURIENNE ARVAN,CHAMBERY CHALLES LES EAUX,22,0.0
ST JEAN DE MAURIENNE ARVAN,CHAMBERY CHALLES LES EAUX,23,0.0
ST JEAN DE MAURIENNE ARVAN,CHAMBERY CHALLES LES EAUX,24,0.0
ST JEAN DE MAURIENNE ARVAN,CHAMBERY CHALLES LES EAUX,25,0.0
ST JEAN DE MAURIENNE ARVAN,CHAMBERY CHALLES LES EAUX,26,0.0
ST JEAN DE MAURIENNE ARVAN,CHAMBERY CHALLES LES EAUX,27,0.0
ST JEAN DE MAURIENNE ARVAN,CHAMBERY CHALLES LES EAUX,28,0.0
ST JEAN DE MAURIENNE ARVAN,CHAMBERY CHALLES LES EAUX,29,0.0
ST JEAN DE MAURIENNE ARVAN,CHAMBERY CHALLES LES EAUX,30,0.0
ST JEAN DE MAURIENNE ARVAN,LE MANS,0,0.1
ST JEAN DE MAURIENNE ARVAN,LE MANS,1,0.0
ST JEAN DE MAURIENNE ARVAN,LE MANS,2,0.0
ST JEAN DE MAURIENNE ARVAN,LE MANS,3,0.0
ST JEAN DE MAURIENNE ARVAN,LE MANS,4,0.0
ST JEAN DE MAURIENNE ARVAN,LE MANS,5,0.0
ST JEAN DE MAURIENNE ARVAN,LE MANS,6,0.0
ST JEAN DE MAURIENNE ARVAN,LE MANS,7,0.0
ST JEAN DE MAURIENNE ARVAN,LE MANS,8,0.0
ST JEAN DE MAURIENNE ARVAN,LE MANS,9,0.0
ST JEAN DE MAURIENNE ARVAN,LE MANS,10,0.0
ST JEAN DE MAURIENNE ARVAN,LE MANS,11,0.0
ST JEAN DE MAURIENNE ARVAN,LE MANS,12,0.0
ST JEAN DE MAURIENNE ARVAN,LE MANS,13,0.0
ST JEAN DE MAURIENNE ARVAN,LE MANS,14,0.0
ST JEAN DE MAURIENNE ARVAN,LE MANS,15,0.0
ST JEAN DE MAURIENNE ARVAN,LE MANS,16,0.0
ST JEAN DE MAURIENNE ARVAN,LE MANS,17,0.0
ST JEAN DE MAURIENNE ARVAN,LE MANS,18,0.0
ST JEAN DE MAURIENNE ARVAN,LE MANS,19,0.0
ST JEAN DE MAURIENNE ARVAN,LE MANS,20,0.0
ST JEAN DE MAURIENNE ARVAN,LE MANS,21,0.0
ST JEAN DE MAURIENNE ARVAN,LE MANS,22,0.0
ST JEAN DE MAURIENNE ARVAN,LE MANS,23,0.0
ST JEAN DE MAURIENNE ARVAN,LE MANS,24,0.0
ST JEAN DE MAURIENNE ARVAN,LE MANS,25,0.0
ST JEAN DE MAURIENNE ARVAN,LE MANS,26,0.0
ST JEAN DE MAURIENNE ARVAN,LE MANS,27,0.0
ST JEAN DE MAURIENNE ARVAN,LE MANS,28,0.0
ST JEAN DE MAURIENNE ARVAN,LE MANS,29,0.0
ST JEAN DE MAURIENNE ARVAN,LE MANS,30,0.0
ST JEAN DE MAURIENNE ARVAN,LORIENT,0,0.0
ST JEAN DE MAURIENNE ARVAN,LORIENT,1,0.0
ST JEAN DE MAURIENNE ARVAN,LORIENT,2,0.0
ST JEAN DE MAURIENNE ARVAN,LORIENT,3,0.0
ST JEAN DE MAURIENNE ARVAN,LORIENT,4,0.0
ST JEAN DE MAURIENNE ARVAN,LORIENT,5,0.0
ST JEAN DE MAURIENNE ARVAN,LORIENT,6,0.0
ST JEAN DE MAURIENNE ARVAN,LORIENT,7,0.0
ST JEAN DE MAURIENNE ARVAN,LORIENT,8,0.0
ST JEAN DE MAURIENNE ARVAN,LORIENT,9,0.0
ST JEAN DE MAURIENNE ARVAN,LORIENT,10,0.0
ST JEAN DE MAURIENNE ARVAN,LORIENT,11,0.0
ST JEAN DE MAURIENNE ARVAN,LORIENT,12,0.0
ST JEAN DE MAURIENNE ARVAN,LORIENT,13,0.0
ST JEAN DE MAURIENNE ARVAN,LORIENT,14,0.0
ST JEAN DE MAURIENNE ARVAN,LORIENT,15,0.0
ST JEAN DE MAURIENNE ARVAN,LORIENT,16,0.0
ST JEAN DE MAURIENNE ARVAN,LORIENT,17,0.0
ST JEAN DE MAURIENNE ARVAN,LORIENT,18,0.0
ST JEAN DE MAURIENNE ARVAN,LORIENT,19,0.0
ST JEAN DE MAURIENNE ARVAN,LORIENT,20,0.0
ST JEAN DE MAURIENNE ARVAN,LORIENT,21,0.0
ST JEAN DE MAURIENNE ARVAN,LORIENT,22,0.0
ST JEAN DE MAURIENNE ARVAN,LORIENT,23,0.0
ST JEAN DE MAURIENNE ARVAN,LORIENT,24,0.0
ST JEAN DE MAURIENNE ARVAN,LORIENT,25,0.0
ST JEAN DE MAURIENNE ARVAN,LORIENT,26,0.0
ST JEAN DE MAURIENNE ARVAN,LORIENT,27,0.0
ST JEAN DE MAURIENNE ARVAN,LORIENT,28,0.0
ST JEAN DE MAURIENNE ARVAN,LORIENT,29,0.0
ST JEAN DE MAURIENNE ARVAN,LORIENT,30,0.0
ST JEAN DE MAURIENNE ARVAN,MASSY TGV,0,0.0
ST JEAN DE MAURIENNE ARVAN,MASSY TGV,1,0.0
ST JEAN DE MAURIENNE ARVAN,MASSY TGV,2,0.0
ST JEAN DE MAURIENNE ARVAN,MASSY TGV,3,0.05
ST JEAN DE MAURIENNE ARVAN,MASSY TGV,4,0.0
ST JEAN DE MAURIENNE ARVAN,MASSY TGV,5,0.0
ST JEAN DE MAURIENNE ARVAN,MASSY TGV,6,0.0
ST JEAN DE MAURIENNE ARVAN,MASSY TGV,7,0.0
ST JEAN DE MAURIENNE ARVAN,MASSY TGV,8,0.0
ST JEAN DE MAURIENNE ARVAN,MASSY TGV,9,0.0
ST JEAN DE MAURIENNE ARVAN,MASSY TGV,10,0.0
ST JEAN DE MAURIENNE ARVAN,MASSY TGV,11,0.0
ST JEAN DE MAURIENNE ARVAN,MASSY TGV,12,0.0
ST JEAN DE MAURIENNE ARVAN,MASSY TGV,13,0.0
ST JEAN DE MAURIENNE ARVAN,MASSY TGV,14,0.0
ST JEAN DE MAURIENNE ARVAN,MASSY TGV,15,0.0
ST JEAN DE MAURIENNE ARVAN,MASSY TGV,16,0.0
ST JEAN DE MAURIENNE ARVAN,MASSY TGV,17,0.0
ST JEAN DE MAURIENNE ARVAN,MASSY TGV,18,0.0
ST JEAN DE MAURIENNE ARVAN,MASSY TGV,19,0.0
ST JEAN DE MAURIENNE ARVAN,MASSY TGV,20,0.0
ST JEAN DE MAURIENNE ARVAN,MASSY TGV,21,0.0
ST JEAN DE MAURIENNE ARVAN,MASSY TGV,22,0.0
ST JEAN DE MAURIENNE ARVAN,MASSY TGV,23,0.0
ST JEAN DE MAURIENNE ARVAN,MASSY TGV,24,0.0
ST JEAN DE MAURIENNE ARVAN,MASSY TGV,25,0.0
ST JEAN DE MAURIENNE ARVAN,MASSY TGV,26,0.0
ST JEAN DE MAURIENNE ARVAN,MASSY TGV,27,0.0
ST JEAN DE MAURIENNE ARVAN,MASSY TGV,28,0.0
ST JEAN DE MAURIENNE ARVAN,MASSY TGV,29,0.0
ST JEAN DE MAURIENNE ARVAN,MASSY TGV,30,0.0
ST JEAN DE MAURIENNE ARVAN,NANTES,0,0.0
ST JEAN DE MAURIENNE ARVAN,NANTES,1,0.0
ST JEAN DE MAURIENNE ARVAN,NANTES,2,0.0
ST JEAN DE MAURIENNE ARVAN,NANTES,3,0.0
ST JEAN DE MAURIENNE ARVAN,NANTES,4,0.0
ST JEAN DE MAURIENNE ARVAN,NANTES,5,0.0
ST JEAN DE MAURIENNE ARVAN,NANTES,6,0.0
ST JEAN DE MAURIENNE ARVAN,NANTES,7,0.0
ST JEAN DE MAURIENNE ARVAN,NANTES,8,0.0
ST JEAN DE MAURIENNE ARVAN,NANTES,9,0.0
ST JEAN DE MAURIENNE ARVAN,NANTES,10,0.0
ST JEAN DE MAURIENNE ARVAN,NANTES,11,0.0
ST JEAN DE MAURIENNE ARVAN,NANTES,12,0.0
ST JEAN DE MAURIENNE ARVAN,NANTES,13,0.0
ST JEAN DE MAURIENNE ARVAN,NANTES,14,0.0
ST JEAN DE MAURIENNE ARVAN,NANTES,15,0.0
ST JEAN DE MAURIENNE ARVAN,NANTES,16,0.0
ST JEAN DE MAURIENNE ARVAN,NANTES,17,0.0
ST JEAN DE MAURIENNE ARVAN,NANTES,18,0.0
ST JEAN DE MAURIENNE ARVAN,NANTES,19,0.0
ST JEAN DE MAURIENNE ARVAN,NANTES,20,0.0
ST JEAN DE MAURIENNE ARVAN,NANTES,21,0.0
ST JEAN DE MAURIENNE ARVAN,NANTES,22,0.0
ST JEAN DE MAURIENNE ARVAN,NANTES,23,0.0
ST JEAN DE MAURIENNE ARVAN,NANTES,24,0.0
ST JEAN DE MAURIENNE ARVAN,NANTES,25,0.0
ST JEAN DE MAURIENNE ARVAN,NANTES,26,0.0
ST JEAN DE MAURIENNE ARVAN,NANTES,27,0.0
ST JEAN DE MAURIENNE ARVAN,NANTES,28,0.0
ST JEAN DE MAURIENNE ARVAN,NANTES,29,0.0
ST JEAN DE MAURIENNE ARVAN,NANTES,30,0.0
ST JEAN DE MAURIENNE ARVAN,QUIMPER,0,0.1
ST JEAN DE MAURIENNE ARVAN,QUIMPER,1,0.1
ST JEAN DE MAURIENNE ARVAN,QUIMPER,2,0.05
ST JEAN DE MAURIENNE ARVAN,QUIMPER,3,0.0
ST JEAN DE MAURIENNE ARVAN,QUIMPER,4,0.0
ST JEAN DE MAURIENNE ARVAN,QUIMPER,5,0.0
ST JEAN DE MAURIENNE ARVAN,QUIMPER,6,0.0
ST JEAN DE MAURIENNE ARVAN,QUIMPER,7,0.0
ST JEAN DE MAURIENNE ARVAN,QUIMPER,8,0.0
ST JEAN DE MAURIENNE ARVAN,QUIMPER,9,0.0
ST JEAN DE MAURIENNE ARVAN,QUIMPER,10,0.0
ST JEAN DE MAURIENNE ARVAN,QUIMPER,11,0.0
ST JEAN DE MAURIENNE ARVAN,QUIMPER,12,0.0
ST JEAN DE MAURIENNE ARVAN,QUIMPER,13,0.0
ST JEAN DE MAURIENNE ARVAN,QUIMPER,14,0.0
ST JEAN DE MAURIENNE ARVAN,QUIMPER,15,0.0
ST JEAN DE MAURIENNE ARVAN,QUIMPER,16,0.0
ST JEAN DE MAURIENNE ARVAN,QUIMPER,17,0.0
ST JEAN DE MAURIENNE ARVAN,QUIMPER,18,0.0
ST JEAN DE MAURIENNE ARVAN,QUIMPER,19,0.0
ST JEAN DE MAURIENNE ARVAN,QUIMPER,20,0.0
ST JEAN DE MAURIENNE ARVAN,QUIMPER,21,0.0
ST JEAN DE MAURIENNE ARVAN,QUIMPER,22,0.0
ST JEAN DE MAURIENNE ARVAN,QUIMPER,23,0.0
ST JEAN DE MAURIENNE ARVAN,QUIMPER,24,0.0
ST JEAN DE MAURIENNE ARVAN,QUIMPER,25,0.0
ST JEAN DE MAURIENNE ARVAN,QUIMPER,26,0.0
ST JEAN DE MAURIENNE ARVAN,QUIMPER,27,0.0
ST JEAN DE MAURIENNE ARVAN,QUIMPER,28,0.0
ST JEAN DE MAURIENNE ARVAN,QUIMPER,29,0.0
ST JEAN DE MAURIENNE ARVAN,QUIMPER,30,0.0
ST JEAN DE MAURIENNE ARVAN,REDON,0,0.0
ST JEAN DE MAURIENNE ARVAN,REDON,1,0.0
ST JEAN DE MAURIENNE ARVAN,REDON,2,0.0
ST JEAN DE MAURIENNE ARVAN,REDON,3,0.0
ST JEAN DE MAURIENNE ARVAN,REDON,4,0.0
ST JEAN DE MAURIENNE ARVAN,REDON,5,0.0
ST JEAN DE MAURIENNE ARVAN,REDON,6,0.0
ST JEAN DE MAURIENNE ARVAN,REDON,7,0.0
ST JEAN DE MAURIENNE ARVAN,REDON,8,0.0
ST JEAN DE MAURIENNE ARVAN,REDON,9,0.0
ST JEAN DE MAURIENNE ARVAN,REDON,10,0.0
ST JEAN DE MAURIENNE ARVAN,REDON,11,0.0
ST JEAN DE MAURIENNE ARVAN,REDON,12,0.0
ST JEAN DE MAURIENNE ARVAN,REDON,13,0.0
ST JEAN DE MAURIENNE ARVAN,REDON,14,0.0
ST JEAN DE MAURIENNE ARVAN,REDON,15,0.0
ST JEAN DE MAURIENNE ARVAN,REDON,16,0.0
ST JEAN DE MAURIENNE ARVAN,REDON,17,0.0
ST JEAN DE MAURIENNE ARVAN,REDON,18,0.0
ST JEAN DE MAURIENNE ARVAN,REDON,19,0.0
ST JEAN DE MAURIENNE ARVAN,REDON,20,0.0
ST JEAN DE MAURIENNE ARVAN,REDON,21,0.0
ST JEAN DE MAURIENNE ARVAN,REDON,22,0.0
ST JEAN DE MAURIENNE ARVAN,REDON,23,0.0
ST JEAN DE MAURIENNE ARVAN,REDON,24,0.0
ST JEAN DE MAURIENNE ARVAN,REDON,25,0.0
ST JEAN DE MAURIENNE ARVAN,REDON,26,0.0
ST JEAN DE MAURIENNE ARVAN,REDON,27,0.0
ST JEAN DE MAURIENNE ARVAN,REDON,28,0.0
ST JEAN DE MAURIENNE ARVAN,REDON,29,0.0
ST JEAN DE MAURIENNE ARVAN,REDON,30,0.0
ST JEAN DE MAURIENNE ARVAN,RENNES,0,0.0
ST JEAN DE MAURIENNE ARVAN,RENNES,1,0.0
ST JEAN DE MAURIENNE ARVAN,RENNES,2,0.0
ST JEAN DE MAURIENNE ARVAN,RENNES,3,0.0
ST JEAN DE MAURIENNE ARVAN,RENNES,4,0.0
ST JEAN DE MAURIENNE ARVAN,RENNES,5,0.0
ST JEAN DE MAURIENNE ARVAN,RENNES,6,0.0
ST JEAN DE MAURIENNE ARVAN,RENNES,7,0.0
ST JEAN DE MAURIENNE ARVAN,RENNES,8,0.0
ST JEAN DE MAURIENNE ARVAN,RENNES,9,0.0
ST JEAN DE MAURIENNE ARVAN,RENNES,10,0.0
ST JEAN DE MAURIENNE ARVAN,RENNES,11,0.0
ST JEAN DE MAURIENNE ARVAN,RENNES,12,0.0
ST JEAN DE MAURIENNE ARVAN,RENNES,13,0.0
ST JEAN DE MAURIENNE ARVAN,RENNES,14,0.0
ST JEAN DE MAURIENNE ARVAN,RENNES,15,0.0
ST JEAN DE MAURIENNE ARVAN,RENNES,16,0.0
ST JEAN DE MAURIENNE ARVAN,RENNES,17,0.0
ST JEAN DE MAURIENNE ARVAN,RENNES,18,0.0
ST JEAN DE MAURIENNE ARVAN,RENNES,19,0.0
ST JEAN DE MAURIENNE ARVAN,RENNES,20,0.0
ST JEAN DE MAURIENNE ARVAN,RENNES,21,0.0
ST JEAN DE MAURIENNE ARVAN,RENNES,22,0.0
ST JEAN DE MAURIENNE ARVAN,RENNES,23,0.0
ST JEAN DE MAURIENNE ARVAN,RENNES,24,0.0
ST JEAN DE MAURIENNE ARVAN,RENNES,25,0.0
ST JEAN DE MAURIENNE ARVAN,RENNES,26,0.0
ST JEAN DE MAURIENNE ARVAN,RENNES,27,0.0
ST JEAN DE MAURIENNE ARVAN,RENNES,28,0.0
ST JEAN DE MAURIENNE ARVAN,RENNES,29,0.0
ST JEAN DE MAURIENNE ARVAN,RENNES,30,0.0
ST JEAN DE MAURIENNE ARVAN,SAINT AVRE LA CHAMBRE,0,0.0
ST JEAN DE MAURIENNE ARVAN,SAINT AVRE LA CHAMBRE,1,0.0
ST JEAN DE MAURIENNE ARVAN,SAINT AVRE LA CHAMBRE,2,0.0
ST JEAN DE MAURIENNE ARVAN,SAINT AVRE LA CHAMBRE,3,0.0
ST JEAN DE MAURIENNE ARVAN,SAINT AVRE LA CHAMBRE,4,0.0
ST JEAN DE MAURIENNE ARVAN,SAINT AVRE LA CHAMBRE,5,0.0
ST JEAN DE MAURIENNE ARVAN,SAINT AVRE LA CHAMBRE,6,0.0
ST JEAN DE MAURIENNE ARVAN,SAINT AVRE LA CHAMBRE,7,0.0
ST JEAN DE MAURIENNE ARVAN,SAINT AVRE LA CHAMBRE,8,0.0
ST JEAN DE MAURIENNE ARVAN,SAINT AVRE LA CHAMBRE,9,0.0
ST JEAN DE MAURIENNE ARVAN,SAINT AVRE LA CHAMBRE,10,0.0
ST JEAN DE MAURIENNE ARVAN,SAINT AVRE LA CHAMBRE,11,0.0
ST JEAN DE MAURIENNE ARVAN,SAINT AVRE LA CHAMBRE,12,0.0
ST JEAN DE MAURIENNE ARVAN,SAINT AVRE LA CHAMBRE,13,0.0
ST JEAN DE MAURIENNE ARVAN,SAINT AVRE LA CHAMBRE,14,0.0
ST JEAN DE MAURIENNE ARVAN,SAINT AVRE LA CHAMBRE,15,0.0
ST JEAN DE MAURIENNE ARVAN,SAINT AVRE LA CHAMBRE,16,0.0
ST JEAN DE MAURIENNE ARVAN,SAINT AVRE LA CHAMBRE,17,0.0
ST JEAN DE MAURIENNE ARVAN,SAINT AVRE LA CHAMBRE,18,0.0
ST JEAN DE MAURIENNE ARVAN,SAINT AVRE LA CHAMBRE,19,0.0
ST JEAN DE MAURIENNE ARVAN,SAINT AVRE LA CHAMBRE,20,0.0
ST JEAN DE MAURIENNE ARVAN,SAINT AVRE LA CHAMBRE,21,0.0
ST JEAN DE MAURIENNE ARVAN,SAINT AVRE LA CHAMBRE,22,0.0
ST JEAN DE MAURIENNE ARVAN,SAINT AVRE LA CHAMBRE,23,0.0
ST JEAN DE MAURIENNE ARVAN,SAINT AVRE LA CHAMBRE,24,0.0
ST JEAN DE MAURIENNE ARVAN,SAINT AVRE LA CHAMBRE,25,0.0
ST JEAN DE MAURIENNE ARVAN,SAINT AVRE LA CHAMBRE,26,0.0
ST JEAN DE MAURIENNE ARVAN,SAINT AVRE LA CHAMBRE,27,0.0
ST JEAN DE MAURIENNE ARVAN,SAINT AVRE LA CHAMBRE,28,0.0
ST JEAN DE MAURIENNE ARVAN,SAINT AVRE LA CHAMBRE,29,0.0
ST JEAN DE MAURIENNE ARVAN,SAINT AVRE LA CHAMBRE,30,0.0
ST JEAN DE MAURIENNE ARVAN,VANNES,0,0.05
ST JEAN DE MAURIENNE ARVAN,VANNES,1,0.0
ST JEAN DE MAURIENNE ARVAN,VANNES,2,0.0
ST JEAN DE MAURIENNE ARVAN,VANNES,3,0.0
ST JEAN DE MAURIENNE ARVAN,VANNES,4,0.0
ST JEAN DE MAURIENNE ARVAN,VANNES,5,0.0
ST JEAN DE MAURIENNE ARVAN,VANNES,6,0.0
ST JEAN DE MAURIENNE ARVAN,VANNES,7,0.0
ST JEAN DE MAURIENNE ARVAN,VANNES,8,0.0
ST JEAN DE MAURIENNE ARVAN,VANNES,9,0.0
ST JEAN DE MAURIENNE ARVAN,VANNES,10,0.0
ST JEAN DE MAURIENNE ARVAN,VANNES,11,0.0
ST JEAN DE MAURIENNE ARVAN,VANNES,12,0.0
ST JEAN DE MAURIENNE ARVAN,VANNES,13,0.0
ST JEAN DE MAURIENNE ARVAN,VANNES,14,0.0
ST JEAN DE MAURIENNE ARVAN,VANNES,15,0.0
ST JEAN DE MAURIENNE ARVAN,VANNES,16,0.0
ST JEAN DE MAURIENNE ARVAN,VANNES,17,0.0
ST JEAN DE MAURIENNE ARVAN,VANNES,18,0.0
ST JEAN DE MAURIENNE ARVAN,VANNES,19,0.0
ST JEAN DE MAURIENNE ARVAN,VANNES,20,0.0
ST JEAN DE MAURIENNE ARVAN,VANNES,21,0.0
ST JEAN DE MAURIENNE ARVAN,VANNES,22,0.0
ST JEAN DE MAURIENNE ARVAN,VANNES,23,0.0
ST JEAN DE MAURIENNE ARVAN,VANNES,24,0.0
ST JEAN DE MAURIENNE ARVAN,VANNES,25,0.0
ST JEAN DE MAURIENNE ARVAN,VANNES,26,0.0
ST JEAN DE MAURIENNE ARVAN,VANNES,27,0.0
ST JEAN DE MAURIENNE ARVAN,VANNES,28,0.0
ST JEAN DE MAURIENNE ARVAN,VANNES,29,0.0
ST JEAN DE MAURIENNE ARVAN,VANNES,30,0.0
ST MICHEL VALLOIRE,ANGERS SAINT LAUD,0,0.0
ST MICHEL VALLOIRE,ANGERS SAINT LAUD,1,0.0
ST MICHEL VALLOIRE,ANGERS SAINT LAUD,2,0.0
ST MICHEL VALLOIRE,ANGERS SAINT LAUD,3,0.0
ST MICHEL VALLOIRE,ANGERS SAINT LAUD,4,0.0
ST MICHEL VALLOIRE,ANGERS SAINT LAUD,5,0.0
ST MICHEL VALLOIRE,ANGERS SAINT LAUD,6,0.0
ST MICHEL VALLOIRE,ANGERS SAINT LAUD,7,0.0
ST MICHEL VALLOIRE,ANGERS SAINT LAUD,8,0.0
ST MICHEL VALLOIRE,ANGERS SAINT LAUD,9,0.0
ST MICHEL VALLOIRE,ANGERS SAINT LAUD,10,0.0
ST MICHEL VALLOIRE,ANGERS SAINT LAUD,11,0.0
ST MICHEL VALLOIRE,ANGERS SAINT LAUD,12,0.0
ST MICHEL VALLOIRE,ANGERS SAINT LAUD,13,0.0
ST MICHEL VALLOIRE,ANGERS SAINT LAUD,14,0.0
ST MICHEL VALLOIRE,ANGERS SAINT LAUD,15,0.0
ST MICHEL VALLOIRE,ANGERS SAINT LAUD,16,0.0
ST MICHEL VALLOIRE,ANGERS SAINT LAUD,17,0.0
ST MICHEL VALLOIRE,ANGERS SAINT LAUD,18,0.0
ST MICHEL VALLOIRE,ANGERS SAINT LAUD,19,0.0
ST MICHEL VALLOIRE,ANGERS SAINT LAUD,20,0.0
ST MICHEL VALLOIRE,ANGERS SAINT LAUD,21,0.0
ST MICHEL VALLOIRE,ANGERS SAINT LAUD,22,0.0
ST MICHEL VALLOIRE,ANGERS SAINT LAUD,23,0.0
ST MICHEL VALLOIRE,ANGERS SAINT LAUD,24,0.0
ST MICHEL VALLOIRE,ANGERS SAINT LAUD,25,0.0
ST MICHEL VALLOIRE,ANGERS SAINT LAUD,26,0.0
ST MICHEL VALLOIRE,ANGERS SAINT LAUD,27,0.0
ST MICHEL VALLOIRE,ANGERS SAINT LAUD,28,0.0
ST MICHEL VALLOIRE,ANGERS SAINT LAUD,29,0.0
ST MICHEL VALLOIRE,ANGERS SAINT LAUD,30,0.0
ST MICHEL VALLOIRE,AURAY,0,0.0
ST MICHEL VALLOIRE,AURAY,1,0.0
ST MICHEL VALLOIRE,AURAY,2,0.0
ST MICHEL VALLOIRE,AURAY,3,0.0
ST MICHEL VALLOIRE,AURAY,4,0.0
ST MICHEL VALLOIRE,AURAY,5,0.0
ST MICHEL VALLOIRE,AURAY,6,0.0
ST MICHEL VALLOIRE,AURAY,7,0.0
ST MICHEL VALLOIRE,AURAY,8,0.0
ST MICHEL VALLOIRE,AURAY,9,0.0
ST MICHEL VALLOIRE,AURAY,10,0.0
ST MICHEL VALLOIRE,AURAY,11,0.0
ST MICHEL VALLOIRE,AURAY,12,0.0
ST MICHEL VALLOIRE,AURAY,13,0.0
ST MICHEL VALLOIRE,AURAY,14,0.0
ST MICHEL VALLOIRE,AURAY,15,0.0
ST MICHEL VALLOIRE,AURAY,16,0.0
ST MICHEL VALLOIRE,AURAY,17,0.0
ST MICHEL VALLOIRE,AURAY,18,0.0
ST MICHEL VALLOIRE,AURAY,19,0.0
ST MICHEL VALLOIRE,AURAY,20,0.0
ST MICHEL VALLOIRE,AURAY,21,0.0
ST MICHEL VALLOIRE,AURAY,22,0.0
ST MICHEL VALLOIRE,AURAY,23,0.0
ST MICHEL VALLOIRE,AURAY,24,0.0
ST MICHEL VALLOIRE,AURAY,25,0.0
ST MICHEL VALLOIRE,AURAY,26,0.0
ST MICHEL VALLOIRE,AURAY,27,0.0
ST MICHEL VALLOIRE,AURAY,28,0.0
ST MICHEL VALLOIRE,AURAY,29,0.0
ST MICHEL VALLOIRE,AURAY,30,0.0
ST MICHEL VALLOIRE,CHAMBERY CHALLES LES EAUX,0,0.05
ST MICHEL VALLOIRE,CHAMBERY CHALLES LES EAUX,1,0.0
ST MICHEL VALLOIRE,CHAMBERY CHALLES LES EAUX,2,0.05
ST MICHEL VALLOIRE,CHAMBERY CHALLES LES EAUX,3,0.05
ST MICHEL VALLOIRE,CHAMBERY CHALLES LES EAUX,4,0.0
ST MICHEL VALLOIRE,CHAMBERY CHALLES LES EAUX,5,0.0
ST MICHEL VALLOIRE,CHAMBERY CHALLES LES EAUX,6,0.0
ST MICHEL VALLOIRE,CHAMBERY CHALLES LES EAUX,7,0.0
ST MICHEL VALLOIRE,CHAMBERY CHALLES LES EAUX,8,0.0
ST MICHEL VALLOIRE,CHAMBERY CHALLES LES EAUX,9,0.0
ST MICHEL VALLOIRE,CHAMBERY CHALLES LES EAUX,10,0.0
ST MICHEL VALLOIRE,CHAMBERY CHALLES LES EAUX,11,0.0
ST MICHEL VALLOIRE,CHAMBERY CHALLES LES EAUX,12,0.0
ST MICHEL VALLOIRE,CHAMBERY CHALLES LES EAUX,13,0.0
ST MICHEL VALLOIRE,CHAMBERY CHALLES LES EAUX,14,0.0
ST MICHEL VALLOIRE,CHAMBERY CHALLES LES EAUX,15,0.0
ST MICHEL VALLOIRE,CHAMBERY CHALLES LES EAUX,16,0.0
ST MICHEL VALLOIRE,CHAMBERY CHALLES LES EAUX,17,0.0
ST MICHEL VALLOIRE,CHAMBERY CHALLES LES EAUX,18,0.0
ST MICHEL VALLOIRE,CHAMBERY CHALLES LES EAUX,19,0.0
ST MICHEL VALLOIRE,CHAMBERY CHALLES LES EAUX,20,0.0
ST MICHEL VALLOIRE,CHAMBERY CHALLES LES EAUX,21,0.0
ST MICHEL VALLOIRE,CHAMBERY CHALLES LES EAUX,22,0.0
ST MICHEL VALLOIRE,CHAMBERY CHALLES LES EAUX,23,0.0
ST MICHEL VALLOIRE,CHAMBERY CHALLES LES EAUX,24,0.0
ST MICHEL VALLOIRE,CHAMBERY CHALLES LES EAUX,25,0.0
ST MICHEL VALLOIRE,CHAMBERY CHALLES LES EAUX,26,0.0
ST MICHEL VALLOIRE,CHAMBERY CHALLES LES EAUX,27,0.0
ST MICHEL VALLOIRE,CHAMBERY CHALLES LES EAUX,28,0.0
ST MICHEL VALLOIRE,CHAMBERY CHALLES LES EAUX,29,0.0
ST MICHEL VALLOIRE,CHAMBERY CHALLES LES EAUX,30,0.0
ST MICHEL VALLOIRE,LE MANS,0,0.0
ST MICHEL VALLOIRE,LE MANS,1,0.0
ST MICHEL VALLOIRE,LE MANS,2,0.0
ST MICHEL VALLOIRE,LE MANS,3,0.05
ST MICHEL VALLOIRE,LE MANS,4,0.0
ST MICHEL VALLOIRE,LE MANS,5,0.0
ST MICHEL VALLOIRE,LE MANS,6,0.0
ST MICHEL VALLOIRE,LE MANS,7,0.0
ST MICHEL VALLOIRE,LE MANS,8,0.0
ST MICHEL VALLOIRE,LE MANS,9,0.0
ST MICHEL VALLOIRE,LE MANS,10,0.0
ST MICHEL VALLOIRE,LE MANS,11,0.0
ST MICHEL VALLOIRE,LE MANS,12,0.0
ST MICHEL VALLOIRE,LE MANS,13,0.0
ST MICHEL VALLOIRE,LE MANS,14,0.0
ST MICHEL VALLOIRE,LE MANS,15,0.0
ST MICHEL VALLOIRE,LE MANS,16,0.0
ST MICHEL VALLOIRE,LE MANS,17,0.0
ST MICHEL VALLOIRE,LE MANS,18,0.0
ST MICHEL VALLOIRE,LE MANS,19,0.0
ST MICHEL VALLOIRE,LE MANS,20,0.0
ST MICHEL VALLOIRE,LE MANS,21,0.0
ST MICHEL VALLOIRE,LE MANS,22,0.0
ST MICHEL VALLOIRE,LE MANS,23,0.0
ST MICHEL VALLOIRE,LE MANS,24,0.0
ST MICHEL VALLOIRE,LE MANS,25,0.0
ST MICHEL VALLOIRE,LE MANS,26,0.0
ST MICHEL VALLOIRE,LE MANS,27,0.0
ST MICHEL VALLOIRE,LE MANS,28,0.0
ST MICHEL VALLOIRE,LE MANS,29,0.0
ST MICHEL VALLOIRE,LE MANS,30,0.0
ST MICHEL VALLOIRE,LORIENT,0,0.0
ST MICHEL VALLOIRE,LORIENT,1,0.0
ST MICHEL VALLOIRE,LORIENT,2,0.0
ST MICHEL VALLOIRE,LORIENT,3,0.0
ST MICHEL VALLOIRE,LORIENT,4,0.0
ST MICHEL VALLOIRE,LORIENT,5,0.0
ST MICHEL VALLOIRE,LORIENT,6,0.0
ST MICHEL VALLOIRE,LORIENT,7,0.0
ST MICHEL VALLOIRE,LORIENT,8,0.0
ST MICHEL VALLOIRE,LORIENT,9,0.0
ST MICHEL VALLOIRE,LORIENT,10,0.0
ST MICHEL VALLOIRE,LORIENT,11,0.0
ST MICHEL VALLOIRE,LORIENT,12,0.0
ST MICHEL VALLOIRE,LORIENT,13,0.0
ST MICHEL VALLOIRE,LORIENT,14,0.0
ST MICHEL VALLOIRE,LORIENT,15,0.0
ST MICHEL VALLOIRE,LORIENT,16,0.0
ST MICHEL VALLOIRE,LORIENT,17,0.0
ST MICHEL VALLOIRE,LORIENT,18,0.0
ST MICHEL VALLOIRE,LORIENT,19,0.0
ST MICHEL VALLOIRE,LORIENT,20,0.0
ST MICHEL VALLOIRE,LORIENT,21,0.0
ST MICHEL VALLOIRE,LORIENT,22,0.0
ST MICHEL VALLOIRE,LORIENT,23,0.0
ST MICHEL VALLOIRE,LORIENT,24,0.0
ST MICHEL VALLOIRE,LORIENT,25,0.0
ST MICHEL VALLOIRE,LORIENT,26,0.0
ST MICHEL VALLOIRE,LORIENT,27,0.0
ST MICHEL VALLOIRE,LORIENT,28,0.0
ST MICHEL VALLOIRE,LORIENT,29,0.0
ST MICHEL VALLOIRE,LORIENT,30,0.0
ST MICHEL VALLOIRE,MASSY TGV,0,0.05
ST MICHEL VALLOIRE,MASSY TGV,1,0.05
ST MICHEL VALLOIRE,MASSY TGV,2,0.0
ST MICHEL VALLOIRE,MASSY TGV,3,0.0
ST MICHEL VALLOIRE,MASSY TGV,4,0.0
ST MICHEL VALLOIRE,MASSY TGV,5,0.0
ST MICHEL VALLOIRE,MASSY TGV,6,0.0
ST MICHEL VALLOIRE,MASSY TGV,7,0.0
ST MICHEL VALLOIRE,MASSY TGV,8,0.0
ST MICHEL VALLOIRE,MASSY TGV,9,0.0
ST MICHEL VALLOIRE,MASSY TGV,10,0.0
ST MICHEL VALLOIRE,MASSY TGV,11,0.0
ST MICHEL VALLOIRE,MASSY TGV,12,0.0
ST MICHEL VALLOIRE,MASSY TGV,13,0.0
ST MICHEL VALLOIRE,MASSY TGV,14,0.0
ST MICHEL VALLOIRE,MASSY TGV,15,0.0
ST MICHEL VALLOIRE,MASSY TGV,16,0.0
ST MICHEL VALLOIRE,MASSY TGV,17,0.0
ST MICHEL VALLOIRE,MASSY TGV,18,0.0
ST MICHEL VALLOIRE,MASSY TGV,19,0.0
ST MICHEL VALLOIRE,MASSY TGV,20,0.0
ST MICHEL VALLOIRE,MASSY TGV,21,0.0
ST MICHEL VALLOIRE,MASSY TGV,22,0.0
ST MICHEL VALLOIRE,MASSY TGV,23,0.0
ST MICHEL VALLOIRE,MASSY TGV,24,0.0
ST MICHEL VALLOIRE,MASSY TGV,25,0.0
ST MICHEL VALLOIRE,MASSY TGV,26,0.0
ST MICHEL VALLOIRE,MASSY TGV,27,0.0
ST MICHEL VALLOIRE,MASSY TGV,28,0.0
ST MICHEL VALLOIRE,MASSY TGV,29,0.0
ST MICHEL VALLOIRE,MASSY TGV,30,0.0
ST MICHEL VALLOIRE,NANTES,0,0.0
ST MICHEL VALLOIRE,NANTES,1,0.0
ST MICHEL VALLOIRE,NANTES,2,0.0
ST MICHEL VALLOIRE,NANTES,3,0.0
ST MICHEL VALLOIRE,NANTES,4,0.0
ST MICHEL VALLOIRE,NANTES,5,0.0
ST MICHEL VALLOIRE,NANTES,6,0.0
ST MICHEL VALLOIRE,NANTES,7,0.0
ST MICHEL VALLOIRE,NANTES,8,0.0
ST MICHEL VALLOIRE,NANTES,9,0.0
ST MICHEL VALLOIRE,NANTES,10,0.0
ST MICHEL VALLOIRE,NANTES,11,0.0
ST MICHEL VALLOIRE,NANTES,12,0.0
ST MICHEL VALLOIRE,NANTES,13,0.0
ST MICHEL VALLOIRE,NANTES,14,0.0
ST MICHEL VALLOIRE,NANTES,15,0.0
ST MICHEL VALLOIRE,NANTES,16,0.0
ST MICHEL VALLOIRE,NANTES,17,0.0
ST MICHEL VALLOIRE,NANTES,18,0.0
ST MICHEL VALLOIRE,NANTES,19,0.0
ST MICHEL VALLOIRE,NANTES,20,0.0
ST MICHEL VALLOIRE,NANTES,21,0.0
ST MICHEL VALLOIRE,NANTES,22,0.0
ST MICHEL VALLOIRE,NANTES,23,0.0
ST MICHEL VALLOIRE,NANTES,24,0.0
ST MICHEL VALLOIRE,NANTES,25,0.0
ST MICHEL VALLOIRE,NANTES,26,0.0
ST MICHEL VALLOIRE,NANTES,27,0.0
ST MICHEL VALLOIRE,NANTES,28,0.0
ST MICHEL VALLOIRE,NANTES,29,0.0
ST MICHEL VALLOIRE,NANTES,30,0.0
ST MICHEL VALLOIRE,QUIMPER,0,0.05
ST MICHEL VALLOIRE,QUIMPER,1,0.05
ST MICHEL VALLOIRE,QUIMPER,2,0.05
ST MICHEL VALLOIRE,QUIMPER,3,0.0
ST MICHEL VALLOIRE,QUIMPER,4,0.0
ST MICHEL VALLOIRE,QUIMPER,5,0.0
ST MICHEL VALLOIRE,QUIMPER,6,0.0
ST MICHEL VALLOIRE,QUIMPER,7,0.0
ST MICHEL VALLOIRE,QUIMPER,8,0.0
ST MICHEL VALLOIRE,QUIMPER,9,0.0
ST MICHEL VALLOIRE,QUIMPER,10,0.0
ST MICHEL VALLOIRE,QUIMPER,11,0.0
ST MICHEL VALLOIRE,QUIMPER,12,0.0
ST MICHEL VALLOIRE,QUIMPER,13,0.0
ST MICHEL VALLOIRE,QUIMPER,14,0.0
ST MICHEL VALLOIRE,QUIMPER,15,0.0
ST MICHEL VALLOIRE,QUIMPER,16,0.0
ST MICHEL VALLOIRE,QUIMPER,17,0.0
ST MICHEL VALLOIRE,QUIMPER,18,0.0
ST MICHEL VALLOIRE,QUIMPER,19,0.0
ST MICHEL VALLOIRE,QUIMPER,20,0.0
ST MICHEL VALLOIRE,QUIMPER,21,0.0
ST MICHEL VALLOIRE,QUIMPER,22,0.0
ST MICHEL VALLOIRE,QUIMPER,23,0.0
ST MICHEL VALLOIRE,QUIMPER,24,0.0
ST MICHEL VALLOIRE,QUIMPER,25,0.0
ST MICHEL VALLOIRE,QUIMPER,26,0.0
ST MICHEL VALLOIRE,QUIMPER,27,0.0
ST MICHEL VALLOIRE,QUIMPER,28,0.0
ST MICHEL VALLOIRE,QUIMPER,29,0.0
ST MICHEL VALLOIRE,QUIMPER,30,0.0
ST MICHEL VALLOIRE,REDON,0,0.0
ST MICHEL VALLOIRE,REDON,1,0.0
ST MICHEL VALLOIRE,REDON,2,0.0
ST MICHEL VALLOIRE,REDON,3,0.0
ST MICHEL VALLOIRE,REDON,4,0.0
ST MICHEL VALLOIRE,REDON,5,0.0
ST MICHEL VALLOIRE,REDON,6,0.0
ST MICHEL VALLOIRE,REDON,7,0.0
ST MICHEL VALLOIRE,REDON,8,0.0
ST MICHEL VALLOIRE,REDON,9,0.0
ST MICHEL VALLOIRE,REDON,10,0.0
ST MICHEL VALLOIRE,REDON,11,0.0
ST MICHEL VALLOIRE,REDON,12,0.0
ST MICHEL VALLOIRE,REDON,13,0.0
ST MICHEL VALLOIRE,REDON,14,0.0
ST MICHEL VALLOIRE,REDON,15,0.0
ST MICHEL VALLOIRE,REDON,16,0.0
ST MICHEL VALLOIRE,REDON,17,0.0
ST MICHEL VALLOIRE,REDON,18,0.0
ST MICHEL VALLOIRE,REDON,19,0.0
ST MICHEL VALLOIRE,REDON,20,0.0
ST MICHEL VALLOIRE,REDON,21,0.0
ST MICHEL VALLOIRE,REDON,22,0.0
ST MICHEL VALLOIRE,REDON,23,0.0
ST MICHEL VALLOIRE,REDON,24,0.0
ST MICHEL VALLOIRE,REDON,25,0.0
ST MICHEL VALLOIRE,REDON,26,0.0
ST MICHEL VALLOIRE,REDON,27,0.0
ST MICHEL VALLOIRE,REDON,28,0.0
ST MICHEL VALLOIRE,REDON,29,0.0
ST MICHEL VALLOIRE,REDON,30,0.0
ST MICHEL VALLOIRE,RENNES,0,0.0
ST MICHEL VALLOIRE,RENNES,1,0.0
ST MICHEL VALLOIRE,RENNES,2,0.0
ST MICHEL VALLOIRE,RENNES,3,0.0
ST MICHEL VALLOIRE,RENNES,4,0.0
ST MICHEL VALLOIRE,RENNES,5,0.0
ST MICHEL VALLOIRE,RENNES,6,0.0
ST MICHEL VALLOIRE,RENNES,7,0.0
ST MICHEL VALLOIRE,RENNES,8,0.0
ST MICHEL VALLOIRE,RENNES,9,0.0
ST MICHEL VALLOIRE,RENNES,10,0.0
ST MICHEL VALLOIRE,RENNES,11,0.0
ST MICHEL VALLOIRE,RENNES,12,0.0
ST MICHEL VALLOIRE,RENNES,13,0.0
ST MICHEL VALLOIRE,RENNES,14,0.0
ST MICHEL VALLOIRE,RENNES,15,0.0
ST MICHEL VALLOIRE,RENNES,16,0.0
ST MICHEL VALLOIRE,RENNES,17,0.0
ST MICHEL VALLOIRE,RENNES,18,0.0
ST MICHEL VALLOIRE,RENNES,19,0.0
ST MICHEL VALLOIRE,RENNES,20,0.0
ST MICHEL VALLOIRE,RENNES,21,0.0
ST MICHEL VALLOIRE,RENNES,22,0.0
ST MICHEL VALLOIRE,RENNES,23,0.0
ST MICHEL VALLOIRE,RENNES,24,0.0
ST MICHEL VALLOIRE,RENNES,25,0.0
ST MICHEL VALLOIRE,RENNES,26,0.0
ST MICHEL VALLOIRE,RENNES,27,0.0
ST MICHEL VALLOIRE,RENNES,28,0.0
ST MICHEL VALLOIRE,RENNES,29,0.0
ST MICHEL VALLOIRE,RENNES,30,0.0
ST MICHEL VALLOIRE,SAINT AVRE LA CHAMBRE,0,0.0
ST MICHEL VALLOIRE,SAINT AVRE LA CHAMBRE,1,0.0
ST MICHEL VALLOIRE,SAINT AVRE LA CHAMBRE,2,0.0
ST MICHEL VALLOIRE,SAINT AVRE LA CHAMBRE,3,0.0
ST MICHEL VALLOIRE,SAINT AVRE LA CHAMBRE,4,0.0
ST MICHEL VALLOIRE,SAINT AVRE LA CHAMBRE,5,0.0
ST MICHEL VALLOIRE,SAINT AVRE LA CHAMBRE,6,0.0
ST MICHEL VALLOIRE,SAINT AVRE LA CHAMBRE,7,0.0
ST MICHEL VALLOIRE,SAINT AVRE LA CHAMBRE,8,0.0
ST MICHEL VALLOIRE,SAINT AVRE LA CHAMBRE,9,0.0
ST MICHEL VALLOIRE,SAINT AVRE LA CHAMBRE,10,0.0
ST MICHEL VALLOIRE,SAINT AVRE LA CHAMBRE,11,0.0
ST MICHEL VALLOIRE,SAINT AVRE LA CHAMBRE,12,0.0
ST MICHEL VALLOIRE,SAINT AVRE LA CHAMBRE,13,0.0
ST MICHEL VALLOIRE,SAINT AVRE LA CHAMBRE,14,0.0
ST MICHEL VALLOIRE,SAINT AVRE LA CHAMBRE,15,0.0
ST MICHEL VALLOIRE,SAINT AVRE LA CHAMBRE,16,0.0
ST MICHEL VALLOIRE,SAINT AVRE LA CHAMBRE,17,0.0
ST MICHEL VALLOIRE,SAINT AVRE LA CHAMBRE,18,0.0
ST MICHEL VALLOIRE,SAINT AVRE LA CHAMBRE,19,0.0
ST MICHEL VALLOIRE,SAINT AVRE LA CHAMBRE,20,0.0
ST MICHEL VALLOIRE,SAINT AVRE LA CHAMBRE,21,0.0
ST MICHEL VALLOIRE,SAINT AVRE LA CHAMBRE,22,0.0
ST MICHEL VALLOIRE,SAINT AVRE LA CHAMBRE,23,0.0
ST MICHEL VALLOIRE,SAINT AVRE LA CHAMBRE,24,0.0
ST MICHEL VALLOIRE,SAINT AVRE LA CHAMBRE,25,0.0
ST MICHEL VALLOIRE,SAINT AVRE LA CHAMBRE,26,0.0
ST MICHEL VALLOIRE,SAINT AVRE LA CHAMBRE,27,0.0
ST MICHEL VALLOIRE,SAINT AVRE LA CHAMBRE,28,0.0
ST MICHEL VALLOIRE,SAINT AVRE LA CHAMBRE,29,0.0
ST MICHEL VALLOIRE,SAINT AVRE LA CHAMBRE,30,0.0
ST MICHEL VALLOIRE,ST JEAN DE MAURIENNE ARVAN,0,0.0
ST MICHEL VALLOIRE,ST JEAN DE MAURIENNE ARVAN,1,0.0
ST MICHEL VALLOIRE,ST JEAN DE MAURIENNE ARVAN,2,0.0
ST MICHEL VALLOIRE,ST JEAN DE MAURIENNE ARVAN,3,0.0
ST MICHEL VALLOIRE,ST JEAN DE MAURIENNE ARVAN,4,0.0
ST MICHEL VALLOIRE,ST JEAN DE MAURIENNE ARVAN,5,0.0
ST MICHEL VALLOIRE,ST JEAN DE MAURIENNE ARVAN,6,0.0
ST MICHEL VALLOIRE,ST JEAN DE MAURIENNE ARVAN,7,0.0
ST MICHEL VALLOIRE,ST JEAN DE MAURIENNE ARVAN,8,0.0
ST MICHEL VALLOIRE,ST JEAN DE MAURIENNE ARVAN,9,0.0
ST MICHEL VALLOIRE,ST JEAN DE MAURIENNE ARVAN,10,0.0
ST MICHEL VALLOIRE,ST JEAN DE MAURIENNE ARVAN,11,0.0
ST MICHEL VALLOIRE,ST JEAN DE MAURIENNE ARVAN,12,0.0
ST MICHEL VALLOIRE,ST JEAN DE MAURIENNE ARVAN,13,0.0
ST MICHEL VALLOIRE,ST JEAN DE MAURIENNE ARVAN,14,0.0
ST MICHEL VALLOIRE,ST JEAN DE MAURIENNE ARVAN,15,0.0
ST MICHEL VALLOIRE,ST JEAN DE MAURIENNE ARVAN,16,0.0
ST MICHEL VALLOIRE,ST JEAN DE MAURIENNE ARVAN,17,0.0
ST MICHEL VALLOIRE,ST JEAN DE MAURIENNE ARVAN,18,0.0
ST MICHEL VALLOIRE,ST JEAN DE MAURIENNE ARVAN,19,0.0
ST MICHEL VALLOIRE,ST JEAN DE MAURIENNE ARVAN,20,0.0
ST MICHEL VALLOIRE,ST JEAN DE MAURIENNE ARVAN,21,0.0
ST MICHEL VALLOIRE,ST JEAN DE MAURIENNE ARVAN,22,0.0
ST MICHEL VALLOIRE,ST JEAN DE MAURIENNE ARVAN,23,0.0
ST MICHEL VALLOIRE,ST JEAN DE MAURIENNE ARVAN,24,0.0
ST MICHEL VALLOIRE,ST JEAN DE MAURIENNE ARVAN,25,0.0
ST MICHEL VALLOIRE,ST JEAN DE MAURIENNE ARVAN,26,0.0
ST MICHEL VALLOIRE,ST JEAN DE MAURIENNE ARVAN,27,0.0
ST MICHEL VALLOIRE,ST JEAN DE MAURIENNE ARVAN,28,0.0
ST MICHEL VALLOIRE,ST JEAN DE MAURIENNE ARVAN,29,0.0
ST MICHEL VALLOIRE,ST JEAN DE MAURIENNE ARVAN,30,0.0
ST MICHEL VALLOIRE,VANNES,0,0.0
ST MICHEL VALLOIRE,VANNES,1,0.0
ST MICHEL VALLOIRE,VANNES,2,0.0
ST MICHEL VALLOIRE,VANNES,3,0.0
ST MICHEL VALLOIRE,VANNES,4,0.0
ST MICHEL VALLOIRE,VANNES,5,0.0
ST MICHEL VALLOIRE,VANNES,6,0.0
ST MICHEL VALLOIRE,VANNES,7,0.0
ST MICHEL VALLOIRE,VANNES,8,0.0
ST MICHEL VALLOIRE,VANNES,9,0.0
ST MICHEL VALLOIRE,VANNES,10,0.0
ST MICHEL VALLOIRE,VANNES,11,0.0
ST MICHEL VALLOIRE,VANNES,12,0.0
ST MICHEL VALLOIRE,VANNES,13,0.0
ST MICHEL VALLOIRE,VANNES,14,0.0
ST MICHEL VALLOIRE,VANNES,15,0.0
ST MICHEL VALLOIRE,VANNES,16,0.0
ST MICHEL VALLOIRE,VANNES,17,0.0
ST MICHEL VALLOIRE,VANNES,18,0.0
ST MICHEL VALLOIRE,VANNES,19,0.0
ST MICHEL VALLOIRE,VANNES,20,0.0
ST MICHEL VALLOIRE,VANNES,21,0.0
ST MICHEL VALLOIRE,VANNES,22,0.0
ST MICHEL VALLOIRE,VANNES,23,0.0
ST MICHEL VALLOIRE,VANNES,24,0.0
ST MICHEL VALLOIRE,VANNES,25,0.0
ST MICHEL VALLOIRE,VANNES,26,0.0
ST MICHEL VALLOIRE,VANNES,27,0.0
ST MICHEL VALLOIRE,VANNES,28,0.0
ST MICHEL VALLOIRE,VANNES,29,0.0
ST MICHEL VALLOIRE,VANNES,30,0.0
ST PIERRE DES CORPS,ANGERS SAINT LAUD,0,0.9649147727272727
ST PIERRE DES CORPS,ANGERS SAINT LAUD,1,0.9644886363636364
ST PIERRE DES CORPS,ANGERS SAINT LAUD,2,0.965155807365439
ST PIERRE DES CORPS,ANGERS SAINT LAUD,3,0.9725212464589236
ST PIERRE DES CORPS,ANGERS SAINT LAUD,4,0.9647308781869689
ST PIERRE DES CORPS,ANGERS SAINT LAUD,5,0.9621813031161472
ST PIERRE DES CORPS,ANGERS SAINT LAUD,6,0.9637393767705382
ST PIERRE DES CORPS,ANGERS SAINT LAUD,7,0.9553824362606232
ST PIERRE DES CORPS,ANGERS SAINT LAUD,8,0.9498583569405099
ST PIERRE DES CORPS,ANGERS SAINT LAUD,9,0.9556657223796035
ST PIERRE DES CORPS,ANGERS SAINT LAUD,10,0.9570821529745043
ST PIERRE DES CORPS,ANGERS SAINT LAUD,11,0.9432011331444758
ST PIERRE DES CORPS,ANGERS SAINT LAUD,12,0.7988668555240793
ST PIERRE DES CORPS,ANGERS SAINT LAUD,13,0.7888101983002832
ST PIERRE DES CORPS,ANGERS SAINT LAUD,14,0.7841359773371105
ST PIERRE DES CORPS,ANGERS SAINT LAUD,15,0.7575070821529745
ST PIERRE DES CORPS,ANGERS SAINT LAUD,16,0.7337110481586402
ST PIERRE DES CORPS,ANGERS SAINT LAUD,17,0.7186968838526911
ST PIERRE DES CORPS,ANGERS SAINT LAUD,18,0.7205382436260623
ST PIERRE DES CORPS,ANGERS SAINT LAUD,19,0.7143059490084986
ST PIERRE DES CORPS,ANGERS SAINT LAUD,20,0.6984419263456091
ST PIERRE DES CORPS,ANGERS SAINT LAUD,21,0.696600566572238
ST PIERRE DES CORPS,ANGERS SAINT LAUD,22,0.6780453257790368
ST PIERRE DES CORPS,ANGERS SAINT LAUD,23,0.6686968838526912
ST PIERRE DES CORPS,ANGERS SAINT LAUD,24,0.6617563739376771
ST PIERRE DES CORPS,ANGERS SAINT LAUD,25,0.658498583569405
ST PIERRE DES CORPS,ANGERS SAINT LAUD,26,0.6575070821529745
ST PIERRE DES CORPS,ANGERS SAINT LAUD,27,0.6626420454545454
ST PIERRE DES CORPS,ANGERS SAINT LAUD,28,0.6573863636363636
ST PIERRE DES CORPS,ANGERS SAINT LAUD,29,0.6416193181818182
ST PIERRE DES CORPS,ANGERS SAINT LAUD,30,0.04157142857142857
ST PIERRE DES CORPS,NANTES,0,0.9637784090909091
ST PIERRE DES CORPS,NANTES,1,0.9646306818181819
ST PIERRE DES CORPS,NANTES,2,0.9654390934844193
ST PIERRE DES CORPS,NANTES,3,0.9730878186968839
ST PIERRE DES CORPS,NANTES,4,0.9635977337110481
ST PIERRE DES CORPS,NANTES,5,0.9631728045325779
ST PIERRE DES CORPS,NANTES,6,0.9631728045325779
ST PIERRE DES CORPS,NANTES,7,0.9556657223796035
ST PIERRE DES CORPS,NANTES,8,0.9504249291784702
ST PIERRE DES CORPS,NANTES,9,0.953257790368272
ST PIERRE DES CORPS,NANTES,10,0.9545325779036827
ST PIERRE DES CORPS,NANTES,11,0.9413597733711049
ST PIERRE DES CORPS,NANTES,12,0.8031161473087819
ST PIERRE DES CORPS,NANTES,13,0.7937677053824362
ST PIERRE DES CORPS,NANTES,14,0.7754957507082153
ST PIERRE DES CORPS,NANTES,15,0.7548158640226629
ST PIERRE DES CORPS,NANTES,16,0.7305949008498583
ST PIERRE DES CORPS,NANTES,17,0.7175637393767705
ST PIERRE DES CORPS,NANTES,18,0.7212464589235127
ST PIERRE DES CORPS,NANTES,19,0.7174220963172805
ST PIERRE DES CORPS,NANTES,20,0.7018413597733711
ST PIERRE DES CORPS,NANTES,21,0.6961756373937678
ST PIERRE DES CORPS,NANTES,22,0.6803116147308782
ST PIERRE DES CORPS,NANTES,23,0.6706798866855525
ST PIERRE DES CORPS,NANTES,24,0.6640226628895184
ST PIERRE DES CORPS,NANTES,25,0.6609065155807365
ST PIERRE DES CORPS,NANTES,26,0.6572237960339944
ST PIERRE DES CORPS,NANTES,27,0.6595170454545455
ST PIERRE DES CORPS,NANTES,28,0.6539772727272727
ST PIERRE DES CORPS,NANTES,29,0.6376420454545454
ST PIERRE DES CORPS,NANTES,30,0.04757142857142858
ST PIERRE DES CORPS,SAUMUR,0,0.9552478134110787
ST PIERRE DES CORPS,SAUMUR,1,0.956997084548105
ST PIERRE DES CORPS,SAUMUR,2,0.9562499999999999
ST PIERRE DES CORPS,SAUMUR,3,0.9619186046511627
ST PIERRE DES CORPS,SAUMUR,4,0.9495639534883721
ST PIERRE DES CORPS,SAUMUR,5,0.9446220930232557
ST PIERRE DES CORPS,SAUMUR,6,0.952470930232558
ST PIERRE DES CORPS,SAUMUR,7,0.930813953488372
ST PIERRE DES CORPS,SAUMUR,8,0.9242732558139535
ST PIERRE DES CORPS,SAUMUR,9,0.9136627906976744
ST PIERRE DES CORPS,SAUMUR,10,0.8915697674418605
ST PIERRE DES CORPS,SAUMUR,11,0.8691860465116279
ST PIERRE DES CORPS,SAUMUR,12,0.5226744186046512
ST PIERRE DES CORPS,SAUMUR,13,0.4893895348837209
ST PIERRE DES CORPS,SAUMUR,14,0.44622093023255816
ST PIERRE DES CORPS,SAUMUR,15,0.4199127906976744
ST PIERRE DES CORPS,SAUMUR,16,0.38968023255813955
ST PIERRE DES CORPS,SAUMUR,17,0.37863372093023256
ST PIERRE DES CORPS,SAUMUR,18,0.3749271137026239
ST PIERRE DES CORPS,SAUMUR,19,0.35833333333333334
ST PIERRE DES CORPS,SAUMUR,20,0.33768328445747803
ST PIERRE DES CORPS,SAUMUR,21,0.31823529411764706
ST PIERRE DES CORPS,SAUMUR,22,0.2926470588235294
ST PIERRE DES CORPS,SAUMUR,23,0.29174041297935105
ST PIERRE DES CORPS,SAUMUR,24,0.27817109144542773
ST PIERRE DES CORPS,SAUMUR,25,0.2692307692307692
ST PIERRE DES CORPS,SAUMUR,26,0.26201780415430265
ST PIERRE DES CORPS,SAUMUR,27,0.2450892857142857
ST PIERRE DES CORPS,SAUMUR,28,0.22865671641791044
ST PIERRE DES CORPS,SAUMUR,29,0.21791044776119403
ST PIERRE DES CORPS,SAUMUR,30,0.03678678678678678
TBD,TBD,8,0.0
TBD,TBD,9,0.0
TBD,TBD,10,0.0
TBD,TBD,11,0.0
TBD,TBD,12,0.0
TBD,TBD,13,0.0
TBD,TBD,14,0.0
TBD,TBD,15,0.0
TBD,TBD,16,0.0
TBD,TBD,17,0.0
TBD,TBD,18,0.0
TBD,TBD,19,0.0
TBD,TBD,20,0.0
TBD,TBD,21,0.0
TBD,TBD,22,0.0
TBD,TBD,23,0.0
TBD,TBD,24,0.0
TBD,TBD,25,0.0
TBD,TBD,26,0.0
TOULON,AIX EN PROVENCE TGV,0,0.0
TOULON,AIX EN PROVENCE TGV,1,0.0
TOULON,AIX EN PROVENCE TGV,2,0.0
TOULON,AIX EN PROVENCE TGV,3,0.0
TOULON,AIX EN PROVENCE TGV,4,0.0
TOULON,AIX EN PROVENCE TGV,5,0.0
TOULON,AIX EN PROVENCE TGV,6,0.0
TOULON,AIX EN PROVENCE TGV,7,0.0
TOULON,AIX EN PROVENCE TGV,8,0.0
TOULON,AIX EN PROVENCE TGV,9,0.0
TOULON,AIX EN PROVENCE TGV,10,0.0
TOULON,AIX EN PROVENCE TGV,11,0.0
TOULON,AIX EN PROVENCE TGV,12,0.0
TOULON,AIX EN PROVENCE TGV,13,0.0
TOULON,AIX EN PROVENCE TGV,14,0.0
TOULON,AIX EN PROVENCE TGV,15,0.0
TOULON,AIX EN PROVENCE TGV,16,0.0
TOULON,AIX EN PROVENCE TGV,17,0.0
TOULON,AIX EN PROVENCE TGV,18,0.0
TOULON,AIX EN PROVENCE TGV,19,0.0
TOULON,AIX EN PROVENCE TGV,20,0.0
TOULON,AIX EN PROVENCE TGV,21,0.0
TOULON,AIX EN PROVENCE TGV,22,0.0
TOULON,AIX EN PROVENCE TGV,23,0.0
TOULON,AIX EN PROVENCE TGV,24,0.0
TOULON,AIX EN PROVENCE TGV,25,0.0
TOULON,AIX EN PROVENCE TGV,26,0.0
TOULON,AIX EN PROVENCE TGV,27,0.0
TOULON,AIX EN PROVENCE TGV,28,0.0
TOULON,AIX EN PROVENCE TGV,29,0.0
TOULON,AIX EN PROVENCE TGV,30,0.0
TOULON,AVIGNON TGV,0,0.0
TOULON,AVIGNON TGV,1,0.0
TOULON,AVIGNON TGV,2,0.0
TOULON,AVIGNON TGV,3,0.0
TOULON,AVIGNON TGV,4,0.0
TOULON,AVIGNON TGV,5,0.0
TOULON,AVIGNON TGV,6,0.0
TOULON,AVIGNON TGV,7,0.0
TOULON,AVIGNON TGV,8,0.0
TOULON,AVIGNON TGV,9,0.0
TOULON,AVIGNON TGV,10,0.0
TOULON,AVIGNON TGV,11,0.0
TOULON,AVIGNON TGV,12,0.0
TOULON,AVIGNON TGV,13,0.0
TOULON,AVIGNON TGV,14,0.0
TOULON,AVIGNON TGV,15,0.0
TOULON,AVIGNON TGV,16,0.0
TOULON,AVIGNON TGV,17,0.0
TOULON,AVIGNON TGV,18,0.0
TOULON,AVIGNON TGV,19,0.0
TOULON,AVIGNON TGV,20,0.0
TOULON,AVIGNON TGV,21,0.0
TOULON,AVIGNON TGV,22,0.0
TOULON,AVIGNON TGV,23,0.0
TOULON,AVIGNON TGV,24,0.0
TOULON,AVIGNON TGV,25,0.0
TOULON,AVIGNON TGV,26,0.0
TOULON,AVIGNON TGV,27,0.0
TOULON,AVIGNON TGV,28,0.0
TOULON,AVIGNON TGV,29,0.0
TOULON,AVIGNON TGV,30,0.0
TOULON,LE MANS,0,0.0
TOULON,LE MANS,1,0.0
TOULON,LE MANS,2,0.0
TOULON,LE MANS,3,0.0
TOULON,LE MANS,4,0.0
TOULON,LE MANS,5,0.0
TOULON,LE MANS,6,0.0
TOULON,LE MANS,7,0.0
TOULON,LE MANS,8,0.0
TOULON,LE MANS,9,0.0
TOULON,LE MANS,10,0.0
TOULON,LE MANS,11,0.0
TOULON,LE MANS,12,0.0
TOULON,LE MANS,13,0.0
TOULON,LE MANS,14,0.0
TOULON,LE MANS,15,0.0
TOULON,LE MANS,16,0.0
TOULON,LE MANS,17,0.0
TOULON,LE MANS,18,0.0
TOULON,LE MANS,19,0.0
TOULON,LE MANS,20,0.0
TOULON,LE MANS,21,0.0
TOULON,LE MANS,22,0.0
TOULON,LE MANS,23,0.0
TOULON,LE MANS,24,0.0
TOULON,LE MANS,25,0.0
TOULON,LE MANS,26,0.0
TOULON,LE MANS,27,0.0
TOULON,LE MANS,28,0.0
TOULON,LE MANS,29,0.0
TOULON,LE MANS,30,0.0
TOULON,LYON (intramuros),0,0.0
TOULON,LYON (intramuros),1,0.0
TOULON,LYON (intramuros),2,0.05
TOULON,LYON (intramuros),3,0.05
TOULON,LYON (intramuros),4,0.0
TOULON,LYON (intramuros),5,0.0
TOULON,LYON (intramuros),6,0.0
TOULON,LYON (intramuros),7,0.0
TOULON,LYON (intramuros),8,0.0
TOULON,LYON (intramuros),9,0.0
TOULON,LYON (intramuros),10,0.0
TOULON,LYON (intramuros),11,0.0
TOULON,LYON (intramuros),12,0.0
TOULON,LYON (intramuros),13,0.0
TOULON,LYON (intramuros),14,0.0
TOULON,LYON (intramuros),15,0.0
TOULON,LYON (intramuros),16,0.0
TOULON,LYON (intramuros),17,0.0
TOULON,LYON (intramuros),18,0.0
TOULON,LYON (intramuros),19,0.0
TOULON,LYON (intramuros),20,0.0
TOULON,LYON (intramuros),21,0.0
TOULON,LYON (intramuros),22,0.0
TOULON,LYON (intramuros),23,0.0
TOULON,LYON (intramuros),24,0.0
TOULON,LYON (intramuros),25,0.0
TOULON,LYON (intramuros),26,0.0
TOULON,LYON (intramuros),27,0.0
TOULON,LYON (intramuros),28,0.0
TOULON,LYON (intramuros),29,0.0
TOULON,LYON (intramuros),30,0.0
TOULON,MARSEILLE BLANCARDE,0,0.0
TOULON,MARSEILLE BLANCARDE,1,0.0
TOULON,MARSEILLE BLANCARDE,2,0.0
TOULON,MARSEILLE BLANCARDE,3,0.0
TOULON,MARSEILLE BLANCARDE,4,0.0
TOULON,MARSEILLE BLANCARDE,5,0.0
TOULON,MARSEILLE BLANCARDE,6,0.0
TOULON,MARSEILLE BLANCARDE,7,0.0
TOULON,MARSEILLE BLANCARDE,8,0.0
TOULON,MARSEILLE BLANCARDE,9,0.0
TOULON,MARSEILLE BLANCARDE,10,0.0
TOULON,MARSEILLE BLANCARDE,11,0.0
TOULON,MARSEILLE BLANCARDE,12,0.0
TOULON,MARSEILLE BLANCARDE,13,0.0
TOULON,MARSEILLE BLANCARDE,14,0.0
TOULON,MARSEILLE BLANCARDE,15,0.0
TOULON,MARSEILLE BLANCARDE,16,0.0
TOULON,MARSEILLE BLANCARDE,17,0.0
TOULON,MARSEILLE BLANCARDE,18,0.0
TOULON,MARSEILLE BLANCARDE,19,0.0
TOULON,MARSEILLE BLANCARDE,20,0.0
TOULON,MARSEILLE BLANCARDE,21,0.0
TOULON,MARSEILLE BLANCARDE,22,0.0
TOULON,MARSEILLE BLANCARDE,23,0.0
TOULON,MARSEILLE BLANCARDE,24,0.0
TOULON,MARSEILLE BLANCARDE,25,0.0
TOULON,MARSEILLE BLANCARDE,26,0.0
TOULON,MARSEILLE BLANCARDE,27,0.0
TOULON,MARSEILLE BLANCARDE,28,0.0
TOULON,MARSEILLE BLANCARDE,29,0.0
TOULON,MARSEILLE BLANCARDE,30,0.0
TOULON,MASSY TGV,0,0.0
TOULON,MASSY TGV,1,0.0
TOULON,MASSY TGV,2,0.0
TOULON,MASSY TGV,3,0.0
TOULON,MASSY TGV,4,0.0
TOULON,MASSY TGV,5,0.0
TOULON,MASSY TGV,6,0.0
TOULON,MASSY TGV,7,0.0
TOULON,RENNES,0,0.0
TOULON,RENNES,1,0.0
TOULON,RENNES,2,0.0
TOULON,RENNES,3,0.0
TOULON,RENNES,4,0.0
TOULON,RENNES,5,0.0
TOULON,RENNES,6,0.0
TOULON,RENNES,7,0.0
TOULON,RENNES,8,0.0
TOULON,RENNES,9,0.0
TOULON,RENNES,10,0.0
TOULON,RENNES,11,0.0
TOULON,RENNES,12,0.0
TOULON,RENNES,13,0.0
TOULON,RENNES,14,0.0
TOULON,RENNES,15,0.0
TOULON,RENNES,16,0.0
TOULON,RENNES,17,0.0
TOULON,RENNES,18,0.0
TOULON,RENNES,19,0.0
TOULON,RENNES,20,0.0
TOULON,RENNES,21,0.0
TOULON,RENNES,22,0.0
TOULON,RENNES,23,0.0
TOULON,RENNES,24,0.0
TOULON,RENNES,25,0.0
TOULON,RENNES,26,0.0
TOULON,RENNES,27,0.0
TOULON,RENNES,28,0.0
TOULON,RENNES,29,0.0
TOULON,RENNES,30,0.0
VALENCE TGV AUVERGNE RHONE ALPES,ANGERS SAINT LAUD,0,0.22304469273743016
VALENCE TGV AUVERGNE RHONE ALPES,ANGERS SAINT LAUD,1,0.24273743016759777
VALENCE TGV AUVERGNE RHONE ALPES,ANGERS SAINT LAUD,2,0.2236768802228412
VALENCE TGV AUVERGNE RHONE ALPES,ANGERS SAINT LAUD,3,0.2214484679665738
VALENCE TGV AUVERGNE RHONE ALPES,ANGERS SAINT LAUD,4,0.1402506963788301
VALENCE TGV AUVERGNE RHONE ALPES,ANGERS SAINT LAUD,5,0.15919220055710306
VALENCE TGV AUVERGNE RHONE ALPES,ANGERS SAINT LAUD,6,0.16838440111420613
VALENCE TGV AUVERGNE RHONE ALPES,ANGERS SAINT LAUD,7,0.1774373259052925
VALENCE TGV AUVERGNE RHONE ALPES,ANGERS SAINT LAUD,8,0.1732590529247911
VALENCE TGV AUVERGNE RHONE ALPES,ANGERS SAINT LAUD,9,0.16462395543175487
VALENCE TGV AUVERGNE RHONE ALPES,ANGERS SAINT LAUD,10,0.1692200557103064
VALENCE TGV AUVERGNE RHONE ALPES,ANGERS SAINT LAUD,11,0.19192200557103065
VALENCE TGV AUVERGNE RHONE ALPES,ANGERS SAINT LAUD,12,0.04777158774373259
VALENCE TGV AUVERGNE RHONE ALPES,ANGERS SAINT LAUD,13,0.04749303621169917
VALENCE TGV AUVERGNE RHONE ALPES,ANGERS SAINT LAUD,14,0.041364902506963785
VALENCE TGV AUVERGNE RHONE ALPES,ANGERS SAINT LAUD,15,0.03941504178272981
VALENCE TGV AUVERGNE RHONE ALPES,ANGERS SAINT LAUD,16,0.03649025069637883
VALENCE TGV AUVERGNE RHONE ALPES,ANGERS SAINT LAUD,17,0.03913649025069638
VALENCE TGV AUVERGNE RHONE ALPES,ANGERS SAINT LAUD,18,0.04189944134078212
VALENCE TGV AUVERGNE RHONE ALPES,ANGERS SAINT LAUD,19,0.042296918767507005
VALENCE TGV AUVERGNE RHONE ALPES,ANGERS SAINT LAUD,20,0.04859550561797753
VALENCE TGV AUVERGNE RHONE ALPES,ANGERS SAINT LAUD,21,0.0543661971830986
VALENCE TGV AUVERGNE RHONE ALPES,ANGERS SAINT LAUD,22,0.053661971830985915
VALENCE TGV AUVERGNE RHONE ALPES,ANGERS SAINT LAUD,23,0.05762711864406779
VALENCE TGV AUVERGNE RHONE ALPES,ANGERS SAINT LAUD,24,0.0574858757062147
VALENCE TGV AUVERGNE RHONE ALPES,ANGERS SAINT LAUD,25,0.05963172804532578
VALENCE TGV AUVERGNE RHONE ALPES,ANGERS SAINT LAUD,26,0.054403409090909086
VALENCE TGV AUVERGNE RHONE ALPES,ANGERS SAINT LAUD,27,0.04943019943019943
VALENCE TGV AUVERGNE RHONE ALPES,ANGERS SAINT LAUD,28,0.046714285714285715
VALENCE TGV AUVERGNE RHONE ALPES,ANGERS SAINT LAUD,29,0.04585714285714286
VALENCE TGV AUVERGNE RHONE ALPES,ANGERS SAINT LAUD,30,0.011063218390804598
VALENCE TGV AUVERGNE RHONE ALPES,LAVAL,0,0.69375
VALENCE TGV AUVERGNE RHONE ALPES,LAVAL,1,0.6375
VALENCE TGV AUVERGNE RHONE ALPES,LAVAL,2,0.7125
VALENCE TGV AUVERGNE RHONE ALPES,LAVAL,3,0.7
VALENCE TGV AUVERGNE RHONE ALPES,LAVAL,4,0.40625
VALENCE TGV AUVERGNE RHONE ALPES,LAVAL,5,0.4
VALENCE TGV AUVERGNE RHONE ALPES,LAVAL,6,0.375
VALENCE TGV AUVERGNE RHONE ALPES,LAVAL,7,0.375
VALENCE TGV AUVERGNE RHONE ALPES,LAVAL,8,0.35625
VALENCE TGV AUVERGNE RHONE ALPES,LAVAL,9,0.2625
VALENCE TGV AUVERGNE RHONE ALPES,LAVAL,10,0.25
VALENCE TGV AUVERGNE RHONE ALPES,LAVAL,11,0.275
VALENCE TGV AUVERGNE RHONE ALPES,LAVAL,12,0.0
VALENCE TGV AUVERGNE RHONE ALPES,LAVAL,13,0.0
VALENCE TGV AUVERGNE RHONE ALPES,LAVAL,14,0.0
VALENCE TGV AUVERGNE RHONE ALPES,LAVAL,15,0.0
VALENCE TGV AUVERGNE RHONE ALPES,LAVAL,16,0.0
VALENCE TGV AUVERGNE RHONE ALPES,LAVAL,17,0.0
VALENCE TGV AUVERGNE RHONE ALPES,LAVAL,18,0.0
VALENCE TGV AUVERGNE RHONE ALPES,LAVAL,19,0.0
VALENCE TGV AUVERGNE RHONE ALPES,LAVAL,20,0.0
VALENCE TGV AUVERGNE RHONE ALPES,LAVAL,21,0.0
VALENCE TGV AUVERGNE RHONE ALPES,LAVAL,22,0.00625
VALENCE TGV AUVERGNE RHONE ALPES,LAVAL,23,0.0
VALENCE TGV AUVERGNE RHONE ALPES,LAVAL,24,0.00625
VALENCE TGV AUVERGNE RHONE ALPES,LAVAL,25,0.07500000000000001
VALENCE TGV AUVERGNE RHONE ALPES,LAVAL,26,0.0375
VALENCE TGV AUVERGNE RHONE ALPES,LAVAL,27,0.00625
VALENCE TGV AUVERGNE RHONE ALPES,LAVAL,28,0.03125
VALENCE TGV AUVERGNE RHONE ALPES,LAVAL,29,0.075
VALENCE TGV AUVERGNE RHONE ALPES,LAVAL,30,0.03125
VALENCE TGV AUVERGNE RHONE ALPES,LE HAVRE,0,0.2963793103448276
VALENCE TGV AUVERGNE RHONE ALPES,LE HAVRE,1,0.32906574394463667
VALENCE TGV AUVERGNE RHONE ALPES,LE HAVRE,2,0.33442906574394465
VALENCE TGV AUVERGNE RHONE ALPES,LE HAVRE,3,0.33356401384083045
VALENCE TGV AUVERGNE RHONE ALPES,LE HAVRE,4,0.18858131487889274
VALENCE TGV AUVERGNE RHONE ALPES,LE HAVRE,5,0.184375
VALENCE TGV AUVERGNE RHONE ALPES,LE HAVRE,6,0.19895833333333332
VALENCE TGV AUVERGNE RHONE ALPES,LE HAVRE,7,0.21232638888888888
VALENCE TGV AUVERGNE RHONE ALPES,LE HAVRE,8,0.2165505226480836
VALENCE TGV AUVERGNE RHONE ALPES,LE HAVRE,9,0.2152777777777778
VALENCE TGV AUVERGNE RHONE ALPES,LE HAVRE,10,0.22474048442906575
VALENCE TGV AUVERGNE RHONE ALPES,LE HAVRE,11,0.23217993079584773
VALENCE TGV AUVERGNE RHONE ALPES,LE HAVRE,12,0.04184027777777778
VALENCE TGV AUVERGNE RHONE ALPES,LE HAVRE,13,0.037456445993031356
VALENCE TGV AUVERGNE RHONE ALPES,LE HAVRE,14,0.04355400696864112
VALENCE TGV AUVERGNE RHONE ALPES,LE HAVRE,15,0.04372822299651568
VALENCE TGV AUVERGNE RHONE ALPES,LE HAVRE,16,0.04477351916376306
VALENCE TGV AUVERGNE RHONE ALPES,LE HAVRE,17,0.04930313588850174
VALENCE TGV AUVERGNE RHONE ALPES,LE HAVRE,18,0.04615384615384615
VALENCE TGV AUVERGNE RHONE ALPES,LE HAVRE,19,0.04035087719298246
VALENCE TGV AUVERGNE RHONE ALPES,LE HAVRE,20,0.039473684210526314
VALENCE TGV AUVERGNE RHONE ALPES,LE HAVRE,21,0.04298245614035088
VALENCE TGV AUVERGNE RHONE ALPES,LE HAVRE,22,0.055614035087719296
VALENCE TGV AUVERGNE RHONE ALPES,LE HAVRE,23,0.05543859649122807
VALENCE TGV AUVERGNE RHONE ALPES,LE HAVRE,24,0.05508771929824561
VALENCE TGV AUVERGNE RHONE ALPES,LE HAVRE,25,0.05933098591549296
VALENCE TGV AUVERGNE RHONE ALPES,LE HAVRE,26,0.06872791519434629
VALENCE TGV AUVERGNE RHONE ALPES,LE HAVRE,27,0.06148409893992932
VALENCE TGV AUVERGNE RHONE ALPES,LE HAVRE,28,0.04964664310954064
VALENCE TGV AUVERGNE RHONE ALPES,LE HAVRE,29,0.04717314487632509
VALENCE TGV AUVERGNE RHONE ALPES,LE HAVRE,30,0.011702127659574468
VALENCE TGV AUVERGNE RHONE ALPES,LE MANS,0,0.31666666666666665
VALENCE TGV AUVERGNE RHONE ALPES,LE MANS,1,0.29375
VALENCE TGV AUVERGNE RHONE ALPES,LE MANS,2,0.3625
VALENCE TGV AUVERGNE RHONE ALPES,LE MANS,3,0.3979166666666667
VALENCE TGV AUVERGNE RHONE ALPES,LE MANS,4,0.24583333333333335
VALENCE TGV AUVERGNE RHONE ALPES,LE MANS,5,0.17916666666666667
VALENCE TGV AUVERGNE RHONE ALPES,LE MANS,6,0.18125
VALENCE TGV AUVERGNE RHONE ALPES,LE MANS,7,0.23958333333333334
VALENCE TGV AUVERGNE RHONE ALPES,LE MANS,8,0.2125
VALENCE TGV AUVERGNE RHONE ALPES,LE MANS,9,0.17916666666666667
VALENCE TGV AUVERGNE RHONE ALPES,LE MANS,10,0.2020833333333333
VALENCE TGV AUVERGNE RHONE ALPES,LE MANS,11,0.25625000000000003
VALENCE TGV AUVERGNE RHONE ALPES,LE MANS,12,0.04374999999999999
VALENCE TGV AUVERGNE RHONE ALPES,LE MANS,13,0.03958333333333334
VALENCE TGV AUVERGNE RHONE ALPES,LE MANS,14,0.03958333333333334
VALENCE TGV AUVERGNE RHONE ALPES,LE MANS,15,0.01875
VALENCE TGV AUVERGNE RHONE ALPES,LE MANS,16,0.041304347826086954
VALENCE TGV AUVERGNE RHONE ALPES,LE MANS,17,0.049999999999999996
VALENCE TGV AUVERGNE RHONE ALPES,LE MANS,18,0.04583333333333334
VALENCE TGV AUVERGNE RHONE ALPES,LE MANS,19,0.043750000000000004
VALENCE TGV AUVERGNE RHONE ALPES,LE MANS,20,0.041666666666666664
VALENCE TGV AUVERGNE RHONE ALPES,LE MANS,21,0.041666666666666664
VALENCE TGV AUVERGNE RHONE ALPES,LE MANS,22,0.041666666666666664
VALENCE TGV AUVERGNE RHONE ALPES,LE MANS,23,0.04565217391304348
VALENCE TGV AUVERGNE RHONE ALPES,LE MANS,24,0.05434782608695652
VALENCE TGV AUVERGNE RHONE ALPES,LE MANS,25,0.10833333333333332
VALENCE TGV AUVERGNE RHONE ALPES,LE MANS,26,0.09791666666666667
VALENCE TGV AUVERGNE RHONE ALPES,LE MANS,27,0.08750000000000001
VALENCE TGV AUVERGNE RHONE ALPES,LE MANS,28,0.08541666666666665
VALENCE TGV AUVERGNE RHONE ALPES,LE MANS,29,0.07083333333333333
VALENCE TGV AUVERGNE RHONE ALPES,LE MANS,30,0.025
VALENCE TGV AUVERGNE RHONE ALPES,LYON (intramuros),0,0.6703342618384401
VALENCE TGV AUVERGNE RHONE ALPES,LYON (intramuros),1,0.6881615598885794
VALENCE TGV AUVERGNE RHONE ALPES,LYON (intramuros),2,0.7196378830083566
VALENCE TGV AUVERGNE RHONE ALPES,LYON (intramuros),3,0.7352367688022284
VALENCE TGV AUVERGNE RHONE ALPES,LYON (intramuros),4,0.6455431754874652
VALENCE TGV AUVERGNE RHONE ALPES,LYON (intramuros),5,0.640807799442897
VALENCE TGV AUVERGNE RHONE ALPES,LYON (intramuros),6,0.636908077994429
VALENCE TGV AUVERGNE RHONE ALPES,LYON (intramuros),7,0.6292479108635097
VALENCE TGV AUVERGNE RHONE ALPES,LYON (intramuros),8,0.6232590529247911
VALENCE TGV AUVERGNE RHONE ALPES,LYON (intramuros),9,0.5954038997214485
VALENCE TGV AUVERGNE RHONE ALPES,LYON (intramuros),10,0.5902506963788301
VALENCE TGV AUVERGNE RHONE ALPES,LYON (intramuros),11,0.6066852367688023
VALENCE TGV AUVERGNE RHONE ALPES,LYON (intramuros),12,0.39540389972144846
VALENCE TGV AUVERGNE RHONE ALPES,LYON (intramuros),13,0.3924791086350975
VALENCE TGV AUVERGNE RHONE ALPES,LYON (intramuros),14,0.38008356545961
VALENCE TGV AUVERGNE RHONE ALPES,LYON (intramuros),15,0.3729805013927577
VALENCE TGV AUVERGNE RHONE ALPES,LYON (intramuros),16,0.3725626740947075
VALENCE TGV AUVERGNE RHONE ALPES,LYON (intramuros),17,0.3759052924791086
VALENCE TGV AUVERGNE RHONE ALPES,LYON (intramuros),18,0.37974860335195526
VALENCE TGV AUVERGNE RHONE ALPES,LYON (intramuros),19,0.3670391061452514
VALENCE TGV AUVERGNE RHONE ALPES,LYON (intramuros),20,0.36536312849162017
VALENCE TGV AUVERGNE RHONE ALPES,LYON (intramuros),21,0.3639664804469274
VALENCE TGV AUVERGNE RHONE ALPES,LYON (intramuros),22,0.35223463687150836
VALENCE TGV AUVERGNE RHONE ALPES,LYON (intramuros),23,0.3498603351955307
VALENCE TGV AUVERGNE RHONE ALPES,LYON (intramuros),24,0.3439944134078212
VALENCE TGV AUVERGNE RHONE ALPES,LYON (intramuros),25,0.3411764705882353
VALENCE TGV AUVERGNE RHONE ALPES,LYON (intramuros),26,0.3355742296918767
VALENCE TGV AUVERGNE RHONE ALPES,LYON (intramuros),27,0.3081232492997199
VALENCE TGV AUVERGNE RHONE ALPES,LYON (intramuros),28,0.29411764705882354
VALENCE TGV AUVERGNE RHONE ALPES,LYON (intramuros),29,0.28445378151260503
VALENCE TGV AUVERGNE RHONE ALPES,LYON (intramuros),30,0.04140845070422536
VALENCE TGV AUVERGNE RHONE ALPES,LYON ST EXUPERY TGV.,0,0.0
VALENCE TGV AUVERGNE RHONE ALPES,LYON ST EXUPERY TGV.,1,0.0
VALENCE TGV AUVERGNE RHONE ALPES,LYON ST EXUPERY TGV.,2,0.0
VALENCE TGV AUVERGNE RHONE ALPES,LYON ST EXUPERY TGV.,3,0.0
VALENCE TGV AUVERGNE RHONE ALPES,LYON ST EXUPERY TGV.,4,0.0
VALENCE TGV AUVERGNE RHONE ALPES,LYON ST EXUPERY TGV.,5,0.0
VALENCE TGV AUVERGNE RHONE ALPES,LYON ST EXUPERY TGV.,6,0.0
VALENCE TGV AUVERGNE RHONE ALPES,LYON ST EXUPERY TGV.,7,0.0
VALENCE TGV AUVERGNE RHONE ALPES,LYON ST EXUPERY TGV.,8,0.0
VALENCE TGV AUVERGNE RHONE ALPES,LYON ST EXUPERY TGV.,9,0.0
VALENCE TGV AUVERGNE RHONE ALPES,LYON ST EXUPERY TGV.,10,0.0
VALENCE TGV AUVERGNE RHONE ALPES,LYON ST EXUPERY TGV.,11,0.0
VALENCE TGV AUVERGNE RHONE ALPES,LYON ST EXUPERY TGV.,12,0.0
VALENCE TGV AUVERGNE RHONE ALPES,LYON ST EXUPERY TGV.,13,0.0
VALENCE TGV AUVERGNE RHONE ALPES,LYON ST EXUPERY TGV.,14,0.0
VALENCE TGV AUVERGNE RHONE ALPES,LYON ST EXUPERY TGV.,15,0.0
VALENCE TGV AUVERGNE RHONE ALPES,LYON ST EXUPERY TGV.,16,0.0
VALENCE TGV AUVERGNE RHONE ALPES,LYON ST EXUPERY TGV.,17,0.0
VALENCE TGV AUVERGNE RHONE ALPES,LYON ST EXUPERY TGV.,18,0.0
VALENCE TGV AUVERGNE RHONE ALPES,LYON ST EXUPERY TGV.,19,0.0
VALENCE TGV AUVERGNE RHONE ALPES,LYON ST EXUPERY TGV.,20,0.0
VALENCE TGV AUVERGNE RHONE ALPES,LYON ST EXUPERY TGV.,21,0.0
VALENCE TGV AUVERGNE RHONE ALPES,LYON ST EXUPERY TGV.,22,0.0
VALENCE TGV AUVERGNE RHONE ALPES,LYON ST EXUPERY TGV.,23,0.0
VALENCE TGV AUVERGNE RHONE ALPES,LYON ST EXUPERY TGV.,24,0.0
VALENCE TGV AUVERGNE RHONE ALPES,LYON ST EXUPERY TGV.,25,0.0
VALENCE TGV AUVERGNE RHONE ALPES,LYON ST EXUPERY TGV.,26,0.0
VALENCE TGV AUVERGNE RHONE ALPES,LYON ST EXUPERY TGV.,27,0.0
VALENCE TGV AUVERGNE RHONE ALPES,LYON ST EXUPERY TGV.,28,0.0
VALENCE TGV AUVERGNE RHONE ALPES,LYON ST EXUPERY TGV.,29,0.0
VALENCE TGV AUVERGNE RHONE ALPES,MANTES LA JOLIE,0,0.2969387755102041
VALENCE TGV AUVERGNE RHONE ALPES,MANTES LA JOLIE,1,0.3300341296928328
VALENCE TGV AUVERGNE RHONE ALPES,MANTES LA JOLIE,2,0.33361774744027306
VALENCE TGV AUVERGNE RHONE ALPES,MANTES LA JOLIE,3,0.3313993174061433
VALENCE TGV AUVERGNE RHONE ALPES,MANTES LA JOLIE,4,0.1887372013651877
VALENCE TGV AUVERGNE RHONE ALPES,MANTES LA JOLIE,5,0.17756849315068493
VALENCE TGV AUVERGNE RHONE ALPES,MANTES LA JOLIE,6,0.18869863013698632
VALENCE TGV AUVERGNE RHONE ALPES,MANTES LA JOLIE,7,0.2107876712328767
VALENCE TGV AUVERGNE RHONE ALPES,MANTES LA JOLIE,8,0.21615120274914087
VALENCE TGV AUVERGNE RHONE ALPES,MANTES LA JOLIE,9,0.21592465753424656
VALENCE TGV AUVERGNE RHONE ALPES,MANTES LA JOLIE,10,0.2250853242320819
VALENCE TGV AUVERGNE RHONE ALPES,MANTES LA JOLIE,11,0.22781569965870307
VALENCE TGV AUVERGNE RHONE ALPES,MANTES LA JOLIE,12,0.03715753424657534
VALENCE TGV AUVERGNE RHONE ALPES,MANTES LA JOLIE,13,0.034879725085910654
VALENCE TGV AUVERGNE RHONE ALPES,MANTES LA JOLIE,14,0.044158075601374566
VALENCE TGV AUVERGNE RHONE ALPES,MANTES LA JOLIE,15,0.042783505154639176
VALENCE TGV AUVERGNE RHONE ALPES,MANTES LA JOLIE,16,0.045189003436426116
VALENCE TGV AUVERGNE RHONE ALPES,MANTES LA JOLIE,17,0.04484536082474227
VALENCE TGV AUVERGNE RHONE ALPES,MANTES LA JOLIE,18,0.045
VALENCE TGV AUVERGNE RHONE ALPES,MANTES LA JOLIE,19,0.04013840830449827
VALENCE TGV AUVERGNE RHONE ALPES,MANTES LA JOLIE,20,0.039792387543252594
VALENCE TGV AUVERGNE RHONE ALPES,MANTES LA JOLIE,21,0.04221453287197231
VALENCE TGV AUVERGNE RHONE ALPES,MANTES LA JOLIE,22,0.054498269896193774
VALENCE TGV AUVERGNE RHONE ALPES,MANTES LA JOLIE,23,0.05501730103806229
VALENCE TGV AUVERGNE RHONE ALPES,MANTES LA JOLIE,24,0.055882352941176466
VALENCE TGV AUVERGNE RHONE ALPES,MANTES LA JOLIE,25,0.058159722222222224
VALENCE TGV AUVERGNE RHONE ALPES,MANTES LA JOLIE,26,0.06498257839721254
VALENCE TGV AUVERGNE RHONE ALPES,MANTES LA JOLIE,27,0.05871080139372823
VALENCE TGV AUVERGNE RHONE ALPES,MANTES LA JOLIE,28,0.04790940766550523
VALENCE TGV AUVERGNE RHONE ALPES,MANTES LA JOLIE,29,0.049999999999999996
VALENCE TGV AUVERGNE RHONE ALPES,MANTES LA JOLIE,30,0.01013986013986014
VALENCE TGV AUVERGNE RHONE ALPES,MASSY PALAISEAU,0,0.2998310810810811
VALENCE TGV AUVERGNE RHONE ALPES,MASSY PALAISEAU,1,0.33372881355932205
VALENCE TGV AUVERGNE RHONE ALPES,MASSY PALAISEAU,2,0.3398305084745763
VALENCE TGV AUVERGNE RHONE ALPES,MASSY PALAISEAU,3,0.3311864406779661
VALENCE TGV AUVERGNE RHONE ALPES,MASSY PALAISEAU,4,0.19033898305084745
VALENCE TGV AUVERGNE RHONE ALPES,MASSY PALAISEAU,5,0.17551020408163265
VALENCE TGV AUVERGNE RHONE ALPES,MASSY PALAISEAU,6,0.1935374149659864
VALENCE TGV AUVERGNE RHONE ALPES,MASSY PALAISEAU,7,0.2175170068027211
VALENCE TGV AUVERGNE RHONE ALPES,MASSY PALAISEAU,8,0.21706484641638227
VALENCE TGV AUVERGNE RHONE ALPES,MASSY PALAISEAU,9,0.21700680272108844
VALENCE TGV AUVERGNE RHONE ALPES,MASSY PALAISEAU,10,0.2230508474576271
VALENCE TGV AUVERGNE RHONE ALPES,MASSY PALAISEAU,11,0.23016949152542374
VALENCE TGV AUVERGNE RHONE ALPES,MASSY PALAISEAU,12,0.03979591836734694
VALENCE TGV AUVERGNE RHONE ALPES,MASSY PALAISEAU,13,0.03583617747440273
VALENCE TGV AUVERGNE RHONE ALPES,MASSY PALAISEAU,14,0.041808873720136516
VALENCE TGV AUVERGNE RHONE ALPES,MASSY PALAISEAU,15,0.041126279863481226
VALENCE TGV AUVERGNE RHONE ALPES,MASSY PALAISEAU,16,0.04709897610921502
VALENCE TGV AUVERGNE RHONE ALPES,MASSY PALAISEAU,17,0.049829351535836175
VALENCE TGV AUVERGNE RHONE ALPES,MASSY PALAISEAU,18,0.050684931506849315
VALENCE TGV AUVERGNE RHONE ALPES,MASSY PALAISEAU,19,0.04381443298969072
VALENCE TGV AUVERGNE RHONE ALPES,MASSY PALAISEAU,20,0.04261168384879725
VALENCE TGV AUVERGNE RHONE ALPES,MASSY PALAISEAU,21,0.04484536082474227
VALENCE TGV AUVERGNE RHONE ALPES,MASSY PALAISEAU,22,0.057044673539518906
VALENCE TGV AUVERGNE RHONE ALPES,MASSY PALAISEAU,23,0.057388316151202746
VALENCE TGV AUVERGNE RHONE ALPES,MASSY PALAISEAU,24,0.058247422680412365
VALENCE TGV AUVERGNE RHONE ALPES,MASSY PALAISEAU,25,0.06344827586206896
VALENCE TGV AUVERGNE RHONE ALPES,MASSY PALAISEAU,26,0.06851211072664361
VALENCE TGV AUVERGNE RHONE ALPES,MASSY PALAISEAU,27,0.06193771626297578
VALENCE TGV AUVERGNE RHONE ALPES,MASSY PALAISEAU,28,0.05086505190311418
VALENCE TGV AUVERGNE RHONE ALPES,MASSY PALAISEAU,29,0.04826989619377162
VALENCE TGV AUVERGNE RHONE ALPES,MASSY PALAISEAU,30,0.0109375
VALENCE TGV AUVERGNE RHONE ALPES,MASSY TGV,0,0.22099999999999997
VALENCE TGV AUVERGNE RHONE ALPES,MASSY TGV,1,0.23485714285714288
VALENCE TGV AUVERGNE RHONE ALPES,MASSY TGV,2,0.2188034188034188
VALENCE TGV AUVERGNE RHONE ALPES,MASSY TGV,3,0.21552706552706555
VALENCE TGV AUVERGNE RHONE ALPES,MASSY TGV,4,0.13532763532763534
VALENCE TGV AUVERGNE RHONE ALPES,MASSY TGV,5,0.14857549857549857
VALENCE TGV AUVERGNE RHONE ALPES,MASSY TGV,6,0.15911680911680912
VALENCE TGV AUVERGNE RHONE ALPES,MASSY TGV,7,0.18076923076923077
VALENCE TGV AUVERGNE RHONE ALPES,MASSY TGV,8,0.18133903133903134
VALENCE TGV AUVERGNE RHONE ALPES,MASSY TGV,9,0.1745014245014245
VALENCE TGV AUVERGNE RHONE ALPES,MASSY TGV,10,0.17364672364672365
VALENCE TGV AUVERGNE RHONE ALPES,MASSY TGV,11,0.18988603988603991
VALENCE TGV AUVERGNE RHONE ALPES,MASSY TGV,12,0.04757834757834758
VALENCE TGV AUVERGNE RHONE ALPES,MASSY TGV,13,0.04672364672364672
VALENCE TGV AUVERGNE RHONE ALPES,MASSY TGV,14,0.042735042735042736
VALENCE TGV AUVERGNE RHONE ALPES,MASSY TGV,15,0.038746438746438745
VALENCE TGV AUVERGNE RHONE ALPES,MASSY TGV,16,0.03433048433048433
VALENCE TGV AUVERGNE RHONE ALPES,MASSY TGV,17,0.03646723646723647
VALENCE TGV AUVERGNE RHONE ALPES,MASSY TGV,18,0.04014285714285715
VALENCE TGV AUVERGNE RHONE ALPES,MASSY TGV,19,0.040401146131805156
VALENCE TGV AUVERGNE RHONE ALPES,MASSY TGV,20,0.04511494252873563
VALENCE TGV AUVERGNE RHONE ALPES,MASSY TGV,21,0.051152737752161385
VALENCE TGV AUVERGNE RHONE ALPES,MASSY TGV,22,0.051440922190201736
VALENCE TGV AUVERGNE RHONE ALPES,MASSY TGV,23,0.05476878612716763
VALENCE TGV AUVERGNE RHONE ALPES,MASSY TGV,24,0.05664739884393064
VALENCE TGV AUVERGNE RHONE ALPES,MASSY TGV,25,0.057971014492753624
VALENCE TGV AUVERGNE RHONE ALPES,MASSY TGV,26,0.05203488372093023
VALENCE TGV AUVERGNE RHONE ALPES,MASSY TGV,27,0.045772594752186584
VALENCE TGV AUVERGNE RHONE ALPES,MASSY TGV,28,0.04502923976608187
VALENCE TGV AUVERGNE RHONE ALPES,MASSY TGV,29,0.04269005847953216
VALENCE TGV AUVERGNE RHONE ALPES,MASSY TGV,30,0.00926470588235294
VALENCE TGV AUVERGNE RHONE ALPES,NANTES,0,0.23030726256983242
VALENCE TGV AUVERGNE RHONE ALPES,NANTES,1,0.24720670391061453
VALENCE TGV AUVERGNE RHONE ALPES,NANTES,2,0.22632311977715877
VALENCE TGV AUVERGNE RHONE ALPES,NANTES,3,0.22395543175487467
VALENCE TGV AUVERGNE RHONE ALPES,NANTES,4,0.1394150417827298
VALENCE TGV AUVERGNE RHONE ALPES,NANTES,5,0.15933147632311978
VALENCE TGV AUVERGNE RHONE ALPES,NANTES,6,0.16894150417827297
VALENCE TGV AUVERGNE RHONE ALPES,NANTES,7,0.1786908077994429
VALENCE TGV AUVERGNE RHONE ALPES,NANTES,8,0.17590529247910863
VALENCE TGV AUVERGNE RHONE ALPES,NANTES,9,0.1647632311977716
VALENCE TGV AUVERGNE RHONE ALPES,NANTES,10,0.16392757660167132
VALENCE TGV AUVERGNE RHONE ALPES,NANTES,11,0.19275766016713092
VALENCE TGV AUVERGNE RHONE ALPES,NANTES,12,0.04777158774373259
VALENCE TGV AUVERGNE RHONE ALPES,NANTES,13,0.047214484679665734
VALENCE TGV AUVERGNE RHONE ALPES,NANTES,14,0.04164345403899721
VALENCE TGV AUVERGNE RHONE ALPES,NANTES,15,0.039972144846796655
VALENCE TGV AUVERGNE RHONE ALPES,NANTES,16,0.036211699164345405
VALENCE TGV AUVERGNE RHONE ALPES,NANTES,17,0.03885793871866295
VALENCE TGV AUVERGNE RHONE ALPES,NANTES,18,0.04036312849162011
VALENCE TGV AUVERGNE RHONE ALPES,NANTES,19,0.04327731092436975
VALENCE TGV AUVERGNE RHONE ALPES,NANTES,20,0.048314606741573035
VALENCE TGV AUVERGNE RHONE ALPES,NANTES,21,0.0528169014084507
VALENCE TGV AUVERGNE RHONE ALPES,NANTES,22,0.0523943661971831
VALENCE TGV AUVERGNE RHONE ALPES,NANTES,23,0.05593220338983051
VALENCE TGV AUVERGNE RHONE ALPES,NANTES,24,0.057768361581920905
VALENCE TGV AUVERGNE RHONE ALPES,NANTES,25,0.06005665722379603
VALENCE TGV AUVERGNE RHONE ALPES,NANTES,26,0.05355113636363637
VALENCE TGV AUVERGNE RHONE ALPES,NANTES,27,0.04786324786324787
VALENCE TGV AUVERGNE RHONE ALPES,NANTES,28,0.048
VALENCE TGV AUVERGNE RHONE ALPES,NANTES,29,0.04485714285714285
VALENCE TGV AUVERGNE RHONE ALPES,NANTES,30,0.009051724137931033
VALENCE TGV AUVERGNE RHONE ALPES,RENNES,0,0.73125
VALENCE TGV AUVERGNE RHONE ALPES,RENNES,1,0.65
VALENCE TGV AUVERGNE RHONE ALPES,RENNES,2,0.74375
VALENCE TGV AUVERGNE RHONE ALPES,RENNES,3,0.7375
VALENCE TGV AUVERGNE RHONE ALPES,RENNES,4,0.40625
VALENCE TGV AUVERGNE RHONE ALPES,RENNES,5,0.375
VALENCE TGV AUVERGNE RHONE ALPES,RENNES,6,0.3875
VALENCE TGV AUVERGNE RHONE ALPES,RENNES,7,0.39375
VALENCE TGV AUVERGNE RHONE ALPES,RENNES,8,0.36875
VALENCE TGV AUVERGNE RHONE ALPES,RENNES,9,0.2625
VALENCE TGV AUVERGNE RHONE ALPES,RENNES,10,0.2625
VALENCE TGV AUVERGNE RHONE ALPES,RENNES,11,0.24375000000000002
VALENCE TGV AUVERGNE RHONE ALPES,RENNES,12,0.0
VALENCE TGV AUVERGNE RHONE ALPES,RENNES,13,0.0
VALENCE TGV AUVERGNE RHONE ALPES,RENNES,14,0.0
VALENCE TGV AUVERGNE RHONE ALPES,RENNES,15,0.0
VALENCE TGV AUVERGNE RHONE ALPES,RENNES,16,0.0
VALENCE TGV AUVERGNE RHONE ALPES,RENNES,17,0.00625
VALENCE TGV AUVERGNE RHONE ALPES,RENNES,18,0.0
VALENCE TGV AUVERGNE RHONE ALPES,RENNES,19,0.0
VALENCE TGV AUVERGNE RHONE ALPES,RENNES,20,0.0
VALENCE TGV AUVERGNE RHONE ALPES,RENNES,21,0.0
VALENCE TGV AUVERGNE RHONE ALPES,RENNES,22,0.0
VALENCE TGV AUVERGNE RHONE ALPES,RENNES,23,0.00625
VALENCE TGV AUVERGNE RHONE ALPES,RENNES,24,0.0125
VALENCE TGV AUVERGNE RHONE ALPES,RENNES,25,0.1
VALENCE TGV AUVERGNE RHONE ALPES,RENNES,26,0.025
VALENCE TGV AUVERGNE RHONE ALPES,RENNES,27,0.018750000000000003
VALENCE TGV AUVERGNE RHONE ALPES,RENNES,28,0.04375
VALENCE TGV AUVERGNE RHONE ALPES,RENNES,29,0.09375000000000001
VALENCE TGV AUVERGNE RHONE ALPES,RENNES,30,0.024999999999999998
VALENCE TGV AUVERGNE RHONE ALPES,ROUEN RIVE DROITE,0,0.29064625850340137
VALENCE TGV AUVERGNE RHONE ALPES,ROUEN RIVE DROITE,1,0.3295221843003413
VALENCE TGV AUVERGNE RHONE ALPES,ROUEN RIVE DROITE,2,0.33907849829351533
VALENCE TGV AUVERGNE RHONE ALPES,ROUEN RIVE DROITE,3,0.3274744027303754
VALENCE TGV AUVERGNE RHONE ALPES,ROUEN RIVE DROITE,4,0.18907849829351536
VALENCE TGV AUVERGNE RHONE ALPES,ROUEN RIVE DROITE,5,0.18441780821917808
VALENCE TGV AUVERGNE RHONE ALPES,ROUEN RIVE DROITE,6,0.19400684931506848
VALENCE TGV AUVERGNE RHONE ALPES,ROUEN RIVE DROITE,7,0.2095890410958904
VALENCE TGV AUVERGNE RHONE ALPES,ROUEN RIVE DROITE,8,0.21426116838487974
VALENCE TGV AUVERGNE RHONE ALPES,ROUEN RIVE DROITE,9,0.2167808219178082
VALENCE TGV AUVERGNE RHONE ALPES,ROUEN RIVE DROITE,10,0.2220136518771331
VALENCE TGV AUVERGNE RHONE ALPES,ROUEN RIVE DROITE,11,0.23259385665529012
VALENCE TGV AUVERGNE RHONE ALPES,ROUEN RIVE DROITE,12,0.04041095890410959
VALENCE TGV AUVERGNE RHONE ALPES,ROUEN RIVE DROITE,13,0.03625429553264605
VALENCE TGV AUVERGNE RHONE ALPES,ROUEN RIVE DROITE,14,0.04209621993127148
VALENCE TGV AUVERGNE RHONE ALPES,ROUEN RIVE DROITE,15,0.04192439862542955
VALENCE TGV AUVERGNE RHONE ALPES,ROUEN RIVE DROITE,16,0.044501718213058414
VALENCE TGV AUVERGNE RHONE ALPES,ROUEN RIVE DROITE,17,0.047079037800687284
VALENCE TGV AUVERGNE RHONE ALPES,ROUEN RIVE DROITE,18,0.04586206896551724
VALENCE TGV AUVERGNE RHONE ALPES,ROUEN RIVE DROITE,19,0.039619377162629754
VALENCE TGV AUVERGNE RHONE ALPES,ROUEN RIVE DROITE,20,0.038581314878892735
VALENCE TGV AUVERGNE RHONE ALPES,ROUEN RIVE DROITE,21,0.042733564013840826
VALENCE TGV AUVERGNE RHONE ALPES,ROUEN RIVE DROITE,22,0.056228373702422146
VALENCE TGV AUVERGNE RHONE ALPES,ROUEN RIVE DROITE,23,0.05761245674740484
VALENCE TGV AUVERGNE RHONE ALPES,ROUEN RIVE DROITE,24,0.056055363321799306
VALENCE TGV AUVERGNE RHONE ALPES,ROUEN RIVE DROITE,25,0.05868055555555555
VALENCE TGV AUVERGNE RHONE ALPES,ROUEN RIVE DROITE,26,0.06550522648083625
VALENCE TGV AUVERGNE RHONE ALPES,ROUEN RIVE DROITE,27,0.06010452961672474
VALENCE TGV AUVERGNE RHONE ALPES,ROUEN RIVE DROITE,28,0.05191637630662021
VALENCE TGV AUVERGNE RHONE ALPES,ROUEN RIVE DROITE,29,0.04930313588850174
VALENCE TGV AUVERGNE RHONE ALPES,ROUEN RIVE DROITE,30,0.009790209790209791
VALENCE TGV AUVERGNE RHONE ALPES,SAUMUR,0,0.206891495601173
VALENCE TGV AUVERGNE RHONE ALPES,SAUMUR,1,0.22859237536656893
VALENCE TGV AUVERGNE RHONE ALPES,SAUMUR,2,0.210233918128655
VALENCE TGV AUVERGNE RHONE ALPES,SAUMUR,3,0.20789473684210524
VALENCE TGV AUVERGNE RHONE ALPES,SAUMUR,4,0.127046783625731
VALENCE TGV AUVERGNE RHONE ALPES,SAUMUR,5,0.14824561403508774
VALENCE TGV AUVERGNE RHONE ALPES,SAUMUR,6,0.15891812865497076
VALENCE TGV AUVERGNE RHONE ALPES,SAUMUR,7,0.16330409356725148
VALENCE TGV AUVERGNE RHONE ALPES,SAUMUR,8,0.16301169590643275
VALENCE TGV AUVERGNE RHONE ALPES,SAUMUR,9,0.15219298245614035
VALENCE TGV AUVERGNE RHONE ALPES,SAUMUR,10,0.1530701754385965
VALENCE TGV AUVERGNE RHONE ALPES,SAUMUR,11,0.1723684210526316
VALENCE TGV AUVERGNE RHONE ALPES,SAUMUR,12,0.04532163742690058
VALENCE TGV AUVERGNE RHONE ALPES,SAUMUR,13,0.046198830409356725
VALENCE TGV AUVERGNE RHONE ALPES,SAUMUR,14,0.04005847953216374
VALENCE TGV AUVERGNE RHONE ALPES,SAUMUR,15,0.03903508771929824
VALENCE TGV AUVERGNE RHONE ALPES,SAUMUR,16,0.03333333333333333
VALENCE TGV AUVERGNE RHONE ALPES,SAUMUR,17,0.035818713450292396
VALENCE TGV AUVERGNE RHONE ALPES,SAUMUR,18,0.036656891495601175
VALENCE TGV AUVERGNE RHONE ALPES,SAUMUR,19,0.03470588235294118
VALENCE TGV AUVERGNE RHONE ALPES,SAUMUR,20,0.039233038348082595
VALENCE TGV AUVERGNE RHONE ALPES,SAUMUR,21,0.04630177514792899
VALENCE TGV AUVERGNE RHONE ALPES,SAUMUR,22,0.046005917159763314
VALENCE TGV AUVERGNE RHONE ALPES,SAUMUR,23,0.050445103857566766
VALENCE TGV AUVERGNE RHONE ALPES,SAUMUR,24,0.05192878338278932
VALENCE TGV AUVERGNE RHONE ALPES,SAUMUR,25,0.052083333333333336
VALENCE TGV AUVERGNE RHONE ALPES,SAUMUR,26,0.04597014925373134
VALENCE TGV AUVERGNE RHONE ALPES,SAUMUR,27,0.03922155688622754
VALENCE TGV AUVERGNE RHONE ALPES,SAUMUR,28,0.037237237237237236
VALENCE TGV AUVERGNE RHONE ALPES,SAUMUR,29,0.03693693693693694
VALENCE TGV AUVERGNE RHONE ALPES,SAUMUR,30,0.008610271903323263
VALENCE TGV AUVERGNE RHONE ALPES,ST PIERRE DES CORPS,0,0.21129032258064515
VALENCE TGV AUVERGNE RHONE ALPES,ST PIERRE DES CORPS,1,0.22683284457478003
VALENCE TGV AUVERGNE RHONE ALPES,ST PIERRE DES CORPS,2,0.20438596491228073
VALENCE TGV AUVERGNE RHONE ALPES,ST PIERRE DES CORPS,3,0.20657894736842106
VALENCE TGV AUVERGNE RHONE ALPES,ST PIERRE DES CORPS,4,0.12763157894736843
VALENCE TGV AUVERGNE RHONE ALPES,ST PIERRE DES CORPS,5,0.14883040935672515
VALENCE TGV AUVERGNE RHONE ALPES,ST PIERRE DES CORPS,6,0.15833333333333333
VALENCE TGV AUVERGNE RHONE ALPES,ST PIERRE DES CORPS,7,0.16447368421052633
VALENCE TGV AUVERGNE RHONE ALPES,ST PIERRE DES CORPS,8,0.16652046783625732
VALENCE TGV AUVERGNE RHONE ALPES,ST PIERRE DES CORPS,9,0.15482456140350878
VALENCE TGV AUVERGNE RHONE ALPES,ST PIERRE DES CORPS,10,0.15599415204678363
VALENCE TGV AUVERGNE RHONE ALPES,ST PIERRE DES CORPS,11,0.1817251461988304
VALENCE TGV AUVERGNE RHONE ALPES,ST PIERRE DES CORPS,12,0.045906432748538006
VALENCE TGV AUVERGNE RHONE ALPES,ST PIERRE DES CORPS,13,0.046198830409356725
VALENCE TGV AUVERGNE RHONE ALPES,ST PIERRE DES CORPS,14,0.04122807017543859
VALENCE TGV AUVERGNE RHONE ALPES,ST PIERRE DES CORPS,15,0.03830409356725146
VALENCE TGV AUVERGNE RHONE ALPES,ST PIERRE DES CORPS,16,0.033771929824561404
VALENCE TGV AUVERGNE RHONE ALPES,ST PIERRE DES CORPS,17,0.03625730994152047
VALENCE TGV AUVERGNE RHONE ALPES,ST PIERRE DES CORPS,18,0.03856304985337244
VALENCE TGV AUVERGNE RHONE ALPES,ST PIERRE DES CORPS,19,0.03691176470588235
VALENCE TGV AUVERGNE RHONE ALPES,ST PIERRE DES CORPS,20,0.043067846607669616
VALENCE TGV AUVERGNE RHONE ALPES,ST PIERRE DES CORPS,21,0.046449704142011834
VALENCE TGV AUVERGNE RHONE ALPES,ST PIERRE DES CORPS,22,0.045562130177514794
VALENCE TGV AUVERGNE RHONE ALPES,ST PIERRE DES CORPS,23,0.04955489614243323
VALENCE TGV AUVERGNE RHONE ALPES,ST PIERRE DES CORPS,24,0.05178041543026706
VALENCE TGV AUVERGNE RHONE ALPES,ST PIERRE DES CORPS,25,0.05178571428571428
VALENCE TGV AUVERGNE RHONE ALPES,ST PIERRE DES CORPS,26,0.04432835820895522
VALENCE TGV AUVERGNE RHONE ALPES,ST PIERRE DES CORPS,27,0.03937125748502994
VALENCE TGV AUVERGNE RHONE ALPES,ST PIERRE DES CORPS,28,0.038138138138138135
VALENCE TGV AUVERGNE RHONE ALPES,ST PIERRE DES CORPS,29,0.03753753753753754
VALENCE TGV AUVERGNE RHONE ALPES,ST PIERRE DES CORPS,30,0.008459214501510574
VALENCE TGV AUVERGNE RHONE ALPES,VERSAILLES CHANTIERS,0,0.2965986394557823
VALENCE TGV AUVERGNE RHONE ALPES,VERSAILLES CHANTIERS,1,0.3286689419795222
VALENCE TGV AUVERGNE RHONE ALPES,VERSAILLES CHANTIERS,2,0.331740614334471
VALENCE TGV AUVERGNE RHONE ALPES,VERSAILLES CHANTIERS,3,0.32832764505119455
VALENCE TGV AUVERGNE RHONE ALPES,VERSAILLES CHANTIERS,4,0.19129692832764505
VALENCE TGV AUVERGNE RHONE ALPES,VERSAILLES CHANTIERS,5,0.1827054794520548
VALENCE TGV AUVERGNE RHONE ALPES,VERSAILLES CHANTIERS,6,0.18784246575342467
VALENCE TGV AUVERGNE RHONE ALPES,VERSAILLES CHANTIERS,7,0.2125
VALENCE TGV AUVERGNE RHONE ALPES,VERSAILLES CHANTIERS,8,0.21786941580756014
VALENCE TGV AUVERGNE RHONE ALPES,VERSAILLES CHANTIERS,9,0.21746575342465754
VALENCE TGV AUVERGNE RHONE ALPES,VERSAILLES CHANTIERS,10,0.22320819112627988
VALENCE TGV AUVERGNE RHONE ALPES,VERSAILLES CHANTIERS,11,0.22781569965870307
VALENCE TGV AUVERGNE RHONE ALPES,VERSAILLES CHANTIERS,12,0.042294520547945205
VALENCE TGV AUVERGNE RHONE ALPES,VERSAILLES CHANTIERS,13,0.036941580756013746
VALENCE TGV AUVERGNE RHONE ALPES,VERSAILLES CHANTIERS,14,0.04347079037800687
VALENCE TGV AUVERGNE RHONE ALPES,VERSAILLES CHANTIERS,15,0.04209621993127148
VALENCE TGV AUVERGNE RHONE ALPES,VERSAILLES CHANTIERS,16,0.044501718213058414
VALENCE TGV AUVERGNE RHONE ALPES,VERSAILLES CHANTIERS,17,0.04742268041237114
VALENCE TGV AUVERGNE RHONE ALPES,VERSAILLES CHANTIERS,18,0.04603448275862069
VALENCE TGV AUVERGNE RHONE ALPES,VERSAILLES CHANTIERS,19,0.039965397923875434
VALENCE TGV AUVERGNE RHONE ALPES,VERSAILLES CHANTIERS,20,0.03788927335640138
VALENCE TGV AUVERGNE RHONE ALPES,VERSAILLES CHANTIERS,21,0.04134948096885813
VALENCE TGV AUVERGNE RHONE ALPES,VERSAILLES CHANTIERS,22,0.054325259515570934
VALENCE TGV AUVERGNE RHONE ALPES,VERSAILLES CHANTIERS,23,0.05536332179930796
VALENCE TGV AUVERGNE RHONE ALPES,VERSAILLES CHANTIERS,24,0.05519031141868512
VALENCE TGV AUVERGNE RHONE ALPES,VERSAILLES CHANTIERS,25,0.05868055555555555
VALENCE TGV AUVERGNE RHONE ALPES,VERSAILLES CHANTIERS,26,0.0656794425087108
VALENCE TGV AUVERGNE RHONE ALPES,VERSAILLES CHANTIERS,27,0.05993031358885017
VALENCE TGV AUVERGNE RHONE ALPES,VERSAILLES CHANTIERS,28,0.04982578397212544
VALENCE TGV AUVERGNE RHONE ALPES,VERSAILLES CHANTIERS,29,0.049999999999999996
VALENCE TGV AUVERGNE RHONE ALPES,VERSAILLES CHANTIERS,30,0.01048951048951049
VALENCE VILLE,ANGERS SAINT LAUD,0,0.025
VALENCE VILLE,ANGERS SAINT LAUD,1,0.0125
VALENCE VILLE,ANGERS SAINT LAUD,2,0.25
VALENCE VILLE,ANGERS SAINT LAUD,3,0.3625
VALENCE VILLE,ANGERS SAINT LAUD,4,0.037500000000000006
VALENCE VILLE,ANGERS SAINT LAUD,5,0.0
VALENCE VILLE,ANGERS SAINT LAUD,6,0.0
VALENCE VILLE,ANGERS SAINT LAUD,7,0.0
VALENCE VILLE,ANGERS SAINT LAUD,8,0.025
VALENCE VILLE,ANGERS SAINT LAUD,9,0.23750000000000002
VALENCE VILLE,ANGERS SAINT LAUD,10,0.275
VALENCE VILLE,ANGERS SAINT LAUD,11,0.4625
VALENCE VILLE,ANGERS SAINT LAUD,12,0.0125
VALENCE VILLE,ANGERS SAINT LAUD,13,0.0
VALENCE VILLE,ANGERS SAINT LAUD,14,0.0
VALENCE VILLE,ANGERS SAINT LAUD,15,0.0
VALENCE VILLE,ANGERS SAINT LAUD,16,0.0
VALENCE VILLE,ANGERS SAINT LAUD,17,0.0
VALENCE VILLE,ANGERS SAINT LAUD,18,0.0
VALENCE VILLE,ANGERS SAINT LAUD,19,0.0125
VALENCE VILLE,ANGERS SAINT LAUD,20,0.2125
VALENCE VILLE,ANGERS SAINT LAUD,21,0.2625
VALENCE VILLE,ANGERS SAINT LAUD,22,0.4875
VALENCE VILLE,ANGERS SAINT LAUD,23,0.5125
VALENCE VILLE,ANGERS SAINT LAUD,24,0.5
VALENCE VILLE,ANGERS SAINT LAUD,25,0.5
VALENCE VILLE,ANGERS SAINT LAUD,26,0.5
VALENCE VILLE,ANGERS SAINT LAUD,27,0.5125
VALENCE VILLE,ANGERS SAINT LAUD,28,0.5
VALENCE VILLE,ANGERS SAINT LAUD,29,0.425
VALENCE VILLE,ANGERS SAINT LAUD,30,0.0
VALENCE VILLE,LE MANS,0,0.05
VALENCE VILLE,LE MANS,1,0.2
VALENCE VILLE,LE MANS,2,0.85
VALENCE VILLE,LE MANS,3,0.9
VALENCE VILLE,LE MANS,4,0.1
VALENCE VILLE,LE MANS,5,0.05
VALENCE VILLE,LE MANS,6,0.05
VALENCE VILLE,LE MANS,7,0.0
VALENCE VILLE,LE MANS,8,0.0
VALENCE VILLE,LE MANS,9,0.0
VALENCE VILLE,LE MANS,10,0.05
VALENCE VILLE,LE MANS,11,0.6
VALENCE VILLE,LE MANS,12,0.0
VALENCE VILLE,LE MANS,13,0.0
VALENCE VILLE,LE MANS,14,0.0
VALENCE VILLE,LE MANS,15,0.0
VALENCE VILLE,LE MANS,16,0.05
VALENCE VILLE,LE MANS,17,0.05
VALENCE VILLE,LE MANS,18,0.0
VALENCE VILLE,LE MANS,19,0.0
VALENCE VILLE,LE MANS,20,0.0
VALENCE VILLE,LE MANS,21,0.0
VALENCE VILLE,LE MANS,22,0.8
VALENCE VILLE,LE MANS,23,0.9
VALENCE VILLE,LE MANS,24,0.95
VALENCE VILLE,LE MANS,25,0.95
VALENCE VILLE,LE MANS,26,1.0
VALENCE VILLE,LE MANS,27,1.0
VALENCE VILLE,LE MANS,28,1.0
VALENCE VILLE,LE MANS,29,0.95
VALENCE VILLE,LE MANS,30,0.1
VALENCE VILLE,LYON (intramuros),0,0.475
VALENCE VILLE,LYON (intramuros),1,0.3125
VALENCE VILLE,LYON (intramuros),2,0.45
VALENCE VILLE,LYON (intramuros),3,0.5
VALENCE VILLE,LYON (intramuros),4,0.2625
VALENCE VILLE,LYON (intramuros),5,0.0125
VALENCE VILLE,LYON (intramuros),6,0.0125
VALENCE VILLE,LYON (intramuros),7,0.1875
VALENCE VILLE,LYON (intramuros),8,0.1125
VALENCE VILLE,LYON (intramuros),9,0.25
VALENCE VILLE,LYON (intramuros),10,0.225
VALENCE VILLE,LYON (intramuros),11,0.225
VALENCE VILLE,LYON (intramuros),12,0.025
VALENCE VILLE,LYON (intramuros),13,0.0125
VALENCE VILLE,LYON (intramuros),14,0.0125
VALENCE VILLE,LYON (intramuros),15,0.0
VALENCE VILLE,LYON (intramuros),16,0.0
VALENCE VILLE,LYON (intramuros),17,0.0
VALENCE VILLE,LYON (intramuros),18,0.0125
VALENCE VILLE,LYON (intramuros),19,0.0125
VALENCE VILLE,LYON (intramuros),20,0.2375
VALENCE VILLE,LYON (intramuros),21,0.275
VALENCE VILLE,LYON (intramuros),22,0.5125
VALENCE VILLE,LYON (intramuros),23,0.5
VALENCE VILLE,LYON (intramuros),24,0.5
VALENCE VILLE,LYON (intramuros),25,0.5
VALENCE VILLE,LYON (intramuros),26,0.5
VALENCE VILLE,LYON (intramuros),27,0.5
VALENCE VILLE,LYON (intramuros),28,0.5
VALENCE VILLE,LYON (intramuros),29,0.44999999999999996
VALENCE VILLE,LYON (intramuros),30,0.075
VALENCE VILLE,MASSY TGV,0,0.025
VALENCE VILLE,MASSY TGV,1,0.025
VALENCE VILLE,MASSY TGV,2,0.25
VALENCE VILLE,MASSY TGV,3,0.4375
VALENCE VILLE,MASSY TGV,4,0.075
VALENCE VILLE,MASSY TGV,5,0.0
VALENCE VILLE,MASSY TGV,6,0.0
VALENCE VILLE,MASSY TGV,7,0.0
VALENCE VILLE,MASSY TGV,8,0.0125
VALENCE VILLE,MASSY TGV,9,0.1875
VALENCE VILLE,MASSY TGV,10,0.275
VALENCE VILLE,MASSY TGV,11,0.23750000000000002
VALENCE VILLE,MASSY TGV,12,0.025
VALENCE VILLE,MASSY TGV,13,0.0125
VALENCE VILLE,MASSY TGV,14,0.0
VALENCE VILLE,MASSY TGV,15,0.0
VALENCE VILLE,MASSY TGV,16,0.0
VALENCE VILLE,MASSY TGV,17,0.0
VALENCE VILLE,MASSY TGV,18,0.0
VALENCE VILLE,MASSY TGV,19,0.0
VALENCE VILLE,MASSY TGV,20,0.225
VALENCE VILLE,MASSY TGV,21,0.3
VALENCE VILLE,MASSY TGV,22,0.5125
VALENCE VILLE,MASSY TGV,23,0.5125
VALENCE VILLE,MASSY TGV,24,0.5
VALENCE VILLE,MASSY TGV,25,0.5
VALENCE VILLE,MASSY TGV,26,0.5
VALENCE VILLE,MASSY TGV,27,0.5
VALENCE VILLE,MASSY TGV,28,0.4875
VALENCE VILLE,MASSY TGV,29,0.4875
VALENCE VILLE,MASSY TGV,30,0.0875
VALENCE VILLE,NANTES,0,0.05
VALENCE VILLE,NANTES,1,0.037500000000000006
VALENCE VILLE,NANTES,2,0.25
VALENCE VILLE,NANTES,3,0.3875
VALENCE VILLE,NANTES,4,0.07500000000000001
VALENCE VILLE,NANTES,5,0.0
VALENCE VILLE,NANTES,6,0.0
VALENCE VILLE,NANTES,7,0.0125
VALENCE VILLE,NANTES,8,0.0375
VALENCE VILLE,NANTES,9,0.25
VALENCE VILLE,NANTES,10,0.275
VALENCE VILLE,NANTES,11,0.45
VALENCE VILLE,NANTES,12,0.0125
VALENCE VILLE,NANTES,13,0.0
VALENCE VILLE,NANTES,14,0.0
VALENCE VILLE,NANTES,15,0.0
VALENCE VILLE,NANTES,16,0.0
VALENCE VILLE,NANTES,17,0.0125
VALENCE VILLE,NANTES,18,0.037500000000000006
VALENCE VILLE,NANTES,19,0.049999999999999996
VALENCE VILLE,NANTES,20,0.2
VALENCE VILLE,NANTES,21,0.26249999999999996
VALENCE VILLE,NANTES,22,0.5
VALENCE VILLE,NANTES,23,0.5
VALENCE VILLE,NANTES,24,0.5
VALENCE VILLE,NANTES,25,0.5
VALENCE VILLE,NANTES,26,0.5
VALENCE VILLE,NANTES,27,0.4875
VALENCE VILLE,NANTES,28,0.475
VALENCE VILLE,NANTES,29,0.44999999999999996
VALENCE VILLE,NANTES,30,0.05
VALENCE VILLE,SAUMUR,0,0.05
VALENCE VILLE,SAUMUR,1,0.025
VALENCE VILLE,SAUMUR,2,0.15
VALENCE VILLE,SAUMUR,3,0.4
VALENCE VILLE,SAUMUR,4,0.025
VALENCE VILLE,SAUMUR,5,0.0
VALENCE VILLE,SAUMUR,6,0.0
VALENCE VILLE,SAUMUR,7,0.0
VALENCE VILLE,SAUMUR,8,0.025
VALENCE VILLE,SAUMUR,9,0.42500000000000004
VALENCE VILLE,SAUMUR,10,0.45
VALENCE VILLE,SAUMUR,11,0.425
VALENCE VILLE,SAUMUR,12,0.0
VALENCE VILLE,SAUMUR,13,0.0
VALENCE VILLE,SAUMUR,14,0.0
VALENCE VILLE,SAUMUR,15,0.0
VALENCE VILLE,SAUMUR,16,0.0
VALENCE VILLE,SAUMUR,17,0.0
VALENCE VILLE,SAUMUR,18,0.0
VALENCE VILLE,SAUMUR,19,0.0
VALENCE VILLE,SAUMUR,20,0.0
VALENCE VILLE,SAUMUR,21,0.0
VALENCE VILLE,SAUMUR,22,0.0
VALENCE VILLE,SAUMUR,23,0.0
VALENCE VILLE,SAUMUR,24,0.0
VALENCE VILLE,SAUMUR,25,0.0
VALENCE VILLE,SAUMUR,26,0.0
VALENCE VILLE,SAUMUR,27,0.0
VALENCE VILLE,SAUMUR,28,0.0
VALENCE VILLE,SAUMUR,29,0.0
VALENCE VILLE,SAUMUR,30,0.0
VALENCE VILLE,ST PIERRE DES CORPS,0,0.0
VALENCE VILLE,ST PIERRE DES CORPS,1,0.0
VALENCE VILLE,ST PIERRE DES CORPS,2,0.1
VALENCE VILLE,ST PIERRE DES CORPS,3,0.4
VALENCE VILLE,ST PIERRE DES CORPS,4,0.05
VALENCE VILLE,ST PIERRE DES CORPS,5,0.0
VALENCE VILLE,ST PIERRE DES CORPS,6,0.0
VALENCE VILLE,ST PIERRE DES CORPS,7,0.025
VALENCE VILLE,ST PIERRE DES CORPS,8,0.025
VALENCE VILLE,ST PIERRE DES CORPS,9,0.5
VALENCE VILLE,ST PIERRE DES CORPS,10,0.525
VALENCE VILLE,ST PIERRE DES CORPS,11,0.5
VALENCE VILLE,ST PIERRE DES CORPS,12,0.0
VALENCE VILLE,ST PIERRE DES CORPS,13,0.0
VALENCE VILLE,ST PIERRE DES CORPS,14,0.0
VALENCE VILLE,ST PIERRE DES CORPS,15,0.0
VALENCE VILLE,ST PIERRE DES CORPS,16,0.0
VALENCE VILLE,ST PIERRE DES CORPS,17,0.0
VALENCE VILLE,ST PIERRE DES CORPS,18,0.0
VALENCE VILLE,ST PIERRE DES CORPS,19,0.0
VALENCE VILLE,ST PIERRE DES CORPS,20,0.0
VALENCE VILLE,ST PIERRE DES CORPS,21,0.0
VALENCE VILLE,ST PIERRE DES CORPS,22,0.0
VALENCE VILLE,ST PIERRE DES CORPS,23,0.0
VALENCE VILLE,ST PIERRE DES CORPS,24,0.0
VALENCE VILLE,ST PIERRE DES CORPS,25,0.0
VALENCE VILLE,ST PIERRE DES CORPS,26,0.0
VALENCE VILLE,ST PIERRE DES CORPS,27,0.0
VALENCE VILLE,ST PIERRE DES CORPS,28,0.0
VALENCE VILLE,ST PIERRE DES CORPS,29,0.0
VALENCE VILLE,ST PIERRE DES CORPS,30,0.0
VANNES,AURAY,0,0.9
VANNES,AURAY,1,0.9
VANNES,AURAY,2,0.85
VANNES,AURAY,3,0.1
VANNES,AURAY,4,0.0
VANNES,AURAY,5,0.0
VANNES,AURAY,6,0.0
VANNES,AURAY,7,0.0
VANNES,AURAY,8,0.0
VANNES,AURAY,9,0.0
VANNES,AURAY,10,0.0
VANNES,AURAY,11,0.0
VANNES,AURAY,12,0.0
VANNES,AURAY,13,0.0
VANNES,AURAY,14,0.0
VANNES,AURAY,15,0.0
VANNES,AURAY,16,0.0
VANNES,AURAY,17,0.0
VANNES,AURAY,18,0.0
VANNES,AURAY,19,0.0
VANNES,AURAY,20,0.0
VANNES,AURAY,21,0.0
VANNES,AURAY,22,0.0
VANNES,AURAY,23,0.0
VANNES,AURAY,24,0.0
VANNES,AURAY,25,0.0
VANNES,AURAY,26,0.0
VANNES,AURAY,27,0.0
VANNES,AURAY,28,0.0
VANNES,AURAY,29,0.0
VANNES,AURAY,30,0.0
VANNES,LORIENT,0,0.95
VANNES,LORIENT,1,0.95
VANNES,LORIENT,2,0.7
VANNES,LORIENT,3,0.15
VANNES,LORIENT,4,0.0
VANNES,LORIENT,5,0.0
VANNES,LORIENT,6,0.0
VANNES,LORIENT,7,0.0
VANNES,LORIENT,8,0.0
VANNES,LORIENT,9,0.0
VANNES,LORIENT,10,0.0
VANNES,LORIENT,11,0.0
VANNES,LORIENT,12,0.0
VANNES,LORIENT,13,0.0
VANNES,LORIENT,14,0.0
VANNES,LORIENT,15,0.0
VANNES,LORIENT,16,0.0
VANNES,LORIENT,17,0.0
VANNES,LORIENT,18,0.0
VANNES,LORIENT,19,0.0
VANNES,LORIENT,20,0.0
VANNES,LORIENT,21,0.0
VANNES,LORIENT,22,0.0
VANNES,LORIENT,23,0.0
VANNES,LORIENT,24,0.0
VANNES,LORIENT,25,0.0
VANNES,LORIENT,26,0.0
VANNES,LORIENT,27,0.0
VANNES,LORIENT,28,0.0
VANNES,LORIENT,29,0.0
VANNES,LORIENT,30,0.0
VANNES,QUIMPER,0,1.0
VANNES,QUIMPER,1,1.0
VANNES,QUIMPER,2,0.8
VANNES,QUIMPER,3,0.05
VANNES,QUIMPER,4,0.0
VANNES,QUIMPER,5,0.0
VANNES,QUIMPER,6,0.0
VANNES,QUIMPER,7,0.0
VANNES,QUIMPER,8,0.0
VANNES,QUIMPER,9,0.0
VANNES,QUIMPER,10,0.0
VANNES,QUIMPER,11,0.0
VANNES,QUIMPER,12,0.0
VANNES,QUIMPER,13,0.0
VANNES,QUIMPER,14,0.0
VANNES,QUIMPER,15,0.0
VANNES,QUIMPER,16,0.0
VANNES,QUIMPER,17,0.0
VANNES,QUIMPER,18,0.0
VANNES,QUIMPER,19,0.0
VANNES,QUIMPER,20,0.0
VANNES,QUIMPER,21,0.0
VANNES,QUIMPER,22,0.0
VANNES,QUIMPER,23,0.0
VANNES,QUIMPER,24,0.0
VANNES,QUIMPER,25,0.0
VANNES,QUIMPER,26,0.0
VANNES,QUIMPER,27,0.0
VANNES,QUIMPER,28,0.0
VANNES,QUIMPER,29,0.0
VANNES,QUIMPER,30,0.0
VERSAILLES CHANTIERS,ANGERS SAINT LAUD,0,0.6333333333333333
VERSAILLES CHANTIERS,ANGERS SAINT LAUD,1,0.3833333333333333
VERSAILLES CHANTIERS,ANGERS SAINT LAUD,2,0.3833333333333333
VERSAILLES CHANTIERS,ANGERS SAINT LAUD,3,0.5833333333333334
VERSAILLES CHANTIERS,ANGERS SAINT LAUD,4,0.4166666666666667
VERSAILLES CHANTIERS,ANGERS SAINT LAUD,5,0.3
VERSAILLES CHANTIERS,ANGERS SAINT LAUD,6,0.13333333333333333
VERSAILLES CHANTIERS,ANGERS SAINT LAUD,7,0.09999999999999999
VERSAILLES CHANTIERS,ANGERS SAINT LAUD,8,0.21666666666666667
VERSAILLES CHANTIERS,ANGERS SAINT LAUD,9,0.03333333333333333
VERSAILLES CHANTIERS,ANGERS SAINT LAUD,10,0.0
VERSAILLES CHANTIERS,ANGERS SAINT LAUD,11,0.0
VERSAILLES CHANTIERS,ANGERS SAINT LAUD,12,0.0
VERSAILLES CHANTIERS,ANGERS SAINT LAUD,13,0.0
VERSAILLES CHANTIERS,ANGERS SAINT LAUD,14,0.0
VERSAILLES CHANTIERS,ANGERS SAINT LAUD,15,0.0
VERSAILLES CHANTIERS,ANGERS SAINT LAUD,16,0.0
VERSAILLES CHANTIERS,ANGERS SAINT LAUD,17,0.0
VERSAILLES CHANTIERS,ANGERS SAINT LAUD,18,0.0
VERSAILLES CHANTIERS,ANGERS SAINT LAUD,19,0.0
VERSAILLES CHANTIERS,ANGERS SAINT LAUD,20,0.0
VERSAILLES CHANTIERS,ANGERS SAINT LAUD,21,0.0
VERSAILLES CHANTIERS,ANGERS SAINT LAUD,22,0.0
VERSAILLES CHANTIERS,ANGERS SAINT LAUD,23,0.0
VERSAILLES CHANTIERS,ANGERS SAINT LAUD,24,0.0
VERSAILLES CHANTIERS,ANGERS SAINT LAUD,25,0.0
VERSAILLES CHANTIERS,ANGERS SAINT LAUD,26,0.0
VERSAILLES CHANTIERS,ANGERS SAINT LAUD,27,0.0
VERSAILLES CHANTIERS,ANGERS SAINT LAUD,28,0.0
VERSAILLES CHANTIERS,ANGERS SAINT LAUD,29,0.0
VERSAILLES CHANTIERS,ANGERS SAINT LAUD,30,0.0
VERSAILLES CHANTIERS,LAVAL,0,0.725
VERSAILLES CHANTIERS,LAVAL,1,0.55
VERSAILLES CHANTIERS,LAVAL,2,0.7375
VERSAILLES CHANTIERS,LAVAL,3,0.725
VERSAILLES CHANTIERS,LAVAL,4,0.2625
VERSAILLES CHANTIERS,LAVAL,5,0.025
VERSAILLES CHANTIERS,LAVAL,6,0.0125
VERSAILLES CHANTIERS,LAVAL,7,0.025
VERSAILLES CHANTIERS,LAVAL,8,0.0
VERSAILLES CHANTIERS,LAVAL,9,0.0
VERSAILLES CHANTIERS,LAVAL,10,0.0125
VERSAILLES CHANTIERS,LAVAL,11,0.0
VERSAILLES CHANTIERS,LAVAL,12,0.0125
VERSAILLES CHANTIERS,LAVAL,13,0.0
VERSAILLES CHANTIERS,LAVAL,14,0.0
VERSAILLES CHANTIERS,LAVAL,15,0.0
VERSAILLES CHANTIERS,LAVAL,16,0.0
VERSAILLES CHANTIERS,LAVAL,17,0.0125
VERSAILLES CHANTIERS,LAVAL,18,0.0125
VERSAILLES CHANTIERS,LAVAL,19,0.0
VERSAILLES CHANTIERS,LAVAL,20,0.0
VERSAILLES CHANTIERS,LAVAL,21,0.0
VERSAILLES CHANTIERS,LAVAL,22,0.0
VERSAILLES CHANTIERS,LAVAL,23,0.0
VERSAILLES CHANTIERS,LAVAL,24,0.0
VERSAILLES CHANTIERS,LAVAL,25,0.0
VERSAILLES CHANTIERS,LAVAL,26,0.0
VERSAILLES CHANTIERS,LAVAL,27,0.0
VERSAILLES CHANTIERS,LAVAL,28,0.0125
VERSAILLES CHANTIERS,LAVAL,29,0.15
VERSAILLES CHANTIERS,LAVAL,30,0.025
VERSAILLES CHANTIERS,LE HAVRE,0,0.8266323024054983
VERSAILLES CHANTIERS,LE HAVRE,1,0.8205172413793103
VERSAILLES CHANTIERS,LE HAVRE,2,0.7939655172413793
VERSAILLES CHANTIERS,LE HAVRE,3,0.7608620689655172
VERSAILLES CHANTIERS,LE HAVRE,4,0.5410344827586208
VERSAILLES CHANTIERS,LE HAVRE,5,0.5060553633217993
VERSAILLES CHANTIERS,LE HAVRE,6,0.5166089965397924
VERSAILLES CHANTIERS,LE HAVRE,7,0.49480968858131485
VERSAILLES CHANTIERS,LE HAVRE,8,0.4635416666666667
VERSAILLES CHANTIERS,LE HAVRE,9,0.4430795847750865
VERSAILLES CHANTIERS,LE HAVRE,10,0.42724137931034484
VERSAILLES CHANTIERS,LE HAVRE,11,0.4189655172413793
VERSAILLES CHANTIERS,LE HAVRE,12,0.22768166089965397
VERSAILLES CHANTIERS,LE HAVRE,13,0.20572916666666666
VERSAILLES CHANTIERS,LE HAVRE,14,0.19583333333333333
VERSAILLES CHANTIERS,LE HAVRE,15,0.18298611111111113
VERSAILLES CHANTIERS,LE HAVRE,16,0.18663194444444445
VERSAILLES CHANTIERS,LE HAVRE,17,0.19201388888888887
VERSAILLES CHANTIERS,LE HAVRE,18,0.19721254355400697
VERSAILLES CHANTIERS,LE HAVRE,19,0.19125874125874126
VERSAILLES CHANTIERS,LE HAVRE,20,0.1833916083916084
VERSAILLES CHANTIERS,LE HAVRE,21,0.18304195804195805
VERSAILLES CHANTIERS,LE HAVRE,22,0.18846153846153846
VERSAILLES CHANTIERS,LE HAVRE,23,0.1853146853146853
VERSAILLES CHANTIERS,LE HAVRE,24,0.181993006993007
VERSAILLES CHANTIERS,LE HAVRE,25,0.18175438596491228
VERSAILLES CHANTIERS,LE HAVRE,26,0.18345070422535212
VERSAILLES CHANTIERS,LE HAVRE,27,0.17693661971830985
VERSAILLES CHANTIERS,LE HAVRE,28,0.16320422535211268
VERSAILLES CHANTIERS,LE HAVRE,29,0.1665492957746479
VERSAILLES CHANTIERS,LE HAVRE,30,0.02420494699646643
VERSAILLES CHANTIERS,LE MANS,0,0.7125
VERSAILLES CHANTIERS,LE MANS,1,0.575
VERSAILLES CHANTIERS,LE MANS,2,0.6875
VERSAILLES CHANTIERS,LE MANS,3,0.7
VERSAILLES CHANTIERS,LE MANS,4,0.3
VERSAILLES CHANTIERS,LE MANS,5,0.1875
VERSAILLES CHANTIERS,LE MANS,6,0.075
VERSAILLES CHANTIERS,LE MANS,7,0.0875
VERSAILLES CHANTIERS,LE MANS,8,0.175
VERSAILLES CHANTIERS,LE MANS,9,0.025
VERSAILLES CHANTIERS,LE MANS,10,0.0
VERSAILLES CHANTIERS,LE MANS,11,0.025
VERSAILLES CHANTIERS,LE MANS,12,0.0
VERSAILLES CHANTIERS,LE MANS,13,0.0
VERSAILLES CHANTIERS,LE MANS,14,0.0
VERSAILLES CHANTIERS,LE MANS,15,0.0
VERSAILLES CHANTIERS,LE MANS,16,0.0
VERSAILLES CHANTIERS,LE MANS,17,0.0
VERSAILLES CHANTIERS,LE MANS,18,0.0125
VERSAILLES CHANTIERS,LE MANS,19,0.0
VERSAILLES CHANTIERS,LE MANS,20,0.0
VERSAILLES CHANTIERS,LE MANS,21,0.0
VERSAILLES CHANTIERS,LE MANS,22,0.0125
VERSAILLES CHANTIERS,LE MANS,23,0.0125
VERSAILLES CHANTIERS,LE MANS,24,0.0
VERSAILLES CHANTIERS,LE MANS,25,0.0125
VERSAILLES CHANTIERS,LE MANS,26,0.0125
VERSAILLES CHANTIERS,LE MANS,27,0.0125
VERSAILLES CHANTIERS,LE MANS,28,0.0625
VERSAILLES CHANTIERS,LE MANS,29,0.225
VERSAILLES CHANTIERS,LE MANS,30,0.05
VERSAILLES CHANTIERS,MANTES LA JOLIE,0,0.827457627118644
VERSAILLES CHANTIERS,MANTES LA JOLIE,1,0.8224489795918368
VERSAILLES CHANTIERS,MANTES LA JOLIE,2,0.8071428571428572
VERSAILLES CHANTIERS,MANTES LA JOLIE,3,0.7828231292517007
VERSAILLES CHANTIERS,MANTES LA JOLIE,4,0.5498299319727892
VERSAILLES CHANTIERS,MANTES LA JOLIE,5,0.5168941979522184
VERSAILLES CHANTIERS,MANTES LA JOLIE,6,0.5160409556313993
VERSAILLES CHANTIERS,MANTES LA JOLIE,7,0.48686006825938566
VERSAILLES CHANTIERS,MANTES LA JOLIE,8,0.4659246575342466
VERSAILLES CHANTIERS,MANTES LA JOLIE,9,0.4349829351535836
VERSAILLES CHANTIERS,MANTES LA JOLIE,10,0.42295918367346935
VERSAILLES CHANTIERS,MANTES LA JOLIE,11,0.4107142857142857
VERSAILLES CHANTIERS,MANTES LA JOLIE,12,0.2225255972696246
VERSAILLES CHANTIERS,MANTES LA JOLIE,13,0.2065068493150685
VERSAILLES CHANTIERS,MANTES LA JOLIE,14,0.19315068493150683
VERSAILLES CHANTIERS,MANTES LA JOLIE,15,0.1815068493150685
VERSAILLES CHANTIERS,MANTES LA JOLIE,16,0.18595890410958904
VERSAILLES CHANTIERS,MANTES LA JOLIE,17,0.19126712328767123
VERSAILLES CHANTIERS,MANTES LA JOLIE,18,0.1950171821305842
VERSAILLES CHANTIERS,MANTES LA JOLIE,19,0.19017241379310346
VERSAILLES CHANTIERS,MANTES LA JOLIE,20,0.18000000000000002
VERSAILLES CHANTIERS,MANTES LA JOLIE,21,0.18034482758620687
VERSAILLES CHANTIERS,MANTES LA JOLIE,22,0.18586206896551724
VERSAILLES CHANTIERS,MANTES LA JOLIE,23,0.18344827586206897
VERSAILLES CHANTIERS,MANTES LA JOLIE,24,0.18000000000000002
VERSAILLES CHANTIERS,MANTES LA JOLIE,25,0.1801038062283737
VERSAILLES CHANTIERS,MANTES LA JOLIE,26,0.1798611111111111
VERSAILLES CHANTIERS,MANTES LA JOLIE,27,0.17343750000000002
VERSAILLES CHANTIERS,MANTES LA JOLIE,28,0.16145833333333334
VERSAILLES CHANTIERS,MANTES LA JOLIE,29,0.16354166666666667
VERSAILLES CHANTIERS,MANTES LA JOLIE,30,0.026480836236933796
VERSAILLES CHANTIERS,NANTES,0,0.6
VERSAILLES CHANTIERS,NANTES,1,0.39999999999999997
VERSAILLES CHANTIERS,NANTES,2,0.43333333333333335
VERSAILLES CHANTIERS,NANTES,3,0.5666666666666668
VERSAILLES CHANTIERS,NANTES,4,0.3833333333333333
VERSAILLES CHANTIERS,NANTES,5,0.26666666666666666
VERSAILLES CHANTIERS,NANTES,6,0.09999999999999999
VERSAILLES CHANTIERS,NANTES,7,0.11666666666666665
VERSAILLES CHANTIERS,NANTES,8,0.16666666666666666
VERSAILLES CHANTIERS,NANTES,9,0.0
VERSAILLES CHANTIERS,NANTES,10,0.0
VERSAILLES CHANTIERS,NANTES,11,0.016666666666666666
VERSAILLES CHANTIERS,NANTES,12,0.0
VERSAILLES CHANTIERS,NANTES,13,0.0
VERSAILLES CHANTIERS,NANTES,14,0.0
VERSAILLES CHANTIERS,NANTES,15,0.0
VERSAILLES CHANTIERS,NANTES,16,0.0
VERSAILLES CHANTIERS,NANTES,17,0.0
VERSAILLES CHANTIERS,NANTES,18,0.0
VERSAILLES CHANTIERS,NANTES,19,0.0
VERSAILLES CHANTIERS,NANTES,20,0.0
VERSAILLES CHANTIERS,NANTES,21,0.0
VERSAILLES CHANTIERS,NANTES,22,0.0
VERSAILLES CHANTIERS,NANTES,23,0.0
VERSAILLES CHANTIERS,NANTES,24,0.0
VERSAILLES CHANTIERS,NANTES,25,0.0
VERSAILLES CHANTIERS,NANTES,26,0.0
VERSAILLES CHANTIERS,NANTES,27,0.0
VERSAILLES CHANTIERS,NANTES,28,0.0
VERSAILLES CHANTIERS,NANTES,29,0.0
VERSAILLES CHANTIERS,NANTES,30,0.0
VERSAILLES CHANTIERS,RENNES,0,0.7125
VERSAILLES CHANTIERS,RENNES,1,0.5874999999999999
VERSAILLES CHANTIERS,RENNES,2,0.7250000000000001
VERSAILLES CHANTIERS,RENNES,3,0.7125
VERSAILLES CHANTIERS,RENNES,4,0.28750000000000003
VERSAILLES CHANTIERS,RENNES,5,0.1
VERSAILLES CHANTIERS,RENNES,6,0.025
VERSAILLES CHANTIERS,RENNES,7,0.037500000000000006
VERSAILLES CHANTIERS,RENNES,8,0.025
VERSAILLES CHANTIERS,RENNES,9,0.0
VERSAILLES CHANTIERS,RENNES,10,0.0
VERSAILLES CHANTIERS,RENNES,11,0.0
VERSAILLES CHANTIERS,RENNES,12,0.0
VERSAILLES CHANTIERS,RENNES,13,0.0
VERSAILLES CHANTIERS,RENNES,14,0.0
VERSAILLES CHANTIERS,RENNES,15,0.0
VERSAILLES CHANTIERS,RENNES,16,0.0
VERSAILLES CHANTIERS,RENNES,17,0.0125
VERSAILLES CHANTIERS,RENNES,18,0.0125
VERSAILLES CHANTIERS,RENNES,19,0.0
VERSAILLES CHANTIERS,RENNES,20,0.0
VERSAILLES CHANTIERS,RENNES,21,0.0
VERSAILLES CHANTIERS,RENNES,22,0.0
VERSAILLES CHANTIERS,RENNES,23,0.0
VERSAILLES CHANTIERS,RENNES,24,0.0
VERSAILLES CHANTIERS,RENNES,25,0.0
VERSAILLES CHANTIERS,RENNES,26,0.0
VERSAILLES CHANTIERS,RENNES,27,0.0
VERSAILLES CHANTIERS,RENNES,28,0.05
VERSAILLES CHANTIERS,RENNES,29,0.175
VERSAILLES CHANTIERS,RENNES,30,0.0125
VERSAILLES CHANTIERS,ROUEN RIVE DROITE,0,0.8252542372881355
VERSAILLES CHANTIERS,ROUEN RIVE DROITE,1,0.8154761904761905
VERSAILLES CHANTIERS,ROUEN RIVE DROITE,2,0.7998299319727892
VERSAILLES CHANTIERS,ROUEN RIVE DROITE,3,0.7731292517006804
VERSAILLES CHANTIERS,ROUEN RIVE DROITE,4,0.5414965986394558
VERSAILLES CHANTIERS,ROUEN RIVE DROITE,5,0.5039249146757679
VERSAILLES CHANTIERS,ROUEN RIVE DROITE,6,0.5110921501706485
VERSAILLES CHANTIERS,ROUEN RIVE DROITE,7,0.48566552901023896
VERSAILLES CHANTIERS,ROUEN RIVE DROITE,8,0.463527397260274
VERSAILLES CHANTIERS,ROUEN RIVE DROITE,9,0.43839590443686005
VERSAILLES CHANTIERS,ROUEN RIVE DROITE,10,0.42772108843537415
VERSAILLES CHANTIERS,ROUEN RIVE DROITE,11,0.41564625850340137
VERSAILLES CHANTIERS,ROUEN RIVE DROITE,12,0.22064846416382256
VERSAILLES CHANTIERS,ROUEN RIVE DROITE,13,0.2029109589041096
VERSAILLES CHANTIERS,ROUEN RIVE DROITE,14,0.1910958904109589
VERSAILLES CHANTIERS,ROUEN RIVE DROITE,15,0.18116438356164383
VERSAILLES CHANTIERS,ROUEN RIVE DROITE,16,0.18493150684931506
VERSAILLES CHANTIERS,ROUEN RIVE DROITE,17,0.18904109589041096
VERSAILLES CHANTIERS,ROUEN RIVE DROITE,18,0.1929553264604811
VERSAILLES CHANTIERS,ROUEN RIVE DROITE,19,0.1879310344827586
VERSAILLES CHANTIERS,ROUEN RIVE DROITE,20,0.17827586206896553
VERSAILLES CHANTIERS,ROUEN RIVE DROITE,21,0.17810344827586205
VERSAILLES CHANTIERS,ROUEN RIVE DROITE,22,0.18620689655172415
VERSAILLES CHANTIERS,ROUEN RIVE DROITE,23,0.1832758620689655
VERSAILLES CHANTIERS,ROUEN RIVE DROITE,24,0.17844827586206896
VERSAILLES CHANTIERS,ROUEN RIVE DROITE,25,0.18044982698961937
VERSAILLES CHANTIERS,ROUEN RIVE DROITE,26,0.18055555555555555
VERSAILLES CHANTIERS,ROUEN RIVE DROITE,27,0.17465277777777777
VERSAILLES CHANTIERS,ROUEN RIVE DROITE,28,0.16076388888888887
VERSAILLES CHANTIERS,ROUEN RIVE DROITE,29,0.16684027777777777
VERSAILLES CHANTIERS,ROUEN RIVE DROITE,30,0.020905923344947737
