origine,destination,delta_days,proba_open
AIX EN PROVENCE TGV,AVIGNON TGV,0,0.7845323741007194
AIX EN PROVENCE TGV,AVIGNON TGV,1,0.8364285714285714
AIX EN PROVENCE TGV,AVIGNON TGV,2,0.8307142857142857
AIX EN PROVENCE TGV,AVIGNON TGV,3,0.8189285714285715
AIX EN PROVENCE TGV,AVIGNON TGV,4,0.6433566433566433
AIX EN PROVENCE TGV,AVIGNON TGV,5,0.6380281690140844
AIX EN PROVENCE TGV,AVIGNON TGV,6,0.6178321678321678
AIX EN PROVENCE TGV,AVIGNON TGV,7,0.018055555555555557
AIX EN PROVENCE TGV,AVIGNON TGV,8,0.0028169014084507044
AIX EN PROVENCE TGV,AVIGNON TGV,9,0.0
AIX EN PROVENCE TGV,AVIGNON TGV,10,0.0
AIX EN PROVENCE TGV,AVIGNON TGV,11,0.0
AIX EN PROVENCE TGV,AVIGNON TGV,12,0.0
AIX EN PROVENCE TGV,AVIGNON TGV,13,0.0
AIX EN PROVENCE TGV,AVIGNON TGV,14,0.0
AIX EN PROVENCE TGV,AVIGNON TGV,15,0.0
AIX EN PROVENCE TGV,AVIGNON TGV,16,0.0
AIX EN PROVENCE TGV,AVIGNON TGV,17,0.0
AIX EN PROVENCE TGV,AVIGNON TGV,18,0.0
AIX EN PROVENCE TGV,AVIGNON TGV,19,0.0
AIX EN PROVENCE TGV,AVIGNON TGV,20,0.0
AIX EN PROVENCE TGV,AVIGNON TGV,21,0.0
AIX EN PROVENCE TGV,AVIGNON TGV,22,0.0
AIX EN PROVENCE TGV,AVIGNON TGV,23,0.0
AIX EN PROVENCE TGV,AVIGNON TGV,24,0.0
AIX EN PROVENCE TGV,AVIGNON TGV,25,0.0
AIX EN PROVENCE TGV,AVIGNON TGV,26,0.0
AIX EN PROVENCE TGV,AVIGNON TGV,27,0.0
AIX EN PROVENCE TGV,AVIGNON TGV,28,0.0
AIX EN PROVENCE TGV,AVIGNON TGV,29,0.0
AIX EN PROVENCE TGV,AVIGNON TGV,30,0.0
AIX EN PROVENCE TGV,BADEN BADEN,0,0.0010791366906474822
AIX EN PROVENCE TGV,BADEN BADEN,1,0.0
AIX EN PROVENCE TGV,BADEN BADEN,2,0.0010714285714285715
AIX EN PROVENCE TGV,BADEN BADEN,3,0.0014285714285714286
AIX EN PROVENCE TGV,BADEN BADEN,4,0.0006993006993006993
AIX EN PROVENCE TGV,BADEN BADEN,5,0.00035211267605633805
AIX EN PROVENCE TGV,BADEN BADEN,6,0.0017482517482517483
AIX EN PROVENCE TGV,BADEN BADEN,7,0.0
AIX EN PROVENCE TGV,BADEN BADEN,8,0.0
AIX EN PROVENCE TGV,BADEN BADEN,9,0.0
AIX EN PROVENCE TGV,BADEN BADEN,10,0.0
AIX EN PROVENCE TGV,BADEN BADEN,11,0.0
AIX EN PROVENCE TGV,BADEN BADEN,12,0.0
AIX EN PROVENCE TGV,BADEN BADEN,13,0.0
AIX EN PROVENCE TGV,BADEN BADEN,14,0.0
AIX EN PROVENCE TGV,BADEN BADEN,15,0.0
AIX EN PROVENCE TGV,BADEN BADEN,16,0.0
AIX EN PROVENCE TGV,BADEN BADEN,17,0.0
AIX EN PROVENCE TGV,BADEN BADEN,18,0.0
AIX EN PROVENCE TGV,BADEN BADEN,19,0.0
AIX EN PROVENCE TGV,BADEN BADEN,20,0.0
AIX EN PROVENCE TGV,BADEN BADEN,21,0.0
AIX EN PROVENCE TGV,BADEN BADEN,22,0.0
AIX EN PROVENCE TGV,BADEN BADEN,23,0.0
AIX EN PROVENCE TGV,BADEN BADEN,24,0.0
AIX EN PROVENCE TGV,BADEN BADEN,25,0.0
AIX EN PROVENCE TGV,BADEN BADEN,26,0.0
AIX EN PROVENCE TGV,BADEN BADEN,27,0.0
AIX EN PROVENCE TGV,BADEN BADEN,28,0.0
AIX EN PROVENCE TGV,BADEN BADEN,29,0.0
AIX EN PROVENCE TGV,BADEN BADEN,30,0.0
AIX EN PROVENCE TGV,BELFORT MONTBELIARD TGV,0,0.01079136690647482
AIX EN PROVENCE TGV,BELFORT MONTBELIARD TGV,1,0.002857142857142857
AIX EN PROVENCE TGV,BELFORT MONTBELIARD TGV,2,0.005714285714285714
AIX EN PROVENCE TGV,BELFORT MONTBELIARD TGV,3,0.0028571428571428567
AIX EN PROVENCE TGV,BELFORT MONTBELIARD TGV,4,0.0010489510489510492
AIX EN PROVENCE TGV,BELFORT MONTBELIARD TGV,5,0.007042253521126761
AIX EN PROVENCE TGV,BELFORT MONTBELIARD TGV,6,0.007692307692307693
AIX EN PROVENCE TGV,BELFORT MONTBELIARD TGV,7,0.0
AIX EN PROVENCE TGV,BELFORT MONTBELIARD TGV,8,0.0
AIX EN PROVENCE TGV,BELFORT MONTBELIARD TGV,9,0.0
AIX EN PROVENCE TGV,BELFORT MONTBELIARD TGV,10,0.0
AIX EN PROVENCE TGV,BELFORT MONTBELIARD TGV,11,0.0
AIX EN PROVENCE TGV,BELFORT MONTBELIARD TGV,12,0.0
AIX EN PROVENCE TGV,BELFORT MONTBELIARD TGV,13,0.0
AIX EN PROVENCE TGV,BELFORT MONTBELIARD TGV,14,0.0
AIX EN PROVENCE TGV,BELFORT MONTBELIARD TGV,15,0.0
AIX EN PROVENCE TGV,BELFORT MONTBELIARD TGV,16,0.0
AIX EN PROVENCE TGV,BELFORT MONTBELIARD TGV,17,0.0
AIX EN PROVENCE TGV,BELFORT MONTBELIARD TGV,18,0.0
AIX EN PROVENCE TGV,BELFORT MONTBELIARD TGV,19,0.0
AIX EN PROVENCE TGV,BELFORT MONTBELIARD TGV,20,0.0
AIX EN PROVENCE TGV,BELFORT MONTBELIARD TGV,21,0.0
AIX EN PROVENCE TGV,BELFORT MONTBELIARD TGV,22,0.0
AIX EN PROVENCE TGV,BELFORT MONTBELIARD TGV,23,0.0
AIX EN PROVENCE TGV,BELFORT MONTBELIARD TGV,24,0.0
AIX EN PROVENCE TGV,BELFORT MONTBELIARD TGV,25,0.0
AIX EN PROVENCE TGV,BELFORT MONTBELIARD TGV,26,0.0
AIX EN PROVENCE TGV,BELFORT MONTBELIARD TGV,27,0.0
AIX EN PROVENCE TGV,BELFORT MONTBELIARD TGV,28,0.0
AIX EN PROVENCE TGV,BELFORT MONTBELIARD TGV,29,0.0
AIX EN PROVENCE TGV,BELFORT MONTBELIARD TGV,30,0.0
AIX EN PROVENCE TGV,BESANCON FRANCHE COMTE TGV,0,0.00935251798561151
AIX EN PROVENCE TGV,BESANCON FRANCHE COMTE TGV,1,0.0025
AIX EN PROVENCE TGV,BESANCON FRANCHE COMTE TGV,2,0.004285714285714286
AIX EN PROVENCE TGV,BESANCON FRANCHE COMTE TGV,3,0.0025
AIX EN PROVENCE TGV,BESANCON FRANCHE COMTE TGV,4,0.0013986013986013986
AIX EN PROVENCE TGV,BESANCON FRANCHE COMTE TGV,5,0.005633802816901409
AIX EN PROVENCE TGV,BESANCON FRANCHE COMTE TGV,6,0.005944055944055945
AIX EN PROVENCE TGV,BESANCON FRANCHE COMTE TGV,7,0.00034722222222222224
AIX EN PROVENCE TGV,BESANCON FRANCHE COMTE TGV,8,0.0
AIX EN PROVENCE TGV,BESANCON FRANCHE COMTE TGV,9,0.0
AIX EN PROVENCE TGV,BESANCON FRANCHE COMTE TGV,10,0.0
AIX EN PROVENCE TGV,BESANCON FRANCHE COMTE TGV,11,0.0
AIX EN PROVENCE TGV,BESANCON FRANCHE COMTE TGV,12,0.0
AIX EN PROVENCE TGV,BESANCON FRANCHE COMTE TGV,13,0.0
AIX EN PROVENCE TGV,BESANCON FRANCHE COMTE TGV,14,0.0
AIX EN PROVENCE TGV,BESANCON FRANCHE COMTE TGV,15,0.0
AIX EN PROVENCE TGV,BESANCON FRANCHE COMTE TGV,16,0.0
AIX EN PROVENCE TGV,BESANCON FRANCHE COMTE TGV,17,0.0
AIX EN PROVENCE TGV,BESANCON FRANCHE COMTE TGV,18,0.0
AIX EN PROVENCE TGV,BESANCON FRANCHE COMTE TGV,19,0.0
AIX EN PROVENCE TGV,BESANCON FRANCHE COMTE TGV,20,0.0
AIX EN PROVENCE TGV,BESANCON FRANCHE COMTE TGV,21,0.0
AIX EN PROVENCE TGV,BESANCON FRANCHE COMTE TGV,22,0.0
AIX EN PROVENCE TGV,BESANCON FRANCHE COMTE TGV,23,0.0
AIX EN PROVENCE TGV,BESANCON FRANCHE COMTE TGV,24,0.0
AIX EN PROVENCE TGV,BESANCON FRANCHE COMTE TGV,25,0.0
AIX EN PROVENCE TGV,BESANCON FRANCHE COMTE TGV,26,0.0
AIX EN PROVENCE TGV,BESANCON FRANCHE COMTE TGV,27,0.0
AIX EN PROVENCE TGV,BESANCON FRANCHE COMTE TGV,28,0.0
AIX EN PROVENCE TGV,BESANCON FRANCHE COMTE TGV,29,0.0
AIX EN PROVENCE TGV,BESANCON FRANCHE COMTE TGV,30,0.0
AIX EN PROVENCE TGV,CHALON SUR SAONE,0,0.012043795620437957
AIX EN PROVENCE TGV,CHALON SUR SAONE,1,0.0014492753623188406
AIX EN PROVENCE TGV,CHALON SUR SAONE,2,0.0007246376811594203
AIX EN PROVENCE TGV,CHALON SUR SAONE,3,0.00036231884057971015
AIX EN PROVENCE TGV,CHALON SUR SAONE,4,0.0003546099290780142
AIX EN PROVENCE TGV,CHALON SUR SAONE,5,0.005714285714285714
AIX EN PROVENCE TGV,CHALON SUR SAONE,6,0.007446808510638298
AIX EN PROVENCE TGV,CHALON SUR SAONE,7,0.0
AIX EN PROVENCE TGV,CHALON SUR SAONE,8,0.0
AIX EN PROVENCE TGV,CHALON SUR SAONE,9,0.0
AIX EN PROVENCE TGV,CHALON SUR SAONE,10,0.0
AIX EN PROVENCE TGV,CHALON SUR SAONE,11,0.0
AIX EN PROVENCE TGV,CHALON SUR SAONE,12,0.0
AIX EN PROVENCE TGV,CHALON SUR SAONE,13,0.0
AIX EN PROVENCE TGV,CHALON SUR SAONE,14,0.0
AIX EN PROVENCE TGV,CHALON SUR SAONE,15,0.0
AIX EN PROVENCE TGV,CHALON SUR SAONE,16,0.0
AIX EN PROVENCE TGV,CHALON SUR SAONE,17,0.0
AIX EN PROVENCE TGV,CHALON SUR SAONE,18,0.0
AIX EN PROVENCE TGV,CHALON SUR SAONE,19,0.0
AIX EN PROVENCE TGV,CHALON SUR SAONE,20,0.0
AIX EN PROVENCE TGV,CHALON SUR SAONE,21,0.0
AIX EN PROVENCE TGV,CHALON SUR SAONE,22,0.0
AIX EN PROVENCE TGV,CHALON SUR SAONE,23,0.0
AIX EN PROVENCE TGV,CHALON SUR SAONE,24,0.0
AIX EN PROVENCE TGV,CHALON SUR SAONE,25,0.0
AIX EN PROVENCE TGV,CHALON SUR SAONE,26,0.0
AIX EN PROVENCE TGV,CHALON SUR SAONE,27,0.0
AIX EN PROVENCE TGV,CHALON SUR SAONE,28,0.0
AIX EN PROVENCE TGV,CHALON SUR SAONE,29,0.0
AIX EN PROVENCE TGV,CHALON SUR SAONE,30,0.0
AIX EN PROVENCE TGV,FRANKFURT AM MAIN HBF,0,0.00035971223021582735
AIX EN PROVENCE TGV,FRANKFURT AM MAIN HBF,1,0.00035714285714285714
AIX EN PROVENCE TGV,FRANKFURT AM MAIN HBF,2,0.0
AIX EN PROVENCE TGV,FRANKFURT AM MAIN HBF,3,0.0
AIX EN PROVENCE TGV,FRANKFURT AM MAIN HBF,4,0.0
AIX EN PROVENCE TGV,FRANKFURT AM MAIN HBF,5,0.0
AIX EN PROVENCE TGV,FRANKFURT AM MAIN HBF,6,0.0
AIX EN PROVENCE TGV,FRANKFURT AM MAIN HBF,7,0.0
AIX EN PROVENCE TGV,FRANKFURT AM MAIN HBF,8,0.0
AIX EN PROVENCE TGV,FRANKFURT AM MAIN HBF,9,0.0
AIX EN PROVENCE TGV,FRANKFURT AM MAIN HBF,10,0.0
AIX EN PROVENCE TGV,FRANKFURT AM MAIN HBF,11,0.0
AIX EN PROVENCE TGV,FRANKFURT AM MAIN HBF,12,0.0
AIX EN PROVENCE TGV,FRANKFURT AM MAIN HBF,13,0.0
AIX EN PROVENCE TGV,FRANKFURT AM MAIN HBF,14,0.0
AIX EN PROVENCE TGV,FRANKFURT AM MAIN HBF,15,0.0
AIX EN PROVENCE TGV,FRANKFURT AM MAIN HBF,16,0.0
AIX EN PROVENCE TGV,FRANKFURT AM MAIN HBF,17,0.0
AIX EN PROVENCE TGV,FRANKFURT AM MAIN HBF,18,0.0
AIX EN PROVENCE TGV,FRANKFURT AM MAIN HBF,19,0.0
AIX EN PROVENCE TGV,FRANKFURT AM MAIN HBF,20,0.0
AIX EN PROVENCE TGV,FRANKFURT AM MAIN HBF,21,0.0
AIX EN PROVENCE TGV,FRANKFURT AM MAIN HBF,22,0.0
AIX EN PROVENCE TGV,FRANKFURT AM MAIN HBF,23,0.0
AIX EN PROVENCE TGV,FRANKFURT AM MAIN HBF,24,0.0
AIX EN PROVENCE TGV,FRANKFURT AM MAIN HBF,25,0.0
AIX EN PROVENCE TGV,FRANKFURT AM MAIN HBF,26,0.0
AIX EN PROVENCE TGV,FRANKFURT AM MAIN HBF,27,0.0
AIX EN PROVENCE TGV,FRANKFURT AM MAIN HBF,28,0.0
AIX EN PROVENCE TGV,FRANKFURT AM MAIN HBF,29,0.0
AIX EN PROVENCE TGV,FRANKFURT AM MAIN HBF,30,0.0
AIX EN PROVENCE TGV,KARLSRUHE HBF,0,0.0010791366906474822
AIX EN PROVENCE TGV,KARLSRUHE HBF,1,0.0007142857142857143
AIX EN PROVENCE TGV,KARLSRUHE HBF,2,0.0007142857142857143
AIX EN PROVENCE TGV,KARLSRUHE HBF,3,0.00035714285714285714
AIX EN PROVENCE TGV,KARLSRUHE HBF,4,0.0006993006993006993
AIX EN PROVENCE TGV,KARLSRUHE HBF,5,0.0010563380281690142
AIX EN PROVENCE TGV,KARLSRUHE HBF,6,0.0017482517482517483
AIX EN PROVENCE TGV,KARLSRUHE HBF,7,0.0
AIX EN PROVENCE TGV,KARLSRUHE HBF,8,0.0
AIX EN PROVENCE TGV,KARLSRUHE HBF,9,0.0
AIX EN PROVENCE TGV,KARLSRUHE HBF,10,0.0
AIX EN PROVENCE TGV,KARLSRUHE HBF,11,0.0
AIX EN PROVENCE TGV,KARLSRUHE HBF,12,0.0
AIX EN PROVENCE TGV,KARLSRUHE HBF,13,0.0
AIX EN PROVENCE TGV,KARLSRUHE HBF,14,0.0
AIX EN PROVENCE TGV,KARLSRUHE HBF,15,0.0
AIX EN PROVENCE TGV,KARLSRUHE HBF,16,0.0
AIX EN PROVENCE TGV,KARLSRUHE HBF,17,0.0
AIX EN PROVENCE TGV,KARLSRUHE HBF,18,0.0
AIX EN PROVENCE TGV,KARLSRUHE HBF,19,0.0
AIX EN PROVENCE TGV,KARLSRUHE HBF,20,0.0
AIX EN PROVENCE TGV,KARLSRUHE HBF,21,0.0
AIX EN PROVENCE TGV,KARLSRUHE HBF,22,0.0
AIX EN PROVENCE TGV,KARLSRUHE HBF,23,0.0
AIX EN PROVENCE TGV,KARLSRUHE HBF,24,0.0
AIX EN PROVENCE TGV,KARLSRUHE HBF,25,0.0
AIX EN PROVENCE TGV,KARLSRUHE HBF,26,0.0
AIX EN PROVENCE TGV,KARLSRUHE HBF,27,0.0
AIX EN PROVENCE TGV,KARLSRUHE HBF,28,0.0
AIX EN PROVENCE TGV,KARLSRUHE HBF,29,0.0
AIX EN PROVENCE TGV,KARLSRUHE HBF,30,0.0
AIX EN PROVENCE TGV,LYON (intramuros),0,0.5104316546762591
AIX EN PROVENCE TGV,LYON (intramuros),1,0.5064285714285715
AIX EN PROVENCE TGV,LYON (intramuros),2,0.5121428571428571
AIX EN PROVENCE TGV,LYON (intramuros),3,0.5399999999999999
AIX EN PROVENCE TGV,LYON (intramuros),4,0.35244755244755244
AIX EN PROVENCE TGV,LYON (intramuros),5,0.35000000000000003
AIX EN PROVENCE TGV,LYON (intramuros),6,0.3520979020979021
AIX EN PROVENCE TGV,LYON (intramuros),7,0.013888888888888888
AIX EN PROVENCE TGV,LYON (intramuros),8,0.0010563380281690142
AIX EN PROVENCE TGV,LYON (intramuros),9,0.00034965034965034965
AIX EN PROVENCE TGV,LYON (intramuros),10,0.0
AIX EN PROVENCE TGV,LYON (intramuros),11,0.0
AIX EN PROVENCE TGV,LYON (intramuros),12,0.0
AIX EN PROVENCE TGV,LYON (intramuros),13,0.0
AIX EN PROVENCE TGV,LYON (intramuros),14,0.0
AIX EN PROVENCE TGV,LYON (intramuros),15,0.0
AIX EN PROVENCE TGV,LYON (intramuros),16,0.0
AIX EN PROVENCE TGV,LYON (intramuros),17,0.0
AIX EN PROVENCE TGV,LYON (intramuros),18,0.0
AIX EN PROVENCE TGV,LYON (intramuros),19,0.0
AIX EN PROVENCE TGV,LYON (intramuros),20,0.0
AIX EN PROVENCE TGV,LYON (intramuros),21,0.0
AIX EN PROVENCE TGV,LYON (intramuros),22,0.0
AIX EN PROVENCE TGV,LYON (intramuros),23,0.0
AIX EN PROVENCE TGV,LYON (intramuros),24,0.0
AIX EN PROVENCE TGV,LYON (intramuros),25,0.0
AIX EN PROVENCE TGV,LYON (intramuros),26,0.0
AIX EN PROVENCE TGV,LYON (intramuros),27,0.0
AIX EN PROVENCE TGV,LYON (intramuros),28,0.0
AIX EN PROVENCE TGV,LYON (intramuros),29,0.0
AIX EN PROVENCE TGV,LYON (intramuros),30,0.0
AIX EN PROVENCE TGV,MANNHEIM HBF,0,0.0
AIX EN PROVENCE TGV,MANNHEIM HBF,1,0.0
AIX EN PROVENCE TGV,MANNHEIM HBF,2,0.00035714285714285714
AIX EN PROVENCE TGV,MANNHEIM HBF,3,0.0
AIX EN PROVENCE TGV,MANNHEIM HBF,4,0.00034965034965034965
AIX EN PROVENCE TGV,MANNHEIM HBF,5,0.0010563380281690142
AIX EN PROVENCE TGV,MANNHEIM HBF,6,0.0006993006993006993
AIX EN PROVENCE TGV,MANNHEIM HBF,7,0.0
AIX EN PROVENCE TGV,MANNHEIM HBF,8,0.0
AIX EN PROVENCE TGV,MANNHEIM HBF,9,0.0
AIX EN PROVENCE TGV,MANNHEIM HBF,10,0.0
AIX EN PROVENCE TGV,MANNHEIM HBF,11,0.0
AIX EN PROVENCE TGV,MANNHEIM HBF,12,0.0
AIX EN PROVENCE TGV,MANNHEIM HBF,13,0.0
AIX EN PROVENCE TGV,MANNHEIM HBF,14,0.0
AIX EN PROVENCE TGV,MANNHEIM HBF,15,0.0
AIX EN PROVENCE TGV,MANNHEIM HBF,16,0.0
AIX EN PROVENCE TGV,MANNHEIM HBF,17,0.0
AIX EN PROVENCE TGV,MANNHEIM HBF,18,0.0
AIX EN PROVENCE TGV,MANNHEIM HBF,19,0.0
AIX EN PROVENCE TGV,MANNHEIM HBF,20,0.0
AIX EN PROVENCE TGV,MANNHEIM HBF,21,0.0
AIX EN PROVENCE TGV,MANNHEIM HBF,22,0.0
AIX EN PROVENCE TGV,MANNHEIM HBF,23,0.0
AIX EN PROVENCE TGV,MANNHEIM HBF,24,0.0
AIX EN PROVENCE TGV,MANNHEIM HBF,25,0.0
AIX EN PROVENCE TGV,MANNHEIM HBF,26,0.0
AIX EN PROVENCE TGV,MANNHEIM HBF,27,0.0
AIX EN PROVENCE TGV,MANNHEIM HBF,28,0.0
AIX EN PROVENCE TGV,MANNHEIM HBF,29,0.0
AIX EN PROVENCE TGV,MANNHEIM HBF,30,0.0
AIX EN PROVENCE TGV,MULHOUSE VILLE,0,0.01223021582733813
AIX EN PROVENCE TGV,MULHOUSE VILLE,1,0.0035714285714285713
AIX EN PROVENCE TGV,MULHOUSE VILLE,2,0.005357142857142858
AIX EN PROVENCE TGV,MULHOUSE VILLE,3,0.0017857142857142857
AIX EN PROVENCE TGV,MULHOUSE VILLE,4,0.0010489510489510492
AIX EN PROVENCE TGV,MULHOUSE VILLE,5,0.006338028169014085
AIX EN PROVENCE TGV,MULHOUSE VILLE,6,0.006293706293706294
AIX EN PROVENCE TGV,MULHOUSE VILLE,7,0.0
AIX EN PROVENCE TGV,MULHOUSE VILLE,8,0.0
AIX EN PROVENCE TGV,MULHOUSE VILLE,9,0.0
AIX EN PROVENCE TGV,MULHOUSE VILLE,10,0.0
AIX EN PROVENCE TGV,MULHOUSE VILLE,11,0.0
AIX EN PROVENCE TGV,MULHOUSE VILLE,12,0.0
AIX EN PROVENCE TGV,MULHOUSE VILLE,13,0.0
AIX EN PROVENCE TGV,MULHOUSE VILLE,14,0.0
AIX EN PROVENCE TGV,MULHOUSE VILLE,15,0.0
AIX EN PROVENCE TGV,MULHOUSE VILLE,16,0.0
AIX EN PROVENCE TGV,MULHOUSE VILLE,17,0.0
AIX EN PROVENCE TGV,MULHOUSE VILLE,18,0.0
AIX EN PROVENCE TGV,MULHOUSE VILLE,19,0.0
AIX EN PROVENCE TGV,MULHOUSE VILLE,20,0.0
AIX EN PROVENCE TGV,MULHOUSE VILLE,21,0.0
AIX EN PROVENCE TGV,MULHOUSE VILLE,22,0.0
AIX EN PROVENCE TGV,MULHOUSE VILLE,23,0.0
AIX EN PROVENCE TGV,MULHOUSE VILLE,24,0.0
AIX EN PROVENCE TGV,MULHOUSE VILLE,25,0.0
AIX EN PROVENCE TGV,MULHOUSE VILLE,26,0.0
AIX EN PROVENCE TGV,MULHOUSE VILLE,27,0.0
AIX EN PROVENCE TGV,MULHOUSE VILLE,28,0.0
AIX EN PROVENCE TGV,MULHOUSE VILLE,29,0.0
AIX EN PROVENCE TGV,MULHOUSE VILLE,30,0.0
AIX EN PROVENCE TGV,STRASBOURG,0,0.012589928057553957
AIX EN PROVENCE TGV,STRASBOURG,1,0.0032142857142857142
AIX EN PROVENCE TGV,STRASBOURG,2,0.006071428571428571
AIX EN PROVENCE TGV,STRASBOURG,3,0.0014285714285714286
AIX EN PROVENCE TGV,STRASBOURG,4,0.0006993006993006993
AIX EN PROVENCE TGV,STRASBOURG,5,0.003873239436619719
AIX EN PROVENCE TGV,STRASBOURG,6,0.004895104895104895
AIX EN PROVENCE TGV,STRASBOURG,7,0.0006944444444444445
AIX EN PROVENCE TGV,STRASBOURG,8,0.0
AIX EN PROVENCE TGV,STRASBOURG,9,0.00034965034965034965
AIX EN PROVENCE TGV,STRASBOURG,10,0.0
AIX EN PROVENCE TGV,STRASBOURG,11,0.0
AIX EN PROVENCE TGV,STRASBOURG,12,0.0
AIX EN PROVENCE TGV,STRASBOURG,13,0.0
AIX EN PROVENCE TGV,STRASBOURG,14,0.0
AIX EN PROVENCE TGV,STRASBOURG,15,0.0
AIX EN PROVENCE TGV,STRASBOURG,16,0.0
AIX EN PROVENCE TGV,STRASBOURG,17,0.0
AIX EN PROVENCE TGV,STRASBOURG,18,0.0
AIX EN PROVENCE TGV,STRASBOURG,19,0.0
AIX EN PROVENCE TGV,STRASBOURG,20,0.0
AIX EN PROVENCE TGV,STRASBOURG,21,0.0
AIX EN PROVENCE TGV,STRASBOURG,22,0.0
AIX EN PROVENCE TGV,STRASBOURG,23,0.0
AIX EN PROVENCE TGV,STRASBOURG,24,0.0
AIX EN PROVENCE TGV,STRASBOURG,25,0.0
AIX EN PROVENCE TGV,STRASBOURG,26,0.0
AIX EN PROVENCE TGV,STRASBOURG,27,0.0
AIX EN PROVENCE TGV,STRASBOURG,28,0.0
AIX EN PROVENCE TGV,STRASBOURG,29,0.0
AIX EN PROVENCE TGV,STRASBOURG,30,0.0
AVIGNON TGV,BADEN BADEN,0,0.0007194244604316547
AVIGNON TGV,BADEN BADEN,1,0.0
AVIGNON TGV,BADEN BADEN,2,0.00035714285714285714
AVIGNON TGV,BADEN BADEN,3,0.0
AVIGNON TGV,BADEN BADEN,4,0.0
AVIGNON TGV,BADEN BADEN,5,0.0
AVIGNON TGV,BADEN BADEN,6,0.0
AVIGNON TGV,BADEN BADEN,7,0.0
AVIGNON TGV,BADEN BADEN,8,0.0
AVIGNON TGV,BADEN BADEN,9,0.0
AVIGNON TGV,BADEN BADEN,10,0.0
AVIGNON TGV,BADEN BADEN,11,0.0
AVIGNON TGV,BADEN BADEN,12,0.0
AVIGNON TGV,BADEN BADEN,13,0.0
AVIGNON TGV,BADEN BADEN,14,0.0
AVIGNON TGV,BADEN BADEN,15,0.0
AVIGNON TGV,BADEN BADEN,16,0.0
AVIGNON TGV,BADEN BADEN,17,0.0
AVIGNON TGV,BADEN BADEN,18,0.0
AVIGNON TGV,BADEN BADEN,19,0.0
AVIGNON TGV,BADEN BADEN,20,0.0
AVIGNON TGV,BADEN BADEN,21,0.0
AVIGNON TGV,BADEN BADEN,22,0.0
AVIGNON TGV,BADEN BADEN,23,0.0
AVIGNON TGV,BADEN BADEN,24,0.0
AVIGNON TGV,BADEN BADEN,25,0.0
AVIGNON TGV,BADEN BADEN,26,0.0
AVIGNON TGV,BADEN BADEN,27,0.0
AVIGNON TGV,BADEN BADEN,28,0.0
AVIGNON TGV,BADEN BADEN,29,0.0
AVIGNON TGV,BADEN BADEN,30,0.0
AVIGNON TGV,BELFORT MONTBELIARD TGV,0,0.013309352517985613
AVIGNON TGV,BELFORT MONTBELIARD TGV,1,0.002142857142857143
AVIGNON TGV,BELFORT MONTBELIARD TGV,2,0.0035714285714285713
AVIGNON TGV,BELFORT MONTBELIARD TGV,3,0.00035714285714285714
AVIGNON TGV,BELFORT MONTBELIARD TGV,4,0.0006993006993006993
AVIGNON TGV,BELFORT MONTBELIARD TGV,5,0.005633802816901409
AVIGNON TGV,BELFORT MONTBELIARD TGV,6,0.006293706293706294
AVIGNON TGV,BELFORT MONTBELIARD TGV,7,0.0006944444444444445
AVIGNON TGV,BELFORT MONTBELIARD TGV,8,0.0
AVIGNON TGV,BELFORT MONTBELIARD TGV,9,0.0
AVIGNON TGV,BELFORT MONTBELIARD TGV,10,0.0
AVIGNON TGV,BELFORT MONTBELIARD TGV,11,0.0
AVIGNON TGV,BELFORT MONTBELIARD TGV,12,0.0
AVIGNON TGV,BELFORT MONTBELIARD TGV,13,0.0
AVIGNON TGV,BELFORT MONTBELIARD TGV,14,0.0
AVIGNON TGV,BELFORT MONTBELIARD TGV,15,0.0
AVIGNON TGV,BELFORT MONTBELIARD TGV,16,0.0
AVIGNON TGV,BELFORT MONTBELIARD TGV,17,0.0
AVIGNON TGV,BELFORT MONTBELIARD TGV,18,0.0
AVIGNON TGV,BELFORT MONTBELIARD TGV,19,0.0
AVIGNON TGV,BELFORT MONTBELIARD TGV,20,0.0
AVIGNON TGV,BELFORT MONTBELIARD TGV,21,0.0
AVIGNON TGV,BELFORT MONTBELIARD TGV,22,0.0
AVIGNON TGV,BELFORT MONTBELIARD TGV,23,0.0
AVIGNON TGV,BELFORT MONTBELIARD TGV,24,0.0
AVIGNON TGV,BELFORT MONTBELIARD TGV,25,0.0
AVIGNON TGV,BELFORT MONTBELIARD TGV,26,0.0
AVIGNON TGV,BELFORT MONTBELIARD TGV,27,0.0
AVIGNON TGV,BELFORT MONTBELIARD TGV,28,0.0
AVIGNON TGV,BELFORT MONTBELIARD TGV,29,0.0
AVIGNON TGV,BELFORT MONTBELIARD TGV,30,0.0
AVIGNON TGV,BESANCON FRANCHE COMTE TGV,0,0.012589928057553957
AVIGNON TGV,BESANCON FRANCHE COMTE TGV,1,0.0025
AVIGNON TGV,BESANCON FRANCHE COMTE TGV,2,0.005714285714285714
AVIGNON TGV,BESANCON FRANCHE COMTE TGV,3,0.0025
AVIGNON TGV,BESANCON FRANCHE COMTE TGV,4,0.0013986013986013986
AVIGNON TGV,BESANCON FRANCHE COMTE TGV,5,0.005985915492957747
AVIGNON TGV,BESANCON FRANCHE COMTE TGV,6,0.006293706293706294
AVIGNON TGV,BESANCON FRANCHE COMTE TGV,7,0.0006944444444444445
AVIGNON TGV,BESANCON FRANCHE COMTE TGV,8,0.0
AVIGNON TGV,BESANCON FRANCHE COMTE TGV,9,0.0
AVIGNON TGV,BESANCON FRANCHE COMTE TGV,10,0.0
AVIGNON TGV,BESANCON FRANCHE COMTE TGV,11,0.0
AVIGNON TGV,BESANCON FRANCHE COMTE TGV,12,0.0
AVIGNON TGV,BESANCON FRANCHE COMTE TGV,13,0.0
AVIGNON TGV,BESANCON FRANCHE COMTE TGV,14,0.0
AVIGNON TGV,BESANCON FRANCHE COMTE TGV,15,0.0
AVIGNON TGV,BESANCON FRANCHE COMTE TGV,16,0.0
AVIGNON TGV,BESANCON FRANCHE COMTE TGV,17,0.0
AVIGNON TGV,BESANCON FRANCHE COMTE TGV,18,0.0
AVIGNON TGV,BESANCON FRANCHE COMTE TGV,19,0.0
AVIGNON TGV,BESANCON FRANCHE COMTE TGV,20,0.0
AVIGNON TGV,BESANCON FRANCHE COMTE TGV,21,0.0
AVIGNON TGV,BESANCON FRANCHE COMTE TGV,22,0.0
AVIGNON TGV,BESANCON FRANCHE COMTE TGV,23,0.0
AVIGNON TGV,BESANCON FRANCHE COMTE TGV,24,0.0
AVIGNON TGV,BESANCON FRANCHE COMTE TGV,25,0.0
AVIGNON TGV,BESANCON FRANCHE COMTE TGV,26,0.0
AVIGNON TGV,BESANCON FRANCHE COMTE TGV,27,0.0
AVIGNON TGV,BESANCON FRANCHE COMTE TGV,28,0.0
AVIGNON TGV,BESANCON FRANCHE COMTE TGV,29,0.0
AVIGNON TGV,BESANCON FRANCHE COMTE TGV,30,0.0
AVIGNON TGV,CHALON SUR SAONE,0,0.010583941605839416
AVIGNON TGV,CHALON SUR SAONE,1,0.0025362318840579713
AVIGNON TGV,CHALON SUR SAONE,2,0.0007246376811594203
AVIGNON TGV,CHALON SUR SAONE,3,0.00036231884057971015
AVIGNON TGV,CHALON SUR SAONE,4,0.0007092198581560284
AVIGNON TGV,CHALON SUR SAONE,5,0.006071428571428571
AVIGNON TGV,CHALON SUR SAONE,6,0.0070921985815602835
AVIGNON TGV,CHALON SUR SAONE,7,0.001056338028169014
AVIGNON TGV,CHALON SUR SAONE,8,0.0
AVIGNON TGV,CHALON SUR SAONE,9,0.0003546099290780142
AVIGNON TGV,CHALON SUR SAONE,10,0.0
AVIGNON TGV,CHALON SUR SAONE,11,0.0
AVIGNON TGV,CHALON SUR SAONE,12,0.0
AVIGNON TGV,CHALON SUR SAONE,13,0.0
AVIGNON TGV,CHALON SUR SAONE,14,0.0
AVIGNON TGV,CHALON SUR SAONE,15,0.0
AVIGNON TGV,CHALON SUR SAONE,16,0.0
AVIGNON TGV,CHALON SUR SAONE,17,0.0
AVIGNON TGV,CHALON SUR SAONE,18,0.0
AVIGNON TGV,CHALON SUR SAONE,19,0.0
AVIGNON TGV,CHALON SUR SAONE,20,0.0
AVIGNON TGV,CHALON SUR SAONE,21,0.0
AVIGNON TGV,CHALON SUR SAONE,22,0.0
AVIGNON TGV,CHALON SUR SAONE,23,0.0
AVIGNON TGV,CHALON SUR SAONE,24,0.0
AVIGNON TGV,CHALON SUR SAONE,25,0.0
AVIGNON TGV,CHALON SUR SAONE,26,0.0
AVIGNON TGV,CHALON SUR SAONE,27,0.0
AVIGNON TGV,CHALON SUR SAONE,28,0.0
AVIGNON TGV,CHALON SUR SAONE,29,0.0
AVIGNON TGV,CHALON SUR SAONE,30,0.0
AVIGNON TGV,FRANKFURT AM MAIN HBF,0,0.0
AVIGNON TGV,FRANKFURT AM MAIN HBF,1,0.00035714285714285714
AVIGNON TGV,FRANKFURT AM MAIN HBF,2,0.0007142857142857143
AVIGNON TGV,FRANKFURT AM MAIN HBF,3,0.00035714285714285714
AVIGNON TGV,FRANKFURT AM MAIN HBF,4,0.00034965034965034965
AVIGNON TGV,FRANKFURT AM MAIN HBF,5,0.0
AVIGNON TGV,FRANKFURT AM MAIN HBF,6,0.00034965034965034965
AVIGNON TGV,FRANKFURT AM MAIN HBF,7,0.0
AVIGNON TGV,FRANKFURT AM MAIN HBF,8,0.0
AVIGNON TGV,FRANKFURT AM MAIN HBF,9,0.0
AVIGNON TGV,FRANKFURT AM MAIN HBF,10,0.0
AVIGNON TGV,FRANKFURT AM MAIN HBF,11,0.0
AVIGNON TGV,FRANKFURT AM MAIN HBF,12,0.0
AVIGNON TGV,FRANKFURT AM MAIN HBF,13,0.0
AVIGNON TGV,FRANKFURT AM MAIN HBF,14,0.0
AVIGNON TGV,FRANKFURT AM MAIN HBF,15,0.0
AVIGNON TGV,FRANKFURT AM MAIN HBF,16,0.0
AVIGNON TGV,FRANKFURT AM MAIN HBF,17,0.0
AVIGNON TGV,FRANKFURT AM MAIN HBF,18,0.0
AVIGNON TGV,FRANKFURT AM MAIN HBF,19,0.0
AVIGNON TGV,FRANKFURT AM MAIN HBF,20,0.0
AVIGNON TGV,FRANKFURT AM MAIN HBF,21,0.0
AVIGNON TGV,FRANKFURT AM MAIN HBF,22,0.0
AVIGNON TGV,FRANKFURT AM MAIN HBF,23,0.0
AVIGNON TGV,FRANKFURT AM MAIN HBF,24,0.0
AVIGNON TGV,FRANKFURT AM MAIN HBF,25,0.0
AVIGNON TGV,FRANKFURT AM MAIN HBF,26,0.0
AVIGNON TGV,FRANKFURT AM MAIN HBF,27,0.0
AVIGNON TGV,FRANKFURT AM MAIN HBF,28,0.0
AVIGNON TGV,FRANKFURT AM MAIN HBF,29,0.0
AVIGNON TGV,FRANKFURT AM MAIN HBF,30,0.0
AVIGNON TGV,KARLSRUHE HBF,0,0.0
AVIGNON TGV,KARLSRUHE HBF,1,0.0
AVIGNON TGV,KARLSRUHE HBF,2,0.0
AVIGNON TGV,KARLSRUHE HBF,3,0.00035714285714285714
AVIGNON TGV,KARLSRUHE HBF,4,0.00034965034965034965
AVIGNON TGV,KARLSRUHE HBF,5,0.0
AVIGNON TGV,KARLSRUHE HBF,6,0.0006993006993006993
AVIGNON TGV,KARLSRUHE HBF,7,0.0
AVIGNON TGV,KARLSRUHE HBF,8,0.0
AVIGNON TGV,KARLSRUHE HBF,9,0.0
AVIGNON TGV,KARLSRUHE HBF,10,0.0
AVIGNON TGV,KARLSRUHE HBF,11,0.0
AVIGNON TGV,KARLSRUHE HBF,12,0.0
AVIGNON TGV,KARLSRUHE HBF,13,0.0
AVIGNON TGV,KARLSRUHE HBF,14,0.0
AVIGNON TGV,KARLSRUHE HBF,15,0.0
AVIGNON TGV,KARLSRUHE HBF,16,0.0
AVIGNON TGV,KARLSRUHE HBF,17,0.0
AVIGNON TGV,KARLSRUHE HBF,18,0.0
AVIGNON TGV,KARLSRUHE HBF,19,0.0
AVIGNON TGV,KARLSRUHE HBF,20,0.0
AVIGNON TGV,KARLSRUHE HBF,21,0.0
AVIGNON TGV,KARLSRUHE HBF,22,0.0
AVIGNON TGV,KARLSRUHE HBF,23,0.0
AVIGNON TGV,KARLSRUHE HBF,24,0.0
AVIGNON TGV,KARLSRUHE HBF,25,0.0
AVIGNON TGV,KARLSRUHE HBF,26,0.0
AVIGNON TGV,KARLSRUHE HBF,27,0.0
AVIGNON TGV,KARLSRUHE HBF,28,0.0
AVIGNON TGV,KARLSRUHE HBF,29,0.0
AVIGNON TGV,KARLSRUHE HBF,30,0.0
AVIGNON TGV,LYON (intramuros),0,0.5053956834532374
AVIGNON TGV,LYON (intramuros),1,0.5064285714285715
AVIGNON TGV,LYON (intramuros),2,0.5153571428571428
AVIGNON TGV,LYON (intramuros),3,0.5417857142857142
AVIGNON TGV,LYON (intramuros),4,0.3555944055944056
AVIGNON TGV,LYON (intramuros),5,0.3566901408450704
AVIGNON TGV,LYON (intramuros),6,0.34930069930069935
AVIGNON TGV,LYON (intramuros),7,0.016666666666666666
AVIGNON TGV,LYON (intramuros),8,0.0024647887323943664
AVIGNON TGV,LYON (intramuros),9,0.00034965034965034965
AVIGNON TGV,LYON (intramuros),10,0.0
AVIGNON TGV,LYON (intramuros),11,0.0
AVIGNON TGV,LYON (intramuros),12,0.0
AVIGNON TGV,LYON (intramuros),13,0.0
AVIGNON TGV,LYON (intramuros),14,0.0
AVIGNON TGV,LYON (intramuros),15,0.0
AVIGNON TGV,LYON (intramuros),16,0.0
AVIGNON TGV,LYON (intramuros),17,0.0
AVIGNON TGV,LYON (intramuros),18,0.0
AVIGNON TGV,LYON (intramuros),19,0.0
AVIGNON TGV,LYON (intramuros),20,0.0
AVIGNON TGV,LYON (intramuros),21,0.0
AVIGNON TGV,LYON (intramuros),22,0.0
AVIGNON TGV,LYON (intramuros),23,0.0
AVIGNON TGV,LYON (intramuros),24,0.0
AVIGNON TGV,LYON (intramuros),25,0.0
AVIGNON TGV,LYON (intramuros),26,0.0
AVIGNON TGV,LYON (intramuros),27,0.0
AVIGNON TGV,LYON (intramuros),28,0.0
AVIGNON TGV,LYON (intramuros),29,0.0
AVIGNON TGV,LYON (intramuros),30,0.0
AVIGNON TGV,MANNHEIM HBF,0,0.00035971223021582735
AVIGNON TGV,MANNHEIM HBF,1,0.0
AVIGNON TGV,MANNHEIM HBF,2,0.00035714285714285714
AVIGNON TGV,MANNHEIM HBF,3,0.0
AVIGNON TGV,MANNHEIM HBF,4,0.00034965034965034965
AVIGNON TGV,MANNHEIM HBF,5,0.0
AVIGNON TGV,MANNHEIM HBF,6,0.0
AVIGNON TGV,MANNHEIM HBF,7,0.0
AVIGNON TGV,MANNHEIM HBF,8,0.0
AVIGNON TGV,MANNHEIM HBF,9,0.0
AVIGNON TGV,MANNHEIM HBF,10,0.0
AVIGNON TGV,MANNHEIM HBF,11,0.0
AVIGNON TGV,MANNHEIM HBF,12,0.0
AVIGNON TGV,MANNHEIM HBF,13,0.0
AVIGNON TGV,MANNHEIM HBF,14,0.0
AVIGNON TGV,MANNHEIM HBF,15,0.0
AVIGNON TGV,MANNHEIM HBF,16,0.0
AVIGNON TGV,MANNHEIM HBF,17,0.0
AVIGNON TGV,MANNHEIM HBF,18,0.0
AVIGNON TGV,MANNHEIM HBF,19,0.0
AVIGNON TGV,MANNHEIM HBF,20,0.0
AVIGNON TGV,MANNHEIM HBF,21,0.0
AVIGNON TGV,MANNHEIM HBF,22,0.0
AVIGNON TGV,MANNHEIM HBF,23,0.0
AVIGNON TGV,MANNHEIM HBF,24,0.0
AVIGNON TGV,MANNHEIM HBF,25,0.0
AVIGNON TGV,MANNHEIM HBF,26,0.0
AVIGNON TGV,MANNHEIM HBF,27,0.0
AVIGNON TGV,MANNHEIM HBF,28,0.0
AVIGNON TGV,MANNHEIM HBF,29,0.0
AVIGNON TGV,MANNHEIM HBF,30,0.0
AVIGNON TGV,MULHOUSE VILLE,0,0.010431654676258994
AVIGNON TGV,MULHOUSE VILLE,1,0.003214285714285714
AVIGNON TGV,MULHOUSE VILLE,2,0.004642857142857143
AVIGNON TGV,MULHOUSE VILLE,3,0.0014285714285714286
AVIGNON TGV,MULHOUSE VILLE,4,0.00034965034965034965
AVIGNON TGV,MULHOUSE VILLE,5,0.006338028169014085
AVIGNON TGV,MULHOUSE VILLE,6,0.006293706293706294
AVIGNON TGV,MULHOUSE VILLE,7,0.0006944444444444445
AVIGNON TGV,MULHOUSE VILLE,8,0.0
AVIGNON TGV,MULHOUSE VILLE,9,0.0
AVIGNON TGV,MULHOUSE VILLE,10,0.0
AVIGNON TGV,MULHOUSE VILLE,11,0.0
AVIGNON TGV,MULHOUSE VILLE,12,0.0
AVIGNON TGV,MULHOUSE VILLE,13,0.0
AVIGNON TGV,MULHOUSE VILLE,14,0.0
AVIGNON TGV,MULHOUSE VILLE,15,0.0
AVIGNON TGV,MULHOUSE VILLE,16,0.0
AVIGNON TGV,MULHOUSE VILLE,17,0.0
AVIGNON TGV,MULHOUSE VILLE,18,0.0
AVIGNON TGV,MULHOUSE VILLE,19,0.0
AVIGNON TGV,MULHOUSE VILLE,20,0.0
AVIGNON TGV,MULHOUSE VILLE,21,0.0
AVIGNON TGV,MULHOUSE VILLE,22,0.0
AVIGNON TGV,MULHOUSE VILLE,23,0.0
AVIGNON TGV,MULHOUSE VILLE,24,0.0
AVIGNON TGV,MULHOUSE VILLE,25,0.0
AVIGNON TGV,MULHOUSE VILLE,26,0.0
AVIGNON TGV,MULHOUSE VILLE,27,0.0
AVIGNON TGV,MULHOUSE VILLE,28,0.0
AVIGNON TGV,MULHOUSE VILLE,29,0.0
AVIGNON TGV,MULHOUSE VILLE,30,0.0
AVIGNON TGV,STRASBOURG,0,0.012949640287769784
AVIGNON TGV,STRASBOURG,1,0.002142857142857143
AVIGNON TGV,STRASBOURG,2,0.005
AVIGNON TGV,STRASBOURG,3,0.002857142857142857
AVIGNON TGV,STRASBOURG,4,0.0017482517482517483
AVIGNON TGV,STRASBOURG,5,0.007042253521126761
AVIGNON TGV,STRASBOURG,6,0.006993006993006993
AVIGNON TGV,STRASBOURG,7,0.0
AVIGNON TGV,STRASBOURG,8,0.0
AVIGNON TGV,STRASBOURG,9,0.0
AVIGNON TGV,STRASBOURG,10,0.0
AVIGNON TGV,STRASBOURG,11,0.0
AVIGNON TGV,STRASBOURG,12,0.0
AVIGNON TGV,STRASBOURG,13,0.0
AVIGNON TGV,STRASBOURG,14,0.0
AVIGNON TGV,STRASBOURG,15,0.0
AVIGNON TGV,STRASBOURG,16,0.0
AVIGNON TGV,STRASBOURG,17,0.0
AVIGNON TGV,STRASBOURG,18,0.0
AVIGNON TGV,STRASBOURG,19,0.0
AVIGNON TGV,STRASBOURG,20,0.0
AVIGNON TGV,STRASBOURG,21,0.0
AVIGNON TGV,STRASBOURG,22,0.0
AVIGNON TGV,STRASBOURG,23,0.0
AVIGNON TGV,STRASBOURG,24,0.0
AVIGNON TGV,STRASBOURG,25,0.0
AVIGNON TGV,STRASBOURG,26,0.0
AVIGNON TGV,STRASBOURG,27,0.0
AVIGNON TGV,STRASBOURG,28,0.0
AVIGNON TGV,STRASBOURG,29,0.0
AVIGNON TGV,STRASBOURG,30,0.0
BADEN BADEN,FRANKFURT AM MAIN HBF,0,0.0
BADEN BADEN,FRANKFURT AM MAIN HBF,1,0.0
BADEN BADEN,FRANKFURT AM MAIN HBF,2,0.0
BADEN BADEN,FRANKFURT AM MAIN HBF,3,0.0
BADEN BADEN,FRANKFURT AM MAIN HBF,4,0.0
BADEN BADEN,FRANKFURT AM MAIN HBF,5,0.0
BADEN BADEN,FRANKFURT AM MAIN HBF,6,0.0
BADEN BADEN,FRANKFURT AM MAIN HBF,7,0.0
BADEN BADEN,FRANKFURT AM MAIN HBF,8,0.0
BADEN BADEN,FRANKFURT AM MAIN HBF,9,0.0
BADEN BADEN,FRANKFURT AM MAIN HBF,10,0.0
BADEN BADEN,FRANKFURT AM MAIN HBF,11,0.0
BADEN BADEN,FRANKFURT AM MAIN HBF,12,0.0
BADEN BADEN,FRANKFURT AM MAIN HBF,13,0.0
BADEN BADEN,FRANKFURT AM MAIN HBF,14,0.0
BADEN BADEN,FRANKFURT AM MAIN HBF,15,0.0
BADEN BADEN,FRANKFURT AM MAIN HBF,16,0.0
BADEN BADEN,FRANKFURT AM MAIN HBF,17,0.0
BADEN BADEN,FRANKFURT AM MAIN HBF,18,0.0
BADEN BADEN,FRANKFURT AM MAIN HBF,19,0.0
BADEN BADEN,FRANKFURT AM MAIN HBF,20,0.0
BADEN BADEN,FRANKFURT AM MAIN HBF,21,0.0
BADEN BADEN,FRANKFURT AM MAIN HBF,22,0.0
BADEN BADEN,FRANKFURT AM MAIN HBF,23,0.0
BADEN BADEN,FRANKFURT AM MAIN HBF,24,0.0
BADEN BADEN,FRANKFURT AM MAIN HBF,25,0.0
BADEN BADEN,FRANKFURT AM MAIN HBF,26,0.0
BADEN BADEN,FRANKFURT AM MAIN HBF,27,0.0
BADEN BADEN,FRANKFURT AM MAIN HBF,28,0.0
BADEN BADEN,FRANKFURT AM MAIN HBF,29,0.0
BADEN BADEN,FRANKFURT AM MAIN HBF,30,0.0
BADEN BADEN,KARLSRUHE HBF,0,0.0
BADEN BADEN,KARLSRUHE HBF,1,0.0
BADEN BADEN,KARLSRUHE HBF,2,0.0
BADEN BADEN,KARLSRUHE HBF,3,0.0
BADEN BADEN,KARLSRUHE HBF,4,0.0
BADEN BADEN,KARLSRUHE HBF,5,0.0
BADEN BADEN,KARLSRUHE HBF,6,0.0
BADEN BADEN,KARLSRUHE HBF,7,0.0
BADEN BADEN,KARLSRUHE HBF,8,0.0
BADEN BADEN,KARLSRUHE HBF,9,0.0
BADEN BADEN,KARLSRUHE HBF,10,0.0
BADEN BADEN,KARLSRUHE HBF,11,0.0
BADEN BADEN,KARLSRUHE HBF,12,0.0
BADEN BADEN,KARLSRUHE HBF,13,0.0
BADEN BADEN,KARLSRUHE HBF,14,0.0
BADEN BADEN,KARLSRUHE HBF,15,0.0
BADEN BADEN,KARLSRUHE HBF,16,0.0
BADEN BADEN,KARLSRUHE HBF,17,0.0
BADEN BADEN,KARLSRUHE HBF,18,0.0
BADEN BADEN,KARLSRUHE HBF,19,0.0
BADEN BADEN,KARLSRUHE HBF,20,0.0
BADEN BADEN,KARLSRUHE HBF,21,0.0
BADEN BADEN,KARLSRUHE HBF,22,0.0
BADEN BADEN,KARLSRUHE HBF,23,0.0
BADEN BADEN,KARLSRUHE HBF,24,0.0
BADEN BADEN,KARLSRUHE HBF,25,0.0
BADEN BADEN,KARLSRUHE HBF,26,0.0
BADEN BADEN,KARLSRUHE HBF,27,0.0
BADEN BADEN,KARLSRUHE HBF,28,0.0
BADEN BADEN,KARLSRUHE HBF,29,0.0
BADEN BADEN,KARLSRUHE HBF,30,0.0
BADEN BADEN,MANNHEIM HBF,0,0.0
BADEN BADEN,MANNHEIM HBF,1,0.0
BADEN BADEN,MANNHEIM HBF,2,0.0
BADEN BADEN,MANNHEIM HBF,3,0.0
BADEN BADEN,MANNHEIM HBF,4,0.0
BADEN BADEN,MANNHEIM HBF,5,0.0
BADEN BADEN,MANNHEIM HBF,6,0.0
BADEN BADEN,MANNHEIM HBF,7,0.0
BADEN BADEN,MANNHEIM HBF,8,0.0
BADEN BADEN,MANNHEIM HBF,9,0.0
BADEN BADEN,MANNHEIM HBF,10,0.0
BADEN BADEN,MANNHEIM HBF,11,0.0
BADEN BADEN,MANNHEIM HBF,12,0.0
BADEN BADEN,MANNHEIM HBF,13,0.0
BADEN BADEN,MANNHEIM HBF,14,0.0
BADEN BADEN,MANNHEIM HBF,15,0.0
BADEN BADEN,MANNHEIM HBF,16,0.0
BADEN BADEN,MANNHEIM HBF,17,0.0
BADEN BADEN,MANNHEIM HBF,18,0.0
BADEN BADEN,MANNHEIM HBF,19,0.0
BADEN BADEN,MANNHEIM HBF,20,0.0
BADEN BADEN,MANNHEIM HBF,21,0.0
BADEN BADEN,MANNHEIM HBF,22,0.0
BADEN BADEN,MANNHEIM HBF,23,0.0
BADEN BADEN,MANNHEIM HBF,24,0.0
BADEN BADEN,MANNHEIM HBF,25,0.0
BADEN BADEN,MANNHEIM HBF,26,0.0
BADEN BADEN,MANNHEIM HBF,27,0.0
BADEN BADEN,MANNHEIM HBF,28,0.0
BADEN BADEN,MANNHEIM HBF,29,0.0
BADEN BADEN,MANNHEIM HBF,30,0.0
BELFORT MONTBELIARD TGV,BADEN BADEN,0,0.0
BELFORT MONTBELIARD TGV,BADEN BADEN,1,0.0
BELFORT MONTBELIARD TGV,BADEN BADEN,2,0.0
BELFORT MONTBELIARD TGV,BADEN BADEN,3,0.0
BELFORT MONTBELIARD TGV,BADEN BADEN,4,0.0
BELFORT MONTBELIARD TGV,BADEN BADEN,5,0.0
BELFORT MONTBELIARD TGV,BADEN BADEN,6,0.0
BELFORT MONTBELIARD TGV,BADEN BADEN,7,0.0
BELFORT MONTBELIARD TGV,BADEN BADEN,8,0.0
BELFORT MONTBELIARD TGV,BADEN BADEN,9,0.0
BELFORT MONTBELIARD TGV,BADEN BADEN,10,0.0
BELFORT MONTBELIARD TGV,BADEN BADEN,11,0.0
BELFORT MONTBELIARD TGV,BADEN BADEN,12,0.0
BELFORT MONTBELIARD TGV,BADEN BADEN,13,0.0
BELFORT MONTBELIARD TGV,BADEN BADEN,14,0.0
BELFORT MONTBELIARD TGV,BADEN BADEN,15,0.0
BELFORT MONTBELIARD TGV,BADEN BADEN,16,0.0
BELFORT MONTBELIARD TGV,BADEN BADEN,17,0.0
BELFORT MONTBELIARD TGV,BADEN BADEN,18,0.0
BELFORT MONTBELIARD TGV,BADEN BADEN,19,0.0
BELFORT MONTBELIARD TGV,BADEN BADEN,20,0.0
BELFORT MONTBELIARD TGV,BADEN BADEN,21,0.0
BELFORT MONTBELIARD TGV,BADEN BADEN,22,0.0
BELFORT MONTBELIARD TGV,BADEN BADEN,23,0.0
BELFORT MONTBELIARD TGV,BADEN BADEN,24,0.0
BELFORT MONTBELIARD TGV,BADEN BADEN,25,0.0
BELFORT MONTBELIARD TGV,BADEN BADEN,26,0.0
BELFORT MONTBELIARD TGV,BADEN BADEN,27,0.0
BELFORT MONTBELIARD TGV,BADEN BADEN,28,0.0
BELFORT MONTBELIARD TGV,BADEN BADEN,29,0.0
BELFORT MONTBELIARD TGV,BADEN BADEN,30,0.0
BELFORT MONTBELIARD TGV,FRANKFURT AM MAIN HBF,0,0.0
BELFORT MONTBELIARD TGV,FRANKFURT AM MAIN HBF,1,0.0
BELFORT MONTBELIARD TGV,FRANKFURT AM MAIN HBF,2,0.0
BELFORT MONTBELIARD TGV,FRANKFURT AM MAIN HBF,3,0.0
BELFORT MONTBELIARD TGV,FRANKFURT AM MAIN HBF,4,0.0
BELFORT MONTBELIARD TGV,FRANKFURT AM MAIN HBF,5,0.0
BELFORT MONTBELIARD TGV,FRANKFURT AM MAIN HBF,6,0.0
BELFORT MONTBELIARD TGV,FRANKFURT AM MAIN HBF,7,0.0
BELFORT MONTBELIARD TGV,FRANKFURT AM MAIN HBF,8,0.0
BELFORT MONTBELIARD TGV,FRANKFURT AM MAIN HBF,9,0.0
BELFORT MONTBELIARD TGV,FRANKFURT AM MAIN HBF,10,0.0
BELFORT MONTBELIARD TGV,FRANKFURT AM MAIN HBF,11,0.0
BELFORT MONTBELIARD TGV,FRANKFURT AM MAIN HBF,12,0.0
BELFORT MONTBELIARD TGV,FRANKFURT AM MAIN HBF,13,0.0
BELFORT MONTBELIARD TGV,FRANKFURT AM MAIN HBF,14,0.0
BELFORT MONTBELIARD TGV,FRANKFURT AM MAIN HBF,15,0.0
BELFORT MONTBELIARD TGV,FRANKFURT AM MAIN HBF,16,0.0
BELFORT MONTBELIARD TGV,FRANKFURT AM MAIN HBF,17,0.0
BELFORT MONTBELIARD TGV,FRANKFURT AM MAIN HBF,18,0.0
BELFORT MONTBELIARD TGV,FRANKFURT AM MAIN HBF,19,0.0
BELFORT MONTBELIARD TGV,FRANKFURT AM MAIN HBF,20,0.0
BELFORT MONTBELIARD TGV,FRANKFURT AM MAIN HBF,21,0.0
BELFORT MONTBELIARD TGV,FRANKFURT AM MAIN HBF,22,0.0
BELFORT MONTBELIARD TGV,FRANKFURT AM MAIN HBF,23,0.0
BELFORT MONTBELIARD TGV,FRANKFURT AM MAIN HBF,24,0.0
BELFORT MONTBELIARD TGV,FRANKFURT AM MAIN HBF,25,0.0
BELFORT MONTBELIARD TGV,FRANKFURT AM MAIN HBF,26,0.0
BELFORT MONTBELIARD TGV,FRANKFURT AM MAIN HBF,27,0.0
BELFORT MONTBELIARD TGV,FRANKFURT AM MAIN HBF,28,0.0
BELFORT MONTBELIARD TGV,FRANKFURT AM MAIN HBF,29,0.0
BELFORT MONTBELIARD TGV,FRANKFURT AM MAIN HBF,30,0.0
BELFORT MONTBELIARD TGV,KARLSRUHE HBF,0,0.0
BELFORT MONTBELIARD TGV,KARLSRUHE HBF,1,0.0006896551724137932
BELFORT MONTBELIARD TGV,KARLSRUHE HBF,2,0.0
BELFORT MONTBELIARD TGV,KARLSRUHE HBF,3,0.0003448275862068966
BELFORT MONTBELIARD TGV,KARLSRUHE HBF,4,0.0
BELFORT MONTBELIARD TGV,KARLSRUHE HBF,5,0.0
BELFORT MONTBELIARD TGV,KARLSRUHE HBF,6,0.00033783783783783786
BELFORT MONTBELIARD TGV,KARLSRUHE HBF,7,0.0
BELFORT MONTBELIARD TGV,KARLSRUHE HBF,8,0.0
BELFORT MONTBELIARD TGV,KARLSRUHE HBF,9,0.0
BELFORT MONTBELIARD TGV,KARLSRUHE HBF,10,0.0
BELFORT MONTBELIARD TGV,KARLSRUHE HBF,11,0.0
BELFORT MONTBELIARD TGV,KARLSRUHE HBF,12,0.0
BELFORT MONTBELIARD TGV,KARLSRUHE HBF,13,0.0
BELFORT MONTBELIARD TGV,KARLSRUHE HBF,14,0.0
BELFORT MONTBELIARD TGV,KARLSRUHE HBF,15,0.0
BELFORT MONTBELIARD TGV,KARLSRUHE HBF,16,0.0
BELFORT MONTBELIARD TGV,KARLSRUHE HBF,17,0.0
BELFORT MONTBELIARD TGV,KARLSRUHE HBF,18,0.0
BELFORT MONTBELIARD TGV,KARLSRUHE HBF,19,0.0
BELFORT MONTBELIARD TGV,KARLSRUHE HBF,20,0.0
BELFORT MONTBELIARD TGV,KARLSRUHE HBF,21,0.0
BELFORT MONTBELIARD TGV,KARLSRUHE HBF,22,0.0
BELFORT MONTBELIARD TGV,KARLSRUHE HBF,23,0.0
BELFORT MONTBELIARD TGV,KARLSRUHE HBF,24,0.0
BELFORT MONTBELIARD TGV,KARLSRUHE HBF,25,0.0
BELFORT MONTBELIARD TGV,KARLSRUHE HBF,26,0.0
BELFORT MONTBELIARD TGV,KARLSRUHE HBF,27,0.0
BELFORT MONTBELIARD TGV,KARLSRUHE HBF,28,0.0
BELFORT MONTBELIARD TGV,KARLSRUHE HBF,29,0.0
BELFORT MONTBELIARD TGV,KARLSRUHE HBF,30,0.0
BELFORT MONTBELIARD TGV,MANNHEIM HBF,0,0.0
BELFORT MONTBELIARD TGV,MANNHEIM HBF,1,0.0
BELFORT MONTBELIARD TGV,MANNHEIM HBF,2,0.0
BELFORT MONTBELIARD TGV,MANNHEIM HBF,3,0.00034722222222222224
BELFORT MONTBELIARD TGV,MANNHEIM HBF,4,0.0
BELFORT MONTBELIARD TGV,MANNHEIM HBF,5,0.0
BELFORT MONTBELIARD TGV,MANNHEIM HBF,6,0.00034013605442176874
BELFORT MONTBELIARD TGV,MANNHEIM HBF,7,0.0
BELFORT MONTBELIARD TGV,MANNHEIM HBF,8,0.0
BELFORT MONTBELIARD TGV,MANNHEIM HBF,9,0.0
BELFORT MONTBELIARD TGV,MANNHEIM HBF,10,0.0
BELFORT MONTBELIARD TGV,MANNHEIM HBF,11,0.0
BELFORT MONTBELIARD TGV,MANNHEIM HBF,12,0.0
BELFORT MONTBELIARD TGV,MANNHEIM HBF,13,0.0
BELFORT MONTBELIARD TGV,MANNHEIM HBF,14,0.0
BELFORT MONTBELIARD TGV,MANNHEIM HBF,15,0.0
BELFORT MONTBELIARD TGV,MANNHEIM HBF,16,0.0
BELFORT MONTBELIARD TGV,MANNHEIM HBF,17,0.0
BELFORT MONTBELIARD TGV,MANNHEIM HBF,18,0.0
BELFORT MONTBELIARD TGV,MANNHEIM HBF,19,0.0
BELFORT MONTBELIARD TGV,MANNHEIM HBF,20,0.0
BELFORT MONTBELIARD TGV,MANNHEIM HBF,21,0.0
BELFORT MONTBELIARD TGV,MANNHEIM HBF,22,0.0
BELFORT MONTBELIARD TGV,MANNHEIM HBF,23,0.0
BELFORT MONTBELIARD TGV,MANNHEIM HBF,24,0.0
BELFORT MONTBELIARD TGV,MANNHEIM HBF,25,0.0
BELFORT MONTBELIARD TGV,MANNHEIM HBF,26,0.0
BELFORT MONTBELIARD TGV,MANNHEIM HBF,27,0.0
BELFORT MONTBELIARD TGV,MANNHEIM HBF,28,0.0
BELFORT MONTBELIARD TGV,MANNHEIM HBF,29,0.0
BELFORT MONTBELIARD TGV,MANNHEIM HBF,30,0.0
BELFORT MONTBELIARD TGV,MULHOUSE VILLE,0,0.011458333333333333
BELFORT MONTBELIARD TGV,MULHOUSE VILLE,1,0.019655172413793102
BELFORT MONTBELIARD TGV,MULHOUSE VILLE,2,0.013448275862068966
BELFORT MONTBELIARD TGV,MULHOUSE VILLE,3,0.01655172413793104
BELFORT MONTBELIARD TGV,MULHOUSE VILLE,4,0.0010135135135135136
BELFORT MONTBELIARD TGV,MULHOUSE VILLE,5,0.00034013605442176874
BELFORT MONTBELIARD TGV,MULHOUSE VILLE,6,0.008783783783783784
BELFORT MONTBELIARD TGV,MULHOUSE VILLE,7,0.0006711409395973155
BELFORT MONTBELIARD TGV,MULHOUSE VILLE,8,0.0
BELFORT MONTBELIARD TGV,MULHOUSE VILLE,9,0.0
BELFORT MONTBELIARD TGV,MULHOUSE VILLE,10,0.0
BELFORT MONTBELIARD TGV,MULHOUSE VILLE,11,0.0
BELFORT MONTBELIARD TGV,MULHOUSE VILLE,12,0.0
BELFORT MONTBELIARD TGV,MULHOUSE VILLE,13,0.0
BELFORT MONTBELIARD TGV,MULHOUSE VILLE,14,0.0
BELFORT MONTBELIARD TGV,MULHOUSE VILLE,15,0.0
BELFORT MONTBELIARD TGV,MULHOUSE VILLE,16,0.0
BELFORT MONTBELIARD TGV,MULHOUSE VILLE,17,0.0
BELFORT MONTBELIARD TGV,MULHOUSE VILLE,18,0.0
BELFORT MONTBELIARD TGV,MULHOUSE VILLE,19,0.0
BELFORT MONTBELIARD TGV,MULHOUSE VILLE,20,0.0
BELFORT MONTBELIARD TGV,MULHOUSE VILLE,21,0.0
BELFORT MONTBELIARD TGV,MULHOUSE VILLE,22,0.0
BELFORT MONTBELIARD TGV,MULHOUSE VILLE,23,0.0
BELFORT MONTBELIARD TGV,MULHOUSE VILLE,24,0.0
BELFORT MONTBELIARD TGV,MULHOUSE VILLE,25,0.0
BELFORT MONTBELIARD TGV,MULHOUSE VILLE,26,0.0
BELFORT MONTBELIARD TGV,MULHOUSE VILLE,27,0.0
BELFORT MONTBELIARD TGV,MULHOUSE VILLE,28,0.0
BELFORT MONTBELIARD TGV,MULHOUSE VILLE,29,0.0
BELFORT MONTBELIARD TGV,MULHOUSE VILLE,30,0.0
BELFORT MONTBELIARD TGV,STRASBOURG,0,0.013541666666666667
BELFORT MONTBELIARD TGV,STRASBOURG,1,0.023103448275862068
BELFORT MONTBELIARD TGV,STRASBOURG,2,0.01482758620689655
BELFORT MONTBELIARD TGV,STRASBOURG,3,0.016206896551724137
BELFORT MONTBELIARD TGV,STRASBOURG,4,0.002027027027027027
BELFORT MONTBELIARD TGV,STRASBOURG,5,0.0010204081632653062
BELFORT MONTBELIARD TGV,STRASBOURG,6,0.009459459459459458
BELFORT MONTBELIARD TGV,STRASBOURG,7,0.0010067114093959733
BELFORT MONTBELIARD TGV,STRASBOURG,8,0.0
BELFORT MONTBELIARD TGV,STRASBOURG,9,0.0
BELFORT MONTBELIARD TGV,STRASBOURG,10,0.0
BELFORT MONTBELIARD TGV,STRASBOURG,11,0.0
BELFORT MONTBELIARD TGV,STRASBOURG,12,0.0
BELFORT MONTBELIARD TGV,STRASBOURG,13,0.0
BELFORT MONTBELIARD TGV,STRASBOURG,14,0.0
BELFORT MONTBELIARD TGV,STRASBOURG,15,0.0
BELFORT MONTBELIARD TGV,STRASBOURG,16,0.0
BELFORT MONTBELIARD TGV,STRASBOURG,17,0.0
BELFORT MONTBELIARD TGV,STRASBOURG,18,0.0
BELFORT MONTBELIARD TGV,STRASBOURG,19,0.0
BELFORT MONTBELIARD TGV,STRASBOURG,20,0.0
BELFORT MONTBELIARD TGV,STRASBOURG,21,0.0
BELFORT MONTBELIARD TGV,STRASBOURG,22,0.0
BELFORT MONTBELIARD TGV,STRASBOURG,23,0.0
BELFORT MONTBELIARD TGV,STRASBOURG,24,0.0
BELFORT MONTBELIARD TGV,STRASBOURG,25,0.0
BELFORT MONTBELIARD TGV,STRASBOURG,26,0.0
BELFORT MONTBELIARD TGV,STRASBOURG,27,0.0
BELFORT MONTBELIARD TGV,STRASBOURG,28,0.0
BELFORT MONTBELIARD TGV,STRASBOURG,29,0.0
BELFORT MONTBELIARD TGV,STRASBOURG,30,0.0
BESANCON FRANCHE COMTE TGV,BADEN BADEN,0,0.00034722222222222224
BESANCON FRANCHE COMTE TGV,BADEN BADEN,1,0.0003448275862068966
BESANCON FRANCHE COMTE TGV,BADEN BADEN,2,0.0
BESANCON FRANCHE COMTE TGV,BADEN BADEN,3,0.0006896551724137932
BESANCON FRANCHE COMTE TGV,BADEN BADEN,4,0.0
BESANCON FRANCHE COMTE TGV,BADEN BADEN,5,0.0
BESANCON FRANCHE COMTE TGV,BADEN BADEN,6,0.00033783783783783786
BESANCON FRANCHE COMTE TGV,BADEN BADEN,7,0.0
BESANCON FRANCHE COMTE TGV,BADEN BADEN,8,0.0
BESANCON FRANCHE COMTE TGV,BADEN BADEN,9,0.0
BESANCON FRANCHE COMTE TGV,BADEN BADEN,10,0.0
BESANCON FRANCHE COMTE TGV,BADEN BADEN,11,0.0
BESANCON FRANCHE COMTE TGV,BADEN BADEN,12,0.0
BESANCON FRANCHE COMTE TGV,BADEN BADEN,13,0.0
BESANCON FRANCHE COMTE TGV,BADEN BADEN,14,0.0
BESANCON FRANCHE COMTE TGV,BADEN BADEN,15,0.0
BESANCON FRANCHE COMTE TGV,BADEN BADEN,16,0.0
BESANCON FRANCHE COMTE TGV,BADEN BADEN,17,0.0
BESANCON FRANCHE COMTE TGV,BADEN BADEN,18,0.0
BESANCON FRANCHE COMTE TGV,BADEN BADEN,19,0.0
BESANCON FRANCHE COMTE TGV,BADEN BADEN,20,0.0
BESANCON FRANCHE COMTE TGV,BADEN BADEN,21,0.0
BESANCON FRANCHE COMTE TGV,BADEN BADEN,22,0.0
BESANCON FRANCHE COMTE TGV,BADEN BADEN,23,0.0
BESANCON FRANCHE COMTE TGV,BADEN BADEN,24,0.0
BESANCON FRANCHE COMTE TGV,BADEN BADEN,25,0.0
BESANCON FRANCHE COMTE TGV,BADEN BADEN,26,0.0
BESANCON FRANCHE COMTE TGV,BADEN BADEN,27,0.0
BESANCON FRANCHE COMTE TGV,BADEN BADEN,28,0.0
BESANCON FRANCHE COMTE TGV,BADEN BADEN,29,0.0
BESANCON FRANCHE COMTE TGV,BADEN BADEN,30,0.0
BESANCON FRANCHE COMTE TGV,BELFORT MONTBELIARD TGV,0,0.009027777777777779
BESANCON FRANCHE COMTE TGV,BELFORT MONTBELIARD TGV,1,0.0203448275862069
BESANCON FRANCHE COMTE TGV,BELFORT MONTBELIARD TGV,2,0.016551724137931035
BESANCON FRANCHE COMTE TGV,BELFORT MONTBELIARD TGV,3,0.016896551724137933
BESANCON FRANCHE COMTE TGV,BELFORT MONTBELIARD TGV,4,0.0023648648648648646
BESANCON FRANCHE COMTE TGV,BELFORT MONTBELIARD TGV,5,0.0006802721088435375
BESANCON FRANCHE COMTE TGV,BELFORT MONTBELIARD TGV,6,0.009121621621621622
BESANCON FRANCHE COMTE TGV,BELFORT MONTBELIARD TGV,7,0.0010067114093959733
BESANCON FRANCHE COMTE TGV,BELFORT MONTBELIARD TGV,8,0.0
BESANCON FRANCHE COMTE TGV,BELFORT MONTBELIARD TGV,9,0.0
BESANCON FRANCHE COMTE TGV,BELFORT MONTBELIARD TGV,10,0.0
BESANCON FRANCHE COMTE TGV,BELFORT MONTBELIARD TGV,11,0.0
BESANCON FRANCHE COMTE TGV,BELFORT MONTBELIARD TGV,12,0.0
BESANCON FRANCHE COMTE TGV,BELFORT MONTBELIARD TGV,13,0.0
BESANCON FRANCHE COMTE TGV,BELFORT MONTBELIARD TGV,14,0.0
BESANCON FRANCHE COMTE TGV,BELFORT MONTBELIARD TGV,15,0.0
BESANCON FRANCHE COMTE TGV,BELFORT MONTBELIARD TGV,16,0.0
BESANCON FRANCHE COMTE TGV,BELFORT MONTBELIARD TGV,17,0.0
BESANCON FRANCHE COMTE TGV,BELFORT MONTBELIARD TGV,18,0.0
BESANCON FRANCHE COMTE TGV,BELFORT MONTBELIARD TGV,19,0.0
BESANCON FRANCHE COMTE TGV,BELFORT MONTBELIARD TGV,20,0.0
BESANCON FRANCHE COMTE TGV,BELFORT MONTBELIARD TGV,21,0.0
BESANCON FRANCHE COMTE TGV,BELFORT MONTBELIARD TGV,22,0.0
BESANCON FRANCHE COMTE TGV,BELFORT MONTBELIARD TGV,23,0.0
BESANCON FRANCHE COMTE TGV,BELFORT MONTBELIARD TGV,24,0.0
BESANCON FRANCHE COMTE TGV,BELFORT MONTBELIARD TGV,25,0.0
BESANCON FRANCHE COMTE TGV,BELFORT MONTBELIARD TGV,26,0.0
BESANCON FRANCHE COMTE TGV,BELFORT MONTBELIARD TGV,27,0.0
BESANCON FRANCHE COMTE TGV,BELFORT MONTBELIARD TGV,28,0.0
BESANCON FRANCHE COMTE TGV,BELFORT MONTBELIARD TGV,29,0.0
BESANCON FRANCHE COMTE TGV,BELFORT MONTBELIARD TGV,30,0.0
BESANCON FRANCHE COMTE TGV,FRANKFURT AM MAIN HBF,0,0.0
BESANCON FRANCHE COMTE TGV,FRANKFURT AM MAIN HBF,1,0.0
BESANCON FRANCHE COMTE TGV,FRANKFURT AM MAIN HBF,2,0.0
BESANCON FRANCHE COMTE TGV,FRANKFURT AM MAIN HBF,3,0.0
BESANCON FRANCHE COMTE TGV,FRANKFURT AM MAIN HBF,4,0.0
BESANCON FRANCHE COMTE TGV,FRANKFURT AM MAIN HBF,5,0.0
BESANCON FRANCHE COMTE TGV,FRANKFURT AM MAIN HBF,6,0.00034013605442176874
BESANCON FRANCHE COMTE TGV,FRANKFURT AM MAIN HBF,7,0.0
BESANCON FRANCHE COMTE TGV,FRANKFURT AM MAIN HBF,8,0.0
BESANCON FRANCHE COMTE TGV,FRANKFURT AM MAIN HBF,9,0.0
BESANCON FRANCHE COMTE TGV,FRANKFURT AM MAIN HBF,10,0.0
BESANCON FRANCHE COMTE TGV,FRANKFURT AM MAIN HBF,11,0.0
BESANCON FRANCHE COMTE TGV,FRANKFURT AM MAIN HBF,12,0.0
BESANCON FRANCHE COMTE TGV,FRANKFURT AM MAIN HBF,13,0.0
BESANCON FRANCHE COMTE TGV,FRANKFURT AM MAIN HBF,14,0.0
BESANCON FRANCHE COMTE TGV,FRANKFURT AM MAIN HBF,15,0.0
BESANCON FRANCHE COMTE TGV,FRANKFURT AM MAIN HBF,16,0.0
BESANCON FRANCHE COMTE TGV,FRANKFURT AM MAIN HBF,17,0.0
BESANCON FRANCHE COMTE TGV,FRANKFURT AM MAIN HBF,18,0.0
BESANCON FRANCHE COMTE TGV,FRANKFURT AM MAIN HBF,19,0.0
BESANCON FRANCHE COMTE TGV,FRANKFURT AM MAIN HBF,20,0.0
BESANCON FRANCHE COMTE TGV,FRANKFURT AM MAIN HBF,21,0.0
BESANCON FRANCHE COMTE TGV,FRANKFURT AM MAIN HBF,22,0.0
BESANCON FRANCHE COMTE TGV,FRANKFURT AM MAIN HBF,23,0.0
BESANCON FRANCHE COMTE TGV,FRANKFURT AM MAIN HBF,24,0.0
BESANCON FRANCHE COMTE TGV,FRANKFURT AM MAIN HBF,25,0.0
BESANCON FRANCHE COMTE TGV,FRANKFURT AM MAIN HBF,26,0.0
BESANCON FRANCHE COMTE TGV,FRANKFURT AM MAIN HBF,27,0.0
BESANCON FRANCHE COMTE TGV,FRANKFURT AM MAIN HBF,28,0.0
BESANCON FRANCHE COMTE TGV,FRANKFURT AM MAIN HBF,29,0.0
BESANCON FRANCHE COMTE TGV,FRANKFURT AM MAIN HBF,30,0.0
BESANCON FRANCHE COMTE TGV,KARLSRUHE HBF,0,0.00034722222222222224
BESANCON FRANCHE COMTE TGV,KARLSRUHE HBF,1,0.0003448275862068966
BESANCON FRANCHE COMTE TGV,KARLSRUHE HBF,2,0.0003448275862068966
BESANCON FRANCHE COMTE TGV,KARLSRUHE HBF,3,0.0
BESANCON FRANCHE COMTE TGV,KARLSRUHE HBF,4,0.0
BESANCON FRANCHE COMTE TGV,KARLSRUHE HBF,5,0.0
BESANCON FRANCHE COMTE TGV,KARLSRUHE HBF,6,0.00033783783783783786
BESANCON FRANCHE COMTE TGV,KARLSRUHE HBF,7,0.0
BESANCON FRANCHE COMTE TGV,KARLSRUHE HBF,8,0.0
BESANCON FRANCHE COMTE TGV,KARLSRUHE HBF,9,0.0
BESANCON FRANCHE COMTE TGV,KARLSRUHE HBF,10,0.0
BESANCON FRANCHE COMTE TGV,KARLSRUHE HBF,11,0.0
BESANCON FRANCHE COMTE TGV,KARLSRUHE HBF,12,0.0
BESANCON FRANCHE COMTE TGV,KARLSRUHE HBF,13,0.0
BESANCON FRANCHE COMTE TGV,KARLSRUHE HBF,14,0.0
BESANCON FRANCHE COMTE TGV,KARLSRUHE HBF,15,0.0
BESANCON FRANCHE COMTE TGV,KARLSRUHE HBF,16,0.0
BESANCON FRANCHE COMTE TGV,KARLSRUHE HBF,17,0.0
BESANCON FRANCHE COMTE TGV,KARLSRUHE HBF,18,0.0
BESANCON FRANCHE COMTE TGV,KARLSRUHE HBF,19,0.0
BESANCON FRANCHE COMTE TGV,KARLSRUHE HBF,20,0.0
BESANCON FRANCHE COMTE TGV,KARLSRUHE HBF,21,0.0
BESANCON FRANCHE COMTE TGV,KARLSRUHE HBF,22,0.0
BESANCON FRANCHE COMTE TGV,KARLSRUHE HBF,23,0.0
BESANCON FRANCHE COMTE TGV,KARLSRUHE HBF,24,0.0
BESANCON FRANCHE COMTE TGV,KARLSRUHE HBF,25,0.0
BESANCON FRANCHE COMTE TGV,KARLSRUHE HBF,26,0.0
BESANCON FRANCHE COMTE TGV,KARLSRUHE HBF,27,0.0
BESANCON FRANCHE COMTE TGV,KARLSRUHE HBF,28,0.0
BESANCON FRANCHE COMTE TGV,KARLSRUHE HBF,29,0.0
BESANCON FRANCHE COMTE TGV,KARLSRUHE HBF,30,0.0
BESANCON FRANCHE COMTE TGV,MANNHEIM HBF,0,0.0
BESANCON FRANCHE COMTE TGV,MANNHEIM HBF,1,0.0006944444444444445
BESANCON FRANCHE COMTE TGV,MANNHEIM HBF,2,0.0
BESANCON FRANCHE COMTE TGV,MANNHEIM HBF,3,0.0
BESANCON FRANCHE COMTE TGV,MANNHEIM HBF,4,0.0
BESANCON FRANCHE COMTE TGV,MANNHEIM HBF,5,0.0
BESANCON FRANCHE COMTE TGV,MANNHEIM HBF,6,0.0
BESANCON FRANCHE COMTE TGV,MANNHEIM HBF,7,0.0
BESANCON FRANCHE COMTE TGV,MANNHEIM HBF,8,0.0
BESANCON FRANCHE COMTE TGV,MANNHEIM HBF,9,0.0
BESANCON FRANCHE COMTE TGV,MANNHEIM HBF,10,0.0
BESANCON FRANCHE COMTE TGV,MANNHEIM HBF,11,0.0
BESANCON FRANCHE COMTE TGV,MANNHEIM HBF,12,0.0
BESANCON FRANCHE COMTE TGV,MANNHEIM HBF,13,0.0
BESANCON FRANCHE COMTE TGV,MANNHEIM HBF,14,0.0
BESANCON FRANCHE COMTE TGV,MANNHEIM HBF,15,0.0
BESANCON FRANCHE COMTE TGV,MANNHEIM HBF,16,0.0
BESANCON FRANCHE COMTE TGV,MANNHEIM HBF,17,0.0
BESANCON FRANCHE COMTE TGV,MANNHEIM HBF,18,0.0
BESANCON FRANCHE COMTE TGV,MANNHEIM HBF,19,0.0
BESANCON FRANCHE COMTE TGV,MANNHEIM HBF,20,0.0
BESANCON FRANCHE COMTE TGV,MANNHEIM HBF,21,0.0
BESANCON FRANCHE COMTE TGV,MANNHEIM HBF,22,0.0
BESANCON FRANCHE COMTE TGV,MANNHEIM HBF,23,0.0
BESANCON FRANCHE COMTE TGV,MANNHEIM HBF,24,0.0
BESANCON FRANCHE COMTE TGV,MANNHEIM HBF,25,0.0
BESANCON FRANCHE COMTE TGV,MANNHEIM HBF,26,0.0
BESANCON FRANCHE COMTE TGV,MANNHEIM HBF,27,0.0
BESANCON FRANCHE COMTE TGV,MANNHEIM HBF,28,0.0
BESANCON FRANCHE COMTE TGV,MANNHEIM HBF,29,0.0
BESANCON FRANCHE COMTE TGV,MANNHEIM HBF,30,0.0
BESANCON FRANCHE COMTE TGV,MULHOUSE VILLE,0,0.012847222222222222
BESANCON FRANCHE COMTE TGV,MULHOUSE VILLE,1,0.023793103448275864
BESANCON FRANCHE COMTE TGV,MULHOUSE VILLE,2,0.015172413793103447
BESANCON FRANCHE COMTE TGV,MULHOUSE VILLE,3,0.01827586206896552
BESANCON FRANCHE COMTE TGV,MULHOUSE VILLE,4,0.0013513513513513514
BESANCON FRANCHE COMTE TGV,MULHOUSE VILLE,5,0.0010204081632653062
BESANCON FRANCHE COMTE TGV,MULHOUSE VILLE,6,0.008445945945945946
BESANCON FRANCHE COMTE TGV,MULHOUSE VILLE,7,0.0010067114093959733
BESANCON FRANCHE COMTE TGV,MULHOUSE VILLE,8,0.0
BESANCON FRANCHE COMTE TGV,MULHOUSE VILLE,9,0.0
BESANCON FRANCHE COMTE TGV,MULHOUSE VILLE,10,0.0
BESANCON FRANCHE COMTE TGV,MULHOUSE VILLE,11,0.0
BESANCON FRANCHE COMTE TGV,MULHOUSE VILLE,12,0.0
BESANCON FRANCHE COMTE TGV,MULHOUSE VILLE,13,0.0
BESANCON FRANCHE COMTE TGV,MULHOUSE VILLE,14,0.0
BESANCON FRANCHE COMTE TGV,MULHOUSE VILLE,15,0.0
BESANCON FRANCHE COMTE TGV,MULHOUSE VILLE,16,0.0
BESANCON FRANCHE COMTE TGV,MULHOUSE VILLE,17,0.0
BESANCON FRANCHE COMTE TGV,MULHOUSE VILLE,18,0.0
BESANCON FRANCHE COMTE TGV,MULHOUSE VILLE,19,0.0
BESANCON FRANCHE COMTE TGV,MULHOUSE VILLE,20,0.0
BESANCON FRANCHE COMTE TGV,MULHOUSE VILLE,21,0.0
BESANCON FRANCHE COMTE TGV,MULHOUSE VILLE,22,0.0
BESANCON FRANCHE COMTE TGV,MULHOUSE VILLE,23,0.0
BESANCON FRANCHE COMTE TGV,MULHOUSE VILLE,24,0.0
BESANCON FRANCHE COMTE TGV,MULHOUSE VILLE,25,0.0
BESANCON FRANCHE COMTE TGV,MULHOUSE VILLE,26,0.0
BESANCON FRANCHE COMTE TGV,MULHOUSE VILLE,27,0.0
BESANCON FRANCHE COMTE TGV,MULHOUSE VILLE,28,0.0
BESANCON FRANCHE COMTE TGV,MULHOUSE VILLE,29,0.0
BESANCON FRANCHE COMTE TGV,MULHOUSE VILLE,30,0.0
BESANCON FRANCHE COMTE TGV,STRASBOURG,0,0.013541666666666667
BESANCON FRANCHE COMTE TGV,STRASBOURG,1,0.023793103448275864
BESANCON FRANCHE COMTE TGV,STRASBOURG,2,0.016206896551724137
BESANCON FRANCHE COMTE TGV,STRASBOURG,3,0.01896551724137931
BESANCON FRANCHE COMTE TGV,STRASBOURG,4,0.004729729729729729
BESANCON FRANCHE COMTE TGV,STRASBOURG,5,0.0020408163265306124
BESANCON FRANCHE COMTE TGV,STRASBOURG,6,0.011486486486486485
BESANCON FRANCHE COMTE TGV,STRASBOURG,7,0.0
BESANCON FRANCHE COMTE TGV,STRASBOURG,8,0.0
BESANCON FRANCHE COMTE TGV,STRASBOURG,9,0.0
BESANCON FRANCHE COMTE TGV,STRASBOURG,10,0.0
BESANCON FRANCHE COMTE TGV,STRASBOURG,11,0.0
BESANCON FRANCHE COMTE TGV,STRASBOURG,12,0.0
BESANCON FRANCHE COMTE TGV,STRASBOURG,13,0.0
BESANCON FRANCHE COMTE TGV,STRASBOURG,14,0.0
BESANCON FRANCHE COMTE TGV,STRASBOURG,15,0.0
BESANCON FRANCHE COMTE TGV,STRASBOURG,16,0.0
BESANCON FRANCHE COMTE TGV,STRASBOURG,17,0.0
BESANCON FRANCHE COMTE TGV,STRASBOURG,18,0.0
BESANCON FRANCHE COMTE TGV,STRASBOURG,19,0.0
BESANCON FRANCHE COMTE TGV,STRASBOURG,20,0.0
BESANCON FRANCHE COMTE TGV,STRASBOURG,21,0.0
BESANCON FRANCHE COMTE TGV,STRASBOURG,22,0.0
BESANCON FRANCHE COMTE TGV,STRASBOURG,23,0.0
BESANCON FRANCHE COMTE TGV,STRASBOURG,24,0.0
BESANCON FRANCHE COMTE TGV,STRASBOURG,25,0.0
BESANCON FRANCHE COMTE TGV,STRASBOURG,26,0.0
BESANCON FRANCHE COMTE TGV,STRASBOURG,27,0.0
BESANCON FRANCHE COMTE TGV,STRASBOURG,28,0.0
BESANCON FRANCHE COMTE TGV,STRASBOURG,29,0.0
BESANCON FRANCHE COMTE TGV,STRASBOURG,30,0.0
CHALON SUR SAONE,BADEN BADEN,0,0.0
CHALON SUR SAONE,BADEN BADEN,1,0.0
CHALON SUR SAONE,BADEN BADEN,2,0.00034965034965034965
CHALON SUR SAONE,BADEN BADEN,3,0.00034965034965034965
CHALON SUR SAONE,BADEN BADEN,4,0.0
CHALON SUR SAONE,BADEN BADEN,5,0.0
CHALON SUR SAONE,BADEN BADEN,6,0.00034246575342465754
CHALON SUR SAONE,BADEN BADEN,7,0.0
CHALON SUR SAONE,BADEN BADEN,8,0.0
CHALON SUR SAONE,BADEN BADEN,9,0.0
CHALON SUR SAONE,BADEN BADEN,10,0.0
CHALON SUR SAONE,BADEN BADEN,11,0.0
CHALON SUR SAONE,BADEN BADEN,12,0.0
CHALON SUR SAONE,BADEN BADEN,13,0.0
CHALON SUR SAONE,BADEN BADEN,14,0.0
CHALON SUR SAONE,BADEN BADEN,15,0.0
CHALON SUR SAONE,BADEN BADEN,16,0.0
CHALON SUR SAONE,BADEN BADEN,17,0.0
CHALON SUR SAONE,BADEN BADEN,18,0.0
CHALON SUR SAONE,BADEN BADEN,19,0.0
CHALON SUR SAONE,BADEN BADEN,20,0.0
CHALON SUR SAONE,BADEN BADEN,21,0.0
CHALON SUR SAONE,BADEN BADEN,22,0.0
CHALON SUR SAONE,BADEN BADEN,23,0.0
CHALON SUR SAONE,BADEN BADEN,24,0.0
CHALON SUR SAONE,BADEN BADEN,25,0.0
CHALON SUR SAONE,BADEN BADEN,26,0.0
CHALON SUR SAONE,BADEN BADEN,27,0.0
CHALON SUR SAONE,BADEN BADEN,28,0.0
CHALON SUR SAONE,BADEN BADEN,29,0.0
CHALON SUR SAONE,BADEN BADEN,30,0.0
CHALON SUR SAONE,BELFORT MONTBELIARD TGV,0,0.013380281690140845
CHALON SUR SAONE,BELFORT MONTBELIARD TGV,1,0.02342657342657343
CHALON SUR SAONE,BELFORT MONTBELIARD TGV,2,0.017132867132867134
CHALON SUR SAONE,BELFORT MONTBELIARD TGV,3,0.01783216783216783
CHALON SUR SAONE,BELFORT MONTBELIARD TGV,4,0.003424657534246575
CHALON SUR SAONE,BELFORT MONTBELIARD TGV,5,0.0013793103448275863
CHALON SUR SAONE,BELFORT MONTBELIARD TGV,6,0.009931506849315068
CHALON SUR SAONE,BELFORT MONTBELIARD TGV,7,0.00034013605442176874
CHALON SUR SAONE,BELFORT MONTBELIARD TGV,8,0.0
CHALON SUR SAONE,BELFORT MONTBELIARD TGV,9,0.0
CHALON SUR SAONE,BELFORT MONTBELIARD TGV,10,0.0
CHALON SUR SAONE,BELFORT MONTBELIARD TGV,11,0.0
CHALON SUR SAONE,BELFORT MONTBELIARD TGV,12,0.0
CHALON SUR SAONE,BELFORT MONTBELIARD TGV,13,0.0
CHALON SUR SAONE,BELFORT MONTBELIARD TGV,14,0.0
CHALON SUR SAONE,BELFORT MONTBELIARD TGV,15,0.0
CHALON SUR SAONE,BELFORT MONTBELIARD TGV,16,0.0
CHALON SUR SAONE,BELFORT MONTBELIARD TGV,17,0.0
CHALON SUR SAONE,BELFORT MONTBELIARD TGV,18,0.0
CHALON SUR SAONE,BELFORT MONTBELIARD TGV,19,0.0
CHALON SUR SAONE,BELFORT MONTBELIARD TGV,20,0.0
CHALON SUR SAONE,BELFORT MONTBELIARD TGV,21,0.0
CHALON SUR SAONE,BELFORT MONTBELIARD TGV,22,0.0
CHALON SUR SAONE,BELFORT MONTBELIARD TGV,23,0.0
CHALON SUR SAONE,BELFORT MONTBELIARD TGV,24,0.0
CHALON SUR SAONE,BELFORT MONTBELIARD TGV,25,0.0
CHALON SUR SAONE,BELFORT MONTBELIARD TGV,26,0.0
CHALON SUR SAONE,BELFORT MONTBELIARD TGV,27,0.0
CHALON SUR SAONE,BELFORT MONTBELIARD TGV,28,0.0
CHALON SUR SAONE,BELFORT MONTBELIARD TGV,29,0.0
CHALON SUR SAONE,BELFORT MONTBELIARD TGV,30,0.0
CHALON SUR SAONE,BESANCON FRANCHE COMTE TGV,0,0.014436619718309857
CHALON SUR SAONE,BESANCON FRANCHE COMTE TGV,1,0.022377622377622378
CHALON SUR SAONE,BESANCON FRANCHE COMTE TGV,2,0.015034965034965035
CHALON SUR SAONE,BESANCON FRANCHE COMTE TGV,3,0.02027972027972028
CHALON SUR SAONE,BESANCON FRANCHE COMTE TGV,4,0.003767123287671233
CHALON SUR SAONE,BESANCON FRANCHE COMTE TGV,5,0.002413793103448276
CHALON SUR SAONE,BESANCON FRANCHE COMTE TGV,6,0.009931506849315068
CHALON SUR SAONE,BESANCON FRANCHE COMTE TGV,7,0.002040816326530612
CHALON SUR SAONE,BESANCON FRANCHE COMTE TGV,8,0.0006896551724137932
CHALON SUR SAONE,BESANCON FRANCHE COMTE TGV,9,0.0
CHALON SUR SAONE,BESANCON FRANCHE COMTE TGV,10,0.0
CHALON SUR SAONE,BESANCON FRANCHE COMTE TGV,11,0.0
CHALON SUR SAONE,BESANCON FRANCHE COMTE TGV,12,0.0
CHALON SUR SAONE,BESANCON FRANCHE COMTE TGV,13,0.0
CHALON SUR SAONE,BESANCON FRANCHE COMTE TGV,14,0.0
CHALON SUR SAONE,BESANCON FRANCHE COMTE TGV,15,0.0
CHALON SUR SAONE,BESANCON FRANCHE COMTE TGV,16,0.0
CHALON SUR SAONE,BESANCON FRANCHE COMTE TGV,17,0.0
CHALON SUR SAONE,BESANCON FRANCHE COMTE TGV,18,0.0
CHALON SUR SAONE,BESANCON FRANCHE COMTE TGV,19,0.0
CHALON SUR SAONE,BESANCON FRANCHE COMTE TGV,20,0.0
CHALON SUR SAONE,BESANCON FRANCHE COMTE TGV,21,0.0
CHALON SUR SAONE,BESANCON FRANCHE COMTE TGV,22,0.0
CHALON SUR SAONE,BESANCON FRANCHE COMTE TGV,23,0.0
CHALON SUR SAONE,BESANCON FRANCHE COMTE TGV,24,0.0
CHALON SUR SAONE,BESANCON FRANCHE COMTE TGV,25,0.0
CHALON SUR SAONE,BESANCON FRANCHE COMTE TGV,26,0.0
CHALON SUR SAONE,BESANCON FRANCHE COMTE TGV,27,0.0
CHALON SUR SAONE,BESANCON FRANCHE COMTE TGV,28,0.0
CHALON SUR SAONE,BESANCON FRANCHE COMTE TGV,29,0.0
CHALON SUR SAONE,BESANCON FRANCHE COMTE TGV,30,0.0
CHALON SUR SAONE,FRANKFURT AM MAIN HBF,0,0.0
CHALON SUR SAONE,FRANKFURT AM MAIN HBF,1,0.00035211267605633805
CHALON SUR SAONE,FRANKFURT AM MAIN HBF,2,0.00035211267605633805
CHALON SUR SAONE,FRANKFURT AM MAIN HBF,3,0.00035211267605633805
CHALON SUR SAONE,FRANKFURT AM MAIN HBF,4,0.0
CHALON SUR SAONE,FRANKFURT AM MAIN HBF,5,0.0
CHALON SUR SAONE,FRANKFURT AM MAIN HBF,6,0.0
CHALON SUR SAONE,FRANKFURT AM MAIN HBF,7,0.0
CHALON SUR SAONE,FRANKFURT AM MAIN HBF,8,0.0
CHALON SUR SAONE,FRANKFURT AM MAIN HBF,9,0.0
CHALON SUR SAONE,FRANKFURT AM MAIN HBF,10,0.0
CHALON SUR SAONE,FRANKFURT AM MAIN HBF,11,0.0
CHALON SUR SAONE,FRANKFURT AM MAIN HBF,12,0.0
CHALON SUR SAONE,FRANKFURT AM MAIN HBF,13,0.0
CHALON SUR SAONE,FRANKFURT AM MAIN HBF,14,0.0
CHALON SUR SAONE,FRANKFURT AM MAIN HBF,15,0.0
CHALON SUR SAONE,FRANKFURT AM MAIN HBF,16,0.0
CHALON SUR SAONE,FRANKFURT AM MAIN HBF,17,0.0
CHALON SUR SAONE,FRANKFURT AM MAIN HBF,18,0.0
CHALON SUR SAONE,FRANKFURT AM MAIN HBF,19,0.0
CHALON SUR SAONE,FRANKFURT AM MAIN HBF,20,0.0
CHALON SUR SAONE,FRANKFURT AM MAIN HBF,21,0.0
CHALON SUR SAONE,FRANKFURT AM MAIN HBF,22,0.0
CHALON SUR SAONE,FRANKFURT AM MAIN HBF,23,0.0
CHALON SUR SAONE,FRANKFURT AM MAIN HBF,24,0.0
CHALON SUR SAONE,FRANKFURT AM MAIN HBF,25,0.0
CHALON SUR SAONE,FRANKFURT AM MAIN HBF,26,0.0
CHALON SUR SAONE,FRANKFURT AM MAIN HBF,27,0.0
CHALON SUR SAONE,FRANKFURT AM MAIN HBF,28,0.0
CHALON SUR SAONE,FRANKFURT AM MAIN HBF,29,0.0
CHALON SUR SAONE,FRANKFURT AM MAIN HBF,30,0.0
CHALON SUR SAONE,KARLSRUHE HBF,0,0.0
CHALON SUR SAONE,KARLSRUHE HBF,1,0.0
CHALON SUR SAONE,KARLSRUHE HBF,2,0.0
CHALON SUR SAONE,KARLSRUHE HBF,3,0.0
CHALON SUR SAONE,KARLSRUHE HBF,4,0.0
CHALON SUR SAONE,KARLSRUHE HBF,5,0.0
CHALON SUR SAONE,KARLSRUHE HBF,6,0.00034246575342465754
CHALON SUR SAONE,KARLSRUHE HBF,7,0.0
CHALON SUR SAONE,KARLSRUHE HBF,8,0.0
CHALON SUR SAONE,KARLSRUHE HBF,9,0.0
CHALON SUR SAONE,KARLSRUHE HBF,10,0.0
CHALON SUR SAONE,KARLSRUHE HBF,11,0.0
CHALON SUR SAONE,KARLSRUHE HBF,12,0.0
CHALON SUR SAONE,KARLSRUHE HBF,13,0.0
CHALON SUR SAONE,KARLSRUHE HBF,14,0.0
CHALON SUR SAONE,KARLSRUHE HBF,15,0.0
CHALON SUR SAONE,KARLSRUHE HBF,16,0.0
CHALON SUR SAONE,KARLSRUHE HBF,17,0.0
CHALON SUR SAONE,KARLSRUHE HBF,18,0.0
CHALON SUR SAONE,KARLSRUHE HBF,19,0.0
CHALON SUR SAONE,KARLSRUHE HBF,20,0.0
CHALON SUR SAONE,KARLSRUHE HBF,21,0.0
CHALON SUR SAONE,KARLSRUHE HBF,22,0.0
CHALON SUR SAONE,KARLSRUHE HBF,23,0.0
CHALON SUR SAONE,KARLSRUHE HBF,24,0.0
CHALON SUR SAONE,KARLSRUHE HBF,25,0.0
CHALON SUR SAONE,KARLSRUHE HBF,26,0.0
CHALON SUR SAONE,KARLSRUHE HBF,27,0.0
CHALON SUR SAONE,KARLSRUHE HBF,28,0.0
CHALON SUR SAONE,KARLSRUHE HBF,29,0.0
CHALON SUR SAONE,KARLSRUHE HBF,30,0.0
CHALON SUR SAONE,MANNHEIM HBF,0,0.0
CHALON SUR SAONE,MANNHEIM HBF,1,0.0
CHALON SUR SAONE,MANNHEIM HBF,2,0.0
CHALON SUR SAONE,MANNHEIM HBF,3,0.0
CHALON SUR SAONE,MANNHEIM HBF,4,0.0
CHALON SUR SAONE,MANNHEIM HBF,5,0.0
CHALON SUR SAONE,MANNHEIM HBF,6,0.0006896551724137932
CHALON SUR SAONE,MANNHEIM HBF,7,0.0
CHALON SUR SAONE,MANNHEIM HBF,8,0.0
CHALON SUR SAONE,MANNHEIM HBF,9,0.0
CHALON SUR SAONE,MANNHEIM HBF,10,0.0
CHALON SUR SAONE,MANNHEIM HBF,11,0.0
CHALON SUR SAONE,MANNHEIM HBF,12,0.0
CHALON SUR SAONE,MANNHEIM HBF,13,0.0
CHALON SUR SAONE,MANNHEIM HBF,14,0.0
CHALON SUR SAONE,MANNHEIM HBF,15,0.0
CHALON SUR SAONE,MANNHEIM HBF,16,0.0
CHALON SUR SAONE,MANNHEIM HBF,17,0.0
CHALON SUR SAONE,MANNHEIM HBF,18,0.0
CHALON SUR SAONE,MANNHEIM HBF,19,0.0
CHALON SUR SAONE,MANNHEIM HBF,20,0.0
CHALON SUR SAONE,MANNHEIM HBF,21,0.0
CHALON SUR SAONE,MANNHEIM HBF,22,0.0
CHALON SUR SAONE,MANNHEIM HBF,23,0.0
CHALON SUR SAONE,MANNHEIM HBF,24,0.0
CHALON SUR SAONE,MANNHEIM HBF,25,0.0
CHALON SUR SAONE,MANNHEIM HBF,26,0.0
CHALON SUR SAONE,MANNHEIM HBF,27,0.0
CHALON SUR SAONE,MANNHEIM HBF,28,0.0
CHALON SUR SAONE,MANNHEIM HBF,29,0.0
CHALON SUR SAONE,MANNHEIM HBF,30,0.0
CHALON SUR SAONE,MULHOUSE VILLE,0,0.01091549295774648
CHALON SUR SAONE,MULHOUSE VILLE,1,0.02097902097902098
CHALON SUR SAONE,MULHOUSE VILLE,2,0.016783216783216783
CHALON SUR SAONE,MULHOUSE VILLE,3,0.01958041958041958
CHALON SUR SAONE,MULHOUSE VILLE,4,0.0013698630136986301
CHALON SUR SAONE,MULHOUSE VILLE,5,0.0017241379310344827
CHALON SUR SAONE,MULHOUSE VILLE,6,0.007876712328767122
CHALON SUR SAONE,MULHOUSE VILLE,7,0.0
CHALON SUR SAONE,MULHOUSE VILLE,8,0.0
CHALON SUR SAONE,MULHOUSE VILLE,9,0.0
CHALON SUR SAONE,MULHOUSE VILLE,10,0.0
CHALON SUR SAONE,MULHOUSE VILLE,11,0.0
CHALON SUR SAONE,MULHOUSE VILLE,12,0.0
CHALON SUR SAONE,MULHOUSE VILLE,13,0.0
CHALON SUR SAONE,MULHOUSE VILLE,14,0.0
CHALON SUR SAONE,MULHOUSE VILLE,15,0.0
CHALON SUR SAONE,MULHOUSE VILLE,16,0.0
CHALON SUR SAONE,MULHOUSE VILLE,17,0.0
CHALON SUR SAONE,MULHOUSE VILLE,18,0.0
CHALON SUR SAONE,MULHOUSE VILLE,19,0.0
CHALON SUR SAONE,MULHOUSE VILLE,20,0.0
CHALON SUR SAONE,MULHOUSE VILLE,21,0.0
CHALON SUR SAONE,MULHOUSE VILLE,22,0.0
CHALON SUR SAONE,MULHOUSE VILLE,23,0.0
CHALON SUR SAONE,MULHOUSE VILLE,24,0.0
CHALON SUR SAONE,MULHOUSE VILLE,25,0.0
CHALON SUR SAONE,MULHOUSE VILLE,26,0.0
CHALON SUR SAONE,MULHOUSE VILLE,27,0.0
CHALON SUR SAONE,MULHOUSE VILLE,28,0.0
CHALON SUR SAONE,MULHOUSE VILLE,29,0.0
CHALON SUR SAONE,MULHOUSE VILLE,30,0.0
CHALON SUR SAONE,STRASBOURG,0,0.014084507042253521
CHALON SUR SAONE,STRASBOURG,1,0.023076923076923075
CHALON SUR SAONE,STRASBOURG,2,0.016783216783216783
CHALON SUR SAONE,STRASBOURG,3,0.017482517482517484
CHALON SUR SAONE,STRASBOURG,4,0.003767123287671233
CHALON SUR SAONE,STRASBOURG,5,0.0024137931034482756
CHALON SUR SAONE,STRASBOURG,6,0.010958904109589041
CHALON SUR SAONE,STRASBOURG,7,0.0013605442176870747
CHALON SUR SAONE,STRASBOURG,8,0.0
CHALON SUR SAONE,STRASBOURG,9,0.0
CHALON SUR SAONE,STRASBOURG,10,0.0
CHALON SUR SAONE,STRASBOURG,11,0.0
CHALON SUR SAONE,STRASBOURG,12,0.0
CHALON SUR SAONE,STRASBOURG,13,0.0
CHALON SUR SAONE,STRASBOURG,14,0.0
CHALON SUR SAONE,STRASBOURG,15,0.0
CHALON SUR SAONE,STRASBOURG,16,0.0
CHALON SUR SAONE,STRASBOURG,17,0.0
CHALON SUR SAONE,STRASBOURG,18,0.0
CHALON SUR SAONE,STRASBOURG,19,0.0
CHALON SUR SAONE,STRASBOURG,20,0.0
CHALON SUR SAONE,STRASBOURG,21,0.0
CHALON SUR SAONE,STRASBOURG,22,0.0
CHALON SUR SAONE,STRASBOURG,23,0.0
CHALON SUR SAONE,STRASBOURG,24,0.0
CHALON SUR SAONE,STRASBOURG,25,0.0
CHALON SUR SAONE,STRASBOURG,26,0.0
CHALON SUR SAONE,STRASBOURG,27,0.0
CHALON SUR SAONE,STRASBOURG,28,0.0
CHALON SUR SAONE,STRASBOURG,29,0.0
CHALON SUR SAONE,STRASBOURG,30,0.0
KARLSRUHE HBF,FRANKFURT AM MAIN HBF,0,0.0
KARLSRUHE HBF,FRANKFURT AM MAIN HBF,1,0.0
KARLSRUHE HBF,FRANKFURT AM MAIN HBF,2,0.0
KARLSRUHE HBF,FRANKFURT AM MAIN HBF,3,0.0
KARLSRUHE HBF,FRANKFURT AM MAIN HBF,4,0.0
KARLSRUHE HBF,FRANKFURT AM MAIN HBF,5,0.0
KARLSRUHE HBF,FRANKFURT AM MAIN HBF,6,0.0
KARLSRUHE HBF,FRANKFURT AM MAIN HBF,7,0.0
KARLSRUHE HBF,FRANKFURT AM MAIN HBF,8,0.0
KARLSRUHE HBF,FRANKFURT AM MAIN HBF,9,0.0
KARLSRUHE HBF,FRANKFURT AM MAIN HBF,10,0.0
KARLSRUHE HBF,FRANKFURT AM MAIN HBF,11,0.0
KARLSRUHE HBF,FRANKFURT AM MAIN HBF,12,0.0
KARLSRUHE HBF,FRANKFURT AM MAIN HBF,13,0.0
KARLSRUHE HBF,FRANKFURT AM MAIN HBF,14,0.0
KARLSRUHE HBF,FRANKFURT AM MAIN HBF,15,0.0
KARLSRUHE HBF,FRANKFURT AM MAIN HBF,16,0.0
KARLSRUHE HBF,FRANKFURT AM MAIN HBF,17,0.0
KARLSRUHE HBF,FRANKFURT AM MAIN HBF,18,0.0
KARLSRUHE HBF,FRANKFURT AM MAIN HBF,19,0.0
KARLSRUHE HBF,FRANKFURT AM MAIN HBF,20,0.0
KARLSRUHE HBF,FRANKFURT AM MAIN HBF,21,0.0
KARLSRUHE HBF,FRANKFURT AM MAIN HBF,22,0.0
KARLSRUHE HBF,FRANKFURT AM MAIN HBF,23,0.0
KARLSRUHE HBF,FRANKFURT AM MAIN HBF,24,0.0
KARLSRUHE HBF,FRANKFURT AM MAIN HBF,25,0.0
KARLSRUHE HBF,FRANKFURT AM MAIN HBF,26,0.0
KARLSRUHE HBF,FRANKFURT AM MAIN HBF,27,0.0
KARLSRUHE HBF,FRANKFURT AM MAIN HBF,28,0.0
KARLSRUHE HBF,FRANKFURT AM MAIN HBF,29,0.0
KARLSRUHE HBF,FRANKFURT AM MAIN HBF,30,0.0
KARLSRUHE HBF,MANNHEIM HBF,0,0.0
KARLSRUHE HBF,MANNHEIM HBF,1,0.0
KARLSRUHE HBF,MANNHEIM HBF,2,0.0
KARLSRUHE HBF,MANNHEIM HBF,3,0.0
KARLSRUHE HBF,MANNHEIM HBF,4,0.0
KARLSRUHE HBF,MANNHEIM HBF,5,0.0
KARLSRUHE HBF,MANNHEIM HBF,6,0.0
KARLSRUHE HBF,MANNHEIM HBF,7,0.0
KARLSRUHE HBF,MANNHEIM HBF,8,0.0
KARLSRUHE HBF,MANNHEIM HBF,9,0.0
KARLSRUHE HBF,MANNHEIM HBF,10,0.0
KARLSRUHE HBF,MANNHEIM HBF,11,0.0
KARLSRUHE HBF,MANNHEIM HBF,12,0.0
KARLSRUHE HBF,MANNHEIM HBF,13,0.0
KARLSRUHE HBF,MANNHEIM HBF,14,0.0
KARLSRUHE HBF,MANNHEIM HBF,15,0.0
KARLSRUHE HBF,MANNHEIM HBF,16,0.0
KARLSRUHE HBF,MANNHEIM HBF,17,0.0
KARLSRUHE HBF,MANNHEIM HBF,18,0.0
KARLSRUHE HBF,MANNHEIM HBF,19,0.0
KARLSRUHE HBF,MANNHEIM HBF,20,0.0
KARLSRUHE HBF,MANNHEIM HBF,21,0.0
KARLSRUHE HBF,MANNHEIM HBF,22,0.0
KARLSRUHE HBF,MANNHEIM HBF,23,0.0
KARLSRUHE HBF,MANNHEIM HBF,24,0.0
KARLSRUHE HBF,MANNHEIM HBF,25,0.0
KARLSRUHE HBF,MANNHEIM HBF,26,0.0
KARLSRUHE HBF,MANNHEIM HBF,27,0.0
KARLSRUHE HBF,MANNHEIM HBF,28,0.0
KARLSRUHE HBF,MANNHEIM HBF,29,0.0
KARLSRUHE HBF,MANNHEIM HBF,30,0.0
LYON (intramuros),BADEN BADEN,0,0.0010416666666666669
LYON (intramuros),BADEN BADEN,1,0.0006896551724137932
LYON (intramuros),BADEN BADEN,2,0.0017241379310344827
LYON (intramuros),BADEN BADEN,3,0.0006896551724137932
LYON (intramuros),BADEN BADEN,4,0.0
LYON (intramuros),BADEN BADEN,5,0.0
LYON (intramuros),BADEN BADEN,6,0.0
LYON (intramuros),BADEN BADEN,7,0.0
LYON (intramuros),BADEN BADEN,8,0.0
LYON (intramuros),BADEN BADEN,9,0.0
LYON (intramuros),BADEN BADEN,10,0.0
LYON (intramuros),BADEN BADEN,11,0.0
LYON (intramuros),BADEN BADEN,12,0.0
LYON (intramuros),BADEN BADEN,13,0.0
LYON (intramuros),BADEN BADEN,14,0.0
LYON (intramuros),BADEN BADEN,15,0.0
LYON (intramuros),BADEN BADEN,16,0.0
LYON (intramuros),BADEN BADEN,17,0.0
LYON (intramuros),BADEN BADEN,18,0.0
LYON (intramuros),BADEN BADEN,19,0.0
LYON (intramuros),BADEN BADEN,20,0.0
LYON (intramuros),BADEN BADEN,21,0.0
LYON (intramuros),BADEN BADEN,22,0.0
LYON (intramuros),BADEN BADEN,23,0.0
LYON (intramuros),BADEN BADEN,24,0.0
LYON (intramuros),BADEN BADEN,25,0.0
LYON (intramuros),BADEN BADEN,26,0.0
LYON (intramuros),BADEN BADEN,27,0.0
LYON (intramuros),BADEN BADEN,28,0.0
LYON (intramuros),BADEN BADEN,29,0.0
LYON (intramuros),BADEN BADEN,30,0.0
LYON (intramuros),BELFORT MONTBELIARD TGV,0,0.06041666666666666
LYON (intramuros),BELFORT MONTBELIARD TGV,1,0.04827586206896552
LYON (intramuros),BELFORT MONTBELIARD TGV,2,0.047241379310344826
LYON (intramuros),BELFORT MONTBELIARD TGV,3,0.03206896551724137
LYON (intramuros),BELFORT MONTBELIARD TGV,4,0.012837837837837837
LYON (intramuros),BELFORT MONTBELIARD TGV,5,0.01326530612244898
LYON (intramuros),BELFORT MONTBELIARD TGV,6,0.00912162162162162
LYON (intramuros),BELFORT MONTBELIARD TGV,7,0.001006711409395973
LYON (intramuros),BELFORT MONTBELIARD TGV,8,0.0
LYON (intramuros),BELFORT MONTBELIARD TGV,9,0.0
LYON (intramuros),BELFORT MONTBELIARD TGV,10,0.0
LYON (intramuros),BELFORT MONTBELIARD TGV,11,0.0
LYON (intramuros),BELFORT MONTBELIARD TGV,12,0.0
LYON (intramuros),BELFORT MONTBELIARD TGV,13,0.0
LYON (intramuros),BELFORT MONTBELIARD TGV,14,0.0
LYON (intramuros),BELFORT MONTBELIARD TGV,15,0.0
LYON (intramuros),BELFORT MONTBELIARD TGV,16,0.0
LYON (intramuros),BELFORT MONTBELIARD TGV,17,0.0
LYON (intramuros),BELFORT MONTBELIARD TGV,18,0.0
LYON (intramuros),BELFORT MONTBELIARD TGV,19,0.0
LYON (intramuros),BELFORT MONTBELIARD TGV,20,0.0
LYON (intramuros),BELFORT MONTBELIARD TGV,21,0.0
LYON (intramuros),BELFORT MONTBELIARD TGV,22,0.0
LYON (intramuros),BELFORT MONTBELIARD TGV,23,0.0
LYON (intramuros),BELFORT MONTBELIARD TGV,24,0.0
LYON (intramuros),BELFORT MONTBELIARD TGV,25,0.0
LYON (intramuros),BELFORT MONTBELIARD TGV,26,0.0
LYON (intramuros),BELFORT MONTBELIARD TGV,27,0.0
LYON (intramuros),BELFORT MONTBELIARD TGV,28,0.0
LYON (intramuros),BELFORT MONTBELIARD TGV,29,0.0
LYON (intramuros),BELFORT MONTBELIARD TGV,30,0.0
LYON (intramuros),BESANCON FRANCHE COMTE TGV,0,0.05763888888888889
LYON (intramuros),BESANCON FRANCHE COMTE TGV,1,0.05172413793103448
LYON (intramuros),BESANCON FRANCHE COMTE TGV,2,0.045172413793103446
LYON (intramuros),BESANCON FRANCHE COMTE TGV,3,0.03172413793103448
LYON (intramuros),BESANCON FRANCHE COMTE TGV,4,0.009797297297297298
LYON (intramuros),BESANCON FRANCHE COMTE TGV,5,0.009863945578231292
LYON (intramuros),BESANCON FRANCHE COMTE TGV,6,0.00777027027027027
LYON (intramuros),BESANCON FRANCHE COMTE TGV,7,0.0006711409395973155
LYON (intramuros),BESANCON FRANCHE COMTE TGV,8,0.0
LYON (intramuros),BESANCON FRANCHE COMTE TGV,9,0.0
LYON (intramuros),BESANCON FRANCHE COMTE TGV,10,0.0
LYON (intramuros),BESANCON FRANCHE COMTE TGV,11,0.0
LYON (intramuros),BESANCON FRANCHE COMTE TGV,12,0.0
LYON (intramuros),BESANCON FRANCHE COMTE TGV,13,0.0
LYON (intramuros),BESANCON FRANCHE COMTE TGV,14,0.0
LYON (intramuros),BESANCON FRANCHE COMTE TGV,15,0.0
LYON (intramuros),BESANCON FRANCHE COMTE TGV,16,0.0
LYON (intramuros),BESANCON FRANCHE COMTE TGV,17,0.0
LYON (intramuros),BESANCON FRANCHE COMTE TGV,18,0.0
LYON (intramuros),BESANCON FRANCHE COMTE TGV,19,0.0
LYON (intramuros),BESANCON FRANCHE COMTE TGV,20,0.0
LYON (intramuros),BESANCON FRANCHE COMTE TGV,21,0.0
LYON (intramuros),BESANCON FRANCHE COMTE TGV,22,0.0
LYON (intramuros),BESANCON FRANCHE COMTE TGV,23,0.0
LYON (intramuros),BESANCON FRANCHE COMTE TGV,24,0.0
LYON (intramuros),BESANCON FRANCHE COMTE TGV,25,0.0
LYON (intramuros),BESANCON FRANCHE COMTE TGV,26,0.0
LYON (intramuros),BESANCON FRANCHE COMTE TGV,27,0.0
LYON (intramuros),BESANCON FRANCHE COMTE TGV,28,0.0
LYON (intramuros),BESANCON FRANCHE COMTE TGV,29,0.0
LYON (intramuros),BESANCON FRANCHE COMTE TGV,30,0.0
LYON (intramuros),CHALON SUR SAONE,0,0.014084507042253521
LYON (intramuros),CHALON SUR SAONE,1,0.017482517482517484
LYON (intramuros),CHALON SUR SAONE,2,0.016083916083916083
LYON (intramuros),CHALON SUR SAONE,3,0.016433566433566433
LYON (intramuros),CHALON SUR SAONE,4,0.0027397260273972603
LYON (intramuros),CHALON SUR SAONE,5,0.0013793103448275863
LYON (intramuros),CHALON SUR SAONE,6,0.010273972602739725
LYON (intramuros),CHALON SUR SAONE,7,0.00272108843537415
LYON (intramuros),CHALON SUR SAONE,8,0.0003448275862068966
LYON (intramuros),CHALON SUR SAONE,9,0.0
LYON (intramuros),CHALON SUR SAONE,10,0.0
LYON (intramuros),CHALON SUR SAONE,11,0.0
LYON (intramuros),CHALON SUR SAONE,12,0.0
LYON (intramuros),CHALON SUR SAONE,13,0.0
LYON (intramuros),CHALON SUR SAONE,14,0.0
LYON (intramuros),CHALON SUR SAONE,15,0.0
LYON (intramuros),CHALON SUR SAONE,16,0.0
LYON (intramuros),CHALON SUR SAONE,17,0.0
LYON (intramuros),CHALON SUR SAONE,18,0.0
LYON (intramuros),CHALON SUR SAONE,19,0.0
LYON (intramuros),CHALON SUR SAONE,20,0.0
LYON (intramuros),CHALON SUR SAONE,21,0.0
LYON (intramuros),CHALON SUR SAONE,22,0.0
LYON (intramuros),CHALON SUR SAONE,23,0.0
LYON (intramuros),CHALON SUR SAONE,24,0.0
LYON (intramuros),CHALON SUR SAONE,25,0.0
LYON (intramuros),CHALON SUR SAONE,26,0.0
LYON (intramuros),CHALON SUR SAONE,27,0.0
LYON (intramuros),CHALON SUR SAONE,28,0.0
LYON (intramuros),CHALON SUR SAONE,29,0.0
LYON (intramuros),CHALON SUR SAONE,30,0.0
LYON (intramuros),FRANKFURT AM MAIN HBF,0,0.00034965034965034965
LYON (intramuros),FRANKFURT AM MAIN HBF,1,0.00034722222222222224
LYON (intramuros),FRANKFURT AM MAIN HBF,2,0.0
LYON (intramuros),FRANKFURT AM MAIN HBF,3,0.0006944444444444445
LYON (intramuros),FRANKFURT AM MAIN HBF,4,0.0006802721088435375
LYON (intramuros),FRANKFURT AM MAIN HBF,5,0.0006849315068493151
LYON (intramuros),FRANKFURT AM MAIN HBF,6,0.0006802721088435375
LYON (intramuros),FRANKFURT AM MAIN HBF,7,0.0
LYON (intramuros),FRANKFURT AM MAIN HBF,8,0.0
LYON (intramuros),FRANKFURT AM MAIN HBF,9,0.0
LYON (intramuros),FRANKFURT AM MAIN HBF,10,0.0
LYON (intramuros),FRANKFURT AM MAIN HBF,11,0.0
LYON (intramuros),FRANKFURT AM MAIN HBF,12,0.0
LYON (intramuros),FRANKFURT AM MAIN HBF,13,0.0
LYON (intramuros),FRANKFURT AM MAIN HBF,14,0.0
LYON (intramuros),FRANKFURT AM MAIN HBF,15,0.0
LYON (intramuros),FRANKFURT AM MAIN HBF,16,0.0
LYON (intramuros),FRANKFURT AM MAIN HBF,17,0.0
LYON (intramuros),FRANKFURT AM MAIN HBF,18,0.0
LYON (intramuros),FRANKFURT AM MAIN HBF,19,0.0
LYON (intramuros),FRANKFURT AM MAIN HBF,20,0.0
LYON (intramuros),FRANKFURT AM MAIN HBF,21,0.0
LYON (intramuros),FRANKFURT AM MAIN HBF,22,0.0
LYON (intramuros),FRANKFURT AM MAIN HBF,23,0.0
LYON (intramuros),FRANKFURT AM MAIN HBF,24,0.0
LYON (intramuros),FRANKFURT AM MAIN HBF,25,0.0
LYON (intramuros),FRANKFURT AM MAIN HBF,26,0.0
LYON (intramuros),FRANKFURT AM MAIN HBF,27,0.0
LYON (intramuros),FRANKFURT AM MAIN HBF,28,0.0
LYON (intramuros),FRANKFURT AM MAIN HBF,29,0.0
LYON (intramuros),FRANKFURT AM MAIN HBF,30,0.0
LYON (intramuros),KARLSRUHE HBF,0,0.001388888888888889
LYON (intramuros),KARLSRUHE HBF,1,0.0006896551724137932
LYON (intramuros),KARLSRUHE HBF,2,0.0003448275862068966
LYON (intramuros),KARLSRUHE HBF,3,0.0003448275862068966
LYON (intramuros),KARLSRUHE HBF,4,0.0
LYON (intramuros),KARLSRUHE HBF,5,0.00034013605442176874
LYON (intramuros),KARLSRUHE HBF,6,0.0
LYON (intramuros),KARLSRUHE HBF,7,0.0
LYON (intramuros),KARLSRUHE HBF,8,0.0
LYON (intramuros),KARLSRUHE HBF,9,0.0
LYON (intramuros),KARLSRUHE HBF,10,0.0
LYON (intramuros),KARLSRUHE HBF,11,0.0
LYON (intramuros),KARLSRUHE HBF,12,0.0
LYON (intramuros),KARLSRUHE HBF,13,0.0
LYON (intramuros),KARLSRUHE HBF,14,0.0
LYON (intramuros),KARLSRUHE HBF,15,0.0
LYON (intramuros),KARLSRUHE HBF,16,0.0
LYON (intramuros),KARLSRUHE HBF,17,0.0
LYON (intramuros),KARLSRUHE HBF,18,0.0
LYON (intramuros),KARLSRUHE HBF,19,0.0
LYON (intramuros),KARLSRUHE HBF,20,0.0
LYON (intramuros),KARLSRUHE HBF,21,0.0
LYON (intramuros),KARLSRUHE HBF,22,0.0
LYON (intramuros),KARLSRUHE HBF,23,0.0
LYON (intramuros),KARLSRUHE HBF,24,0.0
LYON (intramuros),KARLSRUHE HBF,25,0.0
LYON (intramuros),KARLSRUHE HBF,26,0.0
LYON (intramuros),KARLSRUHE HBF,27,0.0
LYON (intramuros),KARLSRUHE HBF,28,0.0
LYON (intramuros),KARLSRUHE HBF,29,0.0
LYON (intramuros),KARLSRUHE HBF,30,0.0
LYON (intramuros),MANNHEIM HBF,0,0.0010489510489510492
LYON (intramuros),MANNHEIM HBF,1,0.0006944444444444445
LYON (intramuros),MANNHEIM HBF,2,0.0010416666666666669
LYON (intramuros),MANNHEIM HBF,3,0.0010416666666666669
LYON (intramuros),MANNHEIM HBF,4,0.0
LYON (intramuros),MANNHEIM HBF,5,0.0
LYON (intramuros),MANNHEIM HBF,6,0.0
LYON (intramuros),MANNHEIM HBF,7,0.0
LYON (intramuros),MANNHEIM HBF,8,0.0
LYON (intramuros),MANNHEIM HBF,9,0.0
LYON (intramuros),MANNHEIM HBF,10,0.0
LYON (intramuros),MANNHEIM HBF,11,0.0
LYON (intramuros),MANNHEIM HBF,12,0.0
LYON (intramuros),MANNHEIM HBF,13,0.0
LYON (intramuros),MANNHEIM HBF,14,0.0
LYON (intramuros),MANNHEIM HBF,15,0.0
LYON (intramuros),MANNHEIM HBF,16,0.0
LYON (intramuros),MANNHEIM HBF,17,0.0
LYON (intramuros),MANNHEIM HBF,18,0.0
LYON (intramuros),MANNHEIM HBF,19,0.0
LYON (intramuros),MANNHEIM HBF,20,0.0
LYON (intramuros),MANNHEIM HBF,21,0.0
LYON (intramuros),MANNHEIM HBF,22,0.0
LYON (intramuros),MANNHEIM HBF,23,0.0
LYON (intramuros),MANNHEIM HBF,24,0.0
LYON (intramuros),MANNHEIM HBF,25,0.0
LYON (intramuros),MANNHEIM HBF,26,0.0
LYON (intramuros),MANNHEIM HBF,27,0.0
LYON (intramuros),MANNHEIM HBF,28,0.0
LYON (intramuros),MANNHEIM HBF,29,0.0
LYON (intramuros),MANNHEIM HBF,30,0.0
LYON (intramuros),MULHOUSE VILLE,0,0.056944444444444436
LYON (intramuros),MULHOUSE VILLE,1,0.046206896551724136
LYON (intramuros),MULHOUSE VILLE,2,0.04551724137931034
LYON (intramuros),MULHOUSE VILLE,3,0.032413793103448274
LYON (intramuros),MULHOUSE VILLE,4,0.011486486486486485
LYON (intramuros),MULHOUSE VILLE,5,0.013265306122448979
LYON (intramuros),MULHOUSE VILLE,6,0.010472972972972974
LYON (intramuros),MULHOUSE VILLE,7,0.001342281879194631
LYON (intramuros),MULHOUSE VILLE,8,0.0
LYON (intramuros),MULHOUSE VILLE,9,0.0
LYON (intramuros),MULHOUSE VILLE,10,0.0
LYON (intramuros),MULHOUSE VILLE,11,0.0
LYON (intramuros),MULHOUSE VILLE,12,0.0
LYON (intramuros),MULHOUSE VILLE,13,0.0
LYON (intramuros),MULHOUSE VILLE,14,0.0
LYON (intramuros),MULHOUSE VILLE,15,0.0
LYON (intramuros),MULHOUSE VILLE,16,0.0
LYON (intramuros),MULHOUSE VILLE,17,0.0
LYON (intramuros),MULHOUSE VILLE,18,0.0
LYON (intramuros),MULHOUSE VILLE,19,0.0
LYON (intramuros),MULHOUSE VILLE,20,0.0
LYON (intramuros),MULHOUSE VILLE,21,0.0
LYON (intramuros),MULHOUSE VILLE,22,0.0
LYON (intramuros),MULHOUSE VILLE,23,0.0
LYON (intramuros),MULHOUSE VILLE,24,0.0
LYON (intramuros),MULHOUSE VILLE,25,0.0
LYON (intramuros),MULHOUSE VILLE,26,0.0
LYON (intramuros),MULHOUSE VILLE,27,0.0
LYON (intramuros),MULHOUSE VILLE,28,0.0
LYON (intramuros),MULHOUSE VILLE,29,0.0
LYON (intramuros),MULHOUSE VILLE,30,0.0
LYON (intramuros),STRASBOURG,0,0.057291666666666664
LYON (intramuros),STRASBOURG,1,0.048965517241379306
LYON (intramuros),STRASBOURG,2,0.04482758620689655
LYON (intramuros),STRASBOURG,3,0.03310344827586207
LYON (intramuros),STRASBOURG,4,0.011148648648648648
LYON (intramuros),STRASBOURG,5,0.011224489795918367
LYON (intramuros),STRASBOURG,6,0.008108108108108109
LYON (intramuros),STRASBOURG,7,0.0006711409395973155
LYON (intramuros),STRASBOURG,8,0.0
LYON (intramuros),STRASBOURG,9,0.0
LYON (intramuros),STRASBOURG,10,0.0
LYON (intramuros),STRASBOURG,11,0.0
LYON (intramuros),STRASBOURG,12,0.0
LYON (intramuros),STRASBOURG,13,0.0
LYON (intramuros),STRASBOURG,14,0.0
LYON (intramuros),STRASBOURG,15,0.0
LYON (intramuros),STRASBOURG,16,0.0
LYON (intramuros),STRASBOURG,17,0.0
LYON (intramuros),STRASBOURG,18,0.0
LYON (intramuros),STRASBOURG,19,0.0
LYON (intramuros),STRASBOURG,20,0.0
LYON (intramuros),STRASBOURG,21,0.0
LYON (intramuros),STRASBOURG,22,0.0
LYON (intramuros),STRASBOURG,23,0.0
LYON (intramuros),STRASBOURG,24,0.0
LYON (intramuros),STRASBOURG,25,0.0
LYON (intramuros),STRASBOURG,26,0.0
LYON (intramuros),STRASBOURG,27,0.0
LYON (intramuros),STRASBOURG,28,0.0
LYON (intramuros),STRASBOURG,29,0.0
LYON (intramuros),STRASBOURG,30,0.0
MANNHEIM HBF,FRANKFURT AM MAIN HBF,0,0.0
MANNHEIM HBF,FRANKFURT AM MAIN HBF,1,0.0
MANNHEIM HBF,FRANKFURT AM MAIN HBF,2,0.0
MANNHEIM HBF,FRANKFURT AM MAIN HBF,3,0.0
MANNHEIM HBF,FRANKFURT AM MAIN HBF,4,0.0
MANNHEIM HBF,FRANKFURT AM MAIN HBF,5,0.0
MANNHEIM HBF,FRANKFURT AM MAIN HBF,6,0.0
MANNHEIM HBF,FRANKFURT AM MAIN HBF,7,0.0
MANNHEIM HBF,FRANKFURT AM MAIN HBF,8,0.0
MANNHEIM HBF,FRANKFURT AM MAIN HBF,9,0.0
MANNHEIM HBF,FRANKFURT AM MAIN HBF,10,0.0
MANNHEIM HBF,FRANKFURT AM MAIN HBF,11,0.0
MANNHEIM HBF,FRANKFURT AM MAIN HBF,12,0.0
MANNHEIM HBF,FRANKFURT AM MAIN HBF,13,0.0
MANNHEIM HBF,FRANKFURT AM MAIN HBF,14,0.0
MANNHEIM HBF,FRANKFURT AM MAIN HBF,15,0.0
MANNHEIM HBF,FRANKFURT AM MAIN HBF,16,0.0
MANNHEIM HBF,FRANKFURT AM MAIN HBF,17,0.0
MANNHEIM HBF,FRANKFURT AM MAIN HBF,18,0.0
MANNHEIM HBF,FRANKFURT AM MAIN HBF,19,0.0
MANNHEIM HBF,FRANKFURT AM MAIN HBF,20,0.0
MANNHEIM HBF,FRANKFURT AM MAIN HBF,21,0.0
MANNHEIM HBF,FRANKFURT AM MAIN HBF,22,0.0
MANNHEIM HBF,FRANKFURT AM MAIN HBF,23,0.0
MANNHEIM HBF,FRANKFURT AM MAIN HBF,24,0.0
MANNHEIM HBF,FRANKFURT AM MAIN HBF,25,0.0
MANNHEIM HBF,FRANKFURT AM MAIN HBF,26,0.0
MANNHEIM HBF,FRANKFURT AM MAIN HBF,27,0.0
MANNHEIM HBF,FRANKFURT AM MAIN HBF,28,0.0
MANNHEIM HBF,FRANKFURT AM MAIN HBF,29,0.0
MANNHEIM HBF,FRANKFURT AM MAIN HBF,30,0.0
MARSEILLE ST CHARLES,AVIGNON TGV,0,0.7870503597122303
MARSEILLE ST CHARLES,AVIGNON TGV,1,0.8310714285714286
MARSEILLE ST CHARLES,AVIGNON TGV,2,0.8342857142857143
MARSEILLE ST CHARLES,AVIGNON TGV,3,0.8175
MARSEILLE ST CHARLES,AVIGNON TGV,4,0.6437062937062937
MARSEILLE ST CHARLES,AVIGNON TGV,5,0.6507042253521127
MARSEILLE ST CHARLES,AVIGNON TGV,6,0.6251748251748253
MARSEILLE ST CHARLES,AVIGNON TGV,7,0.019791666666666666
MARSEILLE ST CHARLES,AVIGNON TGV,8,0.0031690140845070424
MARSEILLE ST CHARLES,AVIGNON TGV,9,0.00034965034965034965
MARSEILLE ST CHARLES,AVIGNON TGV,10,0.0
MARSEILLE ST CHARLES,AVIGNON TGV,11,0.0
MARSEILLE ST CHARLES,AVIGNON TGV,12,0.0
MARSEILLE ST CHARLES,AVIGNON TGV,13,0.0
MARSEILLE ST CHARLES,AVIGNON TGV,14,0.0
MARSEILLE ST CHARLES,AVIGNON TGV,15,0.0
MARSEILLE ST CHARLES,AVIGNON TGV,16,0.0
MARSEILLE ST CHARLES,AVIGNON TGV,17,0.0
MARSEILLE ST CHARLES,AVIGNON TGV,18,0.0
MARSEILLE ST CHARLES,AVIGNON TGV,19,0.0
MARSEILLE ST CHARLES,AVIGNON TGV,20,0.0
MARSEILLE ST CHARLES,AVIGNON TGV,21,0.0
MARSEILLE ST CHARLES,AVIGNON TGV,22,0.0
MARSEILLE ST CHARLES,AVIGNON TGV,23,0.0
MARSEILLE ST CHARLES,AVIGNON TGV,24,0.0
MARSEILLE ST CHARLES,AVIGNON TGV,25,0.0
MARSEILLE ST CHARLES,AVIGNON TGV,26,0.0
MARSEILLE ST CHARLES,AVIGNON TGV,27,0.0
MARSEILLE ST CHARLES,AVIGNON TGV,28,0.0
MARSEILLE ST CHARLES,AVIGNON TGV,29,0.0
MARSEILLE ST CHARLES,AVIGNON TGV,30,0.0
MARSEILLE ST CHARLES,BADEN BADEN,0,0.0010714285714285715
MARSEILLE ST CHARLES,BADEN BADEN,1,0.0003546099290780142
MARSEILLE ST CHARLES,BADEN BADEN,2,0.0003546099290780142
MARSEILLE ST CHARLES,BADEN BADEN,3,0.0
MARSEILLE ST CHARLES,BADEN BADEN,4,0.0
MARSEILLE ST CHARLES,BADEN BADEN,5,0.00034965034965034965
MARSEILLE ST CHARLES,BADEN BADEN,6,0.00034722222222222224
MARSEILLE ST CHARLES,BADEN BADEN,7,0.0
MARSEILLE ST CHARLES,BADEN BADEN,8,0.0
MARSEILLE ST CHARLES,BADEN BADEN,9,0.0
MARSEILLE ST CHARLES,BADEN BADEN,10,0.0
MARSEILLE ST CHARLES,BADEN BADEN,11,0.0
MARSEILLE ST CHARLES,BADEN BADEN,12,0.0
MARSEILLE ST CHARLES,BADEN BADEN,13,0.0
MARSEILLE ST CHARLES,BADEN BADEN,14,0.0
MARSEILLE ST CHARLES,BADEN BADEN,15,0.0
MARSEILLE ST CHARLES,BADEN BADEN,16,0.0
MARSEILLE ST CHARLES,BADEN BADEN,17,0.0
MARSEILLE ST CHARLES,BADEN BADEN,18,0.0
MARSEILLE ST CHARLES,BADEN BADEN,19,0.0
MARSEILLE ST CHARLES,BADEN BADEN,20,0.0
MARSEILLE ST CHARLES,BADEN BADEN,21,0.0
MARSEILLE ST CHARLES,BADEN BADEN,22,0.0
MARSEILLE ST CHARLES,BADEN BADEN,23,0.0
MARSEILLE ST CHARLES,BADEN BADEN,24,0.0
MARSEILLE ST CHARLES,BADEN BADEN,25,0.0
MARSEILLE ST CHARLES,BADEN BADEN,26,0.0
MARSEILLE ST CHARLES,BADEN BADEN,27,0.0
MARSEILLE ST CHARLES,BADEN BADEN,28,0.0
MARSEILLE ST CHARLES,BADEN BADEN,29,0.0
MARSEILLE ST CHARLES,BADEN BADEN,30,0.0
MARSEILLE ST CHARLES,BELFORT MONTBELIARD TGV,0,0.01
MARSEILLE ST CHARLES,BELFORT MONTBELIARD TGV,1,0.0035460992907801418
MARSEILLE ST CHARLES,BELFORT MONTBELIARD TGV,2,0.004609929078014185
MARSEILLE ST CHARLES,BELFORT MONTBELIARD TGV,3,0.002482269503546099
MARSEILLE ST CHARLES,BELFORT MONTBELIARD TGV,4,0.0010416666666666667
MARSEILLE ST CHARLES,BELFORT MONTBELIARD TGV,5,0.005944055944055945
MARSEILLE ST CHARLES,BELFORT MONTBELIARD TGV,6,0.00625
MARSEILLE ST CHARLES,BELFORT MONTBELIARD TGV,7,0.0006896551724137932
MARSEILLE ST CHARLES,BELFORT MONTBELIARD TGV,8,0.0
MARSEILLE ST CHARLES,BELFORT MONTBELIARD TGV,9,0.0
MARSEILLE ST CHARLES,BELFORT MONTBELIARD TGV,10,0.0
MARSEILLE ST CHARLES,BELFORT MONTBELIARD TGV,11,0.0
MARSEILLE ST CHARLES,BELFORT MONTBELIARD TGV,12,0.0
MARSEILLE ST CHARLES,BELFORT MONTBELIARD TGV,13,0.0
MARSEILLE ST CHARLES,BELFORT MONTBELIARD TGV,14,0.0
MARSEILLE ST CHARLES,BELFORT MONTBELIARD TGV,15,0.0
MARSEILLE ST CHARLES,BELFORT MONTBELIARD TGV,16,0.0
MARSEILLE ST CHARLES,BELFORT MONTBELIARD TGV,17,0.0
MARSEILLE ST CHARLES,BELFORT MONTBELIARD TGV,18,0.0
MARSEILLE ST CHARLES,BELFORT MONTBELIARD TGV,19,0.0
MARSEILLE ST CHARLES,BELFORT MONTBELIARD TGV,20,0.0
MARSEILLE ST CHARLES,BELFORT MONTBELIARD TGV,21,0.0
MARSEILLE ST CHARLES,BELFORT MONTBELIARD TGV,22,0.0
MARSEILLE ST CHARLES,BELFORT MONTBELIARD TGV,23,0.0
MARSEILLE ST CHARLES,BELFORT MONTBELIARD TGV,24,0.0
MARSEILLE ST CHARLES,BELFORT MONTBELIARD TGV,25,0.0
MARSEILLE ST CHARLES,BELFORT MONTBELIARD TGV,26,0.0
MARSEILLE ST CHARLES,BELFORT MONTBELIARD TGV,27,0.0
MARSEILLE ST CHARLES,BELFORT MONTBELIARD TGV,28,0.0
MARSEILLE ST CHARLES,BELFORT MONTBELIARD TGV,29,0.0
MARSEILLE ST CHARLES,BELFORT MONTBELIARD TGV,30,0.0
MARSEILLE ST CHARLES,BESANCON FRANCHE COMTE TGV,0,0.0125
MARSEILLE ST CHARLES,BESANCON FRANCHE COMTE TGV,1,0.0039007092198581565
MARSEILLE ST CHARLES,BESANCON FRANCHE COMTE TGV,2,0.00425531914893617
MARSEILLE ST CHARLES,BESANCON FRANCHE COMTE TGV,3,0.0010638297872340428
MARSEILLE ST CHARLES,BESANCON FRANCHE COMTE TGV,4,0.0006944444444444445
MARSEILLE ST CHARLES,BESANCON FRANCHE COMTE TGV,5,0.0048951048951048955
MARSEILLE ST CHARLES,BESANCON FRANCHE COMTE TGV,6,0.006944444444444444
MARSEILLE ST CHARLES,BESANCON FRANCHE COMTE TGV,7,0.0013793103448275863
MARSEILLE ST CHARLES,BESANCON FRANCHE COMTE TGV,8,0.0
MARSEILLE ST CHARLES,BESANCON FRANCHE COMTE TGV,9,0.0
MARSEILLE ST CHARLES,BESANCON FRANCHE COMTE TGV,10,0.0
MARSEILLE ST CHARLES,BESANCON FRANCHE COMTE TGV,11,0.0
MARSEILLE ST CHARLES,BESANCON FRANCHE COMTE TGV,12,0.0
MARSEILLE ST CHARLES,BESANCON FRANCHE COMTE TGV,13,0.0
MARSEILLE ST CHARLES,BESANCON FRANCHE COMTE TGV,14,0.0
MARSEILLE ST CHARLES,BESANCON FRANCHE COMTE TGV,15,0.0
MARSEILLE ST CHARLES,BESANCON FRANCHE COMTE TGV,16,0.0
MARSEILLE ST CHARLES,BESANCON FRANCHE COMTE TGV,17,0.0
MARSEILLE ST CHARLES,BESANCON FRANCHE COMTE TGV,18,0.0
MARSEILLE ST CHARLES,BESANCON FRANCHE COMTE TGV,19,0.0
MARSEILLE ST CHARLES,BESANCON FRANCHE COMTE TGV,20,0.0
MARSEILLE ST CHARLES,BESANCON FRANCHE COMTE TGV,21,0.0
MARSEILLE ST CHARLES,BESANCON FRANCHE COMTE TGV,22,0.0
MARSEILLE ST CHARLES,BESANCON FRANCHE COMTE TGV,23,0.0
MARSEILLE ST CHARLES,BESANCON FRANCHE COMTE TGV,24,0.0
MARSEILLE ST CHARLES,BESANCON FRANCHE COMTE TGV,25,0.0
MARSEILLE ST CHARLES,BESANCON FRANCHE COMTE TGV,26,0.0
MARSEILLE ST CHARLES,BESANCON FRANCHE COMTE TGV,27,0.0
MARSEILLE ST CHARLES,BESANCON FRANCHE COMTE TGV,28,0.0
MARSEILLE ST CHARLES,BESANCON FRANCHE COMTE TGV,29,0.0
MARSEILLE ST CHARLES,BESANCON FRANCHE COMTE TGV,30,0.0
MARSEILLE ST CHARLES,CHALON SUR SAONE,0,0.011956521739130433
MARSEILLE ST CHARLES,CHALON SUR SAONE,1,0.0010791366906474822
MARSEILLE ST CHARLES,CHALON SUR SAONE,2,0.00035971223021582735
MARSEILLE ST CHARLES,CHALON SUR SAONE,3,0.00035971223021582735
MARSEILLE ST CHARLES,CHALON SUR SAONE,4,0.0014084507042253522
MARSEILLE ST CHARLES,CHALON SUR SAONE,5,0.006382978723404256
MARSEILLE ST CHARLES,CHALON SUR SAONE,6,0.007042253521126761
MARSEILLE ST CHARLES,CHALON SUR SAONE,7,0.00034965034965034965
MARSEILLE ST CHARLES,CHALON SUR SAONE,8,0.0
MARSEILLE ST CHARLES,CHALON SUR SAONE,9,0.0
MARSEILLE ST CHARLES,CHALON SUR SAONE,10,0.0
MARSEILLE ST CHARLES,CHALON SUR SAONE,11,0.0
MARSEILLE ST CHARLES,CHALON SUR SAONE,12,0.0
MARSEILLE ST CHARLES,CHALON SUR SAONE,13,0.0
MARSEILLE ST CHARLES,CHALON SUR SAONE,14,0.0
MARSEILLE ST CHARLES,CHALON SUR SAONE,15,0.0
MARSEILLE ST CHARLES,CHALON SUR SAONE,16,0.0
MARSEILLE ST CHARLES,CHALON SUR SAONE,17,0.0
MARSEILLE ST CHARLES,CHALON SUR SAONE,18,0.0
MARSEILLE ST CHARLES,CHALON SUR SAONE,19,0.0
MARSEILLE ST CHARLES,CHALON SUR SAONE,20,0.0
MARSEILLE ST CHARLES,CHALON SUR SAONE,21,0.0
MARSEILLE ST CHARLES,CHALON SUR SAONE,22,0.0
MARSEILLE ST CHARLES,CHALON SUR SAONE,23,0.0
MARSEILLE ST CHARLES,CHALON SUR SAONE,24,0.0
MARSEILLE ST CHARLES,CHALON SUR SAONE,25,0.0
MARSEILLE ST CHARLES,CHALON SUR SAONE,26,0.0
MARSEILLE ST CHARLES,CHALON SUR SAONE,27,0.0
MARSEILLE ST CHARLES,CHALON SUR SAONE,28,0.0
MARSEILLE ST CHARLES,CHALON SUR SAONE,29,0.0
MARSEILLE ST CHARLES,CHALON SUR SAONE,30,0.0
MARSEILLE ST CHARLES,FRANKFURT AM MAIN HBF,0,0.0007142857142857143
MARSEILLE ST CHARLES,FRANKFURT AM MAIN HBF,1,0.0
MARSEILLE ST CHARLES,FRANKFURT AM MAIN HBF,2,0.0003546099290780142
MARSEILLE ST CHARLES,FRANKFURT AM MAIN HBF,3,0.0017730496453900709
MARSEILLE ST CHARLES,FRANKFURT AM MAIN HBF,4,0.0006944444444444445
MARSEILLE ST CHARLES,FRANKFURT AM MAIN HBF,5,0.0006993006993006993
MARSEILLE ST CHARLES,FRANKFURT AM MAIN HBF,6,0.0020833333333333337
MARSEILLE ST CHARLES,FRANKFURT AM MAIN HBF,7,0.0
MARSEILLE ST CHARLES,FRANKFURT AM MAIN HBF,8,0.0
MARSEILLE ST CHARLES,FRANKFURT AM MAIN HBF,9,0.0
MARSEILLE ST CHARLES,FRANKFURT AM MAIN HBF,10,0.0
MARSEILLE ST CHARLES,FRANKFURT AM MAIN HBF,11,0.0
MARSEILLE ST CHARLES,FRANKFURT AM MAIN HBF,12,0.0
MARSEILLE ST CHARLES,FRANKFURT AM MAIN HBF,13,0.0
MARSEILLE ST CHARLES,FRANKFURT AM MAIN HBF,14,0.0
MARSEILLE ST CHARLES,FRANKFURT AM MAIN HBF,15,0.0
MARSEILLE ST CHARLES,FRANKFURT AM MAIN HBF,16,0.0
MARSEILLE ST CHARLES,FRANKFURT AM MAIN HBF,17,0.0
MARSEILLE ST CHARLES,FRANKFURT AM MAIN HBF,18,0.0
MARSEILLE ST CHARLES,FRANKFURT AM MAIN HBF,19,0.0
MARSEILLE ST CHARLES,FRANKFURT AM MAIN HBF,20,0.0
MARSEILLE ST CHARLES,FRANKFURT AM MAIN HBF,21,0.0
MARSEILLE ST CHARLES,FRANKFURT AM MAIN HBF,22,0.0
MARSEILLE ST CHARLES,FRANKFURT AM MAIN HBF,23,0.0
MARSEILLE ST CHARLES,FRANKFURT AM MAIN HBF,24,0.0
MARSEILLE ST CHARLES,FRANKFURT AM MAIN HBF,25,0.0
MARSEILLE ST CHARLES,FRANKFURT AM MAIN HBF,26,0.0
MARSEILLE ST CHARLES,FRANKFURT AM MAIN HBF,27,0.0
MARSEILLE ST CHARLES,FRANKFURT AM MAIN HBF,28,0.0
MARSEILLE ST CHARLES,FRANKFURT AM MAIN HBF,29,0.0
MARSEILLE ST CHARLES,FRANKFURT AM MAIN HBF,30,0.0
MARSEILLE ST CHARLES,KARLSRUHE HBF,0,0.00035714285714285714
MARSEILLE ST CHARLES,KARLSRUHE HBF,1,0.0
MARSEILLE ST CHARLES,KARLSRUHE HBF,2,0.0007092198581560284
MARSEILLE ST CHARLES,KARLSRUHE HBF,3,0.0
MARSEILLE ST CHARLES,KARLSRUHE HBF,4,0.0
MARSEILLE ST CHARLES,KARLSRUHE HBF,5,0.0006993006993006993
MARSEILLE ST CHARLES,KARLSRUHE HBF,6,0.0006944444444444445
MARSEILLE ST CHARLES,KARLSRUHE HBF,7,0.0
MARSEILLE ST CHARLES,KARLSRUHE HBF,8,0.0
MARSEILLE ST CHARLES,KARLSRUHE HBF,9,0.0
MARSEILLE ST CHARLES,KARLSRUHE HBF,10,0.0
MARSEILLE ST CHARLES,KARLSRUHE HBF,11,0.0
MARSEILLE ST CHARLES,KARLSRUHE HBF,12,0.0
MARSEILLE ST CHARLES,KARLSRUHE HBF,13,0.0
MARSEILLE ST CHARLES,KARLSRUHE HBF,14,0.0
MARSEILLE ST CHARLES,KARLSRUHE HBF,15,0.0
MARSEILLE ST CHARLES,KARLSRUHE HBF,16,0.0
MARSEILLE ST CHARLES,KARLSRUHE HBF,17,0.0
MARSEILLE ST CHARLES,KARLSRUHE HBF,18,0.0
MARSEILLE ST CHARLES,KARLSRUHE HBF,19,0.0
MARSEILLE ST CHARLES,KARLSRUHE HBF,20,0.0
MARSEILLE ST CHARLES,KARLSRUHE HBF,21,0.0
MARSEILLE ST CHARLES,KARLSRUHE HBF,22,0.0
MARSEILLE ST CHARLES,KARLSRUHE HBF,23,0.0
MARSEILLE ST CHARLES,KARLSRUHE HBF,24,0.0
MARSEILLE ST CHARLES,KARLSRUHE HBF,25,0.0
MARSEILLE ST CHARLES,KARLSRUHE HBF,26,0.0
MARSEILLE ST CHARLES,KARLSRUHE HBF,27,0.0
MARSEILLE ST CHARLES,KARLSRUHE HBF,28,0.0
MARSEILLE ST CHARLES,KARLSRUHE HBF,29,0.0
MARSEILLE ST CHARLES,KARLSRUHE HBF,30,0.0
MARSEILLE ST CHARLES,LYON (intramuros),0,0.5167857142857143
MARSEILLE ST CHARLES,LYON (intramuros),1,0.5067375886524823
MARSEILLE ST CHARLES,LYON (intramuros),2,0.5134751773049646
MARSEILLE ST CHARLES,LYON (intramuros),3,0.5531914893617021
MARSEILLE ST CHARLES,LYON (intramuros),4,0.3597222222222222
MARSEILLE ST CHARLES,LYON (intramuros),5,0.35244755244755244
MARSEILLE ST CHARLES,LYON (intramuros),6,0.34687500000000004
MARSEILLE ST CHARLES,LYON (intramuros),7,0.009310344827586208
MARSEILLE ST CHARLES,LYON (intramuros),8,0.00034965034965034965
MARSEILLE ST CHARLES,LYON (intramuros),9,0.0
MARSEILLE ST CHARLES,LYON (intramuros),10,0.0
MARSEILLE ST CHARLES,LYON (intramuros),11,0.0
MARSEILLE ST CHARLES,LYON (intramuros),12,0.0
MARSEILLE ST CHARLES,LYON (intramuros),13,0.0
MARSEILLE ST CHARLES,LYON (intramuros),14,0.0
MARSEILLE ST CHARLES,LYON (intramuros),15,0.0
MARSEILLE ST CHARLES,LYON (intramuros),16,0.0
MARSEILLE ST CHARLES,LYON (intramuros),17,0.0
MARSEILLE ST CHARLES,LYON (intramuros),18,0.0
MARSEILLE ST CHARLES,LYON (intramuros),19,0.0
MARSEILLE ST CHARLES,LYON (intramuros),20,0.0
MARSEILLE ST CHARLES,LYON (intramuros),21,0.0
MARSEILLE ST CHARLES,LYON (intramuros),22,0.0
MARSEILLE ST CHARLES,LYON (intramuros),23,0.0
MARSEILLE ST CHARLES,LYON (intramuros),24,0.0
MARSEILLE ST CHARLES,LYON (intramuros),25,0.0
MARSEILLE ST CHARLES,LYON (intramuros),26,0.0
MARSEILLE ST CHARLES,LYON (intramuros),27,0.0
MARSEILLE ST CHARLES,LYON (intramuros),28,0.0
MARSEILLE ST CHARLES,LYON (intramuros),29,0.0
MARSEILLE ST CHARLES,LYON (intramuros),30,0.0
MARSEILLE ST CHARLES,MANNHEIM HBF,0,0.0017857142857142857
MARSEILLE ST CHARLES,MANNHEIM HBF,1,0.0
MARSEILLE ST CHARLES,MANNHEIM HBF,2,0.0
MARSEILLE ST CHARLES,MANNHEIM HBF,3,0.0010638297872340428
MARSEILLE ST CHARLES,MANNHEIM HBF,4,0.00034722222222222224
MARSEILLE ST CHARLES,MANNHEIM HBF,5,0.00034965034965034965
MARSEILLE ST CHARLES,MANNHEIM HBF,6,0.001736111111111111
MARSEILLE ST CHARLES,MANNHEIM HBF,7,0.0
MARSEILLE ST CHARLES,MANNHEIM HBF,8,0.0
MARSEILLE ST CHARLES,MANNHEIM HBF,9,0.0
MARSEILLE ST CHARLES,MANNHEIM HBF,10,0.0
MARSEILLE ST CHARLES,MANNHEIM HBF,11,0.0
MARSEILLE ST CHARLES,MANNHEIM HBF,12,0.0
MARSEILLE ST CHARLES,MANNHEIM HBF,13,0.0
MARSEILLE ST CHARLES,MANNHEIM HBF,14,0.0
MARSEILLE ST CHARLES,MANNHEIM HBF,15,0.0
MARSEILLE ST CHARLES,MANNHEIM HBF,16,0.0
MARSEILLE ST CHARLES,MANNHEIM HBF,17,0.0
MARSEILLE ST CHARLES,MANNHEIM HBF,18,0.0
MARSEILLE ST CHARLES,MANNHEIM HBF,19,0.0
MARSEILLE ST CHARLES,MANNHEIM HBF,20,0.0
MARSEILLE ST CHARLES,MANNHEIM HBF,21,0.0
MARSEILLE ST CHARLES,MANNHEIM HBF,22,0.0
MARSEILLE ST CHARLES,MANNHEIM HBF,23,0.0
MARSEILLE ST CHARLES,MANNHEIM HBF,24,0.0
MARSEILLE ST CHARLES,MANNHEIM HBF,25,0.0
MARSEILLE ST CHARLES,MANNHEIM HBF,26,0.0
MARSEILLE ST CHARLES,MANNHEIM HBF,27,0.0
MARSEILLE ST CHARLES,MANNHEIM HBF,28,0.0
MARSEILLE ST CHARLES,MANNHEIM HBF,29,0.0
MARSEILLE ST CHARLES,MANNHEIM HBF,30,0.0
MARSEILLE ST CHARLES,MULHOUSE VILLE,0,0.012142857142857144
MARSEILLE ST CHARLES,MULHOUSE VILLE,1,0.0035460992907801418
MARSEILLE ST CHARLES,MULHOUSE VILLE,2,0.006028368794326242
MARSEILLE ST CHARLES,MULHOUSE VILLE,3,0.0010638297872340428
MARSEILLE ST CHARLES,MULHOUSE VILLE,4,0.00034722222222222224
MARSEILLE ST CHARLES,MULHOUSE VILLE,5,0.0034965034965034965
MARSEILLE ST CHARLES,MULHOUSE VILLE,6,0.006597222222222223
MARSEILLE ST CHARLES,MULHOUSE VILLE,7,0.0
MARSEILLE ST CHARLES,MULHOUSE VILLE,8,0.0
MARSEILLE ST CHARLES,MULHOUSE VILLE,9,0.0
MARSEILLE ST CHARLES,MULHOUSE VILLE,10,0.0
MARSEILLE ST CHARLES,MULHOUSE VILLE,11,0.0
MARSEILLE ST CHARLES,MULHOUSE VILLE,12,0.0
MARSEILLE ST CHARLES,MULHOUSE VILLE,13,0.0
MARSEILLE ST CHARLES,MULHOUSE VILLE,14,0.0
MARSEILLE ST CHARLES,MULHOUSE VILLE,15,0.0
MARSEILLE ST CHARLES,MULHOUSE VILLE,16,0.0
MARSEILLE ST CHARLES,MULHOUSE VILLE,17,0.0
MARSEILLE ST CHARLES,MULHOUSE VILLE,18,0.0
MARSEILLE ST CHARLES,MULHOUSE VILLE,19,0.0
MARSEILLE ST CHARLES,MULHOUSE VILLE,20,0.0
MARSEILLE ST CHARLES,MULHOUSE VILLE,21,0.0
MARSEILLE ST CHARLES,MULHOUSE VILLE,22,0.0
MARSEILLE ST CHARLES,MULHOUSE VILLE,23,0.0
MARSEILLE ST CHARLES,MULHOUSE VILLE,24,0.0
MARSEILLE ST CHARLES,MULHOUSE VILLE,25,0.0
MARSEILLE ST CHARLES,MULHOUSE VILLE,26,0.0
MARSEILLE ST CHARLES,MULHOUSE VILLE,27,0.0
MARSEILLE ST CHARLES,MULHOUSE VILLE,28,0.0
MARSEILLE ST CHARLES,MULHOUSE VILLE,29,0.0
MARSEILLE ST CHARLES,MULHOUSE VILLE,30,0.0
MARSEILLE ST CHARLES,STRASBOURG,0,0.012857142857142857
MARSEILLE ST CHARLES,STRASBOURG,1,0.0024822695035460994
MARSEILLE ST CHARLES,STRASBOURG,2,0.004964539007092198
MARSEILLE ST CHARLES,STRASBOURG,3,0.0017730496453900709
MARSEILLE ST CHARLES,STRASBOURG,4,0.00034722222222222224
MARSEILLE ST CHARLES,STRASBOURG,5,0.005244755244755245
MARSEILLE ST CHARLES,STRASBOURG,6,0.006597222222222223
MARSEILLE ST CHARLES,STRASBOURG,7,0.0006896551724137932
MARSEILLE ST CHARLES,STRASBOURG,8,0.0
MARSEILLE ST CHARLES,STRASBOURG,9,0.0
MARSEILLE ST CHARLES,STRASBOURG,10,0.0
MARSEILLE ST CHARLES,STRASBOURG,11,0.0
MARSEILLE ST CHARLES,STRASBOURG,12,0.0
MARSEILLE ST CHARLES,STRASBOURG,13,0.0
MARSEILLE ST CHARLES,STRASBOURG,14,0.0
MARSEILLE ST CHARLES,STRASBOURG,15,0.0
MARSEILLE ST CHARLES,STRASBOURG,16,0.0
MARSEILLE ST CHARLES,STRASBOURG,17,0.0
MARSEILLE ST CHARLES,STRASBOURG,18,0.0
MARSEILLE ST CHARLES,STRASBOURG,19,0.0
MARSEILLE ST CHARLES,STRASBOURG,20,0.0
MARSEILLE ST CHARLES,STRASBOURG,21,0.0
MARSEILLE ST CHARLES,STRASBOURG,22,0.0
MARSEILLE ST CHARLES,STRASBOURG,23,0.0
MARSEILLE ST CHARLES,STRASBOURG,24,0.0
MARSEILLE ST CHARLES,STRASBOURG,25,0.0
MARSEILLE ST CHARLES,STRASBOURG,26,0.0
MARSEILLE ST CHARLES,STRASBOURG,27,0.0
MARSEILLE ST CHARLES,STRASBOURG,28,0.0
MARSEILLE ST CHARLES,STRASBOURG,29,0.0
MARSEILLE ST CHARLES,STRASBOURG,30,0.0
MULHOUSE VILLE,BADEN BADEN,0,0.0
MULHOUSE VILLE,BADEN BADEN,1,0.0003448275862068966
MULHOUSE VILLE,BADEN BADEN,2,0.0006896551724137932
MULHOUSE VILLE,BADEN BADEN,3,0.0
MULHOUSE VILLE,BADEN BADEN,4,0.0
MULHOUSE VILLE,BADEN BADEN,5,0.0
MULHOUSE VILLE,BADEN BADEN,6,0.0
MULHOUSE VILLE,BADEN BADEN,7,0.0
MULHOUSE VILLE,BADEN BADEN,8,0.0
MULHOUSE VILLE,BADEN BADEN,9,0.0
MULHOUSE VILLE,BADEN BADEN,10,0.0
MULHOUSE VILLE,BADEN BADEN,11,0.0
MULHOUSE VILLE,BADEN BADEN,12,0.0
MULHOUSE VILLE,BADEN BADEN,13,0.0
MULHOUSE VILLE,BADEN BADEN,14,0.0
MULHOUSE VILLE,BADEN BADEN,15,0.0
MULHOUSE VILLE,BADEN BADEN,16,0.0
MULHOUSE VILLE,BADEN BADEN,17,0.0
MULHOUSE VILLE,BADEN BADEN,18,0.0
MULHOUSE VILLE,BADEN BADEN,19,0.0
MULHOUSE VILLE,BADEN BADEN,20,0.0
MULHOUSE VILLE,BADEN BADEN,21,0.0
MULHOUSE VILLE,BADEN BADEN,22,0.0
MULHOUSE VILLE,BADEN BADEN,23,0.0
MULHOUSE VILLE,BADEN BADEN,24,0.0
MULHOUSE VILLE,BADEN BADEN,25,0.0
MULHOUSE VILLE,BADEN BADEN,26,0.0
MULHOUSE VILLE,BADEN BADEN,27,0.0
MULHOUSE VILLE,BADEN BADEN,28,0.0
MULHOUSE VILLE,BADEN BADEN,29,0.0
MULHOUSE VILLE,BADEN BADEN,30,0.0
MULHOUSE VILLE,FRANKFURT AM MAIN HBF,0,0.0
MULHOUSE VILLE,FRANKFURT AM MAIN HBF,1,0.0
MULHOUSE VILLE,FRANKFURT AM MAIN HBF,2,0.0
MULHOUSE VILLE,FRANKFURT AM MAIN HBF,3,0.0
MULHOUSE VILLE,FRANKFURT AM MAIN HBF,4,0.0
MULHOUSE VILLE,FRANKFURT AM MAIN HBF,5,0.0
MULHOUSE VILLE,FRANKFURT AM MAIN HBF,6,0.0
MULHOUSE VILLE,FRANKFURT AM MAIN HBF,7,0.0
MULHOUSE VILLE,FRANKFURT AM MAIN HBF,8,0.0
MULHOUSE VILLE,FRANKFURT AM MAIN HBF,9,0.0
MULHOUSE VILLE,FRANKFURT AM MAIN HBF,10,0.0
MULHOUSE VILLE,FRANKFURT AM MAIN HBF,11,0.0
MULHOUSE VILLE,FRANKFURT AM MAIN HBF,12,0.0
MULHOUSE VILLE,FRANKFURT AM MAIN HBF,13,0.0
MULHOUSE VILLE,FRANKFURT AM MAIN HBF,14,0.0
MULHOUSE VILLE,FRANKFURT AM MAIN HBF,15,0.0
MULHOUSE VILLE,FRANKFURT AM MAIN HBF,16,0.0
MULHOUSE VILLE,FRANKFURT AM MAIN HBF,17,0.0
MULHOUSE VILLE,FRANKFURT AM MAIN HBF,18,0.0
MULHOUSE VILLE,FRANKFURT AM MAIN HBF,19,0.0
MULHOUSE VILLE,FRANKFURT AM MAIN HBF,20,0.0
MULHOUSE VILLE,FRANKFURT AM MAIN HBF,21,0.0
MULHOUSE VILLE,FRANKFURT AM MAIN HBF,22,0.0
MULHOUSE VILLE,FRANKFURT AM MAIN HBF,23,0.0
MULHOUSE VILLE,FRANKFURT AM MAIN HBF,24,0.0
MULHOUSE VILLE,FRANKFURT AM MAIN HBF,25,0.0
MULHOUSE VILLE,FRANKFURT AM MAIN HBF,26,0.0
MULHOUSE VILLE,FRANKFURT AM MAIN HBF,27,0.0
MULHOUSE VILLE,FRANKFURT AM MAIN HBF,28,0.0
MULHOUSE VILLE,FRANKFURT AM MAIN HBF,29,0.0
MULHOUSE VILLE,FRANKFURT AM MAIN HBF,30,0.0
MULHOUSE VILLE,KARLSRUHE HBF,0,0.0
MULHOUSE VILLE,KARLSRUHE HBF,1,0.0
MULHOUSE VILLE,KARLSRUHE HBF,2,0.0
MULHOUSE VILLE,KARLSRUHE HBF,3,0.0
MULHOUSE VILLE,KARLSRUHE HBF,4,0.0
MULHOUSE VILLE,KARLSRUHE HBF,5,0.0
MULHOUSE VILLE,KARLSRUHE HBF,6,0.0
MULHOUSE VILLE,KARLSRUHE HBF,7,0.0
MULHOUSE VILLE,KARLSRUHE HBF,8,0.0
MULHOUSE VILLE,KARLSRUHE HBF,9,0.0
MULHOUSE VILLE,KARLSRUHE HBF,10,0.0
MULHOUSE VILLE,KARLSRUHE HBF,11,0.0
MULHOUSE VILLE,KARLSRUHE HBF,12,0.0
MULHOUSE VILLE,KARLSRUHE HBF,13,0.0
MULHOUSE VILLE,KARLSRUHE HBF,14,0.0
MULHOUSE VILLE,KARLSRUHE HBF,15,0.0
MULHOUSE VILLE,KARLSRUHE HBF,16,0.0
MULHOUSE VILLE,KARLSRUHE HBF,17,0.0
MULHOUSE VILLE,KARLSRUHE HBF,18,0.0
MULHOUSE VILLE,KARLSRUHE HBF,19,0.0
MULHOUSE VILLE,KARLSRUHE HBF,20,0.0
MULHOUSE VILLE,KARLSRUHE HBF,21,0.0
MULHOUSE VILLE,KARLSRUHE HBF,22,0.0
MULHOUSE VILLE,KARLSRUHE HBF,23,0.0
MULHOUSE VILLE,KARLSRUHE HBF,24,0.0
MULHOUSE VILLE,KARLSRUHE HBF,25,0.0
MULHOUSE VILLE,KARLSRUHE HBF,26,0.0
MULHOUSE VILLE,KARLSRUHE HBF,27,0.0
MULHOUSE VILLE,KARLSRUHE HBF,28,0.0
MULHOUSE VILLE,KARLSRUHE HBF,29,0.0
MULHOUSE VILLE,KARLSRUHE HBF,30,0.0
MULHOUSE VILLE,MANNHEIM HBF,0,0.0
MULHOUSE VILLE,MANNHEIM HBF,1,0.0
MULHOUSE VILLE,MANNHEIM HBF,2,0.0
MULHOUSE VILLE,MANNHEIM HBF,3,0.0
MULHOUSE VILLE,MANNHEIM HBF,4,0.0
MULHOUSE VILLE,MANNHEIM HBF,5,0.0
MULHOUSE VILLE,MANNHEIM HBF,6,0.0
MULHOUSE VILLE,MANNHEIM HBF,7,0.0
MULHOUSE VILLE,MANNHEIM HBF,8,0.0
MULHOUSE VILLE,MANNHEIM HBF,9,0.0
MULHOUSE VILLE,MANNHEIM HBF,10,0.0
MULHOUSE VILLE,MANNHEIM HBF,11,0.0
MULHOUSE VILLE,MANNHEIM HBF,12,0.0
MULHOUSE VILLE,MANNHEIM HBF,13,0.0
MULHOUSE VILLE,MANNHEIM HBF,14,0.0
MULHOUSE VILLE,MANNHEIM HBF,15,0.0
MULHOUSE VILLE,MANNHEIM HBF,16,0.0
MULHOUSE VILLE,MANNHEIM HBF,17,0.0
MULHOUSE VILLE,MANNHEIM HBF,18,0.0
MULHOUSE VILLE,MANNHEIM HBF,19,0.0
MULHOUSE VILLE,MANNHEIM HBF,20,0.0
MULHOUSE VILLE,MANNHEIM HBF,21,0.0
MULHOUSE VILLE,MANNHEIM HBF,22,0.0
MULHOUSE VILLE,MANNHEIM HBF,23,0.0
MULHOUSE VILLE,MANNHEIM HBF,24,0.0
MULHOUSE VILLE,MANNHEIM HBF,25,0.0
MULHOUSE VILLE,MANNHEIM HBF,26,0.0
MULHOUSE VILLE,MANNHEIM HBF,27,0.0
MULHOUSE VILLE,MANNHEIM HBF,28,0.0
MULHOUSE VILLE,MANNHEIM HBF,29,0.0
MULHOUSE VILLE,MANNHEIM HBF,30,0.0
MULHOUSE VILLE,STRASBOURG,0,0.011458333333333333
MULHOUSE VILLE,STRASBOURG,1,0.022413793103448276
MULHOUSE VILLE,STRASBOURG,2,0.015517241379310345
MULHOUSE VILLE,STRASBOURG,3,0.016551724137931035
MULHOUSE VILLE,STRASBOURG,4,0.004054054054054054
MULHOUSE VILLE,STRASBOURG,5,0.0017006802721088435
MULHOUSE VILLE,STRASBOURG,6,0.010135135135135136
MULHOUSE VILLE,STRASBOURG,7,0.0010067114093959733
MULHOUSE VILLE,STRASBOURG,8,0.00034013605442176874
MULHOUSE VILLE,STRASBOURG,9,0.0
MULHOUSE VILLE,STRASBOURG,10,0.0
MULHOUSE VILLE,STRASBOURG,11,0.0
MULHOUSE VILLE,STRASBOURG,12,0.0
MULHOUSE VILLE,STRASBOURG,13,0.0
MULHOUSE VILLE,STRASBOURG,14,0.0
MULHOUSE VILLE,STRASBOURG,15,0.0
MULHOUSE VILLE,STRASBOURG,16,0.0
MULHOUSE VILLE,STRASBOURG,17,0.0
MULHOUSE VILLE,STRASBOURG,18,0.0
MULHOUSE VILLE,STRASBOURG,19,0.0
MULHOUSE VILLE,STRASBOURG,20,0.0
MULHOUSE VILLE,STRASBOURG,21,0.0
MULHOUSE VILLE,STRASBOURG,22,0.0
MULHOUSE VILLE,STRASBOURG,23,0.0
MULHOUSE VILLE,STRASBOURG,24,0.0
MULHOUSE VILLE,STRASBOURG,25,0.0
MULHOUSE VILLE,STRASBOURG,26,0.0
MULHOUSE VILLE,STRASBOURG,27,0.0
MULHOUSE VILLE,STRASBOURG,28,0.0
MULHOUSE VILLE,STRASBOURG,29,0.0
MULHOUSE VILLE,STRASBOURG,30,0.0
STRASBOURG,BADEN BADEN,0,0.00034722222222222224
STRASBOURG,BADEN BADEN,1,0.0
STRASBOURG,BADEN BADEN,2,0.0003448275862068966
STRASBOURG,BADEN BADEN,3,0.0
STRASBOURG,BADEN BADEN,4,0.0
STRASBOURG,BADEN BADEN,5,0.0
STRASBOURG,BADEN BADEN,6,0.0
STRASBOURG,BADEN BADEN,7,0.0
STRASBOURG,BADEN BADEN,8,0.0
STRASBOURG,BADEN BADEN,9,0.0
STRASBOURG,BADEN BADEN,10,0.0
STRASBOURG,BADEN BADEN,11,0.0
STRASBOURG,BADEN BADEN,12,0.0
STRASBOURG,BADEN BADEN,13,0.0
STRASBOURG,BADEN BADEN,14,0.0
STRASBOURG,BADEN BADEN,15,0.0
STRASBOURG,BADEN BADEN,16,0.0
STRASBOURG,BADEN BADEN,17,0.0
STRASBOURG,BADEN BADEN,18,0.0
STRASBOURG,BADEN BADEN,19,0.0
STRASBOURG,BADEN BADEN,20,0.0
STRASBOURG,BADEN BADEN,21,0.0
STRASBOURG,BADEN BADEN,22,0.0
STRASBOURG,BADEN BADEN,23,0.0
STRASBOURG,BADEN BADEN,24,0.0
STRASBOURG,BADEN BADEN,25,0.0
STRASBOURG,BADEN BADEN,26,0.0
STRASBOURG,BADEN BADEN,27,0.0
STRASBOURG,BADEN BADEN,28,0.0
STRASBOURG,BADEN BADEN,29,0.0
STRASBOURG,BADEN BADEN,30,0.0
STRASBOURG,FRANKFURT AM MAIN HBF,0,0.0
STRASBOURG,FRANKFURT AM MAIN HBF,1,0.0
STRASBOURG,FRANKFURT AM MAIN HBF,2,0.0
STRASBOURG,FRANKFURT AM MAIN HBF,3,0.0
STRASBOURG,FRANKFURT AM MAIN HBF,4,0.0
STRASBOURG,FRANKFURT AM MAIN HBF,5,0.0
STRASBOURG,FRANKFURT AM MAIN HBF,6,0.0
STRASBOURG,FRANKFURT AM MAIN HBF,7,0.0
STRASBOURG,FRANKFURT AM MAIN HBF,8,0.0
STRASBOURG,FRANKFURT AM MAIN HBF,9,0.0
STRASBOURG,FRANKFURT AM MAIN HBF,10,0.0
STRASBOURG,FRANKFURT AM MAIN HBF,11,0.0
STRASBOURG,FRANKFURT AM MAIN HBF,12,0.0
STRASBOURG,FRANKFURT AM MAIN HBF,13,0.0
STRASBOURG,FRANKFURT AM MAIN HBF,14,0.0
STRASBOURG,FRANKFURT AM MAIN HBF,15,0.0
STRASBOURG,FRANKFURT AM MAIN HBF,16,0.0
STRASBOURG,FRANKFURT AM MAIN HBF,17,0.0
STRASBOURG,FRANKFURT AM MAIN HBF,18,0.0
STRASBOURG,FRANKFURT AM MAIN HBF,19,0.0
STRASBOURG,FRANKFURT AM MAIN HBF,20,0.0
STRASBOURG,FRANKFURT AM MAIN HBF,21,0.0
STRASBOURG,FRANKFURT AM MAIN HBF,22,0.0
STRASBOURG,FRANKFURT AM MAIN HBF,23,0.0
STRASBOURG,FRANKFURT AM MAIN HBF,24,0.0
STRASBOURG,FRANKFURT AM MAIN HBF,25,0.0
STRASBOURG,FRANKFURT AM MAIN HBF,26,0.0
STRASBOURG,FRANKFURT AM MAIN HBF,27,0.0
STRASBOURG,FRANKFURT AM MAIN HBF,28,0.0
STRASBOURG,FRANKFURT AM MAIN HBF,29,0.0
STRASBOURG,FRANKFURT AM MAIN HBF,30,0.0
STRASBOURG,KARLSRUHE HBF,0,0.0
STRASBOURG,KARLSRUHE HBF,1,0.0
STRASBOURG,KARLSRUHE HBF,2,0.0
STRASBOURG,KARLSRUHE HBF,3,0.0
STRASBOURG,KARLSRUHE HBF,4,0.0
STRASBOURG,KARLSRUHE HBF,5,0.0
STRASBOURG,KARLSRUHE HBF,6,0.0
STRASBOURG,KARLSRUHE HBF,7,0.0
STRASBOURG,KARLSRUHE HBF,8,0.0
STRASBOURG,KARLSRUHE HBF,9,0.0
STRASBOURG,KARLSRUHE HBF,10,0.0
STRASBOURG,KARLSRUHE HBF,11,0.0
STRASBOURG,KARLSRUHE HBF,12,0.0
STRASBOURG,KARLSRUHE HBF,13,0.0
STRASBOURG,KARLSRUHE HBF,14,0.0
STRASBOURG,KARLSRUHE HBF,15,0.0
STRASBOURG,KARLSRUHE HBF,16,0.0
STRASBOURG,KARLSRUHE HBF,17,0.0
STRASBOURG,KARLSRUHE HBF,18,0.0
STRASBOURG,KARLSRUHE HBF,19,0.0
STRASBOURG,KARLSRUHE HBF,20,0.0
STRASBOURG,KARLSRUHE HBF,21,0.0
STRASBOURG,KARLSRUHE HBF,22,0.0
STRASBOURG,KARLSRUHE HBF,23,0.0
STRASBOURG,KARLSRUHE HBF,24,0.0
STRASBOURG,KARLSRUHE HBF,25,0.0
STRASBOURG,KARLSRUHE HBF,26,0.0
STRASBOURG,KARLSRUHE HBF,27,0.0
STRASBOURG,KARLSRUHE HBF,28,0.0
STRASBOURG,KARLSRUHE HBF,29,0.0
STRASBOURG,KARLSRUHE HBF,30,0.0
STRASBOURG,MANNHEIM HBF,0,0.0
STRASBOURG,MANNHEIM HBF,1,0.0
STRASBOURG,MANNHEIM HBF,2,0.0
STRASBOURG,MANNHEIM HBF,3,0.00034722222222222224
STRASBOURG,MANNHEIM HBF,4,0.0
STRASBOURG,MANNHEIM HBF,5,0.0
STRASBOURG,MANNHEIM HBF,6,0.0
STRASBOURG,MANNHEIM HBF,7,0.0
STRASBOURG,MANNHEIM HBF,8,0.0
STRASBOURG,MANNHEIM HBF,9,0.0
STRASBOURG,MANNHEIM HBF,10,0.0
STRASBOURG,MANNHEIM HBF,11,0.0
STRASBOURG,MANNHEIM HBF,12,0.0
STRASBOURG,MANNHEIM HBF,13,0.0
STRASBOURG,MANNHEIM HBF,14,0.0
STRASBOURG,MANNHEIM HBF,15,0.0
STRASBOURG,MANNHEIM HBF,16,0.0
STRASBOURG,MANNHEIM HBF,17,0.0
STRASBOURG,MANNHEIM HBF,18,0.0
STRASBOURG,MANNHEIM HBF,19,0.0
STRASBOURG,MANNHEIM HBF,20,0.0
STRASBOURG,MANNHEIM HBF,21,0.0
STRASBOURG,MANNHEIM HBF,22,0.0
STRASBOURG,MANNHEIM HBF,23,0.0
STRASBOURG,MANNHEIM HBF,24,0.0
STRASBOURG,MANNHEIM HBF,25,0.0
STRASBOURG,MANNHEIM HBF,26,0.0
STRASBOURG,MANNHEIM HBF,27,0.0
STRASBOURG,MANNHEIM HBF,28,0.0
STRASBOURG,MANNHEIM HBF,29,0.0
STRASBOURG,MANNHEIM HBF,30,0.0
