origine,destination,delta_days,proba_open
ARGENTON SUR CREUSE,BRIVE LA GAILLARDE,0,0.8574999999999999
ARGENTON SUR CREUSE,BRIVE LA GAILLARDE,1,0.8243750000000001
ARGENTON SUR CREUSE,BRIVE LA GAILLARDE,2,0.7996875
ARGENTON SUR CREUSE,BRIVE LA GAILLARDE,3,0.7807210031347963
ARGENTON SUR CREUSE,BRIVE LA GAILLARDE,4,0.6340125391849529
ARGENTON SUR CREUSE,BRIVE LA GAILLARDE,5,0.6307210031347962
ARGENTON SUR CREUSE,BRIVE LA GAILLARDE,6,0.6205329153605015
ARGENTON SUR CREUSE,BRIVE LA GAILLARDE,7,0.611755485893417
ARGENTON SUR CREUSE,BRIVE LA GAILLARDE,8,0.5736677115987461
ARGENTON SUR CREUSE,BRIVE LA GAILLARDE,9,0.576332288401254
ARGENTON SUR CREUSE,BRIVE LA GAILLARDE,10,0.5865203761755485
ARGENTON SUR CREUSE,BRIVE LA GAILLARDE,11,0.5918238993710692
ARGENTON SUR CREUSE,BRIVE LA GAILLARDE,12,0.5009433962264151
ARGENTON SUR CREUSE,BRIVE LA GAILLARDE,13,0.4875786163522013
ARGENTON SUR CREUSE,BRIVE LA GAILLARDE,14,0.4841194968553459
ARGENTON SUR CREUSE,BRIVE LA GAILLARDE,15,0.47955974842767296
ARGENTON SUR CREUSE,BRIVE LA GAILLARDE,16,0.48490566037735844
ARGENTON SUR CREUSE,BRIVE LA GAILLARDE,17,0.490251572327044
ARGENTON SUR CREUSE,BRIVE LA GAILLARDE,18,0.4973186119873817
ARGENTON SUR CREUSE,BRIVE LA GAILLARDE,19,0.4977848101265823
ARGENTON SUR CREUSE,BRIVE LA GAILLARDE,20,0.49619047619047624
ARGENTON SUR CREUSE,BRIVE LA GAILLARDE,21,0.5125796178343949
ARGENTON SUR CREUSE,BRIVE LA GAILLARDE,22,0.5207006369426752
ARGENTON SUR CREUSE,BRIVE LA GAILLARDE,23,0.5145367412140576
ARGENTON SUR CREUSE,BRIVE LA GAILLARDE,24,0.5166666666666666
ARGENTON SUR CREUSE,BRIVE LA GAILLARDE,25,0.5209003215434084
ARGENTON SUR CREUSE,BRIVE LA GAILLARDE,26,0.5237096774193548
ARGENTON SUR CREUSE,BRIVE LA GAILLARDE,27,0.5288025889967638
ARGENTON SUR CREUSE,BRIVE LA GAILLARDE,28,0.5342532467532468
ARGENTON SUR CREUSE,BRIVE LA GAILLARDE,29,0.5246753246753246
ARGENTON SUR CREUSE,BRIVE LA GAILLARDE,30,0.04313725490196079
ARGENTON SUR CREUSE,CAHORS,0,0.902250803858521
ARGENTON SUR CREUSE,CAHORS,1,0.8782958199356913
ARGENTON SUR CREUSE,CAHORS,2,0.8535369774919613
ARGENTON SUR CREUSE,CAHORS,3,0.8080645161290323
ARGENTON SUR CREUSE,CAHORS,4,0.5664516129032258
ARGENTON SUR CREUSE,CAHORS,5,0.5661290322580645
ARGENTON SUR CREUSE,CAHORS,6,0.5187096774193549
ARGENTON SUR CREUSE,CAHORS,7,0.46596774193548385
ARGENTON SUR CREUSE,CAHORS,8,0.4208064516129032
ARGENTON SUR CREUSE,CAHORS,9,0.4191935483870967
ARGENTON SUR CREUSE,CAHORS,10,0.42693548387096775
ARGENTON SUR CREUSE,CAHORS,11,0.4275080906148867
ARGENTON SUR CREUSE,CAHORS,12,0.3296116504854369
ARGENTON SUR CREUSE,CAHORS,13,0.31737012987012986
ARGENTON SUR CREUSE,CAHORS,14,0.3136363636363636
ARGENTON SUR CREUSE,CAHORS,15,0.30503246753246754
ARGENTON SUR CREUSE,CAHORS,16,0.3094155844155844
ARGENTON SUR CREUSE,CAHORS,17,0.31347402597402596
ARGENTON SUR CREUSE,CAHORS,18,0.3218241042345277
ARGENTON SUR CREUSE,CAHORS,19,0.323202614379085
ARGENTON SUR CREUSE,CAHORS,20,0.3331147540983606
ARGENTON SUR CREUSE,CAHORS,21,0.3457236842105263
ARGENTON SUR CREUSE,CAHORS,22,0.3541118421052632
ARGENTON SUR CREUSE,CAHORS,23,0.3552805280528053
ARGENTON SUR CREUSE,CAHORS,24,0.3556291390728477
ARGENTON SUR CREUSE,CAHORS,25,0.3566445182724252
ARGENTON SUR CREUSE,CAHORS,26,0.35583333333333333
ARGENTON SUR CREUSE,CAHORS,27,0.3720735785953177
ARGENTON SUR CREUSE,CAHORS,28,0.3786912751677852
ARGENTON SUR CREUSE,CAHORS,29,0.37592592592592594
ARGENTON SUR CREUSE,CAHORS,30,0.038813559322033904
ARGENTON SUR CREUSE,CAUSSADE(TARN ET GARONNE),0,0.7154811715481172
ARGENTON SUR CREUSE,CAUSSADE(TARN ET GARONNE),1,0.7142259414225941
ARGENTON SUR CREUSE,CAUSSADE(TARN ET GARONNE),2,0.6762605042016806
ARGENTON SUR CREUSE,CAUSSADE(TARN ET GARONNE),3,0.644560669456067
ARGENTON SUR CREUSE,CAUSSADE(TARN ET GARONNE),4,0.45042194092827004
ARGENTON SUR CREUSE,CAUSSADE(TARN ET GARONNE),5,0.46983122362869195
ARGENTON SUR CREUSE,CAUSSADE(TARN ET GARONNE),6,0.44745762711864406
ARGENTON SUR CREUSE,CAUSSADE(TARN ET GARONNE),7,0.38601694915254237
ARGENTON SUR CREUSE,CAUSSADE(TARN ET GARONNE),8,0.35572033898305083
ARGENTON SUR CREUSE,CAUSSADE(TARN ET GARONNE),9,0.3593220338983051
ARGENTON SUR CREUSE,CAUSSADE(TARN ET GARONNE),10,0.35421940928270046
ARGENTON SUR CREUSE,CAUSSADE(TARN ET GARONNE),11,0.36425531914893616
ARGENTON SUR CREUSE,CAUSSADE(TARN ET GARONNE),12,0.28021276595744676
ARGENTON SUR CREUSE,CAUSSADE(TARN ET GARONNE),13,0.26816239316239315
ARGENTON SUR CREUSE,CAUSSADE(TARN ET GARONNE),14,0.27446351931330476
ARGENTON SUR CREUSE,CAUSSADE(TARN ET GARONNE),15,0.2497854077253219
ARGENTON SUR CREUSE,CAUSSADE(TARN ET GARONNE),16,0.24935622317596567
ARGENTON SUR CREUSE,CAUSSADE(TARN ET GARONNE),17,0.2523706896551724
ARGENTON SUR CREUSE,CAUSSADE(TARN ET GARONNE),18,0.26277056277056277
ARGENTON SUR CREUSE,CAUSSADE(TARN ET GARONNE),19,0.2539130434782609
ARGENTON SUR CREUSE,CAUSSADE(TARN ET GARONNE),20,0.25676855895196504
ARGENTON SUR CREUSE,CAUSSADE(TARN ET GARONNE),21,0.27280701754385966
ARGENTON SUR CREUSE,CAUSSADE(TARN ET GARONNE),22,0.2759825327510917
ARGENTON SUR CREUSE,CAUSSADE(TARN ET GARONNE),23,0.2812775330396476
ARGENTON SUR CREUSE,CAUSSADE(TARN ET GARONNE),24,0.27929515418502204
ARGENTON SUR CREUSE,CAUSSADE(TARN ET GARONNE),25,0.27964601769911507
ARGENTON SUR CREUSE,CAUSSADE(TARN ET GARONNE),26,0.28577777777777774
ARGENTON SUR CREUSE,CAUSSADE(TARN ET GARONNE),27,0.29977678571428573
ARGENTON SUR CREUSE,CAUSSADE(TARN ET GARONNE),28,0.31053811659192826
ARGENTON SUR CREUSE,CAUSSADE(TARN ET GARONNE),29,0.3090497737556561
ARGENTON SUR CREUSE,CAUSSADE(TARN ET GARONNE),30,0.032339449541284405
ARGENTON SUR CREUSE,CHATEAUROUX,0,1.0
ARGENTON SUR CREUSE,CHATEAUROUX,1,1.0
ARGENTON SUR CREUSE,CHATEAUROUX,2,1.0
ARGENTON SUR CREUSE,CHATEAUROUX,3,1.0
ARGENTON SUR CREUSE,CHATEAUROUX,4,1.0
ARGENTON SUR CREUSE,CHATEAUROUX,5,1.0
ARGENTON SUR CREUSE,CHATEAUROUX,6,1.0
ARGENTON SUR CREUSE,CHATEAUROUX,7,1.0
ARGENTON SUR CREUSE,CHATEAUROUX,8,1.0
ARGENTON SUR CREUSE,GOURDON,0,0.790032154340836
ARGENTON SUR CREUSE,GOURDON,1,0.7636655948553055
ARGENTON SUR CREUSE,GOURDON,2,0.7344051446945338
ARGENTON SUR CREUSE,GOURDON,3,0.6919354838709677
ARGENTON SUR CREUSE,GOURDON,4,0.48596774193548387
ARGENTON SUR CREUSE,GOURDON,5,0.4888709677419355
ARGENTON SUR CREUSE,GOURDON,6,0.4575806451612903
ARGENTON SUR CREUSE,GOURDON,7,0.41500000000000004
ARGENTON SUR CREUSE,GOURDON,8,0.3735483870967742
ARGENTON SUR CREUSE,GOURDON,9,0.37661290322580643
ARGENTON SUR CREUSE,GOURDON,10,0.38661290322580644
ARGENTON SUR CREUSE,GOURDON,11,0.3925566343042071
ARGENTON SUR CREUSE,GOURDON,12,0.31779935275080906
ARGENTON SUR CREUSE,GOURDON,13,0.30892857142857144
ARGENTON SUR CREUSE,GOURDON,14,0.30324675324675326
ARGENTON SUR CREUSE,GOURDON,15,0.29512987012987013
ARGENTON SUR CREUSE,GOURDON,16,0.2998376623376623
ARGENTON SUR CREUSE,GOURDON,17,0.3021103896103896
ARGENTON SUR CREUSE,GOURDON,18,0.30830618892508144
ARGENTON SUR CREUSE,GOURDON,19,0.3111111111111111
ARGENTON SUR CREUSE,GOURDON,20,0.3211475409836066
ARGENTON SUR CREUSE,GOURDON,21,0.33437500000000003
ARGENTON SUR CREUSE,GOURDON,22,0.3412828947368421
ARGENTON SUR CREUSE,GOURDON,23,0.34174917491749174
ARGENTON SUR CREUSE,GOURDON,24,0.34205298013245033
ARGENTON SUR CREUSE,GOURDON,25,0.3430232558139535
ARGENTON SUR CREUSE,GOURDON,26,0.3453333333333333
ARGENTON SUR CREUSE,GOURDON,27,0.3652173913043478
ARGENTON SUR CREUSE,GOURDON,28,0.3726510067114094
ARGENTON SUR CREUSE,GOURDON,29,0.3702020202020202
ARGENTON SUR CREUSE,GOURDON,30,0.035084745762711866
ARGENTON SUR CREUSE,LA SOUTERRAINE,0,0.8565625000000001
ARGENTON SUR CREUSE,LA SOUTERRAINE,1,0.82203125
ARGENTON SUR CREUSE,LA SOUTERRAINE,2,0.8009375000000001
ARGENTON SUR CREUSE,LA SOUTERRAINE,3,0.7808777429467084
ARGENTON SUR CREUSE,LA SOUTERRAINE,4,0.6315047021943573
ARGENTON SUR CREUSE,LA SOUTERRAINE,5,0.6357366771159875
ARGENTON SUR CREUSE,LA SOUTERRAINE,6,0.6199059561128527
ARGENTON SUR CREUSE,LA SOUTERRAINE,7,0.6039184952978056
ARGENTON SUR CREUSE,LA SOUTERRAINE,8,0.569435736677116
ARGENTON SUR CREUSE,LA SOUTERRAINE,9,0.5695924764890282
ARGENTON SUR CREUSE,LA SOUTERRAINE,10,0.5838557993730408
ARGENTON SUR CREUSE,LA SOUTERRAINE,11,0.5910377358490566
ARGENTON SUR CREUSE,LA SOUTERRAINE,12,0.5031446540880503
ARGENTON SUR CREUSE,LA SOUTERRAINE,13,0.4918238993710692
ARGENTON SUR CREUSE,LA SOUTERRAINE,14,0.4834905660377358
ARGENTON SUR CREUSE,LA SOUTERRAINE,15,0.48128930817610066
ARGENTON SUR CREUSE,LA SOUTERRAINE,16,0.4852201257861636
ARGENTON SUR CREUSE,LA SOUTERRAINE,17,0.49119496855345907
ARGENTON SUR CREUSE,LA SOUTERRAINE,18,0.499211356466877
ARGENTON SUR CREUSE,LA SOUTERRAINE,19,0.49905063291139234
ARGENTON SUR CREUSE,LA SOUTERRAINE,20,0.4984126984126984
ARGENTON SUR CREUSE,LA SOUTERRAINE,21,0.513375796178344
ARGENTON SUR CREUSE,LA SOUTERRAINE,22,0.5205414012738853
ARGENTON SUR CREUSE,LA SOUTERRAINE,23,0.5159744408945687
ARGENTON SUR CREUSE,LA SOUTERRAINE,24,0.5165064102564103
ARGENTON SUR CREUSE,LA SOUTERRAINE,25,0.5188102893890675
ARGENTON SUR CREUSE,LA SOUTERRAINE,26,0.5240322580645161
ARGENTON SUR CREUSE,LA SOUTERRAINE,27,0.5273462783171521
ARGENTON SUR CREUSE,LA SOUTERRAINE,28,0.5349025974025974
ARGENTON SUR CREUSE,LA SOUTERRAINE,29,0.5245129870129871
ARGENTON SUR CREUSE,LA SOUTERRAINE,30,0.04754901960784314
ARGENTON SUR CREUSE,LIMOGES BENEDICTINS,0,0.85578125
ARGENTON SUR CREUSE,LIMOGES BENEDICTINS,1,0.8256249999999999
ARGENTON SUR CREUSE,LIMOGES BENEDICTINS,2,0.7975
ARGENTON SUR CREUSE,LIMOGES BENEDICTINS,3,0.7788401253918495
ARGENTON SUR CREUSE,LIMOGES BENEDICTINS,4,0.6357366771159875
ARGENTON SUR CREUSE,LIMOGES BENEDICTINS,5,0.6355799373040752
ARGENTON SUR CREUSE,LIMOGES BENEDICTINS,6,0.620846394984326
ARGENTON SUR CREUSE,LIMOGES BENEDICTINS,7,0.6065830721003135
ARGENTON SUR CREUSE,LIMOGES BENEDICTINS,8,0.5722570532915361
ARGENTON SUR CREUSE,LIMOGES BENEDICTINS,9,0.577115987460815
ARGENTON SUR CREUSE,LIMOGES BENEDICTINS,10,0.5841692789968652
ARGENTON SUR CREUSE,LIMOGES BENEDICTINS,11,0.5885220125786164
ARGENTON SUR CREUSE,LIMOGES BENEDICTINS,12,0.5059748427672957
ARGENTON SUR CREUSE,LIMOGES BENEDICTINS,13,0.49056603773584906
ARGENTON SUR CREUSE,LIMOGES BENEDICTINS,14,0.4839622641509434
ARGENTON SUR CREUSE,LIMOGES BENEDICTINS,15,0.4805031446540881
ARGENTON SUR CREUSE,LIMOGES BENEDICTINS,16,0.4858490566037736
ARGENTON SUR CREUSE,LIMOGES BENEDICTINS,17,0.4915094339622642
ARGENTON SUR CREUSE,LIMOGES BENEDICTINS,18,0.4970031545741325
ARGENTON SUR CREUSE,LIMOGES BENEDICTINS,19,0.49857594936708866
ARGENTON SUR CREUSE,LIMOGES BENEDICTINS,20,0.5001587301587302
ARGENTON SUR CREUSE,LIMOGES BENEDICTINS,21,0.5124203821656051
ARGENTON SUR CREUSE,LIMOGES BENEDICTINS,22,0.5194267515923566
ARGENTON SUR CREUSE,LIMOGES BENEDICTINS,23,0.5156549520766773
ARGENTON SUR CREUSE,LIMOGES BENEDICTINS,24,0.5173076923076924
ARGENTON SUR CREUSE,LIMOGES BENEDICTINS,25,0.5192926045016077
ARGENTON SUR CREUSE,LIMOGES BENEDICTINS,26,0.5246774193548387
ARGENTON SUR CREUSE,LIMOGES BENEDICTINS,27,0.5281553398058252
ARGENTON SUR CREUSE,LIMOGES BENEDICTINS,28,0.5349025974025974
ARGENTON SUR CREUSE,LIMOGES BENEDICTINS,29,0.5228896103896105
ARGENTON SUR CREUSE,LIMOGES BENEDICTINS,30,0.04689542483660131
ARGENTON SUR CREUSE,MONTAUBAN VILLE BOURBON,0,0.7148535564853556
ARGENTON SUR CREUSE,MONTAUBAN VILLE BOURBON,1,0.7138075313807531
ARGENTON SUR CREUSE,MONTAUBAN VILLE BOURBON,2,0.6756302521008404
ARGENTON SUR CREUSE,MONTAUBAN VILLE BOURBON,3,0.6533472803347281
ARGENTON SUR CREUSE,MONTAUBAN VILLE BOURBON,4,0.45274261603375526
ARGENTON SUR CREUSE,MONTAUBAN VILLE BOURBON,5,0.4670886075949367
ARGENTON SUR CREUSE,MONTAUBAN VILLE BOURBON,6,0.4542372881355932
ARGENTON SUR CREUSE,MONTAUBAN VILLE BOURBON,7,0.38516949152542374
ARGENTON SUR CREUSE,MONTAUBAN VILLE BOURBON,8,0.3533898305084746
ARGENTON SUR CREUSE,MONTAUBAN VILLE BOURBON,9,0.3599576271186441
ARGENTON SUR CREUSE,MONTAUBAN VILLE BOURBON,10,0.35675105485232067
ARGENTON SUR CREUSE,MONTAUBAN VILLE BOURBON,11,0.36340425531914894
ARGENTON SUR CREUSE,MONTAUBAN VILLE BOURBON,12,0.28297872340425534
ARGENTON SUR CREUSE,MONTAUBAN VILLE BOURBON,13,0.2677350427350427
ARGENTON SUR CREUSE,MONTAUBAN VILLE BOURBON,14,0.27660944206008586
ARGENTON SUR CREUSE,MONTAUBAN VILLE BOURBON,15,0.24828326180257512
ARGENTON SUR CREUSE,MONTAUBAN VILLE BOURBON,16,0.2497854077253219
ARGENTON SUR CREUSE,MONTAUBAN VILLE BOURBON,17,0.2506465517241379
ARGENTON SUR CREUSE,MONTAUBAN VILLE BOURBON,18,0.2636363636363636
ARGENTON SUR CREUSE,MONTAUBAN VILLE BOURBON,19,0.2541304347826087
ARGENTON SUR CREUSE,MONTAUBAN VILLE BOURBON,20,0.26048034934497816
ARGENTON SUR CREUSE,MONTAUBAN VILLE BOURBON,21,0.27631578947368424
ARGENTON SUR CREUSE,MONTAUBAN VILLE BOURBON,22,0.2770742358078603
ARGENTON SUR CREUSE,MONTAUBAN VILLE BOURBON,23,0.28325991189427313
ARGENTON SUR CREUSE,MONTAUBAN VILLE BOURBON,24,0.2786343612334802
ARGENTON SUR CREUSE,MONTAUBAN VILLE BOURBON,25,0.28185840707964605
ARGENTON SUR CREUSE,MONTAUBAN VILLE BOURBON,26,0.284
ARGENTON SUR CREUSE,MONTAUBAN VILLE BOURBON,27,0.2995535714285714
ARGENTON SUR CREUSE,MONTAUBAN VILLE BOURBON,28,0.31210762331838565
ARGENTON SUR CREUSE,MONTAUBAN VILLE BOURBON,29,0.30588235294117644
ARGENTON SUR CREUSE,MONTAUBAN VILLE BOURBON,30,0.033486238532110094
ARGENTON SUR CREUSE,PARIS (intramuros),0,1.0
ARGENTON SUR CREUSE,PARIS (intramuros),1,1.0
ARGENTON SUR CREUSE,PARIS (intramuros),2,1.0
ARGENTON SUR CREUSE,PARIS (intramuros),3,1.0
ARGENTON SUR CREUSE,PARIS (intramuros),4,1.0
ARGENTON SUR CREUSE,PARIS (intramuros),5,1.0
ARGENTON SUR CREUSE,PARIS (intramuros),6,1.0
ARGENTON SUR CREUSE,PARIS (intramuros),7,1.0
ARGENTON SUR CREUSE,PARIS (intramuros),8,0.95
ARGENTON SUR CREUSE,SOUILLAC,0,0.795176848874598
ARGENTON SUR CREUSE,SOUILLAC,1,0.7689710610932476
ARGENTON SUR CREUSE,SOUILLAC,2,0.7319935691318328
ARGENTON SUR CREUSE,SOUILLAC,3,0.6890322580645161
ARGENTON SUR CREUSE,SOUILLAC,4,0.4882258064516129
ARGENTON SUR CREUSE,SOUILLAC,5,0.4870967741935484
ARGENTON SUR CREUSE,SOUILLAC,6,0.4551612903225806
ARGENTON SUR CREUSE,SOUILLAC,7,0.4080645161290323
ARGENTON SUR CREUSE,SOUILLAC,8,0.3709677419354839
ARGENTON SUR CREUSE,SOUILLAC,9,0.3730645161290323
ARGENTON SUR CREUSE,SOUILLAC,10,0.38612903225806455
ARGENTON SUR CREUSE,SOUILLAC,11,0.3907766990291262
ARGENTON SUR CREUSE,SOUILLAC,12,0.32233009708737864
ARGENTON SUR CREUSE,SOUILLAC,13,0.3128246753246753
ARGENTON SUR CREUSE,SOUILLAC,14,0.30178571428571427
ARGENTON SUR CREUSE,SOUILLAC,15,0.2969155844155844
ARGENTON SUR CREUSE,SOUILLAC,16,0.30000000000000004
ARGENTON SUR CREUSE,SOUILLAC,17,0.3027597402597403
ARGENTON SUR CREUSE,SOUILLAC,18,0.307328990228013
ARGENTON SUR CREUSE,SOUILLAC,19,0.3101307189542484
ARGENTON SUR CREUSE,SOUILLAC,20,0.3198360655737705
ARGENTON SUR CREUSE,SOUILLAC,21,0.33437500000000003
ARGENTON SUR CREUSE,SOUILLAC,22,0.34161184210526313
ARGENTON SUR CREUSE,SOUILLAC,23,0.3412541254125413
ARGENTON SUR CREUSE,SOUILLAC,24,0.3403973509933775
ARGENTON SUR CREUSE,SOUILLAC,25,0.3430232558139535
ARGENTON SUR CREUSE,SOUILLAC,26,0.3451666666666667
ARGENTON SUR CREUSE,SOUILLAC,27,0.36454849498327757
ARGENTON SUR CREUSE,SOUILLAC,28,0.3738255033557047
ARGENTON SUR CREUSE,SOUILLAC,29,0.37407407407407406
ARGENTON SUR CREUSE,SOUILLAC,30,0.039152542372881356
ARGENTON SUR CREUSE,TOULOUSE MATABIAU,0,0.7209205020920503
ARGENTON SUR CREUSE,TOULOUSE MATABIAU,1,0.7211297071129706
ARGENTON SUR CREUSE,TOULOUSE MATABIAU,2,0.6773109243697478
ARGENTON SUR CREUSE,TOULOUSE MATABIAU,3,0.6516736401673641
ARGENTON SUR CREUSE,TOULOUSE MATABIAU,4,0.44936708860759494
ARGENTON SUR CREUSE,TOULOUSE MATABIAU,5,0.4675105485232067
ARGENTON SUR CREUSE,TOULOUSE MATABIAU,6,0.4516949152542373
ARGENTON SUR CREUSE,TOULOUSE MATABIAU,7,0.3807203389830508
ARGENTON SUR CREUSE,TOULOUSE MATABIAU,8,0.350635593220339
ARGENTON SUR CREUSE,TOULOUSE MATABIAU,9,0.3578389830508475
ARGENTON SUR CREUSE,TOULOUSE MATABIAU,10,0.3529535864978903
ARGENTON SUR CREUSE,TOULOUSE MATABIAU,11,0.36744680851063827
ARGENTON SUR CREUSE,TOULOUSE MATABIAU,12,0.28234042553191485
ARGENTON SUR CREUSE,TOULOUSE MATABIAU,13,0.26837606837606837
ARGENTON SUR CREUSE,TOULOUSE MATABIAU,14,0.2727467811158798
ARGENTON SUR CREUSE,TOULOUSE MATABIAU,15,0.25085836909871245
ARGENTON SUR CREUSE,TOULOUSE MATABIAU,16,0.25085836909871245
ARGENTON SUR CREUSE,TOULOUSE MATABIAU,17,0.25258620689655176
ARGENTON SUR CREUSE,TOULOUSE MATABIAU,18,0.2658008658008658
ARGENTON SUR CREUSE,TOULOUSE MATABIAU,19,0.2539130434782609
ARGENTON SUR CREUSE,TOULOUSE MATABIAU,20,0.25829694323144103
ARGENTON SUR CREUSE,TOULOUSE MATABIAU,21,0.27346491228070174
ARGENTON SUR CREUSE,TOULOUSE MATABIAU,22,0.2770742358078603
ARGENTON SUR CREUSE,TOULOUSE MATABIAU,23,0.2841409691629956
ARGENTON SUR CREUSE,TOULOUSE MATABIAU,24,0.2779735682819383
ARGENTON SUR CREUSE,TOULOUSE MATABIAU,25,0.27964601769911507
ARGENTON SUR CREUSE,TOULOUSE MATABIAU,26,0.28444444444444444
ARGENTON SUR CREUSE,TOULOUSE MATABIAU,27,0.3008928571428572
ARGENTON SUR CREUSE,TOULOUSE MATABIAU,28,0.3130044843049327
ARGENTON SUR CREUSE,TOULOUSE MATABIAU,29,0.31085972850678734
ARGENTON SUR CREUSE,TOULOUSE MATABIAU,30,0.02706422018348624
ARGENTON SUR CREUSE,UZERCHE,0,0.8571428571428571
ARGENTON SUR CREUSE,UZERCHE,1,0.8792857142857142
ARGENTON SUR CREUSE,UZERCHE,2,0.8021428571428572
ARGENTON SUR CREUSE,UZERCHE,3,0.7588235294117647
ARGENTON SUR CREUSE,UZERCHE,4,0.6442028985507247
ARGENTON SUR CREUSE,UZERCHE,5,0.594927536231884
ARGENTON SUR CREUSE,UZERCHE,6,0.6078571428571428
ARGENTON SUR CREUSE,UZERCHE,7,0.6107142857142858
ARGENTON SUR CREUSE,UZERCHE,8,0.5957142857142858
ARGENTON SUR CREUSE,UZERCHE,9,0.5914285714285714
ARGENTON SUR CREUSE,UZERCHE,10,0.6132352941176471
ARGENTON SUR CREUSE,UZERCHE,11,0.6057971014492753
ARGENTON SUR CREUSE,UZERCHE,12,0.4934782608695652
ARGENTON SUR CREUSE,UZERCHE,13,0.46285714285714286
ARGENTON SUR CREUSE,UZERCHE,14,0.49357142857142855
ARGENTON SUR CREUSE,UZERCHE,15,0.5078571428571428
ARGENTON SUR CREUSE,UZERCHE,16,0.535
ARGENTON SUR CREUSE,UZERCHE,17,0.5463235294117647
ARGENTON SUR CREUSE,UZERCHE,18,0.5557971014492754
ARGENTON SUR CREUSE,UZERCHE,19,0.5630434782608695
ARGENTON SUR CREUSE,UZERCHE,20,0.5652173913043478
ARGENTON SUR CREUSE,UZERCHE,21,0.5637681159420289
ARGENTON SUR CREUSE,UZERCHE,22,0.5615942028985508
ARGENTON SUR CREUSE,UZERCHE,23,0.5746376811594203
ARGENTON SUR CREUSE,UZERCHE,24,0.5753731343283581
ARGENTON SUR CREUSE,UZERCHE,25,0.5926470588235294
ARGENTON SUR CREUSE,UZERCHE,26,0.6073529411764705
ARGENTON SUR CREUSE,UZERCHE,27,0.5904411764705882
ARGENTON SUR CREUSE,UZERCHE,28,0.5919117647058824
ARGENTON SUR CREUSE,UZERCHE,29,0.5830882352941176
ARGENTON SUR CREUSE,UZERCHE,30,0.05671641791044776
ARGENTON SUR CREUSE,VIERZON,0,1.0
ARGENTON SUR CREUSE,VIERZON,1,1.0
ARGENTON SUR CREUSE,VIERZON,2,1.0
ARGENTON SUR CREUSE,VIERZON,3,1.0
ARGENTON SUR CREUSE,VIERZON,4,1.0
ARGENTON SUR CREUSE,VIERZON,5,1.0
ARGENTON SUR CREUSE,VIERZON,6,1.0
ARGENTON SUR CREUSE,VIERZON,7,1.0
ARGENTON SUR CREUSE,VIERZON,8,1.0
BRIVE LA GAILLARDE,ARGENTON SUR CREUSE,0,1.0
BRIVE LA GAILLARDE,ARGENTON SUR CREUSE,1,1.0
BRIVE LA GAILLARDE,ARGENTON SUR CREUSE,2,1.0
BRIVE LA GAILLARDE,ARGENTON SUR CREUSE,3,1.0
BRIVE LA GAILLARDE,ARGENTON SUR CREUSE,4,1.0
BRIVE LA GAILLARDE,ARGENTON SUR CREUSE,5,1.0
BRIVE LA GAILLARDE,ARGENTON SUR CREUSE,6,1.0
BRIVE LA GAILLARDE,ARGENTON SUR CREUSE,7,1.0
BRIVE LA GAILLARDE,ARGENTON SUR CREUSE,8,1.0
BRIVE LA GAILLARDE,CAHORS,0,0.9439873417721519
BRIVE LA GAILLARDE,CAHORS,1,0.9161392405063291
BRIVE LA GAILLARDE,CAHORS,2,0.8886075949367089
BRIVE LA GAILLARDE,CAHORS,3,0.8477777777777779
BRIVE LA GAILLARDE,CAHORS,4,0.6103174603174604
BRIVE LA GAILLARDE,CAHORS,5,0.6101587301587301
BRIVE LA GAILLARDE,CAHORS,6,0.5585714285714285
BRIVE LA GAILLARDE,CAHORS,7,0.5195238095238095
BRIVE LA GAILLARDE,CAHORS,8,0.4884126984126984
BRIVE LA GAILLARDE,CAHORS,9,0.4865079365079365
BRIVE LA GAILLARDE,CAHORS,10,0.5022222222222222
BRIVE LA GAILLARDE,CAHORS,11,0.5071656050955414
BRIVE LA GAILLARDE,CAHORS,12,0.3818471337579618
BRIVE LA GAILLARDE,CAHORS,13,0.37428115015974445
BRIVE LA GAILLARDE,CAHORS,14,0.3583067092651757
BRIVE LA GAILLARDE,CAHORS,15,0.344888178913738
BRIVE LA GAILLARDE,CAHORS,16,0.34936102236421723
BRIVE LA GAILLARDE,CAHORS,17,0.35575079872204474
BRIVE LA GAILLARDE,CAHORS,18,0.36538461538461536
BRIVE LA GAILLARDE,CAHORS,19,0.3657556270096463
BRIVE LA GAILLARDE,CAHORS,20,0.3725806451612903
BRIVE LA GAILLARDE,CAHORS,21,0.37783171521035597
BRIVE LA GAILLARDE,CAHORS,22,0.3919093851132686
BRIVE LA GAILLARDE,CAHORS,23,0.39155844155844155
BRIVE LA GAILLARDE,CAHORS,24,0.390228013029316
BRIVE LA GAILLARDE,CAHORS,25,0.39836601307189545
BRIVE LA GAILLARDE,CAHORS,26,0.3998360655737705
BRIVE LA GAILLARDE,CAHORS,27,0.4217105263157894
BRIVE LA GAILLARDE,CAHORS,28,0.42689768976897685
BRIVE LA GAILLARDE,CAHORS,29,0.4200331125827814
BRIVE LA GAILLARDE,CAHORS,30,0.042833333333333334
BRIVE LA GAILLARDE,CAUSSADE(TARN ET GARONNE),0,0.8442028985507246
BRIVE LA GAILLARDE,CAUSSADE(TARN ET GARONNE),1,0.8204710144927536
BRIVE LA GAILLARDE,CAUSSADE(TARN ET GARONNE),2,0.7539855072463768
BRIVE LA GAILLARDE,CAUSSADE(TARN ET GARONNE),3,0.7396739130434783
BRIVE LA GAILLARDE,CAUSSADE(TARN ET GARONNE),4,0.5016363636363635
BRIVE LA GAILLARDE,CAUSSADE(TARN ET GARONNE),5,0.5032727272727273
BRIVE LA GAILLARDE,CAUSSADE(TARN ET GARONNE),6,0.48083941605839414
BRIVE LA GAILLARDE,CAUSSADE(TARN ET GARONNE),7,0.43083941605839415
BRIVE LA GAILLARDE,CAUSSADE(TARN ET GARONNE),8,0.410948905109489
BRIVE LA GAILLARDE,CAUSSADE(TARN ET GARONNE),9,0.4125912408759124
BRIVE LA GAILLARDE,CAUSSADE(TARN ET GARONNE),10,0.418978102189781
BRIVE LA GAILLARDE,CAUSSADE(TARN ET GARONNE),11,0.4228937728937729
BRIVE LA GAILLARDE,CAUSSADE(TARN ET GARONNE),12,0.3529304029304029
BRIVE LA GAILLARDE,CAUSSADE(TARN ET GARONNE),13,0.3568014705882353
BRIVE LA GAILLARDE,CAUSSADE(TARN ET GARONNE),14,0.3443014705882353
BRIVE LA GAILLARDE,CAUSSADE(TARN ET GARONNE),15,0.31066176470588236
BRIVE LA GAILLARDE,CAUSSADE(TARN ET GARONNE),16,0.31470588235294117
BRIVE LA GAILLARDE,CAUSSADE(TARN ET GARONNE),17,0.3240808823529412
BRIVE LA GAILLARDE,CAUSSADE(TARN ET GARONNE),18,0.3287822878228782
BRIVE LA GAILLARDE,CAUSSADE(TARN ET GARONNE),19,0.33037037037037037
BRIVE LA GAILLARDE,CAUSSADE(TARN ET GARONNE),20,0.3338289962825279
BRIVE LA GAILLARDE,CAUSSADE(TARN ET GARONNE),21,0.3389925373134328
BRIVE LA GAILLARDE,CAUSSADE(TARN ET GARONNE),22,0.33903345724907064
BRIVE LA GAILLARDE,CAUSSADE(TARN ET GARONNE),23,0.33689138576779026
BRIVE LA GAILLARDE,CAUSSADE(TARN ET GARONNE),24,0.3359022556390977
BRIVE LA GAILLARDE,CAUSSADE(TARN ET GARONNE),25,0.34547169811320755
BRIVE LA GAILLARDE,CAUSSADE(TARN ET GARONNE),26,0.3456439393939394
BRIVE LA GAILLARDE,CAUSSADE(TARN ET GARONNE),27,0.370532319391635
BRIVE LA GAILLARDE,CAUSSADE(TARN ET GARONNE),28,0.36908396946564886
BRIVE LA GAILLARDE,CAUSSADE(TARN ET GARONNE),29,0.36973180076628354
BRIVE LA GAILLARDE,CAUSSADE(TARN ET GARONNE),30,0.03494208494208494
BRIVE LA GAILLARDE,CHATEAUROUX,0,1.0
BRIVE LA GAILLARDE,CHATEAUROUX,1,1.0
BRIVE LA GAILLARDE,CHATEAUROUX,2,1.0
BRIVE LA GAILLARDE,CHATEAUROUX,3,1.0
BRIVE LA GAILLARDE,CHATEAUROUX,4,1.0
BRIVE LA GAILLARDE,CHATEAUROUX,5,1.0
BRIVE LA GAILLARDE,CHATEAUROUX,6,1.0
BRIVE LA GAILLARDE,CHATEAUROUX,7,1.0
BRIVE LA GAILLARDE,CHATEAUROUX,8,1.0
BRIVE LA GAILLARDE,GOURDON,0,0.9382911392405063
BRIVE LA GAILLARDE,GOURDON,1,0.9102848101265822
BRIVE LA GAILLARDE,GOURDON,2,0.881012658227848
BRIVE LA GAILLARDE,GOURDON,3,0.8434920634920634
BRIVE LA GAILLARDE,GOURDON,4,0.6112698412698413
BRIVE LA GAILLARDE,GOURDON,5,0.6079365079365079
BRIVE LA GAILLARDE,GOURDON,6,0.5588888888888889
BRIVE LA GAILLARDE,GOURDON,7,0.5161904761904762
BRIVE LA GAILLARDE,GOURDON,8,0.4838095238095238
BRIVE LA GAILLARDE,GOURDON,9,0.4849206349206349
BRIVE LA GAILLARDE,GOURDON,10,0.5025396825396826
BRIVE LA GAILLARDE,GOURDON,11,0.5030254777070063
BRIVE LA GAILLARDE,GOURDON,12,0.3818471337579618
BRIVE LA GAILLARDE,GOURDON,13,0.37252396166134183
BRIVE LA GAILLARDE,GOURDON,14,0.3567092651757189
BRIVE LA GAILLARDE,GOURDON,15,0.3440894568690096
BRIVE LA GAILLARDE,GOURDON,16,0.35
BRIVE LA GAILLARDE,GOURDON,17,0.35527156549520766
BRIVE LA GAILLARDE,GOURDON,18,0.365224358974359
BRIVE LA GAILLARDE,GOURDON,19,0.3654340836012862
BRIVE LA GAILLARDE,GOURDON,20,0.3730645161290323
BRIVE LA GAILLARDE,GOURDON,21,0.3789644012944984
BRIVE LA GAILLARDE,GOURDON,22,0.3907766990291262
BRIVE LA GAILLARDE,GOURDON,23,0.3918831168831169
BRIVE LA GAILLARDE,GOURDON,24,0.39153094462540716
BRIVE LA GAILLARDE,GOURDON,25,0.3985294117647059
BRIVE LA GAILLARDE,GOURDON,26,0.3998360655737705
BRIVE LA GAILLARDE,GOURDON,27,0.42105263157894735
BRIVE LA GAILLARDE,GOURDON,28,0.42557755775577555
BRIVE LA GAILLARDE,GOURDON,29,0.42251655629139073
BRIVE LA GAILLARDE,GOURDON,30,0.0415
BRIVE LA GAILLARDE,LA SOUTERRAINE,0,1.0
BRIVE LA GAILLARDE,LA SOUTERRAINE,1,1.0
BRIVE LA GAILLARDE,LA SOUTERRAINE,2,1.0
BRIVE LA GAILLARDE,LA SOUTERRAINE,3,1.0
BRIVE LA GAILLARDE,LA SOUTERRAINE,4,1.0
BRIVE LA GAILLARDE,LA SOUTERRAINE,5,1.0
BRIVE LA GAILLARDE,LA SOUTERRAINE,6,1.0
BRIVE LA GAILLARDE,LA SOUTERRAINE,7,1.0
BRIVE LA GAILLARDE,LA SOUTERRAINE,8,1.0
BRIVE LA GAILLARDE,LIMOGES BENEDICTINS,0,1.0
BRIVE LA GAILLARDE,LIMOGES BENEDICTINS,1,1.0
BRIVE LA GAILLARDE,LIMOGES BENEDICTINS,2,1.0
BRIVE LA GAILLARDE,LIMOGES BENEDICTINS,3,1.0
BRIVE LA GAILLARDE,LIMOGES BENEDICTINS,4,1.0
BRIVE LA GAILLARDE,LIMOGES BENEDICTINS,5,1.0
BRIVE LA GAILLARDE,LIMOGES BENEDICTINS,6,1.0
BRIVE LA GAILLARDE,LIMOGES BENEDICTINS,7,1.0
BRIVE LA GAILLARDE,LIMOGES BENEDICTINS,8,1.0
BRIVE LA GAILLARDE,MONTAUBAN VILLE BOURBON,0,0.8673913043478261
BRIVE LA GAILLARDE,MONTAUBAN VILLE BOURBON,1,0.8389492753623189
BRIVE LA GAILLARDE,MONTAUBAN VILLE BOURBON,2,0.7875
BRIVE LA GAILLARDE,MONTAUBAN VILLE BOURBON,3,0.7728260869565218
BRIVE LA GAILLARDE,MONTAUBAN VILLE BOURBON,4,0.5387272727272727
BRIVE LA GAILLARDE,MONTAUBAN VILLE BOURBON,5,0.5398181818181818
BRIVE LA GAILLARDE,MONTAUBAN VILLE BOURBON,6,0.519890510948905
BRIVE LA GAILLARDE,MONTAUBAN VILLE BOURBON,7,0.4822992700729927
BRIVE LA GAILLARDE,MONTAUBAN VILLE BOURBON,8,0.4667883211678832
BRIVE LA GAILLARDE,MONTAUBAN VILLE BOURBON,9,0.4708029197080292
BRIVE LA GAILLARDE,MONTAUBAN VILLE BOURBON,10,0.48175182481751827
BRIVE LA GAILLARDE,MONTAUBAN VILLE BOURBON,11,0.4785714285714286
BRIVE LA GAILLARDE,MONTAUBAN VILLE BOURBON,12,0.3686813186813187
BRIVE LA GAILLARDE,MONTAUBAN VILLE BOURBON,13,0.3623161764705882
BRIVE LA GAILLARDE,MONTAUBAN VILLE BOURBON,14,0.346875
BRIVE LA GAILLARDE,MONTAUBAN VILLE BOURBON,15,0.31672794117647063
BRIVE LA GAILLARDE,MONTAUBAN VILLE BOURBON,16,0.32187499999999997
BRIVE LA GAILLARDE,MONTAUBAN VILLE BOURBON,17,0.3297794117647059
BRIVE LA GAILLARDE,MONTAUBAN VILLE BOURBON,18,0.3359778597785978
BRIVE LA GAILLARDE,MONTAUBAN VILLE BOURBON,19,0.3357407407407408
BRIVE LA GAILLARDE,MONTAUBAN VILLE BOURBON,20,0.34182156133828995
BRIVE LA GAILLARDE,MONTAUBAN VILLE BOURBON,21,0.3458955223880597
BRIVE LA GAILLARDE,MONTAUBAN VILLE BOURBON,22,0.3420074349442379
BRIVE LA GAILLARDE,MONTAUBAN VILLE BOURBON,23,0.33782771535580525
BRIVE LA GAILLARDE,MONTAUBAN VILLE BOURBON,24,0.3349624060150376
BRIVE LA GAILLARDE,MONTAUBAN VILLE BOURBON,25,0.34490566037735854
BRIVE LA GAILLARDE,MONTAUBAN VILLE BOURBON,26,0.3465909090909091
BRIVE LA GAILLARDE,MONTAUBAN VILLE BOURBON,27,0.3714828897338403
BRIVE LA GAILLARDE,MONTAUBAN VILLE BOURBON,28,0.37270992366412214
BRIVE LA GAILLARDE,MONTAUBAN VILLE BOURBON,29,0.36934865900383146
BRIVE LA GAILLARDE,MONTAUBAN VILLE BOURBON,30,0.04073359073359074
BRIVE LA GAILLARDE,PARIS (intramuros),0,1.0
BRIVE LA GAILLARDE,PARIS (intramuros),1,1.0
BRIVE LA GAILLARDE,PARIS (intramuros),2,1.0
BRIVE LA GAILLARDE,PARIS (intramuros),3,1.0
BRIVE LA GAILLARDE,PARIS (intramuros),4,1.0
BRIVE LA GAILLARDE,PARIS (intramuros),5,1.0
BRIVE LA GAILLARDE,PARIS (intramuros),6,1.0
BRIVE LA GAILLARDE,PARIS (intramuros),7,1.0
BRIVE LA GAILLARDE,PARIS (intramuros),8,1.0
BRIVE LA GAILLARDE,SOUILLAC,0,0.9333860759493671
BRIVE LA GAILLARDE,SOUILLAC,1,0.9102848101265822
BRIVE LA GAILLARDE,SOUILLAC,2,0.885759493670886
BRIVE LA GAILLARDE,SOUILLAC,3,0.8414285714285714
BRIVE LA GAILLARDE,SOUILLAC,4,0.6150793650793651
BRIVE LA GAILLARDE,SOUILLAC,5,0.6077777777777778
BRIVE LA GAILLARDE,SOUILLAC,6,0.5563492063492064
BRIVE LA GAILLARDE,SOUILLAC,7,0.5158730158730159
BRIVE LA GAILLARDE,SOUILLAC,8,0.4887301587301587
BRIVE LA GAILLARDE,SOUILLAC,9,0.4849206349206349
BRIVE LA GAILLARDE,SOUILLAC,10,0.5015873015873016
BRIVE LA GAILLARDE,SOUILLAC,11,0.5030254777070063
BRIVE LA GAILLARDE,SOUILLAC,12,0.3837579617834395
BRIVE LA GAILLARDE,SOUILLAC,13,0.37108626198083067
BRIVE LA GAILLARDE,SOUILLAC,14,0.3570287539936102
BRIVE LA GAILLARDE,SOUILLAC,15,0.34281150159744406
BRIVE LA GAILLARDE,SOUILLAC,16,0.3490415335463259
BRIVE LA GAILLARDE,SOUILLAC,17,0.3562300319488818
BRIVE LA GAILLARDE,SOUILLAC,18,0.36650641025641023
BRIVE LA GAILLARDE,SOUILLAC,19,0.36704180064308684
BRIVE LA GAILLARDE,SOUILLAC,20,0.37370967741935485
BRIVE LA GAILLARDE,SOUILLAC,21,0.3800970873786408
BRIVE LA GAILLARDE,SOUILLAC,22,0.3909385113268608
BRIVE LA GAILLARDE,SOUILLAC,23,0.39253246753246757
BRIVE LA GAILLARDE,SOUILLAC,24,0.39087947882736157
BRIVE LA GAILLARDE,SOUILLAC,25,0.3964052287581699
BRIVE LA GAILLARDE,SOUILLAC,26,0.39852459016393443
BRIVE LA GAILLARDE,SOUILLAC,27,0.42105263157894735
BRIVE LA GAILLARDE,SOUILLAC,28,0.4267326732673268
BRIVE LA GAILLARDE,SOUILLAC,29,0.4245033112582781
BRIVE LA GAILLARDE,SOUILLAC,30,0.0455
BRIVE LA GAILLARDE,TOULOUSE MATABIAU,0,0.8753623188405797
BRIVE LA GAILLARDE,TOULOUSE MATABIAU,1,0.8431159420289854
BRIVE LA GAILLARDE,TOULOUSE MATABIAU,2,0.7871376811594203
BRIVE LA GAILLARDE,TOULOUSE MATABIAU,3,0.7737318840579711
BRIVE LA GAILLARDE,TOULOUSE MATABIAU,4,0.5405454545454546
BRIVE LA GAILLARDE,TOULOUSE MATABIAU,5,0.5354545454545454
BRIVE LA GAILLARDE,TOULOUSE MATABIAU,6,0.5228102189781022
BRIVE LA GAILLARDE,TOULOUSE MATABIAU,7,0.4852189781021897
BRIVE LA GAILLARDE,TOULOUSE MATABIAU,8,0.47007299270072994
BRIVE LA GAILLARDE,TOULOUSE MATABIAU,9,0.4720802919708029
BRIVE LA GAILLARDE,TOULOUSE MATABIAU,10,0.47956204379562045
BRIVE LA GAILLARDE,TOULOUSE MATABIAU,11,0.480952380952381
BRIVE LA GAILLARDE,TOULOUSE MATABIAU,12,0.3683150183150183
BRIVE LA GAILLARDE,TOULOUSE MATABIAU,13,0.3604779411764706
BRIVE LA GAILLARDE,TOULOUSE MATABIAU,14,0.3483455882352941
BRIVE LA GAILLARDE,TOULOUSE MATABIAU,15,0.31764705882352945
BRIVE LA GAILLARDE,TOULOUSE MATABIAU,16,0.3215073529411765
BRIVE LA GAILLARDE,TOULOUSE MATABIAU,17,0.330514705882353
BRIVE LA GAILLARDE,TOULOUSE MATABIAU,18,0.337269372693727
BRIVE LA GAILLARDE,TOULOUSE MATABIAU,19,0.3357407407407408
BRIVE LA GAILLARDE,TOULOUSE MATABIAU,20,0.3434944237918216
BRIVE LA GAILLARDE,TOULOUSE MATABIAU,21,0.3453358208955224
BRIVE LA GAILLARDE,TOULOUSE MATABIAU,22,0.3425650557620818
BRIVE LA GAILLARDE,TOULOUSE MATABIAU,23,0.3400749063670412
BRIVE LA GAILLARDE,TOULOUSE MATABIAU,24,0.33627819548872184
BRIVE LA GAILLARDE,TOULOUSE MATABIAU,25,0.34358490566037736
BRIVE LA GAILLARDE,TOULOUSE MATABIAU,26,0.3448863636363636
BRIVE LA GAILLARDE,TOULOUSE MATABIAU,27,0.37338403041825097
BRIVE LA GAILLARDE,TOULOUSE MATABIAU,28,0.3755725190839695
BRIVE LA GAILLARDE,TOULOUSE MATABIAU,29,0.3716475095785441
BRIVE LA GAILLARDE,TOULOUSE MATABIAU,30,0.032432432432432434
BRIVE LA GAILLARDE,VIERZON,0,1.0
BRIVE LA GAILLARDE,VIERZON,1,1.0
BRIVE LA GAILLARDE,VIERZON,2,1.0
BRIVE LA GAILLARDE,VIERZON,3,1.0
BRIVE LA GAILLARDE,VIERZON,4,1.0
BRIVE LA GAILLARDE,VIERZON,5,1.0
BRIVE LA GAILLARDE,VIERZON,6,1.0
BRIVE LA GAILLARDE,VIERZON,7,1.0
BRIVE LA GAILLARDE,VIERZON,8,1.0
CAHORS,CAUSSADE(TARN ET GARONNE),0,0.8663043478260869
CAHORS,CAUSSADE(TARN ET GARONNE),1,0.8396739130434783
CAHORS,CAUSSADE(TARN ET GARONNE),2,0.7815217391304348
CAHORS,CAUSSADE(TARN ET GARONNE),3,0.7615942028985507
CAHORS,CAUSSADE(TARN ET GARONNE),4,0.5352727272727272
CAHORS,CAUSSADE(TARN ET GARONNE),5,0.5370909090909091
CAHORS,CAUSSADE(TARN ET GARONNE),6,0.5155109489051095
CAHORS,CAUSSADE(TARN ET GARONNE),7,0.47700729927007296
CAHORS,CAUSSADE(TARN ET GARONNE),8,0.4653284671532847
CAHORS,CAUSSADE(TARN ET GARONNE),9,0.46770072992700734
CAHORS,CAUSSADE(TARN ET GARONNE),10,0.4759124087591241
CAHORS,CAUSSADE(TARN ET GARONNE),11,0.47893772893772896
CAHORS,CAUSSADE(TARN ET GARONNE),12,0.3642857142857143
CAHORS,CAUSSADE(TARN ET GARONNE),13,0.35919117647058824
CAHORS,CAUSSADE(TARN ET GARONNE),14,0.34595588235294117
CAHORS,CAUSSADE(TARN ET GARONNE),15,0.31838235294117645
CAHORS,CAUSSADE(TARN ET GARONNE),16,0.3224264705882353
CAHORS,CAUSSADE(TARN ET GARONNE),17,0.33088235294117646
CAHORS,CAUSSADE(TARN ET GARONNE),18,0.337269372693727
CAHORS,CAUSSADE(TARN ET GARONNE),19,0.33481481481481484
CAHORS,CAUSSADE(TARN ET GARONNE),20,0.34219330855018587
CAHORS,CAUSSADE(TARN ET GARONNE),21,0.3427238805970149
CAHORS,CAUSSADE(TARN ET GARONNE),22,0.3420074349442379
CAHORS,CAUSSADE(TARN ET GARONNE),23,0.33876404494382023
CAHORS,CAUSSADE(TARN ET GARONNE),24,0.33646616541353386
CAHORS,CAUSSADE(TARN ET GARONNE),25,0.3450943396226415
CAHORS,CAUSSADE(TARN ET GARONNE),26,0.3471590909090909
CAHORS,CAUSSADE(TARN ET GARONNE),27,0.37167300380228135
CAHORS,CAUSSADE(TARN ET GARONNE),28,0.3696564885496183
CAHORS,CAUSSADE(TARN ET GARONNE),29,0.3674329501915709
CAHORS,CAUSSADE(TARN ET GARONNE),30,0.04305019305019305
CAHORS,MONTAUBAN VILLE BOURBON,0,0.8389492753623189
CAHORS,MONTAUBAN VILLE BOURBON,1,0.8108695652173914
CAHORS,MONTAUBAN VILLE BOURBON,2,0.7505434782608695
CAHORS,MONTAUBAN VILLE BOURBON,3,0.7327898550724637
CAHORS,MONTAUBAN VILLE BOURBON,4,0.5003636363636363
CAHORS,MONTAUBAN VILLE BOURBON,5,0.5005454545454545
CAHORS,MONTAUBAN VILLE BOURBON,6,0.4762773722627737
CAHORS,MONTAUBAN VILLE BOURBON,7,0.4306569343065693
CAHORS,MONTAUBAN VILLE BOURBON,8,0.4114963503649635
CAHORS,MONTAUBAN VILLE BOURBON,9,0.41058394160583944
CAHORS,MONTAUBAN VILLE BOURBON,10,0.41934306569343066
CAHORS,MONTAUBAN VILLE BOURBON,11,0.42326007326007326
CAHORS,MONTAUBAN VILLE BOURBON,12,0.3527472527472527
CAHORS,MONTAUBAN VILLE BOURBON,13,0.35496323529411766
CAHORS,MONTAUBAN VILLE BOURBON,14,0.34099264705882354
CAHORS,MONTAUBAN VILLE BOURBON,15,0.3108455882352941
CAHORS,MONTAUBAN VILLE BOURBON,16,0.31433823529411764
CAHORS,MONTAUBAN VILLE BOURBON,17,0.32389705882352937
CAHORS,MONTAUBAN VILLE BOURBON,18,0.32601476014760145
CAHORS,MONTAUBAN VILLE BOURBON,19,0.3301851851851852
CAHORS,MONTAUBAN VILLE BOURBON,20,0.33438661710037176
CAHORS,MONTAUBAN VILLE BOURBON,21,0.3376865671641791
CAHORS,MONTAUBAN VILLE BOURBON,22,0.3379182156133829
CAHORS,MONTAUBAN VILLE BOURBON,23,0.3357677902621723
CAHORS,MONTAUBAN VILLE BOURBON,24,0.33703007518796996
CAHORS,MONTAUBAN VILLE BOURBON,25,0.34660377358490563
CAHORS,MONTAUBAN VILLE BOURBON,26,0.3452651515151515
CAHORS,MONTAUBAN VILLE BOURBON,27,0.36958174904942964
CAHORS,MONTAUBAN VILLE BOURBON,28,0.36793893129770994
CAHORS,MONTAUBAN VILLE BOURBON,29,0.3685823754789272
CAHORS,MONTAUBAN VILLE BOURBON,30,0.04691119691119691
CAHORS,TOULOUSE MATABIAU,0,0.8686594202898551
CAHORS,TOULOUSE MATABIAU,1,0.8369565217391305
CAHORS,TOULOUSE MATABIAU,2,0.7806159420289854
CAHORS,TOULOUSE MATABIAU,3,0.765036231884058
CAHORS,TOULOUSE MATABIAU,4,0.5403636363636364
CAHORS,TOULOUSE MATABIAU,5,0.5383636363636364
CAHORS,TOULOUSE MATABIAU,6,0.5173357664233577
CAHORS,TOULOUSE MATABIAU,7,0.48138686131386865
CAHORS,TOULOUSE MATABIAU,8,0.4645985401459854
CAHORS,TOULOUSE MATABIAU,9,0.46770072992700734
CAHORS,TOULOUSE MATABIAU,10,0.4768248175182482
CAHORS,TOULOUSE MATABIAU,11,0.48003663003663005
CAHORS,TOULOUSE MATABIAU,12,0.363003663003663
CAHORS,TOULOUSE MATABIAU,13,0.35955882352941176
CAHORS,TOULOUSE MATABIAU,14,0.34503676470588235
CAHORS,TOULOUSE MATABIAU,15,0.31746323529411763
CAHORS,TOULOUSE MATABIAU,16,0.32316176470588237
CAHORS,TOULOUSE MATABIAU,17,0.330514705882353
CAHORS,TOULOUSE MATABIAU,18,0.3381918819188192
CAHORS,TOULOUSE MATABIAU,19,0.3374074074074074
CAHORS,TOULOUSE MATABIAU,20,0.34219330855018587
CAHORS,TOULOUSE MATABIAU,21,0.3434701492537313
CAHORS,TOULOUSE MATABIAU,22,0.33903345724907064
CAHORS,TOULOUSE MATABIAU,23,0.33726591760299623
CAHORS,TOULOUSE MATABIAU,24,0.3357142857142857
CAHORS,TOULOUSE MATABIAU,25,0.34566037735849053
CAHORS,TOULOUSE MATABIAU,26,0.34602272727272726
CAHORS,TOULOUSE MATABIAU,27,0.37281368821292776
CAHORS,TOULOUSE MATABIAU,28,0.3713740458015267
CAHORS,TOULOUSE MATABIAU,29,0.37203065134099617
CAHORS,TOULOUSE MATABIAU,30,0.03494208494208494
CAUSSADE(TARN ET GARONNE),MONTAUBAN VILLE BOURBON,0,0.8668478260869565
CAUSSADE(TARN ET GARONNE),MONTAUBAN VILLE BOURBON,1,0.8369565217391305
CAUSSADE(TARN ET GARONNE),MONTAUBAN VILLE BOURBON,2,0.7757246376811594
CAUSSADE(TARN ET GARONNE),MONTAUBAN VILLE BOURBON,3,0.7615942028985507
CAUSSADE(TARN ET GARONNE),MONTAUBAN VILLE BOURBON,4,0.5352727272727272
CAUSSADE(TARN ET GARONNE),MONTAUBAN VILLE BOURBON,5,0.5365454545454545
CAUSSADE(TARN ET GARONNE),MONTAUBAN VILLE BOURBON,6,0.5184306569343066
CAUSSADE(TARN ET GARONNE),MONTAUBAN VILLE BOURBON,7,0.47956204379562045
CAUSSADE(TARN ET GARONNE),MONTAUBAN VILLE BOURBON,8,0.4667883211678832
CAUSSADE(TARN ET GARONNE),MONTAUBAN VILLE BOURBON,9,0.46715328467153283
CAUSSADE(TARN ET GARONNE),MONTAUBAN VILLE BOURBON,10,0.47974452554744523
CAUSSADE(TARN ET GARONNE),MONTAUBAN VILLE BOURBON,11,0.4787545787545787
CAUSSADE(TARN ET GARONNE),MONTAUBAN VILLE BOURBON,12,0.37362637362637363
CAUSSADE(TARN ET GARONNE),MONTAUBAN VILLE BOURBON,13,0.36066176470588235
CAUSSADE(TARN ET GARONNE),MONTAUBAN VILLE BOURBON,14,0.34981617647058827
CAUSSADE(TARN ET GARONNE),MONTAUBAN VILLE BOURBON,15,0.31930147058823527
CAUSSADE(TARN ET GARONNE),MONTAUBAN VILLE BOURBON,16,0.3235294117647059
CAUSSADE(TARN ET GARONNE),MONTAUBAN VILLE BOURBON,17,0.33125
CAUSSADE(TARN ET GARONNE),MONTAUBAN VILLE BOURBON,18,0.3380073800738007
CAUSSADE(TARN ET GARONNE),MONTAUBAN VILLE BOURBON,19,0.33481481481481484
CAUSSADE(TARN ET GARONNE),MONTAUBAN VILLE BOURBON,20,0.3420074349442379
CAUSSADE(TARN ET GARONNE),MONTAUBAN VILLE BOURBON,21,0.34291044776119406
CAUSSADE(TARN ET GARONNE),MONTAUBAN VILLE BOURBON,22,0.341449814126394
CAUSSADE(TARN ET GARONNE),MONTAUBAN VILLE BOURBON,23,0.33726591760299623
CAUSSADE(TARN ET GARONNE),MONTAUBAN VILLE BOURBON,24,0.33515037593984964
CAUSSADE(TARN ET GARONNE),MONTAUBAN VILLE BOURBON,25,0.3441509433962264
CAUSSADE(TARN ET GARONNE),MONTAUBAN VILLE BOURBON,26,0.34810606060606064
CAUSSADE(TARN ET GARONNE),MONTAUBAN VILLE BOURBON,27,0.3731939163498099
CAUSSADE(TARN ET GARONNE),MONTAUBAN VILLE BOURBON,28,0.3738549618320611
CAUSSADE(TARN ET GARONNE),MONTAUBAN VILLE BOURBON,29,0.36819923371647506
CAUSSADE(TARN ET GARONNE),MONTAUBAN VILLE BOURBON,30,0.04517374517374518
CAUSSADE(TARN ET GARONNE),TOULOUSE MATABIAU,0,0.8635869565217391
CAUSSADE(TARN ET GARONNE),TOULOUSE MATABIAU,1,0.8369565217391305
CAUSSADE(TARN ET GARONNE),TOULOUSE MATABIAU,2,0.7833333333333333
CAUSSADE(TARN ET GARONNE),TOULOUSE MATABIAU,3,0.7634057971014492
CAUSSADE(TARN ET GARONNE),TOULOUSE MATABIAU,4,0.5354545454545454
CAUSSADE(TARN ET GARONNE),TOULOUSE MATABIAU,5,0.5354545454545454
CAUSSADE(TARN ET GARONNE),TOULOUSE MATABIAU,6,0.525
CAUSSADE(TARN ET GARONNE),TOULOUSE MATABIAU,7,0.48302919708029196
CAUSSADE(TARN ET GARONNE),TOULOUSE MATABIAU,8,0.46916058394160587
CAUSSADE(TARN ET GARONNE),TOULOUSE MATABIAU,9,0.47062043795620434
CAUSSADE(TARN ET GARONNE),TOULOUSE MATABIAU,10,0.4788321167883211
CAUSSADE(TARN ET GARONNE),TOULOUSE MATABIAU,11,0.48369963369963376
CAUSSADE(TARN ET GARONNE),TOULOUSE MATABIAU,12,0.36410256410256414
CAUSSADE(TARN ET GARONNE),TOULOUSE MATABIAU,13,0.359375
CAUSSADE(TARN ET GARONNE),TOULOUSE MATABIAU,14,0.3477941176470588
CAUSSADE(TARN ET GARONNE),TOULOUSE MATABIAU,15,0.31727941176470587
CAUSSADE(TARN ET GARONNE),TOULOUSE MATABIAU,16,0.3205882352941177
CAUSSADE(TARN ET GARONNE),TOULOUSE MATABIAU,17,0.3297794117647059
CAUSSADE(TARN ET GARONNE),TOULOUSE MATABIAU,18,0.33579335793357934
CAUSSADE(TARN ET GARONNE),TOULOUSE MATABIAU,19,0.33648148148148144
CAUSSADE(TARN ET GARONNE),TOULOUSE MATABIAU,20,0.34182156133828995
CAUSSADE(TARN ET GARONNE),TOULOUSE MATABIAU,21,0.3436567164179104
CAUSSADE(TARN ET GARONNE),TOULOUSE MATABIAU,22,0.3392193308550186
CAUSSADE(TARN ET GARONNE),TOULOUSE MATABIAU,23,0.3374531835205992
CAUSSADE(TARN ET GARONNE),TOULOUSE MATABIAU,24,0.33458646616541354
CAUSSADE(TARN ET GARONNE),TOULOUSE MATABIAU,25,0.34490566037735854
CAUSSADE(TARN ET GARONNE),TOULOUSE MATABIAU,26,0.3488636363636363
CAUSSADE(TARN ET GARONNE),TOULOUSE MATABIAU,27,0.3726235741444867
CAUSSADE(TARN ET GARONNE),TOULOUSE MATABIAU,28,0.3738549618320611
CAUSSADE(TARN ET GARONNE),TOULOUSE MATABIAU,29,0.3733716475095786
CAUSSADE(TARN ET GARONNE),TOULOUSE MATABIAU,30,0.036293436293436294
CHATEAUROUX,ARGENTON SUR CREUSE,0,0.8474999999999999
CHATEAUROUX,ARGENTON SUR CREUSE,1,0.82296875
CHATEAUROUX,ARGENTON SUR CREUSE,2,0.79375
CHATEAUROUX,ARGENTON SUR CREUSE,3,0.7736677115987461
CHATEAUROUX,ARGENTON SUR CREUSE,4,0.6289968652037617
CHATEAUROUX,ARGENTON SUR CREUSE,5,0.6308777429467085
CHATEAUROUX,ARGENTON SUR CREUSE,6,0.6178683385579937
CHATEAUROUX,ARGENTON SUR CREUSE,7,0.602037617554859
CHATEAUROUX,ARGENTON SUR CREUSE,8,0.570846394984326
CHATEAUROUX,ARGENTON SUR CREUSE,9,0.5747648902821316
CHATEAUROUX,ARGENTON SUR CREUSE,10,0.5827586206896552
CHATEAUROUX,ARGENTON SUR CREUSE,11,0.5885220125786164
CHATEAUROUX,ARGENTON SUR CREUSE,12,0.4988993710691824
CHATEAUROUX,ARGENTON SUR CREUSE,13,0.4864779874213836
CHATEAUROUX,ARGENTON SUR CREUSE,14,0.47955974842767296
CHATEAUROUX,ARGENTON SUR CREUSE,15,0.4765723270440252
CHATEAUROUX,ARGENTON SUR CREUSE,16,0.4834905660377358
CHATEAUROUX,ARGENTON SUR CREUSE,17,0.48915094339622645
CHATEAUROUX,ARGENTON SUR CREUSE,18,0.4958990536277602
CHATEAUROUX,ARGENTON SUR CREUSE,19,0.4973101265822785
CHATEAUROUX,ARGENTON SUR CREUSE,20,0.4955555555555555
CHATEAUROUX,ARGENTON SUR CREUSE,21,0.5105095541401274
CHATEAUROUX,ARGENTON SUR CREUSE,22,0.5194267515923566
CHATEAUROUX,ARGENTON SUR CREUSE,23,0.5142172523961661
CHATEAUROUX,ARGENTON SUR CREUSE,24,0.5137820512820513
CHATEAUROUX,ARGENTON SUR CREUSE,25,0.5172025723472669
CHATEAUROUX,ARGENTON SUR CREUSE,26,0.5196774193548387
CHATEAUROUX,ARGENTON SUR CREUSE,27,0.5244336569579289
CHATEAUROUX,ARGENTON SUR CREUSE,28,0.5301948051948052
CHATEAUROUX,ARGENTON SUR CREUSE,29,0.5141233766233766
CHATEAUROUX,ARGENTON SUR CREUSE,30,0.055392156862745096
CHATEAUROUX,BRIVE LA GAILLARDE,0,0.9532307692307692
CHATEAUROUX,BRIVE LA GAILLARDE,1,0.9306153846153846
CHATEAUROUX,BRIVE LA GAILLARDE,2,0.9030769230769231
CHATEAUROUX,BRIVE LA GAILLARDE,3,0.8899691358024692
CHATEAUROUX,BRIVE LA GAILLARDE,4,0.7629230769230769
CHATEAUROUX,BRIVE LA GAILLARDE,5,0.756
CHATEAUROUX,BRIVE LA GAILLARDE,6,0.7395384615384615
CHATEAUROUX,BRIVE LA GAILLARDE,7,0.74
CHATEAUROUX,BRIVE LA GAILLARDE,8,0.7286153846153847
CHATEAUROUX,BRIVE LA GAILLARDE,9,0.7156923076923076
CHATEAUROUX,BRIVE LA GAILLARDE,10,0.7176923076923077
CHATEAUROUX,BRIVE LA GAILLARDE,11,0.7321538461538462
CHATEAUROUX,BRIVE LA GAILLARDE,12,0.6592307692307692
CHATEAUROUX,BRIVE LA GAILLARDE,13,0.6627692307692308
CHATEAUROUX,BRIVE LA GAILLARDE,14,0.648
CHATEAUROUX,BRIVE LA GAILLARDE,15,0.634
CHATEAUROUX,BRIVE LA GAILLARDE,16,0.6416923076923077
CHATEAUROUX,BRIVE LA GAILLARDE,17,0.6529230769230769
CHATEAUROUX,BRIVE LA GAILLARDE,18,0.662
CHATEAUROUX,BRIVE LA GAILLARDE,19,0.6529230769230769
CHATEAUROUX,BRIVE LA GAILLARDE,20,0.6461419753086419
CHATEAUROUX,BRIVE LA GAILLARDE,21,0.6410493827160494
CHATEAUROUX,BRIVE LA GAILLARDE,22,0.6458333333333334
CHATEAUROUX,BRIVE LA GAILLARDE,23,0.6450617283950617
CHATEAUROUX,BRIVE LA GAILLARDE,24,0.6498452012383901
CHATEAUROUX,BRIVE LA GAILLARDE,25,0.6546583850931678
CHATEAUROUX,BRIVE LA GAILLARDE,26,0.6672360248447204
CHATEAUROUX,BRIVE LA GAILLARDE,27,0.6570093457943925
CHATEAUROUX,BRIVE LA GAILLARDE,28,0.6599688473520249
CHATEAUROUX,BRIVE LA GAILLARDE,29,0.6479750778816199
CHATEAUROUX,BRIVE LA GAILLARDE,30,0.04608150470219436
CHATEAUROUX,CAHORS,0,0.8164556962025317
CHATEAUROUX,CAHORS,1,0.7943037974683544
CHATEAUROUX,CAHORS,2,0.7746835443037975
CHATEAUROUX,CAHORS,3,0.7284126984126984
CHATEAUROUX,CAHORS,4,0.5157142857142857
CHATEAUROUX,CAHORS,5,0.5160317460317461
CHATEAUROUX,CAHORS,6,0.47333333333333333
CHATEAUROUX,CAHORS,7,0.4353968253968254
CHATEAUROUX,CAHORS,8,0.39571428571428574
CHATEAUROUX,CAHORS,9,0.39746031746031746
CHATEAUROUX,CAHORS,10,0.4180952380952381
CHATEAUROUX,CAHORS,11,0.42627388535031846
CHATEAUROUX,CAHORS,12,0.3485668789808917
CHATEAUROUX,CAHORS,13,0.344888178913738
CHATEAUROUX,CAHORS,14,0.3314696485623003
CHATEAUROUX,CAHORS,15,0.3193290734824281
CHATEAUROUX,CAHORS,16,0.3244408945686901
CHATEAUROUX,CAHORS,17,0.331150159744409
CHATEAUROUX,CAHORS,18,0.33685897435897433
CHATEAUROUX,CAHORS,19,0.34099678456591637
CHATEAUROUX,CAHORS,20,0.34645161290322585
CHATEAUROUX,CAHORS,21,0.3559870550161812
CHATEAUROUX,CAHORS,22,0.36893203883495146
CHATEAUROUX,CAHORS,23,0.3689935064935065
CHATEAUROUX,CAHORS,24,0.3690553745928339
CHATEAUROUX,CAHORS,25,0.3761437908496732
CHATEAUROUX,CAHORS,26,0.38311475409836065
CHATEAUROUX,CAHORS,27,0.4049342105263158
CHATEAUROUX,CAHORS,28,0.4141914191419142
CHATEAUROUX,CAHORS,29,0.4117549668874172
CHATEAUROUX,CAHORS,30,0.041166666666666664
CHATEAUROUX,CAUSSADE(TARN ET GARONNE),0,0.7856884057971014
CHATEAUROUX,CAUSSADE(TARN ET GARONNE),1,0.7615942028985507
CHATEAUROUX,CAUSSADE(TARN ET GARONNE),2,0.7202898550724638
CHATEAUROUX,CAUSSADE(TARN ET GARONNE),3,0.7039855072463769
CHATEAUROUX,CAUSSADE(TARN ET GARONNE),4,0.4901818181818182
CHATEAUROUX,CAUSSADE(TARN ET GARONNE),5,0.4876363636363636
CHATEAUROUX,CAUSSADE(TARN ET GARONNE),6,0.4633211678832117
CHATEAUROUX,CAUSSADE(TARN ET GARONNE),7,0.4135036496350365
CHATEAUROUX,CAUSSADE(TARN ET GARONNE),8,0.39416058394160586
CHATEAUROUX,CAUSSADE(TARN ET GARONNE),9,0.3952554744525547
CHATEAUROUX,CAUSSADE(TARN ET GARONNE),10,0.40784671532846717
CHATEAUROUX,CAUSSADE(TARN ET GARONNE),11,0.4141025641025641
CHATEAUROUX,CAUSSADE(TARN ET GARONNE),12,0.34304029304029304
CHATEAUROUX,CAUSSADE(TARN ET GARONNE),13,0.34301470588235294
CHATEAUROUX,CAUSSADE(TARN ET GARONNE),14,0.32628676470588236
CHATEAUROUX,CAUSSADE(TARN ET GARONNE),15,0.2959558823529412
CHATEAUROUX,CAUSSADE(TARN ET GARONNE),16,0.30128676470588234
CHATEAUROUX,CAUSSADE(TARN ET GARONNE),17,0.3068014705882353
CHATEAUROUX,CAUSSADE(TARN ET GARONNE),18,0.31162361623616236
CHATEAUROUX,CAUSSADE(TARN ET GARONNE),19,0.31351851851851853
CHATEAUROUX,CAUSSADE(TARN ET GARONNE),20,0.31970260223048325
CHATEAUROUX,CAUSSADE(TARN ET GARONNE),21,0.3238805970149254
CHATEAUROUX,CAUSSADE(TARN ET GARONNE),22,0.33066914498141264
CHATEAUROUX,CAUSSADE(TARN ET GARONNE),23,0.3301498127340824
CHATEAUROUX,CAUSSADE(TARN ET GARONNE),24,0.3317669172932331
CHATEAUROUX,CAUSSADE(TARN ET GARONNE),25,0.3407547169811321
CHATEAUROUX,CAUSSADE(TARN ET GARONNE),26,0.3446969696969697
CHATEAUROUX,CAUSSADE(TARN ET GARONNE),27,0.3718631178707224
CHATEAUROUX,CAUSSADE(TARN ET GARONNE),28,0.3751908396946565
CHATEAUROUX,CAUSSADE(TARN ET GARONNE),29,0.3735632183908046
CHATEAUROUX,CAUSSADE(TARN ET GARONNE),30,0.0333976833976834
CHATEAUROUX,GOURDON,0,0.8186708860759493
CHATEAUROUX,GOURDON,1,0.7960443037974684
CHATEAUROUX,GOURDON,2,0.7694620253164557
CHATEAUROUX,GOURDON,3,0.7263492063492064
CHATEAUROUX,GOURDON,4,0.520952380952381
CHATEAUROUX,GOURDON,5,0.5109523809523809
CHATEAUROUX,GOURDON,6,0.4685714285714285
CHATEAUROUX,GOURDON,7,0.43126984126984125
CHATEAUROUX,GOURDON,8,0.396031746031746
CHATEAUROUX,GOURDON,9,0.4004761904761905
CHATEAUROUX,GOURDON,10,0.41777777777777775
CHATEAUROUX,GOURDON,11,0.42468152866242037
CHATEAUROUX,GOURDON,12,0.3493630573248408
CHATEAUROUX,GOURDON,13,0.34632587859424924
CHATEAUROUX,GOURDON,14,0.3329073482428115
CHATEAUROUX,GOURDON,15,0.31996805111821086
CHATEAUROUX,GOURDON,16,0.32492012779552715
CHATEAUROUX,GOURDON,17,0.33099041533546325
CHATEAUROUX,GOURDON,18,0.33653846153846156
CHATEAUROUX,GOURDON,19,0.3403536977491961
CHATEAUROUX,GOURDON,20,0.34774193548387095
CHATEAUROUX,GOURDON,21,0.35501618122977346
CHATEAUROUX,GOURDON,22,0.36957928802588996
CHATEAUROUX,GOURDON,23,0.3699675324675325
CHATEAUROUX,GOURDON,24,0.3690553745928339
CHATEAUROUX,GOURDON,25,0.3758169934640523
CHATEAUROUX,GOURDON,26,0.3819672131147541
CHATEAUROUX,GOURDON,27,0.4049342105263158
CHATEAUROUX,GOURDON,28,0.4138613861386139
CHATEAUROUX,GOURDON,29,0.41423841059602645
CHATEAUROUX,GOURDON,30,0.042833333333333334
CHATEAUROUX,LA SOUTERRAINE,0,0.9064615384615385
CHATEAUROUX,LA SOUTERRAINE,1,0.8795384615384616
CHATEAUROUX,LA SOUTERRAINE,2,0.854923076923077
CHATEAUROUX,LA SOUTERRAINE,3,0.8430555555555554
CHATEAUROUX,LA SOUTERRAINE,4,0.7143076923076923
CHATEAUROUX,LA SOUTERRAINE,5,0.7084615384615385
CHATEAUROUX,LA SOUTERRAINE,6,0.6966153846153846
CHATEAUROUX,LA SOUTERRAINE,7,0.6967692307692307
CHATEAUROUX,LA SOUTERRAINE,8,0.6838461538461539
CHATEAUROUX,LA SOUTERRAINE,9,0.6752307692307692
CHATEAUROUX,LA SOUTERRAINE,10,0.6833846153846154
CHATEAUROUX,LA SOUTERRAINE,11,0.7052307692307692
CHATEAUROUX,LA SOUTERRAINE,12,0.6395384615384615
CHATEAUROUX,LA SOUTERRAINE,13,0.6415384615384615
CHATEAUROUX,LA SOUTERRAINE,14,0.6330769230769231
CHATEAUROUX,LA SOUTERRAINE,15,0.6249230769230769
CHATEAUROUX,LA SOUTERRAINE,16,0.6296923076923077
CHATEAUROUX,LA SOUTERRAINE,17,0.6424615384615385
CHATEAUROUX,LA SOUTERRAINE,18,0.6496923076923077
CHATEAUROUX,LA SOUTERRAINE,19,0.64
CHATEAUROUX,LA SOUTERRAINE,20,0.6350308641975309
CHATEAUROUX,LA SOUTERRAINE,21,0.6313271604938272
CHATEAUROUX,LA SOUTERRAINE,22,0.6362654320987654
CHATEAUROUX,LA SOUTERRAINE,23,0.6356481481481481
CHATEAUROUX,LA SOUTERRAINE,24,0.6419504643962848
CHATEAUROUX,LA SOUTERRAINE,25,0.6476708074534162
CHATEAUROUX,LA SOUTERRAINE,26,0.6625776397515528
CHATEAUROUX,LA SOUTERRAINE,27,0.6538940809968847
CHATEAUROUX,LA SOUTERRAINE,28,0.6566978193146418
CHATEAUROUX,LA SOUTERRAINE,29,0.6420560747663551
CHATEAUROUX,LA SOUTERRAINE,30,0.06567398119122257
CHATEAUROUX,LIMOGES BENEDICTINS,0,0.8909230769230769
CHATEAUROUX,LIMOGES BENEDICTINS,1,0.864923076923077
CHATEAUROUX,LIMOGES BENEDICTINS,2,0.8370769230769232
CHATEAUROUX,LIMOGES BENEDICTINS,3,0.8379629629629629
CHATEAUROUX,LIMOGES BENEDICTINS,4,0.7238461538461538
CHATEAUROUX,LIMOGES BENEDICTINS,5,0.7133846153846154
CHATEAUROUX,LIMOGES BENEDICTINS,6,0.700923076923077
CHATEAUROUX,LIMOGES BENEDICTINS,7,0.6966153846153846
CHATEAUROUX,LIMOGES BENEDICTINS,8,0.678923076923077
CHATEAUROUX,LIMOGES BENEDICTINS,9,0.6713846153846154
CHATEAUROUX,LIMOGES BENEDICTINS,10,0.6803076923076923
CHATEAUROUX,LIMOGES BENEDICTINS,11,0.6992307692307692
CHATEAUROUX,LIMOGES BENEDICTINS,12,0.6058461538461538
CHATEAUROUX,LIMOGES BENEDICTINS,13,0.6050769230769231
CHATEAUROUX,LIMOGES BENEDICTINS,14,0.5963076923076923
CHATEAUROUX,LIMOGES BENEDICTINS,15,0.5883076923076923
CHATEAUROUX,LIMOGES BENEDICTINS,16,0.5961538461538461
CHATEAUROUX,LIMOGES BENEDICTINS,17,0.6112307692307692
CHATEAUROUX,LIMOGES BENEDICTINS,18,0.6193846153846154
CHATEAUROUX,LIMOGES BENEDICTINS,19,0.6124615384615385
CHATEAUROUX,LIMOGES BENEDICTINS,20,0.6061728395061728
CHATEAUROUX,LIMOGES BENEDICTINS,21,0.5993827160493826
CHATEAUROUX,LIMOGES BENEDICTINS,22,0.6020061728395062
CHATEAUROUX,LIMOGES BENEDICTINS,23,0.6040123456790123
CHATEAUROUX,LIMOGES BENEDICTINS,24,0.6136222910216718
CHATEAUROUX,LIMOGES BENEDICTINS,25,0.6211180124223602
CHATEAUROUX,LIMOGES BENEDICTINS,26,0.6361801242236025
CHATEAUROUX,LIMOGES BENEDICTINS,27,0.6302180685358256
CHATEAUROUX,LIMOGES BENEDICTINS,28,0.6325545171339564
CHATEAUROUX,LIMOGES BENEDICTINS,29,0.6241433021806854
CHATEAUROUX,LIMOGES BENEDICTINS,30,0.04890282131661442
CHATEAUROUX,MONTAUBAN VILLE BOURBON,0,0.7878623188405797
CHATEAUROUX,MONTAUBAN VILLE BOURBON,1,0.7644927536231884
CHATEAUROUX,MONTAUBAN VILLE BOURBON,2,0.7192028985507246
CHATEAUROUX,MONTAUBAN VILLE BOURBON,3,0.6983695652173914
CHATEAUROUX,MONTAUBAN VILLE BOURBON,4,0.49109090909090913
CHATEAUROUX,MONTAUBAN VILLE BOURBON,5,0.49054545454545456
CHATEAUROUX,MONTAUBAN VILLE BOURBON,6,0.464051094890511
CHATEAUROUX,MONTAUBAN VILLE BOURBON,7,0.4125912408759124
CHATEAUROUX,MONTAUBAN VILLE BOURBON,8,0.3905109489051095
CHATEAUROUX,MONTAUBAN VILLE BOURBON,9,0.3945255474452555
CHATEAUROUX,MONTAUBAN VILLE BOURBON,10,0.40729927007299266
CHATEAUROUX,MONTAUBAN VILLE BOURBON,11,0.4155677655677656
CHATEAUROUX,MONTAUBAN VILLE BOURBON,12,0.34505494505494505
CHATEAUROUX,MONTAUBAN VILLE BOURBON,13,0.341360294117647
CHATEAUROUX,MONTAUBAN VILLE BOURBON,14,0.325
CHATEAUROUX,MONTAUBAN VILLE BOURBON,15,0.2974264705882353
CHATEAUROUX,MONTAUBAN VILLE BOURBON,16,0.3001838235294118
CHATEAUROUX,MONTAUBAN VILLE BOURBON,17,0.3049632352941177
CHATEAUROUX,MONTAUBAN VILLE BOURBON,18,0.30996309963099633
CHATEAUROUX,MONTAUBAN VILLE BOURBON,19,0.3133333333333333
CHATEAUROUX,MONTAUBAN VILLE BOURBON,20,0.32063197026022305
CHATEAUROUX,MONTAUBAN VILLE BOURBON,21,0.32537313432835824
CHATEAUROUX,MONTAUBAN VILLE BOURBON,22,0.3299256505576208
CHATEAUROUX,MONTAUBAN VILLE BOURBON,23,0.32977528089887637
CHATEAUROUX,MONTAUBAN VILLE BOURBON,24,0.3315789473684211
CHATEAUROUX,MONTAUBAN VILLE BOURBON,25,0.34226415094339624
CHATEAUROUX,MONTAUBAN VILLE BOURBON,26,0.34412878787878787
CHATEAUROUX,MONTAUBAN VILLE BOURBON,27,0.3739543726235741
CHATEAUROUX,MONTAUBAN VILLE BOURBON,28,0.37404580152671757
CHATEAUROUX,MONTAUBAN VILLE BOURBON,29,0.37394636015325666
CHATEAUROUX,MONTAUBAN VILLE BOURBON,30,0.04189189189189189
CHATEAUROUX,PARIS (intramuros),0,1.0
CHATEAUROUX,PARIS (intramuros),1,1.0
CHATEAUROUX,PARIS (intramuros),2,1.0
CHATEAUROUX,PARIS (intramuros),3,1.0
CHATEAUROUX,PARIS (intramuros),4,1.0
CHATEAUROUX,PARIS (intramuros),5,1.0
CHATEAUROUX,PARIS (intramuros),6,1.0
CHATEAUROUX,PARIS (intramuros),7,1.0
CHATEAUROUX,PARIS (intramuros),8,1.0
CHATEAUROUX,SOUILLAC,0,0.8125
CHATEAUROUX,SOUILLAC,1,0.7924050632911392
CHATEAUROUX,SOUILLAC,2,0.7631329113924051
CHATEAUROUX,SOUILLAC,3,0.7233333333333333
CHATEAUROUX,SOUILLAC,4,0.5177777777777778
CHATEAUROUX,SOUILLAC,5,0.5119047619047619
CHATEAUROUX,SOUILLAC,6,0.4736507936507936
CHATEAUROUX,SOUILLAC,7,0.42857142857142855
CHATEAUROUX,SOUILLAC,8,0.39492063492063495
CHATEAUROUX,SOUILLAC,9,0.40015873015873016
CHATEAUROUX,SOUILLAC,10,0.4174603174603175
CHATEAUROUX,SOUILLAC,11,0.425
CHATEAUROUX,SOUILLAC,12,0.3503184713375796
CHATEAUROUX,SOUILLAC,13,0.34824281150159747
CHATEAUROUX,SOUILLAC,14,0.3340255591054313
CHATEAUROUX,SOUILLAC,15,0.3217252396166134
CHATEAUROUX,SOUILLAC,16,0.32380191693290733
CHATEAUROUX,SOUILLAC,17,0.32939297124600636
CHATEAUROUX,SOUILLAC,18,0.3366987179487179
CHATEAUROUX,SOUILLAC,19,0.34067524115755626
CHATEAUROUX,SOUILLAC,20,0.3479032258064516
CHATEAUROUX,SOUILLAC,21,0.35566343042071197
CHATEAUROUX,SOUILLAC,22,0.3700647249190938
CHATEAUROUX,SOUILLAC,23,0.3689935064935065
CHATEAUROUX,SOUILLAC,24,0.37084690553745925
CHATEAUROUX,SOUILLAC,25,0.376797385620915
CHATEAUROUX,SOUILLAC,26,0.3826229508196721
CHATEAUROUX,SOUILLAC,27,0.40476973684210527
CHATEAUROUX,SOUILLAC,28,0.41155115511551155
CHATEAUROUX,SOUILLAC,29,0.41324503311258276
CHATEAUROUX,SOUILLAC,30,0.038
CHATEAUROUX,TOULOUSE MATABIAU,0,0.8309782608695652
CHATEAUROUX,TOULOUSE MATABIAU,1,0.7998188405797102
CHATEAUROUX,TOULOUSE MATABIAU,2,0.7445652173913043
CHATEAUROUX,TOULOUSE MATABIAU,3,0.7335144927536231
CHATEAUROUX,TOULOUSE MATABIAU,4,0.49799999999999994
CHATEAUROUX,TOULOUSE MATABIAU,5,0.49890909090909086
CHATEAUROUX,TOULOUSE MATABIAU,6,0.4802919708029197
CHATEAUROUX,TOULOUSE MATABIAU,7,0.43029197080291975
CHATEAUROUX,TOULOUSE MATABIAU,8,0.4131386861313869
CHATEAUROUX,TOULOUSE MATABIAU,9,0.4104014598540146
CHATEAUROUX,TOULOUSE MATABIAU,10,0.41934306569343066
CHATEAUROUX,TOULOUSE MATABIAU,11,0.42435897435897435
CHATEAUROUX,TOULOUSE MATABIAU,12,0.35714285714285715
CHATEAUROUX,TOULOUSE MATABIAU,13,0.3582720588235294
CHATEAUROUX,TOULOUSE MATABIAU,14,0.3428308823529412
CHATEAUROUX,TOULOUSE MATABIAU,15,0.3113970588235294
CHATEAUROUX,TOULOUSE MATABIAU,16,0.3159926470588235
CHATEAUROUX,TOULOUSE MATABIAU,17,0.32628676470588236
CHATEAUROUX,TOULOUSE MATABIAU,18,0.32988929889298896
CHATEAUROUX,TOULOUSE MATABIAU,19,0.33166666666666667
CHATEAUROUX,TOULOUSE MATABIAU,20,0.33401486988847584
CHATEAUROUX,TOULOUSE MATABIAU,21,0.3380597014925373
CHATEAUROUX,TOULOUSE MATABIAU,22,0.33736059479553904
CHATEAUROUX,TOULOUSE MATABIAU,23,0.33764044943820226
CHATEAUROUX,TOULOUSE MATABIAU,24,0.3360902255639098
CHATEAUROUX,TOULOUSE MATABIAU,25,0.3462264150943396
CHATEAUROUX,TOULOUSE MATABIAU,26,0.3448863636363636
CHATEAUROUX,TOULOUSE MATABIAU,27,0.36977186311787075
CHATEAUROUX,TOULOUSE MATABIAU,28,0.37309160305343514
CHATEAUROUX,TOULOUSE MATABIAU,29,0.371455938697318
CHATEAUROUX,TOULOUSE MATABIAU,30,0.03532818532818533
CHATEAUROUX,UZERCHE,0,0.9419141914191418
CHATEAUROUX,UZERCHE,1,0.9099009900990098
CHATEAUROUX,UZERCHE,2,0.8952145214521452
CHATEAUROUX,UZERCHE,3,0.8745874587458746
CHATEAUROUX,UZERCHE,4,0.7382838283828382
CHATEAUROUX,UZERCHE,5,0.7173267326732673
CHATEAUROUX,UZERCHE,6,0.7014851485148516
CHATEAUROUX,UZERCHE,7,0.7095709570957096
CHATEAUROUX,UZERCHE,8,0.6917491749174918
CHATEAUROUX,UZERCHE,9,0.6864686468646864
CHATEAUROUX,UZERCHE,10,0.6894389438943894
CHATEAUROUX,UZERCHE,11,0.7008250825082508
CHATEAUROUX,UZERCHE,12,0.6222772277227723
CHATEAUROUX,UZERCHE,13,0.6257425742574257
CHATEAUROUX,UZERCHE,14,0.6145214521452145
CHATEAUROUX,UZERCHE,15,0.602796052631579
CHATEAUROUX,UZERCHE,16,0.6121710526315789
CHATEAUROUX,UZERCHE,17,0.625328947368421
CHATEAUROUX,UZERCHE,18,0.6275577557755776
CHATEAUROUX,UZERCHE,19,0.6175496688741722
CHATEAUROUX,UZERCHE,20,0.6172757475083057
CHATEAUROUX,UZERCHE,21,0.6093023255813954
CHATEAUROUX,UZERCHE,22,0.6141196013289036
CHATEAUROUX,UZERCHE,23,0.6117549668874173
CHATEAUROUX,UZERCHE,24,0.617109634551495
CHATEAUROUX,UZERCHE,25,0.6168333333333333
CHATEAUROUX,UZERCHE,26,0.6331103678929766
CHATEAUROUX,UZERCHE,27,0.6327181208053692
CHATEAUROUX,UZERCHE,28,0.6308724832214765
CHATEAUROUX,UZERCHE,29,0.6159395973154362
CHATEAUROUX,UZERCHE,30,0.05456081081081081
CHATEAUROUX,VIERZON,0,1.0
CHATEAUROUX,VIERZON,1,1.0
CHATEAUROUX,VIERZON,2,1.0
CHATEAUROUX,VIERZON,3,1.0
CHATEAUROUX,VIERZON,4,1.0
CHATEAUROUX,VIERZON,5,1.0
CHATEAUROUX,VIERZON,6,1.0
CHATEAUROUX,VIERZON,7,1.0
CHATEAUROUX,VIERZON,8,1.0
GOURDON,CAHORS,0,0.9302215189873417
GOURDON,CAHORS,1,0.9026898734177216
GOURDON,CAHORS,2,0.8767405063291139
GOURDON,CAHORS,3,0.8338095238095238
GOURDON,CAHORS,4,0.601111111111111
GOURDON,CAHORS,5,0.5923809523809523
GOURDON,CAHORS,6,0.5338095238095238
GOURDON,CAHORS,7,0.486984126984127
GOURDON,CAHORS,8,0.4444444444444444
GOURDON,CAHORS,9,0.4401587301587302
GOURDON,CAHORS,10,0.4542857142857143
GOURDON,CAHORS,11,0.45843949044585985
GOURDON,CAHORS,12,0.3707006369426752
GOURDON,CAHORS,13,0.36741214057507987
GOURDON,CAHORS,14,0.3522364217252396
GOURDON,CAHORS,15,0.33961661341853033
GOURDON,CAHORS,16,0.3424920127795527
GOURDON,CAHORS,17,0.34824281150159747
GOURDON,CAHORS,18,0.3559294871794872
GOURDON,CAHORS,19,0.35980707395498396
GOURDON,CAHORS,20,0.36612903225806454
GOURDON,CAHORS,21,0.3733009708737864
GOURDON,CAHORS,22,0.38737864077669903
GOURDON,CAHORS,23,0.3900974025974026
GOURDON,CAHORS,24,0.38745928338762214
GOURDON,CAHORS,25,0.39477124183006534
GOURDON,CAHORS,26,0.3927868852459016
GOURDON,CAHORS,27,0.4139802631578947
GOURDON,CAHORS,28,0.41914191419141916
GOURDON,CAHORS,29,0.4120860927152318
GOURDON,CAHORS,30,0.045
GOURDON,CAUSSADE(TARN ET GARONNE),0,0.8442028985507246
GOURDON,CAUSSADE(TARN ET GARONNE),1,0.8134057971014492
GOURDON,CAUSSADE(TARN ET GARONNE),2,0.7534420289855072
GOURDON,CAUSSADE(TARN ET GARONNE),3,0.7367753623188406
GOURDON,CAUSSADE(TARN ET GARONNE),4,0.5009090909090909
GOURDON,CAUSSADE(TARN ET GARONNE),5,0.4967272727272727
GOURDON,CAUSSADE(TARN ET GARONNE),6,0.47664233576642334
GOURDON,CAUSSADE(TARN ET GARONNE),7,0.42901459854014595
GOURDON,CAUSSADE(TARN ET GARONNE),8,0.41003649635036493
GOURDON,CAUSSADE(TARN ET GARONNE),9,0.41003649635036493
GOURDON,CAUSSADE(TARN ET GARONNE),10,0.4200729927007299
GOURDON,CAUSSADE(TARN ET GARONNE),11,0.4236263736263736
GOURDON,CAUSSADE(TARN ET GARONNE),12,0.35842490842490843
GOURDON,CAUSSADE(TARN ET GARONNE),13,0.3560661764705882
GOURDON,CAUSSADE(TARN ET GARONNE),14,0.34301470588235294
GOURDON,CAUSSADE(TARN ET GARONNE),15,0.31121323529411765
GOURDON,CAUSSADE(TARN ET GARONNE),16,0.31433823529411764
GOURDON,CAUSSADE(TARN ET GARONNE),17,0.3224264705882353
GOURDON,CAUSSADE(TARN ET GARONNE),18,0.3263837638376384
GOURDON,CAUSSADE(TARN ET GARONNE),19,0.3296296296296296
GOURDON,CAUSSADE(TARN ET GARONNE),20,0.33605947955390336
GOURDON,CAUSSADE(TARN ET GARONNE),21,0.33936567164179104
GOURDON,CAUSSADE(TARN ET GARONNE),22,0.3397769516728625
GOURDON,CAUSSADE(TARN ET GARONNE),23,0.33726591760299623
GOURDON,CAUSSADE(TARN ET GARONNE),24,0.3360902255639098
GOURDON,CAUSSADE(TARN ET GARONNE),25,0.34377358490566035
GOURDON,CAUSSADE(TARN ET GARONNE),26,0.34545454545454546
GOURDON,CAUSSADE(TARN ET GARONNE),27,0.3693916349809886
GOURDON,CAUSSADE(TARN ET GARONNE),28,0.36908396946564886
GOURDON,CAUSSADE(TARN ET GARONNE),29,0.3666666666666667
GOURDON,CAUSSADE(TARN ET GARONNE),30,0.04073359073359074
GOURDON,MONTAUBAN VILLE BOURBON,0,0.8639492753623188
GOURDON,MONTAUBAN VILLE BOURBON,1,0.8375
GOURDON,MONTAUBAN VILLE BOURBON,2,0.7777173913043478
GOURDON,MONTAUBAN VILLE BOURBON,3,0.7632246376811594
GOURDON,MONTAUBAN VILLE BOURBON,4,0.5370909090909091
GOURDON,MONTAUBAN VILLE BOURBON,5,0.536
GOURDON,MONTAUBAN VILLE BOURBON,6,0.5182481751824818
GOURDON,MONTAUBAN VILLE BOURBON,7,0.47956204379562045
GOURDON,MONTAUBAN VILLE BOURBON,8,0.46551094890510947
GOURDON,MONTAUBAN VILLE BOURBON,9,0.46897810218978103
GOURDON,MONTAUBAN VILLE BOURBON,10,0.47828467153284676
GOURDON,MONTAUBAN VILLE BOURBON,11,0.4756410256410256
GOURDON,MONTAUBAN VILLE BOURBON,12,0.36813186813186816
GOURDON,MONTAUBAN VILLE BOURBON,13,0.3619485294117647
GOURDON,MONTAUBAN VILLE BOURBON,14,0.346139705882353
GOURDON,MONTAUBAN VILLE BOURBON,15,0.31727941176470587
GOURDON,MONTAUBAN VILLE BOURBON,16,0.3224264705882353
GOURDON,MONTAUBAN VILLE BOURBON,17,0.3286764705882353
GOURDON,MONTAUBAN VILLE BOURBON,18,0.3376383763837638
GOURDON,MONTAUBAN VILLE BOURBON,19,0.33685185185185185
GOURDON,MONTAUBAN VILLE BOURBON,20,0.34182156133828995
GOURDON,MONTAUBAN VILLE BOURBON,21,0.3438432835820896
GOURDON,MONTAUBAN VILLE BOURBON,22,0.34070631970260223
GOURDON,MONTAUBAN VILLE BOURBON,23,0.33707865168539325
GOURDON,MONTAUBAN VILLE BOURBON,24,0.3359022556390977
GOURDON,MONTAUBAN VILLE BOURBON,25,0.34490566037735854
GOURDON,MONTAUBAN VILLE BOURBON,26,0.3464015151515152
GOURDON,MONTAUBAN VILLE BOURBON,27,0.3731939163498099
GOURDON,MONTAUBAN VILLE BOURBON,28,0.3738549618320611
GOURDON,MONTAUBAN VILLE BOURBON,29,0.3741379310344828
GOURDON,MONTAUBAN VILLE BOURBON,30,0.044787644787644784
GOURDON,TOULOUSE MATABIAU,0,0.870108695652174
GOURDON,TOULOUSE MATABIAU,1,0.8391304347826086
GOURDON,TOULOUSE MATABIAU,2,0.7840579710144928
GOURDON,TOULOUSE MATABIAU,3,0.7702898550724637
GOURDON,TOULOUSE MATABIAU,4,0.532909090909091
GOURDON,TOULOUSE MATABIAU,5,0.5385454545454545
GOURDON,TOULOUSE MATABIAU,6,0.5206204379562044
GOURDON,TOULOUSE MATABIAU,7,0.479014598540146
GOURDON,TOULOUSE MATABIAU,8,0.46496350364963507
GOURDON,TOULOUSE MATABIAU,9,0.4684306569343065
GOURDON,TOULOUSE MATABIAU,10,0.4777372262773723
GOURDON,TOULOUSE MATABIAU,11,0.47747252747252744
GOURDON,TOULOUSE MATABIAU,12,0.36703296703296706
GOURDON,TOULOUSE MATABIAU,13,0.3613970588235294
GOURDON,TOULOUSE MATABIAU,14,0.3492647058823529
GOURDON,TOULOUSE MATABIAU,15,0.3178308823529412
GOURDON,TOULOUSE MATABIAU,16,0.3211397058823529
GOURDON,TOULOUSE MATABIAU,17,0.3297794117647059
GOURDON,TOULOUSE MATABIAU,18,0.3374538745387454
GOURDON,TOULOUSE MATABIAU,19,0.33685185185185185
GOURDON,TOULOUSE MATABIAU,20,0.34237918215613383
GOURDON,TOULOUSE MATABIAU,21,0.3447761194029851
GOURDON,TOULOUSE MATABIAU,22,0.34126394052044606
GOURDON,TOULOUSE MATABIAU,23,0.3374531835205992
GOURDON,TOULOUSE MATABIAU,24,0.3355263157894737
GOURDON,TOULOUSE MATABIAU,25,0.34660377358490563
GOURDON,TOULOUSE MATABIAU,26,0.34791666666666665
GOURDON,TOULOUSE MATABIAU,27,0.3730038022813688
GOURDON,TOULOUSE MATABIAU,28,0.3744274809160305
GOURDON,TOULOUSE MATABIAU,29,0.37030651340996174
GOURDON,TOULOUSE MATABIAU,30,0.033590733590733585
ISSOUDUN,ARGENTON SUR CREUSE,0,0.7942857142857143
ISSOUDUN,ARGENTON SUR CREUSE,1,0.8028571428571429
ISSOUDUN,ARGENTON SUR CREUSE,2,0.74
ISSOUDUN,ARGENTON SUR CREUSE,3,0.7042857142857143
ISSOUDUN,ARGENTON SUR CREUSE,4,0.5257142857142857
ISSOUDUN,ARGENTON SUR CREUSE,5,0.5
ISSOUDUN,ARGENTON SUR CREUSE,6,0.5157142857142857
ISSOUDUN,ARGENTON SUR CREUSE,7,0.5271428571428571
ISSOUDUN,ARGENTON SUR CREUSE,8,0.5314285714285715
ISSOUDUN,ARGENTON SUR CREUSE,9,0.5585714285714286
ISSOUDUN,ARGENTON SUR CREUSE,10,0.5542857142857143
ISSOUDUN,ARGENTON SUR CREUSE,11,0.55
ISSOUDUN,ARGENTON SUR CREUSE,12,0.3414285714285714
ISSOUDUN,ARGENTON SUR CREUSE,13,0.3085714285714286
ISSOUDUN,ARGENTON SUR CREUSE,14,0.33428571428571424
ISSOUDUN,ARGENTON SUR CREUSE,15,0.3957142857142857
ISSOUDUN,ARGENTON SUR CREUSE,16,0.41
ISSOUDUN,ARGENTON SUR CREUSE,17,0.43
ISSOUDUN,ARGENTON SUR CREUSE,18,0.43857142857142856
ISSOUDUN,ARGENTON SUR CREUSE,19,0.46
ISSOUDUN,ARGENTON SUR CREUSE,20,0.4585714285714286
ISSOUDUN,ARGENTON SUR CREUSE,21,0.4685714285714285
ISSOUDUN,ARGENTON SUR CREUSE,22,0.46285714285714286
ISSOUDUN,ARGENTON SUR CREUSE,23,0.48000000000000004
ISSOUDUN,ARGENTON SUR CREUSE,24,0.48999999999999994
ISSOUDUN,ARGENTON SUR CREUSE,25,0.5142857142857142
ISSOUDUN,ARGENTON SUR CREUSE,26,0.5385714285714286
ISSOUDUN,ARGENTON SUR CREUSE,27,0.5385714285714286
ISSOUDUN,ARGENTON SUR CREUSE,28,0.5428571428571428
ISSOUDUN,ARGENTON SUR CREUSE,29,0.5214285714285715
ISSOUDUN,ARGENTON SUR CREUSE,30,0.05714285714285714
ISSOUDUN,BRIVE LA GAILLARDE,0,0.9333904109589042
ISSOUDUN,BRIVE LA GAILLARDE,1,0.910958904109589
ISSOUDUN,BRIVE LA GAILLARDE,2,0.8977739726027396
ISSOUDUN,BRIVE LA GAILLARDE,3,0.8801369863013698
ISSOUDUN,BRIVE LA GAILLARDE,4,0.7041095890410959
ISSOUDUN,BRIVE LA GAILLARDE,5,0.6818493150684931
ISSOUDUN,BRIVE LA GAILLARDE,6,0.6606164383561643
ISSOUDUN,BRIVE LA GAILLARDE,7,0.6640410958904109
ISSOUDUN,BRIVE LA GAILLARDE,8,0.6518835616438357
ISSOUDUN,BRIVE LA GAILLARDE,9,0.6488013698630136
ISSOUDUN,BRIVE LA GAILLARDE,10,0.6481164383561644
ISSOUDUN,BRIVE LA GAILLARDE,11,0.6558219178082192
ISSOUDUN,BRIVE LA GAILLARDE,12,0.5243150684931507
ISSOUDUN,BRIVE LA GAILLARDE,13,0.5154109589041096
ISSOUDUN,BRIVE LA GAILLARDE,14,0.4941780821917809
ISSOUDUN,BRIVE LA GAILLARDE,15,0.4844709897610921
ISSOUDUN,BRIVE LA GAILLARDE,16,0.4945392491467577
ISSOUDUN,BRIVE LA GAILLARDE,17,0.501360544217687
ISSOUDUN,BRIVE LA GAILLARDE,18,0.49829931972789115
ISSOUDUN,BRIVE LA GAILLARDE,19,0.4976027397260274
ISSOUDUN,BRIVE LA GAILLARDE,20,0.4919243986254296
ISSOUDUN,BRIVE LA GAILLARDE,21,0.49020618556701034
ISSOUDUN,BRIVE LA GAILLARDE,22,0.5
ISSOUDUN,BRIVE LA GAILLARDE,23,0.502568493150685
ISSOUDUN,BRIVE LA GAILLARDE,24,0.5063356164383561
ISSOUDUN,BRIVE LA GAILLARDE,25,0.50446735395189
ISSOUDUN,BRIVE LA GAILLARDE,26,0.5089655172413793
ISSOUDUN,BRIVE LA GAILLARDE,27,0.5091695501730104
ISSOUDUN,BRIVE LA GAILLARDE,28,0.5103806228373703
ISSOUDUN,BRIVE LA GAILLARDE,29,0.5012110726643598
ISSOUDUN,BRIVE LA GAILLARDE,30,0.041811846689895474
ISSOUDUN,CHATEAUROUX,0,0.9315068493150684
ISSOUDUN,CHATEAUROUX,1,0.9056506849315068
ISSOUDUN,CHATEAUROUX,2,0.889041095890411
ISSOUDUN,CHATEAUROUX,3,0.8642123287671233
ISSOUDUN,CHATEAUROUX,4,0.6967465753424658
ISSOUDUN,CHATEAUROUX,5,0.6761986301369862
ISSOUDUN,CHATEAUROUX,6,0.6563356164383561
ISSOUDUN,CHATEAUROUX,7,0.6621575342465753
ISSOUDUN,CHATEAUROUX,8,0.6467465753424657
ISSOUDUN,CHATEAUROUX,9,0.6414383561643836
ISSOUDUN,CHATEAUROUX,10,0.6498287671232876
ISSOUDUN,CHATEAUROUX,11,0.6563356164383561
ISSOUDUN,CHATEAUROUX,12,0.4933219178082192
ISSOUDUN,CHATEAUROUX,13,0.4895547945205479
ISSOUDUN,CHATEAUROUX,14,0.4684931506849315
ISSOUDUN,CHATEAUROUX,15,0.46194539249146754
ISSOUDUN,CHATEAUROUX,16,0.4708191126279863
ISSOUDUN,CHATEAUROUX,17,0.47721088435374154
ISSOUDUN,CHATEAUROUX,18,0.47500000000000003
ISSOUDUN,CHATEAUROUX,19,0.4732876712328767
ISSOUDUN,CHATEAUROUX,20,0.4711340206185567
ISSOUDUN,CHATEAUROUX,21,0.47508591065292094
ISSOUDUN,CHATEAUROUX,22,0.4816151202749141
ISSOUDUN,CHATEAUROUX,23,0.4851027397260274
ISSOUDUN,CHATEAUROUX,24,0.4861301369863013
ISSOUDUN,CHATEAUROUX,25,0.4853951890034364
ISSOUDUN,CHATEAUROUX,26,0.4908620689655172
ISSOUDUN,CHATEAUROUX,27,0.494636678200692
ISSOUDUN,CHATEAUROUX,28,0.4991349480968858
ISSOUDUN,CHATEAUROUX,29,0.4851211072664359
ISSOUDUN,CHATEAUROUX,30,0.05958188153310105
ISSOUDUN,LA SOUTERRAINE,0,0.9275086505190312
ISSOUDUN,LA SOUTERRAINE,1,0.9069204152249136
ISSOUDUN,LA SOUTERRAINE,2,0.8750865051903114
ISSOUDUN,LA SOUTERRAINE,3,0.8595155709342561
ISSOUDUN,LA SOUTERRAINE,4,0.6591695501730104
ISSOUDUN,LA SOUTERRAINE,5,0.6439446366782007
ISSOUDUN,LA SOUTERRAINE,6,0.6238754325259516
ISSOUDUN,LA SOUTERRAINE,7,0.6181660899653979
ISSOUDUN,LA SOUTERRAINE,8,0.6129757785467128
ISSOUDUN,LA SOUTERRAINE,9,0.605363321799308
ISSOUDUN,LA SOUTERRAINE,10,0.6055363321799307
ISSOUDUN,LA SOUTERRAINE,11,0.6207612456747406
ISSOUDUN,LA SOUTERRAINE,12,0.5046712802768166
ISSOUDUN,LA SOUTERRAINE,13,0.48581314878892734
ISSOUDUN,LA SOUTERRAINE,14,0.47370242214532876
ISSOUDUN,LA SOUTERRAINE,15,0.4724137931034483
ISSOUDUN,LA SOUTERRAINE,16,0.4779310344827586
ISSOUDUN,LA SOUTERRAINE,17,0.4851724137931034
ISSOUDUN,LA SOUTERRAINE,18,0.48431034482758617
ISSOUDUN,LA SOUTERRAINE,19,0.48628472222222224
ISSOUDUN,LA SOUTERRAINE,20,0.479616724738676
ISSOUDUN,LA SOUTERRAINE,21,0.4750871080139373
ISSOUDUN,LA SOUTERRAINE,22,0.4839721254355401
ISSOUDUN,LA SOUTERRAINE,23,0.4847222222222222
ISSOUDUN,LA SOUTERRAINE,24,0.4868055555555555
ISSOUDUN,LA SOUTERRAINE,25,0.4808362369337979
ISSOUDUN,LA SOUTERRAINE,26,0.4909090909090909
ISSOUDUN,LA SOUTERRAINE,27,0.48824561403508776
ISSOUDUN,LA SOUTERRAINE,28,0.493859649122807
ISSOUDUN,LA SOUTERRAINE,29,0.48263157894736847
ISSOUDUN,LA SOUTERRAINE,30,0.04540636042402827
ISSOUDUN,LIMOGES BENEDICTINS,0,0.9363013698630136
ISSOUDUN,LIMOGES BENEDICTINS,1,0.9095890410958904
ISSOUDUN,LIMOGES BENEDICTINS,2,0.8936643835616438
ISSOUDUN,LIMOGES BENEDICTINS,3,0.875
ISSOUDUN,LIMOGES BENEDICTINS,4,0.7118150684931507
ISSOUDUN,LIMOGES BENEDICTINS,5,0.6888698630136987
ISSOUDUN,LIMOGES BENEDICTINS,6,0.661986301369863
ISSOUDUN,LIMOGES BENEDICTINS,7,0.664554794520548
ISSOUDUN,LIMOGES BENEDICTINS,8,0.6553082191780821
ISSOUDUN,LIMOGES BENEDICTINS,9,0.6498287671232876
ISSOUDUN,LIMOGES BENEDICTINS,10,0.6477739726027397
ISSOUDUN,LIMOGES BENEDICTINS,11,0.6571917808219179
ISSOUDUN,LIMOGES BENEDICTINS,12,0.520376712328767
ISSOUDUN,LIMOGES BENEDICTINS,13,0.5157534246575343
ISSOUDUN,LIMOGES BENEDICTINS,14,0.4912671232876712
ISSOUDUN,LIMOGES BENEDICTINS,15,0.4870307167235495
ISSOUDUN,LIMOGES BENEDICTINS,16,0.49419795221843005
ISSOUDUN,LIMOGES BENEDICTINS,17,0.501360544217687
ISSOUDUN,LIMOGES BENEDICTINS,18,0.49710884353741497
ISSOUDUN,LIMOGES BENEDICTINS,19,0.4943493150684931
ISSOUDUN,LIMOGES BENEDICTINS,20,0.4903780068728522
ISSOUDUN,LIMOGES BENEDICTINS,21,0.4896907216494845
ISSOUDUN,LIMOGES BENEDICTINS,22,0.4991408934707904
ISSOUDUN,LIMOGES BENEDICTINS,23,0.5013698630136987
ISSOUDUN,LIMOGES BENEDICTINS,24,0.5041095890410958
ISSOUDUN,LIMOGES BENEDICTINS,25,0.5024054982817869
ISSOUDUN,LIMOGES BENEDICTINS,26,0.508448275862069
ISSOUDUN,LIMOGES BENEDICTINS,27,0.508477508650519
ISSOUDUN,LIMOGES BENEDICTINS,28,0.5096885813148789
ISSOUDUN,LIMOGES BENEDICTINS,29,0.4955017301038062
ISSOUDUN,LIMOGES BENEDICTINS,30,0.042508710801393734
ISSOUDUN,UZERCHE,0,0.9376712328767124
ISSOUDUN,UZERCHE,1,0.9097602739726026
ISSOUDUN,UZERCHE,2,0.895376712328767
ISSOUDUN,UZERCHE,3,0.8736301369863013
ISSOUDUN,UZERCHE,4,0.7083904109589041
ISSOUDUN,UZERCHE,5,0.6845890410958905
ISSOUDUN,UZERCHE,6,0.6623287671232877
ISSOUDUN,UZERCHE,7,0.6623287671232877
ISSOUDUN,UZERCHE,8,0.6539383561643836
ISSOUDUN,UZERCHE,9,0.6496575342465754
ISSOUDUN,UZERCHE,10,0.648972602739726
ISSOUDUN,UZERCHE,11,0.6549657534246576
ISSOUDUN,UZERCHE,12,0.5186643835616438
ISSOUDUN,UZERCHE,13,0.5190068493150686
ISSOUDUN,UZERCHE,14,0.4929794520547945
ISSOUDUN,UZERCHE,15,0.4858361774744027
ISSOUDUN,UZERCHE,16,0.49573378839590443
ISSOUDUN,UZERCHE,17,0.5015306122448979
ISSOUDUN,UZERCHE,18,0.49727891156462584
ISSOUDUN,UZERCHE,19,0.4969178082191781
ISSOUDUN,UZERCHE,20,0.49158075601374573
ISSOUDUN,UZERCHE,21,0.49158075601374573
ISSOUDUN,UZERCHE,22,0.49845360824742274
ISSOUDUN,UZERCHE,23,0.502568493150685
ISSOUDUN,UZERCHE,24,0.5027397260273972
ISSOUDUN,UZERCHE,25,0.5037800687285223
ISSOUDUN,UZERCHE,26,0.506896551724138
ISSOUDUN,UZERCHE,27,0.5089965397923876
ISSOUDUN,UZERCHE,28,0.5108996539792388
ISSOUDUN,UZERCHE,29,0.49602076124567474
ISSOUDUN,UZERCHE,30,0.04878048780487805
LA SOUTERRAINE,ARGENTON SUR CREUSE,0,1.0
LA SOUTERRAINE,ARGENTON SUR CREUSE,1,1.0
LA SOUTERRAINE,ARGENTON SUR CREUSE,2,1.0
LA SOUTERRAINE,ARGENTON SUR CREUSE,3,1.0
LA SOUTERRAINE,ARGENTON SUR CREUSE,4,1.0
LA SOUTERRAINE,ARGENTON SUR CREUSE,5,1.0
LA SOUTERRAINE,ARGENTON SUR CREUSE,6,1.0
LA SOUTERRAINE,ARGENTON SUR CREUSE,7,1.0
LA SOUTERRAINE,ARGENTON SUR CREUSE,8,1.0
LA SOUTERRAINE,BRIVE LA GAILLARDE,0,0.9133846153846155
LA SOUTERRAINE,BRIVE LA GAILLARDE,1,0.8846153846153846
LA SOUTERRAINE,BRIVE LA GAILLARDE,2,0.8606153846153846
LA SOUTERRAINE,BRIVE LA GAILLARDE,3,0.8461419753086419
LA SOUTERRAINE,BRIVE LA GAILLARDE,4,0.7135384615384616
LA SOUTERRAINE,BRIVE LA GAILLARDE,5,0.7123076923076923
LA SOUTERRAINE,BRIVE LA GAILLARDE,6,0.7016923076923077
LA SOUTERRAINE,BRIVE LA GAILLARDE,7,0.7038461538461539
LA SOUTERRAINE,BRIVE LA GAILLARDE,8,0.6864615384615385
LA SOUTERRAINE,BRIVE LA GAILLARDE,9,0.6784615384615384
LA SOUTERRAINE,BRIVE LA GAILLARDE,10,0.6859999999999999
LA SOUTERRAINE,BRIVE LA GAILLARDE,11,0.7041538461538461
LA SOUTERRAINE,BRIVE LA GAILLARDE,12,0.6395384615384615
LA SOUTERRAINE,BRIVE LA GAILLARDE,13,0.6406153846153846
LA SOUTERRAINE,BRIVE LA GAILLARDE,14,0.6343076923076924
LA SOUTERRAINE,BRIVE LA GAILLARDE,15,0.6250769230769231
LA SOUTERRAINE,BRIVE LA GAILLARDE,16,0.6304615384615385
LA SOUTERRAINE,BRIVE LA GAILLARDE,17,0.6415384615384615
LA SOUTERRAINE,BRIVE LA GAILLARDE,18,0.6484615384615384
LA SOUTERRAINE,BRIVE LA GAILLARDE,19,0.6395384615384615
LA SOUTERRAINE,BRIVE LA GAILLARDE,20,0.6353395061728395
LA SOUTERRAINE,BRIVE LA GAILLARDE,21,0.6317901234567901
LA SOUTERRAINE,BRIVE LA GAILLARDE,22,0.638425925925926
LA SOUTERRAINE,BRIVE LA GAILLARDE,23,0.6376543209876543
LA SOUTERRAINE,BRIVE LA GAILLARDE,24,0.6425696594427245
LA SOUTERRAINE,BRIVE LA GAILLARDE,25,0.6493788819875776
LA SOUTERRAINE,BRIVE LA GAILLARDE,26,0.6635093167701863
LA SOUTERRAINE,BRIVE LA GAILLARDE,27,0.6549844236760125
LA SOUTERRAINE,BRIVE LA GAILLARDE,28,0.6588785046728972
LA SOUTERRAINE,BRIVE LA GAILLARDE,29,0.6481308411214953
LA SOUTERRAINE,BRIVE LA GAILLARDE,30,0.04655172413793103
LA SOUTERRAINE,CAHORS,0,0.8205696202531646
LA SOUTERRAINE,CAHORS,1,0.7957278481012657
LA SOUTERRAINE,CAHORS,2,0.775
LA SOUTERRAINE,CAHORS,3,0.7309523809523809
LA SOUTERRAINE,CAHORS,4,0.516984126984127
LA SOUTERRAINE,CAHORS,5,0.5153968253968254
LA SOUTERRAINE,CAHORS,6,0.47190476190476194
LA SOUTERRAINE,CAHORS,7,0.43047619047619046
LA SOUTERRAINE,CAHORS,8,0.39412698412698416
LA SOUTERRAINE,CAHORS,9,0.4019047619047619
LA SOUTERRAINE,CAHORS,10,0.4165079365079365
LA SOUTERRAINE,CAHORS,11,0.4237261146496816
LA SOUTERRAINE,CAHORS,12,0.3479299363057325
LA SOUTERRAINE,CAHORS,13,0.34712460063897765
LA SOUTERRAINE,CAHORS,14,0.3343450479233227
LA SOUTERRAINE,CAHORS,15,0.3182108626198083
LA SOUTERRAINE,CAHORS,16,0.323482428115016
LA SOUTERRAINE,CAHORS,17,0.3300319488817891
LA SOUTERRAINE,CAHORS,18,0.33621794871794874
LA SOUTERRAINE,CAHORS,19,0.3392282958199357
LA SOUTERRAINE,CAHORS,20,0.3479032258064516
LA SOUTERRAINE,CAHORS,21,0.35388349514563106
LA SOUTERRAINE,CAHORS,22,0.36877022653721686
LA SOUTERRAINE,CAHORS,23,0.3699675324675325
LA SOUTERRAINE,CAHORS,24,0.3698697068403909
LA SOUTERRAINE,CAHORS,25,0.37549019607843137
LA SOUTERRAINE,CAHORS,26,0.3816393442622951
LA SOUTERRAINE,CAHORS,27,0.4029605263157895
LA SOUTERRAINE,CAHORS,28,0.41089108910891087
LA SOUTERRAINE,CAHORS,29,0.4105960264900662
LA SOUTERRAINE,CAHORS,30,0.04533333333333333
LA SOUTERRAINE,CAUSSADE(TARN ET GARONNE),0,0.7851449275362319
LA SOUTERRAINE,CAUSSADE(TARN ET GARONNE),1,0.7579710144927536
LA SOUTERRAINE,CAUSSADE(TARN ET GARONNE),2,0.7222826086956522
LA SOUTERRAINE,CAUSSADE(TARN ET GARONNE),3,0.7036231884057971
LA SOUTERRAINE,CAUSSADE(TARN ET GARONNE),4,0.49200000000000005
LA SOUTERRAINE,CAUSSADE(TARN ET GARONNE),5,0.49436363636363634
LA SOUTERRAINE,CAUSSADE(TARN ET GARONNE),6,0.466058394160584
LA SOUTERRAINE,CAUSSADE(TARN ET GARONNE),7,0.410948905109489
LA SOUTERRAINE,CAUSSADE(TARN ET GARONNE),8,0.3927007299270073
LA SOUTERRAINE,CAUSSADE(TARN ET GARONNE),9,0.395985401459854
LA SOUTERRAINE,CAUSSADE(TARN ET GARONNE),10,0.4071167883211679
LA SOUTERRAINE,CAUSSADE(TARN ET GARONNE),11,0.4146520146520147
LA SOUTERRAINE,CAUSSADE(TARN ET GARONNE),12,0.34578754578754584
LA SOUTERRAINE,CAUSSADE(TARN ET GARONNE),13,0.34393382352941176
LA SOUTERRAINE,CAUSSADE(TARN ET GARONNE),14,0.3310661764705882
LA SOUTERRAINE,CAUSSADE(TARN ET GARONNE),15,0.2994485294117647
LA SOUTERRAINE,CAUSSADE(TARN ET GARONNE),16,0.29908088235294117
LA SOUTERRAINE,CAUSSADE(TARN ET GARONNE),17,0.30624999999999997
LA SOUTERRAINE,CAUSSADE(TARN ET GARONNE),18,0.3118081180811808
LA SOUTERRAINE,CAUSSADE(TARN ET GARONNE),19,0.3148148148148148
LA SOUTERRAINE,CAUSSADE(TARN ET GARONNE),20,0.3193308550185874
LA SOUTERRAINE,CAUSSADE(TARN ET GARONNE),21,0.3238805970149254
LA SOUTERRAINE,CAUSSADE(TARN ET GARONNE),22,0.3314126394052045
LA SOUTERRAINE,CAUSSADE(TARN ET GARONNE),23,0.32996254681647935
LA SOUTERRAINE,CAUSSADE(TARN ET GARONNE),24,0.3315789473684211
LA SOUTERRAINE,CAUSSADE(TARN ET GARONNE),25,0.34150943396226413
LA SOUTERRAINE,CAUSSADE(TARN ET GARONNE),26,0.34431818181818186
LA SOUTERRAINE,CAUSSADE(TARN ET GARONNE),27,0.370532319391635
LA SOUTERRAINE,CAUSSADE(TARN ET GARONNE),28,0.37251908396946565
LA SOUTERRAINE,CAUSSADE(TARN ET GARONNE),29,0.3710727969348659
LA SOUTERRAINE,CAUSSADE(TARN ET GARONNE),30,0.036293436293436294
LA SOUTERRAINE,CHATEAUROUX,0,1.0
LA SOUTERRAINE,CHATEAUROUX,1,1.0
LA SOUTERRAINE,CHATEAUROUX,2,1.0
LA SOUTERRAINE,CHATEAUROUX,3,1.0
LA SOUTERRAINE,CHATEAUROUX,4,1.0
LA SOUTERRAINE,CHATEAUROUX,5,1.0
LA SOUTERRAINE,CHATEAUROUX,6,1.0
LA SOUTERRAINE,CHATEAUROUX,7,1.0
LA SOUTERRAINE,CHATEAUROUX,8,1.0
LA SOUTERRAINE,GOURDON,0,0.8216772151898734
LA SOUTERRAINE,GOURDON,1,0.7974683544303798
LA SOUTERRAINE,GOURDON,2,0.7727848101265823
LA SOUTERRAINE,GOURDON,3,0.7346031746031746
LA SOUTERRAINE,GOURDON,4,0.5177777777777778
LA SOUTERRAINE,GOURDON,5,0.5092063492063492
LA SOUTERRAINE,GOURDON,6,0.4715873015873016
LA SOUTERRAINE,GOURDON,7,0.4307936507936508
LA SOUTERRAINE,GOURDON,8,0.39444444444444443
LA SOUTERRAINE,GOURDON,9,0.39825396825396825
LA SOUTERRAINE,GOURDON,10,0.4150793650793651
LA SOUTERRAINE,GOURDON,11,0.42197452229299365
LA SOUTERRAINE,GOURDON,12,0.3477707006369427
LA SOUTERRAINE,GOURDON,13,0.34568690095846644
LA SOUTERRAINE,GOURDON,14,0.3348242811501597
LA SOUTERRAINE,GOURDON,15,0.3182108626198083
LA SOUTERRAINE,GOURDON,16,0.3230031948881789
LA SOUTERRAINE,GOURDON,17,0.32971246006389776
LA SOUTERRAINE,GOURDON,18,0.33589743589743587
LA SOUTERRAINE,GOURDON,19,0.34099678456591637
LA SOUTERRAINE,GOURDON,20,0.3454838709677419
LA SOUTERRAINE,GOURDON,21,0.35453074433656956
LA SOUTERRAINE,GOURDON,22,0.3681229773462783
LA SOUTERRAINE,GOURDON,23,0.36866883116883115
LA SOUTERRAINE,GOURDON,24,0.3685667752442997
LA SOUTERRAINE,GOURDON,25,0.375
LA SOUTERRAINE,GOURDON,26,0.38147540983606554
LA SOUTERRAINE,GOURDON,27,0.40263157894736845
LA SOUTERRAINE,GOURDON,28,0.4122112211221122
LA SOUTERRAINE,GOURDON,29,0.41341059602649005
LA SOUTERRAINE,GOURDON,30,0.04066666666666667
LA SOUTERRAINE,LIMOGES BENEDICTINS,0,0.9138461538461539
LA SOUTERRAINE,LIMOGES BENEDICTINS,1,0.885076923076923
LA SOUTERRAINE,LIMOGES BENEDICTINS,2,0.8589230769230769
LA SOUTERRAINE,LIMOGES BENEDICTINS,3,0.8441358024691358
LA SOUTERRAINE,LIMOGES BENEDICTINS,4,0.7173846153846154
LA SOUTERRAINE,LIMOGES BENEDICTINS,5,0.7164615384615385
LA SOUTERRAINE,LIMOGES BENEDICTINS,6,0.6992307692307692
LA SOUTERRAINE,LIMOGES BENEDICTINS,7,0.7007692307692308
LA SOUTERRAINE,LIMOGES BENEDICTINS,8,0.6866153846153846
LA SOUTERRAINE,LIMOGES BENEDICTINS,9,0.6792307692307692
LA SOUTERRAINE,LIMOGES BENEDICTINS,10,0.6843076923076923
LA SOUTERRAINE,LIMOGES BENEDICTINS,11,0.705076923076923
LA SOUTERRAINE,LIMOGES BENEDICTINS,12,0.6386153846153847
LA SOUTERRAINE,LIMOGES BENEDICTINS,13,0.6410769230769231
LA SOUTERRAINE,LIMOGES BENEDICTINS,14,0.6335384615384616
LA SOUTERRAINE,LIMOGES BENEDICTINS,15,0.6256923076923077
LA SOUTERRAINE,LIMOGES BENEDICTINS,16,0.6295384615384615
LA SOUTERRAINE,LIMOGES BENEDICTINS,17,0.6424615384615385
LA SOUTERRAINE,LIMOGES BENEDICTINS,18,0.6489230769230769
LA SOUTERRAINE,LIMOGES BENEDICTINS,19,0.6396923076923077
LA SOUTERRAINE,LIMOGES BENEDICTINS,20,0.6347222222222222
LA SOUTERRAINE,LIMOGES BENEDICTINS,21,0.6314814814814814
LA SOUTERRAINE,LIMOGES BENEDICTINS,22,0.6371913580246913
LA SOUTERRAINE,LIMOGES BENEDICTINS,23,0.6365740740740741
LA SOUTERRAINE,LIMOGES BENEDICTINS,24,0.6444272445820434
LA SOUTERRAINE,LIMOGES BENEDICTINS,25,0.6479813664596273
LA SOUTERRAINE,LIMOGES BENEDICTINS,26,0.6588509316770187
LA SOUTERRAINE,LIMOGES BENEDICTINS,27,0.6523364485981309
LA SOUTERRAINE,LIMOGES BENEDICTINS,28,0.6610591900311527
LA SOUTERRAINE,LIMOGES BENEDICTINS,29,0.6468847352024922
LA SOUTERRAINE,LIMOGES BENEDICTINS,30,0.052507836990595615
LA SOUTERRAINE,MONTAUBAN VILLE BOURBON,0,0.7862318840579711
LA SOUTERRAINE,MONTAUBAN VILLE BOURBON,1,0.7692028985507247
LA SOUTERRAINE,MONTAUBAN VILLE BOURBON,2,0.7266304347826087
LA SOUTERRAINE,MONTAUBAN VILLE BOURBON,3,0.7039855072463769
LA SOUTERRAINE,MONTAUBAN VILLE BOURBON,4,0.4914545454545455
LA SOUTERRAINE,MONTAUBAN VILLE BOURBON,5,0.4907272727272727
LA SOUTERRAINE,MONTAUBAN VILLE BOURBON,6,0.4647810218978102
LA SOUTERRAINE,MONTAUBAN VILLE BOURBON,7,0.4131386861313869
LA SOUTERRAINE,MONTAUBAN VILLE BOURBON,8,0.39087591240875913
LA SOUTERRAINE,MONTAUBAN VILLE BOURBON,9,0.39343065693430657
LA SOUTERRAINE,MONTAUBAN VILLE BOURBON,10,0.4063868613138686
LA SOUTERRAINE,MONTAUBAN VILLE BOURBON,11,0.41428571428571426
LA SOUTERRAINE,MONTAUBAN VILLE BOURBON,12,0.3404761904761905
LA SOUTERRAINE,MONTAUBAN VILLE BOURBON,13,0.3448529411764706
LA SOUTERRAINE,MONTAUBAN VILLE BOURBON,14,0.32849264705882353
LA SOUTERRAINE,MONTAUBAN VILLE BOURBON,15,0.29724264705882353
LA SOUTERRAINE,MONTAUBAN VILLE BOURBON,16,0.2988970588235294
LA SOUTERRAINE,MONTAUBAN VILLE BOURBON,17,0.3068014705882353
LA SOUTERRAINE,MONTAUBAN VILLE BOURBON,18,0.3105166051660517
LA SOUTERRAINE,MONTAUBAN VILLE BOURBON,19,0.315
LA SOUTERRAINE,MONTAUBAN VILLE BOURBON,20,0.3187732342007435
LA SOUTERRAINE,MONTAUBAN VILLE BOURBON,21,0.3238805970149254
LA SOUTERRAINE,MONTAUBAN VILLE BOURBON,22,0.33011152416356876
LA SOUTERRAINE,MONTAUBAN VILLE BOURBON,23,0.3295880149812734
LA SOUTERRAINE,MONTAUBAN VILLE BOURBON,24,0.3304511278195489
LA SOUTERRAINE,MONTAUBAN VILLE BOURBON,25,0.34283018867924525
LA SOUTERRAINE,MONTAUBAN VILLE BOURBON,26,0.34318181818181814
LA SOUTERRAINE,MONTAUBAN VILLE BOURBON,27,0.37015209125475285
LA SOUTERRAINE,MONTAUBAN VILLE BOURBON,28,0.37213740458015265
LA SOUTERRAINE,MONTAUBAN VILLE BOURBON,29,0.3731800766283525
LA SOUTERRAINE,MONTAUBAN VILLE BOURBON,30,0.04517374517374517
LA SOUTERRAINE,PARIS (intramuros),0,1.0
LA SOUTERRAINE,PARIS (intramuros),1,1.0
LA SOUTERRAINE,PARIS (intramuros),2,1.0
LA SOUTERRAINE,PARIS (intramuros),3,1.0
LA SOUTERRAINE,PARIS (intramuros),4,1.0
LA SOUTERRAINE,PARIS (intramuros),5,1.0
LA SOUTERRAINE,PARIS (intramuros),6,1.0
LA SOUTERRAINE,PARIS (intramuros),7,1.0
LA SOUTERRAINE,PARIS (intramuros),8,1.0
LA SOUTERRAINE,SOUILLAC,0,0.81376582278481
LA SOUTERRAINE,SOUILLAC,1,0.794620253164557
LA SOUTERRAINE,SOUILLAC,2,0.767879746835443
LA SOUTERRAINE,SOUILLAC,3,0.7236507936507937
LA SOUTERRAINE,SOUILLAC,4,0.5163492063492063
LA SOUTERRAINE,SOUILLAC,5,0.5119047619047619
LA SOUTERRAINE,SOUILLAC,6,0.46920634920634924
LA SOUTERRAINE,SOUILLAC,7,0.4273015873015873
LA SOUTERRAINE,SOUILLAC,8,0.3923809523809524
LA SOUTERRAINE,SOUILLAC,9,0.396031746031746
LA SOUTERRAINE,SOUILLAC,10,0.4157142857142857
LA SOUTERRAINE,SOUILLAC,11,0.4242038216560509
LA SOUTERRAINE,SOUILLAC,12,0.34570063694267517
LA SOUTERRAINE,SOUILLAC,13,0.3450479233226837
LA SOUTERRAINE,SOUILLAC,14,0.334185303514377
LA SOUTERRAINE,SOUILLAC,15,0.31869009584664537
LA SOUTERRAINE,SOUILLAC,16,0.3226837060702875
LA SOUTERRAINE,SOUILLAC,17,0.3300319488817891
LA SOUTERRAINE,SOUILLAC,18,0.3355769230769231
LA SOUTERRAINE,SOUILLAC,19,0.34019292604501605
LA SOUTERRAINE,SOUILLAC,20,0.3479032258064516
LA SOUTERRAINE,SOUILLAC,21,0.3555016181229773
LA SOUTERRAINE,SOUILLAC,22,0.3676375404530744
LA SOUTERRAINE,SOUILLAC,23,0.3688311688311688
LA SOUTERRAINE,SOUILLAC,24,0.36791530944625406
LA SOUTERRAINE,SOUILLAC,25,0.3753267973856209
LA SOUTERRAINE,SOUILLAC,26,0.3816393442622951
LA SOUTERRAINE,SOUILLAC,27,0.40345394736842105
LA SOUTERRAINE,SOUILLAC,28,0.41171617161716173
LA SOUTERRAINE,SOUILLAC,29,0.41374172185430463
LA SOUTERRAINE,SOUILLAC,30,0.041166666666666664
LA SOUTERRAINE,TOULOUSE MATABIAU,0,0.8394927536231883
LA SOUTERRAINE,TOULOUSE MATABIAU,1,0.8079710144927537
LA SOUTERRAINE,TOULOUSE MATABIAU,2,0.7505434782608695
LA SOUTERRAINE,TOULOUSE MATABIAU,3,0.735144927536232
LA SOUTERRAINE,TOULOUSE MATABIAU,4,0.502
LA SOUTERRAINE,TOULOUSE MATABIAU,5,0.5010909090909091
LA SOUTERRAINE,TOULOUSE MATABIAU,6,0.47828467153284676
LA SOUTERRAINE,TOULOUSE MATABIAU,7,0.4281021897810219
LA SOUTERRAINE,TOULOUSE MATABIAU,8,0.4122262773722628
LA SOUTERRAINE,TOULOUSE MATABIAU,9,0.410948905109489
LA SOUTERRAINE,TOULOUSE MATABIAU,10,0.41934306569343066
LA SOUTERRAINE,TOULOUSE MATABIAU,11,0.42655677655677654
LA SOUTERRAINE,TOULOUSE MATABIAU,12,0.35494505494505496
LA SOUTERRAINE,TOULOUSE MATABIAU,13,0.3536764705882353
LA SOUTERRAINE,TOULOUSE MATABIAU,14,0.34393382352941176
LA SOUTERRAINE,TOULOUSE MATABIAU,15,0.309375
LA SOUTERRAINE,TOULOUSE MATABIAU,16,0.31378676470588235
LA SOUTERRAINE,TOULOUSE MATABIAU,17,0.32334558823529413
LA SOUTERRAINE,TOULOUSE MATABIAU,18,0.3284132841328413
LA SOUTERRAINE,TOULOUSE MATABIAU,19,0.3301851851851852
LA SOUTERRAINE,TOULOUSE MATABIAU,20,0.33327137546468405
LA SOUTERRAINE,TOULOUSE MATABIAU,21,0.3371268656716418
LA SOUTERRAINE,TOULOUSE MATABIAU,22,0.33680297397769515
LA SOUTERRAINE,TOULOUSE MATABIAU,23,0.33764044943820226
LA SOUTERRAINE,TOULOUSE MATABIAU,24,0.33703007518796996
LA SOUTERRAINE,TOULOUSE MATABIAU,25,0.34566037735849053
LA SOUTERRAINE,TOULOUSE MATABIAU,26,0.34412878787878787
LA SOUTERRAINE,TOULOUSE MATABIAU,27,0.37129277566539926
LA SOUTERRAINE,TOULOUSE MATABIAU,28,0.3732824427480916
LA SOUTERRAINE,TOULOUSE MATABIAU,29,0.371455938697318
LA SOUTERRAINE,TOULOUSE MATABIAU,30,0.03803088803088803
LA SOUTERRAINE,UZERCHE,0,0.93658940397351
LA SOUTERRAINE,UZERCHE,1,0.9008278145695364
LA SOUTERRAINE,UZERCHE,2,0.8806291390728477
LA SOUTERRAINE,UZERCHE,3,0.8615894039735099
LA SOUTERRAINE,UZERCHE,4,0.7130794701986755
LA SOUTERRAINE,UZERCHE,5,0.6940397350993377
LA SOUTERRAINE,UZERCHE,6,0.6811258278145695
LA SOUTERRAINE,UZERCHE,7,0.6884105960264901
LA SOUTERRAINE,UZERCHE,8,0.6761589403973509
LA SOUTERRAINE,UZERCHE,9,0.6683774834437086
LA SOUTERRAINE,UZERCHE,10,0.6740066225165563
LA SOUTERRAINE,UZERCHE,11,0.6900662251655629
LA SOUTERRAINE,UZERCHE,12,0.6254966887417218
LA SOUTERRAINE,UZERCHE,13,0.6180463576158941
LA SOUTERRAINE,UZERCHE,14,0.6142384105960265
LA SOUTERRAINE,UZERCHE,15,0.6034653465346534
LA SOUTERRAINE,UZERCHE,16,0.6113861386138614
LA SOUTERRAINE,UZERCHE,17,0.6188118811881188
LA SOUTERRAINE,UZERCHE,18,0.622682119205298
LA SOUTERRAINE,UZERCHE,19,0.6157807308970099
LA SOUTERRAINE,UZERCHE,20,0.614
LA SOUTERRAINE,UZERCHE,21,0.6056666666666666
LA SOUTERRAINE,UZERCHE,22,0.608
LA SOUTERRAINE,UZERCHE,23,0.6051495016611296
LA SOUTERRAINE,UZERCHE,24,0.6093333333333334
LA SOUTERRAINE,UZERCHE,25,0.6122073578595318
LA SOUTERRAINE,UZERCHE,26,0.6310402684563758
LA SOUTERRAINE,UZERCHE,27,0.6265993265993266
LA SOUTERRAINE,UZERCHE,28,0.6225589225589225
LA SOUTERRAINE,UZERCHE,29,0.6048821548821549
LA SOUTERRAINE,UZERCHE,30,0.05
LA SOUTERRAINE,VIERZON,0,1.0
LA SOUTERRAINE,VIERZON,1,1.0
LA SOUTERRAINE,VIERZON,2,1.0
LA SOUTERRAINE,VIERZON,3,1.0
LA SOUTERRAINE,VIERZON,4,1.0
LA SOUTERRAINE,VIERZON,5,1.0
LA SOUTERRAINE,VIERZON,6,1.0
LA SOUTERRAINE,VIERZON,7,1.0
LA SOUTERRAINE,VIERZON,8,1.0
LES AUBRAIS ORLEANS,ARGENTON SUR CREUSE,0,0.6256147540983606
LES AUBRAIS ORLEANS,ARGENTON SUR CREUSE,1,0.6264344262295082
LES AUBRAIS ORLEANS,ARGENTON SUR CREUSE,2,0.6016460905349794
LES AUBRAIS ORLEANS,ARGENTON SUR CREUSE,3,0.5991803278688524
LES AUBRAIS ORLEANS,ARGENTON SUR CREUSE,4,0.42107438016528925
LES AUBRAIS ORLEANS,ARGENTON SUR CREUSE,5,0.42169421487603304
LES AUBRAIS ORLEANS,ARGENTON SUR CREUSE,6,0.4114107883817428
LES AUBRAIS ORLEANS,ARGENTON SUR CREUSE,7,0.3697095435684647
LES AUBRAIS ORLEANS,ARGENTON SUR CREUSE,8,0.3363070539419087
LES AUBRAIS ORLEANS,ARGENTON SUR CREUSE,9,0.34107883817427387
LES AUBRAIS ORLEANS,ARGENTON SUR CREUSE,10,0.34462809917355375
LES AUBRAIS ORLEANS,ARGENTON SUR CREUSE,11,0.364375
LES AUBRAIS ORLEANS,ARGENTON SUR CREUSE,12,0.24604166666666666
LES AUBRAIS ORLEANS,ARGENTON SUR CREUSE,13,0.22405857740585772
LES AUBRAIS ORLEANS,ARGENTON SUR CREUSE,14,0.22499999999999998
LES AUBRAIS ORLEANS,ARGENTON SUR CREUSE,15,0.1953781512605042
LES AUBRAIS ORLEANS,ARGENTON SUR CREUSE,16,0.19054621848739497
LES AUBRAIS ORLEANS,ARGENTON SUR CREUSE,17,0.1962025316455696
LES AUBRAIS ORLEANS,ARGENTON SUR CREUSE,18,0.2038135593220339
LES AUBRAIS ORLEANS,ARGENTON SUR CREUSE,19,0.19404255319148936
LES AUBRAIS ORLEANS,ARGENTON SUR CREUSE,20,0.19487179487179487
LES AUBRAIS ORLEANS,ARGENTON SUR CREUSE,21,0.20858369098712448
LES AUBRAIS ORLEANS,ARGENTON SUR CREUSE,22,0.21410256410256412
LES AUBRAIS ORLEANS,ARGENTON SUR CREUSE,23,0.22155172413793103
LES AUBRAIS ORLEANS,ARGENTON SUR CREUSE,24,0.21788793103448276
LES AUBRAIS ORLEANS,ARGENTON SUR CREUSE,25,0.21515151515151518
LES AUBRAIS ORLEANS,ARGENTON SUR CREUSE,26,0.2208695652173913
LES AUBRAIS ORLEANS,ARGENTON SUR CREUSE,27,0.23318777292576418
LES AUBRAIS ORLEANS,ARGENTON SUR CREUSE,28,0.24714912280701756
LES AUBRAIS ORLEANS,ARGENTON SUR CREUSE,29,0.24030837004405284
LES AUBRAIS ORLEANS,ARGENTON SUR CREUSE,30,0.027777777777777776
LES AUBRAIS ORLEANS,BRIVE LA GAILLARDE,0,0.7479166666666667
LES AUBRAIS ORLEANS,BRIVE LA GAILLARDE,1,0.7447916666666666
LES AUBRAIS ORLEANS,BRIVE LA GAILLARDE,2,0.6939236111111111
LES AUBRAIS ORLEANS,BRIVE LA GAILLARDE,3,0.6710801393728223
LES AUBRAIS ORLEANS,BRIVE LA GAILLARDE,4,0.5027874564459931
LES AUBRAIS ORLEANS,BRIVE LA GAILLARDE,5,0.49843205574912897
LES AUBRAIS ORLEANS,BRIVE LA GAILLARDE,6,0.4646853146853147
LES AUBRAIS ORLEANS,BRIVE LA GAILLARDE,7,0.4232517482517482
LES AUBRAIS ORLEANS,BRIVE LA GAILLARDE,8,0.40384615384615385
LES AUBRAIS ORLEANS,BRIVE LA GAILLARDE,9,0.4034965034965035
LES AUBRAIS ORLEANS,BRIVE LA GAILLARDE,10,0.39527972027972025
LES AUBRAIS ORLEANS,BRIVE LA GAILLARDE,11,0.40982456140350876
LES AUBRAIS ORLEANS,BRIVE LA GAILLARDE,12,0.30403508771929827
LES AUBRAIS ORLEANS,BRIVE LA GAILLARDE,13,0.28943661971830986
LES AUBRAIS ORLEANS,BRIVE LA GAILLARDE,14,0.2714788732394366
LES AUBRAIS ORLEANS,BRIVE LA GAILLARDE,15,0.24735915492957747
LES AUBRAIS ORLEANS,BRIVE LA GAILLARDE,16,0.25264084507042256
LES AUBRAIS ORLEANS,BRIVE LA GAILLARDE,17,0.26161971830985914
LES AUBRAIS ORLEANS,BRIVE LA GAILLARDE,18,0.26007067137809187
LES AUBRAIS ORLEANS,BRIVE LA GAILLARDE,19,0.25868794326241135
LES AUBRAIS ORLEANS,BRIVE LA GAILLARDE,20,0.26263345195729537
LES AUBRAIS ORLEANS,BRIVE LA GAILLARDE,21,0.26321428571428573
LES AUBRAIS ORLEANS,BRIVE LA GAILLARDE,22,0.27330960854092523
LES AUBRAIS ORLEANS,BRIVE LA GAILLARDE,23,0.27580645161290324
LES AUBRAIS ORLEANS,BRIVE LA GAILLARDE,24,0.2789568345323741
LES AUBRAIS ORLEANS,BRIVE LA GAILLARDE,25,0.2870036101083033
LES AUBRAIS ORLEANS,BRIVE LA GAILLARDE,26,0.2882246376811594
LES AUBRAIS ORLEANS,BRIVE LA GAILLARDE,27,0.30472727272727274
LES AUBRAIS ORLEANS,BRIVE LA GAILLARDE,28,0.31003649635036495
LES AUBRAIS ORLEANS,BRIVE LA GAILLARDE,29,0.306043956043956
LES AUBRAIS ORLEANS,BRIVE LA GAILLARDE,30,0.03745387453874539
LES AUBRAIS ORLEANS,CAHORS,0,0.7393884892086331
LES AUBRAIS ORLEANS,CAHORS,1,0.7273381294964029
LES AUBRAIS ORLEANS,CAHORS,2,0.6751798561151079
LES AUBRAIS ORLEANS,CAHORS,3,0.6507194244604316
LES AUBRAIS ORLEANS,CAHORS,4,0.4794223826714802
LES AUBRAIS ORLEANS,CAHORS,5,0.4712996389891697
LES AUBRAIS ORLEANS,CAHORS,6,0.44764492753623186
LES AUBRAIS ORLEANS,CAHORS,7,0.40507246376811595
LES AUBRAIS ORLEANS,CAHORS,8,0.3829710144927536
LES AUBRAIS ORLEANS,CAHORS,9,0.38713768115942027
LES AUBRAIS ORLEANS,CAHORS,10,0.38605072463768114
LES AUBRAIS ORLEANS,CAHORS,11,0.40036363636363637
LES AUBRAIS ORLEANS,CAHORS,12,0.29654545454545456
LES AUBRAIS ORLEANS,CAHORS,13,0.2843065693430657
LES AUBRAIS ORLEANS,CAHORS,14,0.2706204379562044
LES AUBRAIS ORLEANS,CAHORS,15,0.2414233576642336
LES AUBRAIS ORLEANS,CAHORS,16,0.24726277372262773
LES AUBRAIS ORLEANS,CAHORS,17,0.25474452554744526
LES AUBRAIS ORLEANS,CAHORS,18,0.25567765567765566
LES AUBRAIS ORLEANS,CAHORS,19,0.25716911764705885
LES AUBRAIS ORLEANS,CAHORS,20,0.2618081180811808
LES AUBRAIS ORLEANS,CAHORS,21,0.2638888888888889
LES AUBRAIS ORLEANS,CAHORS,22,0.2763837638376384
LES AUBRAIS ORLEANS,CAHORS,23,0.27639405204460965
LES AUBRAIS ORLEANS,CAHORS,24,0.2811567164179104
LES AUBRAIS ORLEANS,CAHORS,25,0.28726591760299625
LES AUBRAIS ORLEANS,CAHORS,26,0.28984962406015036
LES AUBRAIS ORLEANS,CAHORS,27,0.31
LES AUBRAIS ORLEANS,CAHORS,28,0.31609848484848485
LES AUBRAIS ORLEANS,CAHORS,29,0.31539923954372623
LES AUBRAIS ORLEANS,CAHORS,30,0.035249042145593865
LES AUBRAIS ORLEANS,CAUSSADE(TARN ET GARONNE),0,0.6909420289855072
LES AUBRAIS ORLEANS,CAUSSADE(TARN ET GARONNE),1,0.673731884057971
LES AUBRAIS ORLEANS,CAUSSADE(TARN ET GARONNE),2,0.6358695652173914
LES AUBRAIS ORLEANS,CAUSSADE(TARN ET GARONNE),3,0.6228260869565218
LES AUBRAIS ORLEANS,CAUSSADE(TARN ET GARONNE),4,0.45781818181818185
LES AUBRAIS ORLEANS,CAUSSADE(TARN ET GARONNE),5,0.4489090909090909
LES AUBRAIS ORLEANS,CAUSSADE(TARN ET GARONNE),6,0.4175182481751825
LES AUBRAIS ORLEANS,CAUSSADE(TARN ET GARONNE),7,0.3788321167883212
LES AUBRAIS ORLEANS,CAUSSADE(TARN ET GARONNE),8,0.36350364963503645
LES AUBRAIS ORLEANS,CAUSSADE(TARN ET GARONNE),9,0.3686131386861314
LES AUBRAIS ORLEANS,CAUSSADE(TARN ET GARONNE),10,0.3731751824817518
LES AUBRAIS ORLEANS,CAUSSADE(TARN ET GARONNE),11,0.3836996336996337
LES AUBRAIS ORLEANS,CAUSSADE(TARN ET GARONNE),12,0.30018315018315017
LES AUBRAIS ORLEANS,CAUSSADE(TARN ET GARONNE),13,0.28731617647058827
LES AUBRAIS ORLEANS,CAUSSADE(TARN ET GARONNE),14,0.278125
LES AUBRAIS ORLEANS,CAUSSADE(TARN ET GARONNE),15,0.24503676470588237
LES AUBRAIS ORLEANS,CAUSSADE(TARN ET GARONNE),16,0.24816176470588236
LES AUBRAIS ORLEANS,CAUSSADE(TARN ET GARONNE),17,0.25606617647058827
LES AUBRAIS ORLEANS,CAUSSADE(TARN ET GARONNE),18,0.2584870848708487
LES AUBRAIS ORLEANS,CAUSSADE(TARN ET GARONNE),19,0.25870370370370366
LES AUBRAIS ORLEANS,CAUSSADE(TARN ET GARONNE),20,0.2637546468401487
LES AUBRAIS ORLEANS,CAUSSADE(TARN ET GARONNE),21,0.26735074626865674
LES AUBRAIS ORLEANS,CAUSSADE(TARN ET GARONNE),22,0.2778810408921933
LES AUBRAIS ORLEANS,CAUSSADE(TARN ET GARONNE),23,0.27734082397003745
LES AUBRAIS ORLEANS,CAUSSADE(TARN ET GARONNE),24,0.28101503759398494
LES AUBRAIS ORLEANS,CAUSSADE(TARN ET GARONNE),25,0.2892452830188679
LES AUBRAIS ORLEANS,CAUSSADE(TARN ET GARONNE),26,0.2893939393939394
LES AUBRAIS ORLEANS,CAUSSADE(TARN ET GARONNE),27,0.31159695817490496
LES AUBRAIS ORLEANS,CAUSSADE(TARN ET GARONNE),28,0.31583969465648853
LES AUBRAIS ORLEANS,CAUSSADE(TARN ET GARONNE),29,0.31800766283524906
LES AUBRAIS ORLEANS,CAUSSADE(TARN ET GARONNE),30,0.037644787644787646
LES AUBRAIS ORLEANS,CHATEAUROUX,0,0.7493055555555556
LES AUBRAIS ORLEANS,CHATEAUROUX,1,0.7480902777777777
LES AUBRAIS ORLEANS,CHATEAUROUX,2,0.7034722222222222
LES AUBRAIS ORLEANS,CHATEAUROUX,3,0.6834494773519164
LES AUBRAIS ORLEANS,CHATEAUROUX,4,0.5043554006968641
LES AUBRAIS ORLEANS,CHATEAUROUX,5,0.5069686411149826
LES AUBRAIS ORLEANS,CHATEAUROUX,6,0.4688811188811189
LES AUBRAIS ORLEANS,CHATEAUROUX,7,0.4312937062937063
LES AUBRAIS ORLEANS,CHATEAUROUX,8,0.40069930069930065
LES AUBRAIS ORLEANS,CHATEAUROUX,9,0.4031468531468531
LES AUBRAIS ORLEANS,CHATEAUROUX,10,0.4017482517482518
LES AUBRAIS ORLEANS,CHATEAUROUX,11,0.41526315789473683
LES AUBRAIS ORLEANS,CHATEAUROUX,12,0.3003508771929824
LES AUBRAIS ORLEANS,CHATEAUROUX,13,0.29031690140845073
LES AUBRAIS ORLEANS,CHATEAUROUX,14,0.2769366197183099
LES AUBRAIS ORLEANS,CHATEAUROUX,15,0.24806338028169014
LES AUBRAIS ORLEANS,CHATEAUROUX,16,0.25088028169014087
LES AUBRAIS ORLEANS,CHATEAUROUX,17,0.260387323943662
LES AUBRAIS ORLEANS,CHATEAUROUX,18,0.2598939929328622
LES AUBRAIS ORLEANS,CHATEAUROUX,19,0.25868794326241135
LES AUBRAIS ORLEANS,CHATEAUROUX,20,0.26370106761565837
LES AUBRAIS ORLEANS,CHATEAUROUX,21,0.26589285714285715
LES AUBRAIS ORLEANS,CHATEAUROUX,22,0.2786476868327402
LES AUBRAIS ORLEANS,CHATEAUROUX,23,0.278673835125448
LES AUBRAIS ORLEANS,CHATEAUROUX,24,0.2820143884892087
LES AUBRAIS ORLEANS,CHATEAUROUX,25,0.2891696750902527
LES AUBRAIS ORLEANS,CHATEAUROUX,26,0.28858695652173916
LES AUBRAIS ORLEANS,CHATEAUROUX,27,0.3078181818181818
LES AUBRAIS ORLEANS,CHATEAUROUX,28,0.3122262773722628
LES AUBRAIS ORLEANS,CHATEAUROUX,29,0.31227106227106227
LES AUBRAIS ORLEANS,CHATEAUROUX,30,0.04059040590405904
LES AUBRAIS ORLEANS,GOURDON,0,0.7388489208633093
LES AUBRAIS ORLEANS,GOURDON,1,0.7242805755395684
LES AUBRAIS ORLEANS,GOURDON,2,0.677158273381295
LES AUBRAIS ORLEANS,GOURDON,3,0.6537769784172662
LES AUBRAIS ORLEANS,GOURDON,4,0.47833935018050544
LES AUBRAIS ORLEANS,GOURDON,5,0.47256317689530686
LES AUBRAIS ORLEANS,GOURDON,6,0.44710144927536233
LES AUBRAIS ORLEANS,GOURDON,7,0.40561594202898554
LES AUBRAIS ORLEANS,GOURDON,8,0.38460144927536233
LES AUBRAIS ORLEANS,GOURDON,9,0.38967391304347826
LES AUBRAIS ORLEANS,GOURDON,10,0.3858695652173913
LES AUBRAIS ORLEANS,GOURDON,11,0.4001818181818182
LES AUBRAIS ORLEANS,GOURDON,12,0.29254545454545455
LES AUBRAIS ORLEANS,GOURDON,13,0.28503649635036493
LES AUBRAIS ORLEANS,GOURDON,14,0.27518248175182486
LES AUBRAIS ORLEANS,GOURDON,15,0.24598540145985404
LES AUBRAIS ORLEANS,GOURDON,16,0.24708029197080292
LES AUBRAIS ORLEANS,GOURDON,17,0.2531021897810219
LES AUBRAIS ORLEANS,GOURDON,18,0.25769230769230766
LES AUBRAIS ORLEANS,GOURDON,19,0.2566176470588235
LES AUBRAIS ORLEANS,GOURDON,20,0.2603321033210332
LES AUBRAIS ORLEANS,GOURDON,21,0.2638888888888889
LES AUBRAIS ORLEANS,GOURDON,22,0.2750922509225092
LES AUBRAIS ORLEANS,GOURDON,23,0.27527881040892194
LES AUBRAIS ORLEANS,GOURDON,24,0.28059701492537314
LES AUBRAIS ORLEANS,GOURDON,25,0.28726591760299625
LES AUBRAIS ORLEANS,GOURDON,26,0.287781954887218
LES AUBRAIS ORLEANS,GOURDON,27,0.30849056603773584
LES AUBRAIS ORLEANS,GOURDON,28,0.31571969696969693
LES AUBRAIS ORLEANS,GOURDON,29,0.31863117870722435
LES AUBRAIS ORLEANS,GOURDON,30,0.033524904214559385
LES AUBRAIS ORLEANS,LA SOUTERRAINE,0,0.7574652777777778
LES AUBRAIS ORLEANS,LA SOUTERRAINE,1,0.7508680555555556
LES AUBRAIS ORLEANS,LA SOUTERRAINE,2,0.7038194444444444
LES AUBRAIS ORLEANS,LA SOUTERRAINE,3,0.6886759581881533
LES AUBRAIS ORLEANS,LA SOUTERRAINE,4,0.5071428571428572
LES AUBRAIS ORLEANS,LA SOUTERRAINE,5,0.5097560975609756
LES AUBRAIS ORLEANS,LA SOUTERRAINE,6,0.4872377622377622
LES AUBRAIS ORLEANS,LA SOUTERRAINE,7,0.4305944055944056
LES AUBRAIS ORLEANS,LA SOUTERRAINE,8,0.40367132867132866
LES AUBRAIS ORLEANS,LA SOUTERRAINE,9,0.406993006993007
LES AUBRAIS ORLEANS,LA SOUTERRAINE,10,0.39912587412587414
LES AUBRAIS ORLEANS,LA SOUTERRAINE,11,0.4131578947368421
LES AUBRAIS ORLEANS,LA SOUTERRAINE,12,0.3005263157894737
LES AUBRAIS ORLEANS,LA SOUTERRAINE,13,0.2890845070422535
LES AUBRAIS ORLEANS,LA SOUTERRAINE,14,0.2778169014084507
LES AUBRAIS ORLEANS,LA SOUTERRAINE,15,0.2482394366197183
LES AUBRAIS ORLEANS,LA SOUTERRAINE,16,0.2522887323943662
LES AUBRAIS ORLEANS,LA SOUTERRAINE,17,0.26091549295774646
LES AUBRAIS ORLEANS,LA SOUTERRAINE,18,0.2618374558303887
LES AUBRAIS ORLEANS,LA SOUTERRAINE,19,0.25851063829787235
LES AUBRAIS ORLEANS,LA SOUTERRAINE,20,0.2638790035587189
LES AUBRAIS ORLEANS,LA SOUTERRAINE,21,0.26607142857142857
LES AUBRAIS ORLEANS,LA SOUTERRAINE,22,0.27740213523131674
LES AUBRAIS ORLEANS,LA SOUTERRAINE,23,0.278494623655914
LES AUBRAIS ORLEANS,LA SOUTERRAINE,24,0.2816546762589928
LES AUBRAIS ORLEANS,LA SOUTERRAINE,25,0.2879061371841155
LES AUBRAIS ORLEANS,LA SOUTERRAINE,26,0.2896739130434783
LES AUBRAIS ORLEANS,LA SOUTERRAINE,27,0.30454545454545456
LES AUBRAIS ORLEANS,LA SOUTERRAINE,28,0.31003649635036495
LES AUBRAIS ORLEANS,LA SOUTERRAINE,29,0.31025641025641026
LES AUBRAIS ORLEANS,LA SOUTERRAINE,30,0.03892988929889299
LES AUBRAIS ORLEANS,LIMOGES BENEDICTINS,0,0.7532986111111111
LES AUBRAIS ORLEANS,LIMOGES BENEDICTINS,1,0.7414930555555556
LES AUBRAIS ORLEANS,LIMOGES BENEDICTINS,2,0.7098958333333333
LES AUBRAIS ORLEANS,LIMOGES BENEDICTINS,3,0.6853658536585365
LES AUBRAIS ORLEANS,LIMOGES BENEDICTINS,4,0.5055749128919861
LES AUBRAIS ORLEANS,LIMOGES BENEDICTINS,5,0.5071428571428572
LES AUBRAIS ORLEANS,LIMOGES BENEDICTINS,6,0.4868881118881119
LES AUBRAIS ORLEANS,LIMOGES BENEDICTINS,7,0.43636363636363634
LES AUBRAIS ORLEANS,LIMOGES BENEDICTINS,8,0.40559440559440557
LES AUBRAIS ORLEANS,LIMOGES BENEDICTINS,9,0.4059440559440559
LES AUBRAIS ORLEANS,LIMOGES BENEDICTINS,10,0.39720279720279716
LES AUBRAIS ORLEANS,LIMOGES BENEDICTINS,11,0.41385964912280704
LES AUBRAIS ORLEANS,LIMOGES BENEDICTINS,12,0.30543859649122806
LES AUBRAIS ORLEANS,LIMOGES BENEDICTINS,13,0.2887323943661972
LES AUBRAIS ORLEANS,LIMOGES BENEDICTINS,14,0.27711267605633805
LES AUBRAIS ORLEANS,LIMOGES BENEDICTINS,15,0.2482394366197183
LES AUBRAIS ORLEANS,LIMOGES BENEDICTINS,16,0.25088028169014087
LES AUBRAIS ORLEANS,LIMOGES BENEDICTINS,17,0.2621478873239437
LES AUBRAIS ORLEANS,LIMOGES BENEDICTINS,18,0.26007067137809187
LES AUBRAIS ORLEANS,LIMOGES BENEDICTINS,19,0.25868794326241135
LES AUBRAIS ORLEANS,LIMOGES BENEDICTINS,20,0.26548042704626335
LES AUBRAIS ORLEANS,LIMOGES BENEDICTINS,21,0.2669642857142857
LES AUBRAIS ORLEANS,LIMOGES BENEDICTINS,22,0.27722419928825626
LES AUBRAIS ORLEANS,LIMOGES BENEDICTINS,23,0.27885304659498206
LES AUBRAIS ORLEANS,LIMOGES BENEDICTINS,24,0.2809352517985611
LES AUBRAIS ORLEANS,LIMOGES BENEDICTINS,25,0.2879061371841155
LES AUBRAIS ORLEANS,LIMOGES BENEDICTINS,26,0.28894927536231885
LES AUBRAIS ORLEANS,LIMOGES BENEDICTINS,27,0.308
LES AUBRAIS ORLEANS,LIMOGES BENEDICTINS,28,0.31113138686131386
LES AUBRAIS ORLEANS,LIMOGES BENEDICTINS,29,0.3100732600732601
LES AUBRAIS ORLEANS,LIMOGES BENEDICTINS,30,0.04538745387453875
LES AUBRAIS ORLEANS,MONTAUBAN VILLE BOURBON,0,0.697644927536232
LES AUBRAIS ORLEANS,MONTAUBAN VILLE BOURBON,1,0.673731884057971
LES AUBRAIS ORLEANS,MONTAUBAN VILLE BOURBON,2,0.6356884057971014
LES AUBRAIS ORLEANS,MONTAUBAN VILLE BOURBON,3,0.6255434782608695
LES AUBRAIS ORLEANS,MONTAUBAN VILLE BOURBON,4,0.4521818181818182
LES AUBRAIS ORLEANS,MONTAUBAN VILLE BOURBON,5,0.4461818181818182
LES AUBRAIS ORLEANS,MONTAUBAN VILLE BOURBON,6,0.41934306569343066
LES AUBRAIS ORLEANS,MONTAUBAN VILLE BOURBON,7,0.3815693430656934
LES AUBRAIS ORLEANS,MONTAUBAN VILLE BOURBON,8,0.3645985401459854
LES AUBRAIS ORLEANS,MONTAUBAN VILLE BOURBON,9,0.3664233576642336
LES AUBRAIS ORLEANS,MONTAUBAN VILLE BOURBON,10,0.37445255474452555
LES AUBRAIS ORLEANS,MONTAUBAN VILLE BOURBON,11,0.38663003663003664
LES AUBRAIS ORLEANS,MONTAUBAN VILLE BOURBON,12,0.2965201465201465
LES AUBRAIS ORLEANS,MONTAUBAN VILLE BOURBON,13,0.28547794117647063
LES AUBRAIS ORLEANS,MONTAUBAN VILLE BOURBON,14,0.2759191176470588
LES AUBRAIS ORLEANS,MONTAUBAN VILLE BOURBON,15,0.24522058823529413
LES AUBRAIS ORLEANS,MONTAUBAN VILLE BOURBON,16,0.2479779411764706
LES AUBRAIS ORLEANS,MONTAUBAN VILLE BOURBON,17,0.25716911764705885
LES AUBRAIS ORLEANS,MONTAUBAN VILLE BOURBON,18,0.2592250922509225
LES AUBRAIS ORLEANS,MONTAUBAN VILLE BOURBON,19,0.2577777777777778
LES AUBRAIS ORLEANS,MONTAUBAN VILLE BOURBON,20,0.26301115241635686
LES AUBRAIS ORLEANS,MONTAUBAN VILLE BOURBON,21,0.26473880597014926
LES AUBRAIS ORLEANS,MONTAUBAN VILLE BOURBON,22,0.2776951672862454
LES AUBRAIS ORLEANS,MONTAUBAN VILLE BOURBON,23,0.27715355805243447
LES AUBRAIS ORLEANS,MONTAUBAN VILLE BOURBON,24,0.28101503759398494
LES AUBRAIS ORLEANS,MONTAUBAN VILLE BOURBON,25,0.2890566037735849
LES AUBRAIS ORLEANS,MONTAUBAN VILLE BOURBON,26,0.2901515151515151
LES AUBRAIS ORLEANS,MONTAUBAN VILLE BOURBON,27,0.314828897338403
LES AUBRAIS ORLEANS,MONTAUBAN VILLE BOURBON,28,0.3188931297709924
LES AUBRAIS ORLEANS,MONTAUBAN VILLE BOURBON,29,0.3155172413793103
LES AUBRAIS ORLEANS,MONTAUBAN VILLE BOURBON,30,0.04034749034749034
LES AUBRAIS ORLEANS,SOUILLAC,0,0.7338129496402878
LES AUBRAIS ORLEANS,SOUILLAC,1,0.7251798561151079
LES AUBRAIS ORLEANS,SOUILLAC,2,0.6703237410071943
LES AUBRAIS ORLEANS,SOUILLAC,3,0.6451438848920863
LES AUBRAIS ORLEANS,SOUILLAC,4,0.4779783393501805
LES AUBRAIS ORLEANS,SOUILLAC,5,0.4687725631768953
LES AUBRAIS ORLEANS,SOUILLAC,6,0.4434782608695652
LES AUBRAIS ORLEANS,SOUILLAC,7,0.40307971014492755
LES AUBRAIS ORLEANS,SOUILLAC,8,0.38315217391304346
LES AUBRAIS ORLEANS,SOUILLAC,9,0.38768115942028986
LES AUBRAIS ORLEANS,SOUILLAC,10,0.3864130434782609
LES AUBRAIS ORLEANS,SOUILLAC,11,0.40109090909090905
LES AUBRAIS ORLEANS,SOUILLAC,12,0.2938181818181818
LES AUBRAIS ORLEANS,SOUILLAC,13,0.2813868613138686
LES AUBRAIS ORLEANS,SOUILLAC,14,0.2706204379562044
LES AUBRAIS ORLEANS,SOUILLAC,15,0.24324817518248176
LES AUBRAIS ORLEANS,SOUILLAC,16,0.24671532846715327
LES AUBRAIS ORLEANS,SOUILLAC,17,0.25474452554744526
LES AUBRAIS ORLEANS,SOUILLAC,18,0.25622710622710626
LES AUBRAIS ORLEANS,SOUILLAC,19,0.2575367647058823
LES AUBRAIS ORLEANS,SOUILLAC,20,0.26143911439114387
LES AUBRAIS ORLEANS,SOUILLAC,21,0.2637037037037037
LES AUBRAIS ORLEANS,SOUILLAC,22,0.275830258302583
LES AUBRAIS ORLEANS,SOUILLAC,23,0.2745353159851301
LES AUBRAIS ORLEANS,SOUILLAC,24,0.2796641791044776
LES AUBRAIS ORLEANS,SOUILLAC,25,0.28745318352059923
LES AUBRAIS ORLEANS,SOUILLAC,26,0.2892857142857143
LES AUBRAIS ORLEANS,SOUILLAC,27,0.30962264150943397
LES AUBRAIS ORLEANS,SOUILLAC,28,0.31571969696969693
LES AUBRAIS ORLEANS,SOUILLAC,29,0.3131178707224334
LES AUBRAIS ORLEANS,SOUILLAC,30,0.0342911877394636
LES AUBRAIS ORLEANS,TOULOUSE MATABIAU,0,0.6940217391304349
LES AUBRAIS ORLEANS,TOULOUSE MATABIAU,1,0.675
LES AUBRAIS ORLEANS,TOULOUSE MATABIAU,2,0.6382246376811594
LES AUBRAIS ORLEANS,TOULOUSE MATABIAU,3,0.6226449275362319
LES AUBRAIS ORLEANS,TOULOUSE MATABIAU,4,0.45436363636363636
LES AUBRAIS ORLEANS,TOULOUSE MATABIAU,5,0.4470909090909091
LES AUBRAIS ORLEANS,TOULOUSE MATABIAU,6,0.4136861313868613
LES AUBRAIS ORLEANS,TOULOUSE MATABIAU,7,0.381021897810219
LES AUBRAIS ORLEANS,TOULOUSE MATABIAU,8,0.36295620437956205
LES AUBRAIS ORLEANS,TOULOUSE MATABIAU,9,0.36952554744525545
LES AUBRAIS ORLEANS,TOULOUSE MATABIAU,10,0.3768248175182482
LES AUBRAIS ORLEANS,TOULOUSE MATABIAU,11,0.3857142857142857
LES AUBRAIS ORLEANS,TOULOUSE MATABIAU,12,0.29505494505494506
LES AUBRAIS ORLEANS,TOULOUSE MATABIAU,13,0.2869485294117647
LES AUBRAIS ORLEANS,TOULOUSE MATABIAU,14,0.2766544117647059
LES AUBRAIS ORLEANS,TOULOUSE MATABIAU,15,0.2479779411764706
LES AUBRAIS ORLEANS,TOULOUSE MATABIAU,16,0.24852941176470586
LES AUBRAIS ORLEANS,TOULOUSE MATABIAU,17,0.2555147058823529
LES AUBRAIS ORLEANS,TOULOUSE MATABIAU,18,0.2581180811808118
LES AUBRAIS ORLEANS,TOULOUSE MATABIAU,19,0.2585185185185185
LES AUBRAIS ORLEANS,TOULOUSE MATABIAU,20,0.2633828996282528
LES AUBRAIS ORLEANS,TOULOUSE MATABIAU,21,0.26473880597014926
LES AUBRAIS ORLEANS,TOULOUSE MATABIAU,22,0.279368029739777
LES AUBRAIS ORLEANS,TOULOUSE MATABIAU,23,0.27883895131086145
LES AUBRAIS ORLEANS,TOULOUSE MATABIAU,24,0.28214285714285714
LES AUBRAIS ORLEANS,TOULOUSE MATABIAU,25,0.29056603773584905
LES AUBRAIS ORLEANS,TOULOUSE MATABIAU,26,0.2912878787878788
LES AUBRAIS ORLEANS,TOULOUSE MATABIAU,27,0.3134980988593156
LES AUBRAIS ORLEANS,TOULOUSE MATABIAU,28,0.31679389312977096
LES AUBRAIS ORLEANS,TOULOUSE MATABIAU,29,0.3203065134099617
LES AUBRAIS ORLEANS,TOULOUSE MATABIAU,30,0.03571428571428571
LES AUBRAIS ORLEANS,VIERZON,0,0.7473958333333334
LES AUBRAIS ORLEANS,VIERZON,1,0.7428819444444444
LES AUBRAIS ORLEANS,VIERZON,2,0.7067708333333333
LES AUBRAIS ORLEANS,VIERZON,3,0.6850174216027874
LES AUBRAIS ORLEANS,VIERZON,4,0.5041811846689895
LES AUBRAIS ORLEANS,VIERZON,5,0.5013937282229965
LES AUBRAIS ORLEANS,VIERZON,6,0.4704545454545455
LES AUBRAIS ORLEANS,VIERZON,7,0.427972027972028
LES AUBRAIS ORLEANS,VIERZON,8,0.40157342657342654
LES AUBRAIS ORLEANS,VIERZON,9,0.4048951048951049
LES AUBRAIS ORLEANS,VIERZON,10,0.4031468531468531
LES AUBRAIS ORLEANS,VIERZON,11,0.4126315789473684
LES AUBRAIS ORLEANS,VIERZON,12,0.3031578947368421
LES AUBRAIS ORLEANS,VIERZON,13,0.2904929577464789
LES AUBRAIS ORLEANS,VIERZON,14,0.27411971830985915
LES AUBRAIS ORLEANS,VIERZON,15,0.24507042253521125
LES AUBRAIS ORLEANS,VIERZON,16,0.25088028169014087
LES AUBRAIS ORLEANS,VIERZON,17,0.26021126760563384
LES AUBRAIS ORLEANS,VIERZON,18,0.2607773851590106
LES AUBRAIS ORLEANS,VIERZON,19,0.25762411347517733
LES AUBRAIS ORLEANS,VIERZON,20,0.2624555160142349
LES AUBRAIS ORLEANS,VIERZON,21,0.26517857142857143
LES AUBRAIS ORLEANS,VIERZON,22,0.2765124555160142
LES AUBRAIS ORLEANS,VIERZON,23,0.278494623655914
LES AUBRAIS ORLEANS,VIERZON,24,0.2807553956834532
LES AUBRAIS ORLEANS,VIERZON,25,0.2868231046931408
LES AUBRAIS ORLEANS,VIERZON,26,0.28894927536231885
LES AUBRAIS ORLEANS,VIERZON,27,0.3070909090909091
LES AUBRAIS ORLEANS,VIERZON,28,0.31003649635036495
LES AUBRAIS ORLEANS,VIERZON,29,0.3078754578754579
LES AUBRAIS ORLEANS,VIERZON,30,0.03560885608856089
LIMOGES BENEDICTINS,ARGENTON SUR CREUSE,0,1.0
LIMOGES BENEDICTINS,ARGENTON SUR CREUSE,1,1.0
LIMOGES BENEDICTINS,ARGENTON SUR CREUSE,2,1.0
LIMOGES BENEDICTINS,ARGENTON SUR CREUSE,3,1.0
LIMOGES BENEDICTINS,ARGENTON SUR CREUSE,4,1.0
LIMOGES BENEDICTINS,ARGENTON SUR CREUSE,5,1.0
LIMOGES BENEDICTINS,ARGENTON SUR CREUSE,6,1.0
LIMOGES BENEDICTINS,ARGENTON SUR CREUSE,7,1.0
LIMOGES BENEDICTINS,ARGENTON SUR CREUSE,8,1.0
LIMOGES BENEDICTINS,BRIVE LA GAILLARDE,0,0.9578461538461539
LIMOGES BENEDICTINS,BRIVE LA GAILLARDE,1,0.9326153846153847
LIMOGES BENEDICTINS,BRIVE LA GAILLARDE,2,0.9166153846153845
LIMOGES BENEDICTINS,BRIVE LA GAILLARDE,3,0.8935185185185185
LIMOGES BENEDICTINS,BRIVE LA GAILLARDE,4,0.7623076923076924
LIMOGES BENEDICTINS,BRIVE LA GAILLARDE,5,0.7556923076923077
LIMOGES BENEDICTINS,BRIVE LA GAILLARDE,6,0.7372307692307692
LIMOGES BENEDICTINS,BRIVE LA GAILLARDE,7,0.7350769230769231
LIMOGES BENEDICTINS,BRIVE LA GAILLARDE,8,0.720923076923077
LIMOGES BENEDICTINS,BRIVE LA GAILLARDE,9,0.7126153846153847
LIMOGES BENEDICTINS,BRIVE LA GAILLARDE,10,0.71
LIMOGES BENEDICTINS,BRIVE LA GAILLARDE,11,0.7196923076923077
LIMOGES BENEDICTINS,BRIVE LA GAILLARDE,12,0.6506153846153846
LIMOGES BENEDICTINS,BRIVE LA GAILLARDE,13,0.6515384615384615
LIMOGES BENEDICTINS,BRIVE LA GAILLARDE,14,0.64
LIMOGES BENEDICTINS,BRIVE LA GAILLARDE,15,0.6289230769230769
LIMOGES BENEDICTINS,BRIVE LA GAILLARDE,16,0.6350769230769231
LIMOGES BENEDICTINS,BRIVE LA GAILLARDE,17,0.6501538461538462
LIMOGES BENEDICTINS,BRIVE LA GAILLARDE,18,0.6558461538461539
LIMOGES BENEDICTINS,BRIVE LA GAILLARDE,19,0.649076923076923
LIMOGES BENEDICTINS,BRIVE LA GAILLARDE,20,0.641358024691358
LIMOGES BENEDICTINS,BRIVE LA GAILLARDE,21,0.6337962962962963
LIMOGES BENEDICTINS,BRIVE LA GAILLARDE,22,0.6399691358024692
LIMOGES BENEDICTINS,BRIVE LA GAILLARDE,23,0.6399691358024692
LIMOGES BENEDICTINS,BRIVE LA GAILLARDE,24,0.6455108359133127
LIMOGES BENEDICTINS,BRIVE LA GAILLARDE,25,0.6510869565217392
LIMOGES BENEDICTINS,BRIVE LA GAILLARDE,26,0.6647515527950311
LIMOGES BENEDICTINS,BRIVE LA GAILLARDE,27,0.6612149532710281
LIMOGES BENEDICTINS,BRIVE LA GAILLARDE,28,0.6652647975077882
LIMOGES BENEDICTINS,BRIVE LA GAILLARDE,29,0.6531152647975078
LIMOGES BENEDICTINS,BRIVE LA GAILLARDE,30,0.04482758620689655
LIMOGES BENEDICTINS,CAHORS,0,0.9376582278481013
LIMOGES BENEDICTINS,CAHORS,1,0.9102848101265822
LIMOGES BENEDICTINS,CAHORS,2,0.8816455696202532
LIMOGES BENEDICTINS,CAHORS,3,0.8447619047619048
LIMOGES BENEDICTINS,CAHORS,4,0.6120634920634921
LIMOGES BENEDICTINS,CAHORS,5,0.6063492063492063
LIMOGES BENEDICTINS,CAHORS,6,0.5638095238095238
LIMOGES BENEDICTINS,CAHORS,7,0.5223809523809524
LIMOGES BENEDICTINS,CAHORS,8,0.48984126984126986
LIMOGES BENEDICTINS,CAHORS,9,0.4880952380952381
LIMOGES BENEDICTINS,CAHORS,10,0.5026984126984126
LIMOGES BENEDICTINS,CAHORS,11,0.5036624203821656
LIMOGES BENEDICTINS,CAHORS,12,0.3764331210191083
LIMOGES BENEDICTINS,CAHORS,13,0.3701277955271565
LIMOGES BENEDICTINS,CAHORS,14,0.35575079872204474
LIMOGES BENEDICTINS,CAHORS,15,0.34281150159744406
LIMOGES BENEDICTINS,CAHORS,16,0.3485623003194888
LIMOGES BENEDICTINS,CAHORS,17,0.3570287539936102
LIMOGES BENEDICTINS,CAHORS,18,0.36538461538461536
LIMOGES BENEDICTINS,CAHORS,19,0.3660771704180064
LIMOGES BENEDICTINS,CAHORS,20,0.3732258064516129
LIMOGES BENEDICTINS,CAHORS,21,0.37912621359223303
LIMOGES BENEDICTINS,CAHORS,22,0.39223300970873787
LIMOGES BENEDICTINS,CAHORS,23,0.3931818181818182
LIMOGES BENEDICTINS,CAHORS,24,0.3921824104234528
LIMOGES BENEDICTINS,CAHORS,25,0.3957516339869281
LIMOGES BENEDICTINS,CAHORS,26,0.3980327868852459
LIMOGES BENEDICTINS,CAHORS,27,0.42269736842105265
LIMOGES BENEDICTINS,CAHORS,28,0.4273927392739274
LIMOGES BENEDICTINS,CAHORS,29,0.4208609271523179
LIMOGES BENEDICTINS,CAHORS,30,0.04666666666666667
LIMOGES BENEDICTINS,CAUSSADE(TARN ET GARONNE),0,0.8668478260869565
LIMOGES BENEDICTINS,CAUSSADE(TARN ET GARONNE),1,0.8378623188405797
LIMOGES BENEDICTINS,CAUSSADE(TARN ET GARONNE),2,0.7833333333333333
LIMOGES BENEDICTINS,CAUSSADE(TARN ET GARONNE),3,0.7739130434782608
LIMOGES BENEDICTINS,CAUSSADE(TARN ET GARONNE),4,0.5418181818181819
LIMOGES BENEDICTINS,CAUSSADE(TARN ET GARONNE),5,0.5425454545454546
LIMOGES BENEDICTINS,CAUSSADE(TARN ET GARONNE),6,0.5197080291970804
LIMOGES BENEDICTINS,CAUSSADE(TARN ET GARONNE),7,0.48248175182481745
LIMOGES BENEDICTINS,CAUSSADE(TARN ET GARONNE),8,0.4682481751824818
LIMOGES BENEDICTINS,CAUSSADE(TARN ET GARONNE),9,0.4698905109489051
LIMOGES BENEDICTINS,CAUSSADE(TARN ET GARONNE),10,0.47645985401459856
LIMOGES BENEDICTINS,CAUSSADE(TARN ET GARONNE),11,0.47967032967032963
LIMOGES BENEDICTINS,CAUSSADE(TARN ET GARONNE),12,0.36666666666666664
LIMOGES BENEDICTINS,CAUSSADE(TARN ET GARONNE),13,0.359375
LIMOGES BENEDICTINS,CAUSSADE(TARN ET GARONNE),14,0.346875
LIMOGES BENEDICTINS,CAUSSADE(TARN ET GARONNE),15,0.3178308823529412
LIMOGES BENEDICTINS,CAUSSADE(TARN ET GARONNE),16,0.32297794117647055
LIMOGES BENEDICTINS,CAUSSADE(TARN ET GARONNE),17,0.3316176470588235
LIMOGES BENEDICTINS,CAUSSADE(TARN ET GARONNE),18,0.3376383763837638
LIMOGES BENEDICTINS,CAUSSADE(TARN ET GARONNE),19,0.3357407407407408
LIMOGES BENEDICTINS,CAUSSADE(TARN ET GARONNE),20,0.34237918215613383
LIMOGES BENEDICTINS,CAUSSADE(TARN ET GARONNE),21,0.34458955223880594
LIMOGES BENEDICTINS,CAUSSADE(TARN ET GARONNE),22,0.34275092936802976
LIMOGES BENEDICTINS,CAUSSADE(TARN ET GARONNE),23,0.33857677902621724
LIMOGES BENEDICTINS,CAUSSADE(TARN ET GARONNE),24,0.3366541353383459
LIMOGES BENEDICTINS,CAUSSADE(TARN ET GARONNE),25,0.3443396226415094
LIMOGES BENEDICTINS,CAUSSADE(TARN ET GARONNE),26,0.34810606060606064
LIMOGES BENEDICTINS,CAUSSADE(TARN ET GARONNE),27,0.3730038022813688
LIMOGES BENEDICTINS,CAUSSADE(TARN ET GARONNE),28,0.37595419847328243
LIMOGES BENEDICTINS,CAUSSADE(TARN ET GARONNE),29,0.3758620689655172
LIMOGES BENEDICTINS,CAUSSADE(TARN ET GARONNE),30,0.041505791505791506
LIMOGES BENEDICTINS,CHATEAUROUX,0,1.0
LIMOGES BENEDICTINS,CHATEAUROUX,1,1.0
LIMOGES BENEDICTINS,CHATEAUROUX,2,1.0
LIMOGES BENEDICTINS,CHATEAUROUX,3,1.0
LIMOGES BENEDICTINS,CHATEAUROUX,4,0.95
LIMOGES BENEDICTINS,CHATEAUROUX,5,1.0
LIMOGES BENEDICTINS,CHATEAUROUX,6,1.0
LIMOGES BENEDICTINS,CHATEAUROUX,7,1.0
LIMOGES BENEDICTINS,CHATEAUROUX,8,1.0
LIMOGES BENEDICTINS,GOURDON,0,0.9373417721518987
LIMOGES BENEDICTINS,GOURDON,1,0.9094936708860759
LIMOGES BENEDICTINS,GOURDON,2,0.884493670886076
LIMOGES BENEDICTINS,GOURDON,3,0.8473015873015872
LIMOGES BENEDICTINS,GOURDON,4,0.6138095238095238
LIMOGES BENEDICTINS,GOURDON,5,0.6088888888888889
LIMOGES BENEDICTINS,GOURDON,6,0.5584126984126985
LIMOGES BENEDICTINS,GOURDON,7,0.5166666666666667
LIMOGES BENEDICTINS,GOURDON,8,0.4866666666666667
LIMOGES BENEDICTINS,GOURDON,9,0.48539682539682544
LIMOGES BENEDICTINS,GOURDON,10,0.5033333333333334
LIMOGES BENEDICTINS,GOURDON,11,0.5027070063694268
LIMOGES BENEDICTINS,GOURDON,12,0.3796178343949045
LIMOGES BENEDICTINS,GOURDON,13,0.36948881789137383
LIMOGES BENEDICTINS,GOURDON,14,0.3531948881789137
LIMOGES BENEDICTINS,GOURDON,15,0.3429712460063898
LIMOGES BENEDICTINS,GOURDON,16,0.34968051118210863
LIMOGES BENEDICTINS,GOURDON,17,0.3559105431309904
LIMOGES BENEDICTINS,GOURDON,18,0.3655448717948718
LIMOGES BENEDICTINS,GOURDON,19,0.36736334405144694
LIMOGES BENEDICTINS,GOURDON,20,0.3738709677419355
LIMOGES BENEDICTINS,GOURDON,21,0.3779935275080906
LIMOGES BENEDICTINS,GOURDON,22,0.39158576051779936
LIMOGES BENEDICTINS,GOURDON,23,0.39172077922077925
LIMOGES BENEDICTINS,GOURDON,24,0.39071661237785016
LIMOGES BENEDICTINS,GOURDON,25,0.3972222222222222
LIMOGES BENEDICTINS,GOURDON,26,0.39901639344262296
LIMOGES BENEDICTINS,GOURDON,27,0.42154605263157896
LIMOGES BENEDICTINS,GOURDON,28,0.42689768976897685
LIMOGES BENEDICTINS,GOURDON,29,0.42218543046357615
LIMOGES BENEDICTINS,GOURDON,30,0.0415
LIMOGES BENEDICTINS,LA SOUTERRAINE,0,1.0
LIMOGES BENEDICTINS,LA SOUTERRAINE,1,1.0
LIMOGES BENEDICTINS,LA SOUTERRAINE,2,1.0
LIMOGES BENEDICTINS,LA SOUTERRAINE,3,1.0
LIMOGES BENEDICTINS,LA SOUTERRAINE,4,1.0
LIMOGES BENEDICTINS,LA SOUTERRAINE,5,1.0
LIMOGES BENEDICTINS,LA SOUTERRAINE,6,1.0
LIMOGES BENEDICTINS,LA SOUTERRAINE,7,1.0
LIMOGES BENEDICTINS,LA SOUTERRAINE,8,1.0
LIMOGES BENEDICTINS,MONTAUBAN VILLE BOURBON,0,0.8661231884057972
LIMOGES BENEDICTINS,MONTAUBAN VILLE BOURBON,1,0.8387681159420289
LIMOGES BENEDICTINS,MONTAUBAN VILLE BOURBON,2,0.7786231884057971
LIMOGES BENEDICTINS,MONTAUBAN VILLE BOURBON,3,0.7719202898550726
LIMOGES BENEDICTINS,MONTAUBAN VILLE BOURBON,4,0.5398181818181818
LIMOGES BENEDICTINS,MONTAUBAN VILLE BOURBON,5,0.5410909090909092
LIMOGES BENEDICTINS,MONTAUBAN VILLE BOURBON,6,0.5222627737226277
LIMOGES BENEDICTINS,MONTAUBAN VILLE BOURBON,7,0.48412408759124087
LIMOGES BENEDICTINS,MONTAUBAN VILLE BOURBON,8,0.46441605839416056
LIMOGES BENEDICTINS,MONTAUBAN VILLE BOURBON,9,0.46916058394160587
LIMOGES BENEDICTINS,MONTAUBAN VILLE BOURBON,10,0.4821167883211679
LIMOGES BENEDICTINS,MONTAUBAN VILLE BOURBON,11,0.4816849816849817
LIMOGES BENEDICTINS,MONTAUBAN VILLE BOURBON,12,0.3716117216117216
LIMOGES BENEDICTINS,MONTAUBAN VILLE BOURBON,13,0.3630514705882353
LIMOGES BENEDICTINS,MONTAUBAN VILLE BOURBON,14,0.34595588235294117
LIMOGES BENEDICTINS,MONTAUBAN VILLE BOURBON,15,0.3158088235294118
LIMOGES BENEDICTINS,MONTAUBAN VILLE BOURBON,16,0.32205882352941173
LIMOGES BENEDICTINS,MONTAUBAN VILLE BOURBON,17,0.3314338235294118
LIMOGES BENEDICTINS,MONTAUBAN VILLE BOURBON,18,0.3387453874538745
LIMOGES BENEDICTINS,MONTAUBAN VILLE BOURBON,19,0.3372222222222222
LIMOGES BENEDICTINS,MONTAUBAN VILLE BOURBON,20,0.34163568773234204
LIMOGES BENEDICTINS,MONTAUBAN VILLE BOURBON,21,0.3436567164179104
LIMOGES BENEDICTINS,MONTAUBAN VILLE BOURBON,22,0.3420074349442379
LIMOGES BENEDICTINS,MONTAUBAN VILLE BOURBON,23,0.3389513108614232
LIMOGES BENEDICTINS,MONTAUBAN VILLE BOURBON,24,0.3360902255639098
LIMOGES BENEDICTINS,MONTAUBAN VILLE BOURBON,25,0.3467924528301887
LIMOGES BENEDICTINS,MONTAUBAN VILLE BOURBON,26,0.3477272727272727
LIMOGES BENEDICTINS,MONTAUBAN VILLE BOURBON,27,0.37034220532319395
LIMOGES BENEDICTINS,MONTAUBAN VILLE BOURBON,28,0.3738549618320611
LIMOGES BENEDICTINS,MONTAUBAN VILLE BOURBON,29,0.37298850574712644
LIMOGES BENEDICTINS,MONTAUBAN VILLE BOURBON,30,0.04382239382239382
LIMOGES BENEDICTINS,PARIS (intramuros),0,1.0
LIMOGES BENEDICTINS,PARIS (intramuros),1,1.0
LIMOGES BENEDICTINS,PARIS (intramuros),2,1.0
LIMOGES BENEDICTINS,PARIS (intramuros),3,1.0
LIMOGES BENEDICTINS,PARIS (intramuros),4,1.0
LIMOGES BENEDICTINS,PARIS (intramuros),5,1.0
LIMOGES BENEDICTINS,PARIS (intramuros),6,1.0
LIMOGES BENEDICTINS,PARIS (intramuros),7,1.0
LIMOGES BENEDICTINS,PARIS (intramuros),8,1.0
LIMOGES BENEDICTINS,SOUILLAC,0,0.9370253164556963
LIMOGES BENEDICTINS,SOUILLAC,1,0.9091772151898735
LIMOGES BENEDICTINS,SOUILLAC,2,0.8865506329113924
LIMOGES BENEDICTINS,SOUILLAC,3,0.8414285714285714
LIMOGES BENEDICTINS,SOUILLAC,4,0.6173015873015872
LIMOGES BENEDICTINS,SOUILLAC,5,0.6076190476190476
LIMOGES BENEDICTINS,SOUILLAC,6,0.5580952380952381
LIMOGES BENEDICTINS,SOUILLAC,7,0.5219047619047619
LIMOGES BENEDICTINS,SOUILLAC,8,0.49174603174603176
LIMOGES BENEDICTINS,SOUILLAC,9,0.4876190476190476
LIMOGES BENEDICTINS,SOUILLAC,10,0.5022222222222222
LIMOGES BENEDICTINS,SOUILLAC,11,0.5042993630573248
LIMOGES BENEDICTINS,SOUILLAC,12,0.38598726114649684
LIMOGES BENEDICTINS,SOUILLAC,13,0.3722044728434505
LIMOGES BENEDICTINS,SOUILLAC,14,0.35527156549520766
LIMOGES BENEDICTINS,SOUILLAC,15,0.34361022364217253
LIMOGES BENEDICTINS,SOUILLAC,16,0.34968051118210863
LIMOGES BENEDICTINS,SOUILLAC,17,0.3563897763578275
LIMOGES BENEDICTINS,SOUILLAC,18,0.36714743589743587
LIMOGES BENEDICTINS,SOUILLAC,19,0.3660771704180064
LIMOGES BENEDICTINS,SOUILLAC,20,0.3732258064516129
LIMOGES BENEDICTINS,SOUILLAC,21,0.3797734627831715
LIMOGES BENEDICTINS,SOUILLAC,22,0.39158576051779936
LIMOGES BENEDICTINS,SOUILLAC,23,0.39155844155844155
LIMOGES BENEDICTINS,SOUILLAC,24,0.391042345276873
LIMOGES BENEDICTINS,SOUILLAC,25,0.39656862745098037
LIMOGES BENEDICTINS,SOUILLAC,26,0.39885245901639343
LIMOGES BENEDICTINS,SOUILLAC,27,0.42039473684210527
LIMOGES BENEDICTINS,SOUILLAC,28,0.4239273927392739
LIMOGES BENEDICTINS,SOUILLAC,29,0.4195364238410596
LIMOGES BENEDICTINS,SOUILLAC,30,0.043333333333333335
LIMOGES BENEDICTINS,TOULOUSE MATABIAU,0,0.8693840579710145
LIMOGES BENEDICTINS,TOULOUSE MATABIAU,1,0.8414855072463768
LIMOGES BENEDICTINS,TOULOUSE MATABIAU,2,0.7867753623188406
LIMOGES BENEDICTINS,TOULOUSE MATABIAU,3,0.7757246376811594
LIMOGES BENEDICTINS,TOULOUSE MATABIAU,4,0.5385454545454545
LIMOGES BENEDICTINS,TOULOUSE MATABIAU,5,0.54
LIMOGES BENEDICTINS,TOULOUSE MATABIAU,6,0.5248175182481752
LIMOGES BENEDICTINS,TOULOUSE MATABIAU,7,0.485036496350365
LIMOGES BENEDICTINS,TOULOUSE MATABIAU,8,0.4682481751824818
LIMOGES BENEDICTINS,TOULOUSE MATABIAU,9,0.47098540145985407
LIMOGES BENEDICTINS,TOULOUSE MATABIAU,10,0.48175182481751827
LIMOGES BENEDICTINS,TOULOUSE MATABIAU,11,0.48223443223443224
LIMOGES BENEDICTINS,TOULOUSE MATABIAU,12,0.3668498168498169
LIMOGES BENEDICTINS,TOULOUSE MATABIAU,13,0.3623161764705882
LIMOGES BENEDICTINS,TOULOUSE MATABIAU,14,0.3490808823529412
LIMOGES BENEDICTINS,TOULOUSE MATABIAU,15,0.31764705882352945
LIMOGES BENEDICTINS,TOULOUSE MATABIAU,16,0.32224264705882355
LIMOGES BENEDICTINS,TOULOUSE MATABIAU,17,0.330514705882353
LIMOGES BENEDICTINS,TOULOUSE MATABIAU,18,0.33837638376383766
LIMOGES BENEDICTINS,TOULOUSE MATABIAU,19,0.33666666666666667
LIMOGES BENEDICTINS,TOULOUSE MATABIAU,20,0.34423791821561334
LIMOGES BENEDICTINS,TOULOUSE MATABIAU,21,0.34458955223880594
LIMOGES BENEDICTINS,TOULOUSE MATABIAU,22,0.3403345724907063
LIMOGES BENEDICTINS,TOULOUSE MATABIAU,23,0.33707865168539325
LIMOGES BENEDICTINS,TOULOUSE MATABIAU,24,0.33458646616541354
LIMOGES BENEDICTINS,TOULOUSE MATABIAU,25,0.34566037735849053
LIMOGES BENEDICTINS,TOULOUSE MATABIAU,26,0.3482954545454546
LIMOGES BENEDICTINS,TOULOUSE MATABIAU,27,0.37205323193916345
LIMOGES BENEDICTINS,TOULOUSE MATABIAU,28,0.375
LIMOGES BENEDICTINS,TOULOUSE MATABIAU,29,0.3741379310344828
LIMOGES BENEDICTINS,TOULOUSE MATABIAU,30,0.03803088803088803
LIMOGES BENEDICTINS,UZERCHE,0,0.9400990099009902
LIMOGES BENEDICTINS,UZERCHE,1,0.9115511551155115
LIMOGES BENEDICTINS,UZERCHE,2,0.8958745874587458
LIMOGES BENEDICTINS,UZERCHE,3,0.8759075907590759
LIMOGES BENEDICTINS,UZERCHE,4,0.7419141914191419
LIMOGES BENEDICTINS,UZERCHE,5,0.7168316831683168
LIMOGES BENEDICTINS,UZERCHE,6,0.7031353135313532
LIMOGES BENEDICTINS,UZERCHE,7,0.7074257425742574
LIMOGES BENEDICTINS,UZERCHE,8,0.6945544554455445
LIMOGES BENEDICTINS,UZERCHE,9,0.6910891089108911
LIMOGES BENEDICTINS,UZERCHE,10,0.6892739273927393
LIMOGES BENEDICTINS,UZERCHE,11,0.7018151815181518
LIMOGES BENEDICTINS,UZERCHE,12,0.6242574257425743
LIMOGES BENEDICTINS,UZERCHE,13,0.6245874587458746
LIMOGES BENEDICTINS,UZERCHE,14,0.6141914191419142
LIMOGES BENEDICTINS,UZERCHE,15,0.6042763157894736
LIMOGES BENEDICTINS,UZERCHE,16,0.6113486842105263
LIMOGES BENEDICTINS,UZERCHE,17,0.6226973684210527
LIMOGES BENEDICTINS,UZERCHE,18,0.6264026402640265
LIMOGES BENEDICTINS,UZERCHE,19,0.6187086092715232
LIMOGES BENEDICTINS,UZERCHE,20,0.6174418604651163
LIMOGES BENEDICTINS,UZERCHE,21,0.6119601328903654
LIMOGES BENEDICTINS,UZERCHE,22,0.6137873754152824
LIMOGES BENEDICTINS,UZERCHE,23,0.6129139072847682
LIMOGES BENEDICTINS,UZERCHE,24,0.6162790697674418
LIMOGES BENEDICTINS,UZERCHE,25,0.6183333333333333
LIMOGES BENEDICTINS,UZERCHE,26,0.6336120401337793
LIMOGES BENEDICTINS,UZERCHE,27,0.6338926174496644
LIMOGES BENEDICTINS,UZERCHE,28,0.6313758389261745
LIMOGES BENEDICTINS,UZERCHE,29,0.6206375838926174
LIMOGES BENEDICTINS,UZERCHE,30,0.055405405405405415
LIMOGES BENEDICTINS,VIERZON,0,1.0
LIMOGES BENEDICTINS,VIERZON,1,1.0
LIMOGES BENEDICTINS,VIERZON,2,1.0
LIMOGES BENEDICTINS,VIERZON,3,1.0
LIMOGES BENEDICTINS,VIERZON,4,1.0
LIMOGES BENEDICTINS,VIERZON,5,1.0
LIMOGES BENEDICTINS,VIERZON,6,1.0
LIMOGES BENEDICTINS,VIERZON,7,1.0
LIMOGES BENEDICTINS,VIERZON,8,1.0
MONTAUBAN VILLE BOURBON,TOULOUSE MATABIAU,0,0.8373188405797102
MONTAUBAN VILLE BOURBON,TOULOUSE MATABIAU,1,0.8094202898550725
MONTAUBAN VILLE BOURBON,TOULOUSE MATABIAU,2,0.7456521739130435
MONTAUBAN VILLE BOURBON,TOULOUSE MATABIAU,3,0.7306159420289855
MONTAUBAN VILLE BOURBON,TOULOUSE MATABIAU,4,0.49563636363636365
MONTAUBAN VILLE BOURBON,TOULOUSE MATABIAU,5,0.4974545454545455
MONTAUBAN VILLE BOURBON,TOULOUSE MATABIAU,6,0.47317518248175183
MONTAUBAN VILLE BOURBON,TOULOUSE MATABIAU,7,0.4299270072992701
MONTAUBAN VILLE BOURBON,TOULOUSE MATABIAU,8,0.4104014598540146
MONTAUBAN VILLE BOURBON,TOULOUSE MATABIAU,9,0.41295620437956204
MONTAUBAN VILLE BOURBON,TOULOUSE MATABIAU,10,0.4200729927007299
MONTAUBAN VILLE BOURBON,TOULOUSE MATABIAU,11,0.42326007326007326
MONTAUBAN VILLE BOURBON,TOULOUSE MATABIAU,12,0.35604395604395606
MONTAUBAN VILLE BOURBON,TOULOUSE MATABIAU,13,0.3556985294117647
MONTAUBAN VILLE BOURBON,TOULOUSE MATABIAU,14,0.34338235294117647
MONTAUBAN VILLE BOURBON,TOULOUSE MATABIAU,15,0.3115808823529412
MONTAUBAN VILLE BOURBON,TOULOUSE MATABIAU,16,0.315625
MONTAUBAN VILLE BOURBON,TOULOUSE MATABIAU,17,0.32536764705882354
MONTAUBAN VILLE BOURBON,TOULOUSE MATABIAU,18,0.32915129151291517
MONTAUBAN VILLE BOURBON,TOULOUSE MATABIAU,19,0.3288888888888889
MONTAUBAN VILLE BOURBON,TOULOUSE MATABIAU,20,0.3349442379182156
MONTAUBAN VILLE BOURBON,TOULOUSE MATABIAU,21,0.33992537313432836
MONTAUBAN VILLE BOURBON,TOULOUSE MATABIAU,22,0.33847583643122675
MONTAUBAN VILLE BOURBON,TOULOUSE MATABIAU,23,0.33707865168539325
MONTAUBAN VILLE BOURBON,TOULOUSE MATABIAU,24,0.3357142857142857
MONTAUBAN VILLE BOURBON,TOULOUSE MATABIAU,25,0.3462264150943396
MONTAUBAN VILLE BOURBON,TOULOUSE MATABIAU,26,0.34696969696969693
MONTAUBAN VILLE BOURBON,TOULOUSE MATABIAU,27,0.36958174904942964
MONTAUBAN VILLE BOURBON,TOULOUSE MATABIAU,28,0.36755725190839694
MONTAUBAN VILLE BOURBON,TOULOUSE MATABIAU,29,0.36992337164750955
MONTAUBAN VILLE BOURBON,TOULOUSE MATABIAU,30,0.03822393822393823
PARIS (intramuros),ARGENTON SUR CREUSE,0,0.78671875
PARIS (intramuros),ARGENTON SUR CREUSE,1,0.76890625
PARIS (intramuros),ARGENTON SUR CREUSE,2,0.7471875
PARIS (intramuros),ARGENTON SUR CREUSE,3,0.734012539184953
PARIS (intramuros),ARGENTON SUR CREUSE,4,0.5973354231974922
PARIS (intramuros),ARGENTON SUR CREUSE,5,0.6047021943573668
PARIS (intramuros),ARGENTON SUR CREUSE,6,0.5949843260188088
PARIS (intramuros),ARGENTON SUR CREUSE,7,0.5778996865203762
PARIS (intramuros),ARGENTON SUR CREUSE,8,0.5424764890282132
PARIS (intramuros),ARGENTON SUR CREUSE,9,0.5424764890282132
PARIS (intramuros),ARGENTON SUR CREUSE,10,0.5587774294670846
PARIS (intramuros),ARGENTON SUR CREUSE,11,0.5770440251572327
PARIS (intramuros),ARGENTON SUR CREUSE,12,0.4539308176100629
PARIS (intramuros),ARGENTON SUR CREUSE,13,0.4331761006289308
PARIS (intramuros),ARGENTON SUR CREUSE,14,0.4339622641509434
PARIS (intramuros),ARGENTON SUR CREUSE,15,0.43128930817610067
PARIS (intramuros),ARGENTON SUR CREUSE,16,0.4438679245283019
PARIS (intramuros),ARGENTON SUR CREUSE,17,0.44827044025157237
PARIS (intramuros),ARGENTON SUR CREUSE,18,0.4547318611987382
PARIS (intramuros),ARGENTON SUR CREUSE,19,0.45870253164556957
PARIS (intramuros),ARGENTON SUR CREUSE,20,0.4660317460317461
PARIS (intramuros),ARGENTON SUR CREUSE,21,0.47675159235668785
PARIS (intramuros),ARGENTON SUR CREUSE,22,0.4821656050955414
PARIS (intramuros),ARGENTON SUR CREUSE,23,0.4781150159744409
PARIS (intramuros),ARGENTON SUR CREUSE,24,0.4796474358974359
PARIS (intramuros),ARGENTON SUR CREUSE,25,0.48424437299035367
PARIS (intramuros),ARGENTON SUR CREUSE,26,0.4869354838709677
PARIS (intramuros),ARGENTON SUR CREUSE,27,0.496116504854369
PARIS (intramuros),ARGENTON SUR CREUSE,28,0.5027597402597402
PARIS (intramuros),ARGENTON SUR CREUSE,29,0.4926948051948052
PARIS (intramuros),ARGENTON SUR CREUSE,30,0.05702614379084967
PARIS (intramuros),BRIVE LA GAILLARDE,0,0.8710769230769232
PARIS (intramuros),BRIVE LA GAILLARDE,1,0.8515384615384616
PARIS (intramuros),BRIVE LA GAILLARDE,2,0.8301538461538462
PARIS (intramuros),BRIVE LA GAILLARDE,3,0.8270061728395062
PARIS (intramuros),BRIVE LA GAILLARDE,4,0.7101538461538461
PARIS (intramuros),BRIVE LA GAILLARDE,5,0.7063076923076923
PARIS (intramuros),BRIVE LA GAILLARDE,6,0.6987692307692307
PARIS (intramuros),BRIVE LA GAILLARDE,7,0.6956923076923077
PARIS (intramuros),BRIVE LA GAILLARDE,8,0.6781538461538462
PARIS (intramuros),BRIVE LA GAILLARDE,9,0.6736923076923077
PARIS (intramuros),BRIVE LA GAILLARDE,10,0.68
PARIS (intramuros),BRIVE LA GAILLARDE,11,0.6924615384615385
PARIS (intramuros),BRIVE LA GAILLARDE,12,0.5846153846153846
PARIS (intramuros),BRIVE LA GAILLARDE,13,0.5824615384615385
PARIS (intramuros),BRIVE LA GAILLARDE,14,0.5713846153846154
PARIS (intramuros),BRIVE LA GAILLARDE,15,0.5663076923076923
PARIS (intramuros),BRIVE LA GAILLARDE,16,0.5815384615384616
PARIS (intramuros),BRIVE LA GAILLARDE,17,0.5956923076923076
PARIS (intramuros),BRIVE LA GAILLARDE,18,0.6015384615384616
PARIS (intramuros),BRIVE LA GAILLARDE,19,0.5930769230769231
PARIS (intramuros),BRIVE LA GAILLARDE,20,0.5907407407407408
PARIS (intramuros),BRIVE LA GAILLARDE,21,0.5871913580246914
PARIS (intramuros),BRIVE LA GAILLARDE,22,0.592283950617284
PARIS (intramuros),BRIVE LA GAILLARDE,23,0.5905864197530865
PARIS (intramuros),BRIVE LA GAILLARDE,24,0.5996904024767802
PARIS (intramuros),BRIVE LA GAILLARDE,25,0.604968944099379
PARIS (intramuros),BRIVE LA GAILLARDE,26,0.6172360248447205
PARIS (intramuros),BRIVE LA GAILLARDE,27,0.6152647975077882
PARIS (intramuros),BRIVE LA GAILLARDE,28,0.6219626168224299
PARIS (intramuros),BRIVE LA GAILLARDE,29,0.616822429906542
PARIS (intramuros),BRIVE LA GAILLARDE,30,0.04498432601880878
PARIS (intramuros),CAHORS,0,0.7661392405063291
PARIS (intramuros),CAHORS,1,0.7455696202531645
PARIS (intramuros),CAHORS,2,0.7237341772151898
PARIS (intramuros),CAHORS,3,0.7026984126984127
PARIS (intramuros),CAHORS,4,0.5055555555555555
PARIS (intramuros),CAHORS,5,0.5090476190476191
PARIS (intramuros),CAHORS,6,0.4738095238095238
PARIS (intramuros),CAHORS,7,0.43349206349206354
PARIS (intramuros),CAHORS,8,0.4
PARIS (intramuros),CAHORS,9,0.4053968253968254
PARIS (intramuros),CAHORS,10,0.41619047619047617
PARIS (intramuros),CAHORS,11,0.43009554140127393
PARIS (intramuros),CAHORS,12,0.31528662420382164
PARIS (intramuros),CAHORS,13,0.29680511182108626
PARIS (intramuros),CAHORS,14,0.2838658146964856
PARIS (intramuros),CAHORS,15,0.27092651757188496
PARIS (intramuros),CAHORS,16,0.2755591054313099
PARIS (intramuros),CAHORS,17,0.2805111821086262
PARIS (intramuros),CAHORS,18,0.2862179487179487
PARIS (intramuros),CAHORS,19,0.2909967845659164
PARIS (intramuros),CAHORS,20,0.29580645161290325
PARIS (intramuros),CAHORS,21,0.30048543689320384
PARIS (intramuros),CAHORS,22,0.31407766990291264
PARIS (intramuros),CAHORS,23,0.3125
PARIS (intramuros),CAHORS,24,0.31840390879478825
PARIS (intramuros),CAHORS,25,0.3254901960784313
PARIS (intramuros),CAHORS,26,0.3265573770491803
PARIS (intramuros),CAHORS,27,0.3432565789473684
PARIS (intramuros),CAHORS,28,0.35016501650165016
PARIS (intramuros),CAHORS,29,0.3491721854304636
PARIS (intramuros),CAHORS,30,0.031166666666666665
PARIS (intramuros),CAUSSADE(TARN ET GARONNE),0,0.7001811594202898
PARIS (intramuros),CAUSSADE(TARN ET GARONNE),1,0.6800724637681159
PARIS (intramuros),CAUSSADE(TARN ET GARONNE),2,0.6471014492753623
PARIS (intramuros),CAUSSADE(TARN ET GARONNE),3,0.6297101449275363
PARIS (intramuros),CAUSSADE(TARN ET GARONNE),4,0.45981818181818185
PARIS (intramuros),CAUSSADE(TARN ET GARONNE),5,0.4521818181818182
PARIS (intramuros),CAUSSADE(TARN ET GARONNE),6,0.42390510948905114
PARIS (intramuros),CAUSSADE(TARN ET GARONNE),7,0.3848540145985402
PARIS (intramuros),CAUSSADE(TARN ET GARONNE),8,0.3638686131386861
PARIS (intramuros),CAUSSADE(TARN ET GARONNE),9,0.37244525547445256
PARIS (intramuros),CAUSSADE(TARN ET GARONNE),10,0.3760948905109489
PARIS (intramuros),CAUSSADE(TARN ET GARONNE),11,0.38534798534798537
PARIS (intramuros),CAUSSADE(TARN ET GARONNE),12,0.29725274725274725
PARIS (intramuros),CAUSSADE(TARN ET GARONNE),13,0.2935661764705882
PARIS (intramuros),CAUSSADE(TARN ET GARONNE),14,0.2823529411764706
PARIS (intramuros),CAUSSADE(TARN ET GARONNE),15,0.2479779411764706
PARIS (intramuros),CAUSSADE(TARN ET GARONNE),16,0.24889705882352942
PARIS (intramuros),CAUSSADE(TARN ET GARONNE),17,0.25643382352941174
PARIS (intramuros),CAUSSADE(TARN ET GARONNE),18,0.2592250922509225
PARIS (intramuros),CAUSSADE(TARN ET GARONNE),19,0.26092592592592595
PARIS (intramuros),CAUSSADE(TARN ET GARONNE),20,0.26561338289962827
PARIS (intramuros),CAUSSADE(TARN ET GARONNE),21,0.2669776119402985
PARIS (intramuros),CAUSSADE(TARN ET GARONNE),22,0.27806691449814125
PARIS (intramuros),CAUSSADE(TARN ET GARONNE),23,0.27734082397003745
PARIS (intramuros),CAUSSADE(TARN ET GARONNE),24,0.28383458646616544
PARIS (intramuros),CAUSSADE(TARN ET GARONNE),25,0.29056603773584905
PARIS (intramuros),CAUSSADE(TARN ET GARONNE),26,0.29375
PARIS (intramuros),CAUSSADE(TARN ET GARONNE),27,0.31368821292775667
PARIS (intramuros),CAUSSADE(TARN ET GARONNE),28,0.31603053435114503
PARIS (intramuros),CAUSSADE(TARN ET GARONNE),29,0.3212643678160919
PARIS (intramuros),CAUSSADE(TARN ET GARONNE),30,0.02722007722007722
PARIS (intramuros),CHATEAUROUX,0,0.8687692307692308
PARIS (intramuros),CHATEAUROUX,1,0.8473846153846153
PARIS (intramuros),CHATEAUROUX,2,0.8281538461538461
PARIS (intramuros),CHATEAUROUX,3,0.8229938271604937
PARIS (intramuros),CHATEAUROUX,4,0.7172307692307692
PARIS (intramuros),CHATEAUROUX,5,0.7052307692307692
PARIS (intramuros),CHATEAUROUX,6,0.6964615384615385
PARIS (intramuros),CHATEAUROUX,7,0.69
PARIS (intramuros),CHATEAUROUX,8,0.672
PARIS (intramuros),CHATEAUROUX,9,0.6644615384615384
PARIS (intramuros),CHATEAUROUX,10,0.6767692307692308
PARIS (intramuros),CHATEAUROUX,11,0.6952307692307692
PARIS (intramuros),CHATEAUROUX,12,0.579076923076923
PARIS (intramuros),CHATEAUROUX,13,0.58
PARIS (intramuros),CHATEAUROUX,14,0.5744615384615385
PARIS (intramuros),CHATEAUROUX,15,0.5664615384615385
PARIS (intramuros),CHATEAUROUX,16,0.5786153846153846
PARIS (intramuros),CHATEAUROUX,17,0.5944615384615384
PARIS (intramuros),CHATEAUROUX,18,0.5990769230769231
PARIS (intramuros),CHATEAUROUX,19,0.5926153846153845
PARIS (intramuros),CHATEAUROUX,20,0.591820987654321
PARIS (intramuros),CHATEAUROUX,21,0.5850308641975309
PARIS (intramuros),CHATEAUROUX,22,0.5899691358024691
PARIS (intramuros),CHATEAUROUX,23,0.5921296296296296
PARIS (intramuros),CHATEAUROUX,24,0.5989164086687306
PARIS (intramuros),CHATEAUROUX,25,0.604968944099379
PARIS (intramuros),CHATEAUROUX,26,0.6180124223602484
PARIS (intramuros),CHATEAUROUX,27,0.6140186915887851
PARIS (intramuros),CHATEAUROUX,28,0.6186915887850467
PARIS (intramuros),CHATEAUROUX,29,0.6035825545171339
PARIS (intramuros),CHATEAUROUX,30,0.06630094043887148
PARIS (intramuros),GOURDON,0,0.7604430379746836
PARIS (intramuros),GOURDON,1,0.7424050632911392
PARIS (intramuros),GOURDON,2,0.7223101265822784
PARIS (intramuros),GOURDON,3,0.7014285714285714
PARIS (intramuros),GOURDON,4,0.5092063492063492
PARIS (intramuros),GOURDON,5,0.5065079365079366
PARIS (intramuros),GOURDON,6,0.4722222222222222
PARIS (intramuros),GOURDON,7,0.42936507936507934
PARIS (intramuros),GOURDON,8,0.4007936507936508
PARIS (intramuros),GOURDON,9,0.40460317460317463
PARIS (intramuros),GOURDON,10,0.4119047619047619
PARIS (intramuros),GOURDON,11,0.42754777070063693
PARIS (intramuros),GOURDON,12,0.30939490445859874
PARIS (intramuros),GOURDON,13,0.29760383386581474
PARIS (intramuros),GOURDON,14,0.2824281150159745
PARIS (intramuros),GOURDON,15,0.27204472843450483
PARIS (intramuros),GOURDON,16,0.27763578274760387
PARIS (intramuros),GOURDON,17,0.28115015974440893
PARIS (intramuros),GOURDON,18,0.28846153846153844
PARIS (intramuros),GOURDON,19,0.29212218649517685
PARIS (intramuros),GOURDON,20,0.29532258064516126
PARIS (intramuros),GOURDON,21,0.30097087378640774
PARIS (intramuros),GOURDON,22,0.313915857605178
PARIS (intramuros),GOURDON,23,0.31266233766233764
PARIS (intramuros),GOURDON,24,0.3188925081433225
PARIS (intramuros),GOURDON,25,0.32630718954248367
PARIS (intramuros),GOURDON,26,0.3247540983606557
PARIS (intramuros),GOURDON,27,0.3412828947368421
PARIS (intramuros),GOURDON,28,0.34950495049504954
PARIS (intramuros),GOURDON,29,0.3490066225165563
PARIS (intramuros),GOURDON,30,0.03283333333333333
PARIS (intramuros),ISSOUDUN,0,0.8678082191780823
PARIS (intramuros),ISSOUDUN,1,0.8570205479452054
PARIS (intramuros),ISSOUDUN,2,0.8337328767123288
PARIS (intramuros),ISSOUDUN,3,0.8083904109589042
PARIS (intramuros),ISSOUDUN,4,0.6710616438356164
PARIS (intramuros),ISSOUDUN,5,0.6530821917808218
PARIS (intramuros),ISSOUDUN,6,0.6345890410958904
PARIS (intramuros),ISSOUDUN,7,0.6416095890410959
PARIS (intramuros),ISSOUDUN,8,0.6321917808219177
PARIS (intramuros),ISSOUDUN,9,0.6315068493150685
PARIS (intramuros),ISSOUDUN,10,0.634417808219178
PARIS (intramuros),ISSOUDUN,11,0.6426369863013699
PARIS (intramuros),ISSOUDUN,12,0.4674657534246575
PARIS (intramuros),ISSOUDUN,13,0.4594178082191781
PARIS (intramuros),ISSOUDUN,14,0.4421232876712329
PARIS (intramuros),ISSOUDUN,15,0.434641638225256
PARIS (intramuros),ISSOUDUN,16,0.44744027303754264
PARIS (intramuros),ISSOUDUN,17,0.4549319727891156
PARIS (intramuros),ISSOUDUN,18,0.45221088435374146
PARIS (intramuros),ISSOUDUN,19,0.4503424657534247
PARIS (intramuros),ISSOUDUN,20,0.4505154639175257
PARIS (intramuros),ISSOUDUN,21,0.45429553264604805
PARIS (intramuros),ISSOUDUN,22,0.4692439862542956
PARIS (intramuros),ISSOUDUN,23,0.4671232876712329
PARIS (intramuros),ISSOUDUN,24,0.4717465753424658
PARIS (intramuros),ISSOUDUN,25,0.4721649484536083
PARIS (intramuros),ISSOUDUN,26,0.476551724137931
PARIS (intramuros),ISSOUDUN,27,0.477681660899654
PARIS (intramuros),ISSOUDUN,28,0.48079584775086504
PARIS (intramuros),ISSOUDUN,29,0.464878892733564
PARIS (intramuros),ISSOUDUN,30,0.053832752613240414
PARIS (intramuros),LA SOUTERRAINE,0,0.8558461538461538
PARIS (intramuros),LA SOUTERRAINE,1,0.8393846153846154
PARIS (intramuros),LA SOUTERRAINE,2,0.8096923076923076
PARIS (intramuros),LA SOUTERRAINE,3,0.8072530864197531
PARIS (intramuros),LA SOUTERRAINE,4,0.698
PARIS (intramuros),LA SOUTERRAINE,5,0.6923076923076923
PARIS (intramuros),LA SOUTERRAINE,6,0.6716923076923077
PARIS (intramuros),LA SOUTERRAINE,7,0.654
PARIS (intramuros),LA SOUTERRAINE,8,0.644
PARIS (intramuros),LA SOUTERRAINE,9,0.6444615384615384
PARIS (intramuros),LA SOUTERRAINE,10,0.644
PARIS (intramuros),LA SOUTERRAINE,11,0.6656923076923077
PARIS (intramuros),LA SOUTERRAINE,12,0.5778461538461539
PARIS (intramuros),LA SOUTERRAINE,13,0.5692307692307692
PARIS (intramuros),LA SOUTERRAINE,14,0.5695384615384615
PARIS (intramuros),LA SOUTERRAINE,15,0.5656923076923077
PARIS (intramuros),LA SOUTERRAINE,16,0.5770769230769232
PARIS (intramuros),LA SOUTERRAINE,17,0.5898461538461538
PARIS (intramuros),LA SOUTERRAINE,18,0.5970769230769231
PARIS (intramuros),LA SOUTERRAINE,19,0.5886153846153847
PARIS (intramuros),LA SOUTERRAINE,20,0.5890432098765432
PARIS (intramuros),LA SOUTERRAINE,21,0.5834876543209877
PARIS (intramuros),LA SOUTERRAINE,22,0.5905864197530865
PARIS (intramuros),LA SOUTERRAINE,23,0.587037037037037
PARIS (intramuros),LA SOUTERRAINE,24,0.5938080495356037
PARIS (intramuros),LA SOUTERRAINE,25,0.6020186335403727
PARIS (intramuros),LA SOUTERRAINE,26,0.6167701863354037
PARIS (intramuros),LA SOUTERRAINE,27,0.6127725856697819
PARIS (intramuros),LA SOUTERRAINE,28,0.6185358255451714
PARIS (intramuros),LA SOUTERRAINE,29,0.6045171339563863
PARIS (intramuros),LA SOUTERRAINE,30,0.058150470219435736
PARIS (intramuros),LES AUBRAIS ORLEANS,0,0.681140350877193
PARIS (intramuros),LES AUBRAIS ORLEANS,1,0.6982532751091703
PARIS (intramuros),LES AUBRAIS ORLEANS,2,0.6718340611353711
PARIS (intramuros),LES AUBRAIS ORLEANS,3,0.6421397379912664
PARIS (intramuros),LES AUBRAIS ORLEANS,4,0.46907894736842104
PARIS (intramuros),LES AUBRAIS ORLEANS,5,0.4576754385964912
PARIS (intramuros),LES AUBRAIS ORLEANS,6,0.44361233480176215
PARIS (intramuros),LES AUBRAIS ORLEANS,7,0.4156387665198238
PARIS (intramuros),LES AUBRAIS ORLEANS,8,0.3896929824561403
PARIS (intramuros),LES AUBRAIS ORLEANS,9,0.3969298245614035
PARIS (intramuros),LES AUBRAIS ORLEANS,10,0.40770925110132156
PARIS (intramuros),LES AUBRAIS ORLEANS,11,0.4226872246696035
PARIS (intramuros),LES AUBRAIS ORLEANS,12,0.3252212389380531
PARIS (intramuros),LES AUBRAIS ORLEANS,13,0.3071111111111111
PARIS (intramuros),LES AUBRAIS ORLEANS,14,0.2866666666666667
PARIS (intramuros),LES AUBRAIS ORLEANS,15,0.2753333333333333
PARIS (intramuros),LES AUBRAIS ORLEANS,16,0.28561946902654867
PARIS (intramuros),LES AUBRAIS ORLEANS,17,0.2911504424778761
PARIS (intramuros),LES AUBRAIS ORLEANS,18,0.2861233480176212
PARIS (intramuros),LES AUBRAIS ORLEANS,19,0.29333333333333333
PARIS (intramuros),LES AUBRAIS ORLEANS,20,0.2915178571428571
PARIS (intramuros),LES AUBRAIS ORLEANS,21,0.289237668161435
PARIS (intramuros),LES AUBRAIS ORLEANS,22,0.30178571428571427
PARIS (intramuros),LES AUBRAIS ORLEANS,23,0.30491071428571426
PARIS (intramuros),LES AUBRAIS ORLEANS,24,0.31053811659192826
PARIS (intramuros),LES AUBRAIS ORLEANS,25,0.31554054054054054
PARIS (intramuros),LES AUBRAIS ORLEANS,26,0.3248868778280543
PARIS (intramuros),LES AUBRAIS ORLEANS,27,0.3343181818181818
PARIS (intramuros),LES AUBRAIS ORLEANS,28,0.33378995433789954
PARIS (intramuros),LES AUBRAIS ORLEANS,29,0.33630136986301373
PARIS (intramuros),LES AUBRAIS ORLEANS,30,0.03463302752293578
PARIS (intramuros),LIMOGES BENEDICTINS,0,0.8669230769230769
PARIS (intramuros),LIMOGES BENEDICTINS,1,0.8489230769230769
PARIS (intramuros),LIMOGES BENEDICTINS,2,0.824923076923077
PARIS (intramuros),LIMOGES BENEDICTINS,3,0.8217592592592593
PARIS (intramuros),LIMOGES BENEDICTINS,4,0.7147692307692308
PARIS (intramuros),LIMOGES BENEDICTINS,5,0.7067692307692307
PARIS (intramuros),LIMOGES BENEDICTINS,6,0.6923076923076923
PARIS (intramuros),LIMOGES BENEDICTINS,7,0.6767692307692308
PARIS (intramuros),LIMOGES BENEDICTINS,8,0.6635384615384615
PARIS (intramuros),LIMOGES BENEDICTINS,9,0.6595384615384615
PARIS (intramuros),LIMOGES BENEDICTINS,10,0.6623076923076923
PARIS (intramuros),LIMOGES BENEDICTINS,11,0.6804615384615385
PARIS (intramuros),LIMOGES BENEDICTINS,12,0.5801538461538462
PARIS (intramuros),LIMOGES BENEDICTINS,13,0.578
PARIS (intramuros),LIMOGES BENEDICTINS,14,0.5743076923076923
PARIS (intramuros),LIMOGES BENEDICTINS,15,0.5675384615384615
PARIS (intramuros),LIMOGES BENEDICTINS,16,0.5776923076923077
PARIS (intramuros),LIMOGES BENEDICTINS,17,0.592
PARIS (intramuros),LIMOGES BENEDICTINS,18,0.5998461538461538
PARIS (intramuros),LIMOGES BENEDICTINS,19,0.592
PARIS (intramuros),LIMOGES BENEDICTINS,20,0.5898148148148148
PARIS (intramuros),LIMOGES BENEDICTINS,21,0.5828703703703704
PARIS (intramuros),LIMOGES BENEDICTINS,22,0.5904320987654321
PARIS (intramuros),LIMOGES BENEDICTINS,23,0.5896604938271606
PARIS (intramuros),LIMOGES BENEDICTINS,24,0.5942724458204334
PARIS (intramuros),LIMOGES BENEDICTINS,25,0.6023291925465838
PARIS (intramuros),LIMOGES BENEDICTINS,26,0.6189440993788821
PARIS (intramuros),LIMOGES BENEDICTINS,27,0.6154205607476636
PARIS (intramuros),LIMOGES BENEDICTINS,28,0.6225856697819314
PARIS (intramuros),LIMOGES BENEDICTINS,29,0.6121495327102804
PARIS (intramuros),LIMOGES BENEDICTINS,30,0.04733542319749216
PARIS (intramuros),MONTAUBAN VILLE BOURBON,0,0.7065217391304348
PARIS (intramuros),MONTAUBAN VILLE BOURBON,1,0.682608695652174
PARIS (intramuros),MONTAUBAN VILLE BOURBON,2,0.6480072463768116
PARIS (intramuros),MONTAUBAN VILLE BOURBON,3,0.6347826086956522
PARIS (intramuros),MONTAUBAN VILLE BOURBON,4,0.46
PARIS (intramuros),MONTAUBAN VILLE BOURBON,5,0.4489090909090909
PARIS (intramuros),MONTAUBAN VILLE BOURBON,6,0.4156934306569343
PARIS (intramuros),MONTAUBAN VILLE BOURBON,7,0.38175182481751824
PARIS (intramuros),MONTAUBAN VILLE BOURBON,8,0.36405109489051096
PARIS (intramuros),MONTAUBAN VILLE BOURBON,9,0.37171532846715327
PARIS (intramuros),MONTAUBAN VILLE BOURBON,10,0.37864963503649635
PARIS (intramuros),MONTAUBAN VILLE BOURBON,11,0.39065934065934066
PARIS (intramuros),MONTAUBAN VILLE BOURBON,12,0.30146520146520145
PARIS (intramuros),MONTAUBAN VILLE BOURBON,13,0.28750000000000003
PARIS (intramuros),MONTAUBAN VILLE BOURBON,14,0.27518382352941173
PARIS (intramuros),MONTAUBAN VILLE BOURBON,15,0.24522058823529413
PARIS (intramuros),MONTAUBAN VILLE BOURBON,16,0.24981617647058824
PARIS (intramuros),MONTAUBAN VILLE BOURBON,17,0.2586397058823529
PARIS (intramuros),MONTAUBAN VILLE BOURBON,18,0.2608856088560886
PARIS (intramuros),MONTAUBAN VILLE BOURBON,19,0.25981481481481483
PARIS (intramuros),MONTAUBAN VILLE BOURBON,20,0.26468401486988846
PARIS (intramuros),MONTAUBAN VILLE BOURBON,21,0.26604477611940297
PARIS (intramuros),MONTAUBAN VILLE BOURBON,22,0.27862453531598513
PARIS (intramuros),MONTAUBAN VILLE BOURBON,23,0.27827715355805244
PARIS (intramuros),MONTAUBAN VILLE BOURBON,24,0.2817669172932331
PARIS (intramuros),MONTAUBAN VILLE BOURBON,25,0.289811320754717
PARIS (intramuros),MONTAUBAN VILLE BOURBON,26,0.2924242424242424
PARIS (intramuros),MONTAUBAN VILLE BOURBON,27,0.314638783269962
PARIS (intramuros),MONTAUBAN VILLE BOURBON,28,0.316412213740458
PARIS (intramuros),MONTAUBAN VILLE BOURBON,29,0.31839080459770114
PARIS (intramuros),MONTAUBAN VILLE BOURBON,30,0.03571428571428571
PARIS (intramuros),SOUILLAC,0,0.7574367088607594
PARIS (intramuros),SOUILLAC,1,0.7424050632911392
PARIS (intramuros),SOUILLAC,2,0.7189873417721518
PARIS (intramuros),SOUILLAC,3,0.6941269841269841
PARIS (intramuros),SOUILLAC,4,0.5115873015873016
PARIS (intramuros),SOUILLAC,5,0.5076190476190476
PARIS (intramuros),SOUILLAC,6,0.46825396825396826
PARIS (intramuros),SOUILLAC,7,0.42999999999999994
PARIS (intramuros),SOUILLAC,8,0.39634920634920634
PARIS (intramuros),SOUILLAC,9,0.40015873015873016
PARIS (intramuros),SOUILLAC,10,0.413968253968254
PARIS (intramuros),SOUILLAC,11,0.42754777070063693
PARIS (intramuros),SOUILLAC,12,0.31401273885350317
PARIS (intramuros),SOUILLAC,13,0.2971246006389776
PARIS (intramuros),SOUILLAC,14,0.28514376996805113
PARIS (intramuros),SOUILLAC,15,0.27204472843450483
PARIS (intramuros),SOUILLAC,16,0.276517571884984
PARIS (intramuros),SOUILLAC,17,0.28434504792332266
PARIS (intramuros),SOUILLAC,18,0.2895833333333333
PARIS (intramuros),SOUILLAC,19,0.29180064308681675
PARIS (intramuros),SOUILLAC,20,0.2964516129032258
PARIS (intramuros),SOUILLAC,21,0.30097087378640774
PARIS (intramuros),SOUILLAC,22,0.3137540453074434
PARIS (intramuros),SOUILLAC,23,0.312012987012987
PARIS (intramuros),SOUILLAC,24,0.3195439739413681
PARIS (intramuros),SOUILLAC,25,0.32598039215686275
PARIS (intramuros),SOUILLAC,26,0.3262295081967213
PARIS (intramuros),SOUILLAC,27,0.3427631578947368
PARIS (intramuros),SOUILLAC,28,0.34884488448844886
PARIS (intramuros),SOUILLAC,29,0.34950331125827816
PARIS (intramuros),SOUILLAC,30,0.035
PARIS (intramuros),TOULOUSE MATABIAU,0,0.7057971014492754
PARIS (intramuros),TOULOUSE MATABIAU,1,0.677536231884058
PARIS (intramuros),TOULOUSE MATABIAU,2,0.6538043478260869
PARIS (intramuros),TOULOUSE MATABIAU,3,0.6403985507246377
PARIS (intramuros),TOULOUSE MATABIAU,4,0.4529090909090909
PARIS (intramuros),TOULOUSE MATABIAU,5,0.44963636363636367
PARIS (intramuros),TOULOUSE MATABIAU,6,0.4218978102189781
PARIS (intramuros),TOULOUSE MATABIAU,7,0.3835766423357664
PARIS (intramuros),TOULOUSE MATABIAU,8,0.3651459854014598
PARIS (intramuros),TOULOUSE MATABIAU,9,0.3718978102189781
PARIS (intramuros),TOULOUSE MATABIAU,10,0.38047445255474455
PARIS (intramuros),TOULOUSE MATABIAU,11,0.3879120879120879
PARIS (intramuros),TOULOUSE MATABIAU,12,0.2976190476190476
PARIS (intramuros),TOULOUSE MATABIAU,13,0.28713235294117645
PARIS (intramuros),TOULOUSE MATABIAU,14,0.27738970588235295
PARIS (intramuros),TOULOUSE MATABIAU,15,0.24742647058823528
PARIS (intramuros),TOULOUSE MATABIAU,16,0.25036764705882353
PARIS (intramuros),TOULOUSE MATABIAU,17,0.25625000000000003
PARIS (intramuros),TOULOUSE MATABIAU,18,0.25940959409594094
PARIS (intramuros),TOULOUSE MATABIAU,19,0.25981481481481483
PARIS (intramuros),TOULOUSE MATABIAU,20,0.2648698884758364
PARIS (intramuros),TOULOUSE MATABIAU,21,0.26492537313432835
PARIS (intramuros),TOULOUSE MATABIAU,22,0.2788104089219331
PARIS (intramuros),TOULOUSE MATABIAU,23,0.27752808988764044
PARIS (intramuros),TOULOUSE MATABIAU,24,0.2825187969924812
PARIS (intramuros),TOULOUSE MATABIAU,25,0.29037735849056606
PARIS (intramuros),TOULOUSE MATABIAU,26,0.29261363636363635
PARIS (intramuros),TOULOUSE MATABIAU,27,0.3150190114068441
PARIS (intramuros),TOULOUSE MATABIAU,28,0.3179389312977099
PARIS (intramuros),TOULOUSE MATABIAU,29,0.3185823754789272
PARIS (intramuros),TOULOUSE MATABIAU,30,0.027413127413127417
PARIS (intramuros),UZERCHE,0,0.8825082508250824
PARIS (intramuros),UZERCHE,1,0.8638613861386139
PARIS (intramuros),UZERCHE,2,0.8500000000000001
PARIS (intramuros),UZERCHE,3,0.8364686468646865
PARIS (intramuros),UZERCHE,4,0.7196369636963696
PARIS (intramuros),UZERCHE,5,0.7004950495049505
PARIS (intramuros),UZERCHE,6,0.6854785478547855
PARIS (intramuros),UZERCHE,7,0.695049504950495
PARIS (intramuros),UZERCHE,8,0.6826732673267326
PARIS (intramuros),UZERCHE,9,0.6773927392739274
PARIS (intramuros),UZERCHE,10,0.6785478547854785
PARIS (intramuros),UZERCHE,11,0.6932343234323433
PARIS (intramuros),UZERCHE,12,0.5793729372937294
PARIS (intramuros),UZERCHE,13,0.5699669966996699
PARIS (intramuros),UZERCHE,14,0.5663366336633663
PARIS (intramuros),UZERCHE,15,0.5608552631578947
PARIS (intramuros),UZERCHE,16,0.56875
PARIS (intramuros),UZERCHE,17,0.587171052631579
PARIS (intramuros),UZERCHE,18,0.5922442244224422
PARIS (intramuros),UZERCHE,19,0.5860927152317881
PARIS (intramuros),UZERCHE,20,0.584717607973422
PARIS (intramuros),UZERCHE,21,0.5784053156146179
PARIS (intramuros),UZERCHE,22,0.5850498338870431
PARIS (intramuros),UZERCHE,23,0.5827814569536424
PARIS (intramuros),UZERCHE,24,0.587375415282392
PARIS (intramuros),UZERCHE,25,0.5914999999999999
PARIS (intramuros),UZERCHE,26,0.6040133779264214
PARIS (intramuros),UZERCHE,27,0.6001677852348993
PARIS (intramuros),UZERCHE,28,0.6000000000000001
PARIS (intramuros),UZERCHE,29,0.588758389261745
PARIS (intramuros),UZERCHE,30,0.04983108108108108
PARIS (intramuros),VIERZON,0,0.8595384615384616
PARIS (intramuros),VIERZON,1,0.8418461538461539
PARIS (intramuros),VIERZON,2,0.8104615384615383
PARIS (intramuros),VIERZON,3,0.8046296296296296
PARIS (intramuros),VIERZON,4,0.6973846153846154
PARIS (intramuros),VIERZON,5,0.6927692307692308
PARIS (intramuros),VIERZON,6,0.6752307692307692
PARIS (intramuros),VIERZON,7,0.6667692307692308
PARIS (intramuros),VIERZON,8,0.6538461538461539
PARIS (intramuros),VIERZON,9,0.6472307692307692
PARIS (intramuros),VIERZON,10,0.6598461538461539
PARIS (intramuros),VIERZON,11,0.684
PARIS (intramuros),VIERZON,12,0.5784615384615385
PARIS (intramuros),VIERZON,13,0.5743076923076923
PARIS (intramuros),VIERZON,14,0.5684615384615385
PARIS (intramuros),VIERZON,15,0.568
PARIS (intramuros),VIERZON,16,0.5778461538461539
PARIS (intramuros),VIERZON,17,0.590923076923077
PARIS (intramuros),VIERZON,18,0.5958461538461539
PARIS (intramuros),VIERZON,19,0.5896923076923077
PARIS (intramuros),VIERZON,20,0.5905864197530865
PARIS (intramuros),VIERZON,21,0.5859567901234568
PARIS (intramuros),VIERZON,22,0.5890432098765432
PARIS (intramuros),VIERZON,23,0.587037037037037
PARIS (intramuros),VIERZON,24,0.5948916408668731
PARIS (intramuros),VIERZON,25,0.6027950310559006
PARIS (intramuros),VIERZON,26,0.6180124223602484
PARIS (intramuros),VIERZON,27,0.613239875389408
PARIS (intramuros),VIERZON,28,0.6179127725856698
PARIS (intramuros),VIERZON,29,0.6015576323987539
PARIS (intramuros),VIERZON,30,0.07304075235109718
SOUILLAC,CAHORS,0,0.9343354430379747
SOUILLAC,CAHORS,1,0.9088607594936708
SOUILLAC,CAHORS,2,0.8863924050632912
SOUILLAC,CAHORS,3,0.8506349206349206
SOUILLAC,CAHORS,4,0.6093650793650793
SOUILLAC,CAHORS,5,0.6053968253968254
SOUILLAC,CAHORS,6,0.5561904761904761
SOUILLAC,CAHORS,7,0.5207936507936508
SOUILLAC,CAHORS,8,0.48904761904761906
SOUILLAC,CAHORS,9,0.4880952380952381
SOUILLAC,CAHORS,10,0.5026984126984126
SOUILLAC,CAHORS,11,0.503343949044586
SOUILLAC,CAHORS,12,0.3823248407643312
SOUILLAC,CAHORS,13,0.3696485623003195
SOUILLAC,CAHORS,14,0.3547923322683706
SOUILLAC,CAHORS,15,0.34520766773162936
SOUILLAC,CAHORS,16,0.34920127795527156
SOUILLAC,CAHORS,17,0.3563897763578275
SOUILLAC,CAHORS,18,0.36586538461538465
SOUILLAC,CAHORS,19,0.3663987138263666
SOUILLAC,CAHORS,20,0.37193548387096775
SOUILLAC,CAHORS,21,0.3783171521035599
SOUILLAC,CAHORS,22,0.3907766990291262
SOUILLAC,CAHORS,23,0.39172077922077925
SOUILLAC,CAHORS,24,0.3916938110749186
SOUILLAC,CAHORS,25,0.39705882352941174
SOUILLAC,CAHORS,26,0.3998360655737705
SOUILLAC,CAHORS,27,0.4212171052631579
SOUILLAC,CAHORS,28,0.4262376237623763
SOUILLAC,CAHORS,29,0.4216887417218543
SOUILLAC,CAHORS,30,0.04266666666666667
SOUILLAC,CAUSSADE(TARN ET GARONNE),0,0.8659420289855072
SOUILLAC,CAUSSADE(TARN ET GARONNE),1,0.8429347826086957
SOUILLAC,CAUSSADE(TARN ET GARONNE),2,0.7860507246376811
SOUILLAC,CAUSSADE(TARN ET GARONNE),3,0.7697463768115942
SOUILLAC,CAUSSADE(TARN ET GARONNE),4,0.5370909090909091
SOUILLAC,CAUSSADE(TARN ET GARONNE),5,0.5379999999999999
SOUILLAC,CAUSSADE(TARN ET GARONNE),6,0.518978102189781
SOUILLAC,CAUSSADE(TARN ET GARONNE),7,0.4832116788321168
SOUILLAC,CAUSSADE(TARN ET GARONNE),8,0.4684306569343065
SOUILLAC,CAUSSADE(TARN ET GARONNE),9,0.46788321167883207
SOUILLAC,CAUSSADE(TARN ET GARONNE),10,0.47791970802919703
SOUILLAC,CAUSSADE(TARN ET GARONNE),11,0.4776556776556777
SOUILLAC,CAUSSADE(TARN ET GARONNE),12,0.3703296703296703
SOUILLAC,CAUSSADE(TARN ET GARONNE),13,0.36323529411764705
SOUILLAC,CAUSSADE(TARN ET GARONNE),14,0.3466911764705882
SOUILLAC,CAUSSADE(TARN ET GARONNE),15,0.31893382352941174
SOUILLAC,CAUSSADE(TARN ET GARONNE),16,0.3226102941176471
SOUILLAC,CAUSSADE(TARN ET GARONNE),17,0.3306985294117647
SOUILLAC,CAUSSADE(TARN ET GARONNE),18,0.3380073800738007
SOUILLAC,CAUSSADE(TARN ET GARONNE),19,0.33814814814814814
SOUILLAC,CAUSSADE(TARN ET GARONNE),20,0.3425650557620818
SOUILLAC,CAUSSADE(TARN ET GARONNE),21,0.34440298507462686
SOUILLAC,CAUSSADE(TARN ET GARONNE),22,0.34107806691449816
SOUILLAC,CAUSSADE(TARN ET GARONNE),23,0.33689138576779026
SOUILLAC,CAUSSADE(TARN ET GARONNE),24,0.33515037593984964
SOUILLAC,CAUSSADE(TARN ET GARONNE),25,0.3450943396226415
SOUILLAC,CAUSSADE(TARN ET GARONNE),26,0.35018939393939397
SOUILLAC,CAUSSADE(TARN ET GARONNE),27,0.37775665399239544
SOUILLAC,CAUSSADE(TARN ET GARONNE),28,0.37290076335877864
SOUILLAC,CAUSSADE(TARN ET GARONNE),29,0.36954022988505747
SOUILLAC,CAUSSADE(TARN ET GARONNE),30,0.04111969111969112
SOUILLAC,GOURDON,0,0.930379746835443
SOUILLAC,GOURDON,1,0.9042721518987342
SOUILLAC,GOURDON,2,0.8708860759493671
SOUILLAC,GOURDON,3,0.8379365079365079
SOUILLAC,GOURDON,4,0.5952380952380952
SOUILLAC,GOURDON,5,0.5888888888888889
SOUILLAC,GOURDON,6,0.5323809523809524
SOUILLAC,GOURDON,7,0.48523809523809525
SOUILLAC,GOURDON,8,0.4479365079365079
SOUILLAC,GOURDON,9,0.44396825396825396
SOUILLAC,GOURDON,10,0.45571428571428574
SOUILLAC,GOURDON,11,0.45923566878980887
SOUILLAC,GOURDON,12,0.37547770700636945
SOUILLAC,GOURDON,13,0.37124600638977634
SOUILLAC,GOURDON,14,0.3512779552715655
SOUILLAC,GOURDON,15,0.33865814696485624
SOUILLAC,GOURDON,16,0.3412140575079872
SOUILLAC,GOURDON,17,0.3469648562300319
SOUILLAC,GOURDON,18,0.3559294871794872
SOUILLAC,GOURDON,19,0.359967845659164
SOUILLAC,GOURDON,20,0.36612903225806454
SOUILLAC,GOURDON,21,0.37216828478964403
SOUILLAC,GOURDON,22,0.38673139158576053
SOUILLAC,GOURDON,23,0.3891233766233766
SOUILLAC,GOURDON,24,0.38859934853420197
SOUILLAC,GOURDON,25,0.39444444444444443
SOUILLAC,GOURDON,26,0.39377049180327867
SOUILLAC,GOURDON,27,0.4164473684210526
SOUILLAC,GOURDON,28,0.4202970297029703
SOUILLAC,GOURDON,29,0.41324503311258276
SOUILLAC,GOURDON,30,0.044333333333333336
SOUILLAC,MONTAUBAN VILLE BOURBON,0,0.8427536231884057
SOUILLAC,MONTAUBAN VILLE BOURBON,1,0.8141304347826086
SOUILLAC,MONTAUBAN VILLE BOURBON,2,0.7536231884057971
SOUILLAC,MONTAUBAN VILLE BOURBON,3,0.7277173913043478
SOUILLAC,MONTAUBAN VILLE BOURBON,4,0.5
SOUILLAC,MONTAUBAN VILLE BOURBON,5,0.4949090909090909
SOUILLAC,MONTAUBAN VILLE BOURBON,6,0.47956204379562045
SOUILLAC,MONTAUBAN VILLE BOURBON,7,0.4317518248175182
SOUILLAC,MONTAUBAN VILLE BOURBON,8,0.4114963503649635
SOUILLAC,MONTAUBAN VILLE BOURBON,9,0.4104014598540146
SOUILLAC,MONTAUBAN VILLE BOURBON,10,0.4173357664233576
SOUILLAC,MONTAUBAN VILLE BOURBON,11,0.42216117216117216
SOUILLAC,MONTAUBAN VILLE BOURBON,12,0.3558608058608059
SOUILLAC,MONTAUBAN VILLE BOURBON,13,0.3584558823529412
SOUILLAC,MONTAUBAN VILLE BOURBON,14,0.34338235294117647
SOUILLAC,MONTAUBAN VILLE BOURBON,15,0.3141544117647059
SOUILLAC,MONTAUBAN VILLE BOURBON,16,0.3159926470588235
SOUILLAC,MONTAUBAN VILLE BOURBON,17,0.32591911764705883
SOUILLAC,MONTAUBAN VILLE BOURBON,18,0.32915129151291517
SOUILLAC,MONTAUBAN VILLE BOURBON,19,0.32851851851851854
SOUILLAC,MONTAUBAN VILLE BOURBON,20,0.33401486988847584
SOUILLAC,MONTAUBAN VILLE BOURBON,21,0.3384328358208955
SOUILLAC,MONTAUBAN VILLE BOURBON,22,0.3386617100371747
SOUILLAC,MONTAUBAN VILLE BOURBON,23,0.3367041198501873
SOUILLAC,MONTAUBAN VILLE BOURBON,24,0.33515037593984964
SOUILLAC,MONTAUBAN VILLE BOURBON,25,0.3441509433962264
SOUILLAC,MONTAUBAN VILLE BOURBON,26,0.34242424242424246
SOUILLAC,MONTAUBAN VILLE BOURBON,27,0.3667300380228137
SOUILLAC,MONTAUBAN VILLE BOURBON,28,0.36870229007633587
SOUILLAC,MONTAUBAN VILLE BOURBON,29,0.36628352490421456
SOUILLAC,MONTAUBAN VILLE BOURBON,30,0.03996138996138996
SOUILLAC,TOULOUSE MATABIAU,0,0.8702898550724637
SOUILLAC,TOULOUSE MATABIAU,1,0.8407608695652175
SOUILLAC,TOULOUSE MATABIAU,2,0.7820652173913043
SOUILLAC,TOULOUSE MATABIAU,3,0.7652173913043477
SOUILLAC,TOULOUSE MATABIAU,4,0.5374545454545455
SOUILLAC,TOULOUSE MATABIAU,5,0.5374545454545455
SOUILLAC,TOULOUSE MATABIAU,6,0.5169708029197081
SOUILLAC,TOULOUSE MATABIAU,7,0.47956204379562045
SOUILLAC,TOULOUSE MATABIAU,8,0.46770072992700734
SOUILLAC,TOULOUSE MATABIAU,9,0.47372262773722634
SOUILLAC,TOULOUSE MATABIAU,10,0.4784671532846715
SOUILLAC,TOULOUSE MATABIAU,11,0.48131868131868133
SOUILLAC,TOULOUSE MATABIAU,12,0.36538461538461536
SOUILLAC,TOULOUSE MATABIAU,13,0.3604779411764706
SOUILLAC,TOULOUSE MATABIAU,14,0.3463235294117647
SOUILLAC,TOULOUSE MATABIAU,15,0.3159926470588235
SOUILLAC,TOULOUSE MATABIAU,16,0.3226102941176471
SOUILLAC,TOULOUSE MATABIAU,17,0.330514705882353
SOUILLAC,TOULOUSE MATABIAU,18,0.3381918819188192
SOUILLAC,TOULOUSE MATABIAU,19,0.33796296296296297
SOUILLAC,TOULOUSE MATABIAU,20,0.3429368029739777
SOUILLAC,TOULOUSE MATABIAU,21,0.34328358208955223
SOUILLAC,TOULOUSE MATABIAU,22,0.3425650557620818
SOUILLAC,TOULOUSE MATABIAU,23,0.33857677902621724
SOUILLAC,TOULOUSE MATABIAU,24,0.33477443609022556
SOUILLAC,TOULOUSE MATABIAU,25,0.3443396226415094
SOUILLAC,TOULOUSE MATABIAU,26,0.3464015151515152
SOUILLAC,TOULOUSE MATABIAU,27,0.3730038022813688
SOUILLAC,TOULOUSE MATABIAU,28,0.375
SOUILLAC,TOULOUSE MATABIAU,29,0.3722222222222222
SOUILLAC,TOULOUSE MATABIAU,30,0.03803088803088803
UZERCHE,BRIVE LA GAILLARDE,0,0.9435643564356435
UZERCHE,BRIVE LA GAILLARDE,1,0.9169966996699671
UZERCHE,BRIVE LA GAILLARDE,2,0.8983498349834983
UZERCHE,BRIVE LA GAILLARDE,3,0.8793729372937293
UZERCHE,BRIVE LA GAILLARDE,4,0.7455445544554455
UZERCHE,BRIVE LA GAILLARDE,5,0.7188118811881189
UZERCHE,BRIVE LA GAILLARDE,6,0.7047854785478548
UZERCHE,BRIVE LA GAILLARDE,7,0.7103960396039604
UZERCHE,BRIVE LA GAILLARDE,8,0.6938943894389439
UZERCHE,BRIVE LA GAILLARDE,9,0.6889438943894389
UZERCHE,BRIVE LA GAILLARDE,10,0.6892739273927393
UZERCHE,BRIVE LA GAILLARDE,11,0.7008250825082508
UZERCHE,BRIVE LA GAILLARDE,12,0.626072607260726
UZERCHE,BRIVE LA GAILLARDE,13,0.6250825082508251
UZERCHE,BRIVE LA GAILLARDE,14,0.6146864686468647
UZERCHE,BRIVE LA GAILLARDE,15,0.6069078947368421
UZERCHE,BRIVE LA GAILLARDE,16,0.6121710526315789
UZERCHE,BRIVE LA GAILLARDE,17,0.6240131578947368
UZERCHE,BRIVE LA GAILLARDE,18,0.6285478547854785
UZERCHE,BRIVE LA GAILLARDE,19,0.6211920529801325
UZERCHE,BRIVE LA GAILLARDE,20,0.6187707641196013
UZERCHE,BRIVE LA GAILLARDE,21,0.6119601328903654
UZERCHE,BRIVE LA GAILLARDE,22,0.6154485049833887
UZERCHE,BRIVE LA GAILLARDE,23,0.6135761589403974
UZERCHE,BRIVE LA GAILLARDE,24,0.6172757475083057
UZERCHE,BRIVE LA GAILLARDE,25,0.6193333333333334
UZERCHE,BRIVE LA GAILLARDE,26,0.6341137123745819
UZERCHE,BRIVE LA GAILLARDE,27,0.6328859060402684
UZERCHE,BRIVE LA GAILLARDE,28,0.6322147651006712
UZERCHE,BRIVE LA GAILLARDE,29,0.62248322147651
UZERCHE,BRIVE LA GAILLARDE,30,0.05033783783783784
VIERZON,ARGENTON SUR CREUSE,0,0.79515625
VIERZON,ARGENTON SUR CREUSE,1,0.776875
VIERZON,ARGENTON SUR CREUSE,2,0.75125
VIERZON,ARGENTON SUR CREUSE,3,0.7313479623824451
VIERZON,ARGENTON SUR CREUSE,4,0.5949843260188088
VIERZON,ARGENTON SUR CREUSE,5,0.6023510971786834
VIERZON,ARGENTON SUR CREUSE,6,0.5938871473354231
VIERZON,ARGENTON SUR CREUSE,7,0.574921630094044
VIERZON,ARGENTON SUR CREUSE,8,0.5415360501567398
VIERZON,ARGENTON SUR CREUSE,9,0.5427899686520377
VIERZON,ARGENTON SUR CREUSE,10,0.5617554858934168
VIERZON,ARGENTON SUR CREUSE,11,0.5734276729559749
VIERZON,ARGENTON SUR CREUSE,12,0.45503144654088046
VIERZON,ARGENTON SUR CREUSE,13,0.4361635220125786
VIERZON,ARGENTON SUR CREUSE,14,0.43474842767295596
VIERZON,ARGENTON SUR CREUSE,15,0.43286163522012583
VIERZON,ARGENTON SUR CREUSE,16,0.4441823899371069
VIERZON,ARGENTON SUR CREUSE,17,0.4506289308176101
VIERZON,ARGENTON SUR CREUSE,18,0.455205047318612
VIERZON,ARGENTON SUR CREUSE,19,0.4594936708860759
VIERZON,ARGENTON SUR CREUSE,20,0.46539682539682536
VIERZON,ARGENTON SUR CREUSE,21,0.4753184713375796
VIERZON,ARGENTON SUR CREUSE,22,0.4823248407643312
VIERZON,ARGENTON SUR CREUSE,23,0.47827476038338657
VIERZON,ARGENTON SUR CREUSE,24,0.4796474358974359
VIERZON,ARGENTON SUR CREUSE,25,0.48311897106109325
VIERZON,ARGENTON SUR CREUSE,26,0.48435483870967744
VIERZON,ARGENTON SUR CREUSE,27,0.49417475728155336
VIERZON,ARGENTON SUR CREUSE,28,0.5021103896103897
VIERZON,ARGENTON SUR CREUSE,29,0.4930194805194805
VIERZON,ARGENTON SUR CREUSE,30,0.050490196078431374
VIERZON,BRIVE LA GAILLARDE,0,0.8869230769230769
VIERZON,BRIVE LA GAILLARDE,1,0.8633846153846154
VIERZON,BRIVE LA GAILLARDE,2,0.8281538461538461
VIERZON,BRIVE LA GAILLARDE,3,0.8194444444444444
VIERZON,BRIVE LA GAILLARDE,4,0.6981538461538461
VIERZON,BRIVE LA GAILLARDE,5,0.6958461538461539
VIERZON,BRIVE LA GAILLARDE,6,0.6918461538461538
VIERZON,BRIVE LA GAILLARDE,7,0.6875384615384615
VIERZON,BRIVE LA GAILLARDE,8,0.6661538461538462
VIERZON,BRIVE LA GAILLARDE,9,0.6581538461538462
VIERZON,BRIVE LA GAILLARDE,10,0.6626153846153846
VIERZON,BRIVE LA GAILLARDE,11,0.6870769230769231
VIERZON,BRIVE LA GAILLARDE,12,0.610923076923077
VIERZON,BRIVE LA GAILLARDE,13,0.6072307692307692
VIERZON,BRIVE LA GAILLARDE,14,0.6016923076923077
VIERZON,BRIVE LA GAILLARDE,15,0.5963076923076923
VIERZON,BRIVE LA GAILLARDE,16,0.6043076923076923
VIERZON,BRIVE LA GAILLARDE,17,0.6190769230769231
VIERZON,BRIVE LA GAILLARDE,18,0.6227692307692307
VIERZON,BRIVE LA GAILLARDE,19,0.6167692307692307
VIERZON,BRIVE LA GAILLARDE,20,0.6151234567901235
VIERZON,BRIVE LA GAILLARDE,21,0.6078703703703703
VIERZON,BRIVE LA GAILLARDE,22,0.6145061728395061
VIERZON,BRIVE LA GAILLARDE,23,0.6131172839506173
VIERZON,BRIVE LA GAILLARDE,24,0.6238390092879257
VIERZON,BRIVE LA GAILLARDE,25,0.6295031055900621
VIERZON,BRIVE LA GAILLARDE,26,0.65
VIERZON,BRIVE LA GAILLARDE,27,0.6445482866043614
VIERZON,BRIVE LA GAILLARDE,28,0.6501557632398753
VIERZON,BRIVE LA GAILLARDE,29,0.6386292834890965
VIERZON,BRIVE LA GAILLARDE,30,0.05172413793103448
VIERZON,CAHORS,0,0.7819620253164556
VIERZON,CAHORS,1,0.7625
VIERZON,CAHORS,2,0.7322784810126582
VIERZON,CAHORS,3,0.7085714285714285
VIERZON,CAHORS,4,0.5157142857142857
VIERZON,CAHORS,5,0.513968253968254
VIERZON,CAHORS,6,0.4784126984126984
VIERZON,CAHORS,7,0.4374603174603175
VIERZON,CAHORS,8,0.40222222222222226
VIERZON,CAHORS,9,0.40761904761904766
VIERZON,CAHORS,10,0.41793650793650794
VIERZON,CAHORS,11,0.4310509554140127
VIERZON,CAHORS,12,0.3273885350318471
VIERZON,CAHORS,13,0.3169329073482428
VIERZON,CAHORS,14,0.29968051118210864
VIERZON,CAHORS,15,0.28466453674121406
VIERZON,CAHORS,16,0.2889776357827476
VIERZON,CAHORS,17,0.2961661341853035
VIERZON,CAHORS,18,0.302724358974359
VIERZON,CAHORS,19,0.30385852090032156
VIERZON,CAHORS,20,0.30935483870967745
VIERZON,CAHORS,21,0.3137540453074434
VIERZON,CAHORS,22,0.32572815533980587
VIERZON,CAHORS,23,0.32613636363636367
VIERZON,CAHORS,24,0.33192182410423454
VIERZON,CAHORS,25,0.3411764705882353
VIERZON,CAHORS,26,0.34491803278688526
VIERZON,CAHORS,27,0.36332236842105264
VIERZON,CAHORS,28,0.3699669966996699
VIERZON,CAHORS,29,0.36854304635761587
VIERZON,CAHORS,30,0.037333333333333336
VIERZON,CAUSSADE(TARN ET GARONNE),0,0.7769927536231883
VIERZON,CAUSSADE(TARN ET GARONNE),1,0.7532608695652174
VIERZON,CAUSSADE(TARN ET GARONNE),2,0.7188405797101449
VIERZON,CAUSSADE(TARN ET GARONNE),3,0.6969202898550725
VIERZON,CAUSSADE(TARN ET GARONNE),4,0.4901818181818182
VIERZON,CAUSSADE(TARN ET GARONNE),5,0.49109090909090913
VIERZON,CAUSSADE(TARN ET GARONNE),6,0.4656934306569343
VIERZON,CAUSSADE(TARN ET GARONNE),7,0.4167883211678832
VIERZON,CAUSSADE(TARN ET GARONNE),8,0.39233576642335766
VIERZON,CAUSSADE(TARN ET GARONNE),9,0.3981751824817518
VIERZON,CAUSSADE(TARN ET GARONNE),10,0.4063868613138686
VIERZON,CAUSSADE(TARN ET GARONNE),11,0.4163003663003663
VIERZON,CAUSSADE(TARN ET GARONNE),12,0.34597069597069596
VIERZON,CAUSSADE(TARN ET GARONNE),13,0.341360294117647
VIERZON,CAUSSADE(TARN ET GARONNE),14,0.32591911764705883
VIERZON,CAUSSADE(TARN ET GARONNE),15,0.29724264705882353
VIERZON,CAUSSADE(TARN ET GARONNE),16,0.29908088235294117
VIERZON,CAUSSADE(TARN ET GARONNE),17,0.3079044117647059
VIERZON,CAUSSADE(TARN ET GARONNE),18,0.3114391143911439
VIERZON,CAUSSADE(TARN ET GARONNE),19,0.31462962962962965
VIERZON,CAUSSADE(TARN ET GARONNE),20,0.32193308550185873
VIERZON,CAUSSADE(TARN ET GARONNE),21,0.3246268656716418
VIERZON,CAUSSADE(TARN ET GARONNE),22,0.3297397769516729
VIERZON,CAUSSADE(TARN ET GARONNE),23,0.32977528089887637
VIERZON,CAUSSADE(TARN ET GARONNE),24,0.33383458646616543
VIERZON,CAUSSADE(TARN ET GARONNE),25,0.34150943396226413
VIERZON,CAUSSADE(TARN ET GARONNE),26,0.34337121212121213
VIERZON,CAUSSADE(TARN ET GARONNE),27,0.367490494296578
VIERZON,CAUSSADE(TARN ET GARONNE),28,0.37156488549618316
VIERZON,CAUSSADE(TARN ET GARONNE),29,0.3724137931034483
VIERZON,CAUSSADE(TARN ET GARONNE),30,0.03725868725868726
VIERZON,CHATEAUROUX,0,0.8706153846153846
VIERZON,CHATEAUROUX,1,0.8472307692307693
VIERZON,CHATEAUROUX,2,0.8121538461538461
VIERZON,CHATEAUROUX,3,0.8117283950617284
VIERZON,CHATEAUROUX,4,0.6987692307692307
VIERZON,CHATEAUROUX,5,0.6981538461538461
VIERZON,CHATEAUROUX,6,0.6815384615384615
VIERZON,CHATEAUROUX,7,0.6738461538461539
VIERZON,CHATEAUROUX,8,0.6553846153846153
VIERZON,CHATEAUROUX,9,0.6470769230769231
VIERZON,CHATEAUROUX,10,0.6615384615384615
VIERZON,CHATEAUROUX,11,0.6823076923076923
VIERZON,CHATEAUROUX,12,0.5773846153846154
VIERZON,CHATEAUROUX,13,0.5740000000000001
VIERZON,CHATEAUROUX,14,0.5696923076923077
VIERZON,CHATEAUROUX,15,0.5658461538461539
VIERZON,CHATEAUROUX,16,0.578
VIERZON,CHATEAUROUX,17,0.5927692307692308
VIERZON,CHATEAUROUX,18,0.5964615384615385
VIERZON,CHATEAUROUX,19,0.592
VIERZON,CHATEAUROUX,20,0.5905864197530865
VIERZON,CHATEAUROUX,21,0.5858024691358025
VIERZON,CHATEAUROUX,22,0.5902777777777778
VIERZON,CHATEAUROUX,23,0.5912037037037038
VIERZON,CHATEAUROUX,24,0.5987616099071208
VIERZON,CHATEAUROUX,25,0.6052795031055901
VIERZON,CHATEAUROUX,26,0.6161490683229813
VIERZON,CHATEAUROUX,27,0.6143302180685358
VIERZON,CHATEAUROUX,28,0.6227414330218068
VIERZON,CHATEAUROUX,29,0.6052959501557633
VIERZON,CHATEAUROUX,30,0.06724137931034482
VIERZON,GOURDON,0,0.8074367088607595
VIERZON,GOURDON,1,0.7917721518987342
VIERZON,GOURDON,2,0.7582278481012658
VIERZON,GOURDON,3,0.7296825396825397
VIERZON,GOURDON,4,0.5165079365079365
VIERZON,GOURDON,5,0.5153968253968254
VIERZON,GOURDON,6,0.4776190476190476
VIERZON,GOURDON,7,0.43206349206349204
VIERZON,GOURDON,8,0.39634920634920634
VIERZON,GOURDON,9,0.4004761904761905
VIERZON,GOURDON,10,0.41714285714285715
VIERZON,GOURDON,11,0.42531847133757966
VIERZON,GOURDON,12,0.35461783439490446
VIERZON,GOURDON,13,0.3461661341853035
VIERZON,GOURDON,14,0.331150159744409
VIERZON,GOURDON,15,0.3177316293929713
VIERZON,GOURDON,16,0.32412140575079873
VIERZON,GOURDON,17,0.32987220447284343
VIERZON,GOURDON,18,0.33573717948717946
VIERZON,GOURDON,19,0.3408360128617363
VIERZON,GOURDON,20,0.3496774193548387
VIERZON,GOURDON,21,0.35566343042071197
VIERZON,GOURDON,22,0.3686084142394822
VIERZON,GOURDON,23,0.3696428571428571
VIERZON,GOURDON,24,0.37084690553745925
VIERZON,GOURDON,25,0.37549019607843137
VIERZON,GOURDON,26,0.38377049180327866
VIERZON,GOURDON,27,0.40345394736842105
VIERZON,GOURDON,28,0.4123762376237624
VIERZON,GOURDON,29,0.4177152317880795
VIERZON,GOURDON,30,0.03916666666666667
VIERZON,ISSOUDUN,0,0.8674740484429065
VIERZON,ISSOUDUN,1,0.8444636678200692
VIERZON,ISSOUDUN,2,0.8065743944636679
VIERZON,ISSOUDUN,3,0.7868512110726644
VIERZON,ISSOUDUN,4,0.6200692041522491
VIERZON,ISSOUDUN,5,0.6077854671280277
VIERZON,ISSOUDUN,6,0.5856401384083045
VIERZON,ISSOUDUN,7,0.5932525951557093
VIERZON,ISSOUDUN,8,0.5835640138408305
VIERZON,ISSOUDUN,9,0.5826989619377163
VIERZON,ISSOUDUN,10,0.590311418685121
VIERZON,ISSOUDUN,11,0.6005190311418686
VIERZON,ISSOUDUN,12,0.44844290657439445
VIERZON,ISSOUDUN,13,0.4268166089965398
VIERZON,ISSOUDUN,14,0.42179930795847753
VIERZON,ISSOUDUN,15,0.42120689655172416
VIERZON,ISSOUDUN,16,0.4270689655172414
VIERZON,ISSOUDUN,17,0.43551724137931036
VIERZON,ISSOUDUN,18,0.4324137931034483
VIERZON,ISSOUDUN,19,0.43437499999999996
VIERZON,ISSOUDUN,20,0.4334494773519164
VIERZON,ISSOUDUN,21,0.4379790940766551
VIERZON,ISSOUDUN,22,0.45
VIERZON,ISSOUDUN,23,0.44722222222222224
VIERZON,ISSOUDUN,24,0.45329861111111114
VIERZON,ISSOUDUN,25,0.45156794425087105
VIERZON,ISSOUDUN,26,0.45944055944055945
VIERZON,ISSOUDUN,27,0.4603508771929824
VIERZON,ISSOUDUN,28,0.4654385964912281
VIERZON,ISSOUDUN,29,0.45368421052631586
VIERZON,ISSOUDUN,30,0.05406360424028269
VIERZON,LA SOUTERRAINE,0,0.8972307692307693
VIERZON,LA SOUTERRAINE,1,0.8721538461538462
VIERZON,LA SOUTERRAINE,2,0.8510769230769232
VIERZON,LA SOUTERRAINE,3,0.8390432098765432
VIERZON,LA SOUTERRAINE,4,0.7121538461538461
VIERZON,LA SOUTERRAINE,5,0.712
VIERZON,LA SOUTERRAINE,6,0.7020000000000001
VIERZON,LA SOUTERRAINE,7,0.700923076923077
VIERZON,LA SOUTERRAINE,8,0.6815384615384615
VIERZON,LA SOUTERRAINE,9,0.6766153846153846
VIERZON,LA SOUTERRAINE,10,0.684
VIERZON,LA SOUTERRAINE,11,0.7047692307692308
VIERZON,LA SOUTERRAINE,12,0.6432307692307693
VIERZON,LA SOUTERRAINE,13,0.6398461538461538
VIERZON,LA SOUTERRAINE,14,0.6332307692307693
VIERZON,LA SOUTERRAINE,15,0.626
VIERZON,LA SOUTERRAINE,16,0.6293846153846154
VIERZON,LA SOUTERRAINE,17,0.6410769230769231
VIERZON,LA SOUTERRAINE,18,0.6473846153846154
VIERZON,LA SOUTERRAINE,19,0.6395384615384615
VIERZON,LA SOUTERRAINE,20,0.6330246913580246
VIERZON,LA SOUTERRAINE,21,0.6282407407407408
VIERZON,LA SOUTERRAINE,22,0.6342592592592593
VIERZON,LA SOUTERRAINE,23,0.6330246913580246
VIERZON,LA SOUTERRAINE,24,0.6394736842105263
VIERZON,LA SOUTERRAINE,25,0.6430124223602485
VIERZON,LA SOUTERRAINE,26,0.656055900621118
VIERZON,LA SOUTERRAINE,27,0.6523364485981309
VIERZON,LA SOUTERRAINE,28,0.6559190031152649
VIERZON,LA SOUTERRAINE,29,0.6397196261682243
VIERZON,LA SOUTERRAINE,30,0.06865203761755485
VIERZON,LIMOGES BENEDICTINS,0,0.9115384615384615
VIERZON,LIMOGES BENEDICTINS,1,0.8896923076923077
VIERZON,LIMOGES BENEDICTINS,2,0.8572307692307694
VIERZON,LIMOGES BENEDICTINS,3,0.8429012345679013
VIERZON,LIMOGES BENEDICTINS,4,0.7229230769230769
VIERZON,LIMOGES BENEDICTINS,5,0.7166153846153847
VIERZON,LIMOGES BENEDICTINS,6,0.701076923076923
VIERZON,LIMOGES BENEDICTINS,7,0.7016923076923077
VIERZON,LIMOGES BENEDICTINS,8,0.6872307692307692
VIERZON,LIMOGES BENEDICTINS,9,0.676923076923077
VIERZON,LIMOGES BENEDICTINS,10,0.6841538461538461
VIERZON,LIMOGES BENEDICTINS,11,0.7040000000000001
VIERZON,LIMOGES BENEDICTINS,12,0.6421538461538461
VIERZON,LIMOGES BENEDICTINS,13,0.6404615384615385
VIERZON,LIMOGES BENEDICTINS,14,0.6347692307692308
VIERZON,LIMOGES BENEDICTINS,15,0.6253846153846154
VIERZON,LIMOGES BENEDICTINS,16,0.6289230769230769
VIERZON,LIMOGES BENEDICTINS,17,0.6429230769230769
VIERZON,LIMOGES BENEDICTINS,18,0.6489230769230769
VIERZON,LIMOGES BENEDICTINS,19,0.6409230769230769
VIERZON,LIMOGES BENEDICTINS,20,0.6333333333333333
VIERZON,LIMOGES BENEDICTINS,21,0.6302469135802469
VIERZON,LIMOGES BENEDICTINS,22,0.6367283950617284
VIERZON,LIMOGES BENEDICTINS,23,0.637962962962963
VIERZON,LIMOGES BENEDICTINS,24,0.643343653250774
VIERZON,LIMOGES BENEDICTINS,25,0.6481366459627329
VIERZON,LIMOGES BENEDICTINS,26,0.6613354037267081
VIERZON,LIMOGES BENEDICTINS,27,0.6552959501557633
VIERZON,LIMOGES BENEDICTINS,28,0.6609034267912772
VIERZON,LIMOGES BENEDICTINS,29,0.6506230529595015
VIERZON,LIMOGES BENEDICTINS,30,0.04796238244514107
VIERZON,MONTAUBAN VILLE BOURBON,0,0.7320652173913044
VIERZON,MONTAUBAN VILLE BOURBON,1,0.7063405797101449
VIERZON,MONTAUBAN VILLE BOURBON,2,0.6592391304347825
VIERZON,MONTAUBAN VILLE BOURBON,3,0.6452898550724637
VIERZON,MONTAUBAN VILLE BOURBON,4,0.46436363636363637
VIERZON,MONTAUBAN VILLE BOURBON,5,0.4581818181818182
VIERZON,MONTAUBAN VILLE BOURBON,6,0.4257299270072993
VIERZON,MONTAUBAN VILLE BOURBON,7,0.3861313868613139
VIERZON,MONTAUBAN VILLE BOURBON,8,0.3687956204379562
VIERZON,MONTAUBAN VILLE BOURBON,9,0.3742700729927007
VIERZON,MONTAUBAN VILLE BOURBON,10,0.3813868613138686
VIERZON,MONTAUBAN VILLE BOURBON,11,0.38846153846153847
VIERZON,MONTAUBAN VILLE BOURBON,12,0.30824175824175826
VIERZON,MONTAUBAN VILLE BOURBON,13,0.30312500000000003
VIERZON,MONTAUBAN VILLE BOURBON,14,0.2887867647058823
VIERZON,MONTAUBAN VILLE BOURBON,15,0.25128676470588235
VIERZON,MONTAUBAN VILLE BOURBON,16,0.25625000000000003
VIERZON,MONTAUBAN VILLE BOURBON,17,0.2645220588235294
VIERZON,MONTAUBAN VILLE BOURBON,18,0.2682656826568266
VIERZON,MONTAUBAN VILLE BOURBON,19,0.27055555555555555
VIERZON,MONTAUBAN VILLE BOURBON,20,0.27546468401486984
VIERZON,MONTAUBAN VILLE BOURBON,21,0.2787313432835821
VIERZON,MONTAUBAN VILLE BOURBON,22,0.2899628252788104
VIERZON,MONTAUBAN VILLE BOURBON,23,0.2900749063670412
VIERZON,MONTAUBAN VILLE BOURBON,24,0.2943609022556391
VIERZON,MONTAUBAN VILLE BOURBON,25,0.3030188679245283
VIERZON,MONTAUBAN VILLE BOURBON,26,0.3047348484848485
VIERZON,MONTAUBAN VILLE BOURBON,27,0.3300380228136882
VIERZON,MONTAUBAN VILLE BOURBON,28,0.332442748091603
VIERZON,MONTAUBAN VILLE BOURBON,29,0.33275862068965517
VIERZON,MONTAUBAN VILLE BOURBON,30,0.036293436293436294
VIERZON,PARIS (intramuros),0,1.0
VIERZON,PARIS (intramuros),1,1.0
VIERZON,PARIS (intramuros),2,1.0
VIERZON,PARIS (intramuros),3,1.0
VIERZON,PARIS (intramuros),4,1.0
VIERZON,PARIS (intramuros),5,1.0
VIERZON,PARIS (intramuros),6,1.0
VIERZON,PARIS (intramuros),7,1.0
VIERZON,PARIS (intramuros),8,1.0
VIERZON,SOUILLAC,0,0.8083860759493671
VIERZON,SOUILLAC,1,0.7890822784810126
VIERZON,SOUILLAC,2,0.7629746835443038
VIERZON,SOUILLAC,3,0.7244444444444444
VIERZON,SOUILLAC,4,0.5187301587301587
VIERZON,SOUILLAC,5,0.5111111111111111
VIERZON,SOUILLAC,6,0.4746031746031746
VIERZON,SOUILLAC,7,0.43333333333333335
VIERZON,SOUILLAC,8,0.3977777777777778
VIERZON,SOUILLAC,9,0.39904761904761904
VIERZON,SOUILLAC,10,0.4180952380952381
VIERZON,SOUILLAC,11,0.42691082802547775
VIERZON,SOUILLAC,12,0.353343949044586
VIERZON,SOUILLAC,13,0.347444089456869
VIERZON,SOUILLAC,14,0.334185303514377
VIERZON,SOUILLAC,15,0.3190095846645367
VIERZON,SOUILLAC,16,0.3247603833865815
VIERZON,SOUILLAC,17,0.32891373801916934
VIERZON,SOUILLAC,18,0.33477564102564106
VIERZON,SOUILLAC,19,0.3405144694533762
VIERZON,SOUILLAC,20,0.34693548387096773
VIERZON,SOUILLAC,21,0.3546925566343042
VIERZON,SOUILLAC,22,0.36877022653721686
VIERZON,SOUILLAC,23,0.3704545454545454
VIERZON,SOUILLAC,24,0.3701954397394137
VIERZON,SOUILLAC,25,0.37450980392156863
VIERZON,SOUILLAC,26,0.38278688524590165
VIERZON,SOUILLAC,27,0.40328947368421053
VIERZON,SOUILLAC,28,0.41204620462046204
VIERZON,SOUILLAC,29,0.41324503311258276
VIERZON,SOUILLAC,30,0.04266666666666667
VIERZON,TOULOUSE MATABIAU,0,0.7338768115942029
VIERZON,TOULOUSE MATABIAU,1,0.7047101449275363
VIERZON,TOULOUSE MATABIAU,2,0.667572463768116
VIERZON,TOULOUSE MATABIAU,3,0.6507246376811594
VIERZON,TOULOUSE MATABIAU,4,0.4632727272727273
VIERZON,TOULOUSE MATABIAU,5,0.45690909090909093
VIERZON,TOULOUSE MATABIAU,6,0.42226277372262777
VIERZON,TOULOUSE MATABIAU,7,0.3822992700729927
VIERZON,TOULOUSE MATABIAU,8,0.3673357664233577
VIERZON,TOULOUSE MATABIAU,9,0.37937956204379564
VIERZON,TOULOUSE MATABIAU,10,0.3848540145985402
VIERZON,TOULOUSE MATABIAU,11,0.39065934065934066
VIERZON,TOULOUSE MATABIAU,12,0.304029304029304
VIERZON,TOULOUSE MATABIAU,13,0.30312500000000003
VIERZON,TOULOUSE MATABIAU,14,0.2898897058823529
VIERZON,TOULOUSE MATABIAU,15,0.2536764705882353
VIERZON,TOULOUSE MATABIAU,16,0.25606617647058827
VIERZON,TOULOUSE MATABIAU,17,0.2647058823529412
VIERZON,TOULOUSE MATABIAU,18,0.26845018450184505
VIERZON,TOULOUSE MATABIAU,19,0.2696296296296296
VIERZON,TOULOUSE MATABIAU,20,0.27527881040892194
VIERZON,TOULOUSE MATABIAU,21,0.27630597014925373
VIERZON,TOULOUSE MATABIAU,22,0.2905204460966543
VIERZON,TOULOUSE MATABIAU,23,0.2900749063670412
VIERZON,TOULOUSE MATABIAU,24,0.2949248120300752
VIERZON,TOULOUSE MATABIAU,25,0.3052830188679245
VIERZON,TOULOUSE MATABIAU,26,0.3079545454545454
VIERZON,TOULOUSE MATABIAU,27,0.3313688212927757
VIERZON,TOULOUSE MATABIAU,28,0.3345419847328244
VIERZON,TOULOUSE MATABIAU,29,0.33678160919540234
VIERZON,TOULOUSE MATABIAU,30,0.02644787644787645
VIERZON,UZERCHE,0,0.9312913907284768
VIERZON,UZERCHE,1,0.8996688741721854
VIERZON,UZERCHE,2,0.877317880794702
VIERZON,UZERCHE,3,0.8614238410596026
VIERZON,UZERCHE,4,0.7092715231788079
VIERZON,UZERCHE,5,0.6938741721854305
VIERZON,UZERCHE,6,0.6814569536423841
VIERZON,UZERCHE,7,0.6865894039735099
VIERZON,UZERCHE,8,0.6731788079470199
VIERZON,UZERCHE,9,0.6665562913907285
VIERZON,UZERCHE,10,0.6725165562913907
VIERZON,UZERCHE,11,0.6920529801324503
VIERZON,UZERCHE,12,0.6190397350993377
VIERZON,UZERCHE,13,0.6142384105960265
VIERZON,UZERCHE,14,0.6129139072847682
VIERZON,UZERCHE,15,0.5998349834983498
VIERZON,UZERCHE,16,0.6090759075907591
VIERZON,UZERCHE,17,0.6204620462046204
VIERZON,UZERCHE,18,0.623841059602649
VIERZON,UZERCHE,19,0.6172757475083057
VIERZON,UZERCHE,20,0.6171666666666666
VIERZON,UZERCHE,21,0.6071666666666666
VIERZON,UZERCHE,22,0.607
VIERZON,UZERCHE,23,0.6039867109634552
VIERZON,UZERCHE,24,0.6088333333333333
VIERZON,UZERCHE,25,0.6115384615384615
VIERZON,UZERCHE,26,0.6317114093959731
VIERZON,UZERCHE,27,0.6308080808080808
VIERZON,UZERCHE,28,0.6267676767676768
VIERZON,UZERCHE,29,0.6151515151515151
VIERZON,UZERCHE,30,0.05372881355932203
