origine,destination,delta_days,proba_open
AURAY,LORIENT,0,0.9989795918367347
AURAY,LORIENT,1,0.9995639534883721
AURAY,LORIENT,2,0.9984011627906977
AURAY,LORIENT,3,0.997093023255814
AURAY,LORIENT,4,0.9912790697674418
AURAY,LORIENT,5,0.9831395348837209
AURAY,LORIENT,6,0.9789244186046512
AURAY,LORIENT,7,0.9747093023255814
AURAY,LORIENT,8,0.961046511627907
AURAY,LORIENT,9,0.957703488372093
AURAY,LORIENT,10,0.9433139534883721
AURAY,LORIENT,11,0.9189504373177843
AURAY,LORIENT,12,0.8338192419825073
AURAY,LORIENT,13,0.8099125364431488
AURAY,LORIENT,14,0.7723684210526315
AURAY,LORIENT,15,0.749561403508772
AURAY,LORIENT,16,0.7222873900293255
AURAY,LORIENT,17,0.7043988269794721
AURAY,LORIENT,18,0.695307917888563
AURAY,LORIENT,19,0.6612903225806451
AURAY,LORIENT,20,0.6373900293255131
AURAY,LORIENT,21,0.6205882352941177
AURAY,LORIENT,22,0.6055882352941176
AURAY,LORIENT,23,0.5933823529411765
AURAY,LORIENT,24,0.5730088495575221
AURAY,LORIENT,25,0.5421597633136095
AURAY,LORIENT,26,0.5281899109792285
AURAY,LORIENT,27,0.5057863501483679
AURAY,LORIENT,28,0.49850746268656715
AURAY,LORIENT,29,0.48742514970059886
AURAY,LORIENT,30,0.09534534534534535
AURAY,QUIMPER,0,0.9994169096209913
AURAY,QUIMPER,1,0.9995626822157435
AURAY,QUIMPER,2,0.9989825581395348
AURAY,QUIMPER,3,0.9981104651162791
AURAY,QUIMPER,4,0.9789244186046512
AURAY,QUIMPER,5,0.9655523255813953
AURAY,QUIMPER,6,0.9565406976744186
AURAY,QUIMPER,7,0.9424418604651162
AURAY,QUIMPER,8,0.9209302325581395
AURAY,QUIMPER,9,0.9039244186046511
AURAY,QUIMPER,10,0.8851744186046512
AURAY,QUIMPER,11,0.860204081632653
AURAY,QUIMPER,12,0.7596209912536444
AURAY,QUIMPER,13,0.7395043731778426
AURAY,QUIMPER,14,0.710233918128655
AURAY,QUIMPER,15,0.6923976608187135
AURAY,QUIMPER,16,0.6599706744868036
AURAY,QUIMPER,17,0.6364705882352941
AURAY,QUIMPER,18,0.6225
AURAY,QUIMPER,19,0.5898230088495575
AURAY,QUIMPER,20,0.5712389380530973
AURAY,QUIMPER,21,0.5562130177514792
AURAY,QUIMPER,22,0.5350591715976332
AURAY,QUIMPER,23,0.5297337278106509
AURAY,QUIMPER,24,0.5074183976261127
AURAY,QUIMPER,25,0.4921130952380952
AURAY,QUIMPER,26,0.4774626865671641
AURAY,QUIMPER,27,0.4507462686567164
AURAY,QUIMPER,28,0.44084084084084085
AURAY,QUIMPER,29,0.4292168674698795
AURAY,QUIMPER,30,0.05
AURAY,QUIMPERLE,0,0.9968277945619335
AURAY,QUIMPERLE,1,0.9968277945619335
AURAY,QUIMPERLE,2,0.9817771084337349
AURAY,QUIMPERLE,3,0.9640060240963856
AURAY,QUIMPERLE,4,0.869277108433735
AURAY,QUIMPERLE,5,0.8182779456193354
AURAY,QUIMPERLE,6,0.7950151057401812
AURAY,QUIMPERLE,7,0.758030303030303
AURAY,QUIMPERLE,8,0.7087878787878789
AURAY,QUIMPERLE,9,0.6577272727272727
AURAY,QUIMPERLE,10,0.6018181818181818
AURAY,QUIMPERLE,11,0.5407294832826748
AURAY,QUIMPERLE,12,0.3846036585365854
AURAY,QUIMPERLE,13,0.3629969418960245
AURAY,QUIMPERLE,14,0.3473926380368098
AURAY,QUIMPERLE,15,0.33676923076923077
AURAY,QUIMPERLE,16,0.3087962962962963
AURAY,QUIMPERLE,17,0.2996904024767802
AURAY,QUIMPERLE,18,0.2868012422360248
AURAY,QUIMPERLE,19,0.27056074766355137
AURAY,QUIMPERLE,20,0.255625
AURAY,QUIMPERLE,21,0.23640625
AURAY,QUIMPERLE,22,0.22610062893081762
AURAY,QUIMPERLE,23,0.2080188679245283
AURAY,QUIMPERLE,24,0.20284810126582276
AURAY,QUIMPERLE,25,0.18698412698412697
AURAY,QUIMPERLE,26,0.18200636942675158
AURAY,QUIMPERLE,27,0.1781847133757962
AURAY,QUIMPERLE,28,0.1805111821086262
AURAY,QUIMPERLE,29,0.18942307692307692
AURAY,QUIMPERLE,30,0.03102893890675241
AURAY,ROSPORDEN,0,0.9967359050445104
AURAY,ROSPORDEN,1,0.9974777448071216
AURAY,ROSPORDEN,2,0.9832840236686391
AURAY,ROSPORDEN,3,0.965680473372781
AURAY,ROSPORDEN,4,0.8788461538461538
AURAY,ROSPORDEN,5,0.8255192878338279
AURAY,ROSPORDEN,6,0.8010385756676558
AURAY,ROSPORDEN,7,0.7595238095238095
AURAY,ROSPORDEN,8,0.7087797619047619
AURAY,ROSPORDEN,9,0.6546130952380952
AURAY,ROSPORDEN,10,0.5949404761904762
AURAY,ROSPORDEN,11,0.55
AURAY,ROSPORDEN,12,0.38428143712574847
AURAY,ROSPORDEN,13,0.35765765765765767
AURAY,ROSPORDEN,14,0.34262048192771083
AURAY,ROSPORDEN,15,0.3342900302114804
AURAY,ROSPORDEN,16,0.30712121212121213
AURAY,ROSPORDEN,17,0.2951367781155015
AURAY,ROSPORDEN,18,0.28292682926829266
AURAY,ROSPORDEN,19,0.2665137614678899
AURAY,ROSPORDEN,20,0.24984662576687117
AURAY,ROSPORDEN,21,0.23420245398773004
AURAY,ROSPORDEN,22,0.2205246913580247
AURAY,ROSPORDEN,23,0.2041666666666667
AURAY,ROSPORDEN,24,0.19596273291925467
AURAY,ROSPORDEN,25,0.18006230529595016
AURAY,ROSPORDEN,26,0.17890625
AURAY,ROSPORDEN,27,0.1759375
AURAY,ROSPORDEN,28,0.17664576802507836
AURAY,ROSPORDEN,29,0.18962264150943395
AURAY,ROSPORDEN,30,0.02302839116719243
DOL DE BRETAGNE,ST MALO,0,0.9945906432748537
DOL DE BRETAGNE,ST MALO,1,0.9953216374269005
DOL DE BRETAGNE,ST MALO,2,0.9986842105263158
DOL DE BRETAGNE,ST MALO,3,0.9988304093567252
DOL DE BRETAGNE,ST MALO,4,0.9872807017543859
DOL DE BRETAGNE,ST MALO,5,0.983625730994152
DOL DE BRETAGNE,ST MALO,6,0.9823099415204678
DOL DE BRETAGNE,ST MALO,7,0.9719298245614034
DOL DE BRETAGNE,ST MALO,8,0.9567448680351907
DOL DE BRETAGNE,ST MALO,9,0.9338709677419355
DOL DE BRETAGNE,ST MALO,10,0.910117302052786
DOL DE BRETAGNE,ST MALO,11,0.8848973607038123
DOL DE BRETAGNE,ST MALO,12,0.7912023460410558
DOL DE BRETAGNE,ST MALO,13,0.778299120234604
DOL DE BRETAGNE,ST MALO,14,0.7585043988269794
DOL DE BRETAGNE,ST MALO,15,0.7508823529411766
DOL DE BRETAGNE,ST MALO,16,0.736764705882353
DOL DE BRETAGNE,ST MALO,17,0.7311764705882353
DOL DE BRETAGNE,ST MALO,18,0.7195588235294118
DOL DE BRETAGNE,ST MALO,19,0.7063235294117647
DOL DE BRETAGNE,ST MALO,20,0.6963235294117647
DOL DE BRETAGNE,ST MALO,21,0.6855457227138643
DOL DE BRETAGNE,ST MALO,22,0.6717455621301776
DOL DE BRETAGNE,ST MALO,23,0.6531065088757396
DOL DE BRETAGNE,ST MALO,24,0.6423303834808259
DOL DE BRETAGNE,ST MALO,25,0.6321005917159763
DOL DE BRETAGNE,ST MALO,26,0.623293768545994
DOL DE BRETAGNE,ST MALO,27,0.6209821428571429
DOL DE BRETAGNE,ST MALO,28,0.6140298507462686
DOL DE BRETAGNE,ST MALO,29,0.5811377245508982
DOL DE BRETAGNE,ST MALO,30,0.06726726726726727
GUINGAMP,BREST,0,0.9985422740524781
GUINGAMP,BREST,1,0.9989795918367347
GUINGAMP,BREST,2,0.9982507288629737
GUINGAMP,BREST,3,0.9967930029154518
GUINGAMP,BREST,4,0.9749271137026239
GUINGAMP,BREST,5,0.9658892128279883
GUINGAMP,BREST,6,0.9664723032069971
GUINGAMP,BREST,7,0.9578717201166181
GUINGAMP,BREST,8,0.9467930029154519
GUINGAMP,BREST,9,0.9322157434402333
GUINGAMP,BREST,10,0.9043731778425655
GUINGAMP,BREST,11,0.8813411078717202
GUINGAMP,BREST,12,0.8204081632653061
GUINGAMP,BREST,13,0.8049562682215744
GUINGAMP,BREST,14,0.7838192419825074
GUINGAMP,BREST,15,0.7606413994169096
GUINGAMP,BREST,16,0.7408163265306122
GUINGAMP,BREST,17,0.721865889212828
GUINGAMP,BREST,18,0.7116618075801749
GUINGAMP,BREST,19,0.6836734693877551
GUINGAMP,BREST,20,0.6708454810495627
GUINGAMP,BREST,21,0.6635964912280702
GUINGAMP,BREST,22,0.6469298245614035
GUINGAMP,BREST,23,0.6360703812316716
GUINGAMP,BREST,24,0.6272727272727273
GUINGAMP,BREST,25,0.6222873900293254
GUINGAMP,BREST,26,0.6065982404692082
GUINGAMP,BREST,27,0.5936764705882352
GUINGAMP,BREST,28,0.5858407079646017
GUINGAMP,BREST,29,0.58023598820059
GUINGAMP,BREST,30,0.13887240356083086
GUINGAMP,LANDERNEAU,0,0.9957680250783698
GUINGAMP,LANDERNEAU,1,0.9944444444444445
GUINGAMP,LANDERNEAU,2,0.9895061728395063
GUINGAMP,LANDERNEAU,3,0.972530864197531
GUINGAMP,LANDERNEAU,4,0.907253086419753
GUINGAMP,LANDERNEAU,5,0.8837962962962964
GUINGAMP,LANDERNEAU,6,0.8712962962962963
GUINGAMP,LANDERNEAU,7,0.8569659442724459
GUINGAMP,LANDERNEAU,8,0.8243788819875776
GUINGAMP,LANDERNEAU,9,0.7842105263157895
GUINGAMP,LANDERNEAU,10,0.7495356037151703
GUINGAMP,LANDERNEAU,11,0.7136222910216719
GUINGAMP,LANDERNEAU,12,0.6379256965944273
GUINGAMP,LANDERNEAU,13,0.6128482972136222
GUINGAMP,LANDERNEAU,14,0.5978328173374613
GUINGAMP,LANDERNEAU,15,0.5774844720496894
GUINGAMP,LANDERNEAU,16,0.550776397515528
GUINGAMP,LANDERNEAU,17,0.5364906832298136
GUINGAMP,LANDERNEAU,18,0.5178571428571429
GUINGAMP,LANDERNEAU,19,0.49472049689441
GUINGAMP,LANDERNEAU,20,0.48524844720496896
GUINGAMP,LANDERNEAU,21,0.47647975077881616
GUINGAMP,LANDERNEAU,22,0.45843749999999994
GUINGAMP,LANDERNEAU,23,0.44984375
GUINGAMP,LANDERNEAU,24,0.44671874999999994
GUINGAMP,LANDERNEAU,25,0.4443573667711599
GUINGAMP,LANDERNEAU,26,0.4278996865203762
GUINGAMP,LANDERNEAU,27,0.41383647798742135
GUINGAMP,LANDERNEAU,28,0.40725552050473185
GUINGAMP,LANDERNEAU,29,0.3884493670886076
GUINGAMP,LANDERNEAU,30,0.12761904761904763
GUINGAMP,LANNION,0,0.9674418604651163
GUINGAMP,LANNION,1,0.9857142857142858
GUINGAMP,LANNION,2,0.96796875
GUINGAMP,LANNION,3,0.9457364341085271
GUINGAMP,LANNION,4,0.7326923076923076
GUINGAMP,LANNION,5,0.6553846153846155
GUINGAMP,LANNION,6,0.6122137404580152
GUINGAMP,LANNION,7,0.5816793893129771
GUINGAMP,LANNION,8,0.535
GUINGAMP,LANNION,9,0.48091603053435117
GUINGAMP,LANNION,10,0.43653846153846154
GUINGAMP,LANNION,11,0.4393129770992366
GUINGAMP,LANNION,12,0.3519083969465649
GUINGAMP,LANNION,13,0.3297709923664122
GUINGAMP,LANNION,14,0.3198473282442748
GUINGAMP,LANNION,15,0.32346153846153847
GUINGAMP,LANNION,16,0.32251908396946566
GUINGAMP,LANNION,17,0.31461538461538463
GUINGAMP,LANNION,18,0.31946564885496187
GUINGAMP,LANNION,19,0.2980916030534351
GUINGAMP,LANNION,20,0.2916030534351145
GUINGAMP,LANNION,21,0.27977099236641223
GUINGAMP,LANNION,22,0.2717054263565891
GUINGAMP,LANNION,23,0.2676923076923077
GUINGAMP,LANNION,24,0.25736434108527134
GUINGAMP,LANNION,25,0.24615384615384617
GUINGAMP,LANNION,26,0.24
GUINGAMP,LANNION,27,0.21769230769230768
GUINGAMP,LANNION,28,0.1992307692307692
GUINGAMP,LANNION,29,0.18255813953488373
GUINGAMP,LANNION,30,0.03515625
GUINGAMP,MORLAIX,0,0.998546511627907
GUINGAMP,MORLAIX,1,0.9991279069767441
GUINGAMP,MORLAIX,2,0.9988372093023257
GUINGAMP,MORLAIX,3,0.9975290697674418
GUINGAMP,MORLAIX,4,0.9752906976744186
GUINGAMP,MORLAIX,5,0.9654069767441861
GUINGAMP,MORLAIX,6,0.9659883720930232
GUINGAMP,MORLAIX,7,0.961046511627907
GUINGAMP,MORLAIX,8,0.953779069767442
GUINGAMP,MORLAIX,9,0.93125
GUINGAMP,MORLAIX,10,0.8997093023255814
GUINGAMP,MORLAIX,11,0.8886627906976744
GUINGAMP,MORLAIX,12,0.8193313953488373
GUINGAMP,MORLAIX,13,0.8036337209302326
GUINGAMP,MORLAIX,14,0.786046511627907
GUINGAMP,MORLAIX,15,0.7518950437317784
GUINGAMP,MORLAIX,16,0.7393586005830903
GUINGAMP,MORLAIX,17,0.7240524781341108
GUINGAMP,MORLAIX,18,0.7126822157434402
GUINGAMP,MORLAIX,19,0.6854227405247814
GUINGAMP,MORLAIX,20,0.674198250728863
GUINGAMP,MORLAIX,21,0.6703216374269005
GUINGAMP,MORLAIX,22,0.656891495601173
GUINGAMP,MORLAIX,23,0.6447058823529411
GUINGAMP,MORLAIX,24,0.6405882352941177
GUINGAMP,MORLAIX,25,0.6330882352941176
GUINGAMP,MORLAIX,26,0.6167647058823529
GUINGAMP,MORLAIX,27,0.6050147492625368
GUINGAMP,MORLAIX,28,0.5961538461538461
GUINGAMP,MORLAIX,29,0.5916913946587538
GUINGAMP,MORLAIX,30,0.13616071428571427
GUINGAMP,PLOUARET TREGOR,0,0.9973837209302326
GUINGAMP,PLOUARET TREGOR,1,0.9973837209302326
GUINGAMP,PLOUARET TREGOR,2,0.9960755813953488
GUINGAMP,PLOUARET TREGOR,3,0.9853197674418605
GUINGAMP,PLOUARET TREGOR,4,0.9449127906976744
GUINGAMP,PLOUARET TREGOR,5,0.9367732558139535
GUINGAMP,PLOUARET TREGOR,6,0.9321220930232558
GUINGAMP,PLOUARET TREGOR,7,0.9122448979591836
GUINGAMP,PLOUARET TREGOR,8,0.8776967930029155
GUINGAMP,PLOUARET TREGOR,9,0.8418367346938775
GUINGAMP,PLOUARET TREGOR,10,0.8131195335276967
GUINGAMP,PLOUARET TREGOR,11,0.7752186588921283
GUINGAMP,PLOUARET TREGOR,12,0.693002915451895
GUINGAMP,PLOUARET TREGOR,13,0.6698250728862973
GUINGAMP,PLOUARET TREGOR,14,0.642128279883382
GUINGAMP,PLOUARET TREGOR,15,0.6239067055393586
GUINGAMP,PLOUARET TREGOR,16,0.5989795918367347
GUINGAMP,PLOUARET TREGOR,17,0.5865889212827988
GUINGAMP,PLOUARET TREGOR,18,0.570262390670554
GUINGAMP,PLOUARET TREGOR,19,0.5470845481049563
GUINGAMP,PLOUARET TREGOR,20,0.5352769679300291
GUINGAMP,PLOUARET TREGOR,21,0.5200292397660818
GUINGAMP,PLOUARET TREGOR,22,0.4944281524926686
GUINGAMP,PLOUARET TREGOR,23,0.48211143695014663
GUINGAMP,PLOUARET TREGOR,24,0.4751470588235294
GUINGAMP,PLOUARET TREGOR,25,0.46749999999999997
GUINGAMP,PLOUARET TREGOR,26,0.44720588235294123
GUINGAMP,PLOUARET TREGOR,27,0.42610619469026545
GUINGAMP,PLOUARET TREGOR,28,0.3989644970414201
GUINGAMP,PLOUARET TREGOR,29,0.37077151335311576
GUINGAMP,PLOUARET TREGOR,30,0.03522388059701493
LAMBALLE,BREST,0,0.9952802359882005
LAMBALLE,BREST,1,0.996165191740413
LAMBALLE,BREST,2,0.9930678466076696
LAMBALLE,BREST,3,0.9786135693215339
LAMBALLE,BREST,4,0.8980825958702064
LAMBALLE,BREST,5,0.8734513274336284
LAMBALLE,BREST,6,0.8631268436578172
LAMBALLE,BREST,7,0.8349557522123894
LAMBALLE,BREST,8,0.7920118343195266
LAMBALLE,BREST,9,0.748224852071006
LAMBALLE,BREST,10,0.7159763313609467
LAMBALLE,BREST,11,0.6791420118343195
LAMBALLE,BREST,12,0.5841715976331361
LAMBALLE,BREST,13,0.5702662721893491
LAMBALLE,BREST,14,0.5464497041420118
LAMBALLE,BREST,15,0.520919881305638
LAMBALLE,BREST,16,0.4977744807121662
LAMBALLE,BREST,17,0.4853115727002968
LAMBALLE,BREST,18,0.4635014836795252
LAMBALLE,BREST,19,0.4375370919881305
LAMBALLE,BREST,20,0.43071216617210684
LAMBALLE,BREST,21,0.41904761904761906
LAMBALLE,BREST,22,0.40343283582089556
LAMBALLE,BREST,23,0.39131736526946104
LAMBALLE,BREST,24,0.3867164179104478
LAMBALLE,BREST,25,0.38547904191616766
LAMBALLE,BREST,26,0.3690119760479042
LAMBALLE,BREST,27,0.3569069069069069
LAMBALLE,BREST,28,0.3393072289156627
LAMBALLE,BREST,29,0.3226586102719033
LAMBALLE,BREST,30,0.03318181818181819
LAMBALLE,GUINGAMP,0,0.9975073313782991
LAMBALLE,GUINGAMP,1,0.9978005865102639
LAMBALLE,GUINGAMP,2,0.9954545454545454
LAMBALLE,GUINGAMP,3,0.9816715542521994
LAMBALLE,GUINGAMP,4,0.9118768328445748
LAMBALLE,GUINGAMP,5,0.8939882697947215
LAMBALLE,GUINGAMP,6,0.8844574780058652
LAMBALLE,GUINGAMP,7,0.8636363636363636
LAMBALLE,GUINGAMP,8,0.8211764705882353
LAMBALLE,GUINGAMP,9,0.7805882352941176
LAMBALLE,GUINGAMP,10,0.743970588235294
LAMBALLE,GUINGAMP,11,0.7080882352941177
LAMBALLE,GUINGAMP,12,0.629264705882353
LAMBALLE,GUINGAMP,13,0.6119117647058824
LAMBALLE,GUINGAMP,14,0.5860294117647059
LAMBALLE,GUINGAMP,15,0.563716814159292
LAMBALLE,GUINGAMP,16,0.5380530973451327
LAMBALLE,GUINGAMP,17,0.5259587020648968
LAMBALLE,GUINGAMP,18,0.5039823008849558
LAMBALLE,GUINGAMP,19,0.48244837758112097
LAMBALLE,GUINGAMP,20,0.4669616519174042
LAMBALLE,GUINGAMP,21,0.45325443786982245
LAMBALLE,GUINGAMP,22,0.4350148367952522
LAMBALLE,GUINGAMP,23,0.421875
LAMBALLE,GUINGAMP,24,0.4170623145400594
LAMBALLE,GUINGAMP,25,0.4186011904761905
LAMBALLE,GUINGAMP,26,0.40074404761904764
LAMBALLE,GUINGAMP,27,0.3874626865671642
LAMBALLE,GUINGAMP,28,0.3702095808383234
LAMBALLE,GUINGAMP,29,0.35615615615615615
LAMBALLE,GUINGAMP,30,0.033734939759036145
LAMBALLE,LANDERNEAU,0,0.9964516129032257
LAMBALLE,LANDERNEAU,1,0.9975806451612903
LAMBALLE,LANDERNEAU,2,0.9933870967741935
LAMBALLE,LANDERNEAU,3,0.9767741935483871
LAMBALLE,LANDERNEAU,4,0.8996774193548386
LAMBALLE,LANDERNEAU,5,0.8756451612903225
LAMBALLE,LANDERNEAU,6,0.8662903225806452
LAMBALLE,LANDERNEAU,7,0.8420711974110032
LAMBALLE,LANDERNEAU,8,0.7931818181818182
LAMBALLE,LANDERNEAU,9,0.7462783171521036
LAMBALLE,LANDERNEAU,10,0.7058252427184466
LAMBALLE,LANDERNEAU,11,0.6663430420711974
LAMBALLE,LANDERNEAU,12,0.5689320388349515
LAMBALLE,LANDERNEAU,13,0.5488673139158576
LAMBALLE,LANDERNEAU,14,0.5244336569579289
LAMBALLE,LANDERNEAU,15,0.5040584415584416
LAMBALLE,LANDERNEAU,16,0.47694805194805195
LAMBALLE,LANDERNEAU,17,0.46298701298701295
LAMBALLE,LANDERNEAU,18,0.4407467532467532
LAMBALLE,LANDERNEAU,19,0.4163961038961039
LAMBALLE,LANDERNEAU,20,0.4074675324675325
LAMBALLE,LANDERNEAU,21,0.39527687296416936
LAMBALLE,LANDERNEAU,22,0.3756535947712418
LAMBALLE,LANDERNEAU,23,0.3591503267973856
LAMBALLE,LANDERNEAU,24,0.3535947712418301
LAMBALLE,LANDERNEAU,25,0.3472131147540984
LAMBALLE,LANDERNEAU,26,0.3280327868852459
LAMBALLE,LANDERNEAU,27,0.31134868421052636
LAMBALLE,LANDERNEAU,28,0.29026402640264026
LAMBALLE,LANDERNEAU,29,0.2723509933774834
LAMBALLE,LANDERNEAU,30,0.020930232558139535
LAMBALLE,MORLAIX,0,0.9976539589442814
LAMBALLE,MORLAIX,1,0.9980938416422288
LAMBALLE,MORLAIX,2,0.996041055718475
LAMBALLE,MORLAIX,3,0.9796187683284457
LAMBALLE,MORLAIX,4,0.9155425219941349
LAMBALLE,MORLAIX,5,0.8948680351906158
LAMBALLE,MORLAIX,6,0.8851906158357772
LAMBALLE,MORLAIX,7,0.8614369501466276
LAMBALLE,MORLAIX,8,0.8163235294117648
LAMBALLE,MORLAIX,9,0.776029411764706
LAMBALLE,MORLAIX,10,0.7447058823529411
LAMBALLE,MORLAIX,11,0.7130882352941176
LAMBALLE,MORLAIX,12,0.6241176470588234
LAMBALLE,MORLAIX,13,0.6082352941176471
LAMBALLE,MORLAIX,14,0.5861764705882353
LAMBALLE,MORLAIX,15,0.564306784660767
LAMBALLE,MORLAIX,16,0.5371681415929204
LAMBALLE,MORLAIX,17,0.523598820058997
LAMBALLE,MORLAIX,18,0.5041297935103245
LAMBALLE,MORLAIX,19,0.47743362831858405
LAMBALLE,MORLAIX,20,0.4690265486725664
LAMBALLE,MORLAIX,21,0.4505917159763314
LAMBALLE,MORLAIX,22,0.43649851632047476
LAMBALLE,MORLAIX,23,0.4230654761904762
LAMBALLE,MORLAIX,24,0.4160237388724035
LAMBALLE,MORLAIX,25,0.4193452380952381
LAMBALLE,MORLAIX,26,0.40059523809523806
LAMBALLE,MORLAIX,27,0.3883582089552239
LAMBALLE,MORLAIX,28,0.3690119760479042
LAMBALLE,MORLAIX,29,0.3460960960960961
LAMBALLE,MORLAIX,30,0.030873493975903613
LAMBALLE,PLOUARET TREGOR,0,0.9945427728613568
LAMBALLE,PLOUARET TREGOR,1,0.9952802359882005
LAMBALLE,PLOUARET TREGOR,2,0.9932153392330383
LAMBALLE,PLOUARET TREGOR,3,0.9783185840707964
LAMBALLE,PLOUARET TREGOR,4,0.8933628318584071
LAMBALLE,PLOUARET TREGOR,5,0.875221238938053
LAMBALLE,PLOUARET TREGOR,6,0.8625368731563421
LAMBALLE,PLOUARET TREGOR,7,0.8454142011834319
LAMBALLE,PLOUARET TREGOR,8,0.798219584569733
LAMBALLE,PLOUARET TREGOR,9,0.7532640949554896
LAMBALLE,PLOUARET TREGOR,10,0.7170623145400593
LAMBALLE,PLOUARET TREGOR,11,0.6793768545994064
LAMBALLE,PLOUARET TREGOR,12,0.5838278931750742
LAMBALLE,PLOUARET TREGOR,13,0.5614243323442136
LAMBALLE,PLOUARET TREGOR,14,0.535459940652819
LAMBALLE,PLOUARET TREGOR,15,0.5190476190476191
LAMBALLE,PLOUARET TREGOR,16,0.4965773809523809
LAMBALLE,PLOUARET TREGOR,17,0.4818452380952381
LAMBALLE,PLOUARET TREGOR,18,0.46488095238095234
LAMBALLE,PLOUARET TREGOR,19,0.4425595238095238
LAMBALLE,PLOUARET TREGOR,20,0.4324404761904762
LAMBALLE,PLOUARET TREGOR,21,0.41776119402985074
LAMBALLE,PLOUARET TREGOR,22,0.39865269461077846
LAMBALLE,PLOUARET TREGOR,23,0.3856287425149701
LAMBALLE,PLOUARET TREGOR,24,0.37739520958083833
LAMBALLE,PLOUARET TREGOR,25,0.3717717717717718
LAMBALLE,PLOUARET TREGOR,26,0.35090090090090087
LAMBALLE,PLOUARET TREGOR,27,0.3358433734939759
LAMBALLE,PLOUARET TREGOR,28,0.3157099697885196
LAMBALLE,PLOUARET TREGOR,29,0.2927272727272727
LAMBALLE,PLOUARET TREGOR,30,0.02644376899696049
LAMBALLE,ST BRIEUC,0,0.9976539589442814
LAMBALLE,ST BRIEUC,1,0.998533724340176
LAMBALLE,ST BRIEUC,2,0.996041055718475
LAMBALLE,ST BRIEUC,3,0.9826979472140763
LAMBALLE,ST BRIEUC,4,0.9303519061583577
LAMBALLE,ST BRIEUC,5,0.9126099706744868
LAMBALLE,ST BRIEUC,6,0.901466275659824
LAMBALLE,ST BRIEUC,7,0.8782991202346041
LAMBALLE,ST BRIEUC,8,0.8369117647058824
LAMBALLE,ST BRIEUC,9,0.7957352941176471
LAMBALLE,ST BRIEUC,10,0.7616176470588235
LAMBALLE,ST BRIEUC,11,0.7285294117647059
LAMBALLE,ST BRIEUC,12,0.6519117647058824
LAMBALLE,ST BRIEUC,13,0.6351470588235294
LAMBALLE,ST BRIEUC,14,0.6155882352941177
LAMBALLE,ST BRIEUC,15,0.5927728613569321
LAMBALLE,ST BRIEUC,16,0.567551622418879
LAMBALLE,ST BRIEUC,17,0.5514749262536873
LAMBALLE,ST BRIEUC,18,0.5272861356932154
LAMBALLE,ST BRIEUC,19,0.5019174041297936
LAMBALLE,ST BRIEUC,20,0.4920353982300885
LAMBALLE,ST BRIEUC,21,0.47426035502958586
LAMBALLE,ST BRIEUC,22,0.45489614243323445
LAMBALLE,ST BRIEUC,23,0.4416666666666667
LAMBALLE,ST BRIEUC,24,0.4373887240356083
LAMBALLE,ST BRIEUC,25,0.4355654761904762
LAMBALLE,ST BRIEUC,26,0.4206845238095238
LAMBALLE,ST BRIEUC,27,0.4092537313432836
LAMBALLE,ST BRIEUC,28,0.3904191616766467
LAMBALLE,ST BRIEUC,29,0.3677177177177177
LAMBALLE,ST BRIEUC,30,0.03268072289156626
LANDERNEAU,BREST,0,0.9935483870967742
LANDERNEAU,BREST,1,0.9941348973607038
LANDERNEAU,BREST,2,0.9932551319648093
LANDERNEAU,BREST,3,0.9901759530791788
LANDERNEAU,BREST,4,0.9492668621700879
LANDERNEAU,BREST,5,0.9360703812316715
LANDERNEAU,BREST,6,0.9343108504398827
LANDERNEAU,BREST,7,0.9176470588235294
LANDERNEAU,BREST,8,0.8873156342182891
LANDERNEAU,BREST,9,0.8545588235294118
LANDERNEAU,BREST,10,0.8208823529411765
LANDERNEAU,BREST,11,0.7880882352941176
LANDERNEAU,BREST,12,0.69
LANDERNEAU,BREST,13,0.6688235294117647
LANDERNEAU,BREST,14,0.6408823529411765
LANDERNEAU,BREST,15,0.6224188790560472
LANDERNEAU,BREST,16,0.6047197640117994
LANDERNEAU,BREST,17,0.5882005899705015
LANDERNEAU,BREST,18,0.5706489675516224
LANDERNEAU,BREST,19,0.5491150442477877
LANDERNEAU,BREST,20,0.5445427728613569
LANDERNEAU,BREST,21,0.537130177514793
LANDERNEAU,BREST,22,0.5218100890207715
LANDERNEAU,BREST,23,0.5108308605341246
LANDERNEAU,BREST,24,0.5002967359050445
LANDERNEAU,BREST,25,0.5013392857142857
LANDERNEAU,BREST,26,0.48080357142857144
LANDERNEAU,BREST,27,0.4716417910447761
LANDERNEAU,BREST,28,0.45299401197604794
LANDERNEAU,BREST,29,0.42912912912912915
LANDERNEAU,BREST,30,0.043373493975903614
LAVAL,AURAY,0,0.5492307692307692
LAVAL,AURAY,1,0.5453367875647669
LAVAL,AURAY,2,0.5492268041237113
LAVAL,AURAY,3,0.5414507772020726
LAVAL,AURAY,4,0.16145833333333334
LAVAL,AURAY,5,0.13795811518324608
LAVAL,AURAY,6,0.12842105263157894
LAVAL,AURAY,7,0.11931216931216931
LAVAL,AURAY,8,0.10664893617021277
LAVAL,AURAY,9,0.11481481481481481
LAVAL,AURAY,10,0.11243386243386243
LAVAL,AURAY,11,0.1125668449197861
LAVAL,AURAY,12,0.04838709677419355
LAVAL,AURAY,13,0.04162162162162162
LAVAL,AURAY,14,0.04565217391304348
LAVAL,AURAY,15,0.04726775956284153
LAVAL,AURAY,16,0.03885869565217392
LAVAL,AURAY,17,0.04157608695652174
LAVAL,AURAY,18,0.045081967213114756
LAVAL,AURAY,19,0.050824175824175824
LAVAL,AURAY,20,0.05662983425414365
LAVAL,AURAY,21,0.06833333333333334
LAVAL,AURAY,22,0.0664804469273743
LAVAL,AURAY,23,0.06472222222222222
LAVAL,AURAY,24,0.06555555555555556
LAVAL,AURAY,25,0.07262569832402235
LAVAL,AURAY,26,0.07949438202247192
LAVAL,AURAY,27,0.07909604519774012
LAVAL,AURAY,28,0.08380681818181818
LAVAL,AURAY,29,0.08514285714285715
LAVAL,AURAY,30,0.01695402298850575
LAVAL,BREST,0,0.4288194444444444
LAVAL,BREST,1,0.4297945205479452
LAVAL,BREST,2,0.4131944444444444
LAVAL,BREST,3,0.41223776223776226
LAVAL,BREST,4,0.1951388888888889
LAVAL,BREST,5,0.17326388888888888
LAVAL,BREST,6,0.17048611111111112
LAVAL,BREST,7,0.16999999999999998
LAVAL,BREST,8,0.16815068493150687
LAVAL,BREST,9,0.17847222222222223
LAVAL,BREST,10,0.1618881118881119
LAVAL,BREST,11,0.16805555555555554
LAVAL,BREST,12,0.06388888888888888
LAVAL,BREST,13,0.046875
LAVAL,BREST,14,0.04479166666666667
LAVAL,BREST,15,0.049305555555555554
LAVAL,BREST,16,0.06690140845070422
LAVAL,BREST,17,0.08262411347517731
LAVAL,BREST,18,0.09154929577464789
LAVAL,BREST,19,0.08345070422535211
LAVAL,BREST,20,0.07429577464788732
LAVAL,BREST,21,0.07323943661971831
LAVAL,BREST,22,0.0721830985915493
LAVAL,BREST,23,0.07250000000000001
LAVAL,BREST,24,0.0737410071942446
LAVAL,BREST,25,0.07857142857142857
LAVAL,BREST,26,0.09571428571428571
LAVAL,BREST,27,0.10107142857142858
LAVAL,BREST,28,0.10392857142857144
LAVAL,BREST,29,0.08964285714285715
LAVAL,BREST,30,0.017985611510791366
LAVAL,DOL DE BRETAGNE,0,0.7450146627565982
LAVAL,DOL DE BRETAGNE,1,0.7281524926686217
LAVAL,DOL DE BRETAGNE,2,0.7258064516129032
LAVAL,DOL DE BRETAGNE,3,0.7089442815249267
LAVAL,DOL DE BRETAGNE,4,0.5175953079178885
LAVAL,DOL DE BRETAGNE,5,0.5073313782991202
LAVAL,DOL DE BRETAGNE,6,0.4983870967741935
LAVAL,DOL DE BRETAGNE,7,0.4975073313782991
LAVAL,DOL DE BRETAGNE,8,0.48764705882352943
LAVAL,DOL DE BRETAGNE,9,0.49220588235294116
LAVAL,DOL DE BRETAGNE,10,0.49
LAVAL,DOL DE BRETAGNE,11,0.47264705882352936
LAVAL,DOL DE BRETAGNE,12,0.33338235294117646
LAVAL,DOL DE BRETAGNE,13,0.3373529411764706
LAVAL,DOL DE BRETAGNE,14,0.3438053097345133
LAVAL,DOL DE BRETAGNE,15,0.3464497041420118
LAVAL,DOL DE BRETAGNE,16,0.35710059171597636
LAVAL,DOL DE BRETAGNE,17,0.36168639053254437
LAVAL,DOL DE BRETAGNE,18,0.3637573964497042
LAVAL,DOL DE BRETAGNE,19,0.34896449704142013
LAVAL,DOL DE BRETAGNE,20,0.3523668639053254
LAVAL,DOL DE BRETAGNE,21,0.3596439169139466
LAVAL,DOL DE BRETAGNE,22,0.36294642857142856
LAVAL,DOL DE BRETAGNE,23,0.3678571428571428
LAVAL,DOL DE BRETAGNE,24,0.3676557863501484
LAVAL,DOL DE BRETAGNE,25,0.38035714285714284
LAVAL,DOL DE BRETAGNE,26,0.38238805970149253
LAVAL,DOL DE BRETAGNE,27,0.39056886227544907
LAVAL,DOL DE BRETAGNE,28,0.4057057057057057
LAVAL,DOL DE BRETAGNE,29,0.39954819277108433
LAVAL,DOL DE BRETAGNE,30,0.04006024096385542
LAVAL,GUINGAMP,0,0.42551724137931035
LAVAL,GUINGAMP,1,0.42925170068027213
LAVAL,GUINGAMP,2,0.3996551724137931
LAVAL,GUINGAMP,3,0.4083333333333333
LAVAL,GUINGAMP,4,0.1896551724137931
LAVAL,GUINGAMP,5,0.17655172413793105
LAVAL,GUINGAMP,6,0.1713793103448276
LAVAL,GUINGAMP,7,0.17054794520547945
LAVAL,GUINGAMP,8,0.1663265306122449
LAVAL,GUINGAMP,9,0.1713793103448276
LAVAL,GUINGAMP,10,0.15833333333333333
LAVAL,GUINGAMP,11,0.1627586206896552
LAVAL,GUINGAMP,12,0.05862068965517241
LAVAL,GUINGAMP,13,0.04689655172413793
LAVAL,GUINGAMP,14,0.04482758620689655
LAVAL,GUINGAMP,15,0.04758620689655173
LAVAL,GUINGAMP,16,0.05944055944055944
LAVAL,GUINGAMP,17,0.07992957746478872
LAVAL,GUINGAMP,18,0.08986013986013985
LAVAL,GUINGAMP,19,0.08286713286713286
LAVAL,GUINGAMP,20,0.07342657342657342
LAVAL,GUINGAMP,21,0.07202797202797204
LAVAL,GUINGAMP,22,0.07132867132867132
LAVAL,GUINGAMP,23,0.07198581560283689
LAVAL,GUINGAMP,24,0.07178571428571429
LAVAL,GUINGAMP,25,0.07588652482269503
LAVAL,GUINGAMP,26,0.09680851063829787
LAVAL,GUINGAMP,27,0.09964539007092198
LAVAL,GUINGAMP,28,0.10425531914893617
LAVAL,GUINGAMP,29,0.09326241134751773
LAVAL,GUINGAMP,30,0.018571428571428572
LAVAL,LAMBALLE,0,0.35390625
LAVAL,LAMBALLE,1,0.33359375
LAVAL,LAMBALLE,2,0.27936507936507937
LAVAL,LAMBALLE,3,0.21532258064516127
LAVAL,LAMBALLE,4,0.08333333333333333
LAVAL,LAMBALLE,5,0.053968253968253964
LAVAL,LAMBALLE,6,0.03888888888888889
LAVAL,LAMBALLE,7,0.04375
LAVAL,LAMBALLE,8,0.034375
LAVAL,LAMBALLE,9,0.03387096774193549
LAVAL,LAMBALLE,10,0.03333333333333333
LAVAL,LAMBALLE,11,0.04444444444444444
LAVAL,LAMBALLE,12,0.023809523809523808
LAVAL,LAMBALLE,13,0.019047619047619046
LAVAL,LAMBALLE,14,0.015079365079365078
LAVAL,LAMBALLE,15,0.016666666666666666
LAVAL,LAMBALLE,16,0.018032786885245903
LAVAL,LAMBALLE,17,0.029838709677419355
LAVAL,LAMBALLE,18,0.03387096774193549
LAVAL,LAMBALLE,19,0.03225806451612903
LAVAL,LAMBALLE,20,0.03225806451612903
LAVAL,LAMBALLE,21,0.03225806451612903
LAVAL,LAMBALLE,22,0.03306451612903225
LAVAL,LAMBALLE,23,0.034166666666666665
LAVAL,LAMBALLE,24,0.03360655737704918
LAVAL,LAMBALLE,25,0.03360655737704918
LAVAL,LAMBALLE,26,0.03278688524590164
LAVAL,LAMBALLE,27,0.03442622950819672
LAVAL,LAMBALLE,28,0.04344262295081967
LAVAL,LAMBALLE,29,0.033606557377049186
LAVAL,LAMBALLE,30,0.006666666666666667
LAVAL,LORIENT,0,0.7772093023255814
LAVAL,LORIENT,1,0.7704225352112676
LAVAL,LORIENT,2,0.7686046511627908
LAVAL,LORIENT,3,0.7474418604651162
LAVAL,LORIENT,4,0.48674418604651165
LAVAL,LORIENT,5,0.45906976744186045
LAVAL,LORIENT,6,0.4394859813084112
LAVAL,LORIENT,7,0.42089201877934274
LAVAL,LORIENT,8,0.34787735849056606
LAVAL,LORIENT,9,0.34697674418604646
LAVAL,LORIENT,10,0.32708333333333334
LAVAL,LORIENT,11,0.30953488372093024
LAVAL,LORIENT,12,0.15302325581395348
LAVAL,LORIENT,13,0.15186915887850466
LAVAL,LORIENT,14,0.15985915492957745
LAVAL,LORIENT,15,0.16650943396226414
LAVAL,LORIENT,16,0.16361502347417842
LAVAL,LORIENT,17,0.16009389671361504
LAVAL,LORIENT,18,0.16492890995260662
LAVAL,LORIENT,19,0.15687203791469195
LAVAL,LORIENT,20,0.15642857142857144
LAVAL,LORIENT,21,0.17200956937799045
LAVAL,LORIENT,22,0.17464114832535885
LAVAL,LORIENT,23,0.185
LAVAL,LORIENT,24,0.1880952380952381
LAVAL,LORIENT,25,0.19134615384615383
LAVAL,LORIENT,26,0.20120772946859902
LAVAL,LORIENT,27,0.20145631067961164
LAVAL,LORIENT,28,0.2097560975609756
LAVAL,LORIENT,29,0.21121951219512194
LAVAL,LORIENT,30,0.024509803921568627
LAVAL,MORLAIX,0,0.4382758620689655
LAVAL,MORLAIX,1,0.4173469387755102
LAVAL,MORLAIX,2,0.40586206896551724
LAVAL,MORLAIX,3,0.4003472222222222
LAVAL,MORLAIX,4,0.18862068965517242
LAVAL,MORLAIX,5,0.17344827586206896
LAVAL,MORLAIX,6,0.17482758620689656
LAVAL,MORLAIX,7,0.17705479452054795
LAVAL,MORLAIX,8,0.17244897959183675
LAVAL,MORLAIX,9,0.17482758620689656
LAVAL,MORLAIX,10,0.1638888888888889
LAVAL,MORLAIX,11,0.1724137931034483
LAVAL,MORLAIX,12,0.05758620689655172
LAVAL,MORLAIX,13,0.04482758620689655
LAVAL,MORLAIX,14,0.04448275862068966
LAVAL,MORLAIX,15,0.04758620689655173
LAVAL,MORLAIX,16,0.06013986013986014
LAVAL,MORLAIX,17,0.0823943661971831
LAVAL,MORLAIX,18,0.09090909090909091
LAVAL,MORLAIX,19,0.08111888111888112
LAVAL,MORLAIX,20,0.07377622377622378
LAVAL,MORLAIX,21,0.07132867132867132
LAVAL,MORLAIX,22,0.07097902097902098
LAVAL,MORLAIX,23,0.07198581560283689
LAVAL,MORLAIX,24,0.07392857142857143
LAVAL,MORLAIX,25,0.07588652482269503
LAVAL,MORLAIX,26,0.0950354609929078
LAVAL,MORLAIX,27,0.10319148936170214
LAVAL,MORLAIX,28,0.10390070921985815
LAVAL,MORLAIX,29,0.09361702127659574
LAVAL,MORLAIX,30,0.0175
LAVAL,QUIMPER,0,0.4533149171270718
LAVAL,QUIMPER,1,0.4608333333333334
LAVAL,QUIMPER,2,0.4886740331491713
LAVAL,QUIMPER,3,0.5005524861878453
LAVAL,QUIMPER,4,0.15469613259668508
LAVAL,QUIMPER,5,0.13646408839779006
LAVAL,QUIMPER,6,0.1361111111111111
LAVAL,QUIMPER,7,0.1270949720670391
LAVAL,QUIMPER,8,0.12247191011235956
LAVAL,QUIMPER,9,0.12833333333333335
LAVAL,QUIMPER,10,0.12541436464088399
LAVAL,QUIMPER,11,0.12166666666666666
LAVAL,QUIMPER,12,0.05694444444444444
LAVAL,QUIMPER,13,0.053351955307262576
LAVAL,QUIMPER,14,0.04943820224719102
LAVAL,QUIMPER,15,0.05112994350282486
LAVAL,QUIMPER,16,0.04691011235955056
LAVAL,QUIMPER,17,0.04887640449438202
LAVAL,QUIMPER,18,0.04886363636363636
LAVAL,QUIMPER,19,0.05482954545454546
LAVAL,QUIMPER,20,0.05885714285714286
LAVAL,QUIMPER,21,0.06465517241379311
LAVAL,QUIMPER,22,0.06465517241379311
LAVAL,QUIMPER,23,0.06828571428571428
LAVAL,QUIMPER,24,0.07
LAVAL,QUIMPER,25,0.07716763005780347
LAVAL,QUIMPER,26,0.08750000000000001
LAVAL,QUIMPER,27,0.08596491228070174
LAVAL,QUIMPER,28,0.08676470588235294
LAVAL,QUIMPER,29,0.08352941176470588
LAVAL,QUIMPER,30,0.014792899408284023
LAVAL,QUIMPERLE,0,0.7687499999999999
LAVAL,QUIMPERLE,1,0.75
LAVAL,QUIMPERLE,2,0.7833333333333333
LAVAL,QUIMPERLE,3,0.805
LAVAL,QUIMPERLE,4,0.545
LAVAL,QUIMPERLE,5,0.4636363636363636
LAVAL,QUIMPERLE,6,0.45909090909090905
LAVAL,QUIMPERLE,7,0.5363636363636364
LAVAL,QUIMPERLE,8,0.49583333333333335
LAVAL,QUIMPERLE,9,0.5307692307692308
LAVAL,QUIMPERLE,10,0.5321428571428571
LAVAL,QUIMPERLE,11,0.39285714285714285
LAVAL,QUIMPERLE,12,0.29333333333333333
LAVAL,QUIMPERLE,13,0.3433333333333333
LAVAL,QUIMPERLE,14,0.35333333333333333
LAVAL,QUIMPERLE,15,0.35
LAVAL,QUIMPERLE,16,0.359375
LAVAL,QUIMPERLE,17,0.378125
LAVAL,QUIMPERLE,18,0.4
LAVAL,QUIMPERLE,19,0.38125
LAVAL,QUIMPERLE,20,0.378125
LAVAL,QUIMPERLE,21,0.36875
LAVAL,QUIMPERLE,22,0.35294117647058826
LAVAL,QUIMPERLE,23,0.38333333333333336
LAVAL,QUIMPERLE,24,0.39166666666666666
LAVAL,QUIMPERLE,25,0.4029411764705882
LAVAL,QUIMPERLE,26,0.4647058823529412
LAVAL,QUIMPERLE,27,0.47058823529411764
LAVAL,QUIMPERLE,28,0.4764705882352941
LAVAL,QUIMPERLE,29,0.41111111111111115
LAVAL,QUIMPERLE,30,0.05555555555555555
LAVAL,REDON,0,0.43812154696132594
LAVAL,REDON,1,0.4444444444444444
LAVAL,REDON,2,0.4688888888888889
LAVAL,REDON,3,0.48407821229050285
LAVAL,REDON,4,0.1345505617977528
LAVAL,REDON,5,0.1138418079096045
LAVAL,REDON,6,0.10795454545454546
LAVAL,REDON,7,0.09314285714285715
LAVAL,REDON,8,0.09454022988505746
LAVAL,REDON,9,0.09171428571428572
LAVAL,REDON,10,0.08628571428571429
LAVAL,REDON,11,0.09595375722543353
LAVAL,REDON,12,0.02877906976744186
LAVAL,REDON,13,0.019005847953216373
LAVAL,REDON,14,0.017058823529411765
LAVAL,REDON,15,0.014497041420118345
LAVAL,REDON,16,0.013529411764705882
LAVAL,REDON,17,0.013235294117647059
LAVAL,REDON,18,0.012426035502958581
LAVAL,REDON,19,0.01875
LAVAL,REDON,20,0.02215568862275449
LAVAL,REDON,21,0.028313253012048192
LAVAL,REDON,22,0.030909090909090907
LAVAL,REDON,23,0.029216867469879514
LAVAL,REDON,24,0.026506024096385545
LAVAL,REDON,25,0.03575757575757576
LAVAL,REDON,26,0.04024390243902439
LAVAL,REDON,27,0.03773006134969325
LAVAL,REDON,28,0.03981481481481482
LAVAL,REDON,29,0.04254658385093168
LAVAL,REDON,30,0.01125
LAVAL,RENNES,0,0.9780523255813953
LAVAL,RENNES,1,0.9770348837209303
LAVAL,RENNES,2,0.9704941860465117
LAVAL,RENNES,3,0.9559593023255815
LAVAL,RENNES,4,0.8186046511627908
LAVAL,RENNES,5,0.8045058139534884
LAVAL,RENNES,6,0.7857558139534884
LAVAL,RENNES,7,0.7777616279069768
LAVAL,RENNES,8,0.7481104651162791
LAVAL,RENNES,9,0.7321220930232558
LAVAL,RENNES,10,0.7343023255813953
LAVAL,RENNES,11,0.7152616279069768
LAVAL,RENNES,12,0.5151162790697674
LAVAL,RENNES,13,0.5020348837209302
LAVAL,RENNES,14,0.5004373177842566
LAVAL,RENNES,15,0.5020408163265305
LAVAL,RENNES,16,0.5141399416909621
LAVAL,RENNES,17,0.5186588921282799
LAVAL,RENNES,18,0.5196793002915452
LAVAL,RENNES,19,0.5052478134110787
LAVAL,RENNES,20,0.503061224489796
LAVAL,RENNES,21,0.5045189504373179
LAVAL,RENNES,22,0.5021865889212828
LAVAL,RENNES,23,0.5113702623906705
LAVAL,RENNES,24,0.5138483965014577
LAVAL,RENNES,25,0.5234693877551021
LAVAL,RENNES,26,0.5324561403508772
LAVAL,RENNES,27,0.5379765395894428
LAVAL,RENNES,28,0.5494134897360704
LAVAL,RENNES,29,0.5441348973607039
LAVAL,RENNES,30,0.06779411764705882
LAVAL,ROSPORDEN,0,0.7625
LAVAL,ROSPORDEN,1,0.7625
LAVAL,ROSPORDEN,2,0.7833333333333333
LAVAL,ROSPORDEN,3,0.79
LAVAL,ROSPORDEN,4,0.505
LAVAL,ROSPORDEN,5,0.45
LAVAL,ROSPORDEN,6,0.45909090909090905
LAVAL,ROSPORDEN,7,0.5454545454545454
LAVAL,ROSPORDEN,8,0.49166666666666664
LAVAL,ROSPORDEN,9,0.5423076923076923
LAVAL,ROSPORDEN,10,0.5178571428571429
LAVAL,ROSPORDEN,11,0.39285714285714285
LAVAL,ROSPORDEN,12,0.2833333333333333
LAVAL,ROSPORDEN,13,0.33999999999999997
LAVAL,ROSPORDEN,14,0.36000000000000004
LAVAL,ROSPORDEN,15,0.3625
LAVAL,ROSPORDEN,16,0.371875
LAVAL,ROSPORDEN,17,0.375
LAVAL,ROSPORDEN,18,0.39666666666666667
LAVAL,ROSPORDEN,19,0.38125
LAVAL,ROSPORDEN,20,0.378125
LAVAL,ROSPORDEN,21,0.375
LAVAL,ROSPORDEN,22,0.35000000000000003
LAVAL,ROSPORDEN,23,0.3888888888888889
LAVAL,ROSPORDEN,24,0.39722222222222225
LAVAL,ROSPORDEN,25,0.40588235294117647
LAVAL,ROSPORDEN,26,0.4676470588235294
LAVAL,ROSPORDEN,27,0.4676470588235294
LAVAL,ROSPORDEN,28,0.4735294117647059
LAVAL,ROSPORDEN,29,0.4222222222222222
LAVAL,ROSPORDEN,30,0.07222222222222223
LAVAL,ST BRIEUC,0,0.43595890410958904
LAVAL,ST BRIEUC,1,0.4280405405405405
LAVAL,ST BRIEUC,2,0.4123287671232877
LAVAL,ST BRIEUC,3,0.4072413793103448
LAVAL,ST BRIEUC,4,0.1934931506849315
LAVAL,ST BRIEUC,5,0.17671232876712328
LAVAL,ST BRIEUC,6,0.17191780821917807
LAVAL,ST BRIEUC,7,0.17448979591836733
LAVAL,ST BRIEUC,8,0.17601351351351352
LAVAL,ST BRIEUC,9,0.1797945205479452
LAVAL,ST BRIEUC,10,0.16931034482758622
LAVAL,ST BRIEUC,11,0.17260273972602738
LAVAL,ST BRIEUC,12,0.061986301369863016
LAVAL,ST BRIEUC,13,0.05273972602739726
LAVAL,ST BRIEUC,14,0.05171232876712328
LAVAL,ST BRIEUC,15,0.055479452054794515
LAVAL,ST BRIEUC,16,0.06666666666666667
LAVAL,ST BRIEUC,17,0.08776223776223777
LAVAL,ST BRIEUC,18,0.0954861111111111
LAVAL,ST BRIEUC,19,0.08715277777777779
LAVAL,ST BRIEUC,20,0.0798611111111111
LAVAL,ST BRIEUC,21,0.07743055555555556
LAVAL,ST BRIEUC,22,0.07673611111111112
LAVAL,ST BRIEUC,23,0.07816901408450704
LAVAL,ST BRIEUC,24,0.0797872340425532
LAVAL,ST BRIEUC,25,0.0806338028169014
LAVAL,ST BRIEUC,26,0.10176056338028168
LAVAL,ST BRIEUC,27,0.1073943661971831
LAVAL,ST BRIEUC,28,0.11126760563380282
LAVAL,ST BRIEUC,29,0.0971830985915493
LAVAL,ST BRIEUC,30,0.01524822695035461
LAVAL,ST MALO,0,0.8089181286549707
LAVAL,ST MALO,1,0.7969298245614035
LAVAL,ST MALO,2,0.7890350877192983
LAVAL,ST MALO,3,0.7814327485380117
LAVAL,ST MALO,4,0.5478070175438596
LAVAL,ST MALO,5,0.527046783625731
LAVAL,ST MALO,6,0.5163742690058479
LAVAL,ST MALO,7,0.5166666666666666
LAVAL,ST MALO,8,0.507748538011696
LAVAL,ST MALO,9,0.5090643274853801
LAVAL,ST MALO,10,0.5163742690058479
LAVAL,ST MALO,11,0.4988304093567251
LAVAL,ST MALO,12,0.34093567251461987
LAVAL,ST MALO,13,0.3396198830409357
LAVAL,ST MALO,14,0.34178885630498534
LAVAL,ST MALO,15,0.34516129032258064
LAVAL,ST MALO,16,0.35498533724340176
LAVAL,ST MALO,17,0.3621700879765396
LAVAL,ST MALO,18,0.3631964809384164
LAVAL,ST MALO,19,0.3539589442815249
LAVAL,ST MALO,20,0.3535190615835777
LAVAL,ST MALO,21,0.36323529411764705
LAVAL,ST MALO,22,0.3635294117647059
LAVAL,ST MALO,23,0.3689705882352941
LAVAL,ST MALO,24,0.36970588235294116
LAVAL,ST MALO,25,0.37999999999999995
LAVAL,ST MALO,26,0.38259587020648966
LAVAL,ST MALO,27,0.3892011834319527
LAVAL,ST MALO,28,0.4054733727810651
LAVAL,ST MALO,29,0.40606508875739644
LAVAL,ST MALO,30,0.047032640949554894
LAVAL,VANNES,0,0.5420512820512821
LAVAL,VANNES,1,0.5564766839378239
LAVAL,VANNES,2,0.5525773195876289
LAVAL,VANNES,3,0.5406735751295336
LAVAL,VANNES,4,0.14895833333333333
LAVAL,VANNES,5,0.1342931937172775
LAVAL,VANNES,6,0.1281578947368421
LAVAL,VANNES,7,0.11666666666666667
LAVAL,VANNES,8,0.1077127659574468
LAVAL,VANNES,9,0.11243386243386243
LAVAL,VANNES,10,0.10846560846560846
LAVAL,VANNES,11,0.11684491978609626
LAVAL,VANNES,12,0.05268817204301075
LAVAL,VANNES,13,0.04216216216216216
LAVAL,VANNES,14,0.04809782608695652
LAVAL,VANNES,15,0.04781420765027322
LAVAL,VANNES,16,0.04103260869565217
LAVAL,VANNES,17,0.042119565217391304
LAVAL,VANNES,18,0.04562841530054645
LAVAL,VANNES,19,0.05274725274725275
LAVAL,VANNES,20,0.058011049723756904
LAVAL,VANNES,21,0.06777777777777778
LAVAL,VANNES,22,0.06871508379888269
LAVAL,VANNES,23,0.06638888888888889
LAVAL,VANNES,24,0.06444444444444444
LAVAL,VANNES,25,0.07737430167597766
LAVAL,VANNES,26,0.07752808988764046
LAVAL,VANNES,27,0.07514124293785311
LAVAL,VANNES,28,0.08011363636363636
LAVAL,VANNES,29,0.08514285714285715
LAVAL,VANNES,30,0.013218390804597701
LAVAL,VITRE,0,0.8381924198250729
LAVAL,VITRE,1,0.8154518950437317
LAVAL,VITRE,2,0.7908163265306123
LAVAL,VITRE,3,0.7849854227405247
LAVAL,VITRE,4,0.5760932944606414
LAVAL,VITRE,5,0.5674927113702624
LAVAL,VITRE,6,0.5557017543859649
LAVAL,VITRE,7,0.5551319648093842
LAVAL,VITRE,8,0.5369117647058824
LAVAL,VITRE,9,0.5433823529411764
LAVAL,VITRE,10,0.5283823529411765
LAVAL,VITRE,11,0.5117647058823529
LAVAL,VITRE,12,0.3635294117647059
LAVAL,VITRE,13,0.362094395280236
LAVAL,VITRE,14,0.3642011834319526
LAVAL,VITRE,15,0.3698813056379822
LAVAL,VITRE,16,0.37566765578635014
LAVAL,VITRE,17,0.3775964391691395
LAVAL,VITRE,18,0.37967359050445104
LAVAL,VITRE,19,0.3688427299703264
LAVAL,VITRE,20,0.3773809523809524
LAVAL,VITRE,21,0.38731343283582087
LAVAL,VITRE,22,0.38820895522388066
LAVAL,VITRE,23,0.3892537313432836
LAVAL,VITRE,24,0.3895522388059702
LAVAL,VITRE,25,0.39251497005988023
LAVAL,VITRE,26,0.3933933933933934
LAVAL,VITRE,27,0.3938253012048193
LAVAL,VITRE,28,0.4125377643504532
LAVAL,VITRE,29,0.40906344410876133
LAVAL,VITRE,30,0.04393939393939394
LE MANS,AURAY,0,0.6424657534246575
LE MANS,AURAY,1,0.5972222222222222
LE MANS,AURAY,2,0.5326388888888889
LE MANS,AURAY,3,0.5041095890410958
LE MANS,AURAY,4,0.16164383561643836
LE MANS,AURAY,5,0.1541095890410959
LE MANS,AURAY,6,0.1547945205479452
LE MANS,AURAY,7,0.1273972602739726
LE MANS,AURAY,8,0.11549295774647886
LE MANS,AURAY,9,0.14444444444444446
LE MANS,AURAY,10,0.15625
LE MANS,AURAY,11,0.15555555555555556
LE MANS,AURAY,12,0.09166666666666666
LE MANS,AURAY,13,0.08611111111111111
LE MANS,AURAY,14,0.10833333333333334
LE MANS,AURAY,15,0.11830985915492959
LE MANS,AURAY,16,0.09861111111111111
LE MANS,AURAY,17,0.1
LE MANS,AURAY,18,0.1111111111111111
LE MANS,AURAY,19,0.11319444444444444
LE MANS,AURAY,20,0.11666666666666667
LE MANS,AURAY,21,0.1326388888888889
LE MANS,AURAY,22,0.126056338028169
LE MANS,AURAY,23,0.12535211267605634
LE MANS,AURAY,24,0.126056338028169
LE MANS,AURAY,25,0.12464788732394366
LE MANS,AURAY,26,0.126056338028169
LE MANS,AURAY,27,0.1295774647887324
LE MANS,AURAY,28,0.14295774647887324
LE MANS,AURAY,29,0.1357142857142857
LE MANS,AURAY,30,0.02142857142857143
LE MANS,BREST,0,0.6169856459330143
LE MANS,BREST,1,0.6069711538461539
LE MANS,BREST,2,0.5698564593301435
LE MANS,BREST,3,0.5722748815165877
LE MANS,BREST,4,0.32666666666666666
LE MANS,BREST,5,0.3212918660287082
LE MANS,BREST,6,0.3331730769230769
LE MANS,BREST,7,0.3468599033816425
LE MANS,BREST,8,0.3329268292682927
LE MANS,BREST,9,0.32971014492753625
LE MANS,BREST,10,0.3324519230769231
LE MANS,BREST,11,0.348792270531401
LE MANS,BREST,12,0.16237864077669903
LE MANS,BREST,13,0.15
LE MANS,BREST,14,0.1438423645320197
LE MANS,BREST,15,0.1416256157635468
LE MANS,BREST,16,0.1392156862745098
LE MANS,BREST,17,0.1443627450980392
LE MANS,BREST,18,0.1504950495049505
LE MANS,BREST,19,0.14875621890547264
LE MANS,BREST,20,0.14375
LE MANS,BREST,21,0.14675000000000002
LE MANS,BREST,22,0.146
LE MANS,BREST,23,0.145
LE MANS,BREST,24,0.14325
LE MANS,BREST,25,0.15175879396984923
LE MANS,BREST,26,0.15939086294416244
LE MANS,BREST,27,0.1691326530612245
LE MANS,BREST,28,0.16709183673469388
LE MANS,BREST,29,0.18794871794871795
LE MANS,BREST,30,0.022307692307692306
LE MANS,DOL DE BRETAGNE,0,0.5614583333333333
LE MANS,DOL DE BRETAGNE,1,0.4180851063829787
LE MANS,DOL DE BRETAGNE,2,0.42291666666666666
LE MANS,DOL DE BRETAGNE,3,0.37916666666666665
LE MANS,DOL DE BRETAGNE,4,0.05833333333333334
LE MANS,DOL DE BRETAGNE,5,0.027083333333333334
LE MANS,DOL DE BRETAGNE,6,0.024489795918367346
LE MANS,DOL DE BRETAGNE,7,0.029591836734693875
LE MANS,DOL DE BRETAGNE,8,0.04042553191489361
LE MANS,DOL DE BRETAGNE,9,0.043750000000000004
LE MANS,DOL DE BRETAGNE,10,0.06041666666666667
LE MANS,DOL DE BRETAGNE,11,0.078125
LE MANS,DOL DE BRETAGNE,12,0.03541666666666667
LE MANS,DOL DE BRETAGNE,13,0.025510204081632654
LE MANS,DOL DE BRETAGNE,14,0.03979591836734694
LE MANS,DOL DE BRETAGNE,15,0.04468085106382979
LE MANS,DOL DE BRETAGNE,16,0.041666666666666664
LE MANS,DOL DE BRETAGNE,17,0.040625
LE MANS,DOL DE BRETAGNE,18,0.034374999999999996
LE MANS,DOL DE BRETAGNE,19,0.040625
LE MANS,DOL DE BRETAGNE,20,0.04285714285714286
LE MANS,DOL DE BRETAGNE,21,0.039795918367346944
LE MANS,DOL DE BRETAGNE,22,0.04361702127659574
LE MANS,DOL DE BRETAGNE,23,0.043750000000000004
LE MANS,DOL DE BRETAGNE,24,0.046875
LE MANS,DOL DE BRETAGNE,25,0.08125
LE MANS,DOL DE BRETAGNE,26,0.08750000000000001
LE MANS,DOL DE BRETAGNE,27,0.07916666666666666
LE MANS,DOL DE BRETAGNE,28,0.07083333333333333
LE MANS,DOL DE BRETAGNE,29,0.041304347826086954
LE MANS,DOL DE BRETAGNE,30,0.00425531914893617
LE MANS,GUINGAMP,0,0.6124401913875598
LE MANS,GUINGAMP,1,0.6134615384615384
LE MANS,GUINGAMP,2,0.5808612440191387
LE MANS,GUINGAMP,3,0.5767772511848341
LE MANS,GUINGAMP,4,0.31357142857142856
LE MANS,GUINGAMP,5,0.31602870813397127
LE MANS,GUINGAMP,6,0.33125000000000004
LE MANS,GUINGAMP,7,0.34227053140096614
LE MANS,GUINGAMP,8,0.3285365853658536
LE MANS,GUINGAMP,9,0.32971014492753625
LE MANS,GUINGAMP,10,0.33052884615384615
LE MANS,GUINGAMP,11,0.342512077294686
LE MANS,GUINGAMP,12,0.15922330097087378
LE MANS,GUINGAMP,13,0.14681372549019608
LE MANS,GUINGAMP,14,0.1416256157635468
LE MANS,GUINGAMP,15,0.14113300492610836
LE MANS,GUINGAMP,16,0.13995098039215687
LE MANS,GUINGAMP,17,0.14460784313725492
LE MANS,GUINGAMP,18,0.14727722772277227
LE MANS,GUINGAMP,19,0.14601990049751246
LE MANS,GUINGAMP,20,0.14525
LE MANS,GUINGAMP,21,0.14675000000000002
LE MANS,GUINGAMP,22,0.14575
LE MANS,GUINGAMP,23,0.14425000000000002
LE MANS,GUINGAMP,24,0.14175000000000001
LE MANS,GUINGAMP,25,0.15251256281407036
LE MANS,GUINGAMP,26,0.1604060913705584
LE MANS,GUINGAMP,27,0.1691326530612245
LE MANS,GUINGAMP,28,0.16734693877551018
LE MANS,GUINGAMP,29,0.18923076923076923
LE MANS,GUINGAMP,30,0.02
LE MANS,LAMBALLE,0,0.6251196172248804
LE MANS,LAMBALLE,1,0.6096153846153846
LE MANS,LAMBALLE,2,0.5677033492822967
LE MANS,LAMBALLE,3,0.5732227488151659
LE MANS,LAMBALLE,4,0.30880952380952376
LE MANS,LAMBALLE,5,0.31602870813397127
LE MANS,LAMBALLE,6,0.3295673076923077
LE MANS,LAMBALLE,7,0.3388888888888889
LE MANS,LAMBALLE,8,0.32658536585365855
LE MANS,LAMBALLE,9,0.32922705314009665
LE MANS,LAMBALLE,10,0.3346153846153846
LE MANS,LAMBALLE,11,0.3340579710144928
LE MANS,LAMBALLE,12,0.15898058252427186
LE MANS,LAMBALLE,13,0.14558823529411766
LE MANS,LAMBALLE,14,0.14507389162561576
LE MANS,LAMBALLE,15,0.1399014778325123
LE MANS,LAMBALLE,16,0.13823529411764707
LE MANS,LAMBALLE,17,0.14362745098039217
LE MANS,LAMBALLE,18,0.1477722772277228
LE MANS,LAMBALLE,19,0.14601990049751246
LE MANS,LAMBALLE,20,0.14175000000000001
LE MANS,LAMBALLE,21,0.145
LE MANS,LAMBALLE,22,0.14525
LE MANS,LAMBALLE,23,0.14400000000000002
LE MANS,LAMBALLE,24,0.14225
LE MANS,LAMBALLE,25,0.15376884422110554
LE MANS,LAMBALLE,26,0.1596446700507614
LE MANS,LAMBALLE,27,0.16454081632653061
LE MANS,LAMBALLE,28,0.16607142857142856
LE MANS,LAMBALLE,29,0.18717948717948718
LE MANS,LAMBALLE,30,0.038461538461538464
LE MANS,LAVAL,0,0.947787610619469
LE MANS,LAVAL,1,0.9438053097345133
LE MANS,LAVAL,2,0.9333333333333332
LE MANS,LAVAL,3,0.9072058823529412
LE MANS,LAVAL,4,0.6419117647058824
LE MANS,LAVAL,5,0.61976401179941
LE MANS,LAVAL,6,0.6134218289085546
LE MANS,LAVAL,7,0.5762536873156342
LE MANS,LAVAL,8,0.48643067846607674
LE MANS,LAVAL,9,0.46430678466076697
LE MANS,LAVAL,10,0.4570588235294118
LE MANS,LAVAL,11,0.44528023598820055
LE MANS,LAVAL,12,0.24334319526627218
LE MANS,LAVAL,13,0.23446745562130178
LE MANS,LAVAL,14,0.242433234421365
LE MANS,LAVAL,15,0.23958333333333334
LE MANS,LAVAL,16,0.2386904761904762
LE MANS,LAVAL,17,0.2251497005988024
LE MANS,LAVAL,18,0.23063063063063063
LE MANS,LAVAL,19,0.23132530120481926
LE MANS,LAVAL,20,0.23704819277108435
LE MANS,LAVAL,21,0.24096385542168675
LE MANS,LAVAL,22,0.24212121212121213
LE MANS,LAVAL,23,0.2559090909090909
LE MANS,LAVAL,24,0.2586626139817629
LE MANS,LAVAL,25,0.2602134146341463
LE MANS,LAVAL,26,0.26574923547400614
LE MANS,LAVAL,27,0.2694189602446483
LE MANS,LAVAL,28,0.28680981595092025
LE MANS,LAVAL,29,0.28981481481481486
LE MANS,LAVAL,30,0.045370370370370366
LE MANS,LORIENT,0,0.623972602739726
LE MANS,LORIENT,1,0.6104166666666667
LE MANS,LORIENT,2,0.5361111111111111
LE MANS,LORIENT,3,0.4993150684931507
LE MANS,LORIENT,4,0.16506849315068495
LE MANS,LORIENT,5,0.1582191780821918
LE MANS,LORIENT,6,0.1541095890410959
LE MANS,LORIENT,7,0.13150684931506848
LE MANS,LORIENT,8,0.1176056338028169
LE MANS,LORIENT,9,0.1388888888888889
LE MANS,LORIENT,10,0.15416666666666667
LE MANS,LORIENT,11,0.16805555555555554
LE MANS,LORIENT,12,0.09027777777777778
LE MANS,LORIENT,13,0.08472222222222221
LE MANS,LORIENT,14,0.10138888888888889
LE MANS,LORIENT,15,0.11408450704225352
LE MANS,LORIENT,16,0.09861111111111111
LE MANS,LORIENT,17,0.09861111111111111
LE MANS,LORIENT,18,0.10902777777777778
LE MANS,LORIENT,19,0.11249999999999999
LE MANS,LORIENT,20,0.11388888888888887
LE MANS,LORIENT,21,0.13611111111111113
LE MANS,LORIENT,22,0.12746478873239436
LE MANS,LORIENT,23,0.12746478873239436
LE MANS,LORIENT,24,0.126056338028169
LE MANS,LORIENT,25,0.12746478873239436
LE MANS,LORIENT,26,0.12816901408450704
LE MANS,LORIENT,27,0.13309859154929576
LE MANS,LORIENT,28,0.14859154929577464
LE MANS,LORIENT,29,0.13357142857142856
LE MANS,LORIENT,30,0.025714285714285714
LE MANS,MORLAIX,0,0.6255980861244019
LE MANS,MORLAIX,1,0.6189903846153846
LE MANS,MORLAIX,2,0.5772727272727273
LE MANS,MORLAIX,3,0.5725118483412323
LE MANS,MORLAIX,4,0.3104761904761905
LE MANS,MORLAIX,5,0.3129186602870814
LE MANS,MORLAIX,6,0.3314903846153846
LE MANS,MORLAIX,7,0.3434782608695652
LE MANS,MORLAIX,8,0.32634146341463416
LE MANS,MORLAIX,9,0.33140096618357484
LE MANS,MORLAIX,10,0.33269230769230773
LE MANS,MORLAIX,11,0.342512077294686
LE MANS,MORLAIX,12,0.1628640776699029
LE MANS,MORLAIX,13,0.1514705882352941
LE MANS,MORLAIX,14,0.14532019704433496
LE MANS,MORLAIX,15,0.14014778325123153
LE MANS,MORLAIX,16,0.14142156862745098
LE MANS,MORLAIX,17,0.14460784313725492
LE MANS,MORLAIX,18,0.1477722772277228
LE MANS,MORLAIX,19,0.1472636815920398
LE MANS,MORLAIX,20,0.14475
LE MANS,MORLAIX,21,0.14575
LE MANS,MORLAIX,22,0.14475
LE MANS,MORLAIX,23,0.14425000000000002
LE MANS,MORLAIX,24,0.14175000000000001
LE MANS,MORLAIX,25,0.15050251256281408
LE MANS,MORLAIX,26,0.16370558375634517
LE MANS,MORLAIX,27,0.16709183673469388
LE MANS,MORLAIX,28,0.16556122448979593
LE MANS,MORLAIX,29,0.19179487179487179
LE MANS,MORLAIX,30,0.023846153846153847
LE MANS,QUIMPER,0,0.39880952380952384
LE MANS,QUIMPER,1,0.3630952380952381
LE MANS,QUIMPER,2,0.3142857142857143
LE MANS,QUIMPER,3,0.3313953488372093
LE MANS,QUIMPER,4,0.11162790697674418
LE MANS,QUIMPER,5,0.12093023255813953
LE MANS,QUIMPER,6,0.1127906976744186
LE MANS,QUIMPER,7,0.08488372093023255
LE MANS,QUIMPER,8,0.09883720930232558
LE MANS,QUIMPER,9,0.11627906976744186
LE MANS,QUIMPER,10,0.12325581395348836
LE MANS,QUIMPER,11,0.12906976744186047
LE MANS,QUIMPER,12,0.05348837209302326
LE MANS,QUIMPER,13,0.051162790697674425
LE MANS,QUIMPER,14,0.04767441860465116
LE MANS,QUIMPER,15,0.04767441860465116
LE MANS,QUIMPER,16,0.04767441860465116
LE MANS,QUIMPER,17,0.04767441860465116
LE MANS,QUIMPER,18,0.046511627906976744
LE MANS,QUIMPER,19,0.04534883720930232
LE MANS,QUIMPER,20,0.046511627906976744
LE MANS,QUIMPER,21,0.046511627906976744
LE MANS,QUIMPER,22,0.046511627906976744
LE MANS,QUIMPER,23,0.046511627906976744
LE MANS,QUIMPER,24,0.046511627906976744
LE MANS,QUIMPER,25,0.04767441860465116
LE MANS,QUIMPER,26,0.04883720930232558
LE MANS,QUIMPER,27,0.046511627906976744
LE MANS,QUIMPER,28,0.04534883720930232
LE MANS,QUIMPER,29,0.046511627906976744
LE MANS,QUIMPER,30,0.009302325581395349
LE MANS,QUIMPERLE,0,0.36
LE MANS,QUIMPERLE,1,0.24
LE MANS,QUIMPERLE,2,0.0625
LE MANS,QUIMPERLE,3,0.22000000000000003
LE MANS,QUIMPERLE,4,0.030000000000000006
LE MANS,QUIMPERLE,5,0.0
LE MANS,QUIMPERLE,6,0.0
LE MANS,QUIMPERLE,7,0.0
LE MANS,QUIMPERLE,8,0.0
LE MANS,QUIMPERLE,9,0.0
LE MANS,QUIMPERLE,10,0.01
LE MANS,QUIMPERLE,11,0.0
LE MANS,QUIMPERLE,12,0.0
LE MANS,QUIMPERLE,13,0.0
LE MANS,QUIMPERLE,14,0.0
LE MANS,QUIMPERLE,15,0.0
LE MANS,QUIMPERLE,16,0.0
LE MANS,QUIMPERLE,17,0.0
LE MANS,QUIMPERLE,18,0.0
LE MANS,QUIMPERLE,19,0.0
LE MANS,QUIMPERLE,20,0.0
LE MANS,QUIMPERLE,21,0.0
LE MANS,QUIMPERLE,22,0.0
LE MANS,QUIMPERLE,23,0.0
LE MANS,QUIMPERLE,24,0.0
LE MANS,QUIMPERLE,25,0.0
LE MANS,QUIMPERLE,26,0.0
LE MANS,QUIMPERLE,27,0.0
LE MANS,QUIMPERLE,28,0.0
LE MANS,QUIMPERLE,29,0.0
LE MANS,QUIMPERLE,30,0.0
LE MANS,RENNES,0,0.9578171091445428
LE MANS,RENNES,1,0.9603244837758113
LE MANS,RENNES,2,0.9511799410029498
LE MANS,RENNES,3,0.9317647058823529
LE MANS,RENNES,4,0.7702941176470588
LE MANS,RENNES,5,0.7523529411764707
LE MANS,RENNES,6,0.7510294117647058
LE MANS,RENNES,7,0.7460294117647059
LE MANS,RENNES,8,0.7280882352941177
LE MANS,RENNES,9,0.7258823529411765
LE MANS,RENNES,10,0.7281524926686217
LE MANS,RENNES,11,0.7164222873900293
LE MANS,RENNES,12,0.6366568914956011
LE MANS,RENNES,13,0.6307917888563049
LE MANS,RENNES,14,0.6347058823529412
LE MANS,RENNES,15,0.6358407079646018
LE MANS,RENNES,16,0.6338235294117647
LE MANS,RENNES,17,0.6300884955752212
LE MANS,RENNES,18,0.6303834808259586
LE MANS,RENNES,19,0.6300884955752212
LE MANS,RENNES,20,0.6299410029498526
LE MANS,RENNES,21,0.631508875739645
LE MANS,RENNES,22,0.6373887240356083
LE MANS,RENNES,23,0.6465875370919881
LE MANS,RENNES,24,0.6449554896142433
LE MANS,RENNES,25,0.6400593471810089
LE MANS,RENNES,26,0.6406528189910979
LE MANS,RENNES,27,0.6394345238095238
LE MANS,RENNES,28,0.6408955223880597
LE MANS,RENNES,29,0.6351796407185629
LE MANS,RENNES,30,0.06212574850299401
LE MANS,ROSPORDEN,0,0.39
LE MANS,ROSPORDEN,1,0.22999999999999998
LE MANS,ROSPORDEN,2,0.0875
LE MANS,ROSPORDEN,3,0.22999999999999998
LE MANS,ROSPORDEN,4,0.04
LE MANS,ROSPORDEN,5,0.03
LE MANS,ROSPORDEN,6,0.01
LE MANS,ROSPORDEN,7,0.0
LE MANS,ROSPORDEN,8,0.0
LE MANS,ROSPORDEN,9,0.01
LE MANS,ROSPORDEN,10,0.01
LE MANS,ROSPORDEN,11,0.0
LE MANS,ROSPORDEN,12,0.0
LE MANS,ROSPORDEN,13,0.0
LE MANS,ROSPORDEN,14,0.0
LE MANS,ROSPORDEN,15,0.0
LE MANS,ROSPORDEN,16,0.0
LE MANS,ROSPORDEN,17,0.0
LE MANS,ROSPORDEN,18,0.0
LE MANS,ROSPORDEN,19,0.0
LE MANS,ROSPORDEN,20,0.0
LE MANS,ROSPORDEN,21,0.0
LE MANS,ROSPORDEN,22,0.0
LE MANS,ROSPORDEN,23,0.0
LE MANS,ROSPORDEN,24,0.0
LE MANS,ROSPORDEN,25,0.0
LE MANS,ROSPORDEN,26,0.0
LE MANS,ROSPORDEN,27,0.0
LE MANS,ROSPORDEN,28,0.0
LE MANS,ROSPORDEN,29,0.0
LE MANS,ROSPORDEN,30,0.0
LE MANS,ST BRIEUC,0,0.7762114537444933
LE MANS,ST BRIEUC,1,0.7854625550660793
LE MANS,ST BRIEUC,2,0.7528508771929825
LE MANS,ST BRIEUC,3,0.7532608695652174
LE MANS,ST BRIEUC,4,0.6602620087336244
LE MANS,ST BRIEUC,5,0.6652838427947598
LE MANS,ST BRIEUC,6,0.6673245614035088
LE MANS,ST BRIEUC,7,0.670704845814978
LE MANS,ST BRIEUC,8,0.6745575221238937
LE MANS,ST BRIEUC,9,0.6778508771929825
LE MANS,ST BRIEUC,10,0.6875545851528384
LE MANS,ST BRIEUC,11,0.6890350877192982
LE MANS,ST BRIEUC,12,0.6309210526315789
LE MANS,ST BRIEUC,13,0.6268722466960353
LE MANS,ST BRIEUC,14,0.6214601769911504
LE MANS,ST BRIEUC,15,0.6248888888888888
LE MANS,ST BRIEUC,16,0.6226872246696035
LE MANS,ST BRIEUC,17,0.6265350877192982
LE MANS,ST BRIEUC,18,0.6334801762114538
LE MANS,ST BRIEUC,19,0.6381057268722466
LE MANS,ST BRIEUC,20,0.6411504424778761
LE MANS,ST BRIEUC,21,0.6393333333333333
LE MANS,ST BRIEUC,22,0.6376106194690265
LE MANS,ST BRIEUC,23,0.6385462555066079
LE MANS,ST BRIEUC,24,0.6405701754385965
LE MANS,ST BRIEUC,25,0.6502202643171806
LE MANS,ST BRIEUC,26,0.6581497797356829
LE MANS,ST BRIEUC,27,0.6584070796460177
LE MANS,ST BRIEUC,28,0.654
LE MANS,ST BRIEUC,29,0.646888888888889
LE MANS,ST BRIEUC,30,0.056
LE MANS,ST MALO,0,0.5474137931034483
LE MANS,ST MALO,1,0.4228070175438597
LE MANS,ST MALO,2,0.425
LE MANS,ST MALO,3,0.38421052631578945
LE MANS,ST MALO,4,0.09051724137931035
LE MANS,ST MALO,5,0.04224137931034483
LE MANS,ST MALO,6,0.03898305084745762
LE MANS,ST MALO,7,0.036440677966101696
LE MANS,ST MALO,8,0.037719298245614034
LE MANS,ST MALO,9,0.03793103448275863
LE MANS,ST MALO,10,0.050862068965517246
LE MANS,ST MALO,11,0.06206896551724138
LE MANS,ST MALO,12,0.026724137931034484
LE MANS,ST MALO,13,0.02288135593220339
LE MANS,ST MALO,14,0.038135593220338986
LE MANS,ST MALO,15,0.037719298245614034
LE MANS,ST MALO,16,0.03879310344827586
LE MANS,ST MALO,17,0.03620689655172414
LE MANS,ST MALO,18,0.031034482758620686
LE MANS,ST MALO,19,0.03706896551724138
LE MANS,ST MALO,20,0.03474576271186441
LE MANS,ST MALO,21,0.028813559322033902
LE MANS,ST MALO,22,0.034210526315789476
LE MANS,ST MALO,23,0.03620689655172414
LE MANS,ST MALO,24,0.04310344827586207
LE MANS,ST MALO,25,0.06724137931034482
LE MANS,ST MALO,26,0.06810344827586207
LE MANS,ST MALO,27,0.06982758620689655
LE MANS,ST MALO,28,0.061206896551724135
LE MANS,ST MALO,29,0.03571428571428571
LE MANS,ST MALO,30,0.008771929824561403
LE MANS,VANNES,0,0.6095890410958904
LE MANS,VANNES,1,0.5923611111111111
LE MANS,VANNES,2,0.5305555555555556
LE MANS,VANNES,3,0.489041095890411
LE MANS,VANNES,4,0.15
LE MANS,VANNES,5,0.14863013698630137
LE MANS,VANNES,6,0.14520547945205478
LE MANS,VANNES,7,0.12534246575342467
LE MANS,VANNES,8,0.12323943661971831
LE MANS,VANNES,9,0.14652777777777778
LE MANS,VANNES,10,0.15347222222222223
LE MANS,VANNES,11,0.1625
LE MANS,VANNES,12,0.09444444444444444
LE MANS,VANNES,13,0.0875
LE MANS,VANNES,14,0.10138888888888889
LE MANS,VANNES,15,0.12042253521126761
LE MANS,VANNES,16,0.09930555555555556
LE MANS,VANNES,17,0.09791666666666667
LE MANS,VANNES,18,0.10833333333333334
LE MANS,VANNES,19,0.11249999999999999
LE MANS,VANNES,20,0.11319444444444444
LE MANS,VANNES,21,0.12777777777777777
LE MANS,VANNES,22,0.12535211267605634
LE MANS,VANNES,23,0.12746478873239436
LE MANS,VANNES,24,0.126056338028169
LE MANS,VANNES,25,0.12535211267605634
LE MANS,VANNES,26,0.1267605633802817
LE MANS,VANNES,27,0.1316901408450704
LE MANS,VANNES,28,0.14366197183098592
LE MANS,VANNES,29,0.13071428571428573
LE MANS,VANNES,30,0.019285714285714288
LE MANS,VITRE,0,0.9214285714285715
LE MANS,VITRE,1,0.8632530120481928
LE MANS,VITRE,2,0.8160714285714286
LE MANS,VITRE,3,0.7963855421686746
LE MANS,VITRE,4,0.45416666666666666
LE MANS,VITRE,5,0.4071428571428572
LE MANS,VITRE,6,0.3767857142857143
LE MANS,VITRE,7,0.34523809523809523
LE MANS,VITRE,8,0.30914634146341463
LE MANS,VITRE,9,0.3156626506024096
LE MANS,VITRE,10,0.273780487804878
LE MANS,VITRE,11,0.2560240963855422
LE MANS,VITRE,12,0.1783132530120482
LE MANS,VITRE,13,0.16626506024096385
LE MANS,VITRE,14,0.16626506024096385
LE MANS,VITRE,15,0.17160493827160495
LE MANS,VITRE,16,0.16341463414634147
LE MANS,VITRE,17,0.15062499999999998
LE MANS,VITRE,18,0.15864197530864196
LE MANS,VITRE,19,0.15
LE MANS,VITRE,20,0.16790123456790124
LE MANS,VITRE,21,0.16419753086419753
LE MANS,VITRE,22,0.16499999999999998
LE MANS,VITRE,23,0.15
LE MANS,VITRE,24,0.14303797468354432
LE MANS,VITRE,25,0.1291139240506329
LE MANS,VITRE,26,0.12784810126582277
LE MANS,VITRE,27,0.12215189873417721
LE MANS,VITRE,28,0.12784810126582277
LE MANS,VITRE,29,0.12179487179487179
LE MANS,VITRE,30,0.025
LORIENT,QUIMPER,0,0.998396501457726
LORIENT,QUIMPER,1,0.9989825581395348
LORIENT,QUIMPER,2,0.9991279069767441
LORIENT,QUIMPER,3,0.9978197674418605
LORIENT,QUIMPER,4,0.992296511627907
LORIENT,QUIMPER,5,0.9914244186046512
LORIENT,QUIMPER,6,0.9914244186046512
LORIENT,QUIMPER,7,0.9811046511627907
LORIENT,QUIMPER,8,0.979360465116279
LORIENT,QUIMPER,9,0.9752906976744186
LORIENT,QUIMPER,10,0.9553779069767441
LORIENT,QUIMPER,11,0.9393895348837209
LORIENT,QUIMPER,12,0.9107558139534884
LORIENT,QUIMPER,13,0.9013081395348838
LORIENT,QUIMPER,14,0.8895043731778426
LORIENT,QUIMPER,15,0.8870262390670554
LORIENT,QUIMPER,16,0.877405247813411
LORIENT,QUIMPER,17,0.8704081632653061
LORIENT,QUIMPER,18,0.8591836734693877
LORIENT,QUIMPER,19,0.8370262390670554
LORIENT,QUIMPER,20,0.8346938775510204
LORIENT,QUIMPER,21,0.8318713450292398
LORIENT,QUIMPER,22,0.8254385964912281
LORIENT,QUIMPER,23,0.8182748538011697
LORIENT,QUIMPER,24,0.8002923976608187
LORIENT,QUIMPER,25,0.7807017543859649
LORIENT,QUIMPER,26,0.7701754385964912
LORIENT,QUIMPER,27,0.7491202346041055
LORIENT,QUIMPER,28,0.7430882352941177
LORIENT,QUIMPER,29,0.7094395280235988
LORIENT,QUIMPER,30,0.08668639053254439
LORIENT,QUIMPERLE,0,0.994776119402985
LORIENT,QUIMPERLE,1,0.9970149253731343
LORIENT,QUIMPERLE,2,0.9854166666666667
LORIENT,QUIMPERLE,3,0.9632440476190476
LORIENT,QUIMPERLE,4,0.8633928571428572
LORIENT,QUIMPERLE,5,0.8188988095238094
LORIENT,QUIMPERLE,6,0.8
LORIENT,QUIMPERLE,7,0.764179104477612
LORIENT,QUIMPERLE,8,0.7232835820895522
LORIENT,QUIMPERLE,9,0.6682089552238806
LORIENT,QUIMPERLE,10,0.6143283582089553
LORIENT,QUIMPERLE,11,0.5608955223880597
LORIENT,QUIMPERLE,12,0.4068656716417911
LORIENT,QUIMPERLE,13,0.3872754491017964
LORIENT,QUIMPERLE,14,0.3651651651651652
LORIENT,QUIMPERLE,15,0.3582831325301205
LORIENT,QUIMPERLE,16,0.33549848942598187
LORIENT,QUIMPERLE,17,0.3246969696969697
LORIENT,QUIMPERLE,18,0.3158054711246201
LORIENT,QUIMPERLE,19,0.2977203647416413
LORIENT,QUIMPERLE,20,0.280640243902439
LORIENT,QUIMPERLE,21,0.26422018348623855
LORIENT,QUIMPERLE,22,0.25276073619631906
LORIENT,QUIMPERLE,23,0.23730886850152905
LORIENT,QUIMPERLE,24,0.23046153846153847
LORIENT,QUIMPERLE,25,0.2148148148148148
LORIENT,QUIMPERLE,26,0.21300309597523218
LORIENT,QUIMPERLE,27,0.2122670807453416
LORIENT,QUIMPERLE,28,0.21339563862928349
LORIENT,QUIMPERLE,29,0.21931464174454832
LORIENT,QUIMPERLE,30,0.0325
LORIENT,ROSPORDEN,0,0.9931085043988269
LORIENT,ROSPORDEN,1,0.9954545454545454
LORIENT,ROSPORDEN,2,0.9845029239766081
LORIENT,ROSPORDEN,3,0.9653508771929824
LORIENT,ROSPORDEN,4,0.8657894736842106
LORIENT,ROSPORDEN,5,0.8242690058479532
LORIENT,ROSPORDEN,6,0.8046783625730994
LORIENT,ROSPORDEN,7,0.7579178885630499
LORIENT,ROSPORDEN,8,0.7193548387096774
LORIENT,ROSPORDEN,9,0.6673020527859238
LORIENT,ROSPORDEN,10,0.6042521994134897
LORIENT,ROSPORDEN,11,0.5570381231671554
LORIENT,ROSPORDEN,12,0.40410557184750734
LORIENT,ROSPORDEN,13,0.38132352941176473
LORIENT,ROSPORDEN,14,0.35914454277286134
LORIENT,ROSPORDEN,15,0.34852071005917157
LORIENT,ROSPORDEN,16,0.32804154302670624
LORIENT,ROSPORDEN,17,0.3177083333333333
LORIENT,ROSPORDEN,18,0.3082089552238806
LORIENT,ROSPORDEN,19,0.2922388059701493
LORIENT,ROSPORDEN,20,0.27694610778443113
LORIENT,ROSPORDEN,21,0.25555555555555554
LORIENT,ROSPORDEN,22,0.24653614457831324
LORIENT,ROSPORDEN,23,0.23363363363363363
LORIENT,ROSPORDEN,24,0.22462235649546827
LORIENT,ROSPORDEN,25,0.21
LORIENT,ROSPORDEN,26,0.21048632218844984
LORIENT,ROSPORDEN,27,0.20884146341463414
LORIENT,ROSPORDEN,28,0.2105504587155963
LORIENT,ROSPORDEN,29,0.21880733944954128
LORIENT,ROSPORDEN,30,0.027607361963190184
MASSY TGV,AURAY,0,0.40238095238095234
MASSY TGV,AURAY,1,0.45714285714285713
MASSY TGV,AURAY,2,0.3642857142857143
MASSY TGV,AURAY,3,0.36046511627906974
MASSY TGV,AURAY,4,0.11511627906976744
MASSY TGV,AURAY,5,0.11860465116279069
MASSY TGV,AURAY,6,0.13023255813953488
MASSY TGV,AURAY,7,0.10232558139534885
MASSY TGV,AURAY,8,0.09651162790697673
MASSY TGV,AURAY,9,0.1127906976744186
MASSY TGV,AURAY,10,0.12441860465116278
MASSY TGV,AURAY,11,0.15348837209302324
MASSY TGV,AURAY,12,0.051162790697674425
MASSY TGV,AURAY,13,0.046511627906976744
MASSY TGV,AURAY,14,0.046511627906976744
MASSY TGV,AURAY,15,0.04534883720930232
MASSY TGV,AURAY,16,0.044186046511627906
MASSY TGV,AURAY,17,0.04534883720930232
MASSY TGV,AURAY,18,0.046511627906976744
MASSY TGV,AURAY,19,0.046511627906976744
MASSY TGV,AURAY,20,0.04767441860465116
MASSY TGV,AURAY,21,0.04534883720930232
MASSY TGV,AURAY,22,0.046511627906976744
MASSY TGV,AURAY,23,0.046511627906976744
MASSY TGV,AURAY,24,0.04534883720930232
MASSY TGV,AURAY,25,0.046511627906976744
MASSY TGV,AURAY,26,0.046511627906976744
MASSY TGV,AURAY,27,0.04767441860465116
MASSY TGV,AURAY,28,0.04767441860465116
MASSY TGV,AURAY,29,0.04302325581395349
MASSY TGV,AURAY,30,0.00813953488372093
MASSY TGV,BREST,0,0.5212918660287081
MASSY TGV,BREST,1,0.5365384615384615
MASSY TGV,BREST,2,0.4916267942583732
MASSY TGV,BREST,3,0.4928909952606635
MASSY TGV,BREST,4,0.2938095238095238
MASSY TGV,BREST,5,0.2971291866028708
MASSY TGV,BREST,6,0.3252403846153846
MASSY TGV,BREST,7,0.32367149758454106
MASSY TGV,BREST,8,0.31146341463414634
MASSY TGV,BREST,9,0.3055555555555556
MASSY TGV,BREST,10,0.3137019230769231
MASSY TGV,BREST,11,0.32077294685990343
MASSY TGV,BREST,12,0.1553398058252427
MASSY TGV,BREST,13,0.14754901960784314
MASSY TGV,BREST,14,0.1413793103448276
MASSY TGV,BREST,15,0.1396551724137931
MASSY TGV,BREST,16,0.14044117647058824
MASSY TGV,BREST,17,0.1443627450980392
MASSY TGV,BREST,18,0.14752475247524752
MASSY TGV,BREST,19,0.14676616915422885
MASSY TGV,BREST,20,0.14275000000000002
MASSY TGV,BREST,21,0.145
MASSY TGV,BREST,22,0.14525
MASSY TGV,BREST,23,0.14150000000000001
MASSY TGV,BREST,24,0.142
MASSY TGV,BREST,25,0.1542713567839196
MASSY TGV,BREST,26,0.1598984771573604
MASSY TGV,BREST,27,0.1681122448979592
MASSY TGV,BREST,28,0.1681122448979592
MASSY TGV,BREST,29,0.18743589743589742
MASSY TGV,BREST,30,0.02794871794871795
MASSY TGV,GUINGAMP,0,0.5200956937799043
MASSY TGV,GUINGAMP,1,0.5326923076923077
MASSY TGV,GUINGAMP,2,0.49688995215311005
MASSY TGV,GUINGAMP,3,0.4862559241706161
MASSY TGV,GUINGAMP,4,0.2842857142857143
MASSY TGV,GUINGAMP,5,0.30311004784688994
MASSY TGV,GUINGAMP,6,0.32211538461538464
MASSY TGV,GUINGAMP,7,0.32391304347826083
MASSY TGV,GUINGAMP,8,0.3046341463414634
MASSY TGV,GUINGAMP,9,0.30241545893719807
MASSY TGV,GUINGAMP,10,0.31562500000000004
MASSY TGV,GUINGAMP,11,0.3193236714975845
MASSY TGV,GUINGAMP,12,0.15606796116504854
MASSY TGV,GUINGAMP,13,0.14901960784313725
MASSY TGV,GUINGAMP,14,0.14359605911330048
MASSY TGV,GUINGAMP,15,0.13916256157635468
MASSY TGV,GUINGAMP,16,0.1377450980392157
MASSY TGV,GUINGAMP,17,0.14240196078431372
MASSY TGV,GUINGAMP,18,0.1477722772277228
MASSY TGV,GUINGAMP,19,0.1462686567164179
MASSY TGV,GUINGAMP,20,0.14375
MASSY TGV,GUINGAMP,21,0.14425000000000002
MASSY TGV,GUINGAMP,22,0.1445
MASSY TGV,GUINGAMP,23,0.14025
MASSY TGV,GUINGAMP,24,0.14125
MASSY TGV,GUINGAMP,25,0.15376884422110554
MASSY TGV,GUINGAMP,26,0.16218274111675127
MASSY TGV,GUINGAMP,27,0.16581632653061223
MASSY TGV,GUINGAMP,28,0.16938775510204082
MASSY TGV,GUINGAMP,29,0.18717948717948718
MASSY TGV,GUINGAMP,30,0.029743589743589743
MASSY TGV,LAMBALLE,0,0.5181818181818182
MASSY TGV,LAMBALLE,1,0.5329326923076922
MASSY TGV,LAMBALLE,2,0.4954545454545454
MASSY TGV,LAMBALLE,3,0.49549763033175354
MASSY TGV,LAMBALLE,4,0.28595238095238096
MASSY TGV,LAMBALLE,5,0.3038277511961722
MASSY TGV,LAMBALLE,6,0.3189903846153846
MASSY TGV,LAMBALLE,7,0.31666666666666665
MASSY TGV,LAMBALLE,8,0.30634146341463414
MASSY TGV,LAMBALLE,9,0.3038647342995169
MASSY TGV,LAMBALLE,10,0.3168269230769231
MASSY TGV,LAMBALLE,11,0.3246376811594203
MASSY TGV,LAMBALLE,12,0.15606796116504854
MASSY TGV,LAMBALLE,13,0.14754901960784314
MASSY TGV,LAMBALLE,14,0.1416256157635468
MASSY TGV,LAMBALLE,15,0.13817733990147785
MASSY TGV,LAMBALLE,16,0.14166666666666666
MASSY TGV,LAMBALLE,17,0.14362745098039217
MASSY TGV,LAMBALLE,18,0.14727722772277227
MASSY TGV,LAMBALLE,19,0.14601990049751246
MASSY TGV,LAMBALLE,20,0.14225
MASSY TGV,LAMBALLE,21,0.14475
MASSY TGV,LAMBALLE,22,0.14525
MASSY TGV,LAMBALLE,23,0.141
MASSY TGV,LAMBALLE,24,0.141
MASSY TGV,LAMBALLE,25,0.15100502512562813
MASSY TGV,LAMBALLE,26,0.16142131979695432
MASSY TGV,LAMBALLE,27,0.16734693877551018
MASSY TGV,LAMBALLE,28,0.16683673469387755
MASSY TGV,LAMBALLE,29,0.18461538461538463
MASSY TGV,LAMBALLE,30,0.036923076923076927
MASSY TGV,LE MANS,0,0.5705627705627706
MASSY TGV,LE MANS,1,0.5863636363636363
MASSY TGV,LE MANS,2,0.5844827586206897
MASSY TGV,LE MANS,3,0.5833333333333334
MASSY TGV,LE MANS,4,0.39613733905579396
MASSY TGV,LE MANS,5,0.41422413793103446
MASSY TGV,LE MANS,6,0.42467532467532465
MASSY TGV,LE MANS,7,0.45543478260869563
MASSY TGV,LE MANS,8,0.43755458515283846
MASSY TGV,LE MANS,9,0.44804347826086954
MASSY TGV,LE MANS,10,0.451948051948052
MASSY TGV,LE MANS,11,0.4547826086956521
MASSY TGV,LE MANS,12,0.3279475982532751
MASSY TGV,LE MANS,13,0.31359649122807015
MASSY TGV,LE MANS,14,0.336504424778761
MASSY TGV,LE MANS,15,0.34531249999999997
MASSY TGV,LE MANS,16,0.3386160714285714
MASSY TGV,LE MANS,17,0.34555555555555556
MASSY TGV,LE MANS,18,0.3573660714285714
MASSY TGV,LE MANS,19,0.35647321428571427
MASSY TGV,LE MANS,20,0.347085201793722
MASSY TGV,LE MANS,21,0.3598654708520179
MASSY TGV,LE MANS,22,0.3681614349775785
MASSY TGV,LE MANS,23,0.3770089285714286
MASSY TGV,LE MANS,24,0.38733333333333336
MASSY TGV,LE MANS,25,0.40200892857142856
MASSY TGV,LE MANS,26,0.41049107142857144
MASSY TGV,LE MANS,27,0.4246636771300449
MASSY TGV,LE MANS,28,0.415695067264574
MASSY TGV,LE MANS,29,0.41689189189189185
MASSY TGV,LE MANS,30,0.045720720720720726
MASSY TGV,LORIENT,0,0.39285714285714285
MASSY TGV,LORIENT,1,0.46071428571428574
MASSY TGV,LORIENT,2,0.3595238095238095
MASSY TGV,LORIENT,3,0.3697674418604651
MASSY TGV,LORIENT,4,0.11744186046511627
MASSY TGV,LORIENT,5,0.12325581395348836
MASSY TGV,LORIENT,6,0.1325581395348837
MASSY TGV,LORIENT,7,0.10348837209302326
MASSY TGV,LORIENT,8,0.09767441860465116
MASSY TGV,LORIENT,9,0.11046511627906977
MASSY TGV,LORIENT,10,0.12209302325581395
MASSY TGV,LORIENT,11,0.14651162790697675
MASSY TGV,LORIENT,12,0.04534883720930232
MASSY TGV,LORIENT,13,0.046511627906976744
MASSY TGV,LORIENT,14,0.04534883720930232
MASSY TGV,LORIENT,15,0.046511627906976744
MASSY TGV,LORIENT,16,0.046511627906976744
MASSY TGV,LORIENT,17,0.04767441860465116
MASSY TGV,LORIENT,18,0.04767441860465116
MASSY TGV,LORIENT,19,0.046511627906976744
MASSY TGV,LORIENT,20,0.04767441860465116
MASSY TGV,LORIENT,21,0.04767441860465116
MASSY TGV,LORIENT,22,0.046511627906976744
MASSY TGV,LORIENT,23,0.046511627906976744
MASSY TGV,LORIENT,24,0.046511627906976744
MASSY TGV,LORIENT,25,0.04767441860465116
MASSY TGV,LORIENT,26,0.046511627906976744
MASSY TGV,LORIENT,27,0.046511627906976744
MASSY TGV,LORIENT,28,0.046511627906976744
MASSY TGV,LORIENT,29,0.04534883720930232
MASSY TGV,LORIENT,30,0.008139534883720932
MASSY TGV,MORLAIX,0,0.5255980861244018
MASSY TGV,MORLAIX,1,0.5331730769230769
MASSY TGV,MORLAIX,2,0.500956937799043
MASSY TGV,MORLAIX,3,0.4888625592417062
MASSY TGV,MORLAIX,4,0.2945238095238095
MASSY TGV,MORLAIX,5,0.29449760765550237
MASSY TGV,MORLAIX,6,0.3223557692307692
MASSY TGV,MORLAIX,7,0.3169082125603864
MASSY TGV,MORLAIX,8,0.3070731707317073
MASSY TGV,MORLAIX,9,0.3009661835748792
MASSY TGV,MORLAIX,10,0.31490384615384615
MASSY TGV,MORLAIX,11,0.3229468599033816
MASSY TGV,MORLAIX,12,0.154126213592233
MASSY TGV,MORLAIX,13,0.14730392156862746
MASSY TGV,MORLAIX,14,0.14211822660098522
MASSY TGV,MORLAIX,15,0.14064039408866996
MASSY TGV,MORLAIX,16,0.1392156862745098
MASSY TGV,MORLAIX,17,0.14215686274509803
MASSY TGV,MORLAIX,18,0.14702970297029702
MASSY TGV,MORLAIX,19,0.14502487562189054
MASSY TGV,MORLAIX,20,0.14075
MASSY TGV,MORLAIX,21,0.14525
MASSY TGV,MORLAIX,22,0.14625
MASSY TGV,MORLAIX,23,0.14175000000000001
MASSY TGV,MORLAIX,24,0.14075
MASSY TGV,MORLAIX,25,0.15226130653266332
MASSY TGV,MORLAIX,26,0.16218274111675127
MASSY TGV,MORLAIX,27,0.1681122448979592
MASSY TGV,MORLAIX,28,0.16683673469387755
MASSY TGV,MORLAIX,29,0.18538461538461537
MASSY TGV,MORLAIX,30,0.02666666666666667
MASSY TGV,QUIMPER,0,0.3976190476190476
MASSY TGV,QUIMPER,1,0.4428571428571429
MASSY TGV,QUIMPER,2,0.36904761904761907
MASSY TGV,QUIMPER,3,0.3651162790697674
MASSY TGV,QUIMPER,4,0.12093023255813953
MASSY TGV,QUIMPER,5,0.11976744186046512
MASSY TGV,QUIMPER,6,0.13488372093023254
MASSY TGV,QUIMPER,7,0.1011627906976744
MASSY TGV,QUIMPER,8,0.08837209302325581
MASSY TGV,QUIMPER,9,0.11046511627906977
MASSY TGV,QUIMPER,10,0.11976744186046512
MASSY TGV,QUIMPER,11,0.13953488372093023
MASSY TGV,QUIMPER,12,0.05813953488372093
MASSY TGV,QUIMPER,13,0.04883720930232558
MASSY TGV,QUIMPER,14,0.04883720930232558
MASSY TGV,QUIMPER,15,0.04767441860465116
MASSY TGV,QUIMPER,16,0.046511627906976744
MASSY TGV,QUIMPER,17,0.046511627906976744
MASSY TGV,QUIMPER,18,0.046511627906976744
MASSY TGV,QUIMPER,19,0.046511627906976744
MASSY TGV,QUIMPER,20,0.046511627906976744
MASSY TGV,QUIMPER,21,0.046511627906976744
MASSY TGV,QUIMPER,22,0.046511627906976744
MASSY TGV,QUIMPER,23,0.046511627906976744
MASSY TGV,QUIMPER,24,0.04767441860465116
MASSY TGV,QUIMPER,25,0.044186046511627906
MASSY TGV,QUIMPER,26,0.04534883720930232
MASSY TGV,QUIMPER,27,0.046511627906976744
MASSY TGV,QUIMPER,28,0.044186046511627906
MASSY TGV,QUIMPER,29,0.04186046511627907
MASSY TGV,QUIMPER,30,0.013953488372093023
MASSY TGV,QUIMPERLE,0,0.41
MASSY TGV,QUIMPERLE,1,0.25999999999999995
MASSY TGV,QUIMPERLE,2,0.0375
MASSY TGV,QUIMPERLE,3,0.22000000000000003
MASSY TGV,QUIMPERLE,4,0.02
MASSY TGV,QUIMPERLE,5,0.0
MASSY TGV,QUIMPERLE,6,0.0
MASSY TGV,QUIMPERLE,7,0.0
MASSY TGV,QUIMPERLE,8,0.03
MASSY TGV,QUIMPERLE,9,0.01
MASSY TGV,QUIMPERLE,10,0.0
MASSY TGV,QUIMPERLE,11,0.01
MASSY TGV,QUIMPERLE,12,0.0
MASSY TGV,QUIMPERLE,13,0.0
MASSY TGV,QUIMPERLE,14,0.0
MASSY TGV,QUIMPERLE,15,0.0
MASSY TGV,QUIMPERLE,16,0.0
MASSY TGV,QUIMPERLE,17,0.0
MASSY TGV,QUIMPERLE,18,0.0
MASSY TGV,QUIMPERLE,19,0.0
MASSY TGV,QUIMPERLE,20,0.0
MASSY TGV,QUIMPERLE,21,0.0
MASSY TGV,QUIMPERLE,22,0.0
MASSY TGV,QUIMPERLE,23,0.0
MASSY TGV,QUIMPERLE,24,0.0
MASSY TGV,QUIMPERLE,25,0.0
MASSY TGV,QUIMPERLE,26,0.0
MASSY TGV,QUIMPERLE,27,0.0
MASSY TGV,QUIMPERLE,28,0.0
MASSY TGV,QUIMPERLE,29,0.0
MASSY TGV,QUIMPERLE,30,0.0
MASSY TGV,RENNES,0,0.5564935064935066
MASSY TGV,RENNES,1,0.562987012987013
MASSY TGV,RENNES,2,0.5545258620689656
MASSY TGV,RENNES,3,0.5685897435897437
MASSY TGV,RENNES,4,0.38454935622317593
MASSY TGV,RENNES,5,0.3980603448275862
MASSY TGV,RENNES,6,0.4199134199134199
MASSY TGV,RENNES,7,0.42782608695652175
MASSY TGV,RENNES,8,0.42314410480349346
MASSY TGV,RENNES,9,0.42813852813852815
MASSY TGV,RENNES,10,0.43448275862068964
MASSY TGV,RENNES,11,0.4374458874458874
MASSY TGV,RENNES,12,0.32608695652173914
MASSY TGV,RENNES,13,0.31353711790393013
MASSY TGV,RENNES,14,0.3337719298245614
MASSY TGV,RENNES,15,0.3365638766519824
MASSY TGV,RENNES,16,0.3335526315789474
MASSY TGV,RENNES,17,0.3406113537117904
MASSY TGV,RENNES,18,0.3532894736842105
MASSY TGV,RENNES,19,0.35241228070175434
MASSY TGV,RENNES,20,0.3431718061674009
MASSY TGV,RENNES,21,0.34955947136563875
MASSY TGV,RENNES,22,0.35947136563876647
MASSY TGV,RENNES,23,0.36951754385964913
MASSY TGV,RENNES,24,0.38471615720524016
MASSY TGV,RENNES,25,0.39473684210526316
MASSY TGV,RENNES,26,0.4054824561403509
MASSY TGV,RENNES,27,0.4167400881057268
MASSY TGV,RENNES,28,0.4127753303964758
MASSY TGV,RENNES,29,0.40685840707964605
MASSY TGV,RENNES,30,0.04292035398230088
MASSY TGV,ROSPORDEN,0,0.39
MASSY TGV,ROSPORDEN,1,0.29
MASSY TGV,ROSPORDEN,2,0.025
MASSY TGV,ROSPORDEN,3,0.18
MASSY TGV,ROSPORDEN,4,0.030000000000000006
MASSY TGV,ROSPORDEN,5,0.02
MASSY TGV,ROSPORDEN,6,0.01
MASSY TGV,ROSPORDEN,7,0.01
MASSY TGV,ROSPORDEN,8,0.01
MASSY TGV,ROSPORDEN,9,0.0
MASSY TGV,ROSPORDEN,10,0.0
MASSY TGV,ROSPORDEN,11,0.0
MASSY TGV,ROSPORDEN,12,0.0
MASSY TGV,ROSPORDEN,13,0.0
MASSY TGV,ROSPORDEN,14,0.0
MASSY TGV,ROSPORDEN,15,0.0
MASSY TGV,ROSPORDEN,16,0.0
MASSY TGV,ROSPORDEN,17,0.0
MASSY TGV,ROSPORDEN,18,0.0
MASSY TGV,ROSPORDEN,19,0.0
MASSY TGV,ROSPORDEN,20,0.0
MASSY TGV,ROSPORDEN,21,0.0
MASSY TGV,ROSPORDEN,22,0.0
MASSY TGV,ROSPORDEN,23,0.0
MASSY TGV,ROSPORDEN,24,0.0
MASSY TGV,ROSPORDEN,25,0.0
MASSY TGV,ROSPORDEN,26,0.0
MASSY TGV,ROSPORDEN,27,0.0
MASSY TGV,ROSPORDEN,28,0.0
MASSY TGV,ROSPORDEN,29,0.0
MASSY TGV,ROSPORDEN,30,0.0
MASSY TGV,ST BRIEUC,0,0.5217703349282297
MASSY TGV,ST BRIEUC,1,0.5305288461538461
MASSY TGV,ST BRIEUC,2,0.49617224880382776
MASSY TGV,ST BRIEUC,3,0.4947867298578199
MASSY TGV,ST BRIEUC,4,0.2969047619047619
MASSY TGV,ST BRIEUC,5,0.30119617224880385
MASSY TGV,ST BRIEUC,6,0.32403846153846155
MASSY TGV,ST BRIEUC,7,0.3243961352657005
MASSY TGV,ST BRIEUC,8,0.30073170731707316
MASSY TGV,ST BRIEUC,9,0.30483091787439615
MASSY TGV,ST BRIEUC,10,0.3173076923076923
MASSY TGV,ST BRIEUC,11,0.322463768115942
MASSY TGV,ST BRIEUC,12,0.1558252427184466
MASSY TGV,ST BRIEUC,13,0.1448529411764706
MASSY TGV,ST BRIEUC,14,0.14088669950738916
MASSY TGV,ST BRIEUC,15,0.13817733990147785
MASSY TGV,ST BRIEUC,16,0.13848039215686275
MASSY TGV,ST BRIEUC,17,0.14191176470588235
MASSY TGV,ST BRIEUC,18,0.148019801980198
MASSY TGV,ST BRIEUC,19,0.14751243781094528
MASSY TGV,ST BRIEUC,20,0.14225
MASSY TGV,ST BRIEUC,21,0.14400000000000002
MASSY TGV,ST BRIEUC,22,0.14625
MASSY TGV,ST BRIEUC,23,0.1435
MASSY TGV,ST BRIEUC,24,0.14325
MASSY TGV,ST BRIEUC,25,0.15201005025125627
MASSY TGV,ST BRIEUC,26,0.16142131979695432
MASSY TGV,ST BRIEUC,27,0.16607142857142856
MASSY TGV,ST BRIEUC,28,0.16683673469387755
MASSY TGV,ST BRIEUC,29,0.18846153846153846
MASSY TGV,ST BRIEUC,30,0.028205128205128206
MASSY TGV,VANNES,0,0.4
MASSY TGV,VANNES,1,0.444047619047619
MASSY TGV,VANNES,2,0.37023809523809526
MASSY TGV,VANNES,3,0.34418604651162793
MASSY TGV,VANNES,4,0.10930232558139535
MASSY TGV,VANNES,5,0.1313953488372093
MASSY TGV,VANNES,6,0.12906976744186047
MASSY TGV,VANNES,7,0.09534883720930232
MASSY TGV,VANNES,8,0.09651162790697675
MASSY TGV,VANNES,9,0.10697674418604651
MASSY TGV,VANNES,10,0.1127906976744186
MASSY TGV,VANNES,11,0.14767441860465116
MASSY TGV,VANNES,12,0.053488372093023255
MASSY TGV,VANNES,13,0.04767441860465116
MASSY TGV,VANNES,14,0.04767441860465116
MASSY TGV,VANNES,15,0.046511627906976744
MASSY TGV,VANNES,16,0.046511627906976744
MASSY TGV,VANNES,17,0.04767441860465116
MASSY TGV,VANNES,18,0.046511627906976744
MASSY TGV,VANNES,19,0.046511627906976744
MASSY TGV,VANNES,20,0.04767441860465116
MASSY TGV,VANNES,21,0.04534883720930232
MASSY TGV,VANNES,22,0.046511627906976744
MASSY TGV,VANNES,23,0.04534883720930232
MASSY TGV,VANNES,24,0.04767441860465116
MASSY TGV,VANNES,25,0.049999999999999996
MASSY TGV,VANNES,26,0.049999999999999996
MASSY TGV,VANNES,27,0.04767441860465116
MASSY TGV,VANNES,28,0.04534883720930232
MASSY TGV,VANNES,29,0.044186046511627906
MASSY TGV,VANNES,30,0.006976744186046512
MORLAIX,BREST,0,0.9981049562682216
MORLAIX,BREST,1,0.9994186046511628
MORLAIX,BREST,2,0.9979651162790698
MORLAIX,BREST,3,0.997093023255814
MORLAIX,BREST,4,0.990843023255814
MORLAIX,BREST,5,0.9880813953488371
MORLAIX,BREST,6,0.9869186046511628
MORLAIX,BREST,7,0.9825581395348837
MORLAIX,BREST,8,0.975
MORLAIX,BREST,9,0.9616279069767443
MORLAIX,BREST,10,0.9390988372093023
MORLAIX,BREST,11,0.919767441860465
MORLAIX,BREST,12,0.8373546511627907
MORLAIX,BREST,13,0.8127906976744187
MORLAIX,BREST,14,0.7930232558139535
MORLAIX,BREST,15,0.7776967930029155
MORLAIX,BREST,16,0.75466472303207
MORLAIX,BREST,17,0.7428571428571429
MORLAIX,BREST,18,0.7253644314868805
MORLAIX,BREST,19,0.7016034985422741
MORLAIX,BREST,20,0.6954810495626822
MORLAIX,BREST,21,0.6824561403508772
MORLAIX,BREST,22,0.6624633431085044
MORLAIX,BREST,23,0.6483823529411764
MORLAIX,BREST,24,0.6416176470588235
MORLAIX,BREST,25,0.6363235294117647
MORLAIX,BREST,26,0.6174999999999999
MORLAIX,BREST,27,0.6063421828908555
MORLAIX,BREST,28,0.5989644970414201
MORLAIX,BREST,29,0.5940652818991098
MORLAIX,BREST,30,0.05818452380952381
MORLAIX,LANDERNEAU,0,0.9953416149068323
MORLAIX,LANDERNEAU,1,0.9954968944099379
MORLAIX,LANDERNEAU,2,0.99472049689441
MORLAIX,LANDERNEAU,3,0.98944099378882
MORLAIX,LANDERNEAU,4,0.9501552795031055
MORLAIX,LANDERNEAU,5,0.9316770186335404
MORLAIX,LANDERNEAU,6,0.9305900621118012
MORLAIX,LANDERNEAU,7,0.9127725856697819
MORLAIX,LANDERNEAU,8,0.8778124999999999
MORLAIX,LANDERNEAU,9,0.846417445482866
MORLAIX,LANDERNEAU,10,0.8099688473520249
MORLAIX,LANDERNEAU,11,0.7721183800623053
MORLAIX,LANDERNEAU,12,0.6685358255451713
MORLAIX,LANDERNEAU,13,0.6461059190031153
MORLAIX,LANDERNEAU,14,0.62398753894081
MORLAIX,LANDERNEAU,15,0.60640625
MORLAIX,LANDERNEAU,16,0.5817187500000001
MORLAIX,LANDERNEAU,17,0.5628124999999999
MORLAIX,LANDERNEAU,18,0.5409375
MORLAIX,LANDERNEAU,19,0.51796875
MORLAIX,LANDERNEAU,20,0.5120312499999999
MORLAIX,LANDERNEAU,21,0.5047021943573667
MORLAIX,LANDERNEAU,22,0.48867924528301887
MORLAIX,LANDERNEAU,23,0.47955974842767296
MORLAIX,LANDERNEAU,24,0.4754716981132075
MORLAIX,LANDERNEAU,25,0.47192429022082016
MORLAIX,LANDERNEAU,26,0.4503154574132492
MORLAIX,LANDERNEAU,27,0.43908227848101267
MORLAIX,LANDERNEAU,28,0.42269841269841274
MORLAIX,LANDERNEAU,29,0.4055732484076433
MORLAIX,LANDERNEAU,30,0.04201277955271566
NANTES,AURAY,0,1.0
NANTES,AURAY,1,1.0
NANTES,AURAY,2,0.99
NANTES,AURAY,3,0.9800000000000001
NANTES,AURAY,4,1.0
NANTES,AURAY,5,1.0
NANTES,AURAY,6,0.99
NANTES,AURAY,7,0.99
NANTES,AURAY,8,1.0
NANTES,AURAY,9,1.0
NANTES,AURAY,10,1.0
NANTES,AURAY,11,1.0
NANTES,AURAY,12,0.23000000000000004
NANTES,AURAY,13,0.22000000000000003
NANTES,AURAY,14,0.2
NANTES,AURAY,15,0.2
NANTES,AURAY,16,0.2
NANTES,AURAY,17,0.2
NANTES,AURAY,18,0.2
NANTES,AURAY,19,0.2
NANTES,AURAY,20,0.21000000000000002
NANTES,AURAY,21,0.36
NANTES,AURAY,22,0.38
NANTES,AURAY,23,0.42000000000000004
NANTES,AURAY,24,0.4
NANTES,AURAY,25,0.4
NANTES,AURAY,26,0.4
NANTES,AURAY,27,0.41
NANTES,AURAY,28,0.41
NANTES,AURAY,29,0.38
NANTES,AURAY,30,0.05
NANTES,LORIENT,0,0.99
NANTES,LORIENT,1,0.99
NANTES,LORIENT,2,1.0
NANTES,LORIENT,3,1.0
NANTES,LORIENT,4,0.97
NANTES,LORIENT,5,0.99
NANTES,LORIENT,6,0.99
NANTES,LORIENT,7,1.0
NANTES,LORIENT,8,0.99
NANTES,LORIENT,9,0.99
NANTES,LORIENT,10,0.9800000000000001
NANTES,LORIENT,11,0.9400000000000001
NANTES,LORIENT,12,0.24
NANTES,LORIENT,13,0.2
NANTES,LORIENT,14,0.2
NANTES,LORIENT,15,0.21000000000000002
NANTES,LORIENT,16,0.19
NANTES,LORIENT,17,0.2
NANTES,LORIENT,18,0.2
NANTES,LORIENT,19,0.2
NANTES,LORIENT,20,0.21000000000000002
NANTES,LORIENT,21,0.36
NANTES,LORIENT,22,0.4
NANTES,LORIENT,23,0.4
NANTES,LORIENT,24,0.4
NANTES,LORIENT,25,0.4
NANTES,LORIENT,26,0.4
NANTES,LORIENT,27,0.4
NANTES,LORIENT,28,0.4
NANTES,LORIENT,29,0.41
NANTES,LORIENT,30,0.030000000000000006
NANTES,QUIMPER,0,0.99
NANTES,QUIMPER,1,1.0
NANTES,QUIMPER,2,1.0
NANTES,QUIMPER,3,1.0
NANTES,QUIMPER,4,1.0
NANTES,QUIMPER,5,1.0
NANTES,QUIMPER,6,1.0
NANTES,QUIMPER,7,1.0
NANTES,QUIMPER,8,1.0
NANTES,QUIMPER,9,1.0
NANTES,QUIMPER,10,1.0
NANTES,QUIMPER,11,0.99
NANTES,QUIMPER,12,0.25
NANTES,QUIMPER,13,0.22999999999999998
NANTES,QUIMPER,14,0.2
NANTES,QUIMPER,15,0.2
NANTES,QUIMPER,16,0.21000000000000002
NANTES,QUIMPER,17,0.2
NANTES,QUIMPER,18,0.2
NANTES,QUIMPER,19,0.21000000000000002
NANTES,QUIMPER,20,0.2
NANTES,QUIMPER,21,0.36
NANTES,QUIMPER,22,0.41
NANTES,QUIMPER,23,0.4
NANTES,QUIMPER,24,0.4
NANTES,QUIMPER,25,0.4
NANTES,QUIMPER,26,0.4
NANTES,QUIMPER,27,0.4
NANTES,QUIMPER,28,0.39
NANTES,QUIMPER,29,0.39
NANTES,QUIMPER,30,0.06000000000000001
NANTES,QUIMPERLE,0,1.0
NANTES,QUIMPERLE,1,1.0
NANTES,QUIMPERLE,2,1.0
NANTES,QUIMPERLE,3,1.0
NANTES,QUIMPERLE,4,1.0
NANTES,QUIMPERLE,5,1.0
NANTES,QUIMPERLE,6,0.99
NANTES,QUIMPERLE,7,1.0
NANTES,QUIMPERLE,8,0.99
NANTES,QUIMPERLE,9,1.0
NANTES,QUIMPERLE,10,1.0
NANTES,QUIMPERLE,11,0.97
NANTES,QUIMPERLE,12,0.22000000000000003
NANTES,QUIMPERLE,13,0.21000000000000002
NANTES,QUIMPERLE,14,0.21000000000000002
NANTES,QUIMPERLE,15,0.2
NANTES,QUIMPERLE,16,0.2
NANTES,QUIMPERLE,17,0.21000000000000002
NANTES,QUIMPERLE,18,0.21000000000000002
NANTES,QUIMPERLE,19,0.21000000000000002
NANTES,QUIMPERLE,20,0.22999999999999998
NANTES,QUIMPERLE,21,0.36
NANTES,QUIMPERLE,22,0.38
NANTES,QUIMPERLE,23,0.38
NANTES,QUIMPERLE,24,0.4
NANTES,QUIMPERLE,25,0.4
NANTES,QUIMPERLE,26,0.4
NANTES,QUIMPERLE,27,0.4
NANTES,QUIMPERLE,28,0.39
NANTES,QUIMPERLE,29,0.38
NANTES,QUIMPERLE,30,0.06000000000000001
NANTES,REDON,0,1.0
NANTES,REDON,1,1.0
NANTES,REDON,2,0.99
NANTES,REDON,3,0.9800000000000001
NANTES,REDON,4,0.99
NANTES,REDON,5,0.99
NANTES,REDON,6,0.99
NANTES,REDON,7,1.0
NANTES,REDON,8,1.0
NANTES,REDON,9,1.0
NANTES,REDON,10,1.0
NANTES,REDON,11,0.9299999999999999
NANTES,REDON,12,0.22000000000000003
NANTES,REDON,13,0.2
NANTES,REDON,14,0.19
NANTES,REDON,15,0.19
NANTES,REDON,16,0.2
NANTES,REDON,17,0.2
NANTES,REDON,18,0.2
NANTES,REDON,19,0.22000000000000003
NANTES,REDON,20,0.22000000000000003
NANTES,REDON,21,0.3
NANTES,REDON,22,0.37
NANTES,REDON,23,0.4
NANTES,REDON,24,0.39
NANTES,REDON,25,0.39
NANTES,REDON,26,0.4
NANTES,REDON,27,0.41
NANTES,REDON,28,0.4
NANTES,REDON,29,0.37
NANTES,REDON,30,0.09
NANTES,ROSPORDEN,0,1.0
NANTES,ROSPORDEN,1,1.0
NANTES,ROSPORDEN,2,1.0
NANTES,ROSPORDEN,3,0.99
NANTES,ROSPORDEN,4,1.0
NANTES,ROSPORDEN,5,1.0
NANTES,ROSPORDEN,6,0.99
NANTES,ROSPORDEN,7,0.99
NANTES,ROSPORDEN,8,0.99
NANTES,ROSPORDEN,9,1.0
NANTES,ROSPORDEN,10,0.99
NANTES,ROSPORDEN,11,0.93
NANTES,ROSPORDEN,12,0.24000000000000005
NANTES,ROSPORDEN,13,0.22000000000000003
NANTES,ROSPORDEN,14,0.2
NANTES,ROSPORDEN,15,0.2
NANTES,ROSPORDEN,16,0.2
NANTES,ROSPORDEN,17,0.2
NANTES,ROSPORDEN,18,0.2
NANTES,ROSPORDEN,19,0.21000000000000002
NANTES,ROSPORDEN,20,0.21000000000000002
NANTES,ROSPORDEN,21,0.39
NANTES,ROSPORDEN,22,0.4
NANTES,ROSPORDEN,23,0.4
NANTES,ROSPORDEN,24,0.4
NANTES,ROSPORDEN,25,0.4
NANTES,ROSPORDEN,26,0.4
NANTES,ROSPORDEN,27,0.4
NANTES,ROSPORDEN,28,0.39
NANTES,ROSPORDEN,29,0.39
NANTES,ROSPORDEN,30,0.06000000000000001
NANTES,VANNES,0,1.0
NANTES,VANNES,1,0.99
NANTES,VANNES,2,1.0
NANTES,VANNES,3,1.0
NANTES,VANNES,4,1.0
NANTES,VANNES,5,1.0
NANTES,VANNES,6,1.0
NANTES,VANNES,7,1.0
NANTES,VANNES,8,0.99
NANTES,VANNES,9,0.99
NANTES,VANNES,10,1.0
NANTES,VANNES,11,0.96
NANTES,VANNES,12,0.27
NANTES,VANNES,13,0.21000000000000002
NANTES,VANNES,14,0.2
NANTES,VANNES,15,0.2
NANTES,VANNES,16,0.2
NANTES,VANNES,17,0.2
NANTES,VANNES,18,0.2
NANTES,VANNES,19,0.21000000000000002
NANTES,VANNES,20,0.22000000000000003
NANTES,VANNES,21,0.35
NANTES,VANNES,22,0.4
NANTES,VANNES,23,0.4
NANTES,VANNES,24,0.4
NANTES,VANNES,25,0.4
NANTES,VANNES,26,0.4
NANTES,VANNES,27,0.41
NANTES,VANNES,28,0.41
NANTES,VANNES,29,0.39
NANTES,VANNES,30,0.06999999999999999
PARIS (intramuros),AURAY,0,0.6244186046511628
PARIS (intramuros),AURAY,1,0.6265988372093023
PARIS (intramuros),AURAY,2,0.6340116279069767
PARIS (intramuros),AURAY,3,0.6313953488372093
PARIS (intramuros),AURAY,4,0.34331395348837207
PARIS (intramuros),AURAY,5,0.33924418604651163
PARIS (intramuros),AURAY,6,0.33662790697674416
PARIS (intramuros),AURAY,7,0.3443313953488372
PARIS (intramuros),AURAY,8,0.32063953488372093
PARIS (intramuros),AURAY,9,0.32776162790697677
PARIS (intramuros),AURAY,10,0.332703488372093
PARIS (intramuros),AURAY,11,0.3293002915451895
PARIS (intramuros),AURAY,12,0.1651603498542274
PARIS (intramuros),AURAY,13,0.16005830903790086
PARIS (intramuros),AURAY,14,0.16403508771929826
PARIS (intramuros),AURAY,15,0.16739766081871346
PARIS (intramuros),AURAY,16,0.1693548387096774
PARIS (intramuros),AURAY,17,0.16862170087976538
PARIS (intramuros),AURAY,18,0.17653958944281525
PARIS (intramuros),AURAY,19,0.1819648093841642
PARIS (intramuros),AURAY,20,0.17873900293255132
PARIS (intramuros),AURAY,21,0.18514705882352941
PARIS (intramuros),AURAY,22,0.19441176470588234
PARIS (intramuros),AURAY,23,0.19911764705882354
PARIS (intramuros),AURAY,24,0.19837758112094395
PARIS (intramuros),AURAY,25,0.20473372781065088
PARIS (intramuros),AURAY,26,0.206973293768546
PARIS (intramuros),AURAY,27,0.21142433234421365
PARIS (intramuros),AURAY,28,0.22328358208955223
PARIS (intramuros),AURAY,29,0.23014925373134326
PARIS (intramuros),AURAY,30,0.027694610778443114
PARIS (intramuros),BREST,0,0.703935860058309
PARIS (intramuros),BREST,1,0.7036443148688046
PARIS (intramuros),BREST,2,0.7059766763848396
PARIS (intramuros),BREST,3,0.7064139941690962
PARIS (intramuros),BREST,4,0.45262390670553937
PARIS (intramuros),BREST,5,0.4316326530612245
PARIS (intramuros),BREST,6,0.43615160349854226
PARIS (intramuros),BREST,7,0.4400874635568513
PARIS (intramuros),BREST,8,0.4120991253644315
PARIS (intramuros),BREST,9,0.4103498542274053
PARIS (intramuros),BREST,10,0.417201166180758
PARIS (intramuros),BREST,11,0.4231778425655977
PARIS (intramuros),BREST,12,0.2559766763848396
PARIS (intramuros),BREST,13,0.2488338192419825
PARIS (intramuros),BREST,14,0.2505830903790088
PARIS (intramuros),BREST,15,0.25495626822157436
PARIS (intramuros),BREST,16,0.26588921282798833
PARIS (intramuros),BREST,17,0.26632653061224487
PARIS (intramuros),BREST,18,0.26749271137026237
PARIS (intramuros),BREST,19,0.26516034985422743
PARIS (intramuros),BREST,20,0.2654518950437318
PARIS (intramuros),BREST,21,0.2719298245614035
PARIS (intramuros),BREST,22,0.2711988304093567
PARIS (intramuros),BREST,23,0.2682748538011696
PARIS (intramuros),BREST,24,0.2706140350877193
PARIS (intramuros),BREST,25,0.27953216374269
PARIS (intramuros),BREST,26,0.2885964912280702
PARIS (intramuros),BREST,27,0.2997067448680352
PARIS (intramuros),BREST,28,0.30264705882352944
PARIS (intramuros),BREST,29,0.30926470588235294
PARIS (intramuros),BREST,30,0.04334319526627219
PARIS (intramuros),DOL DE BRETAGNE,0,0.6608187134502924
PARIS (intramuros),DOL DE BRETAGNE,1,0.6738304093567251
PARIS (intramuros),DOL DE BRETAGNE,2,0.6788011695906433
PARIS (intramuros),DOL DE BRETAGNE,3,0.6950292397660819
PARIS (intramuros),DOL DE BRETAGNE,4,0.5064327485380117
PARIS (intramuros),DOL DE BRETAGNE,5,0.5067251461988305
PARIS (intramuros),DOL DE BRETAGNE,6,0.5080409356725146
PARIS (intramuros),DOL DE BRETAGNE,7,0.5198830409356725
PARIS (intramuros),DOL DE BRETAGNE,8,0.5096774193548388
PARIS (intramuros),DOL DE BRETAGNE,9,0.5046920821114369
PARIS (intramuros),DOL DE BRETAGNE,10,0.5058651026392962
PARIS (intramuros),DOL DE BRETAGNE,11,0.5124633431085044
PARIS (intramuros),DOL DE BRETAGNE,12,0.35879765395894425
PARIS (intramuros),DOL DE BRETAGNE,13,0.35542521994134896
PARIS (intramuros),DOL DE BRETAGNE,14,0.3563049853372434
PARIS (intramuros),DOL DE BRETAGNE,15,0.36117647058823527
PARIS (intramuros),DOL DE BRETAGNE,16,0.3739705882352941
PARIS (intramuros),DOL DE BRETAGNE,17,0.3835294117647059
PARIS (intramuros),DOL DE BRETAGNE,18,0.38617647058823534
PARIS (intramuros),DOL DE BRETAGNE,19,0.37382352941176467
PARIS (intramuros),DOL DE BRETAGNE,20,0.37558823529411767
PARIS (intramuros),DOL DE BRETAGNE,21,0.38303834808259585
PARIS (intramuros),DOL DE BRETAGNE,22,0.3834319526627219
PARIS (intramuros),DOL DE BRETAGNE,23,0.38668639053254433
PARIS (intramuros),DOL DE BRETAGNE,24,0.3893805309734513
PARIS (intramuros),DOL DE BRETAGNE,25,0.40059171597633136
PARIS (intramuros),DOL DE BRETAGNE,26,0.40534124629080115
PARIS (intramuros),DOL DE BRETAGNE,27,0.4174107142857143
PARIS (intramuros),DOL DE BRETAGNE,28,0.43522388059701494
PARIS (intramuros),DOL DE BRETAGNE,29,0.4290419161676647
PARIS (intramuros),DOL DE BRETAGNE,30,0.0554054054054054
PARIS (intramuros),GUINGAMP,0,0.6940406976744186
PARIS (intramuros),GUINGAMP,1,0.6841569767441861
PARIS (intramuros),GUINGAMP,2,0.688953488372093
PARIS (intramuros),GUINGAMP,3,0.6936046511627907
PARIS (intramuros),GUINGAMP,4,0.4138081395348837
PARIS (intramuros),GUINGAMP,5,0.4055232558139535
PARIS (intramuros),GUINGAMP,6,0.4072674418604651
PARIS (intramuros),GUINGAMP,7,0.4097383720930232
PARIS (intramuros),GUINGAMP,8,0.38968023255813955
PARIS (intramuros),GUINGAMP,9,0.3901162790697674
PARIS (intramuros),GUINGAMP,10,0.3950581395348837
PARIS (intramuros),GUINGAMP,11,0.40261627906976744
PARIS (intramuros),GUINGAMP,12,0.2440406976744186
PARIS (intramuros),GUINGAMP,13,0.23386627906976745
PARIS (intramuros),GUINGAMP,14,0.24055232558139536
PARIS (intramuros),GUINGAMP,15,0.24578488372093021
PARIS (intramuros),GUINGAMP,16,0.25392441860465115
PARIS (intramuros),GUINGAMP,17,0.253343023255814
PARIS (intramuros),GUINGAMP,18,0.2607558139534884
PARIS (intramuros),GUINGAMP,19,0.25959302325581396
PARIS (intramuros),GUINGAMP,20,0.25959302325581396
PARIS (intramuros),GUINGAMP,21,0.26516034985422743
PARIS (intramuros),GUINGAMP,22,0.26370262390670557
PARIS (intramuros),GUINGAMP,23,0.2615497076023392
PARIS (intramuros),GUINGAMP,24,0.2621345029239766
PARIS (intramuros),GUINGAMP,25,0.2719298245614035
PARIS (intramuros),GUINGAMP,26,0.2777777777777778
PARIS (intramuros),GUINGAMP,27,0.2870967741935484
PARIS (intramuros),GUINGAMP,28,0.29
PARIS (intramuros),GUINGAMP,29,0.29367647058823526
PARIS (intramuros),GUINGAMP,30,0.038905325443786984
PARIS (intramuros),LAMBALLE,0,0.554692082111437
PARIS (intramuros),LAMBALLE,1,0.5447214076246334
PARIS (intramuros),LAMBALLE,2,0.5299120234604106
PARIS (intramuros),LAMBALLE,3,0.5222873900293254
PARIS (intramuros),LAMBALLE,4,0.25527859237536654
PARIS (intramuros),LAMBALLE,5,0.24589442815249266
PARIS (intramuros),LAMBALLE,6,0.24868035190615834
PARIS (intramuros),LAMBALLE,7,0.2527859237536657
PARIS (intramuros),LAMBALLE,8,0.23161764705882354
PARIS (intramuros),LAMBALLE,9,0.23132352941176473
PARIS (intramuros),LAMBALLE,10,0.24102941176470588
PARIS (intramuros),LAMBALLE,11,0.23794117647058824
PARIS (intramuros),LAMBALLE,12,0.1125
PARIS (intramuros),LAMBALLE,13,0.10102941176470588
PARIS (intramuros),LAMBALLE,14,0.09705882352941177
PARIS (intramuros),LAMBALLE,15,0.09557522123893805
PARIS (intramuros),LAMBALLE,16,0.09823008849557521
PARIS (intramuros),LAMBALLE,17,0.10398230088495575
PARIS (intramuros),LAMBALLE,18,0.10383480825958703
PARIS (intramuros),LAMBALLE,19,0.10442477876106195
PARIS (intramuros),LAMBALLE,20,0.1019174041297935
PARIS (intramuros),LAMBALLE,21,0.10325443786982248
PARIS (intramuros),LAMBALLE,22,0.10400593471810088
PARIS (intramuros),LAMBALLE,23,0.10252976190476192
PARIS (intramuros),LAMBALLE,24,0.10252225519287833
PARIS (intramuros),LAMBALLE,25,0.10788690476190477
PARIS (intramuros),LAMBALLE,26,0.11145833333333334
PARIS (intramuros),LAMBALLE,27,0.11880597014925372
PARIS (intramuros),LAMBALLE,28,0.11826347305389222
PARIS (intramuros),LAMBALLE,29,0.12402402402402402
PARIS (intramuros),LAMBALLE,30,0.021234939759036144
PARIS (intramuros),LANDERNEAU,0,0.31363636363636366
PARIS (intramuros),LANDERNEAU,1,0.2991202346041056
PARIS (intramuros),LANDERNEAU,2,0.2904692082111437
PARIS (intramuros),LANDERNEAU,3,0.2809384164222874
PARIS (intramuros),LANDERNEAU,4,0.15645161290322582
PARIS (intramuros),LANDERNEAU,5,0.14281524926686218
PARIS (intramuros),LANDERNEAU,6,0.14824046920821113
PARIS (intramuros),LANDERNEAU,7,0.1489705882352941
PARIS (intramuros),LANDERNEAU,8,0.14292035398230088
PARIS (intramuros),LANDERNEAU,9,0.14882352941176472
PARIS (intramuros),LANDERNEAU,10,0.1461764705882353
PARIS (intramuros),LANDERNEAU,11,0.15088235294117647
PARIS (intramuros),LANDERNEAU,12,0.11117647058823528
PARIS (intramuros),LANDERNEAU,13,0.11161764705882354
PARIS (intramuros),LANDERNEAU,14,0.11073529411764706
PARIS (intramuros),LANDERNEAU,15,0.10929203539823008
PARIS (intramuros),LANDERNEAU,16,0.11032448377581121
PARIS (intramuros),LANDERNEAU,17,0.10486725663716813
PARIS (intramuros),LANDERNEAU,18,0.10250737463126844
PARIS (intramuros),LANDERNEAU,19,0.10501474926253687
PARIS (intramuros),LANDERNEAU,20,0.1084070796460177
PARIS (intramuros),LANDERNEAU,21,0.10902366863905326
PARIS (intramuros),LANDERNEAU,22,0.1102373887240356
PARIS (intramuros),LANDERNEAU,23,0.10890207715133532
PARIS (intramuros),LANDERNEAU,24,0.11097922848664687
PARIS (intramuros),LANDERNEAU,25,0.11577380952380951
PARIS (intramuros),LANDERNEAU,26,0.11726190476190476
PARIS (intramuros),LANDERNEAU,27,0.12477611940298507
PARIS (intramuros),LANDERNEAU,28,0.12754491017964073
PARIS (intramuros),LANDERNEAU,29,0.12732732732732732
PARIS (intramuros),LANDERNEAU,30,0.017620481927710843
PARIS (intramuros),LANNION,0,0.3317829457364341
PARIS (intramuros),LANNION,1,0.3277777777777778
PARIS (intramuros),LANNION,2,0.291796875
PARIS (intramuros),LANNION,3,0.24767441860465117
PARIS (intramuros),LANNION,4,0.06615384615384615
PARIS (intramuros),LANNION,5,0.05615384615384615
PARIS (intramuros),LANNION,6,0.046946564885496186
PARIS (intramuros),LANNION,7,0.04007633587786259
PARIS (intramuros),LANNION,8,0.04153846153846154
PARIS (intramuros),LANNION,9,0.04465648854961832
PARIS (intramuros),LANNION,10,0.04115384615384615
PARIS (intramuros),LANNION,11,0.04465648854961832
PARIS (intramuros),LANNION,12,0.012977099236641223
PARIS (intramuros),LANNION,13,0.009541984732824428
PARIS (intramuros),LANNION,14,0.009541984732824428
PARIS (intramuros),LANNION,15,0.013461538461538462
PARIS (intramuros),LANNION,16,0.014885496183206106
PARIS (intramuros),LANNION,17,0.01846153846153846
PARIS (intramuros),LANNION,18,0.02748091603053435
PARIS (intramuros),LANNION,19,0.030916030534351144
PARIS (intramuros),LANNION,20,0.02900763358778626
PARIS (intramuros),LANNION,21,0.025572519083969465
PARIS (intramuros),LANNION,22,0.024031007751937984
PARIS (intramuros),LANNION,23,0.023076923076923078
PARIS (intramuros),LANNION,24,0.024806201550387597
PARIS (intramuros),LANNION,25,0.03076923076923077
PARIS (intramuros),LANNION,26,0.031153846153846153
PARIS (intramuros),LANNION,27,0.026923076923076925
PARIS (intramuros),LANNION,28,0.02576923076923077
PARIS (intramuros),LANNION,29,0.023255813953488372
PARIS (intramuros),LANNION,30,0.003515625
PARIS (intramuros),LAVAL,0,0.752906976744186
PARIS (intramuros),LAVAL,1,0.751453488372093
PARIS (intramuros),LAVAL,2,0.7675872093023256
PARIS (intramuros),LAVAL,3,0.7732558139534884
PARIS (intramuros),LAVAL,4,0.5963662790697675
PARIS (intramuros),LAVAL,5,0.595203488372093
PARIS (intramuros),LAVAL,6,0.604796511627907
PARIS (intramuros),LAVAL,7,0.6261627906976744
PARIS (intramuros),LAVAL,8,0.6098837209302326
PARIS (intramuros),LAVAL,9,0.6127906976744186
PARIS (intramuros),LAVAL,10,0.6228197674418605
PARIS (intramuros),LAVAL,11,0.6241279069767441
PARIS (intramuros),LAVAL,12,0.44069767441860463
PARIS (intramuros),LAVAL,13,0.4324127906976744
PARIS (intramuros),LAVAL,14,0.4362973760932945
PARIS (intramuros),LAVAL,15,0.44169096209912534
PARIS (intramuros),LAVAL,16,0.4654518950437318
PARIS (intramuros),LAVAL,17,0.4779883381924198
PARIS (intramuros),LAVAL,18,0.48206997084548103
PARIS (intramuros),LAVAL,19,0.4749271137026239
PARIS (intramuros),LAVAL,20,0.4708454810495627
PARIS (intramuros),LAVAL,21,0.4803206997084548
PARIS (intramuros),LAVAL,22,0.47827988338192423
PARIS (intramuros),LAVAL,23,0.48877551020408166
PARIS (intramuros),LAVAL,24,0.4956268221574344
PARIS (intramuros),LAVAL,25,0.5055393586005831
PARIS (intramuros),LAVAL,26,0.5141812865497076
PARIS (intramuros),LAVAL,27,0.5202346041055719
PARIS (intramuros),LAVAL,28,0.5350439882697947
PARIS (intramuros),LAVAL,29,0.5262463343108504
PARIS (intramuros),LAVAL,30,0.06632352941176471
PARIS (intramuros),LE MANS,0,0.6492625368731563
PARIS (intramuros),LE MANS,1,0.6513274336283186
PARIS (intramuros),LE MANS,2,0.6799410029498525
PARIS (intramuros),LE MANS,3,0.6839705882352941
PARIS (intramuros),LE MANS,4,0.4727941176470588
PARIS (intramuros),LE MANS,5,0.4723529411764706
PARIS (intramuros),LE MANS,6,0.4792647058823529
PARIS (intramuros),LE MANS,7,0.5005882352941177
PARIS (intramuros),LE MANS,8,0.4732352941176471
PARIS (intramuros),LE MANS,9,0.48250000000000004
PARIS (intramuros),LE MANS,10,0.485483870967742
PARIS (intramuros),LE MANS,11,0.4957478005865103
PARIS (intramuros),LE MANS,12,0.3196480938416422
PARIS (intramuros),LE MANS,13,0.31055718475073313
PARIS (intramuros),LE MANS,14,0.33147058823529413
PARIS (intramuros),LE MANS,15,0.3365781710914454
PARIS (intramuros),LE MANS,16,0.3476470588235294
PARIS (intramuros),LE MANS,17,0.35117994100294986
PARIS (intramuros),LE MANS,18,0.3635693215339233
PARIS (intramuros),LE MANS,19,0.3625368731563422
PARIS (intramuros),LE MANS,20,0.3573746312684366
PARIS (intramuros),LE MANS,21,0.3683431952662722
PARIS (intramuros),LE MANS,22,0.37670623145400595
PARIS (intramuros),LE MANS,23,0.40014836795252223
PARIS (intramuros),LE MANS,24,0.4068249258160237
PARIS (intramuros),LE MANS,25,0.4158753709198813
PARIS (intramuros),LE MANS,26,0.4264094955489614
PARIS (intramuros),LE MANS,27,0.4401785714285714
PARIS (intramuros),LE MANS,28,0.4491044776119403
PARIS (intramuros),LE MANS,29,0.4468562874251497
PARIS (intramuros),LE MANS,30,0.054041916167664676
PARIS (intramuros),LORIENT,0,0.6358600583090379
PARIS (intramuros),LORIENT,1,0.6470845481049562
PARIS (intramuros),LORIENT,2,0.6704941860465117
PARIS (intramuros),LORIENT,3,0.6594476744186046
PARIS (intramuros),LORIENT,4,0.3886627906976744
PARIS (intramuros),LORIENT,5,0.3872093023255814
PARIS (intramuros),LORIENT,6,0.37790697674418605
PARIS (intramuros),LORIENT,7,0.3787790697674419
PARIS (intramuros),LORIENT,8,0.3581395348837209
PARIS (intramuros),LORIENT,9,0.3694767441860465
PARIS (intramuros),LORIENT,10,0.37718023255813954
PARIS (intramuros),LORIENT,11,0.3739825581395349
PARIS (intramuros),LORIENT,12,0.18619186046511627
PARIS (intramuros),LORIENT,13,0.1815406976744186
PARIS (intramuros),LORIENT,14,0.19052478134110787
PARIS (intramuros),LORIENT,15,0.19650145772594754
PARIS (intramuros),LORIENT,16,0.20393586005830905
PARIS (intramuros),LORIENT,17,0.20349854227405248
PARIS (intramuros),LORIENT,18,0.20962099125364433
PARIS (intramuros),LORIENT,19,0.20874635568513117
PARIS (intramuros),LORIENT,20,0.2088921282798834
PARIS (intramuros),LORIENT,21,0.21535087719298246
PARIS (intramuros),LORIENT,22,0.22558479532163744
PARIS (intramuros),LORIENT,23,0.23947368421052634
PARIS (intramuros),LORIENT,24,0.24298245614035086
PARIS (intramuros),LORIENT,25,0.24473684210526317
PARIS (intramuros),LORIENT,26,0.24780701754385964
PARIS (intramuros),LORIENT,27,0.25234604105571845
PARIS (intramuros),LORIENT,28,0.26529411764705885
PARIS (intramuros),LORIENT,29,0.2685840707964602
PARIS (intramuros),LORIENT,30,0.03594674556213018
PARIS (intramuros),MORLAIX,0,0.6853197674418605
PARIS (intramuros),MORLAIX,1,0.6809593023255814
PARIS (intramuros),MORLAIX,2,0.684593023255814
PARIS (intramuros),MORLAIX,3,0.6918604651162791
PARIS (intramuros),MORLAIX,4,0.4181686046511628
PARIS (intramuros),MORLAIX,5,0.40625
PARIS (intramuros),MORLAIX,6,0.40566860465116283
PARIS (intramuros),MORLAIX,7,0.4107558139534884
PARIS (intramuros),MORLAIX,8,0.3883720930232558
PARIS (intramuros),MORLAIX,9,0.39156976744186045
PARIS (intramuros),MORLAIX,10,0.3976744186046512
PARIS (intramuros),MORLAIX,11,0.404796511627907
PARIS (intramuros),MORLAIX,12,0.2449127906976744
PARIS (intramuros),MORLAIX,13,0.23401162790697674
PARIS (intramuros),MORLAIX,14,0.23808139534883724
PARIS (intramuros),MORLAIX,15,0.24169096209912538
PARIS (intramuros),MORLAIX,16,0.2511661807580175
PARIS (intramuros),MORLAIX,17,0.24868804664723032
PARIS (intramuros),MORLAIX,18,0.25276967930029154
PARIS (intramuros),MORLAIX,19,0.2543731778425656
PARIS (intramuros),MORLAIX,20,0.25379008746355686
PARIS (intramuros),MORLAIX,21,0.2590643274853801
PARIS (intramuros),MORLAIX,22,0.26099706744868034
PARIS (intramuros),MORLAIX,23,0.2572058823529412
PARIS (intramuros),MORLAIX,24,0.25691176470588234
PARIS (intramuros),MORLAIX,25,0.26573529411764707
PARIS (intramuros),MORLAIX,26,0.2710294117647059
PARIS (intramuros),MORLAIX,27,0.2851032448377581
PARIS (intramuros),MORLAIX,28,0.2893491124260355
PARIS (intramuros),MORLAIX,29,0.2956973293768546
PARIS (intramuros),MORLAIX,30,0.04285714285714286
PARIS (intramuros),NANTES,0,0.6599999999999999
PARIS (intramuros),NANTES,1,0.67
PARIS (intramuros),NANTES,2,0.74
PARIS (intramuros),NANTES,3,0.52
PARIS (intramuros),NANTES,4,0.47000000000000003
PARIS (intramuros),NANTES,5,0.59
PARIS (intramuros),NANTES,6,0.5900000000000001
PARIS (intramuros),NANTES,7,0.51
PARIS (intramuros),NANTES,8,0.41
PARIS (intramuros),NANTES,9,0.4
PARIS (intramuros),NANTES,10,0.4
PARIS (intramuros),NANTES,11,0.26
PARIS (intramuros),NANTES,12,0.01
PARIS (intramuros),NANTES,13,0.0
PARIS (intramuros),NANTES,14,0.0
PARIS (intramuros),NANTES,15,0.0
PARIS (intramuros),NANTES,16,0.0
PARIS (intramuros),NANTES,17,0.0
PARIS (intramuros),NANTES,18,0.0
PARIS (intramuros),NANTES,19,0.01
PARIS (intramuros),NANTES,20,0.03
PARIS (intramuros),NANTES,21,0.16999999999999998
PARIS (intramuros),NANTES,22,0.18
PARIS (intramuros),NANTES,23,0.19
PARIS (intramuros),NANTES,24,0.21000000000000002
PARIS (intramuros),NANTES,25,0.2
PARIS (intramuros),NANTES,26,0.2
PARIS (intramuros),NANTES,27,0.2
PARIS (intramuros),NANTES,28,0.22999999999999998
PARIS (intramuros),NANTES,29,0.2
PARIS (intramuros),NANTES,30,0.01
PARIS (intramuros),PLOUARET TREGOR,0,0.46831395348837207
PARIS (intramuros),PLOUARET TREGOR,1,0.47296511627906973
PARIS (intramuros),PLOUARET TREGOR,2,0.4518895348837209
PARIS (intramuros),PLOUARET TREGOR,3,0.4136627906976745
PARIS (intramuros),PLOUARET TREGOR,4,0.1309593023255814
PARIS (intramuros),PLOUARET TREGOR,5,0.11497093023255812
PARIS (intramuros),PLOUARET TREGOR,6,0.11075581395348838
PARIS (intramuros),PLOUARET TREGOR,7,0.11501457725947523
PARIS (intramuros),PLOUARET TREGOR,8,0.09052478134110788
PARIS (intramuros),PLOUARET TREGOR,9,0.0870262390670554
PARIS (intramuros),PLOUARET TREGOR,10,0.08950437317784256
PARIS (intramuros),PLOUARET TREGOR,11,0.0892128279883382
PARIS (intramuros),PLOUARET TREGOR,12,0.025947521865889212
PARIS (intramuros),PLOUARET TREGOR,13,0.017346938775510204
PARIS (intramuros),PLOUARET TREGOR,14,0.016180758017492712
PARIS (intramuros),PLOUARET TREGOR,15,0.01705539358600583
PARIS (intramuros),PLOUARET TREGOR,16,0.022157434402332362
PARIS (intramuros),PLOUARET TREGOR,17,0.023615160349854225
PARIS (intramuros),PLOUARET TREGOR,18,0.02128279883381924
PARIS (intramuros),PLOUARET TREGOR,19,0.022448979591836737
PARIS (intramuros),PLOUARET TREGOR,20,0.02259475218658892
PARIS (intramuros),PLOUARET TREGOR,21,0.02266081871345029
PARIS (intramuros),PLOUARET TREGOR,22,0.021700879765395895
PARIS (intramuros),PLOUARET TREGOR,23,0.021700879765395895
PARIS (intramuros),PLOUARET TREGOR,24,0.023088235294117646
PARIS (intramuros),PLOUARET TREGOR,25,0.02411764705882353
PARIS (intramuros),PLOUARET TREGOR,26,0.025735294117647058
PARIS (intramuros),PLOUARET TREGOR,27,0.028023598820058997
PARIS (intramuros),PLOUARET TREGOR,28,0.03121301775147929
PARIS (intramuros),PLOUARET TREGOR,29,0.03100890207715134
PARIS (intramuros),PLOUARET TREGOR,30,0.004626865671641791
PARIS (intramuros),QUIMPER,0,0.6271137026239066
PARIS (intramuros),QUIMPER,1,0.6322157434402332
PARIS (intramuros),QUIMPER,2,0.6501453488372093
PARIS (intramuros),QUIMPER,3,0.6428779069767442
PARIS (intramuros),QUIMPER,4,0.36090116279069767
PARIS (intramuros),QUIMPER,5,0.36046511627906974
PARIS (intramuros),QUIMPER,6,0.35784883720930233
PARIS (intramuros),QUIMPER,7,0.3462209302325581
PARIS (intramuros),QUIMPER,8,0.3242732558139535
PARIS (intramuros),QUIMPER,9,0.32093023255813957
PARIS (intramuros),QUIMPER,10,0.32994186046511625
PARIS (intramuros),QUIMPER,11,0.3232558139534884
PARIS (intramuros),QUIMPER,12,0.1748546511627907
PARIS (intramuros),QUIMPER,13,0.16482558139534884
PARIS (intramuros),QUIMPER,14,0.17259475218658893
PARIS (intramuros),QUIMPER,15,0.17040816326530614
PARIS (intramuros),QUIMPER,16,0.17317784256559765
PARIS (intramuros),QUIMPER,17,0.17478134110787172
PARIS (intramuros),QUIMPER,18,0.17653061224489794
PARIS (intramuros),QUIMPER,19,0.18294460641399418
PARIS (intramuros),QUIMPER,20,0.182798833819242
PARIS (intramuros),QUIMPER,21,0.1915204678362573
PARIS (intramuros),QUIMPER,22,0.20350877192982456
PARIS (intramuros),QUIMPER,23,0.21067251461988304
PARIS (intramuros),QUIMPER,24,0.21593567251461987
PARIS (intramuros),QUIMPER,25,0.21578947368421053
PARIS (intramuros),QUIMPER,26,0.22192982456140353
PARIS (intramuros),QUIMPER,27,0.22434017595307917
PARIS (intramuros),QUIMPER,28,0.23529411764705882
PARIS (intramuros),QUIMPER,29,0.24557522123893805
PARIS (intramuros),QUIMPER,30,0.0371301775147929
PARIS (intramuros),QUIMPERLE,0,0.4676119402985075
PARIS (intramuros),QUIMPERLE,1,0.4444776119402985
PARIS (intramuros),QUIMPERLE,2,0.43720238095238095
PARIS (intramuros),QUIMPERLE,3,0.4316964285714286
PARIS (intramuros),QUIMPERLE,4,0.23199404761904763
PARIS (intramuros),QUIMPERLE,5,0.22723214285714283
PARIS (intramuros),QUIMPERLE,6,0.22976190476190478
PARIS (intramuros),QUIMPERLE,7,0.2335820895522388
PARIS (intramuros),QUIMPERLE,8,0.19955223880597014
PARIS (intramuros),QUIMPERLE,9,0.19761194029850748
PARIS (intramuros),QUIMPERLE,10,0.2019402985074627
PARIS (intramuros),QUIMPERLE,11,0.20238805970149254
PARIS (intramuros),QUIMPERLE,12,0.12074626865671642
PARIS (intramuros),QUIMPERLE,13,0.11437125748502995
PARIS (intramuros),QUIMPERLE,14,0.11816816816816818
PARIS (intramuros),QUIMPERLE,15,0.12183734939759037
PARIS (intramuros),QUIMPERLE,16,0.1282477341389728
PARIS (intramuros),QUIMPERLE,17,0.1246969696969697
PARIS (intramuros),QUIMPERLE,18,0.12477203647416413
PARIS (intramuros),QUIMPERLE,19,0.1243161094224924
PARIS (intramuros),QUIMPERLE,20,0.1260670731707317
PARIS (intramuros),QUIMPERLE,21,0.12568807339449542
PARIS (intramuros),QUIMPERLE,22,0.12883435582822086
PARIS (intramuros),QUIMPERLE,23,0.13226299694189603
PARIS (intramuros),QUIMPERLE,24,0.13476923076923075
PARIS (intramuros),QUIMPERLE,25,0.13441358024691358
PARIS (intramuros),QUIMPERLE,26,0.14040247678018578
PARIS (intramuros),QUIMPERLE,27,0.14472049689440994
PARIS (intramuros),QUIMPERLE,28,0.1529595015576324
PARIS (intramuros),QUIMPERLE,29,0.16292834890965732
PARIS (intramuros),QUIMPERLE,30,0.026875
PARIS (intramuros),REDON,0,0.5978851963746223
PARIS (intramuros),REDON,1,0.5883685800604229
PARIS (intramuros),REDON,2,0.6160120845921451
PARIS (intramuros),REDON,3,0.6009063444108762
PARIS (intramuros),REDON,4,0.3283987915407855
PARIS (intramuros),REDON,5,0.32651515151515154
PARIS (intramuros),REDON,6,0.32355623100303954
PARIS (intramuros),REDON,7,0.32057926829268296
PARIS (intramuros),REDON,8,0.29329268292682925
PARIS (intramuros),REDON,9,0.2946646341463415
PARIS (intramuros),REDON,10,0.29817073170731706
PARIS (intramuros),REDON,11,0.2937308868501529
PARIS (intramuros),REDON,12,0.15122699386503066
PARIS (intramuros),REDON,13,0.13692307692307693
PARIS (intramuros),REDON,14,0.1419753086419753
PARIS (intramuros),REDON,15,0.14305555555555555
PARIS (intramuros),REDON,16,0.15046439628482972
PARIS (intramuros),REDON,17,0.14659442724458205
PARIS (intramuros),REDON,18,0.15263975155279502
PARIS (intramuros),REDON,19,0.1549689440993789
PARIS (intramuros),REDON,20,0.15514018691588785
PARIS (intramuros),REDON,21,0.15809968847352024
PARIS (intramuros),REDON,22,0.1658878504672897
PARIS (intramuros),REDON,23,0.17258566978193146
PARIS (intramuros),REDON,24,0.17460815047021944
PARIS (intramuros),REDON,25,0.17515723270440253
PARIS (intramuros),REDON,26,0.17886435331230285
PARIS (intramuros),REDON,27,0.18359621451104102
PARIS (intramuros),REDON,28,0.19240506329113924
PARIS (intramuros),REDON,29,0.20094936708860758
PARIS (intramuros),REDON,30,0.03773885350318471
PARIS (intramuros),RENNES,0,0.775
PARIS (intramuros),RENNES,1,0.7815406976744187
PARIS (intramuros),RENNES,2,0.7950581395348837
PARIS (intramuros),RENNES,3,0.8045058139534884
PARIS (intramuros),RENNES,4,0.6561046511627907
PARIS (intramuros),RENNES,5,0.6457848837209302
PARIS (intramuros),RENNES,6,0.6436046511627908
PARIS (intramuros),RENNES,7,0.6760174418604652
PARIS (intramuros),RENNES,8,0.6620639534883721
PARIS (intramuros),RENNES,9,0.6651162790697674
PARIS (intramuros),RENNES,10,0.6735465116279069
PARIS (intramuros),RENNES,11,0.6799418604651163
PARIS (intramuros),RENNES,12,0.5380813953488371
PARIS (intramuros),RENNES,13,0.5348837209302325
PARIS (intramuros),RENNES,14,0.5411337209302326
PARIS (intramuros),RENNES,15,0.5495639534883722
PARIS (intramuros),RENNES,16,0.5680232558139535
PARIS (intramuros),RENNES,17,0.5761627906976744
PARIS (intramuros),RENNES,18,0.5906976744186047
PARIS (intramuros),RENNES,19,0.5844476744186047
PARIS (intramuros),RENNES,20,0.5755813953488372
PARIS (intramuros),RENNES,21,0.5844476744186047
PARIS (intramuros),RENNES,22,0.5930232558139535
PARIS (intramuros),RENNES,23,0.6074127906976744
PARIS (intramuros),RENNES,24,0.615843023255814
PARIS (intramuros),RENNES,25,0.6209302325581395
PARIS (intramuros),RENNES,26,0.6258720930232559
PARIS (intramuros),RENNES,27,0.6370262390670554
PARIS (intramuros),RENNES,28,0.6440233236151603
PARIS (intramuros),RENNES,29,0.6314868804664723
PARIS (intramuros),RENNES,30,0.06348973607038123
PARIS (intramuros),ROSPORDEN,0,0.4530791788856305
PARIS (intramuros),ROSPORDEN,1,0.4461876832844575
PARIS (intramuros),ROSPORDEN,2,0.4269005847953216
PARIS (intramuros),ROSPORDEN,3,0.42909356725146197
PARIS (intramuros),ROSPORDEN,4,0.23230994152046786
PARIS (intramuros),ROSPORDEN,5,0.22675438596491226
PARIS (intramuros),ROSPORDEN,6,0.22719298245614036
PARIS (intramuros),ROSPORDEN,7,0.2348973607038123
PARIS (intramuros),ROSPORDEN,8,0.2057184750733138
PARIS (intramuros),ROSPORDEN,9,0.20043988269794719
PARIS (intramuros),ROSPORDEN,10,0.20439882697947215
PARIS (intramuros),ROSPORDEN,11,0.19706744868035192
PARIS (intramuros),ROSPORDEN,12,0.11466275659824048
PARIS (intramuros),ROSPORDEN,13,0.11176470588235295
PARIS (intramuros),ROSPORDEN,14,0.11607669616519174
PARIS (intramuros),ROSPORDEN,15,0.11937869822485207
PARIS (intramuros),ROSPORDEN,16,0.12537091988130564
PARIS (intramuros),ROSPORDEN,17,0.1230654761904762
PARIS (intramuros),ROSPORDEN,18,0.12328358208955223
PARIS (intramuros),ROSPORDEN,19,0.12298507462686568
PARIS (intramuros),ROSPORDEN,20,0.12125748502994012
PARIS (intramuros),ROSPORDEN,21,0.12357357357357357
PARIS (intramuros),ROSPORDEN,22,0.12620481927710844
PARIS (intramuros),ROSPORDEN,23,0.12972972972972974
PARIS (intramuros),ROSPORDEN,24,0.13338368580060422
PARIS (intramuros),ROSPORDEN,25,0.13196969696969696
PARIS (intramuros),ROSPORDEN,26,0.1372340425531915
PARIS (intramuros),ROSPORDEN,27,0.14268292682926828
PARIS (intramuros),ROSPORDEN,28,0.1492354740061162
PARIS (intramuros),ROSPORDEN,29,0.15565749235474005
PARIS (intramuros),ROSPORDEN,30,0.021932515337423315
PARIS (intramuros),ST BRIEUC,0,0.7066860465116279
PARIS (intramuros),ST BRIEUC,1,0.708139534883721
PARIS (intramuros),ST BRIEUC,2,0.7194767441860465
PARIS (intramuros),ST BRIEUC,3,0.7210755813953489
PARIS (intramuros),ST BRIEUC,4,0.5056686046511628
PARIS (intramuros),ST BRIEUC,5,0.4857558139534884
PARIS (intramuros),ST BRIEUC,6,0.49302325581395345
PARIS (intramuros),ST BRIEUC,7,0.5104651162790698
PARIS (intramuros),ST BRIEUC,8,0.47747093023255816
PARIS (intramuros),ST BRIEUC,9,0.47674418604651164
PARIS (intramuros),ST BRIEUC,10,0.491860465116279
PARIS (intramuros),ST BRIEUC,11,0.5030523255813953
PARIS (intramuros),ST BRIEUC,12,0.30799418604651163
PARIS (intramuros),ST BRIEUC,13,0.3
PARIS (intramuros),ST BRIEUC,14,0.3072674418604651
PARIS (intramuros),ST BRIEUC,15,0.3116279069767442
PARIS (intramuros),ST BRIEUC,16,0.3225290697674419
PARIS (intramuros),ST BRIEUC,17,0.3244186046511628
PARIS (intramuros),ST BRIEUC,18,0.3318313953488372
PARIS (intramuros),ST BRIEUC,19,0.3258720930232558
PARIS (intramuros),ST BRIEUC,20,0.32645348837209304
PARIS (intramuros),ST BRIEUC,21,0.32886297376093293
PARIS (intramuros),ST BRIEUC,22,0.3293002915451895
PARIS (intramuros),ST BRIEUC,23,0.32915451895043735
PARIS (intramuros),ST BRIEUC,24,0.3326530612244898
PARIS (intramuros),ST BRIEUC,25,0.34533527696793004
PARIS (intramuros),ST BRIEUC,26,0.3492711370262391
PARIS (intramuros),ST BRIEUC,27,0.35760233918128653
PARIS (intramuros),ST BRIEUC,28,0.363049853372434
PARIS (intramuros),ST BRIEUC,29,0.362316715542522
PARIS (intramuros),ST BRIEUC,30,0.03805309734513274
PARIS (intramuros),ST MALO,0,0.6802631578947369
PARIS (intramuros),ST MALO,1,0.6875730994152047
PARIS (intramuros),ST MALO,2,0.696345029239766
PARIS (intramuros),ST MALO,3,0.7038011695906432
PARIS (intramuros),ST MALO,4,0.5261695906432748
PARIS (intramuros),ST MALO,5,0.5217836257309941
PARIS (intramuros),ST MALO,6,0.5214912280701754
PARIS (intramuros),ST MALO,7,0.5327485380116959
PARIS (intramuros),ST MALO,8,0.5242690058479532
PARIS (intramuros),ST MALO,9,0.5210526315789473
PARIS (intramuros),ST MALO,10,0.5260233918128655
PARIS (intramuros),ST MALO,11,0.537719298245614
PARIS (intramuros),ST MALO,12,0.36812865497076025
PARIS (intramuros),ST MALO,13,0.362280701754386
PARIS (intramuros),ST MALO,14,0.36622807017543857
PARIS (intramuros),ST MALO,15,0.36915204678362573
PARIS (intramuros),ST MALO,16,0.38026315789473686
PARIS (intramuros),ST MALO,17,0.38932748538011697
PARIS (intramuros),ST MALO,18,0.39108187134502925
PARIS (intramuros),ST MALO,19,0.38289473684210523
PARIS (intramuros),ST MALO,20,0.38260233918128655
PARIS (intramuros),ST MALO,21,0.39090909090909093
PARIS (intramuros),ST MALO,22,0.3936950146627566
PARIS (intramuros),ST MALO,23,0.39780058651026395
PARIS (intramuros),ST MALO,24,0.40190615835777127
PARIS (intramuros),ST MALO,25,0.4083577712609971
PARIS (intramuros),ST MALO,26,0.4164705882352941
PARIS (intramuros),ST MALO,27,0.4265486725663717
PARIS (intramuros),ST MALO,28,0.44144542772861356
PARIS (intramuros),ST MALO,29,0.4398230088495575
PARIS (intramuros),ST MALO,30,0.05949554896142433
PARIS (intramuros),VANNES,0,0.6315406976744186
PARIS (intramuros),VANNES,1,0.6412790697674419
PARIS (intramuros),VANNES,2,0.6559593023255814
PARIS (intramuros),VANNES,3,0.6513081395348838
PARIS (intramuros),VANNES,4,0.36627906976744184
PARIS (intramuros),VANNES,5,0.3675872093023256
PARIS (intramuros),VANNES,6,0.36133720930232555
PARIS (intramuros),VANNES,7,0.35334302325581396
PARIS (intramuros),VANNES,8,0.3276162790697674
PARIS (intramuros),VANNES,9,0.33604651162790694
PARIS (intramuros),VANNES,10,0.3427325581395349
PARIS (intramuros),VANNES,11,0.3388081395348837
PARIS (intramuros),VANNES,12,0.16686046511627906
PARIS (intramuros),VANNES,13,0.1617732558139535
PARIS (intramuros),VANNES,14,0.17346938775510204
PARIS (intramuros),VANNES,15,0.17478134110787172
PARIS (intramuros),VANNES,16,0.17565597667638483
PARIS (intramuros),VANNES,17,0.17871720116618076
PARIS (intramuros),VANNES,18,0.18338192419825072
PARIS (intramuros),VANNES,19,0.191399416909621
PARIS (intramuros),VANNES,20,0.1912536443148688
PARIS (intramuros),VANNES,21,0.1986842105263158
PARIS (intramuros),VANNES,22,0.20789473684210524
PARIS (intramuros),VANNES,23,0.2134502923976608
PARIS (intramuros),VANNES,24,0.21315789473684213
PARIS (intramuros),VANNES,25,0.21315789473684213
PARIS (intramuros),VANNES,26,0.2162280701754386
PARIS (intramuros),VANNES,27,0.22008797653958945
PARIS (intramuros),VANNES,28,0.23323529411764704
PARIS (intramuros),VANNES,29,0.23823529411764705
PARIS (intramuros),VANNES,30,0.03421828908554572
PARIS (intramuros),VITRE,0,0.6473760932944607
PARIS (intramuros),VITRE,1,0.6558309037900875
PARIS (intramuros),VITRE,2,0.6507288629737609
PARIS (intramuros),VITRE,3,0.6686588921282799
PARIS (intramuros),VITRE,4,0.46734693877551026
PARIS (intramuros),VITRE,5,0.46239067055393585
PARIS (intramuros),VITRE,6,0.4722222222222222
PARIS (intramuros),VITRE,7,0.4872434017595308
PARIS (intramuros),VITRE,8,0.4751470588235294
PARIS (intramuros),VITRE,9,0.48161764705882354
PARIS (intramuros),VITRE,10,0.4827941176470588
PARIS (intramuros),VITRE,11,0.47352941176470587
PARIS (intramuros),VITRE,12,0.3401470588235294
PARIS (intramuros),VITRE,13,0.3402654867256637
PARIS (intramuros),VITRE,14,0.3474852071005917
PARIS (intramuros),VITRE,15,0.34985163204747777
PARIS (intramuros),VITRE,16,0.35281899109792286
PARIS (intramuros),VITRE,17,0.3584569732937685
PARIS (intramuros),VITRE,18,0.3621661721068249
PARIS (intramuros),VITRE,19,0.35519287833827895
PARIS (intramuros),VITRE,20,0.3605654761904762
PARIS (intramuros),VITRE,21,0.3717910447761194
PARIS (intramuros),VITRE,22,0.37223880597014924
PARIS (intramuros),VITRE,23,0.3737313432835821
PARIS (intramuros),VITRE,24,0.3765671641791045
PARIS (intramuros),VITRE,25,0.38323353293413176
PARIS (intramuros),VITRE,26,0.38948948948948947
PARIS (intramuros),VITRE,27,0.38900602409638557
PARIS (intramuros),VITRE,28,0.40498489425981876
PARIS (intramuros),VITRE,29,0.4013595166163142
PARIS (intramuros),VITRE,30,0.05818181818181818
PLOUARET TREGOR,BREST,0,0.9967261904761904
PLOUARET TREGOR,BREST,1,0.9956845238095239
PLOUARET TREGOR,BREST,2,0.9883928571428572
PLOUARET TREGOR,BREST,3,0.9681547619047619
PLOUARET TREGOR,BREST,4,0.8800595238095238
PLOUARET TREGOR,BREST,5,0.8569940476190476
PLOUARET TREGOR,BREST,6,0.8444940476190477
PLOUARET TREGOR,BREST,7,0.8176119402985074
PLOUARET TREGOR,BREST,8,0.7688622754491018
PLOUARET TREGOR,BREST,9,0.7134730538922156
PLOUARET TREGOR,BREST,10,0.681437125748503
PLOUARET TREGOR,BREST,11,0.6332335329341318
PLOUARET TREGOR,BREST,12,0.5606287425149701
PLOUARET TREGOR,BREST,13,0.5345808383233533
PLOUARET TREGOR,BREST,14,0.5154191616766467
PLOUARET TREGOR,BREST,15,0.489039039039039
PLOUARET TREGOR,BREST,16,0.4711711711711712
PLOUARET TREGOR,BREST,17,0.45855855855855854
PLOUARET TREGOR,BREST,18,0.4405405405405405
PLOUARET TREGOR,BREST,19,0.4201201201201201
PLOUARET TREGOR,BREST,20,0.40780780780780784
PLOUARET TREGOR,BREST,21,0.398644578313253
PLOUARET TREGOR,BREST,22,0.3793051359516616
PLOUARET TREGOR,BREST,23,0.3648036253776435
PLOUARET TREGOR,BREST,24,0.36027190332326287
PLOUARET TREGOR,BREST,25,0.3527272727272727
PLOUARET TREGOR,BREST,26,0.33439393939393935
PLOUARET TREGOR,BREST,27,0.3203647416413374
PLOUARET TREGOR,BREST,28,0.30060975609756097
PLOUARET TREGOR,BREST,29,0.2793577981651376
PLOUARET TREGOR,BREST,30,0.027607361963190184
PLOUARET TREGOR,LANDERNEAU,0,0.9979623824451411
PLOUARET TREGOR,LANDERNEAU,1,0.99858934169279
PLOUARET TREGOR,LANDERNEAU,2,0.9946708463949844
PLOUARET TREGOR,LANDERNEAU,3,0.9789968652037618
PLOUARET TREGOR,LANDERNEAU,4,0.9061128526645769
PLOUARET TREGOR,LANDERNEAU,5,0.8797805642633229
PLOUARET TREGOR,LANDERNEAU,6,0.8703761755485893
PLOUARET TREGOR,LANDERNEAU,7,0.8452830188679246
PLOUARET TREGOR,LANDERNEAU,8,0.8017350157728707
PLOUARET TREGOR,LANDERNEAU,9,0.755188679245283
PLOUARET TREGOR,LANDERNEAU,10,0.7161949685534591
PLOUARET TREGOR,LANDERNEAU,11,0.6683962264150943
PLOUARET TREGOR,LANDERNEAU,12,0.5841194968553459
PLOUARET TREGOR,LANDERNEAU,13,0.5591194968553459
PLOUARET TREGOR,LANDERNEAU,14,0.5375786163522013
PLOUARET TREGOR,LANDERNEAU,15,0.5157728706624606
PLOUARET TREGOR,LANDERNEAU,16,0.4919558359621451
PLOUARET TREGOR,LANDERNEAU,17,0.4755520504731861
PLOUARET TREGOR,LANDERNEAU,18,0.4558359621451104
PLOUARET TREGOR,LANDERNEAU,19,0.43564668769716086
PLOUARET TREGOR,LANDERNEAU,20,0.4247634069400631
PLOUARET TREGOR,LANDERNEAU,21,0.4131329113924051
PLOUARET TREGOR,LANDERNEAU,22,0.39460317460317457
PLOUARET TREGOR,LANDERNEAU,23,0.3819047619047619
PLOUARET TREGOR,LANDERNEAU,24,0.37444444444444447
PLOUARET TREGOR,LANDERNEAU,25,0.36512738853503185
PLOUARET TREGOR,LANDERNEAU,26,0.3463375796178344
PLOUARET TREGOR,LANDERNEAU,27,0.32731629392971245
PLOUARET TREGOR,LANDERNEAU,28,0.3105769230769231
PLOUARET TREGOR,LANDERNEAU,29,0.2855305466237942
PLOUARET TREGOR,LANDERNEAU,30,0.03451612903225807
PLOUARET TREGOR,LANNION,0,0.9952380952380951
PLOUARET TREGOR,LANNION,1,0.9976744186046511
PLOUARET TREGOR,LANNION,2,0.9604651162790697
PLOUARET TREGOR,LANNION,3,0.9630952380952381
PLOUARET TREGOR,LANNION,4,0.8604651162790697
PLOUARET TREGOR,LANNION,5,0.8465116279069768
PLOUARET TREGOR,LANNION,6,0.8279069767441861
PLOUARET TREGOR,LANNION,7,0.8162790697674419
PLOUARET TREGOR,LANNION,8,0.8113636363636364
PLOUARET TREGOR,LANNION,9,0.8
PLOUARET TREGOR,LANNION,10,0.7779069767441861
PLOUARET TREGOR,LANNION,11,0.7693181818181819
PLOUARET TREGOR,LANNION,12,0.7465909090909091
PLOUARET TREGOR,LANNION,13,0.7420454545454546
PLOUARET TREGOR,LANNION,14,0.7170454545454545
PLOUARET TREGOR,LANNION,15,0.7166666666666667
PLOUARET TREGOR,LANNION,16,0.7033333333333333
PLOUARET TREGOR,LANNION,17,0.6988636363636364
PLOUARET TREGOR,LANNION,18,0.6788888888888889
PLOUARET TREGOR,LANNION,19,0.6577777777777778
PLOUARET TREGOR,LANNION,20,0.6444444444444445
PLOUARET TREGOR,LANNION,21,0.6255555555555555
PLOUARET TREGOR,LANNION,22,0.6
PLOUARET TREGOR,LANNION,23,0.5977777777777777
PLOUARET TREGOR,LANNION,24,0.5852272727272727
PLOUARET TREGOR,LANNION,25,0.5555555555555556
PLOUARET TREGOR,LANNION,26,0.5522222222222223
PLOUARET TREGOR,LANNION,27,0.5011111111111112
PLOUARET TREGOR,LANNION,28,0.4455555555555556
PLOUARET TREGOR,LANNION,29,0.4211111111111111
PLOUARET TREGOR,LANNION,30,0.052272727272727276
PLOUARET TREGOR,MORLAIX,0,0.9978005865102639
PLOUARET TREGOR,MORLAIX,1,0.9986803519061583
PLOUARET TREGOR,MORLAIX,2,0.9966275659824048
PLOUARET TREGOR,MORLAIX,3,0.9790322580645162
PLOUARET TREGOR,MORLAIX,4,0.9092375366568916
PLOUARET TREGOR,MORLAIX,5,0.8920821114369502
PLOUARET TREGOR,MORLAIX,6,0.880058651026393
PLOUARET TREGOR,MORLAIX,7,0.8579411764705882
PLOUARET TREGOR,MORLAIX,8,0.8151917404129794
PLOUARET TREGOR,MORLAIX,9,0.7702064896755163
PLOUARET TREGOR,MORLAIX,10,0.7331858407079647
PLOUARET TREGOR,MORLAIX,11,0.6882005899705015
PLOUARET TREGOR,MORLAIX,12,0.6088495575221239
PLOUARET TREGOR,MORLAIX,13,0.5874631268436579
PLOUARET TREGOR,MORLAIX,14,0.5610619469026549
PLOUARET TREGOR,MORLAIX,15,0.5372781065088758
PLOUARET TREGOR,MORLAIX,16,0.5201183431952663
PLOUARET TREGOR,MORLAIX,17,0.5102071005917159
PLOUARET TREGOR,MORLAIX,18,0.48860946745562134
PLOUARET TREGOR,MORLAIX,19,0.4640532544378698
PLOUARET TREGOR,MORLAIX,20,0.45473372781065086
PLOUARET TREGOR,MORLAIX,21,0.4406528189910979
PLOUARET TREGOR,MORLAIX,22,0.42127976190476196
PLOUARET TREGOR,MORLAIX,23,0.41190476190476194
PLOUARET TREGOR,MORLAIX,24,0.40386904761904757
PLOUARET TREGOR,MORLAIX,25,0.39761194029850744
PLOUARET TREGOR,MORLAIX,26,0.3765671641791045
PLOUARET TREGOR,MORLAIX,27,0.36392215568862274
PLOUARET TREGOR,MORLAIX,28,0.3427927927927928
PLOUARET TREGOR,MORLAIX,29,0.3153614457831325
PLOUARET TREGOR,MORLAIX,30,0.03293051359516616
QUIMPERLE,QUIMPER,0,0.9943283582089553
QUIMPERLE,QUIMPER,1,0.9970149253731343
QUIMPERLE,QUIMPER,2,0.9846726190476192
QUIMPERLE,QUIMPER,3,0.9663690476190476
QUIMPERLE,QUIMPER,4,0.8632440476190476
QUIMPERLE,QUIMPER,5,0.8251488095238095
QUIMPERLE,QUIMPER,6,0.8019345238095238
QUIMPERLE,QUIMPER,7,0.762089552238806
QUIMPERLE,QUIMPER,8,0.7191044776119403
QUIMPERLE,QUIMPER,9,0.6691044776119404
QUIMPERLE,QUIMPER,10,0.6188059701492538
QUIMPERLE,QUIMPER,11,0.5698507462686567
QUIMPERLE,QUIMPER,12,0.4056716417910448
QUIMPERLE,QUIMPER,13,0.3934131736526946
QUIMPERLE,QUIMPER,14,0.3674174174174174
QUIMPERLE,QUIMPER,15,0.3546686746987952
QUIMPERLE,QUIMPER,16,0.3358006042296073
QUIMPERLE,QUIMPER,17,0.3240909090909091
QUIMPERLE,QUIMPER,18,0.3123100303951368
QUIMPERLE,QUIMPER,19,0.2986322188449848
QUIMPERLE,QUIMPER,20,0.28292682926829266
QUIMPERLE,QUIMPER,21,0.2625382262996942
QUIMPERLE,QUIMPER,22,0.250920245398773
QUIMPERLE,QUIMPER,23,0.23853211009174313
QUIMPERLE,QUIMPER,24,0.23246153846153844
QUIMPERLE,QUIMPER,25,0.21358024691358027
QUIMPERLE,QUIMPER,26,0.21253869969040248
QUIMPERLE,QUIMPER,27,0.2122670807453416
QUIMPERLE,QUIMPER,28,0.21495327102803738
QUIMPERLE,QUIMPER,29,0.22009345794392526
QUIMPERLE,QUIMPER,30,0.03203125
QUIMPERLE,ROSPORDEN,0,0.9911940298507463
QUIMPERLE,ROSPORDEN,1,0.9970149253731343
QUIMPERLE,ROSPORDEN,2,0.9831845238095239
QUIMPERLE,ROSPORDEN,3,0.9629464285714286
QUIMPERLE,ROSPORDEN,4,0.8592261904761904
QUIMPERLE,ROSPORDEN,5,0.8187500000000001
QUIMPERLE,ROSPORDEN,6,0.7988095238095237
QUIMPERLE,ROSPORDEN,7,0.7622388059701493
QUIMPERLE,ROSPORDEN,8,0.7146268656716418
QUIMPERLE,ROSPORDEN,9,0.6629850746268656
QUIMPERLE,ROSPORDEN,10,0.61
QUIMPERLE,ROSPORDEN,11,0.5613432835820896
QUIMPERLE,ROSPORDEN,12,0.4073134328358209
QUIMPERLE,ROSPORDEN,13,0.38532934131736524
QUIMPERLE,ROSPORDEN,14,0.3642642642642643
QUIMPERLE,ROSPORDEN,15,0.3549698795180723
QUIMPERLE,ROSPORDEN,16,0.3347432024169184
QUIMPERLE,ROSPORDEN,17,0.32621212121212123
QUIMPERLE,ROSPORDEN,18,0.31443768996960486
QUIMPERLE,ROSPORDEN,19,0.2975683890577508
QUIMPERLE,ROSPORDEN,20,0.28307926829268293
QUIMPERLE,ROSPORDEN,21,0.2613149847094801
QUIMPERLE,ROSPORDEN,22,0.25030674846625767
QUIMPERLE,ROSPORDEN,23,0.23746177370030583
QUIMPERLE,ROSPORDEN,24,0.23
QUIMPERLE,ROSPORDEN,25,0.21311728395061727
QUIMPERLE,ROSPORDEN,26,0.21238390092879256
QUIMPERLE,ROSPORDEN,27,0.21024844720496896
QUIMPERLE,ROSPORDEN,28,0.2132398753894081
QUIMPERLE,ROSPORDEN,29,0.21666666666666665
QUIMPERLE,ROSPORDEN,30,0.024375
REDON,AURAY,0,0.9896656534954408
REDON,AURAY,1,0.9876899696048632
REDON,AURAY,2,0.9728787878787879
REDON,AURAY,3,0.9581818181818181
REDON,AURAY,4,0.8374242424242425
REDON,AURAY,5,0.8109422492401216
REDON,AURAY,6,0.7864329268292682
REDON,AURAY,7,0.7501529051987768
REDON,AURAY,8,0.7185015290519877
REDON,AURAY,9,0.6847094801223241
REDON,AURAY,10,0.632874617737003
REDON,AURAY,11,0.5996932515337423
REDON,AURAY,12,0.41615384615384615
REDON,AURAY,13,0.3962962962962963
REDON,AURAY,14,0.3784829721362229
REDON,AURAY,15,0.3670278637770898
REDON,AURAY,16,0.3423913043478261
REDON,AURAY,17,0.3312111801242236
REDON,AURAY,18,0.32242990654205606
REDON,AURAY,19,0.3151090342679128
REDON,AURAY,20,0.3
REDON,AURAY,21,0.28140624999999997
REDON,AURAY,22,0.27140624999999996
REDON,AURAY,23,0.2603125
REDON,AURAY,24,0.2537735849056604
REDON,AURAY,25,0.2392744479495268
REDON,AURAY,26,0.23781645569620255
REDON,AURAY,27,0.2360759493670886
REDON,AURAY,28,0.2393650793650794
REDON,AURAY,29,0.2525396825396825
REDON,AURAY,30,0.03274760383386582
REDON,LORIENT,0,0.9893939393939394
REDON,LORIENT,1,0.9871212121212121
REDON,LORIENT,2,0.9706948640483384
REDON,LORIENT,3,0.9593655589123867
REDON,LORIENT,4,0.8406344410876133
REDON,LORIENT,5,0.8054545454545455
REDON,LORIENT,6,0.7844984802431612
REDON,LORIENT,7,0.7521341463414634
REDON,LORIENT,8,0.7213414634146341
REDON,LORIENT,9,0.6826219512195122
REDON,LORIENT,10,0.6338414634146342
REDON,LORIENT,11,0.596788990825688
REDON,LORIENT,12,0.4265337423312884
REDON,LORIENT,13,0.39692307692307693
REDON,LORIENT,14,0.379320987654321
REDON,LORIENT,15,0.3669753086419753
REDON,LORIENT,16,0.3442724458204334
REDON,LORIENT,17,0.33869969040247677
REDON,LORIENT,18,0.334472049689441
REDON,LORIENT,19,0.3217391304347826
REDON,LORIENT,20,0.3014018691588785
REDON,LORIENT,21,0.2853582554517134
REDON,LORIENT,22,0.27414330218068533
REDON,LORIENT,23,0.2635514018691589
REDON,LORIENT,24,0.25391849529780564
REDON,LORIENT,25,0.23742138364779874
REDON,LORIENT,26,0.23832807570977918
REDON,LORIENT,27,0.23817034700315456
REDON,LORIENT,28,0.24335443037974686
REDON,LORIENT,29,0.2528571428571429
REDON,LORIENT,30,0.03466453674121406
REDON,QUIMPER,0,0.991033434650456
REDON,QUIMPER,1,0.9884498480243161
REDON,QUIMPER,2,0.9742424242424242
REDON,QUIMPER,3,0.9584848484848485
REDON,QUIMPER,4,0.8398484848484847
REDON,QUIMPER,5,0.8060790273556231
REDON,QUIMPER,6,0.7849085365853659
REDON,QUIMPER,7,0.7495412844036697
REDON,QUIMPER,8,0.7152905198776759
REDON,QUIMPER,9,0.668960244648318
REDON,QUIMPER,10,0.6226299694189602
REDON,QUIMPER,11,0.5814417177914111
REDON,QUIMPER,12,0.41400000000000003
REDON,QUIMPER,13,0.39351851851851855
REDON,QUIMPER,14,0.3718266253869969
REDON,QUIMPER,15,0.36145510835913314
REDON,QUIMPER,16,0.3406832298136646
REDON,QUIMPER,17,0.32850467289719626
REDON,QUIMPER,18,0.3209375
REDON,QUIMPER,19,0.3090909090909091
REDON,QUIMPER,20,0.2871069182389937
REDON,QUIMPER,21,0.2705974842767295
REDON,QUIMPER,22,0.2628930817610063
REDON,QUIMPER,23,0.25581761006289305
REDON,QUIMPER,24,0.24572784810126583
REDON,QUIMPER,25,0.23365079365079364
REDON,QUIMPER,26,0.23216560509554143
REDON,QUIMPER,27,0.23455414012738857
REDON,QUIMPER,28,0.23817891373801917
REDON,QUIMPER,29,0.25
REDON,QUIMPER,30,0.04403225806451613
REDON,QUIMPERLE,0,0.9932601880877744
REDON,QUIMPERLE,1,0.9940438871473355
REDON,QUIMPERLE,2,0.9731249999999999
REDON,QUIMPERLE,3,0.945625
REDON,QUIMPERLE,4,0.8390625
REDON,QUIMPERLE,5,0.8047021943573668
REDON,QUIMPERLE,6,0.780188679245283
REDON,QUIMPERLE,7,0.7474763406940063
REDON,QUIMPERLE,8,0.7088328075709779
REDON,QUIMPERLE,9,0.6582018927444795
REDON,QUIMPERLE,10,0.6061514195583596
REDON,QUIMPERLE,11,0.5520569620253164
REDON,QUIMPERLE,12,0.3958730158730159
REDON,QUIMPERLE,13,0.37085987261146497
REDON,QUIMPERLE,14,0.35255591054313096
REDON,QUIMPERLE,15,0.34134615384615385
REDON,QUIMPERLE,16,0.31929260450160774
REDON,QUIMPERLE,17,0.3114516129032258
REDON,QUIMPERLE,18,0.298705501618123
REDON,QUIMPERLE,19,0.2826298701298701
REDON,QUIMPERLE,20,0.26612377850162866
REDON,QUIMPERLE,21,0.24983713355048862
REDON,QUIMPERLE,22,0.23986928104575164
REDON,QUIMPERLE,23,0.21868852459016394
REDON,QUIMPERLE,24,0.2070957095709571
REDON,QUIMPERLE,25,0.1922185430463576
REDON,QUIMPERLE,26,0.18903654485049834
REDON,QUIMPERLE,27,0.19069767441860463
REDON,QUIMPERLE,28,0.193
REDON,QUIMPERLE,29,0.19933110367892978
REDON,QUIMPERLE,30,0.030201342281879196
REDON,ROSPORDEN,0,0.9937304075235109
REDON,ROSPORDEN,1,0.9937304075235109
REDON,ROSPORDEN,2,0.9753125
REDON,ROSPORDEN,3,0.94609375
REDON,ROSPORDEN,4,0.8435937499999999
REDON,ROSPORDEN,5,0.8056426332288401
REDON,ROSPORDEN,6,0.7814465408805031
REDON,ROSPORDEN,7,0.7400630914826498
REDON,ROSPORDEN,8,0.7082018927444795
REDON,ROSPORDEN,9,0.6602523659305994
REDON,ROSPORDEN,10,0.6028391167192428
REDON,ROSPORDEN,11,0.5495253164556962
REDON,ROSPORDEN,12,0.396984126984127
REDON,ROSPORDEN,13,0.37611464968152863
REDON,ROSPORDEN,14,0.3512779552715655
REDON,ROSPORDEN,15,0.33974358974358976
REDON,ROSPORDEN,16,0.31768488745980705
REDON,ROSPORDEN,17,0.31064516129032255
REDON,ROSPORDEN,18,0.30275080906148866
REDON,ROSPORDEN,19,0.28344155844155844
REDON,ROSPORDEN,20,0.26661237785016284
REDON,ROSPORDEN,21,0.2490228013029316
REDON,ROSPORDEN,22,0.23676470588235296
REDON,ROSPORDEN,23,0.21868852459016394
REDON,ROSPORDEN,24,0.20940594059405943
REDON,ROSPORDEN,25,0.1955298013245033
REDON,ROSPORDEN,26,0.19003322259136213
REDON,ROSPORDEN,27,0.19019933554817275
REDON,ROSPORDEN,28,0.19383333333333333
REDON,ROSPORDEN,29,0.20066889632107024
REDON,ROSPORDEN,30,0.02248322147651007
REDON,VANNES,0,0.9895770392749245
REDON,VANNES,1,0.9841389728096677
REDON,VANNES,2,0.9719033232628398
REDON,VANNES,3,0.9580060422960726
REDON,VANNES,4,0.8383685800604229
REDON,VANNES,5,0.808030303030303
REDON,VANNES,6,0.7867781155015199
REDON,VANNES,7,0.7565548780487805
REDON,VANNES,8,0.7221036585365853
REDON,VANNES,9,0.6835365853658536
REDON,VANNES,10,0.6376524390243903
REDON,VANNES,11,0.596177370030581
REDON,VANNES,12,0.421319018404908
REDON,VANNES,13,0.39599999999999996
REDON,VANNES,14,0.3771604938271605
REDON,VANNES,15,0.36342592592592593
REDON,VANNES,16,0.34535603715170277
REDON,VANNES,17,0.33591331269349844
REDON,VANNES,18,0.33152173913043476
REDON,VANNES,19,0.3170807453416149
REDON,VANNES,20,0.3
REDON,VANNES,21,0.28052959501557634
REDON,VANNES,22,0.2719626168224299
REDON,VANNES,23,0.26246105919003115
REDON,VANNES,24,0.25485893416927896
REDON,VANNES,25,0.23789308176100632
REDON,VANNES,26,0.238801261829653
REDON,VANNES,27,0.23817034700315456
REDON,VANNES,28,0.2427215189873418
REDON,VANNES,29,0.254746835443038
REDON,VANNES,30,0.03662420382165605
RENNES,AURAY,0,0.9411337209302325
RENNES,AURAY,1,0.9393895348837209
RENNES,AURAY,2,0.936046511627907
RENNES,AURAY,3,0.9305232558139536
RENNES,AURAY,4,0.848546511627907
RENNES,AURAY,5,0.8254360465116278
RENNES,AURAY,6,0.8026162790697675
RENNES,AURAY,7,0.7845930232558139
RENNES,AURAY,8,0.7450581395348838
RENNES,AURAY,9,0.7155523255813954
RENNES,AURAY,10,0.7001453488372092
RENNES,AURAY,11,0.6514577259475218
RENNES,AURAY,12,0.5027696793002915
RENNES,AURAY,13,0.4692419825072886
RENNES,AURAY,14,0.46154970760233915
RENNES,AURAY,15,0.4507309941520468
RENNES,AURAY,16,0.43387096774193545
RENNES,AURAY,17,0.4052785923753665
RENNES,AURAY,18,0.3956011730205279
RENNES,AURAY,19,0.37976539589442815
RENNES,AURAY,20,0.3601173020527859
RENNES,AURAY,21,0.35411764705882354
RENNES,AURAY,22,0.3488235294117647
RENNES,AURAY,23,0.3377941176470588
RENNES,AURAY,24,0.3331858407079646
RENNES,AURAY,25,0.3201183431952663
RENNES,AURAY,26,0.3225519287833828
RENNES,AURAY,27,0.32433234421364987
RENNES,AURAY,28,0.3262686567164179
RENNES,AURAY,29,0.3288059701492537
RENNES,AURAY,30,0.07889221556886228
RENNES,BREST,0,0.9527696793002915
RENNES,BREST,1,0.9572886297376094
RENNES,BREST,2,0.9513119533527697
RENNES,BREST,3,0.9431486880466472
RENNES,BREST,4,0.8721574344023323
RENNES,BREST,5,0.8411078717201166
RENNES,BREST,6,0.8329446064139941
RENNES,BREST,7,0.8145772594752186
RENNES,BREST,8,0.785131195335277
RENNES,BREST,9,0.7564139941690962
RENNES,BREST,10,0.7345481049562682
RENNES,BREST,11,0.7045189504373178
RENNES,BREST,12,0.6320699708454811
RENNES,BREST,13,0.6167638483965014
RENNES,BREST,14,0.6104956268221574
RENNES,BREST,15,0.6075801749271137
RENNES,BREST,16,0.6040816326530611
RENNES,BREST,17,0.5983965014577259
RENNES,BREST,18,0.591399416909621
RENNES,BREST,19,0.5813411078717201
RENNES,BREST,20,0.5752186588921283
RENNES,BREST,21,0.5690058479532164
RENNES,BREST,22,0.5698830409356725
RENNES,BREST,23,0.5706140350877194
RENNES,BREST,24,0.570906432748538
RENNES,BREST,25,0.5728070175438597
RENNES,BREST,26,0.5678362573099415
RENNES,BREST,27,0.5567448680351906
RENNES,BREST,28,0.5479411764705883
RENNES,BREST,29,0.5404411764705882
RENNES,BREST,30,0.03653846153846154
RENNES,DOL DE BRETAGNE,0,0.9926900584795322
RENNES,DOL DE BRETAGNE,1,0.9942982456140351
RENNES,DOL DE BRETAGNE,2,0.9966374269005849
RENNES,DOL DE BRETAGNE,3,0.99546783625731
RENNES,DOL DE BRETAGNE,4,0.983625730994152
RENNES,DOL DE BRETAGNE,5,0.9833333333333334
RENNES,DOL DE BRETAGNE,6,0.979093567251462
RENNES,DOL DE BRETAGNE,7,0.9706140350877193
RENNES,DOL DE BRETAGNE,8,0.9502932551319648
RENNES,DOL DE BRETAGNE,9,0.9259530791788856
RENNES,DOL DE BRETAGNE,10,0.9073313782991201
RENNES,DOL DE BRETAGNE,11,0.8822580645161291
RENNES,DOL DE BRETAGNE,12,0.7804985337243401
RENNES,DOL DE BRETAGNE,13,0.7758064516129033
RENNES,DOL DE BRETAGNE,14,0.7565982404692082
RENNES,DOL DE BRETAGNE,15,0.7454411764705882
RENNES,DOL DE BRETAGNE,16,0.7310294117647059
RENNES,DOL DE BRETAGNE,17,0.7229411764705883
RENNES,DOL DE BRETAGNE,18,0.7191176470588235
RENNES,DOL DE BRETAGNE,19,0.7022058823529411
RENNES,DOL DE BRETAGNE,20,0.694264705882353
RENNES,DOL DE BRETAGNE,21,0.6830383480825959
RENNES,DOL DE BRETAGNE,22,0.6655325443786982
RENNES,DOL DE BRETAGNE,23,0.645414201183432
RENNES,DOL DE BRETAGNE,24,0.6383480825958702
RENNES,DOL DE BRETAGNE,25,0.6322485207100591
RENNES,DOL DE BRETAGNE,26,0.6238872403560831
RENNES,DOL DE BRETAGNE,27,0.6160714285714286
RENNES,DOL DE BRETAGNE,28,0.613134328358209
RENNES,DOL DE BRETAGNE,29,0.580688622754491
RENNES,DOL DE BRETAGNE,30,0.06051051051051052
RENNES,GUINGAMP,0,0.9558139534883722
RENNES,GUINGAMP,1,0.9594476744186047
RENNES,GUINGAMP,2,0.9514534883720931
RENNES,GUINGAMP,3,0.94375
RENNES,GUINGAMP,4,0.8783430232558139
RENNES,GUINGAMP,5,0.8524709302325582
RENNES,GUINGAMP,6,0.8436046511627907
RENNES,GUINGAMP,7,0.8164244186046512
RENNES,GUINGAMP,8,0.7912790697674418
RENNES,GUINGAMP,9,0.7473837209302326
RENNES,GUINGAMP,10,0.7168604651162791
RENNES,GUINGAMP,11,0.690406976744186
RENNES,GUINGAMP,12,0.5800872093023256
RENNES,GUINGAMP,13,0.5693313953488371
RENNES,GUINGAMP,14,0.5632267441860465
RENNES,GUINGAMP,15,0.5579941860465116
RENNES,GUINGAMP,16,0.5441860465116278
RENNES,GUINGAMP,17,0.536046511627907
RENNES,GUINGAMP,18,0.532703488372093
RENNES,GUINGAMP,19,0.5087209302325582
RENNES,GUINGAMP,20,0.5071220930232557
RENNES,GUINGAMP,21,0.5
RENNES,GUINGAMP,22,0.482798833819242
RENNES,GUINGAMP,23,0.47090643274853805
RENNES,GUINGAMP,24,0.46593567251461987
RENNES,GUINGAMP,25,0.4593567251461988
RENNES,GUINGAMP,26,0.45423976608187133
RENNES,GUINGAMP,27,0.4501466275659824
RENNES,GUINGAMP,28,0.44529411764705884
RENNES,GUINGAMP,29,0.43397058823529416
RENNES,GUINGAMP,30,0.0371301775147929
RENNES,LAMBALLE,0,0.8835777126099708
RENNES,LAMBALLE,1,0.8718475073313783
RENNES,LAMBALLE,2,0.8640762463343108
RENNES,LAMBALLE,3,0.8521994134897362
RENNES,LAMBALLE,4,0.7109970674486803
RENNES,LAMBALLE,5,0.6847507331378299
RENNES,LAMBALLE,6,0.6765395894428152
RENNES,LAMBALLE,7,0.6351906158357771
RENNES,LAMBALLE,8,0.5979411764705883
RENNES,LAMBALLE,9,0.5663235294117648
RENNES,LAMBALLE,10,0.539264705882353
RENNES,LAMBALLE,11,0.5123529411764706
RENNES,LAMBALLE,12,0.42823529411764705
RENNES,LAMBALLE,13,0.4125
RENNES,LAMBALLE,14,0.39338235294117646
RENNES,LAMBALLE,15,0.3815634218289085
RENNES,LAMBALLE,16,0.36755162241887906
RENNES,LAMBALLE,17,0.3647492625368732
RENNES,LAMBALLE,18,0.36283185840707965
RENNES,LAMBALLE,19,0.3392330383480826
RENNES,LAMBALLE,20,0.3303834808259587
RENNES,LAMBALLE,21,0.31849112426035503
RENNES,LAMBALLE,22,0.3120178041543027
RENNES,LAMBALLE,23,0.3019345238095238
RENNES,LAMBALLE,24,0.2922848664688427
RENNES,LAMBALLE,25,0.28735119047619045
RENNES,LAMBALLE,26,0.2825892857142857
RENNES,LAMBALLE,27,0.27865671641791045
RENNES,LAMBALLE,28,0.27499999999999997
RENNES,LAMBALLE,29,0.25885885885885884
RENNES,LAMBALLE,30,0.02786144578313253
RENNES,LANDERNEAU,0,0.862869822485207
RENNES,LANDERNEAU,1,0.8658284023668639
RENNES,LANDERNEAU,2,0.855621301775148
RENNES,LANDERNEAU,3,0.8405325443786983
RENNES,LANDERNEAU,4,0.6815088757396449
RENNES,LANDERNEAU,5,0.6402366863905326
RENNES,LANDERNEAU,6,0.6316568047337278
RENNES,LANDERNEAU,7,0.5908011869436202
RENNES,LANDERNEAU,8,0.5519345238095238
RENNES,LANDERNEAU,9,0.5120178041543028
RENNES,LANDERNEAU,10,0.48946587537091985
RENNES,LANDERNEAU,11,0.45801186943620176
RENNES,LANDERNEAU,12,0.38649851632047477
RENNES,LANDERNEAU,13,0.3734421364985163
RENNES,LANDERNEAU,14,0.36038575667655787
RENNES,LANDERNEAU,15,0.35059523809523807
RENNES,LANDERNEAU,16,0.3400297619047619
RENNES,LANDERNEAU,17,0.33764880952380955
RENNES,LANDERNEAU,18,0.33214285714285713
RENNES,LANDERNEAU,19,0.31101190476190477
RENNES,LANDERNEAU,20,0.3010416666666667
RENNES,LANDERNEAU,21,0.2983582089552239
RENNES,LANDERNEAU,22,0.29071856287425146
RENNES,LANDERNEAU,23,0.2803892215568862
RENNES,LANDERNEAU,24,0.26961077844311376
RENNES,LANDERNEAU,25,0.2569069069069069
RENNES,LANDERNEAU,26,0.2490990990990991
RENNES,LANDERNEAU,27,0.23433734939759035
RENNES,LANDERNEAU,28,0.23051359516616313
RENNES,LANDERNEAU,29,0.2221212121212121
RENNES,LANDERNEAU,30,0.022644376899696048
RENNES,LANNION,0,0.7388888888888889
RENNES,LANNION,1,0.7204819277108433
RENNES,LANNION,2,0.6890243902439024
RENNES,LANNION,3,0.6658536585365854
RENNES,LANNION,4,0.458433734939759
RENNES,LANNION,5,0.4240963855421687
RENNES,LANNION,6,0.41325301204819276
RENNES,LANNION,7,0.38012048192771086
RENNES,LANNION,8,0.3904761904761904
RENNES,LANNION,9,0.35654761904761906
RENNES,LANNION,10,0.3319277108433735
RENNES,LANNION,11,0.30357142857142855
RENNES,LANNION,12,0.2220238095238095
RENNES,LANNION,13,0.21726190476190477
RENNES,LANNION,14,0.21666666666666665
RENNES,LANNION,15,0.22294117647058823
RENNES,LANNION,16,0.20176470588235293
RENNES,LANNION,17,0.18571428571428572
RENNES,LANNION,18,0.19176470588235295
RENNES,LANNION,19,0.18999999999999997
RENNES,LANNION,20,0.18470588235294116
RENNES,LANNION,21,0.1635294117647059
RENNES,LANNION,22,0.14823529411764705
RENNES,LANNION,23,0.14
RENNES,LANNION,24,0.13988095238095238
RENNES,LANNION,25,0.1264705882352941
RENNES,LANNION,26,0.1123529411764706
RENNES,LANNION,27,0.09647058823529411
RENNES,LANNION,28,0.09588235294117647
RENNES,LANNION,29,0.0888235294117647
RENNES,LANNION,30,0.020833333333333332
RENNES,LORIENT,0,0.956268221574344
RENNES,LORIENT,1,0.962063953488372
RENNES,LORIENT,2,0.9582848837209301
RENNES,LORIENT,3,0.9536337209302326
RENNES,LORIENT,4,0.90625
RENNES,LORIENT,5,0.8877906976744185
RENNES,LORIENT,6,0.8786337209302325
RENNES,LORIENT,7,0.8696220930232558
RENNES,LORIENT,8,0.850436046511628
RENNES,LORIENT,9,0.8388081395348838
RENNES,LORIENT,10,0.8334302325581395
RENNES,LORIENT,11,0.8066860465116279
RENNES,LORIENT,12,0.7360465116279069
RENNES,LORIENT,13,0.7199127906976744
RENNES,LORIENT,14,0.7134110787172011
RENNES,LORIENT,15,0.7118075801749272
RENNES,LORIENT,16,0.7067055393586006
RENNES,LORIENT,17,0.6883381924198251
RENNES,LORIENT,18,0.6800291545189504
RENNES,LORIENT,19,0.6693877551020408
RENNES,LORIENT,20,0.6558309037900875
RENNES,LORIENT,21,0.6527777777777778
RENNES,LORIENT,22,0.6536549707602339
RENNES,LORIENT,23,0.6475146198830409
RENNES,LORIENT,24,0.6412280701754386
RENNES,LORIENT,25,0.6252923976608187
RENNES,LORIENT,26,0.6241228070175439
RENNES,LORIENT,27,0.6234604105571847
RENNES,LORIENT,28,0.6130882352941176
RENNES,LORIENT,29,0.5994100294985251
RENNES,LORIENT,30,0.07751479289940828
RENNES,MORLAIX,0,0.9438953488372093
RENNES,MORLAIX,1,0.945639534883721
RENNES,MORLAIX,2,0.9414244186046512
RENNES,MORLAIX,3,0.934593023255814
RENNES,MORLAIX,4,0.848546511627907
RENNES,MORLAIX,5,0.827325581395349
RENNES,MORLAIX,6,0.8129360465116279
RENNES,MORLAIX,7,0.7832848837209302
RENNES,MORLAIX,8,0.7427325581395349
RENNES,MORLAIX,9,0.7116279069767443
RENNES,MORLAIX,10,0.6811046511627907
RENNES,MORLAIX,11,0.6606104651162791
RENNES,MORLAIX,12,0.5468023255813953
RENNES,MORLAIX,13,0.5280523255813954
RENNES,MORLAIX,14,0.5161337209302326
RENNES,MORLAIX,15,0.5129737609329446
RENNES,MORLAIX,16,0.5093294460641399
RENNES,MORLAIX,17,0.5068513119533528
RENNES,MORLAIX,18,0.5021865889212828
RENNES,MORLAIX,19,0.4806122448979592
RENNES,MORLAIX,20,0.4769679300291545
RENNES,MORLAIX,21,0.468859649122807
RENNES,MORLAIX,22,0.4592375366568915
RENNES,MORLAIX,23,0.4508823529411765
RENNES,MORLAIX,24,0.44529411764705884
RENNES,MORLAIX,25,0.4436764705882353
RENNES,MORLAIX,26,0.44279411764705884
RENNES,MORLAIX,27,0.4415929203539823
RENNES,MORLAIX,28,0.4383136094674556
RENNES,MORLAIX,29,0.4231454005934718
RENNES,MORLAIX,30,0.033630952380952386
RENNES,PLOUARET TREGOR,0,0.8959302325581395
RENNES,PLOUARET TREGOR,1,0.8976744186046512
RENNES,PLOUARET TREGOR,2,0.8882267441860465
RENNES,PLOUARET TREGOR,3,0.8744186046511628
RENNES,PLOUARET TREGOR,4,0.743313953488372
RENNES,PLOUARET TREGOR,5,0.7119186046511629
RENNES,PLOUARET TREGOR,6,0.7087209302325582
RENNES,PLOUARET TREGOR,7,0.6721574344023324
RENNES,PLOUARET TREGOR,8,0.6346938775510204
RENNES,PLOUARET TREGOR,9,0.5778425655976676
RENNES,PLOUARET TREGOR,10,0.5481049562682215
RENNES,PLOUARET TREGOR,11,0.5196793002915452
RENNES,PLOUARET TREGOR,12,0.43192419825072886
RENNES,PLOUARET TREGOR,13,0.42303206997084547
RENNES,PLOUARET TREGOR,14,0.40772594752186586
RENNES,PLOUARET TREGOR,15,0.3965014577259475
RENNES,PLOUARET TREGOR,16,0.3816326530612245
RENNES,PLOUARET TREGOR,17,0.3730320699708455
RENNES,PLOUARET TREGOR,18,0.36603498542274054
RENNES,PLOUARET TREGOR,19,0.3412536443148688
RENNES,PLOUARET TREGOR,20,0.3361516034985423
RENNES,PLOUARET TREGOR,21,0.3247076023391813
RENNES,PLOUARET TREGOR,22,0.30806451612903224
RENNES,PLOUARET TREGOR,23,0.2941348973607038
RENNES,PLOUARET TREGOR,24,0.2872058823529412
RENNES,PLOUARET TREGOR,25,0.2676470588235294
RENNES,PLOUARET TREGOR,26,0.25558823529411767
RENNES,PLOUARET TREGOR,27,0.23539823008849556
RENNES,PLOUARET TREGOR,28,0.2294378698224852
RENNES,PLOUARET TREGOR,29,0.21899109792284865
RENNES,PLOUARET TREGOR,30,0.020298507462686566
RENNES,QUIMPER,0,0.9475218658892128
RENNES,QUIMPER,1,0.9425655976676385
RENNES,QUIMPER,2,0.9341569767441861
RENNES,QUIMPER,3,0.930813953488372
RENNES,QUIMPER,4,0.8549418604651163
RENNES,QUIMPER,5,0.8329941860465117
RENNES,QUIMPER,6,0.8232558139534883
RENNES,QUIMPER,7,0.8017441860465117
RENNES,QUIMPER,8,0.7880813953488373
RENNES,QUIMPER,9,0.7654069767441861
RENNES,QUIMPER,10,0.7600290697674418
RENNES,QUIMPER,11,0.7372093023255814
RENNES,QUIMPER,12,0.65625
RENNES,QUIMPER,13,0.6494186046511629
RENNES,QUIMPER,14,0.6412536443148688
RENNES,QUIMPER,15,0.6377551020408163
RENNES,QUIMPER,16,0.635131195335277
RENNES,QUIMPER,17,0.6230320699708455
RENNES,QUIMPER,18,0.6185131195335277
RENNES,QUIMPER,19,0.6161807580174927
RENNES,QUIMPER,20,0.6072886297376093
RENNES,QUIMPER,21,0.6017543859649123
RENNES,QUIMPER,22,0.6023391812865497
RENNES,QUIMPER,23,0.5922514619883041
RENNES,QUIMPER,24,0.5874269005847953
RENNES,QUIMPER,25,0.5766081871345029
RENNES,QUIMPER,26,0.5730994152046783
RENNES,QUIMPER,27,0.568475073313783
RENNES,QUIMPER,28,0.5566176470588236
RENNES,QUIMPER,29,0.5410029498525074
RENNES,QUIMPER,30,0.05044378698224852
RENNES,QUIMPERLE,0,0.9158461538461538
RENNES,QUIMPERLE,1,0.9055384615384616
RENNES,QUIMPERLE,2,0.8802147239263803
RENNES,QUIMPERLE,3,0.8679447852760735
RENNES,QUIMPERLE,4,0.7342024539877301
RENNES,QUIMPERLE,5,0.6927914110429447
RENNES,QUIMPERLE,6,0.6636923076923077
RENNES,QUIMPERLE,7,0.6345679012345679
RENNES,QUIMPERLE,8,0.5802469135802469
RENNES,QUIMPERLE,9,0.5276234567901235
RENNES,QUIMPERLE,10,0.48271604938271606
RENNES,QUIMPERLE,11,0.42592592592592593
RENNES,QUIMPERLE,12,0.31234567901234567
RENNES,QUIMPERLE,13,0.29705882352941176
RENNES,QUIMPERLE,14,0.27919254658385095
RENNES,QUIMPERLE,15,0.2749221183800623
RENNES,QUIMPERLE,16,0.26734375
RENNES,QUIMPERLE,17,0.2518808777429467
RENNES,QUIMPERLE,18,0.2457547169811321
RENNES,QUIMPERLE,19,0.2300314465408805
RENNES,QUIMPERLE,20,0.21403785488958987
RENNES,QUIMPERLE,21,0.20237341772151898
RENNES,QUIMPERLE,22,0.1971518987341772
RENNES,QUIMPERLE,23,0.1916139240506329
RENNES,QUIMPERLE,24,0.1912420382165605
RENNES,QUIMPERLE,25,0.18849840255591055
RENNES,QUIMPERLE,26,0.18717948717948718
RENNES,QUIMPERLE,27,0.18697749196141478
RENNES,QUIMPERLE,28,0.1882258064516129
RENNES,QUIMPERLE,29,0.19532258064516128
RENNES,QUIMPERLE,30,0.0284789644012945
RENNES,REDON,0,0.9454545454545454
RENNES,REDON,1,0.9331818181818181
RENNES,REDON,2,0.9143939393939394
RENNES,REDON,3,0.8977272727272727
RENNES,REDON,4,0.7515151515151515
RENNES,REDON,5,0.7194528875379939
RENNES,REDON,6,0.6839939024390244
RENNES,REDON,7,0.6516819571865443
RENNES,REDON,8,0.6102446483180428
RENNES,REDON,9,0.5584097859327217
RENNES,REDON,10,0.5226299694189602
RENNES,REDON,11,0.47361963190184053
RENNES,REDON,12,0.3316923076923077
RENNES,REDON,13,0.31265432098765433
RENNES,REDON,14,0.293343653250774
RENNES,REDON,15,0.28606811145510835
RENNES,REDON,16,0.27670807453416146
RENNES,REDON,17,0.26071428571428573
RENNES,REDON,18,0.2599688473520249
RENNES,REDON,19,0.24190031152647976
RENNES,REDON,20,0.22796875
RENNES,REDON,21,0.2146875
RENNES,REDON,22,0.21000000000000002
RENNES,REDON,23,0.21218750000000003
RENNES,REDON,24,0.2132075471698113
RENNES,REDON,25,0.21072555205047316
RENNES,REDON,26,0.21075949367088606
RENNES,REDON,27,0.21455696202531643
RENNES,REDON,28,0.21793650793650796
RENNES,REDON,29,0.22269841269841273
RENNES,REDON,30,0.045686900958466455
RENNES,ROSPORDEN,0,0.9144615384615384
RENNES,ROSPORDEN,1,0.9069230769230769
RENNES,ROSPORDEN,2,0.8805214723926381
RENNES,ROSPORDEN,3,0.8641104294478528
RENNES,ROSPORDEN,4,0.729601226993865
RENNES,ROSPORDEN,5,0.6875766871165644
RENNES,ROSPORDEN,6,0.6666153846153846
RENNES,ROSPORDEN,7,0.6345679012345679
RENNES,ROSPORDEN,8,0.587037037037037
RENNES,ROSPORDEN,9,0.5320987654320988
RENNES,ROSPORDEN,10,0.4848765432098765
RENNES,ROSPORDEN,11,0.4339506172839506
RENNES,ROSPORDEN,12,0.31867283950617287
RENNES,ROSPORDEN,13,0.30108359133126933
RENNES,ROSPORDEN,14,0.278416149068323
RENNES,ROSPORDEN,15,0.2714953271028038
RENNES,ROSPORDEN,16,0.26578124999999997
RENNES,ROSPORDEN,17,0.2504702194357367
RENNES,ROSPORDEN,18,0.2429245283018868
RENNES,ROSPORDEN,19,0.22672955974842765
RENNES,ROSPORDEN,20,0.21261829652996847
RENNES,ROSPORDEN,21,0.2037974683544304
RENNES,ROSPORDEN,22,0.19588607594936708
RENNES,ROSPORDEN,23,0.1920886075949367
RENNES,ROSPORDEN,24,0.19283439490445858
RENNES,ROSPORDEN,25,0.18977635782747604
RENNES,ROSPORDEN,26,0.18830128205128205
RENNES,ROSPORDEN,27,0.18778135048231512
RENNES,ROSPORDEN,28,0.1879032258064516
RENNES,ROSPORDEN,29,0.1970967741935484
RENNES,ROSPORDEN,30,0.029935275080906147
RENNES,ST BRIEUC,0,0.9632267441860466
RENNES,ST BRIEUC,1,0.9643895348837209
RENNES,ST BRIEUC,2,0.9571220930232558
RENNES,ST BRIEUC,3,0.9502906976744185
RENNES,ST BRIEUC,4,0.9008720930232558
RENNES,ST BRIEUC,5,0.876453488372093
RENNES,ST BRIEUC,6,0.8732558139534883
RENNES,ST BRIEUC,7,0.8584302325581395
RENNES,ST BRIEUC,8,0.8312499999999999
RENNES,ST BRIEUC,9,0.7954941860465116
RENNES,ST BRIEUC,10,0.7776162790697675
RENNES,ST BRIEUC,11,0.7454941860465116
RENNES,ST BRIEUC,12,0.6725290697674419
RENNES,ST BRIEUC,13,0.6648255813953488
RENNES,ST BRIEUC,14,0.6565406976744186
RENNES,ST BRIEUC,15,0.6574127906976744
RENNES,ST BRIEUC,16,0.6446220930232558
RENNES,ST BRIEUC,17,0.6359011627906976
RENNES,ST BRIEUC,18,0.6324127906976744
RENNES,ST BRIEUC,19,0.6277616279069768
RENNES,ST BRIEUC,20,0.6258720930232559
RENNES,ST BRIEUC,21,0.6234693877551021
RENNES,ST BRIEUC,22,0.6212827988338192
RENNES,ST BRIEUC,23,0.6190962099125364
RENNES,ST BRIEUC,24,0.6204081632653061
RENNES,ST BRIEUC,25,0.6201166180758018
RENNES,ST BRIEUC,26,0.6209912536443148
RENNES,ST BRIEUC,27,0.6207602339181287
RENNES,ST BRIEUC,28,0.617008797653959
RENNES,ST BRIEUC,29,0.6019061583577713
RENNES,ST BRIEUC,30,0.04764011799410029
RENNES,ST MALO,0,0.9948830409356725
RENNES,ST MALO,1,0.9961988304093566
RENNES,ST MALO,2,0.9953216374269005
RENNES,ST MALO,3,0.9959064327485381
RENNES,ST MALO,4,0.9862573099415205
RENNES,ST MALO,5,0.9858187134502924
RENNES,ST MALO,6,0.9846491228070176
RENNES,ST MALO,7,0.9776315789473685
RENNES,ST MALO,8,0.9653508771929824
RENNES,ST MALO,9,0.9546783625730995
RENNES,ST MALO,10,0.9472222222222222
RENNES,ST MALO,11,0.9289473684210526
RENNES,ST MALO,12,0.85453216374269
RENNES,ST MALO,13,0.848391812865497
RENNES,ST MALO,14,0.8255847953216375
RENNES,ST MALO,15,0.8211988304093568
RENNES,ST MALO,16,0.7988304093567251
RENNES,ST MALO,17,0.7956140350877193
RENNES,ST MALO,18,0.793859649122807
RENNES,ST MALO,19,0.7798245614035088
RENNES,ST MALO,20,0.7671052631578948
RENNES,ST MALO,21,0.7458944281524926
RENNES,ST MALO,22,0.7288856304985337
RENNES,ST MALO,23,0.7085043988269795
RENNES,ST MALO,24,0.6941348973607038
RENNES,ST MALO,25,0.6818181818181818
RENNES,ST MALO,26,0.6672058823529412
RENNES,ST MALO,27,0.6591445427728613
RENNES,ST MALO,28,0.6548672566371682
RENNES,ST MALO,29,0.6191740412979351
RENNES,ST MALO,30,0.05727002967359051
RENNES,VANNES,0,0.951017441860465
RENNES,VANNES,1,0.9566860465116279
RENNES,VANNES,2,0.9558139534883722
RENNES,VANNES,3,0.9513081395348837
RENNES,VANNES,4,0.8959302325581395
RENNES,VANNES,5,0.8853197674418605
RENNES,VANNES,6,0.8748546511627907
RENNES,VANNES,7,0.8579941860465116
RENNES,VANNES,8,0.8473837209302325
RENNES,VANNES,9,0.8271802325581395
RENNES,VANNES,10,0.8241279069767442
RENNES,VANNES,11,0.7927325581395348
RENNES,VANNES,12,0.7271802325581396
RENNES,VANNES,13,0.715843023255814
RENNES,VANNES,14,0.7045189504373178
RENNES,VANNES,15,0.6998542274052478
RENNES,VANNES,16,0.6943148688046648
RENNES,VANNES,17,0.678134110787172
RENNES,VANNES,18,0.6686588921282799
RENNES,VANNES,19,0.6588921282798834
RENNES,VANNES,20,0.6459183673469389
RENNES,VANNES,21,0.6421052631578947
RENNES,VANNES,22,0.6381578947368421
RENNES,VANNES,23,0.6285087719298246
RENNES,VANNES,24,0.6232456140350877
RENNES,VANNES,25,0.6054093567251463
RENNES,VANNES,26,0.6051169590643275
RENNES,VANNES,27,0.6011730205278593
RENNES,VANNES,28,0.5920588235294117
RENNES,VANNES,29,0.5776470588235294
RENNES,VANNES,30,0.08687315634218289
ROSPORDEN,QUIMPER,0,0.9939882697947213
ROSPORDEN,QUIMPER,1,0.9954545454545454
ROSPORDEN,QUIMPER,2,0.9865497076023391
ROSPORDEN,QUIMPER,3,0.9624269005847953
ROSPORDEN,QUIMPER,4,0.8671052631578948
ROSPORDEN,QUIMPER,5,0.8252923976608187
ROSPORDEN,QUIMPER,6,0.8038011695906432
ROSPORDEN,QUIMPER,7,0.7599706744868034
ROSPORDEN,QUIMPER,8,0.7247800586510265
ROSPORDEN,QUIMPER,9,0.6587976539589443
ROSPORDEN,QUIMPER,10,0.6151026392961877
ROSPORDEN,QUIMPER,11,0.5626099706744868
ROSPORDEN,QUIMPER,12,0.40073313782991205
ROSPORDEN,QUIMPER,13,0.3826470588235294
ROSPORDEN,QUIMPER,14,0.3646017699115044
ROSPORDEN,QUIMPER,15,0.35133136094674555
ROSPORDEN,QUIMPER,16,0.328486646884273
ROSPORDEN,QUIMPER,17,0.3194940476190476
ROSPORDEN,QUIMPER,18,0.30955223880597016
ROSPORDEN,QUIMPER,19,0.2934328358208955
ROSPORDEN,QUIMPER,20,0.2751497005988024
ROSPORDEN,QUIMPER,21,0.2566066066066066
ROSPORDEN,QUIMPER,22,0.24789156626506023
ROSPORDEN,QUIMPER,23,0.2361861861861862
ROSPORDEN,QUIMPER,24,0.227190332326284
ROSPORDEN,QUIMPER,25,0.21318181818181817
ROSPORDEN,QUIMPER,26,0.21048632218844984
ROSPORDEN,QUIMPER,27,0.20945121951219514
ROSPORDEN,QUIMPER,28,0.2099388379204893
ROSPORDEN,QUIMPER,29,0.21865443425076453
ROSPORDEN,QUIMPER,30,0.03328220858895706
ST BRIEUC,BREST,0,0.9986880466472303
ST BRIEUC,BREST,1,0.9991253644314868
ST BRIEUC,BREST,2,0.9989795918367347
ST BRIEUC,BREST,3,0.9967930029154518
ST BRIEUC,BREST,4,0.9879008746355685
ST BRIEUC,BREST,5,0.9798833819241983
ST BRIEUC,BREST,6,0.9794460641399416
ST BRIEUC,BREST,7,0.9708454810495627
ST BRIEUC,BREST,8,0.9629737609329446
ST BRIEUC,BREST,9,0.9498542274052478
ST BRIEUC,BREST,10,0.9269679300291545
ST BRIEUC,BREST,11,0.9062682215743441
ST BRIEUC,BREST,12,0.8689504373177843
ST BRIEUC,BREST,13,0.8618075801749272
ST BRIEUC,BREST,14,0.8552478134110788
ST BRIEUC,BREST,15,0.8432944606413995
ST BRIEUC,BREST,16,0.8224489795918368
ST BRIEUC,BREST,17,0.8138483965014577
ST BRIEUC,BREST,18,0.8018950437317784
ST BRIEUC,BREST,19,0.7787172011661808
ST BRIEUC,BREST,20,0.7661807580174927
ST BRIEUC,BREST,21,0.7624269005847953
ST BRIEUC,BREST,22,0.7421052631578948
ST BRIEUC,BREST,23,0.7375730994152047
ST BRIEUC,BREST,24,0.7320175438596491
ST BRIEUC,BREST,25,0.7217836257309941
ST BRIEUC,BREST,26,0.7074561403508771
ST BRIEUC,BREST,27,0.6895894428152493
ST BRIEUC,BREST,28,0.6780882352941177
ST BRIEUC,BREST,29,0.6644117647058824
ST BRIEUC,BREST,30,0.15724852071005918
ST BRIEUC,GUINGAMP,0,0.9989825581395348
ST BRIEUC,GUINGAMP,1,0.9989825581395348
ST BRIEUC,GUINGAMP,2,0.9992732558139535
ST BRIEUC,GUINGAMP,3,0.9973837209302326
ST BRIEUC,GUINGAMP,4,0.9838662790697674
ST BRIEUC,GUINGAMP,5,0.9795058139534883
ST BRIEUC,GUINGAMP,6,0.9763081395348838
ST BRIEUC,GUINGAMP,7,0.9704941860465117
ST BRIEUC,GUINGAMP,8,0.9664244186046511
ST BRIEUC,GUINGAMP,9,0.9578488372093024
ST BRIEUC,GUINGAMP,10,0.9348837209302326
ST BRIEUC,GUINGAMP,11,0.923982558139535
ST BRIEUC,GUINGAMP,12,0.8773255813953489
ST BRIEUC,GUINGAMP,13,0.8626453488372093
ST BRIEUC,GUINGAMP,14,0.8401162790697675
ST BRIEUC,GUINGAMP,15,0.8183139534883721
ST BRIEUC,GUINGAMP,16,0.7998546511627906
ST BRIEUC,GUINGAMP,17,0.7886627906976744
ST BRIEUC,GUINGAMP,18,0.773546511627907
ST BRIEUC,GUINGAMP,19,0.7457848837209302
ST BRIEUC,GUINGAMP,20,0.7351744186046512
ST BRIEUC,GUINGAMP,21,0.7309037900874635
ST BRIEUC,GUINGAMP,22,0.7185131195335277
ST BRIEUC,GUINGAMP,23,0.7065789473684211
ST BRIEUC,GUINGAMP,24,0.6992690058479533
ST BRIEUC,GUINGAMP,25,0.691812865497076
ST BRIEUC,GUINGAMP,26,0.6719298245614035
ST BRIEUC,GUINGAMP,27,0.6475073313782992
ST BRIEUC,GUINGAMP,28,0.6323529411764706
ST BRIEUC,GUINGAMP,29,0.6154411764705883
ST BRIEUC,GUINGAMP,30,0.1366863905325444
ST BRIEUC,LANDERNEAU,0,0.9980769230769232
ST BRIEUC,LANDERNEAU,1,0.9986686390532544
ST BRIEUC,LANDERNEAU,2,0.9948224852071006
ST BRIEUC,LANDERNEAU,3,0.980621301775148
ST BRIEUC,LANDERNEAU,4,0.912130177514793
ST BRIEUC,LANDERNEAU,5,0.893491124260355
ST BRIEUC,LANDERNEAU,6,0.8840236686390532
ST BRIEUC,LANDERNEAU,7,0.8637982195845698
ST BRIEUC,LANDERNEAU,8,0.8348214285714286
ST BRIEUC,LANDERNEAU,9,0.7991097922848664
ST BRIEUC,LANDERNEAU,10,0.7608308605341245
ST BRIEUC,LANDERNEAU,11,0.7301186943620178
ST BRIEUC,LANDERNEAU,12,0.651186943620178
ST BRIEUC,LANDERNEAU,13,0.6317507418397627
ST BRIEUC,LANDERNEAU,14,0.6161721068249258
ST BRIEUC,LANDERNEAU,15,0.5962797619047618
ST BRIEUC,LANDERNEAU,16,0.5754464285714286
ST BRIEUC,LANDERNEAU,17,0.5558035714285714
ST BRIEUC,LANDERNEAU,18,0.5422619047619047
ST BRIEUC,LANDERNEAU,19,0.5188988095238095
ST BRIEUC,LANDERNEAU,20,0.5074404761904762
ST BRIEUC,LANDERNEAU,21,0.5026865671641791
ST BRIEUC,LANDERNEAU,22,0.4845808383233533
ST BRIEUC,LANDERNEAU,23,0.475748502994012
ST BRIEUC,LANDERNEAU,24,0.47035928143712574
ST BRIEUC,LANDERNEAU,25,0.4725225225225225
ST BRIEUC,LANDERNEAU,26,0.454054054054054
ST BRIEUC,LANDERNEAU,27,0.4442771084337349
ST BRIEUC,LANDERNEAU,28,0.4323262839879154
ST BRIEUC,LANDERNEAU,29,0.41393939393939394
ST BRIEUC,LANDERNEAU,30,0.1325227963525836
ST BRIEUC,LANNION,0,0.9643410852713179
ST BRIEUC,LANNION,1,0.9837301587301588
ST BRIEUC,LANNION,2,0.9703125
ST BRIEUC,LANNION,3,0.9414728682170543
ST BRIEUC,LANNION,4,0.7126923076923077
ST BRIEUC,LANNION,5,0.6542307692307692
ST BRIEUC,LANNION,6,0.6080152671755725
ST BRIEUC,LANNION,7,0.5809160305343511
ST BRIEUC,LANNION,8,0.5473076923076924
ST BRIEUC,LANNION,9,0.4763358778625954
ST BRIEUC,LANNION,10,0.435
ST BRIEUC,LANNION,11,0.4446564885496183
ST BRIEUC,LANNION,12,0.3435114503816794
ST BRIEUC,LANNION,13,0.33167938931297714
ST BRIEUC,LANNION,14,0.316412213740458
ST BRIEUC,LANNION,15,0.3215384615384615
ST BRIEUC,LANNION,16,0.3190839694656488
ST BRIEUC,LANNION,17,0.31346153846153846
ST BRIEUC,LANNION,18,0.3187022900763359
ST BRIEUC,LANNION,19,0.29770992366412213
ST BRIEUC,LANNION,20,0.2881679389312977
ST BRIEUC,LANNION,21,0.27938931297709924
ST BRIEUC,LANNION,22,0.2755813953488372
ST BRIEUC,LANNION,23,0.265
ST BRIEUC,LANNION,24,0.25155038759689924
ST BRIEUC,LANNION,25,0.24807692307692308
ST BRIEUC,LANNION,26,0.24615384615384617
ST BRIEUC,LANNION,27,0.21884615384615383
ST BRIEUC,LANNION,28,0.20653846153846156
ST BRIEUC,LANNION,29,0.1821705426356589
ST BRIEUC,LANNION,30,0.0359375
ST BRIEUC,MORLAIX,0,0.9986918604651163
ST BRIEUC,MORLAIX,1,0.9989825581395348
ST BRIEUC,MORLAIX,2,0.9995639534883721
ST BRIEUC,MORLAIX,3,0.9975290697674418
ST BRIEUC,MORLAIX,4,0.9723837209302325
ST BRIEUC,MORLAIX,5,0.9664244186046511
ST BRIEUC,MORLAIX,6,0.9656976744186047
ST BRIEUC,MORLAIX,7,0.9614825581395349
ST BRIEUC,MORLAIX,8,0.9513081395348837
ST BRIEUC,MORLAIX,9,0.9340116279069768
ST BRIEUC,MORLAIX,10,0.9065406976744187
ST BRIEUC,MORLAIX,11,0.8888081395348837
ST BRIEUC,MORLAIX,12,0.8265988372093024
ST BRIEUC,MORLAIX,13,0.8050872093023256
ST BRIEUC,MORLAIX,14,0.7790697674418605
ST BRIEUC,MORLAIX,15,0.7631195335276968
ST BRIEUC,MORLAIX,16,0.7399416909620992
ST BRIEUC,MORLAIX,17,0.7239067055393587
ST BRIEUC,MORLAIX,18,0.712536443148688
ST BRIEUC,MORLAIX,19,0.6889212827988338
ST BRIEUC,MORLAIX,20,0.6730320699708454
ST BRIEUC,MORLAIX,21,0.6723684210526315
ST BRIEUC,MORLAIX,22,0.6579178885630499
ST BRIEUC,MORLAIX,23,0.6461764705882352
ST BRIEUC,MORLAIX,24,0.6411764705882353
ST BRIEUC,MORLAIX,25,0.6369117647058824
ST BRIEUC,MORLAIX,26,0.6216176470588235
ST BRIEUC,MORLAIX,27,0.6029498525073747
ST BRIEUC,MORLAIX,28,0.5997041420118343
ST BRIEUC,MORLAIX,29,0.5839762611275965
ST BRIEUC,MORLAIX,30,0.13303571428571428
ST BRIEUC,PLOUARET TREGOR,0,0.9975290697674418
ST BRIEUC,PLOUARET TREGOR,1,0.998546511627907
ST BRIEUC,PLOUARET TREGOR,2,0.9963662790697675
ST BRIEUC,PLOUARET TREGOR,3,0.9856104651162791
ST BRIEUC,PLOUARET TREGOR,4,0.9484011627906976
ST BRIEUC,PLOUARET TREGOR,5,0.938953488372093
ST BRIEUC,PLOUARET TREGOR,6,0.9295058139534884
ST BRIEUC,PLOUARET TREGOR,7,0.9129737609329446
ST BRIEUC,PLOUARET TREGOR,8,0.8800291545189505
ST BRIEUC,PLOUARET TREGOR,9,0.8459183673469387
ST BRIEUC,PLOUARET TREGOR,10,0.8071428571428572
ST BRIEUC,PLOUARET TREGOR,11,0.7750728862973761
ST BRIEUC,PLOUARET TREGOR,12,0.6905247813411078
ST BRIEUC,PLOUARET TREGOR,13,0.6682215743440233
ST BRIEUC,PLOUARET TREGOR,14,0.6409620991253644
ST BRIEUC,PLOUARET TREGOR,15,0.6239067055393586
ST BRIEUC,PLOUARET TREGOR,16,0.6032069970845482
ST BRIEUC,PLOUARET TREGOR,17,0.5871720116618075
ST BRIEUC,PLOUARET TREGOR,18,0.5676384839650146
ST BRIEUC,PLOUARET TREGOR,19,0.5438775510204082
ST BRIEUC,PLOUARET TREGOR,20,0.5322157434402333
ST BRIEUC,PLOUARET TREGOR,21,0.5178362573099415
ST BRIEUC,PLOUARET TREGOR,22,0.49618768328445745
ST BRIEUC,PLOUARET TREGOR,23,0.48343108504398824
ST BRIEUC,PLOUARET TREGOR,24,0.4719117647058823
ST BRIEUC,PLOUARET TREGOR,25,0.4627941176470588
ST BRIEUC,PLOUARET TREGOR,26,0.44485294117647056
ST BRIEUC,PLOUARET TREGOR,27,0.42315634218289083
ST BRIEUC,PLOUARET TREGOR,28,0.39718934911242604
ST BRIEUC,PLOUARET TREGOR,29,0.3654302670623145
ST BRIEUC,PLOUARET TREGOR,30,0.04402985074626865
VANNES,AURAY,0,0.9992732558139535
VANNES,AURAY,1,0.9994186046511628
VANNES,AURAY,2,0.9994186046511628
VANNES,AURAY,3,0.9988372093023257
VANNES,AURAY,4,0.9915697674418605
VANNES,AURAY,5,0.9825581395348837
VANNES,AURAY,6,0.9790697674418605
VANNES,AURAY,7,0.9745639534883721
VANNES,AURAY,8,0.9623546511627907
VANNES,AURAY,9,0.9578488372093024
VANNES,AURAY,10,0.9367732558139535
VANNES,AURAY,11,0.9126822157434402
VANNES,AURAY,12,0.8395043731778425
VANNES,AURAY,13,0.8122448979591838
VANNES,AURAY,14,0.7732456140350877
VANNES,AURAY,15,0.74546783625731
VANNES,AURAY,16,0.7209677419354839
VANNES,AURAY,17,0.7038123167155426
VANNES,AURAY,18,0.6910557184750733
VANNES,AURAY,19,0.6599706744868036
VANNES,AURAY,20,0.6353372434017596
VANNES,AURAY,21,0.6235294117647059
VANNES,AURAY,22,0.6055882352941176
VANNES,AURAY,23,0.5966176470588235
VANNES,AURAY,24,0.5721238938053097
VANNES,AURAY,25,0.544526627218935
VANNES,AURAY,26,0.5293768545994065
VANNES,AURAY,27,0.5072700296735905
VANNES,AURAY,28,0.49895522388059704
VANNES,AURAY,29,0.4880597014925373
VANNES,AURAY,30,0.10329341317365269
VANNES,LORIENT,0,0.9981049562682216
VANNES,LORIENT,1,0.9988372093023257
VANNES,LORIENT,2,0.9988372093023257
VANNES,LORIENT,3,0.9982558139534883
VANNES,LORIENT,4,0.9968023255813953
VANNES,LORIENT,5,0.9969476744186047
VANNES,LORIENT,6,0.9975290697674418
VANNES,LORIENT,7,0.9946220930232558
VANNES,LORIENT,8,0.9917151162790697
VANNES,LORIENT,9,0.9906976744186047
VANNES,LORIENT,10,0.9805232558139535
VANNES,LORIENT,11,0.9649709302325581
VANNES,LORIENT,12,0.9382267441860465
VANNES,LORIENT,13,0.9284883720930232
VANNES,LORIENT,14,0.9204081632653061
VANNES,LORIENT,15,0.9176384839650146
VANNES,LORIENT,16,0.9036443148688046
VANNES,LORIENT,17,0.8931486880466473
VANNES,LORIENT,18,0.8884839650145773
VANNES,LORIENT,19,0.8702623906705539
VANNES,LORIENT,20,0.8651603498542274
VANNES,LORIENT,21,0.8631578947368421
VANNES,LORIENT,22,0.8611111111111112
VANNES,LORIENT,23,0.8609649122807017
VANNES,LORIENT,24,0.8463450292397661
VANNES,LORIENT,25,0.8207602339181286
VANNES,LORIENT,26,0.810672514619883
VANNES,LORIENT,27,0.7929618768328445
VANNES,LORIENT,28,0.7858823529411765
VANNES,LORIENT,29,0.7613569321533924
VANNES,LORIENT,30,0.09822485207100592
VANNES,QUIMPER,0,0.9995626822157435
VANNES,QUIMPER,1,0.9991253644314868
VANNES,QUIMPER,2,0.9991279069767441
VANNES,QUIMPER,3,0.9969476744186047
VANNES,QUIMPER,4,0.9899709302325582
VANNES,QUIMPER,5,0.9866279069767441
VANNES,QUIMPER,6,0.9827034883720931
VANNES,QUIMPER,7,0.9712209302325582
VANNES,QUIMPER,8,0.9611918604651162
VANNES,QUIMPER,9,0.9495639534883721
VANNES,QUIMPER,10,0.9338662790697675
VANNES,QUIMPER,11,0.9181686046511629
VANNES,QUIMPER,12,0.8803779069767442
VANNES,QUIMPER,13,0.8691860465116279
VANNES,QUIMPER,14,0.8647230320699709
VANNES,QUIMPER,15,0.8615160349854227
VANNES,QUIMPER,16,0.8491253644314869
VANNES,QUIMPER,17,0.8396501457725948
VANNES,QUIMPER,18,0.8341107871720117
VANNES,QUIMPER,19,0.815597667638484
VANNES,QUIMPER,20,0.8096209912536443
VANNES,QUIMPER,21,0.8092105263157895
VANNES,QUIMPER,22,0.8016081871345029
VANNES,QUIMPER,23,0.802046783625731
VANNES,QUIMPER,24,0.7883040935672515
VANNES,QUIMPER,25,0.7695906432748537
VANNES,QUIMPER,26,0.7605263157894737
VANNES,QUIMPER,27,0.7392961876832844
VANNES,QUIMPER,28,0.7308823529411764
VANNES,QUIMPER,29,0.7109144542772862
VANNES,QUIMPER,30,0.048668639053254435
VANNES,QUIMPERLE,0,0.9946268656716417
VANNES,QUIMPERLE,1,0.996268656716418
VANNES,QUIMPERLE,2,0.9816964285714287
VANNES,QUIMPERLE,3,0.9642857142857143
VANNES,QUIMPERLE,4,0.868452380952381
VANNES,QUIMPERLE,5,0.8165671641791045
VANNES,QUIMPERLE,6,0.797910447761194
VANNES,QUIMPERLE,7,0.7537425149700598
VANNES,QUIMPERLE,8,0.7040419161676646
VANNES,QUIMPERLE,9,0.6498502994011977
VANNES,QUIMPERLE,10,0.5889221556886227
VANNES,QUIMPERLE,11,0.5331831831831833
VANNES,QUIMPERLE,12,0.3930722891566265
VANNES,QUIMPERLE,13,0.36253776435045315
VANNES,QUIMPERLE,14,0.346969696969697
VANNES,QUIMPERLE,15,0.33297872340425533
VANNES,QUIMPERLE,16,0.31067073170731707
VANNES,QUIMPERLE,17,0.30137614678899083
VANNES,QUIMPERLE,18,0.28911042944785276
VANNES,QUIMPERLE,19,0.2703076923076923
VANNES,QUIMPERLE,20,0.25339506172839504
VANNES,QUIMPERLE,21,0.23487654320987653
VANNES,QUIMPERLE,22,0.2236024844720497
VANNES,QUIMPERLE,23,0.20776397515527953
VANNES,QUIMPERLE,24,0.203125
VANNES,QUIMPERLE,25,0.1847962382445141
VANNES,QUIMPERLE,26,0.1819182389937107
VANNES,QUIMPERLE,27,0.18113207547169813
VANNES,QUIMPERLE,28,0.18359621451104102
VANNES,QUIMPERLE,29,0.18591772151898733
VANNES,QUIMPERLE,30,0.027619047619047623
VANNES,ROSPORDEN,0,0.9939882697947213
VANNES,ROSPORDEN,1,0.9956011730205279
VANNES,ROSPORDEN,2,0.9850877192982456
VANNES,ROSPORDEN,3,0.9650584795321637
VANNES,ROSPORDEN,4,0.8790935672514619
VANNES,ROSPORDEN,5,0.8274193548387097
VANNES,ROSPORDEN,6,0.7979472140762464
VANNES,ROSPORDEN,7,0.7423529411764707
VANNES,ROSPORDEN,8,0.7055882352941176
VANNES,ROSPORDEN,9,0.6535294117647058
VANNES,ROSPORDEN,10,0.5863235294117647
VANNES,ROSPORDEN,11,0.5340707964601771
VANNES,ROSPORDEN,12,0.3841715976331361
VANNES,ROSPORDEN,13,0.3559347181008902
VANNES,ROSPORDEN,14,0.3404761904761905
VANNES,ROSPORDEN,15,0.32552238805970146
VANNES,ROSPORDEN,16,0.3055389221556886
VANNES,ROSPORDEN,17,0.2987987987987988
VANNES,ROSPORDEN,18,0.2876506024096386
VANNES,ROSPORDEN,19,0.2646525679758308
VANNES,ROSPORDEN,20,0.2501515151515151
VANNES,ROSPORDEN,21,0.23393939393939395
VANNES,ROSPORDEN,22,0.22179878048780488
VANNES,ROSPORDEN,23,0.20503048780487804
VANNES,ROSPORDEN,24,0.1964723926380368
VANNES,ROSPORDEN,25,0.18184615384615385
VANNES,ROSPORDEN,26,0.17762345679012345
VANNES,ROSPORDEN,27,0.17808641975308642
VANNES,ROSPORDEN,28,0.17894736842105263
VANNES,ROSPORDEN,29,0.18788819875776397
VANNES,ROSPORDEN,30,0.02834890965732087
VITRE,AURAY,0,1.0
VITRE,AURAY,1,0.7108695652173914
VITRE,AURAY,2,0.6977272727272728
VITRE,AURAY,3,0.6422222222222221
VITRE,AURAY,4,0.51
VITRE,AURAY,5,0.15
VITRE,AURAY,6,0.13999999999999999
VITRE,AURAY,7,0.13152173913043477
VITRE,AURAY,8,0.13043478260869565
VITRE,AURAY,9,0.11363636363636363
VITRE,AURAY,10,0.1288888888888889
VITRE,AURAY,11,0.13333333333333333
VITRE,AURAY,12,0.12444444444444445
VITRE,AURAY,13,0.10111111111111111
VITRE,AURAY,14,0.09888888888888889
VITRE,AURAY,15,0.11333333333333333
VITRE,AURAY,16,0.1511627906976744
VITRE,AURAY,17,0.11818181818181818
VITRE,AURAY,18,0.12272727272727274
VITRE,AURAY,19,0.13863636363636364
VITRE,AURAY,20,0.13749999999999998
VITRE,AURAY,21,0.14431818181818182
VITRE,AURAY,22,0.17954545454545456
VITRE,AURAY,23,0.16666666666666666
VITRE,AURAY,24,0.16395348837209303
VITRE,AURAY,25,0.16279069767441862
VITRE,AURAY,26,0.16395348837209303
VITRE,AURAY,27,0.1616279069767442
VITRE,AURAY,28,0.1686046511627907
VITRE,AURAY,29,0.2046511627906977
VITRE,AURAY,30,0.17976190476190476
VITRE,DOL DE BRETAGNE,0,0.734457478005865
VITRE,DOL DE BRETAGNE,1,0.7134897360703812
VITRE,DOL DE BRETAGNE,2,0.6986803519061584
VITRE,DOL DE BRETAGNE,3,0.6903225806451613
VITRE,DOL DE BRETAGNE,4,0.5070381231671555
VITRE,DOL DE BRETAGNE,5,0.49912023460410554
VITRE,DOL DE BRETAGNE,6,0.4914705882352941
VITRE,DOL DE BRETAGNE,7,0.4920353982300885
VITRE,DOL DE BRETAGNE,8,0.4755917159763314
VITRE,DOL DE BRETAGNE,9,0.48343195266272193
VITRE,DOL DE BRETAGNE,10,0.4807692307692308
VITRE,DOL DE BRETAGNE,11,0.4686390532544379
VITRE,DOL DE BRETAGNE,12,0.3326923076923077
VITRE,DOL DE BRETAGNE,13,0.3375370919881306
VITRE,DOL DE BRETAGNE,14,0.3400297619047619
VITRE,DOL DE BRETAGNE,15,0.3414925373134329
VITRE,DOL DE BRETAGNE,16,0.3453731343283582
VITRE,DOL DE BRETAGNE,17,0.351044776119403
VITRE,DOL DE BRETAGNE,18,0.35074626865671643
VITRE,DOL DE BRETAGNE,19,0.3407462686567164
VITRE,DOL DE BRETAGNE,20,0.3458083832335329
VITRE,DOL DE BRETAGNE,21,0.356006006006006
VITRE,DOL DE BRETAGNE,22,0.36126126126126124
VITRE,DOL DE BRETAGNE,23,0.3645645645645646
VITRE,DOL DE BRETAGNE,24,0.36606606606606606
VITRE,DOL DE BRETAGNE,25,0.37349397590361444
VITRE,DOL DE BRETAGNE,26,0.3777945619335347
VITRE,DOL DE BRETAGNE,27,0.38045454545454543
VITRE,DOL DE BRETAGNE,28,0.3958966565349544
VITRE,DOL DE BRETAGNE,29,0.39999999999999997
VITRE,DOL DE BRETAGNE,30,0.046646341463414634
VITRE,LORIENT,0,1.0
VITRE,LORIENT,1,0.7010869565217391
VITRE,LORIENT,2,0.6840909090909091
VITRE,LORIENT,3,0.6388888888888888
VITRE,LORIENT,4,0.5244444444444444
VITRE,LORIENT,5,0.16333333333333333
VITRE,LORIENT,6,0.1411111111111111
VITRE,LORIENT,7,0.13152173913043477
VITRE,LORIENT,8,0.1282608695652174
VITRE,LORIENT,9,0.10568181818181817
VITRE,LORIENT,10,0.1288888888888889
VITRE,LORIENT,11,0.14222222222222222
VITRE,LORIENT,12,0.12555555555555556
VITRE,LORIENT,13,0.10444444444444445
VITRE,LORIENT,14,0.09777777777777778
VITRE,LORIENT,15,0.11
VITRE,LORIENT,16,0.14883720930232558
VITRE,LORIENT,17,0.11931818181818182
VITRE,LORIENT,18,0.12045454545454545
VITRE,LORIENT,19,0.1340909090909091
VITRE,LORIENT,20,0.13522727272727272
VITRE,LORIENT,21,0.13863636363636364
VITRE,LORIENT,22,0.16818181818181818
VITRE,LORIENT,23,0.16428571428571428
VITRE,LORIENT,24,0.16627906976744186
VITRE,LORIENT,25,0.16395348837209303
VITRE,LORIENT,26,0.16279069767441862
VITRE,LORIENT,27,0.16395348837209303
VITRE,LORIENT,28,0.16511627906976745
VITRE,LORIENT,29,0.20116279069767443
VITRE,LORIENT,30,0.175
VITRE,RENNES,0,0.839795918367347
VITRE,RENNES,1,0.8444606413994168
VITRE,RENNES,2,0.8316326530612245
VITRE,RENNES,3,0.8097667638483965
VITRE,RENNES,4,0.6177842565597668
VITRE,RENNES,5,0.5674927113702624
VITRE,RENNES,6,0.5596491228070175
VITRE,RENNES,7,0.5517543859649122
VITRE,RENNES,8,0.5388563049853372
VITRE,RENNES,9,0.5412023460410558
VITRE,RENNES,10,0.531524926686217
VITRE,RENNES,11,0.51158357771261
VITRE,RENNES,12,0.36906158357771257
VITRE,RENNES,13,0.36867647058823527
VITRE,RENNES,14,0.3682890855457227
VITRE,RENNES,15,0.3720414201183432
VITRE,RENNES,16,0.38076923076923075
VITRE,RENNES,17,0.3853550295857988
VITRE,RENNES,18,0.38639053254437866
VITRE,RENNES,19,0.37766272189349115
VITRE,RENNES,20,0.38694362017804157
VITRE,RENNES,21,0.39419642857142856
VITRE,RENNES,22,0.396875
VITRE,RENNES,23,0.4035820895522388
VITRE,RENNES,24,0.4020833333333333
VITRE,RENNES,25,0.4059701492537313
VITRE,RENNES,26,0.4050898203592815
VITRE,RENNES,27,0.40540540540540543
VITRE,RENNES,28,0.422289156626506
VITRE,RENNES,29,0.425
VITRE,RENNES,30,0.06722054380664652
VITRE,ST MALO,0,0.7343108504398828
VITRE,ST MALO,1,0.7121700879765396
VITRE,ST MALO,2,0.7038123167155426
VITRE,ST MALO,3,0.6942815249266863
VITRE,ST MALO,4,0.5143695014662757
VITRE,ST MALO,5,0.5016129032258065
VITRE,ST MALO,6,0.49117647058823527
VITRE,ST MALO,7,0.4938053097345133
VITRE,ST MALO,8,0.47588757396449705
VITRE,ST MALO,9,0.4828402366863905
VITRE,ST MALO,10,0.47781065088757396
VITRE,ST MALO,11,0.4633136094674556
VITRE,ST MALO,12,0.3393491124260355
VITRE,ST MALO,13,0.3369436201780415
VITRE,ST MALO,14,0.3403273809523809
VITRE,ST MALO,15,0.341044776119403
VITRE,ST MALO,16,0.3455223880597015
VITRE,ST MALO,17,0.35044776119402987
VITRE,ST MALO,18,0.35149253731343283
VITRE,ST MALO,19,0.34134328358208954
VITRE,ST MALO,20,0.3464071856287425
VITRE,ST MALO,21,0.35615615615615615
VITRE,ST MALO,22,0.36036036036036034
VITRE,ST MALO,23,0.3654654654654655
VITRE,ST MALO,24,0.36666666666666664
VITRE,ST MALO,25,0.3746987951807229
VITRE,ST MALO,26,0.3767371601208459
VITRE,ST MALO,27,0.3796969696969697
VITRE,ST MALO,28,0.3963525835866262
VITRE,ST MALO,29,0.39984802431610944
VITRE,ST MALO,30,0.04527439024390244
VITRE,VANNES,0,1.0
VITRE,VANNES,1,0.6956521739130435
VITRE,VANNES,2,0.6715909090909091
VITRE,VANNES,3,0.6311111111111111
VITRE,VANNES,4,0.52
VITRE,VANNES,5,0.15444444444444444
VITRE,VANNES,6,0.13555555555555554
VITRE,VANNES,7,0.12934782608695652
VITRE,VANNES,8,0.13043478260869565
VITRE,VANNES,9,0.11022727272727272
VITRE,VANNES,10,0.12555555555555556
VITRE,VANNES,11,0.13999999999999999
VITRE,VANNES,12,0.11666666666666667
VITRE,VANNES,13,0.09777777777777778
VITRE,VANNES,14,0.09777777777777778
VITRE,VANNES,15,0.11444444444444445
VITRE,VANNES,16,0.14534883720930233
VITRE,VANNES,17,0.12159090909090908
VITRE,VANNES,18,0.12159090909090908
VITRE,VANNES,19,0.13409090909090907
VITRE,VANNES,20,0.13749999999999998
VITRE,VANNES,21,0.14772727272727273
VITRE,VANNES,22,0.17500000000000002
VITRE,VANNES,23,0.16666666666666666
VITRE,VANNES,24,0.16279069767441862
VITRE,VANNES,25,0.16395348837209303
VITRE,VANNES,26,0.16279069767441862
VITRE,VANNES,27,0.16046511627906979
VITRE,VANNES,28,0.16279069767441862
VITRE,VANNES,29,0.19767441860465115
VITRE,VANNES,30,0.18095238095238095
