origine,destination,delta_days,proba_open
ANCENIS,LA BAULE ESCOUBLAC,0,0.46458333333333335
ANCENIS,LA BAULE ESCOUBLAC,1,0.383695652173913
ANCENIS,LA BAULE ESCOUBLAC,2,0.2574468085106383
ANCENIS,LA BAULE ESCOUBLAC,3,0.2864583333333333
ANCENIS,LA BAULE ESCOUBLAC,4,0.178125
ANCENIS,LA BAULE ESCOUBLAC,5,0.15520833333333334
ANCENIS,LA BAULE ESCOUBLAC,6,0.15937500000000002
ANCENIS,LA BAULE ESCOUBLAC,7,0.14895833333333333
ANCENIS,LA BAULE ESCOUBLAC,8,0.1358695652173913
ANCENIS,LA BAULE ESCOUBLAC,9,0.14361702127659576
ANCENIS,LA BAULE ESCOUBLAC,10,0.12708333333333335
ANCENIS,LA BAULE ESCOUBLAC,11,0.125
ANCENIS,LA BAULE ESCOUBLAC,12,0.109375
ANCENIS,LA BAULE ESCOUBLAC,13,0.10416666666666667
ANCENIS,LA BAULE ESCOUBLAC,14,0.10416666666666667
ANCENIS,LA BAULE ESCOUBLAC,15,0.10869565217391304
ANCENIS,LA BAULE ESCOUBLAC,16,0.1074468085106383
ANCENIS,LA BAULE ESCOUBLAC,17,0.125
ANCENIS,LA BAULE ESCOUBLAC,18,0.12291666666666667
ANCENIS,LA BAULE ESCOUBLAC,19,0.10625
ANCENIS,LA BAULE ESCOUBLAC,20,0.10625
ANCENIS,LA BAULE ESCOUBLAC,21,0.11458333333333333
ANCENIS,LA BAULE ESCOUBLAC,22,0.10978260869565216
ANCENIS,LA BAULE ESCOUBLAC,23,0.10851063829787233
ANCENIS,LA BAULE ESCOUBLAC,24,0.11770833333333335
ANCENIS,LA BAULE ESCOUBLAC,25,0.10729166666666667
ANCENIS,LA BAULE ESCOUBLAC,26,0.10520833333333333
ANCENIS,LA BAULE ESCOUBLAC,27,0.109375
ANCENIS,LA BAULE ESCOUBLAC,28,0.11875000000000001
ANCENIS,LA BAULE ESCOUBLAC,29,0.12934782608695652
ANCENIS,LA BAULE ESCOUBLAC,30,0.0276595744680851
ANCENIS,LE CROISIC,0,0.4760416666666667
ANCENIS,LE CROISIC,1,0.3869565217391305
ANCENIS,LE CROISIC,2,0.26489361702127656
ANCENIS,LE CROISIC,3,0.28854166666666664
ANCENIS,LE CROISIC,4,0.17500000000000002
ANCENIS,LE CROISIC,5,0.15312499999999998
ANCENIS,LE CROISIC,6,0.16145833333333334
ANCENIS,LE CROISIC,7,0.14895833333333333
ANCENIS,LE CROISIC,8,0.14021739130434782
ANCENIS,LE CROISIC,9,0.14361702127659576
ANCENIS,LE CROISIC,10,0.13125
ANCENIS,LE CROISIC,11,0.12291666666666667
ANCENIS,LE CROISIC,12,0.10625
ANCENIS,LE CROISIC,13,0.10416666666666667
ANCENIS,LE CROISIC,14,0.10312500000000001
ANCENIS,LE CROISIC,15,0.10869565217391304
ANCENIS,LE CROISIC,16,0.1074468085106383
ANCENIS,LE CROISIC,17,0.12291666666666667
ANCENIS,LE CROISIC,18,0.12291666666666667
ANCENIS,LE CROISIC,19,0.10520833333333333
ANCENIS,LE CROISIC,20,0.10520833333333333
ANCENIS,LE CROISIC,21,0.10625
ANCENIS,LE CROISIC,22,0.1108695652173913
ANCENIS,LE CROISIC,23,0.10851063829787233
ANCENIS,LE CROISIC,24,0.12083333333333333
ANCENIS,LE CROISIC,25,0.11041666666666666
ANCENIS,LE CROISIC,26,0.10416666666666667
ANCENIS,LE CROISIC,27,0.109375
ANCENIS,LE CROISIC,28,0.125
ANCENIS,LE CROISIC,29,0.125
ANCENIS,LE CROISIC,30,0.02127659574468085
ANCENIS,LE POULIGUEN,0,0.4739583333333333
ANCENIS,LE POULIGUEN,1,0.3858695652173913
ANCENIS,LE POULIGUEN,2,0.23829787234042552
ANCENIS,LE POULIGUEN,3,0.28541666666666665
ANCENIS,LE POULIGUEN,4,0.17604166666666665
ANCENIS,LE POULIGUEN,5,0.15416666666666667
ANCENIS,LE POULIGUEN,6,0.16874999999999998
ANCENIS,LE POULIGUEN,7,0.15312499999999998
ANCENIS,LE POULIGUEN,8,0.13152173913043477
ANCENIS,LE POULIGUEN,9,0.14361702127659576
ANCENIS,LE POULIGUEN,10,0.13854166666666667
ANCENIS,LE POULIGUEN,11,0.13020833333333334
ANCENIS,LE POULIGUEN,12,0.10312500000000001
ANCENIS,LE POULIGUEN,13,0.10208333333333335
ANCENIS,LE POULIGUEN,14,0.10416666666666667
ANCENIS,LE POULIGUEN,15,0.10978260869565216
ANCENIS,LE POULIGUEN,16,0.10638297872340426
ANCENIS,LE POULIGUEN,17,0.12395833333333334
ANCENIS,LE POULIGUEN,18,0.12291666666666667
ANCENIS,LE POULIGUEN,19,0.10833333333333334
ANCENIS,LE POULIGUEN,20,0.10416666666666667
ANCENIS,LE POULIGUEN,21,0.10625
ANCENIS,LE POULIGUEN,22,0.10978260869565216
ANCENIS,LE POULIGUEN,23,0.1074468085106383
ANCENIS,LE POULIGUEN,24,0.12083333333333333
ANCENIS,LE POULIGUEN,25,0.10625
ANCENIS,LE POULIGUEN,26,0.10520833333333333
ANCENIS,LE POULIGUEN,27,0.109375
ANCENIS,LE POULIGUEN,28,0.12604166666666666
ANCENIS,LE POULIGUEN,29,0.13043478260869565
ANCENIS,LE POULIGUEN,30,0.018085106382978722
ANCENIS,NANTES,0,0.5968749999999999
ANCENIS,NANTES,1,0.5108695652173914
ANCENIS,NANTES,2,0.3095744680851064
ANCENIS,NANTES,3,0.3416666666666666
ANCENIS,NANTES,4,0.20104166666666667
ANCENIS,NANTES,5,0.17500000000000002
ANCENIS,NANTES,6,0.18125
ANCENIS,NANTES,7,0.16458333333333333
ANCENIS,NANTES,8,0.15434782608695652
ANCENIS,NANTES,9,0.16276595744680852
ANCENIS,NANTES,10,0.12395833333333332
ANCENIS,NANTES,11,0.12291666666666667
ANCENIS,NANTES,12,0.10520833333333333
ANCENIS,NANTES,13,0.09895833333333333
ANCENIS,NANTES,14,0.10416666666666667
ANCENIS,NANTES,15,0.10869565217391304
ANCENIS,NANTES,16,0.10851063829787233
ANCENIS,NANTES,17,0.125
ANCENIS,NANTES,18,0.125
ANCENIS,NANTES,19,0.10833333333333334
ANCENIS,NANTES,20,0.10625
ANCENIS,NANTES,21,0.10625
ANCENIS,NANTES,22,0.1108695652173913
ANCENIS,NANTES,23,0.1074468085106383
ANCENIS,NANTES,24,0.11562499999999999
ANCENIS,NANTES,25,0.10625
ANCENIS,NANTES,26,0.10520833333333333
ANCENIS,NANTES,27,0.109375
ANCENIS,NANTES,28,0.12083333333333333
ANCENIS,NANTES,29,0.125
ANCENIS,NANTES,30,0.02340425531914894
ANCENIS,PORNICHET,0,0.45416666666666666
ANCENIS,PORNICHET,1,0.3858695652173913
ANCENIS,PORNICHET,2,0.2553191489361702
ANCENIS,PORNICHET,3,0.29583333333333334
ANCENIS,PORNICHET,4,0.18125
ANCENIS,PORNICHET,5,0.15312499999999998
ANCENIS,PORNICHET,6,0.16041666666666668
ANCENIS,PORNICHET,7,0.14895833333333333
ANCENIS,PORNICHET,8,0.13478260869565217
ANCENIS,PORNICHET,9,0.1404255319148936
ANCENIS,PORNICHET,10,0.12812500000000002
ANCENIS,PORNICHET,11,0.12812500000000002
ANCENIS,PORNICHET,12,0.10416666666666667
ANCENIS,PORNICHET,13,0.10208333333333335
ANCENIS,PORNICHET,14,0.10416666666666667
ANCENIS,PORNICHET,15,0.10869565217391304
ANCENIS,PORNICHET,16,0.10638297872340426
ANCENIS,PORNICHET,17,0.12395833333333334
ANCENIS,PORNICHET,18,0.121875
ANCENIS,PORNICHET,19,0.10416666666666667
ANCENIS,PORNICHET,20,0.10416666666666667
ANCENIS,PORNICHET,21,0.10520833333333333
ANCENIS,PORNICHET,22,0.1108695652173913
ANCENIS,PORNICHET,23,0.10957446808510639
ANCENIS,PORNICHET,24,0.11770833333333335
ANCENIS,PORNICHET,25,0.10520833333333333
ANCENIS,PORNICHET,26,0.10520833333333333
ANCENIS,PORNICHET,27,0.10625
ANCENIS,PORNICHET,28,0.11979166666666667
ANCENIS,PORNICHET,29,0.12717391304347825
ANCENIS,PORNICHET,30,0.024468085106382976
ANCENIS,ST NAZAIRE,0,0.45
ANCENIS,ST NAZAIRE,1,0.3673913043478261
ANCENIS,ST NAZAIRE,2,0.2691489361702128
ANCENIS,ST NAZAIRE,3,0.29583333333333334
ANCENIS,ST NAZAIRE,4,0.18020833333333333
ANCENIS,ST NAZAIRE,5,0.14895833333333333
ANCENIS,ST NAZAIRE,6,0.1625
ANCENIS,ST NAZAIRE,7,0.14895833333333333
ANCENIS,ST NAZAIRE,8,0.13478260869565217
ANCENIS,ST NAZAIRE,9,0.1425531914893617
ANCENIS,ST NAZAIRE,10,0.12916666666666668
ANCENIS,ST NAZAIRE,11,0.12083333333333333
ANCENIS,ST NAZAIRE,12,0.109375
ANCENIS,ST NAZAIRE,13,0.10520833333333333
ANCENIS,ST NAZAIRE,14,0.10416666666666667
ANCENIS,ST NAZAIRE,15,0.10652173913043479
ANCENIS,ST NAZAIRE,16,0.10638297872340426
ANCENIS,ST NAZAIRE,17,0.125
ANCENIS,ST NAZAIRE,18,0.12395833333333334
ANCENIS,ST NAZAIRE,19,0.10625
ANCENIS,ST NAZAIRE,20,0.10625
ANCENIS,ST NAZAIRE,21,0.10625
ANCENIS,ST NAZAIRE,22,0.10652173913043479
ANCENIS,ST NAZAIRE,23,0.10531914893617021
ANCENIS,ST NAZAIRE,24,0.11979166666666667
ANCENIS,ST NAZAIRE,25,0.10833333333333334
ANCENIS,ST NAZAIRE,26,0.10208333333333335
ANCENIS,ST NAZAIRE,27,0.10625
ANCENIS,ST NAZAIRE,28,0.11770833333333335
ANCENIS,ST NAZAIRE,29,0.125
ANCENIS,ST NAZAIRE,30,0.028723404255319152
ANGERS SAINT LAUD,ANCENIS,0,0.6052083333333333
ANGERS SAINT LAUD,ANCENIS,1,0.4815217391304348
ANGERS SAINT LAUD,ANCENIS,2,0.3170212765957447
ANGERS SAINT LAUD,ANCENIS,3,0.325
ANGERS SAINT LAUD,ANCENIS,4,0.20104166666666667
ANGERS SAINT LAUD,ANCENIS,5,0.17500000000000002
ANGERS SAINT LAUD,ANCENIS,6,0.178125
ANGERS SAINT LAUD,ANCENIS,7,0.16979166666666667
ANGERS SAINT LAUD,ANCENIS,8,0.16195652173913044
ANGERS SAINT LAUD,ANCENIS,9,0.15851063829787235
ANGERS SAINT LAUD,ANCENIS,10,0.13125
ANGERS SAINT LAUD,ANCENIS,11,0.12395833333333334
ANGERS SAINT LAUD,ANCENIS,12,0.11041666666666666
ANGERS SAINT LAUD,ANCENIS,13,0.10416666666666667
ANGERS SAINT LAUD,ANCENIS,14,0.10520833333333333
ANGERS SAINT LAUD,ANCENIS,15,0.10760869565217392
ANGERS SAINT LAUD,ANCENIS,16,0.1074468085106383
ANGERS SAINT LAUD,ANCENIS,17,0.12395833333333334
ANGERS SAINT LAUD,ANCENIS,18,0.12395833333333334
ANGERS SAINT LAUD,ANCENIS,19,0.10625
ANGERS SAINT LAUD,ANCENIS,20,0.10416666666666667
ANGERS SAINT LAUD,ANCENIS,21,0.10312500000000001
ANGERS SAINT LAUD,ANCENIS,22,0.10760869565217392
ANGERS SAINT LAUD,ANCENIS,23,0.10638297872340426
ANGERS SAINT LAUD,ANCENIS,24,0.11875000000000001
ANGERS SAINT LAUD,ANCENIS,25,0.11041666666666666
ANGERS SAINT LAUD,ANCENIS,26,0.10625
ANGERS SAINT LAUD,ANCENIS,27,0.11041666666666666
ANGERS SAINT LAUD,ANCENIS,28,0.1125
ANGERS SAINT LAUD,ANCENIS,29,0.11521739130434783
ANGERS SAINT LAUD,ANCENIS,30,0.02340425531914894
ANGERS SAINT LAUD,LA BAULE ESCOUBLAC,0,0.7101449275362319
ANGERS SAINT LAUD,LA BAULE ESCOUBLAC,1,0.727906976744186
ANGERS SAINT LAUD,LA BAULE ESCOUBLAC,2,0.7078260869565217
ANGERS SAINT LAUD,LA BAULE ESCOUBLAC,3,0.6734782608695652
ANGERS SAINT LAUD,LA BAULE ESCOUBLAC,4,0.38913043478260867
ANGERS SAINT LAUD,LA BAULE ESCOUBLAC,5,0.3507225433526011
ANGERS SAINT LAUD,LA BAULE ESCOUBLAC,6,0.3440751445086705
ANGERS SAINT LAUD,LA BAULE ESCOUBLAC,7,0.2661849710982659
ANGERS SAINT LAUD,LA BAULE ESCOUBLAC,8,0.2520231213872832
ANGERS SAINT LAUD,LA BAULE ESCOUBLAC,9,0.24696531791907514
ANGERS SAINT LAUD,LA BAULE ESCOUBLAC,10,0.2421965317919075
ANGERS SAINT LAUD,LA BAULE ESCOUBLAC,11,0.23959537572254336
ANGERS SAINT LAUD,LA BAULE ESCOUBLAC,12,0.12210982658959538
ANGERS SAINT LAUD,LA BAULE ESCOUBLAC,13,0.11878612716763007
ANGERS SAINT LAUD,LA BAULE ESCOUBLAC,14,0.12326589595375723
ANGERS SAINT LAUD,LA BAULE ESCOUBLAC,15,0.12991329479768787
ANGERS SAINT LAUD,LA BAULE ESCOUBLAC,16,0.1398843930635838
ANGERS SAINT LAUD,LA BAULE ESCOUBLAC,17,0.14898843930635838
ANGERS SAINT LAUD,LA BAULE ESCOUBLAC,18,0.1611271676300578
ANGERS SAINT LAUD,LA BAULE ESCOUBLAC,19,0.1735549132947977
ANGERS SAINT LAUD,LA BAULE ESCOUBLAC,20,0.17297687861271677
ANGERS SAINT LAUD,LA BAULE ESCOUBLAC,21,0.17731213872832371
ANGERS SAINT LAUD,LA BAULE ESCOUBLAC,22,0.1804913294797688
ANGERS SAINT LAUD,LA BAULE ESCOUBLAC,23,0.18786127167630057
ANGERS SAINT LAUD,LA BAULE ESCOUBLAC,24,0.19046242774566477
ANGERS SAINT LAUD,LA BAULE ESCOUBLAC,25,0.186231884057971
ANGERS SAINT LAUD,LA BAULE ESCOUBLAC,26,0.1936231884057971
ANGERS SAINT LAUD,LA BAULE ESCOUBLAC,27,0.2170058139534884
ANGERS SAINT LAUD,LA BAULE ESCOUBLAC,28,0.2251453488372093
ANGERS SAINT LAUD,LA BAULE ESCOUBLAC,29,0.22209302325581398
ANGERS SAINT LAUD,LA BAULE ESCOUBLAC,30,0.04239766081871345
ANGERS SAINT LAUD,LA ROCHE SUR YON,0,0.5486880466472303
ANGERS SAINT LAUD,LA ROCHE SUR YON,1,0.562280701754386
ANGERS SAINT LAUD,LA ROCHE SUR YON,2,0.562536443148688
ANGERS SAINT LAUD,LA ROCHE SUR YON,3,0.5492711370262391
ANGERS SAINT LAUD,LA ROCHE SUR YON,4,0.26166180758017493
ANGERS SAINT LAUD,LA ROCHE SUR YON,5,0.25377906976744186
ANGERS SAINT LAUD,LA ROCHE SUR YON,6,0.26409883720930233
ANGERS SAINT LAUD,LA ROCHE SUR YON,7,0.225
ANGERS SAINT LAUD,LA ROCHE SUR YON,8,0.2247093023255814
ANGERS SAINT LAUD,LA ROCHE SUR YON,9,0.22834302325581393
ANGERS SAINT LAUD,LA ROCHE SUR YON,10,0.23328488372093023
ANGERS SAINT LAUD,LA ROCHE SUR YON,11,0.23633720930232557
ANGERS SAINT LAUD,LA ROCHE SUR YON,12,0.14300291545189503
ANGERS SAINT LAUD,LA ROCHE SUR YON,13,0.13731778425655977
ANGERS SAINT LAUD,LA ROCHE SUR YON,14,0.13760932944606416
ANGERS SAINT LAUD,LA ROCHE SUR YON,15,0.14385964912280702
ANGERS SAINT LAUD,LA ROCHE SUR YON,16,0.15526315789473685
ANGERS SAINT LAUD,LA ROCHE SUR YON,17,0.1598240469208211
ANGERS SAINT LAUD,LA ROCHE SUR YON,18,0.16808823529411765
ANGERS SAINT LAUD,LA ROCHE SUR YON,19,0.175
ANGERS SAINT LAUD,LA ROCHE SUR YON,20,0.17418879056047196
ANGERS SAINT LAUD,LA ROCHE SUR YON,21,0.17817109144542773
ANGERS SAINT LAUD,LA ROCHE SUR YON,22,0.18298816568047338
ANGERS SAINT LAUD,LA ROCHE SUR YON,23,0.18742603550295858
ANGERS SAINT LAUD,LA ROCHE SUR YON,24,0.18905325443786983
ANGERS SAINT LAUD,LA ROCHE SUR YON,25,0.1913946587537092
ANGERS SAINT LAUD,LA ROCHE SUR YON,26,0.20029673590504452
ANGERS SAINT LAUD,LA ROCHE SUR YON,27,0.22276785714285713
ANGERS SAINT LAUD,LA ROCHE SUR YON,28,0.22970149253731345
ANGERS SAINT LAUD,LA ROCHE SUR YON,29,0.22880597014925375
ANGERS SAINT LAUD,LA ROCHE SUR YON,30,0.04489489489489489
ANGERS SAINT LAUD,LE CROISIC,0,0.7208454810495627
ANGERS SAINT LAUD,LE CROISIC,1,0.7358187134502924
ANGERS SAINT LAUD,LE CROISIC,2,0.712536443148688
ANGERS SAINT LAUD,LE CROISIC,3,0.6760932944606414
ANGERS SAINT LAUD,LE CROISIC,4,0.3823615160349854
ANGERS SAINT LAUD,LE CROISIC,5,0.3428779069767442
ANGERS SAINT LAUD,LE CROISIC,6,0.3372093023255814
ANGERS SAINT LAUD,LE CROISIC,7,0.2678779069767442
ANGERS SAINT LAUD,LE CROISIC,8,0.2510174418604651
ANGERS SAINT LAUD,LE CROISIC,9,0.2444767441860465
ANGERS SAINT LAUD,LE CROISIC,10,0.2370639534883721
ANGERS SAINT LAUD,LE CROISIC,11,0.23343023255813952
ANGERS SAINT LAUD,LE CROISIC,12,0.1245639534883721
ANGERS SAINT LAUD,LE CROISIC,13,0.11773255813953488
ANGERS SAINT LAUD,LE CROISIC,14,0.12209302325581395
ANGERS SAINT LAUD,LE CROISIC,15,0.13299418604651161
ANGERS SAINT LAUD,LE CROISIC,16,0.13968023255813952
ANGERS SAINT LAUD,LE CROISIC,17,0.14825581395348839
ANGERS SAINT LAUD,LE CROISIC,18,0.16046511627906979
ANGERS SAINT LAUD,LE CROISIC,19,0.173546511627907
ANGERS SAINT LAUD,LE CROISIC,20,0.17151162790697674
ANGERS SAINT LAUD,LE CROISIC,21,0.17906976744186046
ANGERS SAINT LAUD,LE CROISIC,22,0.1808139534883721
ANGERS SAINT LAUD,LE CROISIC,23,0.18909883720930232
ANGERS SAINT LAUD,LE CROISIC,24,0.1892441860465116
ANGERS SAINT LAUD,LE CROISIC,25,0.18600583090379008
ANGERS SAINT LAUD,LE CROISIC,26,0.19373177842565598
ANGERS SAINT LAUD,LE CROISIC,27,0.21929824561403508
ANGERS SAINT LAUD,LE CROISIC,28,0.2264619883040936
ANGERS SAINT LAUD,LE CROISIC,29,0.2236842105263158
ANGERS SAINT LAUD,LE CROISIC,30,0.043970588235294115
ANGERS SAINT LAUD,LE POULIGUEN,0,0.5944852941176471
ANGERS SAINT LAUD,LE POULIGUEN,1,0.5681481481481482
ANGERS SAINT LAUD,LE POULIGUEN,2,0.5395522388059701
ANGERS SAINT LAUD,LE POULIGUEN,3,0.512962962962963
ANGERS SAINT LAUD,LE POULIGUEN,4,0.37279411764705883
ANGERS SAINT LAUD,LE POULIGUEN,5,0.31985294117647056
ANGERS SAINT LAUD,LE POULIGUEN,6,0.30110294117647063
ANGERS SAINT LAUD,LE POULIGUEN,7,0.20882352941176469
ANGERS SAINT LAUD,LE POULIGUEN,8,0.15634328358208954
ANGERS SAINT LAUD,LE POULIGUEN,9,0.15827067669172934
ANGERS SAINT LAUD,LE POULIGUEN,10,0.14925925925925926
ANGERS SAINT LAUD,LE POULIGUEN,11,0.14080882352941176
ANGERS SAINT LAUD,LE POULIGUEN,12,0.0650735294117647
ANGERS SAINT LAUD,LE POULIGUEN,13,0.05919117647058824
ANGERS SAINT LAUD,LE POULIGUEN,14,0.05514705882352941
ANGERS SAINT LAUD,LE POULIGUEN,15,0.06082089552238806
ANGERS SAINT LAUD,LE POULIGUEN,16,0.058646616541353384
ANGERS SAINT LAUD,LE POULIGUEN,17,0.05888888888888889
ANGERS SAINT LAUD,LE POULIGUEN,18,0.06102941176470589
ANGERS SAINT LAUD,LE POULIGUEN,19,0.06029411764705882
ANGERS SAINT LAUD,LE POULIGUEN,20,0.06029411764705882
ANGERS SAINT LAUD,LE POULIGUEN,21,0.06323529411764706
ANGERS SAINT LAUD,LE POULIGUEN,22,0.06716417910447761
ANGERS SAINT LAUD,LE POULIGUEN,23,0.06865671641791045
ANGERS SAINT LAUD,LE POULIGUEN,24,0.07851851851851852
ANGERS SAINT LAUD,LE POULIGUEN,25,0.0748148148148148
ANGERS SAINT LAUD,LE POULIGUEN,26,0.08148148148148149
ANGERS SAINT LAUD,LE POULIGUEN,27,0.09111111111111111
ANGERS SAINT LAUD,LE POULIGUEN,28,0.10407407407407408
ANGERS SAINT LAUD,LE POULIGUEN,29,0.10563909774436091
ANGERS SAINT LAUD,LE POULIGUEN,30,0.020454545454545454
ANGERS SAINT LAUD,LES SABLES D'OLONNE,0,0.5306122448979592
ANGERS SAINT LAUD,LES SABLES D'OLONNE,1,0.5369883040935672
ANGERS SAINT LAUD,LES SABLES D'OLONNE,2,0.5287172011661807
ANGERS SAINT LAUD,LES SABLES D'OLONNE,3,0.51399416909621
ANGERS SAINT LAUD,LES SABLES D'OLONNE,4,0.24577259475218657
ANGERS SAINT LAUD,LES SABLES D'OLONNE,5,0.24665697674418602
ANGERS SAINT LAUD,LES SABLES D'OLONNE,6,0.25813953488372093
ANGERS SAINT LAUD,LES SABLES D'OLONNE,7,0.22005813953488373
ANGERS SAINT LAUD,LES SABLES D'OLONNE,8,0.22063953488372096
ANGERS SAINT LAUD,LES SABLES D'OLONNE,9,0.22412790697674417
ANGERS SAINT LAUD,LES SABLES D'OLONNE,10,0.23037790697674418
ANGERS SAINT LAUD,LES SABLES D'OLONNE,11,0.2311046511627907
ANGERS SAINT LAUD,LES SABLES D'OLONNE,12,0.13673469387755102
ANGERS SAINT LAUD,LES SABLES D'OLONNE,13,0.12755102040816327
ANGERS SAINT LAUD,LES SABLES D'OLONNE,14,0.1291545189504373
ANGERS SAINT LAUD,LES SABLES D'OLONNE,15,0.1347953216374269
ANGERS SAINT LAUD,LES SABLES D'OLONNE,16,0.14751461988304093
ANGERS SAINT LAUD,LES SABLES D'OLONNE,17,0.15131964809384166
ANGERS SAINT LAUD,LES SABLES D'OLONNE,18,0.15911764705882353
ANGERS SAINT LAUD,LES SABLES D'OLONNE,19,0.16823529411764707
ANGERS SAINT LAUD,LES SABLES D'OLONNE,20,0.16607669616519175
ANGERS SAINT LAUD,LES SABLES D'OLONNE,21,0.1678466076696165
ANGERS SAINT LAUD,LES SABLES D'OLONNE,22,0.17470414201183432
ANGERS SAINT LAUD,LES SABLES D'OLONNE,23,0.17988165680473372
ANGERS SAINT LAUD,LES SABLES D'OLONNE,24,0.1812130177514793
ANGERS SAINT LAUD,LES SABLES D'OLONNE,25,0.18264094955489613
ANGERS SAINT LAUD,LES SABLES D'OLONNE,26,0.19510385756676557
ANGERS SAINT LAUD,LES SABLES D'OLONNE,27,0.21398809523809526
ANGERS SAINT LAUD,LES SABLES D'OLONNE,28,0.22343283582089551
ANGERS SAINT LAUD,LES SABLES D'OLONNE,29,0.22149253731343285
ANGERS SAINT LAUD,LES SABLES D'OLONNE,30,0.038288288288288286
ANGERS SAINT LAUD,NANTES,0,0.9901734104046244
ANGERS SAINT LAUD,NANTES,1,0.9913294797687862
ANGERS SAINT LAUD,NANTES,2,0.993371757925072
ANGERS SAINT LAUD,NANTES,3,0.9889048991354467
ANGERS SAINT LAUD,NANTES,4,0.9641210374639769
ANGERS SAINT LAUD,NANTES,5,0.9577809798270894
ANGERS SAINT LAUD,NANTES,6,0.9453890489913545
ANGERS SAINT LAUD,NANTES,7,0.9155619596541786
ANGERS SAINT LAUD,NANTES,8,0.8930835734870316
ANGERS SAINT LAUD,NANTES,9,0.881700288184438
ANGERS SAINT LAUD,NANTES,10,0.861671469740634
ANGERS SAINT LAUD,NANTES,11,0.8427953890489913
ANGERS SAINT LAUD,NANTES,12,0.7168587896253602
ANGERS SAINT LAUD,NANTES,13,0.7020172910662824
ANGERS SAINT LAUD,NANTES,14,0.6858789625360231
ANGERS SAINT LAUD,NANTES,15,0.6861671469740633
ANGERS SAINT LAUD,NANTES,16,0.6809798270893372
ANGERS SAINT LAUD,NANTES,17,0.6750720461095101
ANGERS SAINT LAUD,NANTES,18,0.6570605187319885
ANGERS SAINT LAUD,NANTES,19,0.6455331412103746
ANGERS SAINT LAUD,NANTES,20,0.6525936599423631
ANGERS SAINT LAUD,NANTES,21,0.6510086455331412
ANGERS SAINT LAUD,NANTES,22,0.647550432276657
ANGERS SAINT LAUD,NANTES,23,0.6515850144092219
ANGERS SAINT LAUD,NANTES,24,0.6288184438040345
ANGERS SAINT LAUD,NANTES,25,0.611271676300578
ANGERS SAINT LAUD,NANTES,26,0.607514450867052
ANGERS SAINT LAUD,NANTES,27,0.6130057803468207
ANGERS SAINT LAUD,NANTES,28,0.6083815028901735
ANGERS SAINT LAUD,NANTES,29,0.5953757225433526
ANGERS SAINT LAUD,NANTES,30,0.06933139534883721
ANGERS SAINT LAUD,PORNICHET,0,0.6055147058823529
ANGERS SAINT LAUD,PORNICHET,1,0.5637037037037037
ANGERS SAINT LAUD,PORNICHET,2,0.5440298507462688
ANGERS SAINT LAUD,PORNICHET,3,0.517037037037037
ANGERS SAINT LAUD,PORNICHET,4,0.3639705882352941
ANGERS SAINT LAUD,PORNICHET,5,0.3150735294117647
ANGERS SAINT LAUD,PORNICHET,6,0.3044117647058823
ANGERS SAINT LAUD,PORNICHET,7,0.19816176470588234
ANGERS SAINT LAUD,PORNICHET,8,0.15634328358208954
ANGERS SAINT LAUD,PORNICHET,9,0.1650375939849624
ANGERS SAINT LAUD,PORNICHET,10,0.14814814814814814
ANGERS SAINT LAUD,PORNICHET,11,0.13492647058823531
ANGERS SAINT LAUD,PORNICHET,12,0.06764705882352941
ANGERS SAINT LAUD,PORNICHET,13,0.062132352941176465
ANGERS SAINT LAUD,PORNICHET,14,0.055882352941176466
ANGERS SAINT LAUD,PORNICHET,15,0.05970149253731343
ANGERS SAINT LAUD,PORNICHET,16,0.05827067669172932
ANGERS SAINT LAUD,PORNICHET,17,0.061481481481481484
ANGERS SAINT LAUD,PORNICHET,18,0.057720588235294114
ANGERS SAINT LAUD,PORNICHET,19,0.05845588235294118
ANGERS SAINT LAUD,PORNICHET,20,0.059926470588235296
ANGERS SAINT LAUD,PORNICHET,21,0.0661764705882353
ANGERS SAINT LAUD,PORNICHET,22,0.06865671641791045
ANGERS SAINT LAUD,PORNICHET,23,0.06828358208955224
ANGERS SAINT LAUD,PORNICHET,24,0.08
ANGERS SAINT LAUD,PORNICHET,25,0.07777777777777778
ANGERS SAINT LAUD,PORNICHET,26,0.08037037037037037
ANGERS SAINT LAUD,PORNICHET,27,0.09222222222222222
ANGERS SAINT LAUD,PORNICHET,28,0.09962962962962962
ANGERS SAINT LAUD,PORNICHET,29,0.10526315789473684
ANGERS SAINT LAUD,PORNICHET,30,0.026515151515151516
ANGERS SAINT LAUD,ST NAZAIRE,0,0.8726086956521739
ANGERS SAINT LAUD,ST NAZAIRE,1,0.8782608695652174
ANGERS SAINT LAUD,ST NAZAIRE,2,0.8682080924855491
ANGERS SAINT LAUD,ST NAZAIRE,3,0.8378612716763005
ANGERS SAINT LAUD,ST NAZAIRE,4,0.7166184971098265
ANGERS SAINT LAUD,ST NAZAIRE,5,0.6880057803468208
ANGERS SAINT LAUD,ST NAZAIRE,6,0.6846820809248555
ANGERS SAINT LAUD,ST NAZAIRE,7,0.6476878612716763
ANGERS SAINT LAUD,ST NAZAIRE,8,0.6192196531791907
ANGERS SAINT LAUD,ST NAZAIRE,9,0.6144508670520231
ANGERS SAINT LAUD,ST NAZAIRE,10,0.5991329479768787
ANGERS SAINT LAUD,ST NAZAIRE,11,0.5858381502890173
ANGERS SAINT LAUD,ST NAZAIRE,12,0.4802023121387283
ANGERS SAINT LAUD,ST NAZAIRE,13,0.4676300578034682
ANGERS SAINT LAUD,ST NAZAIRE,14,0.430635838150289
ANGERS SAINT LAUD,ST NAZAIRE,15,0.4147398843930636
ANGERS SAINT LAUD,ST NAZAIRE,16,0.40187861271676306
ANGERS SAINT LAUD,ST NAZAIRE,17,0.39667630057803466
ANGERS SAINT LAUD,ST NAZAIRE,18,0.38526011560693646
ANGERS SAINT LAUD,ST NAZAIRE,19,0.3524566473988439
ANGERS SAINT LAUD,ST NAZAIRE,20,0.3476878612716763
ANGERS SAINT LAUD,ST NAZAIRE,21,0.3342485549132948
ANGERS SAINT LAUD,ST NAZAIRE,22,0.3153179190751445
ANGERS SAINT LAUD,ST NAZAIRE,23,0.31921965317919077
ANGERS SAINT LAUD,ST NAZAIRE,24,0.30895953757225436
ANGERS SAINT LAUD,ST NAZAIRE,25,0.2997101449275362
ANGERS SAINT LAUD,ST NAZAIRE,26,0.28753623188405797
ANGERS SAINT LAUD,ST NAZAIRE,27,0.28652173913043477
ANGERS SAINT LAUD,ST NAZAIRE,28,0.28449275362318843
ANGERS SAINT LAUD,ST NAZAIRE,29,0.27246376811594203
ANGERS SAINT LAUD,ST NAZAIRE,30,0.049271137026239066
LA BAULE ESCOUBLAC,LE CROISIC,0,0.9973760932944608
LA BAULE ESCOUBLAC,LE CROISIC,1,0.9989766081871344
LA BAULE ESCOUBLAC,LE CROISIC,2,0.9991253644314868
LA BAULE ESCOUBLAC,LE CROISIC,3,0.9963556851311953
LA BAULE ESCOUBLAC,LE CROISIC,4,0.9943148688046648
LA BAULE ESCOUBLAC,LE CROISIC,5,0.9946220930232558
LA BAULE ESCOUBLAC,LE CROISIC,6,0.9925872093023256
LA BAULE ESCOUBLAC,LE CROISIC,7,0.992296511627907
LA BAULE ESCOUBLAC,LE CROISIC,8,0.9915697674418605
LA BAULE ESCOUBLAC,LE CROISIC,9,0.9883720930232558
LA BAULE ESCOUBLAC,LE CROISIC,10,0.9845930232558139
LA BAULE ESCOUBLAC,LE CROISIC,11,0.9761627906976744
LA BAULE ESCOUBLAC,LE CROISIC,12,0.9700581395348837
LA BAULE ESCOUBLAC,LE CROISIC,13,0.9649709302325581
LA BAULE ESCOUBLAC,LE CROISIC,14,0.9561046511627906
LA BAULE ESCOUBLAC,LE CROISIC,15,0.9515988372093024
LA BAULE ESCOUBLAC,LE CROISIC,16,0.9514534883720931
LA BAULE ESCOUBLAC,LE CROISIC,17,0.9491279069767442
LA BAULE ESCOUBLAC,LE CROISIC,18,0.9376453488372093
LA BAULE ESCOUBLAC,LE CROISIC,19,0.9244186046511628
LA BAULE ESCOUBLAC,LE CROISIC,20,0.9107558139534884
LA BAULE ESCOUBLAC,LE CROISIC,21,0.8954941860465117
LA BAULE ESCOUBLAC,LE CROISIC,22,0.8784883720930232
LA BAULE ESCOUBLAC,LE CROISIC,23,0.8508720930232557
LA BAULE ESCOUBLAC,LE CROISIC,24,0.8303779069767441
LA BAULE ESCOUBLAC,LE CROISIC,25,0.8153061224489795
LA BAULE ESCOUBLAC,LE CROISIC,26,0.8062682215743441
LA BAULE ESCOUBLAC,LE CROISIC,27,0.7944444444444444
LA BAULE ESCOUBLAC,LE CROISIC,28,0.7828947368421053
LA BAULE ESCOUBLAC,LE CROISIC,29,0.7633040935672515
LA BAULE ESCOUBLAC,LE CROISIC,30,0.05705882352941177
LA BAULE ESCOUBLAC,LE POULIGUEN,0,0.9827205882352942
LA BAULE ESCOUBLAC,LE POULIGUEN,1,0.9837037037037037
LA BAULE ESCOUBLAC,LE POULIGUEN,2,0.9813432835820896
LA BAULE ESCOUBLAC,LE POULIGUEN,3,0.9644444444444443
LA BAULE ESCOUBLAC,LE POULIGUEN,4,0.9522058823529411
LA BAULE ESCOUBLAC,LE POULIGUEN,5,0.9338235294117647
LA BAULE ESCOUBLAC,LE POULIGUEN,6,0.911029411764706
LA BAULE ESCOUBLAC,LE POULIGUEN,7,0.8941176470588235
LA BAULE ESCOUBLAC,LE POULIGUEN,8,0.8794776119402985
LA BAULE ESCOUBLAC,LE POULIGUEN,9,0.8571428571428571
LA BAULE ESCOUBLAC,LE POULIGUEN,10,0.7914814814814815
LA BAULE ESCOUBLAC,LE POULIGUEN,11,0.7713235294117647
LA BAULE ESCOUBLAC,LE POULIGUEN,12,0.7316176470588235
LA BAULE ESCOUBLAC,LE POULIGUEN,13,0.7121323529411764
LA BAULE ESCOUBLAC,LE POULIGUEN,14,0.7003676470588235
LA BAULE ESCOUBLAC,LE POULIGUEN,15,0.6712686567164179
LA BAULE ESCOUBLAC,LE POULIGUEN,16,0.6578947368421053
LA BAULE ESCOUBLAC,LE POULIGUEN,17,0.6425925925925926
LA BAULE ESCOUBLAC,LE POULIGUEN,18,0.618014705882353
LA BAULE ESCOUBLAC,LE POULIGUEN,19,0.5569852941176471
LA BAULE ESCOUBLAC,LE POULIGUEN,20,0.544485294117647
LA BAULE ESCOUBLAC,LE POULIGUEN,21,0.5227941176470587
LA BAULE ESCOUBLAC,LE POULIGUEN,22,0.4791044776119403
LA BAULE ESCOUBLAC,LE POULIGUEN,23,0.46828358208955223
LA BAULE ESCOUBLAC,LE POULIGUEN,24,0.4585185185185185
LA BAULE ESCOUBLAC,LE POULIGUEN,25,0.4437037037037037
LA BAULE ESCOUBLAC,LE POULIGUEN,26,0.44074074074074077
LA BAULE ESCOUBLAC,LE POULIGUEN,27,0.4340740740740741
LA BAULE ESCOUBLAC,LE POULIGUEN,28,0.42148148148148146
LA BAULE ESCOUBLAC,LE POULIGUEN,29,0.3849624060150376
LA BAULE ESCOUBLAC,LE POULIGUEN,30,0.06287878787878788
LA ROCHE SUR YON,LES SABLES D'OLONNE,0,0.9919825072886297
LA ROCHE SUR YON,LES SABLES D'OLONNE,1,0.9967836257309941
LA ROCHE SUR YON,LES SABLES D'OLONNE,2,0.9973760932944608
LA ROCHE SUR YON,LES SABLES D'OLONNE,3,0.9930029154518951
LA ROCHE SUR YON,LES SABLES D'OLONNE,4,0.9758017492711369
LA ROCHE SUR YON,LES SABLES D'OLONNE,5,0.9633720930232558
LA ROCHE SUR YON,LES SABLES D'OLONNE,6,0.9533430232558139
LA ROCHE SUR YON,LES SABLES D'OLONNE,7,0.9319767441860466
LA ROCHE SUR YON,LES SABLES D'OLONNE,8,0.9132267441860464
LA ROCHE SUR YON,LES SABLES D'OLONNE,9,0.8819767441860464
LA ROCHE SUR YON,LES SABLES D'OLONNE,10,0.8578488372093024
LA ROCHE SUR YON,LES SABLES D'OLONNE,11,0.8338662790697675
LA ROCHE SUR YON,LES SABLES D'OLONNE,12,0.7625364431486881
LA ROCHE SUR YON,LES SABLES D'OLONNE,13,0.7514577259475219
LA ROCHE SUR YON,LES SABLES D'OLONNE,14,0.7319241982507289
LA ROCHE SUR YON,LES SABLES D'OLONNE,15,0.7204678362573099
LA ROCHE SUR YON,LES SABLES D'OLONNE,16,0.7035087719298245
LA ROCHE SUR YON,LES SABLES D'OLONNE,17,0.6906158357771262
LA ROCHE SUR YON,LES SABLES D'OLONNE,18,0.6573529411764706
LA ROCHE SUR YON,LES SABLES D'OLONNE,19,0.6280882352941177
LA ROCHE SUR YON,LES SABLES D'OLONNE,20,0.6185840707964602
LA ROCHE SUR YON,LES SABLES D'OLONNE,21,0.5861356932153392
LA ROCHE SUR YON,LES SABLES D'OLONNE,22,0.5510355029585798
LA ROCHE SUR YON,LES SABLES D'OLONNE,23,0.546301775147929
LA ROCHE SUR YON,LES SABLES D'OLONNE,24,0.5269230769230769
LA ROCHE SUR YON,LES SABLES D'OLONNE,25,0.5072700296735905
LA ROCHE SUR YON,LES SABLES D'OLONNE,26,0.49629080118694363
LA ROCHE SUR YON,LES SABLES D'OLONNE,27,0.4745535714285714
LA ROCHE SUR YON,LES SABLES D'OLONNE,28,0.4556716417910448
LA ROCHE SUR YON,LES SABLES D'OLONNE,29,0.431044776119403
LA ROCHE SUR YON,LES SABLES D'OLONNE,30,0.06246246246246247
LE MANS,ANCENIS,0,0.6020833333333333
LE MANS,ANCENIS,1,0.4978260869565217
LE MANS,ANCENIS,2,0.3351063829787234
LE MANS,ANCENIS,3,0.325
LE MANS,ANCENIS,4,0.20729166666666665
LE MANS,ANCENIS,5,0.17604166666666665
LE MANS,ANCENIS,6,0.18437499999999998
LE MANS,ANCENIS,7,0.171875
LE MANS,ANCENIS,8,0.15760869565217392
LE MANS,ANCENIS,9,0.16382978723404257
LE MANS,ANCENIS,10,0.12812500000000002
LE MANS,ANCENIS,11,0.11979166666666667
LE MANS,ANCENIS,12,0.109375
LE MANS,ANCENIS,13,0.10312500000000001
LE MANS,ANCENIS,14,0.10729166666666667
LE MANS,ANCENIS,15,0.11195652173913044
LE MANS,ANCENIS,16,0.10851063829787233
LE MANS,ANCENIS,17,0.121875
LE MANS,ANCENIS,18,0.12083333333333333
LE MANS,ANCENIS,19,0.10520833333333333
LE MANS,ANCENIS,20,0.10520833333333333
LE MANS,ANCENIS,21,0.10416666666666667
LE MANS,ANCENIS,22,0.10869565217391304
LE MANS,ANCENIS,23,0.10638297872340426
LE MANS,ANCENIS,24,0.11770833333333335
LE MANS,ANCENIS,25,0.109375
LE MANS,ANCENIS,26,0.10416666666666667
LE MANS,ANCENIS,27,0.11145833333333333
LE MANS,ANCENIS,28,0.121875
LE MANS,ANCENIS,29,0.12282608695652175
LE MANS,ANCENIS,30,0.026595744680851064
LE MANS,ANGERS SAINT LAUD,0,0.9215317919075146
LE MANS,ANGERS SAINT LAUD,1,0.9254335260115607
LE MANS,ANGERS SAINT LAUD,2,0.928242074927954
LE MANS,ANGERS SAINT LAUD,3,0.9194524495677234
LE MANS,ANGERS SAINT LAUD,4,0.809221902017291
LE MANS,ANGERS SAINT LAUD,5,0.7978386167146975
LE MANS,ANGERS SAINT LAUD,6,0.7687319884726225
LE MANS,ANGERS SAINT LAUD,7,0.7285302593659942
LE MANS,ANGERS SAINT LAUD,8,0.7030259365994236
LE MANS,ANGERS SAINT LAUD,9,0.6887608069164265
LE MANS,ANGERS SAINT LAUD,10,0.6704610951008646
LE MANS,ANGERS SAINT LAUD,11,0.6511560693641619
LE MANS,ANGERS SAINT LAUD,12,0.5265895953757225
LE MANS,ANGERS SAINT LAUD,13,0.5143063583815028
LE MANS,ANGERS SAINT LAUD,14,0.49523121387283237
LE MANS,ANGERS SAINT LAUD,15,0.4965317919075145
LE MANS,ANGERS SAINT LAUD,16,0.4875722543352601
LE MANS,ANGERS SAINT LAUD,17,0.4761560693641618
LE MANS,ANGERS SAINT LAUD,18,0.4682080924855491
LE MANS,ANGERS SAINT LAUD,19,0.43858381502890176
LE MANS,ANGERS SAINT LAUD,20,0.4458092485549133
LE MANS,ANGERS SAINT LAUD,21,0.43352601156069365
LE MANS,ANGERS SAINT LAUD,22,0.42861271676300583
LE MANS,ANGERS SAINT LAUD,23,0.42846820809248554
LE MANS,ANGERS SAINT LAUD,24,0.40881502890173405
LE MANS,ANGERS SAINT LAUD,25,0.3988405797101449
LE MANS,ANGERS SAINT LAUD,26,0.38546511627906976
LE MANS,ANGERS SAINT LAUD,27,0.3841569767441861
LE MANS,ANGERS SAINT LAUD,28,0.37863372093023256
LE MANS,ANGERS SAINT LAUD,29,0.3642441860465116
LE MANS,ANGERS SAINT LAUD,30,0.06676384839650146
LE MANS,LA BAULE ESCOUBLAC,0,0.5696048632218845
LE MANS,LA BAULE ESCOUBLAC,1,0.5642857142857143
LE MANS,LA BAULE ESCOUBLAC,2,0.5653030303030303
LE MANS,LA BAULE ESCOUBLAC,3,0.5504545454545454
LE MANS,LA BAULE ESCOUBLAC,4,0.2675757575757576
LE MANS,LA BAULE ESCOUBLAC,5,0.2442598187311178
LE MANS,LA BAULE ESCOUBLAC,6,0.2377643504531722
LE MANS,LA BAULE ESCOUBLAC,7,0.18454545454545454
LE MANS,LA BAULE ESCOUBLAC,8,0.1853030303030303
LE MANS,LA BAULE ESCOUBLAC,9,0.18303030303030302
LE MANS,LA BAULE ESCOUBLAC,10,0.17363636363636362
LE MANS,LA BAULE ESCOUBLAC,11,0.17127659574468085
LE MANS,LA BAULE ESCOUBLAC,12,0.08996960486322188
LE MANS,LA BAULE ESCOUBLAC,13,0.08814589665653495
LE MANS,LA BAULE ESCOUBLAC,14,0.09224924012158055
LE MANS,LA BAULE ESCOUBLAC,15,0.10350609756097562
LE MANS,LA BAULE ESCOUBLAC,16,0.11009174311926606
LE MANS,LA BAULE ESCOUBLAC,17,0.11391437308868502
LE MANS,LA BAULE ESCOUBLAC,18,0.12088414634146341
LE MANS,LA BAULE ESCOUBLAC,19,0.12613981762917933
LE MANS,LA BAULE ESCOUBLAC,20,0.12583586626139817
LE MANS,LA BAULE ESCOUBLAC,21,0.13495440729483282
LE MANS,LA BAULE ESCOUBLAC,22,0.13628048780487806
LE MANS,LA BAULE ESCOUBLAC,23,0.14296636085626913
LE MANS,LA BAULE ESCOUBLAC,24,0.14678899082568808
LE MANS,LA BAULE ESCOUBLAC,25,0.14510703363914373
LE MANS,LA BAULE ESCOUBLAC,26,0.15076219512195121
LE MANS,LA BAULE ESCOUBLAC,27,0.1675840978593272
LE MANS,LA BAULE ESCOUBLAC,28,0.17584097859327216
LE MANS,LA BAULE ESCOUBLAC,29,0.17822085889570552
LE MANS,LA BAULE ESCOUBLAC,30,0.039384615384615386
LE MANS,LA ROCHE SUR YON,0,0.3896551724137931
LE MANS,LA ROCHE SUR YON,1,0.4264150943396226
LE MANS,LA ROCHE SUR YON,2,0.4346394984326019
LE MANS,LA ROCHE SUR YON,3,0.446551724137931
LE MANS,LA ROCHE SUR YON,4,0.16943573667711598
LE MANS,LA ROCHE SUR YON,5,0.1671875
LE MANS,LA ROCHE SUR YON,6,0.1609717868338558
LE MANS,LA ROCHE SUR YON,7,0.14546874999999998
LE MANS,LA ROCHE SUR YON,8,0.1426332288401254
LE MANS,LA ROCHE SUR YON,9,0.15283018867924528
LE MANS,LA ROCHE SUR YON,10,0.16352201257861634
LE MANS,LA ROCHE SUR YON,11,0.161198738170347
LE MANS,LA ROCHE SUR YON,12,0.08639240506329114
LE MANS,LA ROCHE SUR YON,13,0.08085443037974684
LE MANS,LA ROCHE SUR YON,14,0.07873015873015873
LE MANS,LA ROCHE SUR YON,15,0.08566878980891719
LE MANS,LA ROCHE SUR YON,16,0.09776357827476038
LE MANS,LA ROCHE SUR YON,17,0.10159744408945687
LE MANS,LA ROCHE SUR YON,18,0.1076923076923077
LE MANS,LA ROCHE SUR YON,19,0.11736334405144695
LE MANS,LA ROCHE SUR YON,20,0.11919354838709678
LE MANS,LA ROCHE SUR YON,21,0.12216828478964402
LE MANS,LA ROCHE SUR YON,22,0.12402597402597404
LE MANS,LA ROCHE SUR YON,23,0.1270358306188925
LE MANS,LA ROCHE SUR YON,24,0.1277777777777778
LE MANS,LA ROCHE SUR YON,25,0.13055555555555556
LE MANS,LA ROCHE SUR YON,26,0.14243421052631577
LE MANS,LA ROCHE SUR YON,27,0.16299342105263157
LE MANS,LA ROCHE SUR YON,28,0.1688118811881188
LE MANS,LA ROCHE SUR YON,29,0.16821192052980133
LE MANS,LA ROCHE SUR YON,30,0.03803986710963455
LE MANS,LE CROISIC,0,0.5682370820668693
LE MANS,LE CROISIC,1,0.5800911854103343
LE MANS,LE CROISIC,2,0.5662121212121212
LE MANS,LE CROISIC,3,0.5522727272727272
LE MANS,LE CROISIC,4,0.2721212121212121
LE MANS,LE CROISIC,5,0.24682779456193354
LE MANS,LE CROISIC,6,0.233987915407855
LE MANS,LE CROISIC,7,0.18606060606060607
LE MANS,LE CROISIC,8,0.18303030303030302
LE MANS,LE CROISIC,9,0.1812121212121212
LE MANS,LE CROISIC,10,0.17181818181818181
LE MANS,LE CROISIC,11,0.16474164133738603
LE MANS,LE CROISIC,12,0.09209726443768997
LE MANS,LE CROISIC,13,0.08844984802431612
LE MANS,LE CROISIC,14,0.09392097264437689
LE MANS,LE CROISIC,15,0.10167682926829269
LE MANS,LE CROISIC,16,0.10902140672782874
LE MANS,LE CROISIC,17,0.11467889908256881
LE MANS,LE CROISIC,18,0.12256097560975611
LE MANS,LE CROISIC,19,0.12887537993920972
LE MANS,LE CROISIC,20,0.12674772036474166
LE MANS,LE CROISIC,21,0.13495440729483282
LE MANS,LE CROISIC,22,0.13567073170731708
LE MANS,LE CROISIC,23,0.14204892966360858
LE MANS,LE CROISIC,24,0.14755351681957188
LE MANS,LE CROISIC,25,0.14556574923547402
LE MANS,LE CROISIC,26,0.14954268292682926
LE MANS,LE CROISIC,27,0.1703363914373089
LE MANS,LE CROISIC,28,0.17507645259938837
LE MANS,LE CROISIC,29,0.17546012269938652
LE MANS,LE CROISIC,30,0.03430769230769231
LE MANS,LE POULIGUEN,0,0.5051020408163265
LE MANS,LE POULIGUEN,1,0.46185567010309275
LE MANS,LE POULIGUEN,2,0.43072916666666666
LE MANS,LE POULIGUEN,3,0.41785714285714287
LE MANS,LE POULIGUEN,4,0.3010204081632653
LE MANS,LE POULIGUEN,5,0.2857142857142857
LE MANS,LE POULIGUEN,6,0.27755102040816326
LE MANS,LE POULIGUEN,7,0.1663265306122449
LE MANS,LE POULIGUEN,8,0.13697916666666668
LE MANS,LE POULIGUEN,9,0.15520833333333334
LE MANS,LE POULIGUEN,10,0.13814432989690723
LE MANS,LE POULIGUEN,11,0.12474226804123711
LE MANS,LE POULIGUEN,12,0.06752577319587628
LE MANS,LE POULIGUEN,13,0.061340206185567014
LE MANS,LE POULIGUEN,14,0.05721649484536082
LE MANS,LE POULIGUEN,15,0.05473684210526316
LE MANS,LE POULIGUEN,16,0.05421052631578948
LE MANS,LE POULIGUEN,17,0.065625
LE MANS,LE POULIGUEN,18,0.0734375
LE MANS,LE POULIGUEN,19,0.06406250000000001
LE MANS,LE POULIGUEN,20,0.06406250000000001
LE MANS,LE POULIGUEN,21,0.07395833333333333
LE MANS,LE POULIGUEN,22,0.07340425531914894
LE MANS,LE POULIGUEN,23,0.07446808510638298
LE MANS,LE POULIGUEN,24,0.08052631578947368
LE MANS,LE POULIGUEN,25,0.07684210526315789
LE MANS,LE POULIGUEN,26,0.07789473684210527
LE MANS,LE POULIGUEN,27,0.08526315789473683
LE MANS,LE POULIGUEN,28,0.09473684210526316
LE MANS,LE POULIGUEN,29,0.0967741935483871
LE MANS,LE POULIGUEN,30,0.016129032258064516
LE MANS,LES SABLES D'OLONNE,0,0.37852348993288587
LE MANS,LES SABLES D'OLONNE,1,0.41621621621621624
LE MANS,LES SABLES D'OLONNE,2,0.4293220338983051
LE MANS,LES SABLES D'OLONNE,3,0.4222789115646259
LE MANS,LES SABLES D'OLONNE,4,0.168135593220339
LE MANS,LES SABLES D'OLONNE,5,0.1691919191919192
LE MANS,LES SABLES D'OLONNE,6,0.16346801346801346
LE MANS,LES SABLES D'OLONNE,7,0.15117056856187291
LE MANS,LES SABLES D'OLONNE,8,0.15
LE MANS,LES SABLES D'OLONNE,9,0.16174496644295303
LE MANS,LES SABLES D'OLONNE,10,0.16359060402684564
LE MANS,LES SABLES D'OLONNE,11,0.15620805369127516
LE MANS,LES SABLES D'OLONNE,12,0.08417508417508418
LE MANS,LES SABLES D'OLONNE,13,0.07558922558922558
LE MANS,LES SABLES D'OLONNE,14,0.07297297297297298
LE MANS,LES SABLES D'OLONNE,15,0.08033898305084745
LE MANS,LES SABLES D'OLONNE,16,0.09436860068259385
LE MANS,LES SABLES D'OLONNE,17,0.09948805460750852
LE MANS,LES SABLES D'OLONNE,18,0.10733788395904437
LE MANS,LES SABLES D'OLONNE,19,0.1131849315068493
LE MANS,LES SABLES D'OLONNE,20,0.1170103092783505
LE MANS,LES SABLES D'OLONNE,21,0.12051724137931036
LE MANS,LES SABLES D'OLONNE,22,0.12145328719723184
LE MANS,LES SABLES D'OLONNE,23,0.12613240418118468
LE MANS,LES SABLES D'OLONNE,24,0.12779720279720277
LE MANS,LES SABLES D'OLONNE,25,0.1304195804195804
LE MANS,LES SABLES D'OLONNE,26,0.13908450704225353
LE MANS,LES SABLES D'OLONNE,27,0.16214788732394364
LE MANS,LES SABLES D'OLONNE,28,0.16978798586572438
LE MANS,LES SABLES D'OLONNE,29,0.1677304964539007
LE MANS,LES SABLES D'OLONNE,30,0.03718861209964412
LE MANS,NANTES,0,0.9238439306358381
LE MANS,NANTES,1,0.9307803468208092
LE MANS,NANTES,2,0.9318443804034583
LE MANS,NANTES,3,0.9198847262247838
LE MANS,NANTES,4,0.8203170028818443
LE MANS,NANTES,5,0.7932276657060519
LE MANS,NANTES,6,0.7720461095100863
LE MANS,NANTES,7,0.7361671469740634
LE MANS,NANTES,8,0.7056195965417867
LE MANS,NANTES,9,0.6886167146974063
LE MANS,NANTES,10,0.6753602305475505
LE MANS,NANTES,11,0.6539017341040463
LE MANS,NANTES,12,0.53121387283237
LE MANS,NANTES,13,0.5132947976878612
LE MANS,NANTES,14,0.4956647398843931
LE MANS,NANTES,15,0.4939306358381503
LE MANS,NANTES,16,0.4864161849710983
LE MANS,NANTES,17,0.47774566473988445
LE MANS,NANTES,18,0.4676300578034682
LE MANS,NANTES,19,0.4472543352601156
LE MANS,NANTES,20,0.44595375722543357
LE MANS,NANTES,21,0.4382947976878613
LE MANS,NANTES,22,0.4315028901734104
LE MANS,NANTES,23,0.42846820809248554
LE MANS,NANTES,24,0.41286127167630055
LE MANS,NANTES,25,0.40275362318840574
LE MANS,NANTES,26,0.3892441860465116
LE MANS,NANTES,27,0.3879360465116279
LE MANS,NANTES,28,0.3856104651162791
LE MANS,NANTES,29,0.37383720930232556
LE MANS,NANTES,30,0.061224489795918366
LE MANS,PORNICHET,0,0.5244897959183673
LE MANS,PORNICHET,1,0.4675257731958763
LE MANS,PORNICHET,2,0.4302083333333333
LE MANS,PORNICHET,3,0.41683673469387755
LE MANS,PORNICHET,4,0.3056122448979592
LE MANS,PORNICHET,5,0.2913265306122449
LE MANS,PORNICHET,6,0.2770408163265306
LE MANS,PORNICHET,7,0.17142857142857143
LE MANS,PORNICHET,8,0.13541666666666666
LE MANS,PORNICHET,9,0.14479166666666668
LE MANS,PORNICHET,10,0.13505154639175257
LE MANS,PORNICHET,11,0.12216494845360824
LE MANS,PORNICHET,12,0.06701030927835051
LE MANS,PORNICHET,13,0.061340206185567014
LE MANS,PORNICHET,14,0.05515463917525773
LE MANS,PORNICHET,15,0.053684210526315786
LE MANS,PORNICHET,16,0.05157894736842106
LE MANS,PORNICHET,17,0.06145833333333334
LE MANS,PORNICHET,18,0.07083333333333333
LE MANS,PORNICHET,19,0.06302083333333333
LE MANS,PORNICHET,20,0.06354166666666666
LE MANS,PORNICHET,21,0.07187500000000001
LE MANS,PORNICHET,22,0.07340425531914894
LE MANS,PORNICHET,23,0.075
LE MANS,PORNICHET,24,0.08210526315789474
LE MANS,PORNICHET,25,0.07736842105263157
LE MANS,PORNICHET,26,0.07631578947368421
LE MANS,PORNICHET,27,0.08736842105263157
LE MANS,PORNICHET,28,0.09105263157894737
LE MANS,PORNICHET,29,0.0903225806451613
LE MANS,PORNICHET,30,0.02096774193548387
LE MANS,SABLE SUR SARTHE,0,0.6885093167701863
LE MANS,SABLE SUR SARTHE,1,0.6639751552795031
LE MANS,SABLE SUR SARTHE,2,0.6371875
LE MANS,SABLE SUR SARTHE,3,0.6208074534161491
LE MANS,SABLE SUR SARTHE,4,0.23043478260869565
LE MANS,SABLE SUR SARTHE,5,0.1996875
LE MANS,SABLE SUR SARTHE,6,0.19402515723270441
LE MANS,SABLE SUR SARTHE,7,0.18427672955974844
LE MANS,SABLE SUR SARTHE,8,0.1778481012658228
LE MANS,SABLE SUR SARTHE,9,0.1691082802547771
LE MANS,SABLE SUR SARTHE,10,0.16496815286624203
LE MANS,SABLE SUR SARTHE,11,0.16153846153846155
LE MANS,SABLE SUR SARTHE,12,0.03258064516129032
LE MANS,SABLE SUR SARTHE,13,0.023870967741935485
LE MANS,SABLE SUR SARTHE,14,0.02922077922077922
LE MANS,SABLE SUR SARTHE,15,0.04290322580645161
LE MANS,SABLE SUR SARTHE,16,0.04707792207792208
LE MANS,SABLE SUR SARTHE,17,0.05193548387096775
LE MANS,SABLE SUR SARTHE,18,0.06193548387096774
LE MANS,SABLE SUR SARTHE,19,0.0630718954248366
LE MANS,SABLE SUR SARTHE,20,0.06830065359477124
LE MANS,SABLE SUR SARTHE,21,0.07500000000000001
LE MANS,SABLE SUR SARTHE,22,0.08538961038961039
LE MANS,SABLE SUR SARTHE,23,0.09383116883116882
LE MANS,SABLE SUR SARTHE,24,0.10746753246753248
LE MANS,SABLE SUR SARTHE,25,0.11201298701298701
LE MANS,SABLE SUR SARTHE,26,0.13398692810457516
LE MANS,SABLE SUR SARTHE,27,0.16874999999999998
LE MANS,SABLE SUR SARTHE,28,0.19046052631578947
LE MANS,SABLE SUR SARTHE,29,0.19769736842105265
LE MANS,SABLE SUR SARTHE,30,0.04901315789473684
LE MANS,ST NAZAIRE,0,0.7325513196480938
LE MANS,ST NAZAIRE,1,0.7278592375366568
LE MANS,ST NAZAIRE,2,0.7236842105263158
LE MANS,ST NAZAIRE,3,0.7090643274853801
LE MANS,ST NAZAIRE,4,0.5728070175438597
LE MANS,ST NAZAIRE,5,0.5592105263157895
LE MANS,ST NAZAIRE,6,0.5548245614035088
LE MANS,ST NAZAIRE,7,0.5371345029239766
LE MANS,ST NAZAIRE,8,0.5274853801169591
LE MANS,ST NAZAIRE,9,0.5299707602339181
LE MANS,ST NAZAIRE,10,0.5074561403508773
LE MANS,ST NAZAIRE,11,0.4934017595307918
LE MANS,ST NAZAIRE,12,0.3844574780058651
LE MANS,ST NAZAIRE,13,0.37741935483870964
LE MANS,ST NAZAIRE,14,0.3416422287390029
LE MANS,ST NAZAIRE,15,0.33768328445747803
LE MANS,ST NAZAIRE,16,0.32697947214076245
LE MANS,ST NAZAIRE,17,0.31451612903225806
LE MANS,ST NAZAIRE,18,0.3090909090909091
LE MANS,ST NAZAIRE,19,0.27947214076246335
LE MANS,ST NAZAIRE,20,0.27609970674486806
LE MANS,ST NAZAIRE,21,0.2590909090909091
LE MANS,ST NAZAIRE,22,0.24384164222873903
LE MANS,ST NAZAIRE,23,0.24530791788856307
LE MANS,ST NAZAIRE,24,0.23797653958944284
LE MANS,ST NAZAIRE,25,0.2301470588235294
LE MANS,ST NAZAIRE,26,0.21799410029498525
LE MANS,ST NAZAIRE,27,0.21283185840707966
LE MANS,ST NAZAIRE,28,0.2103244837758112
LE MANS,ST NAZAIRE,29,0.20442477876106194
LE MANS,ST NAZAIRE,30,0.04186390532544379
LE POULIGUEN,LE CROISIC,0,0.9790441176470589
LE POULIGUEN,LE CROISIC,1,0.9814814814814815
LE POULIGUEN,LE CROISIC,2,0.9820895522388059
LE POULIGUEN,LE CROISIC,3,0.9670370370370371
LE POULIGUEN,LE CROISIC,4,0.9481617647058823
LE POULIGUEN,LE CROISIC,5,0.9294117647058824
LE POULIGUEN,LE CROISIC,6,0.9073529411764706
LE POULIGUEN,LE CROISIC,7,0.8911764705882353
LE POULIGUEN,LE CROISIC,8,0.8791044776119403
LE POULIGUEN,LE CROISIC,9,0.8548872180451128
LE POULIGUEN,LE CROISIC,10,0.7874074074074073
LE POULIGUEN,LE CROISIC,11,0.7724264705882353
LE POULIGUEN,LE CROISIC,12,0.723529411764706
LE POULIGUEN,LE CROISIC,13,0.7172794117647059
LE POULIGUEN,LE CROISIC,14,0.7014705882352942
LE POULIGUEN,LE CROISIC,15,0.6742537313432836
LE POULIGUEN,LE CROISIC,16,0.6560150375939849
LE POULIGUEN,LE CROISIC,17,0.642962962962963
LE POULIGUEN,LE CROISIC,18,0.625
LE POULIGUEN,LE CROISIC,19,0.5551470588235294
LE POULIGUEN,LE CROISIC,20,0.5477941176470589
LE POULIGUEN,LE CROISIC,21,0.5283088235294118
LE POULIGUEN,LE CROISIC,22,0.4742537313432836
LE POULIGUEN,LE CROISIC,23,0.46119402985074626
LE POULIGUEN,LE CROISIC,24,0.4607407407407408
LE POULIGUEN,LE CROISIC,25,0.4440740740740741
LE POULIGUEN,LE CROISIC,26,0.44592592592592595
LE POULIGUEN,LE CROISIC,27,0.4337037037037037
LE POULIGUEN,LE CROISIC,28,0.4211111111111111
LE POULIGUEN,LE CROISIC,29,0.3883458646616541
LE POULIGUEN,LE CROISIC,30,0.07196969696969698
MASSY TGV,ANGERS SAINT LAUD,0,0.6915841584158415
MASSY TGV,ANGERS SAINT LAUD,1,0.6958937198067633
MASSY TGV,ANGERS SAINT LAUD,2,0.7425837320574162
MASSY TGV,ANGERS SAINT LAUD,3,0.7566350710900475
MASSY TGV,ANGERS SAINT LAUD,4,0.5421428571428571
MASSY TGV,ANGERS SAINT LAUD,5,0.5444976076555024
MASSY TGV,ANGERS SAINT LAUD,6,0.533732057416268
MASSY TGV,ANGERS SAINT LAUD,7,0.4283653846153846
MASSY TGV,ANGERS SAINT LAUD,8,0.43349282296650715
MASSY TGV,ANGERS SAINT LAUD,9,0.4354761904761905
MASSY TGV,ANGERS SAINT LAUD,10,0.42666666666666664
MASSY TGV,ANGERS SAINT LAUD,11,0.4284688995215311
MASSY TGV,ANGERS SAINT LAUD,12,0.2314903846153846
MASSY TGV,ANGERS SAINT LAUD,13,0.22367149758454105
MASSY TGV,ANGERS SAINT LAUD,14,0.2395631067961165
MASSY TGV,ANGERS SAINT LAUD,15,0.2466019417475728
MASSY TGV,ANGERS SAINT LAUD,16,0.2541062801932367
MASSY TGV,ANGERS SAINT LAUD,17,0.26207729468599034
MASSY TGV,ANGERS SAINT LAUD,18,0.27975609756097564
MASSY TGV,ANGERS SAINT LAUD,19,0.2867647058823529
MASSY TGV,ANGERS SAINT LAUD,20,0.29408866995073896
MASSY TGV,ANGERS SAINT LAUD,21,0.29777227722772276
MASSY TGV,ANGERS SAINT LAUD,22,0.3054726368159204
MASSY TGV,ANGERS SAINT LAUD,23,0.3099009900990099
MASSY TGV,ANGERS SAINT LAUD,24,0.3056930693069307
MASSY TGV,ANGERS SAINT LAUD,25,0.31
MASSY TGV,ANGERS SAINT LAUD,26,0.3115
MASSY TGV,ANGERS SAINT LAUD,27,0.346969696969697
MASSY TGV,ANGERS SAINT LAUD,28,0.35934343434343435
MASSY TGV,ANGERS SAINT LAUD,29,0.35989847715736045
MASSY TGV,ANGERS SAINT LAUD,30,0.04974619289340102
MASSY TGV,LA BAULE ESCOUBLAC,0,0.375531914893617
MASSY TGV,LA BAULE ESCOUBLAC,1,0.39361702127659576
MASSY TGV,LA BAULE ESCOUBLAC,2,0.4319148936170213
MASSY TGV,LA BAULE ESCOUBLAC,3,0.47291666666666665
MASSY TGV,LA BAULE ESCOUBLAC,4,0.3177083333333333
MASSY TGV,LA BAULE ESCOUBLAC,5,0.31354166666666666
MASSY TGV,LA BAULE ESCOUBLAC,6,0.28020833333333334
MASSY TGV,LA BAULE ESCOUBLAC,7,0.10625
MASSY TGV,LA BAULE ESCOUBLAC,8,0.09166666666666667
MASSY TGV,LA BAULE ESCOUBLAC,9,0.09999999999999999
MASSY TGV,LA BAULE ESCOUBLAC,10,0.10520833333333335
MASSY TGV,LA BAULE ESCOUBLAC,11,0.09895833333333333
MASSY TGV,LA BAULE ESCOUBLAC,12,0.007291666666666668
MASSY TGV,LA BAULE ESCOUBLAC,13,0.0010416666666666667
MASSY TGV,LA BAULE ESCOUBLAC,14,0.0
MASSY TGV,LA BAULE ESCOUBLAC,15,0.0
MASSY TGV,LA BAULE ESCOUBLAC,16,0.0
MASSY TGV,LA BAULE ESCOUBLAC,17,0.0020833333333333333
MASSY TGV,LA BAULE ESCOUBLAC,18,0.016666666666666666
MASSY TGV,LA BAULE ESCOUBLAC,19,0.019791666666666666
MASSY TGV,LA BAULE ESCOUBLAC,20,0.020833333333333332
MASSY TGV,LA BAULE ESCOUBLAC,21,0.035416666666666666
MASSY TGV,LA BAULE ESCOUBLAC,22,0.04270833333333333
MASSY TGV,LA BAULE ESCOUBLAC,23,0.041666666666666664
MASSY TGV,LA BAULE ESCOUBLAC,24,0.043750000000000004
MASSY TGV,LA BAULE ESCOUBLAC,25,0.041666666666666664
MASSY TGV,LA BAULE ESCOUBLAC,26,0.043750000000000004
MASSY TGV,LA BAULE ESCOUBLAC,27,0.059375000000000004
MASSY TGV,LA BAULE ESCOUBLAC,28,0.05937499999999999
MASSY TGV,LA BAULE ESCOUBLAC,29,0.0625
MASSY TGV,LA BAULE ESCOUBLAC,30,0.0062499999999999995
MASSY TGV,LE CROISIC,0,0.38510638297872346
MASSY TGV,LE CROISIC,1,0.4010638297872341
MASSY TGV,LE CROISIC,2,0.43617021276595747
MASSY TGV,LE CROISIC,3,0.4791666666666667
MASSY TGV,LE CROISIC,4,0.3125
MASSY TGV,LE CROISIC,5,0.3125
MASSY TGV,LE CROISIC,6,0.28020833333333334
MASSY TGV,LE CROISIC,7,0.11041666666666666
MASSY TGV,LE CROISIC,8,0.090625
MASSY TGV,LE CROISIC,9,0.10416666666666667
MASSY TGV,LE CROISIC,10,0.11145833333333333
MASSY TGV,LE CROISIC,11,0.10833333333333334
MASSY TGV,LE CROISIC,12,0.006250000000000001
MASSY TGV,LE CROISIC,13,0.0031250000000000006
MASSY TGV,LE CROISIC,14,0.0010416666666666667
MASSY TGV,LE CROISIC,15,0.0020833333333333333
MASSY TGV,LE CROISIC,16,0.0031250000000000006
MASSY TGV,LE CROISIC,17,0.0020833333333333333
MASSY TGV,LE CROISIC,18,0.015625
MASSY TGV,LE CROISIC,19,0.02291666666666667
MASSY TGV,LE CROISIC,20,0.024999999999999998
MASSY TGV,LE CROISIC,21,0.036458333333333336
MASSY TGV,LE CROISIC,22,0.040625
MASSY TGV,LE CROISIC,23,0.041666666666666664
MASSY TGV,LE CROISIC,24,0.043750000000000004
MASSY TGV,LE CROISIC,25,0.043750000000000004
MASSY TGV,LE CROISIC,26,0.043750000000000004
MASSY TGV,LE CROISIC,27,0.05833333333333333
MASSY TGV,LE CROISIC,28,0.06354166666666666
MASSY TGV,LE CROISIC,29,0.0625
MASSY TGV,LE CROISIC,30,0.013541666666666667
MASSY TGV,LE MANS,0,0.7111386138613862
MASSY TGV,LE MANS,1,0.7053140096618358
MASSY TGV,LE MANS,2,0.7504784688995215
MASSY TGV,LE MANS,3,0.7684834123222749
MASSY TGV,LE MANS,4,0.5695238095238095
MASSY TGV,LE MANS,5,0.5464114832535886
MASSY TGV,LE MANS,6,0.5399521531100478
MASSY TGV,LE MANS,7,0.4358173076923077
MASSY TGV,LE MANS,8,0.4349282296650718
MASSY TGV,LE MANS,9,0.4433333333333333
MASSY TGV,LE MANS,10,0.4354761904761905
MASSY TGV,LE MANS,11,0.4313397129186603
MASSY TGV,LE MANS,12,0.22860576923076922
MASSY TGV,LE MANS,13,0.2210144927536232
MASSY TGV,LE MANS,14,0.24199029126213592
MASSY TGV,LE MANS,15,0.24902912621359222
MASSY TGV,LE MANS,16,0.25314009661835746
MASSY TGV,LE MANS,17,0.26594202898550723
MASSY TGV,LE MANS,18,0.2824390243902439
MASSY TGV,LE MANS,19,0.28995098039215683
MASSY TGV,LE MANS,20,0.2938423645320197
MASSY TGV,LE MANS,21,0.3004950495049505
MASSY TGV,LE MANS,22,0.30447761194029854
MASSY TGV,LE MANS,23,0.3079207920792079
MASSY TGV,LE MANS,24,0.3042079207920792
MASSY TGV,LE MANS,25,0.3085
MASSY TGV,LE MANS,26,0.31225
MASSY TGV,LE MANS,27,0.346969696969697
MASSY TGV,LE MANS,28,0.3532828282828283
MASSY TGV,LE MANS,29,0.35583756345177664
MASSY TGV,LE MANS,30,0.05456852791878172
MASSY TGV,LE POULIGUEN,0,0.36808510638297876
MASSY TGV,LE POULIGUEN,1,0.3861702127659574
MASSY TGV,LE POULIGUEN,2,0.4138297872340425
MASSY TGV,LE POULIGUEN,3,0.47812499999999997
MASSY TGV,LE POULIGUEN,4,0.3072916666666667
MASSY TGV,LE POULIGUEN,5,0.30312500000000003
MASSY TGV,LE POULIGUEN,6,0.2708333333333333
MASSY TGV,LE POULIGUEN,7,0.10208333333333335
MASSY TGV,LE POULIGUEN,8,0.08854166666666667
MASSY TGV,LE POULIGUEN,9,0.09166666666666667
MASSY TGV,LE POULIGUEN,10,0.10416666666666667
MASSY TGV,LE POULIGUEN,11,0.09999999999999999
MASSY TGV,LE POULIGUEN,12,0.007291666666666668
MASSY TGV,LE POULIGUEN,13,0.0010416666666666667
MASSY TGV,LE POULIGUEN,14,0.0
MASSY TGV,LE POULIGUEN,15,0.0010416666666666667
MASSY TGV,LE POULIGUEN,16,0.0020833333333333333
MASSY TGV,LE POULIGUEN,17,0.0020833333333333333
MASSY TGV,LE POULIGUEN,18,0.016666666666666666
MASSY TGV,LE POULIGUEN,19,0.021875000000000002
MASSY TGV,LE POULIGUEN,20,0.020833333333333332
MASSY TGV,LE POULIGUEN,21,0.0375
MASSY TGV,LE POULIGUEN,22,0.043750000000000004
MASSY TGV,LE POULIGUEN,23,0.041666666666666664
MASSY TGV,LE POULIGUEN,24,0.04270833333333333
MASSY TGV,LE POULIGUEN,25,0.041666666666666664
MASSY TGV,LE POULIGUEN,26,0.041666666666666664
MASSY TGV,LE POULIGUEN,27,0.059375000000000004
MASSY TGV,LE POULIGUEN,28,0.065625
MASSY TGV,LE POULIGUEN,29,0.0625
MASSY TGV,LE POULIGUEN,30,0.019791666666666666
MASSY TGV,NANTES,0,0.676980198019802
MASSY TGV,NANTES,1,0.6816425120772946
MASSY TGV,NANTES,2,0.7196172248803828
MASSY TGV,NANTES,3,0.7431279620853081
MASSY TGV,NANTES,4,0.5473809523809524
MASSY TGV,NANTES,5,0.5430622009569378
MASSY TGV,NANTES,6,0.5301435406698565
MASSY TGV,NANTES,7,0.4247596153846154
MASSY TGV,NANTES,8,0.42894736842105263
MASSY TGV,NANTES,9,0.4378571428571429
MASSY TGV,NANTES,10,0.4238095238095238
MASSY TGV,NANTES,11,0.42607655502392344
MASSY TGV,NANTES,12,0.23461538461538461
MASSY TGV,NANTES,13,0.21980676328502416
MASSY TGV,NANTES,14,0.24296116504854368
MASSY TGV,NANTES,15,0.24902912621359222
MASSY TGV,NANTES,16,0.25217391304347825
MASSY TGV,NANTES,17,0.26280193236714977
MASSY TGV,NANTES,18,0.2802439024390244
MASSY TGV,NANTES,19,0.2865196078431373
MASSY TGV,NANTES,20,0.29137931034482756
MASSY TGV,NANTES,21,0.2985148514851485
MASSY TGV,NANTES,22,0.30522388059701494
MASSY TGV,NANTES,23,0.30816831683168316
MASSY TGV,NANTES,24,0.3032178217821782
MASSY TGV,NANTES,25,0.30975
MASSY TGV,NANTES,26,0.31225
MASSY TGV,NANTES,27,0.3515151515151515
MASSY TGV,NANTES,28,0.35883838383838385
MASSY TGV,NANTES,29,0.35786802030456855
MASSY TGV,NANTES,30,0.05710659898477157
MASSY TGV,PORNICHET,0,0.3606382978723404
MASSY TGV,PORNICHET,1,0.37659574468085105
MASSY TGV,PORNICHET,2,0.425531914893617
MASSY TGV,PORNICHET,3,0.4708333333333334
MASSY TGV,PORNICHET,4,0.309375
MASSY TGV,PORNICHET,5,0.30416666666666664
MASSY TGV,PORNICHET,6,0.28125
MASSY TGV,PORNICHET,7,0.09687499999999999
MASSY TGV,PORNICHET,8,0.090625
MASSY TGV,PORNICHET,9,0.10416666666666667
MASSY TGV,PORNICHET,10,0.10416666666666667
MASSY TGV,PORNICHET,11,0.09895833333333333
MASSY TGV,PORNICHET,12,0.0031250000000000006
MASSY TGV,PORNICHET,13,0.0010416666666666667
MASSY TGV,PORNICHET,14,0.0010416666666666667
MASSY TGV,PORNICHET,15,0.0010416666666666667
MASSY TGV,PORNICHET,16,0.0010416666666666667
MASSY TGV,PORNICHET,17,0.004166666666666667
MASSY TGV,PORNICHET,18,0.020833333333333332
MASSY TGV,PORNICHET,19,0.021874999999999995
MASSY TGV,PORNICHET,20,0.02395833333333333
MASSY TGV,PORNICHET,21,0.035416666666666666
MASSY TGV,PORNICHET,22,0.04270833333333333
MASSY TGV,PORNICHET,23,0.04270833333333333
MASSY TGV,PORNICHET,24,0.04270833333333333
MASSY TGV,PORNICHET,25,0.041666666666666664
MASSY TGV,PORNICHET,26,0.04270833333333333
MASSY TGV,PORNICHET,27,0.06145833333333334
MASSY TGV,PORNICHET,28,0.06145833333333334
MASSY TGV,PORNICHET,29,0.057291666666666664
MASSY TGV,PORNICHET,30,0.010416666666666666
MASSY TGV,ST NAZAIRE,0,0.36808510638297876
MASSY TGV,ST NAZAIRE,1,0.39574468085106385
MASSY TGV,ST NAZAIRE,2,0.4234042553191489
MASSY TGV,ST NAZAIRE,3,0.4583333333333333
MASSY TGV,ST NAZAIRE,4,0.31354166666666666
MASSY TGV,ST NAZAIRE,5,0.309375
MASSY TGV,ST NAZAIRE,6,0.2760416666666667
MASSY TGV,ST NAZAIRE,7,0.10104166666666665
MASSY TGV,ST NAZAIRE,8,0.08750000000000001
MASSY TGV,ST NAZAIRE,9,0.10208333333333335
MASSY TGV,ST NAZAIRE,10,0.10312500000000001
MASSY TGV,ST NAZAIRE,11,0.10520833333333333
MASSY TGV,ST NAZAIRE,12,0.006250000000000001
MASSY TGV,ST NAZAIRE,13,0.0
MASSY TGV,ST NAZAIRE,14,0.0
MASSY TGV,ST NAZAIRE,15,0.0010416666666666667
MASSY TGV,ST NAZAIRE,16,0.0
MASSY TGV,ST NAZAIRE,17,0.0031250000000000006
MASSY TGV,ST NAZAIRE,18,0.017708333333333333
MASSY TGV,ST NAZAIRE,19,0.01979166666666667
MASSY TGV,ST NAZAIRE,20,0.02291666666666667
MASSY TGV,ST NAZAIRE,21,0.03541666666666667
MASSY TGV,ST NAZAIRE,22,0.043750000000000004
MASSY TGV,ST NAZAIRE,23,0.043750000000000004
MASSY TGV,ST NAZAIRE,24,0.04270833333333333
MASSY TGV,ST NAZAIRE,25,0.04270833333333333
MASSY TGV,ST NAZAIRE,26,0.043750000000000004
MASSY TGV,ST NAZAIRE,27,0.06041666666666667
MASSY TGV,ST NAZAIRE,28,0.0625
MASSY TGV,ST NAZAIRE,29,0.0625
MASSY TGV,ST NAZAIRE,30,0.011458333333333334
NANTES,LA BAULE ESCOUBLAC,0,0.9989855072463767
NANTES,LA BAULE ESCOUBLAC,1,0.9986918604651163
NANTES,LA BAULE ESCOUBLAC,2,0.998840579710145
NANTES,LA BAULE ESCOUBLAC,3,0.9957971014492754
NANTES,LA BAULE ESCOUBLAC,4,0.9944927536231885
NANTES,LA BAULE ESCOUBLAC,5,0.9956647398843931
NANTES,LA BAULE ESCOUBLAC,6,0.9934971098265896
NANTES,LA BAULE ESCOUBLAC,7,0.9894508670520232
NANTES,LA BAULE ESCOUBLAC,8,0.9867052023121387
NANTES,LA BAULE ESCOUBLAC,9,0.9839595375722543
NANTES,LA BAULE ESCOUBLAC,10,0.9828034682080925
NANTES,LA BAULE ESCOUBLAC,11,0.9729768786127166
NANTES,LA BAULE ESCOUBLAC,12,0.9621387283236994
NANTES,LA BAULE ESCOUBLAC,13,0.9599710982658959
NANTES,LA BAULE ESCOUBLAC,14,0.9514450867052022
NANTES,LA BAULE ESCOUBLAC,15,0.9453757225433527
NANTES,LA BAULE ESCOUBLAC,16,0.9458092485549133
NANTES,LA BAULE ESCOUBLAC,17,0.9440751445086705
NANTES,LA BAULE ESCOUBLAC,18,0.9312138728323699
NANTES,LA BAULE ESCOUBLAC,19,0.9170520231213873
NANTES,LA BAULE ESCOUBLAC,20,0.9060693641618497
NANTES,LA BAULE ESCOUBLAC,21,0.886271676300578
NANTES,LA BAULE ESCOUBLAC,22,0.8666184971098266
NANTES,LA BAULE ESCOUBLAC,23,0.8473988439306358
NANTES,LA BAULE ESCOUBLAC,24,0.8232658959537573
NANTES,LA BAULE ESCOUBLAC,25,0.8085507246376811
NANTES,LA BAULE ESCOUBLAC,26,0.8015942028985508
NANTES,LA BAULE ESCOUBLAC,27,0.7831395348837209
NANTES,LA BAULE ESCOUBLAC,28,0.7768895348837209
NANTES,LA BAULE ESCOUBLAC,29,0.7542151162790698
NANTES,LA BAULE ESCOUBLAC,30,0.04795321637426901
NANTES,LA ROCHE SUR YON,0,0.9937317784256561
NANTES,LA ROCHE SUR YON,1,0.9964912280701754
NANTES,LA ROCHE SUR YON,2,0.9973760932944608
NANTES,LA ROCHE SUR YON,3,0.9932944606413994
NANTES,LA ROCHE SUR YON,4,0.9794460641399416
NANTES,LA ROCHE SUR YON,5,0.9668604651162791
NANTES,LA ROCHE SUR YON,6,0.9575581395348837
NANTES,LA ROCHE SUR YON,7,0.9344476744186047
NANTES,LA ROCHE SUR YON,8,0.9126453488372093
NANTES,LA ROCHE SUR YON,9,0.8930232558139535
NANTES,LA ROCHE SUR YON,10,0.8646802325581395
NANTES,LA ROCHE SUR YON,11,0.8395348837209302
NANTES,LA ROCHE SUR YON,12,0.7679300291545189
NANTES,LA ROCHE SUR YON,13,0.7628279883381923
NANTES,LA ROCHE SUR YON,14,0.739067055393586
NANTES,LA ROCHE SUR YON,15,0.7257309941520468
NANTES,LA ROCHE SUR YON,16,0.7116959064327486
NANTES,LA ROCHE SUR YON,17,0.6947214076246334
NANTES,LA ROCHE SUR YON,18,0.6695588235294118
NANTES,LA ROCHE SUR YON,19,0.6402941176470588
NANTES,LA ROCHE SUR YON,20,0.6224188790560472
NANTES,LA ROCHE SUR YON,21,0.6010324483775811
NANTES,LA ROCHE SUR YON,22,0.5661242603550296
NANTES,LA ROCHE SUR YON,23,0.5507396449704142
NANTES,LA ROCHE SUR YON,24,0.5335798816568047
NANTES,LA ROCHE SUR YON,25,0.5210682492581602
NANTES,LA ROCHE SUR YON,26,0.5090504451038576
NANTES,LA ROCHE SUR YON,27,0.49077380952380956
NANTES,LA ROCHE SUR YON,28,0.46746268656716417
NANTES,LA ROCHE SUR YON,29,0.45029850746268657
NANTES,LA ROCHE SUR YON,30,0.0451951951951952
NANTES,LE CROISIC,0,0.9979591836734695
NANTES,LE CROISIC,1,0.997953216374269
NANTES,LE CROISIC,2,0.9985422740524781
NANTES,LE CROISIC,3,0.9956268221574344
NANTES,LE CROISIC,4,0.9924198250728863
NANTES,LE CROISIC,5,0.9947674418604651
NANTES,LE CROISIC,6,0.9968023255813953
NANTES,LE CROISIC,7,0.9934593023255814
NANTES,LE CROISIC,8,0.9902616279069767
NANTES,LE CROISIC,9,0.9886627906976745
NANTES,LE CROISIC,10,0.985029069767442
NANTES,LE CROISIC,11,0.9751453488372093
NANTES,LE CROISIC,12,0.9677325581395348
NANTES,LE CROISIC,13,0.9659883720930232
NANTES,LE CROISIC,14,0.9594476744186047
NANTES,LE CROISIC,15,0.9521802325581395
NANTES,LE CROISIC,16,0.9514534883720931
NANTES,LE CROISIC,17,0.948546511627907
NANTES,LE CROISIC,18,0.9343023255813953
NANTES,LE CROISIC,19,0.9231104651162791
NANTES,LE CROISIC,20,0.9085755813953489
NANTES,LE CROISIC,21,0.8931686046511628
NANTES,LE CROISIC,22,0.8681686046511627
NANTES,LE CROISIC,23,0.854360465116279
NANTES,LE CROISIC,24,0.8283430232558139
NANTES,LE CROISIC,25,0.8135568513119534
NANTES,LE CROISIC,26,0.8056851311953354
NANTES,LE CROISIC,27,0.7926900584795322
NANTES,LE CROISIC,28,0.7795321637426901
NANTES,LE CROISIC,29,0.7552631578947369
NANTES,LE CROISIC,30,0.06558823529411766
NANTES,LE POULIGUEN,0,0.9834558823529411
NANTES,LE POULIGUEN,1,0.9844444444444445
NANTES,LE POULIGUEN,2,0.9824626865671642
NANTES,LE POULIGUEN,3,0.9655555555555555
NANTES,LE POULIGUEN,4,0.9496323529411765
NANTES,LE POULIGUEN,5,0.9334558823529412
NANTES,LE POULIGUEN,6,0.9125
NANTES,LE POULIGUEN,7,0.8919117647058823
NANTES,LE POULIGUEN,8,0.8761194029850746
NANTES,LE POULIGUEN,9,0.8507518796992481
NANTES,LE POULIGUEN,10,0.7907407407407407
NANTES,LE POULIGUEN,11,0.7801470588235294
NANTES,LE POULIGUEN,12,0.7308823529411765
NANTES,LE POULIGUEN,13,0.7150735294117647
NANTES,LE POULIGUEN,14,0.7011029411764705
NANTES,LE POULIGUEN,15,0.6716417910447762
NANTES,LE POULIGUEN,16,0.6612781954887218
NANTES,LE POULIGUEN,17,0.6462962962962963
NANTES,LE POULIGUEN,18,0.6253676470588235
NANTES,LE POULIGUEN,19,0.5643382352941176
NANTES,LE POULIGUEN,20,0.5529411764705883
NANTES,LE POULIGUEN,21,0.5253676470588236
NANTES,LE POULIGUEN,22,0.47835820895522385
NANTES,LE POULIGUEN,23,0.466044776119403
NANTES,LE POULIGUEN,24,0.4633333333333333
NANTES,LE POULIGUEN,25,0.4440740740740741
NANTES,LE POULIGUEN,26,0.44592592592592595
NANTES,LE POULIGUEN,27,0.4340740740740741
NANTES,LE POULIGUEN,28,0.41444444444444445
NANTES,LE POULIGUEN,29,0.3981203007518797
NANTES,LE POULIGUEN,30,0.0393939393939394
NANTES,LES SABLES D'OLONNE,0,0.9937317784256561
NANTES,LES SABLES D'OLONNE,1,0.9976608187134502
NANTES,LES SABLES D'OLONNE,2,0.998396501457726
NANTES,LES SABLES D'OLONNE,3,0.9932944606413994
NANTES,LES SABLES D'OLONNE,4,0.9784256559766764
NANTES,LES SABLES D'OLONNE,5,0.9671511627906977
NANTES,LES SABLES D'OLONNE,6,0.9549418604651163
NANTES,LES SABLES D'OLONNE,7,0.9383720930232559
NANTES,LES SABLES D'OLONNE,8,0.911046511627907
NANTES,LES SABLES D'OLONNE,9,0.8873546511627907
NANTES,LES SABLES D'OLONNE,10,0.8632267441860465
NANTES,LES SABLES D'OLONNE,11,0.8363372093023256
NANTES,LES SABLES D'OLONNE,12,0.7642857142857142
NANTES,LES SABLES D'OLONNE,13,0.7532069970845482
NANTES,LES SABLES D'OLONNE,14,0.7346938775510204
NANTES,LES SABLES D'OLONNE,15,0.7191520467836257
NANTES,LES SABLES D'OLONNE,16,0.7049707602339181
NANTES,LES SABLES D'OLONNE,17,0.6913489736070382
NANTES,LES SABLES D'OLONNE,18,0.67
NANTES,LES SABLES D'OLONNE,19,0.6326470588235293
NANTES,LES SABLES D'OLONNE,20,0.6162241887905605
NANTES,LES SABLES D'OLONNE,21,0.587315634218289
NANTES,LES SABLES D'OLONNE,22,0.5510355029585798
NANTES,LES SABLES D'OLONNE,23,0.5449704142011834
NANTES,LES SABLES D'OLONNE,24,0.5245562130177515
NANTES,LES SABLES D'OLONNE,25,0.5093471810089021
NANTES,LES SABLES D'OLONNE,26,0.4952522255192878
NANTES,LES SABLES D'OLONNE,27,0.4794642857142857
NANTES,LES SABLES D'OLONNE,28,0.455820895522388
NANTES,LES SABLES D'OLONNE,29,0.43522388059701494
NANTES,LES SABLES D'OLONNE,30,0.04594594594594595
NANTES,PORNICHET,0,0.9841911764705882
NANTES,PORNICHET,1,0.9825925925925927
NANTES,PORNICHET,2,0.9828358208955223
NANTES,PORNICHET,3,0.9666666666666667
NANTES,PORNICHET,4,0.9507352941176471
NANTES,PORNICHET,5,0.9363970588235294
NANTES,PORNICHET,6,0.9106617647058823
NANTES,PORNICHET,7,0.8867647058823529
NANTES,PORNICHET,8,0.882089552238806
NANTES,PORNICHET,9,0.8593984962406015
NANTES,PORNICHET,10,0.7896296296296296
NANTES,PORNICHET,11,0.7716911764705883
NANTES,PORNICHET,12,0.7312500000000001
NANTES,PORNICHET,13,0.7165441176470588
NANTES,PORNICHET,14,0.700735294117647
NANTES,PORNICHET,15,0.6727611940298508
NANTES,PORNICHET,16,0.6612781954887218
NANTES,PORNICHET,17,0.6496296296296297
NANTES,PORNICHET,18,0.6235294117647059
NANTES,PORNICHET,19,0.5514705882352942
NANTES,PORNICHET,20,0.5533088235294118
NANTES,PORNICHET,21,0.5202205882352942
NANTES,PORNICHET,22,0.4701492537313433
NANTES,PORNICHET,23,0.458955223880597
NANTES,PORNICHET,24,0.4585185185185185
NANTES,PORNICHET,25,0.44185185185185183
NANTES,PORNICHET,26,0.44074074074074077
NANTES,PORNICHET,27,0.4318518518518518
NANTES,PORNICHET,28,0.4255555555555556
NANTES,PORNICHET,29,0.38646616541353385
NANTES,PORNICHET,30,0.05795454545454546
NANTES,ST NAZAIRE,0,0.9981159420289856
NANTES,ST NAZAIRE,1,0.9976811594202898
NANTES,ST NAZAIRE,2,0.9979768786127168
NANTES,ST NAZAIRE,3,0.9962427745664739
NANTES,ST NAZAIRE,4,0.994942196531792
NANTES,ST NAZAIRE,5,0.9945086705202313
NANTES,ST NAZAIRE,6,0.9963872832369942
NANTES,ST NAZAIRE,7,0.9934971098265896
NANTES,ST NAZAIRE,8,0.9920520231213873
NANTES,ST NAZAIRE,9,0.9913294797687862
NANTES,ST NAZAIRE,10,0.9898843930635838
NANTES,ST NAZAIRE,11,0.9855491329479769
NANTES,ST NAZAIRE,12,0.9806358381502891
NANTES,ST NAZAIRE,13,0.9803468208092485
NANTES,ST NAZAIRE,14,0.9780346820809248
NANTES,ST NAZAIRE,15,0.9755780346820809
NANTES,ST NAZAIRE,16,0.9816473988439306
NANTES,ST NAZAIRE,17,0.9777456647398844
NANTES,ST NAZAIRE,18,0.9729768786127166
NANTES,ST NAZAIRE,19,0.9638728323699421
NANTES,ST NAZAIRE,20,0.960693641618497
NANTES,ST NAZAIRE,21,0.9445086705202312
NANTES,ST NAZAIRE,22,0.9355491329479768
NANTES,ST NAZAIRE,23,0.9283236994219652
NANTES,ST NAZAIRE,24,0.9247109826589595
NANTES,ST NAZAIRE,25,0.9134782608695652
NANTES,ST NAZAIRE,26,0.9108695652173913
NANTES,ST NAZAIRE,27,0.9031884057971015
NANTES,ST NAZAIRE,28,0.894927536231884
NANTES,ST NAZAIRE,29,0.8734782608695653
NANTES,ST NAZAIRE,30,0.052915451895043736
PARIS (intramuros),ANCENIS,0,0.09375
PARIS (intramuros),ANCENIS,1,0.07717391304347827
PARIS (intramuros),ANCENIS,2,0.05212765957446809
PARIS (intramuros),ANCENIS,3,0.075
PARIS (intramuros),ANCENIS,4,0.026041666666666668
PARIS (intramuros),ANCENIS,5,0.021875000000000002
PARIS (intramuros),ANCENIS,6,0.02291666666666667
PARIS (intramuros),ANCENIS,7,0.021875000000000002
PARIS (intramuros),ANCENIS,8,0.020652173913043477
PARIS (intramuros),ANCENIS,9,0.022340425531914895
PARIS (intramuros),ANCENIS,10,0.021875000000000002
PARIS (intramuros),ANCENIS,11,0.02395833333333333
PARIS (intramuros),ANCENIS,12,0.03854166666666667
PARIS (intramuros),ANCENIS,13,0.023958333333333335
PARIS (intramuros),ANCENIS,14,0.02291666666666667
PARIS (intramuros),ANCENIS,15,0.02282608695652174
PARIS (intramuros),ANCENIS,16,0.02127659574468085
PARIS (intramuros),ANCENIS,17,0.020833333333333332
PARIS (intramuros),ANCENIS,18,0.021875000000000002
PARIS (intramuros),ANCENIS,19,0.021875000000000002
PARIS (intramuros),ANCENIS,20,0.020833333333333332
PARIS (intramuros),ANCENIS,21,0.020833333333333332
PARIS (intramuros),ANCENIS,22,0.020652173913043477
PARIS (intramuros),ANCENIS,23,0.024468085106382976
PARIS (intramuros),ANCENIS,24,0.040625
PARIS (intramuros),ANCENIS,25,0.041666666666666664
PARIS (intramuros),ANCENIS,26,0.041666666666666664
PARIS (intramuros),ANCENIS,27,0.041666666666666664
PARIS (intramuros),ANCENIS,28,0.05625
PARIS (intramuros),ANCENIS,29,0.06739130434782609
PARIS (intramuros),ANCENIS,30,0.01170212765957447
PARIS (intramuros),ANGERS SAINT LAUD,0,0.7747109826589595
PARIS (intramuros),ANGERS SAINT LAUD,1,0.7802023121387283
PARIS (intramuros),ANGERS SAINT LAUD,2,0.7943804034582131
PARIS (intramuros),ANGERS SAINT LAUD,3,0.8063400576368877
PARIS (intramuros),ANGERS SAINT LAUD,4,0.6865994236311239
PARIS (intramuros),ANGERS SAINT LAUD,5,0.6782420749279539
PARIS (intramuros),ANGERS SAINT LAUD,6,0.6750720461095101
PARIS (intramuros),ANGERS SAINT LAUD,7,0.6252161383285302
PARIS (intramuros),ANGERS SAINT LAUD,8,0.619164265129683
PARIS (intramuros),ANGERS SAINT LAUD,9,0.6510086455331412
PARIS (intramuros),ANGERS SAINT LAUD,10,0.6488472622478386
PARIS (intramuros),ANGERS SAINT LAUD,11,0.6389048991354467
PARIS (intramuros),ANGERS SAINT LAUD,12,0.46253602305475505
PARIS (intramuros),ANGERS SAINT LAUD,13,0.4587896253602305
PARIS (intramuros),ANGERS SAINT LAUD,14,0.46599423631123915
PARIS (intramuros),ANGERS SAINT LAUD,15,0.4776657060518732
PARIS (intramuros),ANGERS SAINT LAUD,16,0.4903458213256484
PARIS (intramuros),ANGERS SAINT LAUD,17,0.5010086455331412
PARIS (intramuros),ANGERS SAINT LAUD,18,0.5100864553314121
PARIS (intramuros),ANGERS SAINT LAUD,19,0.5190201729106628
PARIS (intramuros),ANGERS SAINT LAUD,20,0.5240634005763689
PARIS (intramuros),ANGERS SAINT LAUD,21,0.5399135446685879
PARIS (intramuros),ANGERS SAINT LAUD,22,0.5499999999999999
PARIS (intramuros),ANGERS SAINT LAUD,23,0.5531700288184438
PARIS (intramuros),ANGERS SAINT LAUD,24,0.54164265129683
PARIS (intramuros),ANGERS SAINT LAUD,25,0.5335260115606937
PARIS (intramuros),ANGERS SAINT LAUD,26,0.536271676300578
PARIS (intramuros),ANGERS SAINT LAUD,27,0.556936416184971
PARIS (intramuros),ANGERS SAINT LAUD,28,0.5598265895953757
PARIS (intramuros),ANGERS SAINT LAUD,29,0.5554913294797688
PARIS (intramuros),ANGERS SAINT LAUD,30,0.06177325581395349
PARIS (intramuros),LA BAULE ESCOUBLAC,0,0.5305797101449276
PARIS (intramuros),LA BAULE ESCOUBLAC,1,0.5370639534883721
PARIS (intramuros),LA BAULE ESCOUBLAC,2,0.5101449275362319
PARIS (intramuros),LA BAULE ESCOUBLAC,3,0.516231884057971
PARIS (intramuros),LA BAULE ESCOUBLAC,4,0.2798550724637681
PARIS (intramuros),LA BAULE ESCOUBLAC,5,0.2586705202312139
PARIS (intramuros),LA BAULE ESCOUBLAC,6,0.27601156069364163
PARIS (intramuros),LA BAULE ESCOUBLAC,7,0.18829479768786128
PARIS (intramuros),LA BAULE ESCOUBLAC,8,0.19060693641618498
PARIS (intramuros),LA BAULE ESCOUBLAC,9,0.182514450867052
PARIS (intramuros),LA BAULE ESCOUBLAC,10,0.19378612716763005
PARIS (intramuros),LA BAULE ESCOUBLAC,11,0.2013005780346821
PARIS (intramuros),LA BAULE ESCOUBLAC,12,0.0953757225433526
PARIS (intramuros),LA BAULE ESCOUBLAC,13,0.09147398843930635
PARIS (intramuros),LA BAULE ESCOUBLAC,14,0.09653179190751444
PARIS (intramuros),LA BAULE ESCOUBLAC,15,0.10014450867052023
PARIS (intramuros),LA BAULE ESCOUBLAC,16,0.10939306358381504
PARIS (intramuros),LA BAULE ESCOUBLAC,17,0.11791907514450867
PARIS (intramuros),LA BAULE ESCOUBLAC,18,0.13208092485549133
PARIS (intramuros),LA BAULE ESCOUBLAC,19,0.15
PARIS (intramuros),LA BAULE ESCOUBLAC,20,0.1463872832369942
PARIS (intramuros),LA BAULE ESCOUBLAC,21,0.1546242774566474
PARIS (intramuros),LA BAULE ESCOUBLAC,22,0.1596820809248555
PARIS (intramuros),LA BAULE ESCOUBLAC,23,0.16676300578034683
PARIS (intramuros),LA BAULE ESCOUBLAC,24,0.16979768786127167
PARIS (intramuros),LA BAULE ESCOUBLAC,25,0.1681159420289855
PARIS (intramuros),LA BAULE ESCOUBLAC,26,0.1772463768115942
PARIS (intramuros),LA BAULE ESCOUBLAC,27,0.2005813953488372
PARIS (intramuros),LA BAULE ESCOUBLAC,28,0.20799418604651163
PARIS (intramuros),LA BAULE ESCOUBLAC,29,0.2055232558139535
PARIS (intramuros),LA BAULE ESCOUBLAC,30,0.03786549707602339
PARIS (intramuros),LA ROCHE SUR YON,0,0.4696793002915452
PARIS (intramuros),LA ROCHE SUR YON,1,0.49137426900584796
PARIS (intramuros),LA ROCHE SUR YON,2,0.4658892128279884
PARIS (intramuros),LA ROCHE SUR YON,3,0.49533527696793006
PARIS (intramuros),LA ROCHE SUR YON,4,0.24620991253644317
PARIS (intramuros),LA ROCHE SUR YON,5,0.2449127906976744
PARIS (intramuros),LA ROCHE SUR YON,6,0.25465116279069766
PARIS (intramuros),LA ROCHE SUR YON,7,0.2130813953488372
PARIS (intramuros),LA ROCHE SUR YON,8,0.21061046511627907
PARIS (intramuros),LA ROCHE SUR YON,9,0.21482558139534885
PARIS (intramuros),LA ROCHE SUR YON,10,0.21424418604651163
PARIS (intramuros),LA ROCHE SUR YON,11,0.21845930232558142
PARIS (intramuros),LA ROCHE SUR YON,12,0.13877551020408163
PARIS (intramuros),LA ROCHE SUR YON,13,0.13163265306122449
PARIS (intramuros),LA ROCHE SUR YON,14,0.1294460641399417
PARIS (intramuros),LA ROCHE SUR YON,15,0.13684210526315788
PARIS (intramuros),LA ROCHE SUR YON,16,0.15058479532163743
PARIS (intramuros),LA ROCHE SUR YON,17,0.15498533724340177
PARIS (intramuros),LA ROCHE SUR YON,18,0.16088235294117648
PARIS (intramuros),LA ROCHE SUR YON,19,0.1686764705882353
PARIS (intramuros),LA ROCHE SUR YON,20,0.16991150442477876
PARIS (intramuros),LA ROCHE SUR YON,21,0.17168141592920355
PARIS (intramuros),LA ROCHE SUR YON,22,0.17736686390532544
PARIS (intramuros),LA ROCHE SUR YON,23,0.1821005917159763
PARIS (intramuros),LA ROCHE SUR YON,24,0.18476331360946746
PARIS (intramuros),LA ROCHE SUR YON,25,0.1847181008902077
PARIS (intramuros),LA ROCHE SUR YON,26,0.1976261127596439
PARIS (intramuros),LA ROCHE SUR YON,27,0.2191964285714286
PARIS (intramuros),LA ROCHE SUR YON,28,0.22761194029850745
PARIS (intramuros),LA ROCHE SUR YON,29,0.2241791044776119
PARIS (intramuros),LA ROCHE SUR YON,30,0.04594594594594595
PARIS (intramuros),LE CROISIC,0,0.5309037900874636
PARIS (intramuros),LE CROISIC,1,0.5369883040935672
PARIS (intramuros),LE CROISIC,2,0.5118075801749271
PARIS (intramuros),LE CROISIC,3,0.5110787172011663
PARIS (intramuros),LE CROISIC,4,0.2782798833819242
PARIS (intramuros),LE CROISIC,5,0.2543604651162791
PARIS (intramuros),LE CROISIC,6,0.2593023255813954
PARIS (intramuros),LE CROISIC,7,0.19069767441860463
PARIS (intramuros),LE CROISIC,8,0.1885174418604651
PARIS (intramuros),LE CROISIC,9,0.18415697674418605
PARIS (intramuros),LE CROISIC,10,0.19113372093023256
PARIS (intramuros),LE CROISIC,11,0.1938953488372093
PARIS (intramuros),LE CROISIC,12,0.10188953488372092
PARIS (intramuros),LE CROISIC,13,0.09375
PARIS (intramuros),LE CROISIC,14,0.09767441860465116
PARIS (intramuros),LE CROISIC,15,0.10406976744186046
PARIS (intramuros),LE CROISIC,16,0.11104651162790699
PARIS (intramuros),LE CROISIC,17,0.11656976744186047
PARIS (intramuros),LE CROISIC,18,0.13444767441860464
PARIS (intramuros),LE CROISIC,19,0.1486918604651163
PARIS (intramuros),LE CROISIC,20,0.14505813953488372
PARIS (intramuros),LE CROISIC,21,0.15625
PARIS (intramuros),LE CROISIC,22,0.1611918604651163
PARIS (intramuros),LE CROISIC,23,0.16962209302325582
PARIS (intramuros),LE CROISIC,24,0.17005813953488372
PARIS (intramuros),LE CROISIC,25,0.17055393586005832
PARIS (intramuros),LE CROISIC,26,0.17915451895043732
PARIS (intramuros),LE CROISIC,27,0.20204678362573097
PARIS (intramuros),LE CROISIC,28,0.20862573099415202
PARIS (intramuros),LE CROISIC,29,0.20906432748538012
PARIS (intramuros),LE CROISIC,30,0.03338235294117647
PARIS (intramuros),LE MANS,0,0.6559248554913294
PARIS (intramuros),LE MANS,1,0.6794797687861271
PARIS (intramuros),LE MANS,2,0.694956772334294
PARIS (intramuros),LE MANS,3,0.7138328530259366
PARIS (intramuros),LE MANS,4,0.49164265129682994
PARIS (intramuros),LE MANS,5,0.48443804034582133
PARIS (intramuros),LE MANS,6,0.4845821325648415
PARIS (intramuros),LE MANS,7,0.3834293948126801
PARIS (intramuros),LE MANS,8,0.38775216138328533
PARIS (intramuros),LE MANS,9,0.39452449567723347
PARIS (intramuros),LE MANS,10,0.39913544668587897
PARIS (intramuros),LE MANS,11,0.38872832369942195
PARIS (intramuros),LE MANS,12,0.23583815028901733
PARIS (intramuros),LE MANS,13,0.22210982658959535
PARIS (intramuros),LE MANS,14,0.22976878612716764
PARIS (intramuros),LE MANS,15,0.23410404624277456
PARIS (intramuros),LE MANS,16,0.24147398843930634
PARIS (intramuros),LE MANS,17,0.24421965317919075
PARIS (intramuros),LE MANS,18,0.26011560693641617
PARIS (intramuros),LE MANS,19,0.271242774566474
PARIS (intramuros),LE MANS,20,0.27644508670520235
PARIS (intramuros),LE MANS,21,0.27904624277456647
PARIS (intramuros),LE MANS,22,0.2832369942196532
PARIS (intramuros),LE MANS,23,0.2865606936416185
PARIS (intramuros),LE MANS,24,0.28684971098265893
PARIS (intramuros),LE MANS,25,0.28840579710144926
PARIS (intramuros),LE MANS,26,0.2963662790697674
PARIS (intramuros),LE MANS,27,0.3216569767441861
PARIS (intramuros),LE MANS,28,0.3260174418604651
PARIS (intramuros),LE MANS,29,0.3190406976744186
PARIS (intramuros),LE MANS,30,0.050437317784256565
PARIS (intramuros),LE POULIGUEN,0,0.28051470588235294
PARIS (intramuros),LE POULIGUEN,1,0.26481481481481484
PARIS (intramuros),LE POULIGUEN,2,0.25074626865671645
PARIS (intramuros),LE POULIGUEN,3,0.28185185185185185
PARIS (intramuros),LE POULIGUEN,4,0.15036764705882352
PARIS (intramuros),LE POULIGUEN,5,0.13602941176470587
PARIS (intramuros),LE POULIGUEN,6,0.13345588235294117
PARIS (intramuros),LE POULIGUEN,7,0.06323529411764706
PARIS (intramuros),LE POULIGUEN,8,0.05298507462686567
PARIS (intramuros),LE POULIGUEN,9,0.05413533834586466
PARIS (intramuros),LE POULIGUEN,10,0.06333333333333334
PARIS (intramuros),LE POULIGUEN,11,0.06323529411764706
PARIS (intramuros),LE POULIGUEN,12,0.016176470588235296
PARIS (intramuros),LE POULIGUEN,13,0.009926470588235295
PARIS (intramuros),LE POULIGUEN,14,0.008088235294117648
PARIS (intramuros),LE POULIGUEN,15,0.009328358208955223
PARIS (intramuros),LE POULIGUEN,16,0.008646616541353383
PARIS (intramuros),LE POULIGUEN,17,0.01
PARIS (intramuros),LE POULIGUEN,18,0.014705882352941176
PARIS (intramuros),LE POULIGUEN,19,0.016544117647058824
PARIS (intramuros),LE POULIGUEN,20,0.017279411764705883
PARIS (intramuros),LE POULIGUEN,21,0.024264705882352938
PARIS (intramuros),LE POULIGUEN,22,0.03059701492537313
PARIS (intramuros),LE POULIGUEN,23,0.03208955223880597
PARIS (intramuros),LE POULIGUEN,24,0.04296296296296297
PARIS (intramuros),LE POULIGUEN,25,0.04518518518518518
PARIS (intramuros),LE POULIGUEN,26,0.05148148148148148
PARIS (intramuros),LE POULIGUEN,27,0.05740740740740741
PARIS (intramuros),LE POULIGUEN,28,0.06333333333333334
PARIS (intramuros),LE POULIGUEN,29,0.0699248120300752
PARIS (intramuros),LE POULIGUEN,30,0.013636363636363637
PARIS (intramuros),LES SABLES D'OLONNE,0,0.4597667638483965
PARIS (intramuros),LES SABLES D'OLONNE,1,0.4657894736842106
PARIS (intramuros),LES SABLES D'OLONNE,2,0.43236151603498546
PARIS (intramuros),LES SABLES D'OLONNE,3,0.46530612244897956
PARIS (intramuros),LES SABLES D'OLONNE,4,0.24708454810495628
PARIS (intramuros),LES SABLES D'OLONNE,5,0.236046511627907
PARIS (intramuros),LES SABLES D'OLONNE,6,0.253343023255814
PARIS (intramuros),LES SABLES D'OLONNE,7,0.20784883720930233
PARIS (intramuros),LES SABLES D'OLONNE,8,0.20508720930232557
PARIS (intramuros),LES SABLES D'OLONNE,9,0.20988372093023255
PARIS (intramuros),LES SABLES D'OLONNE,10,0.20625000000000002
PARIS (intramuros),LES SABLES D'OLONNE,11,0.2119186046511628
PARIS (intramuros),LES SABLES D'OLONNE,12,0.13104956268221576
PARIS (intramuros),LES SABLES D'OLONNE,13,0.12230320699708455
PARIS (intramuros),LES SABLES D'OLONNE,14,0.12259475218658891
PARIS (intramuros),LES SABLES D'OLONNE,15,0.13084795321637427
PARIS (intramuros),LES SABLES D'OLONNE,16,0.1415204678362573
PARIS (intramuros),LES SABLES D'OLONNE,17,0.14633431085043988
PARIS (intramuros),LES SABLES D'OLONNE,18,0.1526470588235294
PARIS (intramuros),LES SABLES D'OLONNE,19,0.15823529411764706
PARIS (intramuros),LES SABLES D'OLONNE,20,0.15943952802359881
PARIS (intramuros),LES SABLES D'OLONNE,21,0.16268436578171092
PARIS (intramuros),LES SABLES D'OLONNE,22,0.16997041420118345
PARIS (intramuros),LES SABLES D'OLONNE,23,0.17337278106508877
PARIS (intramuros),LES SABLES D'OLONNE,24,0.1764792899408284
PARIS (intramuros),LES SABLES D'OLONNE,25,0.17863501483679525
PARIS (intramuros),LES SABLES D'OLONNE,26,0.18931750741839762
PARIS (intramuros),LES SABLES D'OLONNE,27,0.20967261904761905
PARIS (intramuros),LES SABLES D'OLONNE,28,0.218955223880597
PARIS (intramuros),LES SABLES D'OLONNE,29,0.2182089552238806
PARIS (intramuros),LES SABLES D'OLONNE,30,0.04144144144144144
PARIS (intramuros),NANTES,0,0.7793352601156068
PARIS (intramuros),NANTES,1,0.7841040462427746
PARIS (intramuros),NANTES,2,0.7834293948126801
PARIS (intramuros),NANTES,3,0.7929394812680115
PARIS (intramuros),NANTES,4,0.6865994236311239
PARIS (intramuros),NANTES,5,0.6708933717579251
PARIS (intramuros),NANTES,6,0.6711815561959654
PARIS (intramuros),NANTES,7,0.6270893371757925
PARIS (intramuros),NANTES,8,0.6203170028818443
PARIS (intramuros),NANTES,9,0.6432276657060518
PARIS (intramuros),NANTES,10,0.6484149855907781
PARIS (intramuros),NANTES,11,0.6413544668587896
PARIS (intramuros),NANTES,12,0.4675792507204611
PARIS (intramuros),NANTES,13,0.4623919308357348
PARIS (intramuros),NANTES,14,0.4723342939481268
PARIS (intramuros),NANTES,15,0.4804034582132565
PARIS (intramuros),NANTES,16,0.4953890489913545
PARIS (intramuros),NANTES,17,0.506628242074928
PARIS (intramuros),NANTES,18,0.5172910662824207
PARIS (intramuros),NANTES,19,0.5263688760806916
PARIS (intramuros),NANTES,20,0.5293948126801152
PARIS (intramuros),NANTES,21,0.5455331412103747
PARIS (intramuros),NANTES,22,0.5543227665706052
PARIS (intramuros),NANTES,23,0.5602305475504323
PARIS (intramuros),NANTES,24,0.5440922190201729
PARIS (intramuros),NANTES,25,0.5367052023121387
PARIS (intramuros),NANTES,26,0.5410404624277456
PARIS (intramuros),NANTES,27,0.5641618497109826
PARIS (intramuros),NANTES,28,0.5661849710982659
PARIS (intramuros),NANTES,29,0.5583815028901734
PARIS (intramuros),NANTES,30,0.08299418604651163
PARIS (intramuros),PORNICHET,0,0.27499999999999997
PARIS (intramuros),PORNICHET,1,0.2577777777777778
PARIS (intramuros),PORNICHET,2,0.24440298507462688
PARIS (intramuros),PORNICHET,3,0.2777777777777778
PARIS (intramuros),PORNICHET,4,0.1511029411764706
PARIS (intramuros),PORNICHET,5,0.1338235294117647
PARIS (intramuros),PORNICHET,6,0.1338235294117647
PARIS (intramuros),PORNICHET,7,0.05919117647058824
PARIS (intramuros),PORNICHET,8,0.051865671641791046
PARIS (intramuros),PORNICHET,9,0.05902255639097744
PARIS (intramuros),PORNICHET,10,0.06407407407407407
PARIS (intramuros),PORNICHET,11,0.06764705882352941
PARIS (intramuros),PORNICHET,12,0.018750000000000003
PARIS (intramuros),PORNICHET,13,0.010294117647058823
PARIS (intramuros),PORNICHET,14,0.009558823529411765
PARIS (intramuros),PORNICHET,15,0.008582089552238806
PARIS (intramuros),PORNICHET,16,0.009774436090225564
PARIS (intramuros),PORNICHET,17,0.01074074074074074
PARIS (intramuros),PORNICHET,18,0.016176470588235296
PARIS (intramuros),PORNICHET,19,0.015441176470588236
PARIS (intramuros),PORNICHET,20,0.015441176470588236
PARIS (intramuros),PORNICHET,21,0.022794117647058826
PARIS (intramuros),PORNICHET,22,0.03059701492537313
PARIS (intramuros),PORNICHET,23,0.034328358208955224
PARIS (intramuros),PORNICHET,24,0.04407407407407408
PARIS (intramuros),PORNICHET,25,0.044814814814814814
PARIS (intramuros),PORNICHET,26,0.05296296296296297
PARIS (intramuros),PORNICHET,27,0.06185185185185185
PARIS (intramuros),PORNICHET,28,0.06814814814814814
PARIS (intramuros),PORNICHET,29,0.07142857142857142
PARIS (intramuros),PORNICHET,30,0.015151515151515152
PARIS (intramuros),SABLE SUR SARTHE,0,0.6084302325581395
PARIS (intramuros),SABLE SUR SARTHE,1,0.6191860465116279
PARIS (intramuros),SABLE SUR SARTHE,2,0.6046376811594203
PARIS (intramuros),SABLE SUR SARTHE,3,0.6359420289855072
PARIS (intramuros),SABLE SUR SARTHE,4,0.4730434782608695
PARIS (intramuros),SABLE SUR SARTHE,5,0.46594202898550724
PARIS (intramuros),SABLE SUR SARTHE,6,0.47681159420289854
PARIS (intramuros),SABLE SUR SARTHE,7,0.43768115942028984
PARIS (intramuros),SABLE SUR SARTHE,8,0.44536231884057975
PARIS (intramuros),SABLE SUR SARTHE,9,0.46159420289855074
PARIS (intramuros),SABLE SUR SARTHE,10,0.4679710144927536
PARIS (intramuros),SABLE SUR SARTHE,11,0.48478260869565215
PARIS (intramuros),SABLE SUR SARTHE,12,0.32159420289855073
PARIS (intramuros),SABLE SUR SARTHE,13,0.3181159420289855
PARIS (intramuros),SABLE SUR SARTHE,14,0.33507246376811595
PARIS (intramuros),SABLE SUR SARTHE,15,0.353768115942029
PARIS (intramuros),SABLE SUR SARTHE,16,0.36579710144927535
PARIS (intramuros),SABLE SUR SARTHE,17,0.37681159420289856
PARIS (intramuros),SABLE SUR SARTHE,18,0.38706395348837214
PARIS (intramuros),SABLE SUR SARTHE,19,0.3877906976744186
PARIS (intramuros),SABLE SUR SARTHE,20,0.38880813953488375
PARIS (intramuros),SABLE SUR SARTHE,21,0.39781976744186043
PARIS (intramuros),SABLE SUR SARTHE,22,0.41191860465116276
PARIS (intramuros),SABLE SUR SARTHE,23,0.42180232558139535
PARIS (intramuros),SABLE SUR SARTHE,24,0.4181686046511628
PARIS (intramuros),SABLE SUR SARTHE,25,0.4215743440233236
PARIS (intramuros),SABLE SUR SARTHE,26,0.4247813411078717
PARIS (intramuros),SABLE SUR SARTHE,27,0.44122807017543864
PARIS (intramuros),SABLE SUR SARTHE,28,0.44371345029239767
PARIS (intramuros),SABLE SUR SARTHE,29,0.43918128654970756
PARIS (intramuros),SABLE SUR SARTHE,30,0.05
PARIS (intramuros),ST NAZAIRE,0,0.5544927536231884
PARIS (intramuros),ST NAZAIRE,1,0.5747826086956522
PARIS (intramuros),ST NAZAIRE,2,0.5658959537572255
PARIS (intramuros),ST NAZAIRE,3,0.5736994219653179
PARIS (intramuros),ST NAZAIRE,4,0.3544797687861272
PARIS (intramuros),ST NAZAIRE,5,0.3315028901734104
PARIS (intramuros),ST NAZAIRE,6,0.33395953757225433
PARIS (intramuros),ST NAZAIRE,7,0.2684971098265896
PARIS (intramuros),ST NAZAIRE,8,0.2689306358381503
PARIS (intramuros),ST NAZAIRE,9,0.2615606936416185
PARIS (intramuros),ST NAZAIRE,10,0.2706647398843931
PARIS (intramuros),ST NAZAIRE,11,0.265606936416185
PARIS (intramuros),ST NAZAIRE,12,0.17109826589595376
PARIS (intramuros),ST NAZAIRE,13,0.16676300578034683
PARIS (intramuros),ST NAZAIRE,14,0.1676300578034682
PARIS (intramuros),ST NAZAIRE,15,0.17528901734104047
PARIS (intramuros),ST NAZAIRE,16,0.1842485549132948
PARIS (intramuros),ST NAZAIRE,17,0.18641618497109827
PARIS (intramuros),ST NAZAIRE,18,0.19682080924855488
PARIS (intramuros),ST NAZAIRE,19,0.21502890173410405
PARIS (intramuros),ST NAZAIRE,20,0.21170520231213874
PARIS (intramuros),ST NAZAIRE,21,0.21719653179190754
PARIS (intramuros),ST NAZAIRE,22,0.2180635838150289
PARIS (intramuros),ST NAZAIRE,23,0.22716763005780344
PARIS (intramuros),ST NAZAIRE,24,0.23020231213872833
PARIS (intramuros),ST NAZAIRE,25,0.22434782608695653
PARIS (intramuros),ST NAZAIRE,26,0.23652173913043475
PARIS (intramuros),ST NAZAIRE,27,0.2581159420289855
PARIS (intramuros),ST NAZAIRE,28,0.26869565217391306
PARIS (intramuros),ST NAZAIRE,29,0.2669565217391304
PARIS (intramuros),ST NAZAIRE,30,0.041253644314868804
PORNICHET,LA BAULE ESCOUBLAC,0,0.9801470588235295
PORNICHET,LA BAULE ESCOUBLAC,1,0.9825925925925927
PORNICHET,LA BAULE ESCOUBLAC,2,0.9802238805970149
PORNICHET,LA BAULE ESCOUBLAC,3,0.9648148148148148
PORNICHET,LA BAULE ESCOUBLAC,4,0.9470588235294118
PORNICHET,LA BAULE ESCOUBLAC,5,0.9345588235294118
PORNICHET,LA BAULE ESCOUBLAC,6,0.9125
PORNICHET,LA BAULE ESCOUBLAC,7,0.8867647058823529
PORNICHET,LA BAULE ESCOUBLAC,8,0.8757462686567163
PORNICHET,LA BAULE ESCOUBLAC,9,0.8578947368421053
PORNICHET,LA BAULE ESCOUBLAC,10,0.7844444444444445
PORNICHET,LA BAULE ESCOUBLAC,11,0.7658088235294118
PORNICHET,LA BAULE ESCOUBLAC,12,0.7268382352941176
PORNICHET,LA BAULE ESCOUBLAC,13,0.7172794117647059
PORNICHET,LA BAULE ESCOUBLAC,14,0.6981617647058824
PORNICHET,LA BAULE ESCOUBLAC,15,0.673134328358209
PORNICHET,LA BAULE ESCOUBLAC,16,0.6605263157894736
PORNICHET,LA BAULE ESCOUBLAC,17,0.6462962962962963
PORNICHET,LA BAULE ESCOUBLAC,18,0.6209558823529412
PORNICHET,LA BAULE ESCOUBLAC,19,0.5551470588235294
PORNICHET,LA BAULE ESCOUBLAC,20,0.5485294117647058
PORNICHET,LA BAULE ESCOUBLAC,21,0.5216911764705883
PORNICHET,LA BAULE ESCOUBLAC,22,0.4705223880597015
PORNICHET,LA BAULE ESCOUBLAC,23,0.46194029850746265
PORNICHET,LA BAULE ESCOUBLAC,24,0.4607407407407408
PORNICHET,LA BAULE ESCOUBLAC,25,0.4403703703703704
PORNICHET,LA BAULE ESCOUBLAC,26,0.4425925925925926
PORNICHET,LA BAULE ESCOUBLAC,27,0.4337037037037037
PORNICHET,LA BAULE ESCOUBLAC,28,0.4222222222222222
PORNICHET,LA BAULE ESCOUBLAC,29,0.3902255639097744
PORNICHET,LA BAULE ESCOUBLAC,30,0.07424242424242425
PORNICHET,LE CROISIC,0,0.9794117647058823
PORNICHET,LE CROISIC,1,0.9814814814814815
PORNICHET,LE CROISIC,2,0.9809701492537313
PORNICHET,LE CROISIC,3,0.9651851851851853
PORNICHET,LE CROISIC,4,0.9415441176470589
PORNICHET,LE CROISIC,5,0.9297794117647059
PORNICHET,LE CROISIC,6,0.9095588235294118
PORNICHET,LE CROISIC,7,0.8875000000000001
PORNICHET,LE CROISIC,8,0.8805970149253731
PORNICHET,LE CROISIC,9,0.8612781954887218
PORNICHET,LE CROISIC,10,0.7911111111111111
PORNICHET,LE CROISIC,11,0.7709558823529411
PORNICHET,LE CROISIC,12,0.7253676470588236
PORNICHET,LE CROISIC,13,0.7161764705882353
PORNICHET,LE CROISIC,14,0.7029411764705882
PORNICHET,LE CROISIC,15,0.6697761194029851
PORNICHET,LE CROISIC,16,0.6575187969924812
PORNICHET,LE CROISIC,17,0.6422222222222222
PORNICHET,LE CROISIC,18,0.618014705882353
PORNICHET,LE CROISIC,19,0.5602941176470588
PORNICHET,LE CROISIC,20,0.5459558823529411
PORNICHET,LE CROISIC,21,0.5231617647058824
PORNICHET,LE CROISIC,22,0.48059701492537316
PORNICHET,LE CROISIC,23,0.46044776119402986
PORNICHET,LE CROISIC,24,0.45814814814814814
PORNICHET,LE CROISIC,25,0.44111111111111106
PORNICHET,LE CROISIC,26,0.44222222222222224
PORNICHET,LE CROISIC,27,0.43333333333333335
PORNICHET,LE CROISIC,28,0.42185185185185187
PORNICHET,LE CROISIC,29,0.3868421052631579
PORNICHET,LE CROISIC,30,0.06287878787878788
PORNICHET,LE POULIGUEN,0,0.9794117647058823
PORNICHET,LE POULIGUEN,1,0.9814814814814815
PORNICHET,LE POULIGUEN,2,0.9783582089552239
PORNICHET,LE POULIGUEN,3,0.9622222222222223
PORNICHET,LE POULIGUEN,4,0.95
PORNICHET,LE POULIGUEN,5,0.9334558823529412
PORNICHET,LE POULIGUEN,6,0.9106617647058823
PORNICHET,LE POULIGUEN,7,0.8922794117647058
PORNICHET,LE POULIGUEN,8,0.8813432835820895
PORNICHET,LE POULIGUEN,9,0.8601503759398497
PORNICHET,LE POULIGUEN,10,0.7944444444444444
PORNICHET,LE POULIGUEN,11,0.774264705882353
PORNICHET,LE POULIGUEN,12,0.7205882352941176
PORNICHET,LE POULIGUEN,13,0.711764705882353
PORNICHET,LE POULIGUEN,14,0.6981617647058824
PORNICHET,LE POULIGUEN,15,0.6712686567164179
PORNICHET,LE POULIGUEN,16,0.6597744360902256
PORNICHET,LE POULIGUEN,17,0.6455555555555555
PORNICHET,LE POULIGUEN,18,0.6213235294117647
PORNICHET,LE POULIGUEN,19,0.5617647058823529
PORNICHET,LE POULIGUEN,20,0.5507352941176471
PORNICHET,LE POULIGUEN,21,0.5246323529411764
PORNICHET,LE POULIGUEN,22,0.4746268656716418
PORNICHET,LE POULIGUEN,23,0.4615671641791045
PORNICHET,LE POULIGUEN,24,0.46111111111111114
PORNICHET,LE POULIGUEN,25,0.44333333333333336
PORNICHET,LE POULIGUEN,26,0.44185185185185183
PORNICHET,LE POULIGUEN,27,0.4337037037037037
PORNICHET,LE POULIGUEN,28,0.41703703703703704
PORNICHET,LE POULIGUEN,29,0.381203007518797
PORNICHET,LE POULIGUEN,30,0.060227272727272727
SABLE SUR SARTHE,ANGERS SAINT LAUD,0,0.6763081395348838
SABLE SUR SARTHE,ANGERS SAINT LAUD,1,0.6674418604651162
SABLE SUR SARTHE,ANGERS SAINT LAUD,2,0.6717391304347826
SABLE SUR SARTHE,ANGERS SAINT LAUD,3,0.658695652173913
SABLE SUR SARTHE,ANGERS SAINT LAUD,4,0.4811594202898551
SABLE SUR SARTHE,ANGERS SAINT LAUD,5,0.46057971014492755
SABLE SUR SARTHE,ANGERS SAINT LAUD,6,0.4784057971014493
SABLE SUR SARTHE,ANGERS SAINT LAUD,7,0.4528985507246377
SABLE SUR SARTHE,ANGERS SAINT LAUD,8,0.45927536231884053
SABLE SUR SARTHE,ANGERS SAINT LAUD,9,0.46855072463768116
SABLE SUR SARTHE,ANGERS SAINT LAUD,10,0.4786337209302326
SABLE SUR SARTHE,ANGERS SAINT LAUD,11,0.48473837209302323
SABLE SUR SARTHE,ANGERS SAINT LAUD,12,0.32790697674418606
SABLE SUR SARTHE,ANGERS SAINT LAUD,13,0.32049418604651164
SABLE SUR SARTHE,ANGERS SAINT LAUD,14,0.3370639534883721
SABLE SUR SARTHE,ANGERS SAINT LAUD,15,0.35334302325581396
SABLE SUR SARTHE,ANGERS SAINT LAUD,16,0.3674418604651163
SABLE SUR SARTHE,ANGERS SAINT LAUD,17,0.3782798833819242
SABLE SUR SARTHE,ANGERS SAINT LAUD,18,0.39122807017543865
SABLE SUR SARTHE,ANGERS SAINT LAUD,19,0.39137426900584793
SABLE SUR SARTHE,ANGERS SAINT LAUD,20,0.3929824561403509
SABLE SUR SARTHE,ANGERS SAINT LAUD,21,0.4052631578947368
SABLE SUR SARTHE,ANGERS SAINT LAUD,22,0.4193877551020408
SABLE SUR SARTHE,ANGERS SAINT LAUD,23,0.42857142857142855
SABLE SUR SARTHE,ANGERS SAINT LAUD,24,0.4217201166180758
SABLE SUR SARTHE,ANGERS SAINT LAUD,25,0.4247076023391813
SABLE SUR SARTHE,ANGERS SAINT LAUD,26,0.42543859649122806
SABLE SUR SARTHE,ANGERS SAINT LAUD,27,0.4419354838709677
SABLE SUR SARTHE,ANGERS SAINT LAUD,28,0.44530791788856305
SABLE SUR SARTHE,ANGERS SAINT LAUD,29,0.43680351906158355
SABLE SUR SARTHE,ANGERS SAINT LAUD,30,0.06666666666666667
SABLE SUR SARTHE,LA BAULE ESCOUBLAC,0,0.21981981981981982
SABLE SUR SARTHE,LA BAULE ESCOUBLAC,1,0.21310240963855423
SABLE SUR SARTHE,LA BAULE ESCOUBLAC,2,0.18618618618618618
SABLE SUR SARTHE,LA BAULE ESCOUBLAC,3,0.16006006006006004
SABLE SUR SARTHE,LA BAULE ESCOUBLAC,4,0.06332335329341317
SABLE SUR SARTHE,LA BAULE ESCOUBLAC,5,0.0556547619047619
SABLE SUR SARTHE,LA BAULE ESCOUBLAC,6,0.05682492581602373
SABLE SUR SARTHE,LA BAULE ESCOUBLAC,7,0.04097633136094674
SABLE SUR SARTHE,LA BAULE ESCOUBLAC,8,0.03905325443786982
SABLE SUR SARTHE,LA BAULE ESCOUBLAC,9,0.04008875739644971
SABLE SUR SARTHE,LA BAULE ESCOUBLAC,10,0.04763313609467456
SABLE SUR SARTHE,LA BAULE ESCOUBLAC,11,0.0522189349112426
SABLE SUR SARTHE,LA BAULE ESCOUBLAC,12,0.020710059171597635
SABLE SUR SARTHE,LA BAULE ESCOUBLAC,13,0.01863905325443787
SABLE SUR SARTHE,LA BAULE ESCOUBLAC,14,0.021301775147928994
SABLE SUR SARTHE,LA BAULE ESCOUBLAC,15,0.022633136094674558
SABLE SUR SARTHE,LA BAULE ESCOUBLAC,16,0.026035502958579877
SABLE SUR SARTHE,LA BAULE ESCOUBLAC,17,0.03150887573964497
SABLE SUR SARTHE,LA BAULE ESCOUBLAC,18,0.03649851632047478
SABLE SUR SARTHE,LA BAULE ESCOUBLAC,19,0.04362017804154302
SABLE SUR SARTHE,LA BAULE ESCOUBLAC,20,0.045400593471810094
SABLE SUR SARTHE,LA BAULE ESCOUBLAC,21,0.048516320474777455
SABLE SUR SARTHE,LA BAULE ESCOUBLAC,22,0.0513353115727003
SABLE SUR SARTHE,LA BAULE ESCOUBLAC,23,0.052967359050445105
SABLE SUR SARTHE,LA BAULE ESCOUBLAC,24,0.057440476190476195
SABLE SUR SARTHE,LA BAULE ESCOUBLAC,25,0.058059701492537315
SABLE SUR SARTHE,LA BAULE ESCOUBLAC,26,0.06611940298507463
SABLE SUR SARTHE,LA BAULE ESCOUBLAC,27,0.07470059880239521
SABLE SUR SARTHE,LA BAULE ESCOUBLAC,28,0.07634730538922156
SABLE SUR SARTHE,LA BAULE ESCOUBLAC,29,0.07335329341317365
SABLE SUR SARTHE,LA BAULE ESCOUBLAC,30,0.015210843373493975
SABLE SUR SARTHE,LA ROCHE SUR YON,0,0.29764011799410034
SABLE SUR SARTHE,LA ROCHE SUR YON,1,0.2902654867256637
SABLE SUR SARTHE,LA ROCHE SUR YON,2,0.2741176470588235
SABLE SUR SARTHE,LA ROCHE SUR YON,3,0.24558823529411763
SABLE SUR SARTHE,LA ROCHE SUR YON,4,0.11838235294117647
SABLE SUR SARTHE,LA ROCHE SUR YON,5,0.11129032258064517
SABLE SUR SARTHE,LA ROCHE SUR YON,6,0.13240469208211142
SABLE SUR SARTHE,LA ROCHE SUR YON,7,0.10718475073313782
SABLE SUR SARTHE,LA ROCHE SUR YON,8,0.10659824046920821
SABLE SUR SARTHE,LA ROCHE SUR YON,9,0.10894428152492668
SABLE SUR SARTHE,LA ROCHE SUR YON,10,0.10970588235294117
SABLE SUR SARTHE,LA ROCHE SUR YON,11,0.11323529411764706
SABLE SUR SARTHE,LA ROCHE SUR YON,12,0.06740412979351032
SABLE SUR SARTHE,LA ROCHE SUR YON,13,0.06360946745562131
SABLE SUR SARTHE,LA ROCHE SUR YON,14,0.06923076923076922
SABLE SUR SARTHE,LA ROCHE SUR YON,15,0.07166172106824925
SABLE SUR SARTHE,LA ROCHE SUR YON,16,0.07091988130563798
SABLE SUR SARTHE,LA ROCHE SUR YON,17,0.07261904761904761
SABLE SUR SARTHE,LA ROCHE SUR YON,18,0.07238805970149254
SABLE SUR SARTHE,LA ROCHE SUR YON,19,0.07597014925373134
SABLE SUR SARTHE,LA ROCHE SUR YON,20,0.07559880239520958
SABLE SUR SARTHE,LA ROCHE SUR YON,21,0.07754491017964071
SABLE SUR SARTHE,LA ROCHE SUR YON,22,0.08648648648648649
SABLE SUR SARTHE,LA ROCHE SUR YON,23,0.08888888888888889
SABLE SUR SARTHE,LA ROCHE SUR YON,24,0.08798798798798799
SABLE SUR SARTHE,LA ROCHE SUR YON,25,0.08900602409638554
SABLE SUR SARTHE,LA ROCHE SUR YON,26,0.09427710843373494
SABLE SUR SARTHE,LA ROCHE SUR YON,27,0.09728096676737161
SABLE SUR SARTHE,LA ROCHE SUR YON,28,0.09787878787878787
SABLE SUR SARTHE,LA ROCHE SUR YON,29,0.09454545454545454
SABLE SUR SARTHE,LA ROCHE SUR YON,30,0.019054878048780487
SABLE SUR SARTHE,LE CROISIC,0,0.22132132132132132
SABLE SUR SARTHE,LE CROISIC,1,0.216566265060241
SABLE SUR SARTHE,LE CROISIC,2,0.18843843843843844
SABLE SUR SARTHE,LE CROISIC,3,0.15975975975975976
SABLE SUR SARTHE,LE CROISIC,4,0.06002994011976048
SABLE SUR SARTHE,LE CROISIC,5,0.05550595238095238
SABLE SUR SARTHE,LE CROISIC,6,0.059792284866468835
SABLE SUR SARTHE,LE CROISIC,7,0.04349112426035503
SABLE SUR SARTHE,LE CROISIC,8,0.04319526627218935
SABLE SUR SARTHE,LE CROISIC,9,0.040680473372781065
SABLE SUR SARTHE,LE CROISIC,10,0.04822485207100592
SABLE SUR SARTHE,LE CROISIC,11,0.05133136094674556
SABLE SUR SARTHE,LE CROISIC,12,0.02115384615384615
SABLE SUR SARTHE,LE CROISIC,13,0.01937869822485207
SABLE SUR SARTHE,LE CROISIC,14,0.021745562130177514
SABLE SUR SARTHE,LE CROISIC,15,0.023076923076923075
SABLE SUR SARTHE,LE CROISIC,16,0.026331360946745562
SABLE SUR SARTHE,LE CROISIC,17,0.031804733727810654
SABLE SUR SARTHE,LE CROISIC,18,0.03605341246290801
SABLE SUR SARTHE,LE CROISIC,19,0.04391691394658754
SABLE SUR SARTHE,LE CROISIC,20,0.044807121661721065
SABLE SUR SARTHE,LE CROISIC,21,0.047922848664688426
SABLE SUR SARTHE,LE CROISIC,22,0.0516320474777448
SABLE SUR SARTHE,LE CROISIC,23,0.05326409495548961
SABLE SUR SARTHE,LE CROISIC,24,0.0568452380952381
SABLE SUR SARTHE,LE CROISIC,25,0.059552238805970145
SABLE SUR SARTHE,LE CROISIC,26,0.06671641791044776
SABLE SUR SARTHE,LE CROISIC,27,0.075
SABLE SUR SARTHE,LE CROISIC,28,0.07724550898203593
SABLE SUR SARTHE,LE CROISIC,29,0.07589820359281438
SABLE SUR SARTHE,LE CROISIC,30,0.015361445783132529
SABLE SUR SARTHE,LES SABLES D'OLONNE,0,0.2929203539823009
SABLE SUR SARTHE,LES SABLES D'OLONNE,1,0.2831858407079646
SABLE SUR SARTHE,LES SABLES D'OLONNE,2,0.27176470588235296
SABLE SUR SARTHE,LES SABLES D'OLONNE,3,0.24411764705882352
SABLE SUR SARTHE,LES SABLES D'OLONNE,4,0.11691176470588235
SABLE SUR SARTHE,LES SABLES D'OLONNE,5,0.11070381231671554
SABLE SUR SARTHE,LES SABLES D'OLONNE,6,0.13049853372434017
SABLE SUR SARTHE,LES SABLES D'OLONNE,7,0.10571847507331378
SABLE SUR SARTHE,LES SABLES D'OLONNE,8,0.1063049853372434
SABLE SUR SARTHE,LES SABLES D'OLONNE,9,0.10967741935483871
SABLE SUR SARTHE,LES SABLES D'OLONNE,10,0.10808823529411765
SABLE SUR SARTHE,LES SABLES D'OLONNE,11,0.10823529411764705
SABLE SUR SARTHE,LES SABLES D'OLONNE,12,0.06548672566371681
SABLE SUR SARTHE,LES SABLES D'OLONNE,13,0.06405325443786981
SABLE SUR SARTHE,LES SABLES D'OLONNE,14,0.06804733727810651
SABLE SUR SARTHE,LES SABLES D'OLONNE,15,0.0712166172106825
SABLE SUR SARTHE,LES SABLES D'OLONNE,16,0.07091988130563798
SABLE SUR SARTHE,LES SABLES D'OLONNE,17,0.07142857142857142
SABLE SUR SARTHE,LES SABLES D'OLONNE,18,0.0744776119402985
SABLE SUR SARTHE,LES SABLES D'OLONNE,19,0.0764179104477612
SABLE SUR SARTHE,LES SABLES D'OLONNE,20,0.07544910179640718
SABLE SUR SARTHE,LES SABLES D'OLONNE,21,0.07754491017964071
SABLE SUR SARTHE,LES SABLES D'OLONNE,22,0.08678678678678678
SABLE SUR SARTHE,LES SABLES D'OLONNE,23,0.08918918918918918
SABLE SUR SARTHE,LES SABLES D'OLONNE,24,0.08753753753753753
SABLE SUR SARTHE,LES SABLES D'OLONNE,25,0.08840361445783133
SABLE SUR SARTHE,LES SABLES D'OLONNE,26,0.09563253012048192
SABLE SUR SARTHE,LES SABLES D'OLONNE,27,0.0960725075528701
SABLE SUR SARTHE,LES SABLES D'OLONNE,28,0.09696969696969697
SABLE SUR SARTHE,LES SABLES D'OLONNE,29,0.0946969696969697
SABLE SUR SARTHE,LES SABLES D'OLONNE,30,0.02179878048780488
SABLE SUR SARTHE,NANTES,0,0.6716569767441861
SABLE SUR SARTHE,NANTES,1,0.6767441860465117
SABLE SUR SARTHE,NANTES,2,0.6752173913043478
SABLE SUR SARTHE,NANTES,3,0.6581159420289855
SABLE SUR SARTHE,NANTES,4,0.4915942028985507
SABLE SUR SARTHE,NANTES,5,0.461304347826087
SABLE SUR SARTHE,NANTES,6,0.47927536231884055
SABLE SUR SARTHE,NANTES,7,0.45811594202898553
SABLE SUR SARTHE,NANTES,8,0.46478260869565213
SABLE SUR SARTHE,NANTES,9,0.47246376811594204
SABLE SUR SARTHE,NANTES,10,0.4770348837209302
SABLE SUR SARTHE,NANTES,11,0.49040697674418604
SABLE SUR SARTHE,NANTES,12,0.3319767441860465
SABLE SUR SARTHE,NANTES,13,0.31962209302325584
SABLE SUR SARTHE,NANTES,14,0.33749999999999997
SABLE SUR SARTHE,NANTES,15,0.3546511627906977
SABLE SUR SARTHE,NANTES,16,0.36642441860465114
SABLE SUR SARTHE,NANTES,17,0.3787790697674419
SABLE SUR SARTHE,NANTES,18,0.3886297376093295
SABLE SUR SARTHE,NANTES,19,0.3889212827988338
SABLE SUR SARTHE,NANTES,20,0.3931486880466472
SABLE SUR SARTHE,NANTES,21,0.4034985422740525
SABLE SUR SARTHE,NANTES,22,0.4184593023255814
SABLE SUR SARTHE,NANTES,23,0.42776162790697675
SABLE SUR SARTHE,NANTES,24,0.4206395348837209
SABLE SUR SARTHE,NANTES,25,0.42361516034985425
SABLE SUR SARTHE,NANTES,26,0.4255102040816326
SABLE SUR SARTHE,NANTES,27,0.43991228070175437
SABLE SUR SARTHE,NANTES,28,0.44385964912280707
SABLE SUR SARTHE,NANTES,29,0.43464912280701756
SABLE SUR SARTHE,NANTES,30,0.0625
SABLE SUR SARTHE,ST NAZAIRE,0,0.21656716417910446
SABLE SUR SARTHE,ST NAZAIRE,1,0.2125748502994012
SABLE SUR SARTHE,ST NAZAIRE,2,0.1917910447761194
SABLE SUR SARTHE,ST NAZAIRE,3,0.15477611940298508
SABLE SUR SARTHE,ST NAZAIRE,4,0.06264880952380952
SABLE SUR SARTHE,ST NAZAIRE,5,0.055325443786982245
SABLE SUR SARTHE,ST NAZAIRE,6,0.056784660766961655
SABLE SUR SARTHE,ST NAZAIRE,7,0.04073529411764706
SABLE SUR SARTHE,ST NAZAIRE,8,0.04264705882352941
SABLE SUR SARTHE,ST NAZAIRE,9,0.04132352941176471
SABLE SUR SARTHE,ST NAZAIRE,10,0.047499999999999994
SABLE SUR SARTHE,ST NAZAIRE,11,0.05205882352941176
SABLE SUR SARTHE,ST NAZAIRE,12,0.022205882352941176
SABLE SUR SARTHE,ST NAZAIRE,13,0.019852941176470587
SABLE SUR SARTHE,ST NAZAIRE,14,0.021911764705882353
SABLE SUR SARTHE,ST NAZAIRE,15,0.02426470588235294
SABLE SUR SARTHE,ST NAZAIRE,16,0.02661764705882353
SABLE SUR SARTHE,ST NAZAIRE,17,0.031029411764705885
SABLE SUR SARTHE,ST NAZAIRE,18,0.0359882005899705
SABLE SUR SARTHE,ST NAZAIRE,19,0.044837758112094395
SABLE SUR SARTHE,ST NAZAIRE,20,0.04542772861356932
SABLE SUR SARTHE,ST NAZAIRE,21,0.04764011799410029
SABLE SUR SARTHE,ST NAZAIRE,22,0.05103244837758112
SABLE SUR SARTHE,ST NAZAIRE,23,0.05206489675516224
SABLE SUR SARTHE,ST NAZAIRE,24,0.05591715976331361
SABLE SUR SARTHE,ST NAZAIRE,25,0.05682492581602373
SABLE SUR SARTHE,ST NAZAIRE,26,0.0655786350148368
SABLE SUR SARTHE,ST NAZAIRE,27,0.0744047619047619
SABLE SUR SARTHE,ST NAZAIRE,28,0.07797619047619048
SABLE SUR SARTHE,ST NAZAIRE,29,0.07366071428571429
SABLE SUR SARTHE,ST NAZAIRE,30,0.014520958083832334
ST NAZAIRE,LA BAULE ESCOUBLAC,0,0.9947826086956522
ST NAZAIRE,LA BAULE ESCOUBLAC,1,0.9979651162790698
ST NAZAIRE,LA BAULE ESCOUBLAC,2,0.9966666666666667
ST NAZAIRE,LA BAULE ESCOUBLAC,3,0.9927536231884058
ST NAZAIRE,LA BAULE ESCOUBLAC,4,0.9933333333333333
ST NAZAIRE,LA BAULE ESCOUBLAC,5,0.9952312138728324
ST NAZAIRE,LA BAULE ESCOUBLAC,6,0.991907514450867
ST NAZAIRE,LA BAULE ESCOUBLAC,7,0.9890173410404623
ST NAZAIRE,LA BAULE ESCOUBLAC,8,0.9869942196531792
ST NAZAIRE,LA BAULE ESCOUBLAC,9,0.9842485549132949
ST NAZAIRE,LA BAULE ESCOUBLAC,10,0.9806358381502891
ST NAZAIRE,LA BAULE ESCOUBLAC,11,0.9731213872832369
ST NAZAIRE,LA BAULE ESCOUBLAC,12,0.9632947976878613
ST NAZAIRE,LA BAULE ESCOUBLAC,13,0.9601156069364162
ST NAZAIRE,LA BAULE ESCOUBLAC,14,0.9526011560693642
ST NAZAIRE,LA BAULE ESCOUBLAC,15,0.9469653179190751
ST NAZAIRE,LA BAULE ESCOUBLAC,16,0.945664739884393
ST NAZAIRE,LA BAULE ESCOUBLAC,17,0.9447976878612716
ST NAZAIRE,LA BAULE ESCOUBLAC,18,0.9326589595375723
ST NAZAIRE,LA BAULE ESCOUBLAC,19,0.917485549132948
ST NAZAIRE,LA BAULE ESCOUBLAC,20,0.9076589595375723
ST NAZAIRE,LA BAULE ESCOUBLAC,21,0.8919075144508671
ST NAZAIRE,LA BAULE ESCOUBLAC,22,0.8718208092485549
ST NAZAIRE,LA BAULE ESCOUBLAC,23,0.8502890173410405
ST NAZAIRE,LA BAULE ESCOUBLAC,24,0.8258670520231214
ST NAZAIRE,LA BAULE ESCOUBLAC,25,0.806231884057971
ST NAZAIRE,LA BAULE ESCOUBLAC,26,0.8044927536231884
ST NAZAIRE,LA BAULE ESCOUBLAC,27,0.7873546511627908
ST NAZAIRE,LA BAULE ESCOUBLAC,28,0.776453488372093
ST NAZAIRE,LA BAULE ESCOUBLAC,29,0.7559593023255814
ST NAZAIRE,LA BAULE ESCOUBLAC,30,0.06769005847953218
ST NAZAIRE,LE CROISIC,0,0.996938775510204
ST NAZAIRE,LE CROISIC,1,0.9982456140350876
ST NAZAIRE,LE CROISIC,2,0.9979591836734695
ST NAZAIRE,LE CROISIC,3,0.9954810495626821
ST NAZAIRE,LE CROISIC,4,0.9963556851311953
ST NAZAIRE,LE CROISIC,5,0.9957848837209302
ST NAZAIRE,LE CROISIC,6,0.9946220930232558
ST NAZAIRE,LE CROISIC,7,0.9921511627906977
ST NAZAIRE,LE CROISIC,8,0.9901162790697675
ST NAZAIRE,LE CROISIC,9,0.9877906976744186
ST NAZAIRE,LE CROISIC,10,0.9848837209302326
ST NAZAIRE,LE CROISIC,11,0.9736918604651162
ST NAZAIRE,LE CROISIC,12,0.9690406976744187
ST NAZAIRE,LE CROISIC,13,0.9670058139534883
ST NAZAIRE,LE CROISIC,14,0.9584302325581395
ST NAZAIRE,LE CROISIC,15,0.9507267441860465
ST NAZAIRE,LE CROISIC,16,0.9520348837209303
ST NAZAIRE,LE CROISIC,17,0.9500000000000001
ST NAZAIRE,LE CROISIC,18,0.9370639534883721
ST NAZAIRE,LE CROISIC,19,0.9232558139534884
ST NAZAIRE,LE CROISIC,20,0.9126453488372093
ST NAZAIRE,LE CROISIC,21,0.8957848837209301
ST NAZAIRE,LE CROISIC,22,0.8745639534883721
ST NAZAIRE,LE CROISIC,23,0.8555232558139535
ST NAZAIRE,LE CROISIC,24,0.8303779069767441
ST NAZAIRE,LE CROISIC,25,0.8112244897959183
ST NAZAIRE,LE CROISIC,26,0.8053935860058309
ST NAZAIRE,LE CROISIC,27,0.7894736842105263
ST NAZAIRE,LE CROISIC,28,0.7811403508771929
ST NAZAIRE,LE CROISIC,29,0.7638888888888888
ST NAZAIRE,LE CROISIC,30,0.056911764705882356
ST NAZAIRE,LE POULIGUEN,0,0.9816176470588235
ST NAZAIRE,LE POULIGUEN,1,0.9855555555555556
ST NAZAIRE,LE POULIGUEN,2,0.9817164179104478
ST NAZAIRE,LE POULIGUEN,3,0.9648148148148148
ST NAZAIRE,LE POULIGUEN,4,0.9459558823529413
ST NAZAIRE,LE POULIGUEN,5,0.9352941176470588
ST NAZAIRE,LE POULIGUEN,6,0.9088235294117647
ST NAZAIRE,LE POULIGUEN,7,0.8867647058823529
ST NAZAIRE,LE POULIGUEN,8,0.8783582089552239
ST NAZAIRE,LE POULIGUEN,9,0.8575187969924812
ST NAZAIRE,LE POULIGUEN,10,0.7903703703703704
ST NAZAIRE,LE POULIGUEN,11,0.7757352941176471
ST NAZAIRE,LE POULIGUEN,12,0.725
ST NAZAIRE,LE POULIGUEN,13,0.7113970588235294
ST NAZAIRE,LE POULIGUEN,14,0.7025735294117647
ST NAZAIRE,LE POULIGUEN,15,0.6738805970149253
ST NAZAIRE,LE POULIGUEN,16,0.6612781954887218
ST NAZAIRE,LE POULIGUEN,17,0.6411111111111111
ST NAZAIRE,LE POULIGUEN,18,0.6235294117647059
ST NAZAIRE,LE POULIGUEN,19,0.5613970588235294
ST NAZAIRE,LE POULIGUEN,20,0.5547794117647059
ST NAZAIRE,LE POULIGUEN,21,0.5283088235294118
ST NAZAIRE,LE POULIGUEN,22,0.47686567164179106
ST NAZAIRE,LE POULIGUEN,23,0.46567164179104475
ST NAZAIRE,LE POULIGUEN,24,0.46185185185185185
ST NAZAIRE,LE POULIGUEN,25,0.44074074074074077
ST NAZAIRE,LE POULIGUEN,26,0.4425925925925926
ST NAZAIRE,LE POULIGUEN,27,0.4388888888888889
ST NAZAIRE,LE POULIGUEN,28,0.42370370370370375
ST NAZAIRE,LE POULIGUEN,29,0.3932330827067669
ST NAZAIRE,LE POULIGUEN,30,0.0625
ST NAZAIRE,PORNICHET,0,0.9838235294117648
ST NAZAIRE,PORNICHET,1,0.9833333333333333
ST NAZAIRE,PORNICHET,2,0.9824626865671642
ST NAZAIRE,PORNICHET,3,0.9651851851851853
ST NAZAIRE,PORNICHET,4,0.9455882352941176
ST NAZAIRE,PORNICHET,5,0.9286764705882353
ST NAZAIRE,PORNICHET,6,0.9077205882352941
ST NAZAIRE,PORNICHET,7,0.8871323529411765
ST NAZAIRE,PORNICHET,8,0.8779850746268657
ST NAZAIRE,PORNICHET,9,0.8537593984962406
ST NAZAIRE,PORNICHET,10,0.7851851851851852
ST NAZAIRE,PORNICHET,11,0.7702205882352942
ST NAZAIRE,PORNICHET,12,0.7312500000000001
ST NAZAIRE,PORNICHET,13,0.7147058823529412
ST NAZAIRE,PORNICHET,14,0.6996323529411765
ST NAZAIRE,PORNICHET,15,0.6705223880597014
ST NAZAIRE,PORNICHET,16,0.6597744360902256
ST NAZAIRE,PORNICHET,17,0.6455555555555555
ST NAZAIRE,PORNICHET,18,0.6216911764705882
ST NAZAIRE,PORNICHET,19,0.5588235294117647
ST NAZAIRE,PORNICHET,20,0.5481617647058823
ST NAZAIRE,PORNICHET,21,0.5257352941176471
ST NAZAIRE,PORNICHET,22,0.4779850746268656
ST NAZAIRE,PORNICHET,23,0.4615671641791045
ST NAZAIRE,PORNICHET,24,0.4596296296296296
ST NAZAIRE,PORNICHET,25,0.4388888888888889
ST NAZAIRE,PORNICHET,26,0.44222222222222224
ST NAZAIRE,PORNICHET,27,0.43925925925925924
ST NAZAIRE,PORNICHET,28,0.42333333333333334
ST NAZAIRE,PORNICHET,29,0.38684210526315793
ST NAZAIRE,PORNICHET,30,0.06931818181818182
