origine,destination,delta_days,proba_open
AEROPORT ROISSY CDG 2 TGV,AIX LES BAINS LE REVARD,0,1.0
AEROPORT ROISSY CDG 2 TGV,AIX LES BAINS LE REVARD,1,1.0
AEROPORT ROISSY CDG 2 TGV,AIX LES BAINS LE REVARD,2,1.0
AEROPORT ROISSY CDG 2 TGV,AIX LES BAINS LE REVARD,3,1.0
AEROPORT ROISSY CDG 2 TGV,AIX LES BAINS LE REVARD,4,1.0
AEROPORT ROISSY CDG 2 TGV,AIX LES BAINS LE REVARD,5,0.975
AEROPORT ROISSY CDG 2 TGV,AIX LES BAINS LE REVARD,6,0.975
AEROPORT ROISSY CDG 2 TGV,AIX LES BAINS LE REVARD,7,1.0
AEROPORT ROISSY CDG 2 TGV,AIX LES BAINS LE REVARD,8,1.0
AEROPORT ROISSY CDG 2 TGV,AIX LES BAINS LE REVARD,9,1.0
AEROPORT ROISSY CDG 2 TGV,AIX LES BAINS LE REVARD,10,1.0
AEROPORT ROISSY CDG 2 TGV,AIX LES BAINS LE REVARD,11,1.0
AEROPORT ROISSY CDG 2 TGV,AIX LES BAINS LE REVARD,12,1.0
AEROPORT ROISSY CDG 2 TGV,AIX LES BAINS LE REVARD,13,1.0
AEROPORT ROISSY CDG 2 TGV,AIX LES BAINS LE REVARD,14,1.0
AEROPORT ROISSY CDG 2 TGV,AIX LES BAINS LE REVARD,15,1.0
AEROPORT ROISSY CDG 2 TGV,AIX LES BAINS LE REVARD,16,1.0
AEROPORT ROISSY CDG 2 TGV,AIX LES BAINS LE REVARD,17,1.0
AEROPORT ROISSY CDG 2 TGV,AIX LES BAINS LE REVARD,18,1.0
AEROPORT ROISSY CDG 2 TGV,AIX LES BAINS LE REVARD,19,1.0
AEROPORT ROISSY CDG 2 TGV,AIX LES BAINS LE REVARD,20,1.0
AEROPORT ROISSY CDG 2 TGV,AIX LES BAINS LE REVARD,21,1.0
AEROPORT ROISSY CDG 2 TGV,AIX LES BAINS LE REVARD,22,1.0
AEROPORT ROISSY CDG 2 TGV,AIX LES BAINS LE REVARD,23,1.0
AEROPORT ROISSY CDG 2 TGV,AIX LES BAINS LE REVARD,24,1.0
AEROPORT ROISSY CDG 2 TGV,AIX LES BAINS LE REVARD,25,1.0
AEROPORT ROISSY CDG 2 TGV,AIX LES BAINS LE REVARD,26,1.0
AEROPORT ROISSY CDG 2 TGV,AIX LES BAINS LE REVARD,27,1.0
AEROPORT ROISSY CDG 2 TGV,AIX LES BAINS LE REVARD,28,1.0
AEROPORT ROISSY CDG 2 TGV,AIX LES BAINS LE REVARD,29,1.0
AEROPORT ROISSY CDG 2 TGV,AIX LES BAINS LE REVARD,30,0.225
AEROPORT ROISSY CDG 2 TGV,ANNECY,0,1.0
AEROPORT ROISSY CDG 2 TGV,ANNECY,1,1.0
AEROPORT ROISSY CDG 2 TGV,ANNECY,2,1.0
AEROPORT ROISSY CDG 2 TGV,ANNECY,3,1.0
AEROPORT ROISSY CDG 2 TGV,ANNECY,4,1.0
AEROPORT ROISSY CDG 2 TGV,ANNECY,5,1.0
AEROPORT ROISSY CDG 2 TGV,ANNECY,6,1.0
AEROPORT ROISSY CDG 2 TGV,ANNECY,7,1.0
AEROPORT ROISSY CDG 2 TGV,ANNECY,8,1.0
AEROPORT ROISSY CDG 2 TGV,ANNECY,9,1.0
AEROPORT ROISSY CDG 2 TGV,ANNECY,10,1.0
AEROPORT ROISSY CDG 2 TGV,ANNECY,11,1.0
AEROPORT ROISSY CDG 2 TGV,ANNECY,12,1.0
AEROPORT ROISSY CDG 2 TGV,ANNECY,13,1.0
AEROPORT ROISSY CDG 2 TGV,ANNECY,14,1.0
AEROPORT ROISSY CDG 2 TGV,ANNECY,15,1.0
AEROPORT ROISSY CDG 2 TGV,ANNECY,16,1.0
AEROPORT ROISSY CDG 2 TGV,ANNECY,17,1.0
AEROPORT ROISSY CDG 2 TGV,ANNECY,18,1.0
AEROPORT ROISSY CDG 2 TGV,ANNECY,19,1.0
AEROPORT ROISSY CDG 2 TGV,ANNECY,20,1.0
AEROPORT ROISSY CDG 2 TGV,ANNECY,21,1.0
AEROPORT ROISSY CDG 2 TGV,ANNECY,22,1.0
AEROPORT ROISSY CDG 2 TGV,ANNECY,23,1.0
AEROPORT ROISSY CDG 2 TGV,ANNECY,24,1.0
AEROPORT ROISSY CDG 2 TGV,ANNECY,25,1.0
AEROPORT ROISSY CDG 2 TGV,ANNECY,26,1.0
AEROPORT ROISSY CDG 2 TGV,ANNECY,27,1.0
AEROPORT ROISSY CDG 2 TGV,ANNECY,28,1.0
AEROPORT ROISSY CDG 2 TGV,ANNECY,29,0.95
AEROPORT ROISSY CDG 2 TGV,ANNECY,30,0.15000000000000002
AEROPORT ROISSY CDG 2 TGV,CHAMBERY CHALLES LES EAUX,0,1.0
AEROPORT ROISSY CDG 2 TGV,CHAMBERY CHALLES LES EAUX,1,0.975
AEROPORT ROISSY CDG 2 TGV,CHAMBERY CHALLES LES EAUX,2,0.975
AEROPORT ROISSY CDG 2 TGV,CHAMBERY CHALLES LES EAUX,3,1.0
AEROPORT ROISSY CDG 2 TGV,CHAMBERY CHALLES LES EAUX,4,0.975
AEROPORT ROISSY CDG 2 TGV,CHAMBERY CHALLES LES EAUX,5,0.975
AEROPORT ROISSY CDG 2 TGV,CHAMBERY CHALLES LES EAUX,6,1.0
AEROPORT ROISSY CDG 2 TGV,CHAMBERY CHALLES LES EAUX,7,1.0
AEROPORT ROISSY CDG 2 TGV,CHAMBERY CHALLES LES EAUX,8,1.0
AEROPORT ROISSY CDG 2 TGV,CHAMBERY CHALLES LES EAUX,9,1.0
AEROPORT ROISSY CDG 2 TGV,CHAMBERY CHALLES LES EAUX,10,1.0
AEROPORT ROISSY CDG 2 TGV,CHAMBERY CHALLES LES EAUX,11,1.0
AEROPORT ROISSY CDG 2 TGV,CHAMBERY CHALLES LES EAUX,12,1.0
AEROPORT ROISSY CDG 2 TGV,CHAMBERY CHALLES LES EAUX,13,1.0
AEROPORT ROISSY CDG 2 TGV,CHAMBERY CHALLES LES EAUX,14,1.0
AEROPORT ROISSY CDG 2 TGV,CHAMBERY CHALLES LES EAUX,15,1.0
AEROPORT ROISSY CDG 2 TGV,CHAMBERY CHALLES LES EAUX,16,1.0
AEROPORT ROISSY CDG 2 TGV,CHAMBERY CHALLES LES EAUX,17,1.0
AEROPORT ROISSY CDG 2 TGV,CHAMBERY CHALLES LES EAUX,18,1.0
AEROPORT ROISSY CDG 2 TGV,CHAMBERY CHALLES LES EAUX,19,1.0
AEROPORT ROISSY CDG 2 TGV,CHAMBERY CHALLES LES EAUX,20,1.0
AEROPORT ROISSY CDG 2 TGV,CHAMBERY CHALLES LES EAUX,21,1.0
AEROPORT ROISSY CDG 2 TGV,CHAMBERY CHALLES LES EAUX,22,1.0
AEROPORT ROISSY CDG 2 TGV,CHAMBERY CHALLES LES EAUX,23,1.0
AEROPORT ROISSY CDG 2 TGV,CHAMBERY CHALLES LES EAUX,24,1.0
AEROPORT ROISSY CDG 2 TGV,CHAMBERY CHALLES LES EAUX,25,1.0
AEROPORT ROISSY CDG 2 TGV,CHAMBERY CHALLES LES EAUX,26,1.0
AEROPORT ROISSY CDG 2 TGV,CHAMBERY CHALLES LES EAUX,27,1.0
AEROPORT ROISSY CDG 2 TGV,CHAMBERY CHALLES LES EAUX,28,1.0
AEROPORT ROISSY CDG 2 TGV,CHAMBERY CHALLES LES EAUX,29,0.95
AEROPORT ROISSY CDG 2 TGV,CHAMBERY CHALLES LES EAUX,30,0.25
AEROPORT ROISSY CDG 2 TGV,MACON LOCHE TGV,0,1.0
AEROPORT ROISSY CDG 2 TGV,MACON LOCHE TGV,1,1.0
AEROPORT ROISSY CDG 2 TGV,MACON LOCHE TGV,2,1.0
AEROPORT ROISSY CDG 2 TGV,MACON LOCHE TGV,3,0.975
AEROPORT ROISSY CDG 2 TGV,MACON LOCHE TGV,4,0.975
AEROPORT ROISSY CDG 2 TGV,MACON LOCHE TGV,5,1.0
AEROPORT ROISSY CDG 2 TGV,MACON LOCHE TGV,6,1.0
AEROPORT ROISSY CDG 2 TGV,MACON LOCHE TGV,7,1.0
AEROPORT ROISSY CDG 2 TGV,MACON LOCHE TGV,8,0.975
AEROPORT ROISSY CDG 2 TGV,MACON LOCHE TGV,9,1.0
AEROPORT ROISSY CDG 2 TGV,MACON LOCHE TGV,10,1.0
AEROPORT ROISSY CDG 2 TGV,MACON LOCHE TGV,11,1.0
AEROPORT ROISSY CDG 2 TGV,MACON LOCHE TGV,12,1.0
AEROPORT ROISSY CDG 2 TGV,MACON LOCHE TGV,13,1.0
AEROPORT ROISSY CDG 2 TGV,MACON LOCHE TGV,14,1.0
AEROPORT ROISSY CDG 2 TGV,MACON LOCHE TGV,15,1.0
AEROPORT ROISSY CDG 2 TGV,MACON LOCHE TGV,16,1.0
AEROPORT ROISSY CDG 2 TGV,MACON LOCHE TGV,17,1.0
AEROPORT ROISSY CDG 2 TGV,MACON LOCHE TGV,18,1.0
AEROPORT ROISSY CDG 2 TGV,MACON LOCHE TGV,19,1.0
AEROPORT ROISSY CDG 2 TGV,MACON LOCHE TGV,20,1.0
AEROPORT ROISSY CDG 2 TGV,MACON LOCHE TGV,21,1.0
AEROPORT ROISSY CDG 2 TGV,MACON LOCHE TGV,22,1.0
AEROPORT ROISSY CDG 2 TGV,MACON LOCHE TGV,23,1.0
AEROPORT ROISSY CDG 2 TGV,MACON LOCHE TGV,24,1.0
AEROPORT ROISSY CDG 2 TGV,MACON LOCHE TGV,25,1.0
AEROPORT ROISSY CDG 2 TGV,MACON LOCHE TGV,26,1.0
AEROPORT ROISSY CDG 2 TGV,MACON LOCHE TGV,27,1.0
AEROPORT ROISSY CDG 2 TGV,MACON LOCHE TGV,28,1.0
AEROPORT ROISSY CDG 2 TGV,MACON LOCHE TGV,29,0.875
AEROPORT ROISSY CDG 2 TGV,MACON LOCHE TGV,30,0.225
AEROPORT ROISSY CDG 2 TGV,MARNE LA VALLEE CHESSY,0,1.0
AEROPORT ROISSY CDG 2 TGV,MARNE LA VALLEE CHESSY,1,1.0
AEROPORT ROISSY CDG 2 TGV,MARNE LA VALLEE CHESSY,2,1.0
AEROPORT ROISSY CDG 2 TGV,MARNE LA VALLEE CHESSY,3,0.975
AEROPORT ROISSY CDG 2 TGV,MARNE LA VALLEE CHESSY,4,1.0
AEROPORT ROISSY CDG 2 TGV,MARNE LA VALLEE CHESSY,5,1.0
AEROPORT ROISSY CDG 2 TGV,MARNE LA VALLEE CHESSY,6,1.0
AEROPORT ROISSY CDG 2 TGV,MARNE LA VALLEE CHESSY,7,1.0
AEROPORT ROISSY CDG 2 TGV,MARNE LA VALLEE CHESSY,8,1.0
AEROPORT ROISSY CDG 2 TGV,MARNE LA VALLEE CHESSY,9,1.0
AEROPORT ROISSY CDG 2 TGV,MARNE LA VALLEE CHESSY,10,1.0
AEROPORT ROISSY CDG 2 TGV,MARNE LA VALLEE CHESSY,11,1.0
AEROPORT ROISSY CDG 2 TGV,MARNE LA VALLEE CHESSY,12,1.0
AEROPORT ROISSY CDG 2 TGV,MARNE LA VALLEE CHESSY,13,1.0
AEROPORT ROISSY CDG 2 TGV,MARNE LA VALLEE CHESSY,14,1.0
AEROPORT ROISSY CDG 2 TGV,MARNE LA VALLEE CHESSY,15,1.0
AEROPORT ROISSY CDG 2 TGV,MARNE LA VALLEE CHESSY,16,1.0
AEROPORT ROISSY CDG 2 TGV,MARNE LA VALLEE CHESSY,17,1.0
AEROPORT ROISSY CDG 2 TGV,MARNE LA VALLEE CHESSY,18,1.0
AEROPORT ROISSY CDG 2 TGV,MARNE LA VALLEE CHESSY,19,1.0
AEROPORT ROISSY CDG 2 TGV,MARNE LA VALLEE CHESSY,20,1.0
AEROPORT ROISSY CDG 2 TGV,MARNE LA VALLEE CHESSY,21,1.0
AEROPORT ROISSY CDG 2 TGV,MARNE LA VALLEE CHESSY,22,1.0
AEROPORT ROISSY CDG 2 TGV,MARNE LA VALLEE CHESSY,23,1.0
AEROPORT ROISSY CDG 2 TGV,MARNE LA VALLEE CHESSY,24,1.0
AEROPORT ROISSY CDG 2 TGV,MARNE LA VALLEE CHESSY,25,1.0
AEROPORT ROISSY CDG 2 TGV,MARNE LA VALLEE CHESSY,26,1.0
AEROPORT ROISSY CDG 2 TGV,MARNE LA VALLEE CHESSY,27,1.0
AEROPORT ROISSY CDG 2 TGV,MARNE LA VALLEE CHESSY,28,0.975
AEROPORT ROISSY CDG 2 TGV,MARNE LA VALLEE CHESSY,29,0.8500000000000001
AEROPORT ROISSY CDG 2 TGV,MARNE LA VALLEE CHESSY,30,0.2
AIME LA PLAGNE,BOURG SAINT MAURICE,0,0.7749999999999999
AIME LA PLAGNE,BOURG SAINT MAURICE,1,0.7494117647058823
AIME LA PLAGNE,BOURG SAINT MAURICE,2,0.7369047619047618
AIME LA PLAGNE,BOURG SAINT MAURICE,3,0.7005882352941176
AIME LA PLAGNE,BOURG SAINT MAURICE,4,0.19647058823529412
AIME LA PLAGNE,BOURG SAINT MAURICE,5,0.17352941176470588
AIME LA PLAGNE,BOURG SAINT MAURICE,6,0.16823529411764707
AIME LA PLAGNE,BOURG SAINT MAURICE,7,0.14823529411764705
AIME LA PLAGNE,BOURG SAINT MAURICE,8,0.13176470588235292
AIME LA PLAGNE,BOURG SAINT MAURICE,9,0.12529411764705883
AIME LA PLAGNE,BOURG SAINT MAURICE,10,0.10823529411764705
AIME LA PLAGNE,BOURG SAINT MAURICE,11,0.08705882352941177
AIME LA PLAGNE,BOURG SAINT MAURICE,12,0.05705882352941176
AIME LA PLAGNE,BOURG SAINT MAURICE,13,0.05119047619047619
AIME LA PLAGNE,BOURG SAINT MAURICE,14,0.06666666666666667
AIME LA PLAGNE,BOURG SAINT MAURICE,15,0.07142857142857142
AIME LA PLAGNE,BOURG SAINT MAURICE,16,0.07916666666666668
AIME LA PLAGNE,BOURG SAINT MAURICE,17,0.07559523809523809
AIME LA PLAGNE,BOURG SAINT MAURICE,18,0.08988095238095238
AIME LA PLAGNE,BOURG SAINT MAURICE,19,0.08392857142857142
AIME LA PLAGNE,BOURG SAINT MAURICE,20,0.07083333333333333
AIME LA PLAGNE,BOURG SAINT MAURICE,21,0.07083333333333333
AIME LA PLAGNE,BOURG SAINT MAURICE,22,0.06904761904761905
AIME LA PLAGNE,BOURG SAINT MAURICE,23,0.06071428571428571
AIME LA PLAGNE,BOURG SAINT MAURICE,24,0.058333333333333334
AIME LA PLAGNE,BOURG SAINT MAURICE,25,0.05952380952380952
AIME LA PLAGNE,BOURG SAINT MAURICE,26,0.060119047619047614
AIME LA PLAGNE,BOURG SAINT MAURICE,27,0.060119047619047614
AIME LA PLAGNE,BOURG SAINT MAURICE,28,0.06071428571428571
AIME LA PLAGNE,BOURG SAINT MAURICE,29,0.0642857142857143
AIME LA PLAGNE,BOURG SAINT MAURICE,30,0.016071428571428573
AIME LA PLAGNE,LANDRY,0,0.7785714285714287
AIME LA PLAGNE,LANDRY,1,0.7482352941176471
AIME LA PLAGNE,LANDRY,2,0.7404761904761905
AIME LA PLAGNE,LANDRY,3,0.7141176470588235
AIME LA PLAGNE,LANDRY,4,0.18764705882352942
AIME LA PLAGNE,LANDRY,5,0.17529411764705882
AIME LA PLAGNE,LANDRY,6,0.16941176470588235
AIME LA PLAGNE,LANDRY,7,0.15176470588235294
AIME LA PLAGNE,LANDRY,8,0.13
AIME LA PLAGNE,LANDRY,9,0.13176470588235292
AIME LA PLAGNE,LANDRY,10,0.11352941176470589
AIME LA PLAGNE,LANDRY,11,0.09058823529411765
AIME LA PLAGNE,LANDRY,12,0.05941176470588235
AIME LA PLAGNE,LANDRY,13,0.054761904761904755
AIME LA PLAGNE,LANDRY,14,0.07083333333333333
AIME LA PLAGNE,LANDRY,15,0.07202380952380952
AIME LA PLAGNE,LANDRY,16,0.07976190476190477
AIME LA PLAGNE,LANDRY,17,0.07797619047619048
AIME LA PLAGNE,LANDRY,18,0.08988095238095238
AIME LA PLAGNE,LANDRY,19,0.08452380952380951
AIME LA PLAGNE,LANDRY,20,0.07202380952380952
AIME LA PLAGNE,LANDRY,21,0.07202380952380952
AIME LA PLAGNE,LANDRY,22,0.07023809523809524
AIME LA PLAGNE,LANDRY,23,0.060119047619047614
AIME LA PLAGNE,LANDRY,24,0.060119047619047614
AIME LA PLAGNE,LANDRY,25,0.05952380952380952
AIME LA PLAGNE,LANDRY,26,0.06071428571428571
AIME LA PLAGNE,LANDRY,27,0.06071428571428571
AIME LA PLAGNE,LANDRY,28,0.060119047619047614
AIME LA PLAGNE,LANDRY,29,0.06428571428571428
AIME LA PLAGNE,LANDRY,30,0.022023809523809525
AIX LES BAINS LE REVARD,ANNECY,0,0.9979710144927536
AIX LES BAINS LE REVARD,ANNECY,1,0.9989855072463767
AIX LES BAINS LE REVARD,ANNECY,2,0.9991304347826087
AIX LES BAINS LE REVARD,ANNECY,3,0.9991304347826087
AIX LES BAINS LE REVARD,ANNECY,4,0.9920289855072464
AIX LES BAINS LE REVARD,ANNECY,5,0.982463768115942
AIX LES BAINS LE REVARD,ANNECY,6,0.9749275362318841
AIX LES BAINS LE REVARD,ANNECY,7,0.9652173913043478
AIX LES BAINS LE REVARD,ANNECY,8,0.9568115942028986
AIX LES BAINS LE REVARD,ANNECY,9,0.9563768115942028
AIX LES BAINS LE REVARD,ANNECY,10,0.9494202898550725
AIX LES BAINS LE REVARD,ANNECY,11,0.941304347826087
AIX LES BAINS LE REVARD,ANNECY,12,0.8969565217391304
AIX LES BAINS LE REVARD,ANNECY,13,0.8839130434782608
AIX LES BAINS LE REVARD,ANNECY,14,0.8526086956521739
AIX LES BAINS LE REVARD,ANNECY,15,0.8372463768115943
AIX LES BAINS LE REVARD,ANNECY,16,0.8246376811594203
AIX LES BAINS LE REVARD,ANNECY,17,0.8071014492753623
AIX LES BAINS LE REVARD,ANNECY,18,0.7933333333333333
AIX LES BAINS LE REVARD,ANNECY,19,0.7892753623188407
AIX LES BAINS LE REVARD,ANNECY,20,0.7597101449275363
AIX LES BAINS LE REVARD,ANNECY,21,0.7527536231884058
AIX LES BAINS LE REVARD,ANNECY,22,0.7357971014492753
AIX LES BAINS LE REVARD,ANNECY,23,0.7172463768115942
AIX LES BAINS LE REVARD,ANNECY,24,0.7045058139534883
AIX LES BAINS LE REVARD,ANNECY,25,0.6818313953488372
AIX LES BAINS LE REVARD,ANNECY,26,0.6577259475218659
AIX LES BAINS LE REVARD,ANNECY,27,0.64533527696793
AIX LES BAINS LE REVARD,ANNECY,28,0.6227405247813411
AIX LES BAINS LE REVARD,ANNECY,29,0.5852769679300291
AIX LES BAINS LE REVARD,ANNECY,30,0.07316715542521994
AIX LES BAINS LE REVARD,CHAMBERY CHALLES LES EAUX,0,0.9675
AIX LES BAINS LE REVARD,CHAMBERY CHALLES LES EAUX,1,0.9175000000000001
AIX LES BAINS LE REVARD,CHAMBERY CHALLES LES EAUX,2,0.9075
AIX LES BAINS LE REVARD,CHAMBERY CHALLES LES EAUX,3,0.7675
AIX LES BAINS LE REVARD,CHAMBERY CHALLES LES EAUX,4,0.5525
AIX LES BAINS LE REVARD,CHAMBERY CHALLES LES EAUX,5,0.5175
AIX LES BAINS LE REVARD,CHAMBERY CHALLES LES EAUX,6,0.46749999999999997
AIX LES BAINS LE REVARD,CHAMBERY CHALLES LES EAUX,7,0.39249999999999996
AIX LES BAINS LE REVARD,CHAMBERY CHALLES LES EAUX,8,0.2975
AIX LES BAINS LE REVARD,CHAMBERY CHALLES LES EAUX,9,0.2725
AIX LES BAINS LE REVARD,CHAMBERY CHALLES LES EAUX,10,0.22749999999999998
AIX LES BAINS LE REVARD,CHAMBERY CHALLES LES EAUX,11,0.2375
AIX LES BAINS LE REVARD,CHAMBERY CHALLES LES EAUX,12,0.22000000000000003
AIX LES BAINS LE REVARD,CHAMBERY CHALLES LES EAUX,13,0.2325
AIX LES BAINS LE REVARD,CHAMBERY CHALLES LES EAUX,14,0.20750000000000002
AIX LES BAINS LE REVARD,CHAMBERY CHALLES LES EAUX,15,0.2
AIX LES BAINS LE REVARD,CHAMBERY CHALLES LES EAUX,16,0.2
AIX LES BAINS LE REVARD,CHAMBERY CHALLES LES EAUX,17,0.1975
AIX LES BAINS LE REVARD,CHAMBERY CHALLES LES EAUX,18,0.20750000000000002
AIX LES BAINS LE REVARD,CHAMBERY CHALLES LES EAUX,19,0.2375
AIX LES BAINS LE REVARD,CHAMBERY CHALLES LES EAUX,20,0.2525
AIX LES BAINS LE REVARD,CHAMBERY CHALLES LES EAUX,21,0.25
AIX LES BAINS LE REVARD,CHAMBERY CHALLES LES EAUX,22,0.2475
AIX LES BAINS LE REVARD,CHAMBERY CHALLES LES EAUX,23,0.22999999999999998
AIX LES BAINS LE REVARD,CHAMBERY CHALLES LES EAUX,24,0.2725
AIX LES BAINS LE REVARD,CHAMBERY CHALLES LES EAUX,25,0.275
AIX LES BAINS LE REVARD,CHAMBERY CHALLES LES EAUX,26,0.26749999999999996
AIX LES BAINS LE REVARD,CHAMBERY CHALLES LES EAUX,27,0.28500000000000003
AIX LES BAINS LE REVARD,CHAMBERY CHALLES LES EAUX,28,0.2625
AIX LES BAINS LE REVARD,CHAMBERY CHALLES LES EAUX,29,0.3125
AIX LES BAINS LE REVARD,CHAMBERY CHALLES LES EAUX,30,0.08249999999999999
ALBERTVILLE,AIME LA PLAGNE,0,0.7767857142857143
ALBERTVILLE,AIME LA PLAGNE,1,0.7375
ALBERTVILLE,AIME LA PLAGNE,2,0.7246987951807229
ALBERTVILLE,AIME LA PLAGNE,3,0.7035714285714286
ALBERTVILLE,AIME LA PLAGNE,4,0.1910714285714286
ALBERTVILLE,AIME LA PLAGNE,5,0.16428571428571428
ALBERTVILLE,AIME LA PLAGNE,6,0.1619047619047619
ALBERTVILLE,AIME LA PLAGNE,7,0.13988095238095238
ALBERTVILLE,AIME LA PLAGNE,8,0.12261904761904763
ALBERTVILLE,AIME LA PLAGNE,9,0.12261904761904763
ALBERTVILLE,AIME LA PLAGNE,10,0.10416666666666667
ALBERTVILLE,AIME LA PLAGNE,11,0.07559523809523809
ALBERTVILLE,AIME LA PLAGNE,12,0.05119047619047619
ALBERTVILLE,AIME LA PLAGNE,13,0.05120481927710843
ALBERTVILLE,AIME LA PLAGNE,14,0.07289156626506024
ALBERTVILLE,AIME LA PLAGNE,15,0.07349397590361445
ALBERTVILLE,AIME LA PLAGNE,16,0.0783132530120482
ALBERTVILLE,AIME LA PLAGNE,17,0.0746987951807229
ALBERTVILLE,AIME LA PLAGNE,18,0.08975903614457832
ALBERTVILLE,AIME LA PLAGNE,19,0.08313253012048193
ALBERTVILLE,AIME LA PLAGNE,20,0.07228915662650602
ALBERTVILLE,AIME LA PLAGNE,21,0.07228915662650602
ALBERTVILLE,AIME LA PLAGNE,22,0.06987951807228915
ALBERTVILLE,AIME LA PLAGNE,23,0.06385542168674699
ALBERTVILLE,AIME LA PLAGNE,24,0.05963855421686747
ALBERTVILLE,AIME LA PLAGNE,25,0.0608433734939759
ALBERTVILLE,AIME LA PLAGNE,26,0.0608433734939759
ALBERTVILLE,AIME LA PLAGNE,27,0.062048192771084344
ALBERTVILLE,AIME LA PLAGNE,28,0.06325301204819277
ALBERTVILLE,AIME LA PLAGNE,29,0.06626506024096386
ALBERTVILLE,AIME LA PLAGNE,30,0.02108433734939759
ALBERTVILLE,BOURG SAINT MAURICE,0,0.7827380952380952
ALBERTVILLE,BOURG SAINT MAURICE,1,0.7440476190476191
ALBERTVILLE,BOURG SAINT MAURICE,2,0.730722891566265
ALBERTVILLE,BOURG SAINT MAURICE,3,0.7089285714285714
ALBERTVILLE,BOURG SAINT MAURICE,4,0.18333333333333335
ALBERTVILLE,BOURG SAINT MAURICE,5,0.16488095238095238
ALBERTVILLE,BOURG SAINT MAURICE,6,0.1630952380952381
ALBERTVILLE,BOURG SAINT MAURICE,7,0.1392857142857143
ALBERTVILLE,BOURG SAINT MAURICE,8,0.12202380952380952
ALBERTVILLE,BOURG SAINT MAURICE,9,0.11785714285714285
ALBERTVILLE,BOURG SAINT MAURICE,10,0.1
ALBERTVILLE,BOURG SAINT MAURICE,11,0.07678571428571429
ALBERTVILLE,BOURG SAINT MAURICE,12,0.050595238095238096
ALBERTVILLE,BOURG SAINT MAURICE,13,0.05240963855421686
ALBERTVILLE,BOURG SAINT MAURICE,14,0.07108433734939759
ALBERTVILLE,BOURG SAINT MAURICE,15,0.07349397590361445
ALBERTVILLE,BOURG SAINT MAURICE,16,0.08012048192771085
ALBERTVILLE,BOURG SAINT MAURICE,17,0.07590361445783132
ALBERTVILLE,BOURG SAINT MAURICE,18,0.09216867469879518
ALBERTVILLE,BOURG SAINT MAURICE,19,0.08433734939759036
ALBERTVILLE,BOURG SAINT MAURICE,20,0.07108433734939759
ALBERTVILLE,BOURG SAINT MAURICE,21,0.07108433734939759
ALBERTVILLE,BOURG SAINT MAURICE,22,0.06927710843373494
ALBERTVILLE,BOURG SAINT MAURICE,23,0.06265060240963856
ALBERTVILLE,BOURG SAINT MAURICE,24,0.06325301204819277
ALBERTVILLE,BOURG SAINT MAURICE,25,0.05903614457831324
ALBERTVILLE,BOURG SAINT MAURICE,26,0.05843373493975903
ALBERTVILLE,BOURG SAINT MAURICE,27,0.05963855421686747
ALBERTVILLE,BOURG SAINT MAURICE,28,0.0608433734939759
ALBERTVILLE,BOURG SAINT MAURICE,29,0.06686746987951807
ALBERTVILLE,BOURG SAINT MAURICE,30,0.018072289156626505
ALBERTVILLE,LANDRY,0,0.7886904761904762
ALBERTVILLE,LANDRY,1,0.7601190476190476
ALBERTVILLE,LANDRY,2,0.7367469879518073
ALBERTVILLE,LANDRY,3,0.7053571428571429
ALBERTVILLE,LANDRY,4,0.17916666666666667
ALBERTVILLE,LANDRY,5,0.16547619047619047
ALBERTVILLE,LANDRY,6,0.16488095238095238
ALBERTVILLE,LANDRY,7,0.13333333333333333
ALBERTVILLE,LANDRY,8,0.12083333333333333
ALBERTVILLE,LANDRY,9,0.11904761904761904
ALBERTVILLE,LANDRY,10,0.0976190476190476
ALBERTVILLE,LANDRY,11,0.07559523809523809
ALBERTVILLE,LANDRY,12,0.05
ALBERTVILLE,LANDRY,13,0.05180722891566265
ALBERTVILLE,LANDRY,14,0.07048192771084337
ALBERTVILLE,LANDRY,15,0.07228915662650602
ALBERTVILLE,LANDRY,16,0.08072289156626507
ALBERTVILLE,LANDRY,17,0.0746987951807229
ALBERTVILLE,LANDRY,18,0.0891566265060241
ALBERTVILLE,LANDRY,19,0.08554216867469878
ALBERTVILLE,LANDRY,20,0.07409638554216869
ALBERTVILLE,LANDRY,21,0.07289156626506024
ALBERTVILLE,LANDRY,22,0.07228915662650602
ALBERTVILLE,LANDRY,23,0.060240963855421686
ALBERTVILLE,LANDRY,24,0.05843373493975903
ALBERTVILLE,LANDRY,25,0.05903614457831326
ALBERTVILLE,LANDRY,26,0.05903614457831326
ALBERTVILLE,LANDRY,27,0.05903614457831326
ALBERTVILLE,LANDRY,28,0.05903614457831326
ALBERTVILLE,LANDRY,29,0.06746987951807229
ALBERTVILLE,LANDRY,30,0.01927710843373494
ALBERTVILLE,MOUTIERS SALINS BRIDES LES BAINS,0,0.7821428571428571
ALBERTVILLE,MOUTIERS SALINS BRIDES LES BAINS,1,0.7452380952380953
ALBERTVILLE,MOUTIERS SALINS BRIDES LES BAINS,2,0.7283132530120482
ALBERTVILLE,MOUTIERS SALINS BRIDES LES BAINS,3,0.7166666666666667
ALBERTVILLE,MOUTIERS SALINS BRIDES LES BAINS,4,0.1773809523809524
ALBERTVILLE,MOUTIERS SALINS BRIDES LES BAINS,5,0.16488095238095238
ALBERTVILLE,MOUTIERS SALINS BRIDES LES BAINS,6,0.15773809523809523
ALBERTVILLE,MOUTIERS SALINS BRIDES LES BAINS,7,0.1386904761904762
ALBERTVILLE,MOUTIERS SALINS BRIDES LES BAINS,8,0.12142857142857141
ALBERTVILLE,MOUTIERS SALINS BRIDES LES BAINS,9,0.11726190476190476
ALBERTVILLE,MOUTIERS SALINS BRIDES LES BAINS,10,0.10119047619047619
ALBERTVILLE,MOUTIERS SALINS BRIDES LES BAINS,11,0.07976190476190477
ALBERTVILLE,MOUTIERS SALINS BRIDES LES BAINS,12,0.05178571428571428
ALBERTVILLE,MOUTIERS SALINS BRIDES LES BAINS,13,0.053614457831325305
ALBERTVILLE,MOUTIERS SALINS BRIDES LES BAINS,14,0.07168674698795181
ALBERTVILLE,MOUTIERS SALINS BRIDES LES BAINS,15,0.07108433734939759
ALBERTVILLE,MOUTIERS SALINS BRIDES LES BAINS,16,0.07710843373493977
ALBERTVILLE,MOUTIERS SALINS BRIDES LES BAINS,17,0.07409638554216869
ALBERTVILLE,MOUTIERS SALINS BRIDES LES BAINS,18,0.09096385542168675
ALBERTVILLE,MOUTIERS SALINS BRIDES LES BAINS,19,0.08493975903614458
ALBERTVILLE,MOUTIERS SALINS BRIDES LES BAINS,20,0.07228915662650602
ALBERTVILLE,MOUTIERS SALINS BRIDES LES BAINS,21,0.07228915662650602
ALBERTVILLE,MOUTIERS SALINS BRIDES LES BAINS,22,0.07108433734939759
ALBERTVILLE,MOUTIERS SALINS BRIDES LES BAINS,23,0.062048192771084344
ALBERTVILLE,MOUTIERS SALINS BRIDES LES BAINS,24,0.05903614457831326
ALBERTVILLE,MOUTIERS SALINS BRIDES LES BAINS,25,0.060240963855421686
ALBERTVILLE,MOUTIERS SALINS BRIDES LES BAINS,26,0.0608433734939759
ALBERTVILLE,MOUTIERS SALINS BRIDES LES BAINS,27,0.060240963855421686
ALBERTVILLE,MOUTIERS SALINS BRIDES LES BAINS,28,0.05903614457831326
ALBERTVILLE,MOUTIERS SALINS BRIDES LES BAINS,29,0.0680722891566265
ALBERTVILLE,MOUTIERS SALINS BRIDES LES BAINS,30,0.018072289156626505
ANNEMASSE,CLUSES (HAUTE SAVOIE),0,0.568
ANNEMASSE,CLUSES (HAUTE SAVOIE),1,0.511
ANNEMASSE,CLUSES (HAUTE SAVOIE),2,0.4897959183673469
ANNEMASSE,CLUSES (HAUTE SAVOIE),3,0.46399999999999997
ANNEMASSE,CLUSES (HAUTE SAVOIE),4,0.156
ANNEMASSE,CLUSES (HAUTE SAVOIE),5,0.144
ANNEMASSE,CLUSES (HAUTE SAVOIE),6,0.142
ANNEMASSE,CLUSES (HAUTE SAVOIE),7,0.10300000000000001
ANNEMASSE,CLUSES (HAUTE SAVOIE),8,0.1
ANNEMASSE,CLUSES (HAUTE SAVOIE),9,0.10099999999999999
ANNEMASSE,CLUSES (HAUTE SAVOIE),10,0.083
ANNEMASSE,CLUSES (HAUTE SAVOIE),11,0.08800000000000001
ANNEMASSE,CLUSES (HAUTE SAVOIE),12,0.081
ANNEMASSE,CLUSES (HAUTE SAVOIE),13,0.083
ANNEMASSE,CLUSES (HAUTE SAVOIE),14,0.081
ANNEMASSE,CLUSES (HAUTE SAVOIE),15,0.081
ANNEMASSE,CLUSES (HAUTE SAVOIE),16,0.07400000000000001
ANNEMASSE,CLUSES (HAUTE SAVOIE),17,0.061
ANNEMASSE,CLUSES (HAUTE SAVOIE),18,0.055
ANNEMASSE,CLUSES (HAUTE SAVOIE),19,0.045
ANNEMASSE,CLUSES (HAUTE SAVOIE),20,0.04
ANNEMASSE,CLUSES (HAUTE SAVOIE),21,0.04
ANNEMASSE,CLUSES (HAUTE SAVOIE),22,0.04
ANNEMASSE,CLUSES (HAUTE SAVOIE),23,0.04
ANNEMASSE,CLUSES (HAUTE SAVOIE),24,0.04
ANNEMASSE,CLUSES (HAUTE SAVOIE),25,0.039
ANNEMASSE,CLUSES (HAUTE SAVOIE),26,0.040999999999999995
ANNEMASSE,CLUSES (HAUTE SAVOIE),27,0.04
ANNEMASSE,CLUSES (HAUTE SAVOIE),28,0.042
ANNEMASSE,CLUSES (HAUTE SAVOIE),29,0.04300000000000001
ANNEMASSE,CLUSES (HAUTE SAVOIE),30,0.01
ANNEMASSE,EVIAN LES BAINS,0,0.9255208333333332
ANNEMASSE,EVIAN LES BAINS,1,0.9229166666666666
ANNEMASSE,EVIAN LES BAINS,2,0.9212765957446808
ANNEMASSE,EVIAN LES BAINS,3,0.9106382978723404
ANNEMASSE,EVIAN LES BAINS,4,0.6484375
ANNEMASSE,EVIAN LES BAINS,5,0.6078125
ANNEMASSE,EVIAN LES BAINS,6,0.5869791666666667
ANNEMASSE,EVIAN LES BAINS,7,0.540625
ANNEMASSE,EVIAN LES BAINS,8,0.5197916666666667
ANNEMASSE,EVIAN LES BAINS,9,0.47287234042553195
ANNEMASSE,EVIAN LES BAINS,10,0.46736842105263154
ANNEMASSE,EVIAN LES BAINS,11,0.4573684210526316
ANNEMASSE,EVIAN LES BAINS,12,0.42578947368421055
ANNEMASSE,EVIAN LES BAINS,13,0.41736842105263156
ANNEMASSE,EVIAN LES BAINS,14,0.40210526315789474
ANNEMASSE,EVIAN LES BAINS,15,0.3905263157894737
ANNEMASSE,EVIAN LES BAINS,16,0.38010752688172045
ANNEMASSE,EVIAN LES BAINS,17,0.3664893617021277
ANNEMASSE,EVIAN LES BAINS,18,0.36473684210526314
ANNEMASSE,EVIAN LES BAINS,19,0.35315789473684206
ANNEMASSE,EVIAN LES BAINS,20,0.33473684210526317
ANNEMASSE,EVIAN LES BAINS,21,0.32789473684210524
ANNEMASSE,EVIAN LES BAINS,22,0.3268421052631579
ANNEMASSE,EVIAN LES BAINS,23,0.3370967741935484
ANNEMASSE,EVIAN LES BAINS,24,0.31382978723404253
ANNEMASSE,EVIAN LES BAINS,25,0.2926315789473684
ANNEMASSE,EVIAN LES BAINS,26,0.2794736842105263
ANNEMASSE,EVIAN LES BAINS,27,0.2652631578947368
ANNEMASSE,EVIAN LES BAINS,28,0.25315789473684214
ANNEMASSE,EVIAN LES BAINS,29,0.2489473684210526
ANNEMASSE,EVIAN LES BAINS,30,0.055319148936170216
ANNEMASSE,SALLANCHES COMBLOUX MEGEVE,0,0.58
ANNEMASSE,SALLANCHES COMBLOUX MEGEVE,1,0.511
ANNEMASSE,SALLANCHES COMBLOUX MEGEVE,2,0.4836734693877551
ANNEMASSE,SALLANCHES COMBLOUX MEGEVE,3,0.436
ANNEMASSE,SALLANCHES COMBLOUX MEGEVE,4,0.159
ANNEMASSE,SALLANCHES COMBLOUX MEGEVE,5,0.147
ANNEMASSE,SALLANCHES COMBLOUX MEGEVE,6,0.158
ANNEMASSE,SALLANCHES COMBLOUX MEGEVE,7,0.105
ANNEMASSE,SALLANCHES COMBLOUX MEGEVE,8,0.1
ANNEMASSE,SALLANCHES COMBLOUX MEGEVE,9,0.1
ANNEMASSE,SALLANCHES COMBLOUX MEGEVE,10,0.084
ANNEMASSE,SALLANCHES COMBLOUX MEGEVE,11,0.087
ANNEMASSE,SALLANCHES COMBLOUX MEGEVE,12,0.08
ANNEMASSE,SALLANCHES COMBLOUX MEGEVE,13,0.081
ANNEMASSE,SALLANCHES COMBLOUX MEGEVE,14,0.079
ANNEMASSE,SALLANCHES COMBLOUX MEGEVE,15,0.081
ANNEMASSE,SALLANCHES COMBLOUX MEGEVE,16,0.077
ANNEMASSE,SALLANCHES COMBLOUX MEGEVE,17,0.067
ANNEMASSE,SALLANCHES COMBLOUX MEGEVE,18,0.053
ANNEMASSE,SALLANCHES COMBLOUX MEGEVE,19,0.046
ANNEMASSE,SALLANCHES COMBLOUX MEGEVE,20,0.04
ANNEMASSE,SALLANCHES COMBLOUX MEGEVE,21,0.04
ANNEMASSE,SALLANCHES COMBLOUX MEGEVE,22,0.04
ANNEMASSE,SALLANCHES COMBLOUX MEGEVE,23,0.04
ANNEMASSE,SALLANCHES COMBLOUX MEGEVE,24,0.04
ANNEMASSE,SALLANCHES COMBLOUX MEGEVE,25,0.04
ANNEMASSE,SALLANCHES COMBLOUX MEGEVE,26,0.04
ANNEMASSE,SALLANCHES COMBLOUX MEGEVE,27,0.04
ANNEMASSE,SALLANCHES COMBLOUX MEGEVE,28,0.04
ANNEMASSE,SALLANCHES COMBLOUX MEGEVE,29,0.037000000000000005
ANNEMASSE,SALLANCHES COMBLOUX MEGEVE,30,0.004
ANNEMASSE,ST GERVAIS LES BAINS LE FAYET,0,0.57
ANNEMASSE,ST GERVAIS LES BAINS LE FAYET,1,0.509
ANNEMASSE,ST GERVAIS LES BAINS LE FAYET,2,0.4714285714285715
ANNEMASSE,ST GERVAIS LES BAINS LE FAYET,3,0.428
ANNEMASSE,ST GERVAIS LES BAINS LE FAYET,4,0.177
ANNEMASSE,ST GERVAIS LES BAINS LE FAYET,5,0.14400000000000002
ANNEMASSE,ST GERVAIS LES BAINS LE FAYET,6,0.151
ANNEMASSE,ST GERVAIS LES BAINS LE FAYET,7,0.11599999999999999
ANNEMASSE,ST GERVAIS LES BAINS LE FAYET,8,0.106
ANNEMASSE,ST GERVAIS LES BAINS LE FAYET,9,0.10300000000000001
ANNEMASSE,ST GERVAIS LES BAINS LE FAYET,10,0.08199999999999999
ANNEMASSE,ST GERVAIS LES BAINS LE FAYET,11,0.08
ANNEMASSE,ST GERVAIS LES BAINS LE FAYET,12,0.08
ANNEMASSE,ST GERVAIS LES BAINS LE FAYET,13,0.08
ANNEMASSE,ST GERVAIS LES BAINS LE FAYET,14,0.083
ANNEMASSE,ST GERVAIS LES BAINS LE FAYET,15,0.078
ANNEMASSE,ST GERVAIS LES BAINS LE FAYET,16,0.075
ANNEMASSE,ST GERVAIS LES BAINS LE FAYET,17,0.065
ANNEMASSE,ST GERVAIS LES BAINS LE FAYET,18,0.057999999999999996
ANNEMASSE,ST GERVAIS LES BAINS LE FAYET,19,0.044000000000000004
ANNEMASSE,ST GERVAIS LES BAINS LE FAYET,20,0.04
ANNEMASSE,ST GERVAIS LES BAINS LE FAYET,21,0.04
ANNEMASSE,ST GERVAIS LES BAINS LE FAYET,22,0.04
ANNEMASSE,ST GERVAIS LES BAINS LE FAYET,23,0.04
ANNEMASSE,ST GERVAIS LES BAINS LE FAYET,24,0.04
ANNEMASSE,ST GERVAIS LES BAINS LE FAYET,25,0.04
ANNEMASSE,ST GERVAIS LES BAINS LE FAYET,26,0.04
ANNEMASSE,ST GERVAIS LES BAINS LE FAYET,27,0.04
ANNEMASSE,ST GERVAIS LES BAINS LE FAYET,28,0.04
ANNEMASSE,ST GERVAIS LES BAINS LE FAYET,29,0.038
ANNEMASSE,ST GERVAIS LES BAINS LE FAYET,30,0.01
ANNEMASSE,THONON LES BAINS,0,0.9276041666666667
ANNEMASSE,THONON LES BAINS,1,0.9203125
ANNEMASSE,THONON LES BAINS,2,0.9202127659574468
ANNEMASSE,THONON LES BAINS,3,0.9117021276595745
ANNEMASSE,THONON LES BAINS,4,0.646875
ANNEMASSE,THONON LES BAINS,5,0.6151041666666667
ANNEMASSE,THONON LES BAINS,6,0.5864583333333333
ANNEMASSE,THONON LES BAINS,7,0.5489583333333333
ANNEMASSE,THONON LES BAINS,8,0.5197916666666667
ANNEMASSE,THONON LES BAINS,9,0.46808510638297873
ANNEMASSE,THONON LES BAINS,10,0.47
ANNEMASSE,THONON LES BAINS,11,0.45263157894736844
ANNEMASSE,THONON LES BAINS,12,0.4321052631578947
ANNEMASSE,THONON LES BAINS,13,0.42210526315789476
ANNEMASSE,THONON LES BAINS,14,0.40631578947368424
ANNEMASSE,THONON LES BAINS,15,0.3905263157894737
ANNEMASSE,THONON LES BAINS,16,0.38602150537634405
ANNEMASSE,THONON LES BAINS,17,0.3723404255319149
ANNEMASSE,THONON LES BAINS,18,0.36526315789473685
ANNEMASSE,THONON LES BAINS,19,0.36105263157894735
ANNEMASSE,THONON LES BAINS,20,0.3352631578947369
ANNEMASSE,THONON LES BAINS,21,0.3336842105263158
ANNEMASSE,THONON LES BAINS,22,0.3257894736842105
ANNEMASSE,THONON LES BAINS,23,0.33763440860215055
ANNEMASSE,THONON LES BAINS,24,0.3159574468085106
ANNEMASSE,THONON LES BAINS,25,0.29210526315789476
ANNEMASSE,THONON LES BAINS,26,0.27578947368421053
ANNEMASSE,THONON LES BAINS,27,0.26105263157894737
ANNEMASSE,THONON LES BAINS,28,0.2489473684210526
ANNEMASSE,THONON LES BAINS,29,0.24631578947368418
ANNEMASSE,THONON LES BAINS,30,0.04734042553191489
BELLEGARDE SUR VALSERINE GARE,ANNEMASSE,0,0.925531914893617
BELLEGARDE SUR VALSERINE GARE,ANNEMASSE,1,0.926595744680851
BELLEGARDE SUR VALSERINE GARE,ANNEMASSE,2,0.9114130434782608
BELLEGARDE SUR VALSERINE GARE,ANNEMASSE,3,0.8945652173913043
BELLEGARDE SUR VALSERINE GARE,ANNEMASSE,4,0.777127659574468
BELLEGARDE SUR VALSERINE GARE,ANNEMASSE,5,0.7776595744680851
BELLEGARDE SUR VALSERINE GARE,ANNEMASSE,6,0.7457446808510638
BELLEGARDE SUR VALSERINE GARE,ANNEMASSE,7,0.7382978723404255
BELLEGARDE SUR VALSERINE GARE,ANNEMASSE,8,0.7090425531914895
BELLEGARDE SUR VALSERINE GARE,ANNEMASSE,9,0.7016304347826087
BELLEGARDE SUR VALSERINE GARE,ANNEMASSE,10,0.6655913978494623
BELLEGARDE SUR VALSERINE GARE,ANNEMASSE,11,0.6489247311827957
BELLEGARDE SUR VALSERINE GARE,ANNEMASSE,12,0.4844086021505376
BELLEGARDE SUR VALSERINE GARE,ANNEMASSE,13,0.4806451612903226
BELLEGARDE SUR VALSERINE GARE,ANNEMASSE,14,0.46774193548387094
BELLEGARDE SUR VALSERINE GARE,ANNEMASSE,15,0.46182795698924733
BELLEGARDE SUR VALSERINE GARE,ANNEMASSE,16,0.46318681318681315
BELLEGARDE SUR VALSERINE GARE,ANNEMASSE,17,0.4559782608695652
BELLEGARDE SUR VALSERINE GARE,ANNEMASSE,18,0.44731182795698926
BELLEGARDE SUR VALSERINE GARE,ANNEMASSE,19,0.4494623655913978
BELLEGARDE SUR VALSERINE GARE,ANNEMASSE,20,0.44731182795698926
BELLEGARDE SUR VALSERINE GARE,ANNEMASSE,21,0.45645161290322583
BELLEGARDE SUR VALSERINE GARE,ANNEMASSE,22,0.4430107526881721
BELLEGARDE SUR VALSERINE GARE,ANNEMASSE,23,0.43901098901098906
BELLEGARDE SUR VALSERINE GARE,ANNEMASSE,24,0.40869565217391307
BELLEGARDE SUR VALSERINE GARE,ANNEMASSE,25,0.37473118279569895
BELLEGARDE SUR VALSERINE GARE,ANNEMASSE,26,0.367741935483871
BELLEGARDE SUR VALSERINE GARE,ANNEMASSE,27,0.34086021505376346
BELLEGARDE SUR VALSERINE GARE,ANNEMASSE,28,0.3419354838709677
BELLEGARDE SUR VALSERINE GARE,ANNEMASSE,29,0.3247311827956989
BELLEGARDE SUR VALSERINE GARE,ANNEMASSE,30,0.06032608695652174
BELLEGARDE SUR VALSERINE GARE,CLUSES (HAUTE SAVOIE),0,0.678125
BELLEGARDE SUR VALSERINE GARE,CLUSES (HAUTE SAVOIE),1,0.6479166666666667
BELLEGARDE SUR VALSERINE GARE,CLUSES (HAUTE SAVOIE),2,0.6106382978723404
BELLEGARDE SUR VALSERINE GARE,CLUSES (HAUTE SAVOIE),3,0.53125
BELLEGARDE SUR VALSERINE GARE,CLUSES (HAUTE SAVOIE),4,0.2864583333333333
BELLEGARDE SUR VALSERINE GARE,CLUSES (HAUTE SAVOIE),5,0.26979166666666665
BELLEGARDE SUR VALSERINE GARE,CLUSES (HAUTE SAVOIE),6,0.25625
BELLEGARDE SUR VALSERINE GARE,CLUSES (HAUTE SAVOIE),7,0.2520833333333333
BELLEGARDE SUR VALSERINE GARE,CLUSES (HAUTE SAVOIE),8,0.19479166666666667
BELLEGARDE SUR VALSERINE GARE,CLUSES (HAUTE SAVOIE),9,0.171875
BELLEGARDE SUR VALSERINE GARE,CLUSES (HAUTE SAVOIE),10,0.16354166666666667
BELLEGARDE SUR VALSERINE GARE,CLUSES (HAUTE SAVOIE),11,0.16979166666666667
BELLEGARDE SUR VALSERINE GARE,CLUSES (HAUTE SAVOIE),12,0.10312500000000001
BELLEGARDE SUR VALSERINE GARE,CLUSES (HAUTE SAVOIE),13,0.09999999999999999
BELLEGARDE SUR VALSERINE GARE,CLUSES (HAUTE SAVOIE),14,0.08750000000000001
BELLEGARDE SUR VALSERINE GARE,CLUSES (HAUTE SAVOIE),15,0.08437499999999999
BELLEGARDE SUR VALSERINE GARE,CLUSES (HAUTE SAVOIE),16,0.08541666666666665
BELLEGARDE SUR VALSERINE GARE,CLUSES (HAUTE SAVOIE),17,0.08541666666666665
BELLEGARDE SUR VALSERINE GARE,CLUSES (HAUTE SAVOIE),18,0.08958333333333333
BELLEGARDE SUR VALSERINE GARE,CLUSES (HAUTE SAVOIE),19,0.08333333333333333
BELLEGARDE SUR VALSERINE GARE,CLUSES (HAUTE SAVOIE),20,0.07083333333333333
BELLEGARDE SUR VALSERINE GARE,CLUSES (HAUTE SAVOIE),21,0.07708333333333334
BELLEGARDE SUR VALSERINE GARE,CLUSES (HAUTE SAVOIE),22,0.08229166666666667
BELLEGARDE SUR VALSERINE GARE,CLUSES (HAUTE SAVOIE),23,0.08333333333333333
BELLEGARDE SUR VALSERINE GARE,CLUSES (HAUTE SAVOIE),24,0.08020833333333334
BELLEGARDE SUR VALSERINE GARE,CLUSES (HAUTE SAVOIE),25,0.06354166666666666
BELLEGARDE SUR VALSERINE GARE,CLUSES (HAUTE SAVOIE),26,0.06145833333333334
BELLEGARDE SUR VALSERINE GARE,CLUSES (HAUTE SAVOIE),27,0.046875
BELLEGARDE SUR VALSERINE GARE,CLUSES (HAUTE SAVOIE),28,0.041666666666666664
BELLEGARDE SUR VALSERINE GARE,CLUSES (HAUTE SAVOIE),29,0.028124999999999997
BELLEGARDE SUR VALSERINE GARE,CLUSES (HAUTE SAVOIE),30,0.012499999999999999
BELLEGARDE SUR VALSERINE GARE,EVIAN LES BAINS,0,0.9228723404255319
BELLEGARDE SUR VALSERINE GARE,EVIAN LES BAINS,1,0.9159574468085105
BELLEGARDE SUR VALSERINE GARE,EVIAN LES BAINS,2,0.907608695652174
BELLEGARDE SUR VALSERINE GARE,EVIAN LES BAINS,3,0.8809782608695652
BELLEGARDE SUR VALSERINE GARE,EVIAN LES BAINS,4,0.773936170212766
BELLEGARDE SUR VALSERINE GARE,EVIAN LES BAINS,5,0.7723404255319148
BELLEGARDE SUR VALSERINE GARE,EVIAN LES BAINS,6,0.7308510638297873
BELLEGARDE SUR VALSERINE GARE,EVIAN LES BAINS,7,0.7250000000000001
BELLEGARDE SUR VALSERINE GARE,EVIAN LES BAINS,8,0.6957446808510639
BELLEGARDE SUR VALSERINE GARE,EVIAN LES BAINS,9,0.6864130434782608
BELLEGARDE SUR VALSERINE GARE,EVIAN LES BAINS,10,0.6489247311827957
BELLEGARDE SUR VALSERINE GARE,EVIAN LES BAINS,11,0.6241935483870967
BELLEGARDE SUR VALSERINE GARE,EVIAN LES BAINS,12,0.4650537634408602
BELLEGARDE SUR VALSERINE GARE,EVIAN LES BAINS,13,0.46182795698924733
BELLEGARDE SUR VALSERINE GARE,EVIAN LES BAINS,14,0.46021505376344085
BELLEGARDE SUR VALSERINE GARE,EVIAN LES BAINS,15,0.45268817204301076
BELLEGARDE SUR VALSERINE GARE,EVIAN LES BAINS,16,0.45
BELLEGARDE SUR VALSERINE GARE,EVIAN LES BAINS,17,0.44130434782608696
BELLEGARDE SUR VALSERINE GARE,EVIAN LES BAINS,18,0.4327956989247312
BELLEGARDE SUR VALSERINE GARE,EVIAN LES BAINS,19,0.4381720430107527
BELLEGARDE SUR VALSERINE GARE,EVIAN LES BAINS,20,0.43655913978494626
BELLEGARDE SUR VALSERINE GARE,EVIAN LES BAINS,21,0.4440860215053763
BELLEGARDE SUR VALSERINE GARE,EVIAN LES BAINS,22,0.4322580645161291
BELLEGARDE SUR VALSERINE GARE,EVIAN LES BAINS,23,0.41703296703296705
BELLEGARDE SUR VALSERINE GARE,EVIAN LES BAINS,24,0.3826086956521739
BELLEGARDE SUR VALSERINE GARE,EVIAN LES BAINS,25,0.3575268817204301
BELLEGARDE SUR VALSERINE GARE,EVIAN LES BAINS,26,0.3489247311827957
BELLEGARDE SUR VALSERINE GARE,EVIAN LES BAINS,27,0.33279569892473115
BELLEGARDE SUR VALSERINE GARE,EVIAN LES BAINS,28,0.3365591397849462
BELLEGARDE SUR VALSERINE GARE,EVIAN LES BAINS,29,0.3204301075268817
BELLEGARDE SUR VALSERINE GARE,EVIAN LES BAINS,30,0.06847826086956521
BELLEGARDE SUR VALSERINE GARE,SALLANCHES COMBLOUX MEGEVE,0,0.6552083333333333
BELLEGARDE SUR VALSERINE GARE,SALLANCHES COMBLOUX MEGEVE,1,0.6166666666666667
BELLEGARDE SUR VALSERINE GARE,SALLANCHES COMBLOUX MEGEVE,2,0.5989361702127659
BELLEGARDE SUR VALSERINE GARE,SALLANCHES COMBLOUX MEGEVE,3,0.5177083333333333
BELLEGARDE SUR VALSERINE GARE,SALLANCHES COMBLOUX MEGEVE,4,0.28854166666666664
BELLEGARDE SUR VALSERINE GARE,SALLANCHES COMBLOUX MEGEVE,5,0.2677083333333333
BELLEGARDE SUR VALSERINE GARE,SALLANCHES COMBLOUX MEGEVE,6,0.253125
BELLEGARDE SUR VALSERINE GARE,SALLANCHES COMBLOUX MEGEVE,7,0.24375
BELLEGARDE SUR VALSERINE GARE,SALLANCHES COMBLOUX MEGEVE,8,0.20104166666666667
BELLEGARDE SUR VALSERINE GARE,SALLANCHES COMBLOUX MEGEVE,9,0.18333333333333335
BELLEGARDE SUR VALSERINE GARE,SALLANCHES COMBLOUX MEGEVE,10,0.171875
BELLEGARDE SUR VALSERINE GARE,SALLANCHES COMBLOUX MEGEVE,11,0.17395833333333333
BELLEGARDE SUR VALSERINE GARE,SALLANCHES COMBLOUX MEGEVE,12,0.11041666666666666
BELLEGARDE SUR VALSERINE GARE,SALLANCHES COMBLOUX MEGEVE,13,0.10208333333333335
BELLEGARDE SUR VALSERINE GARE,SALLANCHES COMBLOUX MEGEVE,14,0.08333333333333333
BELLEGARDE SUR VALSERINE GARE,SALLANCHES COMBLOUX MEGEVE,15,0.08333333333333333
BELLEGARDE SUR VALSERINE GARE,SALLANCHES COMBLOUX MEGEVE,16,0.08229166666666667
BELLEGARDE SUR VALSERINE GARE,SALLANCHES COMBLOUX MEGEVE,17,0.08437499999999999
BELLEGARDE SUR VALSERINE GARE,SALLANCHES COMBLOUX MEGEVE,18,0.08645833333333335
BELLEGARDE SUR VALSERINE GARE,SALLANCHES COMBLOUX MEGEVE,19,0.08229166666666667
BELLEGARDE SUR VALSERINE GARE,SALLANCHES COMBLOUX MEGEVE,20,0.06979166666666667
BELLEGARDE SUR VALSERINE GARE,SALLANCHES COMBLOUX MEGEVE,21,0.08020833333333334
BELLEGARDE SUR VALSERINE GARE,SALLANCHES COMBLOUX MEGEVE,22,0.08333333333333333
BELLEGARDE SUR VALSERINE GARE,SALLANCHES COMBLOUX MEGEVE,23,0.08333333333333333
BELLEGARDE SUR VALSERINE GARE,SALLANCHES COMBLOUX MEGEVE,24,0.08333333333333333
BELLEGARDE SUR VALSERINE GARE,SALLANCHES COMBLOUX MEGEVE,25,0.06458333333333333
BELLEGARDE SUR VALSERINE GARE,SALLANCHES COMBLOUX MEGEVE,26,0.06145833333333333
BELLEGARDE SUR VALSERINE GARE,SALLANCHES COMBLOUX MEGEVE,27,0.04791666666666666
BELLEGARDE SUR VALSERINE GARE,SALLANCHES COMBLOUX MEGEVE,28,0.036458333333333336
BELLEGARDE SUR VALSERINE GARE,SALLANCHES COMBLOUX MEGEVE,29,0.028125
BELLEGARDE SUR VALSERINE GARE,SALLANCHES COMBLOUX MEGEVE,30,0.0062499999999999995
BELLEGARDE SUR VALSERINE GARE,ST GERVAIS LES BAINS LE FAYET,0,0.653125
BELLEGARDE SUR VALSERINE GARE,ST GERVAIS LES BAINS LE FAYET,1,0.6229166666666667
BELLEGARDE SUR VALSERINE GARE,ST GERVAIS LES BAINS LE FAYET,2,0.5914893617021276
BELLEGARDE SUR VALSERINE GARE,ST GERVAIS LES BAINS LE FAYET,3,0.5083333333333333
BELLEGARDE SUR VALSERINE GARE,ST GERVAIS LES BAINS LE FAYET,4,0.2760416666666667
BELLEGARDE SUR VALSERINE GARE,ST GERVAIS LES BAINS LE FAYET,5,0.2625
BELLEGARDE SUR VALSERINE GARE,ST GERVAIS LES BAINS LE FAYET,6,0.24479166666666666
BELLEGARDE SUR VALSERINE GARE,ST GERVAIS LES BAINS LE FAYET,7,0.24375
BELLEGARDE SUR VALSERINE GARE,ST GERVAIS LES BAINS LE FAYET,8,0.19583333333333333
BELLEGARDE SUR VALSERINE GARE,ST GERVAIS LES BAINS LE FAYET,9,0.16770833333333335
BELLEGARDE SUR VALSERINE GARE,ST GERVAIS LES BAINS LE FAYET,10,0.16458333333333333
BELLEGARDE SUR VALSERINE GARE,ST GERVAIS LES BAINS LE FAYET,11,0.16874999999999998
BELLEGARDE SUR VALSERINE GARE,ST GERVAIS LES BAINS LE FAYET,12,0.10104166666666665
BELLEGARDE SUR VALSERINE GARE,ST GERVAIS LES BAINS LE FAYET,13,0.09895833333333333
BELLEGARDE SUR VALSERINE GARE,ST GERVAIS LES BAINS LE FAYET,14,0.08437499999999999
BELLEGARDE SUR VALSERINE GARE,ST GERVAIS LES BAINS LE FAYET,15,0.08333333333333333
BELLEGARDE SUR VALSERINE GARE,ST GERVAIS LES BAINS LE FAYET,16,0.08333333333333333
BELLEGARDE SUR VALSERINE GARE,ST GERVAIS LES BAINS LE FAYET,17,0.08333333333333333
BELLEGARDE SUR VALSERINE GARE,ST GERVAIS LES BAINS LE FAYET,18,0.08333333333333333
BELLEGARDE SUR VALSERINE GARE,ST GERVAIS LES BAINS LE FAYET,19,0.07916666666666666
BELLEGARDE SUR VALSERINE GARE,ST GERVAIS LES BAINS LE FAYET,20,0.07187500000000001
BELLEGARDE SUR VALSERINE GARE,ST GERVAIS LES BAINS LE FAYET,21,0.08020833333333334
BELLEGARDE SUR VALSERINE GARE,ST GERVAIS LES BAINS LE FAYET,22,0.08333333333333333
BELLEGARDE SUR VALSERINE GARE,ST GERVAIS LES BAINS LE FAYET,23,0.08333333333333333
BELLEGARDE SUR VALSERINE GARE,ST GERVAIS LES BAINS LE FAYET,24,0.075
BELLEGARDE SUR VALSERINE GARE,ST GERVAIS LES BAINS LE FAYET,25,0.06458333333333334
BELLEGARDE SUR VALSERINE GARE,ST GERVAIS LES BAINS LE FAYET,26,0.06354166666666666
BELLEGARDE SUR VALSERINE GARE,ST GERVAIS LES BAINS LE FAYET,27,0.049999999999999996
BELLEGARDE SUR VALSERINE GARE,ST GERVAIS LES BAINS LE FAYET,28,0.0375
BELLEGARDE SUR VALSERINE GARE,ST GERVAIS LES BAINS LE FAYET,29,0.021875000000000002
BELLEGARDE SUR VALSERINE GARE,ST GERVAIS LES BAINS LE FAYET,30,0.011458333333333334
BELLEGARDE SUR VALSERINE GARE,THONON LES BAINS,0,0.9202127659574468
BELLEGARDE SUR VALSERINE GARE,THONON LES BAINS,1,0.9122340425531915
BELLEGARDE SUR VALSERINE GARE,THONON LES BAINS,2,0.9092391304347827
BELLEGARDE SUR VALSERINE GARE,THONON LES BAINS,3,0.8864130434782609
BELLEGARDE SUR VALSERINE GARE,THONON LES BAINS,4,0.7579787234042553
BELLEGARDE SUR VALSERINE GARE,THONON LES BAINS,5,0.7686170212765957
BELLEGARDE SUR VALSERINE GARE,THONON LES BAINS,6,0.7340425531914894
BELLEGARDE SUR VALSERINE GARE,THONON LES BAINS,7,0.725531914893617
BELLEGARDE SUR VALSERINE GARE,THONON LES BAINS,8,0.6973404255319149
BELLEGARDE SUR VALSERINE GARE,THONON LES BAINS,9,0.6929347826086957
BELLEGARDE SUR VALSERINE GARE,THONON LES BAINS,10,0.6483870967741935
BELLEGARDE SUR VALSERINE GARE,THONON LES BAINS,11,0.6381720430107527
BELLEGARDE SUR VALSERINE GARE,THONON LES BAINS,12,0.46236559139784944
BELLEGARDE SUR VALSERINE GARE,THONON LES BAINS,13,0.4575268817204301
BELLEGARDE SUR VALSERINE GARE,THONON LES BAINS,14,0.45860215053763437
BELLEGARDE SUR VALSERINE GARE,THONON LES BAINS,15,0.45268817204301076
BELLEGARDE SUR VALSERINE GARE,THONON LES BAINS,16,0.4494505494505494
BELLEGARDE SUR VALSERINE GARE,THONON LES BAINS,17,0.4429347826086957
BELLEGARDE SUR VALSERINE GARE,THONON LES BAINS,18,0.43172043010752686
BELLEGARDE SUR VALSERINE GARE,THONON LES BAINS,19,0.43655913978494626
BELLEGARDE SUR VALSERINE GARE,THONON LES BAINS,20,0.4333333333333333
BELLEGARDE SUR VALSERINE GARE,THONON LES BAINS,21,0.4435483870967742
BELLEGARDE SUR VALSERINE GARE,THONON LES BAINS,22,0.4290322580645161
BELLEGARDE SUR VALSERINE GARE,THONON LES BAINS,23,0.41703296703296705
BELLEGARDE SUR VALSERINE GARE,THONON LES BAINS,24,0.3847826086956522
BELLEGARDE SUR VALSERINE GARE,THONON LES BAINS,25,0.35161290322580646
BELLEGARDE SUR VALSERINE GARE,THONON LES BAINS,26,0.3446236559139785
BELLEGARDE SUR VALSERINE GARE,THONON LES BAINS,27,0.3311827956989247
BELLEGARDE SUR VALSERINE GARE,THONON LES BAINS,28,0.3333333333333333
BELLEGARDE SUR VALSERINE GARE,THONON LES BAINS,29,0.3123655913978495
BELLEGARDE SUR VALSERINE GARE,THONON LES BAINS,30,0.05543478260869565
CHAMBERY CHALLES LES EAUX,AIME LA PLAGNE,0,0.6530120481927711
CHAMBERY CHALLES LES EAUX,AIME LA PLAGNE,1,0.6421686746987951
CHAMBERY CHALLES LES EAUX,AIME LA PLAGNE,2,0.6457317073170732
CHAMBERY CHALLES LES EAUX,AIME LA PLAGNE,3,0.6012048192771084
CHAMBERY CHALLES LES EAUX,AIME LA PLAGNE,4,0.4
CHAMBERY CHALLES LES EAUX,AIME LA PLAGNE,5,0.37168674698795184
CHAMBERY CHALLES LES EAUX,AIME LA PLAGNE,6,0.3481927710843373
CHAMBERY CHALLES LES EAUX,AIME LA PLAGNE,7,0.31144578313253013
CHAMBERY CHALLES LES EAUX,AIME LA PLAGNE,8,0.28012048192771083
CHAMBERY CHALLES LES EAUX,AIME LA PLAGNE,9,0.27048192771084334
CHAMBERY CHALLES LES EAUX,AIME LA PLAGNE,10,0.26265060240963856
CHAMBERY CHALLES LES EAUX,AIME LA PLAGNE,11,0.2656626506024096
CHAMBERY CHALLES LES EAUX,AIME LA PLAGNE,12,0.19578313253012047
CHAMBERY CHALLES LES EAUX,AIME LA PLAGNE,13,0.1804878048780488
CHAMBERY CHALLES LES EAUX,AIME LA PLAGNE,14,0.15853658536585366
CHAMBERY CHALLES LES EAUX,AIME LA PLAGNE,15,0.1603658536585366
CHAMBERY CHALLES LES EAUX,AIME LA PLAGNE,16,0.16890243902439023
CHAMBERY CHALLES LES EAUX,AIME LA PLAGNE,17,0.17134146341463413
CHAMBERY CHALLES LES EAUX,AIME LA PLAGNE,18,0.16646341463414635
CHAMBERY CHALLES LES EAUX,AIME LA PLAGNE,19,0.1652439024390244
CHAMBERY CHALLES LES EAUX,AIME LA PLAGNE,20,0.16341463414634147
CHAMBERY CHALLES LES EAUX,AIME LA PLAGNE,21,0.16158536585365854
CHAMBERY CHALLES LES EAUX,AIME LA PLAGNE,22,0.1597560975609756
CHAMBERY CHALLES LES EAUX,AIME LA PLAGNE,23,0.1603658536585366
CHAMBERY CHALLES LES EAUX,AIME LA PLAGNE,24,0.15914634146341464
CHAMBERY CHALLES LES EAUX,AIME LA PLAGNE,25,0.15853658536585366
CHAMBERY CHALLES LES EAUX,AIME LA PLAGNE,26,0.15914634146341464
CHAMBERY CHALLES LES EAUX,AIME LA PLAGNE,27,0.16646341463414635
CHAMBERY CHALLES LES EAUX,AIME LA PLAGNE,28,0.16829268292682928
CHAMBERY CHALLES LES EAUX,AIME LA PLAGNE,29,0.15426829268292683
CHAMBERY CHALLES LES EAUX,AIME LA PLAGNE,30,0.03414634146341463
CHAMBERY CHALLES LES EAUX,AIX LES BAINS LE REVARD,0,0.9950437317784256
CHAMBERY CHALLES LES EAUX,AIX LES BAINS LE REVARD,1,0.997667638483965
CHAMBERY CHALLES LES EAUX,AIX LES BAINS LE REVARD,2,0.9972303206997085
CHAMBERY CHALLES LES EAUX,AIX LES BAINS LE REVARD,3,0.9924198250728863
CHAMBERY CHALLES LES EAUX,AIX LES BAINS LE REVARD,4,0.9740524781341109
CHAMBERY CHALLES LES EAUX,AIX LES BAINS LE REVARD,5,0.9708454810495627
CHAMBERY CHALLES LES EAUX,AIX LES BAINS LE REVARD,6,0.964868804664723
CHAMBERY CHALLES LES EAUX,AIX LES BAINS LE REVARD,7,0.9495626822157434
CHAMBERY CHALLES LES EAUX,AIX LES BAINS LE REVARD,8,0.9441690962099126
CHAMBERY CHALLES LES EAUX,AIX LES BAINS LE REVARD,9,0.9393586005830904
CHAMBERY CHALLES LES EAUX,AIX LES BAINS LE REVARD,10,0.9349854227405248
CHAMBERY CHALLES LES EAUX,AIX LES BAINS LE REVARD,11,0.924198250728863
CHAMBERY CHALLES LES EAUX,AIX LES BAINS LE REVARD,12,0.8746355685131195
CHAMBERY CHALLES LES EAUX,AIX LES BAINS LE REVARD,13,0.8590379008746355
CHAMBERY CHALLES LES EAUX,AIX LES BAINS LE REVARD,14,0.8345481049562682
CHAMBERY CHALLES LES EAUX,AIX LES BAINS LE REVARD,15,0.815597667638484
CHAMBERY CHALLES LES EAUX,AIX LES BAINS LE REVARD,16,0.8024781341107872
CHAMBERY CHALLES LES EAUX,AIX LES BAINS LE REVARD,17,0.787463556851312
CHAMBERY CHALLES LES EAUX,AIX LES BAINS LE REVARD,18,0.769533527696793
CHAMBERY CHALLES LES EAUX,AIX LES BAINS LE REVARD,19,0.7607871720116618
CHAMBERY CHALLES LES EAUX,AIX LES BAINS LE REVARD,20,0.7330903790087463
CHAMBERY CHALLES LES EAUX,AIX LES BAINS LE REVARD,21,0.7220116618075801
CHAMBERY CHALLES LES EAUX,AIX LES BAINS LE REVARD,22,0.7001457725947522
CHAMBERY CHALLES LES EAUX,AIX LES BAINS LE REVARD,23,0.6814868804664723
CHAMBERY CHALLES LES EAUX,AIX LES BAINS LE REVARD,24,0.6703216374269005
CHAMBERY CHALLES LES EAUX,AIX LES BAINS LE REVARD,25,0.6473684210526316
CHAMBERY CHALLES LES EAUX,AIX LES BAINS LE REVARD,26,0.6265395894428153
CHAMBERY CHALLES LES EAUX,AIX LES BAINS LE REVARD,27,0.607624633431085
CHAMBERY CHALLES LES EAUX,AIX LES BAINS LE REVARD,28,0.5857771260997068
CHAMBERY CHALLES LES EAUX,AIX LES BAINS LE REVARD,29,0.5486803519061584
CHAMBERY CHALLES LES EAUX,AIX LES BAINS LE REVARD,30,0.06578171091445428
CHAMBERY CHALLES LES EAUX,ALBERTVILLE,0,0.6626506024096386
CHAMBERY CHALLES LES EAUX,ALBERTVILLE,1,0.655421686746988
CHAMBERY CHALLES LES EAUX,ALBERTVILLE,2,0.6554878048780488
CHAMBERY CHALLES LES EAUX,ALBERTVILLE,3,0.6102409638554217
CHAMBERY CHALLES LES EAUX,ALBERTVILLE,4,0.38192771084337346
CHAMBERY CHALLES LES EAUX,ALBERTVILLE,5,0.36024096385542165
CHAMBERY CHALLES LES EAUX,ALBERTVILLE,6,0.3469879518072289
CHAMBERY CHALLES LES EAUX,ALBERTVILLE,7,0.32108433734939756
CHAMBERY CHALLES LES EAUX,ALBERTVILLE,8,0.28072289156626506
CHAMBERY CHALLES LES EAUX,ALBERTVILLE,9,0.2746987951807229
CHAMBERY CHALLES LES EAUX,ALBERTVILLE,10,0.27349397590361446
CHAMBERY CHALLES LES EAUX,ALBERTVILLE,11,0.2644578313253012
CHAMBERY CHALLES LES EAUX,ALBERTVILLE,12,0.20120481927710843
CHAMBERY CHALLES LES EAUX,ALBERTVILLE,13,0.18841463414634146
CHAMBERY CHALLES LES EAUX,ALBERTVILLE,14,0.16890243902439023
CHAMBERY CHALLES LES EAUX,ALBERTVILLE,15,0.16158536585365854
CHAMBERY CHALLES LES EAUX,ALBERTVILLE,16,0.16951219512195123
CHAMBERY CHALLES LES EAUX,ALBERTVILLE,17,0.16951219512195123
CHAMBERY CHALLES LES EAUX,ALBERTVILLE,18,0.17134146341463416
CHAMBERY CHALLES LES EAUX,ALBERTVILLE,19,0.1719512195121951
CHAMBERY CHALLES LES EAUX,ALBERTVILLE,20,0.15853658536585366
CHAMBERY CHALLES LES EAUX,ALBERTVILLE,21,0.1573170731707317
CHAMBERY CHALLES LES EAUX,ALBERTVILLE,22,0.15792682926829268
CHAMBERY CHALLES LES EAUX,ALBERTVILLE,23,0.16097560975609757
CHAMBERY CHALLES LES EAUX,ALBERTVILLE,24,0.16097560975609757
CHAMBERY CHALLES LES EAUX,ALBERTVILLE,25,0.15853658536585366
CHAMBERY CHALLES LES EAUX,ALBERTVILLE,26,0.15670731707317073
CHAMBERY CHALLES LES EAUX,ALBERTVILLE,27,0.16829268292682928
CHAMBERY CHALLES LES EAUX,ALBERTVILLE,28,0.17134146341463416
CHAMBERY CHALLES LES EAUX,ALBERTVILLE,29,0.16585365853658537
CHAMBERY CHALLES LES EAUX,ALBERTVILLE,30,0.029878048780487807
CHAMBERY CHALLES LES EAUX,ANNECY,0,0.9937681159420291
CHAMBERY CHALLES LES EAUX,ANNECY,1,0.9957971014492754
CHAMBERY CHALLES LES EAUX,ANNECY,2,0.9963768115942029
CHAMBERY CHALLES LES EAUX,ANNECY,3,0.9927536231884058
CHAMBERY CHALLES LES EAUX,ANNECY,4,0.9760869565217392
CHAMBERY CHALLES LES EAUX,ANNECY,5,0.97
CHAMBERY CHALLES LES EAUX,ANNECY,6,0.9655072463768116
CHAMBERY CHALLES LES EAUX,ANNECY,7,0.9517391304347826
CHAMBERY CHALLES LES EAUX,ANNECY,8,0.941159420289855
CHAMBERY CHALLES LES EAUX,ANNECY,9,0.9378260869565218
CHAMBERY CHALLES LES EAUX,ANNECY,10,0.9337681159420289
CHAMBERY CHALLES LES EAUX,ANNECY,11,0.9231884057971015
CHAMBERY CHALLES LES EAUX,ANNECY,12,0.8723188405797101
CHAMBERY CHALLES LES EAUX,ANNECY,13,0.8594202898550725
CHAMBERY CHALLES LES EAUX,ANNECY,14,0.8307246376811595
CHAMBERY CHALLES LES EAUX,ANNECY,15,0.8133333333333334
CHAMBERY CHALLES LES EAUX,ANNECY,16,0.8024637681159421
CHAMBERY CHALLES LES EAUX,ANNECY,17,0.7828985507246378
CHAMBERY CHALLES LES EAUX,ANNECY,18,0.766231884057971
CHAMBERY CHALLES LES EAUX,ANNECY,19,0.7560869565217392
CHAMBERY CHALLES LES EAUX,ANNECY,20,0.7352173913043478
CHAMBERY CHALLES LES EAUX,ANNECY,21,0.7223188405797101
CHAMBERY CHALLES LES EAUX,ANNECY,22,0.7056521739130435
CHAMBERY CHALLES LES EAUX,ANNECY,23,0.6871014492753623
CHAMBERY CHALLES LES EAUX,ANNECY,24,0.676889534883721
CHAMBERY CHALLES LES EAUX,ANNECY,25,0.6502906976744186
CHAMBERY CHALLES LES EAUX,ANNECY,26,0.6314868804664723
CHAMBERY CHALLES LES EAUX,ANNECY,27,0.6110787172011661
CHAMBERY CHALLES LES EAUX,ANNECY,28,0.59067055393586
CHAMBERY CHALLES LES EAUX,ANNECY,29,0.556997084548105
CHAMBERY CHALLES LES EAUX,ANNECY,30,0.0590909090909091
CHAMBERY CHALLES LES EAUX,BOURG SAINT MAURICE,0,0.6674698795180722
CHAMBERY CHALLES LES EAUX,BOURG SAINT MAURICE,1,0.6493975903614457
CHAMBERY CHALLES LES EAUX,BOURG SAINT MAURICE,2,0.6530487804878048
CHAMBERY CHALLES LES EAUX,BOURG SAINT MAURICE,3,0.6120481927710844
CHAMBERY CHALLES LES EAUX,BOURG SAINT MAURICE,4,0.3921686746987951
CHAMBERY CHALLES LES EAUX,BOURG SAINT MAURICE,5,0.3686746987951807
CHAMBERY CHALLES LES EAUX,BOURG SAINT MAURICE,6,0.3445783132530121
CHAMBERY CHALLES LES EAUX,BOURG SAINT MAURICE,7,0.3144578313253012
CHAMBERY CHALLES LES EAUX,BOURG SAINT MAURICE,8,0.2789156626506024
CHAMBERY CHALLES LES EAUX,BOURG SAINT MAURICE,9,0.2716867469879518
CHAMBERY CHALLES LES EAUX,BOURG SAINT MAURICE,10,0.26265060240963856
CHAMBERY CHALLES LES EAUX,BOURG SAINT MAURICE,11,0.2572289156626506
CHAMBERY CHALLES LES EAUX,BOURG SAINT MAURICE,12,0.19156626506024096
CHAMBERY CHALLES LES EAUX,BOURG SAINT MAURICE,13,0.18353658536585366
CHAMBERY CHALLES LES EAUX,BOURG SAINT MAURICE,14,0.16585365853658537
CHAMBERY CHALLES LES EAUX,BOURG SAINT MAURICE,15,0.16097560975609757
CHAMBERY CHALLES LES EAUX,BOURG SAINT MAURICE,16,0.17012195121951218
CHAMBERY CHALLES LES EAUX,BOURG SAINT MAURICE,17,0.1719512195121951
CHAMBERY CHALLES LES EAUX,BOURG SAINT MAURICE,18,0.17012195121951218
CHAMBERY CHALLES LES EAUX,BOURG SAINT MAURICE,19,0.16890243902439023
CHAMBERY CHALLES LES EAUX,BOURG SAINT MAURICE,20,0.15792682926829268
CHAMBERY CHALLES LES EAUX,BOURG SAINT MAURICE,21,0.15792682926829268
CHAMBERY CHALLES LES EAUX,BOURG SAINT MAURICE,22,0.15792682926829268
CHAMBERY CHALLES LES EAUX,BOURG SAINT MAURICE,23,0.15792682926829268
CHAMBERY CHALLES LES EAUX,BOURG SAINT MAURICE,24,0.15792682926829268
CHAMBERY CHALLES LES EAUX,BOURG SAINT MAURICE,25,0.15914634146341464
CHAMBERY CHALLES LES EAUX,BOURG SAINT MAURICE,26,0.1597560975609756
CHAMBERY CHALLES LES EAUX,BOURG SAINT MAURICE,27,0.16890243902439023
CHAMBERY CHALLES LES EAUX,BOURG SAINT MAURICE,28,0.17134146341463416
CHAMBERY CHALLES LES EAUX,BOURG SAINT MAURICE,29,0.15304878048780488
CHAMBERY CHALLES LES EAUX,BOURG SAINT MAURICE,30,0.036585365853658534
CHAMBERY CHALLES LES EAUX,LANDRY,0,0.6680722891566265
CHAMBERY CHALLES LES EAUX,LANDRY,1,0.6439759036144579
CHAMBERY CHALLES LES EAUX,LANDRY,2,0.6426829268292683
CHAMBERY CHALLES LES EAUX,LANDRY,3,0.6216867469879518
CHAMBERY CHALLES LES EAUX,LANDRY,4,0.37831325301204816
CHAMBERY CHALLES LES EAUX,LANDRY,5,0.37831325301204816
CHAMBERY CHALLES LES EAUX,LANDRY,6,0.34518072289156626
CHAMBERY CHALLES LES EAUX,LANDRY,7,0.31265060240963854
CHAMBERY CHALLES LES EAUX,LANDRY,8,0.277710843373494
CHAMBERY CHALLES LES EAUX,LANDRY,9,0.2674698795180723
CHAMBERY CHALLES LES EAUX,LANDRY,10,0.2710843373493976
CHAMBERY CHALLES LES EAUX,LANDRY,11,0.2608433734939759
CHAMBERY CHALLES LES EAUX,LANDRY,12,0.18915662650602408
CHAMBERY CHALLES LES EAUX,LANDRY,13,0.18353658536585366
CHAMBERY CHALLES LES EAUX,LANDRY,14,0.1652439024390244
CHAMBERY CHALLES LES EAUX,LANDRY,15,0.16158536585365854
CHAMBERY CHALLES LES EAUX,LANDRY,16,0.17317073170731706
CHAMBERY CHALLES LES EAUX,LANDRY,17,0.17134146341463416
CHAMBERY CHALLES LES EAUX,LANDRY,18,0.17134146341463416
CHAMBERY CHALLES LES EAUX,LANDRY,19,0.16890243902439023
CHAMBERY CHALLES LES EAUX,LANDRY,20,0.15914634146341464
CHAMBERY CHALLES LES EAUX,LANDRY,21,0.1597560975609756
CHAMBERY CHALLES LES EAUX,LANDRY,22,0.15853658536585366
CHAMBERY CHALLES LES EAUX,LANDRY,23,0.15609756097560976
CHAMBERY CHALLES LES EAUX,LANDRY,24,0.15914634146341464
CHAMBERY CHALLES LES EAUX,LANDRY,25,0.1597560975609756
CHAMBERY CHALLES LES EAUX,LANDRY,26,0.15914634146341464
CHAMBERY CHALLES LES EAUX,LANDRY,27,0.1670731707317073
CHAMBERY CHALLES LES EAUX,LANDRY,28,0.16646341463414635
CHAMBERY CHALLES LES EAUX,LANDRY,29,0.1573170731707317
CHAMBERY CHALLES LES EAUX,LANDRY,30,0.03841463414634146
CHAMBERY CHALLES LES EAUX,MODANE,0,0.82
CHAMBERY CHALLES LES EAUX,MODANE,1,0.8150000000000001
CHAMBERY CHALLES LES EAUX,MODANE,2,0.7628205128205128
CHAMBERY CHALLES LES EAUX,MODANE,3,0.70625
CHAMBERY CHALLES LES EAUX,MODANE,4,0.55375
CHAMBERY CHALLES LES EAUX,MODANE,5,0.5325
CHAMBERY CHALLES LES EAUX,MODANE,6,0.54375
CHAMBERY CHALLES LES EAUX,MODANE,7,0.5475
CHAMBERY CHALLES LES EAUX,MODANE,8,0.5237499999999999
CHAMBERY CHALLES LES EAUX,MODANE,9,0.52125
CHAMBERY CHALLES LES EAUX,MODANE,10,0.47625
CHAMBERY CHALLES LES EAUX,MODANE,11,0.47000000000000003
CHAMBERY CHALLES LES EAUX,MODANE,12,0.43375
CHAMBERY CHALLES LES EAUX,MODANE,13,0.43125
CHAMBERY CHALLES LES EAUX,MODANE,14,0.4225
CHAMBERY CHALLES LES EAUX,MODANE,15,0.40750000000000003
CHAMBERY CHALLES LES EAUX,MODANE,16,0.4125
CHAMBERY CHALLES LES EAUX,MODANE,17,0.37625000000000003
CHAMBERY CHALLES LES EAUX,MODANE,18,0.35375
CHAMBERY CHALLES LES EAUX,MODANE,19,0.35
CHAMBERY CHALLES LES EAUX,MODANE,20,0.34875
CHAMBERY CHALLES LES EAUX,MODANE,21,0.34875
CHAMBERY CHALLES LES EAUX,MODANE,22,0.34625
CHAMBERY CHALLES LES EAUX,MODANE,23,0.325
CHAMBERY CHALLES LES EAUX,MODANE,24,0.29874999999999996
CHAMBERY CHALLES LES EAUX,MODANE,25,0.27749999999999997
CHAMBERY CHALLES LES EAUX,MODANE,26,0.275
CHAMBERY CHALLES LES EAUX,MODANE,27,0.27375
CHAMBERY CHALLES LES EAUX,MODANE,28,0.26
CHAMBERY CHALLES LES EAUX,MODANE,29,0.2425
CHAMBERY CHALLES LES EAUX,MODANE,30,0.05625
CHAMBERY CHALLES LES EAUX,MOUTIERS SALINS BRIDES LES BAINS,0,0.6608433734939759
CHAMBERY CHALLES LES EAUX,MOUTIERS SALINS BRIDES LES BAINS,1,0.6409638554216868
CHAMBERY CHALLES LES EAUX,MOUTIERS SALINS BRIDES LES BAINS,2,0.6475609756097561
CHAMBERY CHALLES LES EAUX,MOUTIERS SALINS BRIDES LES BAINS,3,0.6114457831325302
CHAMBERY CHALLES LES EAUX,MOUTIERS SALINS BRIDES LES BAINS,4,0.39518072289156625
CHAMBERY CHALLES LES EAUX,MOUTIERS SALINS BRIDES LES BAINS,5,0.372289156626506
CHAMBERY CHALLES LES EAUX,MOUTIERS SALINS BRIDES LES BAINS,6,0.34397590361445785
CHAMBERY CHALLES LES EAUX,MOUTIERS SALINS BRIDES LES BAINS,7,0.31506024096385543
CHAMBERY CHALLES LES EAUX,MOUTIERS SALINS BRIDES LES BAINS,8,0.28072289156626506
CHAMBERY CHALLES LES EAUX,MOUTIERS SALINS BRIDES LES BAINS,9,0.2710843373493976
CHAMBERY CHALLES LES EAUX,MOUTIERS SALINS BRIDES LES BAINS,10,0.2656626506024096
CHAMBERY CHALLES LES EAUX,MOUTIERS SALINS BRIDES LES BAINS,11,0.26385542168674697
CHAMBERY CHALLES LES EAUX,MOUTIERS SALINS BRIDES LES BAINS,12,0.19397590361445785
CHAMBERY CHALLES LES EAUX,MOUTIERS SALINS BRIDES LES BAINS,13,0.18597560975609756
CHAMBERY CHALLES LES EAUX,MOUTIERS SALINS BRIDES LES BAINS,14,0.16829268292682928
CHAMBERY CHALLES LES EAUX,MOUTIERS SALINS BRIDES LES BAINS,15,0.16585365853658537
CHAMBERY CHALLES LES EAUX,MOUTIERS SALINS BRIDES LES BAINS,16,0.17012195121951218
CHAMBERY CHALLES LES EAUX,MOUTIERS SALINS BRIDES LES BAINS,17,0.1719512195121951
CHAMBERY CHALLES LES EAUX,MOUTIERS SALINS BRIDES LES BAINS,18,0.17134146341463416
CHAMBERY CHALLES LES EAUX,MOUTIERS SALINS BRIDES LES BAINS,19,0.17012195121951218
CHAMBERY CHALLES LES EAUX,MOUTIERS SALINS BRIDES LES BAINS,20,0.16158536585365854
CHAMBERY CHALLES LES EAUX,MOUTIERS SALINS BRIDES LES BAINS,21,0.15853658536585366
CHAMBERY CHALLES LES EAUX,MOUTIERS SALINS BRIDES LES BAINS,22,0.15914634146341464
CHAMBERY CHALLES LES EAUX,MOUTIERS SALINS BRIDES LES BAINS,23,0.15792682926829268
CHAMBERY CHALLES LES EAUX,MOUTIERS SALINS BRIDES LES BAINS,24,0.15853658536585366
CHAMBERY CHALLES LES EAUX,MOUTIERS SALINS BRIDES LES BAINS,25,0.1603658536585366
CHAMBERY CHALLES LES EAUX,MOUTIERS SALINS BRIDES LES BAINS,26,0.1628048780487805
CHAMBERY CHALLES LES EAUX,MOUTIERS SALINS BRIDES LES BAINS,27,0.16646341463414635
CHAMBERY CHALLES LES EAUX,MOUTIERS SALINS BRIDES LES BAINS,28,0.16585365853658537
CHAMBERY CHALLES LES EAUX,MOUTIERS SALINS BRIDES LES BAINS,29,0.1548780487804878
CHAMBERY CHALLES LES EAUX,MOUTIERS SALINS BRIDES LES BAINS,30,0.029268292682926828
CHAMBERY CHALLES LES EAUX,SAINT AVRE LA CHAMBRE,0,0.8237500000000001
CHAMBERY CHALLES LES EAUX,SAINT AVRE LA CHAMBRE,1,0.8125
CHAMBERY CHALLES LES EAUX,SAINT AVRE LA CHAMBRE,2,0.7653846153846154
CHAMBERY CHALLES LES EAUX,SAINT AVRE LA CHAMBRE,3,0.705
CHAMBERY CHALLES LES EAUX,SAINT AVRE LA CHAMBRE,4,0.55375
CHAMBERY CHALLES LES EAUX,SAINT AVRE LA CHAMBRE,5,0.54375
CHAMBERY CHALLES LES EAUX,SAINT AVRE LA CHAMBRE,6,0.55375
CHAMBERY CHALLES LES EAUX,SAINT AVRE LA CHAMBRE,7,0.54625
CHAMBERY CHALLES LES EAUX,SAINT AVRE LA CHAMBRE,8,0.5287499999999999
CHAMBERY CHALLES LES EAUX,SAINT AVRE LA CHAMBRE,9,0.52125
CHAMBERY CHALLES LES EAUX,SAINT AVRE LA CHAMBRE,10,0.48250000000000004
CHAMBERY CHALLES LES EAUX,SAINT AVRE LA CHAMBRE,11,0.47375
CHAMBERY CHALLES LES EAUX,SAINT AVRE LA CHAMBRE,12,0.42625
CHAMBERY CHALLES LES EAUX,SAINT AVRE LA CHAMBRE,13,0.4225
CHAMBERY CHALLES LES EAUX,SAINT AVRE LA CHAMBRE,14,0.42000000000000004
CHAMBERY CHALLES LES EAUX,SAINT AVRE LA CHAMBRE,15,0.40875000000000006
CHAMBERY CHALLES LES EAUX,SAINT AVRE LA CHAMBRE,16,0.40750000000000003
CHAMBERY CHALLES LES EAUX,SAINT AVRE LA CHAMBRE,17,0.37875000000000003
CHAMBERY CHALLES LES EAUX,SAINT AVRE LA CHAMBRE,18,0.35125
CHAMBERY CHALLES LES EAUX,SAINT AVRE LA CHAMBRE,19,0.35
CHAMBERY CHALLES LES EAUX,SAINT AVRE LA CHAMBRE,20,0.34875
CHAMBERY CHALLES LES EAUX,SAINT AVRE LA CHAMBRE,21,0.35375
CHAMBERY CHALLES LES EAUX,SAINT AVRE LA CHAMBRE,22,0.34875
CHAMBERY CHALLES LES EAUX,SAINT AVRE LA CHAMBRE,23,0.3325
CHAMBERY CHALLES LES EAUX,SAINT AVRE LA CHAMBRE,24,0.29375
CHAMBERY CHALLES LES EAUX,SAINT AVRE LA CHAMBRE,25,0.28125
CHAMBERY CHALLES LES EAUX,SAINT AVRE LA CHAMBRE,26,0.27875
CHAMBERY CHALLES LES EAUX,SAINT AVRE LA CHAMBRE,27,0.27125
CHAMBERY CHALLES LES EAUX,SAINT AVRE LA CHAMBRE,28,0.25875
CHAMBERY CHALLES LES EAUX,SAINT AVRE LA CHAMBRE,29,0.24375
CHAMBERY CHALLES LES EAUX,SAINT AVRE LA CHAMBRE,30,0.05125
CHAMBERY CHALLES LES EAUX,ST JEAN DE MAURIENNE ARVAN,0,0.83125
CHAMBERY CHALLES LES EAUX,ST JEAN DE MAURIENNE ARVAN,1,0.81375
CHAMBERY CHALLES LES EAUX,ST JEAN DE MAURIENNE ARVAN,2,0.7487179487179487
CHAMBERY CHALLES LES EAUX,ST JEAN DE MAURIENNE ARVAN,3,0.7162499999999999
CHAMBERY CHALLES LES EAUX,ST JEAN DE MAURIENNE ARVAN,4,0.56375
CHAMBERY CHALLES LES EAUX,ST JEAN DE MAURIENNE ARVAN,5,0.5375
CHAMBERY CHALLES LES EAUX,ST JEAN DE MAURIENNE ARVAN,6,0.5387500000000001
CHAMBERY CHALLES LES EAUX,ST JEAN DE MAURIENNE ARVAN,7,0.5225
CHAMBERY CHALLES LES EAUX,ST JEAN DE MAURIENNE ARVAN,8,0.49874999999999997
CHAMBERY CHALLES LES EAUX,ST JEAN DE MAURIENNE ARVAN,9,0.5012820512820513
CHAMBERY CHALLES LES EAUX,ST JEAN DE MAURIENNE ARVAN,10,0.46282051282051284
CHAMBERY CHALLES LES EAUX,ST JEAN DE MAURIENNE ARVAN,11,0.44871794871794873
CHAMBERY CHALLES LES EAUX,ST JEAN DE MAURIENNE ARVAN,12,0.4076923076923077
CHAMBERY CHALLES LES EAUX,ST JEAN DE MAURIENNE ARVAN,13,0.40897435897435896
CHAMBERY CHALLES LES EAUX,ST JEAN DE MAURIENNE ARVAN,14,0.4025641025641025
CHAMBERY CHALLES LES EAUX,ST JEAN DE MAURIENNE ARVAN,15,0.38846153846153847
CHAMBERY CHALLES LES EAUX,ST JEAN DE MAURIENNE ARVAN,16,0.38974358974358975
CHAMBERY CHALLES LES EAUX,ST JEAN DE MAURIENNE ARVAN,17,0.36025641025641025
CHAMBERY CHALLES LES EAUX,ST JEAN DE MAURIENNE ARVAN,18,0.3333333333333333
CHAMBERY CHALLES LES EAUX,ST JEAN DE MAURIENNE ARVAN,19,0.33205128205128204
CHAMBERY CHALLES LES EAUX,ST JEAN DE MAURIENNE ARVAN,20,0.3294871794871795
CHAMBERY CHALLES LES EAUX,ST JEAN DE MAURIENNE ARVAN,21,0.33076923076923076
CHAMBERY CHALLES LES EAUX,ST JEAN DE MAURIENNE ARVAN,22,0.3282051282051282
CHAMBERY CHALLES LES EAUX,ST JEAN DE MAURIENNE ARVAN,23,0.31153846153846154
CHAMBERY CHALLES LES EAUX,ST JEAN DE MAURIENNE ARVAN,24,0.30128205128205127
CHAMBERY CHALLES LES EAUX,ST JEAN DE MAURIENNE ARVAN,25,0.2833333333333333
CHAMBERY CHALLES LES EAUX,ST JEAN DE MAURIENNE ARVAN,26,0.28076923076923077
CHAMBERY CHALLES LES EAUX,ST JEAN DE MAURIENNE ARVAN,27,0.27692307692307694
CHAMBERY CHALLES LES EAUX,ST JEAN DE MAURIENNE ARVAN,28,0.2602564102564103
CHAMBERY CHALLES LES EAUX,ST JEAN DE MAURIENNE ARVAN,29,0.2487179487179487
CHAMBERY CHALLES LES EAUX,ST JEAN DE MAURIENNE ARVAN,30,0.05641025641025642
CHAMBERY CHALLES LES EAUX,ST MICHEL VALLOIRE,0,0.825
CHAMBERY CHALLES LES EAUX,ST MICHEL VALLOIRE,1,0.8175000000000001
CHAMBERY CHALLES LES EAUX,ST MICHEL VALLOIRE,2,0.773076923076923
CHAMBERY CHALLES LES EAUX,ST MICHEL VALLOIRE,3,0.7112499999999999
CHAMBERY CHALLES LES EAUX,ST MICHEL VALLOIRE,4,0.5587500000000001
CHAMBERY CHALLES LES EAUX,ST MICHEL VALLOIRE,5,0.53
CHAMBERY CHALLES LES EAUX,ST MICHEL VALLOIRE,6,0.54625
CHAMBERY CHALLES LES EAUX,ST MICHEL VALLOIRE,7,0.5425
CHAMBERY CHALLES LES EAUX,ST MICHEL VALLOIRE,8,0.53125
CHAMBERY CHALLES LES EAUX,ST MICHEL VALLOIRE,9,0.5175
CHAMBERY CHALLES LES EAUX,ST MICHEL VALLOIRE,10,0.47750000000000004
CHAMBERY CHALLES LES EAUX,ST MICHEL VALLOIRE,11,0.46875
CHAMBERY CHALLES LES EAUX,ST MICHEL VALLOIRE,12,0.4225
CHAMBERY CHALLES LES EAUX,ST MICHEL VALLOIRE,13,0.425
CHAMBERY CHALLES LES EAUX,ST MICHEL VALLOIRE,14,0.4225
CHAMBERY CHALLES LES EAUX,ST MICHEL VALLOIRE,15,0.4125
CHAMBERY CHALLES LES EAUX,ST MICHEL VALLOIRE,16,0.41875
CHAMBERY CHALLES LES EAUX,ST MICHEL VALLOIRE,17,0.38125
CHAMBERY CHALLES LES EAUX,ST MICHEL VALLOIRE,18,0.35625
CHAMBERY CHALLES LES EAUX,ST MICHEL VALLOIRE,19,0.3525
CHAMBERY CHALLES LES EAUX,ST MICHEL VALLOIRE,20,0.35125
CHAMBERY CHALLES LES EAUX,ST MICHEL VALLOIRE,21,0.34750000000000003
CHAMBERY CHALLES LES EAUX,ST MICHEL VALLOIRE,22,0.34875
CHAMBERY CHALLES LES EAUX,ST MICHEL VALLOIRE,23,0.32875
CHAMBERY CHALLES LES EAUX,ST MICHEL VALLOIRE,24,0.3025
CHAMBERY CHALLES LES EAUX,ST MICHEL VALLOIRE,25,0.27999999999999997
CHAMBERY CHALLES LES EAUX,ST MICHEL VALLOIRE,26,0.27125
CHAMBERY CHALLES LES EAUX,ST MICHEL VALLOIRE,27,0.26749999999999996
CHAMBERY CHALLES LES EAUX,ST MICHEL VALLOIRE,28,0.255
CHAMBERY CHALLES LES EAUX,ST MICHEL VALLOIRE,29,0.24125000000000002
CHAMBERY CHALLES LES EAUX,ST MICHEL VALLOIRE,30,0.045
CLUSES (HAUTE SAVOIE),SALLANCHES COMBLOUX MEGEVE,0,0.5769230769230769
CLUSES (HAUTE SAVOIE),SALLANCHES COMBLOUX MEGEVE,1,0.5298076923076923
CLUSES (HAUTE SAVOIE),SALLANCHES COMBLOUX MEGEVE,2,0.48725490196078436
CLUSES (HAUTE SAVOIE),SALLANCHES COMBLOUX MEGEVE,3,0.4317307692307692
CLUSES (HAUTE SAVOIE),SALLANCHES COMBLOUX MEGEVE,4,0.2
CLUSES (HAUTE SAVOIE),SALLANCHES COMBLOUX MEGEVE,5,0.17403846153846156
CLUSES (HAUTE SAVOIE),SALLANCHES COMBLOUX MEGEVE,6,0.1903846153846154
CLUSES (HAUTE SAVOIE),SALLANCHES COMBLOUX MEGEVE,7,0.12307692307692308
CLUSES (HAUTE SAVOIE),SALLANCHES COMBLOUX MEGEVE,8,0.11826923076923078
CLUSES (HAUTE SAVOIE),SALLANCHES COMBLOUX MEGEVE,9,0.10961538461538461
CLUSES (HAUTE SAVOIE),SALLANCHES COMBLOUX MEGEVE,10,0.07788461538461539
CLUSES (HAUTE SAVOIE),SALLANCHES COMBLOUX MEGEVE,11,0.07788461538461539
CLUSES (HAUTE SAVOIE),SALLANCHES COMBLOUX MEGEVE,12,0.07403846153846154
CLUSES (HAUTE SAVOIE),SALLANCHES COMBLOUX MEGEVE,13,0.07596153846153847
CLUSES (HAUTE SAVOIE),SALLANCHES COMBLOUX MEGEVE,14,0.08269230769230769
CLUSES (HAUTE SAVOIE),SALLANCHES COMBLOUX MEGEVE,15,0.0923076923076923
CLUSES (HAUTE SAVOIE),SALLANCHES COMBLOUX MEGEVE,16,0.09326923076923076
CLUSES (HAUTE SAVOIE),SALLANCHES COMBLOUX MEGEVE,17,0.07884615384615384
CLUSES (HAUTE SAVOIE),SALLANCHES COMBLOUX MEGEVE,18,0.07307692307692307
CLUSES (HAUTE SAVOIE),SALLANCHES COMBLOUX MEGEVE,19,0.06346153846153846
CLUSES (HAUTE SAVOIE),SALLANCHES COMBLOUX MEGEVE,20,0.057692307692307696
CLUSES (HAUTE SAVOIE),SALLANCHES COMBLOUX MEGEVE,21,0.05192307692307692
CLUSES (HAUTE SAVOIE),SALLANCHES COMBLOUX MEGEVE,22,0.041346153846153845
CLUSES (HAUTE SAVOIE),SALLANCHES COMBLOUX MEGEVE,23,0.03942307692307692
CLUSES (HAUTE SAVOIE),SALLANCHES COMBLOUX MEGEVE,24,0.038461538461538464
CLUSES (HAUTE SAVOIE),SALLANCHES COMBLOUX MEGEVE,25,0.038461538461538464
CLUSES (HAUTE SAVOIE),SALLANCHES COMBLOUX MEGEVE,26,0.038461538461538464
CLUSES (HAUTE SAVOIE),SALLANCHES COMBLOUX MEGEVE,27,0.038461538461538464
CLUSES (HAUTE SAVOIE),SALLANCHES COMBLOUX MEGEVE,28,0.03942307692307692
CLUSES (HAUTE SAVOIE),SALLANCHES COMBLOUX MEGEVE,29,0.041346153846153845
CLUSES (HAUTE SAVOIE),SALLANCHES COMBLOUX MEGEVE,30,0.011538461538461537
CLUSES (HAUTE SAVOIE),ST GERVAIS LES BAINS LE FAYET,0,0.5826923076923077
CLUSES (HAUTE SAVOIE),ST GERVAIS LES BAINS LE FAYET,1,0.5326923076923077
CLUSES (HAUTE SAVOIE),ST GERVAIS LES BAINS LE FAYET,2,0.48823529411764705
CLUSES (HAUTE SAVOIE),ST GERVAIS LES BAINS LE FAYET,3,0.43365384615384617
CLUSES (HAUTE SAVOIE),ST GERVAIS LES BAINS LE FAYET,4,0.19230769230769232
CLUSES (HAUTE SAVOIE),ST GERVAIS LES BAINS LE FAYET,5,0.17211538461538461
CLUSES (HAUTE SAVOIE),ST GERVAIS LES BAINS LE FAYET,6,0.1846153846153846
CLUSES (HAUTE SAVOIE),ST GERVAIS LES BAINS LE FAYET,7,0.12980769230769232
CLUSES (HAUTE SAVOIE),ST GERVAIS LES BAINS LE FAYET,8,0.11346153846153847
CLUSES (HAUTE SAVOIE),ST GERVAIS LES BAINS LE FAYET,9,0.10769230769230768
CLUSES (HAUTE SAVOIE),ST GERVAIS LES BAINS LE FAYET,10,0.07980769230769232
CLUSES (HAUTE SAVOIE),ST GERVAIS LES BAINS LE FAYET,11,0.07980769230769232
CLUSES (HAUTE SAVOIE),ST GERVAIS LES BAINS LE FAYET,12,0.07884615384615384
CLUSES (HAUTE SAVOIE),ST GERVAIS LES BAINS LE FAYET,13,0.07788461538461539
CLUSES (HAUTE SAVOIE),ST GERVAIS LES BAINS LE FAYET,14,0.08076923076923077
CLUSES (HAUTE SAVOIE),ST GERVAIS LES BAINS LE FAYET,15,0.09423076923076924
CLUSES (HAUTE SAVOIE),ST GERVAIS LES BAINS LE FAYET,16,0.0923076923076923
CLUSES (HAUTE SAVOIE),ST GERVAIS LES BAINS LE FAYET,17,0.0798076923076923
CLUSES (HAUTE SAVOIE),ST GERVAIS LES BAINS LE FAYET,18,0.06826923076923076
CLUSES (HAUTE SAVOIE),ST GERVAIS LES BAINS LE FAYET,19,0.06153846153846154
CLUSES (HAUTE SAVOIE),ST GERVAIS LES BAINS LE FAYET,20,0.057692307692307696
CLUSES (HAUTE SAVOIE),ST GERVAIS LES BAINS LE FAYET,21,0.055769230769230765
CLUSES (HAUTE SAVOIE),ST GERVAIS LES BAINS LE FAYET,22,0.04230769230769231
CLUSES (HAUTE SAVOIE),ST GERVAIS LES BAINS LE FAYET,23,0.038461538461538464
CLUSES (HAUTE SAVOIE),ST GERVAIS LES BAINS LE FAYET,24,0.038461538461538464
CLUSES (HAUTE SAVOIE),ST GERVAIS LES BAINS LE FAYET,25,0.038461538461538464
CLUSES (HAUTE SAVOIE),ST GERVAIS LES BAINS LE FAYET,26,0.038461538461538464
CLUSES (HAUTE SAVOIE),ST GERVAIS LES BAINS LE FAYET,27,0.0375
CLUSES (HAUTE SAVOIE),ST GERVAIS LES BAINS LE FAYET,28,0.03461538461538461
CLUSES (HAUTE SAVOIE),ST GERVAIS LES BAINS LE FAYET,29,0.03076923076923077
CLUSES (HAUTE SAVOIE),ST GERVAIS LES BAINS LE FAYET,30,0.00576923076923077
LANDRY,BOURG SAINT MAURICE,0,0.7892857142857143
LANDRY,BOURG SAINT MAURICE,1,0.7611764705882353
LANDRY,BOURG SAINT MAURICE,2,0.7357142857142857
LANDRY,BOURG SAINT MAURICE,3,0.7064705882352941
LANDRY,BOURG SAINT MAURICE,4,0.18470588235294116
LANDRY,BOURG SAINT MAURICE,5,0.1723529411764706
LANDRY,BOURG SAINT MAURICE,6,0.16823529411764707
LANDRY,BOURG SAINT MAURICE,7,0.14470588235294118
LANDRY,BOURG SAINT MAURICE,8,0.12705882352941178
LANDRY,BOURG SAINT MAURICE,9,0.12588235294117647
LANDRY,BOURG SAINT MAURICE,10,0.11294117647058823
LANDRY,BOURG SAINT MAURICE,11,0.09000000000000001
LANDRY,BOURG SAINT MAURICE,12,0.05764705882352942
LANDRY,BOURG SAINT MAURICE,13,0.050595238095238096
LANDRY,BOURG SAINT MAURICE,14,0.07023809523809524
LANDRY,BOURG SAINT MAURICE,15,0.0738095238095238
LANDRY,BOURG SAINT MAURICE,16,0.07916666666666668
LANDRY,BOURG SAINT MAURICE,17,0.07559523809523809
LANDRY,BOURG SAINT MAURICE,18,0.09047619047619047
LANDRY,BOURG SAINT MAURICE,19,0.08452380952380951
LANDRY,BOURG SAINT MAURICE,20,0.07261904761904761
LANDRY,BOURG SAINT MAURICE,21,0.07261904761904761
LANDRY,BOURG SAINT MAURICE,22,0.07083333333333333
LANDRY,BOURG SAINT MAURICE,23,0.06190476190476191
LANDRY,BOURG SAINT MAURICE,24,0.05952380952380952
LANDRY,BOURG SAINT MAURICE,25,0.05892857142857143
LANDRY,BOURG SAINT MAURICE,26,0.05952380952380952
LANDRY,BOURG SAINT MAURICE,27,0.060119047619047614
LANDRY,BOURG SAINT MAURICE,28,0.0630952380952381
LANDRY,BOURG SAINT MAURICE,29,0.06488095238095239
LANDRY,BOURG SAINT MAURICE,30,0.016666666666666666
MACON LOCHE TGV,AIX LES BAINS LE REVARD,0,0.9671014492753622
MACON LOCHE TGV,AIX LES BAINS LE REVARD,1,0.9563768115942028
MACON LOCHE TGV,AIX LES BAINS LE REVARD,2,0.9418840579710145
MACON LOCHE TGV,AIX LES BAINS LE REVARD,3,0.9260869565217391
MACON LOCHE TGV,AIX LES BAINS LE REVARD,4,0.6182608695652174
MACON LOCHE TGV,AIX LES BAINS LE REVARD,5,0.5827536231884058
MACON LOCHE TGV,AIX LES BAINS LE REVARD,6,0.5433333333333333
MACON LOCHE TGV,AIX LES BAINS LE REVARD,7,0.4860869565217391
MACON LOCHE TGV,AIX LES BAINS LE REVARD,8,0.4315942028985507
MACON LOCHE TGV,AIX LES BAINS LE REVARD,9,0.413768115942029
MACON LOCHE TGV,AIX LES BAINS LE REVARD,10,0.3669565217391304
MACON LOCHE TGV,AIX LES BAINS LE REVARD,11,0.3436231884057971
MACON LOCHE TGV,AIX LES BAINS LE REVARD,12,0.24333333333333335
MACON LOCHE TGV,AIX LES BAINS LE REVARD,13,0.2426086956521739
MACON LOCHE TGV,AIX LES BAINS LE REVARD,14,0.23028985507246377
MACON LOCHE TGV,AIX LES BAINS LE REVARD,15,0.2265217391304348
MACON LOCHE TGV,AIX LES BAINS LE REVARD,16,0.2165217391304348
MACON LOCHE TGV,AIX LES BAINS LE REVARD,17,0.21869565217391304
MACON LOCHE TGV,AIX LES BAINS LE REVARD,18,0.21869565217391304
MACON LOCHE TGV,AIX LES BAINS LE REVARD,19,0.2163768115942029
MACON LOCHE TGV,AIX LES BAINS LE REVARD,20,0.22159420289855072
MACON LOCHE TGV,AIX LES BAINS LE REVARD,21,0.22130434782608693
MACON LOCHE TGV,AIX LES BAINS LE REVARD,22,0.22246376811594204
MACON LOCHE TGV,AIX LES BAINS LE REVARD,23,0.22086956521739132
MACON LOCHE TGV,AIX LES BAINS LE REVARD,24,0.22238372093023256
MACON LOCHE TGV,AIX LES BAINS LE REVARD,25,0.2194767441860465
MACON LOCHE TGV,AIX LES BAINS LE REVARD,26,0.21588921282798834
MACON LOCHE TGV,AIX LES BAINS LE REVARD,27,0.21355685131195334
MACON LOCHE TGV,AIX LES BAINS LE REVARD,28,0.20874635568513117
MACON LOCHE TGV,AIX LES BAINS LE REVARD,29,0.19504373177842568
MACON LOCHE TGV,AIX LES BAINS LE REVARD,30,0.04149560117302053
MACON LOCHE TGV,ANNECY,0,0.9662318840579711
MACON LOCHE TGV,ANNECY,1,0.9568115942028986
MACON LOCHE TGV,ANNECY,2,0.941159420289855
MACON LOCHE TGV,ANNECY,3,0.9271014492753624
MACON LOCHE TGV,ANNECY,4,0.6252173913043478
MACON LOCHE TGV,ANNECY,5,0.58
MACON LOCHE TGV,ANNECY,6,0.5366666666666667
MACON LOCHE TGV,ANNECY,7,0.48043478260869565
MACON LOCHE TGV,ANNECY,8,0.4289855072463768
MACON LOCHE TGV,ANNECY,9,0.41579710144927534
MACON LOCHE TGV,ANNECY,10,0.36492753623188406
MACON LOCHE TGV,ANNECY,11,0.34260869565217394
MACON LOCHE TGV,ANNECY,12,0.24434782608695652
MACON LOCHE TGV,ANNECY,13,0.2418840579710145
MACON LOCHE TGV,ANNECY,14,0.2291304347826087
MACON LOCHE TGV,ANNECY,15,0.22608695652173913
MACON LOCHE TGV,ANNECY,16,0.21478260869565216
MACON LOCHE TGV,ANNECY,17,0.21420289855072466
MACON LOCHE TGV,ANNECY,18,0.21521739130434783
MACON LOCHE TGV,ANNECY,19,0.21478260869565216
MACON LOCHE TGV,ANNECY,20,0.22289855072463768
MACON LOCHE TGV,ANNECY,21,0.22144927536231887
MACON LOCHE TGV,ANNECY,22,0.22246376811594204
MACON LOCHE TGV,ANNECY,23,0.22144927536231887
MACON LOCHE TGV,ANNECY,24,0.2236918604651163
MACON LOCHE TGV,ANNECY,25,0.2204941860465116
MACON LOCHE TGV,ANNECY,26,0.21793002915451895
MACON LOCHE TGV,ANNECY,27,0.21559766763848398
MACON LOCHE TGV,ANNECY,28,0.21005830903790088
MACON LOCHE TGV,ANNECY,29,0.1988338192419825
MACON LOCHE TGV,ANNECY,30,0.04442815249266862
MACON LOCHE TGV,CHAMBERY CHALLES LES EAUX,0,0.9695965417867435
MACON LOCHE TGV,CHAMBERY CHALLES LES EAUX,1,0.9636887608069163
MACON LOCHE TGV,CHAMBERY CHALLES LES EAUX,2,0.9463976945244956
MACON LOCHE TGV,CHAMBERY CHALLES LES EAUX,3,0.929250720461095
MACON LOCHE TGV,CHAMBERY CHALLES LES EAUX,4,0.6314121037463977
MACON LOCHE TGV,CHAMBERY CHALLES LES EAUX,5,0.589193083573487
MACON LOCHE TGV,CHAMBERY CHALLES LES EAUX,6,0.5463976945244957
MACON LOCHE TGV,CHAMBERY CHALLES LES EAUX,7,0.49135446685878964
MACON LOCHE TGV,CHAMBERY CHALLES LES EAUX,8,0.44221902017291065
MACON LOCHE TGV,CHAMBERY CHALLES LES EAUX,9,0.42219020172910665
MACON LOCHE TGV,CHAMBERY CHALLES LES EAUX,10,0.3806916426512968
MACON LOCHE TGV,CHAMBERY CHALLES LES EAUX,11,0.35086455331412103
MACON LOCHE TGV,CHAMBERY CHALLES LES EAUX,12,0.2531700288184438
MACON LOCHE TGV,CHAMBERY CHALLES LES EAUX,13,0.24798270893371757
MACON LOCHE TGV,CHAMBERY CHALLES LES EAUX,14,0.23054755043227665
MACON LOCHE TGV,CHAMBERY CHALLES LES EAUX,15,0.22723342939481267
MACON LOCHE TGV,CHAMBERY CHALLES LES EAUX,16,0.21455331412103748
MACON LOCHE TGV,CHAMBERY CHALLES LES EAUX,17,0.2170028818443804
MACON LOCHE TGV,CHAMBERY CHALLES LES EAUX,18,0.21858789625360228
MACON LOCHE TGV,CHAMBERY CHALLES LES EAUX,19,0.21498559077809798
MACON LOCHE TGV,CHAMBERY CHALLES LES EAUX,20,0.2170028818443804
MACON LOCHE TGV,CHAMBERY CHALLES LES EAUX,21,0.21368876080691646
MACON LOCHE TGV,CHAMBERY CHALLES LES EAUX,22,0.21253602305475505
MACON LOCHE TGV,CHAMBERY CHALLES LES EAUX,23,0.2090778097982709
MACON LOCHE TGV,CHAMBERY CHALLES LES EAUX,24,0.21184971098265895
MACON LOCHE TGV,CHAMBERY CHALLES LES EAUX,25,0.20997109826589597
MACON LOCHE TGV,CHAMBERY CHALLES LES EAUX,26,0.2060869565217391
MACON LOCHE TGV,CHAMBERY CHALLES LES EAUX,27,0.2018840579710145
MACON LOCHE TGV,CHAMBERY CHALLES LES EAUX,28,0.19608695652173916
MACON LOCHE TGV,CHAMBERY CHALLES LES EAUX,29,0.18855072463768116
MACON LOCHE TGV,CHAMBERY CHALLES LES EAUX,30,0.04446064139941691
MACON LOCHE TGV,MODANE,0,0.05
MACON LOCHE TGV,MODANE,1,0.0
MACON LOCHE TGV,MODANE,2,0.05
MACON LOCHE TGV,MODANE,3,0.05
MACON LOCHE TGV,MODANE,4,0.1
MACON LOCHE TGV,MODANE,5,0.05
MACON LOCHE TGV,MODANE,6,0.0
MACON LOCHE TGV,MODANE,7,0.0
MACON LOCHE TGV,MODANE,8,0.0
MACON LOCHE TGV,MODANE,9,0.0
MACON LOCHE TGV,MODANE,10,0.0
MACON LOCHE TGV,MODANE,11,0.0
MACON LOCHE TGV,MODANE,12,0.0
MACON LOCHE TGV,MODANE,13,0.0
MACON LOCHE TGV,MODANE,14,0.0
MACON LOCHE TGV,MODANE,15,0.0
MACON LOCHE TGV,MODANE,16,0.0
MACON LOCHE TGV,MODANE,17,0.0
MACON LOCHE TGV,MODANE,18,0.0
MACON LOCHE TGV,MODANE,19,0.0
MACON LOCHE TGV,MODANE,20,0.0
MACON LOCHE TGV,MODANE,21,0.0
MACON LOCHE TGV,MODANE,22,0.0
MACON LOCHE TGV,MODANE,23,0.0
MACON LOCHE TGV,MODANE,24,0.0
MACON LOCHE TGV,MODANE,25,0.0
MACON LOCHE TGV,MODANE,26,0.0
MACON LOCHE TGV,MODANE,27,0.0
MACON LOCHE TGV,MODANE,28,0.0
MACON LOCHE TGV,MODANE,29,0.0
MACON LOCHE TGV,MODANE,30,0.0
MACON LOCHE TGV,SAINT AVRE LA CHAMBRE,0,0.0
MACON LOCHE TGV,SAINT AVRE LA CHAMBRE,1,0.0
MACON LOCHE TGV,SAINT AVRE LA CHAMBRE,2,0.0
MACON LOCHE TGV,SAINT AVRE LA CHAMBRE,3,0.05
MACON LOCHE TGV,SAINT AVRE LA CHAMBRE,4,0.0
MACON LOCHE TGV,SAINT AVRE LA CHAMBRE,5,0.0
MACON LOCHE TGV,SAINT AVRE LA CHAMBRE,6,0.0
MACON LOCHE TGV,SAINT AVRE LA CHAMBRE,7,0.0
MACON LOCHE TGV,SAINT AVRE LA CHAMBRE,8,0.0
MACON LOCHE TGV,SAINT AVRE LA CHAMBRE,9,0.0
MACON LOCHE TGV,SAINT AVRE LA CHAMBRE,10,0.0
MACON LOCHE TGV,SAINT AVRE LA CHAMBRE,11,0.0
MACON LOCHE TGV,SAINT AVRE LA CHAMBRE,12,0.0
MACON LOCHE TGV,SAINT AVRE LA CHAMBRE,13,0.0
MACON LOCHE TGV,SAINT AVRE LA CHAMBRE,14,0.0
MACON LOCHE TGV,SAINT AVRE LA CHAMBRE,15,0.0
MACON LOCHE TGV,SAINT AVRE LA CHAMBRE,16,0.0
MACON LOCHE TGV,SAINT AVRE LA CHAMBRE,17,0.0
MACON LOCHE TGV,SAINT AVRE LA CHAMBRE,18,0.0
MACON LOCHE TGV,SAINT AVRE LA CHAMBRE,19,0.0
MACON LOCHE TGV,SAINT AVRE LA CHAMBRE,20,0.0
MACON LOCHE TGV,SAINT AVRE LA CHAMBRE,21,0.0
MACON LOCHE TGV,SAINT AVRE LA CHAMBRE,22,0.0
MACON LOCHE TGV,SAINT AVRE LA CHAMBRE,23,0.0
MACON LOCHE TGV,SAINT AVRE LA CHAMBRE,24,0.0
MACON LOCHE TGV,SAINT AVRE LA CHAMBRE,25,0.0
MACON LOCHE TGV,SAINT AVRE LA CHAMBRE,26,0.0
MACON LOCHE TGV,SAINT AVRE LA CHAMBRE,27,0.0
MACON LOCHE TGV,SAINT AVRE LA CHAMBRE,28,0.0
MACON LOCHE TGV,SAINT AVRE LA CHAMBRE,29,0.0
MACON LOCHE TGV,SAINT AVRE LA CHAMBRE,30,0.0
MACON LOCHE TGV,ST MICHEL VALLOIRE,0,0.0
MACON LOCHE TGV,ST MICHEL VALLOIRE,1,0.0
MACON LOCHE TGV,ST MICHEL VALLOIRE,2,0.0
MACON LOCHE TGV,ST MICHEL VALLOIRE,3,0.0
MACON LOCHE TGV,ST MICHEL VALLOIRE,4,0.0
MACON LOCHE TGV,ST MICHEL VALLOIRE,5,0.0
MACON LOCHE TGV,ST MICHEL VALLOIRE,6,0.0
MACON LOCHE TGV,ST MICHEL VALLOIRE,7,0.0
MACON LOCHE TGV,ST MICHEL VALLOIRE,8,0.0
MACON LOCHE TGV,ST MICHEL VALLOIRE,9,0.0
MACON LOCHE TGV,ST MICHEL VALLOIRE,10,0.0
MACON LOCHE TGV,ST MICHEL VALLOIRE,11,0.0
MACON LOCHE TGV,ST MICHEL VALLOIRE,12,0.0
MACON LOCHE TGV,ST MICHEL VALLOIRE,13,0.0
MACON LOCHE TGV,ST MICHEL VALLOIRE,14,0.0
MACON LOCHE TGV,ST MICHEL VALLOIRE,15,0.0
MACON LOCHE TGV,ST MICHEL VALLOIRE,16,0.0
MACON LOCHE TGV,ST MICHEL VALLOIRE,17,0.0
MACON LOCHE TGV,ST MICHEL VALLOIRE,18,0.0
MACON LOCHE TGV,ST MICHEL VALLOIRE,19,0.0
MACON LOCHE TGV,ST MICHEL VALLOIRE,20,0.0
MACON LOCHE TGV,ST MICHEL VALLOIRE,21,0.0
MACON LOCHE TGV,ST MICHEL VALLOIRE,22,0.0
MACON LOCHE TGV,ST MICHEL VALLOIRE,23,0.0
MACON LOCHE TGV,ST MICHEL VALLOIRE,24,0.0
MACON LOCHE TGV,ST MICHEL VALLOIRE,25,0.0
MACON LOCHE TGV,ST MICHEL VALLOIRE,26,0.0
MACON LOCHE TGV,ST MICHEL VALLOIRE,27,0.0
MACON LOCHE TGV,ST MICHEL VALLOIRE,28,0.0
MACON LOCHE TGV,ST MICHEL VALLOIRE,29,0.0
MACON LOCHE TGV,ST MICHEL VALLOIRE,30,0.0
MARNE LA VALLEE CHESSY,AIX LES BAINS LE REVARD,0,1.0
MARNE LA VALLEE CHESSY,AIX LES BAINS LE REVARD,1,1.0
MARNE LA VALLEE CHESSY,AIX LES BAINS LE REVARD,2,1.0
MARNE LA VALLEE CHESSY,AIX LES BAINS LE REVARD,3,1.0
MARNE LA VALLEE CHESSY,AIX LES BAINS LE REVARD,4,1.0
MARNE LA VALLEE CHESSY,AIX LES BAINS LE REVARD,5,0.9833333333333334
MARNE LA VALLEE CHESSY,AIX LES BAINS LE REVARD,6,0.9833333333333334
MARNE LA VALLEE CHESSY,AIX LES BAINS LE REVARD,7,1.0
MARNE LA VALLEE CHESSY,AIX LES BAINS LE REVARD,8,1.0
MARNE LA VALLEE CHESSY,AIX LES BAINS LE REVARD,9,1.0
MARNE LA VALLEE CHESSY,AIX LES BAINS LE REVARD,10,1.0
MARNE LA VALLEE CHESSY,AIX LES BAINS LE REVARD,11,0.9833333333333334
MARNE LA VALLEE CHESSY,AIX LES BAINS LE REVARD,12,1.0
MARNE LA VALLEE CHESSY,AIX LES BAINS LE REVARD,13,1.0
MARNE LA VALLEE CHESSY,AIX LES BAINS LE REVARD,14,1.0
MARNE LA VALLEE CHESSY,AIX LES BAINS LE REVARD,15,1.0
MARNE LA VALLEE CHESSY,AIX LES BAINS LE REVARD,16,1.0
MARNE LA VALLEE CHESSY,AIX LES BAINS LE REVARD,17,1.0
MARNE LA VALLEE CHESSY,AIX LES BAINS LE REVARD,18,1.0
MARNE LA VALLEE CHESSY,AIX LES BAINS LE REVARD,19,1.0
MARNE LA VALLEE CHESSY,AIX LES BAINS LE REVARD,20,1.0
MARNE LA VALLEE CHESSY,AIX LES BAINS LE REVARD,21,1.0
MARNE LA VALLEE CHESSY,AIX LES BAINS LE REVARD,22,1.0
MARNE LA VALLEE CHESSY,AIX LES BAINS LE REVARD,23,1.0
MARNE LA VALLEE CHESSY,AIX LES BAINS LE REVARD,24,1.0
MARNE LA VALLEE CHESSY,AIX LES BAINS LE REVARD,25,1.0
MARNE LA VALLEE CHESSY,AIX LES BAINS LE REVARD,26,1.0
MARNE LA VALLEE CHESSY,AIX LES BAINS LE REVARD,27,1.0
MARNE LA VALLEE CHESSY,AIX LES BAINS LE REVARD,28,1.0
MARNE LA VALLEE CHESSY,AIX LES BAINS LE REVARD,29,0.9500000000000001
MARNE LA VALLEE CHESSY,AIX LES BAINS LE REVARD,30,0.16666666666666666
MARNE LA VALLEE CHESSY,ANNECY,0,1.0
MARNE LA VALLEE CHESSY,ANNECY,1,1.0
MARNE LA VALLEE CHESSY,ANNECY,2,1.0
MARNE LA VALLEE CHESSY,ANNECY,3,1.0
MARNE LA VALLEE CHESSY,ANNECY,4,1.0
MARNE LA VALLEE CHESSY,ANNECY,5,1.0
MARNE LA VALLEE CHESSY,ANNECY,6,1.0
MARNE LA VALLEE CHESSY,ANNECY,7,1.0
MARNE LA VALLEE CHESSY,ANNECY,8,1.0
MARNE LA VALLEE CHESSY,ANNECY,9,1.0
MARNE LA VALLEE CHESSY,ANNECY,10,1.0
MARNE LA VALLEE CHESSY,ANNECY,11,1.0
MARNE LA VALLEE CHESSY,ANNECY,12,1.0
MARNE LA VALLEE CHESSY,ANNECY,13,0.9833333333333334
MARNE LA VALLEE CHESSY,ANNECY,14,1.0
MARNE LA VALLEE CHESSY,ANNECY,15,1.0
MARNE LA VALLEE CHESSY,ANNECY,16,1.0
MARNE LA VALLEE CHESSY,ANNECY,17,1.0
MARNE LA VALLEE CHESSY,ANNECY,18,1.0
MARNE LA VALLEE CHESSY,ANNECY,19,1.0
MARNE LA VALLEE CHESSY,ANNECY,20,1.0
MARNE LA VALLEE CHESSY,ANNECY,21,1.0
MARNE LA VALLEE CHESSY,ANNECY,22,1.0
MARNE LA VALLEE CHESSY,ANNECY,23,1.0
MARNE LA VALLEE CHESSY,ANNECY,24,1.0
MARNE LA VALLEE CHESSY,ANNECY,25,1.0
MARNE LA VALLEE CHESSY,ANNECY,26,1.0
MARNE LA VALLEE CHESSY,ANNECY,27,1.0
MARNE LA VALLEE CHESSY,ANNECY,28,0.9666666666666667
MARNE LA VALLEE CHESSY,ANNECY,29,0.9500000000000001
MARNE LA VALLEE CHESSY,ANNECY,30,0.21666666666666667
MARNE LA VALLEE CHESSY,CHAMBERY CHALLES LES EAUX,0,1.0
MARNE LA VALLEE CHESSY,CHAMBERY CHALLES LES EAUX,1,1.0
MARNE LA VALLEE CHESSY,CHAMBERY CHALLES LES EAUX,2,1.0
MARNE LA VALLEE CHESSY,CHAMBERY CHALLES LES EAUX,3,1.0
MARNE LA VALLEE CHESSY,CHAMBERY CHALLES LES EAUX,4,0.9833333333333334
MARNE LA VALLEE CHESSY,CHAMBERY CHALLES LES EAUX,5,0.9833333333333334
MARNE LA VALLEE CHESSY,CHAMBERY CHALLES LES EAUX,6,0.9833333333333334
MARNE LA VALLEE CHESSY,CHAMBERY CHALLES LES EAUX,7,1.0
MARNE LA VALLEE CHESSY,CHAMBERY CHALLES LES EAUX,8,1.0
MARNE LA VALLEE CHESSY,CHAMBERY CHALLES LES EAUX,9,1.0
MARNE LA VALLEE CHESSY,CHAMBERY CHALLES LES EAUX,10,1.0
MARNE LA VALLEE CHESSY,CHAMBERY CHALLES LES EAUX,11,1.0
MARNE LA VALLEE CHESSY,CHAMBERY CHALLES LES EAUX,12,0.9833333333333334
MARNE LA VALLEE CHESSY,CHAMBERY CHALLES LES EAUX,13,0.9833333333333334
MARNE LA VALLEE CHESSY,CHAMBERY CHALLES LES EAUX,14,0.9833333333333334
MARNE LA VALLEE CHESSY,CHAMBERY CHALLES LES EAUX,15,0.9833333333333334
MARNE LA VALLEE CHESSY,CHAMBERY CHALLES LES EAUX,16,1.0
MARNE LA VALLEE CHESSY,CHAMBERY CHALLES LES EAUX,17,1.0
MARNE LA VALLEE CHESSY,CHAMBERY CHALLES LES EAUX,18,1.0
MARNE LA VALLEE CHESSY,CHAMBERY CHALLES LES EAUX,19,1.0
MARNE LA VALLEE CHESSY,CHAMBERY CHALLES LES EAUX,20,1.0
MARNE LA VALLEE CHESSY,CHAMBERY CHALLES LES EAUX,21,1.0
MARNE LA VALLEE CHESSY,CHAMBERY CHALLES LES EAUX,22,1.0
MARNE LA VALLEE CHESSY,CHAMBERY CHALLES LES EAUX,23,1.0
MARNE LA VALLEE CHESSY,CHAMBERY CHALLES LES EAUX,24,0.9833333333333334
MARNE LA VALLEE CHESSY,CHAMBERY CHALLES LES EAUX,25,1.0
MARNE LA VALLEE CHESSY,CHAMBERY CHALLES LES EAUX,26,1.0
MARNE LA VALLEE CHESSY,CHAMBERY CHALLES LES EAUX,27,1.0
MARNE LA VALLEE CHESSY,CHAMBERY CHALLES LES EAUX,28,1.0
MARNE LA VALLEE CHESSY,CHAMBERY CHALLES LES EAUX,29,0.9333333333333332
MARNE LA VALLEE CHESSY,CHAMBERY CHALLES LES EAUX,30,0.3333333333333333
MARNE LA VALLEE CHESSY,MACON LOCHE TGV,0,1.0
MARNE LA VALLEE CHESSY,MACON LOCHE TGV,1,1.0
MARNE LA VALLEE CHESSY,MACON LOCHE TGV,2,1.0
MARNE LA VALLEE CHESSY,MACON LOCHE TGV,3,1.0
MARNE LA VALLEE CHESSY,MACON LOCHE TGV,4,1.0
MARNE LA VALLEE CHESSY,MACON LOCHE TGV,5,1.0
MARNE LA VALLEE CHESSY,MACON LOCHE TGV,6,1.0
MARNE LA VALLEE CHESSY,MACON LOCHE TGV,7,1.0
MARNE LA VALLEE CHESSY,MACON LOCHE TGV,8,1.0
MARNE LA VALLEE CHESSY,MACON LOCHE TGV,9,1.0
MARNE LA VALLEE CHESSY,MACON LOCHE TGV,10,1.0
MARNE LA VALLEE CHESSY,MACON LOCHE TGV,11,1.0
MARNE LA VALLEE CHESSY,MACON LOCHE TGV,12,1.0
MARNE LA VALLEE CHESSY,MACON LOCHE TGV,13,1.0
MARNE LA VALLEE CHESSY,MACON LOCHE TGV,14,1.0
MARNE LA VALLEE CHESSY,MACON LOCHE TGV,15,1.0
MARNE LA VALLEE CHESSY,MACON LOCHE TGV,16,1.0
MARNE LA VALLEE CHESSY,MACON LOCHE TGV,17,1.0
MARNE LA VALLEE CHESSY,MACON LOCHE TGV,18,1.0
MARNE LA VALLEE CHESSY,MACON LOCHE TGV,19,1.0
MARNE LA VALLEE CHESSY,MACON LOCHE TGV,20,1.0
MARNE LA VALLEE CHESSY,MACON LOCHE TGV,21,1.0
MARNE LA VALLEE CHESSY,MACON LOCHE TGV,22,1.0
MARNE LA VALLEE CHESSY,MACON LOCHE TGV,23,1.0
MARNE LA VALLEE CHESSY,MACON LOCHE TGV,24,1.0
MARNE LA VALLEE CHESSY,MACON LOCHE TGV,25,1.0
MARNE LA VALLEE CHESSY,MACON LOCHE TGV,26,1.0
MARNE LA VALLEE CHESSY,MACON LOCHE TGV,27,1.0
MARNE LA VALLEE CHESSY,MACON LOCHE TGV,28,0.9833333333333334
MARNE LA VALLEE CHESSY,MACON LOCHE TGV,29,0.9500000000000001
MARNE LA VALLEE CHESSY,MACON LOCHE TGV,30,0.18333333333333335
MOUTIERS SALINS BRIDES LES BAINS,AIME LA PLAGNE,0,0.7803571428571429
MOUTIERS SALINS BRIDES LES BAINS,AIME LA PLAGNE,1,0.7416666666666666
MOUTIERS SALINS BRIDES LES BAINS,AIME LA PLAGNE,2,0.7319277108433735
MOUTIERS SALINS BRIDES LES BAINS,AIME LA PLAGNE,3,0.7136904761904762
MOUTIERS SALINS BRIDES LES BAINS,AIME LA PLAGNE,4,0.1952380952380952
MOUTIERS SALINS BRIDES LES BAINS,AIME LA PLAGNE,5,0.16785714285714284
MOUTIERS SALINS BRIDES LES BAINS,AIME LA PLAGNE,6,0.15714285714285714
MOUTIERS SALINS BRIDES LES BAINS,AIME LA PLAGNE,7,0.1363095238095238
MOUTIERS SALINS BRIDES LES BAINS,AIME LA PLAGNE,8,0.12023809523809523
MOUTIERS SALINS BRIDES LES BAINS,AIME LA PLAGNE,9,0.11547619047619047
MOUTIERS SALINS BRIDES LES BAINS,AIME LA PLAGNE,10,0.10119047619047619
MOUTIERS SALINS BRIDES LES BAINS,AIME LA PLAGNE,11,0.0761904761904762
MOUTIERS SALINS BRIDES LES BAINS,AIME LA PLAGNE,12,0.04940476190476191
MOUTIERS SALINS BRIDES LES BAINS,AIME LA PLAGNE,13,0.05180722891566265
MOUTIERS SALINS BRIDES LES BAINS,AIME LA PLAGNE,14,0.06927710843373494
MOUTIERS SALINS BRIDES LES BAINS,AIME LA PLAGNE,15,0.07409638554216869
MOUTIERS SALINS BRIDES LES BAINS,AIME LA PLAGNE,16,0.0789156626506024
MOUTIERS SALINS BRIDES LES BAINS,AIME LA PLAGNE,17,0.07771084337349397
MOUTIERS SALINS BRIDES LES BAINS,AIME LA PLAGNE,18,0.08975903614457832
MOUTIERS SALINS BRIDES LES BAINS,AIME LA PLAGNE,19,0.08433734939759036
MOUTIERS SALINS BRIDES LES BAINS,AIME LA PLAGNE,20,0.07108433734939758
MOUTIERS SALINS BRIDES LES BAINS,AIME LA PLAGNE,21,0.06987951807228915
MOUTIERS SALINS BRIDES LES BAINS,AIME LA PLAGNE,22,0.07048192771084337
MOUTIERS SALINS BRIDES LES BAINS,AIME LA PLAGNE,23,0.061445783132530116
MOUTIERS SALINS BRIDES LES BAINS,AIME LA PLAGNE,24,0.0608433734939759
MOUTIERS SALINS BRIDES LES BAINS,AIME LA PLAGNE,25,0.060240963855421686
MOUTIERS SALINS BRIDES LES BAINS,AIME LA PLAGNE,26,0.05963855421686747
MOUTIERS SALINS BRIDES LES BAINS,AIME LA PLAGNE,27,0.060240963855421686
MOUTIERS SALINS BRIDES LES BAINS,AIME LA PLAGNE,28,0.061445783132530116
MOUTIERS SALINS BRIDES LES BAINS,AIME LA PLAGNE,29,0.06325301204819277
MOUTIERS SALINS BRIDES LES BAINS,AIME LA PLAGNE,30,0.019879518072289156
MOUTIERS SALINS BRIDES LES BAINS,BOURG SAINT MAURICE,0,0.7875000000000001
MOUTIERS SALINS BRIDES LES BAINS,BOURG SAINT MAURICE,1,0.7440476190476191
MOUTIERS SALINS BRIDES LES BAINS,BOURG SAINT MAURICE,2,0.730722891566265
MOUTIERS SALINS BRIDES LES BAINS,BOURG SAINT MAURICE,3,0.7148809523809524
MOUTIERS SALINS BRIDES LES BAINS,BOURG SAINT MAURICE,4,0.17916666666666667
MOUTIERS SALINS BRIDES LES BAINS,BOURG SAINT MAURICE,5,0.16785714285714284
MOUTIERS SALINS BRIDES LES BAINS,BOURG SAINT MAURICE,6,0.1619047619047619
MOUTIERS SALINS BRIDES LES BAINS,BOURG SAINT MAURICE,7,0.13749999999999998
MOUTIERS SALINS BRIDES LES BAINS,BOURG SAINT MAURICE,8,0.11904761904761904
MOUTIERS SALINS BRIDES LES BAINS,BOURG SAINT MAURICE,9,0.11607142857142858
MOUTIERS SALINS BRIDES LES BAINS,BOURG SAINT MAURICE,10,0.10297619047619049
MOUTIERS SALINS BRIDES LES BAINS,BOURG SAINT MAURICE,11,0.07321428571428572
MOUTIERS SALINS BRIDES LES BAINS,BOURG SAINT MAURICE,12,0.05178571428571428
MOUTIERS SALINS BRIDES LES BAINS,BOURG SAINT MAURICE,13,0.05301204819277109
MOUTIERS SALINS BRIDES LES BAINS,BOURG SAINT MAURICE,14,0.07168674698795181
MOUTIERS SALINS BRIDES LES BAINS,BOURG SAINT MAURICE,15,0.07349397590361445
MOUTIERS SALINS BRIDES LES BAINS,BOURG SAINT MAURICE,16,0.08554216867469878
MOUTIERS SALINS BRIDES LES BAINS,BOURG SAINT MAURICE,17,0.0783132530120482
MOUTIERS SALINS BRIDES LES BAINS,BOURG SAINT MAURICE,18,0.09096385542168675
MOUTIERS SALINS BRIDES LES BAINS,BOURG SAINT MAURICE,19,0.08433734939759036
MOUTIERS SALINS BRIDES LES BAINS,BOURG SAINT MAURICE,20,0.07349397590361445
MOUTIERS SALINS BRIDES LES BAINS,BOURG SAINT MAURICE,21,0.07349397590361445
MOUTIERS SALINS BRIDES LES BAINS,BOURG SAINT MAURICE,22,0.07108433734939759
MOUTIERS SALINS BRIDES LES BAINS,BOURG SAINT MAURICE,23,0.0608433734939759
MOUTIERS SALINS BRIDES LES BAINS,BOURG SAINT MAURICE,24,0.062048192771084344
MOUTIERS SALINS BRIDES LES BAINS,BOURG SAINT MAURICE,25,0.061445783132530116
MOUTIERS SALINS BRIDES LES BAINS,BOURG SAINT MAURICE,26,0.061445783132530116
MOUTIERS SALINS BRIDES LES BAINS,BOURG SAINT MAURICE,27,0.0608433734939759
MOUTIERS SALINS BRIDES LES BAINS,BOURG SAINT MAURICE,28,0.05963855421686747
MOUTIERS SALINS BRIDES LES BAINS,BOURG SAINT MAURICE,29,0.06325301204819277
MOUTIERS SALINS BRIDES LES BAINS,BOURG SAINT MAURICE,30,0.016265060240963858
MOUTIERS SALINS BRIDES LES BAINS,LANDRY,0,0.7738095238095238
MOUTIERS SALINS BRIDES LES BAINS,LANDRY,1,0.7470238095238095
MOUTIERS SALINS BRIDES LES BAINS,LANDRY,2,0.7343373493975904
MOUTIERS SALINS BRIDES LES BAINS,LANDRY,3,0.7071428571428571
MOUTIERS SALINS BRIDES LES BAINS,LANDRY,4,0.1732142857142857
MOUTIERS SALINS BRIDES LES BAINS,LANDRY,5,0.1630952380952381
MOUTIERS SALINS BRIDES LES BAINS,LANDRY,6,0.16071428571428573
MOUTIERS SALINS BRIDES LES BAINS,LANDRY,7,0.13333333333333333
MOUTIERS SALINS BRIDES LES BAINS,LANDRY,8,0.11964285714285715
MOUTIERS SALINS BRIDES LES BAINS,LANDRY,9,0.11666666666666667
MOUTIERS SALINS BRIDES LES BAINS,LANDRY,10,0.09821428571428571
MOUTIERS SALINS BRIDES LES BAINS,LANDRY,11,0.08035714285714286
MOUTIERS SALINS BRIDES LES BAINS,LANDRY,12,0.050595238095238096
MOUTIERS SALINS BRIDES LES BAINS,LANDRY,13,0.04879518072289157
MOUTIERS SALINS BRIDES LES BAINS,LANDRY,14,0.07108433734939758
MOUTIERS SALINS BRIDES LES BAINS,LANDRY,15,0.07228915662650602
MOUTIERS SALINS BRIDES LES BAINS,LANDRY,16,0.0819277108433735
MOUTIERS SALINS BRIDES LES BAINS,LANDRY,17,0.0783132530120482
MOUTIERS SALINS BRIDES LES BAINS,LANDRY,18,0.08855421686746988
MOUTIERS SALINS BRIDES LES BAINS,LANDRY,19,0.0819277108433735
MOUTIERS SALINS BRIDES LES BAINS,LANDRY,20,0.07108433734939758
MOUTIERS SALINS BRIDES LES BAINS,LANDRY,21,0.07289156626506024
MOUTIERS SALINS BRIDES LES BAINS,LANDRY,22,0.07108433734939759
MOUTIERS SALINS BRIDES LES BAINS,LANDRY,23,0.060240963855421686
MOUTIERS SALINS BRIDES LES BAINS,LANDRY,24,0.060240963855421686
MOUTIERS SALINS BRIDES LES BAINS,LANDRY,25,0.05903614457831326
MOUTIERS SALINS BRIDES LES BAINS,LANDRY,26,0.0608433734939759
MOUTIERS SALINS BRIDES LES BAINS,LANDRY,27,0.0608433734939759
MOUTIERS SALINS BRIDES LES BAINS,LANDRY,28,0.06204819277108433
MOUTIERS SALINS BRIDES LES BAINS,LANDRY,29,0.06807228915662651
MOUTIERS SALINS BRIDES LES BAINS,LANDRY,30,0.02289156626506024
PARIS (intramuros),AIME LA PLAGNE,0,0.6642857142857143
PARIS (intramuros),AIME LA PLAGNE,1,0.6636904761904762
PARIS (intramuros),AIME LA PLAGNE,2,0.6740963855421687
PARIS (intramuros),AIME LA PLAGNE,3,0.6422619047619048
PARIS (intramuros),AIME LA PLAGNE,4,0.35119047619047616
PARIS (intramuros),AIME LA PLAGNE,5,0.3398809523809524
PARIS (intramuros),AIME LA PLAGNE,6,0.3541666666666667
PARIS (intramuros),AIME LA PLAGNE,7,0.3357142857142857
PARIS (intramuros),AIME LA PLAGNE,8,0.2994047619047619
PARIS (intramuros),AIME LA PLAGNE,9,0.2922619047619048
PARIS (intramuros),AIME LA PLAGNE,10,0.3077380952380952
PARIS (intramuros),AIME LA PLAGNE,11,0.3208333333333333
PARIS (intramuros),AIME LA PLAGNE,12,0.2101190476190476
PARIS (intramuros),AIME LA PLAGNE,13,0.1993975903614458
PARIS (intramuros),AIME LA PLAGNE,14,0.19518072289156627
PARIS (intramuros),AIME LA PLAGNE,15,0.21445783132530122
PARIS (intramuros),AIME LA PLAGNE,16,0.23493975903614459
PARIS (intramuros),AIME LA PLAGNE,17,0.22951807228915663
PARIS (intramuros),AIME LA PLAGNE,18,0.23373493975903611
PARIS (intramuros),AIME LA PLAGNE,19,0.23915662650602412
PARIS (intramuros),AIME LA PLAGNE,20,0.24156626506024098
PARIS (intramuros),AIME LA PLAGNE,21,0.25662650602409637
PARIS (intramuros),AIME LA PLAGNE,22,0.2680722891566265
PARIS (intramuros),AIME LA PLAGNE,23,0.26506024096385544
PARIS (intramuros),AIME LA PLAGNE,24,0.25662650602409637
PARIS (intramuros),AIME LA PLAGNE,25,0.2614457831325301
PARIS (intramuros),AIME LA PLAGNE,26,0.26987951807228916
PARIS (intramuros),AIME LA PLAGNE,27,0.2933734939759036
PARIS (intramuros),AIME LA PLAGNE,28,0.31265060240963854
PARIS (intramuros),AIME LA PLAGNE,29,0.29036144578313255
PARIS (intramuros),AIME LA PLAGNE,30,0.07409638554216869
PARIS (intramuros),AIX LES BAINS LE REVARD,0,0.7392128279883382
PARIS (intramuros),AIX LES BAINS LE REVARD,1,0.7220116618075801
PARIS (intramuros),AIX LES BAINS LE REVARD,2,0.7106413994169096
PARIS (intramuros),AIX LES BAINS LE REVARD,3,0.7061224489795918
PARIS (intramuros),AIX LES BAINS LE REVARD,4,0.5701166180758018
PARIS (intramuros),AIX LES BAINS LE REVARD,5,0.5561224489795918
PARIS (intramuros),AIX LES BAINS LE REVARD,6,0.5564139941690962
PARIS (intramuros),AIX LES BAINS LE REVARD,7,0.5498542274052478
PARIS (intramuros),AIX LES BAINS LE REVARD,8,0.570262390670554
PARIS (intramuros),AIX LES BAINS LE REVARD,9,0.5743440233236151
PARIS (intramuros),AIX LES BAINS LE REVARD,10,0.5899416909620991
PARIS (intramuros),AIX LES BAINS LE REVARD,11,0.5940233236151603
PARIS (intramuros),AIX LES BAINS LE REVARD,12,0.3825072886297376
PARIS (intramuros),AIX LES BAINS LE REVARD,13,0.3794460641399417
PARIS (intramuros),AIX LES BAINS LE REVARD,14,0.3893586005830904
PARIS (intramuros),AIX LES BAINS LE REVARD,15,0.39999999999999997
PARIS (intramuros),AIX LES BAINS LE REVARD,16,0.40714285714285714
PARIS (intramuros),AIX LES BAINS LE REVARD,17,0.415597667638484
PARIS (intramuros),AIX LES BAINS LE REVARD,18,0.4042274052478134
PARIS (intramuros),AIX LES BAINS LE REVARD,19,0.4186588921282799
PARIS (intramuros),AIX LES BAINS LE REVARD,20,0.4335276967930029
PARIS (intramuros),AIX LES BAINS LE REVARD,21,0.4494169096209913
PARIS (intramuros),AIX LES BAINS LE REVARD,22,0.4715743440233236
PARIS (intramuros),AIX LES BAINS LE REVARD,23,0.47725947521865886
PARIS (intramuros),AIX LES BAINS LE REVARD,24,0.48567251461988303
PARIS (intramuros),AIX LES BAINS LE REVARD,25,0.5027777777777778
PARIS (intramuros),AIX LES BAINS LE REVARD,26,0.5004398826979473
PARIS (intramuros),AIX LES BAINS LE REVARD,27,0.5149560117302052
PARIS (intramuros),AIX LES BAINS LE REVARD,28,0.536217008797654
PARIS (intramuros),AIX LES BAINS LE REVARD,29,0.5378299120234604
PARIS (intramuros),AIX LES BAINS LE REVARD,30,0.07109144542772862
PARIS (intramuros),ALBERTVILLE,0,0.6625
PARIS (intramuros),ALBERTVILLE,1,0.6720238095238096
PARIS (intramuros),ALBERTVILLE,2,0.6668674698795181
PARIS (intramuros),ALBERTVILLE,3,0.6482142857142857
PARIS (intramuros),ALBERTVILLE,4,0.3607142857142857
PARIS (intramuros),ALBERTVILLE,5,0.35654761904761906
PARIS (intramuros),ALBERTVILLE,6,0.3607142857142857
PARIS (intramuros),ALBERTVILLE,7,0.3392857142857143
PARIS (intramuros),ALBERTVILLE,8,0.3041666666666667
PARIS (intramuros),ALBERTVILLE,9,0.2898809523809524
PARIS (intramuros),ALBERTVILLE,10,0.3148809523809524
PARIS (intramuros),ALBERTVILLE,11,0.3315476190476191
PARIS (intramuros),ALBERTVILLE,12,0.20595238095238097
PARIS (intramuros),ALBERTVILLE,13,0.20421686746987952
PARIS (intramuros),ALBERTVILLE,14,0.2
PARIS (intramuros),ALBERTVILLE,15,0.21506024096385543
PARIS (intramuros),ALBERTVILLE,16,0.23253012048192773
PARIS (intramuros),ALBERTVILLE,17,0.23072289156626505
PARIS (intramuros),ALBERTVILLE,18,0.23012048192771087
PARIS (intramuros),ALBERTVILLE,19,0.2397590361445783
PARIS (intramuros),ALBERTVILLE,20,0.2385542168674699
PARIS (intramuros),ALBERTVILLE,21,0.25120481927710847
PARIS (intramuros),ALBERTVILLE,22,0.26385542168674697
PARIS (intramuros),ALBERTVILLE,23,0.2710843373493976
PARIS (intramuros),ALBERTVILLE,24,0.2560240963855422
PARIS (intramuros),ALBERTVILLE,25,0.2644578313253012
PARIS (intramuros),ALBERTVILLE,26,0.26867469879518074
PARIS (intramuros),ALBERTVILLE,27,0.2933734939759036
PARIS (intramuros),ALBERTVILLE,28,0.30843373493975906
PARIS (intramuros),ALBERTVILLE,29,0.2969879518072289
PARIS (intramuros),ALBERTVILLE,30,0.05542168674698795
PARIS (intramuros),ANNECY,0,0.7303206997084548
PARIS (intramuros),ANNECY,1,0.7091836734693877
PARIS (intramuros),ANNECY,2,0.7077259475218659
PARIS (intramuros),ANNECY,3,0.6927113702623906
PARIS (intramuros),ANNECY,4,0.5626822157434402
PARIS (intramuros),ANNECY,5,0.5502915451895044
PARIS (intramuros),ANNECY,6,0.546064139941691
PARIS (intramuros),ANNECY,7,0.539067055393586
PARIS (intramuros),ANNECY,8,0.562536443148688
PARIS (intramuros),ANNECY,9,0.5638483965014578
PARIS (intramuros),ANNECY,10,0.5744897959183674
PARIS (intramuros),ANNECY,11,0.5797376093294461
PARIS (intramuros),ANNECY,12,0.3575801749271137
PARIS (intramuros),ANNECY,13,0.3590379008746356
PARIS (intramuros),ANNECY,14,0.373469387755102
PARIS (intramuros),ANNECY,15,0.38571428571428573
PARIS (intramuros),ANNECY,16,0.3930029154518951
PARIS (intramuros),ANNECY,17,0.4002915451895044
PARIS (intramuros),ANNECY,18,0.39664723032069976
PARIS (intramuros),ANNECY,19,0.4128279883381924
PARIS (intramuros),ANNECY,20,0.421137026239067
PARIS (intramuros),ANNECY,21,0.43658892128279886
PARIS (intramuros),ANNECY,22,0.45874635568513117
PARIS (intramuros),ANNECY,23,0.46399416909620994
PARIS (intramuros),ANNECY,24,0.47631578947368425
PARIS (intramuros),ANNECY,25,0.49137426900584796
PARIS (intramuros),ANNECY,26,0.49325513196480936
PARIS (intramuros),ANNECY,27,0.5036656891495601
PARIS (intramuros),ANNECY,28,0.5228739002932552
PARIS (intramuros),ANNECY,29,0.5219941348973607
PARIS (intramuros),ANNECY,30,0.07713864306784661
PARIS (intramuros),ANNEMASSE,0,0.421875
PARIS (intramuros),ANNEMASSE,1,0.4708333333333334
PARIS (intramuros),ANNEMASSE,2,0.4377659574468085
PARIS (intramuros),ANNEMASSE,3,0.4223404255319149
PARIS (intramuros),ANNEMASSE,4,0.26614583333333336
PARIS (intramuros),ANNEMASSE,5,0.26458333333333334
PARIS (intramuros),ANNEMASSE,6,0.2630208333333333
PARIS (intramuros),ANNEMASSE,7,0.26979166666666665
PARIS (intramuros),ANNEMASSE,8,0.27447916666666666
PARIS (intramuros),ANNEMASSE,9,0.2702127659574468
PARIS (intramuros),ANNEMASSE,10,0.2642105263157895
PARIS (intramuros),ANNEMASSE,11,0.2652631578947368
PARIS (intramuros),ANNEMASSE,12,0.12263157894736842
PARIS (intramuros),ANNEMASSE,13,0.11947368421052632
PARIS (intramuros),ANNEMASSE,14,0.11421052631578947
PARIS (intramuros),ANNEMASSE,15,0.10947368421052632
PARIS (intramuros),ANNEMASSE,16,0.12258064516129033
PARIS (intramuros),ANNEMASSE,17,0.12819148936170213
PARIS (intramuros),ANNEMASSE,18,0.13
PARIS (intramuros),ANNEMASSE,19,0.14105263157894737
PARIS (intramuros),ANNEMASSE,20,0.17052631578947366
PARIS (intramuros),ANNEMASSE,21,0.19421052631578947
PARIS (intramuros),ANNEMASSE,22,0.20842105263157895
PARIS (intramuros),ANNEMASSE,23,0.22150537634408604
PARIS (intramuros),ANNEMASSE,24,0.21223404255319148
PARIS (intramuros),ANNEMASSE,25,0.20894736842105266
PARIS (intramuros),ANNEMASSE,26,0.21157894736842106
PARIS (intramuros),ANNEMASSE,27,0.20578947368421052
PARIS (intramuros),ANNEMASSE,28,0.23052631578947366
PARIS (intramuros),ANNEMASSE,29,0.2594736842105263
PARIS (intramuros),ANNEMASSE,30,0.05053191489361702
PARIS (intramuros),BELLEGARDE SUR VALSERINE GARE,0,0.400531914893617
PARIS (intramuros),BELLEGARDE SUR VALSERINE GARE,1,0.4484042553191489
PARIS (intramuros),BELLEGARDE SUR VALSERINE GARE,2,0.39728260869565213
PARIS (intramuros),BELLEGARDE SUR VALSERINE GARE,3,0.3690217391304348
PARIS (intramuros),BELLEGARDE SUR VALSERINE GARE,4,0.24893617021276596
PARIS (intramuros),BELLEGARDE SUR VALSERINE GARE,5,0.2521276595744681
PARIS (intramuros),BELLEGARDE SUR VALSERINE GARE,6,0.24627659574468083
PARIS (intramuros),BELLEGARDE SUR VALSERINE GARE,7,0.25478723404255316
PARIS (intramuros),BELLEGARDE SUR VALSERINE GARE,8,0.2574468085106383
PARIS (intramuros),BELLEGARDE SUR VALSERINE GARE,9,0.2505434782608696
PARIS (intramuros),BELLEGARDE SUR VALSERINE GARE,10,0.24892473118279568
PARIS (intramuros),BELLEGARDE SUR VALSERINE GARE,11,0.24086021505376343
PARIS (intramuros),BELLEGARDE SUR VALSERINE GARE,12,0.12526881720430108
PARIS (intramuros),BELLEGARDE SUR VALSERINE GARE,13,0.12043010752688171
PARIS (intramuros),BELLEGARDE SUR VALSERINE GARE,14,0.11774193548387096
PARIS (intramuros),BELLEGARDE SUR VALSERINE GARE,15,0.11021505376344086
PARIS (intramuros),BELLEGARDE SUR VALSERINE GARE,16,0.11483516483516483
PARIS (intramuros),BELLEGARDE SUR VALSERINE GARE,17,0.11847826086956523
PARIS (intramuros),BELLEGARDE SUR VALSERINE GARE,18,0.12150537634408604
PARIS (intramuros),BELLEGARDE SUR VALSERINE GARE,19,0.13118279569892474
PARIS (intramuros),BELLEGARDE SUR VALSERINE GARE,20,0.16774193548387095
PARIS (intramuros),BELLEGARDE SUR VALSERINE GARE,21,0.1827956989247312
PARIS (intramuros),BELLEGARDE SUR VALSERINE GARE,22,0.19946236559139785
PARIS (intramuros),BELLEGARDE SUR VALSERINE GARE,23,0.21703296703296704
PARIS (intramuros),BELLEGARDE SUR VALSERINE GARE,24,0.20108695652173914
PARIS (intramuros),BELLEGARDE SUR VALSERINE GARE,25,0.20430107526881722
PARIS (intramuros),BELLEGARDE SUR VALSERINE GARE,26,0.2053763440860215
PARIS (intramuros),BELLEGARDE SUR VALSERINE GARE,27,0.1913978494623656
PARIS (intramuros),BELLEGARDE SUR VALSERINE GARE,28,0.22043010752688172
PARIS (intramuros),BELLEGARDE SUR VALSERINE GARE,29,0.2446236559139785
PARIS (intramuros),BELLEGARDE SUR VALSERINE GARE,30,0.04836956521739131
PARIS (intramuros),BOURG SAINT MAURICE,0,0.6720238095238096
PARIS (intramuros),BOURG SAINT MAURICE,1,0.6690476190476191
PARIS (intramuros),BOURG SAINT MAURICE,2,0.6680722891566265
PARIS (intramuros),BOURG SAINT MAURICE,3,0.6386904761904761
PARIS (intramuros),BOURG SAINT MAURICE,4,0.35773809523809524
PARIS (intramuros),BOURG SAINT MAURICE,5,0.3517857142857143
PARIS (intramuros),BOURG SAINT MAURICE,6,0.3630952380952381
PARIS (intramuros),BOURG SAINT MAURICE,7,0.3375
PARIS (intramuros),BOURG SAINT MAURICE,8,0.2994047619047619
PARIS (intramuros),BOURG SAINT MAURICE,9,0.28809523809523807
PARIS (intramuros),BOURG SAINT MAURICE,10,0.3125
PARIS (intramuros),BOURG SAINT MAURICE,11,0.3148809523809524
PARIS (intramuros),BOURG SAINT MAURICE,12,0.21369047619047618
PARIS (intramuros),BOURG SAINT MAURICE,13,0.2060240963855422
PARIS (intramuros),BOURG SAINT MAURICE,14,0.19578313253012047
PARIS (intramuros),BOURG SAINT MAURICE,15,0.21385542168674698
PARIS (intramuros),BOURG SAINT MAURICE,16,0.23493975903614459
PARIS (intramuros),BOURG SAINT MAURICE,17,0.23072289156626505
PARIS (intramuros),BOURG SAINT MAURICE,18,0.23012048192771087
PARIS (intramuros),BOURG SAINT MAURICE,19,0.23795180722891565
PARIS (intramuros),BOURG SAINT MAURICE,20,0.24277108433734937
PARIS (intramuros),BOURG SAINT MAURICE,21,0.2602409638554217
PARIS (intramuros),BOURG SAINT MAURICE,22,0.26385542168674697
PARIS (intramuros),BOURG SAINT MAURICE,23,0.2644578313253012
PARIS (intramuros),BOURG SAINT MAURICE,24,0.2560240963855422
PARIS (intramuros),BOURG SAINT MAURICE,25,0.2644578313253012
PARIS (intramuros),BOURG SAINT MAURICE,26,0.27349397590361446
PARIS (intramuros),BOURG SAINT MAURICE,27,0.2939759036144578
PARIS (intramuros),BOURG SAINT MAURICE,28,0.3060240963855422
PARIS (intramuros),BOURG SAINT MAURICE,29,0.2789156626506024
PARIS (intramuros),BOURG SAINT MAURICE,30,0.0608433734939759
PARIS (intramuros),CHAMBERY CHALLES LES EAUX,0,0.7423188405797102
PARIS (intramuros),CHAMBERY CHALLES LES EAUX,1,0.7379710144927536
PARIS (intramuros),CHAMBERY CHALLES LES EAUX,2,0.7372463768115942
PARIS (intramuros),CHAMBERY CHALLES LES EAUX,3,0.7271014492753624
PARIS (intramuros),CHAMBERY CHALLES LES EAUX,4,0.5934782608695652
PARIS (intramuros),CHAMBERY CHALLES LES EAUX,5,0.5831884057971014
PARIS (intramuros),CHAMBERY CHALLES LES EAUX,6,0.5781159420289854
PARIS (intramuros),CHAMBERY CHALLES LES EAUX,7,0.5707246376811594
PARIS (intramuros),CHAMBERY CHALLES LES EAUX,8,0.583768115942029
PARIS (intramuros),CHAMBERY CHALLES LES EAUX,9,0.5898550724637681
PARIS (intramuros),CHAMBERY CHALLES LES EAUX,10,0.6079710144927536
PARIS (intramuros),CHAMBERY CHALLES LES EAUX,11,0.6098550724637681
PARIS (intramuros),CHAMBERY CHALLES LES EAUX,12,0.3965217391304348
PARIS (intramuros),CHAMBERY CHALLES LES EAUX,13,0.3921739130434783
PARIS (intramuros),CHAMBERY CHALLES LES EAUX,14,0.40101449275362316
PARIS (intramuros),CHAMBERY CHALLES LES EAUX,15,0.4182608695652174
PARIS (intramuros),CHAMBERY CHALLES LES EAUX,16,0.4326086956521739
PARIS (intramuros),CHAMBERY CHALLES LES EAUX,17,0.43869565217391304
PARIS (intramuros),CHAMBERY CHALLES LES EAUX,18,0.42971014492753623
PARIS (intramuros),CHAMBERY CHALLES LES EAUX,19,0.4410144927536232
PARIS (intramuros),CHAMBERY CHALLES LES EAUX,20,0.45231884057971017
PARIS (intramuros),CHAMBERY CHALLES LES EAUX,21,0.468695652173913
PARIS (intramuros),CHAMBERY CHALLES LES EAUX,22,0.48463768115942024
PARIS (intramuros),CHAMBERY CHALLES LES EAUX,23,0.48681159420289855
PARIS (intramuros),CHAMBERY CHALLES LES EAUX,24,0.49912790697674414
PARIS (intramuros),CHAMBERY CHALLES LES EAUX,25,0.5171511627906977
PARIS (intramuros),CHAMBERY CHALLES LES EAUX,26,0.5186588921282799
PARIS (intramuros),CHAMBERY CHALLES LES EAUX,27,0.532798833819242
PARIS (intramuros),CHAMBERY CHALLES LES EAUX,28,0.5501457725947522
PARIS (intramuros),CHAMBERY CHALLES LES EAUX,29,0.5530612244897959
PARIS (intramuros),CHAMBERY CHALLES LES EAUX,30,0.08636363636363636
PARIS (intramuros),CLUSES (HAUTE SAVOIE),0,0.4951923076923077
PARIS (intramuros),CLUSES (HAUTE SAVOIE),1,0.5288461538461539
PARIS (intramuros),CLUSES (HAUTE SAVOIE),2,0.5137254901960784
PARIS (intramuros),CLUSES (HAUTE SAVOIE),3,0.5682692307692307
PARIS (intramuros),CLUSES (HAUTE SAVOIE),4,0.41923076923076924
PARIS (intramuros),CLUSES (HAUTE SAVOIE),5,0.42403846153846153
PARIS (intramuros),CLUSES (HAUTE SAVOIE),6,0.42403846153846153
PARIS (intramuros),CLUSES (HAUTE SAVOIE),7,0.40673076923076923
PARIS (intramuros),CLUSES (HAUTE SAVOIE),8,0.40576923076923077
PARIS (intramuros),CLUSES (HAUTE SAVOIE),9,0.4163461538461538
PARIS (intramuros),CLUSES (HAUTE SAVOIE),10,0.43653846153846154
PARIS (intramuros),CLUSES (HAUTE SAVOIE),11,0.4153846153846154
PARIS (intramuros),CLUSES (HAUTE SAVOIE),12,0.27307692307692305
PARIS (intramuros),CLUSES (HAUTE SAVOIE),13,0.2586538461538461
PARIS (intramuros),CLUSES (HAUTE SAVOIE),14,0.2605769230769231
PARIS (intramuros),CLUSES (HAUTE SAVOIE),15,0.27692307692307694
PARIS (intramuros),CLUSES (HAUTE SAVOIE),16,0.28846153846153844
PARIS (intramuros),CLUSES (HAUTE SAVOIE),17,0.28942307692307695
PARIS (intramuros),CLUSES (HAUTE SAVOIE),18,0.29134615384615387
PARIS (intramuros),CLUSES (HAUTE SAVOIE),19,0.3076923076923077
PARIS (intramuros),CLUSES (HAUTE SAVOIE),20,0.31634615384615383
PARIS (intramuros),CLUSES (HAUTE SAVOIE),21,0.3057692307692308
PARIS (intramuros),CLUSES (HAUTE SAVOIE),22,0.29134615384615387
PARIS (intramuros),CLUSES (HAUTE SAVOIE),23,0.275
PARIS (intramuros),CLUSES (HAUTE SAVOIE),24,0.3
PARIS (intramuros),CLUSES (HAUTE SAVOIE),25,0.2932692307692308
PARIS (intramuros),CLUSES (HAUTE SAVOIE),26,0.2826923076923077
PARIS (intramuros),CLUSES (HAUTE SAVOIE),27,0.29134615384615387
PARIS (intramuros),CLUSES (HAUTE SAVOIE),28,0.3173076923076923
PARIS (intramuros),CLUSES (HAUTE SAVOIE),29,0.33076923076923076
PARIS (intramuros),CLUSES (HAUTE SAVOIE),30,0.06442307692307693
PARIS (intramuros),EVIAN LES BAINS,0,0.42812500000000003
PARIS (intramuros),EVIAN LES BAINS,1,0.43593750000000003
PARIS (intramuros),EVIAN LES BAINS,2,0.39893617021276595
PARIS (intramuros),EVIAN LES BAINS,3,0.35531914893617017
PARIS (intramuros),EVIAN LES BAINS,4,0.22239583333333332
PARIS (intramuros),EVIAN LES BAINS,5,0.22187500000000002
PARIS (intramuros),EVIAN LES BAINS,6,0.25104166666666666
PARIS (intramuros),EVIAN LES BAINS,7,0.253125
PARIS (intramuros),EVIAN LES BAINS,8,0.24427083333333333
PARIS (intramuros),EVIAN LES BAINS,9,0.2526595744680851
PARIS (intramuros),EVIAN LES BAINS,10,0.24105263157894735
PARIS (intramuros),EVIAN LES BAINS,11,0.24105263157894735
PARIS (intramuros),EVIAN LES BAINS,12,0.10473684210526316
PARIS (intramuros),EVIAN LES BAINS,13,0.10210526315789473
PARIS (intramuros),EVIAN LES BAINS,14,0.09736842105263158
PARIS (intramuros),EVIAN LES BAINS,15,0.09842105263157894
PARIS (intramuros),EVIAN LES BAINS,16,0.11666666666666667
PARIS (intramuros),EVIAN LES BAINS,17,0.12393617021276596
PARIS (intramuros),EVIAN LES BAINS,18,0.1268421052631579
PARIS (intramuros),EVIAN LES BAINS,19,0.13789473684210526
PARIS (intramuros),EVIAN LES BAINS,20,0.15
PARIS (intramuros),EVIAN LES BAINS,21,0.17157894736842105
PARIS (intramuros),EVIAN LES BAINS,22,0.1868421052631579
PARIS (intramuros),EVIAN LES BAINS,23,0.19301075268817203
PARIS (intramuros),EVIAN LES BAINS,24,0.1851063829787234
PARIS (intramuros),EVIAN LES BAINS,25,0.19210526315789472
PARIS (intramuros),EVIAN LES BAINS,26,0.19421052631578947
PARIS (intramuros),EVIAN LES BAINS,27,0.19894736842105262
PARIS (intramuros),EVIAN LES BAINS,28,0.2257894736842105
PARIS (intramuros),EVIAN LES BAINS,29,0.2373684210526316
PARIS (intramuros),EVIAN LES BAINS,30,0.04893617021276595
PARIS (intramuros),LANDRY,0,0.6684523809523809
PARIS (intramuros),LANDRY,1,0.6714285714285714
PARIS (intramuros),LANDRY,2,0.663855421686747
PARIS (intramuros),LANDRY,3,0.6464285714285714
PARIS (intramuros),LANDRY,4,0.3464285714285714
PARIS (intramuros),LANDRY,5,0.34345238095238095
PARIS (intramuros),LANDRY,6,0.3601190476190476
PARIS (intramuros),LANDRY,7,0.3404761904761905
PARIS (intramuros),LANDRY,8,0.3011904761904762
PARIS (intramuros),LANDRY,9,0.2970238095238095
PARIS (intramuros),LANDRY,10,0.3130952380952381
PARIS (intramuros),LANDRY,11,0.3202380952380952
PARIS (intramuros),LANDRY,12,0.2119047619047619
PARIS (intramuros),LANDRY,13,0.20963855421686745
PARIS (intramuros),LANDRY,14,0.19879518072289157
PARIS (intramuros),LANDRY,15,0.21084337349397592
PARIS (intramuros),LANDRY,16,0.22951807228915663
PARIS (intramuros),LANDRY,17,0.22710843373493977
PARIS (intramuros),LANDRY,18,0.23012048192771087
PARIS (intramuros),LANDRY,19,0.23614457831325303
PARIS (intramuros),LANDRY,20,0.2385542168674699
PARIS (intramuros),LANDRY,21,0.25180722891566265
PARIS (intramuros),LANDRY,22,0.2632530120481928
PARIS (intramuros),LANDRY,23,0.2644578313253012
PARIS (intramuros),LANDRY,24,0.25903614457831325
PARIS (intramuros),LANDRY,25,0.269277108433735
PARIS (intramuros),LANDRY,26,0.2680722891566265
PARIS (intramuros),LANDRY,27,0.28674698795180725
PARIS (intramuros),LANDRY,28,0.2993975903614458
PARIS (intramuros),LANDRY,29,0.2921686746987952
PARIS (intramuros),LANDRY,30,0.0789156626506024
PARIS (intramuros),MACON LOCHE TGV,0,0.767536231884058
PARIS (intramuros),MACON LOCHE TGV,1,0.7534782608695652
PARIS (intramuros),MACON LOCHE TGV,2,0.7466666666666667
PARIS (intramuros),MACON LOCHE TGV,3,0.7239130434782609
PARIS (intramuros),MACON LOCHE TGV,4,0.6088405797101449
PARIS (intramuros),MACON LOCHE TGV,5,0.5928985507246377
PARIS (intramuros),MACON LOCHE TGV,6,0.5855072463768116
PARIS (intramuros),MACON LOCHE TGV,7,0.5750724637681159
PARIS (intramuros),MACON LOCHE TGV,8,0.6056521739130435
PARIS (intramuros),MACON LOCHE TGV,9,0.6168115942028985
PARIS (intramuros),MACON LOCHE TGV,10,0.6340579710144928
PARIS (intramuros),MACON LOCHE TGV,11,0.6334782608695653
PARIS (intramuros),MACON LOCHE TGV,12,0.39463768115942033
PARIS (intramuros),MACON LOCHE TGV,13,0.3926086956521739
PARIS (intramuros),MACON LOCHE TGV,14,0.40260869565217394
PARIS (intramuros),MACON LOCHE TGV,15,0.4142028985507247
PARIS (intramuros),MACON LOCHE TGV,16,0.42260869565217396
PARIS (intramuros),MACON LOCHE TGV,17,0.43333333333333335
PARIS (intramuros),MACON LOCHE TGV,18,0.4215942028985507
PARIS (intramuros),MACON LOCHE TGV,19,0.4343478260869565
PARIS (intramuros),MACON LOCHE TGV,20,0.44289855072463774
PARIS (intramuros),MACON LOCHE TGV,21,0.46173913043478265
PARIS (intramuros),MACON LOCHE TGV,22,0.4782608695652174
PARIS (intramuros),MACON LOCHE TGV,23,0.4852173913043478
PARIS (intramuros),MACON LOCHE TGV,24,0.49781976744186046
PARIS (intramuros),MACON LOCHE TGV,25,0.5167151162790697
PARIS (intramuros),MACON LOCHE TGV,26,0.5154518950437318
PARIS (intramuros),MACON LOCHE TGV,27,0.5263848396501458
PARIS (intramuros),MACON LOCHE TGV,28,0.5450437317784256
PARIS (intramuros),MACON LOCHE TGV,29,0.5422740524781341
PARIS (intramuros),MACON LOCHE TGV,30,0.08519061583577713
PARIS (intramuros),MODANE,0,0.65125
PARIS (intramuros),MODANE,1,0.6525000000000001
PARIS (intramuros),MODANE,2,0.591025641025641
PARIS (intramuros),MODANE,3,0.5549999999999999
PARIS (intramuros),MODANE,4,0.38375
PARIS (intramuros),MODANE,5,0.34375
PARIS (intramuros),MODANE,6,0.34249999999999997
PARIS (intramuros),MODANE,7,0.32875
PARIS (intramuros),MODANE,8,0.30874999999999997
PARIS (intramuros),MODANE,9,0.32125
PARIS (intramuros),MODANE,10,0.32375
PARIS (intramuros),MODANE,11,0.3025
PARIS (intramuros),MODANE,12,0.18
PARIS (intramuros),MODANE,13,0.175
PARIS (intramuros),MODANE,14,0.17375000000000002
PARIS (intramuros),MODANE,15,0.1775
PARIS (intramuros),MODANE,16,0.18
PARIS (intramuros),MODANE,17,0.19375
PARIS (intramuros),MODANE,18,0.20125
PARIS (intramuros),MODANE,19,0.2
PARIS (intramuros),MODANE,20,0.20249999999999999
PARIS (intramuros),MODANE,21,0.2
PARIS (intramuros),MODANE,22,0.21749999999999997
PARIS (intramuros),MODANE,23,0.22374999999999998
PARIS (intramuros),MODANE,24,0.225
PARIS (intramuros),MODANE,25,0.22999999999999998
PARIS (intramuros),MODANE,26,0.24500000000000002
PARIS (intramuros),MODANE,27,0.26
PARIS (intramuros),MODANE,28,0.25125000000000003
PARIS (intramuros),MODANE,29,0.24375
PARIS (intramuros),MODANE,30,0.04625
PARIS (intramuros),MOUTIERS SALINS BRIDES LES BAINS,0,0.6619047619047619
PARIS (intramuros),MOUTIERS SALINS BRIDES LES BAINS,1,0.6660714285714286
PARIS (intramuros),MOUTIERS SALINS BRIDES LES BAINS,2,0.6765060240963855
PARIS (intramuros),MOUTIERS SALINS BRIDES LES BAINS,3,0.656547619047619
PARIS (intramuros),MOUTIERS SALINS BRIDES LES BAINS,4,0.3619047619047619
PARIS (intramuros),MOUTIERS SALINS BRIDES LES BAINS,5,0.34345238095238095
PARIS (intramuros),MOUTIERS SALINS BRIDES LES BAINS,6,0.3559523809523809
PARIS (intramuros),MOUTIERS SALINS BRIDES LES BAINS,7,0.33392857142857146
PARIS (intramuros),MOUTIERS SALINS BRIDES LES BAINS,8,0.2994047619047619
PARIS (intramuros),MOUTIERS SALINS BRIDES LES BAINS,9,0.2922619047619048
PARIS (intramuros),MOUTIERS SALINS BRIDES LES BAINS,10,0.31785714285714284
PARIS (intramuros),MOUTIERS SALINS BRIDES LES BAINS,11,0.325
PARIS (intramuros),MOUTIERS SALINS BRIDES LES BAINS,12,0.20654761904761906
PARIS (intramuros),MOUTIERS SALINS BRIDES LES BAINS,13,0.2030120481927711
PARIS (intramuros),MOUTIERS SALINS BRIDES LES BAINS,14,0.20120481927710843
PARIS (intramuros),MOUTIERS SALINS BRIDES LES BAINS,15,0.21265060240963854
PARIS (intramuros),MOUTIERS SALINS BRIDES LES BAINS,16,0.23373493975903611
PARIS (intramuros),MOUTIERS SALINS BRIDES LES BAINS,17,0.23253012048192773
PARIS (intramuros),MOUTIERS SALINS BRIDES LES BAINS,18,0.22951807228915663
PARIS (intramuros),MOUTIERS SALINS BRIDES LES BAINS,19,0.23915662650602412
PARIS (intramuros),MOUTIERS SALINS BRIDES LES BAINS,20,0.2367469879518072
PARIS (intramuros),MOUTIERS SALINS BRIDES LES BAINS,21,0.25421686746987954
PARIS (intramuros),MOUTIERS SALINS BRIDES LES BAINS,22,0.2608433734939759
PARIS (intramuros),MOUTIERS SALINS BRIDES LES BAINS,23,0.26385542168674697
PARIS (intramuros),MOUTIERS SALINS BRIDES LES BAINS,24,0.25662650602409637
PARIS (intramuros),MOUTIERS SALINS BRIDES LES BAINS,25,0.26265060240963856
PARIS (intramuros),MOUTIERS SALINS BRIDES LES BAINS,26,0.25662650602409637
PARIS (intramuros),MOUTIERS SALINS BRIDES LES BAINS,27,0.2921686746987952
PARIS (intramuros),MOUTIERS SALINS BRIDES LES BAINS,28,0.30662650602409636
PARIS (intramuros),MOUTIERS SALINS BRIDES LES BAINS,29,0.29638554216867474
PARIS (intramuros),MOUTIERS SALINS BRIDES LES BAINS,30,0.06566265060240964
PARIS (intramuros),SAINT AVRE LA CHAMBRE,0,0.66625
PARIS (intramuros),SAINT AVRE LA CHAMBRE,1,0.645
PARIS (intramuros),SAINT AVRE LA CHAMBRE,2,0.5679487179487179
PARIS (intramuros),SAINT AVRE LA CHAMBRE,3,0.56375
PARIS (intramuros),SAINT AVRE LA CHAMBRE,4,0.34125
PARIS (intramuros),SAINT AVRE LA CHAMBRE,5,0.3075
PARIS (intramuros),SAINT AVRE LA CHAMBRE,6,0.325
PARIS (intramuros),SAINT AVRE LA CHAMBRE,7,0.30375
PARIS (intramuros),SAINT AVRE LA CHAMBRE,8,0.3025
PARIS (intramuros),SAINT AVRE LA CHAMBRE,9,0.3225
PARIS (intramuros),SAINT AVRE LA CHAMBRE,10,0.33875
PARIS (intramuros),SAINT AVRE LA CHAMBRE,11,0.31875
PARIS (intramuros),SAINT AVRE LA CHAMBRE,12,0.18
PARIS (intramuros),SAINT AVRE LA CHAMBRE,13,0.17375000000000002
PARIS (intramuros),SAINT AVRE LA CHAMBRE,14,0.17375000000000002
PARIS (intramuros),SAINT AVRE LA CHAMBRE,15,0.17375000000000002
PARIS (intramuros),SAINT AVRE LA CHAMBRE,16,0.18
PARIS (intramuros),SAINT AVRE LA CHAMBRE,17,0.1975
PARIS (intramuros),SAINT AVRE LA CHAMBRE,18,0.20125
PARIS (intramuros),SAINT AVRE LA CHAMBRE,19,0.19875
PARIS (intramuros),SAINT AVRE LA CHAMBRE,20,0.2
PARIS (intramuros),SAINT AVRE LA CHAMBRE,21,0.205
PARIS (intramuros),SAINT AVRE LA CHAMBRE,22,0.22125
PARIS (intramuros),SAINT AVRE LA CHAMBRE,23,0.22749999999999998
PARIS (intramuros),SAINT AVRE LA CHAMBRE,24,0.23374999999999999
PARIS (intramuros),SAINT AVRE LA CHAMBRE,25,0.2325
PARIS (intramuros),SAINT AVRE LA CHAMBRE,26,0.2525
PARIS (intramuros),SAINT AVRE LA CHAMBRE,27,0.2625
PARIS (intramuros),SAINT AVRE LA CHAMBRE,28,0.24874999999999997
PARIS (intramuros),SAINT AVRE LA CHAMBRE,29,0.24375
PARIS (intramuros),SAINT AVRE LA CHAMBRE,30,0.027500000000000004
PARIS (intramuros),SALLANCHES COMBLOUX MEGEVE,0,0.48750000000000004
PARIS (intramuros),SALLANCHES COMBLOUX MEGEVE,1,0.5230769230769231
PARIS (intramuros),SALLANCHES COMBLOUX MEGEVE,2,0.5088235294117647
PARIS (intramuros),SALLANCHES COMBLOUX MEGEVE,3,0.5634615384615385
PARIS (intramuros),SALLANCHES COMBLOUX MEGEVE,4,0.42596153846153845
PARIS (intramuros),SALLANCHES COMBLOUX MEGEVE,5,0.4269230769230769
PARIS (intramuros),SALLANCHES COMBLOUX MEGEVE,6,0.4211538461538461
PARIS (intramuros),SALLANCHES COMBLOUX MEGEVE,7,0.4115384615384615
PARIS (intramuros),SALLANCHES COMBLOUX MEGEVE,8,0.4096153846153846
PARIS (intramuros),SALLANCHES COMBLOUX MEGEVE,9,0.41923076923076924
PARIS (intramuros),SALLANCHES COMBLOUX MEGEVE,10,0.4326923076923077
PARIS (intramuros),SALLANCHES COMBLOUX MEGEVE,11,0.4153846153846154
PARIS (intramuros),SALLANCHES COMBLOUX MEGEVE,12,0.2673076923076923
PARIS (intramuros),SALLANCHES COMBLOUX MEGEVE,13,0.24903846153846151
PARIS (intramuros),SALLANCHES COMBLOUX MEGEVE,14,0.25096153846153846
PARIS (intramuros),SALLANCHES COMBLOUX MEGEVE,15,0.28076923076923077
PARIS (intramuros),SALLANCHES COMBLOUX MEGEVE,16,0.29423076923076924
PARIS (intramuros),SALLANCHES COMBLOUX MEGEVE,17,0.2932692307692308
PARIS (intramuros),SALLANCHES COMBLOUX MEGEVE,18,0.29134615384615387
PARIS (intramuros),SALLANCHES COMBLOUX MEGEVE,19,0.3019230769230769
PARIS (intramuros),SALLANCHES COMBLOUX MEGEVE,20,0.3173076923076923
PARIS (intramuros),SALLANCHES COMBLOUX MEGEVE,21,0.3048076923076923
PARIS (intramuros),SALLANCHES COMBLOUX MEGEVE,22,0.2875
PARIS (intramuros),SALLANCHES COMBLOUX MEGEVE,23,0.27884615384615385
PARIS (intramuros),SALLANCHES COMBLOUX MEGEVE,24,0.30096153846153845
PARIS (intramuros),SALLANCHES COMBLOUX MEGEVE,25,0.3019230769230769
PARIS (intramuros),SALLANCHES COMBLOUX MEGEVE,26,0.2826923076923077
PARIS (intramuros),SALLANCHES COMBLOUX MEGEVE,27,0.29038461538461535
PARIS (intramuros),SALLANCHES COMBLOUX MEGEVE,28,0.3153846153846154
PARIS (intramuros),SALLANCHES COMBLOUX MEGEVE,29,0.31057692307692303
PARIS (intramuros),SALLANCHES COMBLOUX MEGEVE,30,0.07019230769230769
PARIS (intramuros),ST GERVAIS LES BAINS LE FAYET,0,0.4730769230769231
PARIS (intramuros),ST GERVAIS LES BAINS LE FAYET,1,0.5067307692307692
PARIS (intramuros),ST GERVAIS LES BAINS LE FAYET,2,0.5068627450980392
PARIS (intramuros),ST GERVAIS LES BAINS LE FAYET,3,0.5644230769230769
PARIS (intramuros),ST GERVAIS LES BAINS LE FAYET,4,0.4230769230769231
PARIS (intramuros),ST GERVAIS LES BAINS LE FAYET,5,0.4125
PARIS (intramuros),ST GERVAIS LES BAINS LE FAYET,6,0.4096153846153846
PARIS (intramuros),ST GERVAIS LES BAINS LE FAYET,7,0.4153846153846154
PARIS (intramuros),ST GERVAIS LES BAINS LE FAYET,8,0.4048076923076923
PARIS (intramuros),ST GERVAIS LES BAINS LE FAYET,9,0.4019230769230769
PARIS (intramuros),ST GERVAIS LES BAINS LE FAYET,10,0.42500000000000004
PARIS (intramuros),ST GERVAIS LES BAINS LE FAYET,11,0.40384615384615385
PARIS (intramuros),ST GERVAIS LES BAINS LE FAYET,12,0.2692307692307692
PARIS (intramuros),ST GERVAIS LES BAINS LE FAYET,13,0.2557692307692308
PARIS (intramuros),ST GERVAIS LES BAINS LE FAYET,14,0.2653846153846154
PARIS (intramuros),ST GERVAIS LES BAINS LE FAYET,15,0.2826923076923077
PARIS (intramuros),ST GERVAIS LES BAINS LE FAYET,16,0.2846153846153846
PARIS (intramuros),ST GERVAIS LES BAINS LE FAYET,17,0.28557692307692306
PARIS (intramuros),ST GERVAIS LES BAINS LE FAYET,18,0.2865384615384615
PARIS (intramuros),ST GERVAIS LES BAINS LE FAYET,19,0.3048076923076923
PARIS (intramuros),ST GERVAIS LES BAINS LE FAYET,20,0.31923076923076926
PARIS (intramuros),ST GERVAIS LES BAINS LE FAYET,21,0.3096153846153846
PARIS (intramuros),ST GERVAIS LES BAINS LE FAYET,22,0.29423076923076924
PARIS (intramuros),ST GERVAIS LES BAINS LE FAYET,23,0.2778846153846154
PARIS (intramuros),ST GERVAIS LES BAINS LE FAYET,24,0.29423076923076924
PARIS (intramuros),ST GERVAIS LES BAINS LE FAYET,25,0.3
PARIS (intramuros),ST GERVAIS LES BAINS LE FAYET,26,0.27884615384615385
PARIS (intramuros),ST GERVAIS LES BAINS LE FAYET,27,0.28846153846153844
PARIS (intramuros),ST GERVAIS LES BAINS LE FAYET,28,0.3182692307692308
PARIS (intramuros),ST GERVAIS LES BAINS LE FAYET,29,0.3067307692307692
PARIS (intramuros),ST GERVAIS LES BAINS LE FAYET,30,0.07115384615384615
PARIS (intramuros),ST JEAN DE MAURIENNE ARVAN,0,0.6625
PARIS (intramuros),ST JEAN DE MAURIENNE ARVAN,1,0.6637500000000001
PARIS (intramuros),ST JEAN DE MAURIENNE ARVAN,2,0.6076923076923076
PARIS (intramuros),ST JEAN DE MAURIENNE ARVAN,3,0.57875
PARIS (intramuros),ST JEAN DE MAURIENNE ARVAN,4,0.37374999999999997
PARIS (intramuros),ST JEAN DE MAURIENNE ARVAN,5,0.335
PARIS (intramuros),ST JEAN DE MAURIENNE ARVAN,6,0.33999999999999997
PARIS (intramuros),ST JEAN DE MAURIENNE ARVAN,7,0.33375
PARIS (intramuros),ST JEAN DE MAURIENNE ARVAN,8,0.31124999999999997
PARIS (intramuros),ST JEAN DE MAURIENNE ARVAN,9,0.3225
PARIS (intramuros),ST JEAN DE MAURIENNE ARVAN,10,0.32
PARIS (intramuros),ST JEAN DE MAURIENNE ARVAN,11,0.3075
PARIS (intramuros),ST JEAN DE MAURIENNE ARVAN,12,0.18125
PARIS (intramuros),ST JEAN DE MAURIENNE ARVAN,13,0.17625
PARIS (intramuros),ST JEAN DE MAURIENNE ARVAN,14,0.1775
PARIS (intramuros),ST JEAN DE MAURIENNE ARVAN,15,0.17875000000000002
PARIS (intramuros),ST JEAN DE MAURIENNE ARVAN,16,0.1825
PARIS (intramuros),ST JEAN DE MAURIENNE ARVAN,17,0.195
PARIS (intramuros),ST JEAN DE MAURIENNE ARVAN,18,0.2
PARIS (intramuros),ST JEAN DE MAURIENNE ARVAN,19,0.20125
PARIS (intramuros),ST JEAN DE MAURIENNE ARVAN,20,0.20125
PARIS (intramuros),ST JEAN DE MAURIENNE ARVAN,21,0.20875
PARIS (intramuros),ST JEAN DE MAURIENNE ARVAN,22,0.225
PARIS (intramuros),ST JEAN DE MAURIENNE ARVAN,23,0.22125
PARIS (intramuros),ST JEAN DE MAURIENNE ARVAN,24,0.22749999999999998
PARIS (intramuros),ST JEAN DE MAURIENNE ARVAN,25,0.2325
PARIS (intramuros),ST JEAN DE MAURIENNE ARVAN,26,0.24874999999999997
PARIS (intramuros),ST JEAN DE MAURIENNE ARVAN,27,0.26375000000000004
PARIS (intramuros),ST JEAN DE MAURIENNE ARVAN,28,0.2525
PARIS (intramuros),ST JEAN DE MAURIENNE ARVAN,29,0.23875000000000002
PARIS (intramuros),ST JEAN DE MAURIENNE ARVAN,30,0.03625
PARIS (intramuros),ST MICHEL VALLOIRE,0,0.6637500000000001
PARIS (intramuros),ST MICHEL VALLOIRE,1,0.6425
PARIS (intramuros),ST MICHEL VALLOIRE,2,0.5628205128205128
PARIS (intramuros),ST MICHEL VALLOIRE,3,0.5349999999999999
PARIS (intramuros),ST MICHEL VALLOIRE,4,0.355
PARIS (intramuros),ST MICHEL VALLOIRE,5,0.30625
PARIS (intramuros),ST MICHEL VALLOIRE,6,0.3025
PARIS (intramuros),ST MICHEL VALLOIRE,7,0.305
PARIS (intramuros),ST MICHEL VALLOIRE,8,0.2975
PARIS (intramuros),ST MICHEL VALLOIRE,9,0.315
PARIS (intramuros),ST MICHEL VALLOIRE,10,0.31875
PARIS (intramuros),ST MICHEL VALLOIRE,11,0.3025
PARIS (intramuros),ST MICHEL VALLOIRE,12,0.185
PARIS (intramuros),ST MICHEL VALLOIRE,13,0.17875000000000002
PARIS (intramuros),ST MICHEL VALLOIRE,14,0.17375000000000002
PARIS (intramuros),ST MICHEL VALLOIRE,15,0.17375000000000002
PARIS (intramuros),ST MICHEL VALLOIRE,16,0.18125
PARIS (intramuros),ST MICHEL VALLOIRE,17,0.195
PARIS (intramuros),ST MICHEL VALLOIRE,18,0.19624999999999998
PARIS (intramuros),ST MICHEL VALLOIRE,19,0.19875
PARIS (intramuros),ST MICHEL VALLOIRE,20,0.2
PARIS (intramuros),ST MICHEL VALLOIRE,21,0.20125
PARIS (intramuros),ST MICHEL VALLOIRE,22,0.2125
PARIS (intramuros),ST MICHEL VALLOIRE,23,0.22374999999999998
PARIS (intramuros),ST MICHEL VALLOIRE,24,0.22625
PARIS (intramuros),ST MICHEL VALLOIRE,25,0.22999999999999998
PARIS (intramuros),ST MICHEL VALLOIRE,26,0.24625
PARIS (intramuros),ST MICHEL VALLOIRE,27,0.25875
PARIS (intramuros),ST MICHEL VALLOIRE,28,0.2475
PARIS (intramuros),ST MICHEL VALLOIRE,29,0.23374999999999999
PARIS (intramuros),ST MICHEL VALLOIRE,30,0.041249999999999995
PARIS (intramuros),THONON LES BAINS,0,0.42812500000000003
PARIS (intramuros),THONON LES BAINS,1,0.42291666666666666
PARIS (intramuros),THONON LES BAINS,2,0.4
PARIS (intramuros),THONON LES BAINS,3,0.35053191489361707
PARIS (intramuros),THONON LES BAINS,4,0.22708333333333333
PARIS (intramuros),THONON LES BAINS,5,0.22447916666666667
PARIS (intramuros),THONON LES BAINS,6,0.2552083333333333
PARIS (intramuros),THONON LES BAINS,7,0.2489583333333333
PARIS (intramuros),THONON LES BAINS,8,0.24635416666666665
PARIS (intramuros),THONON LES BAINS,9,0.2521276595744681
PARIS (intramuros),THONON LES BAINS,10,0.2405263157894737
PARIS (intramuros),THONON LES BAINS,11,0.24000000000000002
PARIS (intramuros),THONON LES BAINS,12,0.10315789473684209
PARIS (intramuros),THONON LES BAINS,13,0.09578947368421052
PARIS (intramuros),THONON LES BAINS,14,0.09631578947368422
PARIS (intramuros),THONON LES BAINS,15,0.09894736842105263
PARIS (intramuros),THONON LES BAINS,16,0.11344086021505377
PARIS (intramuros),THONON LES BAINS,17,0.1276595744680851
PARIS (intramuros),THONON LES BAINS,18,0.12894736842105264
PARIS (intramuros),THONON LES BAINS,19,0.14263157894736841
PARIS (intramuros),THONON LES BAINS,20,0.1531578947368421
PARIS (intramuros),THONON LES BAINS,21,0.17157894736842105
PARIS (intramuros),THONON LES BAINS,22,0.1889473684210526
PARIS (intramuros),THONON LES BAINS,23,0.1935483870967742
PARIS (intramuros),THONON LES BAINS,24,0.19095744680851062
PARIS (intramuros),THONON LES BAINS,25,0.1863157894736842
PARIS (intramuros),THONON LES BAINS,26,0.19210526315789472
PARIS (intramuros),THONON LES BAINS,27,0.2005263157894737
PARIS (intramuros),THONON LES BAINS,28,0.22631578947368422
PARIS (intramuros),THONON LES BAINS,29,0.23894736842105263
PARIS (intramuros),THONON LES BAINS,30,0.047872340425531915
SAINT AVRE LA CHAMBRE,MODANE,0,0.33625
SAINT AVRE LA CHAMBRE,MODANE,1,0.28375
SAINT AVRE LA CHAMBRE,MODANE,2,0.27692307692307694
SAINT AVRE LA CHAMBRE,MODANE,3,0.20750000000000002
SAINT AVRE LA CHAMBRE,MODANE,4,0.01875
SAINT AVRE LA CHAMBRE,MODANE,5,0.00125
SAINT AVRE LA CHAMBRE,MODANE,6,0.0
SAINT AVRE LA CHAMBRE,MODANE,7,0.0
SAINT AVRE LA CHAMBRE,MODANE,8,0.0
SAINT AVRE LA CHAMBRE,MODANE,9,0.0
SAINT AVRE LA CHAMBRE,MODANE,10,0.0025
SAINT AVRE LA CHAMBRE,MODANE,11,0.01875
SAINT AVRE LA CHAMBRE,MODANE,12,0.030000000000000006
SAINT AVRE LA CHAMBRE,MODANE,13,0.026249999999999996
SAINT AVRE LA CHAMBRE,MODANE,14,0.00125
SAINT AVRE LA CHAMBRE,MODANE,15,0.0
SAINT AVRE LA CHAMBRE,MODANE,16,0.0
SAINT AVRE LA CHAMBRE,MODANE,17,0.0
SAINT AVRE LA CHAMBRE,MODANE,18,0.0
SAINT AVRE LA CHAMBRE,MODANE,19,0.0
SAINT AVRE LA CHAMBRE,MODANE,20,0.0
SAINT AVRE LA CHAMBRE,MODANE,21,0.0
SAINT AVRE LA CHAMBRE,MODANE,22,0.0
SAINT AVRE LA CHAMBRE,MODANE,23,0.0
SAINT AVRE LA CHAMBRE,MODANE,24,0.0
SAINT AVRE LA CHAMBRE,MODANE,25,0.0
SAINT AVRE LA CHAMBRE,MODANE,26,0.0
SAINT AVRE LA CHAMBRE,MODANE,27,0.00125
SAINT AVRE LA CHAMBRE,MODANE,28,0.0
SAINT AVRE LA CHAMBRE,MODANE,29,0.0
SAINT AVRE LA CHAMBRE,MODANE,30,0.0
SAINT AVRE LA CHAMBRE,ST JEAN DE MAURIENNE ARVAN,0,0.32
SAINT AVRE LA CHAMBRE,ST JEAN DE MAURIENNE ARVAN,1,0.2925
SAINT AVRE LA CHAMBRE,ST JEAN DE MAURIENNE ARVAN,2,0.2576923076923077
SAINT AVRE LA CHAMBRE,ST JEAN DE MAURIENNE ARVAN,3,0.20125
SAINT AVRE LA CHAMBRE,ST JEAN DE MAURIENNE ARVAN,4,0.01625
SAINT AVRE LA CHAMBRE,ST JEAN DE MAURIENNE ARVAN,5,0.0037500000000000007
SAINT AVRE LA CHAMBRE,ST JEAN DE MAURIENNE ARVAN,6,0.00125
SAINT AVRE LA CHAMBRE,ST JEAN DE MAURIENNE ARVAN,7,0.0
SAINT AVRE LA CHAMBRE,ST JEAN DE MAURIENNE ARVAN,8,0.00125
SAINT AVRE LA CHAMBRE,ST JEAN DE MAURIENNE ARVAN,9,0.0
SAINT AVRE LA CHAMBRE,ST JEAN DE MAURIENNE ARVAN,10,0.008749999999999999
SAINT AVRE LA CHAMBRE,ST JEAN DE MAURIENNE ARVAN,11,0.01875
SAINT AVRE LA CHAMBRE,ST JEAN DE MAURIENNE ARVAN,12,0.02375
SAINT AVRE LA CHAMBRE,ST JEAN DE MAURIENNE ARVAN,13,0.02125
SAINT AVRE LA CHAMBRE,ST JEAN DE MAURIENNE ARVAN,14,0.0037500000000000007
SAINT AVRE LA CHAMBRE,ST JEAN DE MAURIENNE ARVAN,15,0.0
SAINT AVRE LA CHAMBRE,ST JEAN DE MAURIENNE ARVAN,16,0.0
SAINT AVRE LA CHAMBRE,ST JEAN DE MAURIENNE ARVAN,17,0.0
SAINT AVRE LA CHAMBRE,ST JEAN DE MAURIENNE ARVAN,18,0.0
SAINT AVRE LA CHAMBRE,ST JEAN DE MAURIENNE ARVAN,19,0.0
SAINT AVRE LA CHAMBRE,ST JEAN DE MAURIENNE ARVAN,20,0.0
SAINT AVRE LA CHAMBRE,ST JEAN DE MAURIENNE ARVAN,21,0.0
SAINT AVRE LA CHAMBRE,ST JEAN DE MAURIENNE ARVAN,22,0.0
SAINT AVRE LA CHAMBRE,ST JEAN DE MAURIENNE ARVAN,23,0.0
SAINT AVRE LA CHAMBRE,ST JEAN DE MAURIENNE ARVAN,24,0.0
SAINT AVRE LA CHAMBRE,ST JEAN DE MAURIENNE ARVAN,25,0.0
SAINT AVRE LA CHAMBRE,ST JEAN DE MAURIENNE ARVAN,26,0.00125
SAINT AVRE LA CHAMBRE,ST JEAN DE MAURIENNE ARVAN,27,0.00125
SAINT AVRE LA CHAMBRE,ST JEAN DE MAURIENNE ARVAN,28,0.00125
SAINT AVRE LA CHAMBRE,ST JEAN DE MAURIENNE ARVAN,29,0.0
SAINT AVRE LA CHAMBRE,ST JEAN DE MAURIENNE ARVAN,30,0.0
SAINT AVRE LA CHAMBRE,ST MICHEL VALLOIRE,0,0.3075
SAINT AVRE LA CHAMBRE,ST MICHEL VALLOIRE,1,0.27875
SAINT AVRE LA CHAMBRE,ST MICHEL VALLOIRE,2,0.2794871794871795
SAINT AVRE LA CHAMBRE,ST MICHEL VALLOIRE,3,0.22749999999999998
SAINT AVRE LA CHAMBRE,ST MICHEL VALLOIRE,4,0.01875
SAINT AVRE LA CHAMBRE,ST MICHEL VALLOIRE,5,0.0
SAINT AVRE LA CHAMBRE,ST MICHEL VALLOIRE,6,0.0
SAINT AVRE LA CHAMBRE,ST MICHEL VALLOIRE,7,0.00125
SAINT AVRE LA CHAMBRE,ST MICHEL VALLOIRE,8,0.0
SAINT AVRE LA CHAMBRE,ST MICHEL VALLOIRE,9,0.0
SAINT AVRE LA CHAMBRE,ST MICHEL VALLOIRE,10,0.005
SAINT AVRE LA CHAMBRE,ST MICHEL VALLOIRE,11,0.022500000000000003
SAINT AVRE LA CHAMBRE,ST MICHEL VALLOIRE,12,0.025
SAINT AVRE LA CHAMBRE,ST MICHEL VALLOIRE,13,0.02375
SAINT AVRE LA CHAMBRE,ST MICHEL VALLOIRE,14,0.0
SAINT AVRE LA CHAMBRE,ST MICHEL VALLOIRE,15,0.00125
SAINT AVRE LA CHAMBRE,ST MICHEL VALLOIRE,16,0.0
SAINT AVRE LA CHAMBRE,ST MICHEL VALLOIRE,17,0.00125
SAINT AVRE LA CHAMBRE,ST MICHEL VALLOIRE,18,0.0
SAINT AVRE LA CHAMBRE,ST MICHEL VALLOIRE,19,0.00125
SAINT AVRE LA CHAMBRE,ST MICHEL VALLOIRE,20,0.0
SAINT AVRE LA CHAMBRE,ST MICHEL VALLOIRE,21,0.0
SAINT AVRE LA CHAMBRE,ST MICHEL VALLOIRE,22,0.00125
SAINT AVRE LA CHAMBRE,ST MICHEL VALLOIRE,23,0.0
SAINT AVRE LA CHAMBRE,ST MICHEL VALLOIRE,24,0.0
SAINT AVRE LA CHAMBRE,ST MICHEL VALLOIRE,25,0.0
SAINT AVRE LA CHAMBRE,ST MICHEL VALLOIRE,26,0.0
SAINT AVRE LA CHAMBRE,ST MICHEL VALLOIRE,27,0.0025
SAINT AVRE LA CHAMBRE,ST MICHEL VALLOIRE,28,0.00125
SAINT AVRE LA CHAMBRE,ST MICHEL VALLOIRE,29,0.00125
SAINT AVRE LA CHAMBRE,ST MICHEL VALLOIRE,30,0.00125
SALLANCHES COMBLOUX MEGEVE,ST GERVAIS LES BAINS LE FAYET,0,0.5711538461538461
SALLANCHES COMBLOUX MEGEVE,ST GERVAIS LES BAINS LE FAYET,1,0.5211538461538462
SALLANCHES COMBLOUX MEGEVE,ST GERVAIS LES BAINS LE FAYET,2,0.49019607843137253
SALLANCHES COMBLOUX MEGEVE,ST GERVAIS LES BAINS LE FAYET,3,0.43461538461538457
SALLANCHES COMBLOUX MEGEVE,ST GERVAIS LES BAINS LE FAYET,4,0.19326923076923078
SALLANCHES COMBLOUX MEGEVE,ST GERVAIS LES BAINS LE FAYET,5,0.17596153846153847
SALLANCHES COMBLOUX MEGEVE,ST GERVAIS LES BAINS LE FAYET,6,0.1701923076923077
SALLANCHES COMBLOUX MEGEVE,ST GERVAIS LES BAINS LE FAYET,7,0.12980769230769232
SALLANCHES COMBLOUX MEGEVE,ST GERVAIS LES BAINS LE FAYET,8,0.11730769230769231
SALLANCHES COMBLOUX MEGEVE,ST GERVAIS LES BAINS LE FAYET,9,0.11153846153846153
SALLANCHES COMBLOUX MEGEVE,ST GERVAIS LES BAINS LE FAYET,10,0.08173076923076923
SALLANCHES COMBLOUX MEGEVE,ST GERVAIS LES BAINS LE FAYET,11,0.08365384615384615
SALLANCHES COMBLOUX MEGEVE,ST GERVAIS LES BAINS LE FAYET,12,0.07692307692307693
SALLANCHES COMBLOUX MEGEVE,ST GERVAIS LES BAINS LE FAYET,13,0.07692307692307693
SALLANCHES COMBLOUX MEGEVE,ST GERVAIS LES BAINS LE FAYET,14,0.08365384615384615
SALLANCHES COMBLOUX MEGEVE,ST GERVAIS LES BAINS LE FAYET,15,0.0923076923076923
SALLANCHES COMBLOUX MEGEVE,ST GERVAIS LES BAINS LE FAYET,16,0.09134615384615384
SALLANCHES COMBLOUX MEGEVE,ST GERVAIS LES BAINS LE FAYET,17,0.08173076923076923
SALLANCHES COMBLOUX MEGEVE,ST GERVAIS LES BAINS LE FAYET,18,0.07307692307692307
SALLANCHES COMBLOUX MEGEVE,ST GERVAIS LES BAINS LE FAYET,19,0.06153846153846154
SALLANCHES COMBLOUX MEGEVE,ST GERVAIS LES BAINS LE FAYET,20,0.057692307692307696
SALLANCHES COMBLOUX MEGEVE,ST GERVAIS LES BAINS LE FAYET,21,0.05673076923076924
SALLANCHES COMBLOUX MEGEVE,ST GERVAIS LES BAINS LE FAYET,22,0.04326923076923077
SALLANCHES COMBLOUX MEGEVE,ST GERVAIS LES BAINS LE FAYET,23,0.03942307692307692
SALLANCHES COMBLOUX MEGEVE,ST GERVAIS LES BAINS LE FAYET,24,0.03942307692307692
SALLANCHES COMBLOUX MEGEVE,ST GERVAIS LES BAINS LE FAYET,25,0.038461538461538464
SALLANCHES COMBLOUX MEGEVE,ST GERVAIS LES BAINS LE FAYET,26,0.038461538461538464
SALLANCHES COMBLOUX MEGEVE,ST GERVAIS LES BAINS LE FAYET,27,0.038461538461538464
SALLANCHES COMBLOUX MEGEVE,ST GERVAIS LES BAINS LE FAYET,28,0.038461538461538464
SALLANCHES COMBLOUX MEGEVE,ST GERVAIS LES BAINS LE FAYET,29,0.036538461538461534
SALLANCHES COMBLOUX MEGEVE,ST GERVAIS LES BAINS LE FAYET,30,0.011538461538461537
ST JEAN DE MAURIENNE ARVAN,MODANE,0,0.31375000000000003
ST JEAN DE MAURIENNE ARVAN,MODANE,1,0.29375
ST JEAN DE MAURIENNE ARVAN,MODANE,2,0.27051282051282055
ST JEAN DE MAURIENNE ARVAN,MODANE,3,0.20375000000000001
ST JEAN DE MAURIENNE ARVAN,MODANE,4,0.03875
ST JEAN DE MAURIENNE ARVAN,MODANE,5,0.02375
ST JEAN DE MAURIENNE ARVAN,MODANE,6,0.021249999999999998
ST JEAN DE MAURIENNE ARVAN,MODANE,7,0.005
ST JEAN DE MAURIENNE ARVAN,MODANE,8,0.0
ST JEAN DE MAURIENNE ARVAN,MODANE,9,0.0
ST JEAN DE MAURIENNE ARVAN,MODANE,10,0.00375
ST JEAN DE MAURIENNE ARVAN,MODANE,11,0.015000000000000003
ST JEAN DE MAURIENNE ARVAN,MODANE,12,0.02
ST JEAN DE MAURIENNE ARVAN,MODANE,13,0.017499999999999998
ST JEAN DE MAURIENNE ARVAN,MODANE,14,0.00125
ST JEAN DE MAURIENNE ARVAN,MODANE,15,0.0
ST JEAN DE MAURIENNE ARVAN,MODANE,16,0.0
ST JEAN DE MAURIENNE ARVAN,MODANE,17,0.0
ST JEAN DE MAURIENNE ARVAN,MODANE,18,0.00125
ST JEAN DE MAURIENNE ARVAN,MODANE,19,0.0
ST JEAN DE MAURIENNE ARVAN,MODANE,20,0.0
ST JEAN DE MAURIENNE ARVAN,MODANE,21,0.0
ST JEAN DE MAURIENNE ARVAN,MODANE,22,0.0
ST JEAN DE MAURIENNE ARVAN,MODANE,23,0.0
ST JEAN DE MAURIENNE ARVAN,MODANE,24,0.0
ST JEAN DE MAURIENNE ARVAN,MODANE,25,0.0
ST JEAN DE MAURIENNE ARVAN,MODANE,26,0.0
ST JEAN DE MAURIENNE ARVAN,MODANE,27,0.0
ST JEAN DE MAURIENNE ARVAN,MODANE,28,0.00125
ST JEAN DE MAURIENNE ARVAN,MODANE,29,0.0025
ST JEAN DE MAURIENNE ARVAN,MODANE,30,0.0
ST JEAN DE MAURIENNE ARVAN,ST MICHEL VALLOIRE,0,0.315
ST JEAN DE MAURIENNE ARVAN,ST MICHEL VALLOIRE,1,0.27625
ST JEAN DE MAURIENNE ARVAN,ST MICHEL VALLOIRE,2,0.26153846153846155
ST JEAN DE MAURIENNE ARVAN,ST MICHEL VALLOIRE,3,0.20125
ST JEAN DE MAURIENNE ARVAN,ST MICHEL VALLOIRE,4,0.0175
ST JEAN DE MAURIENNE ARVAN,ST MICHEL VALLOIRE,5,0.0025
ST JEAN DE MAURIENNE ARVAN,ST MICHEL VALLOIRE,6,0.0
ST JEAN DE MAURIENNE ARVAN,ST MICHEL VALLOIRE,7,0.0
ST JEAN DE MAURIENNE ARVAN,ST MICHEL VALLOIRE,8,0.0
ST JEAN DE MAURIENNE ARVAN,ST MICHEL VALLOIRE,9,0.0
ST JEAN DE MAURIENNE ARVAN,ST MICHEL VALLOIRE,10,0.0125
ST JEAN DE MAURIENNE ARVAN,ST MICHEL VALLOIRE,11,0.025
ST JEAN DE MAURIENNE ARVAN,ST MICHEL VALLOIRE,12,0.025
ST JEAN DE MAURIENNE ARVAN,ST MICHEL VALLOIRE,13,0.03125
ST JEAN DE MAURIENNE ARVAN,ST MICHEL VALLOIRE,14,0.00375
ST JEAN DE MAURIENNE ARVAN,ST MICHEL VALLOIRE,15,0.00125
ST JEAN DE MAURIENNE ARVAN,ST MICHEL VALLOIRE,16,0.0
ST JEAN DE MAURIENNE ARVAN,ST MICHEL VALLOIRE,17,0.0
ST JEAN DE MAURIENNE ARVAN,ST MICHEL VALLOIRE,18,0.0
ST JEAN DE MAURIENNE ARVAN,ST MICHEL VALLOIRE,19,0.0
ST JEAN DE MAURIENNE ARVAN,ST MICHEL VALLOIRE,20,0.0
ST JEAN DE MAURIENNE ARVAN,ST MICHEL VALLOIRE,21,0.0
ST JEAN DE MAURIENNE ARVAN,ST MICHEL VALLOIRE,22,0.00125
ST JEAN DE MAURIENNE ARVAN,ST MICHEL VALLOIRE,23,0.0
ST JEAN DE MAURIENNE ARVAN,ST MICHEL VALLOIRE,24,0.0
ST JEAN DE MAURIENNE ARVAN,ST MICHEL VALLOIRE,25,0.00125
ST JEAN DE MAURIENNE ARVAN,ST MICHEL VALLOIRE,26,0.00125
ST JEAN DE MAURIENNE ARVAN,ST MICHEL VALLOIRE,27,0.00125
ST JEAN DE MAURIENNE ARVAN,ST MICHEL VALLOIRE,28,0.0025
ST JEAN DE MAURIENNE ARVAN,ST MICHEL VALLOIRE,29,0.0
ST JEAN DE MAURIENNE ARVAN,ST MICHEL VALLOIRE,30,0.0
ST MICHEL VALLOIRE,MODANE,0,0.32
ST MICHEL VALLOIRE,MODANE,1,0.265
ST MICHEL VALLOIRE,MODANE,2,0.26666666666666666
ST MICHEL VALLOIRE,MODANE,3,0.22625
ST MICHEL VALLOIRE,MODANE,4,0.02
ST MICHEL VALLOIRE,MODANE,5,0.0025
ST MICHEL VALLOIRE,MODANE,6,0.0037500000000000007
ST MICHEL VALLOIRE,MODANE,7,0.0025
ST MICHEL VALLOIRE,MODANE,8,0.00125
ST MICHEL VALLOIRE,MODANE,9,0.00125
ST MICHEL VALLOIRE,MODANE,10,0.008749999999999999
ST MICHEL VALLOIRE,MODANE,11,0.0225
ST MICHEL VALLOIRE,MODANE,12,0.027499999999999997
ST MICHEL VALLOIRE,MODANE,13,0.026250000000000002
ST MICHEL VALLOIRE,MODANE,14,0.0025
ST MICHEL VALLOIRE,MODANE,15,0.00125
ST MICHEL VALLOIRE,MODANE,16,0.0
ST MICHEL VALLOIRE,MODANE,17,0.0
ST MICHEL VALLOIRE,MODANE,18,0.0
ST MICHEL VALLOIRE,MODANE,19,0.0
ST MICHEL VALLOIRE,MODANE,20,0.0
ST MICHEL VALLOIRE,MODANE,21,0.0
ST MICHEL VALLOIRE,MODANE,22,0.0
ST MICHEL VALLOIRE,MODANE,23,0.0
ST MICHEL VALLOIRE,MODANE,24,0.00125
ST MICHEL VALLOIRE,MODANE,25,0.00125
ST MICHEL VALLOIRE,MODANE,26,0.0
ST MICHEL VALLOIRE,MODANE,27,0.0
ST MICHEL VALLOIRE,MODANE,28,0.0
ST MICHEL VALLOIRE,MODANE,29,0.0
ST MICHEL VALLOIRE,MODANE,30,0.0
THONON LES BAINS,EVIAN LES BAINS,0,0.9302083333333333
THONON LES BAINS,EVIAN LES BAINS,1,0.9255208333333332
THONON LES BAINS,EVIAN LES BAINS,2,0.9228723404255319
THONON LES BAINS,EVIAN LES BAINS,3,0.9143617021276597
THONON LES BAINS,EVIAN LES BAINS,4,0.6520833333333333
THONON LES BAINS,EVIAN LES BAINS,5,0.6166666666666667
THONON LES BAINS,EVIAN LES BAINS,6,0.5911458333333334
THONON LES BAINS,EVIAN LES BAINS,7,0.5494791666666666
THONON LES BAINS,EVIAN LES BAINS,8,0.5281250000000001
THONON LES BAINS,EVIAN LES BAINS,9,0.48138297872340424
THONON LES BAINS,EVIAN LES BAINS,10,0.47684210526315784
THONON LES BAINS,EVIAN LES BAINS,11,0.4689473684210526
THONON LES BAINS,EVIAN LES BAINS,12,0.4294736842105263
THONON LES BAINS,EVIAN LES BAINS,13,0.42105263157894735
THONON LES BAINS,EVIAN LES BAINS,14,0.4068421052631579
THONON LES BAINS,EVIAN LES BAINS,15,0.3915789473684211
THONON LES BAINS,EVIAN LES BAINS,16,0.3844086021505376
THONON LES BAINS,EVIAN LES BAINS,17,0.37606382978723407
THONON LES BAINS,EVIAN LES BAINS,18,0.36263157894736847
THONON LES BAINS,EVIAN LES BAINS,19,0.3568421052631579
THONON LES BAINS,EVIAN LES BAINS,20,0.3363157894736842
THONON LES BAINS,EVIAN LES BAINS,21,0.33
THONON LES BAINS,EVIAN LES BAINS,22,0.3268421052631579
THONON LES BAINS,EVIAN LES BAINS,23,0.3365591397849462
THONON LES BAINS,EVIAN LES BAINS,24,0.3127659574468085
THONON LES BAINS,EVIAN LES BAINS,25,0.29210526315789476
THONON LES BAINS,EVIAN LES BAINS,26,0.27631578947368424
THONON LES BAINS,EVIAN LES BAINS,27,0.2636842105263158
THONON LES BAINS,EVIAN LES BAINS,28,0.2536842105263158
THONON LES BAINS,EVIAN LES BAINS,29,0.2468421052631579
THONON LES BAINS,EVIAN LES BAINS,30,0.07074468085106383
