origine,destination,delta_days,proba_open
AGEN,MONTAUBAN VILLE BOURBON,0,0.9814024390243902
AGEN,MONTAUBAN VILLE BOURBON,1,0.9810975609756097
AGEN,MONTAUBAN VILLE BOURBON,2,0.9804878048780489
AGEN,MONTAUBAN VILLE BOURBON,3,0.9582317073170732
AGEN,MONTAUBAN VILLE BOURBON,4,0.9013761467889908
AGEN,MONTAUBAN VILLE BOURBON,5,0.8698776758409785
AGEN,MONTAUBAN VILLE BOURBON,6,0.8351681957186545
AGEN,MONTAUBAN VILLE BOURBON,7,0.8194189602446483
AGEN,MONTAUBAN VILLE BOURBON,8,0.7850152905198776
AGEN,MONTAUBAN VILLE BOURBON,9,0.7601226993865031
AGEN,MONTAUBAN VILLE BOURBON,10,0.738957055214724
AGEN,MONTAUBAN VILLE BOURBON,11,0.720923076923077
AGEN,MONTAUBAN VILLE BOURBON,12,0.6346153846153846
AGEN,MONTAUBAN VILLE BOURBON,13,0.606
AGEN,MONTAUBAN VILLE BOURBON,14,0.5861538461538461
AGEN,MONTAUBAN VILLE BOURBON,15,0.558923076923077
AGEN,MONTAUBAN VILLE BOURBON,16,0.5367283950617284
AGEN,MONTAUBAN VILLE BOURBON,17,0.5088235294117647
AGEN,MONTAUBAN VILLE BOURBON,18,0.49875776397515525
AGEN,MONTAUBAN VILLE BOURBON,19,0.46900311526479754
AGEN,MONTAUBAN VILLE BOURBON,20,0.46370716510903426
AGEN,MONTAUBAN VILLE BOURBON,21,0.4470404984423676
AGEN,MONTAUBAN VILLE BOURBON,22,0.44265625000000003
AGEN,MONTAUBAN VILLE BOURBON,23,0.42068965517241375
AGEN,MONTAUBAN VILLE BOURBON,24,0.4169278996865204
AGEN,MONTAUBAN VILLE BOURBON,25,0.4075471698113207
AGEN,MONTAUBAN VILLE BOURBON,26,0.3955974842767295
AGEN,MONTAUBAN VILLE BOURBON,27,0.3849056603773585
AGEN,MONTAUBAN VILLE BOURBON,28,0.3754716981132076
AGEN,MONTAUBAN VILLE BOURBON,29,0.33965517241379306
AGEN,MONTAUBAN VILLE BOURBON,30,0.04116719242902209
AGEN,TOULOUSE MATABIAU,0,0.9911411411411412
AGEN,TOULOUSE MATABIAU,1,0.9927927927927929
AGEN,TOULOUSE MATABIAU,2,0.9885885885885886
AGEN,TOULOUSE MATABIAU,3,0.9648648648648649
AGEN,TOULOUSE MATABIAU,4,0.9159638554216868
AGEN,TOULOUSE MATABIAU,5,0.8980421686746988
AGEN,TOULOUSE MATABIAU,6,0.883734939759036
AGEN,TOULOUSE MATABIAU,7,0.8778614457831325
AGEN,TOULOUSE MATABIAU,8,0.8542168674698796
AGEN,TOULOUSE MATABIAU,9,0.8320783132530121
AGEN,TOULOUSE MATABIAU,10,0.8134036144578314
AGEN,TOULOUSE MATABIAU,11,0.7950151057401812
AGEN,TOULOUSE MATABIAU,12,0.7090634441087613
AGEN,TOULOUSE MATABIAU,13,0.6854984894259819
AGEN,TOULOUSE MATABIAU,14,0.6605740181268882
AGEN,TOULOUSE MATABIAU,15,0.6326283987915408
AGEN,TOULOUSE MATABIAU,16,0.6151057401812688
AGEN,TOULOUSE MATABIAU,17,0.5942424242424242
AGEN,TOULOUSE MATABIAU,18,0.5878419452887538
AGEN,TOULOUSE MATABIAU,19,0.5661585365853659
AGEN,TOULOUSE MATABIAU,20,0.5606707317073171
AGEN,TOULOUSE MATABIAU,21,0.5522865853658536
AGEN,TOULOUSE MATABIAU,22,0.5472477064220184
AGEN,TOULOUSE MATABIAU,23,0.5352760736196319
AGEN,TOULOUSE MATABIAU,24,0.5355828220858896
AGEN,TOULOUSE MATABIAU,25,0.5259999999999999
AGEN,TOULOUSE MATABIAU,26,0.5215384615384615
AGEN,TOULOUSE MATABIAU,27,0.5215384615384615
AGEN,TOULOUSE MATABIAU,28,0.5235384615384615
AGEN,TOULOUSE MATABIAU,29,0.5066153846153846
AGEN,TOULOUSE MATABIAU,30,0.04243827160493827
ANGOULEME,BAYONNE,0,0.460752688172043
ANGOULEME,BAYONNE,1,0.4543478260869565
ANGOULEME,BAYONNE,2,0.44239130434782614
ANGOULEME,BAYONNE,3,0.4064516129032258
ANGOULEME,BAYONNE,4,0.21052631578947367
ANGOULEME,BAYONNE,5,0.1857894736842105
ANGOULEME,BAYONNE,6,0.17473684210526316
ANGOULEME,BAYONNE,7,0.16421052631578947
ANGOULEME,BAYONNE,8,0.14421052631578946
ANGOULEME,BAYONNE,9,0.1356382978723404
ANGOULEME,BAYONNE,10,0.13817204301075267
ANGOULEME,BAYONNE,11,0.13842105263157894
ANGOULEME,BAYONNE,12,0.0663157894736842
ANGOULEME,BAYONNE,13,0.056842105263157895
ANGOULEME,BAYONNE,14,0.060526315789473685
ANGOULEME,BAYONNE,15,0.04105263157894737
ANGOULEME,BAYONNE,16,0.04680851063829788
ANGOULEME,BAYONNE,17,0.07526881720430108
ANGOULEME,BAYONNE,18,0.10372340425531915
ANGOULEME,BAYONNE,19,0.10638297872340426
ANGOULEME,BAYONNE,20,0.10851063829787233
ANGOULEME,BAYONNE,21,0.10691489361702128
ANGOULEME,BAYONNE,22,0.10797872340425532
ANGOULEME,BAYONNE,23,0.10591397849462365
ANGOULEME,BAYONNE,24,0.11032608695652174
ANGOULEME,BAYONNE,25,0.13548387096774192
ANGOULEME,BAYONNE,26,0.139247311827957
ANGOULEME,BAYONNE,27,0.13978494623655913
ANGOULEME,BAYONNE,28,0.14139784946236558
ANGOULEME,BAYONNE,29,0.13225806451612904
ANGOULEME,BAYONNE,30,0.02282608695652174
ANGOULEME,BIARRITZ,0,0.4847826086956522
ANGOULEME,BIARRITZ,1,0.4664835164835165
ANGOULEME,BIARRITZ,2,0.44340659340659344
ANGOULEME,BIARRITZ,3,0.41956521739130437
ANGOULEME,BIARRITZ,4,0.21063829787234042
ANGOULEME,BIARRITZ,5,0.19042553191489361
ANGOULEME,BIARRITZ,6,0.18085106382978725
ANGOULEME,BIARRITZ,7,0.16382978723404257
ANGOULEME,BIARRITZ,8,0.15053191489361703
ANGOULEME,BIARRITZ,9,0.13655913978494622
ANGOULEME,BIARRITZ,10,0.13967391304347826
ANGOULEME,BIARRITZ,11,0.14202127659574468
ANGOULEME,BIARRITZ,12,0.06436170212765957
ANGOULEME,BIARRITZ,13,0.06329787234042554
ANGOULEME,BIARRITZ,14,0.05957446808510638
ANGOULEME,BIARRITZ,15,0.04148936170212766
ANGOULEME,BIARRITZ,16,0.043548387096774194
ANGOULEME,BIARRITZ,17,0.08097826086956522
ANGOULEME,BIARRITZ,18,0.1032258064516129
ANGOULEME,BIARRITZ,19,0.10645161290322581
ANGOULEME,BIARRITZ,20,0.10752688172043011
ANGOULEME,BIARRITZ,21,0.10591397849462365
ANGOULEME,BIARRITZ,22,0.11129032258064515
ANGOULEME,BIARRITZ,23,0.10815217391304346
ANGOULEME,BIARRITZ,24,0.1131868131868132
ANGOULEME,BIARRITZ,25,0.1375
ANGOULEME,BIARRITZ,26,0.14347826086956522
ANGOULEME,BIARRITZ,27,0.14076086956521738
ANGOULEME,BIARRITZ,28,0.14021739130434782
ANGOULEME,BIARRITZ,29,0.12934782608695652
ANGOULEME,BIARRITZ,30,0.02802197802197802
ANGOULEME,BORDEAUX ST JEAN,0,0.9936781609195403
ANGOULEME,BORDEAUX ST JEAN,1,0.9954022988505746
ANGOULEME,BORDEAUX ST JEAN,2,0.9956896551724138
ANGOULEME,BORDEAUX ST JEAN,3,0.996264367816092
ANGOULEME,BORDEAUX ST JEAN,4,0.9961206896551723
ANGOULEME,BORDEAUX ST JEAN,5,0.9951149425287357
ANGOULEME,BORDEAUX ST JEAN,6,0.989367816091954
ANGOULEME,BORDEAUX ST JEAN,7,0.9879310344827587
ANGOULEME,BORDEAUX ST JEAN,8,0.9847701149425288
ANGOULEME,BORDEAUX ST JEAN,9,0.9774425287356321
ANGOULEME,BORDEAUX ST JEAN,10,0.9647988505747126
ANGOULEME,BORDEAUX ST JEAN,11,0.9586206896551724
ANGOULEME,BORDEAUX ST JEAN,12,0.921264367816092
ANGOULEME,BORDEAUX ST JEAN,13,0.9129310344827586
ANGOULEME,BORDEAUX ST JEAN,14,0.9030172413793104
ANGOULEME,BORDEAUX ST JEAN,15,0.8922413793103449
ANGOULEME,BORDEAUX ST JEAN,16,0.886206896551724
ANGOULEME,BORDEAUX ST JEAN,17,0.8791666666666667
ANGOULEME,BORDEAUX ST JEAN,18,0.8769452449567724
ANGOULEME,BORDEAUX ST JEAN,19,0.8644092219020173
ANGOULEME,BORDEAUX ST JEAN,20,0.8576368876080692
ANGOULEME,BORDEAUX ST JEAN,21,0.8510086455331413
ANGOULEME,BORDEAUX ST JEAN,22,0.8427953890489913
ANGOULEME,BORDEAUX ST JEAN,23,0.8404899135446685
ANGOULEME,BORDEAUX ST JEAN,24,0.848414985590778
ANGOULEME,BORDEAUX ST JEAN,25,0.8445086705202312
ANGOULEME,BORDEAUX ST JEAN,26,0.8354046242774567
ANGOULEME,BORDEAUX ST JEAN,27,0.8375722543352602
ANGOULEME,BORDEAUX ST JEAN,28,0.8354046242774567
ANGOULEME,BORDEAUX ST JEAN,29,0.7911849710982659
ANGOULEME,BORDEAUX ST JEAN,30,0.11671511627906976
ANGOULEME,DAX,0,0.45421052631578945
ANGOULEME,DAX,1,0.4553191489361702
ANGOULEME,DAX,2,0.43670212765957445
ANGOULEME,DAX,3,0.4057894736842105
ANGOULEME,DAX,4,0.19896907216494847
ANGOULEME,DAX,5,0.18350515463917527
ANGOULEME,DAX,6,0.17422680412371133
ANGOULEME,DAX,7,0.15824742268041236
ANGOULEME,DAX,8,0.14690721649484537
ANGOULEME,DAX,9,0.1328125
ANGOULEME,DAX,10,0.12736842105263158
ANGOULEME,DAX,11,0.13814432989690723
ANGOULEME,DAX,12,0.06288659793814433
ANGOULEME,DAX,13,0.05515463917525773
ANGOULEME,DAX,14,0.05670103092783505
ANGOULEME,DAX,15,0.04020618556701031
ANGOULEME,DAX,16,0.04479166666666667
ANGOULEME,DAX,17,0.07736842105263157
ANGOULEME,DAX,18,0.1015625
ANGOULEME,DAX,19,0.10364583333333333
ANGOULEME,DAX,20,0.10312500000000001
ANGOULEME,DAX,21,0.10364583333333333
ANGOULEME,DAX,22,0.10781249999999999
ANGOULEME,DAX,23,0.10473684210526316
ANGOULEME,DAX,24,0.11117021276595744
ANGOULEME,DAX,25,0.1326315789473684
ANGOULEME,DAX,26,0.13789473684210526
ANGOULEME,DAX,27,0.14
ANGOULEME,DAX,28,0.14
ANGOULEME,DAX,29,0.13052631578947368
ANGOULEME,DAX,30,0.02127659574468085
ANGOULEME,HENDAYE,0,0.4760869565217391
ANGOULEME,HENDAYE,1,0.45549450549450554
ANGOULEME,HENDAYE,2,0.4472527472527473
ANGOULEME,HENDAYE,3,0.425
ANGOULEME,HENDAYE,4,0.22127659574468087
ANGOULEME,HENDAYE,5,0.1930851063829787
ANGOULEME,HENDAYE,6,0.17712765957446808
ANGOULEME,HENDAYE,7,0.16382978723404257
ANGOULEME,HENDAYE,8,0.14893617021276595
ANGOULEME,HENDAYE,9,0.13118279569892471
ANGOULEME,HENDAYE,10,0.13097826086956524
ANGOULEME,HENDAYE,11,0.14308510638297872
ANGOULEME,HENDAYE,12,0.075
ANGOULEME,HENDAYE,13,0.06595744680851064
ANGOULEME,HENDAYE,14,0.06382978723404255
ANGOULEME,HENDAYE,15,0.046808510638297864
ANGOULEME,HENDAYE,16,0.043010752688172046
ANGOULEME,HENDAYE,17,0.08478260869565217
ANGOULEME,HENDAYE,18,0.10913978494623656
ANGOULEME,HENDAYE,19,0.11021505376344086
ANGOULEME,HENDAYE,20,0.11021505376344086
ANGOULEME,HENDAYE,21,0.11129032258064515
ANGOULEME,HENDAYE,22,0.11129032258064515
ANGOULEME,HENDAYE,23,0.10923913043478262
ANGOULEME,HENDAYE,24,0.11263736263736264
ANGOULEME,HENDAYE,25,0.13478260869565217
ANGOULEME,HENDAYE,26,0.13804347826086955
ANGOULEME,HENDAYE,27,0.14184782608695654
ANGOULEME,HENDAYE,28,0.14239130434782607
ANGOULEME,HENDAYE,29,0.1358695652173913
ANGOULEME,HENDAYE,30,0.02197802197802198
ANGOULEME,LIBOURNE,0,0.9915451895043732
ANGOULEME,LIBOURNE,1,0.9943148688046648
ANGOULEME,LIBOURNE,2,0.9938775510204081
ANGOULEME,LIBOURNE,3,0.9916909620991253
ANGOULEME,LIBOURNE,4,0.9930029154518951
ANGOULEME,LIBOURNE,5,0.9938775510204081
ANGOULEME,LIBOURNE,6,0.9874635568513119
ANGOULEME,LIBOURNE,7,0.9868804664723032
ANGOULEME,LIBOURNE,8,0.9820699708454811
ANGOULEME,LIBOURNE,9,0.9682215743440233
ANGOULEME,LIBOURNE,10,0.9504373177842566
ANGOULEME,LIBOURNE,11,0.9342565597667638
ANGOULEME,LIBOURNE,12,0.8986880466472303
ANGOULEME,LIBOURNE,13,0.893731778425656
ANGOULEME,LIBOURNE,14,0.8763848396501458
ANGOULEME,LIBOURNE,15,0.863265306122449
ANGOULEME,LIBOURNE,16,0.8511661807580174
ANGOULEME,LIBOURNE,17,0.8362973760932946
ANGOULEME,LIBOURNE,18,0.8288011695906432
ANGOULEME,LIBOURNE,19,0.8185672514619883
ANGOULEME,LIBOURNE,20,0.8103801169590643
ANGOULEME,LIBOURNE,21,0.7929824561403508
ANGOULEME,LIBOURNE,22,0.7875730994152047
ANGOULEME,LIBOURNE,23,0.7880116959064327
ANGOULEME,LIBOURNE,24,0.7912280701754386
ANGOULEME,LIBOURNE,25,0.7831378299120235
ANGOULEME,LIBOURNE,26,0.7686217008797654
ANGOULEME,LIBOURNE,27,0.7593841642228739
ANGOULEME,LIBOURNE,28,0.7604105571847508
ANGOULEME,LIBOURNE,29,0.7115835777126099
ANGOULEME,LIBOURNE,30,0.07182890855457227
ANGOULEME,LOURDES,0,0.15
ANGOULEME,LOURDES,1,0.03333333333333333
ANGOULEME,LOURDES,2,0.014285714285714287
ANGOULEME,LOURDES,3,0.0125
ANGOULEME,LOURDES,4,0.0
ANGOULEME,LOURDES,5,0.00625
ANGOULEME,LOURDES,6,0.0
ANGOULEME,LOURDES,7,0.0
ANGOULEME,LOURDES,8,0.0
ANGOULEME,LOURDES,9,0.0125
ANGOULEME,LOURDES,10,0.0
ANGOULEME,LOURDES,11,0.00625
ANGOULEME,LOURDES,12,0.00625
ANGOULEME,LOURDES,13,0.0
ANGOULEME,LOURDES,14,0.0
ANGOULEME,LOURDES,15,0.0
ANGOULEME,LOURDES,16,0.0
ANGOULEME,LOURDES,17,0.0
ANGOULEME,LOURDES,18,0.0
ANGOULEME,LOURDES,19,0.0
ANGOULEME,LOURDES,20,0.0
ANGOULEME,LOURDES,21,0.0
ANGOULEME,LOURDES,22,0.00625
ANGOULEME,LOURDES,23,0.0
ANGOULEME,LOURDES,24,0.0
ANGOULEME,LOURDES,25,0.0
ANGOULEME,LOURDES,26,0.0
ANGOULEME,LOURDES,27,0.0
ANGOULEME,LOURDES,28,0.0
ANGOULEME,LOURDES,29,0.0
ANGOULEME,LOURDES,30,0.0
ANGOULEME,PAU,0,0.1357142857142857
ANGOULEME,PAU,1,0.008333333333333333
ANGOULEME,PAU,2,0.021428571428571432
ANGOULEME,PAU,3,0.018750000000000003
ANGOULEME,PAU,4,0.018750000000000003
ANGOULEME,PAU,5,0.0125
ANGOULEME,PAU,6,0.00625
ANGOULEME,PAU,7,0.00625
ANGOULEME,PAU,8,0.0
ANGOULEME,PAU,9,0.00625
ANGOULEME,PAU,10,0.0125
ANGOULEME,PAU,11,0.00625
ANGOULEME,PAU,12,0.0
ANGOULEME,PAU,13,0.0
ANGOULEME,PAU,14,0.0
ANGOULEME,PAU,15,0.0
ANGOULEME,PAU,16,0.00625
ANGOULEME,PAU,17,0.0
ANGOULEME,PAU,18,0.0
ANGOULEME,PAU,19,0.0
ANGOULEME,PAU,20,0.0125
ANGOULEME,PAU,21,0.00625
ANGOULEME,PAU,22,0.0125
ANGOULEME,PAU,23,0.00625
ANGOULEME,PAU,24,0.0
ANGOULEME,PAU,25,0.0
ANGOULEME,PAU,26,0.0
ANGOULEME,PAU,27,0.0
ANGOULEME,PAU,28,0.0
ANGOULEME,PAU,29,0.00625
ANGOULEME,PAU,30,0.0
ANGOULEME,ST JEAN DE LUZ CIBOURE,0,0.48858695652173917
ANGOULEME,ST JEAN DE LUZ CIBOURE,1,0.45879120879120877
ANGOULEME,ST JEAN DE LUZ CIBOURE,2,0.4582417582417583
ANGOULEME,ST JEAN DE LUZ CIBOURE,3,0.42173913043478256
ANGOULEME,ST JEAN DE LUZ CIBOURE,4,0.21329787234042555
ANGOULEME,ST JEAN DE LUZ CIBOURE,5,0.19361702127659575
ANGOULEME,ST JEAN DE LUZ CIBOURE,6,0.18882978723404256
ANGOULEME,ST JEAN DE LUZ CIBOURE,7,0.16808510638297874
ANGOULEME,ST JEAN DE LUZ CIBOURE,8,0.1526595744680851
ANGOULEME,ST JEAN DE LUZ CIBOURE,9,0.13763440860215054
ANGOULEME,ST JEAN DE LUZ CIBOURE,10,0.13641304347826086
ANGOULEME,ST JEAN DE LUZ CIBOURE,11,0.1398936170212766
ANGOULEME,ST JEAN DE LUZ CIBOURE,12,0.06914893617021277
ANGOULEME,ST JEAN DE LUZ CIBOURE,13,0.057446808510638304
ANGOULEME,ST JEAN DE LUZ CIBOURE,14,0.06063829787234043
ANGOULEME,ST JEAN DE LUZ CIBOURE,15,0.04627659574468085
ANGOULEME,ST JEAN DE LUZ CIBOURE,16,0.043548387096774194
ANGOULEME,ST JEAN DE LUZ CIBOURE,17,0.08423913043478261
ANGOULEME,ST JEAN DE LUZ CIBOURE,18,0.10591397849462365
ANGOULEME,ST JEAN DE LUZ CIBOURE,19,0.11182795698924732
ANGOULEME,ST JEAN DE LUZ CIBOURE,20,0.11129032258064515
ANGOULEME,ST JEAN DE LUZ CIBOURE,21,0.1096774193548387
ANGOULEME,ST JEAN DE LUZ CIBOURE,22,0.11075268817204302
ANGOULEME,ST JEAN DE LUZ CIBOURE,23,0.10923913043478262
ANGOULEME,ST JEAN DE LUZ CIBOURE,24,0.11538461538461539
ANGOULEME,ST JEAN DE LUZ CIBOURE,25,0.14347826086956522
ANGOULEME,ST JEAN DE LUZ CIBOURE,26,0.14130434782608695
ANGOULEME,ST JEAN DE LUZ CIBOURE,27,0.14184782608695654
ANGOULEME,ST JEAN DE LUZ CIBOURE,28,0.14293478260869566
ANGOULEME,ST JEAN DE LUZ CIBOURE,29,0.14021739130434782
ANGOULEME,ST JEAN DE LUZ CIBOURE,30,0.017582417582417582
ANGOULEME,TARBES,0,0.14999999999999997
ANGOULEME,TARBES,1,0.008333333333333333
ANGOULEME,TARBES,2,0.028571428571428574
ANGOULEME,TARBES,3,0.037500000000000006
ANGOULEME,TARBES,4,0.018750000000000003
ANGOULEME,TARBES,5,0.00625
ANGOULEME,TARBES,6,0.00625
ANGOULEME,TARBES,7,0.00625
ANGOULEME,TARBES,8,0.0
ANGOULEME,TARBES,9,0.025
ANGOULEME,TARBES,10,0.0125
ANGOULEME,TARBES,11,0.03125
ANGOULEME,TARBES,12,0.0125
ANGOULEME,TARBES,13,0.00625
ANGOULEME,TARBES,14,0.0
ANGOULEME,TARBES,15,0.0
ANGOULEME,TARBES,16,0.0
ANGOULEME,TARBES,17,0.0
ANGOULEME,TARBES,18,0.0
ANGOULEME,TARBES,19,0.0
ANGOULEME,TARBES,20,0.0
ANGOULEME,TARBES,21,0.0
ANGOULEME,TARBES,22,0.00625
ANGOULEME,TARBES,23,0.0
ANGOULEME,TARBES,24,0.0
ANGOULEME,TARBES,25,0.0
ANGOULEME,TARBES,26,0.0
ANGOULEME,TARBES,27,0.0
ANGOULEME,TARBES,28,0.0
ANGOULEME,TARBES,29,0.0
ANGOULEME,TARBES,30,0.0
BAYONNE,BIARRITZ,0,0.9901179941002949
BAYONNE,BIARRITZ,1,0.9900000000000001
BAYONNE,BIARRITZ,2,0.9895588235294117
BAYONNE,BIARRITZ,3,0.9788011695906432
BAYONNE,BIARRITZ,4,0.9364035087719298
BAYONNE,BIARRITZ,5,0.925
BAYONNE,BIARRITZ,6,0.9089181286549708
BAYONNE,BIARRITZ,7,0.8944444444444444
BAYONNE,BIARRITZ,8,0.8716374269005849
BAYONNE,BIARRITZ,9,0.8488269794721407
BAYONNE,BIARRITZ,10,0.7932551319648093
BAYONNE,BIARRITZ,11,0.7464809384164223
BAYONNE,BIARRITZ,12,0.674633431085044
BAYONNE,BIARRITZ,13,0.6495601173020528
BAYONNE,BIARRITZ,14,0.6263929618768328
BAYONNE,BIARRITZ,15,0.5736070381231672
BAYONNE,BIARRITZ,16,0.5485294117647059
BAYONNE,BIARRITZ,17,0.5169616519174042
BAYONNE,BIARRITZ,18,0.488905325443787
BAYONNE,BIARRITZ,19,0.4691394658753709
BAYONNE,BIARRITZ,20,0.45756676557863496
BAYONNE,BIARRITZ,21,0.4349702380952381
BAYONNE,BIARRITZ,22,0.41964285714285715
BAYONNE,BIARRITZ,23,0.38820895522388066
BAYONNE,BIARRITZ,24,0.37694610778443116
BAYONNE,BIARRITZ,25,0.3794294294294294
BAYONNE,BIARRITZ,26,0.3774774774774775
BAYONNE,BIARRITZ,27,0.37846385542168676
BAYONNE,BIARRITZ,28,0.3767371601208459
BAYONNE,BIARRITZ,29,0.352416918429003
BAYONNE,BIARRITZ,30,0.059756097560975614
BAYONNE,HENDAYE,0,0.9923303834808259
BAYONNE,HENDAYE,1,0.9910294117647058
BAYONNE,HENDAYE,2,0.9908823529411764
BAYONNE,HENDAYE,3,0.9807017543859649
BAYONNE,HENDAYE,4,0.9342105263157895
BAYONNE,HENDAYE,5,0.9236842105263158
BAYONNE,HENDAYE,6,0.90906432748538
BAYONNE,HENDAYE,7,0.895029239766082
BAYONNE,HENDAYE,8,0.8700292397660819
BAYONNE,HENDAYE,9,0.8467741935483871
BAYONNE,HENDAYE,10,0.7901759530791789
BAYONNE,HENDAYE,11,0.7488269794721407
BAYONNE,HENDAYE,12,0.6683284457478006
BAYONNE,HENDAYE,13,0.6555718475073314
BAYONNE,HENDAYE,14,0.6236070381231672
BAYONNE,HENDAYE,15,0.5819648093841642
BAYONNE,HENDAYE,16,0.5467647058823529
BAYONNE,HENDAYE,17,0.5174041297935104
BAYONNE,HENDAYE,18,0.4940828402366864
BAYONNE,HENDAYE,19,0.4698813056379822
BAYONNE,HENDAYE,20,0.45830860534124623
BAYONNE,HENDAYE,21,0.43616071428571435
BAYONNE,HENDAYE,22,0.42053571428571435
BAYONNE,HENDAYE,23,0.39104477611940297
BAYONNE,HENDAYE,24,0.37709580838323353
BAYONNE,HENDAYE,25,0.37987987987987987
BAYONNE,HENDAYE,26,0.3768768768768769
BAYONNE,HENDAYE,27,0.3786144578313253
BAYONNE,HENDAYE,28,0.37809667673716013
BAYONNE,HENDAYE,29,0.3504531722054381
BAYONNE,HENDAYE,30,0.05945121951219512
BAYONNE,ST JEAN DE LUZ CIBOURE,0,0.9921828908554573
BAYONNE,ST JEAN DE LUZ CIBOURE,1,0.9916176470588235
BAYONNE,ST JEAN DE LUZ CIBOURE,2,0.9900000000000001
BAYONNE,ST JEAN DE LUZ CIBOURE,3,0.9828947368421052
BAYONNE,ST JEAN DE LUZ CIBOURE,4,0.9374269005847954
BAYONNE,ST JEAN DE LUZ CIBOURE,5,0.9252923976608187
BAYONNE,ST JEAN DE LUZ CIBOURE,6,0.9089181286549708
BAYONNE,ST JEAN DE LUZ CIBOURE,7,0.8941520467836258
BAYONNE,ST JEAN DE LUZ CIBOURE,8,0.8660818713450292
BAYONNE,ST JEAN DE LUZ CIBOURE,9,0.8454545454545455
BAYONNE,ST JEAN DE LUZ CIBOURE,10,0.7951612903225805
BAYONNE,ST JEAN DE LUZ CIBOURE,11,0.7519061583577712
BAYONNE,ST JEAN DE LUZ CIBOURE,12,0.6728739002932551
BAYONNE,ST JEAN DE LUZ CIBOURE,13,0.6586510263929619
BAYONNE,ST JEAN DE LUZ CIBOURE,14,0.6227272727272727
BAYONNE,ST JEAN DE LUZ CIBOURE,15,0.5747800586510264
BAYONNE,ST JEAN DE LUZ CIBOURE,16,0.545
BAYONNE,ST JEAN DE LUZ CIBOURE,17,0.5156342182890856
BAYONNE,ST JEAN DE LUZ CIBOURE,18,0.49230769230769234
BAYONNE,ST JEAN DE LUZ CIBOURE,19,0.4685459940652819
BAYONNE,ST JEAN DE LUZ CIBOURE,20,0.4596439169139466
BAYONNE,ST JEAN DE LUZ CIBOURE,21,0.4331845238095238
BAYONNE,ST JEAN DE LUZ CIBOURE,22,0.4197916666666667
BAYONNE,ST JEAN DE LUZ CIBOURE,23,0.39059701492537313
BAYONNE,ST JEAN DE LUZ CIBOURE,24,0.3772455089820359
BAYONNE,ST JEAN DE LUZ CIBOURE,25,0.378978978978979
BAYONNE,ST JEAN DE LUZ CIBOURE,26,0.37777777777777777
BAYONNE,ST JEAN DE LUZ CIBOURE,27,0.3802710843373494
BAYONNE,ST JEAN DE LUZ CIBOURE,28,0.3756797583081571
BAYONNE,ST JEAN DE LUZ CIBOURE,29,0.34561933534743206
BAYONNE,ST JEAN DE LUZ CIBOURE,30,0.06021341463414634
BIARRITZ,HENDAYE,0,0.9896755162241888
BIARRITZ,HENDAYE,1,0.9901470588235294
BIARRITZ,HENDAYE,2,0.9905882352941177
BIARRITZ,HENDAYE,3,0.9817251461988304
BIARRITZ,HENDAYE,4,0.93406432748538
BIARRITZ,HENDAYE,5,0.9258771929824561
BIARRITZ,HENDAYE,6,0.90906432748538
BIARRITZ,HENDAYE,7,0.891374269005848
BIARRITZ,HENDAYE,8,0.868421052631579
BIARRITZ,HENDAYE,9,0.8483870967741935
BIARRITZ,HENDAYE,10,0.7957478005865103
BIARRITZ,HENDAYE,11,0.7551319648093842
BIARRITZ,HENDAYE,12,0.67316715542522
BIARRITZ,HENDAYE,13,0.6530791788856305
BIARRITZ,HENDAYE,14,0.6247800586510264
BIARRITZ,HENDAYE,15,0.577565982404692
BIARRITZ,HENDAYE,16,0.5466176470588235
BIARRITZ,HENDAYE,17,0.5162241887905604
BIARRITZ,HENDAYE,18,0.49068047337278103
BIARRITZ,HENDAYE,19,0.47047477744807126
BIARRITZ,HENDAYE,20,0.4626112759643917
BIARRITZ,HENDAYE,21,0.4382440476190476
BIARRITZ,HENDAYE,22,0.4200892857142857
BIARRITZ,HENDAYE,23,0.3895522388059702
BIARRITZ,HENDAYE,24,0.37829341317365267
BIARRITZ,HENDAYE,25,0.3792792792792793
BIARRITZ,HENDAYE,26,0.37717717717717714
BIARRITZ,HENDAYE,27,0.37650602409638556
BIARRITZ,HENDAYE,28,0.37719033232628396
BIARRITZ,HENDAYE,29,0.3566465256797583
BIARRITZ,HENDAYE,30,0.05213414634146342
BIARRITZ,ST JEAN DE LUZ CIBOURE,0,0.9914454277286137
BIARRITZ,ST JEAN DE LUZ CIBOURE,1,0.9913235294117647
BIARRITZ,ST JEAN DE LUZ CIBOURE,2,0.9901470588235294
BIARRITZ,ST JEAN DE LUZ CIBOURE,3,0.97953216374269
BIARRITZ,ST JEAN DE LUZ CIBOURE,4,0.9383040935672514
BIARRITZ,ST JEAN DE LUZ CIBOURE,5,0.9276315789473685
BIARRITZ,ST JEAN DE LUZ CIBOURE,6,0.9080409356725146
BIARRITZ,ST JEAN DE LUZ CIBOURE,7,0.8926900584795322
BIARRITZ,ST JEAN DE LUZ CIBOURE,8,0.8673976608187134
BIARRITZ,ST JEAN DE LUZ CIBOURE,9,0.8441348973607039
BIARRITZ,ST JEAN DE LUZ CIBOURE,10,0.7903225806451613
BIARRITZ,ST JEAN DE LUZ CIBOURE,11,0.7541055718475073
BIARRITZ,ST JEAN DE LUZ CIBOURE,12,0.6652492668621701
BIARRITZ,ST JEAN DE LUZ CIBOURE,13,0.6542521994134897
BIARRITZ,ST JEAN DE LUZ CIBOURE,14,0.6255131964809385
BIARRITZ,ST JEAN DE LUZ CIBOURE,15,0.5810850439882698
BIARRITZ,ST JEAN DE LUZ CIBOURE,16,0.5454411764705882
BIARRITZ,ST JEAN DE LUZ CIBOURE,17,0.5156342182890856
BIARRITZ,ST JEAN DE LUZ CIBOURE,18,0.49275147928994084
BIARRITZ,ST JEAN DE LUZ CIBOURE,19,0.47017804154302667
BIARRITZ,ST JEAN DE LUZ CIBOURE,20,0.4593471810089021
BIARRITZ,ST JEAN DE LUZ CIBOURE,21,0.43645833333333334
BIARRITZ,ST JEAN DE LUZ CIBOURE,22,0.4191964285714286
BIARRITZ,ST JEAN DE LUZ CIBOURE,23,0.39268656716417916
BIARRITZ,ST JEAN DE LUZ CIBOURE,24,0.3781437125748503
BIARRITZ,ST JEAN DE LUZ CIBOURE,25,0.3774774774774775
BIARRITZ,ST JEAN DE LUZ CIBOURE,26,0.3779279279279279
BIARRITZ,ST JEAN DE LUZ CIBOURE,27,0.38012048192771086
BIARRITZ,ST JEAN DE LUZ CIBOURE,28,0.3776435045317221
BIARRITZ,ST JEAN DE LUZ CIBOURE,29,0.3580060422960725
BIARRITZ,ST JEAN DE LUZ CIBOURE,30,0.05381097560975609
BIGANOS FACTURE,ARCACHON,0,0.9925081433224755
BIGANOS FACTURE,ARCACHON,1,0.9903908794788274
BIGANOS FACTURE,ARCACHON,2,0.9918300653594772
BIGANOS FACTURE,ARCACHON,3,0.980906148867314
BIGANOS FACTURE,ARCACHON,4,0.9632686084142394
BIGANOS FACTURE,ARCACHON,5,0.9490291262135923
BIGANOS FACTURE,ARCACHON,6,0.942741935483871
BIGANOS FACTURE,ARCACHON,7,0.9385483870967741
BIGANOS FACTURE,ARCACHON,8,0.9362903225806452
BIGANOS FACTURE,ARCACHON,9,0.9318181818181818
BIGANOS FACTURE,ARCACHON,10,0.923538961038961
BIGANOS FACTURE,ARCACHON,11,0.9149350649350649
BIGANOS FACTURE,ARCACHON,12,0.8810064935064936
BIGANOS FACTURE,ARCACHON,13,0.874025974025974
BIGANOS FACTURE,ARCACHON,14,0.8563311688311688
BIGANOS FACTURE,ARCACHON,15,0.8222402597402597
BIGANOS FACTURE,ARCACHON,16,0.8093137254901961
BIGANOS FACTURE,ARCACHON,17,0.7885245901639344
BIGANOS FACTURE,ARCACHON,18,0.7804918032786886
BIGANOS FACTURE,ARCACHON,19,0.7636065573770492
BIGANOS FACTURE,ARCACHON,20,0.7491803278688525
BIGANOS FACTURE,ARCACHON,21,0.7414754098360656
BIGANOS FACTURE,ARCACHON,22,0.7177049180327869
BIGANOS FACTURE,ARCACHON,23,0.6891089108910892
BIGANOS FACTURE,ARCACHON,24,0.6756622516556292
BIGANOS FACTURE,ARCACHON,25,0.65
BIGANOS FACTURE,ARCACHON,26,0.636092715231788
BIGANOS FACTURE,ARCACHON,27,0.6237541528239202
BIGANOS FACTURE,ARCACHON,28,0.598841059602649
BIGANOS FACTURE,ARCACHON,29,0.5596026490066225
BIGANOS FACTURE,ARCACHON,30,0.05986622073578595
BIGANOS FACTURE,LA TESTE,0,0.977027027027027
BIGANOS FACTURE,LA TESTE,1,0.963888888888889
BIGANOS FACTURE,LA TESTE,2,0.9472222222222223
BIGANOS FACTURE,LA TESTE,3,0.9324324324324325
BIGANOS FACTURE,LA TESTE,4,0.8486842105263158
BIGANOS FACTURE,LA TESTE,5,0.8250000000000001
BIGANOS FACTURE,LA TESTE,6,0.8342105263157894
BIGANOS FACTURE,LA TESTE,7,0.8157894736842105
BIGANOS FACTURE,LA TESTE,8,0.7851351351351351
BIGANOS FACTURE,LA TESTE,9,0.7594594594594595
BIGANOS FACTURE,LA TESTE,10,0.7405405405405405
BIGANOS FACTURE,LA TESTE,11,0.6878378378378378
BIGANOS FACTURE,LA TESTE,12,0.5986486486486486
BIGANOS FACTURE,LA TESTE,13,0.5878378378378378
BIGANOS FACTURE,LA TESTE,14,0.5635135135135135
BIGANOS FACTURE,LA TESTE,15,0.5208333333333334
BIGANOS FACTURE,LA TESTE,16,0.4930555555555556
BIGANOS FACTURE,LA TESTE,17,0.4541666666666667
BIGANOS FACTURE,LA TESTE,18,0.44861111111111107
BIGANOS FACTURE,LA TESTE,19,0.44305555555555554
BIGANOS FACTURE,LA TESTE,20,0.4305555555555556
BIGANOS FACTURE,LA TESTE,21,0.42083333333333334
BIGANOS FACTURE,LA TESTE,22,0.3957142857142857
BIGANOS FACTURE,LA TESTE,23,0.3085714285714286
BIGANOS FACTURE,LA TESTE,24,0.2742857142857143
BIGANOS FACTURE,LA TESTE,25,0.26142857142857145
BIGANOS FACTURE,LA TESTE,26,0.25285714285714284
BIGANOS FACTURE,LA TESTE,27,0.2442857142857143
BIGANOS FACTURE,LA TESTE,28,0.22857142857142856
BIGANOS FACTURE,LA TESTE,29,0.21617647058823528
BIGANOS FACTURE,LA TESTE,30,0.041176470588235294
BORDEAUX ST JEAN,AGEN,0,0.868018018018018
BORDEAUX ST JEAN,AGEN,1,0.8650150150150151
BORDEAUX ST JEAN,AGEN,2,0.8644144144144145
BORDEAUX ST JEAN,AGEN,3,0.853903903903904
BORDEAUX ST JEAN,AGEN,4,0.770933734939759
BORDEAUX ST JEAN,AGEN,5,0.7593373493975903
BORDEAUX ST JEAN,AGEN,6,0.7537650602409639
BORDEAUX ST JEAN,AGEN,7,0.7364457831325302
BORDEAUX ST JEAN,AGEN,8,0.713855421686747
BORDEAUX ST JEAN,AGEN,9,0.6745481927710844
BORDEAUX ST JEAN,AGEN,10,0.6581325301204819
BORDEAUX ST JEAN,AGEN,11,0.6395770392749245
BORDEAUX ST JEAN,AGEN,12,0.5361027190332326
BORDEAUX ST JEAN,AGEN,13,0.5365558912386706
BORDEAUX ST JEAN,AGEN,14,0.5250755287009063
BORDEAUX ST JEAN,AGEN,15,0.48504531722054384
BORDEAUX ST JEAN,AGEN,16,0.47205438066465255
BORDEAUX ST JEAN,AGEN,17,0.4715151515151515
BORDEAUX ST JEAN,AGEN,18,0.46306990881458965
BORDEAUX ST JEAN,AGEN,19,0.4510670731707317
BORDEAUX ST JEAN,AGEN,20,0.44649390243902437
BORDEAUX ST JEAN,AGEN,21,0.4405487804878049
BORDEAUX ST JEAN,AGEN,22,0.43730886850152906
BORDEAUX ST JEAN,AGEN,23,0.43696319018404906
BORDEAUX ST JEAN,AGEN,24,0.43987730061349695
BORDEAUX ST JEAN,AGEN,25,0.4424615384615385
BORDEAUX ST JEAN,AGEN,26,0.4472307692307692
BORDEAUX ST JEAN,AGEN,27,0.4506153846153846
BORDEAUX ST JEAN,AGEN,28,0.45584615384615385
BORDEAUX ST JEAN,AGEN,29,0.4444615384615384
BORDEAUX ST JEAN,AGEN,30,0.033796296296296297
BORDEAUX ST JEAN,ARCACHON,0,0.9907166123778501
BORDEAUX ST JEAN,ARCACHON,1,0.9889250814332249
BORDEAUX ST JEAN,ARCACHON,2,0.9897058823529412
BORDEAUX ST JEAN,ARCACHON,3,0.9792880258899677
BORDEAUX ST JEAN,ARCACHON,4,0.9579288025889967
BORDEAUX ST JEAN,ARCACHON,5,0.9428802588996764
BORDEAUX ST JEAN,ARCACHON,6,0.9370967741935484
BORDEAUX ST JEAN,ARCACHON,7,0.9356451612903226
BORDEAUX ST JEAN,ARCACHON,8,0.9332258064516129
BORDEAUX ST JEAN,ARCACHON,9,0.9279220779220779
BORDEAUX ST JEAN,ARCACHON,10,0.92012987012987
BORDEAUX ST JEAN,ARCACHON,11,0.9076298701298702
BORDEAUX ST JEAN,ARCACHON,12,0.8722402597402596
BORDEAUX ST JEAN,ARCACHON,13,0.8665584415584415
BORDEAUX ST JEAN,ARCACHON,14,0.851461038961039
BORDEAUX ST JEAN,ARCACHON,15,0.8172077922077922
BORDEAUX ST JEAN,ARCACHON,16,0.8037581699346404
BORDEAUX ST JEAN,ARCACHON,17,0.7863934426229509
BORDEAUX ST JEAN,ARCACHON,18,0.7757377049180327
BORDEAUX ST JEAN,ARCACHON,19,0.7570491803278688
BORDEAUX ST JEAN,ARCACHON,20,0.7439344262295082
BORDEAUX ST JEAN,ARCACHON,21,0.7367213114754098
BORDEAUX ST JEAN,ARCACHON,22,0.7075409836065574
BORDEAUX ST JEAN,ARCACHON,23,0.683993399339934
BORDEAUX ST JEAN,ARCACHON,24,0.669205298013245
BORDEAUX ST JEAN,ARCACHON,25,0.6465231788079471
BORDEAUX ST JEAN,ARCACHON,26,0.6304635761589404
BORDEAUX ST JEAN,ARCACHON,27,0.622093023255814
BORDEAUX ST JEAN,ARCACHON,28,0.5963576158940397
BORDEAUX ST JEAN,ARCACHON,29,0.5556291390728477
BORDEAUX ST JEAN,ARCACHON,30,0.04882943143812709
BORDEAUX ST JEAN,BAYONNE,0,0.9043859649122807
BORDEAUX ST JEAN,BAYONNE,1,0.9026239067055394
BORDEAUX ST JEAN,BAYONNE,2,0.8895043731778426
BORDEAUX ST JEAN,BAYONNE,3,0.8642028985507245
BORDEAUX ST JEAN,BAYONNE,4,0.7379710144927536
BORDEAUX ST JEAN,BAYONNE,5,0.7201449275362318
BORDEAUX ST JEAN,BAYONNE,6,0.6955072463768116
BORDEAUX ST JEAN,BAYONNE,7,0.6668115942028986
BORDEAUX ST JEAN,BAYONNE,8,0.6285507246376811
BORDEAUX ST JEAN,BAYONNE,9,0.596656976744186
BORDEAUX ST JEAN,BAYONNE,10,0.5569767441860465
BORDEAUX ST JEAN,BAYONNE,11,0.5155523255813953
BORDEAUX ST JEAN,BAYONNE,12,0.3991279069767442
BORDEAUX ST JEAN,BAYONNE,13,0.3777616279069767
BORDEAUX ST JEAN,BAYONNE,14,0.34840116279069766
BORDEAUX ST JEAN,BAYONNE,15,0.311046511627907
BORDEAUX ST JEAN,BAYONNE,16,0.3010204081632653
BORDEAUX ST JEAN,BAYONNE,17,0.29416909620991255
BORDEAUX ST JEAN,BAYONNE,18,0.2861111111111111
BORDEAUX ST JEAN,BAYONNE,19,0.2717008797653959
BORDEAUX ST JEAN,BAYONNE,20,0.2730205278592375
BORDEAUX ST JEAN,BAYONNE,21,0.2645588235294118
BORDEAUX ST JEAN,BAYONNE,22,0.26661764705882357
BORDEAUX ST JEAN,BAYONNE,23,0.26150442477876107
BORDEAUX ST JEAN,BAYONNE,24,0.26227810650887573
BORDEAUX ST JEAN,BAYONNE,25,0.264540059347181
BORDEAUX ST JEAN,BAYONNE,26,0.2765578635014837
BORDEAUX ST JEAN,BAYONNE,27,0.29002976190476193
BORDEAUX ST JEAN,BAYONNE,28,0.2947761194029851
BORDEAUX ST JEAN,BAYONNE,29,0.27611940298507465
BORDEAUX ST JEAN,BAYONNE,30,0.032530120481927716
BORDEAUX ST JEAN,BIARRITZ,0,0.9013235294117646
BORDEAUX ST JEAN,BIARRITZ,1,0.9008797653958944
BORDEAUX ST JEAN,BIARRITZ,2,0.8910557184750734
BORDEAUX ST JEAN,BIARRITZ,3,0.8618075801749272
BORDEAUX ST JEAN,BIARRITZ,4,0.73600583090379
BORDEAUX ST JEAN,BIARRITZ,5,0.717201166180758
BORDEAUX ST JEAN,BIARRITZ,6,0.6953352769679301
BORDEAUX ST JEAN,BIARRITZ,7,0.6625364431486881
BORDEAUX ST JEAN,BIARRITZ,8,0.621865889212828
BORDEAUX ST JEAN,BIARRITZ,9,0.5906432748538012
BORDEAUX ST JEAN,BIARRITZ,10,0.5576023391812865
BORDEAUX ST JEAN,BIARRITZ,11,0.5103801169590644
BORDEAUX ST JEAN,BIARRITZ,12,0.3883040935672515
BORDEAUX ST JEAN,BIARRITZ,13,0.3710526315789474
BORDEAUX ST JEAN,BIARRITZ,14,0.3530701754385965
BORDEAUX ST JEAN,BIARRITZ,15,0.3131578947368421
BORDEAUX ST JEAN,BIARRITZ,16,0.3
BORDEAUX ST JEAN,BIARRITZ,17,0.2948529411764706
BORDEAUX ST JEAN,BIARRITZ,18,0.2809734513274336
BORDEAUX ST JEAN,BIARRITZ,19,0.27307692307692305
BORDEAUX ST JEAN,BIARRITZ,20,0.27071005917159763
BORDEAUX ST JEAN,BIARRITZ,21,0.2593471810089021
BORDEAUX ST JEAN,BIARRITZ,22,0.26186943620178044
BORDEAUX ST JEAN,BIARRITZ,23,0.2584821428571428
BORDEAUX ST JEAN,BIARRITZ,24,0.25925373134328356
BORDEAUX ST JEAN,BIARRITZ,25,0.26497005988023953
BORDEAUX ST JEAN,BIARRITZ,26,0.27395209580838326
BORDEAUX ST JEAN,BIARRITZ,27,0.2840840840840841
BORDEAUX ST JEAN,BIARRITZ,28,0.29096385542168673
BORDEAUX ST JEAN,BIARRITZ,29,0.27756024096385545
BORDEAUX ST JEAN,BIARRITZ,30,0.03404255319148936
BORDEAUX ST JEAN,BIGANOS FACTURE,0,0.989413680781759
BORDEAUX ST JEAN,BIGANOS FACTURE,1,0.9887622149837134
BORDEAUX ST JEAN,BIGANOS FACTURE,2,0.9897058823529412
BORDEAUX ST JEAN,BIGANOS FACTURE,3,0.9779935275080905
BORDEAUX ST JEAN,BIGANOS FACTURE,4,0.9558252427184467
BORDEAUX ST JEAN,BIGANOS FACTURE,5,0.9454692556634303
BORDEAUX ST JEAN,BIGANOS FACTURE,6,0.934516129032258
BORDEAUX ST JEAN,BIGANOS FACTURE,7,0.9333870967741936
BORDEAUX ST JEAN,BIGANOS FACTURE,8,0.9327419354838709
BORDEAUX ST JEAN,BIGANOS FACTURE,9,0.9258116883116883
BORDEAUX ST JEAN,BIGANOS FACTURE,10,0.9160714285714285
BORDEAUX ST JEAN,BIGANOS FACTURE,11,0.902922077922078
BORDEAUX ST JEAN,BIGANOS FACTURE,12,0.8720779220779221
BORDEAUX ST JEAN,BIGANOS FACTURE,13,0.8699675324675324
BORDEAUX ST JEAN,BIGANOS FACTURE,14,0.8543831168831169
BORDEAUX ST JEAN,BIGANOS FACTURE,15,0.8191558441558442
BORDEAUX ST JEAN,BIGANOS FACTURE,16,0.8016339869281046
BORDEAUX ST JEAN,BIGANOS FACTURE,17,0.7881967213114754
BORDEAUX ST JEAN,BIGANOS FACTURE,18,0.7739344262295083
BORDEAUX ST JEAN,BIGANOS FACTURE,19,0.7595081967213115
BORDEAUX ST JEAN,BIGANOS FACTURE,20,0.7478688524590164
BORDEAUX ST JEAN,BIGANOS FACTURE,21,0.741311475409836
BORDEAUX ST JEAN,BIGANOS FACTURE,22,0.7052459016393442
BORDEAUX ST JEAN,BIGANOS FACTURE,23,0.6823432343234324
BORDEAUX ST JEAN,BIGANOS FACTURE,24,0.6683774834437086
BORDEAUX ST JEAN,BIGANOS FACTURE,25,0.6481788079470199
BORDEAUX ST JEAN,BIGANOS FACTURE,26,0.6301324503311259
BORDEAUX ST JEAN,BIGANOS FACTURE,27,0.6244186046511627
BORDEAUX ST JEAN,BIGANOS FACTURE,28,0.5920529801324503
BORDEAUX ST JEAN,BIGANOS FACTURE,29,0.5589403973509934
BORDEAUX ST JEAN,BIGANOS FACTURE,30,0.04364548494983278
BORDEAUX ST JEAN,DAX,0,0.936111111111111
BORDEAUX ST JEAN,DAX,1,0.9341107871720116
BORDEAUX ST JEAN,DAX,2,0.9336734693877551
BORDEAUX ST JEAN,DAX,3,0.9130434782608695
BORDEAUX ST JEAN,DAX,4,0.8255072463768116
BORDEAUX ST JEAN,DAX,5,0.8144927536231884
BORDEAUX ST JEAN,DAX,6,0.7944927536231885
BORDEAUX ST JEAN,DAX,7,0.7831884057971014
BORDEAUX ST JEAN,DAX,8,0.7673913043478261
BORDEAUX ST JEAN,DAX,9,0.7440579710144927
BORDEAUX ST JEAN,DAX,10,0.7194202898550724
BORDEAUX ST JEAN,DAX,11,0.7085507246376811
BORDEAUX ST JEAN,DAX,12,0.6486956521739131
BORDEAUX ST JEAN,DAX,13,0.6336231884057971
BORDEAUX ST JEAN,DAX,14,0.6073913043478261
BORDEAUX ST JEAN,DAX,15,0.5895652173913044
BORDEAUX ST JEAN,DAX,16,0.5817391304347825
BORDEAUX ST JEAN,DAX,17,0.5737681159420289
BORDEAUX ST JEAN,DAX,18,0.565406976744186
BORDEAUX ST JEAN,DAX,19,0.5559766763848396
BORDEAUX ST JEAN,DAX,20,0.5463556851311954
BORDEAUX ST JEAN,DAX,21,0.5434402332361516
BORDEAUX ST JEAN,DAX,22,0.5481049562682215
BORDEAUX ST JEAN,DAX,23,0.5393586005830904
BORDEAUX ST JEAN,DAX,24,0.5393274853801169
BORDEAUX ST JEAN,DAX,25,0.5346491228070175
BORDEAUX ST JEAN,DAX,26,0.5298245614035088
BORDEAUX ST JEAN,DAX,27,0.531578947368421
BORDEAUX ST JEAN,DAX,28,0.5274193548387096
BORDEAUX ST JEAN,DAX,29,0.5008823529411766
BORDEAUX ST JEAN,DAX,30,0.04423076923076923
BORDEAUX ST JEAN,HENDAYE,0,0.898235294117647
BORDEAUX ST JEAN,HENDAYE,1,0.902199413489736
BORDEAUX ST JEAN,HENDAYE,2,0.8910557184750734
BORDEAUX ST JEAN,HENDAYE,3,0.8644314868804664
BORDEAUX ST JEAN,HENDAYE,4,0.7279883381924198
BORDEAUX ST JEAN,HENDAYE,5,0.7166180758017493
BORDEAUX ST JEAN,HENDAYE,6,0.6957725947521866
BORDEAUX ST JEAN,HENDAYE,7,0.6663265306122449
BORDEAUX ST JEAN,HENDAYE,8,0.6278425655976676
BORDEAUX ST JEAN,HENDAYE,9,0.5986842105263158
BORDEAUX ST JEAN,HENDAYE,10,0.5561403508771929
BORDEAUX ST JEAN,HENDAYE,11,0.5173976608187134
BORDEAUX ST JEAN,HENDAYE,12,0.3890350877192983
BORDEAUX ST JEAN,HENDAYE,13,0.379093567251462
BORDEAUX ST JEAN,HENDAYE,14,0.35994152046783623
BORDEAUX ST JEAN,HENDAYE,15,0.31593567251461985
BORDEAUX ST JEAN,HENDAYE,16,0.30307917888563046
BORDEAUX ST JEAN,HENDAYE,17,0.29191176470588237
BORDEAUX ST JEAN,HENDAYE,18,0.2821533923303835
BORDEAUX ST JEAN,HENDAYE,19,0.26642011834319523
BORDEAUX ST JEAN,HENDAYE,20,0.2690828402366864
BORDEAUX ST JEAN,HENDAYE,21,0.26172106824925817
BORDEAUX ST JEAN,HENDAYE,22,0.2602373887240356
BORDEAUX ST JEAN,HENDAYE,23,0.2586309523809524
BORDEAUX ST JEAN,HENDAYE,24,0.2594029850746269
BORDEAUX ST JEAN,HENDAYE,25,0.26272455089820357
BORDEAUX ST JEAN,HENDAYE,26,0.27335329341317366
BORDEAUX ST JEAN,HENDAYE,27,0.2842342342342343
BORDEAUX ST JEAN,HENDAYE,28,0.29201807228915666
BORDEAUX ST JEAN,HENDAYE,29,0.28102409638554215
BORDEAUX ST JEAN,HENDAYE,30,0.02948328267477204
BORDEAUX ST JEAN,LA TESTE,0,0.981081081081081
BORDEAUX ST JEAN,LA TESTE,1,0.9708333333333334
BORDEAUX ST JEAN,LA TESTE,2,0.9430555555555556
BORDEAUX ST JEAN,LA TESTE,3,0.9283783783783784
BORDEAUX ST JEAN,LA TESTE,4,0.8394736842105263
BORDEAUX ST JEAN,LA TESTE,5,0.8131578947368421
BORDEAUX ST JEAN,LA TESTE,6,0.8276315789473684
BORDEAUX ST JEAN,LA TESTE,7,0.8092105263157895
BORDEAUX ST JEAN,LA TESTE,8,0.7702702702702703
BORDEAUX ST JEAN,LA TESTE,9,0.7486486486486487
BORDEAUX ST JEAN,LA TESTE,10,0.7243243243243244
BORDEAUX ST JEAN,LA TESTE,11,0.672972972972973
BORDEAUX ST JEAN,LA TESTE,12,0.6135135135135135
BORDEAUX ST JEAN,LA TESTE,13,0.5918918918918918
BORDEAUX ST JEAN,LA TESTE,14,0.5648648648648649
BORDEAUX ST JEAN,LA TESTE,15,0.5236111111111111
BORDEAUX ST JEAN,LA TESTE,16,0.49444444444444446
BORDEAUX ST JEAN,LA TESTE,17,0.44583333333333336
BORDEAUX ST JEAN,LA TESTE,18,0.4388888888888889
BORDEAUX ST JEAN,LA TESTE,19,0.43472222222222223
BORDEAUX ST JEAN,LA TESTE,20,0.4263888888888889
BORDEAUX ST JEAN,LA TESTE,21,0.4277777777777778
BORDEAUX ST JEAN,LA TESTE,22,0.3942857142857143
BORDEAUX ST JEAN,LA TESTE,23,0.31857142857142856
BORDEAUX ST JEAN,LA TESTE,24,0.2742857142857143
BORDEAUX ST JEAN,LA TESTE,25,0.25142857142857145
BORDEAUX ST JEAN,LA TESTE,26,0.2542857142857143
BORDEAUX ST JEAN,LA TESTE,27,0.2542857142857143
BORDEAUX ST JEAN,LA TESTE,28,0.22857142857142856
BORDEAUX ST JEAN,LA TESTE,29,0.21764705882352942
BORDEAUX ST JEAN,LA TESTE,30,0.033823529411764704
BORDEAUX ST JEAN,LOURDES,0,0.8863235294117647
BORDEAUX ST JEAN,LOURDES,1,0.8831378299120234
BORDEAUX ST JEAN,LOURDES,2,0.8780058651026392
BORDEAUX ST JEAN,LOURDES,3,0.8617732558139535
BORDEAUX ST JEAN,LOURDES,4,0.7618075801749271
BORDEAUX ST JEAN,LOURDES,5,0.7454810495626821
BORDEAUX ST JEAN,LOURDES,6,0.7157434402332361
BORDEAUX ST JEAN,LOURDES,7,0.6969387755102041
BORDEAUX ST JEAN,LOURDES,8,0.679796511627907
BORDEAUX ST JEAN,LOURDES,9,0.6511661807580175
BORDEAUX ST JEAN,LOURDES,10,0.6269679300291545
BORDEAUX ST JEAN,LOURDES,11,0.6067055393586006
BORDEAUX ST JEAN,LOURDES,12,0.5337209302325582
BORDEAUX ST JEAN,LOURDES,13,0.5177325581395349
BORDEAUX ST JEAN,LOURDES,14,0.5046511627906977
BORDEAUX ST JEAN,LOURDES,15,0.4890988372093023
BORDEAUX ST JEAN,LOURDES,16,0.4864825581395349
BORDEAUX ST JEAN,LOURDES,17,0.4862973760932945
BORDEAUX ST JEAN,LOURDES,18,0.47997076023391816
BORDEAUX ST JEAN,LOURDES,19,0.4714076246334311
BORDEAUX ST JEAN,LOURDES,20,0.4551319648093841
BORDEAUX ST JEAN,LOURDES,21,0.4472140762463343
BORDEAUX ST JEAN,LOURDES,22,0.44692082111436954
BORDEAUX ST JEAN,LOURDES,23,0.4456011730205278
BORDEAUX ST JEAN,LOURDES,24,0.44632352941176473
BORDEAUX ST JEAN,LOURDES,25,0.4347058823529412
BORDEAUX ST JEAN,LOURDES,26,0.43495575221238936
BORDEAUX ST JEAN,LOURDES,27,0.43112094395280237
BORDEAUX ST JEAN,LOURDES,28,0.42618343195266273
BORDEAUX ST JEAN,LOURDES,29,0.4130563798219584
BORDEAUX ST JEAN,LOURDES,30,0.025522388059701494
BORDEAUX ST JEAN,MONTAUBAN VILLE BOURBON,0,0.8082317073170733
BORDEAUX ST JEAN,MONTAUBAN VILLE BOURBON,1,0.8085365853658536
BORDEAUX ST JEAN,MONTAUBAN VILLE BOURBON,2,0.8073170731707318
BORDEAUX ST JEAN,MONTAUBAN VILLE BOURBON,3,0.7958841463414634
BORDEAUX ST JEAN,MONTAUBAN VILLE BOURBON,4,0.6908256880733945
BORDEAUX ST JEAN,MONTAUBAN VILLE BOURBON,5,0.6758409785932722
BORDEAUX ST JEAN,MONTAUBAN VILLE BOURBON,6,0.6629969418960245
BORDEAUX ST JEAN,MONTAUBAN VILLE BOURBON,7,0.6412844036697247
BORDEAUX ST JEAN,MONTAUBAN VILLE BOURBON,8,0.6119266055045871
BORDEAUX ST JEAN,MONTAUBAN VILLE BOURBON,9,0.5673312883435583
BORDEAUX ST JEAN,MONTAUBAN VILLE BOURBON,10,0.5363496932515337
BORDEAUX ST JEAN,MONTAUBAN VILLE BOURBON,11,0.5176923076923077
BORDEAUX ST JEAN,MONTAUBAN VILLE BOURBON,12,0.4358461538461539
BORDEAUX ST JEAN,MONTAUBAN VILLE BOURBON,13,0.42538461538461536
BORDEAUX ST JEAN,MONTAUBAN VILLE BOURBON,14,0.4070769230769231
BORDEAUX ST JEAN,MONTAUBAN VILLE BOURBON,15,0.38169230769230766
BORDEAUX ST JEAN,MONTAUBAN VILLE BOURBON,16,0.36898148148148147
BORDEAUX ST JEAN,MONTAUBAN VILLE BOURBON,17,0.37043343653250776
BORDEAUX ST JEAN,MONTAUBAN VILLE BOURBON,18,0.36801242236024845
BORDEAUX ST JEAN,MONTAUBAN VILLE BOURBON,19,0.3524922118380063
BORDEAUX ST JEAN,MONTAUBAN VILLE BOURBON,20,0.35311526479750777
BORDEAUX ST JEAN,MONTAUBAN VILLE BOURBON,21,0.33816199376947037
BORDEAUX ST JEAN,MONTAUBAN VILLE BOURBON,22,0.32515625
BORDEAUX ST JEAN,MONTAUBAN VILLE BOURBON,23,0.3078369905956113
BORDEAUX ST JEAN,MONTAUBAN VILLE BOURBON,24,0.30626959247648905
BORDEAUX ST JEAN,MONTAUBAN VILLE BOURBON,25,0.2982704402515723
BORDEAUX ST JEAN,MONTAUBAN VILLE BOURBON,26,0.2894654088050314
BORDEAUX ST JEAN,MONTAUBAN VILLE BOURBON,27,0.28349056603773587
BORDEAUX ST JEAN,MONTAUBAN VILLE BOURBON,28,0.2770440251572327
BORDEAUX ST JEAN,MONTAUBAN VILLE BOURBON,29,0.2584639498432602
BORDEAUX ST JEAN,MONTAUBAN VILLE BOURBON,30,0.031072555205047318
BORDEAUX ST JEAN,ORTHEZ,0,0.8657352941176472
BORDEAUX ST JEAN,ORTHEZ,1,0.8605571847507331
BORDEAUX ST JEAN,ORTHEZ,2,0.8486803519061583
BORDEAUX ST JEAN,ORTHEZ,3,0.8209302325581395
BORDEAUX ST JEAN,ORTHEZ,4,0.7290087463556851
BORDEAUX ST JEAN,ORTHEZ,5,0.7007288629737609
BORDEAUX ST JEAN,ORTHEZ,6,0.6736151603498542
BORDEAUX ST JEAN,ORTHEZ,7,0.6549562682215744
BORDEAUX ST JEAN,ORTHEZ,8,0.6405523255813953
BORDEAUX ST JEAN,ORTHEZ,9,0.5986880466472303
BORDEAUX ST JEAN,ORTHEZ,10,0.5771137026239067
BORDEAUX ST JEAN,ORTHEZ,11,0.5549562682215743
BORDEAUX ST JEAN,ORTHEZ,12,0.4824127906976744
BORDEAUX ST JEAN,ORTHEZ,13,0.46758720930232556
BORDEAUX ST JEAN,ORTHEZ,14,0.44752906976744183
BORDEAUX ST JEAN,ORTHEZ,15,0.4446220930232558
BORDEAUX ST JEAN,ORTHEZ,16,0.43206997084548104
BORDEAUX ST JEAN,ORTHEZ,17,0.4257309941520468
BORDEAUX ST JEAN,ORTHEZ,18,0.419208211143695
BORDEAUX ST JEAN,ORTHEZ,19,0.4070588235294118
BORDEAUX ST JEAN,ORTHEZ,20,0.3922058823529412
BORDEAUX ST JEAN,ORTHEZ,21,0.38999999999999996
BORDEAUX ST JEAN,ORTHEZ,22,0.3922058823529412
BORDEAUX ST JEAN,ORTHEZ,23,0.3826470588235294
BORDEAUX ST JEAN,ORTHEZ,24,0.3781710914454277
BORDEAUX ST JEAN,ORTHEZ,25,0.3688790560471976
BORDEAUX ST JEAN,ORTHEZ,26,0.3689349112426036
BORDEAUX ST JEAN,ORTHEZ,27,0.3642011834319526
BORDEAUX ST JEAN,ORTHEZ,28,0.3586053412462908
BORDEAUX ST JEAN,ORTHEZ,29,0.33824404761904764
BORDEAUX ST JEAN,ORTHEZ,30,0.02694610778443114
BORDEAUX ST JEAN,PAU,0,0.885735294117647
BORDEAUX ST JEAN,PAU,1,0.8828445747800587
BORDEAUX ST JEAN,PAU,2,0.8798529411764705
BORDEAUX ST JEAN,PAU,3,0.8596209912536443
BORDEAUX ST JEAN,PAU,4,0.766374269005848
BORDEAUX ST JEAN,PAU,5,0.7478070175438597
BORDEAUX ST JEAN,PAU,6,0.7169590643274854
BORDEAUX ST JEAN,PAU,7,0.6969387755102041
BORDEAUX ST JEAN,PAU,8,0.6784883720930233
BORDEAUX ST JEAN,PAU,9,0.6501457725947521
BORDEAUX ST JEAN,PAU,10,0.6246355685131195
BORDEAUX ST JEAN,PAU,11,0.603935860058309
BORDEAUX ST JEAN,PAU,12,0.5367732558139535
BORDEAUX ST JEAN,PAU,13,0.5219476744186047
BORDEAUX ST JEAN,PAU,14,0.5053779069767441
BORDEAUX ST JEAN,PAU,15,0.4883720930232558
BORDEAUX ST JEAN,PAU,16,0.48372093023255813
BORDEAUX ST JEAN,PAU,17,0.48702623906705544
BORDEAUX ST JEAN,PAU,18,0.4820175438596491
BORDEAUX ST JEAN,PAU,19,0.4730205278592376
BORDEAUX ST JEAN,PAU,20,0.45659824046920816
BORDEAUX ST JEAN,PAU,21,0.44765395894428156
BORDEAUX ST JEAN,PAU,22,0.44985337243401763
BORDEAUX ST JEAN,PAU,23,0.443841642228739
BORDEAUX ST JEAN,PAU,24,0.44058823529411767
BORDEAUX ST JEAN,PAU,25,0.43720588235294117
BORDEAUX ST JEAN,PAU,26,0.43289085545722716
BORDEAUX ST JEAN,PAU,27,0.4283185840707964
BORDEAUX ST JEAN,PAU,28,0.42633136094674556
BORDEAUX ST JEAN,PAU,29,0.41454005934718097
BORDEAUX ST JEAN,PAU,30,0.030447761194029855
BORDEAUX ST JEAN,ST JEAN DE LUZ CIBOURE,0,0.899264705882353
BORDEAUX ST JEAN,ST JEAN DE LUZ CIBOURE,1,0.9033724340175954
BORDEAUX ST JEAN,ST JEAN DE LUZ CIBOURE,2,0.8895894428152493
BORDEAUX ST JEAN,ST JEAN DE LUZ CIBOURE,3,0.8663265306122448
BORDEAUX ST JEAN,ST JEAN DE LUZ CIBOURE,4,0.73600583090379
BORDEAUX ST JEAN,ST JEAN DE LUZ CIBOURE,5,0.7186588921282799
BORDEAUX ST JEAN,ST JEAN DE LUZ CIBOURE,6,0.6911078717201167
BORDEAUX ST JEAN,ST JEAN DE LUZ CIBOURE,7,0.6651603498542275
BORDEAUX ST JEAN,ST JEAN DE LUZ CIBOURE,8,0.6272594752186589
BORDEAUX ST JEAN,ST JEAN DE LUZ CIBOURE,9,0.5903508771929825
BORDEAUX ST JEAN,ST JEAN DE LUZ CIBOURE,10,0.5527777777777778
BORDEAUX ST JEAN,ST JEAN DE LUZ CIBOURE,11,0.5201754385964913
BORDEAUX ST JEAN,ST JEAN DE LUZ CIBOURE,12,0.3935672514619883
BORDEAUX ST JEAN,ST JEAN DE LUZ CIBOURE,13,0.3751461988304094
BORDEAUX ST JEAN,ST JEAN DE LUZ CIBOURE,14,0.35789473684210527
BORDEAUX ST JEAN,ST JEAN DE LUZ CIBOURE,15,0.31140350877192985
BORDEAUX ST JEAN,ST JEAN DE LUZ CIBOURE,16,0.3027859237536657
BORDEAUX ST JEAN,ST JEAN DE LUZ CIBOURE,17,0.2933823529411765
BORDEAUX ST JEAN,ST JEAN DE LUZ CIBOURE,18,0.28303834808259587
BORDEAUX ST JEAN,ST JEAN DE LUZ CIBOURE,19,0.2717455621301775
BORDEAUX ST JEAN,ST JEAN DE LUZ CIBOURE,20,0.27307692307692305
BORDEAUX ST JEAN,ST JEAN DE LUZ CIBOURE,21,0.2609792284866469
BORDEAUX ST JEAN,ST JEAN DE LUZ CIBOURE,22,0.26305637982195845
BORDEAUX ST JEAN,ST JEAN DE LUZ CIBOURE,23,0.25818452380952384
BORDEAUX ST JEAN,ST JEAN DE LUZ CIBOURE,24,0.25985074626865673
BORDEAUX ST JEAN,ST JEAN DE LUZ CIBOURE,25,0.26586826347305387
BORDEAUX ST JEAN,ST JEAN DE LUZ CIBOURE,26,0.2729041916167665
BORDEAUX ST JEAN,ST JEAN DE LUZ CIBOURE,27,0.281981981981982
BORDEAUX ST JEAN,ST JEAN DE LUZ CIBOURE,28,0.29638554216867474
BORDEAUX ST JEAN,ST JEAN DE LUZ CIBOURE,29,0.28825301204819276
BORDEAUX ST JEAN,ST JEAN DE LUZ CIBOURE,30,0.027659574468085105
BORDEAUX ST JEAN,TARBES,0,0.8885964912280702
BORDEAUX ST JEAN,TARBES,1,0.8812865497076022
BORDEAUX ST JEAN,TARBES,2,0.8730994152046784
BORDEAUX ST JEAN,TARBES,3,0.860174418604651
BORDEAUX ST JEAN,TARBES,4,0.7676384839650147
BORDEAUX ST JEAN,TARBES,5,0.7456268221574344
BORDEAUX ST JEAN,TARBES,6,0.717201166180758
BORDEAUX ST JEAN,TARBES,7,0.6960641399416909
BORDEAUX ST JEAN,TARBES,8,0.6786337209302326
BORDEAUX ST JEAN,TARBES,9,0.6489795918367347
BORDEAUX ST JEAN,TARBES,10,0.6301749271137026
BORDEAUX ST JEAN,TARBES,11,0.6104956268221574
BORDEAUX ST JEAN,TARBES,12,0.5372093023255814
BORDEAUX ST JEAN,TARBES,13,0.524563953488372
BORDEAUX ST JEAN,TARBES,14,0.5013081395348837
BORDEAUX ST JEAN,TARBES,15,0.4886627906976744
BORDEAUX ST JEAN,TARBES,16,0.48473837209302323
BORDEAUX ST JEAN,TARBES,17,0.48440233236151603
BORDEAUX ST JEAN,TARBES,18,0.481578947368421
BORDEAUX ST JEAN,TARBES,19,0.4740469208211144
BORDEAUX ST JEAN,TARBES,20,0.4557184750733138
BORDEAUX ST JEAN,TARBES,21,0.44926686217008793
BORDEAUX ST JEAN,TARBES,22,0.44999999999999996
BORDEAUX ST JEAN,TARBES,23,0.44398826979472145
BORDEAUX ST JEAN,TARBES,24,0.4466176470588235
BORDEAUX ST JEAN,TARBES,25,0.43720588235294117
BORDEAUX ST JEAN,TARBES,26,0.43215339233038347
BORDEAUX ST JEAN,TARBES,27,0.42979351032448376
BORDEAUX ST JEAN,TARBES,28,0.42766272189349114
BORDEAUX ST JEAN,TARBES,29,0.413353115727003
BORDEAUX ST JEAN,TARBES,30,0.02507462686567164
BORDEAUX ST JEAN,TOULOUSE MATABIAU,0,0.8785285285285286
BORDEAUX ST JEAN,TOULOUSE MATABIAU,1,0.8723723723723724
BORDEAUX ST JEAN,TOULOUSE MATABIAU,2,0.8707207207207207
BORDEAUX ST JEAN,TOULOUSE MATABIAU,3,0.8642642642642643
BORDEAUX ST JEAN,TOULOUSE MATABIAU,4,0.7828313253012048
BORDEAUX ST JEAN,TOULOUSE MATABIAU,5,0.7727409638554217
BORDEAUX ST JEAN,TOULOUSE MATABIAU,6,0.7637048192771084
BORDEAUX ST JEAN,TOULOUSE MATABIAU,7,0.7436746987951808
BORDEAUX ST JEAN,TOULOUSE MATABIAU,8,0.7253012048192772
BORDEAUX ST JEAN,TOULOUSE MATABIAU,9,0.6855421686746987
BORDEAUX ST JEAN,TOULOUSE MATABIAU,10,0.6650602409638554
BORDEAUX ST JEAN,TOULOUSE MATABIAU,11,0.6471299093655589
BORDEAUX ST JEAN,TOULOUSE MATABIAU,12,0.5413897280966767
BORDEAUX ST JEAN,TOULOUSE MATABIAU,13,0.538821752265861
BORDEAUX ST JEAN,TOULOUSE MATABIAU,14,0.5309667673716012
BORDEAUX ST JEAN,TOULOUSE MATABIAU,15,0.49123867069486404
BORDEAUX ST JEAN,TOULOUSE MATABIAU,16,0.4832326283987915
BORDEAUX ST JEAN,TOULOUSE MATABIAU,17,0.4803030303030303
BORDEAUX ST JEAN,TOULOUSE MATABIAU,18,0.46838905775075984
BORDEAUX ST JEAN,TOULOUSE MATABIAU,19,0.45625000000000004
BORDEAUX ST JEAN,TOULOUSE MATABIAU,20,0.448780487804878
BORDEAUX ST JEAN,TOULOUSE MATABIAU,21,0.4414634146341464
BORDEAUX ST JEAN,TOULOUSE MATABIAU,22,0.43669724770642204
BORDEAUX ST JEAN,TOULOUSE MATABIAU,23,0.43466257668711655
BORDEAUX ST JEAN,TOULOUSE MATABIAU,24,0.44187116564417184
BORDEAUX ST JEAN,TOULOUSE MATABIAU,25,0.4403076923076923
BORDEAUX ST JEAN,TOULOUSE MATABIAU,26,0.448
BORDEAUX ST JEAN,TOULOUSE MATABIAU,27,0.4546153846153846
BORDEAUX ST JEAN,TOULOUSE MATABIAU,28,0.4606153846153846
BORDEAUX ST JEAN,TOULOUSE MATABIAU,29,0.4469230769230769
BORDEAUX ST JEAN,TOULOUSE MATABIAU,30,0.030864197530864196
CHATELLERAULT,ANGOULEME,0,0.8458333333333333
CHATELLERAULT,ANGOULEME,1,0.8388888888888889
CHATELLERAULT,ANGOULEME,2,0.7671052631578947
CHATELLERAULT,ANGOULEME,3,0.743421052631579
CHATELLERAULT,ANGOULEME,4,0.4276315789473684
CHATELLERAULT,ANGOULEME,5,0.36052631578947364
CHATELLERAULT,ANGOULEME,6,0.26710526315789473
CHATELLERAULT,ANGOULEME,7,0.2263157894736842
CHATELLERAULT,ANGOULEME,8,0.1118421052631579
CHATELLERAULT,ANGOULEME,9,0.1118421052631579
CHATELLERAULT,ANGOULEME,10,0.08947368421052633
CHATELLERAULT,ANGOULEME,11,0.046052631578947366
CHATELLERAULT,ANGOULEME,12,0.03157894736842106
CHATELLERAULT,ANGOULEME,13,0.027631578947368424
CHATELLERAULT,ANGOULEME,14,0.002631578947368421
CHATELLERAULT,ANGOULEME,15,0.002631578947368421
CHATELLERAULT,ANGOULEME,16,0.0
CHATELLERAULT,ANGOULEME,17,0.0
CHATELLERAULT,ANGOULEME,18,0.0
CHATELLERAULT,ANGOULEME,19,0.0
CHATELLERAULT,ANGOULEME,20,0.0
CHATELLERAULT,ANGOULEME,21,0.0
CHATELLERAULT,ANGOULEME,22,0.0
CHATELLERAULT,ANGOULEME,23,0.0
CHATELLERAULT,ANGOULEME,24,0.0
CHATELLERAULT,ANGOULEME,25,0.0
CHATELLERAULT,ANGOULEME,26,0.0
CHATELLERAULT,ANGOULEME,27,0.0013157894736842105
CHATELLERAULT,ANGOULEME,28,0.0013157894736842105
CHATELLERAULT,ANGOULEME,29,0.0013157894736842105
CHATELLERAULT,ANGOULEME,30,0.0
CHATELLERAULT,BORDEAUX ST JEAN,0,0.8458333333333333
CHATELLERAULT,BORDEAUX ST JEAN,1,0.8388888888888889
CHATELLERAULT,BORDEAUX ST JEAN,2,0.7486842105263157
CHATELLERAULT,BORDEAUX ST JEAN,3,0.7355263157894737
CHATELLERAULT,BORDEAUX ST JEAN,4,0.4473684210526316
CHATELLERAULT,BORDEAUX ST JEAN,5,0.35526315789473684
CHATELLERAULT,BORDEAUX ST JEAN,6,0.2578947368421053
CHATELLERAULT,BORDEAUX ST JEAN,7,0.23289473684210527
CHATELLERAULT,BORDEAUX ST JEAN,8,0.1105263157894737
CHATELLERAULT,BORDEAUX ST JEAN,9,0.09868421052631579
CHATELLERAULT,BORDEAUX ST JEAN,10,0.06710526315789474
CHATELLERAULT,BORDEAUX ST JEAN,11,0.04342105263157895
CHATELLERAULT,BORDEAUX ST JEAN,12,0.030263157894736846
CHATELLERAULT,BORDEAUX ST JEAN,13,0.02631578947368421
CHATELLERAULT,BORDEAUX ST JEAN,14,0.006578947368421052
CHATELLERAULT,BORDEAUX ST JEAN,15,0.0013157894736842105
CHATELLERAULT,BORDEAUX ST JEAN,16,0.0
CHATELLERAULT,BORDEAUX ST JEAN,17,0.0013157894736842105
CHATELLERAULT,BORDEAUX ST JEAN,18,0.0
CHATELLERAULT,BORDEAUX ST JEAN,19,0.0013157894736842105
CHATELLERAULT,BORDEAUX ST JEAN,20,0.0
CHATELLERAULT,BORDEAUX ST JEAN,21,0.0
CHATELLERAULT,BORDEAUX ST JEAN,22,0.0
CHATELLERAULT,BORDEAUX ST JEAN,23,0.0
CHATELLERAULT,BORDEAUX ST JEAN,24,0.0
CHATELLERAULT,BORDEAUX ST JEAN,25,0.0013157894736842105
CHATELLERAULT,BORDEAUX ST JEAN,26,0.0
CHATELLERAULT,BORDEAUX ST JEAN,27,0.0013157894736842105
CHATELLERAULT,BORDEAUX ST JEAN,28,0.002631578947368421
CHATELLERAULT,BORDEAUX ST JEAN,29,0.0013157894736842105
CHATELLERAULT,BORDEAUX ST JEAN,30,0.0013157894736842105
CHATELLERAULT,POITIERS,0,0.8555555555555556
CHATELLERAULT,POITIERS,1,0.8263888888888888
CHATELLERAULT,POITIERS,2,0.7421052631578947
CHATELLERAULT,POITIERS,3,0.7289473684210526
CHATELLERAULT,POITIERS,4,0.40921052631578947
CHATELLERAULT,POITIERS,5,0.34342105263157896
CHATELLERAULT,POITIERS,6,0.27631578947368424
CHATELLERAULT,POITIERS,7,0.23684210526315788
CHATELLERAULT,POITIERS,8,0.11710526315789474
CHATELLERAULT,POITIERS,9,0.10263157894736842
CHATELLERAULT,POITIERS,10,0.05789473684210527
CHATELLERAULT,POITIERS,11,0.038157894736842106
CHATELLERAULT,POITIERS,12,0.02368421052631579
CHATELLERAULT,POITIERS,13,0.018421052631578946
CHATELLERAULT,POITIERS,14,0.003947368421052633
CHATELLERAULT,POITIERS,15,0.0
CHATELLERAULT,POITIERS,16,0.0
CHATELLERAULT,POITIERS,17,0.0
CHATELLERAULT,POITIERS,18,0.0
CHATELLERAULT,POITIERS,19,0.0
CHATELLERAULT,POITIERS,20,0.0
CHATELLERAULT,POITIERS,21,0.0013157894736842105
CHATELLERAULT,POITIERS,22,0.0013157894736842105
CHATELLERAULT,POITIERS,23,0.0013157894736842105
CHATELLERAULT,POITIERS,24,0.0013157894736842105
CHATELLERAULT,POITIERS,25,0.0
CHATELLERAULT,POITIERS,26,0.0
CHATELLERAULT,POITIERS,27,0.0
CHATELLERAULT,POITIERS,28,0.0013157894736842105
CHATELLERAULT,POITIERS,29,0.005263157894736842
CHATELLERAULT,POITIERS,30,0.0
DAX,BAYONNE,0,0.9923976608187134
DAX,BAYONNE,1,0.9931486880466471
DAX,BAYONNE,2,0.99533527696793
DAX,BAYONNE,3,0.9872463768115942
DAX,BAYONNE,4,0.953768115942029
DAX,BAYONNE,5,0.9453623188405796
DAX,BAYONNE,6,0.9255072463768116
DAX,BAYONNE,7,0.9094202898550725
DAX,BAYONNE,8,0.8834782608695653
DAX,BAYONNE,9,0.8468023255813953
DAX,BAYONNE,10,0.8050872093023256
DAX,BAYONNE,11,0.7658430232558139
DAX,BAYONNE,12,0.690406976744186
DAX,BAYONNE,13,0.6734011627906977
DAX,BAYONNE,14,0.6335755813953488
DAX,BAYONNE,15,0.5861918604651163
DAX,BAYONNE,16,0.5603498542274052
DAX,BAYONNE,17,0.5303206997084549
DAX,BAYONNE,18,0.49839181286549705
DAX,BAYONNE,19,0.47756598240469206
DAX,BAYONNE,20,0.4652492668621701
DAX,BAYONNE,21,0.4354411764705883
DAX,BAYONNE,22,0.4210294117647059
DAX,BAYONNE,23,0.39321533923303836
DAX,BAYONNE,24,0.37514792899408284
DAX,BAYONNE,25,0.3729970326409496
DAX,BAYONNE,26,0.3781899109792285
DAX,BAYONNE,27,0.3782738095238095
DAX,BAYONNE,28,0.3765671641791045
DAX,BAYONNE,29,0.3561194029850746
DAX,BAYONNE,30,0.045481927710843376
DAX,BIARRITZ,0,0.9919117647058824
DAX,BIARRITZ,1,0.9934017595307918
DAX,BIARRITZ,2,0.9942815249266862
DAX,BIARRITZ,3,0.986734693877551
DAX,BIARRITZ,4,0.9548104956268222
DAX,BIARRITZ,5,0.9450437317784256
DAX,BIARRITZ,6,0.9233236151603498
DAX,BIARRITZ,7,0.9093294460641399
DAX,BIARRITZ,8,0.8876093294460641
DAX,BIARRITZ,9,0.8508771929824561
DAX,BIARRITZ,10,0.8051169590643276
DAX,BIARRITZ,11,0.7580409356725146
DAX,BIARRITZ,12,0.6853801169590643
DAX,BIARRITZ,13,0.6730994152046783
DAX,BIARRITZ,14,0.6261695906432748
DAX,BIARRITZ,15,0.5874269005847953
DAX,BIARRITZ,16,0.5636363636363636
DAX,BIARRITZ,17,0.5276470588235295
DAX,BIARRITZ,18,0.4960176991150443
DAX,BIARRITZ,19,0.4751479289940828
DAX,BIARRITZ,20,0.4627218934911243
DAX,BIARRITZ,21,0.4317507418397626
DAX,BIARRITZ,22,0.4160237388724035
DAX,BIARRITZ,23,0.3880952380952381
DAX,BIARRITZ,24,0.3728358208955224
DAX,BIARRITZ,25,0.3702095808383234
DAX,BIARRITZ,26,0.3724550898203593
DAX,BIARRITZ,27,0.3761261261261261
DAX,BIARRITZ,28,0.3769578313253012
DAX,BIARRITZ,29,0.35271084337349395
DAX,BIARRITZ,30,0.04908814589665653
DAX,HENDAYE,0,0.9935294117647059
DAX,HENDAYE,1,0.9934017595307918
DAX,HENDAYE,2,0.9957478005865102
DAX,HENDAYE,3,0.9895043731778425
DAX,HENDAYE,4,0.9542274052478135
DAX,HENDAYE,5,0.9450437317784256
DAX,HENDAYE,6,0.924198250728863
DAX,HENDAYE,7,0.9084548104956269
DAX,HENDAYE,8,0.8835276967930029
DAX,HENDAYE,9,0.8492690058479532
DAX,HENDAYE,10,0.8081871345029239
DAX,HENDAYE,11,0.7672514619883041
DAX,HENDAYE,12,0.6907894736842105
DAX,HENDAYE,13,0.6678362573099416
DAX,HENDAYE,14,0.629093567251462
DAX,HENDAYE,15,0.5871345029239766
DAX,HENDAYE,16,0.5551319648093842
DAX,HENDAYE,17,0.5263235294117646
DAX,HENDAYE,18,0.49852507374631266
DAX,HENDAYE,19,0.47337278106508873
DAX,HENDAYE,20,0.4596153846153846
DAX,HENDAYE,21,0.43308605341246287
DAX,HENDAYE,22,0.4164688427299703
DAX,HENDAYE,23,0.38764880952380953
DAX,HENDAYE,24,0.3683582089552239
DAX,HENDAYE,25,0.3718562874251497
DAX,HENDAYE,26,0.3724550898203593
DAX,HENDAYE,27,0.37537537537537535
DAX,HENDAYE,28,0.377710843373494
DAX,HENDAYE,29,0.35602409638554217
DAX,HENDAYE,30,0.039361702127659576
DAX,LOURDES,0,0.9927941176470588
DAX,LOURDES,1,0.9964809384164223
DAX,LOURDES,2,0.9989736070381231
DAX,LOURDES,3,0.9930232558139536
DAX,LOURDES,4,0.9685131195335277
DAX,LOURDES,5,0.9615160349854228
DAX,LOURDES,6,0.9428571428571428
DAX,LOURDES,7,0.9361516034985423
DAX,LOURDES,8,0.9200581395348837
DAX,LOURDES,9,0.8846938775510204
DAX,LOURDES,10,0.8574344023323616
DAX,LOURDES,11,0.8330903790087464
DAX,LOURDES,12,0.7821220930232559
DAX,LOURDES,13,0.7627906976744185
DAX,LOURDES,14,0.7466569767441861
DAX,LOURDES,15,0.7302325581395348
DAX,LOURDES,16,0.7122093023255814
DAX,LOURDES,17,0.6941690962099125
DAX,LOURDES,18,0.6780701754385965
DAX,LOURDES,19,0.6586510263929619
DAX,LOURDES,20,0.6467741935483872
DAX,LOURDES,21,0.6241935483870967
DAX,LOURDES,22,0.6205278592375366
DAX,LOURDES,23,0.6174486803519061
DAX,LOURDES,24,0.6122058823529412
DAX,LOURDES,25,0.5979411764705883
DAX,LOURDES,26,0.5951327433628318
DAX,LOURDES,27,0.5992625368731563
DAX,LOURDES,28,0.580473372781065
DAX,LOURDES,29,0.5410979228486646
DAX,LOURDES,30,0.043134328358208955
DAX,ORTHEZ,0,0.9900000000000001
DAX,ORTHEZ,1,0.995307917888563
DAX,ORTHEZ,2,0.9980938416422288
DAX,ORTHEZ,3,0.9905523255813954
DAX,ORTHEZ,4,0.9657434402332361
DAX,ORTHEZ,5,0.9549562682215744
DAX,ORTHEZ,6,0.9371720116618075
DAX,ORTHEZ,7,0.9276967930029154
DAX,ORTHEZ,8,0.9151162790697674
DAX,ORTHEZ,9,0.8769679300291545
DAX,ORTHEZ,10,0.8368804664723032
DAX,ORTHEZ,11,0.8077259475218659
DAX,ORTHEZ,12,0.7534883720930232
DAX,ORTHEZ,13,0.7321220930232558
DAX,ORTHEZ,14,0.7062499999999999
DAX,ORTHEZ,15,0.6959302325581396
DAX,ORTHEZ,16,0.6698250728862973
DAX,ORTHEZ,17,0.6535087719298246
DAX,ORTHEZ,18,0.6348973607038123
DAX,ORTHEZ,19,0.6147058823529412
DAX,ORTHEZ,20,0.6014705882352941
DAX,ORTHEZ,21,0.5813235294117647
DAX,ORTHEZ,22,0.5752941176470588
DAX,ORTHEZ,23,0.5610294117647059
DAX,ORTHEZ,24,0.5488200589970502
DAX,ORTHEZ,25,0.5303834808259588
DAX,ORTHEZ,26,0.5276627218934911
DAX,ORTHEZ,27,0.5264792899408284
DAX,ORTHEZ,28,0.508753709198813
DAX,ORTHEZ,29,0.475
DAX,ORTHEZ,30,0.03802395209580839
DAX,PAU,0,0.9926470588235294
DAX,PAU,1,0.9961876832844574
DAX,PAU,2,0.9983823529411764
DAX,PAU,3,0.9925655976676384
DAX,PAU,4,0.9666666666666668
DAX,PAU,5,0.9606725146198831
DAX,PAU,6,0.9431286549707603
DAX,PAU,7,0.9342565597667638
DAX,PAU,8,0.9203488372093024
DAX,PAU,9,0.8855685131195336
DAX,PAU,10,0.8521865889212829
DAX,PAU,11,0.831195335276968
DAX,PAU,12,0.782703488372093
DAX,PAU,13,0.7661337209302326
DAX,PAU,14,0.7476744186046511
DAX,PAU,15,0.7300872093023256
DAX,PAU,16,0.7167151162790698
DAX,PAU,17,0.6960641399416909
DAX,PAU,18,0.6776315789473685
DAX,PAU,19,0.6570381231671555
DAX,PAU,20,0.6508797653958944
DAX,PAU,21,0.6274193548387097
DAX,PAU,22,0.6217008797653959
DAX,PAU,23,0.617008797653959
DAX,PAU,24,0.6088235294117647
DAX,PAU,25,0.5964705882352942
DAX,PAU,26,0.5966076696165191
DAX,PAU,27,0.6019174041297936
DAX,PAU,28,0.5801775147928994
DAX,PAU,29,0.5415430267062314
DAX,PAU,30,0.03731343283582089
DAX,ST JEAN DE LUZ CIBOURE,0,0.9942647058823529
DAX,ST JEAN DE LUZ CIBOURE,1,0.9939882697947213
DAX,ST JEAN DE LUZ CIBOURE,2,0.9969208211143694
DAX,ST JEAN DE LUZ CIBOURE,3,0.9881924198250729
DAX,ST JEAN DE LUZ CIBOURE,4,0.9555393586005831
DAX,ST JEAN DE LUZ CIBOURE,5,0.9440233236151604
DAX,ST JEAN DE LUZ CIBOURE,6,0.9256559766763849
DAX,ST JEAN DE LUZ CIBOURE,7,0.9112244897959184
DAX,ST JEAN DE LUZ CIBOURE,8,0.8861516034985423
DAX,ST JEAN DE LUZ CIBOURE,9,0.8521929824561403
DAX,ST JEAN DE LUZ CIBOURE,10,0.8109649122807018
DAX,ST JEAN DE LUZ CIBOURE,11,0.7643274853801169
DAX,ST JEAN DE LUZ CIBOURE,12,0.6881578947368421
DAX,ST JEAN DE LUZ CIBOURE,13,0.6687134502923976
DAX,ST JEAN DE LUZ CIBOURE,14,0.6368421052631579
DAX,ST JEAN DE LUZ CIBOURE,15,0.5945906432748538
DAX,ST JEAN DE LUZ CIBOURE,16,0.5655425219941349
DAX,ST JEAN DE LUZ CIBOURE,17,0.5283823529411765
DAX,ST JEAN DE LUZ CIBOURE,18,0.49867256637168145
DAX,ST JEAN DE LUZ CIBOURE,19,0.4735207100591716
DAX,ST JEAN DE LUZ CIBOURE,20,0.4616863905325444
DAX,ST JEAN DE LUZ CIBOURE,21,0.4350148367952522
DAX,ST JEAN DE LUZ CIBOURE,22,0.4167655786350148
DAX,ST JEAN DE LUZ CIBOURE,23,0.3889880952380952
DAX,ST JEAN DE LUZ CIBOURE,24,0.37059701492537317
DAX,ST JEAN DE LUZ CIBOURE,25,0.36976047904191617
DAX,ST JEAN DE LUZ CIBOURE,26,0.36976047904191617
DAX,ST JEAN DE LUZ CIBOURE,27,0.37447447447447446
DAX,ST JEAN DE LUZ CIBOURE,28,0.3753012048192771
DAX,ST JEAN DE LUZ CIBOURE,29,0.3503012048192771
DAX,ST JEAN DE LUZ CIBOURE,30,0.04620060790273556
DAX,TARBES,0,0.9927941176470588
DAX,TARBES,1,0.9957478005865102
DAX,TARBES,2,0.9983870967741935
DAX,TARBES,3,0.9905523255813954
DAX,TARBES,4,0.9689504373177843
DAX,TARBES,5,0.9622448979591837
DAX,TARBES,6,0.9413994169096209
DAX,TARBES,7,0.9346938775510205
DAX,TARBES,8,0.9175872093023255
DAX,TARBES,9,0.8795918367346939
DAX,TARBES,10,0.8466472303206997
DAX,TARBES,11,0.8160349854227404
DAX,TARBES,12,0.7793604651162791
DAX,TARBES,13,0.7603197674418605
DAX,TARBES,14,0.740843023255814
DAX,TARBES,15,0.7239825581395349
DAX,TARBES,16,0.7156976744186047
DAX,TARBES,17,0.6928571428571428
DAX,TARBES,18,0.6733918128654971
DAX,TARBES,19,0.656158357771261
DAX,TARBES,20,0.6514662756598241
DAX,TARBES,21,0.6268328445747801
DAX,TARBES,22,0.6219941348973607
DAX,TARBES,23,0.6190615835777126
DAX,TARBES,24,0.6120588235294118
DAX,TARBES,25,0.5957352941176471
DAX,TARBES,26,0.5932153392330384
DAX,TARBES,27,0.6001474926253687
DAX,TARBES,28,0.5809171597633136
DAX,TARBES,29,0.5467359050445104
DAX,TARBES,30,0.039104477611940296
LA TESTE,ARCACHON,0,0.9864864864864865
LA TESTE,ARCACHON,1,0.9777777777777779
LA TESTE,ARCACHON,2,0.9583333333333334
LA TESTE,ARCACHON,3,0.9337837837837837
LA TESTE,ARCACHON,4,0.8552631578947368
LA TESTE,ARCACHON,5,0.8342105263157894
LA TESTE,ARCACHON,6,0.8394736842105263
LA TESTE,ARCACHON,7,0.8250000000000001
LA TESTE,ARCACHON,8,0.7891891891891891
LA TESTE,ARCACHON,9,0.7608108108108108
LA TESTE,ARCACHON,10,0.7351351351351351
LA TESTE,ARCACHON,11,0.6864864864864865
LA TESTE,ARCACHON,12,0.6189189189189189
LA TESTE,ARCACHON,13,0.6
LA TESTE,ARCACHON,14,0.568918918918919
LA TESTE,ARCACHON,15,0.5222222222222223
LA TESTE,ARCACHON,16,0.5111111111111111
LA TESTE,ARCACHON,17,0.44861111111111107
LA TESTE,ARCACHON,18,0.44166666666666665
LA TESTE,ARCACHON,19,0.4388888888888889
LA TESTE,ARCACHON,20,0.4277777777777778
LA TESTE,ARCACHON,21,0.43472222222222223
LA TESTE,ARCACHON,22,0.40714285714285714
LA TESTE,ARCACHON,23,0.3142857142857143
LA TESTE,ARCACHON,24,0.2714285714285714
LA TESTE,ARCACHON,25,0.25142857142857145
LA TESTE,ARCACHON,26,0.2571428571428571
LA TESTE,ARCACHON,27,0.25
LA TESTE,ARCACHON,28,0.23428571428571426
LA TESTE,ARCACHON,29,0.20735294117647057
LA TESTE,ARCACHON,30,0.03970588235294118
LIBOURNE,BORDEAUX ST JEAN,0,0.9991253644314868
LIBOURNE,BORDEAUX ST JEAN,1,0.9998542274052478
LIBOURNE,BORDEAUX ST JEAN,2,0.9998542274052478
LIBOURNE,BORDEAUX ST JEAN,3,0.9991253644314868
LIBOURNE,BORDEAUX ST JEAN,4,0.9985422740524781
LIBOURNE,BORDEAUX ST JEAN,5,0.9985422740524781
LIBOURNE,BORDEAUX ST JEAN,6,0.9909620991253644
LIBOURNE,BORDEAUX ST JEAN,7,0.9902332361516034
LIBOURNE,BORDEAUX ST JEAN,8,0.9858600583090379
LIBOURNE,BORDEAUX ST JEAN,9,0.9737609329446064
LIBOURNE,BORDEAUX ST JEAN,10,0.9580174927113704
LIBOURNE,BORDEAUX ST JEAN,11,0.9368804664723033
LIBOURNE,BORDEAUX ST JEAN,12,0.9065597667638484
LIBOURNE,BORDEAUX ST JEAN,13,0.8970845481049562
LIBOURNE,BORDEAUX ST JEAN,14,0.8793002915451895
LIBOURNE,BORDEAUX ST JEAN,15,0.8658892128279884
LIBOURNE,BORDEAUX ST JEAN,16,0.8548104956268221
LIBOURNE,BORDEAUX ST JEAN,17,0.8396501457725948
LIBOURNE,BORDEAUX ST JEAN,18,0.8317251461988304
LIBOURNE,BORDEAUX ST JEAN,19,0.8207602339181286
LIBOURNE,BORDEAUX ST JEAN,20,0.8140350877192982
LIBOURNE,BORDEAUX ST JEAN,21,0.7960526315789473
LIBOURNE,BORDEAUX ST JEAN,22,0.7915204678362573
LIBOURNE,BORDEAUX ST JEAN,23,0.7880116959064327
LIBOURNE,BORDEAUX ST JEAN,24,0.7953216374269005
LIBOURNE,BORDEAUX ST JEAN,25,0.7868035190615836
LIBOURNE,BORDEAUX ST JEAN,26,0.7722873900293256
LIBOURNE,BORDEAUX ST JEAN,27,0.7604105571847508
LIBOURNE,BORDEAUX ST JEAN,28,0.7667155425219941
LIBOURNE,BORDEAUX ST JEAN,29,0.7325513196480938
LIBOURNE,BORDEAUX ST JEAN,30,0.05309734513274336
LOURDES,TARBES,0,0.9938235294117647
LOURDES,TARBES,1,0.9954545454545454
LOURDES,TARBES,2,0.9978005865102639
LOURDES,TARBES,3,0.988953488372093
LOURDES,TARBES,4,0.9673469387755103
LOURDES,TARBES,5,0.9599125364431487
LOURDES,TARBES,6,0.9409620991253644
LOURDES,TARBES,7,0.9339650145772596
LOURDES,TARBES,8,0.9149709302325582
LOURDES,TARBES,9,0.8826530612244898
LOURDES,TARBES,10,0.8492711370262391
LOURDES,TARBES,11,0.8237609329446064
LOURDES,TARBES,12,0.778343023255814
LOURDES,TARBES,13,0.7616279069767442
LOURDES,TARBES,14,0.740843023255814
LOURDES,TARBES,15,0.7242732558139535
LOURDES,TARBES,16,0.7155523255813954
LOURDES,TARBES,17,0.6957725947521866
LOURDES,TARBES,18,0.6714912280701755
LOURDES,TARBES,19,0.6586510263929619
LOURDES,TARBES,20,0.6491202346041055
LOURDES,TARBES,21,0.6256598240469208
LOURDES,TARBES,22,0.6208211143695014
LOURDES,TARBES,23,0.6164222873900292
LOURDES,TARBES,24,0.6119117647058824
LOURDES,TARBES,25,0.5975
LOURDES,TARBES,26,0.5977876106194691
LOURDES,TARBES,27,0.6
LOURDES,TARBES,28,0.5831360946745562
LOURDES,TARBES,29,0.5416913946587537
LOURDES,TARBES,30,0.04761194029850747
MASSY TGV,AGEN,0,0.3294871794871795
MASSY TGV,AGEN,1,0.31645161290322577
MASSY TGV,AGEN,2,0.31314102564102564
MASSY TGV,AGEN,3,0.32246835443037974
MASSY TGV,AGEN,4,0.1781645569620253
MASSY TGV,AGEN,5,0.17044025157232706
MASSY TGV,AGEN,6,0.17250000000000001
MASSY TGV,AGEN,7,0.17360248447204968
MASSY TGV,AGEN,8,0.1628125
MASSY TGV,AGEN,9,0.168125
MASSY TGV,AGEN,10,0.16304347826086957
MASSY TGV,AGEN,11,0.1703125
MASSY TGV,AGEN,12,0.11468750000000001
MASSY TGV,AGEN,13,0.11187499999999999
MASSY TGV,AGEN,14,0.12
MASSY TGV,AGEN,15,0.10911949685534592
MASSY TGV,AGEN,16,0.11132075471698112
MASSY TGV,AGEN,17,0.113125
MASSY TGV,AGEN,18,0.11613924050632912
MASSY TGV,AGEN,19,0.12707006369426752
MASSY TGV,AGEN,20,0.13782051282051283
MASSY TGV,AGEN,21,0.15741935483870967
MASSY TGV,AGEN,22,0.16818181818181818
MASSY TGV,AGEN,23,0.18594771241830066
MASSY TGV,AGEN,24,0.20551948051948052
MASSY TGV,AGEN,25,0.22302631578947368
MASSY TGV,AGEN,26,0.23112582781456953
MASSY TGV,AGEN,27,0.242
MASSY TGV,AGEN,28,0.2633333333333333
MASSY TGV,AGEN,29,0.2614093959731544
MASSY TGV,AGEN,30,0.05201342281879195
MASSY TGV,ANGOULEME,0,0.6107798165137615
MASSY TGV,ANGOULEME,1,0.6056818181818182
MASSY TGV,ANGOULEME,2,0.5981735159817352
MASSY TGV,ANGOULEME,3,0.5830275229357798
MASSY TGV,ANGOULEME,4,0.4774193548387097
MASSY TGV,ANGOULEME,5,0.4626728110599079
MASSY TGV,ANGOULEME,6,0.4741935483870968
MASSY TGV,ANGOULEME,7,0.4694954128440367
MASSY TGV,ANGOULEME,8,0.48082191780821915
MASSY TGV,ANGOULEME,9,0.48356164383561645
MASSY TGV,ANGOULEME,10,0.4891705069124424
MASSY TGV,ANGOULEME,11,0.4840277777777778
MASSY TGV,ANGOULEME,12,0.41435185185185186
MASSY TGV,ANGOULEME,13,0.4069444444444445
MASSY TGV,ANGOULEME,14,0.40604651162790695
MASSY TGV,ANGOULEME,15,0.37037037037037035
MASSY TGV,ANGOULEME,16,0.36759259259259264
MASSY TGV,ANGOULEME,17,0.37640186915887847
MASSY TGV,ANGOULEME,18,0.37934272300469485
MASSY TGV,ANGOULEME,19,0.392018779342723
MASSY TGV,ANGOULEME,20,0.4014084507042254
MASSY TGV,ANGOULEME,21,0.4272300469483568
MASSY TGV,ANGOULEME,22,0.43037383177570093
MASSY TGV,ANGOULEME,23,0.43271028037383175
MASSY TGV,ANGOULEME,24,0.43457943925233644
MASSY TGV,ANGOULEME,25,0.435377358490566
MASSY TGV,ANGOULEME,26,0.4502358490566038
MASSY TGV,ANGOULEME,27,0.46462264150943394
MASSY TGV,ANGOULEME,28,0.49009433962264154
MASSY TGV,ANGOULEME,29,0.45589622641509436
MASSY TGV,ANGOULEME,30,0.05471698113207547
MASSY TGV,BAYONNE,0,0.29471544715447157
MASSY TGV,BAYONNE,1,0.28669354838709676
MASSY TGV,BAYONNE,2,0.2907258064516129
MASSY TGV,BAYONNE,3,0.281496062992126
MASSY TGV,BAYONNE,4,0.11692913385826771
MASSY TGV,BAYONNE,5,0.10826771653543307
MASSY TGV,BAYONNE,6,0.10590551181102362
MASSY TGV,BAYONNE,7,0.10590551181102362
MASSY TGV,BAYONNE,8,0.092
MASSY TGV,BAYONNE,9,0.08830645161290322
MASSY TGV,BAYONNE,10,0.08928571428571429
MASSY TGV,BAYONNE,11,0.073015873015873
MASSY TGV,BAYONNE,12,0.04285714285714286
MASSY TGV,BAYONNE,13,0.03968253968253968
MASSY TGV,BAYONNE,14,0.03373015873015873
MASSY TGV,BAYONNE,15,0.03306451612903225
MASSY TGV,BAYONNE,16,0.032926829268292684
MASSY TGV,BAYONNE,17,0.03064516129032258
MASSY TGV,BAYONNE,18,0.025
MASSY TGV,BAYONNE,19,0.025806451612903226
MASSY TGV,BAYONNE,20,0.02661290322580645
MASSY TGV,BAYONNE,21,0.025403225806451612
MASSY TGV,BAYONNE,22,0.024999999999999998
MASSY TGV,BAYONNE,23,0.02851239669421488
MASSY TGV,BAYONNE,24,0.03401639344262295
MASSY TGV,BAYONNE,25,0.0430327868852459
MASSY TGV,BAYONNE,26,0.05081967213114754
MASSY TGV,BAYONNE,27,0.05081967213114754
MASSY TGV,BAYONNE,28,0.05122950819672131
MASSY TGV,BAYONNE,29,0.049999999999999996
MASSY TGV,BAYONNE,30,0.01638655462184874
MASSY TGV,BIARRITZ,0,0.29421487603305785
MASSY TGV,BIARRITZ,1,0.2918032786885246
MASSY TGV,BIARRITZ,2,0.29344262295081963
MASSY TGV,BIARRITZ,3,0.2844
MASSY TGV,BIARRITZ,4,0.12079999999999999
MASSY TGV,BIARRITZ,5,0.106
MASSY TGV,BIARRITZ,6,0.10479999999999999
MASSY TGV,BIARRITZ,7,0.1072
MASSY TGV,BIARRITZ,8,0.09512195121951221
MASSY TGV,BIARRITZ,9,0.08934426229508197
MASSY TGV,BIARRITZ,10,0.0935483870967742
MASSY TGV,BIARRITZ,11,0.07782258064516129
MASSY TGV,BIARRITZ,12,0.047177419354838705
MASSY TGV,BIARRITZ,13,0.03991935483870968
MASSY TGV,BIARRITZ,14,0.03508064516129032
MASSY TGV,BIARRITZ,15,0.03360655737704918
MASSY TGV,BIARRITZ,16,0.03305785123966942
MASSY TGV,BIARRITZ,17,0.03278688524590164
MASSY TGV,BIARRITZ,18,0.027459016393442625
MASSY TGV,BIARRITZ,19,0.02581967213114754
MASSY TGV,BIARRITZ,20,0.02459016393442623
MASSY TGV,BIARRITZ,21,0.02581967213114754
MASSY TGV,BIARRITZ,22,0.025416666666666664
MASSY TGV,BIARRITZ,23,0.025630252100840335
MASSY TGV,BIARRITZ,24,0.03333333333333333
MASSY TGV,BIARRITZ,25,0.04291666666666667
MASSY TGV,BIARRITZ,26,0.05083333333333333
MASSY TGV,BIARRITZ,27,0.050416666666666665
MASSY TGV,BIARRITZ,28,0.051250000000000004
MASSY TGV,BIARRITZ,29,0.052100840336134456
MASSY TGV,BIARRITZ,30,0.010169491525423728
MASSY TGV,BORDEAUX ST JEAN,0,0.6097982708933718
MASSY TGV,BORDEAUX ST JEAN,1,0.619164265129683
MASSY TGV,BORDEAUX ST JEAN,2,0.6089337175792507
MASSY TGV,BORDEAUX ST JEAN,3,0.594092219020173
MASSY TGV,BORDEAUX ST JEAN,4,0.4592219020172911
MASSY TGV,BORDEAUX ST JEAN,5,0.4495677233429395
MASSY TGV,BORDEAUX ST JEAN,6,0.4553314121037464
MASSY TGV,BORDEAUX ST JEAN,7,0.45706051873198844
MASSY TGV,BORDEAUX ST JEAN,8,0.47132564841498564
MASSY TGV,BORDEAUX ST JEAN,9,0.46512968299711815
MASSY TGV,BORDEAUX ST JEAN,10,0.4688760806916426
MASSY TGV,BORDEAUX ST JEAN,11,0.46141618497109826
MASSY TGV,BORDEAUX ST JEAN,12,0.38843930635838153
MASSY TGV,BORDEAUX ST JEAN,13,0.37572254335260113
MASSY TGV,BORDEAUX ST JEAN,14,0.37630057803468203
MASSY TGV,BORDEAUX ST JEAN,15,0.34739884393063586
MASSY TGV,BORDEAUX ST JEAN,16,0.3478323699421965
MASSY TGV,BORDEAUX ST JEAN,17,0.3607246376811594
MASSY TGV,BORDEAUX ST JEAN,18,0.36090116279069767
MASSY TGV,BORDEAUX ST JEAN,19,0.3626453488372093
MASSY TGV,BORDEAUX ST JEAN,20,0.37238372093023253
MASSY TGV,BORDEAUX ST JEAN,21,0.3940406976744186
MASSY TGV,BORDEAUX ST JEAN,22,0.40597667638483964
MASSY TGV,BORDEAUX ST JEAN,23,0.4152046783625731
MASSY TGV,BORDEAUX ST JEAN,24,0.4219117647058823
MASSY TGV,BORDEAUX ST JEAN,25,0.4260294117647059
MASSY TGV,BORDEAUX ST JEAN,26,0.4345588235294118
MASSY TGV,BORDEAUX ST JEAN,27,0.445
MASSY TGV,BORDEAUX ST JEAN,28,0.4642647058823529
MASSY TGV,BORDEAUX ST JEAN,29,0.4383480825958702
MASSY TGV,BORDEAUX ST JEAN,30,0.059319526627218934
MASSY TGV,DAX,0,0.420392749244713
MASSY TGV,DAX,1,0.42680722891566264
MASSY TGV,DAX,2,0.40873493975903613
MASSY TGV,DAX,3,0.40808383233532936
MASSY TGV,DAX,4,0.23333333333333334
MASSY TGV,DAX,5,0.2219879518072289
MASSY TGV,DAX,6,0.22364457831325302
MASSY TGV,DAX,7,0.22075757575757574
MASSY TGV,DAX,8,0.22333333333333333
MASSY TGV,DAX,9,0.2277439024390244
MASSY TGV,DAX,10,0.21798780487804878
MASSY TGV,DAX,11,0.2015290519877676
MASSY TGV,DAX,12,0.14388379204892965
MASSY TGV,DAX,13,0.14085365853658538
MASSY TGV,DAX,14,0.13746177370030582
MASSY TGV,DAX,15,0.13420245398773006
MASSY TGV,DAX,16,0.1346153846153846
MASSY TGV,DAX,17,0.14737654320987653
MASSY TGV,DAX,18,0.1475232198142415
MASSY TGV,DAX,19,0.14937888198757765
MASSY TGV,DAX,20,0.1517133956386293
MASSY TGV,DAX,21,0.16328125
MASSY TGV,DAX,22,0.16583072100313478
MASSY TGV,DAX,23,0.17185534591194968
MASSY TGV,DAX,24,0.1801261829652997
MASSY TGV,DAX,25,0.1831761006289308
MASSY TGV,DAX,26,0.1865930599369085
MASSY TGV,DAX,27,0.1916139240506329
MASSY TGV,DAX,28,0.19777777777777777
MASSY TGV,DAX,29,0.18009554140127387
MASSY TGV,DAX,30,0.03413461538461539
MASSY TGV,HENDAYE,0,0.28057851239669424
MASSY TGV,HENDAYE,1,0.2836065573770492
MASSY TGV,HENDAYE,2,0.29754098360655734
MASSY TGV,HENDAYE,3,0.2868
MASSY TGV,HENDAYE,4,0.1188
MASSY TGV,HENDAYE,5,0.10640000000000001
MASSY TGV,HENDAYE,6,0.1028
MASSY TGV,HENDAYE,7,0.1052
MASSY TGV,HENDAYE,8,0.09105691056910568
MASSY TGV,HENDAYE,9,0.08688524590163935
MASSY TGV,HENDAYE,10,0.09233870967741935
MASSY TGV,HENDAYE,11,0.07903225806451614
MASSY TGV,HENDAYE,12,0.046370967741935484
MASSY TGV,HENDAYE,13,0.04112903225806452
MASSY TGV,HENDAYE,14,0.03306451612903225
MASSY TGV,HENDAYE,15,0.03360655737704918
MASSY TGV,HENDAYE,16,0.03264462809917355
MASSY TGV,HENDAYE,17,0.0319672131147541
MASSY TGV,HENDAYE,18,0.02459016393442623
MASSY TGV,HENDAYE,19,0.02540983606557377
MASSY TGV,HENDAYE,20,0.024999999999999998
MASSY TGV,HENDAYE,21,0.02581967213114754
MASSY TGV,HENDAYE,22,0.02666666666666667
MASSY TGV,HENDAYE,23,0.02899159663865546
MASSY TGV,HENDAYE,24,0.03333333333333333
MASSY TGV,HENDAYE,25,0.04083333333333334
MASSY TGV,HENDAYE,26,0.05
MASSY TGV,HENDAYE,27,0.05
MASSY TGV,HENDAYE,28,0.05083333333333333
MASSY TGV,HENDAYE,29,0.04831932773109244
MASSY TGV,HENDAYE,30,0.014830508474576272
MASSY TGV,LOURDES,0,0.4190031152647975
MASSY TGV,LOURDES,1,0.42601246105919005
MASSY TGV,LOURDES,2,0.41074766355140185
MASSY TGV,LOURDES,3,0.39490740740740743
MASSY TGV,LOURDES,4,0.215015479876161
MASSY TGV,LOURDES,5,0.20527950310559004
MASSY TGV,LOURDES,6,0.20903426791277258
MASSY TGV,LOURDES,7,0.20171875
MASSY TGV,LOURDES,8,0.20968749999999997
MASSY TGV,LOURDES,9,0.2160377358490566
MASSY TGV,LOURDES,10,0.205993690851735
MASSY TGV,LOURDES,11,0.19572784810126584
MASSY TGV,LOURDES,12,0.14715189873417722
MASSY TGV,LOURDES,13,0.14321766561514196
MASSY TGV,LOURDES,14,0.14145569620253165
MASSY TGV,LOURDES,15,0.14047619047619048
MASSY TGV,LOURDES,16,0.13901273885350318
MASSY TGV,LOURDES,17,0.152555910543131
MASSY TGV,LOURDES,18,0.15336538461538463
MASSY TGV,LOURDES,19,0.1540192926045016
MASSY TGV,LOURDES,20,0.15790322580645164
MASSY TGV,LOURDES,21,0.17071197411003236
MASSY TGV,LOURDES,22,0.1714516129032258
MASSY TGV,LOURDES,23,0.1779935275080906
MASSY TGV,LOURDES,24,0.1836038961038961
MASSY TGV,LOURDES,25,0.1872168284789644
MASSY TGV,LOURDES,26,0.1939935064935065
MASSY TGV,LOURDES,27,0.19885993485342018
MASSY TGV,LOURDES,28,0.20408496732026143
MASSY TGV,LOURDES,29,0.18901639344262294
MASSY TGV,LOURDES,30,0.02993421052631579
MASSY TGV,ORTHEZ,0,0.2731578947368421
MASSY TGV,ORTHEZ,1,0.2620629370629371
MASSY TGV,ORTHEZ,2,0.24228070175438596
MASSY TGV,ORTHEZ,3,0.22361111111111112
MASSY TGV,ORTHEZ,4,0.060452961672473875
MASSY TGV,ORTHEZ,5,0.043531468531468526
MASSY TGV,ORTHEZ,6,0.03912280701754386
MASSY TGV,ORTHEZ,7,0.04964912280701755
MASSY TGV,ORTHEZ,8,0.04630281690140845
MASSY TGV,ORTHEZ,9,0.04204946996466431
MASSY TGV,ORTHEZ,10,0.029537366548042707
MASSY TGV,ORTHEZ,11,0.02142857142857143
MASSY TGV,ORTHEZ,12,0.0064285714285714285
MASSY TGV,ORTHEZ,13,0.008362989323843417
MASSY TGV,ORTHEZ,14,0.004464285714285714
MASSY TGV,ORTHEZ,15,0.0041218637992831535
MASSY TGV,ORTHEZ,16,0.004301075268817204
MASSY TGV,ORTHEZ,17,0.005595667870036101
MASSY TGV,ORTHEZ,18,0.007427536231884057
MASSY TGV,ORTHEZ,19,0.01018181818181818
MASSY TGV,ORTHEZ,20,0.013503649635036497
MASSY TGV,ORTHEZ,21,0.011355311355311355
MASSY TGV,ORTHEZ,22,0.011861313868613138
MASSY TGV,ORTHEZ,23,0.011131386861313868
MASSY TGV,ORTHEZ,24,0.011764705882352941
MASSY TGV,ORTHEZ,25,0.011721611721611722
MASSY TGV,ORTHEZ,26,0.018566176470588235
MASSY TGV,ORTHEZ,27,0.01918819188191882
MASSY TGV,ORTHEZ,28,0.02388888888888889
MASSY TGV,ORTHEZ,29,0.020817843866171002
MASSY TGV,ORTHEZ,30,0.0046641791044776115
MASSY TGV,PAU,0,0.4163551401869159
MASSY TGV,PAU,1,0.4191588785046729
MASSY TGV,PAU,2,0.41
MASSY TGV,PAU,3,0.4001547987616099
MASSY TGV,PAU,4,0.21723602484472052
MASSY TGV,PAU,5,0.20732087227414328
MASSY TGV,PAU,6,0.20593750000000002
MASSY TGV,PAU,7,0.20234375
MASSY TGV,PAU,8,0.20703125
MASSY TGV,PAU,9,0.2132075471698113
MASSY TGV,PAU,10,0.20741324921135645
MASSY TGV,PAU,11,0.19367088607594937
MASSY TGV,PAU,12,0.14651898734177216
MASSY TGV,PAU,13,0.14495268138801262
MASSY TGV,PAU,14,0.14208860759493672
MASSY TGV,PAU,15,0.14047619047619048
MASSY TGV,PAU,16,0.139171974522293
MASSY TGV,PAU,17,0.15287539936102237
MASSY TGV,PAU,18,0.15432692307692308
MASSY TGV,PAU,19,0.15594855305466238
MASSY TGV,PAU,20,0.1596774193548387
MASSY TGV,PAU,21,0.1703883495145631
MASSY TGV,PAU,22,0.1706451612903226
MASSY TGV,PAU,23,0.17750809061488673
MASSY TGV,PAU,24,0.1844155844155844
MASSY TGV,PAU,25,0.18770226537216828
MASSY TGV,PAU,26,0.1926948051948052
MASSY TGV,PAU,27,0.19804560260586318
MASSY TGV,PAU,28,0.20326797385620915
MASSY TGV,PAU,29,0.18721311475409835
MASSY TGV,PAU,30,0.03092105263157895
MASSY TGV,ST JEAN DE LUZ CIBOURE,0,0.29380165289256194
MASSY TGV,ST JEAN DE LUZ CIBOURE,1,0.2848360655737705
MASSY TGV,ST JEAN DE LUZ CIBOURE,2,0.2942622950819672
MASSY TGV,ST JEAN DE LUZ CIBOURE,3,0.2812
MASSY TGV,ST JEAN DE LUZ CIBOURE,4,0.12079999999999999
MASSY TGV,ST JEAN DE LUZ CIBOURE,5,0.11159999999999999
MASSY TGV,ST JEAN DE LUZ CIBOURE,6,0.1072
MASSY TGV,ST JEAN DE LUZ CIBOURE,7,0.108
MASSY TGV,ST JEAN DE LUZ CIBOURE,8,0.09146341463414634
MASSY TGV,ST JEAN DE LUZ CIBOURE,9,0.08688524590163935
MASSY TGV,ST JEAN DE LUZ CIBOURE,10,0.09032258064516129
MASSY TGV,ST JEAN DE LUZ CIBOURE,11,0.07741935483870968
MASSY TGV,ST JEAN DE LUZ CIBOURE,12,0.0467741935483871
MASSY TGV,ST JEAN DE LUZ CIBOURE,13,0.04032258064516129
MASSY TGV,ST JEAN DE LUZ CIBOURE,14,0.032661290322580645
MASSY TGV,ST JEAN DE LUZ CIBOURE,15,0.03278688524590164
MASSY TGV,ST JEAN DE LUZ CIBOURE,16,0.033884297520661154
MASSY TGV,ST JEAN DE LUZ CIBOURE,17,0.03114754098360656
MASSY TGV,ST JEAN DE LUZ CIBOURE,18,0.02581967213114754
MASSY TGV,ST JEAN DE LUZ CIBOURE,19,0.02581967213114754
MASSY TGV,ST JEAN DE LUZ CIBOURE,20,0.02540983606557377
MASSY TGV,ST JEAN DE LUZ CIBOURE,21,0.027049180327868853
MASSY TGV,ST JEAN DE LUZ CIBOURE,22,0.025833333333333333
MASSY TGV,ST JEAN DE LUZ CIBOURE,23,0.026470588235294117
MASSY TGV,ST JEAN DE LUZ CIBOURE,24,0.03208333333333333
MASSY TGV,ST JEAN DE LUZ CIBOURE,25,0.04291666666666667
MASSY TGV,ST JEAN DE LUZ CIBOURE,26,0.04916666666666667
MASSY TGV,ST JEAN DE LUZ CIBOURE,27,0.04958333333333333
MASSY TGV,ST JEAN DE LUZ CIBOURE,28,0.05
MASSY TGV,ST JEAN DE LUZ CIBOURE,29,0.05378151260504202
MASSY TGV,ST JEAN DE LUZ CIBOURE,30,0.01440677966101695
MASSY TGV,TARBES,0,0.4187888198757764
MASSY TGV,TARBES,1,0.41557632398753896
MASSY TGV,TARBES,2,0.403125
MASSY TGV,TARBES,3,0.3941358024691358
MASSY TGV,TARBES,4,0.22111801242236026
MASSY TGV,TARBES,5,0.20809968847352023
MASSY TGV,TARBES,6,0.2084375
MASSY TGV,TARBES,7,0.19968652037617557
MASSY TGV,TARBES,8,0.20940438871473355
MASSY TGV,TARBES,9,0.2134069400630915
MASSY TGV,TARBES,10,0.20838607594936706
MASSY TGV,TARBES,11,0.19460317460317458
MASSY TGV,TARBES,12,0.14746031746031746
MASSY TGV,TARBES,13,0.14509493670886076
MASSY TGV,TARBES,14,0.14111111111111113
MASSY TGV,TARBES,15,0.13964968152866242
MASSY TGV,TARBES,16,0.139171974522293
MASSY TGV,TARBES,17,0.15159744408945688
MASSY TGV,TARBES,18,0.15512820512820513
MASSY TGV,TARBES,19,0.1545016077170418
MASSY TGV,TARBES,20,0.15870967741935485
MASSY TGV,TARBES,21,0.1710355987055016
MASSY TGV,TARBES,22,0.1714516129032258
MASSY TGV,TARBES,23,0.17815533980582524
MASSY TGV,TARBES,24,0.18474025974025973
MASSY TGV,TARBES,25,0.1878640776699029
MASSY TGV,TARBES,26,0.19334415584415585
MASSY TGV,TARBES,27,0.19885993485342018
MASSY TGV,TARBES,28,0.20326797385620915
MASSY TGV,TARBES,29,0.18475409836065573
MASSY TGV,TARBES,30,0.03075657894736842
MASSY TGV,TOULOUSE MATABIAU,0,0.3190909090909091
MASSY TGV,TOULOUSE MATABIAU,1,0.30609756097560975
MASSY TGV,TOULOUSE MATABIAU,2,0.30454545454545456
MASSY TGV,TOULOUSE MATABIAU,3,0.313855421686747
MASSY TGV,TOULOUSE MATABIAU,4,0.16976047904191618
MASSY TGV,TOULOUSE MATABIAU,5,0.16547619047619047
MASSY TGV,TOULOUSE MATABIAU,6,0.17041420118343195
MASSY TGV,TOULOUSE MATABIAU,7,0.1661764705882353
MASSY TGV,TOULOUSE MATABIAU,8,0.16005917159763314
MASSY TGV,TOULOUSE MATABIAU,9,0.1621301775147929
MASSY TGV,TOULOUSE MATABIAU,10,0.15735294117647058
MASSY TGV,TOULOUSE MATABIAU,11,0.15887573964497043
MASSY TGV,TOULOUSE MATABIAU,12,0.1136094674556213
MASSY TGV,TOULOUSE MATABIAU,13,0.10976331360946746
MASSY TGV,TOULOUSE MATABIAU,14,0.1136094674556213
MASSY TGV,TOULOUSE MATABIAU,15,0.10386904761904761
MASSY TGV,TOULOUSE MATABIAU,16,0.10654761904761904
MASSY TGV,TOULOUSE MATABIAU,17,0.10769230769230768
MASSY TGV,TOULOUSE MATABIAU,18,0.11077844311377245
MASSY TGV,TOULOUSE MATABIAU,19,0.12018072289156626
MASSY TGV,TOULOUSE MATABIAU,20,0.13
MASSY TGV,TOULOUSE MATABIAU,21,0.14664634146341463
MASSY TGV,TOULOUSE MATABIAU,22,0.1579754601226994
MASSY TGV,TOULOUSE MATABIAU,23,0.18055555555555555
MASSY TGV,TOULOUSE MATABIAU,24,0.19202453987730062
MASSY TGV,TOULOUSE MATABIAU,25,0.2080745341614907
MASSY TGV,TOULOUSE MATABIAU,26,0.22125
MASSY TGV,TOULOUSE MATABIAU,27,0.22610062893081762
MASSY TGV,TOULOUSE MATABIAU,28,0.2490566037735849
MASSY TGV,TOULOUSE MATABIAU,29,0.24113924050632912
MASSY TGV,TOULOUSE MATABIAU,30,0.04556962025316456
MONTAUBAN VILLE BOURBON,TOULOUSE MATABIAU,0,0.9809451219512195
MONTAUBAN VILLE BOURBON,TOULOUSE MATABIAU,1,0.9827743902439026
MONTAUBAN VILLE BOURBON,TOULOUSE MATABIAU,2,0.9783536585365853
MONTAUBAN VILLE BOURBON,TOULOUSE MATABIAU,3,0.9585365853658536
MONTAUBAN VILLE BOURBON,TOULOUSE MATABIAU,4,0.8923547400611621
MONTAUBAN VILLE BOURBON,TOULOUSE MATABIAU,5,0.8686544342507646
MONTAUBAN VILLE BOURBON,TOULOUSE MATABIAU,6,0.8333333333333334
MONTAUBAN VILLE BOURBON,TOULOUSE MATABIAU,7,0.8180428134556575
MONTAUBAN VILLE BOURBON,TOULOUSE MATABIAU,8,0.7862385321100918
MONTAUBAN VILLE BOURBON,TOULOUSE MATABIAU,9,0.7565950920245399
MONTAUBAN VILLE BOURBON,TOULOUSE MATABIAU,10,0.7363496932515338
MONTAUBAN VILLE BOURBON,TOULOUSE MATABIAU,11,0.7153846153846154
MONTAUBAN VILLE BOURBON,TOULOUSE MATABIAU,12,0.6346153846153846
MONTAUBAN VILLE BOURBON,TOULOUSE MATABIAU,13,0.6047692307692308
MONTAUBAN VILLE BOURBON,TOULOUSE MATABIAU,14,0.5787692307692307
MONTAUBAN VILLE BOURBON,TOULOUSE MATABIAU,15,0.558923076923077
MONTAUBAN VILLE BOURBON,TOULOUSE MATABIAU,16,0.5388888888888889
MONTAUBAN VILLE BOURBON,TOULOUSE MATABIAU,17,0.5083591331269349
MONTAUBAN VILLE BOURBON,TOULOUSE MATABIAU,18,0.49875776397515525
MONTAUBAN VILLE BOURBON,TOULOUSE MATABIAU,19,0.471183800623053
MONTAUBAN VILLE BOURBON,TOULOUSE MATABIAU,20,0.4649532710280374
MONTAUBAN VILLE BOURBON,TOULOUSE MATABIAU,21,0.44688473520249217
MONTAUBAN VILLE BOURBON,TOULOUSE MATABIAU,22,0.44171875
MONTAUBAN VILLE BOURBON,TOULOUSE MATABIAU,23,0.422257053291536
MONTAUBAN VILLE BOURBON,TOULOUSE MATABIAU,24,0.41739811912225705
MONTAUBAN VILLE BOURBON,TOULOUSE MATABIAU,25,0.40644654088050314
MONTAUBAN VILLE BOURBON,TOULOUSE MATABIAU,26,0.3965408805031446
MONTAUBAN VILLE BOURBON,TOULOUSE MATABIAU,27,0.38836477987421386
MONTAUBAN VILLE BOURBON,TOULOUSE MATABIAU,28,0.3783018867924528
MONTAUBAN VILLE BOURBON,TOULOUSE MATABIAU,29,0.3440438871473354
MONTAUBAN VILLE BOURBON,TOULOUSE MATABIAU,30,0.033123028391167195
ORTHEZ,LOURDES,0,0.9913235294117647
ORTHEZ,LOURDES,1,0.9957478005865102
ORTHEZ,LOURDES,2,0.9982404692082111
ORTHEZ,LOURDES,3,0.989389534883721
ORTHEZ,LOURDES,4,0.9639941690962098
ORTHEZ,LOURDES,5,0.9530612244897958
ORTHEZ,LOURDES,6,0.9317784256559768
ORTHEZ,LOURDES,7,0.926530612244898
ORTHEZ,LOURDES,8,0.9161337209302325
ORTHEZ,LOURDES,9,0.8763848396501458
ORTHEZ,LOURDES,10,0.842128279883382
ORTHEZ,LOURDES,11,0.8086005830903791
ORTHEZ,LOURDES,12,0.7523255813953489
ORTHEZ,LOURDES,13,0.7308139534883721
ORTHEZ,LOURDES,14,0.7088662790697674
ORTHEZ,LOURDES,15,0.6930232558139535
ORTHEZ,LOURDES,16,0.6690962099125365
ORTHEZ,LOURDES,17,0.652046783625731
ORTHEZ,LOURDES,18,0.6370967741935484
ORTHEZ,LOURDES,19,0.6110294117647059
ORTHEZ,LOURDES,20,0.6001470588235295
ORTHEZ,LOURDES,21,0.5779411764705882
ORTHEZ,LOURDES,22,0.5720588235294117
ORTHEZ,LOURDES,23,0.56
ORTHEZ,LOURDES,24,0.5471976401179941
ORTHEZ,LOURDES,25,0.5315634218289085
ORTHEZ,LOURDES,26,0.5264792899408284
ORTHEZ,LOURDES,27,0.5267751479289942
ORTHEZ,LOURDES,28,0.5114243323442136
ORTHEZ,LOURDES,29,0.47098214285714285
ORTHEZ,LOURDES,30,0.05538922155688623
ORTHEZ,PAU,0,0.9902941176470588
ORTHEZ,PAU,1,0.9948680351906158
ORTHEZ,PAU,2,0.998235294117647
ORTHEZ,PAU,3,0.9895043731778425
ORTHEZ,PAU,4,0.9649122807017544
ORTHEZ,PAU,5,0.9536549707602339
ORTHEZ,PAU,6,0.9339181286549707
ORTHEZ,PAU,7,0.9272594752186589
ORTHEZ,PAU,8,0.9164244186046512
ORTHEZ,PAU,9,0.880466472303207
ORTHEZ,PAU,10,0.8386297376093294
ORTHEZ,PAU,11,0.8081632653061224
ORTHEZ,PAU,12,0.7515988372093023
ORTHEZ,PAU,13,0.7277616279069767
ORTHEZ,PAU,14,0.7090116279069768
ORTHEZ,PAU,15,0.69375
ORTHEZ,PAU,16,0.6698250728862973
ORTHEZ,PAU,17,0.652046783625731
ORTHEZ,PAU,18,0.6381231671554252
ORTHEZ,PAU,19,0.6119117647058824
ORTHEZ,PAU,20,0.6011764705882353
ORTHEZ,PAU,21,0.5773529411764706
ORTHEZ,PAU,22,0.5723529411764706
ORTHEZ,PAU,23,0.5604411764705882
ORTHEZ,PAU,24,0.5504424778761062
ORTHEZ,PAU,25,0.531268436578171
ORTHEZ,PAU,26,0.5291420118343195
ORTHEZ,PAU,27,0.5313609467455621
ORTHEZ,PAU,28,0.5117210682492581
ORTHEZ,PAU,29,0.47470238095238093
ORTHEZ,PAU,30,0.05538922155688623
ORTHEZ,TARBES,0,0.9907352941176472
ORTHEZ,TARBES,1,0.9951612903225807
ORTHEZ,TARBES,2,0.9975073313782991
ORTHEZ,TARBES,3,0.9880813953488371
ORTHEZ,TARBES,4,0.9635568513119533
ORTHEZ,TARBES,5,0.952332361516035
ORTHEZ,TARBES,6,0.9368804664723033
ORTHEZ,TARBES,7,0.9307580174927114
ORTHEZ,TARBES,8,0.9123546511627908
ORTHEZ,TARBES,9,0.875801749271137
ORTHEZ,TARBES,10,0.8335276967930029
ORTHEZ,TARBES,11,0.8026239067055394
ORTHEZ,TARBES,12,0.7457848837209302
ORTHEZ,TARBES,13,0.7292151162790698
ORTHEZ,TARBES,14,0.7014534883720931
ORTHEZ,TARBES,15,0.6879360465116279
ORTHEZ,TARBES,16,0.6674927113702623
ORTHEZ,TARBES,17,0.6523391812865497
ORTHEZ,TARBES,18,0.6288856304985337
ORTHEZ,TARBES,19,0.6073529411764705
ORTHEZ,TARBES,20,0.600735294117647
ORTHEZ,TARBES,21,0.5779411764705882
ORTHEZ,TARBES,22,0.5701470588235293
ORTHEZ,TARBES,23,0.5588235294117647
ORTHEZ,TARBES,24,0.5464601769911505
ORTHEZ,TARBES,25,0.5290560471976401
ORTHEZ,TARBES,26,0.5267751479289942
ORTHEZ,TARBES,27,0.5312130177514793
ORTHEZ,TARBES,28,0.511572700296736
ORTHEZ,TARBES,29,0.47470238095238093
ORTHEZ,TARBES,30,0.057035928143712576
PARIS (intramuros),AGEN,0,0.5202702702702703
PARIS (intramuros),AGEN,1,0.5055555555555555
PARIS (intramuros),AGEN,2,0.5070570570570571
PARIS (intramuros),AGEN,3,0.5082582582582582
PARIS (intramuros),AGEN,4,0.3391566265060241
PARIS (intramuros),AGEN,5,0.3292168674698795
PARIS (intramuros),AGEN,6,0.3243975903614458
PARIS (intramuros),AGEN,7,0.3189759036144578
PARIS (intramuros),AGEN,8,0.33147590361445783
PARIS (intramuros),AGEN,9,0.33478915662650605
PARIS (intramuros),AGEN,10,0.33704819277108433
PARIS (intramuros),AGEN,11,0.3318731117824773
PARIS (intramuros),AGEN,12,0.25030211480362535
PARIS (intramuros),AGEN,13,0.24879154078549848
PARIS (intramuros),AGEN,14,0.24305135951661633
PARIS (intramuros),AGEN,15,0.21027190332326282
PARIS (intramuros),AGEN,16,0.21087613293051358
PARIS (intramuros),AGEN,17,0.21363636363636362
PARIS (intramuros),AGEN,18,0.2196048632218845
PARIS (intramuros),AGEN,19,0.22804878048780486
PARIS (intramuros),AGEN,20,0.23551829268292682
PARIS (intramuros),AGEN,21,0.2570121951219512
PARIS (intramuros),AGEN,22,0.2646788990825688
PARIS (intramuros),AGEN,23,0.27929447852760736
PARIS (intramuros),AGEN,24,0.2884969325153374
PARIS (intramuros),AGEN,25,0.3006153846153846
PARIS (intramuros),AGEN,26,0.31384615384615383
PARIS (intramuros),AGEN,27,0.3170769230769231
PARIS (intramuros),AGEN,28,0.32876923076923076
PARIS (intramuros),AGEN,29,0.3236923076923077
PARIS (intramuros),AGEN,30,0.027777777777777776
PARIS (intramuros),ANGOULEME,0,0.7609195402298851
PARIS (intramuros),ANGOULEME,1,0.7464080459770115
PARIS (intramuros),ANGOULEME,2,0.7527298850574712
PARIS (intramuros),ANGOULEME,3,0.7314655172413793
PARIS (intramuros),ANGOULEME,4,0.6341954022988505
PARIS (intramuros),ANGOULEME,5,0.6320402298850575
PARIS (intramuros),ANGOULEME,6,0.6334770114942528
PARIS (intramuros),ANGOULEME,7,0.6364942528735632
PARIS (intramuros),ANGOULEME,8,0.6494252873563219
PARIS (intramuros),ANGOULEME,9,0.6459770114942529
PARIS (intramuros),ANGOULEME,10,0.644971264367816
PARIS (intramuros),ANGOULEME,11,0.6376436781609196
PARIS (intramuros),ANGOULEME,12,0.5863505747126437
PARIS (intramuros),ANGOULEME,13,0.5912356321839081
PARIS (intramuros),ANGOULEME,14,0.5883620689655172
PARIS (intramuros),ANGOULEME,15,0.5738505747126437
PARIS (intramuros),ANGOULEME,16,0.5785919540229885
PARIS (intramuros),ANGOULEME,17,0.5905172413793104
PARIS (intramuros),ANGOULEME,18,0.5971181556195965
PARIS (intramuros),ANGOULEME,19,0.6017291066282421
PARIS (intramuros),ANGOULEME,20,0.6063400576368876
PARIS (intramuros),ANGOULEME,21,0.614985590778098
PARIS (intramuros),ANGOULEME,22,0.6229106628242075
PARIS (intramuros),ANGOULEME,23,0.6337175792507205
PARIS (intramuros),ANGOULEME,24,0.6525936599423631
PARIS (intramuros),ANGOULEME,25,0.6660404624277456
PARIS (intramuros),ANGOULEME,26,0.6773121387283236
PARIS (intramuros),ANGOULEME,27,0.6972543352601156
PARIS (intramuros),ANGOULEME,28,0.7011560693641619
PARIS (intramuros),ANGOULEME,29,0.6638728323699422
PARIS (intramuros),ANGOULEME,30,0.06061046511627907
PARIS (intramuros),ARCACHON,0,0.44853420195439736
PARIS (intramuros),ARCACHON,1,0.43941368078175896
PARIS (intramuros),ARCACHON,2,0.41568627450980394
PARIS (intramuros),ARCACHON,3,0.3674757281553398
PARIS (intramuros),ARCACHON,4,0.21148867313915856
PARIS (intramuros),ARCACHON,5,0.21553398058252426
PARIS (intramuros),ARCACHON,6,0.22645161290322582
PARIS (intramuros),ARCACHON,7,0.23935483870967744
PARIS (intramuros),ARCACHON,8,0.23016129032258062
PARIS (intramuros),ARCACHON,9,0.23035714285714287
PARIS (intramuros),ARCACHON,10,0.22224025974025974
PARIS (intramuros),ARCACHON,11,0.21071428571428574
PARIS (intramuros),ARCACHON,12,0.15795454545454546
PARIS (intramuros),ARCACHON,13,0.16314935064935066
PARIS (intramuros),ARCACHON,14,0.17759740259740261
PARIS (intramuros),ARCACHON,15,0.15194805194805194
PARIS (intramuros),ARCACHON,16,0.14950980392156862
PARIS (intramuros),ARCACHON,17,0.15754098360655736
PARIS (intramuros),ARCACHON,18,0.15311475409836067
PARIS (intramuros),ARCACHON,19,0.1559016393442623
PARIS (intramuros),ARCACHON,20,0.16852459016393442
PARIS (intramuros),ARCACHON,21,0.16934426229508195
PARIS (intramuros),ARCACHON,22,0.17295081967213113
PARIS (intramuros),ARCACHON,23,0.1731023102310231
PARIS (intramuros),ARCACHON,24,0.176158940397351
PARIS (intramuros),ARCACHON,25,0.172682119205298
PARIS (intramuros),ARCACHON,26,0.17516556291390728
PARIS (intramuros),ARCACHON,27,0.1833887043189369
PARIS (intramuros),ARCACHON,28,0.1855960264900662
PARIS (intramuros),ARCACHON,29,0.17649006622516555
PARIS (intramuros),ARCACHON,30,0.01722408026755853
PARIS (intramuros),BAYONNE,0,0.5953216374269006
PARIS (intramuros),BAYONNE,1,0.5986880466472303
PARIS (intramuros),BAYONNE,2,0.584402332361516
PARIS (intramuros),BAYONNE,3,0.562463768115942
PARIS (intramuros),BAYONNE,4,0.3230434782608696
PARIS (intramuros),BAYONNE,5,0.3156521739130435
PARIS (intramuros),BAYONNE,6,0.31
PARIS (intramuros),BAYONNE,7,0.30782608695652175
PARIS (intramuros),BAYONNE,8,0.2950724637681159
PARIS (intramuros),BAYONNE,9,0.29869186046511625
PARIS (intramuros),BAYONNE,10,0.31046511627906975
PARIS (intramuros),BAYONNE,11,0.29171511627906976
PARIS (intramuros),BAYONNE,12,0.17587209302325582
PARIS (intramuros),BAYONNE,13,0.17834302325581397
PARIS (intramuros),BAYONNE,14,0.17281976744186048
PARIS (intramuros),BAYONNE,15,0.14970930232558138
PARIS (intramuros),BAYONNE,16,0.14300291545189503
PARIS (intramuros),BAYONNE,17,0.15160349854227406
PARIS (intramuros),BAYONNE,18,0.1567251461988304
PARIS (intramuros),BAYONNE,19,0.16964809384164223
PARIS (intramuros),BAYONNE,20,0.1781524926686217
PARIS (intramuros),BAYONNE,21,0.1836764705882353
PARIS (intramuros),BAYONNE,22,0.18205882352941177
PARIS (intramuros),BAYONNE,23,0.18215339233038347
PARIS (intramuros),BAYONNE,24,0.18994082840236687
PARIS (intramuros),BAYONNE,25,0.20074183976261128
PARIS (intramuros),BAYONNE,26,0.20578635014836794
PARIS (intramuros),BAYONNE,27,0.21681547619047617
PARIS (intramuros),BAYONNE,28,0.2226865671641791
PARIS (intramuros),BAYONNE,29,0.21208955223880596
PARIS (intramuros),BAYONNE,30,0.026807228915662652
PARIS (intramuros),BIARRITZ,0,0.6089705882352942
PARIS (intramuros),BIARRITZ,1,0.5978005865102639
PARIS (intramuros),BIARRITZ,2,0.5809384164222874
PARIS (intramuros),BIARRITZ,3,0.5590379008746356
PARIS (intramuros),BIARRITZ,4,0.3174927113702624
PARIS (intramuros),BIARRITZ,5,0.3158892128279883
PARIS (intramuros),BIARRITZ,6,0.30903790087463556
PARIS (intramuros),BIARRITZ,7,0.3040816326530612
PARIS (intramuros),BIARRITZ,8,0.2956268221574344
PARIS (intramuros),BIARRITZ,9,0.3
PARIS (intramuros),BIARRITZ,10,0.30511695906432745
PARIS (intramuros),BIARRITZ,11,0.29122807017543856
PARIS (intramuros),BIARRITZ,12,0.17792397660818715
PARIS (intramuros),BIARRITZ,13,0.17982456140350878
PARIS (intramuros),BIARRITZ,14,0.17514619883040936
PARIS (intramuros),BIARRITZ,15,0.1497076023391813
PARIS (intramuros),BIARRITZ,16,0.14501466275659824
PARIS (intramuros),BIARRITZ,17,0.15308823529411764
PARIS (intramuros),BIARRITZ,18,0.15958702064896754
PARIS (intramuros),BIARRITZ,19,0.1735207100591716
PARIS (intramuros),BIARRITZ,20,0.178698224852071
PARIS (intramuros),BIARRITZ,21,0.18367952522255193
PARIS (intramuros),BIARRITZ,22,0.18397626112759644
PARIS (intramuros),BIARRITZ,23,0.1836309523809524
PARIS (intramuros),BIARRITZ,24,0.19164179104477613
PARIS (intramuros),BIARRITZ,25,0.20119760479041918
PARIS (intramuros),BIARRITZ,26,0.20793413173652694
PARIS (intramuros),BIARRITZ,27,0.22072072072072071
PARIS (intramuros),BIARRITZ,28,0.22484939759036146
PARIS (intramuros),BIARRITZ,29,0.21295180722891568
PARIS (intramuros),BIARRITZ,30,0.025227963525835867
PARIS (intramuros),BIGANOS FACTURE,0,0.4431596091205212
PARIS (intramuros),BIGANOS FACTURE,1,0.43289902280130294
PARIS (intramuros),BIGANOS FACTURE,2,0.40816993464052287
PARIS (intramuros),BIGANOS FACTURE,3,0.3736245954692557
PARIS (intramuros),BIGANOS FACTURE,4,0.2132686084142395
PARIS (intramuros),BIGANOS FACTURE,5,0.20760517799352754
PARIS (intramuros),BIGANOS FACTURE,6,0.22
PARIS (intramuros),BIGANOS FACTURE,7,0.2403225806451613
PARIS (intramuros),BIGANOS FACTURE,8,0.23177419354838708
PARIS (intramuros),BIGANOS FACTURE,9,0.23181818181818184
PARIS (intramuros),BIGANOS FACTURE,10,0.22224025974025974
PARIS (intramuros),BIGANOS FACTURE,11,0.21428571428571427
PARIS (intramuros),BIGANOS FACTURE,12,0.15827922077922077
PARIS (intramuros),BIGANOS FACTURE,13,0.1621753246753247
PARIS (intramuros),BIGANOS FACTURE,14,0.175
PARIS (intramuros),BIGANOS FACTURE,15,0.15064935064935064
PARIS (intramuros),BIGANOS FACTURE,16,0.14836601307189543
PARIS (intramuros),BIGANOS FACTURE,17,0.15704918032786885
PARIS (intramuros),BIGANOS FACTURE,18,0.1542622950819672
PARIS (intramuros),BIGANOS FACTURE,19,0.1580327868852459
PARIS (intramuros),BIGANOS FACTURE,20,0.1677049180327869
PARIS (intramuros),BIGANOS FACTURE,21,0.16901639344262295
PARIS (intramuros),BIGANOS FACTURE,22,0.17262295081967213
PARIS (intramuros),BIGANOS FACTURE,23,0.1734323432343234
PARIS (intramuros),BIGANOS FACTURE,24,0.17516556291390728
PARIS (intramuros),BIGANOS FACTURE,25,0.17235099337748344
PARIS (intramuros),BIGANOS FACTURE,26,0.1741721854304636
PARIS (intramuros),BIGANOS FACTURE,27,0.18289036544850498
PARIS (intramuros),BIGANOS FACTURE,28,0.18443708609271525
PARIS (intramuros),BIGANOS FACTURE,29,0.17549668874172186
PARIS (intramuros),BIGANOS FACTURE,30,0.023076923076923078
PARIS (intramuros),BORDEAUX ST JEAN,0,0.8122126436781608
PARIS (intramuros),BORDEAUX ST JEAN,1,0.790948275862069
PARIS (intramuros),BORDEAUX ST JEAN,2,0.786925287356322
PARIS (intramuros),BORDEAUX ST JEAN,3,0.7535919540229885
PARIS (intramuros),BORDEAUX ST JEAN,4,0.666235632183908
PARIS (intramuros),BORDEAUX ST JEAN,5,0.6587643678160919
PARIS (intramuros),BORDEAUX ST JEAN,6,0.6563218390804598
PARIS (intramuros),BORDEAUX ST JEAN,7,0.6589080459770116
PARIS (intramuros),BORDEAUX ST JEAN,8,0.6702586206896551
PARIS (intramuros),BORDEAUX ST JEAN,9,0.6632183908045978
PARIS (intramuros),BORDEAUX ST JEAN,10,0.6673850574712644
PARIS (intramuros),BORDEAUX ST JEAN,11,0.6619252873563218
PARIS (intramuros),BORDEAUX ST JEAN,12,0.6155172413793103
PARIS (intramuros),BORDEAUX ST JEAN,13,0.6228448275862069
PARIS (intramuros),BORDEAUX ST JEAN,14,0.6093390804597701
PARIS (intramuros),BORDEAUX ST JEAN,15,0.5959770114942529
PARIS (intramuros),BORDEAUX ST JEAN,16,0.5987068965517242
PARIS (intramuros),BORDEAUX ST JEAN,17,0.610632183908046
PARIS (intramuros),BORDEAUX ST JEAN,18,0.6110632183908046
PARIS (intramuros),BORDEAUX ST JEAN,19,0.612212643678161
PARIS (intramuros),BORDEAUX ST JEAN,20,0.6156609195402298
PARIS (intramuros),BORDEAUX ST JEAN,21,0.6255747126436781
PARIS (intramuros),BORDEAUX ST JEAN,22,0.6376436781609196
PARIS (intramuros),BORDEAUX ST JEAN,23,0.6538793103448276
PARIS (intramuros),BORDEAUX ST JEAN,24,0.6712643678160919
PARIS (intramuros),BORDEAUX ST JEAN,25,0.6836206896551724
PARIS (intramuros),BORDEAUX ST JEAN,26,0.6956896551724138
PARIS (intramuros),BORDEAUX ST JEAN,27,0.7153735632183907
PARIS (intramuros),BORDEAUX ST JEAN,28,0.7225574712643678
PARIS (intramuros),BORDEAUX ST JEAN,29,0.7024425287356322
PARIS (intramuros),BORDEAUX ST JEAN,30,0.037138728323699424
PARIS (intramuros),CHATELLERAULT,0,0.5222222222222223
PARIS (intramuros),CHATELLERAULT,1,0.5125
PARIS (intramuros),CHATELLERAULT,2,0.46447368421052626
PARIS (intramuros),CHATELLERAULT,3,0.4394736842105263
PARIS (intramuros),CHATELLERAULT,4,0.10394736842105262
PARIS (intramuros),CHATELLERAULT,5,0.06973684210526317
PARIS (intramuros),CHATELLERAULT,6,0.034210526315789476
PARIS (intramuros),CHATELLERAULT,7,0.048684210526315795
PARIS (intramuros),CHATELLERAULT,8,0.03289473684210526
PARIS (intramuros),CHATELLERAULT,9,0.044736842105263165
PARIS (intramuros),CHATELLERAULT,10,0.02631578947368421
PARIS (intramuros),CHATELLERAULT,11,0.017105263157894738
PARIS (intramuros),CHATELLERAULT,12,0.003947368421052633
PARIS (intramuros),CHATELLERAULT,13,0.002631578947368421
PARIS (intramuros),CHATELLERAULT,14,0.002631578947368421
PARIS (intramuros),CHATELLERAULT,15,0.0
PARIS (intramuros),CHATELLERAULT,16,0.0
PARIS (intramuros),CHATELLERAULT,17,0.0
PARIS (intramuros),CHATELLERAULT,18,0.0
PARIS (intramuros),CHATELLERAULT,19,0.0
PARIS (intramuros),CHATELLERAULT,20,0.0
PARIS (intramuros),CHATELLERAULT,21,0.0
PARIS (intramuros),CHATELLERAULT,22,0.0
PARIS (intramuros),CHATELLERAULT,23,0.0
PARIS (intramuros),CHATELLERAULT,24,0.0
PARIS (intramuros),CHATELLERAULT,25,0.0
PARIS (intramuros),CHATELLERAULT,26,0.0
PARIS (intramuros),CHATELLERAULT,27,0.0
PARIS (intramuros),CHATELLERAULT,28,0.0
PARIS (intramuros),CHATELLERAULT,29,0.002631578947368421
PARIS (intramuros),CHATELLERAULT,30,0.0
PARIS (intramuros),DAX,0,0.6517543859649123
PARIS (intramuros),DAX,1,0.6518950437317784
PARIS (intramuros),DAX,2,0.6371720116618076
PARIS (intramuros),DAX,3,0.6156521739130435
PARIS (intramuros),DAX,4,0.36318840579710143
PARIS (intramuros),DAX,5,0.35884057971014494
PARIS (intramuros),DAX,6,0.35695652173913045
PARIS (intramuros),DAX,7,0.3466666666666666
PARIS (intramuros),DAX,8,0.3436231884057971
PARIS (intramuros),DAX,9,0.3407246376811594
PARIS (intramuros),DAX,10,0.3415942028985507
PARIS (intramuros),DAX,11,0.3307246376811594
PARIS (intramuros),DAX,12,0.2156521739130435
PARIS (intramuros),DAX,13,0.21463768115942028
PARIS (intramuros),DAX,14,0.20681159420289855
PARIS (intramuros),DAX,15,0.19246376811594204
PARIS (intramuros),DAX,16,0.19115942028985508
PARIS (intramuros),DAX,17,0.21550724637681157
PARIS (intramuros),DAX,18,0.2204941860465116
PARIS (intramuros),DAX,19,0.22813411078717202
PARIS (intramuros),DAX,20,0.23454810495626824
PARIS (intramuros),DAX,21,0.2488338192419825
PARIS (intramuros),DAX,22,0.24970845481049564
PARIS (intramuros),DAX,23,0.2532069970845481
PARIS (intramuros),DAX,24,0.2631578947368421
PARIS (intramuros),DAX,25,0.27324561403508774
PARIS (intramuros),DAX,26,0.27616959064327484
PARIS (intramuros),DAX,27,0.28713450292397663
PARIS (intramuros),DAX,28,0.29281524926686214
PARIS (intramuros),DAX,29,0.27455882352941174
PARIS (intramuros),DAX,30,0.02899408284023669
PARIS (intramuros),HENDAYE,0,0.6010294117647058
PARIS (intramuros),HENDAYE,1,0.5936950146627565
PARIS (intramuros),HENDAYE,2,0.5862170087976539
PARIS (intramuros),HENDAYE,3,0.5588921282798833
PARIS (intramuros),HENDAYE,4,0.32230320699708453
PARIS (intramuros),HENDAYE,5,0.3135568513119533
PARIS (intramuros),HENDAYE,6,0.3112244897959184
PARIS (intramuros),HENDAYE,7,0.3093294460641399
PARIS (intramuros),HENDAYE,8,0.29723032069970845
PARIS (intramuros),HENDAYE,9,0.29736842105263156
PARIS (intramuros),HENDAYE,10,0.30511695906432745
PARIS (intramuros),HENDAYE,11,0.2940058479532164
PARIS (intramuros),HENDAYE,12,0.1793859649122807
PARIS (intramuros),HENDAYE,13,0.1793859649122807
PARIS (intramuros),HENDAYE,14,0.17748538011695908
PARIS (intramuros),HENDAYE,15,0.14941520467836258
PARIS (intramuros),HENDAYE,16,0.14281524926686218
PARIS (intramuros),HENDAYE,17,0.155
PARIS (intramuros),HENDAYE,18,0.15973451327433627
PARIS (intramuros),HENDAYE,19,0.16893491124260354
PARIS (intramuros),HENDAYE,20,0.1809171597633136
PARIS (intramuros),HENDAYE,21,0.18545994065281898
PARIS (intramuros),HENDAYE,22,0.18486646884272998
PARIS (intramuros),HENDAYE,23,0.18273809523809523
PARIS (intramuros),HENDAYE,24,0.1907462686567164
PARIS (intramuros),HENDAYE,25,0.20074850299401198
PARIS (intramuros),HENDAYE,26,0.20823353293413172
PARIS (intramuros),HENDAYE,27,0.2190690690690691
PARIS (intramuros),HENDAYE,28,0.22439759036144577
PARIS (intramuros),HENDAYE,29,0.216566265060241
PARIS (intramuros),HENDAYE,30,0.019908814589665653
PARIS (intramuros),LA TESTE,0,0.2554054054054054
PARIS (intramuros),LA TESTE,1,0.2263888888888889
PARIS (intramuros),LA TESTE,2,0.20833333333333334
PARIS (intramuros),LA TESTE,3,0.17972972972972973
PARIS (intramuros),LA TESTE,4,0.08289473684210526
PARIS (intramuros),LA TESTE,5,0.07763157894736843
PARIS (intramuros),LA TESTE,6,0.09210526315789473
PARIS (intramuros),LA TESTE,7,0.05789473684210527
PARIS (intramuros),LA TESTE,8,0.058108108108108104
PARIS (intramuros),LA TESTE,9,0.07027027027027027
PARIS (intramuros),LA TESTE,10,0.07297297297297298
PARIS (intramuros),LA TESTE,11,0.048648648648648644
PARIS (intramuros),LA TESTE,12,0.033783783783783786
PARIS (intramuros),LA TESTE,13,0.032432432432432434
PARIS (intramuros),LA TESTE,14,0.01891891891891892
PARIS (intramuros),LA TESTE,15,0.0
PARIS (intramuros),LA TESTE,16,0.0
PARIS (intramuros),LA TESTE,17,0.0
PARIS (intramuros),LA TESTE,18,0.0
PARIS (intramuros),LA TESTE,19,0.0
PARIS (intramuros),LA TESTE,20,0.0
PARIS (intramuros),LA TESTE,21,0.001388888888888889
PARIS (intramuros),LA TESTE,22,0.0
PARIS (intramuros),LA TESTE,23,0.0014285714285714286
PARIS (intramuros),LA TESTE,24,0.002857142857142857
PARIS (intramuros),LA TESTE,25,0.0
PARIS (intramuros),LA TESTE,26,0.0014285714285714286
PARIS (intramuros),LA TESTE,27,0.002857142857142857
PARIS (intramuros),LA TESTE,28,0.005714285714285714
PARIS (intramuros),LA TESTE,29,0.0058823529411764705
PARIS (intramuros),LA TESTE,30,0.0
PARIS (intramuros),LIBOURNE,0,0.70466472303207
PARIS (intramuros),LIBOURNE,1,0.7055393586005831
PARIS (intramuros),LIBOURNE,2,0.6985422740524782
PARIS (intramuros),LIBOURNE,3,0.6868804664723032
PARIS (intramuros),LIBOURNE,4,0.5798833819241983
PARIS (intramuros),LIBOURNE,5,0.578134110787172
PARIS (intramuros),LIBOURNE,6,0.5881924198250729
PARIS (intramuros),LIBOURNE,7,0.5755102040816327
PARIS (intramuros),LIBOURNE,8,0.5712827988338192
PARIS (intramuros),LIBOURNE,9,0.5769679300291546
PARIS (intramuros),LIBOURNE,10,0.5733236151603499
PARIS (intramuros),LIBOURNE,11,0.5654518950437317
PARIS (intramuros),LIBOURNE,12,0.5183673469387755
PARIS (intramuros),LIBOURNE,13,0.518804664723032
PARIS (intramuros),LIBOURNE,14,0.5036443148688047
PARIS (intramuros),LIBOURNE,15,0.49897959183673474
PARIS (intramuros),LIBOURNE,16,0.5021865889212828
PARIS (intramuros),LIBOURNE,17,0.5186588921282799
PARIS (intramuros),LIBOURNE,18,0.5222222222222223
PARIS (intramuros),LIBOURNE,19,0.5299707602339181
PARIS (intramuros),LIBOURNE,20,0.5340643274853801
PARIS (intramuros),LIBOURNE,21,0.545906432748538
PARIS (intramuros),LIBOURNE,22,0.5561403508771929
PARIS (intramuros),LIBOURNE,23,0.5600877192982456
PARIS (intramuros),LIBOURNE,24,0.5697368421052631
PARIS (intramuros),LIBOURNE,25,0.5749266862170088
PARIS (intramuros),LIBOURNE,26,0.5834310850439882
PARIS (intramuros),LIBOURNE,27,0.5832844574780058
PARIS (intramuros),LIBOURNE,28,0.5920821114369501
PARIS (intramuros),LIBOURNE,29,0.5642228739002932
PARIS (intramuros),LIBOURNE,30,0.04587020648967552
PARIS (intramuros),LOURDES,0,0.5316176470588235
PARIS (intramuros),LOURDES,1,0.5348973607038123
PARIS (intramuros),LOURDES,2,0.5049853372434018
PARIS (intramuros),LOURDES,3,0.4867732558139535
PARIS (intramuros),LOURDES,4,0.24358600583090378
PARIS (intramuros),LOURDES,5,0.24212827988338192
PARIS (intramuros),LOURDES,6,0.22405247813411078
PARIS (intramuros),LOURDES,7,0.21618075801749273
PARIS (intramuros),LOURDES,8,0.22616279069767442
PARIS (intramuros),LOURDES,9,0.22842565597667636
PARIS (intramuros),LOURDES,10,0.2247813411078717
PARIS (intramuros),LOURDES,11,0.21341107871720116
PARIS (intramuros),LOURDES,12,0.15203488372093021
PARIS (intramuros),LOURDES,13,0.14854651162790697
PARIS (intramuros),LOURDES,14,0.14069767441860465
PARIS (intramuros),LOURDES,15,0.1372093023255814
PARIS (intramuros),LOURDES,16,0.13372093023255813
PARIS (intramuros),LOURDES,17,0.14956268221574343
PARIS (intramuros),LOURDES,18,0.15219298245614035
PARIS (intramuros),LOURDES,19,0.1536656891495601
PARIS (intramuros),LOURDES,20,0.15498533724340177
PARIS (intramuros),LOURDES,21,0.1658357771260997
PARIS (intramuros),LOURDES,22,0.17052785923753666
PARIS (intramuros),LOURDES,23,0.17346041055718475
PARIS (intramuros),LOURDES,24,0.1801470588235294
PARIS (intramuros),LOURDES,25,0.18235294117647058
PARIS (intramuros),LOURDES,26,0.19424778761061945
PARIS (intramuros),LOURDES,27,0.20117994100294986
PARIS (intramuros),LOURDES,28,0.21005917159763313
PARIS (intramuros),LOURDES,29,0.1980712166172107
PARIS (intramuros),LOURDES,30,0.024328358208955226
PARIS (intramuros),MONTAUBAN VILLE BOURBON,0,0.3989329268292683
PARIS (intramuros),MONTAUBAN VILLE BOURBON,1,0.39725609756097563
PARIS (intramuros),MONTAUBAN VILLE BOURBON,2,0.38490853658536583
PARIS (intramuros),MONTAUBAN VILLE BOURBON,3,0.37103658536585366
PARIS (intramuros),MONTAUBAN VILLE BOURBON,4,0.14908256880733944
PARIS (intramuros),MONTAUBAN VILLE BOURBON,5,0.13394495412844035
PARIS (intramuros),MONTAUBAN VILLE BOURBON,6,0.12370030581039757
PARIS (intramuros),MONTAUBAN VILLE BOURBON,7,0.12553516819571864
PARIS (intramuros),MONTAUBAN VILLE BOURBON,8,0.11850152905198777
PARIS (intramuros),MONTAUBAN VILLE BOURBON,9,0.10690184049079755
PARIS (intramuros),MONTAUBAN VILLE BOURBON,10,0.0955521472392638
PARIS (intramuros),MONTAUBAN VILLE BOURBON,11,0.08323076923076923
PARIS (intramuros),MONTAUBAN VILLE BOURBON,12,0.044000000000000004
PARIS (intramuros),MONTAUBAN VILLE BOURBON,13,0.032
PARIS (intramuros),MONTAUBAN VILLE BOURBON,14,0.02876923076923077
PARIS (intramuros),MONTAUBAN VILLE BOURBON,15,0.019230769230769232
PARIS (intramuros),MONTAUBAN VILLE BOURBON,16,0.019753086419753086
PARIS (intramuros),MONTAUBAN VILLE BOURBON,17,0.021671826625386997
PARIS (intramuros),MONTAUBAN VILLE BOURBON,18,0.023447204968944098
PARIS (intramuros),MONTAUBAN VILLE BOURBON,19,0.027102803738317756
PARIS (intramuros),MONTAUBAN VILLE BOURBON,20,0.03068535825545171
PARIS (intramuros),MONTAUBAN VILLE BOURBON,21,0.03302180685358255
PARIS (intramuros),MONTAUBAN VILLE BOURBON,22,0.032968750000000005
PARIS (intramuros),MONTAUBAN VILLE BOURBON,23,0.03369905956112853
PARIS (intramuros),MONTAUBAN VILLE BOURBON,24,0.03510971786833855
PARIS (intramuros),MONTAUBAN VILLE BOURBON,25,0.03773584905660377
PARIS (intramuros),MONTAUBAN VILLE BOURBON,26,0.05251572327044025
PARIS (intramuros),MONTAUBAN VILLE BOURBON,27,0.05990566037735849
PARIS (intramuros),MONTAUBAN VILLE BOURBON,28,0.061006289308176094
PARIS (intramuros),MONTAUBAN VILLE BOURBON,29,0.06191222570532915
PARIS (intramuros),MONTAUBAN VILLE BOURBON,30,0.009305993690851735
PARIS (intramuros),ORTHEZ,0,0.44
PARIS (intramuros),ORTHEZ,1,0.4472140762463343
PARIS (intramuros),ORTHEZ,2,0.42668621700879766
PARIS (intramuros),ORTHEZ,3,0.3838662790697675
PARIS (intramuros),ORTHEZ,4,0.1313411078717201
PARIS (intramuros),ORTHEZ,5,0.11486880466472303
PARIS (intramuros),ORTHEZ,6,0.10379008746355685
PARIS (intramuros),ORTHEZ,7,0.10787172011661808
PARIS (intramuros),ORTHEZ,8,0.1175872093023256
PARIS (intramuros),ORTHEZ,9,0.11705539358600582
PARIS (intramuros),ORTHEZ,10,0.1077259475218659
PARIS (intramuros),ORTHEZ,11,0.09358600583090379
PARIS (intramuros),ORTHEZ,12,0.03619186046511628
PARIS (intramuros),ORTHEZ,13,0.03662790697674419
PARIS (intramuros),ORTHEZ,14,0.031540697674418604
PARIS (intramuros),ORTHEZ,15,0.02877906976744186
PARIS (intramuros),ORTHEZ,16,0.028134110787172012
PARIS (intramuros),ORTHEZ,17,0.03625730994152047
PARIS (intramuros),ORTHEZ,18,0.03841642228739003
PARIS (intramuros),ORTHEZ,19,0.042205882352941176
PARIS (intramuros),ORTHEZ,20,0.04147058823529411
PARIS (intramuros),ORTHEZ,21,0.043529411764705886
PARIS (intramuros),ORTHEZ,22,0.04455882352941177
PARIS (intramuros),ORTHEZ,23,0.04485294117647059
PARIS (intramuros),ORTHEZ,24,0.04793510324483776
PARIS (intramuros),ORTHEZ,25,0.0471976401179941
PARIS (intramuros),ORTHEZ,26,0.05784023668639054
PARIS (intramuros),ORTHEZ,27,0.06316568047337279
PARIS (intramuros),ORTHEZ,28,0.0698813056379822
PARIS (intramuros),ORTHEZ,29,0.06651785714285714
PARIS (intramuros),ORTHEZ,30,0.007784431137724551
PARIS (intramuros),PAU,0,0.5314705882352941
PARIS (intramuros),PAU,1,0.5348973607038123
PARIS (intramuros),PAU,2,0.5066176470588235
PARIS (intramuros),PAU,3,0.48819241982507283
PARIS (intramuros),PAU,4,0.2463450292397661
PARIS (intramuros),PAU,5,0.24020467836257312
PARIS (intramuros),PAU,6,0.2273391812865497
PARIS (intramuros),PAU,7,0.2164723032069971
PARIS (intramuros),PAU,8,0.22529069767441862
PARIS (intramuros),PAU,9,0.22871720116618077
PARIS (intramuros),PAU,10,0.22419825072886299
PARIS (intramuros),PAU,11,0.21457725947521863
PARIS (intramuros),PAU,12,0.14811046511627907
PARIS (intramuros),PAU,13,0.14941860465116277
PARIS (intramuros),PAU,14,0.1379360465116279
PARIS (intramuros),PAU,15,0.13444767441860464
PARIS (intramuros),PAU,16,0.13386627906976745
PARIS (intramuros),PAU,17,0.15043731778425656
PARIS (intramuros),PAU,18,0.15219298245614035
PARIS (intramuros),PAU,19,0.1532258064516129
PARIS (intramuros),PAU,20,0.1536656891495601
PARIS (intramuros),PAU,21,0.16700879765395896
PARIS (intramuros),PAU,22,0.16994134897360705
PARIS (intramuros),PAU,23,0.17331378299120234
PARIS (intramuros),PAU,24,0.18294117647058825
PARIS (intramuros),PAU,25,0.18441176470588236
PARIS (intramuros),PAU,26,0.19542772861356933
PARIS (intramuros),PAU,27,0.20250737463126844
PARIS (intramuros),PAU,28,0.2118343195266272
PARIS (intramuros),PAU,29,0.20311572700296737
PARIS (intramuros),PAU,30,0.021343283582089555
PARIS (intramuros),POITIERS,0,0.7682471264367817
PARIS (intramuros),POITIERS,1,0.7652298850574712
PARIS (intramuros),POITIERS,2,0.7622126436781609
PARIS (intramuros),POITIERS,3,0.744683908045977
PARIS (intramuros),POITIERS,4,0.6445402298850575
PARIS (intramuros),POITIERS,5,0.6406609195402299
PARIS (intramuros),POITIERS,6,0.640948275862069
PARIS (intramuros),POITIERS,7,0.6387931034482759
PARIS (intramuros),POITIERS,8,0.6477011494252873
PARIS (intramuros),POITIERS,9,0.6461206896551724
PARIS (intramuros),POITIERS,10,0.6504310344827586
PARIS (intramuros),POITIERS,11,0.6570402298850575
PARIS (intramuros),POITIERS,12,0.584051724137931
PARIS (intramuros),POITIERS,13,0.5941091954022989
PARIS (intramuros),POITIERS,14,0.5791666666666667
PARIS (intramuros),POITIERS,15,0.5629310344827586
PARIS (intramuros),POITIERS,16,0.5625
PARIS (intramuros),POITIERS,17,0.5760057471264367
PARIS (intramuros),POITIERS,18,0.5762247838616714
PARIS (intramuros),POITIERS,19,0.5829971181556196
PARIS (intramuros),POITIERS,20,0.5842939481268011
PARIS (intramuros),POITIERS,21,0.5913544668587896
PARIS (intramuros),POITIERS,22,0.5992795389048992
PARIS (intramuros),POITIERS,23,0.6126801152737752
PARIS (intramuros),POITIERS,24,0.6324207492795388
PARIS (intramuros),POITIERS,25,0.6421965317919075
PARIS (intramuros),POITIERS,26,0.6573699421965318
PARIS (intramuros),POITIERS,27,0.671242774566474
PARIS (intramuros),POITIERS,28,0.680635838150289
PARIS (intramuros),POITIERS,29,0.65621387283237
PARIS (intramuros),POITIERS,30,0.043750000000000004
PARIS (intramuros),ST JEAN DE LUZ CIBOURE,0,0.6032352941176471
PARIS (intramuros),ST JEAN DE LUZ CIBOURE,1,0.5934017595307918
PARIS (intramuros),ST JEAN DE LUZ CIBOURE,2,0.5829912023460411
PARIS (intramuros),ST JEAN DE LUZ CIBOURE,3,0.55
PARIS (intramuros),ST JEAN DE LUZ CIBOURE,4,0.31603498542274056
PARIS (intramuros),ST JEAN DE LUZ CIBOURE,5,0.3147230320699709
PARIS (intramuros),ST JEAN DE LUZ CIBOURE,6,0.30903790087463556
PARIS (intramuros),ST JEAN DE LUZ CIBOURE,7,0.3071428571428571
PARIS (intramuros),ST JEAN DE LUZ CIBOURE,8,0.29475218658892127
PARIS (intramuros),ST JEAN DE LUZ CIBOURE,9,0.2976608187134503
PARIS (intramuros),ST JEAN DE LUZ CIBOURE,10,0.3084795321637427
PARIS (intramuros),ST JEAN DE LUZ CIBOURE,11,0.2942982456140351
PARIS (intramuros),ST JEAN DE LUZ CIBOURE,12,0.17719298245614035
PARIS (intramuros),ST JEAN DE LUZ CIBOURE,13,0.17178362573099415
PARIS (intramuros),ST JEAN DE LUZ CIBOURE,14,0.17368421052631577
PARIS (intramuros),ST JEAN DE LUZ CIBOURE,15,0.1489766081871345
PARIS (intramuros),ST JEAN DE LUZ CIBOURE,16,0.14325513196480938
PARIS (intramuros),ST JEAN DE LUZ CIBOURE,17,0.15426470588235294
PARIS (intramuros),ST JEAN DE LUZ CIBOURE,18,0.1606194690265487
PARIS (intramuros),ST JEAN DE LUZ CIBOURE,19,0.16834319526627217
PARIS (intramuros),ST JEAN DE LUZ CIBOURE,20,0.1797337278106509
PARIS (intramuros),ST JEAN DE LUZ CIBOURE,21,0.18323442136498516
PARIS (intramuros),ST JEAN DE LUZ CIBOURE,22,0.18323442136498516
PARIS (intramuros),ST JEAN DE LUZ CIBOURE,23,0.18303571428571427
PARIS (intramuros),ST JEAN DE LUZ CIBOURE,24,0.19119402985074627
PARIS (intramuros),ST JEAN DE LUZ CIBOURE,25,0.20089820359281435
PARIS (intramuros),ST JEAN DE LUZ CIBOURE,26,0.20988023952095808
PARIS (intramuros),ST JEAN DE LUZ CIBOURE,27,0.2201201201201201
PARIS (intramuros),ST JEAN DE LUZ CIBOURE,28,0.22725903614457832
PARIS (intramuros),ST JEAN DE LUZ CIBOURE,29,0.21746987951807228
PARIS (intramuros),ST JEAN DE LUZ CIBOURE,30,0.021732522796352585
PARIS (intramuros),ST PIERRE DES CORPS,0,0.7761494252873564
PARIS (intramuros),ST PIERRE DES CORPS,1,0.7810344827586208
PARIS (intramuros),ST PIERRE DES CORPS,2,0.7676724137931034
PARIS (intramuros),ST PIERRE DES CORPS,3,0.7599137931034482
PARIS (intramuros),ST PIERRE DES CORPS,4,0.6704022988505748
PARIS (intramuros),ST PIERRE DES CORPS,5,0.662787356321839
PARIS (intramuros),ST PIERRE DES CORPS,6,0.6613505747126437
PARIS (intramuros),ST PIERRE DES CORPS,7,0.6527298850574713
PARIS (intramuros),ST PIERRE DES CORPS,8,0.6502873563218391
PARIS (intramuros),ST PIERRE DES CORPS,9,0.6502873563218391
PARIS (intramuros),ST PIERRE DES CORPS,10,0.6472701149425287
PARIS (intramuros),ST PIERRE DES CORPS,11,0.6255043227665706
PARIS (intramuros),ST PIERRE DES CORPS,12,0.5250720461095101
PARIS (intramuros),ST PIERRE DES CORPS,13,0.5302593659942363
PARIS (intramuros),ST PIERRE DES CORPS,14,0.521613832853026
PARIS (intramuros),ST PIERRE DES CORPS,15,0.49985590778097977
PARIS (intramuros),ST PIERRE DES CORPS,16,0.49164265129682994
PARIS (intramuros),ST PIERRE DES CORPS,17,0.5047550432276657
PARIS (intramuros),ST PIERRE DES CORPS,18,0.5099710982658959
PARIS (intramuros),ST PIERRE DES CORPS,19,0.5205797101449275
PARIS (intramuros),ST PIERRE DES CORPS,20,0.5226744186046512
PARIS (intramuros),ST PIERRE DES CORPS,21,0.5303779069767441
PARIS (intramuros),ST PIERRE DES CORPS,22,0.539389534883721
PARIS (intramuros),ST PIERRE DES CORPS,23,0.5491279069767442
PARIS (intramuros),ST PIERRE DES CORPS,24,0.5684593023255814
PARIS (intramuros),ST PIERRE DES CORPS,25,0.578862973760933
PARIS (intramuros),ST PIERRE DES CORPS,26,0.5843567251461989
PARIS (intramuros),ST PIERRE DES CORPS,27,0.5954678362573099
PARIS (intramuros),ST PIERRE DES CORPS,28,0.6029239766081871
PARIS (intramuros),ST PIERRE DES CORPS,29,0.5783625730994152
PARIS (intramuros),ST PIERRE DES CORPS,30,0.05586510263929619
PARIS (intramuros),TARBES,0,0.5299707602339181
PARIS (intramuros),TARBES,1,0.5302631578947369
PARIS (intramuros),TARBES,2,0.5
PARIS (intramuros),TARBES,3,0.4819767441860465
PARIS (intramuros),TARBES,4,0.2488338192419825
PARIS (intramuros),TARBES,5,0.2381924198250729
PARIS (intramuros),TARBES,6,0.22376093294460642
PARIS (intramuros),TARBES,7,0.21516034985422738
PARIS (intramuros),TARBES,8,0.22761627906976745
PARIS (intramuros),TARBES,9,0.23061224489795917
PARIS (intramuros),TARBES,10,0.22142857142857145
PARIS (intramuros),TARBES,11,0.2164723032069971
PARIS (intramuros),TARBES,12,0.14738372093023255
PARIS (intramuros),TARBES,13,0.14898255813953487
PARIS (intramuros),TARBES,14,0.14084302325581396
PARIS (intramuros),TARBES,15,0.1377906976744186
PARIS (intramuros),TARBES,16,0.13357558139534884
PARIS (intramuros),TARBES,17,0.15029154518950436
PARIS (intramuros),TARBES,18,0.15190058479532165
PARIS (intramuros),TARBES,19,0.15249266862170088
PARIS (intramuros),TARBES,20,0.15557184750733136
PARIS (intramuros),TARBES,21,0.16744868035190616
PARIS (intramuros),TARBES,22,0.17023460410557184
PARIS (intramuros),TARBES,23,0.17316715542521993
PARIS (intramuros),TARBES,24,0.1813235294117647
PARIS (intramuros),TARBES,25,0.18294117647058825
PARIS (intramuros),TARBES,26,0.19365781710914456
PARIS (intramuros),TARBES,27,0.20103244837758114
PARIS (intramuros),TARBES,28,0.20828402366863907
PARIS (intramuros),TARBES,29,0.20281899109792284
PARIS (intramuros),TARBES,30,0.025373134328358207
PARIS (intramuros),TOULOUSE MATABIAU,0,0.5255255255255256
PARIS (intramuros),TOULOUSE MATABIAU,1,0.5147147147147147
PARIS (intramuros),TOULOUSE MATABIAU,2,0.5099099099099099
PARIS (intramuros),TOULOUSE MATABIAU,3,0.5073573573573573
PARIS (intramuros),TOULOUSE MATABIAU,4,0.34156626506024096
PARIS (intramuros),TOULOUSE MATABIAU,5,0.32680722891566266
PARIS (intramuros),TOULOUSE MATABIAU,6,0.3213855421686747
PARIS (intramuros),TOULOUSE MATABIAU,7,0.3168674698795181
PARIS (intramuros),TOULOUSE MATABIAU,8,0.3313253012048193
PARIS (intramuros),TOULOUSE MATABIAU,9,0.3292168674698795
PARIS (intramuros),TOULOUSE MATABIAU,10,0.3352409638554217
PARIS (intramuros),TOULOUSE MATABIAU,11,0.32824773413897285
PARIS (intramuros),TOULOUSE MATABIAU,12,0.24879154078549848
PARIS (intramuros),TOULOUSE MATABIAU,13,0.2422960725075529
PARIS (intramuros),TOULOUSE MATABIAU,14,0.24108761329305134
PARIS (intramuros),TOULOUSE MATABIAU,15,0.2078549848942598
PARIS (intramuros),TOULOUSE MATABIAU,16,0.20861027190332326
PARIS (intramuros),TOULOUSE MATABIAU,17,0.21257575757575758
PARIS (intramuros),TOULOUSE MATABIAU,18,0.2177811550151976
PARIS (intramuros),TOULOUSE MATABIAU,19,0.22545731707317074
PARIS (intramuros),TOULOUSE MATABIAU,20,0.2329268292682927
PARIS (intramuros),TOULOUSE MATABIAU,21,0.2527439024390244
PARIS (intramuros),TOULOUSE MATABIAU,22,0.2599388379204893
PARIS (intramuros),TOULOUSE MATABIAU,23,0.2762269938650307
PARIS (intramuros),TOULOUSE MATABIAU,24,0.2901840490797546
PARIS (intramuros),TOULOUSE MATABIAU,25,0.30153846153846153
PARIS (intramuros),TOULOUSE MATABIAU,26,0.3158461538461539
PARIS (intramuros),TOULOUSE MATABIAU,27,0.3163076923076923
PARIS (intramuros),TOULOUSE MATABIAU,28,0.3290769230769231
PARIS (intramuros),TOULOUSE MATABIAU,29,0.32553846153846155
PARIS (intramuros),TOULOUSE MATABIAU,30,0.025771604938271603
PARIS (intramuros),VENDOME VILLIERS SUR LOIR,0,0.525
PARIS (intramuros),VENDOME VILLIERS SUR LOIR,1,0.52
PARIS (intramuros),VENDOME VILLIERS SUR LOIR,2,0.46904761904761905
PARIS (intramuros),VENDOME VILLIERS SUR LOIR,3,0.43809523809523804
PARIS (intramuros),VENDOME VILLIERS SUR LOIR,4,0.1523809523809524
PARIS (intramuros),VENDOME VILLIERS SUR LOIR,5,0.1285714285714286
PARIS (intramuros),VENDOME VILLIERS SUR LOIR,6,0.08214285714285714
PARIS (intramuros),VENDOME VILLIERS SUR LOIR,7,0.09166666666666667
PARIS (intramuros),VENDOME VILLIERS SUR LOIR,8,0.07738095238095238
PARIS (intramuros),VENDOME VILLIERS SUR LOIR,9,0.08214285714285714
PARIS (intramuros),VENDOME VILLIERS SUR LOIR,10,0.07857142857142858
PARIS (intramuros),VENDOME VILLIERS SUR LOIR,11,0.0642857142857143
PARIS (intramuros),VENDOME VILLIERS SUR LOIR,12,0.04523809523809524
PARIS (intramuros),VENDOME VILLIERS SUR LOIR,13,0.05119047619047619
PARIS (intramuros),VENDOME VILLIERS SUR LOIR,14,0.04523809523809524
PARIS (intramuros),VENDOME VILLIERS SUR LOIR,15,0.04642857142857143
PARIS (intramuros),VENDOME VILLIERS SUR LOIR,16,0.047619047619047616
PARIS (intramuros),VENDOME VILLIERS SUR LOIR,17,0.047619047619047616
PARIS (intramuros),VENDOME VILLIERS SUR LOIR,18,0.047619047619047616
PARIS (intramuros),VENDOME VILLIERS SUR LOIR,19,0.04642857142857143
PARIS (intramuros),VENDOME VILLIERS SUR LOIR,20,0.0488095238095238
PARIS (intramuros),VENDOME VILLIERS SUR LOIR,21,0.047619047619047616
PARIS (intramuros),VENDOME VILLIERS SUR LOIR,22,0.04642857142857143
PARIS (intramuros),VENDOME VILLIERS SUR LOIR,23,0.047619047619047616
PARIS (intramuros),VENDOME VILLIERS SUR LOIR,24,0.04523809523809524
PARIS (intramuros),VENDOME VILLIERS SUR LOIR,25,0.05
PARIS (intramuros),VENDOME VILLIERS SUR LOIR,26,0.04642857142857143
PARIS (intramuros),VENDOME VILLIERS SUR LOIR,27,0.04642857142857143
PARIS (intramuros),VENDOME VILLIERS SUR LOIR,28,0.04642857142857143
PARIS (intramuros),VENDOME VILLIERS SUR LOIR,29,0.041666666666666664
PARIS (intramuros),VENDOME VILLIERS SUR LOIR,30,0.0071428571428571435
PAU,LOURDES,0,0.9936764705882354
PAU,LOURDES,1,0.9963343108504399
PAU,LOURDES,2,0.9988235294117648
PAU,LOURDES,3,0.9913994169096211
PAU,LOURDES,4,0.9676900584795322
PAU,LOURDES,5,0.9593567251461989
PAU,LOURDES,6,0.941374269005848
PAU,LOURDES,7,0.9307580174927114
PAU,LOURDES,8,0.9191860465116278
PAU,LOURDES,9,0.8870262390670554
PAU,LOURDES,10,0.8537900874635569
PAU,LOURDES,11,0.828134110787172
PAU,LOURDES,12,0.786046511627907
PAU,LOURDES,13,0.7683139534883722
PAU,LOURDES,14,0.7457848837209302
PAU,LOURDES,15,0.7332848837209303
PAU,LOURDES,16,0.7164244186046511
PAU,LOURDES,17,0.6978134110787172
PAU,LOURDES,18,0.6799707602339181
PAU,LOURDES,19,0.6609970674486804
PAU,LOURDES,20,0.6511730205278593
PAU,LOURDES,21,0.6266862170087977
PAU,LOURDES,22,0.6203812316715542
PAU,LOURDES,23,0.617741935483871
PAU,LOURDES,24,0.610735294117647
PAU,LOURDES,25,0.5973529411764705
PAU,LOURDES,26,0.5960176991150443
PAU,LOURDES,27,0.6008849557522123
PAU,LOURDES,28,0.5819526627218935
PAU,LOURDES,29,0.53946587537092
PAU,LOURDES,30,0.044477611940298506
PAU,TARBES,0,0.9929411764705883
PAU,TARBES,1,0.9956011730205279
PAU,TARBES,2,0.998235294117647
PAU,TARBES,3,0.9905247813411079
PAU,TARBES,4,0.9707602339181286
PAU,TARBES,5,0.9602339181286549
PAU,TARBES,6,0.9429824561403509
PAU,TARBES,7,0.9349854227405248
PAU,TARBES,8,0.9167151162790699
PAU,TARBES,9,0.8810495626822157
PAU,TARBES,10,0.8513119533527697
PAU,TARBES,11,0.823469387755102
PAU,TARBES,12,0.7792151162790698
PAU,TARBES,13,0.7620639534883721
PAU,TARBES,14,0.7411337209302326
PAU,TARBES,15,0.725
PAU,TARBES,16,0.7130813953488372
PAU,TARBES,17,0.6934402332361516
PAU,TARBES,18,0.6763157894736842
PAU,TARBES,19,0.6549853372434017
PAU,TARBES,20,0.648533724340176
PAU,TARBES,21,0.6256598240469208
PAU,TARBES,22,0.6209677419354839
PAU,TARBES,23,0.6195014662756598
PAU,TARBES,24,0.6101470588235294
PAU,TARBES,25,0.5972058823529413
PAU,TARBES,26,0.5964601769911504
PAU,TARBES,27,0.602212389380531
PAU,TARBES,28,0.5801775147928994
PAU,TARBES,29,0.5439169139465876
PAU,TARBES,30,0.05
POITIERS,ANGOULEME,0,0.944683908045977
POITIERS,ANGOULEME,1,0.9372126436781608
POITIERS,ANGOULEME,2,0.9373563218390805
POITIERS,ANGOULEME,3,0.9106321839080459
POITIERS,ANGOULEME,4,0.8056034482758622
POITIERS,ANGOULEME,5,0.7893678160919539
POITIERS,ANGOULEME,6,0.7804597701149426
POITIERS,ANGOULEME,7,0.7681034482758621
POITIERS,ANGOULEME,8,0.7567528735632184
POITIERS,ANGOULEME,9,0.746551724137931
POITIERS,ANGOULEME,10,0.7326149425287356
POITIERS,ANGOULEME,11,0.719396551724138
POITIERS,ANGOULEME,12,0.6482758620689655
POITIERS,ANGOULEME,13,0.6469827586206897
POITIERS,ANGOULEME,14,0.6264367816091954
POITIERS,ANGOULEME,15,0.6139367816091954
POITIERS,ANGOULEME,16,0.6107758620689655
POITIERS,ANGOULEME,17,0.6225574712643678
POITIERS,ANGOULEME,18,0.6178674351585015
POITIERS,ANGOULEME,19,0.6219020172910663
POITIERS,ANGOULEME,20,0.6269452449567724
POITIERS,ANGOULEME,21,0.6304034582132565
POITIERS,ANGOULEME,22,0.6332853025936599
POITIERS,ANGOULEME,23,0.6363112391930836
POITIERS,ANGOULEME,24,0.6538904899135447
POITIERS,ANGOULEME,25,0.6624277456647398
POITIERS,ANGOULEME,26,0.672543352601156
POITIERS,ANGOULEME,27,0.6861271676300578
POITIERS,ANGOULEME,28,0.6952312138728324
POITIERS,ANGOULEME,29,0.6705202312138728
POITIERS,ANGOULEME,30,0.06598837209302326
POITIERS,ARCACHON,0,0.3
POITIERS,ARCACHON,1,0.3625
POITIERS,ARCACHON,2,0.2857142857142857
POITIERS,ARCACHON,3,0.30000000000000004
POITIERS,ARCACHON,4,0.18125
POITIERS,ARCACHON,5,0.15
POITIERS,ARCACHON,6,0.24375
POITIERS,ARCACHON,7,0.14375
POITIERS,ARCACHON,8,0.13125
POITIERS,ARCACHON,9,0.13125
POITIERS,ARCACHON,10,0.13749999999999998
POITIERS,ARCACHON,11,0.1375
POITIERS,ARCACHON,12,0.11875000000000001
POITIERS,ARCACHON,13,0.125
POITIERS,ARCACHON,14,0.1
POITIERS,ARCACHON,15,0.00625
POITIERS,ARCACHON,16,0.0
POITIERS,ARCACHON,17,0.0
POITIERS,ARCACHON,18,0.0
POITIERS,ARCACHON,19,0.0
POITIERS,ARCACHON,20,0.0
POITIERS,ARCACHON,21,0.0
POITIERS,ARCACHON,22,0.0
POITIERS,ARCACHON,23,0.0
POITIERS,ARCACHON,24,0.0
POITIERS,ARCACHON,25,0.0
POITIERS,ARCACHON,26,0.0
POITIERS,ARCACHON,27,0.0
POITIERS,ARCACHON,28,0.0
POITIERS,ARCACHON,29,0.0
POITIERS,ARCACHON,30,0.0
POITIERS,BAYONNE,0,0.43125
POITIERS,BAYONNE,1,0.3525
POITIERS,BAYONNE,2,0.33214285714285713
POITIERS,BAYONNE,3,0.2590909090909091
POITIERS,BAYONNE,4,0.11333333333333333
POITIERS,BAYONNE,5,0.0911111111111111
POITIERS,BAYONNE,6,0.08666666666666667
POITIERS,BAYONNE,7,0.07111111111111111
POITIERS,BAYONNE,8,0.06444444444444444
POITIERS,BAYONNE,9,0.058888888888888886
POITIERS,BAYONNE,10,0.04666666666666666
POITIERS,BAYONNE,11,0.04888888888888889
POITIERS,BAYONNE,12,0.04777777777777777
POITIERS,BAYONNE,13,0.05
POITIERS,BAYONNE,14,0.052222222222222225
POITIERS,BAYONNE,15,0.006666666666666668
POITIERS,BAYONNE,16,0.0022222222222222222
POITIERS,BAYONNE,17,0.0
POITIERS,BAYONNE,18,0.0
POITIERS,BAYONNE,19,0.0
POITIERS,BAYONNE,20,0.0
POITIERS,BAYONNE,21,0.0
POITIERS,BAYONNE,22,0.0
POITIERS,BAYONNE,23,0.0
POITIERS,BAYONNE,24,0.0011111111111111111
POITIERS,BAYONNE,25,0.0011111111111111111
POITIERS,BAYONNE,26,0.0011111111111111111
POITIERS,BAYONNE,27,0.0022222222222222222
POITIERS,BAYONNE,28,0.0011111111111111111
POITIERS,BAYONNE,29,0.0
POITIERS,BAYONNE,30,0.0
POITIERS,BIARRITZ,0,0.41624999999999995
POITIERS,BIARRITZ,1,0.33125
POITIERS,BIARRITZ,2,0.3202380952380952
POITIERS,BIARRITZ,3,0.25113636363636366
POITIERS,BIARRITZ,4,0.12444444444444444
POITIERS,BIARRITZ,5,0.09444444444444444
POITIERS,BIARRITZ,6,0.1
POITIERS,BIARRITZ,7,0.07888888888888888
POITIERS,BIARRITZ,8,0.06777777777777777
POITIERS,BIARRITZ,9,0.05
POITIERS,BIARRITZ,10,0.04888888888888889
POITIERS,BIARRITZ,11,0.05
POITIERS,BIARRITZ,12,0.044444444444444446
POITIERS,BIARRITZ,13,0.04777777777777777
POITIERS,BIARRITZ,14,0.05888888888888889
POITIERS,BIARRITZ,15,0.0011111111111111111
POITIERS,BIARRITZ,16,0.0
POITIERS,BIARRITZ,17,0.0
POITIERS,BIARRITZ,18,0.0
POITIERS,BIARRITZ,19,0.0
POITIERS,BIARRITZ,20,0.0
POITIERS,BIARRITZ,21,0.0
POITIERS,BIARRITZ,22,0.0
POITIERS,BIARRITZ,23,0.0
POITIERS,BIARRITZ,24,0.0
POITIERS,BIARRITZ,25,0.0
POITIERS,BIARRITZ,26,0.0
POITIERS,BIARRITZ,27,0.0022222222222222222
POITIERS,BIARRITZ,28,0.0011111111111111111
POITIERS,BIARRITZ,29,0.0
POITIERS,BIARRITZ,30,0.0
POITIERS,BIGANOS FACTURE,0,0.3125
POITIERS,BIGANOS FACTURE,1,0.4
POITIERS,BIGANOS FACTURE,2,0.2571428571428572
POITIERS,BIGANOS FACTURE,3,0.26875
POITIERS,BIGANOS FACTURE,4,0.16875
POITIERS,BIGANOS FACTURE,5,0.15
POITIERS,BIGANOS FACTURE,6,0.225
POITIERS,BIGANOS FACTURE,7,0.15
POITIERS,BIGANOS FACTURE,8,0.125
POITIERS,BIGANOS FACTURE,9,0.125
POITIERS,BIGANOS FACTURE,10,0.13125
POITIERS,BIGANOS FACTURE,11,0.1375
POITIERS,BIGANOS FACTURE,12,0.13125
POITIERS,BIGANOS FACTURE,13,0.125
POITIERS,BIGANOS FACTURE,14,0.075
POITIERS,BIGANOS FACTURE,15,0.0125
POITIERS,BIGANOS FACTURE,16,0.0
POITIERS,BIGANOS FACTURE,17,0.0
POITIERS,BIGANOS FACTURE,18,0.0
POITIERS,BIGANOS FACTURE,19,0.0
POITIERS,BIGANOS FACTURE,20,0.0
POITIERS,BIGANOS FACTURE,21,0.0
POITIERS,BIGANOS FACTURE,22,0.0
POITIERS,BIGANOS FACTURE,23,0.018750000000000003
POITIERS,BIGANOS FACTURE,24,0.0
POITIERS,BIGANOS FACTURE,25,0.0
POITIERS,BIGANOS FACTURE,26,0.0
POITIERS,BIGANOS FACTURE,27,0.0
POITIERS,BIGANOS FACTURE,28,0.0
POITIERS,BIGANOS FACTURE,29,0.0
POITIERS,BIGANOS FACTURE,30,0.0
POITIERS,BORDEAUX ST JEAN,0,0.9501436781609195
POITIERS,BORDEAUX ST JEAN,1,0.9455459770114942
POITIERS,BORDEAUX ST JEAN,2,0.9402298850574712
POITIERS,BORDEAUX ST JEAN,3,0.9114942528735632
POITIERS,BORDEAUX ST JEAN,4,0.8079022988505746
POITIERS,BORDEAUX ST JEAN,5,0.7956896551724137
POITIERS,BORDEAUX ST JEAN,6,0.7795977011494253
POITIERS,BORDEAUX ST JEAN,7,0.768390804597701
POITIERS,BORDEAUX ST JEAN,8,0.7560344827586207
POITIERS,BORDEAUX ST JEAN,9,0.7485632183908046
POITIERS,BORDEAUX ST JEAN,10,0.7370689655172413
POITIERS,BORDEAUX ST JEAN,11,0.7206896551724138
POITIERS,BORDEAUX ST JEAN,12,0.6610632183908046
POITIERS,BORDEAUX ST JEAN,13,0.6633620689655172
POITIERS,BORDEAUX ST JEAN,14,0.6422413793103449
POITIERS,BORDEAUX ST JEAN,15,0.6247126436781609
POITIERS,BORDEAUX ST JEAN,16,0.619396551724138
POITIERS,BORDEAUX ST JEAN,17,0.626580459770115
POITIERS,BORDEAUX ST JEAN,18,0.6246397694524496
POITIERS,BORDEAUX ST JEAN,19,0.6246397694524496
POITIERS,BORDEAUX ST JEAN,20,0.6296829971181557
POITIERS,BORDEAUX ST JEAN,21,0.6292507204610951
POITIERS,BORDEAUX ST JEAN,22,0.6324207492795388
POITIERS,BORDEAUX ST JEAN,23,0.6381844380403457
POITIERS,BORDEAUX ST JEAN,24,0.6551873198847262
POITIERS,BORDEAUX ST JEAN,25,0.6627167630057804
POITIERS,BORDEAUX ST JEAN,26,0.6710982658959537
POITIERS,BORDEAUX ST JEAN,27,0.6859826589595376
POITIERS,BORDEAUX ST JEAN,28,0.6989884393063583
POITIERS,BORDEAUX ST JEAN,29,0.6859826589595376
POITIERS,BORDEAUX ST JEAN,30,0.041715116279069764
POITIERS,DAX,0,0.42000000000000004
POITIERS,DAX,1,0.3275
POITIERS,DAX,2,0.3261904761904762
POITIERS,DAX,3,0.23977272727272728
POITIERS,DAX,4,0.09444444444444444
POITIERS,DAX,5,0.0911111111111111
POITIERS,DAX,6,0.08666666666666667
POITIERS,DAX,7,0.07333333333333333
POITIERS,DAX,8,0.06222222222222222
POITIERS,DAX,9,0.05333333333333333
POITIERS,DAX,10,0.04555555555555555
POITIERS,DAX,11,0.04555555555555555
POITIERS,DAX,12,0.05333333333333333
POITIERS,DAX,13,0.053333333333333344
POITIERS,DAX,14,0.05777777777777778
POITIERS,DAX,15,0.003333333333333334
POITIERS,DAX,16,0.0022222222222222222
POITIERS,DAX,17,0.0022222222222222222
POITIERS,DAX,18,0.003333333333333334
POITIERS,DAX,19,0.0044444444444444444
POITIERS,DAX,20,0.0011111111111111111
POITIERS,DAX,21,0.0022222222222222222
POITIERS,DAX,22,0.0011111111111111111
POITIERS,DAX,23,0.0011111111111111111
POITIERS,DAX,24,0.0
POITIERS,DAX,25,0.0
POITIERS,DAX,26,0.0
POITIERS,DAX,27,0.003333333333333334
POITIERS,DAX,28,0.0011111111111111111
POITIERS,DAX,29,0.0011111111111111111
POITIERS,DAX,30,0.0
POITIERS,HENDAYE,0,0.45
POITIERS,HENDAYE,1,0.34500000000000003
POITIERS,HENDAYE,2,0.32142857142857145
POITIERS,HENDAYE,3,0.25113636363636366
POITIERS,HENDAYE,4,0.11666666666666667
POITIERS,HENDAYE,5,0.11
POITIERS,HENDAYE,6,0.09666666666666666
POITIERS,HENDAYE,7,0.08333333333333333
POITIERS,HENDAYE,8,0.07555555555555556
POITIERS,HENDAYE,9,0.06222222222222222
POITIERS,HENDAYE,10,0.05444444444444445
POITIERS,HENDAYE,11,0.05777777777777778
POITIERS,HENDAYE,12,0.05555555555555555
POITIERS,HENDAYE,13,0.04777777777777777
POITIERS,HENDAYE,14,0.05333333333333333
POITIERS,HENDAYE,15,0.006666666666666668
POITIERS,HENDAYE,16,0.0022222222222222222
POITIERS,HENDAYE,17,0.0044444444444444444
POITIERS,HENDAYE,18,0.0
POITIERS,HENDAYE,19,0.0011111111111111111
POITIERS,HENDAYE,20,0.0022222222222222222
POITIERS,HENDAYE,21,0.003333333333333334
POITIERS,HENDAYE,22,0.0022222222222222222
POITIERS,HENDAYE,23,0.0022222222222222222
POITIERS,HENDAYE,24,0.0044444444444444444
POITIERS,HENDAYE,25,0.0044444444444444444
POITIERS,HENDAYE,26,0.0011111111111111111
POITIERS,HENDAYE,27,0.0011111111111111111
POITIERS,HENDAYE,28,0.0011111111111111111
POITIERS,HENDAYE,29,0.0022222222222222222
POITIERS,HENDAYE,30,0.0
POITIERS,LA TESTE,0,0.3125
POITIERS,LA TESTE,1,0.3625
POITIERS,LA TESTE,2,0.2928571428571428
POITIERS,LA TESTE,3,0.28125
POITIERS,LA TESTE,4,0.16875
POITIERS,LA TESTE,5,0.1375
POITIERS,LA TESTE,6,0.2125
POITIERS,LA TESTE,7,0.16249999999999998
POITIERS,LA TESTE,8,0.13125
POITIERS,LA TESTE,9,0.125
POITIERS,LA TESTE,10,0.1375
POITIERS,LA TESTE,11,0.14375
POITIERS,LA TESTE,12,0.1125
POITIERS,LA TESTE,13,0.11875000000000001
POITIERS,LA TESTE,14,0.09375
POITIERS,LA TESTE,15,0.00625
POITIERS,LA TESTE,16,0.00625
POITIERS,LA TESTE,17,0.00625
POITIERS,LA TESTE,18,0.018750000000000003
POITIERS,LA TESTE,19,0.018750000000000003
POITIERS,LA TESTE,20,0.0125
POITIERS,LA TESTE,21,0.0
POITIERS,LA TESTE,22,0.0
POITIERS,LA TESTE,23,0.0
POITIERS,LA TESTE,24,0.0
POITIERS,LA TESTE,25,0.0
POITIERS,LA TESTE,26,0.0
POITIERS,LA TESTE,27,0.0
POITIERS,LA TESTE,28,0.0
POITIERS,LA TESTE,29,0.0
POITIERS,LA TESTE,30,0.0
POITIERS,LIBOURNE,0,0.9099125364431487
POITIERS,LIBOURNE,1,0.9029154518950437
POITIERS,LIBOURNE,2,0.893002915451895
POITIERS,LIBOURNE,3,0.8672011661807579
POITIERS,LIBOURNE,4,0.7791545189504373
POITIERS,LIBOURNE,5,0.7593294460641399
POITIERS,LIBOURNE,6,0.749271137026239
POITIERS,LIBOURNE,7,0.7325072886297376
POITIERS,LIBOURNE,8,0.7164723032069971
POITIERS,LIBOURNE,9,0.7040816326530612
POITIERS,LIBOURNE,10,0.6836734693877551
POITIERS,LIBOURNE,11,0.6667638483965014
POITIERS,LIBOURNE,12,0.5989795918367347
POITIERS,LIBOURNE,13,0.5982507288629737
POITIERS,LIBOURNE,14,0.5731778425655977
POITIERS,LIBOURNE,15,0.5661807580174927
POITIERS,LIBOURNE,16,0.5641399416909622
POITIERS,LIBOURNE,17,0.5731778425655977
POITIERS,LIBOURNE,18,0.5752923976608187
POITIERS,LIBOURNE,19,0.5776315789473685
POITIERS,LIBOURNE,20,0.5804093567251462
POITIERS,LIBOURNE,21,0.5830409356725146
POITIERS,LIBOURNE,22,0.5906432748538012
POITIERS,LIBOURNE,23,0.5896198830409357
POITIERS,LIBOURNE,24,0.5942982456140351
POITIERS,LIBOURNE,25,0.5969208211143695
POITIERS,LIBOURNE,26,0.5982404692082112
POITIERS,LIBOURNE,27,0.6039589442815249
POITIERS,LIBOURNE,28,0.6148093841642229
POITIERS,LIBOURNE,29,0.5926686217008797
POITIERS,LIBOURNE,30,0.05088495575221239
POITIERS,ST JEAN DE LUZ CIBOURE,0,0.45
POITIERS,ST JEAN DE LUZ CIBOURE,1,0.3275
POITIERS,ST JEAN DE LUZ CIBOURE,2,0.30714285714285716
POITIERS,ST JEAN DE LUZ CIBOURE,3,0.25681818181818183
POITIERS,ST JEAN DE LUZ CIBOURE,4,0.10444444444444445
POITIERS,ST JEAN DE LUZ CIBOURE,5,0.09444444444444444
POITIERS,ST JEAN DE LUZ CIBOURE,6,0.0911111111111111
POITIERS,ST JEAN DE LUZ CIBOURE,7,0.07555555555555556
POITIERS,ST JEAN DE LUZ CIBOURE,8,0.06777777777777777
POITIERS,ST JEAN DE LUZ CIBOURE,9,0.05777777777777778
POITIERS,ST JEAN DE LUZ CIBOURE,10,0.05444444444444445
POITIERS,ST JEAN DE LUZ CIBOURE,11,0.05444444444444445
POITIERS,ST JEAN DE LUZ CIBOURE,12,0.053333333333333344
POITIERS,ST JEAN DE LUZ CIBOURE,13,0.04111111111111111
POITIERS,ST JEAN DE LUZ CIBOURE,14,0.056666666666666664
POITIERS,ST JEAN DE LUZ CIBOURE,15,0.007777777777777778
POITIERS,ST JEAN DE LUZ CIBOURE,16,0.003333333333333334
POITIERS,ST JEAN DE LUZ CIBOURE,17,0.0044444444444444444
POITIERS,ST JEAN DE LUZ CIBOURE,18,0.0044444444444444444
POITIERS,ST JEAN DE LUZ CIBOURE,19,0.0011111111111111111
POITIERS,ST JEAN DE LUZ CIBOURE,20,0.0
POITIERS,ST JEAN DE LUZ CIBOURE,21,0.0
POITIERS,ST JEAN DE LUZ CIBOURE,22,0.0022222222222222222
POITIERS,ST JEAN DE LUZ CIBOURE,23,0.0022222222222222222
POITIERS,ST JEAN DE LUZ CIBOURE,24,0.0022222222222222222
POITIERS,ST JEAN DE LUZ CIBOURE,25,0.0022222222222222222
POITIERS,ST JEAN DE LUZ CIBOURE,26,0.0011111111111111111
POITIERS,ST JEAN DE LUZ CIBOURE,27,0.0011111111111111111
POITIERS,ST JEAN DE LUZ CIBOURE,28,0.0022222222222222222
POITIERS,ST JEAN DE LUZ CIBOURE,29,0.003333333333333334
POITIERS,ST JEAN DE LUZ CIBOURE,30,0.0011111111111111111
ST JEAN DE LUZ CIBOURE,HENDAYE,0,0.9910029498525074
ST JEAN DE LUZ CIBOURE,HENDAYE,1,0.9900000000000001
ST JEAN DE LUZ CIBOURE,HENDAYE,2,0.9869117647058824
ST JEAN DE LUZ CIBOURE,HENDAYE,3,0.9801169590643275
ST JEAN DE LUZ CIBOURE,HENDAYE,4,0.9380116959064327
ST JEAN DE LUZ CIBOURE,HENDAYE,5,0.9230994152046783
ST JEAN DE LUZ CIBOURE,HENDAYE,6,0.908625730994152
ST JEAN DE LUZ CIBOURE,HENDAYE,7,0.8945906432748537
ST JEAN DE LUZ CIBOURE,HENDAYE,8,0.8714912280701754
ST JEAN DE LUZ CIBOURE,HENDAYE,9,0.8450146627565982
ST JEAN DE LUZ CIBOURE,HENDAYE,10,0.7932551319648093
ST JEAN DE LUZ CIBOURE,HENDAYE,11,0.7538123167155426
ST JEAN DE LUZ CIBOURE,HENDAYE,12,0.6712609970674487
ST JEAN DE LUZ CIBOURE,HENDAYE,13,0.656891495601173
ST JEAN DE LUZ CIBOURE,HENDAYE,14,0.6293255131964809
ST JEAN DE LUZ CIBOURE,HENDAYE,15,0.5762463343108505
ST JEAN DE LUZ CIBOURE,HENDAYE,16,0.5435294117647059
ST JEAN DE LUZ CIBOURE,HENDAYE,17,0.5144542772861357
ST JEAN DE LUZ CIBOURE,HENDAYE,18,0.49023668639053253
ST JEAN DE LUZ CIBOURE,HENDAYE,19,0.4722551928783383
ST JEAN DE LUZ CIBOURE,HENDAYE,20,0.4637982195845698
ST JEAN DE LUZ CIBOURE,HENDAYE,21,0.43511904761904757
ST JEAN DE LUZ CIBOURE,HENDAYE,22,0.42157738095238095
ST JEAN DE LUZ CIBOURE,HENDAYE,23,0.3886567164179104
ST JEAN DE LUZ CIBOURE,HENDAYE,24,0.37664670658682636
ST JEAN DE LUZ CIBOURE,HENDAYE,25,0.3795795795795796
ST JEAN DE LUZ CIBOURE,HENDAYE,26,0.37762762762762764
ST JEAN DE LUZ CIBOURE,HENDAYE,27,0.3753012048192771
ST JEAN DE LUZ CIBOURE,HENDAYE,28,0.3776435045317221
ST JEAN DE LUZ CIBOURE,HENDAYE,29,0.3528700906344411
ST JEAN DE LUZ CIBOURE,HENDAYE,30,0.05945121951219512
ST PIERRE DES CORPS,ANGOULEME,0,0.7359195402298851
ST PIERRE DES CORPS,ANGOULEME,1,0.7254310344827586
ST PIERRE DES CORPS,ANGOULEME,2,0.7136494252873563
ST PIERRE DES CORPS,ANGOULEME,3,0.6885057471264368
ST PIERRE DES CORPS,ANGOULEME,4,0.5797413793103449
ST PIERRE DES CORPS,ANGOULEME,5,0.5795977011494252
ST PIERRE DES CORPS,ANGOULEME,6,0.575287356321839
ST PIERRE DES CORPS,ANGOULEME,7,0.5771551724137931
ST PIERRE DES CORPS,ANGOULEME,8,0.5691091954022989
ST PIERRE DES CORPS,ANGOULEME,9,0.5692528735632184
ST PIERRE DES CORPS,ANGOULEME,10,0.565948275862069
ST PIERRE DES CORPS,ANGOULEME,11,0.5524495677233429
ST PIERRE DES CORPS,ANGOULEME,12,0.4783861671469741
ST PIERRE DES CORPS,ANGOULEME,13,0.48386167146974063
ST PIERRE DES CORPS,ANGOULEME,14,0.4796829971181556
ST PIERRE DES CORPS,ANGOULEME,15,0.46397694524495675
ST PIERRE DES CORPS,ANGOULEME,16,0.46469740634005763
ST PIERRE DES CORPS,ANGOULEME,17,0.4806916426512969
ST PIERRE DES CORPS,ANGOULEME,18,0.492485549132948
ST PIERRE DES CORPS,ANGOULEME,19,0.5043478260869565
ST PIERRE DES CORPS,ANGOULEME,20,0.5113372093023256
ST PIERRE DES CORPS,ANGOULEME,21,0.5215116279069768
ST PIERRE DES CORPS,ANGOULEME,22,0.5292151162790698
ST PIERRE DES CORPS,ANGOULEME,23,0.5398255813953488
ST PIERRE DES CORPS,ANGOULEME,24,0.561046511627907
ST PIERRE DES CORPS,ANGOULEME,25,0.5653061224489796
ST PIERRE DES CORPS,ANGOULEME,26,0.5748538011695906
ST PIERRE DES CORPS,ANGOULEME,27,0.5903508771929825
ST PIERRE DES CORPS,ANGOULEME,28,0.6035087719298246
ST PIERRE DES CORPS,ANGOULEME,29,0.5785087719298245
ST PIERRE DES CORPS,ANGOULEME,30,0.05513196480938417
ST PIERRE DES CORPS,BORDEAUX ST JEAN,0,0.7386494252873563
ST PIERRE DES CORPS,BORDEAUX ST JEAN,1,0.728735632183908
ST PIERRE DES CORPS,BORDEAUX ST JEAN,2,0.718103448275862
ST PIERRE DES CORPS,BORDEAUX ST JEAN,3,0.6971264367816091
ST PIERRE DES CORPS,BORDEAUX ST JEAN,4,0.5906609195402299
ST PIERRE DES CORPS,BORDEAUX ST JEAN,5,0.5795977011494252
ST PIERRE DES CORPS,BORDEAUX ST JEAN,6,0.576867816091954
ST PIERRE DES CORPS,BORDEAUX ST JEAN,7,0.5820402298850575
ST PIERRE DES CORPS,BORDEAUX ST JEAN,8,0.5764367816091954
ST PIERRE DES CORPS,BORDEAUX ST JEAN,9,0.5727011494252874
ST PIERRE DES CORPS,BORDEAUX ST JEAN,10,0.5787356321839081
ST PIERRE DES CORPS,BORDEAUX ST JEAN,11,0.5626801152737753
ST PIERRE DES CORPS,BORDEAUX ST JEAN,12,0.48487031700288186
ST PIERRE DES CORPS,BORDEAUX ST JEAN,13,0.49048991354466853
ST PIERRE DES CORPS,BORDEAUX ST JEAN,14,0.48357348703170033
ST PIERRE DES CORPS,BORDEAUX ST JEAN,15,0.470028818443804
ST PIERRE DES CORPS,BORDEAUX ST JEAN,16,0.46902017291066284
ST PIERRE DES CORPS,BORDEAUX ST JEAN,17,0.48400576368876075
ST PIERRE DES CORPS,BORDEAUX ST JEAN,18,0.4939306358381503
ST PIERRE DES CORPS,BORDEAUX ST JEAN,19,0.5040579710144928
ST PIERRE DES CORPS,BORDEAUX ST JEAN,20,0.5109011627906976
ST PIERRE DES CORPS,BORDEAUX ST JEAN,21,0.522093023255814
ST PIERRE DES CORPS,BORDEAUX ST JEAN,22,0.5313953488372093
ST PIERRE DES CORPS,BORDEAUX ST JEAN,23,0.5399709302325582
ST PIERRE DES CORPS,BORDEAUX ST JEAN,24,0.561046511627907
ST PIERRE DES CORPS,BORDEAUX ST JEAN,25,0.567201166180758
ST PIERRE DES CORPS,BORDEAUX ST JEAN,26,0.577485380116959
ST PIERRE DES CORPS,BORDEAUX ST JEAN,27,0.5931286549707602
ST PIERRE DES CORPS,BORDEAUX ST JEAN,28,0.6052631578947368
ST PIERRE DES CORPS,BORDEAUX ST JEAN,29,0.5850877192982455
ST PIERRE DES CORPS,BORDEAUX ST JEAN,30,0.04530791788856305
ST PIERRE DES CORPS,CHATELLERAULT,0,0.5305555555555556
ST PIERRE DES CORPS,CHATELLERAULT,1,0.48888888888888893
ST PIERRE DES CORPS,CHATELLERAULT,2,0.44605263157894737
ST PIERRE DES CORPS,CHATELLERAULT,3,0.3592105263157895
ST PIERRE DES CORPS,CHATELLERAULT,4,0.07105263157894737
ST PIERRE DES CORPS,CHATELLERAULT,5,0.046052631578947366
ST PIERRE DES CORPS,CHATELLERAULT,6,0.03684210526315789
ST PIERRE DES CORPS,CHATELLERAULT,7,0.05657894736842105
ST PIERRE DES CORPS,CHATELLERAULT,8,0.042105263157894736
ST PIERRE DES CORPS,CHATELLERAULT,9,0.05
ST PIERRE DES CORPS,CHATELLERAULT,10,0.024999999999999998
ST PIERRE DES CORPS,CHATELLERAULT,11,0.013157894736842105
ST PIERRE DES CORPS,CHATELLERAULT,12,0.0013157894736842105
ST PIERRE DES CORPS,CHATELLERAULT,13,0.0013157894736842105
ST PIERRE DES CORPS,CHATELLERAULT,14,0.003947368421052633
ST PIERRE DES CORPS,CHATELLERAULT,15,0.0013157894736842105
ST PIERRE DES CORPS,CHATELLERAULT,16,0.002631578947368421
ST PIERRE DES CORPS,CHATELLERAULT,17,0.0013157894736842105
ST PIERRE DES CORPS,CHATELLERAULT,18,0.002631578947368421
ST PIERRE DES CORPS,CHATELLERAULT,19,0.0
ST PIERRE DES CORPS,CHATELLERAULT,20,0.0
ST PIERRE DES CORPS,CHATELLERAULT,21,0.0
ST PIERRE DES CORPS,CHATELLERAULT,22,0.0013157894736842105
ST PIERRE DES CORPS,CHATELLERAULT,23,0.0
ST PIERRE DES CORPS,CHATELLERAULT,24,0.0013157894736842105
ST PIERRE DES CORPS,CHATELLERAULT,25,0.0013157894736842105
ST PIERRE DES CORPS,CHATELLERAULT,26,0.0013157894736842105
ST PIERRE DES CORPS,CHATELLERAULT,27,0.0013157894736842105
ST PIERRE DES CORPS,CHATELLERAULT,28,0.0013157894736842105
ST PIERRE DES CORPS,CHATELLERAULT,29,0.0
ST PIERRE DES CORPS,CHATELLERAULT,30,0.0
ST PIERRE DES CORPS,LIBOURNE,0,0.3416158536585366
ST PIERRE DES CORPS,LIBOURNE,1,0.323030303030303
ST PIERRE DES CORPS,LIBOURNE,2,0.2956060606060606
ST PIERRE DES CORPS,LIBOURNE,3,0.26984848484848484
ST PIERRE DES CORPS,LIBOURNE,4,0.11914893617021277
ST PIERRE DES CORPS,LIBOURNE,5,0.09635258358662614
ST PIERRE DES CORPS,LIBOURNE,6,0.09224924012158055
ST PIERRE DES CORPS,LIBOURNE,7,0.089209726443769
ST PIERRE DES CORPS,LIBOURNE,8,0.07106060606060606
ST PIERRE DES CORPS,LIBOURNE,9,0.0662613981762918
ST PIERRE DES CORPS,LIBOURNE,10,0.06727272727272728
ST PIERRE DES CORPS,LIBOURNE,11,0.06808510638297872
ST PIERRE DES CORPS,LIBOURNE,12,0.04635258358662614
ST PIERRE DES CORPS,LIBOURNE,13,0.04237804878048781
ST PIERRE DES CORPS,LIBOURNE,14,0.035213414634146345
ST PIERRE DES CORPS,LIBOURNE,15,0.029939209726443768
ST PIERRE DES CORPS,LIBOURNE,16,0.027286585365853655
ST PIERRE DES CORPS,LIBOURNE,17,0.03211009174311927
ST PIERRE DES CORPS,LIBOURNE,18,0.03742331288343558
ST PIERRE DES CORPS,LIBOURNE,19,0.046
ST PIERRE DES CORPS,LIBOURNE,20,0.050462962962962966
ST PIERRE DES CORPS,LIBOURNE,21,0.05309597523219814
ST PIERRE DES CORPS,LIBOURNE,22,0.056677018633540376
ST PIERRE DES CORPS,LIBOURNE,23,0.06666666666666667
ST PIERRE DES CORPS,LIBOURNE,24,0.07857142857142857
ST PIERRE DES CORPS,LIBOURNE,25,0.09468750000000001
ST PIERRE DES CORPS,LIBOURNE,26,0.10658307210031348
ST PIERRE DES CORPS,LIBOURNE,27,0.11320754716981132
ST PIERRE DES CORPS,LIBOURNE,28,0.11798107255520504
ST PIERRE DES CORPS,LIBOURNE,29,0.11340694006309149
ST PIERRE DES CORPS,LIBOURNE,30,0.018412698412698412
ST PIERRE DES CORPS,POITIERS,0,0.7352011494252874
ST PIERRE DES CORPS,POITIERS,1,0.7235632183908046
ST PIERRE DES CORPS,POITIERS,2,0.7170977011494253
ST PIERRE DES CORPS,POITIERS,3,0.701580459770115
ST PIERRE DES CORPS,POITIERS,4,0.5795977011494252
ST PIERRE DES CORPS,POITIERS,5,0.5820402298850575
ST PIERRE DES CORPS,POITIERS,6,0.5774425287356322
ST PIERRE DES CORPS,POITIERS,7,0.5775862068965517
ST PIERRE DES CORPS,POITIERS,8,0.5722701149425288
ST PIERRE DES CORPS,POITIERS,9,0.5702586206896552
ST PIERRE DES CORPS,POITIERS,10,0.5714080459770114
ST PIERRE DES CORPS,POITIERS,11,0.5626801152737753
ST PIERRE DES CORPS,POITIERS,12,0.47853025936599425
ST PIERRE DES CORPS,POITIERS,13,0.4853025936599424
ST PIERRE DES CORPS,POITIERS,14,0.48515850144092215
ST PIERRE DES CORPS,POITIERS,15,0.4711815561959654
ST PIERRE DES CORPS,POITIERS,16,0.4697406340057637
ST PIERRE DES CORPS,POITIERS,17,0.4847262247838616
ST PIERRE DES CORPS,POITIERS,18,0.4939306358381503
ST PIERRE DES CORPS,POITIERS,19,0.5040579710144928
ST PIERRE DES CORPS,POITIERS,20,0.5116279069767442
ST PIERRE DES CORPS,POITIERS,21,0.5191860465116279
ST PIERRE DES CORPS,POITIERS,22,0.529796511627907
ST PIERRE DES CORPS,POITIERS,23,0.542296511627907
ST PIERRE DES CORPS,POITIERS,24,0.559593023255814
ST PIERRE DES CORPS,POITIERS,25,0.565597667638484
ST PIERRE DES CORPS,POITIERS,26,0.5742690058479533
ST PIERRE DES CORPS,POITIERS,27,0.5903508771929825
ST PIERRE DES CORPS,POITIERS,28,0.6013157894736842
ST PIERRE DES CORPS,POITIERS,29,0.5758771929824561
ST PIERRE DES CORPS,POITIERS,30,0.05205278592375367
VENDOME VILLIERS SUR LOIR,ANGOULEME,0,0.52
VENDOME VILLIERS SUR LOIR,ANGOULEME,1,0.49625
VENDOME VILLIERS SUR LOIR,ANGOULEME,2,0.45595238095238094
VENDOME VILLIERS SUR LOIR,ANGOULEME,3,0.3964285714285714
VENDOME VILLIERS SUR LOIR,ANGOULEME,4,0.12261904761904763
VENDOME VILLIERS SUR LOIR,ANGOULEME,5,0.0976190476190476
VENDOME VILLIERS SUR LOIR,ANGOULEME,6,0.07857142857142857
VENDOME VILLIERS SUR LOIR,ANGOULEME,7,0.08452380952380951
VENDOME VILLIERS SUR LOIR,ANGOULEME,8,0.0869047619047619
VENDOME VILLIERS SUR LOIR,ANGOULEME,9,0.09523809523809523
VENDOME VILLIERS SUR LOIR,ANGOULEME,10,0.07142857142857142
VENDOME VILLIERS SUR LOIR,ANGOULEME,11,0.058333333333333334
VENDOME VILLIERS SUR LOIR,ANGOULEME,12,0.05119047619047619
VENDOME VILLIERS SUR LOIR,ANGOULEME,13,0.05
VENDOME VILLIERS SUR LOIR,ANGOULEME,14,0.047619047619047616
VENDOME VILLIERS SUR LOIR,ANGOULEME,15,0.047619047619047616
VENDOME VILLIERS SUR LOIR,ANGOULEME,16,0.047619047619047616
VENDOME VILLIERS SUR LOIR,ANGOULEME,17,0.047619047619047616
VENDOME VILLIERS SUR LOIR,ANGOULEME,18,0.047619047619047616
VENDOME VILLIERS SUR LOIR,ANGOULEME,19,0.047619047619047616
VENDOME VILLIERS SUR LOIR,ANGOULEME,20,0.0488095238095238
VENDOME VILLIERS SUR LOIR,ANGOULEME,21,0.047619047619047616
VENDOME VILLIERS SUR LOIR,ANGOULEME,22,0.047619047619047616
VENDOME VILLIERS SUR LOIR,ANGOULEME,23,0.0488095238095238
VENDOME VILLIERS SUR LOIR,ANGOULEME,24,0.0488095238095238
VENDOME VILLIERS SUR LOIR,ANGOULEME,25,0.047619047619047616
VENDOME VILLIERS SUR LOIR,ANGOULEME,26,0.047619047619047616
VENDOME VILLIERS SUR LOIR,ANGOULEME,27,0.047619047619047616
VENDOME VILLIERS SUR LOIR,ANGOULEME,28,0.047619047619047616
VENDOME VILLIERS SUR LOIR,ANGOULEME,29,0.039285714285714285
VENDOME VILLIERS SUR LOIR,ANGOULEME,30,0.004761904761904762
VENDOME VILLIERS SUR LOIR,BORDEAUX ST JEAN,0,0.505
VENDOME VILLIERS SUR LOIR,BORDEAUX ST JEAN,1,0.49124999999999996
VENDOME VILLIERS SUR LOIR,BORDEAUX ST JEAN,2,0.45714285714285713
VENDOME VILLIERS SUR LOIR,BORDEAUX ST JEAN,3,0.37976190476190474
VENDOME VILLIERS SUR LOIR,BORDEAUX ST JEAN,4,0.12738095238095237
VENDOME VILLIERS SUR LOIR,BORDEAUX ST JEAN,5,0.1
VENDOME VILLIERS SUR LOIR,BORDEAUX ST JEAN,6,0.07619047619047618
VENDOME VILLIERS SUR LOIR,BORDEAUX ST JEAN,7,0.09047619047619047
VENDOME VILLIERS SUR LOIR,BORDEAUX ST JEAN,8,0.08333333333333333
VENDOME VILLIERS SUR LOIR,BORDEAUX ST JEAN,9,0.09166666666666667
VENDOME VILLIERS SUR LOIR,BORDEAUX ST JEAN,10,0.0642857142857143
VENDOME VILLIERS SUR LOIR,BORDEAUX ST JEAN,11,0.054761904761904755
VENDOME VILLIERS SUR LOIR,BORDEAUX ST JEAN,12,0.05119047619047619
VENDOME VILLIERS SUR LOIR,BORDEAUX ST JEAN,13,0.047619047619047616
VENDOME VILLIERS SUR LOIR,BORDEAUX ST JEAN,14,0.047619047619047616
VENDOME VILLIERS SUR LOIR,BORDEAUX ST JEAN,15,0.0488095238095238
VENDOME VILLIERS SUR LOIR,BORDEAUX ST JEAN,16,0.0488095238095238
VENDOME VILLIERS SUR LOIR,BORDEAUX ST JEAN,17,0.047619047619047616
VENDOME VILLIERS SUR LOIR,BORDEAUX ST JEAN,18,0.047619047619047616
VENDOME VILLIERS SUR LOIR,BORDEAUX ST JEAN,19,0.047619047619047616
VENDOME VILLIERS SUR LOIR,BORDEAUX ST JEAN,20,0.0488095238095238
VENDOME VILLIERS SUR LOIR,BORDEAUX ST JEAN,21,0.047619047619047616
VENDOME VILLIERS SUR LOIR,BORDEAUX ST JEAN,22,0.047619047619047616
VENDOME VILLIERS SUR LOIR,BORDEAUX ST JEAN,23,0.047619047619047616
VENDOME VILLIERS SUR LOIR,BORDEAUX ST JEAN,24,0.0488095238095238
VENDOME VILLIERS SUR LOIR,BORDEAUX ST JEAN,25,0.0488095238095238
VENDOME VILLIERS SUR LOIR,BORDEAUX ST JEAN,26,0.047619047619047616
VENDOME VILLIERS SUR LOIR,BORDEAUX ST JEAN,27,0.047619047619047616
VENDOME VILLIERS SUR LOIR,BORDEAUX ST JEAN,28,0.047619047619047616
VENDOME VILLIERS SUR LOIR,BORDEAUX ST JEAN,29,0.04047619047619048
VENDOME VILLIERS SUR LOIR,BORDEAUX ST JEAN,30,0.0035714285714285713
VENDOME VILLIERS SUR LOIR,CHATELLERAULT,0,0.5013888888888889
VENDOME VILLIERS SUR LOIR,CHATELLERAULT,1,0.4861111111111111
VENDOME VILLIERS SUR LOIR,CHATELLERAULT,2,0.4447368421052631
VENDOME VILLIERS SUR LOIR,CHATELLERAULT,3,0.3855263157894737
VENDOME VILLIERS SUR LOIR,CHATELLERAULT,4,0.075
VENDOME VILLIERS SUR LOIR,CHATELLERAULT,5,0.05263157894736842
VENDOME VILLIERS SUR LOIR,CHATELLERAULT,6,0.031578947368421054
VENDOME VILLIERS SUR LOIR,CHATELLERAULT,7,0.05131578947368421
VENDOME VILLIERS SUR LOIR,CHATELLERAULT,8,0.03026315789473684
VENDOME VILLIERS SUR LOIR,CHATELLERAULT,9,0.04736842105263158
VENDOME VILLIERS SUR LOIR,CHATELLERAULT,10,0.023684210526315787
VENDOME VILLIERS SUR LOIR,CHATELLERAULT,11,0.009210526315789473
VENDOME VILLIERS SUR LOIR,CHATELLERAULT,12,0.002631578947368421
VENDOME VILLIERS SUR LOIR,CHATELLERAULT,13,0.0
VENDOME VILLIERS SUR LOIR,CHATELLERAULT,14,0.0
VENDOME VILLIERS SUR LOIR,CHATELLERAULT,15,0.0
VENDOME VILLIERS SUR LOIR,CHATELLERAULT,16,0.0
VENDOME VILLIERS SUR LOIR,CHATELLERAULT,17,0.0
VENDOME VILLIERS SUR LOIR,CHATELLERAULT,18,0.0
VENDOME VILLIERS SUR LOIR,CHATELLERAULT,19,0.0
VENDOME VILLIERS SUR LOIR,CHATELLERAULT,20,0.0
VENDOME VILLIERS SUR LOIR,CHATELLERAULT,21,0.0
VENDOME VILLIERS SUR LOIR,CHATELLERAULT,22,0.0
VENDOME VILLIERS SUR LOIR,CHATELLERAULT,23,0.0
VENDOME VILLIERS SUR LOIR,CHATELLERAULT,24,0.0
VENDOME VILLIERS SUR LOIR,CHATELLERAULT,25,0.0
VENDOME VILLIERS SUR LOIR,CHATELLERAULT,26,0.0
VENDOME VILLIERS SUR LOIR,CHATELLERAULT,27,0.0
VENDOME VILLIERS SUR LOIR,CHATELLERAULT,28,0.0
VENDOME VILLIERS SUR LOIR,CHATELLERAULT,29,0.0
VENDOME VILLIERS SUR LOIR,CHATELLERAULT,30,0.0
VENDOME VILLIERS SUR LOIR,LIBOURNE,0,0.3666666666666667
VENDOME VILLIERS SUR LOIR,LIBOURNE,1,0.3333333333333333
VENDOME VILLIERS SUR LOIR,LIBOURNE,2,0.3333333333333333
VENDOME VILLIERS SUR LOIR,LIBOURNE,3,0.3333333333333333
VENDOME VILLIERS SUR LOIR,LIBOURNE,4,0.3333333333333333
VENDOME VILLIERS SUR LOIR,LIBOURNE,5,0.3333333333333333
VENDOME VILLIERS SUR LOIR,LIBOURNE,6,0.3333333333333333
VENDOME VILLIERS SUR LOIR,LIBOURNE,7,0.3333333333333333
VENDOME VILLIERS SUR LOIR,LIBOURNE,8,0.35000000000000003
VENDOME VILLIERS SUR LOIR,LIBOURNE,9,0.3333333333333333
VENDOME VILLIERS SUR LOIR,LIBOURNE,10,0.3333333333333333
VENDOME VILLIERS SUR LOIR,LIBOURNE,11,0.3333333333333333
VENDOME VILLIERS SUR LOIR,LIBOURNE,12,0.3333333333333333
VENDOME VILLIERS SUR LOIR,LIBOURNE,13,0.3333333333333333
VENDOME VILLIERS SUR LOIR,LIBOURNE,14,0.3333333333333333
VENDOME VILLIERS SUR LOIR,LIBOURNE,15,0.35000000000000003
VENDOME VILLIERS SUR LOIR,LIBOURNE,16,0.35000000000000003
VENDOME VILLIERS SUR LOIR,LIBOURNE,17,0.3333333333333333
VENDOME VILLIERS SUR LOIR,LIBOURNE,18,0.3333333333333333
VENDOME VILLIERS SUR LOIR,LIBOURNE,19,0.3333333333333333
VENDOME VILLIERS SUR LOIR,LIBOURNE,20,0.3333333333333333
VENDOME VILLIERS SUR LOIR,LIBOURNE,21,0.3333333333333333
VENDOME VILLIERS SUR LOIR,LIBOURNE,22,0.3333333333333333
VENDOME VILLIERS SUR LOIR,LIBOURNE,23,0.3333333333333333
VENDOME VILLIERS SUR LOIR,LIBOURNE,24,0.3333333333333333
VENDOME VILLIERS SUR LOIR,LIBOURNE,25,0.3333333333333333
VENDOME VILLIERS SUR LOIR,LIBOURNE,26,0.3333333333333333
VENDOME VILLIERS SUR LOIR,LIBOURNE,27,0.3333333333333333
VENDOME VILLIERS SUR LOIR,LIBOURNE,28,0.3333333333333333
VENDOME VILLIERS SUR LOIR,LIBOURNE,29,0.3333333333333333
VENDOME VILLIERS SUR LOIR,LIBOURNE,30,0.06666666666666667
VENDOME VILLIERS SUR LOIR,POITIERS,0,0.50625
VENDOME VILLIERS SUR LOIR,POITIERS,1,0.4875
VENDOME VILLIERS SUR LOIR,POITIERS,2,0.4619047619047619
VENDOME VILLIERS SUR LOIR,POITIERS,3,0.4071428571428572
VENDOME VILLIERS SUR LOIR,POITIERS,4,0.11547619047619047
VENDOME VILLIERS SUR LOIR,POITIERS,5,0.09523809523809523
VENDOME VILLIERS SUR LOIR,POITIERS,6,0.07976190476190477
VENDOME VILLIERS SUR LOIR,POITIERS,7,0.08928571428571429
VENDOME VILLIERS SUR LOIR,POITIERS,8,0.07857142857142857
VENDOME VILLIERS SUR LOIR,POITIERS,9,0.08571428571428572
VENDOME VILLIERS SUR LOIR,POITIERS,10,0.06666666666666667
VENDOME VILLIERS SUR LOIR,POITIERS,11,0.05714285714285714
VENDOME VILLIERS SUR LOIR,POITIERS,12,0.047619047619047616
VENDOME VILLIERS SUR LOIR,POITIERS,13,0.0488095238095238
VENDOME VILLIERS SUR LOIR,POITIERS,14,0.0488095238095238
VENDOME VILLIERS SUR LOIR,POITIERS,15,0.047619047619047616
VENDOME VILLIERS SUR LOIR,POITIERS,16,0.047619047619047616
VENDOME VILLIERS SUR LOIR,POITIERS,17,0.047619047619047616
VENDOME VILLIERS SUR LOIR,POITIERS,18,0.0488095238095238
VENDOME VILLIERS SUR LOIR,POITIERS,19,0.047619047619047616
VENDOME VILLIERS SUR LOIR,POITIERS,20,0.047619047619047616
VENDOME VILLIERS SUR LOIR,POITIERS,21,0.047619047619047616
VENDOME VILLIERS SUR LOIR,POITIERS,22,0.047619047619047616
VENDOME VILLIERS SUR LOIR,POITIERS,23,0.047619047619047616
VENDOME VILLIERS SUR LOIR,POITIERS,24,0.047619047619047616
VENDOME VILLIERS SUR LOIR,POITIERS,25,0.047619047619047616
VENDOME VILLIERS SUR LOIR,POITIERS,26,0.047619047619047616
VENDOME VILLIERS SUR LOIR,POITIERS,27,0.047619047619047616
VENDOME VILLIERS SUR LOIR,POITIERS,28,0.047619047619047616
VENDOME VILLIERS SUR LOIR,POITIERS,29,0.04285714285714285
VENDOME VILLIERS SUR LOIR,POITIERS,30,0.009523809523809525
VENDOME VILLIERS SUR LOIR,ST PIERRE DES CORPS,0,0.5152777777777778
VENDOME VILLIERS SUR LOIR,ST PIERRE DES CORPS,1,0.47638888888888886
VENDOME VILLIERS SUR LOIR,ST PIERRE DES CORPS,2,0.4394736842105263
VENDOME VILLIERS SUR LOIR,ST PIERRE DES CORPS,3,0.37631578947368416
VENDOME VILLIERS SUR LOIR,ST PIERRE DES CORPS,4,0.09210526315789473
VENDOME VILLIERS SUR LOIR,ST PIERRE DES CORPS,5,0.05526315789473685
VENDOME VILLIERS SUR LOIR,ST PIERRE DES CORPS,6,0.03289473684210526
VENDOME VILLIERS SUR LOIR,ST PIERRE DES CORPS,7,0.04736842105263159
VENDOME VILLIERS SUR LOIR,ST PIERRE DES CORPS,8,0.039473684210526314
VENDOME VILLIERS SUR LOIR,ST PIERRE DES CORPS,9,0.05
VENDOME VILLIERS SUR LOIR,ST PIERRE DES CORPS,10,0.027631578947368424
VENDOME VILLIERS SUR LOIR,ST PIERRE DES CORPS,11,0.009210526315789475
VENDOME VILLIERS SUR LOIR,ST PIERRE DES CORPS,12,0.0
VENDOME VILLIERS SUR LOIR,ST PIERRE DES CORPS,13,0.0
VENDOME VILLIERS SUR LOIR,ST PIERRE DES CORPS,14,0.0
VENDOME VILLIERS SUR LOIR,ST PIERRE DES CORPS,15,0.0
VENDOME VILLIERS SUR LOIR,ST PIERRE DES CORPS,16,0.0
VENDOME VILLIERS SUR LOIR,ST PIERRE DES CORPS,17,0.0
VENDOME VILLIERS SUR LOIR,ST PIERRE DES CORPS,18,0.0
VENDOME VILLIERS SUR LOIR,ST PIERRE DES CORPS,19,0.0
VENDOME VILLIERS SUR LOIR,ST PIERRE DES CORPS,20,0.0
VENDOME VILLIERS SUR LOIR,ST PIERRE DES CORPS,21,0.0
VENDOME VILLIERS SUR LOIR,ST PIERRE DES CORPS,22,0.0
VENDOME VILLIERS SUR LOIR,ST PIERRE DES CORPS,23,0.0
VENDOME VILLIERS SUR LOIR,ST PIERRE DES CORPS,24,0.0
VENDOME VILLIERS SUR LOIR,ST PIERRE DES CORPS,25,0.0
VENDOME VILLIERS SUR LOIR,ST PIERRE DES CORPS,26,0.0
VENDOME VILLIERS SUR LOIR,ST PIERRE DES CORPS,27,0.0
VENDOME VILLIERS SUR LOIR,ST PIERRE DES CORPS,28,0.0
VENDOME VILLIERS SUR LOIR,ST PIERRE DES CORPS,29,0.0
VENDOME VILLIERS SUR LOIR,ST PIERRE DES CORPS,30,0.0
