origine,destination,delta_days,proba_open
AGEN,BORDEAUX ST JEAN,0,0.9146198830409357
AGEN,BORDEAUX ST JEAN,1,0.9213450292397661
AGEN,BORDEAUX ST JEAN,2,0.9160818713450293
AGEN,BORDEAUX ST JEAN,3,0.9150584795321637
AGEN,BORDEAUX ST JEAN,4,0.8769005847953216
AGEN,BORDEAUX ST JEAN,5,0.8798245614035087
AGEN,BORDEAUX ST JEAN,6,0.8802631578947369
AGEN,BORDEAUX ST JEAN,7,0.8739766081871344
AGEN,BORDEAUX ST JEAN,8,0.8678362573099415
AGEN,BORDEAUX ST JEAN,9,0.8634502923976608
AGEN,BORDEAUX ST JEAN,10,0.8573099415204678
AGEN,BORDEAUX ST JEAN,11,0.8492690058479532
AGEN,BORDEAUX ST JEAN,12,0.6881578947368421
AGEN,BORDEAUX ST JEAN,13,0.6698830409356725
AGEN,BORDEAUX ST JEAN,14,0.6678362573099416
AGEN,BORDEAUX ST JEAN,15,0.6738304093567251
AGEN,BORDEAUX ST JEAN,16,0.6728070175438596
AGEN,BORDEAUX ST JEAN,17,0.6748538011695907
AGEN,BORDEAUX ST JEAN,18,0.6850877192982456
AGEN,BORDEAUX ST JEAN,19,0.6776315789473685
AGEN,BORDEAUX ST JEAN,20,0.6789473684210526
AGEN,BORDEAUX ST JEAN,21,0.679093567251462
AGEN,BORDEAUX ST JEAN,22,0.6710526315789473
AGEN,BORDEAUX ST JEAN,23,0.6583333333333333
AGEN,BORDEAUX ST JEAN,24,0.6625730994152047
AGEN,BORDEAUX ST JEAN,25,0.6558479532163743
AGEN,BORDEAUX ST JEAN,26,0.6580409356725146
AGEN,BORDEAUX ST JEAN,27,0.6517595307917888
AGEN,BORDEAUX ST JEAN,28,0.6476539589442815
AGEN,BORDEAUX ST JEAN,29,0.6299120234604106
AGEN,BORDEAUX ST JEAN,30,0.030973451327433628
ARLES,AGEN,0,0.771608832807571
ARLES,AGEN,1,0.743867924528302
ARLES,AGEN,2,0.6891509433962264
ARLES,AGEN,3,0.6630503144654087
ARLES,AGEN,4,0.5512578616352202
ARLES,AGEN,5,0.539308176100629
ARLES,AGEN,6,0.5433962264150943
ARLES,AGEN,7,0.5312893081761005
ARLES,AGEN,8,0.545440251572327
ARLES,AGEN,9,0.5515723270440251
ARLES,AGEN,10,0.5625786163522013
ARLES,AGEN,11,0.559433962264151
ARLES,AGEN,12,0.38066037735849056
ARLES,AGEN,13,0.3658805031446541
ARLES,AGEN,14,0.3567610062893082
ARLES,AGEN,15,0.3709119496855346
ARLES,AGEN,16,0.3690251572327044
ARLES,AGEN,17,0.3761006289308176
ARLES,AGEN,18,0.38396226415094337
ARLES,AGEN,19,0.3822327044025157
ARLES,AGEN,20,0.38396226415094337
ARLES,AGEN,21,0.3924528301886792
ARLES,AGEN,22,0.3946540880503145
ARLES,AGEN,23,0.40188679245283015
ARLES,AGEN,24,0.3998427672955975
ARLES,AGEN,25,0.39952830188679245
ARLES,AGEN,26,0.39605678233438485
ARLES,AGEN,27,0.38591772151898734
ARLES,AGEN,28,0.38857142857142857
ARLES,AGEN,29,0.3766666666666667
ARLES,AGEN,30,0.01693290734824281
ARLES,BORDEAUX ST JEAN,0,0.770820189274448
ARLES,BORDEAUX ST JEAN,1,0.7517295597484277
ARLES,BORDEAUX ST JEAN,2,0.6966981132075472
ARLES,BORDEAUX ST JEAN,3,0.6674528301886793
ARLES,BORDEAUX ST JEAN,4,0.5482704402515723
ARLES,BORDEAUX ST JEAN,5,0.5378930817610064
ARLES,BORDEAUX ST JEAN,6,0.5435534591194968
ARLES,BORDEAUX ST JEAN,7,0.5331761006289308
ARLES,BORDEAUX ST JEAN,8,0.5440251572327044
ARLES,BORDEAUX ST JEAN,9,0.5512578616352202
ARLES,BORDEAUX ST JEAN,10,0.5611635220125786
ARLES,BORDEAUX ST JEAN,11,0.5562893081761007
ARLES,BORDEAUX ST JEAN,12,0.37987421383647796
ARLES,BORDEAUX ST JEAN,13,0.36477987421383645
ARLES,BORDEAUX ST JEAN,14,0.3558176100628931
ARLES,BORDEAUX ST JEAN,15,0.36981132075471695
ARLES,BORDEAUX ST JEAN,16,0.3685534591194969
ARLES,BORDEAUX ST JEAN,17,0.3731132075471698
ARLES,BORDEAUX ST JEAN,18,0.3789308176100629
ARLES,BORDEAUX ST JEAN,19,0.3792452830188679
ARLES,BORDEAUX ST JEAN,20,0.379559748427673
ARLES,BORDEAUX ST JEAN,21,0.39182389937106915
ARLES,BORDEAUX ST JEAN,22,0.39528301886792455
ARLES,BORDEAUX ST JEAN,23,0.40235849056603773
ARLES,BORDEAUX ST JEAN,24,0.39937106918238996
ARLES,BORDEAUX ST JEAN,25,0.4006289308176101
ARLES,BORDEAUX ST JEAN,26,0.3963722397476341
ARLES,BORDEAUX ST JEAN,27,0.38829113924050634
ARLES,BORDEAUX ST JEAN,28,0.39111111111111113
ARLES,BORDEAUX ST JEAN,29,0.3771428571428571
ARLES,BORDEAUX ST JEAN,30,0.018849840255591055
ARLES,CARCASSONNE,0,0.7976635514018692
ARLES,CARCASSONNE,1,0.7854037267080746
ARLES,CARCASSONNE,2,0.7346273291925466
ARLES,CARCASSONNE,3,0.7010869565217391
ARLES,CARCASSONNE,4,0.6024844720496895
ARLES,CARCASSONNE,5,0.5872670807453416
ARLES,CARCASSONNE,6,0.5864906832298137
ARLES,CARCASSONNE,7,0.5827639751552796
ARLES,CARCASSONNE,8,0.5846273291925466
ARLES,CARCASSONNE,9,0.5962732919254659
ARLES,CARCASSONNE,10,0.6096273291925466
ARLES,CARCASSONNE,11,0.6023291925465838
ARLES,CARCASSONNE,12,0.3927018633540373
ARLES,CARCASSONNE,13,0.3729813664596273
ARLES,CARCASSONNE,14,0.3656832298136646
ARLES,CARCASSONNE,15,0.3770186335403727
ARLES,CARCASSONNE,16,0.3763975155279503
ARLES,CARCASSONNE,17,0.3812111801242236
ARLES,CARCASSONNE,18,0.39083850931677017
ARLES,CARCASSONNE,19,0.3861801242236025
ARLES,CARCASSONNE,20,0.3920807453416149
ARLES,CARCASSONNE,21,0.4027950310559006
ARLES,CARCASSONNE,22,0.40310559006211183
ARLES,CARCASSONNE,23,0.408695652173913
ARLES,CARCASSONNE,24,0.40512422360248446
ARLES,CARCASSONNE,25,0.4076086956521739
ARLES,CARCASSONNE,26,0.40327102803738313
ARLES,CARCASSONNE,27,0.39656250000000004
ARLES,CARCASSONNE,28,0.3957680250783699
ARLES,CARCASSONNE,29,0.38291536050156744
ARLES,CARCASSONNE,30,0.02302839116719243
ARLES,MONTAUBAN VILLE BOURBON,0,0.7747634069400631
ARLES,MONTAUBAN VILLE BOURBON,1,0.7531446540880503
ARLES,MONTAUBAN VILLE BOURBON,2,0.6919811320754717
ARLES,MONTAUBAN VILLE BOURBON,3,0.6690251572327044
ARLES,MONTAUBAN VILLE BOURBON,4,0.5474842767295597
ARLES,MONTAUBAN VILLE BOURBON,5,0.5388364779874214
ARLES,MONTAUBAN VILLE BOURBON,6,0.5421383647798742
ARLES,MONTAUBAN VILLE BOURBON,7,0.5316037735849057
ARLES,MONTAUBAN VILLE BOURBON,8,0.5435534591194968
ARLES,MONTAUBAN VILLE BOURBON,9,0.5523584905660378
ARLES,MONTAUBAN VILLE BOURBON,10,0.5616352201257861
ARLES,MONTAUBAN VILLE BOURBON,11,0.5611635220125786
ARLES,MONTAUBAN VILLE BOURBON,12,0.38160377358490566
ARLES,MONTAUBAN VILLE BOURBON,13,0.3671383647798742
ARLES,MONTAUBAN VILLE BOURBON,14,0.3589622641509434
ARLES,MONTAUBAN VILLE BOURBON,15,0.36981132075471695
ARLES,MONTAUBAN VILLE BOURBON,16,0.36839622641509434
ARLES,MONTAUBAN VILLE BOURBON,17,0.3772012578616352
ARLES,MONTAUBAN VILLE BOURBON,18,0.3814465408805031
ARLES,MONTAUBAN VILLE BOURBON,19,0.37940251572327044
ARLES,MONTAUBAN VILLE BOURBON,20,0.37940251572327044
ARLES,MONTAUBAN VILLE BOURBON,21,0.39213836477987424
ARLES,MONTAUBAN VILLE BOURBON,22,0.394811320754717
ARLES,MONTAUBAN VILLE BOURBON,23,0.3998427672955975
ARLES,MONTAUBAN VILLE BOURBON,24,0.3988993710691824
ARLES,MONTAUBAN VILLE BOURBON,25,0.400314465408805
ARLES,MONTAUBAN VILLE BOURBON,26,0.3952681388012618
ARLES,MONTAUBAN VILLE BOURBON,27,0.38797468354430376
ARLES,MONTAUBAN VILLE BOURBON,28,0.38999999999999996
ARLES,MONTAUBAN VILLE BOURBON,29,0.3774603174603175
ARLES,MONTAUBAN VILLE BOURBON,30,0.01693290734824281
ARLES,MONTPELLIER SAINT ROCH,0,0.8894080996884736
ARLES,MONTPELLIER SAINT ROCH,1,0.8613354037267081
ARLES,MONTPELLIER SAINT ROCH,2,0.8203416149068322
ARLES,MONTPELLIER SAINT ROCH,3,0.7903726708074534
ARLES,MONTPELLIER SAINT ROCH,4,0.6279503105590062
ARLES,MONTPELLIER SAINT ROCH,5,0.6063664596273292
ARLES,MONTPELLIER SAINT ROCH,6,0.6139751552795031
ARLES,MONTPELLIER SAINT ROCH,7,0.6054347826086957
ARLES,MONTPELLIER SAINT ROCH,8,0.6093167701863353
ARLES,MONTPELLIER SAINT ROCH,9,0.6071428571428571
ARLES,MONTPELLIER SAINT ROCH,10,0.6009316770186336
ARLES,MONTPELLIER SAINT ROCH,11,0.5940993788819876
ARLES,MONTPELLIER SAINT ROCH,12,0.39844720496894415
ARLES,MONTPELLIER SAINT ROCH,13,0.38245341614906836
ARLES,MONTPELLIER SAINT ROCH,14,0.37515527950310557
ARLES,MONTPELLIER SAINT ROCH,15,0.387888198757764
ARLES,MONTPELLIER SAINT ROCH,16,0.3830745341614907
ARLES,MONTPELLIER SAINT ROCH,17,0.38773291925465836
ARLES,MONTPELLIER SAINT ROCH,18,0.3934782608695652
ARLES,MONTPELLIER SAINT ROCH,19,0.39332298136645966
ARLES,MONTPELLIER SAINT ROCH,20,0.3970496894409938
ARLES,MONTPELLIER SAINT ROCH,21,0.4055900621118012
ARLES,MONTPELLIER SAINT ROCH,22,0.4063664596273292
ARLES,MONTPELLIER SAINT ROCH,23,0.4116459627329193
ARLES,MONTPELLIER SAINT ROCH,24,0.4090062111801242
ARLES,MONTPELLIER SAINT ROCH,25,0.4083850931677019
ARLES,MONTPELLIER SAINT ROCH,26,0.40342679127725856
ARLES,MONTPELLIER SAINT ROCH,27,0.3959375
ARLES,MONTPELLIER SAINT ROCH,28,0.3978056426332289
ARLES,MONTPELLIER SAINT ROCH,29,0.38573667711598747
ARLES,MONTPELLIER SAINT ROCH,30,0.016719242902208203
ARLES,NARBONNE,0,0.7996884735202492
ARLES,NARBONNE,1,0.7864906832298136
ARLES,NARBONNE,2,0.7361801242236026
ARLES,NARBONNE,3,0.7038819875776398
ARLES,NARBONNE,4,0.6037267080745342
ARLES,NARBONNE,5,0.5866459627329192
ARLES,NARBONNE,6,0.5889751552795032
ARLES,NARBONNE,7,0.5818322981366459
ARLES,NARBONNE,8,0.5827639751552796
ARLES,NARBONNE,9,0.5948757763975155
ARLES,NARBONNE,10,0.606055900621118
ARLES,NARBONNE,11,0.599223602484472
ARLES,NARBONNE,12,0.3927018633540373
ARLES,NARBONNE,13,0.372360248447205
ARLES,NARBONNE,14,0.36288819875776396
ARLES,NARBONNE,15,0.3756211180124224
ARLES,NARBONNE,16,0.37624223602484475
ARLES,NARBONNE,17,0.3838509316770186
ARLES,NARBONNE,18,0.3909937888198758
ARLES,NARBONNE,19,0.38680124223602486
ARLES,NARBONNE,20,0.3916149068322981
ARLES,NARBONNE,21,0.4023291925465839
ARLES,NARBONNE,22,0.40170807453416146
ARLES,NARBONNE,23,0.4091614906832298
ARLES,NARBONNE,24,0.40574534161490683
ARLES,NARBONNE,25,0.40947204968944095
ARLES,NARBONNE,26,0.403582554517134
ARLES,NARBONNE,27,0.39656250000000004
ARLES,NARBONNE,28,0.3989028213166144
ARLES,NARBONNE,29,0.384012539184953
ARLES,NARBONNE,30,0.017350157728706624
ARLES,NIMES CENTRE,0,0.8876947040498442
ARLES,NIMES CENTRE,1,0.8619565217391305
ARLES,NIMES CENTRE,2,0.8195652173913043
ARLES,NIMES CENTRE,3,0.7911490683229814
ARLES,NIMES CENTRE,4,0.6237577639751553
ARLES,NIMES CENTRE,5,0.604968944099379
ARLES,NIMES CENTRE,6,0.6149068322981367
ARLES,NIMES CENTRE,7,0.6013975155279503
ARLES,NIMES CENTRE,8,0.6090062111801242
ARLES,NIMES CENTRE,9,0.6082298136645963
ARLES,NIMES CENTRE,10,0.6015527950310559
ARLES,NIMES CENTRE,11,0.5953416149068322
ARLES,NIMES CENTRE,12,0.3982919254658385
ARLES,NIMES CENTRE,13,0.38198757763975155
ARLES,NIMES CENTRE,14,0.372360248447205
ARLES,NIMES CENTRE,15,0.38462732919254655
ARLES,NIMES CENTRE,16,0.38245341614906836
ARLES,NIMES CENTRE,17,0.38819875776397517
ARLES,NIMES CENTRE,18,0.39658385093167703
ARLES,NIMES CENTRE,19,0.3937888198757764
ARLES,NIMES CENTRE,20,0.3981366459627329
ARLES,NIMES CENTRE,21,0.40574534161490683
ARLES,NIMES CENTRE,22,0.40574534161490683
ARLES,NIMES CENTRE,23,0.411335403726708
ARLES,NIMES CENTRE,24,0.40714285714285714
ARLES,NIMES CENTRE,25,0.4077639751552795
ARLES,NIMES CENTRE,26,0.4029595015576324
ARLES,NIMES CENTRE,27,0.3934375
ARLES,NIMES CENTRE,28,0.3978056426332289
ARLES,NIMES CENTRE,29,0.381974921630094
ARLES,NIMES CENTRE,30,0.016719242902208203
ARLES,SETE,0,0.8894080996884736
ARLES,SETE,1,0.8565217391304348
ARLES,SETE,2,0.8214285714285714
ARLES,SETE,3,0.7927018633540373
ARLES,SETE,4,0.6248447204968943
ARLES,SETE,5,0.6020186335403727
ARLES,SETE,6,0.6130434782608696
ARLES,SETE,7,0.6035714285714285
ARLES,SETE,8,0.6093167701863353
ARLES,SETE,9,0.6076086956521739
ARLES,SETE,10,0.6
ARLES,SETE,11,0.5936335403726708
ARLES,SETE,12,0.39937888198757765
ARLES,SETE,13,0.3829192546583851
ARLES,SETE,14,0.3754658385093168
ARLES,SETE,15,0.38773291925465836
ARLES,SETE,16,0.38338509316770186
ARLES,SETE,17,0.38881987577639754
ARLES,SETE,18,0.39596273291925466
ARLES,SETE,19,0.3925465838509317
ARLES,SETE,20,0.39549689440993785
ARLES,SETE,21,0.40621118012422364
ARLES,SETE,22,0.40419254658385095
ARLES,SETE,23,0.4114906832298137
ARLES,SETE,24,0.4096273291925466
ARLES,SETE,25,0.4085403726708075
ARLES,SETE,26,0.40327102803738313
ARLES,SETE,27,0.395625
ARLES,SETE,28,0.39670846394984327
ARLES,SETE,29,0.3843260188087774
ARLES,SETE,30,0.01608832807570978
ARLES,TOULOUSE MATABIAU,0,0.7976635514018692
ARLES,TOULOUSE MATABIAU,1,0.7785714285714286
ARLES,TOULOUSE MATABIAU,2,0.7330745341614907
ARLES,TOULOUSE MATABIAU,3,0.7029503105590061
ARLES,TOULOUSE MATABIAU,4,0.6031055900621117
ARLES,TOULOUSE MATABIAU,5,0.5880434782608696
ARLES,TOULOUSE MATABIAU,6,0.5908385093167702
ARLES,TOULOUSE MATABIAU,7,0.5826086956521739
ARLES,TOULOUSE MATABIAU,8,0.5852484472049689
ARLES,TOULOUSE MATABIAU,9,0.593944099378882
ARLES,TOULOUSE MATABIAU,10,0.6069875776397515
ARLES,TOULOUSE MATABIAU,11,0.604192546583851
ARLES,TOULOUSE MATABIAU,12,0.393944099378882
ARLES,TOULOUSE MATABIAU,13,0.37515527950310557
ARLES,TOULOUSE MATABIAU,14,0.3667701863354037
ARLES,TOULOUSE MATABIAU,15,0.3781055900621118
ARLES,TOULOUSE MATABIAU,16,0.3770186335403727
ARLES,TOULOUSE MATABIAU,17,0.38198757763975155
ARLES,TOULOUSE MATABIAU,18,0.39285714285714285
ARLES,TOULOUSE MATABIAU,19,0.38819875776397517
ARLES,TOULOUSE MATABIAU,20,0.3927018633540373
ARLES,TOULOUSE MATABIAU,21,0.4018633540372671
ARLES,TOULOUSE MATABIAU,22,0.40372670807453415
ARLES,TOULOUSE MATABIAU,23,0.4100931677018634
ARLES,TOULOUSE MATABIAU,24,0.4052795031055901
ARLES,TOULOUSE MATABIAU,25,0.40745341614906827
ARLES,TOULOUSE MATABIAU,26,0.40436137071651096
ARLES,TOULOUSE MATABIAU,27,0.3984375
ARLES,TOULOUSE MATABIAU,28,0.39952978056426336
ARLES,TOULOUSE MATABIAU,29,0.3879310344827586
ARLES,TOULOUSE MATABIAU,30,0.017350157728706624
BEZIERS,AGEN,0,0.8506042296072508
BEZIERS,AGEN,1,0.8397280966767371
BEZIERS,AGEN,2,0.806797583081571
BEZIERS,AGEN,3,0.7872372372372372
BEZIERS,AGEN,4,0.7326807228915663
BEZIERS,AGEN,5,0.7259036144578314
BEZIERS,AGEN,6,0.724320241691843
BEZIERS,AGEN,7,0.731570996978852
BEZIERS,AGEN,8,0.7329305135951661
BEZIERS,AGEN,9,0.7342900302114804
BEZIERS,AGEN,10,0.7323262839879154
BEZIERS,AGEN,11,0.727643504531722
BEZIERS,AGEN,12,0.6030211480362537
BEZIERS,AGEN,13,0.5871212121212122
BEZIERS,AGEN,14,0.5913636363636364
BEZIERS,AGEN,15,0.5968181818181818
BEZIERS,AGEN,16,0.5972727272727273
BEZIERS,AGEN,17,0.601963746223565
BEZIERS,AGEN,18,0.611178247734139
BEZIERS,AGEN,19,0.6083081570996979
BEZIERS,AGEN,20,0.6059090909090908
BEZIERS,AGEN,21,0.6113636363636363
BEZIERS,AGEN,22,0.6166666666666667
BEZIERS,AGEN,23,0.6087878787878788
BEZIERS,AGEN,24,0.6146969696969696
BEZIERS,AGEN,25,0.6178787878787879
BEZIERS,AGEN,26,0.6228787878787879
BEZIERS,AGEN,27,0.619452887537994
BEZIERS,AGEN,28,0.6113981762917934
BEZIERS,AGEN,29,0.601063829787234
BEZIERS,AGEN,30,0.021951219512195124
BEZIERS,BORDEAUX ST JEAN,0,0.8456268221574345
BEZIERS,BORDEAUX ST JEAN,1,0.8358600583090379
BEZIERS,BORDEAUX ST JEAN,2,0.8042274052478134
BEZIERS,BORDEAUX ST JEAN,3,0.7860058309037902
BEZIERS,BORDEAUX ST JEAN,4,0.721865889212828
BEZIERS,BORDEAUX ST JEAN,5,0.7221574344023324
BEZIERS,BORDEAUX ST JEAN,6,0.7247813411078717
BEZIERS,BORDEAUX ST JEAN,7,0.7293002915451895
BEZIERS,BORDEAUX ST JEAN,8,0.7294460641399416
BEZIERS,BORDEAUX ST JEAN,9,0.7303206997084548
BEZIERS,BORDEAUX ST JEAN,10,0.7293002915451895
BEZIERS,BORDEAUX ST JEAN,11,0.728134110787172
BEZIERS,BORDEAUX ST JEAN,12,0.6071428571428571
BEZIERS,BORDEAUX ST JEAN,13,0.593859649122807
BEZIERS,BORDEAUX ST JEAN,14,0.5982456140350877
BEZIERS,BORDEAUX ST JEAN,15,0.6054093567251463
BEZIERS,BORDEAUX ST JEAN,16,0.6043859649122807
BEZIERS,BORDEAUX ST JEAN,17,0.6111111111111112
BEZIERS,BORDEAUX ST JEAN,18,0.6210526315789474
BEZIERS,BORDEAUX ST JEAN,19,0.6152046783625731
BEZIERS,BORDEAUX ST JEAN,20,0.6128654970760233
BEZIERS,BORDEAUX ST JEAN,21,0.6140350877192983
BEZIERS,BORDEAUX ST JEAN,22,0.6181286549707603
BEZIERS,BORDEAUX ST JEAN,23,0.6144736842105263
BEZIERS,BORDEAUX ST JEAN,24,0.6216374269005848
BEZIERS,BORDEAUX ST JEAN,25,0.6251461988304093
BEZIERS,BORDEAUX ST JEAN,26,0.6304093567251462
BEZIERS,BORDEAUX ST JEAN,27,0.6206744868035191
BEZIERS,BORDEAUX ST JEAN,28,0.6202346041055719
BEZIERS,BORDEAUX ST JEAN,29,0.6004398826979472
BEZIERS,BORDEAUX ST JEAN,30,0.02315634218289086
BEZIERS,CARCASSONNE,0,0.9004322766570605
BEZIERS,CARCASSONNE,1,0.8958213256484151
BEZIERS,CARCASSONNE,2,0.8900576368876081
BEZIERS,CARCASSONNE,3,0.8779538904899135
BEZIERS,CARCASSONNE,4,0.8195965417867435
BEZIERS,CARCASSONNE,5,0.8243515850144093
BEZIERS,CARCASSONNE,6,0.8342939481268011
BEZIERS,CARCASSONNE,7,0.8342939481268011
BEZIERS,CARCASSONNE,8,0.8174351585014409
BEZIERS,CARCASSONNE,9,0.8146974063400576
BEZIERS,CARCASSONNE,10,0.8118155619596541
BEZIERS,CARCASSONNE,11,0.8106628242074928
BEZIERS,CARCASSONNE,12,0.7596541786743517
BEZIERS,CARCASSONNE,13,0.7531700288184439
BEZIERS,CARCASSONNE,14,0.7600864553314121
BEZIERS,CARCASSONNE,15,0.7570605187319884
BEZIERS,CARCASSONNE,16,0.7587896253602305
BEZIERS,CARCASSONNE,17,0.7593659942363112
BEZIERS,CARCASSONNE,18,0.7570605187319884
BEZIERS,CARCASSONNE,19,0.7543227665706052
BEZIERS,CARCASSONNE,20,0.7507204610951008
BEZIERS,CARCASSONNE,21,0.7557636887608069
BEZIERS,CARCASSONNE,22,0.7655619596541786
BEZIERS,CARCASSONNE,23,0.761671469740634
BEZIERS,CARCASSONNE,24,0.7649855907780979
BEZIERS,CARCASSONNE,25,0.759221902017291
BEZIERS,CARCASSONNE,26,0.7586455331412104
BEZIERS,CARCASSONNE,27,0.75
BEZIERS,CARCASSONNE,28,0.7471098265895953
BEZIERS,CARCASSONNE,29,0.7210982658959537
BEZIERS,CARCASSONNE,30,0.036337209302325583
BEZIERS,MARMANDE,0,0.6720059880239521
BEZIERS,MARMANDE,1,0.6565868263473055
BEZIERS,MARMANDE,2,0.6211077844311377
BEZIERS,MARMANDE,3,0.5947604790419162
BEZIERS,MARMANDE,4,0.49431137724550894
BEZIERS,MARMANDE,5,0.48577844311377244
BEZIERS,MARMANDE,6,0.48502994011976047
BEZIERS,MARMANDE,7,0.47619760479041917
BEZIERS,MARMANDE,8,0.47470059880239523
BEZIERS,MARMANDE,9,0.47649700598802397
BEZIERS,MARMANDE,10,0.4748502994011976
BEZIERS,MARMANDE,11,0.47350299401197604
BEZIERS,MARMANDE,12,0.40703592814371253
BEZIERS,MARMANDE,13,0.3942942942942943
BEZIERS,MARMANDE,14,0.3899399399399399
BEZIERS,MARMANDE,15,0.3864864864864864
BEZIERS,MARMANDE,16,0.38168168168168165
BEZIERS,MARMANDE,17,0.3884384384384384
BEZIERS,MARMANDE,18,0.39249249249249246
BEZIERS,MARMANDE,19,0.3930930930930931
BEZIERS,MARMANDE,20,0.39684684684684685
BEZIERS,MARMANDE,21,0.3900900900900901
BEZIERS,MARMANDE,22,0.39999999999999997
BEZIERS,MARMANDE,23,0.40750750750750747
BEZIERS,MARMANDE,24,0.41231231231231236
BEZIERS,MARMANDE,25,0.4195195195195195
BEZIERS,MARMANDE,26,0.4162162162162162
BEZIERS,MARMANDE,27,0.42048192771084336
BEZIERS,MARMANDE,28,0.4246987951807229
BEZIERS,MARMANDE,29,0.40406626506024096
BEZIERS,MARMANDE,30,0.019393939393939394
BEZIERS,MONTAUBAN VILLE BOURBON,0,0.8463556851311954
BEZIERS,MONTAUBAN VILLE BOURBON,1,0.8365889212827988
BEZIERS,MONTAUBAN VILLE BOURBON,2,0.8049562682215744
BEZIERS,MONTAUBAN VILLE BOURBON,3,0.7839650145772594
BEZIERS,MONTAUBAN VILLE BOURBON,4,0.7212827988338193
BEZIERS,MONTAUBAN VILLE BOURBON,5,0.7196793002915451
BEZIERS,MONTAUBAN VILLE BOURBON,6,0.7246355685131196
BEZIERS,MONTAUBAN VILLE BOURBON,7,0.7310495626822158
BEZIERS,MONTAUBAN VILLE BOURBON,8,0.7306122448979592
BEZIERS,MONTAUBAN VILLE BOURBON,9,0.7330903790087463
BEZIERS,MONTAUBAN VILLE BOURBON,10,0.728134110787172
BEZIERS,MONTAUBAN VILLE BOURBON,11,0.7272594752186589
BEZIERS,MONTAUBAN VILLE BOURBON,12,0.6071428571428571
BEZIERS,MONTAUBAN VILLE BOURBON,13,0.5907894736842105
BEZIERS,MONTAUBAN VILLE BOURBON,14,0.5975146198830409
BEZIERS,MONTAUBAN VILLE BOURBON,15,0.6062865497076023
BEZIERS,MONTAUBAN VILLE BOURBON,16,0.6051169590643275
BEZIERS,MONTAUBAN VILLE BOURBON,17,0.6119883040935673
BEZIERS,MONTAUBAN VILLE BOURBON,18,0.6207602339181287
BEZIERS,MONTAUBAN VILLE BOURBON,19,0.6162280701754386
BEZIERS,MONTAUBAN VILLE BOURBON,20,0.6119883040935673
BEZIERS,MONTAUBAN VILLE BOURBON,21,0.6143274853801169
BEZIERS,MONTAUBAN VILLE BOURBON,22,0.6166666666666667
BEZIERS,MONTAUBAN VILLE BOURBON,23,0.6115497076023392
BEZIERS,MONTAUBAN VILLE BOURBON,24,0.6203216374269006
BEZIERS,MONTAUBAN VILLE BOURBON,25,0.6260233918128655
BEZIERS,MONTAUBAN VILLE BOURBON,26,0.6308479532163743
BEZIERS,MONTAUBAN VILLE BOURBON,27,0.6186217008797653
BEZIERS,MONTAUBAN VILLE BOURBON,28,0.617741935483871
BEZIERS,MONTAUBAN VILLE BOURBON,29,0.5973607038123167
BEZIERS,MONTAUBAN VILLE BOURBON,30,0.0224188790560472
BEZIERS,NARBONNE,0,0.8987031700288185
BEZIERS,NARBONNE,1,0.8951008645533142
BEZIERS,NARBONNE,2,0.889913544668588
BEZIERS,NARBONNE,3,0.8706051873198848
BEZIERS,NARBONNE,4,0.8175792507204611
BEZIERS,NARBONNE,5,0.8243515850144093
BEZIERS,NARBONNE,6,0.8312680115273775
BEZIERS,NARBONNE,7,0.8327089337175793
BEZIERS,NARBONNE,8,0.8174351585014409
BEZIERS,NARBONNE,9,0.8152737752161383
BEZIERS,NARBONNE,10,0.8110951008645533
BEZIERS,NARBONNE,11,0.8089337175792507
BEZIERS,NARBONNE,12,0.7569164265129682
BEZIERS,NARBONNE,13,0.7494236311239193
BEZIERS,NARBONNE,14,0.7570605187319884
BEZIERS,NARBONNE,15,0.757492795389049
BEZIERS,NARBONNE,16,0.7605187319884725
BEZIERS,NARBONNE,17,0.760806916426513
BEZIERS,NARBONNE,18,0.7561959654178674
BEZIERS,NARBONNE,19,0.7531700288184439
BEZIERS,NARBONNE,20,0.7485590778097982
BEZIERS,NARBONNE,21,0.7546109510086456
BEZIERS,NARBONNE,22,0.7657060518731988
BEZIERS,NARBONNE,23,0.7612391930835735
BEZIERS,NARBONNE,24,0.7646974063400577
BEZIERS,NARBONNE,25,0.7597982708933717
BEZIERS,NARBONNE,26,0.7599423631123919
BEZIERS,NARBONNE,27,0.7521676300578035
BEZIERS,NARBONNE,28,0.7502890173410405
BEZIERS,NARBONNE,29,0.7205202312138729
BEZIERS,NARBONNE,30,0.034593023255813954
BEZIERS,TOULOUSE MATABIAU,0,0.9115273775216138
BEZIERS,TOULOUSE MATABIAU,1,0.9080691642651297
BEZIERS,TOULOUSE MATABIAU,2,0.8920749279538905
BEZIERS,TOULOUSE MATABIAU,3,0.8753602305475504
BEZIERS,TOULOUSE MATABIAU,4,0.825792507204611
BEZIERS,TOULOUSE MATABIAU,5,0.8288184438040347
BEZIERS,TOULOUSE MATABIAU,6,0.8361671469740634
BEZIERS,TOULOUSE MATABIAU,7,0.8344380403458214
BEZIERS,TOULOUSE MATABIAU,8,0.8171469740634006
BEZIERS,TOULOUSE MATABIAU,9,0.8159942363112391
BEZIERS,TOULOUSE MATABIAU,10,0.8131123919308356
BEZIERS,TOULOUSE MATABIAU,11,0.8131123919308356
BEZIERS,TOULOUSE MATABIAU,12,0.729106628242075
BEZIERS,TOULOUSE MATABIAU,13,0.7204610951008645
BEZIERS,TOULOUSE MATABIAU,14,0.7280979827089338
BEZIERS,TOULOUSE MATABIAU,15,0.7337175792507205
BEZIERS,TOULOUSE MATABIAU,16,0.7338616714697407
BEZIERS,TOULOUSE MATABIAU,17,0.7327089337175793
BEZIERS,TOULOUSE MATABIAU,18,0.7288184438040346
BEZIERS,TOULOUSE MATABIAU,19,0.7270893371757925
BEZIERS,TOULOUSE MATABIAU,20,0.7210374639769452
BEZIERS,TOULOUSE MATABIAU,21,0.7292507204610952
BEZIERS,TOULOUSE MATABIAU,22,0.740778097982709
BEZIERS,TOULOUSE MATABIAU,23,0.7414985590778098
BEZIERS,TOULOUSE MATABIAU,24,0.7403458213256483
BEZIERS,TOULOUSE MATABIAU,25,0.7400576368876081
BEZIERS,TOULOUSE MATABIAU,26,0.7361671469740634
BEZIERS,TOULOUSE MATABIAU,27,0.7299132947976879
BEZIERS,TOULOUSE MATABIAU,28,0.7291907514450867
BEZIERS,TOULOUSE MATABIAU,29,0.7122832369942196
BEZIERS,TOULOUSE MATABIAU,30,0.028633720930232556
CARCASSONNE,AGEN,0,0.8698830409356725
CARCASSONNE,AGEN,1,0.8611111111111112
CARCASSONNE,AGEN,2,0.8280701754385965
CARCASSONNE,AGEN,3,0.8067251461988303
CARCASSONNE,AGEN,4,0.7328947368421053
CARCASSONNE,AGEN,5,0.7244152046783626
CARCASSONNE,AGEN,6,0.7257309941520468
CARCASSONNE,AGEN,7,0.7321637426900585
CARCASSONNE,AGEN,8,0.7340643274853802
CARCASSONNE,AGEN,9,0.7369883040935673
CARCASSONNE,AGEN,10,0.7428362573099415
CARCASSONNE,AGEN,11,0.7393274853801169
CARCASSONNE,AGEN,12,0.5910818713450292
CARCASSONNE,AGEN,13,0.577046783625731
CARCASSONNE,AGEN,14,0.5763157894736842
CARCASSONNE,AGEN,15,0.5853801169590643
CARCASSONNE,AGEN,16,0.5926900584795322
CARCASSONNE,AGEN,17,0.5998538011695906
CARCASSONNE,AGEN,18,0.6073099415204678
CARCASSONNE,AGEN,19,0.599561403508772
CARCASSONNE,AGEN,20,0.5991228070175438
CARCASSONNE,AGEN,21,0.6038011695906432
CARCASSONNE,AGEN,22,0.6102339181286549
CARCASSONNE,AGEN,23,0.6046783625730995
CARCASSONNE,AGEN,24,0.6078947368421053
CARCASSONNE,AGEN,25,0.6083333333333334
CARCASSONNE,AGEN,26,0.6118421052631579
CARCASSONNE,AGEN,27,0.6102639296187683
CARCASSONNE,AGEN,28,0.6060117302052787
CARCASSONNE,AGEN,29,0.5919354838709677
CARCASSONNE,AGEN,30,0.021091445427728613
CARCASSONNE,BORDEAUX ST JEAN,0,0.8741279069767441
CARCASSONNE,BORDEAUX ST JEAN,1,0.870203488372093
CARCASSONNE,BORDEAUX ST JEAN,2,0.8379360465116279
CARCASSONNE,BORDEAUX ST JEAN,3,0.8183139534883721
CARCASSONNE,BORDEAUX ST JEAN,4,0.740406976744186
CARCASSONNE,BORDEAUX ST JEAN,5,0.7364825581395349
CARCASSONNE,BORDEAUX ST JEAN,6,0.7345930232558139
CARCASSONNE,BORDEAUX ST JEAN,7,0.7386627906976744
CARCASSONNE,BORDEAUX ST JEAN,8,0.7392441860465117
CARCASSONNE,BORDEAUX ST JEAN,9,0.74375
CARCASSONNE,BORDEAUX ST JEAN,10,0.7479651162790698
CARCASSONNE,BORDEAUX ST JEAN,11,0.7466569767441861
CARCASSONNE,BORDEAUX ST JEAN,12,0.6122093023255814
CARCASSONNE,BORDEAUX ST JEAN,13,0.6024709302325582
CARCASSONNE,BORDEAUX ST JEAN,14,0.6023255813953488
CARCASSONNE,BORDEAUX ST JEAN,15,0.6135174418604652
CARCASSONNE,BORDEAUX ST JEAN,16,0.6156976744186047
CARCASSONNE,BORDEAUX ST JEAN,17,0.6209302325581395
CARCASSONNE,BORDEAUX ST JEAN,18,0.6343023255813953
CARCASSONNE,BORDEAUX ST JEAN,19,0.6238372093023256
CARCASSONNE,BORDEAUX ST JEAN,20,0.6207848837209302
CARCASSONNE,BORDEAUX ST JEAN,21,0.6242732558139535
CARCASSONNE,BORDEAUX ST JEAN,22,0.6271802325581395
CARCASSONNE,BORDEAUX ST JEAN,23,0.6228197674418605
CARCASSONNE,BORDEAUX ST JEAN,24,0.6287790697674419
CARCASSONNE,BORDEAUX ST JEAN,25,0.6305232558139535
CARCASSONNE,BORDEAUX ST JEAN,26,0.6351744186046512
CARCASSONNE,BORDEAUX ST JEAN,27,0.6265306122448979
CARCASSONNE,BORDEAUX ST JEAN,28,0.6258017492711371
CARCASSONNE,BORDEAUX ST JEAN,29,0.6081632653061224
CARCASSONNE,BORDEAUX ST JEAN,30,0.024046920821114374
CARCASSONNE,MARMANDE,0,0.6752994011976048
CARCASSONNE,MARMANDE,1,0.6579341317365269
CARCASSONNE,MARMANDE,2,0.6202095808383233
CARCASSONNE,MARMANDE,3,0.5916167664670658
CARCASSONNE,MARMANDE,4,0.4949101796407186
CARCASSONNE,MARMANDE,5,0.4880239520958084
CARCASSONNE,MARMANDE,6,0.48667664670658684
CARCASSONNE,MARMANDE,7,0.47395209580838327
CARCASSONNE,MARMANDE,8,0.47380239520958084
CARCASSONNE,MARMANDE,9,0.47395209580838327
CARCASSONNE,MARMANDE,10,0.47470059880239523
CARCASSONNE,MARMANDE,11,0.4727544910179641
CARCASSONNE,MARMANDE,12,0.40718562874251496
CARCASSONNE,MARMANDE,13,0.3965465465465466
CARCASSONNE,MARMANDE,14,0.39054054054054055
CARCASSONNE,MARMANDE,15,0.38798798798798795
CARCASSONNE,MARMANDE,16,0.38288288288288286
CARCASSONNE,MARMANDE,17,0.38948948948948947
CARCASSONNE,MARMANDE,18,0.3942942942942943
CARCASSONNE,MARMANDE,19,0.3945945945945946
CARCASSONNE,MARMANDE,20,0.39774774774774774
CARCASSONNE,MARMANDE,21,0.39144144144144144
CARCASSONNE,MARMANDE,22,0.4016516516516517
CARCASSONNE,MARMANDE,23,0.409009009009009
CARCASSONNE,MARMANDE,24,0.4114114114114114
CARCASSONNE,MARMANDE,25,0.4196696696696697
CARCASSONNE,MARMANDE,26,0.41576576576576574
CARCASSONNE,MARMANDE,27,0.4218373493975904
CARCASSONNE,MARMANDE,28,0.42650602409638555
CARCASSONNE,MARMANDE,29,0.40496987951807223
CARCASSONNE,MARMANDE,30,0.018787878787878787
CARCASSONNE,MONTAUBAN VILLE BOURBON,0,0.8731104651162791
CARCASSONNE,MONTAUBAN VILLE BOURBON,1,0.8675872093023256
CARCASSONNE,MONTAUBAN VILLE BOURBON,2,0.835610465116279
CARCASSONNE,MONTAUBAN VILLE BOURBON,3,0.8194767441860464
CARCASSONNE,MONTAUBAN VILLE BOURBON,4,0.7348837209302326
CARCASSONNE,MONTAUBAN VILLE BOURBON,5,0.7343023255813953
CARCASSONNE,MONTAUBAN VILLE BOURBON,6,0.7327034883720931
CARCASSONNE,MONTAUBAN VILLE BOURBON,7,0.7350290697674419
CARCASSONNE,MONTAUBAN VILLE BOURBON,8,0.7374999999999999
CARCASSONNE,MONTAUBAN VILLE BOURBON,9,0.7425872093023256
CARCASSONNE,MONTAUBAN VILLE BOURBON,10,0.7492732558139535
CARCASSONNE,MONTAUBAN VILLE BOURBON,11,0.7465116279069768
CARCASSONNE,MONTAUBAN VILLE BOURBON,12,0.6122093023255814
CARCASSONNE,MONTAUBAN VILLE BOURBON,13,0.6011627906976744
CARCASSONNE,MONTAUBAN VILLE BOURBON,14,0.604796511627907
CARCASSONNE,MONTAUBAN VILLE BOURBON,15,0.6120639534883722
CARCASSONNE,MONTAUBAN VILLE BOURBON,16,0.6127906976744186
CARCASSONNE,MONTAUBAN VILLE BOURBON,17,0.6218023255813954
CARCASSONNE,MONTAUBAN VILLE BOURBON,18,0.6325581395348837
CARCASSONNE,MONTAUBAN VILLE BOURBON,19,0.6222383720930232
CARCASSONNE,MONTAUBAN VILLE BOURBON,20,0.6200581395348838
CARCASSONNE,MONTAUBAN VILLE BOURBON,21,0.6232558139534884
CARCASSONNE,MONTAUBAN VILLE BOURBON,22,0.6283430232558139
CARCASSONNE,MONTAUBAN VILLE BOURBON,23,0.6257267441860465
CARCASSONNE,MONTAUBAN VILLE BOURBON,24,0.6311046511627907
CARCASSONNE,MONTAUBAN VILLE BOURBON,25,0.6321220930232557
CARCASSONNE,MONTAUBAN VILLE BOURBON,26,0.6366279069767442
CARCASSONNE,MONTAUBAN VILLE BOURBON,27,0.6285714285714286
CARCASSONNE,MONTAUBAN VILLE BOURBON,28,0.6255102040816327
CARCASSONNE,MONTAUBAN VILLE BOURBON,29,0.6064139941690962
CARCASSONNE,MONTAUBAN VILLE BOURBON,30,0.01847507331378299
CARCASSONNE,TOULOUSE MATABIAU,0,0.9204022988505748
CARCASSONNE,TOULOUSE MATABIAU,1,0.9201149425287356
CARCASSONNE,TOULOUSE MATABIAU,2,0.9150862068965517
CARCASSONNE,TOULOUSE MATABIAU,3,0.9010057471264368
CARCASSONNE,TOULOUSE MATABIAU,4,0.8349137931034483
CARCASSONNE,TOULOUSE MATABIAU,5,0.8399425287356322
CARCASSONNE,TOULOUSE MATABIAU,6,0.8446839080459769
CARCASSONNE,TOULOUSE MATABIAU,7,0.8469827586206896
CARCASSONNE,TOULOUSE MATABIAU,8,0.8379310344827587
CARCASSONNE,TOULOUSE MATABIAU,9,0.8352011494252873
CARCASSONNE,TOULOUSE MATABIAU,10,0.8354885057471264
CARCASSONNE,TOULOUSE MATABIAU,11,0.8362068965517241
CARCASSONNE,TOULOUSE MATABIAU,12,0.7834770114942529
CARCASSONNE,TOULOUSE MATABIAU,13,0.7788793103448276
CARCASSONNE,TOULOUSE MATABIAU,14,0.7886494252873563
CARCASSONNE,TOULOUSE MATABIAU,15,0.7916666666666666
CARCASSONNE,TOULOUSE MATABIAU,16,0.7903735632183908
CARCASSONNE,TOULOUSE MATABIAU,17,0.7896551724137931
CARCASSONNE,TOULOUSE MATABIAU,18,0.7841954022988505
CARCASSONNE,TOULOUSE MATABIAU,19,0.7797413793103449
CARCASSONNE,TOULOUSE MATABIAU,20,0.7762931034482758
CARCASSONNE,TOULOUSE MATABIAU,21,0.7827586206896551
CARCASSONNE,TOULOUSE MATABIAU,22,0.7897988505747127
CARCASSONNE,TOULOUSE MATABIAU,23,0.7886494252873563
CARCASSONNE,TOULOUSE MATABIAU,24,0.7876436781609196
CARCASSONNE,TOULOUSE MATABIAU,25,0.7872126436781609
CARCASSONNE,TOULOUSE MATABIAU,26,0.7862068965517242
CARCASSONNE,TOULOUSE MATABIAU,27,0.7804034582132565
CARCASSONNE,TOULOUSE MATABIAU,28,0.7740634005763689
CARCASSONNE,TOULOUSE MATABIAU,29,0.7497118155619595
CARCASSONNE,TOULOUSE MATABIAU,30,0.028550724637681157
MARMANDE,BORDEAUX ST JEAN,0,0.9062874251497005
MARMANDE,BORDEAUX ST JEAN,1,0.906437125748503
MARMANDE,BORDEAUX ST JEAN,2,0.8898203592814371
MARMANDE,BORDEAUX ST JEAN,3,0.8600299401197605
MARMANDE,BORDEAUX ST JEAN,4,0.8052395209580838
MARMANDE,BORDEAUX ST JEAN,5,0.784131736526946
MARMANDE,BORDEAUX ST JEAN,6,0.7747005988023952
MARMANDE,BORDEAUX ST JEAN,7,0.7591317365269461
MARMANDE,BORDEAUX ST JEAN,8,0.7462574850299402
MARMANDE,BORDEAUX ST JEAN,9,0.7374251497005988
MARMANDE,BORDEAUX ST JEAN,10,0.7073353293413174
MARMANDE,BORDEAUX ST JEAN,11,0.6964071856287425
MARMANDE,BORDEAUX ST JEAN,12,0.5315868263473055
MARMANDE,BORDEAUX ST JEAN,13,0.5046546546546546
MARMANDE,BORDEAUX ST JEAN,14,0.4815315315315315
MARMANDE,BORDEAUX ST JEAN,15,0.4726726726726727
MARMANDE,BORDEAUX ST JEAN,16,0.4548048048048048
MARMANDE,BORDEAUX ST JEAN,17,0.4548048048048048
MARMANDE,BORDEAUX ST JEAN,18,0.45975975975975975
MARMANDE,BORDEAUX ST JEAN,19,0.4486486486486487
MARMANDE,BORDEAUX ST JEAN,20,0.4486486486486487
MARMANDE,BORDEAUX ST JEAN,21,0.439039039039039
MARMANDE,BORDEAUX ST JEAN,22,0.4486486486486487
MARMANDE,BORDEAUX ST JEAN,23,0.45105105105105103
MARMANDE,BORDEAUX ST JEAN,24,0.4490990990990991
MARMANDE,BORDEAUX ST JEAN,25,0.4498498498498499
MARMANDE,BORDEAUX ST JEAN,26,0.4405405405405405
MARMANDE,BORDEAUX ST JEAN,27,0.43930722891566265
MARMANDE,BORDEAUX ST JEAN,28,0.4459337349397591
MARMANDE,BORDEAUX ST JEAN,29,0.42364457831325303
MARMANDE,BORDEAUX ST JEAN,30,0.02363636363636364
MARSEILLE ST CHARLES,AGEN,0,0.8104477611940298
MARSEILLE ST CHARLES,AGEN,1,0.7994029850746269
MARSEILLE ST CHARLES,AGEN,2,0.7661194029850745
MARSEILLE ST CHARLES,AGEN,3,0.7311940298507462
MARSEILLE ST CHARLES,AGEN,4,0.6026865671641791
MARSEILLE ST CHARLES,AGEN,5,0.5825373134328359
MARSEILLE ST CHARLES,AGEN,6,0.5740298507462687
MARSEILLE ST CHARLES,AGEN,7,0.5728358208955224
MARSEILLE ST CHARLES,AGEN,8,0.5835820895522388
MARSEILLE ST CHARLES,AGEN,9,0.5864179104477611
MARSEILLE ST CHARLES,AGEN,10,0.6001492537313433
MARSEILLE ST CHARLES,AGEN,11,0.5986567164179105
MARSEILLE ST CHARLES,AGEN,12,0.48000000000000004
MARSEILLE ST CHARLES,AGEN,13,0.46358208955223884
MARSEILLE ST CHARLES,AGEN,14,0.4540298507462686
MARSEILLE ST CHARLES,AGEN,15,0.4665671641791045
MARSEILLE ST CHARLES,AGEN,16,0.4704477611940298
MARSEILLE ST CHARLES,AGEN,17,0.4704477611940298
MARSEILLE ST CHARLES,AGEN,18,0.4753731343283582
MARSEILLE ST CHARLES,AGEN,19,0.4759701492537313
MARSEILLE ST CHARLES,AGEN,20,0.47940298507462686
MARSEILLE ST CHARLES,AGEN,21,0.48895522388059703
MARSEILLE ST CHARLES,AGEN,22,0.4904477611940299
MARSEILLE ST CHARLES,AGEN,23,0.49074626865671644
MARSEILLE ST CHARLES,AGEN,24,0.48955223880597015
MARSEILLE ST CHARLES,AGEN,25,0.4917910447761194
MARSEILLE ST CHARLES,AGEN,26,0.49462686567164177
MARSEILLE ST CHARLES,AGEN,27,0.4893712574850299
MARSEILLE ST CHARLES,AGEN,28,0.4893393393393393
MARSEILLE ST CHARLES,AGEN,29,0.47912912912912914
MARSEILLE ST CHARLES,AGEN,30,0.018731117824773415
MARSEILLE ST CHARLES,ARLES,0,0.8978193146417445
MARSEILLE ST CHARLES,ARLES,1,0.8653726708074534
MARSEILLE ST CHARLES,ARLES,2,0.8260869565217391
MARSEILLE ST CHARLES,ARLES,3,0.7891304347826087
MARSEILLE ST CHARLES,ARLES,4,0.638664596273292
MARSEILLE ST CHARLES,ARLES,5,0.6090062111801242
MARSEILLE ST CHARLES,ARLES,6,0.613664596273292
MARSEILLE ST CHARLES,ARLES,7,0.6054347826086957
MARSEILLE ST CHARLES,ARLES,8,0.6118012422360248
MARSEILLE ST CHARLES,ARLES,9,0.6088509316770186
MARSEILLE ST CHARLES,ARLES,10,0.6031055900621117
MARSEILLE ST CHARLES,ARLES,11,0.5961180124223602
MARSEILLE ST CHARLES,ARLES,12,0.40947204968944095
MARSEILLE ST CHARLES,ARLES,13,0.38509316770186336
MARSEILLE ST CHARLES,ARLES,14,0.37919254658385093
MARSEILLE ST CHARLES,ARLES,15,0.3894409937888199
MARSEILLE ST CHARLES,ARLES,16,0.3861801242236025
MARSEILLE ST CHARLES,ARLES,17,0.3886645962732919
MARSEILLE ST CHARLES,ARLES,18,0.3967391304347826
MARSEILLE ST CHARLES,ARLES,19,0.393944099378882
MARSEILLE ST CHARLES,ARLES,20,0.39658385093167703
MARSEILLE ST CHARLES,ARLES,21,0.40683229813664595
MARSEILLE ST CHARLES,ARLES,22,0.4077639751552795
MARSEILLE ST CHARLES,ARLES,23,0.41335403726708075
MARSEILLE ST CHARLES,ARLES,24,0.40745341614906827
MARSEILLE ST CHARLES,ARLES,25,0.4063664596273292
MARSEILLE ST CHARLES,ARLES,26,0.4031152647975078
MARSEILLE ST CHARLES,ARLES,27,0.39734375
MARSEILLE ST CHARLES,ARLES,28,0.39921630094043886
MARSEILLE ST CHARLES,ARLES,29,0.3858934169278997
MARSEILLE ST CHARLES,ARLES,30,0.01766561514195584
MARSEILLE ST CHARLES,BEZIERS,0,0.8826086956521739
MARSEILLE ST CHARLES,BEZIERS,1,0.8631884057971014
MARSEILLE ST CHARLES,BEZIERS,2,0.8492753623188406
MARSEILLE ST CHARLES,BEZIERS,3,0.8256521739130436
MARSEILLE ST CHARLES,BEZIERS,4,0.7705797101449277
MARSEILLE ST CHARLES,BEZIERS,5,0.7731884057971015
MARSEILLE ST CHARLES,BEZIERS,6,0.7789855072463768
MARSEILLE ST CHARLES,BEZIERS,7,0.7757971014492753
MARSEILLE ST CHARLES,BEZIERS,8,0.7678260869565217
MARSEILLE ST CHARLES,BEZIERS,9,0.7644927536231884
MARSEILLE ST CHARLES,BEZIERS,10,0.7573913043478261
MARSEILLE ST CHARLES,BEZIERS,11,0.7527536231884058
MARSEILLE ST CHARLES,BEZIERS,12,0.6928985507246377
MARSEILLE ST CHARLES,BEZIERS,13,0.6852173913043479
MARSEILLE ST CHARLES,BEZIERS,14,0.6860869565217391
MARSEILLE ST CHARLES,BEZIERS,15,0.6928985507246377
MARSEILLE ST CHARLES,BEZIERS,16,0.6937681159420289
MARSEILLE ST CHARLES,BEZIERS,17,0.691159420289855
MARSEILLE ST CHARLES,BEZIERS,18,0.6868115942028985
MARSEILLE ST CHARLES,BEZIERS,19,0.6897101449275362
MARSEILLE ST CHARLES,BEZIERS,20,0.6891304347826087
MARSEILLE ST CHARLES,BEZIERS,21,0.6888405797101449
MARSEILLE ST CHARLES,BEZIERS,22,0.6989855072463769
MARSEILLE ST CHARLES,BEZIERS,23,0.7005797101449275
MARSEILLE ST CHARLES,BEZIERS,24,0.7036231884057971
MARSEILLE ST CHARLES,BEZIERS,25,0.7
MARSEILLE ST CHARLES,BEZIERS,26,0.6965217391304348
MARSEILLE ST CHARLES,BEZIERS,27,0.6936046511627907
MARSEILLE ST CHARLES,BEZIERS,28,0.6931686046511628
MARSEILLE ST CHARLES,BEZIERS,29,0.6735465116279069
MARSEILLE ST CHARLES,BEZIERS,30,0.02909356725146199
MARSEILLE ST CHARLES,BORDEAUX ST JEAN,0,0.8182352941176471
MARSEILLE ST CHARLES,BORDEAUX ST JEAN,1,0.8072058823529411
MARSEILLE ST CHARLES,BORDEAUX ST JEAN,2,0.7814705882352941
MARSEILLE ST CHARLES,BORDEAUX ST JEAN,3,0.7394117647058823
MARSEILLE ST CHARLES,BORDEAUX ST JEAN,4,0.6052941176470589
MARSEILLE ST CHARLES,BORDEAUX ST JEAN,5,0.5866176470588235
MARSEILLE ST CHARLES,BORDEAUX ST JEAN,6,0.5795588235294118
MARSEILLE ST CHARLES,BORDEAUX ST JEAN,7,0.5663235294117648
MARSEILLE ST CHARLES,BORDEAUX ST JEAN,8,0.586764705882353
MARSEILLE ST CHARLES,BORDEAUX ST JEAN,9,0.585
MARSEILLE ST CHARLES,BORDEAUX ST JEAN,10,0.5995588235294117
MARSEILLE ST CHARLES,BORDEAUX ST JEAN,11,0.6008823529411765
MARSEILLE ST CHARLES,BORDEAUX ST JEAN,12,0.5044117647058823
MARSEILLE ST CHARLES,BORDEAUX ST JEAN,13,0.49205882352941177
MARSEILLE ST CHARLES,BORDEAUX ST JEAN,14,0.4910294117647058
MARSEILLE ST CHARLES,BORDEAUX ST JEAN,15,0.503235294117647
MARSEILLE ST CHARLES,BORDEAUX ST JEAN,16,0.4951470588235294
MARSEILLE ST CHARLES,BORDEAUX ST JEAN,17,0.4963235294117647
MARSEILLE ST CHARLES,BORDEAUX ST JEAN,18,0.505
MARSEILLE ST CHARLES,BORDEAUX ST JEAN,19,0.5061764705882352
MARSEILLE ST CHARLES,BORDEAUX ST JEAN,20,0.5107352941176471
MARSEILLE ST CHARLES,BORDEAUX ST JEAN,21,0.5125
MARSEILLE ST CHARLES,BORDEAUX ST JEAN,22,0.5172058823529412
MARSEILLE ST CHARLES,BORDEAUX ST JEAN,23,0.5166176470588235
MARSEILLE ST CHARLES,BORDEAUX ST JEAN,24,0.5183823529411765
MARSEILLE ST CHARLES,BORDEAUX ST JEAN,25,0.5188235294117647
MARSEILLE ST CHARLES,BORDEAUX ST JEAN,26,0.5216176470588235
MARSEILLE ST CHARLES,BORDEAUX ST JEAN,27,0.509882005899705
MARSEILLE ST CHARLES,BORDEAUX ST JEAN,28,0.512684365781711
MARSEILLE ST CHARLES,BORDEAUX ST JEAN,29,0.49867256637168145
MARSEILLE ST CHARLES,BORDEAUX ST JEAN,30,0.01795252225519288
MARSEILLE ST CHARLES,CARCASSONNE,0,0.8942363112391931
MARSEILLE ST CHARLES,CARCASSONNE,1,0.8814121037463978
MARSEILLE ST CHARLES,CARCASSONNE,2,0.8636887608069164
MARSEILLE ST CHARLES,CARCASSONNE,3,0.8487031700288185
MARSEILLE ST CHARLES,CARCASSONNE,4,0.8023054755043227
MARSEILLE ST CHARLES,CARCASSONNE,5,0.8063400576368877
MARSEILLE ST CHARLES,CARCASSONNE,6,0.803314121037464
MARSEILLE ST CHARLES,CARCASSONNE,7,0.805763688760807
MARSEILLE ST CHARLES,CARCASSONNE,8,0.7997118155619597
MARSEILLE ST CHARLES,CARCASSONNE,9,0.7952449567723343
MARSEILLE ST CHARLES,CARCASSONNE,10,0.8036023054755044
MARSEILLE ST CHARLES,CARCASSONNE,11,0.80835734870317
MARSEILLE ST CHARLES,CARCASSONNE,12,0.6989913544668588
MARSEILLE ST CHARLES,CARCASSONNE,13,0.6906340057636888
MARSEILLE ST CHARLES,CARCASSONNE,14,0.6945244956772334
MARSEILLE ST CHARLES,CARCASSONNE,15,0.7036023054755043
MARSEILLE ST CHARLES,CARCASSONNE,16,0.7044668587896253
MARSEILLE ST CHARLES,CARCASSONNE,17,0.7046109510086456
MARSEILLE ST CHARLES,CARCASSONNE,18,0.7017291066282421
MARSEILLE ST CHARLES,CARCASSONNE,19,0.7002881844380403
MARSEILLE ST CHARLES,CARCASSONNE,20,0.7028818443804035
MARSEILLE ST CHARLES,CARCASSONNE,21,0.7011527377521615
MARSEILLE ST CHARLES,CARCASSONNE,22,0.7079250720461095
MARSEILLE ST CHARLES,CARCASSONNE,23,0.710806916426513
MARSEILLE ST CHARLES,CARCASSONNE,24,0.7121037463976945
MARSEILLE ST CHARLES,CARCASSONNE,25,0.7119596541786744
MARSEILLE ST CHARLES,CARCASSONNE,26,0.7085014409221901
MARSEILLE ST CHARLES,CARCASSONNE,27,0.7060693641618497
MARSEILLE ST CHARLES,CARCASSONNE,28,0.7030346820809249
MARSEILLE ST CHARLES,CARCASSONNE,29,0.6812138728323699
MARSEILLE ST CHARLES,CARCASSONNE,30,0.034011627906976746
MARSEILLE ST CHARLES,MARMANDE,0,0.6621621621621622
MARSEILLE ST CHARLES,MARMANDE,1,0.6408408408408408
MARSEILLE ST CHARLES,MARMANDE,2,0.6127627627627628
MARSEILLE ST CHARLES,MARMANDE,3,0.583033033033033
MARSEILLE ST CHARLES,MARMANDE,4,0.48588588588588594
MARSEILLE ST CHARLES,MARMANDE,5,0.47792792792792793
MARSEILLE ST CHARLES,MARMANDE,6,0.4801801801801802
MARSEILLE ST CHARLES,MARMANDE,7,0.46276276276276274
MARSEILLE ST CHARLES,MARMANDE,8,0.462012012012012
MARSEILLE ST CHARLES,MARMANDE,9,0.46411411411411413
MARSEILLE ST CHARLES,MARMANDE,10,0.4633633633633634
MARSEILLE ST CHARLES,MARMANDE,11,0.4623123123123123
MARSEILLE ST CHARLES,MARMANDE,12,0.39849849849849844
MARSEILLE ST CHARLES,MARMANDE,13,0.38960843373493975
MARSEILLE ST CHARLES,MARMANDE,14,0.38403614457831325
MARSEILLE ST CHARLES,MARMANDE,15,0.3807228915662651
MARSEILLE ST CHARLES,MARMANDE,16,0.3754518072289157
MARSEILLE ST CHARLES,MARMANDE,17,0.3817771084337349
MARSEILLE ST CHARLES,MARMANDE,18,0.3855421686746988
MARSEILLE ST CHARLES,MARMANDE,19,0.38539156626506027
MARSEILLE ST CHARLES,MARMANDE,20,0.3881024096385542
MARSEILLE ST CHARLES,MARMANDE,21,0.3829819277108434
MARSEILLE ST CHARLES,MARMANDE,22,0.3954819277108434
MARSEILLE ST CHARLES,MARMANDE,23,0.4012048192771084
MARSEILLE ST CHARLES,MARMANDE,24,0.40496987951807223
MARSEILLE ST CHARLES,MARMANDE,25,0.4128012048192771
MARSEILLE ST CHARLES,MARMANDE,26,0.40783132530120486
MARSEILLE ST CHARLES,MARMANDE,27,0.4172205438066465
MARSEILLE ST CHARLES,MARMANDE,28,0.4202416918429003
MARSEILLE ST CHARLES,MARMANDE,29,0.39848942598187315
MARSEILLE ST CHARLES,MARMANDE,30,0.0182370820668693
MARSEILLE ST CHARLES,MONTAUBAN VILLE BOURBON,0,0.8104411764705882
MARSEILLE ST CHARLES,MONTAUBAN VILLE BOURBON,1,0.8039705882352942
MARSEILLE ST CHARLES,MONTAUBAN VILLE BOURBON,2,0.7797058823529412
MARSEILLE ST CHARLES,MONTAUBAN VILLE BOURBON,3,0.7369117647058824
MARSEILLE ST CHARLES,MONTAUBAN VILLE BOURBON,4,0.6030882352941177
MARSEILLE ST CHARLES,MONTAUBAN VILLE BOURBON,5,0.586764705882353
MARSEILLE ST CHARLES,MONTAUBAN VILLE BOURBON,6,0.5811764705882353
MARSEILLE ST CHARLES,MONTAUBAN VILLE BOURBON,7,0.5720588235294117
MARSEILLE ST CHARLES,MONTAUBAN VILLE BOURBON,8,0.5863235294117647
MARSEILLE ST CHARLES,MONTAUBAN VILLE BOURBON,9,0.5880882352941176
MARSEILLE ST CHARLES,MONTAUBAN VILLE BOURBON,10,0.6013235294117647
MARSEILLE ST CHARLES,MONTAUBAN VILLE BOURBON,11,0.6025
MARSEILLE ST CHARLES,MONTAUBAN VILLE BOURBON,12,0.506764705882353
MARSEILLE ST CHARLES,MONTAUBAN VILLE BOURBON,13,0.49323529411764705
MARSEILLE ST CHARLES,MONTAUBAN VILLE BOURBON,14,0.4908823529411765
MARSEILLE ST CHARLES,MONTAUBAN VILLE BOURBON,15,0.5039705882352941
MARSEILLE ST CHARLES,MONTAUBAN VILLE BOURBON,16,0.49735294117647055
MARSEILLE ST CHARLES,MONTAUBAN VILLE BOURBON,17,0.4976470588235294
MARSEILLE ST CHARLES,MONTAUBAN VILLE BOURBON,18,0.5088235294117647
MARSEILLE ST CHARLES,MONTAUBAN VILLE BOURBON,19,0.5038235294117648
MARSEILLE ST CHARLES,MONTAUBAN VILLE BOURBON,20,0.5089705882352942
MARSEILLE ST CHARLES,MONTAUBAN VILLE BOURBON,21,0.5111764705882353
MARSEILLE ST CHARLES,MONTAUBAN VILLE BOURBON,22,0.5138235294117647
MARSEILLE ST CHARLES,MONTAUBAN VILLE BOURBON,23,0.5154411764705882
MARSEILLE ST CHARLES,MONTAUBAN VILLE BOURBON,24,0.5194117647058824
MARSEILLE ST CHARLES,MONTAUBAN VILLE BOURBON,25,0.5163235294117647
MARSEILLE ST CHARLES,MONTAUBAN VILLE BOURBON,26,0.5186764705882353
MARSEILLE ST CHARLES,MONTAUBAN VILLE BOURBON,27,0.5107669616519174
MARSEILLE ST CHARLES,MONTAUBAN VILLE BOURBON,28,0.513126843657817
MARSEILLE ST CHARLES,MONTAUBAN VILLE BOURBON,29,0.5004424778761062
MARSEILLE ST CHARLES,MONTAUBAN VILLE BOURBON,30,0.017507418397626113
MARSEILLE ST CHARLES,MONTPELLIER SAINT ROCH,0,0.9268011527377522
MARSEILLE ST CHARLES,MONTPELLIER SAINT ROCH,1,0.9079250720461095
MARSEILLE ST CHARLES,MONTPELLIER SAINT ROCH,2,0.8943804034582133
MARSEILLE ST CHARLES,MONTPELLIER SAINT ROCH,3,0.869884726224784
MARSEILLE ST CHARLES,MONTPELLIER SAINT ROCH,4,0.8041786743515851
MARSEILLE ST CHARLES,MONTPELLIER SAINT ROCH,5,0.8030259365994236
MARSEILLE ST CHARLES,MONTPELLIER SAINT ROCH,6,0.8070605187319885
MARSEILLE ST CHARLES,MONTPELLIER SAINT ROCH,7,0.8082132564841499
MARSEILLE ST CHARLES,MONTPELLIER SAINT ROCH,8,0.8023054755043227
MARSEILLE ST CHARLES,MONTPELLIER SAINT ROCH,9,0.7962536023054755
MARSEILLE ST CHARLES,MONTPELLIER SAINT ROCH,10,0.7880403458213256
MARSEILLE ST CHARLES,MONTPELLIER SAINT ROCH,11,0.7863112391930837
MARSEILLE ST CHARLES,MONTPELLIER SAINT ROCH,12,0.6988472622478387
MARSEILLE ST CHARLES,MONTPELLIER SAINT ROCH,13,0.6963976945244957
MARSEILLE ST CHARLES,MONTPELLIER SAINT ROCH,14,0.6974063400576369
MARSEILLE ST CHARLES,MONTPELLIER SAINT ROCH,15,0.7072046109510086
MARSEILLE ST CHARLES,MONTPELLIER SAINT ROCH,16,0.7096541786743515
MARSEILLE ST CHARLES,MONTPELLIER SAINT ROCH,17,0.7073487031700287
MARSEILLE ST CHARLES,MONTPELLIER SAINT ROCH,18,0.7038904899135446
MARSEILLE ST CHARLES,MONTPELLIER SAINT ROCH,19,0.704178674351585
MARSEILLE ST CHARLES,MONTPELLIER SAINT ROCH,20,0.7069164265129684
MARSEILLE ST CHARLES,MONTPELLIER SAINT ROCH,21,0.7056195965417867
MARSEILLE ST CHARLES,MONTPELLIER SAINT ROCH,22,0.715850144092219
MARSEILLE ST CHARLES,MONTPELLIER SAINT ROCH,23,0.7151296829971182
MARSEILLE ST CHARLES,MONTPELLIER SAINT ROCH,24,0.7157060518731988
MARSEILLE ST CHARLES,MONTPELLIER SAINT ROCH,25,0.7112391930835735
MARSEILLE ST CHARLES,MONTPELLIER SAINT ROCH,26,0.7063400576368876
MARSEILLE ST CHARLES,MONTPELLIER SAINT ROCH,27,0.7056358381502891
MARSEILLE ST CHARLES,MONTPELLIER SAINT ROCH,28,0.7052023121387283
MARSEILLE ST CHARLES,MONTPELLIER SAINT ROCH,29,0.6817919075144508
MARSEILLE ST CHARLES,MONTPELLIER SAINT ROCH,30,0.032848837209302324
MARSEILLE ST CHARLES,NARBONNE,0,0.8874639769452449
MARSEILLE ST CHARLES,NARBONNE,1,0.8802593659942363
MARSEILLE ST CHARLES,NARBONNE,2,0.8622478386167146
MARSEILLE ST CHARLES,NARBONNE,3,0.848414985590778
MARSEILLE ST CHARLES,NARBONNE,4,0.801729106628242
MARSEILLE ST CHARLES,NARBONNE,5,0.8067723342939481
MARSEILLE ST CHARLES,NARBONNE,6,0.8034582132564841
MARSEILLE ST CHARLES,NARBONNE,7,0.8020172910662825
MARSEILLE ST CHARLES,NARBONNE,8,0.7978386167146975
MARSEILLE ST CHARLES,NARBONNE,9,0.7927953890489914
MARSEILLE ST CHARLES,NARBONNE,10,0.8036023054755044
MARSEILLE ST CHARLES,NARBONNE,11,0.8041786743515851
MARSEILLE ST CHARLES,NARBONNE,12,0.7007204610951009
MARSEILLE ST CHARLES,NARBONNE,13,0.6935158501440922
MARSEILLE ST CHARLES,NARBONNE,14,0.6948126801152738
MARSEILLE ST CHARLES,NARBONNE,15,0.7036023054755043
MARSEILLE ST CHARLES,NARBONNE,16,0.7038904899135446
MARSEILLE ST CHARLES,NARBONNE,17,0.7020172910662824
MARSEILLE ST CHARLES,NARBONNE,18,0.6988472622478387
MARSEILLE ST CHARLES,NARBONNE,19,0.7001440922190202
MARSEILLE ST CHARLES,NARBONNE,20,0.7034582132564842
MARSEILLE ST CHARLES,NARBONNE,21,0.7018731988472623
MARSEILLE ST CHARLES,NARBONNE,22,0.7093659942363113
MARSEILLE ST CHARLES,NARBONNE,23,0.7103746397694525
MARSEILLE ST CHARLES,NARBONNE,24,0.7109510086455331
MARSEILLE ST CHARLES,NARBONNE,25,0.7113832853025936
MARSEILLE ST CHARLES,NARBONNE,26,0.7064841498559078
MARSEILLE ST CHARLES,NARBONNE,27,0.7059248554913294
MARSEILLE ST CHARLES,NARBONNE,28,0.7030346820809249
MARSEILLE ST CHARLES,NARBONNE,29,0.6778901734104046
MARSEILLE ST CHARLES,NARBONNE,30,0.03386627906976744
MARSEILLE ST CHARLES,NIMES CENTRE,0,0.9263688760806916
MARSEILLE ST CHARLES,NIMES CENTRE,1,0.9148414985590778
MARSEILLE ST CHARLES,NIMES CENTRE,2,0.8989913544668587
MARSEILLE ST CHARLES,NIMES CENTRE,3,0.8721902017291066
MARSEILLE ST CHARLES,NIMES CENTRE,4,0.8015850144092218
MARSEILLE ST CHARLES,NIMES CENTRE,5,0.8015850144092218
MARSEILLE ST CHARLES,NIMES CENTRE,6,0.8059077809798271
MARSEILLE ST CHARLES,NIMES CENTRE,7,0.8067723342939481
MARSEILLE ST CHARLES,NIMES CENTRE,8,0.8011527377521613
MARSEILLE ST CHARLES,NIMES CENTRE,9,0.7953890489913544
MARSEILLE ST CHARLES,NIMES CENTRE,10,0.7886167146974062
MARSEILLE ST CHARLES,NIMES CENTRE,11,0.7855907780979827
MARSEILLE ST CHARLES,NIMES CENTRE,12,0.696685878962536
MARSEILLE ST CHARLES,NIMES CENTRE,13,0.69164265129683
MARSEILLE ST CHARLES,NIMES CENTRE,14,0.6962536023054755
MARSEILLE ST CHARLES,NIMES CENTRE,15,0.7070605187319885
MARSEILLE ST CHARLES,NIMES CENTRE,16,0.7092219020172911
MARSEILLE ST CHARLES,NIMES CENTRE,17,0.7079250720461095
MARSEILLE ST CHARLES,NIMES CENTRE,18,0.7038904899135446
MARSEILLE ST CHARLES,NIMES CENTRE,19,0.7053314121037464
MARSEILLE ST CHARLES,NIMES CENTRE,20,0.7073487031700287
MARSEILLE ST CHARLES,NIMES CENTRE,21,0.7063400576368876
MARSEILLE ST CHARLES,NIMES CENTRE,22,0.715850144092219
MARSEILLE ST CHARLES,NIMES CENTRE,23,0.7159942363112392
MARSEILLE ST CHARLES,NIMES CENTRE,24,0.714265129682997
MARSEILLE ST CHARLES,NIMES CENTRE,25,0.7092219020172911
MARSEILLE ST CHARLES,NIMES CENTRE,26,0.7056195965417867
MARSEILLE ST CHARLES,NIMES CENTRE,27,0.7040462427745665
MARSEILLE ST CHARLES,NIMES CENTRE,28,0.7046242774566475
MARSEILLE ST CHARLES,NIMES CENTRE,29,0.6797687861271676
MARSEILLE ST CHARLES,NIMES CENTRE,30,0.03793604651162791
MARSEILLE ST CHARLES,SETE,0,0.8892523364485981
MARSEILLE ST CHARLES,SETE,1,0.859472049689441
MARSEILLE ST CHARLES,SETE,2,0.8229813664596274
MARSEILLE ST CHARLES,SETE,3,0.7950310559006211
MARSEILLE ST CHARLES,SETE,4,0.6305900621118012
MARSEILLE ST CHARLES,SETE,5,0.6062111801242236
MARSEILLE ST CHARLES,SETE,6,0.6119565217391305
MARSEILLE ST CHARLES,SETE,7,0.6043478260869565
MARSEILLE ST CHARLES,SETE,8,0.6063664596273292
MARSEILLE ST CHARLES,SETE,9,0.6057453416149069
MARSEILLE ST CHARLES,SETE,10,0.6027950310559006
MARSEILLE ST CHARLES,SETE,11,0.59472049689441
MARSEILLE ST CHARLES,SETE,12,0.40574534161490683
MARSEILLE ST CHARLES,SETE,13,0.38571428571428573
MARSEILLE ST CHARLES,SETE,14,0.377639751552795
MARSEILLE ST CHARLES,SETE,15,0.3892857142857143
MARSEILLE ST CHARLES,SETE,16,0.3841614906832298
MARSEILLE ST CHARLES,SETE,17,0.3889751552795031
MARSEILLE ST CHARLES,SETE,18,0.3961180124223602
MARSEILLE ST CHARLES,SETE,19,0.3940993788819876
MARSEILLE ST CHARLES,SETE,20,0.39627329192546584
MARSEILLE ST CHARLES,SETE,21,0.4052795031055901
MARSEILLE ST CHARLES,SETE,22,0.4083850931677019
MARSEILLE ST CHARLES,SETE,23,0.4136645962732919
MARSEILLE ST CHARLES,SETE,24,0.4096273291925466
MARSEILLE ST CHARLES,SETE,25,0.40947204968944095
MARSEILLE ST CHARLES,SETE,26,0.40342679127725856
MARSEILLE ST CHARLES,SETE,27,0.39828125000000003
MARSEILLE ST CHARLES,SETE,28,0.40094043887147335
MARSEILLE ST CHARLES,SETE,29,0.3869905956112853
MARSEILLE ST CHARLES,SETE,30,0.013722397476340693
MARSEILLE ST CHARLES,TOULOUSE MATABIAU,0,0.8923631123919308
MARSEILLE ST CHARLES,TOULOUSE MATABIAU,1,0.8825648414985591
MARSEILLE ST CHARLES,TOULOUSE MATABIAU,2,0.8665706051873199
MARSEILLE ST CHARLES,TOULOUSE MATABIAU,3,0.8514409221902017
MARSEILLE ST CHARLES,TOULOUSE MATABIAU,4,0.8067723342939481
MARSEILLE ST CHARLES,TOULOUSE MATABIAU,5,0.8076368876080692
MARSEILLE ST CHARLES,TOULOUSE MATABIAU,6,0.8059077809798271
MARSEILLE ST CHARLES,TOULOUSE MATABIAU,7,0.8056195965417868
MARSEILLE ST CHARLES,TOULOUSE MATABIAU,8,0.7989913544668588
MARSEILLE ST CHARLES,TOULOUSE MATABIAU,9,0.7948126801152738
MARSEILLE ST CHARLES,TOULOUSE MATABIAU,10,0.8044668587896253
MARSEILLE ST CHARLES,TOULOUSE MATABIAU,11,0.8089337175792507
MARSEILLE ST CHARLES,TOULOUSE MATABIAU,12,0.7010086455331412
MARSEILLE ST CHARLES,TOULOUSE MATABIAU,13,0.6935158501440922
MARSEILLE ST CHARLES,TOULOUSE MATABIAU,14,0.6953890489913545
MARSEILLE ST CHARLES,TOULOUSE MATABIAU,15,0.7018731988472623
MARSEILLE ST CHARLES,TOULOUSE MATABIAU,16,0.7034582132564842
MARSEILLE ST CHARLES,TOULOUSE MATABIAU,17,0.7031700288184438
MARSEILLE ST CHARLES,TOULOUSE MATABIAU,18,0.7004322766570605
MARSEILLE ST CHARLES,TOULOUSE MATABIAU,19,0.7005763688760807
MARSEILLE ST CHARLES,TOULOUSE MATABIAU,20,0.7025936599423631
MARSEILLE ST CHARLES,TOULOUSE MATABIAU,21,0.7017291066282421
MARSEILLE ST CHARLES,TOULOUSE MATABIAU,22,0.7079250720461095
MARSEILLE ST CHARLES,TOULOUSE MATABIAU,23,0.7105187319884727
MARSEILLE ST CHARLES,TOULOUSE MATABIAU,24,0.7112391930835735
MARSEILLE ST CHARLES,TOULOUSE MATABIAU,25,0.7122478386167147
MARSEILLE ST CHARLES,TOULOUSE MATABIAU,26,0.7054755043227666
MARSEILLE ST CHARLES,TOULOUSE MATABIAU,27,0.7054913294797688
MARSEILLE ST CHARLES,TOULOUSE MATABIAU,28,0.7036127167630057
MARSEILLE ST CHARLES,TOULOUSE MATABIAU,29,0.6826589595375723
MARSEILLE ST CHARLES,TOULOUSE MATABIAU,30,0.025436046511627907
MONTAUBAN VILLE BOURBON,AGEN,0,0.9355263157894737
MONTAUBAN VILLE BOURBON,AGEN,1,0.9390350877192982
MONTAUBAN VILLE BOURBON,AGEN,2,0.9342105263157895
MONTAUBAN VILLE BOURBON,AGEN,3,0.9381578947368422
MONTAUBAN VILLE BOURBON,AGEN,4,0.9182748538011696
MONTAUBAN VILLE BOURBON,AGEN,5,0.918421052631579
MONTAUBAN VILLE BOURBON,AGEN,6,0.9197368421052632
MONTAUBAN VILLE BOURBON,AGEN,7,0.9084795321637427
MONTAUBAN VILLE BOURBON,AGEN,8,0.9011695906432748
MONTAUBAN VILLE BOURBON,AGEN,9,0.8961988304093568
MONTAUBAN VILLE BOURBON,AGEN,10,0.8894736842105263
MONTAUBAN VILLE BOURBON,AGEN,11,0.8881578947368421
MONTAUBAN VILLE BOURBON,AGEN,12,0.7223684210526317
MONTAUBAN VILLE BOURBON,AGEN,13,0.7043859649122807
MONTAUBAN VILLE BOURBON,AGEN,14,0.6986842105263158
MONTAUBAN VILLE BOURBON,AGEN,15,0.7068713450292398
MONTAUBAN VILLE BOURBON,AGEN,16,0.702046783625731
MONTAUBAN VILLE BOURBON,AGEN,17,0.7042397660818713
MONTAUBAN VILLE BOURBON,AGEN,18,0.7144736842105263
MONTAUBAN VILLE BOURBON,AGEN,19,0.7046783625730995
MONTAUBAN VILLE BOURBON,AGEN,20,0.7019005847953217
MONTAUBAN VILLE BOURBON,AGEN,21,0.7026315789473685
MONTAUBAN VILLE BOURBON,AGEN,22,0.6948830409356725
MONTAUBAN VILLE BOURBON,AGEN,23,0.68406432748538
MONTAUBAN VILLE BOURBON,AGEN,24,0.685672514619883
MONTAUBAN VILLE BOURBON,AGEN,25,0.6842105263157895
MONTAUBAN VILLE BOURBON,AGEN,26,0.6862573099415205
MONTAUBAN VILLE BOURBON,AGEN,27,0.6781524926686217
MONTAUBAN VILLE BOURBON,AGEN,28,0.6714076246334311
MONTAUBAN VILLE BOURBON,AGEN,29,0.6461876832844574
MONTAUBAN VILLE BOURBON,AGEN,30,0.03185840707964602
MONTAUBAN VILLE BOURBON,BORDEAUX ST JEAN,0,0.9533430232558139
MONTAUBAN VILLE BOURBON,BORDEAUX ST JEAN,1,0.957703488372093
MONTAUBAN VILLE BOURBON,BORDEAUX ST JEAN,2,0.9601744186046512
MONTAUBAN VILLE BOURBON,BORDEAUX ST JEAN,3,0.957703488372093
MONTAUBAN VILLE BOURBON,BORDEAUX ST JEAN,4,0.9559593023255815
MONTAUBAN VILLE BOURBON,BORDEAUX ST JEAN,5,0.9579941860465117
MONTAUBAN VILLE BOURBON,BORDEAUX ST JEAN,6,0.9555232558139535
MONTAUBAN VILLE BOURBON,BORDEAUX ST JEAN,7,0.9436046511627908
MONTAUBAN VILLE BOURBON,BORDEAUX ST JEAN,8,0.9376453488372093
MONTAUBAN VILLE BOURBON,BORDEAUX ST JEAN,9,0.9338662790697675
MONTAUBAN VILLE BOURBON,BORDEAUX ST JEAN,10,0.9257267441860465
MONTAUBAN VILLE BOURBON,BORDEAUX ST JEAN,11,0.9296511627906977
MONTAUBAN VILLE BOURBON,BORDEAUX ST JEAN,12,0.7828488372093023
MONTAUBAN VILLE BOURBON,BORDEAUX ST JEAN,13,0.7656976744186046
MONTAUBAN VILLE BOURBON,BORDEAUX ST JEAN,14,0.7559593023255814
MONTAUBAN VILLE BOURBON,BORDEAUX ST JEAN,15,0.7607558139534883
MONTAUBAN VILLE BOURBON,BORDEAUX ST JEAN,16,0.751453488372093
MONTAUBAN VILLE BOURBON,BORDEAUX ST JEAN,17,0.7465116279069768
MONTAUBAN VILLE BOURBON,BORDEAUX ST JEAN,18,0.751453488372093
MONTAUBAN VILLE BOURBON,BORDEAUX ST JEAN,19,0.740843023255814
MONTAUBAN VILLE BOURBON,BORDEAUX ST JEAN,20,0.7360465116279069
MONTAUBAN VILLE BOURBON,BORDEAUX ST JEAN,21,0.7325581395348837
MONTAUBAN VILLE BOURBON,BORDEAUX ST JEAN,22,0.7267441860465116
MONTAUBAN VILLE BOURBON,BORDEAUX ST JEAN,23,0.7145348837209302
MONTAUBAN VILLE BOURBON,BORDEAUX ST JEAN,24,0.7200581395348837
MONTAUBAN VILLE BOURBON,BORDEAUX ST JEAN,25,0.7126453488372093
MONTAUBAN VILLE BOURBON,BORDEAUX ST JEAN,26,0.7161337209302325
MONTAUBAN VILLE BOURBON,BORDEAUX ST JEAN,27,0.7011661807580175
MONTAUBAN VILLE BOURBON,BORDEAUX ST JEAN,28,0.6953352769679301
MONTAUBAN VILLE BOURBON,BORDEAUX ST JEAN,29,0.6685131195335278
MONTAUBAN VILLE BOURBON,BORDEAUX ST JEAN,30,0.03240469208211144
MONTAUBAN VILLE BOURBON,MARMANDE,0,0.9458083832335329
MONTAUBAN VILLE BOURBON,MARMANDE,1,0.9468562874251497
MONTAUBAN VILLE BOURBON,MARMANDE,2,0.9444610778443113
MONTAUBAN VILLE BOURBON,MARMANDE,3,0.9303892215568862
MONTAUBAN VILLE BOURBON,MARMANDE,4,0.8797904191616767
MONTAUBAN VILLE BOURBON,MARMANDE,5,0.86062874251497
MONTAUBAN VILLE BOURBON,MARMANDE,6,0.8546407185628743
MONTAUBAN VILLE BOURBON,MARMANDE,7,0.8170658682634729
MONTAUBAN VILLE BOURBON,MARMANDE,8,0.7959580838323354
MONTAUBAN VILLE BOURBON,MARMANDE,9,0.780688622754491
MONTAUBAN VILLE BOURBON,MARMANDE,10,0.7494011976047904
MONTAUBAN VILLE BOURBON,MARMANDE,11,0.7446107784431137
MONTAUBAN VILLE BOURBON,MARMANDE,12,0.5618263473053893
MONTAUBAN VILLE BOURBON,MARMANDE,13,0.5337837837837838
MONTAUBAN VILLE BOURBON,MARMANDE,14,0.5133633633633633
MONTAUBAN VILLE BOURBON,MARMANDE,15,0.5
MONTAUBAN VILLE BOURBON,MARMANDE,16,0.48528528528528525
MONTAUBAN VILLE BOURBON,MARMANDE,17,0.48558558558558557
MONTAUBAN VILLE BOURBON,MARMANDE,18,0.48558558558558557
MONTAUBAN VILLE BOURBON,MARMANDE,19,0.47327327327327323
MONTAUBAN VILLE BOURBON,MARMANDE,20,0.46906906906906903
MONTAUBAN VILLE BOURBON,MARMANDE,21,0.4593093093093093
MONTAUBAN VILLE BOURBON,MARMANDE,22,0.46411411411411413
MONTAUBAN VILLE BOURBON,MARMANDE,23,0.4617117117117117
MONTAUBAN VILLE BOURBON,MARMANDE,24,0.45960960960960967
MONTAUBAN VILLE BOURBON,MARMANDE,25,0.4584084084084084
MONTAUBAN VILLE BOURBON,MARMANDE,26,0.4462462462462462
MONTAUBAN VILLE BOURBON,MARMANDE,27,0.4457831325301205
MONTAUBAN VILLE BOURBON,MARMANDE,28,0.4509036144578313
MONTAUBAN VILLE BOURBON,MARMANDE,29,0.4195783132530121
MONTAUBAN VILLE BOURBON,MARMANDE,30,0.024696969696969696
MONTPELLIER SAINT ROCH,AGEN,0,0.861094674556213
MONTPELLIER SAINT ROCH,AGEN,1,0.8554733727810651
MONTPELLIER SAINT ROCH,AGEN,2,0.8201183431952662
MONTPELLIER SAINT ROCH,AGEN,3,0.8022189349112425
MONTPELLIER SAINT ROCH,AGEN,4,0.729585798816568
MONTPELLIER SAINT ROCH,AGEN,5,0.7211538461538461
MONTPELLIER SAINT ROCH,AGEN,6,0.7226331360946746
MONTPELLIER SAINT ROCH,AGEN,7,0.7284023668639052
MONTPELLIER SAINT ROCH,AGEN,8,0.7310650887573964
MONTPELLIER SAINT ROCH,AGEN,9,0.733284023668639
MONTPELLIER SAINT ROCH,AGEN,10,0.7409763313609468
MONTPELLIER SAINT ROCH,AGEN,11,0.7363905325443787
MONTPELLIER SAINT ROCH,AGEN,12,0.5865384615384616
MONTPELLIER SAINT ROCH,AGEN,13,0.5773668639053254
MONTPELLIER SAINT ROCH,AGEN,14,0.5760355029585799
MONTPELLIER SAINT ROCH,AGEN,15,0.5831360946745562
MONTPELLIER SAINT ROCH,AGEN,16,0.587869822485207
MONTPELLIER SAINT ROCH,AGEN,17,0.5942307692307692
MONTPELLIER SAINT ROCH,AGEN,18,0.6026627218934911
MONTPELLIER SAINT ROCH,AGEN,19,0.5920118343195266
MONTPELLIER SAINT ROCH,AGEN,20,0.592603550295858
MONTPELLIER SAINT ROCH,AGEN,21,0.5997041420118343
MONTPELLIER SAINT ROCH,AGEN,22,0.6063609467455621
MONTPELLIER SAINT ROCH,AGEN,23,0.6017751479289941
MONTPELLIER SAINT ROCH,AGEN,24,0.6068047337278106
MONTPELLIER SAINT ROCH,AGEN,25,0.6088757396449704
MONTPELLIER SAINT ROCH,AGEN,26,0.6122781065088757
MONTPELLIER SAINT ROCH,AGEN,27,0.6089020771513353
MONTPELLIER SAINT ROCH,AGEN,28,0.6032640949554896
MONTPELLIER SAINT ROCH,AGEN,29,0.5921364985163206
MONTPELLIER SAINT ROCH,AGEN,30,0.01835820895522388
MONTPELLIER SAINT ROCH,BEZIERS,0,0.8865994236311239
MONTPELLIER SAINT ROCH,BEZIERS,1,0.8750720461095101
MONTPELLIER SAINT ROCH,BEZIERS,2,0.870893371757925
MONTPELLIER SAINT ROCH,BEZIERS,3,0.8533141210374641
MONTPELLIER SAINT ROCH,BEZIERS,4,0.7994236311239192
MONTPELLIER SAINT ROCH,BEZIERS,5,0.8138328530259366
MONTPELLIER SAINT ROCH,BEZIERS,6,0.8231988472622478
MONTPELLIER SAINT ROCH,BEZIERS,7,0.820749279538905
MONTPELLIER SAINT ROCH,BEZIERS,8,0.8090778097982709
MONTPELLIER SAINT ROCH,BEZIERS,9,0.8063400576368877
MONTPELLIER SAINT ROCH,BEZIERS,10,0.8053314121037464
MONTPELLIER SAINT ROCH,BEZIERS,11,0.803314121037464
MONTPELLIER SAINT ROCH,BEZIERS,12,0.7466858789625361
MONTPELLIER SAINT ROCH,BEZIERS,13,0.7384726224783862
MONTPELLIER SAINT ROCH,BEZIERS,14,0.7446685878962536
MONTPELLIER SAINT ROCH,BEZIERS,15,0.742507204610951
MONTPELLIER SAINT ROCH,BEZIERS,16,0.745821325648415
MONTPELLIER SAINT ROCH,BEZIERS,17,0.7462536023054754
MONTPELLIER SAINT ROCH,BEZIERS,18,0.7429394812680116
MONTPELLIER SAINT ROCH,BEZIERS,19,0.739193083573487
MONTPELLIER SAINT ROCH,BEZIERS,20,0.7348703170028819
MONTPELLIER SAINT ROCH,BEZIERS,21,0.7435158501440923
MONTPELLIER SAINT ROCH,BEZIERS,22,0.7512968299711815
MONTPELLIER SAINT ROCH,BEZIERS,23,0.7527377521613833
MONTPELLIER SAINT ROCH,BEZIERS,24,0.7572046109510087
MONTPELLIER SAINT ROCH,BEZIERS,25,0.754178674351585
MONTPELLIER SAINT ROCH,BEZIERS,26,0.7544668587896254
MONTPELLIER SAINT ROCH,BEZIERS,27,0.7459537572254336
MONTPELLIER SAINT ROCH,BEZIERS,28,0.742485549132948
MONTPELLIER SAINT ROCH,BEZIERS,29,0.7199421965317919
MONTPELLIER SAINT ROCH,BEZIERS,30,0.031540697674418604
MONTPELLIER SAINT ROCH,BORDEAUX ST JEAN,0,0.8565597667638485
MONTPELLIER SAINT ROCH,BORDEAUX ST JEAN,1,0.8513119533527697
MONTPELLIER SAINT ROCH,BORDEAUX ST JEAN,2,0.8217201166180759
MONTPELLIER SAINT ROCH,BORDEAUX ST JEAN,3,0.8002915451895044
MONTPELLIER SAINT ROCH,BORDEAUX ST JEAN,4,0.7252186588921283
MONTPELLIER SAINT ROCH,BORDEAUX ST JEAN,5,0.7214285714285714
MONTPELLIER SAINT ROCH,BORDEAUX ST JEAN,6,0.7182215743440233
MONTPELLIER SAINT ROCH,BORDEAUX ST JEAN,7,0.7214285714285714
MONTPELLIER SAINT ROCH,BORDEAUX ST JEAN,8,0.724927113702624
MONTPELLIER SAINT ROCH,BORDEAUX ST JEAN,9,0.7295918367346939
MONTPELLIER SAINT ROCH,BORDEAUX ST JEAN,10,0.7365889212827988
MONTPELLIER SAINT ROCH,BORDEAUX ST JEAN,11,0.7384839650145772
MONTPELLIER SAINT ROCH,BORDEAUX ST JEAN,12,0.6030612244897959
MONTPELLIER SAINT ROCH,BORDEAUX ST JEAN,13,0.5884839650145772
MONTPELLIER SAINT ROCH,BORDEAUX ST JEAN,14,0.5900874635568514
MONTPELLIER SAINT ROCH,BORDEAUX ST JEAN,15,0.5986880466472303
MONTPELLIER SAINT ROCH,BORDEAUX ST JEAN,16,0.6026239067055393
MONTPELLIER SAINT ROCH,BORDEAUX ST JEAN,17,0.6065597667638485
MONTPELLIER SAINT ROCH,BORDEAUX ST JEAN,18,0.6188046647230321
MONTPELLIER SAINT ROCH,BORDEAUX ST JEAN,19,0.6061224489795919
MONTPELLIER SAINT ROCH,BORDEAUX ST JEAN,20,0.6037900874635568
MONTPELLIER SAINT ROCH,BORDEAUX ST JEAN,21,0.6115160349854227
MONTPELLIER SAINT ROCH,BORDEAUX ST JEAN,22,0.6164723032069971
MONTPELLIER SAINT ROCH,BORDEAUX ST JEAN,23,0.6138483965014577
MONTPELLIER SAINT ROCH,BORDEAUX ST JEAN,24,0.6206997084548105
MONTPELLIER SAINT ROCH,BORDEAUX ST JEAN,25,0.6236151603498542
MONTPELLIER SAINT ROCH,BORDEAUX ST JEAN,26,0.6249271137026239
MONTPELLIER SAINT ROCH,BORDEAUX ST JEAN,27,0.6166666666666667
MONTPELLIER SAINT ROCH,BORDEAUX ST JEAN,28,0.6154970760233918
MONTPELLIER SAINT ROCH,BORDEAUX ST JEAN,29,0.5983918128654971
MONTPELLIER SAINT ROCH,BORDEAUX ST JEAN,30,0.01852941176470588
MONTPELLIER SAINT ROCH,CARCASSONNE,0,0.9146551724137931
MONTPELLIER SAINT ROCH,CARCASSONNE,1,0.9150862068965517
MONTPELLIER SAINT ROCH,CARCASSONNE,2,0.900574712643678
MONTPELLIER SAINT ROCH,CARCASSONNE,3,0.8829022988505747
MONTPELLIER SAINT ROCH,CARCASSONNE,4,0.8298850574712644
MONTPELLIER SAINT ROCH,CARCASSONNE,5,0.8331896551724137
MONTPELLIER SAINT ROCH,CARCASSONNE,6,0.837212643678161
MONTPELLIER SAINT ROCH,CARCASSONNE,7,0.834051724137931
MONTPELLIER SAINT ROCH,CARCASSONNE,8,0.8261494252873564
MONTPELLIER SAINT ROCH,CARCASSONNE,9,0.828448275862069
MONTPELLIER SAINT ROCH,CARCASSONNE,10,0.8265804597701149
MONTPELLIER SAINT ROCH,CARCASSONNE,11,0.8257183908045977
MONTPELLIER SAINT ROCH,CARCASSONNE,12,0.7550287356321839
MONTPELLIER SAINT ROCH,CARCASSONNE,13,0.748419540229885
MONTPELLIER SAINT ROCH,CARCASSONNE,14,0.7520114942528735
MONTPELLIER SAINT ROCH,CARCASSONNE,15,0.7626436781609195
MONTPELLIER SAINT ROCH,CARCASSONNE,16,0.7650862068965517
MONTPELLIER SAINT ROCH,CARCASSONNE,17,0.7640804597701149
MONTPELLIER SAINT ROCH,CARCASSONNE,18,0.7600574712643678
MONTPELLIER SAINT ROCH,CARCASSONNE,19,0.7538793103448277
MONTPELLIER SAINT ROCH,CARCASSONNE,20,0.7511494252873563
MONTPELLIER SAINT ROCH,CARCASSONNE,21,0.7581896551724139
MONTPELLIER SAINT ROCH,CARCASSONNE,22,0.7665229885057471
MONTPELLIER SAINT ROCH,CARCASSONNE,23,0.7709770114942529
MONTPELLIER SAINT ROCH,CARCASSONNE,24,0.7685344827586207
MONTPELLIER SAINT ROCH,CARCASSONNE,25,0.7704022988505748
MONTPELLIER SAINT ROCH,CARCASSONNE,26,0.7676724137931034
MONTPELLIER SAINT ROCH,CARCASSONNE,27,0.7612391930835735
MONTPELLIER SAINT ROCH,CARCASSONNE,28,0.7553314121037464
MONTPELLIER SAINT ROCH,CARCASSONNE,29,0.7259365994236311
MONTPELLIER SAINT ROCH,CARCASSONNE,30,0.034057971014492754
MONTPELLIER SAINT ROCH,MARMANDE,0,0.6662162162162162
MONTPELLIER SAINT ROCH,MARMANDE,1,0.6384384384384384
MONTPELLIER SAINT ROCH,MARMANDE,2,0.6073573573573574
MONTPELLIER SAINT ROCH,MARMANDE,3,0.5816816816816817
MONTPELLIER SAINT ROCH,MARMANDE,4,0.48408408408408404
MONTPELLIER SAINT ROCH,MARMANDE,5,0.47897897897897895
MONTPELLIER SAINT ROCH,MARMANDE,6,0.4767267267267267
MONTPELLIER SAINT ROCH,MARMANDE,7,0.47057057057057056
MONTPELLIER SAINT ROCH,MARMANDE,8,0.47132132132132126
MONTPELLIER SAINT ROCH,MARMANDE,9,0.47057057057057056
MONTPELLIER SAINT ROCH,MARMANDE,10,0.4675675675675675
MONTPELLIER SAINT ROCH,MARMANDE,11,0.4663663663663664
MONTPELLIER SAINT ROCH,MARMANDE,12,0.3963963963963964
MONTPELLIER SAINT ROCH,MARMANDE,13,0.3855421686746988
MONTPELLIER SAINT ROCH,MARMANDE,14,0.3805722891566265
MONTPELLIER SAINT ROCH,MARMANDE,15,0.37966867469879517
MONTPELLIER SAINT ROCH,MARMANDE,16,0.373644578313253
MONTPELLIER SAINT ROCH,MARMANDE,17,0.37846385542168676
MONTPELLIER SAINT ROCH,MARMANDE,18,0.38433734939759034
MONTPELLIER SAINT ROCH,MARMANDE,19,0.386144578313253
MONTPELLIER SAINT ROCH,MARMANDE,20,0.38990963855421684
MONTPELLIER SAINT ROCH,MARMANDE,21,0.3825301204819277
MONTPELLIER SAINT ROCH,MARMANDE,22,0.3939759036144579
MONTPELLIER SAINT ROCH,MARMANDE,23,0.4015060240963856
MONTPELLIER SAINT ROCH,MARMANDE,24,0.406777108433735
MONTPELLIER SAINT ROCH,MARMANDE,25,0.4137048192771084
MONTPELLIER SAINT ROCH,MARMANDE,26,0.4088855421686747
MONTPELLIER SAINT ROCH,MARMANDE,27,0.41480362537764354
MONTPELLIER SAINT ROCH,MARMANDE,28,0.4214501510574018
MONTPELLIER SAINT ROCH,MARMANDE,29,0.3948640483383685
MONTPELLIER SAINT ROCH,MARMANDE,30,0.019756838905775075
MONTPELLIER SAINT ROCH,MONTAUBAN VILLE BOURBON,0,0.8537900874635569
MONTPELLIER SAINT ROCH,MONTAUBAN VILLE BOURBON,1,0.8526239067055393
MONTPELLIER SAINT ROCH,MONTAUBAN VILLE BOURBON,2,0.8201166180758018
MONTPELLIER SAINT ROCH,MONTAUBAN VILLE BOURBON,3,0.8001457725947522
MONTPELLIER SAINT ROCH,MONTAUBAN VILLE BOURBON,4,0.7201166180758017
MONTPELLIER SAINT ROCH,MONTAUBAN VILLE BOURBON,5,0.7206997084548105
MONTPELLIER SAINT ROCH,MONTAUBAN VILLE BOURBON,6,0.7182215743440233
MONTPELLIER SAINT ROCH,MONTAUBAN VILLE BOURBON,7,0.7221574344023324
MONTPELLIER SAINT ROCH,MONTAUBAN VILLE BOURBON,8,0.7265306122448979
MONTPELLIER SAINT ROCH,MONTAUBAN VILLE BOURBON,9,0.7323615160349853
MONTPELLIER SAINT ROCH,MONTAUBAN VILLE BOURBON,10,0.7365889212827988
MONTPELLIER SAINT ROCH,MONTAUBAN VILLE BOURBON,11,0.7341107871720117
MONTPELLIER SAINT ROCH,MONTAUBAN VILLE BOURBON,12,0.6017492711370263
MONTPELLIER SAINT ROCH,MONTAUBAN VILLE BOURBON,13,0.5886297376093295
MONTPELLIER SAINT ROCH,MONTAUBAN VILLE BOURBON,14,0.5909620991253643
MONTPELLIER SAINT ROCH,MONTAUBAN VILLE BOURBON,15,0.6002915451895043
MONTPELLIER SAINT ROCH,MONTAUBAN VILLE BOURBON,16,0.6027696793002916
MONTPELLIER SAINT ROCH,MONTAUBAN VILLE BOURBON,17,0.6088921282798834
MONTPELLIER SAINT ROCH,MONTAUBAN VILLE BOURBON,18,0.6186588921282798
MONTPELLIER SAINT ROCH,MONTAUBAN VILLE BOURBON,19,0.608600583090379
MONTPELLIER SAINT ROCH,MONTAUBAN VILLE BOURBON,20,0.6059766763848397
MONTPELLIER SAINT ROCH,MONTAUBAN VILLE BOURBON,21,0.613265306122449
MONTPELLIER SAINT ROCH,MONTAUBAN VILLE BOURBON,22,0.6174927113702624
MONTPELLIER SAINT ROCH,MONTAUBAN VILLE BOURBON,23,0.6137026239067055
MONTPELLIER SAINT ROCH,MONTAUBAN VILLE BOURBON,24,0.6193877551020408
MONTPELLIER SAINT ROCH,MONTAUBAN VILLE BOURBON,25,0.6215743440233236
MONTPELLIER SAINT ROCH,MONTAUBAN VILLE BOURBON,26,0.6249271137026239
MONTPELLIER SAINT ROCH,MONTAUBAN VILLE BOURBON,27,0.6194444444444445
MONTPELLIER SAINT ROCH,MONTAUBAN VILLE BOURBON,28,0.6165204678362572
MONTPELLIER SAINT ROCH,MONTAUBAN VILLE BOURBON,29,0.5998538011695906
MONTPELLIER SAINT ROCH,MONTAUBAN VILLE BOURBON,30,0.020882352941176473
MONTPELLIER SAINT ROCH,NARBONNE,0,0.9
MONTPELLIER SAINT ROCH,NARBONNE,1,0.898419540229885
MONTPELLIER SAINT ROCH,NARBONNE,2,0.896551724137931
MONTPELLIER SAINT ROCH,NARBONNE,3,0.8817528735632184
MONTPELLIER SAINT ROCH,NARBONNE,4,0.8146551724137931
MONTPELLIER SAINT ROCH,NARBONNE,5,0.8274425287356322
MONTPELLIER SAINT ROCH,NARBONNE,6,0.8344827586206895
MONTPELLIER SAINT ROCH,NARBONNE,7,0.8346264367816092
MONTPELLIER SAINT ROCH,NARBONNE,8,0.8277298850574712
MONTPELLIER SAINT ROCH,NARBONNE,9,0.8245689655172413
MONTPELLIER SAINT ROCH,NARBONNE,10,0.8260057471264367
MONTPELLIER SAINT ROCH,NARBONNE,11,0.8264367816091954
MONTPELLIER SAINT ROCH,NARBONNE,12,0.7686781609195402
MONTPELLIER SAINT ROCH,NARBONNE,13,0.7649425287356322
MONTPELLIER SAINT ROCH,NARBONNE,14,0.7738505747126437
MONTPELLIER SAINT ROCH,NARBONNE,15,0.7762931034482758
MONTPELLIER SAINT ROCH,NARBONNE,16,0.7762931034482758
MONTPELLIER SAINT ROCH,NARBONNE,17,0.7751436781609196
MONTPELLIER SAINT ROCH,NARBONNE,18,0.7702586206896552
MONTPELLIER SAINT ROCH,NARBONNE,19,0.7665229885057471
MONTPELLIER SAINT ROCH,NARBONNE,20,0.7656609195402299
MONTPELLIER SAINT ROCH,NARBONNE,21,0.7696839080459771
MONTPELLIER SAINT ROCH,NARBONNE,22,0.7760057471264368
MONTPELLIER SAINT ROCH,NARBONNE,23,0.7791666666666666
MONTPELLIER SAINT ROCH,NARBONNE,24,0.7803160919540231
MONTPELLIER SAINT ROCH,NARBONNE,25,0.7810344827586208
MONTPELLIER SAINT ROCH,NARBONNE,26,0.7798850574712644
MONTPELLIER SAINT ROCH,NARBONNE,27,0.7747838616714698
MONTPELLIER SAINT ROCH,NARBONNE,28,0.7694524495677233
MONTPELLIER SAINT ROCH,NARBONNE,29,0.7404899135446685
MONTPELLIER SAINT ROCH,NARBONNE,30,0.03840579710144928
MONTPELLIER SAINT ROCH,SETE,0,0.7646417445482866
MONTPELLIER SAINT ROCH,SETE,1,0.7652173913043478
MONTPELLIER SAINT ROCH,SETE,2,0.7357142857142858
MONTPELLIER SAINT ROCH,SETE,3,0.7059006211180124
MONTPELLIER SAINT ROCH,SETE,4,0.5956521739130435
MONTPELLIER SAINT ROCH,SETE,5,0.5809006211180124
MONTPELLIER SAINT ROCH,SETE,6,0.5835403726708075
MONTPELLIER SAINT ROCH,SETE,7,0.5588509316770186
MONTPELLIER SAINT ROCH,SETE,8,0.5698757763975155
MONTPELLIER SAINT ROCH,SETE,9,0.5756211180124223
MONTPELLIER SAINT ROCH,SETE,10,0.5821428571428571
MONTPELLIER SAINT ROCH,SETE,11,0.5728260869565217
MONTPELLIER SAINT ROCH,SETE,12,0.46024844720496894
MONTPELLIER SAINT ROCH,SETE,13,0.4422360248447205
MONTPELLIER SAINT ROCH,SETE,14,0.4338509316770186
MONTPELLIER SAINT ROCH,SETE,15,0.4465838509316771
MONTPELLIER SAINT ROCH,SETE,16,0.4414596273291926
MONTPELLIER SAINT ROCH,SETE,17,0.43990683229813665
MONTPELLIER SAINT ROCH,SETE,18,0.4498447204968944
MONTPELLIER SAINT ROCH,SETE,19,0.4472049689440994
MONTPELLIER SAINT ROCH,SETE,20,0.44906832298136645
MONTPELLIER SAINT ROCH,SETE,21,0.45714285714285713
MONTPELLIER SAINT ROCH,SETE,22,0.4496894409937889
MONTPELLIER SAINT ROCH,SETE,23,0.4520186335403727
MONTPELLIER SAINT ROCH,SETE,24,0.44813664596273295
MONTPELLIER SAINT ROCH,SETE,25,0.44844720496894414
MONTPELLIER SAINT ROCH,SETE,26,0.4389408099688474
MONTPELLIER SAINT ROCH,SETE,27,0.42890625
MONTPELLIER SAINT ROCH,SETE,28,0.4277429467084639
MONTPELLIER SAINT ROCH,SETE,29,0.4095611285266458
MONTPELLIER SAINT ROCH,SETE,30,0.018138801261829655
MONTPELLIER SAINT ROCH,TOULOUSE MATABIAU,0,0.9153735632183908
MONTPELLIER SAINT ROCH,TOULOUSE MATABIAU,1,0.9133620689655173
MONTPELLIER SAINT ROCH,TOULOUSE MATABIAU,2,0.9020114942528735
MONTPELLIER SAINT ROCH,TOULOUSE MATABIAU,3,0.8834770114942528
MONTPELLIER SAINT ROCH,TOULOUSE MATABIAU,4,0.8290229885057471
MONTPELLIER SAINT ROCH,TOULOUSE MATABIAU,5,0.8341954022988506
MONTPELLIER SAINT ROCH,TOULOUSE MATABIAU,6,0.8382183908045977
MONTPELLIER SAINT ROCH,TOULOUSE MATABIAU,7,0.8379310344827587
MONTPELLIER SAINT ROCH,TOULOUSE MATABIAU,8,0.8274425287356322
MONTPELLIER SAINT ROCH,TOULOUSE MATABIAU,9,0.8261494252873564
MONTPELLIER SAINT ROCH,TOULOUSE MATABIAU,10,0.8280172413793103
MONTPELLIER SAINT ROCH,TOULOUSE MATABIAU,11,0.8281609195402299
MONTPELLIER SAINT ROCH,TOULOUSE MATABIAU,12,0.7540229885057471
MONTPELLIER SAINT ROCH,TOULOUSE MATABIAU,13,0.7482758620689655
MONTPELLIER SAINT ROCH,TOULOUSE MATABIAU,14,0.7544540229885058
MONTPELLIER SAINT ROCH,TOULOUSE MATABIAU,15,0.7642241379310345
MONTPELLIER SAINT ROCH,TOULOUSE MATABIAU,16,0.7660919540229886
MONTPELLIER SAINT ROCH,TOULOUSE MATABIAU,17,0.7640804597701149
MONTPELLIER SAINT ROCH,TOULOUSE MATABIAU,18,0.760632183908046
MONTPELLIER SAINT ROCH,TOULOUSE MATABIAU,19,0.7544540229885058
MONTPELLIER SAINT ROCH,TOULOUSE MATABIAU,20,0.751580459770115
MONTPELLIER SAINT ROCH,TOULOUSE MATABIAU,21,0.7564655172413793
MONTPELLIER SAINT ROCH,TOULOUSE MATABIAU,22,0.7647988505747125
MONTPELLIER SAINT ROCH,TOULOUSE MATABIAU,23,0.7695402298850575
MONTPELLIER SAINT ROCH,TOULOUSE MATABIAU,24,0.7682471264367817
MONTPELLIER SAINT ROCH,TOULOUSE MATABIAU,25,0.7725574712643679
MONTPELLIER SAINT ROCH,TOULOUSE MATABIAU,26,0.7696839080459771
MONTPELLIER SAINT ROCH,TOULOUSE MATABIAU,27,0.7606628242074928
MONTPELLIER SAINT ROCH,TOULOUSE MATABIAU,28,0.7554755043227666
MONTPELLIER SAINT ROCH,TOULOUSE MATABIAU,29,0.729106628242075
MONTPELLIER SAINT ROCH,TOULOUSE MATABIAU,30,0.030869565217391304
NARBONNE,AGEN,0,0.8675438596491227
NARBONNE,AGEN,1,0.8615497076023391
NARBONNE,AGEN,2,0.829093567251462
NARBONNE,AGEN,3,0.8083333333333333
NARBONNE,AGEN,4,0.7296783625730995
NARBONNE,AGEN,5,0.7236842105263158
NARBONNE,AGEN,6,0.7226608187134503
NARBONNE,AGEN,7,0.7355263157894737
NARBONNE,AGEN,8,0.7337719298245614
NARBONNE,AGEN,9,0.735672514619883
NARBONNE,AGEN,10,0.7431286549707603
NARBONNE,AGEN,11,0.7385964912280701
NARBONNE,AGEN,12,0.5910818713450292
NARBONNE,AGEN,13,0.5807017543859649
NARBONNE,AGEN,14,0.5782163742690059
NARBONNE,AGEN,15,0.5856725146198831
NARBONNE,AGEN,16,0.5921052631578947
NARBONNE,AGEN,17,0.597953216374269
NARBONNE,AGEN,18,0.6083333333333334
NARBONNE,AGEN,19,0.6023391812865497
NARBONNE,AGEN,20,0.6007309941520468
NARBONNE,AGEN,21,0.606140350877193
NARBONNE,AGEN,22,0.6108187134502924
NARBONNE,AGEN,23,0.6032163742690059
NARBONNE,AGEN,24,0.6068713450292398
NARBONNE,AGEN,25,0.6084795321637426
NARBONNE,AGEN,26,0.6108187134502924
NARBONNE,AGEN,27,0.6118768328445748
NARBONNE,AGEN,28,0.6065982404692082
NARBONNE,AGEN,29,0.5857771260997068
NARBONNE,AGEN,30,0.02846607669616519
NARBONNE,BORDEAUX ST JEAN,0,0.8726744186046511
NARBONNE,BORDEAUX ST JEAN,1,0.8690406976744186
NARBONNE,BORDEAUX ST JEAN,2,0.8367732558139536
NARBONNE,BORDEAUX ST JEAN,3,0.8146802325581395
NARBONNE,BORDEAUX ST JEAN,4,0.7382267441860465
NARBONNE,BORDEAUX ST JEAN,5,0.7345930232558139
NARBONNE,BORDEAUX ST JEAN,6,0.7357558139534883
NARBONNE,BORDEAUX ST JEAN,7,0.7364825581395349
NARBONNE,BORDEAUX ST JEAN,8,0.7383720930232558
NARBONNE,BORDEAUX ST JEAN,9,0.7431686046511629
NARBONNE,BORDEAUX ST JEAN,10,0.7468023255813953
NARBONNE,BORDEAUX ST JEAN,11,0.748546511627907
NARBONNE,BORDEAUX ST JEAN,12,0.6132267441860465
NARBONNE,BORDEAUX ST JEAN,13,0.6020348837209302
NARBONNE,BORDEAUX ST JEAN,14,0.6034883720930232
NARBONNE,BORDEAUX ST JEAN,15,0.6127906976744186
NARBONNE,BORDEAUX ST JEAN,16,0.6136627906976744
NARBONNE,BORDEAUX ST JEAN,17,0.6210755813953489
NARBONNE,BORDEAUX ST JEAN,18,0.6337209302325582
NARBONNE,BORDEAUX ST JEAN,19,0.6226744186046511
NARBONNE,BORDEAUX ST JEAN,20,0.6212209302325581
NARBONNE,BORDEAUX ST JEAN,21,0.6244186046511628
NARBONNE,BORDEAUX ST JEAN,22,0.6287790697674419
NARBONNE,BORDEAUX ST JEAN,23,0.623546511627907
NARBONNE,BORDEAUX ST JEAN,24,0.6300872093023255
NARBONNE,BORDEAUX ST JEAN,25,0.6322674418604651
NARBONNE,BORDEAUX ST JEAN,26,0.6367732558139535
NARBONNE,BORDEAUX ST JEAN,27,0.6276967930029155
NARBONNE,BORDEAUX ST JEAN,28,0.6256559766763848
NARBONNE,BORDEAUX ST JEAN,29,0.6061224489795919
NARBONNE,BORDEAUX ST JEAN,30,0.0218475073313783
NARBONNE,CARCASSONNE,0,0.9181034482758621
NARBONNE,CARCASSONNE,1,0.9173850574712644
NARBONNE,CARCASSONNE,2,0.9165229885057471
NARBONNE,CARCASSONNE,3,0.9022988505747126
NARBONNE,CARCASSONNE,4,0.8339080459770115
NARBONNE,CARCASSONNE,5,0.8387931034482758
NARBONNE,CARCASSONNE,6,0.8438218390804597
NARBONNE,CARCASSONNE,7,0.8459770114942529
NARBONNE,CARCASSONNE,8,0.8344827586206895
NARBONNE,CARCASSONNE,9,0.8321839080459771
NARBONNE,CARCASSONNE,10,0.8352011494252873
NARBONNE,CARCASSONNE,11,0.8362068965517241
NARBONNE,CARCASSONNE,12,0.7854885057471265
NARBONNE,CARCASSONNE,13,0.7790229885057471
NARBONNE,CARCASSONNE,14,0.7853448275862069
NARBONNE,CARCASSONNE,15,0.7900862068965517
NARBONNE,CARCASSONNE,16,0.7913793103448276
NARBONNE,CARCASSONNE,17,0.7902298850574713
NARBONNE,CARCASSONNE,18,0.7836206896551724
NARBONNE,CARCASSONNE,19,0.7794540229885057
NARBONNE,CARCASSONNE,20,0.7768678160919541
NARBONNE,CARCASSONNE,21,0.7823275862068966
NARBONNE,CARCASSONNE,22,0.7897988505747127
NARBONNE,CARCASSONNE,23,0.7885057471264367
NARBONNE,CARCASSONNE,24,0.7879310344827586
NARBONNE,CARCASSONNE,25,0.7876436781609196
NARBONNE,CARCASSONNE,26,0.7862068965517242
NARBONNE,CARCASSONNE,27,0.7799711815561959
NARBONNE,CARCASSONNE,28,0.7762247838616715
NARBONNE,CARCASSONNE,29,0.7417867435158501
NARBONNE,CARCASSONNE,30,0.043043478260869565
NARBONNE,MARMANDE,0,0.6769461077844311
NARBONNE,MARMANDE,1,0.6574850299401197
NARBONNE,MARMANDE,2,0.6202095808383233
NARBONNE,MARMANDE,3,0.5913173652694611
NARBONNE,MARMANDE,4,0.49565868263473056
NARBONNE,MARMANDE,5,0.4881736526946108
NARBONNE,MARMANDE,6,0.48592814371257487
NARBONNE,MARMANDE,7,0.4745508982035928
NARBONNE,MARMANDE,8,0.47724550898203594
NARBONNE,MARMANDE,9,0.4769461077844312
NARBONNE,MARMANDE,10,0.47425149700598807
NARBONNE,MARMANDE,11,0.47410179640718564
NARBONNE,MARMANDE,12,0.40374251497005986
NARBONNE,MARMANDE,13,0.39564564564564564
NARBONNE,MARMANDE,14,0.3912912912912913
NARBONNE,MARMANDE,15,0.3878378378378379
NARBONNE,MARMANDE,16,0.38288288288288286
NARBONNE,MARMANDE,17,0.3882882882882883
NARBONNE,MARMANDE,18,0.3963963963963964
NARBONNE,MARMANDE,19,0.39384384384384385
NARBONNE,MARMANDE,20,0.3962462462462462
NARBONNE,MARMANDE,21,0.3921921921921922
NARBONNE,MARMANDE,22,0.4021021021021021
NARBONNE,MARMANDE,23,0.40885885885885886
NARBONNE,MARMANDE,24,0.41411411411411414
NARBONNE,MARMANDE,25,0.41996996996996994
NARBONNE,MARMANDE,26,0.4166666666666667
NARBONNE,MARMANDE,27,0.4240963855421687
NARBONNE,MARMANDE,28,0.4290662650602409
NARBONNE,MARMANDE,29,0.40225903614457836
NARBONNE,MARMANDE,30,0.019848484848484848
NARBONNE,MONTAUBAN VILLE BOURBON,0,0.8700581395348838
NARBONNE,MONTAUBAN VILLE BOURBON,1,0.8684593023255814
NARBONNE,MONTAUBAN VILLE BOURBON,2,0.8376453488372092
NARBONNE,MONTAUBAN VILLE BOURBON,3,0.8158430232558139
NARBONNE,MONTAUBAN VILLE BOURBON,4,0.7373546511627908
NARBONNE,MONTAUBAN VILLE BOURBON,5,0.7337209302325581
NARBONNE,MONTAUBAN VILLE BOURBON,6,0.7313953488372092
NARBONNE,MONTAUBAN VILLE BOURBON,7,0.7353197674418605
NARBONNE,MONTAUBAN VILLE BOURBON,8,0.7364825581395349
NARBONNE,MONTAUBAN VILLE BOURBON,9,0.7428779069767443
NARBONNE,MONTAUBAN VILLE BOURBON,10,0.748546511627907
NARBONNE,MONTAUBAN VILLE BOURBON,11,0.7465116279069768
NARBONNE,MONTAUBAN VILLE BOURBON,12,0.6126453488372093
NARBONNE,MONTAUBAN VILLE BOURBON,13,0.6031976744186046
NARBONNE,MONTAUBAN VILLE BOURBON,14,0.6046511627906976
NARBONNE,MONTAUBAN VILLE BOURBON,15,0.6146802325581395
NARBONNE,MONTAUBAN VILLE BOURBON,16,0.6148255813953488
NARBONNE,MONTAUBAN VILLE BOURBON,17,0.6207848837209302
NARBONNE,MONTAUBAN VILLE BOURBON,18,0.6315406976744186
NARBONNE,MONTAUBAN VILLE BOURBON,19,0.6199127906976745
NARBONNE,MONTAUBAN VILLE BOURBON,20,0.6184593023255814
NARBONNE,MONTAUBAN VILLE BOURBON,21,0.6245639534883721
NARBONNE,MONTAUBAN VILLE BOURBON,22,0.6290697674418605
NARBONNE,MONTAUBAN VILLE BOURBON,23,0.6236918604651163
NARBONNE,MONTAUBAN VILLE BOURBON,24,0.6311046511627907
NARBONNE,MONTAUBAN VILLE BOURBON,25,0.6324127906976744
NARBONNE,MONTAUBAN VILLE BOURBON,26,0.6375000000000001
NARBONNE,MONTAUBAN VILLE BOURBON,27,0.6263848396501458
NARBONNE,MONTAUBAN VILLE BOURBON,28,0.6230320699708455
NARBONNE,MONTAUBAN VILLE BOURBON,29,0.603935860058309
NARBONNE,MONTAUBAN VILLE BOURBON,30,0.027272727272727275
NARBONNE,TOULOUSE MATABIAU,0,0.9199712643678161
NARBONNE,TOULOUSE MATABIAU,1,0.9192528735632183
NARBONNE,TOULOUSE MATABIAU,2,0.9163793103448276
NARBONNE,TOULOUSE MATABIAU,3,0.9008620689655172
NARBONNE,TOULOUSE MATABIAU,4,0.8367816091954022
NARBONNE,TOULOUSE MATABIAU,5,0.8369252873563219
NARBONNE,TOULOUSE MATABIAU,6,0.8435344827586208
NARBONNE,TOULOUSE MATABIAU,7,0.8474137931034482
NARBONNE,TOULOUSE MATABIAU,8,0.8367816091954022
NARBONNE,TOULOUSE MATABIAU,9,0.8339080459770115
NARBONNE,TOULOUSE MATABIAU,10,0.8356321839080461
NARBONNE,TOULOUSE MATABIAU,11,0.8357758620689656
NARBONNE,TOULOUSE MATABIAU,12,0.7840517241379311
NARBONNE,TOULOUSE MATABIAU,13,0.7790229885057471
NARBONNE,TOULOUSE MATABIAU,14,0.7875
NARBONNE,TOULOUSE MATABIAU,15,0.790948275862069
NARBONNE,TOULOUSE MATABIAU,16,0.7908045977011494
NARBONNE,TOULOUSE MATABIAU,17,0.7883620689655173
NARBONNE,TOULOUSE MATABIAU,18,0.7839080459770116
NARBONNE,TOULOUSE MATABIAU,19,0.7798850574712644
NARBONNE,TOULOUSE MATABIAU,20,0.7761494252873564
NARBONNE,TOULOUSE MATABIAU,21,0.7817528735632184
NARBONNE,TOULOUSE MATABIAU,22,0.7892241379310344
NARBONNE,TOULOUSE MATABIAU,23,0.7863505747126436
NARBONNE,TOULOUSE MATABIAU,24,0.7873563218390804
NARBONNE,TOULOUSE MATABIAU,25,0.7889367816091954
NARBONNE,TOULOUSE MATABIAU,26,0.7872126436781609
NARBONNE,TOULOUSE MATABIAU,27,0.780835734870317
NARBONNE,TOULOUSE MATABIAU,28,0.7753602305475504
NARBONNE,TOULOUSE MATABIAU,29,0.7485590778097982
NARBONNE,TOULOUSE MATABIAU,30,0.03333333333333333
NIMES CENTRE,AGEN,0,0.8671597633136096
NIMES CENTRE,AGEN,1,0.8587278106508875
NIMES CENTRE,AGEN,2,0.8227810650887575
NIMES CENTRE,AGEN,3,0.8038461538461538
NIMES CENTRE,AGEN,4,0.7325443786982249
NIMES CENTRE,AGEN,5,0.7217455621301775
NIMES CENTRE,AGEN,6,0.7205621301775148
NIMES CENTRE,AGEN,7,0.728698224852071
NIMES CENTRE,AGEN,8,0.7312130177514793
NIMES CENTRE,AGEN,9,0.7346153846153847
NIMES CENTRE,AGEN,10,0.7396449704142012
NIMES CENTRE,AGEN,11,0.7359467455621301
NIMES CENTRE,AGEN,12,0.5877218934911242
NIMES CENTRE,AGEN,13,0.5758875739644971
NIMES CENTRE,AGEN,14,0.5733727810650888
NIMES CENTRE,AGEN,15,0.5810650887573965
NIMES CENTRE,AGEN,16,0.586094674556213
NIMES CENTRE,AGEN,17,0.5942307692307692
NIMES CENTRE,AGEN,18,0.602810650887574
NIMES CENTRE,AGEN,19,0.5923076923076923
NIMES CENTRE,AGEN,20,0.5915680473372781
NIMES CENTRE,AGEN,21,0.5988165680473373
NIMES CENTRE,AGEN,22,0.6053254437869823
NIMES CENTRE,AGEN,23,0.6004437869822485
NIMES CENTRE,AGEN,24,0.6063609467455621
NIMES CENTRE,AGEN,25,0.6079881656804734
NIMES CENTRE,AGEN,26,0.6113905325443787
NIMES CENTRE,AGEN,27,0.607566765578635
NIMES CENTRE,AGEN,28,0.6038575667655787
NIMES CENTRE,AGEN,29,0.5902077151335312
NIMES CENTRE,AGEN,30,0.02582089552238806
NIMES CENTRE,BEZIERS,0,0.9184438040345821
NIMES CENTRE,BEZIERS,1,0.9037463976945246
NIMES CENTRE,BEZIERS,2,0.8913544668587896
NIMES CENTRE,BEZIERS,3,0.877521613832853
NIMES CENTRE,BEZIERS,4,0.8540345821325649
NIMES CENTRE,BEZIERS,5,0.8597982708933718
NIMES CENTRE,BEZIERS,6,0.8619596541786744
NIMES CENTRE,BEZIERS,7,0.8586455331412104
NIMES CENTRE,BEZIERS,8,0.8511527377521615
NIMES CENTRE,BEZIERS,9,0.845821325648415
NIMES CENTRE,BEZIERS,10,0.8445244956772334
NIMES CENTRE,BEZIERS,11,0.8355907780979827
NIMES CENTRE,BEZIERS,12,0.7469740634005764
NIMES CENTRE,BEZIERS,13,0.738328530259366
NIMES CENTRE,BEZIERS,14,0.7376080691642651
NIMES CENTRE,BEZIERS,15,0.7364553314121037
NIMES CENTRE,BEZIERS,16,0.7338616714697407
NIMES CENTRE,BEZIERS,17,0.7286743515850144
NIMES CENTRE,BEZIERS,18,0.7201729106628242
NIMES CENTRE,BEZIERS,19,0.7148414985590779
NIMES CENTRE,BEZIERS,20,0.7089337175792507
NIMES CENTRE,BEZIERS,21,0.7129682997118155
NIMES CENTRE,BEZIERS,22,0.7220461095100865
NIMES CENTRE,BEZIERS,23,0.722478386167147
NIMES CENTRE,BEZIERS,24,0.7243515850144092
NIMES CENTRE,BEZIERS,25,0.722478386167147
NIMES CENTRE,BEZIERS,26,0.7214697406340057
NIMES CENTRE,BEZIERS,27,0.7164739884393063
NIMES CENTRE,BEZIERS,28,0.713728323699422
NIMES CENTRE,BEZIERS,29,0.6955202312138729
NIMES CENTRE,BEZIERS,30,0.026453488372093024
NIMES CENTRE,BORDEAUX ST JEAN,0,0.853935860058309
NIMES CENTRE,BORDEAUX ST JEAN,1,0.8530612244897959
NIMES CENTRE,BORDEAUX ST JEAN,2,0.8246355685131196
NIMES CENTRE,BORDEAUX ST JEAN,3,0.8018950437317784
NIMES CENTRE,BORDEAUX ST JEAN,4,0.7214285714285714
NIMES CENTRE,BORDEAUX ST JEAN,5,0.7198250728862974
NIMES CENTRE,BORDEAUX ST JEAN,6,0.7192419825072885
NIMES CENTRE,BORDEAUX ST JEAN,7,0.7230320699708455
NIMES CENTRE,BORDEAUX ST JEAN,8,0.7243440233236151
NIMES CENTRE,BORDEAUX ST JEAN,9,0.7279883381924198
NIMES CENTRE,BORDEAUX ST JEAN,10,0.7325072886297376
NIMES CENTRE,BORDEAUX ST JEAN,11,0.7333819241982508
NIMES CENTRE,BORDEAUX ST JEAN,12,0.602332361516035
NIMES CENTRE,BORDEAUX ST JEAN,13,0.589795918367347
NIMES CENTRE,BORDEAUX ST JEAN,14,0.5909620991253643
NIMES CENTRE,BORDEAUX ST JEAN,15,0.6010204081632653
NIMES CENTRE,BORDEAUX ST JEAN,16,0.6017492711370263
NIMES CENTRE,BORDEAUX ST JEAN,17,0.6061224489795919
NIMES CENTRE,BORDEAUX ST JEAN,18,0.6193877551020408
NIMES CENTRE,BORDEAUX ST JEAN,19,0.6100583090379009
NIMES CENTRE,BORDEAUX ST JEAN,20,0.6059766763848397
NIMES CENTRE,BORDEAUX ST JEAN,21,0.6097667638483966
NIMES CENTRE,BORDEAUX ST JEAN,22,0.6150145772594752
NIMES CENTRE,BORDEAUX ST JEAN,23,0.6141399416909621
NIMES CENTRE,BORDEAUX ST JEAN,24,0.619533527696793
NIMES CENTRE,BORDEAUX ST JEAN,25,0.622594752186589
NIMES CENTRE,BORDEAUX ST JEAN,26,0.6266763848396502
NIMES CENTRE,BORDEAUX ST JEAN,27,0.6176900584795322
NIMES CENTRE,BORDEAUX ST JEAN,28,0.6157894736842106
NIMES CENTRE,BORDEAUX ST JEAN,29,0.5963450292397661
NIMES CENTRE,BORDEAUX ST JEAN,30,0.020441176470588237
NIMES CENTRE,CARCASSONNE,0,0.9183908045977012
NIMES CENTRE,CARCASSONNE,1,0.915948275862069
NIMES CENTRE,CARCASSONNE,2,0.9030172413793104
NIMES CENTRE,CARCASSONNE,3,0.8846264367816092
NIMES CENTRE,CARCASSONNE,4,0.8297413793103449
NIMES CENTRE,CARCASSONNE,5,0.834051724137931
NIMES CENTRE,CARCASSONNE,6,0.8392241379310346
NIMES CENTRE,CARCASSONNE,7,0.8373563218390804
NIMES CENTRE,CARCASSONNE,8,0.8283045977011494
NIMES CENTRE,CARCASSONNE,9,0.8264367816091954
NIMES CENTRE,CARCASSONNE,10,0.8288793103448275
NIMES CENTRE,CARCASSONNE,11,0.8293103448275863
NIMES CENTRE,CARCASSONNE,12,0.7548850574712643
NIMES CENTRE,CARCASSONNE,13,0.7498563218390805
NIMES CENTRE,CARCASSONNE,14,0.755316091954023
NIMES CENTRE,CARCASSONNE,15,0.7640804597701149
NIMES CENTRE,CARCASSONNE,16,0.765948275862069
NIMES CENTRE,CARCASSONNE,17,0.7622126436781609
NIMES CENTRE,CARCASSONNE,18,0.758764367816092
NIMES CENTRE,CARCASSONNE,19,0.7551724137931035
NIMES CENTRE,CARCASSONNE,20,0.7508620689655173
NIMES CENTRE,CARCASSONNE,21,0.7581896551724139
NIMES CENTRE,CARCASSONNE,22,0.7689655172413794
NIMES CENTRE,CARCASSONNE,23,0.7698275862068965
NIMES CENTRE,CARCASSONNE,24,0.7685344827586207
NIMES CENTRE,CARCASSONNE,25,0.7698275862068965
NIMES CENTRE,CARCASSONNE,26,0.7676724137931034
NIMES CENTRE,CARCASSONNE,27,0.7618155619596543
NIMES CENTRE,CARCASSONNE,28,0.7573487031700289
NIMES CENTRE,CARCASSONNE,29,0.7288184438040346
NIMES CENTRE,CARCASSONNE,30,0.04115942028985507
NIMES CENTRE,MARMANDE,0,0.6677177177177177
NIMES CENTRE,MARMANDE,1,0.6465465465465465
NIMES CENTRE,MARMANDE,2,0.6093093093093094
NIMES CENTRE,MARMANDE,3,0.586036036036036
NIMES CENTRE,MARMANDE,4,0.4873873873873874
NIMES CENTRE,MARMANDE,5,0.48123123123123124
NIMES CENTRE,MARMANDE,6,0.47807807807807806
NIMES CENTRE,MARMANDE,7,0.46891891891891896
NIMES CENTRE,MARMANDE,8,0.4711711711711712
NIMES CENTRE,MARMANDE,9,0.46966966966966966
NIMES CENTRE,MARMANDE,10,0.4668168168168168
NIMES CENTRE,MARMANDE,11,0.46426426426426426
NIMES CENTRE,MARMANDE,12,0.39714714714714716
NIMES CENTRE,MARMANDE,13,0.3884036144578313
NIMES CENTRE,MARMANDE,14,0.38162650602409637
NIMES CENTRE,MARMANDE,15,0.37876506024096385
NIMES CENTRE,MARMANDE,16,0.3742469879518072
NIMES CENTRE,MARMANDE,17,0.3813253012048193
NIMES CENTRE,MARMANDE,18,0.38674698795180723
NIMES CENTRE,MARMANDE,19,0.386144578313253
NIMES CENTRE,MARMANDE,20,0.38900602409638557
NIMES CENTRE,MARMANDE,21,0.38569277108433736
NIMES CENTRE,MARMANDE,22,0.395933734939759
NIMES CENTRE,MARMANDE,23,0.40195783132530116
NIMES CENTRE,MARMANDE,24,0.40527108433734943
NIMES CENTRE,MARMANDE,25,0.41475903614457826
NIMES CENTRE,MARMANDE,26,0.4106927710843373
NIMES CENTRE,MARMANDE,27,0.4129909365558912
NIMES CENTRE,MARMANDE,28,0.4175226586102719
NIMES CENTRE,MARMANDE,29,0.39395770392749246
NIMES CENTRE,MARMANDE,30,0.018693009118541035
NIMES CENTRE,MONTAUBAN VILLE BOURBON,0,0.8567055393586006
NIMES CENTRE,MONTAUBAN VILLE BOURBON,1,0.8551020408163266
NIMES CENTRE,MONTAUBAN VILLE BOURBON,2,0.8228862973760933
NIMES CENTRE,MONTAUBAN VILLE BOURBON,3,0.8018950437317784
NIMES CENTRE,MONTAUBAN VILLE BOURBON,4,0.7239067055393587
NIMES CENTRE,MONTAUBAN VILLE BOURBON,5,0.721865889212828
NIMES CENTRE,MONTAUBAN VILLE BOURBON,6,0.7205539358600583
NIMES CENTRE,MONTAUBAN VILLE BOURBON,7,0.7228862973760932
NIMES CENTRE,MONTAUBAN VILLE BOURBON,8,0.7268221574344024
NIMES CENTRE,MONTAUBAN VILLE BOURBON,9,0.7319241982507289
NIMES CENTRE,MONTAUBAN VILLE BOURBON,10,0.7373177842565598
NIMES CENTRE,MONTAUBAN VILLE BOURBON,11,0.7403790087463556
NIMES CENTRE,MONTAUBAN VILLE BOURBON,12,0.6052478134110787
NIMES CENTRE,MONTAUBAN VILLE BOURBON,13,0.5890670553935861
NIMES CENTRE,MONTAUBAN VILLE BOURBON,14,0.5921282798833819
NIMES CENTRE,MONTAUBAN VILLE BOURBON,15,0.6020408163265306
NIMES CENTRE,MONTAUBAN VILLE BOURBON,16,0.601603498542274
NIMES CENTRE,MONTAUBAN VILLE BOURBON,17,0.60932944606414
NIMES CENTRE,MONTAUBAN VILLE BOURBON,18,0.6174927113702624
NIMES CENTRE,MONTAUBAN VILLE BOURBON,19,0.6064139941690962
NIMES CENTRE,MONTAUBAN VILLE BOURBON,20,0.6059766763848397
NIMES CENTRE,MONTAUBAN VILLE BOURBON,21,0.6126822157434403
NIMES CENTRE,MONTAUBAN VILLE BOURBON,22,0.616326530612245
NIMES CENTRE,MONTAUBAN VILLE BOURBON,23,0.6137026239067055
NIMES CENTRE,MONTAUBAN VILLE BOURBON,24,0.6202623906705539
NIMES CENTRE,MONTAUBAN VILLE BOURBON,25,0.6227405247813411
NIMES CENTRE,MONTAUBAN VILLE BOURBON,26,0.6269679300291545
NIMES CENTRE,MONTAUBAN VILLE BOURBON,27,0.6176900584795322
NIMES CENTRE,MONTAUBAN VILLE BOURBON,28,0.6143274853801169
NIMES CENTRE,MONTAUBAN VILLE BOURBON,29,0.5937134502923977
NIMES CENTRE,MONTAUBAN VILLE BOURBON,30,0.030735294117647062
NIMES CENTRE,MONTPELLIER SAINT ROCH,0,0.9474137931034482
NIMES CENTRE,MONTPELLIER SAINT ROCH,1,0.9380747126436781
NIMES CENTRE,MONTPELLIER SAINT ROCH,2,0.9254310344827587
NIMES CENTRE,MONTPELLIER SAINT ROCH,3,0.914080459770115
NIMES CENTRE,MONTPELLIER SAINT ROCH,4,0.8864942528735632
NIMES CENTRE,MONTPELLIER SAINT ROCH,5,0.8913793103448275
NIMES CENTRE,MONTPELLIER SAINT ROCH,6,0.8922413793103449
NIMES CENTRE,MONTPELLIER SAINT ROCH,7,0.8866379310344827
NIMES CENTRE,MONTPELLIER SAINT ROCH,8,0.8830459770114942
NIMES CENTRE,MONTPELLIER SAINT ROCH,9,0.8771551724137931
NIMES CENTRE,MONTPELLIER SAINT ROCH,10,0.8672413793103448
NIMES CENTRE,MONTPELLIER SAINT ROCH,11,0.8629310344827587
NIMES CENTRE,MONTPELLIER SAINT ROCH,12,0.7525862068965516
NIMES CENTRE,MONTPELLIER SAINT ROCH,13,0.7475574712643678
NIMES CENTRE,MONTPELLIER SAINT ROCH,14,0.7514367816091954
NIMES CENTRE,MONTPELLIER SAINT ROCH,15,0.7531609195402299
NIMES CENTRE,MONTPELLIER SAINT ROCH,16,0.753448275862069
NIMES CENTRE,MONTPELLIER SAINT ROCH,17,0.7488505747126437
NIMES CENTRE,MONTPELLIER SAINT ROCH,18,0.7406609195402298
NIMES CENTRE,MONTPELLIER SAINT ROCH,19,0.7357758620689655
NIMES CENTRE,MONTPELLIER SAINT ROCH,20,0.7313218390804598
NIMES CENTRE,MONTPELLIER SAINT ROCH,21,0.7333333333333333
NIMES CENTRE,MONTPELLIER SAINT ROCH,22,0.739367816091954
NIMES CENTRE,MONTPELLIER SAINT ROCH,23,0.739367816091954
NIMES CENTRE,MONTPELLIER SAINT ROCH,24,0.7397988505747126
NIMES CENTRE,MONTPELLIER SAINT ROCH,25,0.7380747126436782
NIMES CENTRE,MONTPELLIER SAINT ROCH,26,0.7346264367816092
NIMES CENTRE,MONTPELLIER SAINT ROCH,27,0.7304034582132565
NIMES CENTRE,MONTPELLIER SAINT ROCH,28,0.7286743515850144
NIMES CENTRE,MONTPELLIER SAINT ROCH,29,0.709077809798271
NIMES CENTRE,MONTPELLIER SAINT ROCH,30,0.03884057971014493
NIMES CENTRE,NARBONNE,0,0.9183908045977012
NIMES CENTRE,NARBONNE,1,0.9147988505747127
NIMES CENTRE,NARBONNE,2,0.8985632183908046
NIMES CENTRE,NARBONNE,3,0.886206896551724
NIMES CENTRE,NARBONNE,4,0.8316091954022988
NIMES CENTRE,NARBONNE,5,0.8362068965517241
NIMES CENTRE,NARBONNE,6,0.8396551724137931
NIMES CENTRE,NARBONNE,7,0.8346264367816092
NIMES CENTRE,NARBONNE,8,0.8270114942528736
NIMES CENTRE,NARBONNE,9,0.8264367816091954
NIMES CENTRE,NARBONNE,10,0.8228448275862069
NIMES CENTRE,NARBONNE,11,0.8250000000000001
NIMES CENTRE,NARBONNE,12,0.7521551724137931
NIMES CENTRE,NARBONNE,13,0.748132183908046
NIMES CENTRE,NARBONNE,14,0.7538793103448277
NIMES CENTRE,NARBONNE,15,0.7645114942528736
NIMES CENTRE,NARBONNE,16,0.7676724137931034
NIMES CENTRE,NARBONNE,17,0.7650862068965517
NIMES CENTRE,NARBONNE,18,0.7609195402298851
NIMES CENTRE,NARBONNE,19,0.7533045977011493
NIMES CENTRE,NARBONNE,20,0.7514367816091954
NIMES CENTRE,NARBONNE,21,0.7566091954022989
NIMES CENTRE,NARBONNE,22,0.7673850574712644
NIMES CENTRE,NARBONNE,23,0.7696839080459771
NIMES CENTRE,NARBONNE,24,0.7691091954022988
NIMES CENTRE,NARBONNE,25,0.7706896551724137
NIMES CENTRE,NARBONNE,26,0.7689655172413794
NIMES CENTRE,NARBONNE,27,0.7606628242074928
NIMES CENTRE,NARBONNE,28,0.7569164265129682
NIMES CENTRE,NARBONNE,29,0.7236311239193084
NIMES CENTRE,NARBONNE,30,0.043333333333333335
NIMES CENTRE,SETE,0,0.7746105919003116
NIMES CENTRE,SETE,1,0.7659937888198758
NIMES CENTRE,SETE,2,0.7378881987577639
NIMES CENTRE,SETE,3,0.7099378881987577
NIMES CENTRE,SETE,4,0.5956521739130435
NIMES CENTRE,SETE,5,0.5841614906832298
NIMES CENTRE,SETE,6,0.5833850931677018
NIMES CENTRE,SETE,7,0.5599378881987578
NIMES CENTRE,SETE,8,0.568167701863354
NIMES CENTRE,SETE,9,0.5760869565217391
NIMES CENTRE,SETE,10,0.5821428571428571
NIMES CENTRE,SETE,11,0.5737577639751553
NIMES CENTRE,SETE,12,0.4585403726708075
NIMES CENTRE,SETE,13,0.44192546583850933
NIMES CENTRE,SETE,14,0.4333850931677019
NIMES CENTRE,SETE,15,0.44503105590062114
NIMES CENTRE,SETE,16,0.4422360248447205
NIMES CENTRE,SETE,17,0.4420807453416149
NIMES CENTRE,SETE,18,0.4501552795031056
NIMES CENTRE,SETE,19,0.4475155279503105
NIMES CENTRE,SETE,20,0.4501552795031056
NIMES CENTRE,SETE,21,0.45900621118012425
NIMES CENTRE,SETE,22,0.4492236024844721
NIMES CENTRE,SETE,23,0.45077639751552795
NIMES CENTRE,SETE,24,0.44875776397515527
NIMES CENTRE,SETE,25,0.4495341614906832
NIMES CENTRE,SETE,26,0.44112149532710276
NIMES CENTRE,SETE,27,0.43156249999999996
NIMES CENTRE,SETE,28,0.4269592476489028
NIMES CENTRE,SETE,29,0.41018808777429466
NIMES CENTRE,SETE,30,0.02050473186119874
NIMES CENTRE,TOULOUSE MATABIAU,0,0.9132183908045978
NIMES CENTRE,TOULOUSE MATABIAU,1,0.9116379310344828
NIMES CENTRE,TOULOUSE MATABIAU,2,0.9008620689655172
NIMES CENTRE,TOULOUSE MATABIAU,3,0.887787356321839
NIMES CENTRE,TOULOUSE MATABIAU,4,0.8432471264367816
NIMES CENTRE,TOULOUSE MATABIAU,5,0.8426724137931034
NIMES CENTRE,TOULOUSE MATABIAU,6,0.8387931034482758
NIMES CENTRE,TOULOUSE MATABIAU,7,0.8422413793103449
NIMES CENTRE,TOULOUSE MATABIAU,8,0.8386494252873564
NIMES CENTRE,TOULOUSE MATABIAU,9,0.8364942528735633
NIMES CENTRE,TOULOUSE MATABIAU,10,0.8412356321839081
NIMES CENTRE,TOULOUSE MATABIAU,11,0.8438218390804597
NIMES CENTRE,TOULOUSE MATABIAU,12,0.725
NIMES CENTRE,TOULOUSE MATABIAU,13,0.7156609195402299
NIMES CENTRE,TOULOUSE MATABIAU,14,0.7218390804597701
NIMES CENTRE,TOULOUSE MATABIAU,15,0.730316091954023
NIMES CENTRE,TOULOUSE MATABIAU,16,0.7313218390804598
NIMES CENTRE,TOULOUSE MATABIAU,17,0.7320402298850575
NIMES CENTRE,TOULOUSE MATABIAU,18,0.728735632183908
NIMES CENTRE,TOULOUSE MATABIAU,19,0.7235632183908046
NIMES CENTRE,TOULOUSE MATABIAU,20,0.7206896551724138
NIMES CENTRE,TOULOUSE MATABIAU,21,0.725
NIMES CENTRE,TOULOUSE MATABIAU,22,0.7317528735632184
NIMES CENTRE,TOULOUSE MATABIAU,23,0.7339080459770115
NIMES CENTRE,TOULOUSE MATABIAU,24,0.7360632183908046
NIMES CENTRE,TOULOUSE MATABIAU,25,0.7373563218390805
NIMES CENTRE,TOULOUSE MATABIAU,26,0.7362068965517241
NIMES CENTRE,TOULOUSE MATABIAU,27,0.7306916426512968
NIMES CENTRE,TOULOUSE MATABIAU,28,0.7282420749279539
NIMES CENTRE,TOULOUSE MATABIAU,29,0.704178674351585
NIMES CENTRE,TOULOUSE MATABIAU,30,0.04623188405797102
SETE,AGEN,0,0.7722397476340694
SETE,AGEN,1,0.7567610062893082
SETE,AGEN,2,0.6982704402515724
SETE,AGEN,3,0.6660377358490567
SETE,AGEN,4,0.5577044025157233
SETE,AGEN,5,0.544182389937107
SETE,AGEN,6,0.5477987421383648
SETE,AGEN,7,0.5404088050314465
SETE,AGEN,8,0.5462264150943396
SETE,AGEN,9,0.5572327044025157
SETE,AGEN,10,0.5685534591194968
SETE,AGEN,11,0.5569182389937106
SETE,AGEN,12,0.3897798742138365
SETE,AGEN,13,0.3668238993710692
SETE,AGEN,14,0.3567610062893082
SETE,AGEN,15,0.3720125786163522
SETE,AGEN,16,0.3658805031446541
SETE,AGEN,17,0.3742138364779874
SETE,AGEN,18,0.3814465408805031
SETE,AGEN,19,0.37767295597484274
SETE,AGEN,20,0.3800314465408805
SETE,AGEN,21,0.3929245283018868
SETE,AGEN,22,0.39496855345911946
SETE,AGEN,23,0.4006289308176101
SETE,AGEN,24,0.3977987421383648
SETE,AGEN,25,0.4015723270440252
SETE,AGEN,26,0.3984227129337539
SETE,AGEN,27,0.38924050632911394
SETE,AGEN,28,0.38952380952380955
SETE,AGEN,29,0.3707936507936508
SETE,AGEN,30,0.02156549520766773
SETE,BORDEAUX ST JEAN,0,0.772397476340694
SETE,BORDEAUX ST JEAN,1,0.756132075471698
SETE,BORDEAUX ST JEAN,2,0.6941823899371069
SETE,BORDEAUX ST JEAN,3,0.6682389937106918
SETE,BORDEAUX ST JEAN,4,0.5572327044025157
SETE,BORDEAUX ST JEAN,5,0.5437106918238994
SETE,BORDEAUX ST JEAN,6,0.5479559748427673
SETE,BORDEAUX ST JEAN,7,0.5421383647798742
SETE,BORDEAUX ST JEAN,8,0.55
SETE,BORDEAUX ST JEAN,9,0.5595911949685535
SETE,BORDEAUX ST JEAN,10,0.5647798742138365
SETE,BORDEAUX ST JEAN,11,0.5556603773584905
SETE,BORDEAUX ST JEAN,12,0.3869496855345912
SETE,BORDEAUX ST JEAN,13,0.3671383647798742
SETE,BORDEAUX ST JEAN,14,0.3572327044025157
SETE,BORDEAUX ST JEAN,15,0.37012578616352204
SETE,BORDEAUX ST JEAN,16,0.36650943396226415
SETE,BORDEAUX ST JEAN,17,0.3738993710691824
SETE,BORDEAUX ST JEAN,18,0.38207547169811323
SETE,BORDEAUX ST JEAN,19,0.3814465408805031
SETE,BORDEAUX ST JEAN,20,0.38427672955974845
SETE,BORDEAUX ST JEAN,21,0.3929245283018868
SETE,BORDEAUX ST JEAN,22,0.39528301886792455
SETE,BORDEAUX ST JEAN,23,0.400314465408805
SETE,BORDEAUX ST JEAN,24,0.4
SETE,BORDEAUX ST JEAN,25,0.4011006289308176
SETE,BORDEAUX ST JEAN,26,0.39858044164037854
SETE,BORDEAUX ST JEAN,27,0.3884493670886076
SETE,BORDEAUX ST JEAN,28,0.38920634920634917
SETE,BORDEAUX ST JEAN,29,0.37587301587301586
SETE,BORDEAUX ST JEAN,30,0.019488817891373803
SETE,CARCASSONNE,0,0.7842679127725857
SETE,CARCASSONNE,1,0.7795031055900621
SETE,CARCASSONNE,2,0.7360248447204969
SETE,CARCASSONNE,3,0.6933229813664596
SETE,CARCASSONNE,4,0.5832298136645964
SETE,CARCASSONNE,5,0.573136645962733
SETE,CARCASSONNE,6,0.5790372670807453
SETE,CARCASSONNE,7,0.5579192546583851
SETE,CARCASSONNE,8,0.5638198757763976
SETE,CARCASSONNE,9,0.5732919254658385
SETE,CARCASSONNE,10,0.5805900621118012
SETE,CARCASSONNE,11,0.5720496894409938
SETE,CARCASSONNE,12,0.4666149068322981
SETE,CARCASSONNE,13,0.4504658385093168
SETE,CARCASSONNE,14,0.4400621118012422
SETE,CARCASSONNE,15,0.4535714285714286
SETE,CARCASSONNE,16,0.4448757763975155
SETE,CARCASSONNE,17,0.4444099378881987
SETE,CARCASSONNE,18,0.4551242236024845
SETE,CARCASSONNE,19,0.4529503105590062
SETE,CARCASSONNE,20,0.4523291925465839
SETE,CARCASSONNE,21,0.45962732919254656
SETE,CARCASSONNE,22,0.4523291925465839
SETE,CARCASSONNE,23,0.4551242236024845
SETE,CARCASSONNE,24,0.4509316770186335
SETE,CARCASSONNE,25,0.45
SETE,CARCASSONNE,26,0.4397196261682243
SETE,CARCASSONNE,27,0.4259375
SETE,CARCASSONNE,28,0.4217868338557994
SETE,CARCASSONNE,29,0.39545454545454545
SETE,CARCASSONNE,30,0.025867507886435336
SETE,MONTAUBAN VILLE BOURBON,0,0.7640378548895899
SETE,MONTAUBAN VILLE BOURBON,1,0.7504716981132076
SETE,MONTAUBAN VILLE BOURBON,2,0.6960691823899371
SETE,MONTAUBAN VILLE BOURBON,3,0.670125786163522
SETE,MONTAUBAN VILLE BOURBON,4,0.5566037735849056
SETE,MONTAUBAN VILLE BOURBON,5,0.5481132075471699
SETE,MONTAUBAN VILLE BOURBON,6,0.5490566037735849
SETE,MONTAUBAN VILLE BOURBON,7,0.5372641509433962
SETE,MONTAUBAN VILLE BOURBON,8,0.5435534591194968
SETE,MONTAUBAN VILLE BOURBON,9,0.5595911949685535
SETE,MONTAUBAN VILLE BOURBON,10,0.5657232704402516
SETE,MONTAUBAN VILLE BOURBON,11,0.5575471698113208
SETE,MONTAUBAN VILLE BOURBON,12,0.38757861635220126
SETE,MONTAUBAN VILLE BOURBON,13,0.36933962264150944
SETE,MONTAUBAN VILLE BOURBON,14,0.35959119496855346
SETE,MONTAUBAN VILLE BOURBON,15,0.370440251572327
SETE,MONTAUBAN VILLE BOURBON,16,0.36886792452830186
SETE,MONTAUBAN VILLE BOURBON,17,0.37437106918238994
SETE,MONTAUBAN VILLE BOURBON,18,0.3817610062893082
SETE,MONTAUBAN VILLE BOURBON,19,0.3805031446540881
SETE,MONTAUBAN VILLE BOURBON,20,0.3827044025157233
SETE,MONTAUBAN VILLE BOURBON,21,0.39261006289308176
SETE,MONTAUBAN VILLE BOURBON,22,0.394811320754717
SETE,MONTAUBAN VILLE BOURBON,23,0.4001572327044025
SETE,MONTAUBAN VILLE BOURBON,24,0.39858490566037735
SETE,MONTAUBAN VILLE BOURBON,25,0.4001572327044025
SETE,MONTAUBAN VILLE BOURBON,26,0.39605678233438485
SETE,MONTAUBAN VILLE BOURBON,27,0.3895569620253164
SETE,MONTAUBAN VILLE BOURBON,28,0.39031746031746034
SETE,MONTAUBAN VILLE BOURBON,29,0.3746031746031746
SETE,MONTAUBAN VILLE BOURBON,30,0.01964856230031949
SETE,NARBONNE,0,0.7674454828660436
SETE,NARBONNE,1,0.7600931677018633
SETE,NARBONNE,2,0.7335403726708074
SETE,NARBONNE,3,0.7041925465838509
SETE,NARBONNE,4,0.5928571428571429
SETE,NARBONNE,5,0.5801242236024845
SETE,NARBONNE,6,0.5849378881987577
SETE,NARBONNE,7,0.5600931677018633
SETE,NARBONNE,8,0.5661490683229814
SETE,NARBONNE,9,0.5753105590062112
SETE,NARBONNE,10,0.5822981366459627
SETE,NARBONNE,11,0.5737577639751553
SETE,NARBONNE,12,0.463664596273292
SETE,NARBONNE,13,0.44130434782608696
SETE,NARBONNE,14,0.431832298136646
SETE,NARBONNE,15,0.4417701863354037
SETE,NARBONNE,16,0.4417701863354037
SETE,NARBONNE,17,0.44270186335403733
SETE,NARBONNE,18,0.44860248447204965
SETE,NARBONNE,19,0.4467391304347826
SETE,NARBONNE,20,0.4495341614906832
SETE,NARBONNE,21,0.45652173913043476
SETE,NARBONNE,22,0.4467391304347826
SETE,NARBONNE,23,0.45155279503105594
SETE,NARBONNE,24,0.4478260869565217
SETE,NARBONNE,25,0.44596273291925465
SETE,NARBONNE,26,0.44112149532710276
SETE,NARBONNE,27,0.42859375
SETE,NARBONNE,28,0.4278996865203762
SETE,NARBONNE,29,0.40219435736677117
SETE,NARBONNE,30,0.027917981072555203
SETE,TOULOUSE MATABIAU,0,0.7906542056074767
SETE,TOULOUSE MATABIAU,1,0.7812111801242236
SETE,TOULOUSE MATABIAU,2,0.7350931677018633
SETE,TOULOUSE MATABIAU,3,0.6993788819875776
SETE,TOULOUSE MATABIAU,4,0.5816770186335404
SETE,TOULOUSE MATABIAU,5,0.5736024844720496
SETE,TOULOUSE MATABIAU,6,0.578416149068323
SETE,TOULOUSE MATABIAU,7,0.5541925465838509
SETE,TOULOUSE MATABIAU,8,0.5627329192546584
SETE,TOULOUSE MATABIAU,9,0.5701863354037267
SETE,TOULOUSE MATABIAU,10,0.5756211180124223
SETE,TOULOUSE MATABIAU,11,0.5701863354037267
SETE,TOULOUSE MATABIAU,12,0.4664596273291925
SETE,TOULOUSE MATABIAU,13,0.4442546583850932
SETE,TOULOUSE MATABIAU,14,0.4386645962732919
SETE,TOULOUSE MATABIAU,15,0.45155279503105594
SETE,TOULOUSE MATABIAU,16,0.4475155279503105
SETE,TOULOUSE MATABIAU,17,0.4458074534161491
SETE,TOULOUSE MATABIAU,18,0.4554347826086957
SETE,TOULOUSE MATABIAU,19,0.4504658385093168
SETE,TOULOUSE MATABIAU,20,0.4529503105590062
SETE,TOULOUSE MATABIAU,21,0.4583850931677018
SETE,TOULOUSE MATABIAU,22,0.45155279503105594
SETE,TOULOUSE MATABIAU,23,0.4562111801242236
SETE,TOULOUSE MATABIAU,24,0.4496894409937889
SETE,TOULOUSE MATABIAU,25,0.45217391304347826
SETE,TOULOUSE MATABIAU,26,0.4439252336448598
SETE,TOULOUSE MATABIAU,27,0.4246875
SETE,TOULOUSE MATABIAU,28,0.4217868338557994
SETE,TOULOUSE MATABIAU,29,0.3968652037617555
SETE,TOULOUSE MATABIAU,30,0.032649842271293375
TOULOUSE MATABIAU,AGEN,0,0.9374269005847954
TOULOUSE MATABIAU,AGEN,1,0.9410818713450293
TOULOUSE MATABIAU,AGEN,2,0.9352339181286551
TOULOUSE MATABIAU,AGEN,3,0.938888888888889
TOULOUSE MATABIAU,AGEN,4,0.9214912280701754
TOULOUSE MATABIAU,AGEN,5,0.92046783625731
TOULOUSE MATABIAU,AGEN,6,0.9190058479532164
TOULOUSE MATABIAU,AGEN,7,0.9097953216374268
TOULOUSE MATABIAU,AGEN,8,0.9017543859649122
TOULOUSE MATABIAU,AGEN,9,0.8942982456140351
TOULOUSE MATABIAU,AGEN,10,0.8940058479532164
TOULOUSE MATABIAU,AGEN,11,0.8850877192982456
TOULOUSE MATABIAU,AGEN,12,0.724561403508772
TOULOUSE MATABIAU,AGEN,13,0.7049707602339181
TOULOUSE MATABIAU,AGEN,14,0.7014619883040936
TOULOUSE MATABIAU,AGEN,15,0.7073099415204679
TOULOUSE MATABIAU,AGEN,16,0.7052631578947368
TOULOUSE MATABIAU,AGEN,17,0.7080409356725146
TOULOUSE MATABIAU,AGEN,18,0.7149122807017544
TOULOUSE MATABIAU,AGEN,19,0.70453216374269
TOULOUSE MATABIAU,AGEN,20,0.7026315789473685
TOULOUSE MATABIAU,AGEN,21,0.7021929824561404
TOULOUSE MATABIAU,AGEN,22,0.6947368421052631
TOULOUSE MATABIAU,AGEN,23,0.6811403508771929
TOULOUSE MATABIAU,AGEN,24,0.6864035087719298
TOULOUSE MATABIAU,AGEN,25,0.6865497076023392
TOULOUSE MATABIAU,AGEN,26,0.6878654970760234
TOULOUSE MATABIAU,AGEN,27,0.6785923753665689
TOULOUSE MATABIAU,AGEN,28,0.6715542521994134
TOULOUSE MATABIAU,AGEN,29,0.6502932551319648
TOULOUSE MATABIAU,AGEN,30,0.03805309734513274
TOULOUSE MATABIAU,BORDEAUX ST JEAN,0,0.9545058139534884
TOULOUSE MATABIAU,BORDEAUX ST JEAN,1,0.9590116279069767
TOULOUSE MATABIAU,BORDEAUX ST JEAN,2,0.9604651162790697
TOULOUSE MATABIAU,BORDEAUX ST JEAN,3,0.9546511627906976
TOULOUSE MATABIAU,BORDEAUX ST JEAN,4,0.9561046511627906
TOULOUSE MATABIAU,BORDEAUX ST JEAN,5,0.9575581395348837
TOULOUSE MATABIAU,BORDEAUX ST JEAN,6,0.9555232558139535
TOULOUSE MATABIAU,BORDEAUX ST JEAN,7,0.9430232558139534
TOULOUSE MATABIAU,BORDEAUX ST JEAN,8,0.9383720930232559
TOULOUSE MATABIAU,BORDEAUX ST JEAN,9,0.934593023255814
TOULOUSE MATABIAU,BORDEAUX ST JEAN,10,0.9247093023255815
TOULOUSE MATABIAU,BORDEAUX ST JEAN,11,0.9300872093023256
TOULOUSE MATABIAU,BORDEAUX ST JEAN,12,0.7822674418604652
TOULOUSE MATABIAU,BORDEAUX ST JEAN,13,0.7672965116279069
TOULOUSE MATABIAU,BORDEAUX ST JEAN,14,0.7593023255813953
TOULOUSE MATABIAU,BORDEAUX ST JEAN,15,0.7643895348837209
TOULOUSE MATABIAU,BORDEAUX ST JEAN,16,0.7517441860465117
TOULOUSE MATABIAU,BORDEAUX ST JEAN,17,0.7488372093023257
TOULOUSE MATABIAU,BORDEAUX ST JEAN,18,0.752906976744186
TOULOUSE MATABIAU,BORDEAUX ST JEAN,19,0.740843023255814
TOULOUSE MATABIAU,BORDEAUX ST JEAN,20,0.7345930232558139
TOULOUSE MATABIAU,BORDEAUX ST JEAN,21,0.7337209302325581
TOULOUSE MATABIAU,BORDEAUX ST JEAN,22,0.7277616279069767
TOULOUSE MATABIAU,BORDEAUX ST JEAN,23,0.7133720930232559
TOULOUSE MATABIAU,BORDEAUX ST JEAN,24,0.7204941860465116
TOULOUSE MATABIAU,BORDEAUX ST JEAN,25,0.7151162790697675
TOULOUSE MATABIAU,BORDEAUX ST JEAN,26,0.7154069767441861
TOULOUSE MATABIAU,BORDEAUX ST JEAN,27,0.7051020408163265
TOULOUSE MATABIAU,BORDEAUX ST JEAN,28,0.6975218658892128
TOULOUSE MATABIAU,BORDEAUX ST JEAN,29,0.6591836734693878
TOULOUSE MATABIAU,BORDEAUX ST JEAN,30,0.046627565982404695
TOULOUSE MATABIAU,MARMANDE,0,0.9354790419161676
TOULOUSE MATABIAU,MARMANDE,1,0.9404191616766467
TOULOUSE MATABIAU,MARMANDE,2,0.9369760479041915
TOULOUSE MATABIAU,MARMANDE,3,0.9285928143712574
TOULOUSE MATABIAU,MARMANDE,4,0.8787425149700598
TOULOUSE MATABIAU,MARMANDE,5,0.8592814371257484
TOULOUSE MATABIAU,MARMANDE,6,0.8529940119760479
TOULOUSE MATABIAU,MARMANDE,7,0.8125748502994011
TOULOUSE MATABIAU,MARMANDE,8,0.7986526946107785
TOULOUSE MATABIAU,MARMANDE,9,0.7865269461077844
TOULOUSE MATABIAU,MARMANDE,10,0.7473053892215569
TOULOUSE MATABIAU,MARMANDE,11,0.7428143712574851
TOULOUSE MATABIAU,MARMANDE,12,0.5607784431137725
TOULOUSE MATABIAU,MARMANDE,13,0.5333333333333333
TOULOUSE MATABIAU,MARMANDE,14,0.5162162162162163
TOULOUSE MATABIAU,MARMANDE,15,0.5054054054054055
TOULOUSE MATABIAU,MARMANDE,16,0.4843843843843844
TOULOUSE MATABIAU,MARMANDE,17,0.4864864864864865
TOULOUSE MATABIAU,MARMANDE,18,0.4864864864864865
TOULOUSE MATABIAU,MARMANDE,19,0.4738738738738739
TOULOUSE MATABIAU,MARMANDE,20,0.4675675675675675
TOULOUSE MATABIAU,MARMANDE,21,0.45975975975975975
TOULOUSE MATABIAU,MARMANDE,22,0.4665165165165165
TOULOUSE MATABIAU,MARMANDE,23,0.46156156156156153
TOULOUSE MATABIAU,MARMANDE,24,0.4572072072072072
TOULOUSE MATABIAU,MARMANDE,25,0.45570570570570573
TOULOUSE MATABIAU,MARMANDE,26,0.4509009009009009
TOULOUSE MATABIAU,MARMANDE,27,0.44668674698795185
TOULOUSE MATABIAU,MARMANDE,28,0.4478915662650602
TOULOUSE MATABIAU,MARMANDE,29,0.4218373493975904
TOULOUSE MATABIAU,MARMANDE,30,0.02909090909090909
TOULOUSE MATABIAU,MONTAUBAN VILLE BOURBON,0,0.951017441860465
TOULOUSE MATABIAU,MONTAUBAN VILLE BOURBON,1,0.9566860465116279
TOULOUSE MATABIAU,MONTAUBAN VILLE BOURBON,2,0.9594476744186047
TOULOUSE MATABIAU,MONTAUBAN VILLE BOURBON,3,0.9572674418604652
TOULOUSE MATABIAU,MONTAUBAN VILLE BOURBON,4,0.9563953488372093
TOULOUSE MATABIAU,MONTAUBAN VILLE BOURBON,5,0.9553779069767441
TOULOUSE MATABIAU,MONTAUBAN VILLE BOURBON,6,0.9559593023255815
TOULOUSE MATABIAU,MONTAUBAN VILLE BOURBON,7,0.9444767441860464
TOULOUSE MATABIAU,MONTAUBAN VILLE BOURBON,8,0.9379360465116279
TOULOUSE MATABIAU,MONTAUBAN VILLE BOURBON,9,0.9341569767441861
TOULOUSE MATABIAU,MONTAUBAN VILLE BOURBON,10,0.9223837209302326
TOULOUSE MATABIAU,MONTAUBAN VILLE BOURBON,11,0.9311046511627907
TOULOUSE MATABIAU,MONTAUBAN VILLE BOURBON,12,0.7808139534883721
TOULOUSE MATABIAU,MONTAUBAN VILLE BOURBON,13,0.7633720930232559
TOULOUSE MATABIAU,MONTAUBAN VILLE BOURBON,14,0.7550872093023255
TOULOUSE MATABIAU,MONTAUBAN VILLE BOURBON,15,0.7629360465116278
TOULOUSE MATABIAU,MONTAUBAN VILLE BOURBON,16,0.7546511627906978
TOULOUSE MATABIAU,MONTAUBAN VILLE BOURBON,17,0.7505813953488372
TOULOUSE MATABIAU,MONTAUBAN VILLE BOURBON,18,0.7521802325581395
TOULOUSE MATABIAU,MONTAUBAN VILLE BOURBON,19,0.7421511627906977
TOULOUSE MATABIAU,MONTAUBAN VILLE BOURBON,20,0.7353197674418605
TOULOUSE MATABIAU,MONTAUBAN VILLE BOURBON,21,0.7348837209302326
TOULOUSE MATABIAU,MONTAUBAN VILLE BOURBON,22,0.7270348837209302
TOULOUSE MATABIAU,MONTAUBAN VILLE BOURBON,23,0.7127906976744186
TOULOUSE MATABIAU,MONTAUBAN VILLE BOURBON,24,0.7177325581395348
TOULOUSE MATABIAU,MONTAUBAN VILLE BOURBON,25,0.7142441860465116
TOULOUSE MATABIAU,MONTAUBAN VILLE BOURBON,26,0.7149709302325581
TOULOUSE MATABIAU,MONTAUBAN VILLE BOURBON,27,0.7036443148688046
TOULOUSE MATABIAU,MONTAUBAN VILLE BOURBON,28,0.699271137026239
TOULOUSE MATABIAU,MONTAUBAN VILLE BOURBON,29,0.6657434402332362
TOULOUSE MATABIAU,MONTAUBAN VILLE BOURBON,30,0.041935483870967745
