origine,destination,delta_days,proba_open
AGEN,ARLES,0,0.6617161716171617
AGEN,ARLES,1,0.6468852459016394
AGEN,ARLES,2,0.5767213114754098
AGEN,ARLES,3,0.5186885245901639
AGEN,ARLES,4,0.4227868852459016
AGEN,ARLES,5,0.41327868852459015
AGEN,ARLES,6,0.4095394736842105
AGEN,ARLES,7,0.3862295081967213
AGEN,ARLES,8,0.3785245901639344
AGEN,ARLES,9,0.3681372549019608
AGEN,ARLES,10,0.36830065359477127
AGEN,ARLES,11,0.3710097719869707
AGEN,ARLES,12,0.21775244299674265
AGEN,ARLES,13,0.19754901960784316
AGEN,ARLES,14,0.20098039215686275
AGEN,ARLES,15,0.1977124183006536
AGEN,ARLES,16,0.20098039215686275
AGEN,ARLES,17,0.20261437908496732
AGEN,ARLES,18,0.19852459016393442
AGEN,ARLES,19,0.2004918032786885
AGEN,ARLES,20,0.20608552631578947
AGEN,ARLES,21,0.2100328947368421
AGEN,ARLES,22,0.21726973684210527
AGEN,ARLES,23,0.2182565789473684
AGEN,ARLES,24,0.21792763157894737
AGEN,ARLES,25,0.21683168316831683
AGEN,ARLES,26,0.2239273927392739
AGEN,ARLES,27,0.23178807947019867
AGEN,ARLES,28,0.2142384105960265
AGEN,ARLES,29,0.2099337748344371
AGEN,ARLES,30,0.01893687707641196
AGEN,BEZIERS,0,0.8630563798219585
AGEN,BEZIERS,1,0.858160237388724
AGEN,BEZIERS,2,0.8287833827893175
AGEN,BEZIERS,3,0.8043026706231454
AGEN,BEZIERS,4,0.6795252225519288
AGEN,BEZIERS,5,0.664540059347181
AGEN,BEZIERS,6,0.671513353115727
AGEN,BEZIERS,7,0.6597922848664688
AGEN,BEZIERS,8,0.6590504451038576
AGEN,BEZIERS,9,0.6624629080118695
AGEN,BEZIERS,10,0.6765578635014837
AGEN,BEZIERS,11,0.673887240356083
AGEN,BEZIERS,12,0.5712166172106825
AGEN,BEZIERS,13,0.5532640949554896
AGEN,BEZIERS,14,0.5468842729970327
AGEN,BEZIERS,15,0.55459940652819
AGEN,BEZIERS,16,0.5560830860534125
AGEN,BEZIERS,17,0.5658753709198813
AGEN,BEZIERS,18,0.5673590504451038
AGEN,BEZIERS,19,0.5642433234421366
AGEN,BEZIERS,20,0.5703264094955489
AGEN,BEZIERS,21,0.5752225519287834
AGEN,BEZIERS,22,0.5734421364985163
AGEN,BEZIERS,23,0.571513353115727
AGEN,BEZIERS,24,0.5820474777448071
AGEN,BEZIERS,25,0.5828869047619047
AGEN,BEZIERS,26,0.5802083333333333
AGEN,BEZIERS,27,0.584375
AGEN,BEZIERS,28,0.5779761904761904
AGEN,BEZIERS,29,0.5735119047619047
AGEN,BEZIERS,30,0.0279940119760479
AGEN,CARCASSONNE,0,0.8614243323442137
AGEN,CARCASSONNE,1,0.857566765578635
AGEN,CARCASSONNE,2,0.8277448071216617
AGEN,CARCASSONNE,3,0.8013353115727003
AGEN,CARCASSONNE,4,0.6850148367952522
AGEN,CARCASSONNE,5,0.6673590504451039
AGEN,CARCASSONNE,6,0.6729970326409496
AGEN,CARCASSONNE,7,0.659347181008902
AGEN,CARCASSONNE,8,0.6566765578635015
AGEN,CARCASSONNE,9,0.6624629080118695
AGEN,CARCASSONNE,10,0.6725519287833828
AGEN,CARCASSONNE,11,0.6734421364985163
AGEN,CARCASSONNE,12,0.5746290801186944
AGEN,CARCASSONNE,13,0.5538575667655786
AGEN,CARCASSONNE,14,0.5470326409495548
AGEN,CARCASSONNE,15,0.5541543026706232
AGEN,CARCASSONNE,16,0.5565281899109793
AGEN,CARCASSONNE,17,0.5661721068249258
AGEN,CARCASSONNE,18,0.5663204747774481
AGEN,CARCASSONNE,19,0.5642433234421366
AGEN,CARCASSONNE,20,0.5689910979228486
AGEN,CARCASSONNE,21,0.573293768545994
AGEN,CARCASSONNE,22,0.5734421364985163
AGEN,CARCASSONNE,23,0.5712166172106825
AGEN,CARCASSONNE,24,0.5814540059347181
AGEN,CARCASSONNE,25,0.5816964285714286
AGEN,CARCASSONNE,26,0.5787202380952381
AGEN,CARCASSONNE,27,0.5837797619047619
AGEN,CARCASSONNE,28,0.5808035714285714
AGEN,CARCASSONNE,29,0.5757440476190476
AGEN,CARCASSONNE,30,0.022754491017964073
AGEN,MARSEILLE ST CHARLES,0,0.8424107142857143
AGEN,MARSEILLE ST CHARLES,1,0.8470238095238096
AGEN,MARSEILLE ST CHARLES,2,0.8126488095238096
AGEN,MARSEILLE ST CHARLES,3,0.7921130952380951
AGEN,MARSEILLE ST CHARLES,4,0.6727678571428571
AGEN,MARSEILLE ST CHARLES,5,0.6578869047619048
AGEN,MARSEILLE ST CHARLES,6,0.6598214285714286
AGEN,MARSEILLE ST CHARLES,7,0.6459821428571428
AGEN,MARSEILLE ST CHARLES,8,0.6433035714285714
AGEN,MARSEILLE ST CHARLES,9,0.641839762611276
AGEN,MARSEILLE ST CHARLES,10,0.6568249258160237
AGEN,MARSEILLE ST CHARLES,11,0.6596439169139466
AGEN,MARSEILLE ST CHARLES,12,0.5637982195845698
AGEN,MARSEILLE ST CHARLES,13,0.5443620178041543
AGEN,MARSEILLE ST CHARLES,14,0.5409495548961425
AGEN,MARSEILLE ST CHARLES,15,0.5456973293768547
AGEN,MARSEILLE ST CHARLES,16,0.5480712166172107
AGEN,MARSEILLE ST CHARLES,17,0.5596439169139465
AGEN,MARSEILLE ST CHARLES,18,0.5602373887240356
AGEN,MARSEILLE ST CHARLES,19,0.5590504451038576
AGEN,MARSEILLE ST CHARLES,20,0.5626112759643916
AGEN,MARSEILLE ST CHARLES,21,0.5682492581602374
AGEN,MARSEILLE ST CHARLES,22,0.5666172106824926
AGEN,MARSEILLE ST CHARLES,23,0.563353115727003
AGEN,MARSEILLE ST CHARLES,24,0.5707715133531157
AGEN,MARSEILLE ST CHARLES,25,0.5760416666666667
AGEN,MARSEILLE ST CHARLES,26,0.5727678571428572
AGEN,MARSEILLE ST CHARLES,27,0.5752976190476191
AGEN,MARSEILLE ST CHARLES,28,0.5694940476190476
AGEN,MARSEILLE ST CHARLES,29,0.5642857142857143
AGEN,MARSEILLE ST CHARLES,30,0.02065868263473054
AGEN,MONTAUBAN VILLE BOURBON,0,0.9756676557863502
AGEN,MONTAUBAN VILLE BOURBON,1,0.9758160237388724
AGEN,MONTAUBAN VILLE BOURBON,2,0.9728486646884273
AGEN,MONTAUBAN VILLE BOURBON,3,0.9688427299703264
AGEN,MONTAUBAN VILLE BOURBON,4,0.9272997032640949
AGEN,MONTAUBAN VILLE BOURBON,5,0.9258160237388724
AGEN,MONTAUBAN VILLE BOURBON,6,0.9200296735905045
AGEN,MONTAUBAN VILLE BOURBON,7,0.9083086053412464
AGEN,MONTAUBAN VILLE BOURBON,8,0.8897626112759645
AGEN,MONTAUBAN VILLE BOURBON,9,0.8844213649851632
AGEN,MONTAUBAN VILLE BOURBON,10,0.8620178041543026
AGEN,MONTAUBAN VILLE BOURBON,11,0.8370919881305638
AGEN,MONTAUBAN VILLE BOURBON,12,0.6943620178041543
AGEN,MONTAUBAN VILLE BOURBON,13,0.663353115727003
AGEN,MONTAUBAN VILLE BOURBON,14,0.6409495548961425
AGEN,MONTAUBAN VILLE BOURBON,15,0.6410979228486647
AGEN,MONTAUBAN VILLE BOURBON,16,0.6397626112759643
AGEN,MONTAUBAN VILLE BOURBON,17,0.6507418397626114
AGEN,MONTAUBAN VILLE BOURBON,18,0.6498516320474778
AGEN,MONTAUBAN VILLE BOURBON,19,0.6433234421364985
AGEN,MONTAUBAN VILLE BOURBON,20,0.6422848664688426
AGEN,MONTAUBAN VILLE BOURBON,21,0.6445103857566765
AGEN,MONTAUBAN VILLE BOURBON,22,0.6376854599406528
AGEN,MONTAUBAN VILLE BOURBON,23,0.6320474777448071
AGEN,MONTAUBAN VILLE BOURBON,24,0.6341246290801187
AGEN,MONTAUBAN VILLE BOURBON,25,0.6299107142857143
AGEN,MONTAUBAN VILLE BOURBON,26,0.625
AGEN,MONTAUBAN VILLE BOURBON,27,0.6325892857142857
AGEN,MONTAUBAN VILLE BOURBON,28,0.6248511904761904
AGEN,MONTAUBAN VILLE BOURBON,29,0.6199404761904762
AGEN,MONTAUBAN VILLE BOURBON,30,0.03592814371257485
AGEN,MONTPELLIER SAINT ROCH,0,0.8529761904761906
AGEN,MONTPELLIER SAINT ROCH,1,0.8529761904761906
AGEN,MONTPELLIER SAINT ROCH,2,0.8199404761904762
AGEN,MONTPELLIER SAINT ROCH,3,0.7940476190476191
AGEN,MONTPELLIER SAINT ROCH,4,0.6785714285714286
AGEN,MONTPELLIER SAINT ROCH,5,0.6601190476190476
AGEN,MONTPELLIER SAINT ROCH,6,0.665327380952381
AGEN,MONTPELLIER SAINT ROCH,7,0.6552083333333334
AGEN,MONTPELLIER SAINT ROCH,8,0.6526785714285714
AGEN,MONTPELLIER SAINT ROCH,9,0.6532640949554896
AGEN,MONTPELLIER SAINT ROCH,10,0.6636498516320475
AGEN,MONTPELLIER SAINT ROCH,11,0.6670623145400594
AGEN,MONTPELLIER SAINT ROCH,12,0.5646884272997033
AGEN,MONTPELLIER SAINT ROCH,13,0.5459940652818991
AGEN,MONTPELLIER SAINT ROCH,14,0.5428783382789317
AGEN,MONTPELLIER SAINT ROCH,15,0.5485163204747774
AGEN,MONTPELLIER SAINT ROCH,16,0.5486646884272998
AGEN,MONTPELLIER SAINT ROCH,17,0.5594955489614244
AGEN,MONTPELLIER SAINT ROCH,18,0.5620178041543027
AGEN,MONTPELLIER SAINT ROCH,19,0.5611275964391691
AGEN,MONTPELLIER SAINT ROCH,20,0.5649851632047478
AGEN,MONTPELLIER SAINT ROCH,21,0.5689910979228486
AGEN,MONTPELLIER SAINT ROCH,22,0.5649851632047478
AGEN,MONTPELLIER SAINT ROCH,23,0.5635014836795252
AGEN,MONTPELLIER SAINT ROCH,24,0.5710682492581602
AGEN,MONTPELLIER SAINT ROCH,25,0.5772321428571429
AGEN,MONTPELLIER SAINT ROCH,26,0.5742559523809524
AGEN,MONTPELLIER SAINT ROCH,27,0.5766369047619048
AGEN,MONTPELLIER SAINT ROCH,28,0.5703869047619048
AGEN,MONTPELLIER SAINT ROCH,29,0.5657738095238095
AGEN,MONTPELLIER SAINT ROCH,30,0.024850299401197606
AGEN,NARBONNE,0,0.8620178041543026
AGEN,NARBONNE,1,0.8580118694362017
AGEN,NARBONNE,2,0.8304154302670623
AGEN,NARBONNE,3,0.8053412462908012
AGEN,NARBONNE,4,0.6881305637982196
AGEN,NARBONNE,5,0.6670623145400594
AGEN,NARBONNE,6,0.6755192878338279
AGEN,NARBONNE,7,0.6596439169139466
AGEN,NARBONNE,8,0.6599406528189912
AGEN,NARBONNE,9,0.663946587537092
AGEN,NARBONNE,10,0.676706231454006
AGEN,NARBONNE,11,0.6755192878338279
AGEN,NARBONNE,12,0.5752225519287834
AGEN,NARBONNE,13,0.5541543026706232
AGEN,NARBONNE,14,0.5470326409495548
AGEN,NARBONNE,15,0.55459940652819
AGEN,NARBONNE,16,0.5571216617210683
AGEN,NARBONNE,17,0.5660237388724035
AGEN,NARBONNE,18,0.5672106824925817
AGEN,NARBONNE,19,0.5637982195845698
AGEN,NARBONNE,20,0.5706231454005936
AGEN,NARBONNE,21,0.5737388724035608
AGEN,NARBONNE,22,0.5735905044510387
AGEN,NARBONNE,23,0.5704747774480712
AGEN,NARBONNE,24,0.5808605341246291
AGEN,NARBONNE,25,0.58125
AGEN,NARBONNE,26,0.5791666666666666
AGEN,NARBONNE,27,0.5840773809523809
AGEN,NARBONNE,28,0.5803571428571429
AGEN,NARBONNE,29,0.5767857142857143
AGEN,NARBONNE,30,0.028892215568862276
AGEN,NIMES CENTRE,0,0.8511904761904762
AGEN,NIMES CENTRE,1,0.8522321428571429
AGEN,NIMES CENTRE,2,0.8194940476190476
AGEN,NIMES CENTRE,3,0.7922619047619047
AGEN,NIMES CENTRE,4,0.6831845238095239
AGEN,NIMES CENTRE,5,0.6626488095238096
AGEN,NIMES CENTRE,6,0.665625
AGEN,NIMES CENTRE,7,0.6535714285714286
AGEN,NIMES CENTRE,8,0.6513392857142857
AGEN,NIMES CENTRE,9,0.6540059347181009
AGEN,NIMES CENTRE,10,0.665727002967359
AGEN,NIMES CENTRE,11,0.6660237388724035
AGEN,NIMES CENTRE,12,0.5649851632047478
AGEN,NIMES CENTRE,13,0.5468842729970327
AGEN,NIMES CENTRE,14,0.5421364985163204
AGEN,NIMES CENTRE,15,0.5485163204747774
AGEN,NIMES CENTRE,16,0.5485163204747774
AGEN,NIMES CENTRE,17,0.5600890207715133
AGEN,NIMES CENTRE,18,0.5606824925816023
AGEN,NIMES CENTRE,19,0.5578635014836796
AGEN,NIMES CENTRE,20,0.5649851632047478
AGEN,NIMES CENTRE,21,0.5678041543026706
AGEN,NIMES CENTRE,22,0.5649851632047478
AGEN,NIMES CENTRE,23,0.5621661721068248
AGEN,NIMES CENTRE,24,0.5725519287833828
AGEN,NIMES CENTRE,25,0.5772321428571429
AGEN,NIMES CENTRE,26,0.5741071428571429
AGEN,NIMES CENTRE,27,0.5760416666666667
AGEN,NIMES CENTRE,28,0.5706845238095238
AGEN,NIMES CENTRE,29,0.5635416666666666
AGEN,NIMES CENTRE,30,0.030838323353293416
AGEN,TOULOUSE MATABIAU,0,0.9762611275964391
AGEN,TOULOUSE MATABIAU,1,0.9761127596439169
AGEN,TOULOUSE MATABIAU,2,0.9735905044510387
AGEN,TOULOUSE MATABIAU,3,0.969139465875371
AGEN,TOULOUSE MATABIAU,4,0.9274480712166172
AGEN,TOULOUSE MATABIAU,5,0.9253709198813057
AGEN,TOULOUSE MATABIAU,6,0.9210682492581602
AGEN,TOULOUSE MATABIAU,7,0.905192878338279
AGEN,TOULOUSE MATABIAU,8,0.8919881305637983
AGEN,TOULOUSE MATABIAU,9,0.884272997032641
AGEN,TOULOUSE MATABIAU,10,0.8609792284866468
AGEN,TOULOUSE MATABIAU,11,0.8323442136498517
AGEN,TOULOUSE MATABIAU,12,0.6998516320474777
AGEN,TOULOUSE MATABIAU,13,0.6643916913946588
AGEN,TOULOUSE MATABIAU,14,0.6451038575667656
AGEN,TOULOUSE MATABIAU,15,0.6412462908011869
AGEN,TOULOUSE MATABIAU,16,0.6390207715133531
AGEN,TOULOUSE MATABIAU,17,0.6486646884272997
AGEN,TOULOUSE MATABIAU,18,0.65
AGEN,TOULOUSE MATABIAU,19,0.644213649851632
AGEN,TOULOUSE MATABIAU,20,0.643026706231454
AGEN,TOULOUSE MATABIAU,21,0.6462908011869437
AGEN,TOULOUSE MATABIAU,22,0.642433234421365
AGEN,TOULOUSE MATABIAU,23,0.6326409495548961
AGEN,TOULOUSE MATABIAU,24,0.6345697329376855
AGEN,TOULOUSE MATABIAU,25,0.6300595238095238
AGEN,TOULOUSE MATABIAU,26,0.6233630952380952
AGEN,TOULOUSE MATABIAU,27,0.6282738095238095
AGEN,TOULOUSE MATABIAU,28,0.6244047619047619
AGEN,TOULOUSE MATABIAU,29,0.6206845238095239
AGEN,TOULOUSE MATABIAU,30,0.03218562874251497
ARLES,MARSEILLE ST CHARLES,0,0.7868181818181817
ARLES,MARSEILLE ST CHARLES,1,0.7687878787878788
ARLES,MARSEILLE ST CHARLES,2,0.7324242424242424
ARLES,MARSEILLE ST CHARLES,3,0.696060606060606
ARLES,MARSEILLE ST CHARLES,4,0.5301515151515152
ARLES,MARSEILLE ST CHARLES,5,0.5154545454545454
ARLES,MARSEILLE ST CHARLES,6,0.5106060606060606
ARLES,MARSEILLE ST CHARLES,7,0.4859090909090909
ARLES,MARSEILLE ST CHARLES,8,0.4854545454545454
ARLES,MARSEILLE ST CHARLES,9,0.48293051359516614
ARLES,MARSEILLE ST CHARLES,10,0.4827794561933535
ARLES,MARSEILLE ST CHARLES,11,0.48821752265861024
ARLES,MARSEILLE ST CHARLES,12,0.37990936555891236
ARLES,MARSEILLE ST CHARLES,13,0.3619335347432024
ARLES,MARSEILLE ST CHARLES,14,0.3605740181268882
ARLES,MARSEILLE ST CHARLES,15,0.36465256797583084
ARLES,MARSEILLE ST CHARLES,16,0.37250755287009063
ARLES,MARSEILLE ST CHARLES,17,0.3770392749244713
ARLES,MARSEILLE ST CHARLES,18,0.3840909090909091
ARLES,MARSEILLE ST CHARLES,19,0.39212121212121215
ARLES,MARSEILLE ST CHARLES,20,0.3984848484848485
ARLES,MARSEILLE ST CHARLES,21,0.40090909090909094
ARLES,MARSEILLE ST CHARLES,22,0.3956060606060606
ARLES,MARSEILLE ST CHARLES,23,0.38651515151515153
ARLES,MARSEILLE ST CHARLES,24,0.39045454545454544
ARLES,MARSEILLE ST CHARLES,25,0.38465045592705166
ARLES,MARSEILLE ST CHARLES,26,0.38282674772036474
ARLES,MARSEILLE ST CHARLES,27,0.39237804878048776
ARLES,MARSEILLE ST CHARLES,28,0.3753048780487805
ARLES,MARSEILLE ST CHARLES,29,0.3704268292682927
ARLES,MARSEILLE ST CHARLES,30,0.02530674846625767
BEZIERS,ARLES,0,0.7953795379537953
BEZIERS,ARLES,1,0.7714754098360657
BEZIERS,ARLES,2,0.7222950819672131
BEZIERS,ARLES,3,0.6604918032786885
BEZIERS,ARLES,4,0.4854098360655738
BEZIERS,ARLES,5,0.4632786885245902
BEZIERS,ARLES,6,0.4600328947368421
BEZIERS,ARLES,7,0.42196721311475405
BEZIERS,ARLES,8,0.41147540983606556
BEZIERS,ARLES,9,0.4068627450980392
BEZIERS,ARLES,10,0.4050653594771242
BEZIERS,ARLES,11,0.4076547231270358
BEZIERS,ARLES,12,0.30830618892508144
BEZIERS,ARLES,13,0.2972222222222222
BEZIERS,ARLES,14,0.2972222222222222
BEZIERS,ARLES,15,0.30032679738562096
BEZIERS,ARLES,16,0.30506535947712415
BEZIERS,ARLES,17,0.3073529411764706
BEZIERS,ARLES,18,0.3055737704918033
BEZIERS,ARLES,19,0.30721311475409835
BEZIERS,ARLES,20,0.31036184210526313
BEZIERS,ARLES,21,0.3047697368421053
BEZIERS,ARLES,22,0.2888157894736842
BEZIERS,ARLES,23,0.2837171052631579
BEZIERS,ARLES,24,0.28273026315789473
BEZIERS,ARLES,25,0.2745874587458746
BEZIERS,ARLES,26,0.27145214521452143
BEZIERS,ARLES,27,0.27847682119205297
BEZIERS,ARLES,28,0.2556291390728477
BEZIERS,ARLES,29,0.24950331125827813
BEZIERS,ARLES,30,0.02292358803986711
BEZIERS,MARSEILLE ST CHARLES,0,0.9260932944606414
BEZIERS,MARSEILLE ST CHARLES,1,0.9279883381924199
BEZIERS,MARSEILLE ST CHARLES,2,0.9040816326530613
BEZIERS,MARSEILLE ST CHARLES,3,0.8879008746355685
BEZIERS,MARSEILLE ST CHARLES,4,0.7966472303206997
BEZIERS,MARSEILLE ST CHARLES,5,0.7775510204081633
BEZIERS,MARSEILLE ST CHARLES,6,0.7817784256559767
BEZIERS,MARSEILLE ST CHARLES,7,0.7712827988338192
BEZIERS,MARSEILLE ST CHARLES,8,0.7635568513119533
BEZIERS,MARSEILLE ST CHARLES,9,0.7640988372093024
BEZIERS,MARSEILLE ST CHARLES,10,0.7851744186046512
BEZIERS,MARSEILLE ST CHARLES,11,0.7870639534883721
BEZIERS,MARSEILLE ST CHARLES,12,0.7203488372093023
BEZIERS,MARSEILLE ST CHARLES,13,0.7180232558139535
BEZIERS,MARSEILLE ST CHARLES,14,0.7225290697674419
BEZIERS,MARSEILLE ST CHARLES,15,0.7231104651162791
BEZIERS,MARSEILLE ST CHARLES,16,0.7228197674418605
BEZIERS,MARSEILLE ST CHARLES,17,0.7245639534883721
BEZIERS,MARSEILLE ST CHARLES,18,0.7229651162790698
BEZIERS,MARSEILLE ST CHARLES,19,0.7287790697674418
BEZIERS,MARSEILLE ST CHARLES,20,0.7356104651162791
BEZIERS,MARSEILLE ST CHARLES,21,0.7376453488372093
BEZIERS,MARSEILLE ST CHARLES,22,0.7331395348837209
BEZIERS,MARSEILLE ST CHARLES,23,0.727906976744186
BEZIERS,MARSEILLE ST CHARLES,24,0.7319767441860465
BEZIERS,MARSEILLE ST CHARLES,25,0.7261627906976744
BEZIERS,MARSEILLE ST CHARLES,26,0.7242732558139535
BEZIERS,MARSEILLE ST CHARLES,27,0.7271802325581396
BEZIERS,MARSEILLE ST CHARLES,28,0.7126453488372093
BEZIERS,MARSEILLE ST CHARLES,29,0.7023255813953488
BEZIERS,MARSEILLE ST CHARLES,30,0.03464912280701754
BEZIERS,MONTPELLIER SAINT ROCH,0,0.9064139941690962
BEZIERS,MONTPELLIER SAINT ROCH,1,0.9109329446064139
BEZIERS,MONTPELLIER SAINT ROCH,2,0.8918367346938775
BEZIERS,MONTPELLIER SAINT ROCH,3,0.8835276967930029
BEZIERS,MONTPELLIER SAINT ROCH,4,0.7954810495626823
BEZIERS,MONTPELLIER SAINT ROCH,5,0.7791545189504373
BEZIERS,MONTPELLIER SAINT ROCH,6,0.7790087463556851
BEZIERS,MONTPELLIER SAINT ROCH,7,0.7648688046647231
BEZIERS,MONTPELLIER SAINT ROCH,8,0.7575801749271137
BEZIERS,MONTPELLIER SAINT ROCH,9,0.7540697674418604
BEZIERS,MONTPELLIER SAINT ROCH,10,0.7646802325581395
BEZIERS,MONTPELLIER SAINT ROCH,11,0.7684593023255815
BEZIERS,MONTPELLIER SAINT ROCH,12,0.7127906976744186
BEZIERS,MONTPELLIER SAINT ROCH,13,0.7094476744186047
BEZIERS,MONTPELLIER SAINT ROCH,14,0.7142441860465116
BEZIERS,MONTPELLIER SAINT ROCH,15,0.7138081395348838
BEZIERS,MONTPELLIER SAINT ROCH,16,0.7143895348837209
BEZIERS,MONTPELLIER SAINT ROCH,17,0.7225290697674419
BEZIERS,MONTPELLIER SAINT ROCH,18,0.7245639534883721
BEZIERS,MONTPELLIER SAINT ROCH,19,0.729796511627907
BEZIERS,MONTPELLIER SAINT ROCH,20,0.7296511627906976
BEZIERS,MONTPELLIER SAINT ROCH,21,0.7309593023255814
BEZIERS,MONTPELLIER SAINT ROCH,22,0.7255813953488371
BEZIERS,MONTPELLIER SAINT ROCH,23,0.7232558139534884
BEZIERS,MONTPELLIER SAINT ROCH,24,0.7335755813953488
BEZIERS,MONTPELLIER SAINT ROCH,25,0.7280523255813953
BEZIERS,MONTPELLIER SAINT ROCH,26,0.725
BEZIERS,MONTPELLIER SAINT ROCH,27,0.729796511627907
BEZIERS,MONTPELLIER SAINT ROCH,28,0.7151162790697675
BEZIERS,MONTPELLIER SAINT ROCH,29,0.7036337209302326
BEZIERS,MONTPELLIER SAINT ROCH,30,0.03070175438596491
BEZIERS,NIMES CENTRE,0,0.9306122448979591
BEZIERS,NIMES CENTRE,1,0.9313411078717201
BEZIERS,NIMES CENTRE,2,0.9106413994169097
BEZIERS,NIMES CENTRE,3,0.8919825072886297
BEZIERS,NIMES CENTRE,4,0.8065597667638483
BEZIERS,NIMES CENTRE,5,0.7832361516034985
BEZIERS,NIMES CENTRE,6,0.7822157434402333
BEZIERS,NIMES CENTRE,7,0.7727405247813411
BEZIERS,NIMES CENTRE,8,0.7642857142857142
BEZIERS,NIMES CENTRE,9,0.7683139534883722
BEZIERS,NIMES CENTRE,10,0.790406976744186
BEZIERS,NIMES CENTRE,11,0.792296511627907
BEZIERS,NIMES CENTRE,12,0.7218023255813953
BEZIERS,NIMES CENTRE,13,0.7210755813953489
BEZIERS,NIMES CENTRE,14,0.7226744186046511
BEZIERS,NIMES CENTRE,15,0.7220930232558139
BEZIERS,NIMES CENTRE,16,0.7223837209302325
BEZIERS,NIMES CENTRE,17,0.7274709302325582
BEZIERS,NIMES CENTRE,18,0.7261627906976744
BEZIERS,NIMES CENTRE,19,0.7309593023255814
BEZIERS,NIMES CENTRE,20,0.7348837209302326
BEZIERS,NIMES CENTRE,21,0.7386627906976744
BEZIERS,NIMES CENTRE,22,0.7327034883720931
BEZIERS,NIMES CENTRE,23,0.7281976744186046
BEZIERS,NIMES CENTRE,24,0.7341569767441861
BEZIERS,NIMES CENTRE,25,0.7263081395348837
BEZIERS,NIMES CENTRE,26,0.7248546511627907
BEZIERS,NIMES CENTRE,27,0.7252906976744186
BEZIERS,NIMES CENTRE,28,0.7148255813953489
BEZIERS,NIMES CENTRE,29,0.7094476744186047
BEZIERS,NIMES CENTRE,30,0.025438596491228073
BORDEAUX ST JEAN,AGEN,0,0.9574183976261127
BORDEAUX ST JEAN,AGEN,1,0.9590504451038575
BORDEAUX ST JEAN,AGEN,2,0.9424332344213651
BORDEAUX ST JEAN,AGEN,3,0.9301186943620178
BORDEAUX ST JEAN,AGEN,4,0.8630563798219585
BORDEAUX ST JEAN,AGEN,5,0.8489614243323442
BORDEAUX ST JEAN,AGEN,6,0.8470326409495549
BORDEAUX ST JEAN,AGEN,7,0.8258160237388724
BORDEAUX ST JEAN,AGEN,8,0.8176557863501484
BORDEAUX ST JEAN,AGEN,9,0.8099406528189911
BORDEAUX ST JEAN,AGEN,10,0.7989614243323442
BORDEAUX ST JEAN,AGEN,11,0.7783382789317508
BORDEAUX ST JEAN,AGEN,12,0.6489614243323442
BORDEAUX ST JEAN,AGEN,13,0.6186943620178041
BORDEAUX ST JEAN,AGEN,14,0.6045994065281899
BORDEAUX ST JEAN,AGEN,15,0.6045994065281899
BORDEAUX ST JEAN,AGEN,16,0.6001483679525222
BORDEAUX ST JEAN,AGEN,17,0.6089020771513353
BORDEAUX ST JEAN,AGEN,18,0.6099406528189911
BORDEAUX ST JEAN,AGEN,19,0.6048961424332344
BORDEAUX ST JEAN,AGEN,20,0.6038575667655787
BORDEAUX ST JEAN,AGEN,21,0.6083086053412463
BORDEAUX ST JEAN,AGEN,22,0.6077151335311574
BORDEAUX ST JEAN,AGEN,23,0.6022255192878337
BORDEAUX ST JEAN,AGEN,24,0.6056379821958456
BORDEAUX ST JEAN,AGEN,25,0.6038690476190476
BORDEAUX ST JEAN,AGEN,26,0.5974702380952381
BORDEAUX ST JEAN,AGEN,27,0.6014880952380952
BORDEAUX ST JEAN,AGEN,28,0.5965773809523809
BORDEAUX ST JEAN,AGEN,29,0.5973214285714286
BORDEAUX ST JEAN,AGEN,30,0.025898203592814372
BORDEAUX ST JEAN,ARLES,0,0.6768181818181818
BORDEAUX ST JEAN,ARLES,1,0.6642424242424242
BORDEAUX ST JEAN,ARLES,2,0.6006060606060606
BORDEAUX ST JEAN,ARLES,3,0.5554545454545455
BORDEAUX ST JEAN,ARLES,4,0.46303030303030307
BORDEAUX ST JEAN,ARLES,5,0.4537878787878788
BORDEAUX ST JEAN,ARLES,6,0.455
BORDEAUX ST JEAN,ARLES,7,0.44530303030303026
BORDEAUX ST JEAN,ARLES,8,0.4462121212121212
BORDEAUX ST JEAN,ARLES,9,0.440785498489426
BORDEAUX ST JEAN,ARLES,10,0.4459214501510574
BORDEAUX ST JEAN,ARLES,11,0.4509063444108761
BORDEAUX ST JEAN,ARLES,12,0.31087613293051364
BORDEAUX ST JEAN,ARLES,13,0.28972809667673716
BORDEAUX ST JEAN,ARLES,14,0.2916918429003021
BORDEAUX ST JEAN,ARLES,15,0.29425981873111784
BORDEAUX ST JEAN,ARLES,16,0.30166163141993957
BORDEAUX ST JEAN,ARLES,17,0.30302114803625374
BORDEAUX ST JEAN,ARLES,18,0.31136363636363634
BORDEAUX ST JEAN,ARLES,19,0.3187878787878788
BORDEAUX ST JEAN,ARLES,20,0.33439393939393935
BORDEAUX ST JEAN,ARLES,21,0.336969696969697
BORDEAUX ST JEAN,ARLES,22,0.33818181818181814
BORDEAUX ST JEAN,ARLES,23,0.3322727272727273
BORDEAUX ST JEAN,ARLES,24,0.3371212121212121
BORDEAUX ST JEAN,ARLES,25,0.335258358662614
BORDEAUX ST JEAN,ARLES,26,0.34164133738601826
BORDEAUX ST JEAN,ARLES,27,0.3489329268292683
BORDEAUX ST JEAN,ARLES,28,0.33429878048780487
BORDEAUX ST JEAN,ARLES,29,0.32347560975609757
BORDEAUX ST JEAN,ARLES,30,0.01932515337423313
BORDEAUX ST JEAN,BEZIERS,0,0.8609792284866468
BORDEAUX ST JEAN,BEZIERS,1,0.8609792284866468
BORDEAUX ST JEAN,BEZIERS,2,0.8326409495548962
BORDEAUX ST JEAN,BEZIERS,3,0.8054896142433234
BORDEAUX ST JEAN,BEZIERS,4,0.6853115727002967
BORDEAUX ST JEAN,BEZIERS,5,0.6689910979228486
BORDEAUX ST JEAN,BEZIERS,6,0.6777448071216617
BORDEAUX ST JEAN,BEZIERS,7,0.6626112759643917
BORDEAUX ST JEAN,BEZIERS,8,0.6590504451038576
BORDEAUX ST JEAN,BEZIERS,9,0.664540059347181
BORDEAUX ST JEAN,BEZIERS,10,0.672700296735905
BORDEAUX ST JEAN,BEZIERS,11,0.6741839762611276
BORDEAUX ST JEAN,BEZIERS,12,0.5712166172106825
BORDEAUX ST JEAN,BEZIERS,13,0.551780415430267
BORDEAUX ST JEAN,BEZIERS,14,0.5486646884272998
BORDEAUX ST JEAN,BEZIERS,15,0.555786350148368
BORDEAUX ST JEAN,BEZIERS,16,0.558160237388724
BORDEAUX ST JEAN,BEZIERS,17,0.5676557863501484
BORDEAUX ST JEAN,BEZIERS,18,0.5682492581602374
BORDEAUX ST JEAN,BEZIERS,19,0.5672106824925817
BORDEAUX ST JEAN,BEZIERS,20,0.5682492581602374
BORDEAUX ST JEAN,BEZIERS,21,0.573293768545994
BORDEAUX ST JEAN,BEZIERS,22,0.5756676557863502
BORDEAUX ST JEAN,BEZIERS,23,0.5735905044510387
BORDEAUX ST JEAN,BEZIERS,24,0.5811572700296735
BORDEAUX ST JEAN,BEZIERS,25,0.5836309523809524
BORDEAUX ST JEAN,BEZIERS,26,0.5799107142857143
BORDEAUX ST JEAN,BEZIERS,27,0.5839285714285714
BORDEAUX ST JEAN,BEZIERS,28,0.5802083333333333
BORDEAUX ST JEAN,BEZIERS,29,0.5757440476190476
BORDEAUX ST JEAN,BEZIERS,30,0.017664670658682637
BORDEAUX ST JEAN,CARCASSONNE,0,0.8755847953216374
BORDEAUX ST JEAN,CARCASSONNE,1,0.8764619883040936
BORDEAUX ST JEAN,CARCASSONNE,2,0.8682748538011695
BORDEAUX ST JEAN,CARCASSONNE,3,0.8577485380116959
BORDEAUX ST JEAN,CARCASSONNE,4,0.7783625730994151
BORDEAUX ST JEAN,CARCASSONNE,5,0.7729532163742691
BORDEAUX ST JEAN,CARCASSONNE,6,0.7792397660818714
BORDEAUX ST JEAN,CARCASSONNE,7,0.7678362573099415
BORDEAUX ST JEAN,CARCASSONNE,8,0.7646198830409356
BORDEAUX ST JEAN,CARCASSONNE,9,0.7676900584795322
BORDEAUX ST JEAN,CARCASSONNE,10,0.7748538011695907
BORDEAUX ST JEAN,CARCASSONNE,11,0.7808479532163743
BORDEAUX ST JEAN,CARCASSONNE,12,0.7011695906432749
BORDEAUX ST JEAN,CARCASSONNE,13,0.6812865497076024
BORDEAUX ST JEAN,CARCASSONNE,14,0.6760233918128654
BORDEAUX ST JEAN,CARCASSONNE,15,0.6830409356725146
BORDEAUX ST JEAN,CARCASSONNE,16,0.6890350877192982
BORDEAUX ST JEAN,CARCASSONNE,17,0.6986842105263158
BORDEAUX ST JEAN,CARCASSONNE,18,0.6972222222222222
BORDEAUX ST JEAN,CARCASSONNE,19,0.7027777777777777
BORDEAUX ST JEAN,CARCASSONNE,20,0.7083333333333334
BORDEAUX ST JEAN,CARCASSONNE,21,0.7080409356725146
BORDEAUX ST JEAN,CARCASSONNE,22,0.7077485380116959
BORDEAUX ST JEAN,CARCASSONNE,23,0.7106725146198831
BORDEAUX ST JEAN,CARCASSONNE,24,0.720906432748538
BORDEAUX ST JEAN,CARCASSONNE,25,0.7206744868035191
BORDEAUX ST JEAN,CARCASSONNE,26,0.7197947214076246
BORDEAUX ST JEAN,CARCASSONNE,27,0.7237536656891496
BORDEAUX ST JEAN,CARCASSONNE,28,0.7224340175953079
BORDEAUX ST JEAN,CARCASSONNE,29,0.7153958944281524
BORDEAUX ST JEAN,CARCASSONNE,30,0.02713864306784661
BORDEAUX ST JEAN,MARMANDE,0,0.9095238095238096
BORDEAUX ST JEAN,MARMANDE,1,0.9043154761904763
BORDEAUX ST JEAN,MARMANDE,2,0.8998511904761906
BORDEAUX ST JEAN,MARMANDE,3,0.8818452380952382
BORDEAUX ST JEAN,MARMANDE,4,0.8011904761904761
BORDEAUX ST JEAN,MARMANDE,5,0.7912202380952381
BORDEAUX ST JEAN,MARMANDE,6,0.7897321428571429
BORDEAUX ST JEAN,MARMANDE,7,0.7805059523809523
BORDEAUX ST JEAN,MARMANDE,8,0.7825892857142857
BORDEAUX ST JEAN,MARMANDE,9,0.7705357142857142
BORDEAUX ST JEAN,MARMANDE,10,0.7729166666666666
BORDEAUX ST JEAN,MARMANDE,11,0.7763392857142858
BORDEAUX ST JEAN,MARMANDE,12,0.7007440476190476
BORDEAUX ST JEAN,MARMANDE,13,0.6848214285714286
BORDEAUX ST JEAN,MARMANDE,14,0.6883928571428571
BORDEAUX ST JEAN,MARMANDE,15,0.6927083333333334
BORDEAUX ST JEAN,MARMANDE,16,0.7002976190476191
BORDEAUX ST JEAN,MARMANDE,17,0.7017857142857143
BORDEAUX ST JEAN,MARMANDE,18,0.6985074626865672
BORDEAUX ST JEAN,MARMANDE,19,0.6991044776119403
BORDEAUX ST JEAN,MARMANDE,20,0.6971641791044777
BORDEAUX ST JEAN,MARMANDE,21,0.6883582089552238
BORDEAUX ST JEAN,MARMANDE,22,0.6919402985074627
BORDEAUX ST JEAN,MARMANDE,23,0.6904477611940298
BORDEAUX ST JEAN,MARMANDE,24,0.6901492537313433
BORDEAUX ST JEAN,MARMANDE,25,0.6887724550898204
BORDEAUX ST JEAN,MARMANDE,26,0.6930930930930931
BORDEAUX ST JEAN,MARMANDE,27,0.6900602409638554
BORDEAUX ST JEAN,MARMANDE,28,0.6882530120481928
BORDEAUX ST JEAN,MARMANDE,29,0.6829819277108434
BORDEAUX ST JEAN,MARMANDE,30,0.03484848484848485
BORDEAUX ST JEAN,MARSEILLE ST CHARLES,0,0.8444940476190477
BORDEAUX ST JEAN,MARSEILLE ST CHARLES,1,0.8455357142857144
BORDEAUX ST JEAN,MARSEILLE ST CHARLES,2,0.8111607142857143
BORDEAUX ST JEAN,MARSEILLE ST CHARLES,3,0.7967261904761904
BORDEAUX ST JEAN,MARSEILLE ST CHARLES,4,0.6776785714285714
BORDEAUX ST JEAN,MARSEILLE ST CHARLES,5,0.6650297619047618
BORDEAUX ST JEAN,MARSEILLE ST CHARLES,6,0.6700892857142857
BORDEAUX ST JEAN,MARSEILLE ST CHARLES,7,0.6526785714285714
BORDEAUX ST JEAN,MARSEILLE ST CHARLES,8,0.6465773809523809
BORDEAUX ST JEAN,MARSEILLE ST CHARLES,9,0.6452522255192878
BORDEAUX ST JEAN,MARSEILLE ST CHARLES,10,0.6624629080118695
BORDEAUX ST JEAN,MARSEILLE ST CHARLES,11,0.6626112759643917
BORDEAUX ST JEAN,MARSEILLE ST CHARLES,12,0.5648367952522255
BORDEAUX ST JEAN,MARSEILLE ST CHARLES,13,0.5467359050445104
BORDEAUX ST JEAN,MARSEILLE ST CHARLES,14,0.5440652818991097
BORDEAUX ST JEAN,MARSEILLE ST CHARLES,15,0.5483679525222552
BORDEAUX ST JEAN,MARSEILLE ST CHARLES,16,0.5495548961424332
BORDEAUX ST JEAN,MARSEILLE ST CHARLES,17,0.5600890207715133
BORDEAUX ST JEAN,MARSEILLE ST CHARLES,18,0.5605341246290801
BORDEAUX ST JEAN,MARSEILLE ST CHARLES,19,0.5590504451038576
BORDEAUX ST JEAN,MARSEILLE ST CHARLES,20,0.5663204747774481
BORDEAUX ST JEAN,MARSEILLE ST CHARLES,21,0.5707715133531157
BORDEAUX ST JEAN,MARSEILLE ST CHARLES,22,0.5704747774480712
BORDEAUX ST JEAN,MARSEILLE ST CHARLES,23,0.5679525222551929
BORDEAUX ST JEAN,MARSEILLE ST CHARLES,24,0.5795252225519288
BORDEAUX ST JEAN,MARSEILLE ST CHARLES,25,0.5779761904761904
BORDEAUX ST JEAN,MARSEILLE ST CHARLES,26,0.5769345238095238
BORDEAUX ST JEAN,MARSEILLE ST CHARLES,27,0.5799107142857143
BORDEAUX ST JEAN,MARSEILLE ST CHARLES,28,0.5758928571428571
BORDEAUX ST JEAN,MARSEILLE ST CHARLES,29,0.569047619047619
BORDEAUX ST JEAN,MARSEILLE ST CHARLES,30,0.02754491017964072
BORDEAUX ST JEAN,MONTAUBAN VILLE BOURBON,0,0.9641812865497076
BORDEAUX ST JEAN,MONTAUBAN VILLE BOURBON,1,0.9654970760233917
BORDEAUX ST JEAN,MONTAUBAN VILLE BOURBON,2,0.961111111111111
BORDEAUX ST JEAN,MONTAUBAN VILLE BOURBON,3,0.9584795321637427
BORDEAUX ST JEAN,MONTAUBAN VILLE BOURBON,4,0.9324561403508771
BORDEAUX ST JEAN,MONTAUBAN VILLE BOURBON,5,0.9334795321637427
BORDEAUX ST JEAN,MONTAUBAN VILLE BOURBON,6,0.937719298245614
BORDEAUX ST JEAN,MONTAUBAN VILLE BOURBON,7,0.9375730994152046
BORDEAUX ST JEAN,MONTAUBAN VILLE BOURBON,8,0.9333333333333333
BORDEAUX ST JEAN,MONTAUBAN VILLE BOURBON,9,0.9323099415204679
BORDEAUX ST JEAN,MONTAUBAN VILLE BOURBON,10,0.9305555555555556
BORDEAUX ST JEAN,MONTAUBAN VILLE BOURBON,11,0.9248538011695907
BORDEAUX ST JEAN,MONTAUBAN VILLE BOURBON,12,0.8358187134502925
BORDEAUX ST JEAN,MONTAUBAN VILLE BOURBON,13,0.8175438596491229
BORDEAUX ST JEAN,MONTAUBAN VILLE BOURBON,14,0.8173976608187135
BORDEAUX ST JEAN,MONTAUBAN VILLE BOURBON,15,0.8168128654970761
BORDEAUX ST JEAN,MONTAUBAN VILLE BOURBON,16,0.821345029239766
BORDEAUX ST JEAN,MONTAUBAN VILLE BOURBON,17,0.831140350877193
BORDEAUX ST JEAN,MONTAUBAN VILLE BOURBON,18,0.8285087719298246
BORDEAUX ST JEAN,MONTAUBAN VILLE BOURBON,19,0.8286549707602339
BORDEAUX ST JEAN,MONTAUBAN VILLE BOURBON,20,0.8244152046783625
BORDEAUX ST JEAN,MONTAUBAN VILLE BOURBON,21,0.8188596491228071
BORDEAUX ST JEAN,MONTAUBAN VILLE BOURBON,22,0.8140350877192982
BORDEAUX ST JEAN,MONTAUBAN VILLE BOURBON,23,0.8118421052631578
BORDEAUX ST JEAN,MONTAUBAN VILLE BOURBON,24,0.8153508771929825
BORDEAUX ST JEAN,MONTAUBAN VILLE BOURBON,25,0.8104105571847507
BORDEAUX ST JEAN,MONTAUBAN VILLE BOURBON,26,0.8048387096774193
BORDEAUX ST JEAN,MONTAUBAN VILLE BOURBON,27,0.8052785923753666
BORDEAUX ST JEAN,MONTAUBAN VILLE BOURBON,28,0.8010263929618767
BORDEAUX ST JEAN,MONTAUBAN VILLE BOURBON,29,0.7866568914956011
BORDEAUX ST JEAN,MONTAUBAN VILLE BOURBON,30,0.04808259587020649
BORDEAUX ST JEAN,MONTPELLIER SAINT ROCH,0,0.8690615835777127
BORDEAUX ST JEAN,MONTPELLIER SAINT ROCH,1,0.8743401759530791
BORDEAUX ST JEAN,MONTPELLIER SAINT ROCH,2,0.8673020527859238
BORDEAUX ST JEAN,MONTPELLIER SAINT ROCH,3,0.8502932551319647
BORDEAUX ST JEAN,MONTPELLIER SAINT ROCH,4,0.7787390029325514
BORDEAUX ST JEAN,MONTPELLIER SAINT ROCH,5,0.7690615835777126
BORDEAUX ST JEAN,MONTPELLIER SAINT ROCH,6,0.7737536656891496
BORDEAUX ST JEAN,MONTPELLIER SAINT ROCH,7,0.7646627565982405
BORDEAUX ST JEAN,MONTPELLIER SAINT ROCH,8,0.7590909090909091
BORDEAUX ST JEAN,MONTPELLIER SAINT ROCH,9,0.756578947368421
BORDEAUX ST JEAN,MONTPELLIER SAINT ROCH,10,0.7679824561403508
BORDEAUX ST JEAN,MONTPELLIER SAINT ROCH,11,0.7758771929824562
BORDEAUX ST JEAN,MONTPELLIER SAINT ROCH,12,0.6915204678362573
BORDEAUX ST JEAN,MONTPELLIER SAINT ROCH,13,0.6733918128654971
BORDEAUX ST JEAN,MONTPELLIER SAINT ROCH,14,0.6692982456140351
BORDEAUX ST JEAN,MONTPELLIER SAINT ROCH,15,0.6763157894736842
BORDEAUX ST JEAN,MONTPELLIER SAINT ROCH,16,0.6821637426900585
BORDEAUX ST JEAN,MONTPELLIER SAINT ROCH,17,0.6931286549707603
BORDEAUX ST JEAN,MONTPELLIER SAINT ROCH,18,0.691374269005848
BORDEAUX ST JEAN,MONTPELLIER SAINT ROCH,19,0.6969298245614035
BORDEAUX ST JEAN,MONTPELLIER SAINT ROCH,20,0.7004385964912281
BORDEAUX ST JEAN,MONTPELLIER SAINT ROCH,21,0.7005847953216374
BORDEAUX ST JEAN,MONTPELLIER SAINT ROCH,22,0.7001461988304093
BORDEAUX ST JEAN,MONTPELLIER SAINT ROCH,23,0.7035087719298245
BORDEAUX ST JEAN,MONTPELLIER SAINT ROCH,24,0.7128654970760234
BORDEAUX ST JEAN,MONTPELLIER SAINT ROCH,25,0.7140762463343109
BORDEAUX ST JEAN,MONTPELLIER SAINT ROCH,26,0.714516129032258
BORDEAUX ST JEAN,MONTPELLIER SAINT ROCH,27,0.7148093841642229
BORDEAUX ST JEAN,MONTPELLIER SAINT ROCH,28,0.7111436950146628
BORDEAUX ST JEAN,MONTPELLIER SAINT ROCH,29,0.7016129032258065
BORDEAUX ST JEAN,MONTPELLIER SAINT ROCH,30,0.028023598820058997
BORDEAUX ST JEAN,NARBONNE,0,0.877046783625731
BORDEAUX ST JEAN,NARBONNE,1,0.8788011695906434
BORDEAUX ST JEAN,NARBONNE,2,0.8690058479532163
BORDEAUX ST JEAN,NARBONNE,3,0.8564327485380117
BORDEAUX ST JEAN,NARBONNE,4,0.78406432748538
BORDEAUX ST JEAN,NARBONNE,5,0.775438596491228
BORDEAUX ST JEAN,NARBONNE,6,0.7808479532163743
BORDEAUX ST JEAN,NARBONNE,7,0.7675438596491229
BORDEAUX ST JEAN,NARBONNE,8,0.7637426900584795
BORDEAUX ST JEAN,NARBONNE,9,0.7685672514619883
BORDEAUX ST JEAN,NARBONNE,10,0.7779239766081871
BORDEAUX ST JEAN,NARBONNE,11,0.7821637426900585
BORDEAUX ST JEAN,NARBONNE,12,0.6976608187134503
BORDEAUX ST JEAN,NARBONNE,13,0.6820175438596491
BORDEAUX ST JEAN,NARBONNE,14,0.6754385964912281
BORDEAUX ST JEAN,NARBONNE,15,0.6853801169590643
BORDEAUX ST JEAN,NARBONNE,16,0.6903508771929825
BORDEAUX ST JEAN,NARBONNE,17,0.6972222222222222
BORDEAUX ST JEAN,NARBONNE,18,0.6980994152046783
BORDEAUX ST JEAN,NARBONNE,19,0.702046783625731
BORDEAUX ST JEAN,NARBONNE,20,0.7084795321637427
BORDEAUX ST JEAN,NARBONNE,21,0.7076023391812866
BORDEAUX ST JEAN,NARBONNE,22,0.7077485380116959
BORDEAUX ST JEAN,NARBONNE,23,0.710233918128655
BORDEAUX ST JEAN,NARBONNE,24,0.720906432748538
BORDEAUX ST JEAN,NARBONNE,25,0.7211143695014663
BORDEAUX ST JEAN,NARBONNE,26,0.7206744868035191
BORDEAUX ST JEAN,NARBONNE,27,0.7236070381231672
BORDEAUX ST JEAN,NARBONNE,28,0.7225806451612904
BORDEAUX ST JEAN,NARBONNE,29,0.7149560117302053
BORDEAUX ST JEAN,NARBONNE,30,0.026843657817109144
BORDEAUX ST JEAN,NIMES CENTRE,0,0.8631964809384165
BORDEAUX ST JEAN,NIMES CENTRE,1,0.8684750733137829
BORDEAUX ST JEAN,NIMES CENTRE,2,0.8538123167155425
BORDEAUX ST JEAN,NIMES CENTRE,3,0.8498533724340176
BORDEAUX ST JEAN,NIMES CENTRE,4,0.7727272727272727
BORDEAUX ST JEAN,NIMES CENTRE,5,0.764809384164223
BORDEAUX ST JEAN,NIMES CENTRE,6,0.7717008797653958
BORDEAUX ST JEAN,NIMES CENTRE,7,0.7636363636363636
BORDEAUX ST JEAN,NIMES CENTRE,8,0.7548387096774193
BORDEAUX ST JEAN,NIMES CENTRE,9,0.7538011695906434
BORDEAUX ST JEAN,NIMES CENTRE,10,0.7673976608187134
BORDEAUX ST JEAN,NIMES CENTRE,11,0.7710526315789473
BORDEAUX ST JEAN,NIMES CENTRE,12,0.6891812865497076
BORDEAUX ST JEAN,NIMES CENTRE,13,0.6723684210526315
BORDEAUX ST JEAN,NIMES CENTRE,14,0.6671052631578948
BORDEAUX ST JEAN,NIMES CENTRE,15,0.6735380116959064
BORDEAUX ST JEAN,NIMES CENTRE,16,0.679093567251462
BORDEAUX ST JEAN,NIMES CENTRE,17,0.6887426900584795
BORDEAUX ST JEAN,NIMES CENTRE,18,0.6884502923976608
BORDEAUX ST JEAN,NIMES CENTRE,19,0.6937134502923976
BORDEAUX ST JEAN,NIMES CENTRE,20,0.698391812865497
BORDEAUX ST JEAN,NIMES CENTRE,21,0.6992690058479533
BORDEAUX ST JEAN,NIMES CENTRE,22,0.6951754385964912
BORDEAUX ST JEAN,NIMES CENTRE,23,0.697514619883041
BORDEAUX ST JEAN,NIMES CENTRE,24,0.7087719298245614
BORDEAUX ST JEAN,NIMES CENTRE,25,0.7121700879765396
BORDEAUX ST JEAN,NIMES CENTRE,26,0.7127565982404692
BORDEAUX ST JEAN,NIMES CENTRE,27,0.713049853372434
BORDEAUX ST JEAN,NIMES CENTRE,28,0.7087976539589442
BORDEAUX ST JEAN,NIMES CENTRE,29,0.7024926686217009
BORDEAUX ST JEAN,NIMES CENTRE,30,0.021681415929203543
BORDEAUX ST JEAN,SETE,0,0.7483582089552239
BORDEAUX ST JEAN,SETE,1,0.7455223880597015
BORDEAUX ST JEAN,SETE,2,0.7429850746268657
BORDEAUX ST JEAN,SETE,3,0.7323880597014926
BORDEAUX ST JEAN,SETE,4,0.6559701492537313
BORDEAUX ST JEAN,SETE,5,0.6540298507462686
BORDEAUX ST JEAN,SETE,6,0.6659701492537313
BORDEAUX ST JEAN,SETE,7,0.6616417910447762
BORDEAUX ST JEAN,SETE,8,0.6601492537313433
BORDEAUX ST JEAN,SETE,9,0.6608630952380953
BORDEAUX ST JEAN,SETE,10,0.6724702380952381
BORDEAUX ST JEAN,SETE,11,0.6760416666666667
BORDEAUX ST JEAN,SETE,12,0.6043154761904762
BORDEAUX ST JEAN,SETE,13,0.5892857142857143
BORDEAUX ST JEAN,SETE,14,0.5861607142857143
BORDEAUX ST JEAN,SETE,15,0.5961309523809524
BORDEAUX ST JEAN,SETE,16,0.6078869047619048
BORDEAUX ST JEAN,SETE,17,0.6102678571428571
BORDEAUX ST JEAN,SETE,18,0.6082089552238806
BORDEAUX ST JEAN,SETE,19,0.6094029850746269
BORDEAUX ST JEAN,SETE,20,0.613731343283582
BORDEAUX ST JEAN,SETE,21,0.6158208955223881
BORDEAUX ST JEAN,SETE,22,0.6259701492537313
BORDEAUX ST JEAN,SETE,23,0.6316417910447761
BORDEAUX ST JEAN,SETE,24,0.6361194029850746
BORDEAUX ST JEAN,SETE,25,0.6395209580838324
BORDEAUX ST JEAN,SETE,26,0.6415915915915916
BORDEAUX ST JEAN,SETE,27,0.6391566265060241
BORDEAUX ST JEAN,SETE,28,0.6385542168674698
BORDEAUX ST JEAN,SETE,29,0.6329819277108434
BORDEAUX ST JEAN,SETE,30,0.02181818181818182
BORDEAUX ST JEAN,TOULOUSE MATABIAU,0,0.9641812865497076
BORDEAUX ST JEAN,TOULOUSE MATABIAU,1,0.9650584795321637
BORDEAUX ST JEAN,TOULOUSE MATABIAU,2,0.9622807017543861
BORDEAUX ST JEAN,TOULOUSE MATABIAU,3,0.9609649122807017
BORDEAUX ST JEAN,TOULOUSE MATABIAU,4,0.9317251461988303
BORDEAUX ST JEAN,TOULOUSE MATABIAU,5,0.9315789473684212
BORDEAUX ST JEAN,TOULOUSE MATABIAU,6,0.9366959064327486
BORDEAUX ST JEAN,TOULOUSE MATABIAU,7,0.9364035087719298
BORDEAUX ST JEAN,TOULOUSE MATABIAU,8,0.9321637426900585
BORDEAUX ST JEAN,TOULOUSE MATABIAU,9,0.9334795321637427
BORDEAUX ST JEAN,TOULOUSE MATABIAU,10,0.9333333333333333
BORDEAUX ST JEAN,TOULOUSE MATABIAU,11,0.9238304093567251
BORDEAUX ST JEAN,TOULOUSE MATABIAU,12,0.8391812865497076
BORDEAUX ST JEAN,TOULOUSE MATABIAU,13,0.8182748538011697
BORDEAUX ST JEAN,TOULOUSE MATABIAU,14,0.8146198830409357
BORDEAUX ST JEAN,TOULOUSE MATABIAU,15,0.8172514619883041
BORDEAUX ST JEAN,TOULOUSE MATABIAU,16,0.8228070175438595
BORDEAUX ST JEAN,TOULOUSE MATABIAU,17,0.8296783625730995
BORDEAUX ST JEAN,TOULOUSE MATABIAU,18,0.8283625730994152
BORDEAUX ST JEAN,TOULOUSE MATABIAU,19,0.8299707602339182
BORDEAUX ST JEAN,TOULOUSE MATABIAU,20,0.8266081871345029
BORDEAUX ST JEAN,TOULOUSE MATABIAU,21,0.8197368421052632
BORDEAUX ST JEAN,TOULOUSE MATABIAU,22,0.8147660818713449
BORDEAUX ST JEAN,TOULOUSE MATABIAU,23,0.812719298245614
BORDEAUX ST JEAN,TOULOUSE MATABIAU,24,0.8162280701754385
BORDEAUX ST JEAN,TOULOUSE MATABIAU,25,0.8089442815249267
BORDEAUX ST JEAN,TOULOUSE MATABIAU,26,0.8061583577712609
BORDEAUX ST JEAN,TOULOUSE MATABIAU,27,0.8058651026392962
BORDEAUX ST JEAN,TOULOUSE MATABIAU,28,0.8026392961876833
BORDEAUX ST JEAN,TOULOUSE MATABIAU,29,0.7891495601173021
BORDEAUX ST JEAN,TOULOUSE MATABIAU,30,0.03849557522123894
CARCASSONNE,ARLES,0,0.698030303030303
CARCASSONNE,ARLES,1,0.6840909090909091
CARCASSONNE,ARLES,2,0.6227272727272727
CARCASSONNE,ARLES,3,0.5742424242424242
CARCASSONNE,ARLES,4,0.5222727272727272
CARCASSONNE,ARLES,5,0.5195454545454545
CARCASSONNE,ARLES,6,0.5139393939393939
CARCASSONNE,ARLES,7,0.49484848484848487
CARCASSONNE,ARLES,8,0.49015151515151517
CARCASSONNE,ARLES,9,0.48806646525679764
CARCASSONNE,ARLES,10,0.4929003021148036
CARCASSONNE,ARLES,11,0.49652567975830814
CARCASSONNE,ARLES,12,0.33202416918429006
CARCASSONNE,ARLES,13,0.31253776435045316
CARCASSONNE,ARLES,14,0.31178247734138975
CARCASSONNE,ARLES,15,0.3176737160120846
CARCASSONNE,ARLES,16,0.3241691842900302
CARCASSONNE,ARLES,17,0.3273413897280967
CARCASSONNE,ARLES,18,0.33560606060606063
CARCASSONNE,ARLES,19,0.3463636363636364
CARCASSONNE,ARLES,20,0.3613636363636364
CARCASSONNE,ARLES,21,0.3613636363636364
CARCASSONNE,ARLES,22,0.35484848484848486
CARCASSONNE,ARLES,23,0.34969696969696973
CARCASSONNE,ARLES,24,0.3513636363636364
CARCASSONNE,ARLES,25,0.34802431610942247
CARCASSONNE,ARLES,26,0.3547112462006079
CARCASSONNE,ARLES,27,0.36250000000000004
CARCASSONNE,ARLES,28,0.3492378048780488
CARCASSONNE,ARLES,29,0.34024390243902436
CARCASSONNE,ARLES,30,0.026226993865030676
CARCASSONNE,BEZIERS,0,0.9186046511627907
CARCASSONNE,BEZIERS,1,0.9206395348837209
CARCASSONNE,BEZIERS,2,0.9087209302325582
CARCASSONNE,BEZIERS,3,0.8973837209302326
CARCASSONNE,BEZIERS,4,0.7938953488372094
CARCASSONNE,BEZIERS,5,0.7875
CARCASSONNE,BEZIERS,6,0.7877906976744186
CARCASSONNE,BEZIERS,7,0.775
CARCASSONNE,BEZIERS,8,0.7678779069767441
CARCASSONNE,BEZIERS,9,0.7626453488372094
CARCASSONNE,BEZIERS,10,0.773110465116279
CARCASSONNE,BEZIERS,11,0.7732558139534884
CARCASSONNE,BEZIERS,12,0.7207848837209302
CARCASSONNE,BEZIERS,13,0.71875
CARCASSONNE,BEZIERS,14,0.7225290697674419
CARCASSONNE,BEZIERS,15,0.721656976744186
CARCASSONNE,BEZIERS,16,0.7229651162790698
CARCASSONNE,BEZIERS,17,0.7295058139534883
CARCASSONNE,BEZIERS,18,0.7313953488372092
CARCASSONNE,BEZIERS,19,0.7369186046511628
CARCASSONNE,BEZIERS,20,0.7379360465116279
CARCASSONNE,BEZIERS,21,0.7401162790697674
CARCASSONNE,BEZIERS,22,0.7357558139534883
CARCASSONNE,BEZIERS,23,0.7353197674418605
CARCASSONNE,BEZIERS,24,0.745203488372093
CARCASSONNE,BEZIERS,25,0.7373546511627908
CARCASSONNE,BEZIERS,26,0.7334302325581395
CARCASSONNE,BEZIERS,27,0.7386627906976744
CARCASSONNE,BEZIERS,28,0.729796511627907
CARCASSONNE,BEZIERS,29,0.7209302325581395
CARCASSONNE,BEZIERS,30,0.033771929824561404
CARCASSONNE,MARSEILLE ST CHARLES,0,0.9005830903790086
CARCASSONNE,MARSEILLE ST CHARLES,1,0.9026239067055394
CARCASSONNE,MARSEILLE ST CHARLES,2,0.8836734693877552
CARCASSONNE,MARSEILLE ST CHARLES,3,0.8857142857142858
CARCASSONNE,MARSEILLE ST CHARLES,4,0.8014577259475218
CARCASSONNE,MARSEILLE ST CHARLES,5,0.7832361516034985
CARCASSONNE,MARSEILLE ST CHARLES,6,0.787463556851312
CARCASSONNE,MARSEILLE ST CHARLES,7,0.776530612244898
CARCASSONNE,MARSEILLE ST CHARLES,8,0.7667638483965015
CARCASSONNE,MARSEILLE ST CHARLES,9,0.7654069767441861
CARCASSONNE,MARSEILLE ST CHARLES,10,0.770639534883721
CARCASSONNE,MARSEILLE ST CHARLES,11,0.776453488372093
CARCASSONNE,MARSEILLE ST CHARLES,12,0.7030523255813953
CARCASSONNE,MARSEILLE ST CHARLES,13,0.7014534883720931
CARCASSONNE,MARSEILLE ST CHARLES,14,0.7055232558139535
CARCASSONNE,MARSEILLE ST CHARLES,15,0.7045058139534883
CARCASSONNE,MARSEILLE ST CHARLES,16,0.7042151162790697
CARCASSONNE,MARSEILLE ST CHARLES,17,0.7109011627906977
CARCASSONNE,MARSEILLE ST CHARLES,18,0.7123546511627907
CARCASSONNE,MARSEILLE ST CHARLES,19,0.7151162790697675
CARCASSONNE,MARSEILLE ST CHARLES,20,0.7184593023255814
CARCASSONNE,MARSEILLE ST CHARLES,21,0.7210755813953489
CARCASSONNE,MARSEILLE ST CHARLES,22,0.7168604651162791
CARCASSONNE,MARSEILLE ST CHARLES,23,0.7145348837209302
CARCASSONNE,MARSEILLE ST CHARLES,24,0.7188953488372093
CARCASSONNE,MARSEILLE ST CHARLES,25,0.712063953488372
CARCASSONNE,MARSEILLE ST CHARLES,26,0.7159883720930232
CARCASSONNE,MARSEILLE ST CHARLES,27,0.7215116279069768
CARCASSONNE,MARSEILLE ST CHARLES,28,0.7090116279069768
CARCASSONNE,MARSEILLE ST CHARLES,29,0.6963662790697674
CARCASSONNE,MARSEILLE ST CHARLES,30,0.035818713450292396
CARCASSONNE,MONTPELLIER SAINT ROCH,0,0.9595652173913044
CARCASSONNE,MONTPELLIER SAINT ROCH,1,0.9615942028985507
CARCASSONNE,MONTPELLIER SAINT ROCH,2,0.9604347826086957
CARCASSONNE,MONTPELLIER SAINT ROCH,3,0.9540579710144926
CARCASSONNE,MONTPELLIER SAINT ROCH,4,0.895072463768116
CARCASSONNE,MONTPELLIER SAINT ROCH,5,0.8872463768115942
CARCASSONNE,MONTPELLIER SAINT ROCH,6,0.8891304347826087
CARCASSONNE,MONTPELLIER SAINT ROCH,7,0.8726086956521739
CARCASSONNE,MONTPELLIER SAINT ROCH,8,0.8650724637681159
CARCASSONNE,MONTPELLIER SAINT ROCH,9,0.858815028901734
CARCASSONNE,MONTPELLIER SAINT ROCH,10,0.8553468208092485
CARCASSONNE,MONTPELLIER SAINT ROCH,11,0.854335260115607
CARCASSONNE,MONTPELLIER SAINT ROCH,12,0.7904624277456648
CARCASSONNE,MONTPELLIER SAINT ROCH,13,0.7820809248554914
CARCASSONNE,MONTPELLIER SAINT ROCH,14,0.7774566473988439
CARCASSONNE,MONTPELLIER SAINT ROCH,15,0.7771676300578034
CARCASSONNE,MONTPELLIER SAINT ROCH,16,0.7777456647398845
CARCASSONNE,MONTPELLIER SAINT ROCH,17,0.7823699421965318
CARCASSONNE,MONTPELLIER SAINT ROCH,18,0.7815028901734103
CARCASSONNE,MONTPELLIER SAINT ROCH,19,0.7856936416184972
CARCASSONNE,MONTPELLIER SAINT ROCH,20,0.789450867052023
CARCASSONNE,MONTPELLIER SAINT ROCH,21,0.7891618497109827
CARCASSONNE,MONTPELLIER SAINT ROCH,22,0.7830924855491329
CARCASSONNE,MONTPELLIER SAINT ROCH,23,0.7845375722543352
CARCASSONNE,MONTPELLIER SAINT ROCH,24,0.7960982658959537
CARCASSONNE,MONTPELLIER SAINT ROCH,25,0.7911849710982659
CARCASSONNE,MONTPELLIER SAINT ROCH,26,0.7897398843930635
CARCASSONNE,MONTPELLIER SAINT ROCH,27,0.7932080924855491
CARCASSONNE,MONTPELLIER SAINT ROCH,28,0.7833815028901735
CARCASSONNE,MONTPELLIER SAINT ROCH,29,0.7718208092485549
CARCASSONNE,MONTPELLIER SAINT ROCH,30,0.04549418604651163
CARCASSONNE,NARBONNE,0,0.9527456647398843
CARCASSONNE,NARBONNE,1,0.9514450867052022
CARCASSONNE,NARBONNE,2,0.9450867052023122
CARCASSONNE,NARBONNE,3,0.9380057803468208
CARCASSONNE,NARBONNE,4,0.877456647398844
CARCASSONNE,NARBONNE,5,0.8658959537572255
CARCASSONNE,NARBONNE,6,0.8627167630057804
CARCASSONNE,NARBONNE,7,0.8482658959537572
CARCASSONNE,NARBONNE,8,0.8426300578034682
CARCASSONNE,NARBONNE,9,0.8367052023121387
CARCASSONNE,NARBONNE,10,0.8429190751445086
CARCASSONNE,NARBONNE,11,0.838728323699422
CARCASSONNE,NARBONNE,12,0.7971098265895954
CARCASSONNE,NARBONNE,13,0.7910404624277456
CARCASSONNE,NARBONNE,14,0.7903179190751445
CARCASSONNE,NARBONNE,15,0.789450867052023
CARCASSONNE,NARBONNE,16,0.7923410404624277
CARCASSONNE,NARBONNE,17,0.7989884393063583
CARCASSONNE,NARBONNE,18,0.7994219653179191
CARCASSONNE,NARBONNE,19,0.8021676300578034
CARCASSONNE,NARBONNE,20,0.8026011560693641
CARCASSONNE,NARBONNE,21,0.801878612716763
CARCASSONNE,NARBONNE,22,0.8002890173410404
CARCASSONNE,NARBONNE,23,0.8021676300578034
CARCASSONNE,NARBONNE,24,0.813728323699422
CARCASSONNE,NARBONNE,25,0.8052023121387284
CARCASSONNE,NARBONNE,26,0.8041907514450867
CARCASSONNE,NARBONNE,27,0.8072254335260116
CARCASSONNE,NARBONNE,28,0.8
CARCASSONNE,NARBONNE,29,0.7910404624277456
CARCASSONNE,NARBONNE,30,0.036191860465116285
CARCASSONNE,NIMES CENTRE,0,0.9594202898550724
CARCASSONNE,NIMES CENTRE,1,0.9620289855072464
CARCASSONNE,NIMES CENTRE,2,0.9579710144927536
CARCASSONNE,NIMES CENTRE,3,0.9495652173913044
CARCASSONNE,NIMES CENTRE,4,0.8986956521739131
CARCASSONNE,NIMES CENTRE,5,0.8898550724637682
CARCASSONNE,NIMES CENTRE,6,0.8907246376811595
CARCASSONNE,NIMES CENTRE,7,0.8750724637681159
CARCASSONNE,NIMES CENTRE,8,0.8646376811594203
CARCASSONNE,NIMES CENTRE,9,0.8566473988439306
CARCASSONNE,NIMES CENTRE,10,0.8556358381502891
CARCASSONNE,NIMES CENTRE,11,0.8554913294797688
CARCASSONNE,NIMES CENTRE,12,0.794942196531792
CARCASSONNE,NIMES CENTRE,13,0.7839595375722543
CARCASSONNE,NIMES CENTRE,14,0.778757225433526
CARCASSONNE,NIMES CENTRE,15,0.7778901734104046
CARCASSONNE,NIMES CENTRE,16,0.7784682080924856
CARCASSONNE,NIMES CENTRE,17,0.783815028901734
CARCASSONNE,NIMES CENTRE,18,0.7832369942196532
CARCASSONNE,NIMES CENTRE,19,0.7867052023121387
CARCASSONNE,NIMES CENTRE,20,0.7908959537572253
CARCASSONNE,NIMES CENTRE,21,0.789450867052023
CARCASSONNE,NIMES CENTRE,22,0.7820809248554914
CARCASSONNE,NIMES CENTRE,23,0.7851156069364161
CARCASSONNE,NIMES CENTRE,24,0.7953757225433525
CARCASSONNE,NIMES CENTRE,25,0.791907514450867
CARCASSONNE,NIMES CENTRE,26,0.7898843930635838
CARCASSONNE,NIMES CENTRE,27,0.794364161849711
CARCASSONNE,NIMES CENTRE,28,0.7845375722543352
CARCASSONNE,NIMES CENTRE,29,0.7749999999999999
CARCASSONNE,NIMES CENTRE,30,0.03822674418604651
CARCASSONNE,SETE,0,0.885223880597015
CARCASSONNE,SETE,1,0.8850746268656716
CARCASSONNE,SETE,2,0.8917910447761194
CARCASSONNE,SETE,3,0.8801492537313433
CARCASSONNE,SETE,4,0.8276119402985075
CARCASSONNE,SETE,5,0.8050746268656717
CARCASSONNE,SETE,6,0.8038805970149254
CARCASSONNE,SETE,7,0.7895522388059701
CARCASSONNE,SETE,8,0.7795522388059701
CARCASSONNE,SETE,9,0.7694940476190476
CARCASSONNE,SETE,10,0.7619047619047619
CARCASSONNE,SETE,11,0.7544642857142857
CARCASSONNE,SETE,12,0.6505952380952381
CARCASSONNE,SETE,13,0.6311011904761905
CARCASSONNE,SETE,14,0.6208333333333333
CARCASSONNE,SETE,15,0.6279761904761905
CARCASSONNE,SETE,16,0.6398809523809523
CARCASSONNE,SETE,17,0.6400297619047619
CARCASSONNE,SETE,18,0.6373134328358209
CARCASSONNE,SETE,19,0.6376119402985074
CARCASSONNE,SETE,20,0.6413432835820896
CARCASSONNE,SETE,21,0.6341791044776119
CARCASSONNE,SETE,22,0.6417910447761194
CARCASSONNE,SETE,23,0.6431343283582089
CARCASSONNE,SETE,24,0.6443283582089552
CARCASSONNE,SETE,25,0.6435628742514969
CARCASSONNE,SETE,26,0.6459459459459459
CARCASSONNE,SETE,27,0.6457831325301205
CARCASSONNE,SETE,28,0.6463855421686747
CARCASSONNE,SETE,29,0.6414156626506023
CARCASSONNE,SETE,30,0.024242424242424242
MARMANDE,ARLES,0,0.49548286604361375
MARMANDE,ARLES,1,0.5020249221183801
MARMANDE,ARLES,2,0.471183800623053
MARMANDE,ARLES,3,0.43987538940809967
MARMANDE,ARLES,4,0.3601246105919003
MARMANDE,ARLES,5,0.35623052959501555
MARMANDE,ARLES,6,0.3545171339563863
MARMANDE,ARLES,7,0.3468847352024922
MARMANDE,ARLES,8,0.3411214953271028
MARMANDE,ARLES,9,0.3406832298136646
MARMANDE,ARLES,10,0.3574534161490683
MARMANDE,ARLES,11,0.36417445482866045
MARMANDE,ARLES,12,0.24626168224299064
MARMANDE,ARLES,13,0.23130841121495327
MARMANDE,ARLES,14,0.22640625
MARMANDE,ARLES,15,0.23359375
MARMANDE,ARLES,16,0.23765624999999999
MARMANDE,ARLES,17,0.244375
MARMANDE,ARLES,18,0.2529780564263323
MARMANDE,ARLES,19,0.2564263322884012
MARMANDE,ARLES,20,0.26426332288401255
MARMANDE,ARLES,21,0.2611635220125786
MARMANDE,ARLES,22,0.2599056603773585
MARMANDE,ARLES,23,0.2559748427672956
MARMANDE,ARLES,24,0.260062893081761
MARMANDE,ARLES,25,0.2694006309148265
MARMANDE,ARLES,26,0.2678797468354431
MARMANDE,ARLES,27,0.27095238095238094
MARMANDE,ARLES,28,0.2697452229299363
MARMANDE,ARLES,29,0.2698083067092652
MARMANDE,ARLES,30,0.02266881028938907
MARMANDE,BEZIERS,0,1.0
MARMANDE,BEZIERS,1,0.9625
MARMANDE,BEZIERS,2,0.9875
MARMANDE,BEZIERS,3,0.975
MARMANDE,BEZIERS,4,0.775
MARMANDE,BEZIERS,5,0.7375
MARMANDE,BEZIERS,6,0.7375
MARMANDE,BEZIERS,7,0.525
MARMANDE,BEZIERS,8,0.525
MARMANDE,BEZIERS,9,0.6833333333333332
MARMANDE,BEZIERS,10,0.9166666666666666
MARMANDE,BEZIERS,11,0.9666666666666667
MARMANDE,BEZIERS,12,0.9666666666666667
MARMANDE,BEZIERS,13,1.0
MARMANDE,BEZIERS,14,1.0
MARMANDE,BEZIERS,15,1.0
MARMANDE,BEZIERS,16,1.0
MARMANDE,BEZIERS,17,1.0
MARMANDE,BEZIERS,18,1.0
MARMANDE,BEZIERS,19,1.0
MARMANDE,BEZIERS,20,1.0
MARMANDE,BEZIERS,21,1.0
MARMANDE,BEZIERS,22,0.9833333333333334
MARMANDE,BEZIERS,23,0.9833333333333334
MARMANDE,BEZIERS,24,1.0
MARMANDE,BEZIERS,25,1.0
MARMANDE,BEZIERS,26,1.0
MARMANDE,BEZIERS,27,1.0
MARMANDE,BEZIERS,28,1.0
MARMANDE,BEZIERS,29,1.0
MARMANDE,BEZIERS,30,0.16666666666666666
MARMANDE,CARCASSONNE,0,0.7465773809523809
MARMANDE,CARCASSONNE,1,0.7464285714285714
MARMANDE,CARCASSONNE,2,0.7479166666666667
MARMANDE,CARCASSONNE,3,0.7327380952380952
MARMANDE,CARCASSONNE,4,0.6572916666666666
MARMANDE,CARCASSONNE,5,0.6583333333333333
MARMANDE,CARCASSONNE,6,0.6630952380952382
MARMANDE,CARCASSONNE,7,0.6625
MARMANDE,CARCASSONNE,8,0.662797619047619
MARMANDE,CARCASSONNE,9,0.6674107142857143
MARMANDE,CARCASSONNE,10,0.6790178571428571
MARMANDE,CARCASSONNE,11,0.68125
MARMANDE,CARCASSONNE,12,0.6113095238095239
MARMANDE,CARCASSONNE,13,0.596875
MARMANDE,CARCASSONNE,14,0.5959821428571429
MARMANDE,CARCASSONNE,15,0.6044642857142857
MARMANDE,CARCASSONNE,16,0.6165178571428571
MARMANDE,CARCASSONNE,17,0.6209821428571429
MARMANDE,CARCASSONNE,18,0.6182089552238805
MARMANDE,CARCASSONNE,19,0.6201492537313433
MARMANDE,CARCASSONNE,20,0.6255223880597015
MARMANDE,CARCASSONNE,21,0.6243283582089553
MARMANDE,CARCASSONNE,22,0.6364179104477612
MARMANDE,CARCASSONNE,23,0.6397014925373135
MARMANDE,CARCASSONNE,24,0.6440298507462686
MARMANDE,CARCASSONNE,25,0.6462574850299401
MARMANDE,CARCASSONNE,26,0.6496996996996997
MARMANDE,CARCASSONNE,27,0.6465361445783133
MARMANDE,CARCASSONNE,28,0.6462349397590362
MARMANDE,CARCASSONNE,29,0.640210843373494
MARMANDE,CARCASSONNE,30,0.024848484848484852
MARMANDE,MARSEILLE ST CHARLES,0,0.4934579439252337
MARMANDE,MARSEILLE ST CHARLES,1,0.5087227414330219
MARMANDE,MARSEILLE ST CHARLES,2,0.48021806853582555
MARMANDE,MARSEILLE ST CHARLES,3,0.44672897196261685
MARMANDE,MARSEILLE ST CHARLES,4,0.361993769470405
MARMANDE,MARSEILLE ST CHARLES,5,0.3613707165109034
MARMANDE,MARSEILLE ST CHARLES,6,0.36090342679127724
MARMANDE,MARSEILLE ST CHARLES,7,0.3470404984423676
MARMANDE,MARSEILLE ST CHARLES,8,0.3422118380062305
MARMANDE,MARSEILLE ST CHARLES,9,0.3416149068322981
MARMANDE,MARSEILLE ST CHARLES,10,0.3552795031055901
MARMANDE,MARSEILLE ST CHARLES,11,0.3630841121495327
MARMANDE,MARSEILLE ST CHARLES,12,0.25669781931464175
MARMANDE,MARSEILLE ST CHARLES,13,0.2306853582554517
MARMANDE,MARSEILLE ST CHARLES,14,0.23328125000000002
MARMANDE,MARSEILLE ST CHARLES,15,0.23578125
MARMANDE,MARSEILLE ST CHARLES,16,0.24375
MARMANDE,MARSEILLE ST CHARLES,17,0.24546874999999999
MARMANDE,MARSEILLE ST CHARLES,18,0.25391849529780564
MARMANDE,MARSEILLE ST CHARLES,19,0.259717868338558
MARMANDE,MARSEILLE ST CHARLES,20,0.2683385579937304
MARMANDE,MARSEILLE ST CHARLES,21,0.2643081761006289
MARMANDE,MARSEILLE ST CHARLES,22,0.2621069182389937
MARMANDE,MARSEILLE ST CHARLES,23,0.2559748427672956
MARMANDE,MARSEILLE ST CHARLES,24,0.259748427672956
MARMANDE,MARSEILLE ST CHARLES,25,0.272397476340694
MARMANDE,MARSEILLE ST CHARLES,26,0.2694620253164557
MARMANDE,MARSEILLE ST CHARLES,27,0.2706349206349206
MARMANDE,MARSEILLE ST CHARLES,28,0.2705414012738854
MARMANDE,MARSEILLE ST CHARLES,29,0.26853035143769965
MARMANDE,MARSEILLE ST CHARLES,30,0.013665594855305467
MARMANDE,MONTAUBAN VILLE BOURBON,0,0.9507440476190476
MARMANDE,MONTAUBAN VILLE BOURBON,1,0.9431547619047619
MARMANDE,MONTAUBAN VILLE BOURBON,2,0.9470238095238095
MARMANDE,MONTAUBAN VILLE BOURBON,3,0.9318452380952381
MARMANDE,MONTAUBAN VILLE BOURBON,4,0.8595238095238096
MARMANDE,MONTAUBAN VILLE BOURBON,5,0.8492559523809524
MARMANDE,MONTAUBAN VILLE BOURBON,6,0.8489583333333334
MARMANDE,MONTAUBAN VILLE BOURBON,7,0.8358630952380953
MARMANDE,MONTAUBAN VILLE BOURBON,8,0.8325892857142857
MARMANDE,MONTAUBAN VILLE BOURBON,9,0.8166666666666667
MARMANDE,MONTAUBAN VILLE BOURBON,10,0.8116071428571429
MARMANDE,MONTAUBAN VILLE BOURBON,11,0.8125
MARMANDE,MONTAUBAN VILLE BOURBON,12,0.7476190476190476
MARMANDE,MONTAUBAN VILLE BOURBON,13,0.7337797619047619
MARMANDE,MONTAUBAN VILLE BOURBON,14,0.7370535714285714
MARMANDE,MONTAUBAN VILLE BOURBON,15,0.7418154761904762
MARMANDE,MONTAUBAN VILLE BOURBON,16,0.7511904761904762
MARMANDE,MONTAUBAN VILLE BOURBON,17,0.7528273809523809
MARMANDE,MONTAUBAN VILLE BOURBON,18,0.7476119402985074
MARMANDE,MONTAUBAN VILLE BOURBON,19,0.7483582089552239
MARMANDE,MONTAUBAN VILLE BOURBON,20,0.7419402985074627
MARMANDE,MONTAUBAN VILLE BOURBON,21,0.7352238805970149
MARMANDE,MONTAUBAN VILLE BOURBON,22,0.734776119402985
MARMANDE,MONTAUBAN VILLE BOURBON,23,0.7364179104477612
MARMANDE,MONTAUBAN VILLE BOURBON,24,0.7376119402985074
MARMANDE,MONTAUBAN VILLE BOURBON,25,0.7360778443113772
MARMANDE,MONTAUBAN VILLE BOURBON,26,0.7367867867867868
MARMANDE,MONTAUBAN VILLE BOURBON,27,0.7322289156626506
MARMANDE,MONTAUBAN VILLE BOURBON,28,0.7281626506024096
MARMANDE,MONTAUBAN VILLE BOURBON,29,0.7146084337349398
MARMANDE,MONTAUBAN VILLE BOURBON,30,0.037575757575757575
MARMANDE,MONTPELLIER SAINT ROCH,0,0.7428358208955224
MARMANDE,MONTPELLIER SAINT ROCH,1,0.7453731343283582
MARMANDE,MONTPELLIER SAINT ROCH,2,0.741044776119403
MARMANDE,MONTPELLIER SAINT ROCH,3,0.7308955223880597
MARMANDE,MONTPELLIER SAINT ROCH,4,0.6550746268656716
MARMANDE,MONTPELLIER SAINT ROCH,5,0.6516417910447762
MARMANDE,MONTPELLIER SAINT ROCH,6,0.6601492537313433
MARMANDE,MONTPELLIER SAINT ROCH,7,0.6595522388059701
MARMANDE,MONTPELLIER SAINT ROCH,8,0.6597014925373135
MARMANDE,MONTPELLIER SAINT ROCH,9,0.6599702380952381
MARMANDE,MONTPELLIER SAINT ROCH,10,0.6688988095238095
MARMANDE,MONTPELLIER SAINT ROCH,11,0.6741071428571429
MARMANDE,MONTPELLIER SAINT ROCH,12,0.6041666666666666
MARMANDE,MONTPELLIER SAINT ROCH,13,0.5873511904761904
MARMANDE,MONTPELLIER SAINT ROCH,14,0.5861607142857143
MARMANDE,MONTPELLIER SAINT ROCH,15,0.5965773809523809
MARMANDE,MONTPELLIER SAINT ROCH,16,0.6083333333333334
MARMANDE,MONTPELLIER SAINT ROCH,17,0.6117559523809524
MARMANDE,MONTPELLIER SAINT ROCH,18,0.6105970149253732
MARMANDE,MONTPELLIER SAINT ROCH,19,0.6107462686567164
MARMANDE,MONTPELLIER SAINT ROCH,20,0.6144776119402985
MARMANDE,MONTPELLIER SAINT ROCH,21,0.6150746268656717
MARMANDE,MONTPELLIER SAINT ROCH,22,0.6270149253731344
MARMANDE,MONTPELLIER SAINT ROCH,23,0.6301492537313432
MARMANDE,MONTPELLIER SAINT ROCH,24,0.6355223880597015
MARMANDE,MONTPELLIER SAINT ROCH,25,0.6389221556886228
MARMANDE,MONTPELLIER SAINT ROCH,26,0.6411411411411412
MARMANDE,MONTPELLIER SAINT ROCH,27,0.6396084337349397
MARMANDE,MONTPELLIER SAINT ROCH,28,0.6405120481927711
MARMANDE,MONTPELLIER SAINT ROCH,29,0.6331325301204819
MARMANDE,MONTPELLIER SAINT ROCH,30,0.01818181818181818
MARMANDE,NARBONNE,0,0.7467261904761905
MARMANDE,NARBONNE,1,0.7495535714285714
MARMANDE,NARBONNE,2,0.7430059523809524
MARMANDE,NARBONNE,3,0.7313988095238095
MARMANDE,NARBONNE,4,0.6620535714285714
MARMANDE,NARBONNE,5,0.6590773809523809
MARMANDE,NARBONNE,6,0.6677083333333333
MARMANDE,NARBONNE,7,0.6630952380952382
MARMANDE,NARBONNE,8,0.6617559523809524
MARMANDE,NARBONNE,9,0.6662202380952381
MARMANDE,NARBONNE,10,0.6776785714285714
MARMANDE,NARBONNE,11,0.68125
MARMANDE,NARBONNE,12,0.6101190476190477
MARMANDE,NARBONNE,13,0.5946428571428571
MARMANDE,NARBONNE,14,0.5943452380952381
MARMANDE,NARBONNE,15,0.603125
MARMANDE,NARBONNE,16,0.6177083333333334
MARMANDE,NARBONNE,17,0.6190476190476191
MARMANDE,NARBONNE,18,0.6174626865671642
MARMANDE,NARBONNE,19,0.6194029850746269
MARMANDE,NARBONNE,20,0.6238805970149254
MARMANDE,NARBONNE,21,0.6250746268656716
MARMANDE,NARBONNE,22,0.6355223880597015
MARMANDE,NARBONNE,23,0.64
MARMANDE,NARBONNE,24,0.6449253731343284
MARMANDE,NARBONNE,25,0.6465568862275449
MARMANDE,NARBONNE,26,0.6495495495495496
MARMANDE,NARBONNE,27,0.6474397590361446
MARMANDE,NARBONNE,28,0.6478915662650602
MARMANDE,NARBONNE,29,0.6450301204819278
MARMANDE,NARBONNE,30,0.01787878787878788
MARMANDE,NIMES CENTRE,0,0.7405970149253731
MARMANDE,NIMES CENTRE,1,0.7416417910447761
MARMANDE,NIMES CENTRE,2,0.7359701492537314
MARMANDE,NIMES CENTRE,3,0.7267164179104477
MARMANDE,NIMES CENTRE,4,0.6528358208955224
MARMANDE,NIMES CENTRE,5,0.6519402985074627
MARMANDE,NIMES CENTRE,6,0.6640298507462686
MARMANDE,NIMES CENTRE,7,0.6622388059701493
MARMANDE,NIMES CENTRE,8,0.6608955223880597
MARMANDE,NIMES CENTRE,9,0.6592261904761905
MARMANDE,NIMES CENTRE,10,0.6641369047619048
MARMANDE,NIMES CENTRE,11,0.6683035714285714
MARMANDE,NIMES CENTRE,12,0.5967261904761905
MARMANDE,NIMES CENTRE,13,0.5790178571428571
MARMANDE,NIMES CENTRE,14,0.5776785714285714
MARMANDE,NIMES CENTRE,15,0.5895833333333333
MARMANDE,NIMES CENTRE,16,0.6004464285714286
MARMANDE,NIMES CENTRE,17,0.6029761904761904
MARMANDE,NIMES CENTRE,18,0.6016417910447761
MARMANDE,NIMES CENTRE,19,0.6041791044776119
MARMANDE,NIMES CENTRE,20,0.6095522388059701
MARMANDE,NIMES CENTRE,21,0.6108955223880597
MARMANDE,NIMES CENTRE,22,0.6228358208955224
MARMANDE,NIMES CENTRE,23,0.6271641791044776
MARMANDE,NIMES CENTRE,24,0.6338805970149254
MARMANDE,NIMES CENTRE,25,0.6350299401197604
MARMANDE,NIMES CENTRE,26,0.637987987987988
MARMANDE,NIMES CENTRE,27,0.6359939759036145
MARMANDE,NIMES CENTRE,28,0.6391566265060241
MARMANDE,NIMES CENTRE,29,0.6367469879518073
MARMANDE,NIMES CENTRE,30,0.016666666666666666
MARMANDE,SETE,0,0.7395522388059701
MARMANDE,SETE,1,0.7419402985074627
MARMANDE,SETE,2,0.7395522388059701
MARMANDE,SETE,3,0.7322388059701493
MARMANDE,SETE,4,0.6510447761194029
MARMANDE,SETE,5,0.6525373134328358
MARMANDE,SETE,6,0.6598507462686567
MARMANDE,SETE,7,0.6619402985074627
MARMANDE,SETE,8,0.6605970149253731
MARMANDE,SETE,9,0.6586309523809524
MARMANDE,SETE,10,0.6697916666666667
MARMANDE,SETE,11,0.6747023809523809
MARMANDE,SETE,12,0.6040178571428572
MARMANDE,SETE,13,0.5861607142857143
MARMANDE,SETE,14,0.5824404761904761
MARMANDE,SETE,15,0.5949404761904762
MARMANDE,SETE,16,0.6084821428571429
MARMANDE,SETE,17,0.6108630952380952
MARMANDE,SETE,18,0.6094029850746269
MARMANDE,SETE,19,0.6107462686567164
MARMANDE,SETE,20,0.6149253731343284
MARMANDE,SETE,21,0.6149253731343284
MARMANDE,SETE,22,0.6252238805970148
MARMANDE,SETE,23,0.6298507462686567
MARMANDE,SETE,24,0.6355223880597015
MARMANDE,SETE,25,0.6374251497005988
MARMANDE,SETE,26,0.6397897897897898
MARMANDE,SETE,27,0.6384036144578313
MARMANDE,SETE,28,0.6370481927710844
MARMANDE,SETE,29,0.6359939759036145
MARMANDE,SETE,30,0.022272727272727274
MARMANDE,TOULOUSE MATABIAU,0,0.9462797619047618
MARMANDE,TOULOUSE MATABIAU,1,0.9436011904761905
MARMANDE,TOULOUSE MATABIAU,2,0.9486607142857143
MARMANDE,TOULOUSE MATABIAU,3,0.9336309523809524
MARMANDE,TOULOUSE MATABIAU,4,0.8617559523809524
MARMANDE,TOULOUSE MATABIAU,5,0.8494047619047619
MARMANDE,TOULOUSE MATABIAU,6,0.8486607142857142
MARMANDE,TOULOUSE MATABIAU,7,0.8369047619047618
MARMANDE,TOULOUSE MATABIAU,8,0.8351190476190476
MARMANDE,TOULOUSE MATABIAU,9,0.8169642857142857
MARMANDE,TOULOUSE MATABIAU,10,0.8147321428571429
MARMANDE,TOULOUSE MATABIAU,11,0.8120535714285715
MARMANDE,TOULOUSE MATABIAU,12,0.7458333333333333
MARMANDE,TOULOUSE MATABIAU,13,0.7302083333333333
MARMANDE,TOULOUSE MATABIAU,14,0.7330357142857143
MARMANDE,TOULOUSE MATABIAU,15,0.7407738095238096
MARMANDE,TOULOUSE MATABIAU,16,0.753125
MARMANDE,TOULOUSE MATABIAU,17,0.7553571428571428
MARMANDE,TOULOUSE MATABIAU,18,0.7498507462686567
MARMANDE,TOULOUSE MATABIAU,19,0.7443283582089552
MARMANDE,TOULOUSE MATABIAU,20,0.7426865671641791
MARMANDE,TOULOUSE MATABIAU,21,0.7353731343283582
MARMANDE,TOULOUSE MATABIAU,22,0.735820895522388
MARMANDE,TOULOUSE MATABIAU,23,0.7353731343283582
MARMANDE,TOULOUSE MATABIAU,24,0.7355223880597015
MARMANDE,TOULOUSE MATABIAU,25,0.73562874251497
MARMANDE,TOULOUSE MATABIAU,26,0.7364864864864865
MARMANDE,TOULOUSE MATABIAU,27,0.7335843373493977
MARMANDE,TOULOUSE MATABIAU,28,0.7304216867469879
MARMANDE,TOULOUSE MATABIAU,29,0.7180722891566266
MARMANDE,TOULOUSE MATABIAU,30,0.03424242424242425
MONTAUBAN VILLE BOURBON,ARLES,0,0.6784848484848485
MONTAUBAN VILLE BOURBON,ARLES,1,0.6634848484848485
MONTAUBAN VILLE BOURBON,ARLES,2,0.6003030303030303
MONTAUBAN VILLE BOURBON,ARLES,3,0.5528787878787879
MONTAUBAN VILLE BOURBON,ARLES,4,0.46181818181818185
MONTAUBAN VILLE BOURBON,ARLES,5,0.4528787878787878
MONTAUBAN VILLE BOURBON,ARLES,6,0.4554545454545455
MONTAUBAN VILLE BOURBON,ARLES,7,0.44530303030303026
MONTAUBAN VILLE BOURBON,ARLES,8,0.44727272727272727
MONTAUBAN VILLE BOURBON,ARLES,9,0.4445619335347432
MONTAUBAN VILLE BOURBON,ARLES,10,0.4465256797583082
MONTAUBAN VILLE BOURBON,ARLES,11,0.4554380664652568
MONTAUBAN VILLE BOURBON,ARLES,12,0.31223564954682775
MONTAUBAN VILLE BOURBON,ARLES,13,0.2880664652567976
MONTAUBAN VILLE BOURBON,ARLES,14,0.29138972809667674
MONTAUBAN VILLE BOURBON,ARLES,15,0.29441087613293054
MONTAUBAN VILLE BOURBON,ARLES,16,0.30362537764350456
MONTAUBAN VILLE BOURBON,ARLES,17,0.30256797583081574
MONTAUBAN VILLE BOURBON,ARLES,18,0.3115151515151515
MONTAUBAN VILLE BOURBON,ARLES,19,0.32075757575757574
MONTAUBAN VILLE BOURBON,ARLES,20,0.3339393939393939
MONTAUBAN VILLE BOURBON,ARLES,21,0.33560606060606063
MONTAUBAN VILLE BOURBON,ARLES,22,0.3384848484848485
MONTAUBAN VILLE BOURBON,ARLES,23,0.3325757575757576
MONTAUBAN VILLE BOURBON,ARLES,24,0.3359090909090909
MONTAUBAN VILLE BOURBON,ARLES,25,0.3340425531914894
MONTAUBAN VILLE BOURBON,ARLES,26,0.340273556231003
MONTAUBAN VILLE BOURBON,ARLES,27,0.3483231707317073
MONTAUBAN VILLE BOURBON,ARLES,28,0.33429878048780487
MONTAUBAN VILLE BOURBON,ARLES,29,0.3266768292682927
MONTAUBAN VILLE BOURBON,ARLES,30,0.018865030674846628
MONTAUBAN VILLE BOURBON,BEZIERS,0,0.8615727002967359
MONTAUBAN VILLE BOURBON,BEZIERS,1,0.8591988130563799
MONTAUBAN VILLE BOURBON,BEZIERS,2,0.831899109792285
MONTAUBAN VILLE BOURBON,BEZIERS,3,0.8065281899109793
MONTAUBAN VILLE BOURBON,BEZIERS,4,0.6793768545994064
MONTAUBAN VILLE BOURBON,BEZIERS,5,0.6643916913946588
MONTAUBAN VILLE BOURBON,BEZIERS,6,0.6740356083086053
MONTAUBAN VILLE BOURBON,BEZIERS,7,0.6597922848664688
MONTAUBAN VILLE BOURBON,BEZIERS,8,0.6590504451038576
MONTAUBAN VILLE BOURBON,BEZIERS,9,0.6648367952522255
MONTAUBAN VILLE BOURBON,BEZIERS,10,0.6750741839762612
MONTAUBAN VILLE BOURBON,BEZIERS,11,0.678486646884273
MONTAUBAN VILLE BOURBON,BEZIERS,12,0.5770029673590504
MONTAUBAN VILLE BOURBON,BEZIERS,13,0.5547477744807121
MONTAUBAN VILLE BOURBON,BEZIERS,14,0.5486646884272998
MONTAUBAN VILLE BOURBON,BEZIERS,15,0.5571216617210683
MONTAUBAN VILLE BOURBON,BEZIERS,16,0.5565281899109793
MONTAUBAN VILLE BOURBON,BEZIERS,17,0.5667655786350149
MONTAUBAN VILLE BOURBON,BEZIERS,18,0.5685459940652818
MONTAUBAN VILLE BOURBON,BEZIERS,19,0.5667655786350149
MONTAUBAN VILLE BOURBON,BEZIERS,20,0.5706231454005936
MONTAUBAN VILLE BOURBON,BEZIERS,21,0.5740356083086053
MONTAUBAN VILLE BOURBON,BEZIERS,22,0.5755192878338279
MONTAUBAN VILLE BOURBON,BEZIERS,23,0.5740356083086053
MONTAUBAN VILLE BOURBON,BEZIERS,24,0.5839762611275965
MONTAUBAN VILLE BOURBON,BEZIERS,25,0.5839285714285714
MONTAUBAN VILLE BOURBON,BEZIERS,26,0.5818452380952381
MONTAUBAN VILLE BOURBON,BEZIERS,27,0.5836309523809524
MONTAUBAN VILLE BOURBON,BEZIERS,28,0.5818452380952381
MONTAUBAN VILLE BOURBON,BEZIERS,29,0.5766369047619048
MONTAUBAN VILLE BOURBON,BEZIERS,30,0.021407185628742515
MONTAUBAN VILLE BOURBON,CARCASSONNE,0,0.8780701754385966
MONTAUBAN VILLE BOURBON,CARCASSONNE,1,0.8764619883040936
MONTAUBAN VILLE BOURBON,CARCASSONNE,2,0.8656432748538012
MONTAUBAN VILLE BOURBON,CARCASSONNE,3,0.8517543859649123
MONTAUBAN VILLE BOURBON,CARCASSONNE,4,0.775438596491228
MONTAUBAN VILLE BOURBON,CARCASSONNE,5,0.7736842105263159
MONTAUBAN VILLE BOURBON,CARCASSONNE,6,0.7796783625730993
MONTAUBAN VILLE BOURBON,CARCASSONNE,7,0.7676900584795322
MONTAUBAN VILLE BOURBON,CARCASSONNE,8,0.7638888888888888
MONTAUBAN VILLE BOURBON,CARCASSONNE,9,0.768421052631579
MONTAUBAN VILLE BOURBON,CARCASSONNE,10,0.7760233918128654
MONTAUBAN VILLE BOURBON,CARCASSONNE,11,0.785233918128655
MONTAUBAN VILLE BOURBON,CARCASSONNE,12,0.6969298245614035
MONTAUBAN VILLE BOURBON,CARCASSONNE,13,0.6795321637426901
MONTAUBAN VILLE BOURBON,CARCASSONNE,14,0.6760233918128654
MONTAUBAN VILLE BOURBON,CARCASSONNE,15,0.6830409356725146
MONTAUBAN VILLE BOURBON,CARCASSONNE,16,0.6900584795321637
MONTAUBAN VILLE BOURBON,CARCASSONNE,17,0.6966374269005848
MONTAUBAN VILLE BOURBON,CARCASSONNE,18,0.6972222222222222
MONTAUBAN VILLE BOURBON,CARCASSONNE,19,0.7032163742690059
MONTAUBAN VILLE BOURBON,CARCASSONNE,20,0.7064327485380116
MONTAUBAN VILLE BOURBON,CARCASSONNE,21,0.7073099415204679
MONTAUBAN VILLE BOURBON,CARCASSONNE,22,0.7092105263157895
MONTAUBAN VILLE BOURBON,CARCASSONNE,23,0.7114035087719298
MONTAUBAN VILLE BOURBON,CARCASSONNE,24,0.7216374269005849
MONTAUBAN VILLE BOURBON,CARCASSONNE,25,0.7212609970674486
MONTAUBAN VILLE BOURBON,CARCASSONNE,26,0.7203812316715543
MONTAUBAN VILLE BOURBON,CARCASSONNE,27,0.7236070381231672
MONTAUBAN VILLE BOURBON,CARCASSONNE,28,0.7196480938416423
MONTAUBAN VILLE BOURBON,CARCASSONNE,29,0.7099706744868035
MONTAUBAN VILLE BOURBON,CARCASSONNE,30,0.04129793510324484
MONTAUBAN VILLE BOURBON,MARSEILLE ST CHARLES,0,0.8416666666666667
MONTAUBAN VILLE BOURBON,MARSEILLE ST CHARLES,1,0.84375
MONTAUBAN VILLE BOURBON,MARSEILLE ST CHARLES,2,0.8138392857142857
MONTAUBAN VILLE BOURBON,MARSEILLE ST CHARLES,3,0.7949404761904763
MONTAUBAN VILLE BOURBON,MARSEILLE ST CHARLES,4,0.6738095238095239
MONTAUBAN VILLE BOURBON,MARSEILLE ST CHARLES,5,0.6623511904761905
MONTAUBAN VILLE BOURBON,MARSEILLE ST CHARLES,6,0.6678571428571429
MONTAUBAN VILLE BOURBON,MARSEILLE ST CHARLES,7,0.6514880952380953
MONTAUBAN VILLE BOURBON,MARSEILLE ST CHARLES,8,0.6449404761904761
MONTAUBAN VILLE BOURBON,MARSEILLE ST CHARLES,9,0.6455489614243324
MONTAUBAN VILLE BOURBON,MARSEILLE ST CHARLES,10,0.6611275964391692
MONTAUBAN VILLE BOURBON,MARSEILLE ST CHARLES,11,0.6652818991097923
MONTAUBAN VILLE BOURBON,MARSEILLE ST CHARLES,12,0.5642433234421366
MONTAUBAN VILLE BOURBON,MARSEILLE ST CHARLES,13,0.5445103857566765
MONTAUBAN VILLE BOURBON,MARSEILLE ST CHARLES,14,0.542433234421365
MONTAUBAN VILLE BOURBON,MARSEILLE ST CHARLES,15,0.5458456973293768
MONTAUBAN VILLE BOURBON,MARSEILLE ST CHARLES,16,0.5477744807121662
MONTAUBAN VILLE BOURBON,MARSEILLE ST CHARLES,17,0.5597922848664688
MONTAUBAN VILLE BOURBON,MARSEILLE ST CHARLES,18,0.5591988130563798
MONTAUBAN VILLE BOURBON,MARSEILLE ST CHARLES,19,0.5593471810089021
MONTAUBAN VILLE BOURBON,MARSEILLE ST CHARLES,20,0.5648367952522255
MONTAUBAN VILLE BOURBON,MARSEILLE ST CHARLES,21,0.5688427299703264
MONTAUBAN VILLE BOURBON,MARSEILLE ST CHARLES,22,0.5694362017804154
MONTAUBAN VILLE BOURBON,MARSEILLE ST CHARLES,23,0.5686943620178042
MONTAUBAN VILLE BOURBON,MARSEILLE ST CHARLES,24,0.5783382789317507
MONTAUBAN VILLE BOURBON,MARSEILLE ST CHARLES,25,0.5794642857142857
MONTAUBAN VILLE BOURBON,MARSEILLE ST CHARLES,26,0.5776785714285714
MONTAUBAN VILLE BOURBON,MARSEILLE ST CHARLES,27,0.5813988095238095
MONTAUBAN VILLE BOURBON,MARSEILLE ST CHARLES,28,0.5769345238095238
MONTAUBAN VILLE BOURBON,MARSEILLE ST CHARLES,29,0.5659226190476191
MONTAUBAN VILLE BOURBON,MARSEILLE ST CHARLES,30,0.019910179640718565
MONTAUBAN VILLE BOURBON,MONTPELLIER SAINT ROCH,0,0.8690615835777127
MONTAUBAN VILLE BOURBON,MONTPELLIER SAINT ROCH,1,0.8703812316715542
MONTAUBAN VILLE BOURBON,MONTPELLIER SAINT ROCH,2,0.859824046920821
MONTAUBAN VILLE BOURBON,MONTPELLIER SAINT ROCH,3,0.8536656891495602
MONTAUBAN VILLE BOURBON,MONTPELLIER SAINT ROCH,4,0.7763929618768328
MONTAUBAN VILLE BOURBON,MONTPELLIER SAINT ROCH,5,0.7678885630498534
MONTAUBAN VILLE BOURBON,MONTPELLIER SAINT ROCH,6,0.7772727272727273
MONTAUBAN VILLE BOURBON,MONTPELLIER SAINT ROCH,7,0.7642228739002933
MONTAUBAN VILLE BOURBON,MONTPELLIER SAINT ROCH,8,0.7590909090909091
MONTAUBAN VILLE BOURBON,MONTPELLIER SAINT ROCH,9,0.7589181286549708
MONTAUBAN VILLE BOURBON,MONTPELLIER SAINT ROCH,10,0.7672514619883041
MONTAUBAN VILLE BOURBON,MONTPELLIER SAINT ROCH,11,0.7732456140350877
MONTAUBAN VILLE BOURBON,MONTPELLIER SAINT ROCH,12,0.6900584795321637
MONTAUBAN VILLE BOURBON,MONTPELLIER SAINT ROCH,13,0.6738304093567251
MONTAUBAN VILLE BOURBON,MONTPELLIER SAINT ROCH,14,0.6710526315789473
MONTAUBAN VILLE BOURBON,MONTPELLIER SAINT ROCH,15,0.676608187134503
MONTAUBAN VILLE BOURBON,MONTPELLIER SAINT ROCH,16,0.6827485380116959
MONTAUBAN VILLE BOURBON,MONTPELLIER SAINT ROCH,17,0.6907894736842105
MONTAUBAN VILLE BOURBON,MONTPELLIER SAINT ROCH,18,0.69093567251462
MONTAUBAN VILLE BOURBON,MONTPELLIER SAINT ROCH,19,0.6954678362573099
MONTAUBAN VILLE BOURBON,MONTPELLIER SAINT ROCH,20,0.6998538011695906
MONTAUBAN VILLE BOURBON,MONTPELLIER SAINT ROCH,21,0.7002923976608187
MONTAUBAN VILLE BOURBON,MONTPELLIER SAINT ROCH,22,0.6982456140350878
MONTAUBAN VILLE BOURBON,MONTPELLIER SAINT ROCH,23,0.7008771929824561
MONTAUBAN VILLE BOURBON,MONTPELLIER SAINT ROCH,24,0.7112573099415205
MONTAUBAN VILLE BOURBON,MONTPELLIER SAINT ROCH,25,0.7140762463343109
MONTAUBAN VILLE BOURBON,MONTPELLIER SAINT ROCH,26,0.7161290322580645
MONTAUBAN VILLE BOURBON,MONTPELLIER SAINT ROCH,27,0.7155425219941349
MONTAUBAN VILLE BOURBON,MONTPELLIER SAINT ROCH,28,0.7127565982404692
MONTAUBAN VILLE BOURBON,MONTPELLIER SAINT ROCH,29,0.7051319648093841
MONTAUBAN VILLE BOURBON,MONTPELLIER SAINT ROCH,30,0.038348082595870206
MONTAUBAN VILLE BOURBON,NARBONNE,0,0.8741228070175439
MONTAUBAN VILLE BOURBON,NARBONNE,1,0.8769005847953216
MONTAUBAN VILLE BOURBON,NARBONNE,2,0.8672514619883042
MONTAUBAN VILLE BOURBON,NARBONNE,3,0.8562865497076024
MONTAUBAN VILLE BOURBON,NARBONNE,4,0.7788011695906434
MONTAUBAN VILLE BOURBON,NARBONNE,5,0.775
MONTAUBAN VILLE BOURBON,NARBONNE,6,0.7805555555555556
MONTAUBAN VILLE BOURBON,NARBONNE,7,0.7679824561403508
MONTAUBAN VILLE BOURBON,NARBONNE,8,0.7643274853801169
MONTAUBAN VILLE BOURBON,NARBONNE,9,0.7660818713450293
MONTAUBAN VILLE BOURBON,NARBONNE,10,0.7763157894736842
MONTAUBAN VILLE BOURBON,NARBONNE,11,0.7826023391812865
MONTAUBAN VILLE BOURBON,NARBONNE,12,0.7010233918128655
MONTAUBAN VILLE BOURBON,NARBONNE,13,0.6827485380116959
MONTAUBAN VILLE BOURBON,NARBONNE,14,0.6771929824561403
MONTAUBAN VILLE BOURBON,NARBONNE,15,0.6839181286549708
MONTAUBAN VILLE BOURBON,NARBONNE,16,0.6910818713450292
MONTAUBAN VILLE BOURBON,NARBONNE,17,0.6980994152046783
MONTAUBAN VILLE BOURBON,NARBONNE,18,0.697953216374269
MONTAUBAN VILLE BOURBON,NARBONNE,19,0.7030701754385965
MONTAUBAN VILLE BOURBON,NARBONNE,20,0.7064327485380116
MONTAUBAN VILLE BOURBON,NARBONNE,21,0.7080409356725146
MONTAUBAN VILLE BOURBON,NARBONNE,22,0.708625730994152
MONTAUBAN VILLE BOURBON,NARBONNE,23,0.710233918128655
MONTAUBAN VILLE BOURBON,NARBONNE,24,0.7219298245614035
MONTAUBAN VILLE BOURBON,NARBONNE,25,0.7197947214076246
MONTAUBAN VILLE BOURBON,NARBONNE,26,0.7205278592375366
MONTAUBAN VILLE BOURBON,NARBONNE,27,0.7228739002932552
MONTAUBAN VILLE BOURBON,NARBONNE,28,0.7211143695014663
MONTAUBAN VILLE BOURBON,NARBONNE,29,0.7142228739002933
MONTAUBAN VILLE BOURBON,NARBONNE,30,0.027433628318584074
MONTAUBAN VILLE BOURBON,NIMES CENTRE,0,0.8664222873900292
MONTAUBAN VILLE BOURBON,NIMES CENTRE,1,0.8683284457478007
MONTAUBAN VILLE BOURBON,NIMES CENTRE,2,0.8586510263929619
MONTAUBAN VILLE BOURBON,NIMES CENTRE,3,0.8466275659824046
MONTAUBAN VILLE BOURBON,NIMES CENTRE,4,0.7734604105571847
MONTAUBAN VILLE BOURBON,NIMES CENTRE,5,0.7671554252199414
MONTAUBAN VILLE BOURBON,NIMES CENTRE,6,0.7763929618768328
MONTAUBAN VILLE BOURBON,NIMES CENTRE,7,0.7643695014662756
MONTAUBAN VILLE BOURBON,NIMES CENTRE,8,0.7589442815249268
MONTAUBAN VILLE BOURBON,NIMES CENTRE,9,0.7592105263157894
MONTAUBAN VILLE BOURBON,NIMES CENTRE,10,0.7678362573099415
MONTAUBAN VILLE BOURBON,NIMES CENTRE,11,0.7733918128654971
MONTAUBAN VILLE BOURBON,NIMES CENTRE,12,0.6902046783625732
MONTAUBAN VILLE BOURBON,NIMES CENTRE,13,0.6722222222222223
MONTAUBAN VILLE BOURBON,NIMES CENTRE,14,0.6690058479532164
MONTAUBAN VILLE BOURBON,NIMES CENTRE,15,0.6739766081871345
MONTAUBAN VILLE BOURBON,NIMES CENTRE,16,0.6789473684210526
MONTAUBAN VILLE BOURBON,NIMES CENTRE,17,0.6884502923976608
MONTAUBAN VILLE BOURBON,NIMES CENTRE,18,0.689327485380117
MONTAUBAN VILLE BOURBON,NIMES CENTRE,19,0.6940058479532164
MONTAUBAN VILLE BOURBON,NIMES CENTRE,20,0.6972222222222222
MONTAUBAN VILLE BOURBON,NIMES CENTRE,21,0.6982456140350878
MONTAUBAN VILLE BOURBON,NIMES CENTRE,22,0.6970760233918128
MONTAUBAN VILLE BOURBON,NIMES CENTRE,23,0.6995614035087719
MONTAUBAN VILLE BOURBON,NIMES CENTRE,24,0.7106725146198831
MONTAUBAN VILLE BOURBON,NIMES CENTRE,25,0.713782991202346
MONTAUBAN VILLE BOURBON,NIMES CENTRE,26,0.7139296187683284
MONTAUBAN VILLE BOURBON,NIMES CENTRE,27,0.7117302052785923
MONTAUBAN VILLE BOURBON,NIMES CENTRE,28,0.7104105571847508
MONTAUBAN VILLE BOURBON,NIMES CENTRE,29,0.7011730205278592
MONTAUBAN VILLE BOURBON,NIMES CENTRE,30,0.02536873156342183
MONTAUBAN VILLE BOURBON,SETE,0,0.7425373134328358
MONTAUBAN VILLE BOURBON,SETE,1,0.7414925373134329
MONTAUBAN VILLE BOURBON,SETE,2,0.7435820895522388
MONTAUBAN VILLE BOURBON,SETE,3,0.7316417910447761
MONTAUBAN VILLE BOURBON,SETE,4,0.6582089552238806
MONTAUBAN VILLE BOURBON,SETE,5,0.6553731343283582
MONTAUBAN VILLE BOURBON,SETE,6,0.6653731343283582
MONTAUBAN VILLE BOURBON,SETE,7,0.6611940298507463
MONTAUBAN VILLE BOURBON,SETE,8,0.6614925373134328
MONTAUBAN VILLE BOURBON,SETE,9,0.6610119047619047
MONTAUBAN VILLE BOURBON,SETE,10,0.671875
MONTAUBAN VILLE BOURBON,SETE,11,0.6757440476190476
MONTAUBAN VILLE BOURBON,SETE,12,0.6020833333333334
MONTAUBAN VILLE BOURBON,SETE,13,0.5876488095238095
MONTAUBAN VILLE BOURBON,SETE,14,0.5861607142857143
MONTAUBAN VILLE BOURBON,SETE,15,0.5956845238095239
MONTAUBAN VILLE BOURBON,SETE,16,0.6092261904761904
MONTAUBAN VILLE BOURBON,SETE,17,0.6111607142857143
MONTAUBAN VILLE BOURBON,SETE,18,0.6098507462686568
MONTAUBAN VILLE BOURBON,SETE,19,0.6122388059701492
MONTAUBAN VILLE BOURBON,SETE,20,0.617313432835821
MONTAUBAN VILLE BOURBON,SETE,21,0.614776119402985
MONTAUBAN VILLE BOURBON,SETE,22,0.6258208955223881
MONTAUBAN VILLE BOURBON,SETE,23,0.6314925373134329
MONTAUBAN VILLE BOURBON,SETE,24,0.6347761194029851
MONTAUBAN VILLE BOURBON,SETE,25,0.6387724550898204
MONTAUBAN VILLE BOURBON,SETE,26,0.6414414414414414
MONTAUBAN VILLE BOURBON,SETE,27,0.6396084337349397
MONTAUBAN VILLE BOURBON,SETE,28,0.6388554216867469
MONTAUBAN VILLE BOURBON,SETE,29,0.6358433734939759
MONTAUBAN VILLE BOURBON,SETE,30,0.021666666666666667
MONTAUBAN VILLE BOURBON,TOULOUSE MATABIAU,0,0.9641812865497076
MONTAUBAN VILLE BOURBON,TOULOUSE MATABIAU,1,0.9656432748538012
MONTAUBAN VILLE BOURBON,TOULOUSE MATABIAU,2,0.9637426900584796
MONTAUBAN VILLE BOURBON,TOULOUSE MATABIAU,3,0.9593567251461989
MONTAUBAN VILLE BOURBON,TOULOUSE MATABIAU,4,0.9312865497076024
MONTAUBAN VILLE BOURBON,TOULOUSE MATABIAU,5,0.9337719298245615
MONTAUBAN VILLE BOURBON,TOULOUSE MATABIAU,6,0.9399122807017544
MONTAUBAN VILLE BOURBON,TOULOUSE MATABIAU,7,0.939327485380117
MONTAUBAN VILLE BOURBON,TOULOUSE MATABIAU,8,0.9350877192982456
MONTAUBAN VILLE BOURBON,TOULOUSE MATABIAU,9,0.9345029239766083
MONTAUBAN VILLE BOURBON,TOULOUSE MATABIAU,10,0.9312865497076024
MONTAUBAN VILLE BOURBON,TOULOUSE MATABIAU,11,0.9235380116959065
MONTAUBAN VILLE BOURBON,TOULOUSE MATABIAU,12,0.8352339181286549
MONTAUBAN VILLE BOURBON,TOULOUSE MATABIAU,13,0.8182748538011697
MONTAUBAN VILLE BOURBON,TOULOUSE MATABIAU,14,0.81593567251462
MONTAUBAN VILLE BOURBON,TOULOUSE MATABIAU,15,0.8141812865497076
MONTAUBAN VILLE BOURBON,TOULOUSE MATABIAU,16,0.8214912280701754
MONTAUBAN VILLE BOURBON,TOULOUSE MATABIAU,17,0.8308479532163742
MONTAUBAN VILLE BOURBON,TOULOUSE MATABIAU,18,0.8288011695906432
MONTAUBAN VILLE BOURBON,TOULOUSE MATABIAU,19,0.829093567251462
MONTAUBAN VILLE BOURBON,TOULOUSE MATABIAU,20,0.8254385964912281
MONTAUBAN VILLE BOURBON,TOULOUSE MATABIAU,21,0.82046783625731
MONTAUBAN VILLE BOURBON,TOULOUSE MATABIAU,22,0.813888888888889
MONTAUBAN VILLE BOURBON,TOULOUSE MATABIAU,23,0.8097953216374268
MONTAUBAN VILLE BOURBON,TOULOUSE MATABIAU,24,0.8168128654970761
MONTAUBAN VILLE BOURBON,TOULOUSE MATABIAU,25,0.8107038123167155
MONTAUBAN VILLE BOURBON,TOULOUSE MATABIAU,26,0.8065982404692082
MONTAUBAN VILLE BOURBON,TOULOUSE MATABIAU,27,0.8046920821114368
MONTAUBAN VILLE BOURBON,TOULOUSE MATABIAU,28,0.7994134897360704
MONTAUBAN VILLE BOURBON,TOULOUSE MATABIAU,29,0.7882697947214077
MONTAUBAN VILLE BOURBON,TOULOUSE MATABIAU,30,0.037463126843657824
MONTPELLIER SAINT ROCH,ARLES,0,0.7856060606060606
MONTPELLIER SAINT ROCH,ARLES,1,0.7553030303030303
MONTPELLIER SAINT ROCH,ARLES,2,0.7187878787878788
MONTPELLIER SAINT ROCH,ARLES,3,0.6759090909090909
MONTPELLIER SAINT ROCH,ARLES,4,0.5283333333333333
MONTPELLIER SAINT ROCH,ARLES,5,0.5125757575757576
MONTPELLIER SAINT ROCH,ARLES,6,0.5062121212121212
MONTPELLIER SAINT ROCH,ARLES,7,0.4822727272727273
MONTPELLIER SAINT ROCH,ARLES,8,0.48303030303030303
MONTPELLIER SAINT ROCH,ARLES,9,0.4768882175226586
MONTPELLIER SAINT ROCH,ARLES,10,0.47930513595166163
MONTPELLIER SAINT ROCH,ARLES,11,0.4859516616314199
MONTPELLIER SAINT ROCH,ARLES,12,0.3731117824773414
MONTPELLIER SAINT ROCH,ARLES,13,0.3581570996978852
MONTPELLIER SAINT ROCH,ARLES,14,0.3564954682779456
MONTPELLIER SAINT ROCH,ARLES,15,0.3608761329305136
MONTPELLIER SAINT ROCH,ARLES,16,0.3720543806646526
MONTPELLIER SAINT ROCH,ARLES,17,0.3741691842900302
MONTPELLIER SAINT ROCH,ARLES,18,0.38151515151515153
MONTPELLIER SAINT ROCH,ARLES,19,0.39075757575757575
MONTPELLIER SAINT ROCH,ARLES,20,0.40242424242424246
MONTPELLIER SAINT ROCH,ARLES,21,0.39742424242424246
MONTPELLIER SAINT ROCH,ARLES,22,0.3931818181818182
MONTPELLIER SAINT ROCH,ARLES,23,0.3840909090909091
MONTPELLIER SAINT ROCH,ARLES,24,0.38651515151515153
MONTPELLIER SAINT ROCH,ARLES,25,0.38389057750759875
MONTPELLIER SAINT ROCH,ARLES,26,0.3849544072948328
MONTPELLIER SAINT ROCH,ARLES,27,0.3932926829268293
MONTPELLIER SAINT ROCH,ARLES,28,0.37027439024390246
MONTPELLIER SAINT ROCH,ARLES,29,0.35868902439024386
MONTPELLIER SAINT ROCH,ARLES,30,0.028374233128834355
MONTPELLIER SAINT ROCH,MARSEILLE ST CHARLES,0,0.9250728862973762
MONTPELLIER SAINT ROCH,MARSEILLE ST CHARLES,1,0.9256559766763849
MONTPELLIER SAINT ROCH,MARSEILLE ST CHARLES,2,0.9034985422740525
MONTPELLIER SAINT ROCH,MARSEILLE ST CHARLES,3,0.889067055393586
MONTPELLIER SAINT ROCH,MARSEILLE ST CHARLES,4,0.8030612244897959
MONTPELLIER SAINT ROCH,MARSEILLE ST CHARLES,5,0.7793002915451895
MONTPELLIER SAINT ROCH,MARSEILLE ST CHARLES,6,0.7817784256559767
MONTPELLIER SAINT ROCH,MARSEILLE ST CHARLES,7,0.7758017492711371
MONTPELLIER SAINT ROCH,MARSEILLE ST CHARLES,8,0.7705539358600584
MONTPELLIER SAINT ROCH,MARSEILLE ST CHARLES,9,0.7704941860465117
MONTPELLIER SAINT ROCH,MARSEILLE ST CHARLES,10,0.7876453488372093
MONTPELLIER SAINT ROCH,MARSEILLE ST CHARLES,11,0.7870639534883721
MONTPELLIER SAINT ROCH,MARSEILLE ST CHARLES,12,0.7281976744186046
MONTPELLIER SAINT ROCH,MARSEILLE ST CHARLES,13,0.7296511627906976
MONTPELLIER SAINT ROCH,MARSEILLE ST CHARLES,14,0.7313953488372092
MONTPELLIER SAINT ROCH,MARSEILLE ST CHARLES,15,0.7328488372093023
MONTPELLIER SAINT ROCH,MARSEILLE ST CHARLES,16,0.7321220930232558
MONTPELLIER SAINT ROCH,MARSEILLE ST CHARLES,17,0.7354651162790697
MONTPELLIER SAINT ROCH,MARSEILLE ST CHARLES,18,0.7344476744186047
MONTPELLIER SAINT ROCH,MARSEILLE ST CHARLES,19,0.7380813953488372
MONTPELLIER SAINT ROCH,MARSEILLE ST CHARLES,20,0.7438953488372093
MONTPELLIER SAINT ROCH,MARSEILLE ST CHARLES,21,0.7484011627906977
MONTPELLIER SAINT ROCH,MARSEILLE ST CHARLES,22,0.7383720930232558
MONTPELLIER SAINT ROCH,MARSEILLE ST CHARLES,23,0.7341569767441861
MONTPELLIER SAINT ROCH,MARSEILLE ST CHARLES,24,0.7392441860465117
MONTPELLIER SAINT ROCH,MARSEILLE ST CHARLES,25,0.7332848837209303
MONTPELLIER SAINT ROCH,MARSEILLE ST CHARLES,26,0.7308139534883721
MONTPELLIER SAINT ROCH,MARSEILLE ST CHARLES,27,0.7351744186046512
MONTPELLIER SAINT ROCH,MARSEILLE ST CHARLES,28,0.7238372093023255
MONTPELLIER SAINT ROCH,MARSEILLE ST CHARLES,29,0.709156976744186
MONTPELLIER SAINT ROCH,MARSEILLE ST CHARLES,30,0.04312865497076023
MONTPELLIER SAINT ROCH,NIMES CENTRE,0,0.9710144927536232
MONTPELLIER SAINT ROCH,NIMES CENTRE,1,0.9689855072463769
MONTPELLIER SAINT ROCH,NIMES CENTRE,2,0.9618840579710145
MONTPELLIER SAINT ROCH,NIMES CENTRE,3,0.9550724637681159
MONTPELLIER SAINT ROCH,NIMES CENTRE,4,0.943768115942029
MONTPELLIER SAINT ROCH,NIMES CENTRE,5,0.9379710144927537
MONTPELLIER SAINT ROCH,NIMES CENTRE,6,0.9389855072463767
MONTPELLIER SAINT ROCH,NIMES CENTRE,7,0.9349275362318841
MONTPELLIER SAINT ROCH,NIMES CENTRE,8,0.9343478260869565
MONTPELLIER SAINT ROCH,NIMES CENTRE,9,0.932514450867052
MONTPELLIER SAINT ROCH,NIMES CENTRE,10,0.9315028901734105
MONTPELLIER SAINT ROCH,NIMES CENTRE,11,0.9271676300578034
MONTPELLIER SAINT ROCH,NIMES CENTRE,12,0.8632947976878612
MONTPELLIER SAINT ROCH,NIMES CENTRE,13,0.8520231213872833
MONTPELLIER SAINT ROCH,NIMES CENTRE,14,0.8440751445086706
MONTPELLIER SAINT ROCH,NIMES CENTRE,15,0.8456647398843932
MONTPELLIER SAINT ROCH,NIMES CENTRE,16,0.8338150289017341
MONTPELLIER SAINT ROCH,NIMES CENTRE,17,0.8307803468208093
MONTPELLIER SAINT ROCH,NIMES CENTRE,18,0.8255780346820809
MONTPELLIER SAINT ROCH,NIMES CENTRE,19,0.8226878612716763
MONTPELLIER SAINT ROCH,NIMES CENTRE,20,0.8241329479768785
MONTPELLIER SAINT ROCH,NIMES CENTRE,21,0.8179190751445087
MONTPELLIER SAINT ROCH,NIMES CENTRE,22,0.8108381502890174
MONTPELLIER SAINT ROCH,NIMES CENTRE,23,0.807514450867052
MONTPELLIER SAINT ROCH,NIMES CENTRE,24,0.8153179190751446
MONTPELLIER SAINT ROCH,NIMES CENTRE,25,0.8147398843930636
MONTPELLIER SAINT ROCH,NIMES CENTRE,26,0.8121387283236994
MONTPELLIER SAINT ROCH,NIMES CENTRE,27,0.81257225433526
MONTPELLIER SAINT ROCH,NIMES CENTRE,28,0.8027456647398844
MONTPELLIER SAINT ROCH,NIMES CENTRE,29,0.7926300578034682
MONTPELLIER SAINT ROCH,NIMES CENTRE,30,0.03735465116279069
NARBONNE,ARLES,0,0.7042424242424242
NARBONNE,ARLES,1,0.6792424242424243
NARBONNE,ARLES,2,0.6178787878787879
NARBONNE,ARLES,3,0.5827272727272728
NARBONNE,ARLES,4,0.5146969696969697
NARBONNE,ARLES,5,0.5116666666666666
NARBONNE,ARLES,6,0.5109090909090909
NARBONNE,ARLES,7,0.4912121212121212
NARBONNE,ARLES,8,0.4896969696969697
NARBONNE,ARLES,9,0.48867069486404835
NARBONNE,ARLES,10,0.4889728096676737
NARBONNE,ARLES,11,0.4927492447129909
NARBONNE,ARLES,12,0.32990936555891237
NARBONNE,ARLES,13,0.30966767371601206
NARBONNE,ARLES,14,0.31057401812688823
NARBONNE,ARLES,15,0.31510574018126886
NARBONNE,ARLES,16,0.32326283987915405
NARBONNE,ARLES,17,0.32824773413897285
NARBONNE,ARLES,18,0.3365151515151515
NARBONNE,ARLES,19,0.35015151515151516
NARBONNE,ARLES,20,0.3643939393939394
NARBONNE,ARLES,21,0.35924242424242425
NARBONNE,ARLES,22,0.35696969696969694
NARBONNE,ARLES,23,0.3509090909090909
NARBONNE,ARLES,24,0.35075757575757577
NARBONNE,ARLES,25,0.3486322188449848
NARBONNE,ARLES,26,0.35395136778115505
NARBONNE,ARLES,27,0.3620426829268293
NARBONNE,ARLES,28,0.3486280487804878
NARBONNE,ARLES,29,0.3361280487804878
NARBONNE,ARLES,30,0.02515337423312884
NARBONNE,BEZIERS,0,0.9162790697674418
NARBONNE,BEZIERS,1,0.9180232558139535
NARBONNE,BEZIERS,2,0.9058139534883721
NARBONNE,BEZIERS,3,0.8908430232558139
NARBONNE,BEZIERS,4,0.7965116279069767
NARBONNE,BEZIERS,5,0.7875
NARBONNE,BEZIERS,6,0.7869186046511628
NARBONNE,BEZIERS,7,0.7707848837209301
NARBONNE,BEZIERS,8,0.7665697674418605
NARBONNE,BEZIERS,9,0.7645348837209303
NARBONNE,BEZIERS,10,0.773546511627907
NARBONNE,BEZIERS,11,0.7728197674418605
NARBONNE,BEZIERS,12,0.7203488372093023
NARBONNE,BEZIERS,13,0.7196220930232559
NARBONNE,BEZIERS,14,0.7245639534883721
NARBONNE,BEZIERS,15,0.7222383720930232
NARBONNE,BEZIERS,16,0.7229651162790698
NARBONNE,BEZIERS,17,0.7286337209302326
NARBONNE,BEZIERS,18,0.7306686046511628
NARBONNE,BEZIERS,19,0.7343023255813953
NARBONNE,BEZIERS,20,0.7385174418604652
NARBONNE,BEZIERS,21,0.7388081395348838
NARBONNE,BEZIERS,22,0.7357558139534883
NARBONNE,BEZIERS,23,0.7361918604651163
NARBONNE,BEZIERS,24,0.74375
NARBONNE,BEZIERS,25,0.7360465116279069
NARBONNE,BEZIERS,26,0.7340116279069767
NARBONNE,BEZIERS,27,0.7372093023255814
NARBONNE,BEZIERS,28,0.727906976744186
NARBONNE,BEZIERS,29,0.7155523255813954
NARBONNE,BEZIERS,30,0.028801169590643275
NARBONNE,MARSEILLE ST CHARLES,0,0.9001457725947521
NARBONNE,MARSEILLE ST CHARLES,1,0.9027696793002915
NARBONNE,MARSEILLE ST CHARLES,2,0.8842565597667639
NARBONNE,MARSEILLE ST CHARLES,3,0.8838192419825073
NARBONNE,MARSEILLE ST CHARLES,4,0.7954810495626823
NARBONNE,MARSEILLE ST CHARLES,5,0.7836734693877552
NARBONNE,MARSEILLE ST CHARLES,6,0.7893586005830904
NARBONNE,MARSEILLE ST CHARLES,7,0.7795918367346938
NARBONNE,MARSEILLE ST CHARLES,8,0.7696793002915452
NARBONNE,MARSEILLE ST CHARLES,9,0.7658430232558139
NARBONNE,MARSEILLE ST CHARLES,10,0.7715116279069767
NARBONNE,MARSEILLE ST CHARLES,11,0.7752906976744186
NARBONNE,MARSEILLE ST CHARLES,12,0.7015988372093023
NARBONNE,MARSEILLE ST CHARLES,13,0.7015988372093023
NARBONNE,MARSEILLE ST CHARLES,14,0.7066860465116279
NARBONNE,MARSEILLE ST CHARLES,15,0.7053779069767442
NARBONNE,MARSEILLE ST CHARLES,16,0.7050872093023256
NARBONNE,MARSEILLE ST CHARLES,17,0.7093023255813954
NARBONNE,MARSEILLE ST CHARLES,18,0.7117732558139535
NARBONNE,MARSEILLE ST CHARLES,19,0.7149709302325581
NARBONNE,MARSEILLE ST CHARLES,20,0.7183139534883721
NARBONNE,MARSEILLE ST CHARLES,21,0.7218023255813953
NARBONNE,MARSEILLE ST CHARLES,22,0.7136627906976745
NARBONNE,MARSEILLE ST CHARLES,23,0.7136627906976745
NARBONNE,MARSEILLE ST CHARLES,24,0.7200581395348837
NARBONNE,MARSEILLE ST CHARLES,25,0.7129360465116279
NARBONNE,MARSEILLE ST CHARLES,26,0.7142441860465116
NARBONNE,MARSEILLE ST CHARLES,27,0.7199127906976744
NARBONNE,MARSEILLE ST CHARLES,28,0.707703488372093
NARBONNE,MARSEILLE ST CHARLES,29,0.6965116279069767
NARBONNE,MARSEILLE ST CHARLES,30,0.034064327485380116
NARBONNE,MONTPELLIER SAINT ROCH,0,0.9468115942028985
NARBONNE,MONTPELLIER SAINT ROCH,1,0.9450724637681159
NARBONNE,MONTPELLIER SAINT ROCH,2,0.9395652173913043
NARBONNE,MONTPELLIER SAINT ROCH,3,0.9318840579710145
NARBONNE,MONTPELLIER SAINT ROCH,4,0.868840579710145
NARBONNE,MONTPELLIER SAINT ROCH,5,0.862463768115942
NARBONNE,MONTPELLIER SAINT ROCH,6,0.8613043478260869
NARBONNE,MONTPELLIER SAINT ROCH,7,0.8444927536231884
NARBONNE,MONTPELLIER SAINT ROCH,8,0.8344927536231883
NARBONNE,MONTPELLIER SAINT ROCH,9,0.8281791907514451
NARBONNE,MONTPELLIER SAINT ROCH,10,0.8332369942196532
NARBONNE,MONTPELLIER SAINT ROCH,11,0.8293352601156069
NARBONNE,MONTPELLIER SAINT ROCH,12,0.786849710982659
NARBONNE,MONTPELLIER SAINT ROCH,13,0.7793352601156068
NARBONNE,MONTPELLIER SAINT ROCH,14,0.7802023121387283
NARBONNE,MONTPELLIER SAINT ROCH,15,0.7807803468208092
NARBONNE,MONTPELLIER SAINT ROCH,16,0.7819364161849711
NARBONNE,MONTPELLIER SAINT ROCH,17,0.789450867052023
NARBONNE,MONTPELLIER SAINT ROCH,18,0.7916184971098266
NARBONNE,MONTPELLIER SAINT ROCH,19,0.7940751445086706
NARBONNE,MONTPELLIER SAINT ROCH,20,0.7950867052023122
NARBONNE,MONTPELLIER SAINT ROCH,21,0.7934971098265896
NARBONNE,MONTPELLIER SAINT ROCH,22,0.7888728323699422
NARBONNE,MONTPELLIER SAINT ROCH,23,0.7904624277456648
NARBONNE,MONTPELLIER SAINT ROCH,24,0.8028901734104047
NARBONNE,MONTPELLIER SAINT ROCH,25,0.7966763005780346
NARBONNE,MONTPELLIER SAINT ROCH,26,0.7946531791907514
NARBONNE,MONTPELLIER SAINT ROCH,27,0.7994219653179191
NARBONNE,MONTPELLIER SAINT ROCH,28,0.7885838150289018
NARBONNE,MONTPELLIER SAINT ROCH,29,0.7763005780346821
NARBONNE,MONTPELLIER SAINT ROCH,30,0.034593023255813954
NARBONNE,NIMES CENTRE,0,0.9610144927536233
NARBONNE,NIMES CENTRE,1,0.9657971014492753
NARBONNE,NIMES CENTRE,2,0.9620289855072464
NARBONNE,NIMES CENTRE,3,0.9533333333333333
NARBONNE,NIMES CENTRE,4,0.8953623188405796
NARBONNE,NIMES CENTRE,5,0.8907246376811595
NARBONNE,NIMES CENTRE,6,0.8888405797101449
NARBONNE,NIMES CENTRE,7,0.8760869565217392
NARBONNE,NIMES CENTRE,8,0.862463768115942
NARBONNE,NIMES CENTRE,9,0.8583815028901735
NARBONNE,NIMES CENTRE,10,0.8578034682080925
NARBONNE,NIMES CENTRE,11,0.851878612716763
NARBONNE,NIMES CENTRE,12,0.7926300578034682
NARBONNE,NIMES CENTRE,13,0.7829479768786126
NARBONNE,NIMES CENTRE,14,0.7774566473988439
NARBONNE,NIMES CENTRE,15,0.7764450867052023
NARBONNE,NIMES CENTRE,16,0.7789017341040463
NARBONNE,NIMES CENTRE,17,0.7832369942196532
NARBONNE,NIMES CENTRE,18,0.7820809248554914
NARBONNE,NIMES CENTRE,19,0.7846820809248555
NARBONNE,NIMES CENTRE,20,0.7901734104046242
NARBONNE,NIMES CENTRE,21,0.790606936416185
NARBONNE,NIMES CENTRE,22,0.7842485549132948
NARBONNE,NIMES CENTRE,23,0.784393063583815
NARBONNE,NIMES CENTRE,24,0.7966763005780346
NARBONNE,NIMES CENTRE,25,0.7903179190751445
NARBONNE,NIMES CENTRE,26,0.7890173410404624
NARBONNE,NIMES CENTRE,27,0.7923410404624277
NARBONNE,NIMES CENTRE,28,0.7835260115606937
NARBONNE,NIMES CENTRE,29,0.7702312138728323
NARBONNE,NIMES CENTRE,30,0.0377906976744186
NARBONNE,SETE,0,0.8549253731343283
NARBONNE,SETE,1,0.8482089552238805
NARBONNE,SETE,2,0.8477611940298507
NARBONNE,SETE,3,0.8308955223880597
NARBONNE,SETE,4,0.7782089552238806
NARBONNE,SETE,5,0.7614925373134328
NARBONNE,SETE,6,0.7570149253731343
NARBONNE,SETE,7,0.7385074626865672
NARBONNE,SETE,8,0.7352238805970149
NARBONNE,SETE,9,0.7302083333333333
NARBONNE,SETE,10,0.7275297619047618
NARBONNE,SETE,11,0.7239583333333334
NARBONNE,SETE,12,0.6303571428571428
NARBONNE,SETE,13,0.6126488095238095
NARBONNE,SETE,14,0.6075892857142857
NARBONNE,SETE,15,0.6147321428571428
NARBONNE,SETE,16,0.6264880952380952
NARBONNE,SETE,17,0.6279761904761905
NARBONNE,SETE,18,0.6267164179104477
NARBONNE,SETE,19,0.6277611940298508
NARBONNE,SETE,20,0.6316417910447761
NARBONNE,SETE,21,0.6235820895522388
NARBONNE,SETE,22,0.6349253731343283
NARBONNE,SETE,23,0.6371641791044775
NARBONNE,SETE,24,0.6402985074626866
NARBONNE,SETE,25,0.6402694610778443
NARBONNE,SETE,26,0.6436936936936937
NARBONNE,SETE,27,0.6421686746987951
NARBONNE,SETE,28,0.6399096385542168
NARBONNE,SETE,29,0.6384036144578313
NARBONNE,SETE,30,0.017272727272727273
NIMES CENTRE,ARLES,0,0.781969696969697
NIMES CENTRE,ARLES,1,0.7642424242424242
NIMES CENTRE,ARLES,2,0.7187878787878788
NIMES CENTRE,ARLES,3,0.6796969696969697
NIMES CENTRE,ARLES,4,0.5245454545454545
NIMES CENTRE,ARLES,5,0.5098484848484849
NIMES CENTRE,ARLES,6,0.5089393939393939
NIMES CENTRE,ARLES,7,0.4851515151515151
NIMES CENTRE,ARLES,8,0.4839393939393939
NIMES CENTRE,ARLES,9,0.48036253776435045
NIMES CENTRE,ARLES,10,0.4779456193353474
NIMES CENTRE,ARLES,11,0.4858006042296073
NIMES CENTRE,ARLES,12,0.3740181268882175
NIMES CENTRE,ARLES,13,0.35725075528700906
NIMES CENTRE,ARLES,14,0.3555891238670695
NIMES CENTRE,ARLES,15,0.3622356495468278
NIMES CENTRE,ARLES,16,0.37280966767371604
NIMES CENTRE,ARLES,17,0.3750755287009064
NIMES CENTRE,ARLES,18,0.3834848484848485
NIMES CENTRE,ARLES,19,0.3892424242424242
NIMES CENTRE,ARLES,20,0.40045454545454545
NIMES CENTRE,ARLES,21,0.39924242424242423
NIMES CENTRE,ARLES,22,0.39545454545454545
NIMES CENTRE,ARLES,23,0.3831818181818182
NIMES CENTRE,ARLES,24,0.3856060606060606
NIMES CENTRE,ARLES,25,0.38176291793313066
NIMES CENTRE,ARLES,26,0.38282674772036474
NIMES CENTRE,ARLES,27,0.388109756097561
NIMES CENTRE,ARLES,28,0.369359756097561
NIMES CENTRE,ARLES,29,0.3615853658536585
NIMES CENTRE,ARLES,30,0.02791411042944785
NIMES CENTRE,MARSEILLE ST CHARLES,0,0.9259475218658892
NIMES CENTRE,MARSEILLE ST CHARLES,1,0.9268221574344022
NIMES CENTRE,MARSEILLE ST CHARLES,2,0.905393586005831
NIMES CENTRE,MARSEILLE ST CHARLES,3,0.8845481049562681
NIMES CENTRE,MARSEILLE ST CHARLES,4,0.8011661807580175
NIMES CENTRE,MARSEILLE ST CHARLES,5,0.7788629737609328
NIMES CENTRE,MARSEILLE ST CHARLES,6,0.7836734693877552
NIMES CENTRE,MARSEILLE ST CHARLES,7,0.7740524781341108
NIMES CENTRE,MARSEILLE ST CHARLES,8,0.7692419825072887
NIMES CENTRE,MARSEILLE ST CHARLES,9,0.7688953488372093
NIMES CENTRE,MARSEILLE ST CHARLES,10,0.7863372093023255
NIMES CENTRE,MARSEILLE ST CHARLES,11,0.7877906976744186
NIMES CENTRE,MARSEILLE ST CHARLES,12,0.7311046511627907
NIMES CENTRE,MARSEILLE ST CHARLES,13,0.7280523255813953
NIMES CENTRE,MARSEILLE ST CHARLES,14,0.7299418604651162
NIMES CENTRE,MARSEILLE ST CHARLES,15,0.7306686046511628
NIMES CENTRE,MARSEILLE ST CHARLES,16,0.7299418604651162
NIMES CENTRE,MARSEILLE ST CHARLES,17,0.7351744186046512
NIMES CENTRE,MARSEILLE ST CHARLES,18,0.7327034883720931
NIMES CENTRE,MARSEILLE ST CHARLES,19,0.7385174418604652
NIMES CENTRE,MARSEILLE ST CHARLES,20,0.7446220930232558
NIMES CENTRE,MARSEILLE ST CHARLES,21,0.7457848837209302
NIMES CENTRE,MARSEILLE ST CHARLES,22,0.738953488372093
NIMES CENTRE,MARSEILLE ST CHARLES,23,0.7343023255813953
NIMES CENTRE,MARSEILLE ST CHARLES,24,0.7401162790697674
NIMES CENTRE,MARSEILLE ST CHARLES,25,0.7309593023255814
NIMES CENTRE,MARSEILLE ST CHARLES,26,0.729360465116279
NIMES CENTRE,MARSEILLE ST CHARLES,27,0.7343023255813953
NIMES CENTRE,MARSEILLE ST CHARLES,28,0.7247093023255814
NIMES CENTRE,MARSEILLE ST CHARLES,29,0.7087209302325582
NIMES CENTRE,MARSEILLE ST CHARLES,30,0.03391812865497076
SETE,ARLES,0,0.559190031152648
SETE,ARLES,1,0.5602803738317756
SETE,ARLES,2,0.5437694704049845
SETE,ARLES,3,0.514018691588785
SETE,ARLES,4,0.4054517133956386
SETE,ARLES,5,0.4024922118380062
SETE,ARLES,6,0.3975077881619937
SETE,ARLES,7,0.3529595015576324
SETE,ARLES,8,0.35389408099688474
SETE,ARLES,9,0.3546583850931677
SETE,ARLES,10,0.37065217391304345
SETE,ARLES,11,0.3747663551401869
SETE,ARLES,12,0.2901869158878505
SETE,ARLES,13,0.27585669781931466
SETE,ARLES,14,0.27296875
SETE,ARLES,15,0.27609374999999997
SETE,ARLES,16,0.28296875
SETE,ARLES,17,0.28515625
SETE,ARLES,18,0.29529780564263325
SETE,ARLES,19,0.29420062695924765
SETE,ARLES,20,0.29905956112852666
SETE,ARLES,21,0.2962264150943396
SETE,ARLES,22,0.2871069182389937
SETE,ARLES,23,0.2783018867924528
SETE,ARLES,24,0.2833333333333333
SETE,ARLES,25,0.2921135646687697
SETE,ARLES,26,0.29050632911392404
SETE,ARLES,27,0.2922222222222222
SETE,ARLES,28,0.2871019108280255
SETE,ARLES,29,0.2769968051118211
SETE,ARLES,30,0.022829581993569135
SETE,MARSEILLE ST CHARLES,0,0.5612149532710281
SETE,MARSEILLE ST CHARLES,1,0.5565420560747664
SETE,MARSEILLE ST CHARLES,2,0.5445482866043614
SETE,MARSEILLE ST CHARLES,3,0.5214953271028038
SETE,MARSEILLE ST CHARLES,4,0.41557632398753896
SETE,MARSEILLE ST CHARLES,5,0.40171339563862923
SETE,MARSEILLE ST CHARLES,6,0.40031152647975077
SETE,MARSEILLE ST CHARLES,7,0.35404984423676017
SETE,MARSEILLE ST CHARLES,8,0.35778816199376945
SETE,MARSEILLE ST CHARLES,9,0.36086956521739133
SETE,MARSEILLE ST CHARLES,10,0.3722049689440994
SETE,MARSEILLE ST CHARLES,11,0.37538940809968846
SETE,MARSEILLE ST CHARLES,12,0.2942367601246106
SETE,MARSEILLE ST CHARLES,13,0.27679127725856695
SETE,MARSEILLE ST CHARLES,14,0.27234375
SETE,MARSEILLE ST CHARLES,15,0.27734375
SETE,MARSEILLE ST CHARLES,16,0.28250000000000003
SETE,MARSEILLE ST CHARLES,17,0.2884375
SETE,MARSEILLE ST CHARLES,18,0.2957680250783699
SETE,MARSEILLE ST CHARLES,19,0.29326018808777427
SETE,MARSEILLE ST CHARLES,20,0.30156739811912225
SETE,MARSEILLE ST CHARLES,21,0.2981132075471698
SETE,MARSEILLE ST CHARLES,22,0.2921383647798742
SETE,MARSEILLE ST CHARLES,23,0.28144654088050314
SETE,MARSEILLE ST CHARLES,24,0.28537735849056606
SETE,MARSEILLE ST CHARLES,25,0.29542586750788646
SETE,MARSEILLE ST CHARLES,26,0.29287974683544304
SETE,MARSEILLE ST CHARLES,27,0.29365079365079366
SETE,MARSEILLE ST CHARLES,28,0.2863057324840764
SETE,MARSEILLE ST CHARLES,29,0.2853035143769968
SETE,MARSEILLE ST CHARLES,30,0.01559485530546624
SETE,MONTPELLIER SAINT ROCH,0,0.8543283582089551
SETE,MONTPELLIER SAINT ROCH,1,0.8476119402985074
SETE,MONTPELLIER SAINT ROCH,2,0.8432835820895522
SETE,MONTPELLIER SAINT ROCH,3,0.8323880597014927
SETE,MONTPELLIER SAINT ROCH,4,0.7810447761194029
SETE,MONTPELLIER SAINT ROCH,5,0.7598507462686568
SETE,MONTPELLIER SAINT ROCH,6,0.7577611940298508
SETE,MONTPELLIER SAINT ROCH,7,0.7391044776119403
SETE,MONTPELLIER SAINT ROCH,8,0.7373134328358208
SETE,MONTPELLIER SAINT ROCH,9,0.7333333333333334
SETE,MONTPELLIER SAINT ROCH,10,0.7273809523809524
SETE,MONTPELLIER SAINT ROCH,11,0.7282738095238095
SETE,MONTPELLIER SAINT ROCH,12,0.6288690476190476
SETE,MONTPELLIER SAINT ROCH,13,0.6104166666666666
SETE,MONTPELLIER SAINT ROCH,14,0.6043154761904762
SETE,MONTPELLIER SAINT ROCH,15,0.6132440476190476
SETE,MONTPELLIER SAINT ROCH,16,0.6254464285714286
SETE,MONTPELLIER SAINT ROCH,17,0.6291666666666667
SETE,MONTPELLIER SAINT ROCH,18,0.6267164179104477
SETE,MONTPELLIER SAINT ROCH,19,0.6282089552238805
SETE,MONTPELLIER SAINT ROCH,20,0.63
SETE,MONTPELLIER SAINT ROCH,21,0.6231343283582089
SETE,MONTPELLIER SAINT ROCH,22,0.6344776119402985
SETE,MONTPELLIER SAINT ROCH,23,0.638955223880597
SETE,MONTPELLIER SAINT ROCH,24,0.6425373134328358
SETE,MONTPELLIER SAINT ROCH,25,0.6408682634730539
SETE,MONTPELLIER SAINT ROCH,26,0.6426426426426426
SETE,MONTPELLIER SAINT ROCH,27,0.6414156626506023
SETE,MONTPELLIER SAINT ROCH,28,0.6412650602409639
SETE,MONTPELLIER SAINT ROCH,29,0.6356927710843374
SETE,MONTPELLIER SAINT ROCH,30,0.02787878787878788
SETE,NIMES CENTRE,0,0.8543283582089551
SETE,NIMES CENTRE,1,0.847313432835821
SETE,NIMES CENTRE,2,0.8438805970149253
SETE,NIMES CENTRE,3,0.829402985074627
SETE,NIMES CENTRE,4,0.7788059701492537
SETE,NIMES CENTRE,5,0.7607462686567164
SETE,NIMES CENTRE,6,0.7591044776119403
SETE,NIMES CENTRE,7,0.7388059701492538
SETE,NIMES CENTRE,8,0.7356716417910447
SETE,NIMES CENTRE,9,0.7315476190476191
SETE,NIMES CENTRE,10,0.721875
SETE,NIMES CENTRE,11,0.7163690476190476
SETE,NIMES CENTRE,12,0.6223214285714286
SETE,NIMES CENTRE,13,0.6080357142857143
SETE,NIMES CENTRE,14,0.6008928571428571
SETE,NIMES CENTRE,15,0.6078869047619048
SETE,NIMES CENTRE,16,0.6178571428571429
SETE,NIMES CENTRE,17,0.6199404761904762
SETE,NIMES CENTRE,18,0.6182089552238805
SETE,NIMES CENTRE,19,0.6216417910447761
SETE,NIMES CENTRE,20,0.6241791044776119
SETE,NIMES CENTRE,21,0.6214925373134328
SETE,NIMES CENTRE,22,0.6314925373134329
SETE,NIMES CENTRE,23,0.6340298507462687
SETE,NIMES CENTRE,24,0.6386567164179104
SETE,NIMES CENTRE,25,0.6387724550898204
SETE,NIMES CENTRE,26,0.6411411411411412
SETE,NIMES CENTRE,27,0.6381024096385542
SETE,NIMES CENTRE,28,0.637198795180723
SETE,NIMES CENTRE,29,0.630421686746988
SETE,NIMES CENTRE,30,0.029545454545454545
TOULOUSE MATABIAU,ARLES,0,0.6995454545454546
TOULOUSE MATABIAU,ARLES,1,0.6781818181818182
TOULOUSE MATABIAU,ARLES,2,0.6207575757575757
TOULOUSE MATABIAU,ARLES,3,0.5724242424242424
TOULOUSE MATABIAU,ARLES,4,0.5195454545454545
TOULOUSE MATABIAU,ARLES,5,0.5160606060606061
TOULOUSE MATABIAU,ARLES,6,0.5110606060606061
TOULOUSE MATABIAU,ARLES,7,0.48984848484848487
TOULOUSE MATABIAU,ARLES,8,0.4921212121212121
TOULOUSE MATABIAU,ARLES,9,0.488368580060423
TOULOUSE MATABIAU,ARLES,10,0.4921450151057402
TOULOUSE MATABIAU,ARLES,11,0.49697885196374625
TOULOUSE MATABIAU,ARLES,12,0.3312688821752266
TOULOUSE MATABIAU,ARLES,13,0.3102719033232628
TOULOUSE MATABIAU,ARLES,14,0.3095166163141994
TOULOUSE MATABIAU,ARLES,15,0.31465256797583085
TOULOUSE MATABIAU,ARLES,16,0.32432024169184287
TOULOUSE MATABIAU,ARLES,17,0.3274924471299094
TOULOUSE MATABIAU,ARLES,18,0.33636363636363636
TOULOUSE MATABIAU,ARLES,19,0.35
TOULOUSE MATABIAU,ARLES,20,0.36484848484848487
TOULOUSE MATABIAU,ARLES,21,0.3612121212121212
TOULOUSE MATABIAU,ARLES,22,0.3566666666666667
TOULOUSE MATABIAU,ARLES,23,0.35075757575757577
TOULOUSE MATABIAU,ARLES,24,0.3515151515151515
TOULOUSE MATABIAU,ARLES,25,0.3475683890577507
TOULOUSE MATABIAU,ARLES,26,0.35212765957446807
TOULOUSE MATABIAU,ARLES,27,0.36310975609756097
TOULOUSE MATABIAU,ARLES,28,0.34557926829268293
TOULOUSE MATABIAU,ARLES,29,0.3371951219512195
TOULOUSE MATABIAU,ARLES,30,0.024079754601226997
TOULOUSE MATABIAU,BEZIERS,0,0.9132267441860464
TOULOUSE MATABIAU,BEZIERS,1,0.9113372093023255
TOULOUSE MATABIAU,BEZIERS,2,0.8930232558139535
TOULOUSE MATABIAU,BEZIERS,3,0.8802325581395349
TOULOUSE MATABIAU,BEZIERS,4,0.7876453488372093
TOULOUSE MATABIAU,BEZIERS,5,0.770203488372093
TOULOUSE MATABIAU,BEZIERS,6,0.773110465116279
TOULOUSE MATABIAU,BEZIERS,7,0.7590116279069768
TOULOUSE MATABIAU,BEZIERS,8,0.7569767441860464
TOULOUSE MATABIAU,BEZIERS,9,0.7611918604651163
TOULOUSE MATABIAU,BEZIERS,10,0.7732558139534884
TOULOUSE MATABIAU,BEZIERS,11,0.7760174418604651
TOULOUSE MATABIAU,BEZIERS,12,0.7138081395348838
TOULOUSE MATABIAU,BEZIERS,13,0.7114825581395349
TOULOUSE MATABIAU,BEZIERS,14,0.7132267441860465
TOULOUSE MATABIAU,BEZIERS,15,0.7116279069767443
TOULOUSE MATABIAU,BEZIERS,16,0.7142441860465116
TOULOUSE MATABIAU,BEZIERS,17,0.7183139534883721
TOULOUSE MATABIAU,BEZIERS,18,0.7210755813953489
TOULOUSE MATABIAU,BEZIERS,19,0.7273255813953488
TOULOUSE MATABIAU,BEZIERS,20,0.7329941860465117
TOULOUSE MATABIAU,BEZIERS,21,0.7347383720930233
TOULOUSE MATABIAU,BEZIERS,22,0.7292151162790698
TOULOUSE MATABIAU,BEZIERS,23,0.728343023255814
TOULOUSE MATABIAU,BEZIERS,24,0.7316860465116278
TOULOUSE MATABIAU,BEZIERS,25,0.7239825581395349
TOULOUSE MATABIAU,BEZIERS,26,0.7238372093023255
TOULOUSE MATABIAU,BEZIERS,27,0.7311046511627907
TOULOUSE MATABIAU,BEZIERS,28,0.7212209302325582
TOULOUSE MATABIAU,BEZIERS,29,0.7122093023255814
TOULOUSE MATABIAU,BEZIERS,30,0.025146198830409357
TOULOUSE MATABIAU,CARCASSONNE,0,0.9539017341040463
TOULOUSE MATABIAU,CARCASSONNE,1,0.9501445086705202
TOULOUSE MATABIAU,CARCASSONNE,2,0.9468208092485549
TOULOUSE MATABIAU,CARCASSONNE,3,0.9384393063583815
TOULOUSE MATABIAU,CARCASSONNE,4,0.8791907514450866
TOULOUSE MATABIAU,CARCASSONNE,5,0.8658959537572255
TOULOUSE MATABIAU,CARCASSONNE,6,0.8621387283236994
TOULOUSE MATABIAU,CARCASSONNE,7,0.8502890173410405
TOULOUSE MATABIAU,CARCASSONNE,8,0.8404624277456648
TOULOUSE MATABIAU,CARCASSONNE,9,0.8384393063583816
TOULOUSE MATABIAU,CARCASSONNE,10,0.8421965317919075
TOULOUSE MATABIAU,CARCASSONNE,11,0.8395953757225434
TOULOUSE MATABIAU,CARCASSONNE,12,0.7972543352601157
TOULOUSE MATABIAU,CARCASSONNE,13,0.7903179190751445
TOULOUSE MATABIAU,CARCASSONNE,14,0.7887283236994219
TOULOUSE MATABIAU,CARCASSONNE,15,0.7880057803468208
TOULOUSE MATABIAU,CARCASSONNE,16,0.7936416184971099
TOULOUSE MATABIAU,CARCASSONNE,17,0.7984104046242775
TOULOUSE MATABIAU,CARCASSONNE,18,0.7994219653179191
TOULOUSE MATABIAU,CARCASSONNE,19,0.8020231213872833
TOULOUSE MATABIAU,CARCASSONNE,20,0.8020231213872833
TOULOUSE MATABIAU,CARCASSONNE,21,0.8023121387283237
TOULOUSE MATABIAU,CARCASSONNE,22,0.8010115606936415
TOULOUSE MATABIAU,CARCASSONNE,23,0.8017341040462427
TOULOUSE MATABIAU,CARCASSONNE,24,0.8122832369942197
TOULOUSE MATABIAU,CARCASSONNE,25,0.8066473988439307
TOULOUSE MATABIAU,CARCASSONNE,26,0.8052023121387284
TOULOUSE MATABIAU,CARCASSONNE,27,0.8067919075144508
TOULOUSE MATABIAU,CARCASSONNE,28,0.8005780346820809
TOULOUSE MATABIAU,CARCASSONNE,29,0.7904624277456648
TOULOUSE MATABIAU,CARCASSONNE,30,0.036337209302325583
TOULOUSE MATABIAU,MARSEILLE ST CHARLES,0,0.9002915451895044
TOULOUSE MATABIAU,MARSEILLE ST CHARLES,1,0.9033527696793003
TOULOUSE MATABIAU,MARSEILLE ST CHARLES,2,0.8839650145772594
TOULOUSE MATABIAU,MARSEILLE ST CHARLES,3,0.8839650145772594
TOULOUSE MATABIAU,MARSEILLE ST CHARLES,4,0.8030612244897959
TOULOUSE MATABIAU,MARSEILLE ST CHARLES,5,0.7857142857142857
TOULOUSE MATABIAU,MARSEILLE ST CHARLES,6,0.791399416909621
TOULOUSE MATABIAU,MARSEILLE ST CHARLES,7,0.7779883381924199
TOULOUSE MATABIAU,MARSEILLE ST CHARLES,8,0.766326530612245
TOULOUSE MATABIAU,MARSEILLE ST CHARLES,9,0.7667151162790697
TOULOUSE MATABIAU,MARSEILLE ST CHARLES,10,0.7729651162790697
TOULOUSE MATABIAU,MARSEILLE ST CHARLES,11,0.7779069767441861
TOULOUSE MATABIAU,MARSEILLE ST CHARLES,12,0.7061046511627908
TOULOUSE MATABIAU,MARSEILLE ST CHARLES,13,0.7021802325581395
TOULOUSE MATABIAU,MARSEILLE ST CHARLES,14,0.7074127906976744
TOULOUSE MATABIAU,MARSEILLE ST CHARLES,15,0.7055232558139535
TOULOUSE MATABIAU,MARSEILLE ST CHARLES,16,0.7043604651162791
TOULOUSE MATABIAU,MARSEILLE ST CHARLES,17,0.7103197674418604
TOULOUSE MATABIAU,MARSEILLE ST CHARLES,18,0.7129360465116279
TOULOUSE MATABIAU,MARSEILLE ST CHARLES,19,0.7149709302325581
TOULOUSE MATABIAU,MARSEILLE ST CHARLES,20,0.7197674418604652
TOULOUSE MATABIAU,MARSEILLE ST CHARLES,21,0.7206395348837209
TOULOUSE MATABIAU,MARSEILLE ST CHARLES,22,0.7143895348837209
TOULOUSE MATABIAU,MARSEILLE ST CHARLES,23,0.7123546511627907
TOULOUSE MATABIAU,MARSEILLE ST CHARLES,24,0.7188953488372093
TOULOUSE MATABIAU,MARSEILLE ST CHARLES,25,0.7122093023255814
TOULOUSE MATABIAU,MARSEILLE ST CHARLES,26,0.7154069767441861
TOULOUSE MATABIAU,MARSEILLE ST CHARLES,27,0.7222383720930232
TOULOUSE MATABIAU,MARSEILLE ST CHARLES,28,0.7088662790697674
TOULOUSE MATABIAU,MARSEILLE ST CHARLES,29,0.6957848837209302
TOULOUSE MATABIAU,MARSEILLE ST CHARLES,30,0.034210526315789476
TOULOUSE MATABIAU,MONTPELLIER SAINT ROCH,0,0.9614492753623188
TOULOUSE MATABIAU,MONTPELLIER SAINT ROCH,1,0.9659420289855073
TOULOUSE MATABIAU,MONTPELLIER SAINT ROCH,2,0.959855072463768
TOULOUSE MATABIAU,MONTPELLIER SAINT ROCH,3,0.9517391304347826
TOULOUSE MATABIAU,MONTPELLIER SAINT ROCH,4,0.9004347826086956
TOULOUSE MATABIAU,MONTPELLIER SAINT ROCH,5,0.8895652173913042
TOULOUSE MATABIAU,MONTPELLIER SAINT ROCH,6,0.8895652173913042
TOULOUSE MATABIAU,MONTPELLIER SAINT ROCH,7,0.876231884057971
TOULOUSE MATABIAU,MONTPELLIER SAINT ROCH,8,0.8652173913043478
TOULOUSE MATABIAU,MONTPELLIER SAINT ROCH,9,0.8585260115606936
TOULOUSE MATABIAU,MONTPELLIER SAINT ROCH,10,0.8550578034682081
TOULOUSE MATABIAU,MONTPELLIER SAINT ROCH,11,0.853757225433526
TOULOUSE MATABIAU,MONTPELLIER SAINT ROCH,12,0.7921965317919076
TOULOUSE MATABIAU,MONTPELLIER SAINT ROCH,13,0.7855491329479769
TOULOUSE MATABIAU,MONTPELLIER SAINT ROCH,14,0.7789017341040463
TOULOUSE MATABIAU,MONTPELLIER SAINT ROCH,15,0.7778901734104046
TOULOUSE MATABIAU,MONTPELLIER SAINT ROCH,16,0.7791907514450868
TOULOUSE MATABIAU,MONTPELLIER SAINT ROCH,17,0.783815028901734
TOULOUSE MATABIAU,MONTPELLIER SAINT ROCH,18,0.7835260115606937
TOULOUSE MATABIAU,MONTPELLIER SAINT ROCH,19,0.7872832369942195
TOULOUSE MATABIAU,MONTPELLIER SAINT ROCH,20,0.7911849710982659
TOULOUSE MATABIAU,MONTPELLIER SAINT ROCH,21,0.7897398843930635
TOULOUSE MATABIAU,MONTPELLIER SAINT ROCH,22,0.7832369942196532
TOULOUSE MATABIAU,MONTPELLIER SAINT ROCH,23,0.7858381502890173
TOULOUSE MATABIAU,MONTPELLIER SAINT ROCH,24,0.7966763005780346
TOULOUSE MATABIAU,MONTPELLIER SAINT ROCH,25,0.7920520231213873
TOULOUSE MATABIAU,MONTPELLIER SAINT ROCH,26,0.7885838150289018
TOULOUSE MATABIAU,MONTPELLIER SAINT ROCH,27,0.792485549132948
TOULOUSE MATABIAU,MONTPELLIER SAINT ROCH,28,0.7848265895953758
TOULOUSE MATABIAU,MONTPELLIER SAINT ROCH,29,0.7745664739884393
TOULOUSE MATABIAU,MONTPELLIER SAINT ROCH,30,0.029796511627906978
TOULOUSE MATABIAU,NARBONNE,0,0.9552023121387283
TOULOUSE MATABIAU,NARBONNE,1,0.9510115606936417
TOULOUSE MATABIAU,NARBONNE,2,0.9468208092485549
TOULOUSE MATABIAU,NARBONNE,3,0.9380057803468208
TOULOUSE MATABIAU,NARBONNE,4,0.8791907514450866
TOULOUSE MATABIAU,NARBONNE,5,0.8666184971098266
TOULOUSE MATABIAU,NARBONNE,6,0.8644508670520232
TOULOUSE MATABIAU,NARBONNE,7,0.8501445086705202
TOULOUSE MATABIAU,NARBONNE,8,0.8433526011560694
TOULOUSE MATABIAU,NARBONNE,9,0.8395953757225434
TOULOUSE MATABIAU,NARBONNE,10,0.8434971098265897
TOULOUSE MATABIAU,NARBONNE,11,0.8413294797687862
TOULOUSE MATABIAU,NARBONNE,12,0.7973988439306358
TOULOUSE MATABIAU,NARBONNE,13,0.7914739884393064
TOULOUSE MATABIAU,NARBONNE,14,0.7901734104046242
TOULOUSE MATABIAU,NARBONNE,15,0.7904624277456648
TOULOUSE MATABIAU,NARBONNE,16,0.7932080924855491
TOULOUSE MATABIAU,NARBONNE,17,0.798699421965318
TOULOUSE MATABIAU,NARBONNE,18,0.7981213872832369
TOULOUSE MATABIAU,NARBONNE,19,0.8020231213872833
TOULOUSE MATABIAU,NARBONNE,20,0.8024566473988438
TOULOUSE MATABIAU,NARBONNE,21,0.8015895953757226
TOULOUSE MATABIAU,NARBONNE,22,0.8
TOULOUSE MATABIAU,NARBONNE,23,0.8005780346820809
TOULOUSE MATABIAU,NARBONNE,24,0.8130057803468208
TOULOUSE MATABIAU,NARBONNE,25,0.8049132947976878
TOULOUSE MATABIAU,NARBONNE,26,0.8034682080924855
TOULOUSE MATABIAU,NARBONNE,27,0.807514450867052
TOULOUSE MATABIAU,NARBONNE,28,0.7985549132947978
TOULOUSE MATABIAU,NARBONNE,29,0.7898843930635838
TOULOUSE MATABIAU,NARBONNE,30,0.037063953488372096
TOULOUSE MATABIAU,NIMES CENTRE,0,0.9627536231884057
TOULOUSE MATABIAU,NIMES CENTRE,1,0.9639130434782609
TOULOUSE MATABIAU,NIMES CENTRE,2,0.9604347826086957
TOULOUSE MATABIAU,NIMES CENTRE,3,0.9586956521739131
TOULOUSE MATABIAU,NIMES CENTRE,4,0.9081159420289855
TOULOUSE MATABIAU,NIMES CENTRE,5,0.8979710144927536
TOULOUSE MATABIAU,NIMES CENTRE,6,0.9017391304347827
TOULOUSE MATABIAU,NIMES CENTRE,7,0.8902898550724637
TOULOUSE MATABIAU,NIMES CENTRE,8,0.873623188405797
TOULOUSE MATABIAU,NIMES CENTRE,9,0.8686416184971099
TOULOUSE MATABIAU,NIMES CENTRE,10,0.868063583815029
TOULOUSE MATABIAU,NIMES CENTRE,11,0.8666184971098266
TOULOUSE MATABIAU,NIMES CENTRE,12,0.796242774566474
TOULOUSE MATABIAU,NIMES CENTRE,13,0.7848265895953758
TOULOUSE MATABIAU,NIMES CENTRE,14,0.7770231213872834
TOULOUSE MATABIAU,NIMES CENTRE,15,0.778179190751445
TOULOUSE MATABIAU,NIMES CENTRE,16,0.7803468208092486
TOULOUSE MATABIAU,NIMES CENTRE,17,0.7823699421965318
TOULOUSE MATABIAU,NIMES CENTRE,18,0.7825144508670521
TOULOUSE MATABIAU,NIMES CENTRE,19,0.7859826589595376
TOULOUSE MATABIAU,NIMES CENTRE,20,0.7904624277456648
TOULOUSE MATABIAU,NIMES CENTRE,21,0.7898843930635838
TOULOUSE MATABIAU,NIMES CENTRE,22,0.783815028901734
TOULOUSE MATABIAU,NIMES CENTRE,23,0.7842485549132948
TOULOUSE MATABIAU,NIMES CENTRE,24,0.7956647398843931
TOULOUSE MATABIAU,NIMES CENTRE,25,0.7908959537572253
TOULOUSE MATABIAU,NIMES CENTRE,26,0.7897398843930635
TOULOUSE MATABIAU,NIMES CENTRE,27,0.7926300578034682
TOULOUSE MATABIAU,NIMES CENTRE,28,0.7833815028901735
TOULOUSE MATABIAU,NIMES CENTRE,29,0.7741329479768787
TOULOUSE MATABIAU,NIMES CENTRE,30,0.04055232558139535
TOULOUSE MATABIAU,SETE,0,0.8877611940298507
TOULOUSE MATABIAU,SETE,1,0.8861194029850747
TOULOUSE MATABIAU,SETE,2,0.8952238805970149
TOULOUSE MATABIAU,SETE,3,0.8834328358208955
TOULOUSE MATABIAU,SETE,4,0.8259701492537314
TOULOUSE MATABIAU,SETE,5,0.806268656716418
TOULOUSE MATABIAU,SETE,6,0.8037313432835821
TOULOUSE MATABIAU,SETE,7,0.7904477611940299
TOULOUSE MATABIAU,SETE,8,0.7810447761194029
TOULOUSE MATABIAU,SETE,9,0.7714285714285714
TOULOUSE MATABIAU,SETE,10,0.7607142857142857
TOULOUSE MATABIAU,SETE,11,0.7513392857142857
TOULOUSE MATABIAU,SETE,12,0.6520833333333333
TOULOUSE MATABIAU,SETE,13,0.6284226190476191
TOULOUSE MATABIAU,SETE,14,0.6200892857142857
TOULOUSE MATABIAU,SETE,15,0.6300595238095238
TOULOUSE MATABIAU,SETE,16,0.640625
TOULOUSE MATABIAU,SETE,17,0.6410714285714286
TOULOUSE MATABIAU,SETE,18,0.6380597014925373
TOULOUSE MATABIAU,SETE,19,0.6370149253731343
TOULOUSE MATABIAU,SETE,20,0.64
TOULOUSE MATABIAU,SETE,21,0.6323880597014925
TOULOUSE MATABIAU,SETE,22,0.6413432835820896
TOULOUSE MATABIAU,SETE,23,0.6429850746268657
TOULOUSE MATABIAU,SETE,24,0.646865671641791
TOULOUSE MATABIAU,SETE,25,0.6438622754491018
TOULOUSE MATABIAU,SETE,26,0.6468468468468469
TOULOUSE MATABIAU,SETE,27,0.6433734939759036
TOULOUSE MATABIAU,SETE,28,0.6460843373493976
TOULOUSE MATABIAU,SETE,29,0.641566265060241
TOULOUSE MATABIAU,SETE,30,0.02196969696969697
